datetime,close
2019-02-25 04:00:00,170.99458597
2019-02-25 05:00:00,170.13531713
2019-02-25 06:00:00,170.13531713
2019-02-25 07:00:00,170.04939005
2019-02-25 08:00:00,170.13531713
2019-02-26 04:00:00,170.13531713
2019-02-26 05:00:00,170.13531713
2019-02-26 07:00:00,169.96346298
2019-02-26 08:00:00,169.27604829
2019-02-27 04:00:00,167.72936283
2019-02-27 06:00:00,168.41677849
2019-02-27 07:00:00,168.8464129
2019-02-27 08:00:00,167.55750965
2019-02-28 04:00:00,166.69823984
2019-02-28 07:00:00,166.69823984
2019-02-28 08:00:00,166.69823984
2019-03-01 04:00:00,165.838971
2019-03-01 05:00:00,166.69823984
2019-03-01 06:00:00,163.43301671
2019-03-01 07:00:00,166.61231276
2019-03-01 08:00:00,163.26116255
2019-03-05 04:00:00,166.26860542
2019-03-05 05:00:00,163.26116255
2019-03-05 06:00:00,163.26116255
2019-03-05 08:00:00,163.26116255
2019-03-06 04:00:00,163.26116255
2019-03-06 05:00:00,163.26116255
2019-03-06 06:00:00,163.26116255
2019-03-06 08:00:00,163.26116255
2019-03-07 04:00:00,163.26116255
2019-03-07 05:00:00,162.91745521
2019-03-07 06:00:00,162.83152813
2019-03-07 07:00:00,162.83152813
2019-03-07 08:00:00,162.83152813
2019-03-08 05:00:00,162.74560105
2019-03-08 06:00:00,162.74560105
2019-03-08 07:00:00,162.40189371
2019-03-08 08:00:00,160.68335507
2019-03-11 04:00:00,160.68335507
2019-03-11 06:00:00,159.22259766
2019-03-11 07:00:00,154.6684703
2019-03-11 08:00:00,154.6684703
2019-03-12 05:00:00,154.6684703
2019-03-12 06:00:00,152.17658892
2019-03-12 07:00:00,154.6684703
2019-03-12 08:00:00,154.6684703
2019-03-13 04:00:00,154.6684703
2019-03-13 05:00:00,150.37212417
2019-03-13 06:00:00,149.51285436
2019-03-13 07:00:00,150.37212417
2019-03-13 08:00:00,150.37212417
2019-03-14 04:00:00,150.37212417
2019-03-14 05:00:00,150.37212417
2019-03-14 06:00:00,149.77063559
2019-03-14 07:00:00,150.37212417
2019-03-14 08:00:00,150.37212417
2019-03-15 04:00:00,150.37212417
2019-03-15 05:00:00,150.37212417
2019-03-15 06:00:00,150.37212417
2019-03-15 07:00:00,150.37212417
2019-03-15 08:00:00,150.37212417
2019-03-18 07:00:00,150.02841586
2019-03-18 08:00:00,154.6684703
2019-03-19 05:00:00,150.37212417
2019-03-19 06:00:00,149.94248878
2019-03-19 07:00:00,149.94248878
2019-03-19 08:00:00,154.58254322
2019-03-21 04:00:00,151.05953885
2019-03-21 05:00:00,152.94993165
2019-03-21 06:00:00,152.94993165
2019-03-21 07:00:00,152.94993165
2019-03-21 08:00:00,151.23139301
2019-03-22 04:00:00,150.37212417
2019-03-22 05:00:00,149.94248878
2019-03-22 06:00:00,150.37212417
2019-03-22 08:00:00,150.37212417
2019-03-25 04:00:00,150.37212417
2019-03-25 05:00:00,150.37212417
2019-03-25 06:00:00,149.51285436
2019-03-25 07:00:00,149.08321994
2019-03-26 04:00:00,149.08321994
2019-03-26 05:00:00,150.37212417
2019-03-26 06:00:00,150.37212417
2019-03-26 07:00:00,150.37212417
2019-03-26 08:00:00,150.28619709
2019-03-27 05:00:00,149.3410002
2019-03-27 07:00:00,150.28619709
2019-03-28 04:00:00,150.37212417
2019-03-28 05:00:00,150.37212417
2019-03-28 08:00:00,152.94993165
2019-03-29 04:00:00,150.37212417
2019-03-29 05:00:00,152.94993165
2019-03-29 07:00:00,152.94993165
2019-03-29 08:00:00,152.94993165
2019-04-01 04:00:00,161.3335153
2019-04-01 05:00:00,155.22900383
2019-04-01 08:00:00,153.48485797
2019-04-02 04:00:00,153.48485797
2019-04-02 05:00:00,153.48485797
2019-04-02 08:00:00,161.15910091
2019-04-03 04:00:00,153.48485797
2019-04-03 05:00:00,156.97314969
2019-04-03 07:00:00,155.22900383
2019-04-03 08:00:00,154.53134529
2019-04-04 04:00:00,156.97314969
2019-04-04 05:00:00,156.97314969
2019-04-04 07:00:00,156.97314969
2019-04-04 08:00:00,157.06035688
2019-04-05 04:00:00,157.40918664
2019-04-05 06:00:00,156.88594249
2019-04-05 07:00:00,156.88594249
2019-04-05 08:00:00,155.22900383
2019-04-08 04:00:00,154.3569309
2019-04-08 05:00:00,154.3569309
2019-04-08 06:00:00,154.44413809
2019-04-08 07:00:00,154.44413809
2019-04-09 04:00:00,153.92089395
2019-04-09 05:00:00,156.97314969
2019-04-10 04:00:00,153.65927236
2019-04-10 06:00:00,156.97314969
2019-04-10 07:00:00,154.44413809
2019-04-11 04:00:00,154.3569309
2019-04-11 05:00:00,156.97314969
2019-04-11 06:00:00,154.3569309
2019-04-11 07:00:00,156.97314969
2019-04-12 04:00:00,156.97314969
2019-04-12 05:00:00,154.3569309
2019-04-16 04:00:00,156.97314969
2019-04-16 05:00:00,154.3569309
2019-04-16 06:00:00,154.3569309
2019-04-16 07:00:00,156.97314969
2019-04-16 08:00:00,160.46144237
2019-04-17 07:00:00,156.10107676
2019-04-18 05:00:00,154.79296688
2019-04-23 05:00:00,152.61278504
2019-04-23 06:00:00,154.79296688
2019-04-23 08:00:00,152.61278504
2019-04-24 04:00:00,152.61278504
2019-04-24 05:00:00,152.61278504
2019-04-24 06:00:00,152.61278504
2019-04-24 08:00:00,152.61278504
2019-04-25 04:00:00,152.52557687
2019-04-25 05:00:00,152.52557687
2019-04-25 07:00:00,150.86863821
2019-04-25 08:00:00,150.86863821
2019-04-26 05:00:00,150.43260223
2019-04-26 06:00:00,150.43260223
2019-04-26 07:00:00,152.61278504
2019-04-26 08:00:00,151.74071114
2019-04-29 04:00:00,150.86863821
2019-04-29 05:00:00,152.52557687
2019-04-29 07:00:00,152.52557687
2019-04-29 08:00:00,152.17674809
2019-04-30 04:00:00,148.6884554
2019-04-30 05:00:00,148.25241942
2019-04-30 06:00:00,148.25241942
2019-04-30 07:00:00,148.25241942
2019-04-30 08:00:00,148.25241942
2019-05-02 04:00:00,149.12449235
2019-05-02 05:00:00,148.25241942
2019-05-02 08:00:00,149.12449235
2019-05-03 04:00:00,149.12449235
2019-05-03 05:00:00,149.12449235
2019-05-03 06:00:00,148.25241942
2019-05-03 07:00:00,149.03728515
2019-05-03 08:00:00,149.12449235
2019-05-06 04:00:00,149.12449235
2019-05-06 05:00:00,148.25241942
2019-05-06 07:00:00,148.25241942
2019-05-06 08:00:00,148.16521222
2019-05-07 04:00:00,147.38034649
2019-05-07 05:00:00,143.8920538
2019-05-07 06:00:00,143.8920538
2019-05-07 07:00:00,144.76412673
2019-05-07 08:00:00,144.76412673
2019-05-08 05:00:00,140.40376208
2019-05-08 06:00:00,141.27583501
2019-05-08 07:00:00,143.01998087
2019-05-08 08:00:00,143.01998087
2019-05-09 04:00:00,141.71187099
2019-05-09 05:00:00,140.40376208
2019-05-09 06:00:00,143.8920538
2019-05-09 08:00:00,139.61889634
2019-05-10 04:00:00,143.8920538
2019-05-10 05:00:00,139.96772513
2019-05-10 06:00:00,139.53168915
2019-05-10 07:00:00,143.8920538
2019-05-10 08:00:00,139.53168915
2019-05-13 04:00:00,139.53168915
2019-05-13 05:00:00,138.65961622
2019-05-13 06:00:00,135.60736048
2019-05-13 07:00:00,134.64807938
2019-05-13 08:00:00,136.91546939
2019-05-14 04:00:00,130.81095791
2019-05-14 05:00:00,130.81095791
2019-05-14 06:00:00,129.06681205
2019-05-14 07:00:00,130.81095791
2019-05-14 08:00:00,130.81095791
2019-05-15 04:00:00,128.63077607
2019-05-15 05:00:00,128.71798327
2019-05-15 06:00:00,126.45059326
2019-05-15 07:00:00,123.9215807
2019-05-15 08:00:00,126.45059326
2019-05-16 04:00:00,129.93888498
2019-05-16 05:00:00,126.45059326
2019-05-16 06:00:00,125.14248338
2019-05-16 08:00:00,126.45059326
2019-05-17 04:00:00,127.32266619
2019-05-17 05:00:00,126.45059326
2019-05-17 07:00:00,126.2761779
2019-05-17 08:00:00,124.70644643
2019-05-21 04:00:00,126.45059326
2019-05-21 05:00:00,123.8343735
2019-05-21 06:00:00,126.45059326
2019-05-21 07:00:00,123.8343735
2019-05-21 08:00:00,123.8343735
2019-05-22 04:00:00,127.32266619
2019-05-22 06:00:00,124.27041045
2019-05-22 08:00:00,123.8343735
2019-05-23 04:00:00,127.32266619
2019-05-23 05:00:00,123.8343735
2019-05-23 06:00:00,123.8343735
2019-05-23 07:00:00,123.8343735
2019-05-23 08:00:00,123.8343735
2019-05-24 04:00:00,122.09022764
2019-05-24 05:00:00,122.09022764
2019-05-24 07:00:00,122.09022764
2019-05-24 08:00:00,122.09022764
2019-05-27 04:00:00,122.96230057
2019-05-27 05:00:00,122.09022764
2019-05-27 08:00:00,122.00302044
2019-05-28 04:00:00,122.09022764
2019-05-28 07:00:00,121.21815471
2019-05-28 08:00:00,122.09022764
2019-05-29 04:00:00,122.09022764
2019-05-29 05:00:00,122.09022764
2019-05-29 07:00:00,122.09022764
2019-05-29 08:00:00,121.21815471
2019-05-30 07:00:00,121.21815471
2019-05-30 08:00:00,121.21815471
2019-05-31 04:00:00,122.09022764
2019-05-31 06:00:00,121.21815471
2019-05-31 07:00:00,121.21815471
2019-05-31 08:00:00,121.21815471
2019-06-03 04:00:00,121.21815471
2019-06-03 06:00:00,121.21815471
2019-06-03 07:00:00,121.21815471
2019-06-03 08:00:00,121.21815471
2019-06-04 04:00:00,120.25887459
2019-06-04 05:00:00,118.60193592
2019-06-04 06:00:00,118.60193592
2019-06-04 07:00:00,118.60193592
2019-06-04 08:00:00,118.60193592
2019-06-06 04:00:00,118.60193592
2019-06-06 06:00:00,118.51472776
2019-06-06 07:00:00,117.72986202
2019-06-06 08:00:00,117.64265483
2019-06-07 04:00:00,115.11364323
2019-06-07 05:00:00,116.85778909
2019-06-07 06:00:00,116.85778909
2019-06-07 07:00:00,115.98571616
2019-06-07 08:00:00,117.72986202
2019-06-10 04:00:00,117.72986202
2019-06-10 05:00:00,116.85778909
2019-06-10 06:00:00,116.85778909
2019-06-10 07:00:00,117.64265483
2019-06-10 08:00:00,117.72986202
2019-06-11 04:00:00,117.72986202
2019-06-11 05:00:00,117.81707019
2019-06-11 06:00:00,118.16589897
2019-06-11 07:00:00,118.16589897
2019-06-11 08:00:00,118.16589897
2019-06-12 04:00:00,121.13094751
2019-06-12 05:00:00,121.21815471
2019-06-12 07:00:00,120.43328898
2019-06-12 08:00:00,118.16589897
2019-06-13 04:00:00,121.21815471
2019-06-13 05:00:00,118.60193592
2019-06-13 06:00:00,120.34608178
2019-06-13 08:00:00,120.34608178
2019-06-14 04:00:00,121.21815471
2019-06-14 05:00:00,120.34608178
2019-06-14 06:00:00,120.34608178
2019-06-14 07:00:00,120.34608178
2019-06-14 08:00:00,120.34608178
2019-06-17 04:00:00,121.91581325
2019-06-17 05:00:00,122.00302044
2019-06-17 06:00:00,120.34608178
2019-06-17 07:00:00,120.34608178
2019-06-17 08:00:00,119.91004483
2019-06-18 05:00:00,120.34608178
2019-06-18 07:00:00,120.34608178
2019-06-18 08:00:00,119.91004483
2019-06-19 04:00:00,119.47400885
2019-06-19 06:00:00,119.47400885
2019-06-19 07:00:00,120.34608178
2019-06-19 08:00:00,119.47400885
2019-06-20 04:00:00,119.29959349
2019-06-20 05:00:00,118.60193592
2019-06-20 07:00:00,119.0379719
2019-06-20 08:00:00,117.72986202
2019-06-21 04:00:00,116.85778909
2019-06-21 05:00:00,117.72986202
2019-06-21 06:00:00,117.29382604
2019-06-21 07:00:00,117.72986202
2019-06-21 08:00:00,117.72986202
2019-06-24 04:00:00,117.72986202
2019-06-24 05:00:00,117.72986202
2019-06-24 07:00:00,117.46824043
2019-06-24 08:00:00,117.55544763
2019-06-25 04:00:00,117.72986202
2019-06-25 05:00:00,117.72986202
2019-06-25 07:00:00,117.64265483
2019-06-25 08:00:00,117.72986202
2019-06-26 04:00:00,117.64265483
2019-06-26 05:00:00,117.38103324
2019-06-26 06:00:00,117.64265483
2019-06-26 07:00:00,117.38103324
2019-06-26 08:00:00,117.38103324
2019-06-27 04:00:00,117.64265483
2019-06-27 05:00:00,117.64265483
2019-06-27 06:00:00,117.29382604
2019-06-27 07:00:00,116.85778909
2019-06-27 08:00:00,116.85778909
2019-06-28 04:00:00,117.29382604
2019-06-28 06:00:00,116.85778909
2019-07-01 04:00:00,117.29382604
2019-07-01 06:00:00,117.20661885
2019-07-01 07:00:00,116.85778909
2019-07-01 08:00:00,116.85778909
2019-07-02 04:00:00,117.29382604
2019-07-02 05:00:00,116.85778909
2019-07-02 06:00:00,116.85778909
2019-07-02 07:00:00,116.85778909
2019-07-02 08:00:00,116.7705819
2019-07-03 04:00:00,115.98571616
2019-07-03 05:00:00,116.50896031
2019-07-03 06:00:00,116.24733775
2019-07-03 07:00:00,116.50896031
2019-07-03 08:00:00,116.5961675
2019-07-04 04:00:00,116.85778909
2019-07-04 05:00:00,117.72986202
2019-07-04 06:00:00,117.72986202
2019-07-04 07:00:00,117.72986202
2019-07-04 08:00:00,117.64265483
2019-07-05 04:00:00,117.29382604
2019-07-05 05:00:00,117.29382604
2019-07-05 06:00:00,117.03220445
2019-07-05 07:00:00,116.85778909
2019-07-05 08:00:00,116.85778909
2019-07-08 04:00:00,116.85778909
2019-07-08 05:00:00,116.85778909
2019-07-08 06:00:00,116.85778909
2019-07-08 07:00:00,116.85778909
2019-07-08 08:00:00,116.85778909
2019-07-09 04:00:00,116.85778909
2019-07-09 05:00:00,116.85778909
2019-07-09 06:00:00,116.85778909
2019-07-09 07:00:00,116.7705819
2019-07-09 08:00:00,116.6833747
2019-07-10 04:00:00,116.6833747
2019-07-10 05:00:00,116.7705819
2019-07-10 06:00:00,116.42175311
2019-07-10 07:00:00,116.6833747
2019-07-10 08:00:00,116.42175311
2019-07-11 04:00:00,116.85778909
2019-07-11 05:00:00,116.85778909
2019-07-11 06:00:00,116.42175311
2019-07-11 07:00:00,115.98571616
2019-07-11 08:00:00,115.98571616
2019-07-12 04:00:00,116.85778909
2019-07-12 05:00:00,116.85778909
2019-07-12 06:00:00,117.72986202
2019-07-12 07:00:00,117.72986202
2019-07-12 08:00:00,120.34608178
2019-07-15 04:00:00,119.47400885
2019-07-15 05:00:00,119.47400885
2019-07-15 06:00:00,119.47400885
2019-07-15 07:00:00,119.73563044
2019-07-15 08:00:00,119.91004483
2019-07-17 04:00:00,120.78211776
2019-07-17 05:00:00,121.21815471
2019-07-17 06:00:00,122.00302044
2019-07-17 07:00:00,121.56698349
2019-07-17 08:00:00,123.8343735
2019-07-18 04:00:00,124.44482484
2019-07-18 05:00:00,124.70644643
2019-07-18 06:00:00,124.44482484
2019-07-18 07:00:00,125.05527618
2019-07-18 08:00:00,125.05527618
2019-07-19 04:00:00,125.66572753
2019-07-19 05:00:00,126.53780046
2019-07-19 06:00:00,126.01455631
2019-07-19 07:00:00,126.45059326
2019-07-19 08:00:00,126.45059326
2019-07-22 04:00:00,125.57852033
2019-07-22 05:00:00,124.70644643
2019-07-22 06:00:00,124.70644643
2019-07-22 07:00:00,124.70644643
2019-07-22 08:00:00,125.05527618
2019-07-23 04:00:00,125.14248338
2019-07-23 05:00:00,125.57852033
2019-07-23 06:00:00,125.57852033
2019-07-23 07:00:00,125.92734911
2019-07-23 08:00:00,126.45059326
2019-07-24 04:00:00,128.45636071
2019-07-24 05:00:00,129.502849
2019-07-24 06:00:00,130.37492193
2019-07-24 07:00:00,131.24699486
2019-07-24 08:00:00,131.68303084
2019-07-25 04:00:00,136.04339646
2019-07-25 05:00:00,136.04339646
2019-07-25 06:00:00,136.04339646
2019-07-25 07:00:00,136.47943341
2019-07-25 08:00:00,137.87474951
2019-07-26 04:00:00,140.40376208
2019-07-26 05:00:00,148.16521222
2019-07-26 06:00:00,148.25241942
2019-07-26 07:00:00,148.25241942
2019-07-26 08:00:00,148.25241942
2019-07-29 04:00:00,162.20558823
2019-07-29 05:00:00,161.3335153
2019-07-29 06:00:00,158.71729554
2019-07-29 07:00:00,161.3335153
2019-07-29 08:00:00,161.3335153
2019-07-30 04:00:00,160.54864957
2019-07-30 05:00:00,169.18217264
2019-07-30 06:00:00,165.25784397
2019-07-30 07:00:00,164.82180702
2019-07-30 08:00:00,162.72883238
2019-07-31 04:00:00,161.3335153
2019-07-31 05:00:00,160.46144237
2019-07-31 06:00:00,160.46144237
2019-07-31 07:00:00,161.3335153
2019-07-31 08:00:00,160.46144237
2019-08-01 04:00:00,159.15333249
2019-08-01 05:00:00,159.15333249
2019-08-01 06:00:00,156.97314969
2019-08-01 07:00:00,156.97314969
2019-08-01 08:00:00,155.22900383
2019-08-02 04:00:00,149.21169954
2019-08-02 05:00:00,156.10107676
2019-08-02 06:00:00,153.48485797
2019-08-02 07:00:00,152.61278504
2019-08-02 08:00:00,156.10107676
2019-08-05 04:00:00,156.97314969
2019-08-05 05:00:00,155.83945517
2019-08-05 08:00:00,155.83945517
2019-08-06 04:00:00,153.48485797
2019-08-06 05:00:00,152.69999223
2019-08-06 06:00:00,149.99656528
2019-08-06 07:00:00,150.17097967
2019-08-06 08:00:00,150.86863821
2019-08-07 04:00:00,150.51980942
2019-08-07 05:00:00,152.17674809
2019-08-07 06:00:00,152.61278504
2019-08-07 07:00:00,152.61278504
2019-08-07 08:00:00,152.61278504
2019-08-08 04:00:00,155.22900383
2019-08-08 05:00:00,152.69999223
2019-08-08 07:00:00,153.48485797
2019-08-08 08:00:00,152.61278504
2019-08-09 04:00:00,153.48485797
2019-08-09 05:00:00,152.61278504
2019-08-09 06:00:00,153.48485797
2019-08-09 07:00:00,156.10107676
2019-08-09 08:00:00,156.10107676
2019-08-13 04:00:00,153.48485797
2019-08-13 05:00:00,153.48485797
2019-08-13 06:00:00,155.14179663
2019-08-13 07:00:00,152.61278504
2019-08-13 08:00:00,156.88594249
2019-08-15 04:00:00,152.08954089
2019-08-15 05:00:00,151.74071114
2019-08-15 06:00:00,152.61278504
2019-08-15 07:00:00,152.61278504
2019-08-15 08:00:00,152.61278504
2019-08-16 04:00:00,156.7115281
2019-08-16 05:00:00,152.78719943
2019-08-16 08:00:00,156.10107676
2019-08-19 04:00:00,152.61278504
2019-08-19 05:00:00,152.61278504
2019-08-19 06:00:00,150.86863821
2019-08-19 07:00:00,150.86863821
2019-08-19 08:00:00,150.86863821
2019-08-20 04:00:00,153.48485797
2019-08-20 05:00:00,153.04882102
2019-08-20 06:00:00,151.74071114
2019-08-20 07:00:00,151.74071114
2019-08-20 08:00:00,152.61278504
2019-08-21 04:00:00,151.74071114
2019-08-21 05:00:00,151.56629674
2019-08-21 06:00:00,150.86863821
2019-08-21 08:00:00,150.78143101
2019-08-22 04:00:00,150.78143101
2019-08-22 05:00:00,151.65350394
2019-08-22 06:00:00,148.07800502
2019-08-22 07:00:00,148.25241942
2019-08-22 08:00:00,148.25241942
2019-08-23 04:00:00,151.74071114
2019-08-23 05:00:00,151.65350394
2019-08-23 06:00:00,148.42683381
2019-08-23 07:00:00,150.69422381
2019-08-23 08:00:00,148.25241942
2019-08-26 05:00:00,149.03728515
2019-08-26 06:00:00,148.25241942
2019-08-26 07:00:00,148.16521222
2019-08-26 08:00:00,147.38034649
2019-08-27 04:00:00,148.16521222
2019-08-27 05:00:00,148.16521222
2019-08-27 06:00:00,149.12449235
2019-08-27 07:00:00,148.77566356
2019-08-27 08:00:00,149.03728515
2019-08-28 04:00:00,148.25241942
2019-08-28 05:00:00,148.16521222
2019-08-28 07:00:00,148.07800502
2019-08-28 08:00:00,148.07800502
2019-08-29 04:00:00,148.25241942
2019-08-29 05:00:00,148.07800502
2019-08-29 06:00:00,148.07800502
2019-08-29 07:00:00,147.99079783
2019-08-29 08:00:00,147.81638247
2019-08-30 04:00:00,147.38034649
2019-08-30 05:00:00,147.29313929
2019-08-30 06:00:00,146.50827356
2019-08-30 07:00:00,146.68268795
2019-08-30 08:00:00,146.50827356
2019-09-02 04:00:00,146.50827356
2019-09-02 05:00:00,146.1594438
2019-09-02 06:00:00,146.33385819
2019-09-02 07:00:00,145.63620063
2019-09-02 08:00:00,143.8920538
2019-09-03 04:00:00,145.63620063
2019-09-03 05:00:00,145.63620063
2019-09-03 07:00:00,145.63620063
2019-09-03 08:00:00,144.32809075
2019-09-04 04:00:00,144.06646916
2019-09-04 05:00:00,145.11295648
2019-09-04 06:00:00,143.8920538
2019-09-04 07:00:00,143.8920538
2019-09-04 08:00:00,143.8920538
2019-09-05 04:00:00,143.01998087
2019-09-05 05:00:00,142.14790794
2019-09-05 06:00:00,141.79907915
2019-09-05 08:00:00,142.93277367
2019-09-06 04:00:00,139.61889634
2019-09-06 05:00:00,139.53168915
2019-09-06 06:00:00,139.53168915
2019-09-06 07:00:00,139.53168915
2019-09-06 08:00:00,140.83979806
2019-09-09 04:00:00,139.53168915
2019-09-09 05:00:00,139.53168915
2019-09-09 06:00:00,138.65961622
2019-09-09 07:00:00,139.0956522
2019-09-09 08:00:00,139.53168915
2019-09-10 04:00:00,139.18285939
2019-09-10 05:00:00,138.92123781
2019-09-10 06:00:00,137.78754232
2019-09-10 07:00:00,136.91546939
2019-09-10 08:00:00,136.91546939
2019-09-11 04:00:00,134.38645779
2019-09-11 05:00:00,135.17132353
2019-09-11 06:00:00,134.99690914
2019-09-11 07:00:00,134.2992506
2019-09-11 08:00:00,133.42717767
2019-09-12 04:00:00,135.17132353
2019-09-12 05:00:00,135.17132353
2019-09-12 06:00:00,133.42717767
2019-09-12 07:00:00,133.42717767
2019-09-12 08:00:00,133.42717767
2019-09-16 04:00:00,135.17132353
2019-09-16 05:00:00,135.17132353
2019-09-16 06:00:00,134.73528658
2019-09-16 07:00:00,134.99690914
2019-09-16 08:00:00,134.2992506
2019-09-17 04:00:00,135.08411633
2019-09-17 05:00:00,134.82249474
2019-09-17 06:00:00,134.47366499
2019-09-17 07:00:00,134.2992506
2019-09-17 08:00:00,134.47366499
2019-09-18 04:00:00,134.2992506
2019-09-18 05:00:00,134.2992506
2019-09-18 06:00:00,132.99114072
2019-09-18 07:00:00,133.42717767
2019-09-18 08:00:00,133.42717767
2019-09-19 04:00:00,134.2992506
2019-09-19 05:00:00,134.2992506
2019-09-19 06:00:00,134.38645779
2019-09-19 07:00:00,134.73528658
2019-09-19 08:00:00,136.04339646
2019-09-20 04:00:00,135.17132353
2019-09-20 06:00:00,135.17132353
2019-09-20 07:00:00,134.73528658
2019-09-20 08:00:00,134.2992506
2019-09-23 04:00:00,136.82826219
2019-09-23 05:00:00,134.2992506
2019-09-23 06:00:00,135.17132353
2019-09-23 07:00:00,135.17132353
2019-09-23 08:00:00,135.17132353
2019-09-24 04:00:00,135.17132353
2019-09-24 05:00:00,134.2992506
2019-09-24 06:00:00,134.2992506
2019-09-24 07:00:00,135.08411633
2019-09-25 04:00:00,134.99690914
2019-09-25 05:00:00,134.47366499
2019-09-25 06:00:00,134.47366499
2019-09-25 07:00:00,134.2992506
2019-09-25 08:00:00,133.86321365
2019-09-26 04:00:00,134.2992506
2019-09-26 05:00:00,133.95042084
2019-09-26 07:00:00,134.99690914
2019-09-26 08:00:00,134.2992506
2019-09-27 04:00:00,138.65961622
2019-09-27 05:00:00,138.48520086
2019-09-27 06:00:00,138.39799366
2019-09-27 08:00:00,136.13060365
2019-09-30 04:00:00,136.91546939
2019-09-30 05:00:00,134.2992506
2019-09-30 06:00:00,133.86321365
2019-09-30 07:00:00,134.2992506
2019-09-30 08:00:00,133.68879926
2019-10-01 04:00:00,138.65961622
2019-10-01 05:00:00,136.91546939
2019-10-01 06:00:00,136.91546939
2019-10-01 07:00:00,136.47943341
2019-10-01 08:00:00,136.39222621
2019-10-02 04:00:00,135.17132353
2019-10-02 05:00:00,136.04339646
2019-10-02 06:00:00,135.17132353
2019-10-02 07:00:00,133.42717767
2019-10-02 08:00:00,133.51438486
2019-10-03 04:00:00,135.17132353
2019-10-03 05:00:00,135.17132353
2019-10-03 07:00:00,134.2992506
2019-10-03 08:00:00,133.51438486
2019-10-04 05:00:00,135.17132353
2019-10-07 04:00:00,139.53168915
2019-10-07 05:00:00,139.35727379
2019-10-07 06:00:00,138.65961622
2019-10-07 07:00:00,138.65961622
2019-10-07 08:00:00,138.57240805
2019-10-08 04:00:00,138.57240805
2019-10-08 05:00:00,138.48520086
2019-10-08 06:00:00,138.48520086
2019-10-08 07:00:00,138.57240805
2019-10-08 08:00:00,138.31078646
2019-10-09 04:00:00,141.27583501
2019-10-09 05:00:00,141.27583501
2019-10-09 06:00:00,143.01998087
2019-10-09 07:00:00,145.98502941
2019-10-09 08:00:00,146.50827356
2019-10-10 04:00:00,146.50827356
2019-10-10 05:00:00,143.97926099
2019-10-10 06:00:00,144.76412673
2019-10-10 07:00:00,144.76412673
2019-10-10 08:00:00,144.76412673
2019-10-11 04:00:00,143.8920538
2019-10-11 05:00:00,147.64196807
2019-10-11 06:00:00,147.64196807
2019-10-11 08:00:00,147.38034649
2019-10-14 04:00:00,149.99656528
2019-10-14 05:00:00,154.3569309
2019-10-14 06:00:00,153.48485797
2019-10-14 07:00:00,152.61278504
2019-10-14 08:00:00,152.61278504
2019-10-15 04:00:00,150.51980942
2019-10-15 05:00:00,148.514041
2019-10-15 06:00:00,149.99656528
2019-10-15 07:00:00,149.99656528
2019-10-15 08:00:00,150.43260223
2019-10-16 04:00:00,149.99656528
2019-10-16 05:00:00,149.99656528
2019-10-16 06:00:00,149.99656528
2019-10-16 07:00:00,149.12449235
2019-10-16 08:00:00,149.99656528
2019-10-17 05:00:00,151.74071114
2019-10-17 07:00:00,149.12449235
2019-10-18 04:00:00,151.74071114
2019-10-18 07:00:00,151.65350394
2019-10-18 08:00:00,151.65350394
2019-10-21 04:00:00,151.30467516
2019-10-21 05:00:00,151.30467516
2019-10-21 06:00:00,151.30467516
2019-10-21 07:00:00,151.30467516
2019-10-21 08:00:00,151.30467516
2019-10-22 04:00:00,151.30467516
2019-10-22 05:00:00,151.74071114
2019-10-22 06:00:00,151.30467516
2019-10-22 07:00:00,153.48485797
2019-10-22 08:00:00,152.52557687
2019-10-23 04:00:00,153.39765077
2019-10-23 05:00:00,153.04882102
2019-10-23 06:00:00,152.17674809
2019-10-23 07:00:00,152.17674809
2019-10-23 08:00:00,153.04882102
2019-10-24 04:00:00,152.61278504
2019-10-24 05:00:00,155.66504078
2019-10-24 06:00:00,153.92089395
2019-10-24 07:00:00,153.92089395
2019-10-24 08:00:00,153.92089395
2019-10-25 04:00:00,153.48485797
2019-10-25 05:00:00,154.2697237
2019-10-25 06:00:00,153.92089395
2019-10-25 07:00:00,153.92089395
2019-10-25 08:00:00,153.92089395
2019-10-28 04:00:00,153.57206516
2019-10-28 05:00:00,153.48485797
2019-10-28 06:00:00,153.48485797
2019-10-28 07:00:00,154.3569309
2019-10-28 08:00:00,154.70575968
2019-10-29 04:00:00,154.53134529
2019-10-29 05:00:00,154.88017504
2019-10-29 06:00:00,155.22900383
2019-10-29 07:00:00,154.88017504
2019-10-29 08:00:00,154.88017504
2019-10-30 04:00:00,155.22900383
2019-10-30 05:00:00,154.88017504
2019-10-30 06:00:00,154.44413809
2019-10-30 07:00:00,154.88017504
2019-10-30 08:00:00,154.79296688
2019-10-31 04:00:00,154.2697237
2019-10-31 05:00:00,156.97314969
2019-10-31 06:00:00,156.97314969
2019-10-31 07:00:00,157.06035688
2019-10-31 08:00:00,160.11261262
2019-11-01 04:00:00,159.58936944
2019-11-01 05:00:00,158.71729554
2019-11-01 06:00:00,158.01963798
2019-11-01 07:00:00,158.28125956
2019-11-01 08:00:00,158.71729554
2019-11-04 04:00:00,159.32774689
2019-11-04 05:00:00,158.71729554
2019-11-04 06:00:00,158.01963798
2019-11-04 07:00:00,159.58936944
2019-11-05 04:00:00,158.36846676
2019-11-05 05:00:00,159.67657664
2019-11-05 06:00:00,161.3335153
2019-11-05 07:00:00,161.5079297
2019-11-05 08:00:00,161.3335153
2019-11-06 04:00:00,163.94973409
2019-11-06 06:00:00,161.15910091
2019-11-06 07:00:00,161.3335153
2019-11-06 08:00:00,161.3335153
2019-11-07 04:00:00,159.76378384
2019-11-07 06:00:00,159.76378384
2019-11-07 07:00:00,160.02540542
2019-11-07 08:00:00,159.58936944
2019-11-08 04:00:00,159.58936944
2019-11-08 05:00:00,158.71729554
2019-11-08 06:00:00,158.71729554
2019-11-08 07:00:00,158.71729554
2019-11-08 08:00:00,160.46144237
2019-11-13 04:00:00,160.54864957
2019-11-13 05:00:00,158.71729554
2019-11-13 07:00:00,159.58936944
2019-11-13 08:00:00,159.58936944
2019-11-14 04:00:00,158.10684517
2019-11-14 05:00:00,158.71729554
2019-11-14 06:00:00,158.71729554
2019-11-14 07:00:00,158.71729554
2019-11-14 08:00:00,158.71729554
2019-11-15 04:00:00,158.71729554
2019-11-15 05:00:00,158.71729554
2019-11-15 06:00:00,159.76378384
2019-11-15 07:00:00,159.58936944
2019-11-15 08:00:00,158.71729554
2019-11-18 04:00:00,160.46144237
2019-11-18 05:00:00,158.71729554
2019-11-18 06:00:00,159.58936944
2019-11-18 07:00:00,158.71729554
2019-11-18 08:00:00,159.58936944
2019-11-19 04:00:00,161.3335153
2019-11-19 05:00:00,159.76378384
2019-11-19 06:00:00,160.46144237
2019-11-19 07:00:00,159.58936944
2019-11-19 08:00:00,159.50216128
2019-11-20 04:00:00,159.41495408
2019-11-20 05:00:00,159.58936944
2019-11-20 06:00:00,159.41495408
2019-11-20 07:00:00,157.84522261
2019-11-20 08:00:00,159.50216128
2019-11-21 04:00:00,158.71729554
2019-11-21 05:00:00,157.93242981
2019-11-21 06:00:00,158.71729554
2019-11-21 07:00:00,157.93242981
2019-11-22 04:00:00,156.97314969
2019-11-22 05:00:00,156.97314969
2019-11-22 06:00:00,156.97314969
2019-11-22 07:00:00,157.84522261
2019-11-22 08:00:00,156.97314969
2019-11-25 04:00:00,156.97314969
2019-11-25 05:00:00,154.79296688
2019-11-25 06:00:00,154.79296688
2019-11-25 07:00:00,154.88017504
2019-11-25 08:00:00,155.22900383
2019-11-26 04:00:00,156.88594249
2019-11-26 05:00:00,156.01386956
2019-11-26 06:00:00,155.66504078
2019-11-26 07:00:00,155.66504078
2019-11-26 08:00:00,154.88017504
2019-11-27 04:00:00,155.22900383
2019-11-27 05:00:00,154.70575968
2019-11-27 06:00:00,154.70575968
2019-11-27 07:00:00,154.61855248
2019-11-27 08:00:00,154.79296688
2019-11-28 04:00:00,156.97314969
2019-11-28 05:00:00,156.10107676
2019-11-28 06:00:00,155.22900383
2019-11-28 07:00:00,155.31621102
2019-11-28 08:00:00,155.66504078
2019-11-29 04:00:00,156.97314969
2019-11-29 05:00:00,156.97314969
2019-11-29 06:00:00,156.10107676
2019-11-29 07:00:00,156.10107676
2019-11-29 08:00:00,155.75224797
2019-12-02 04:00:00,156.53711371
2019-12-02 05:00:00,156.53711371
2019-12-02 06:00:00,155.66504078
2019-12-02 07:00:00,155.66504078
2019-12-02 08:00:00,155.66504078
2019-12-03 04:00:00,155.31621102
2019-12-03 05:00:00,155.66504078
2019-12-03 06:00:00,155.22900383
2019-12-03 07:00:00,154.79296688
2019-12-03 08:00:00,155.14179663
2019-12-04 04:00:00,156.88594249
2019-12-04 05:00:00,155.22900383
2019-12-04 06:00:00,155.22900383
2019-12-04 07:00:00,154.53134529
2019-12-04 08:00:00,153.48485797
2019-12-05 04:00:00,155.22900383
2019-12-05 05:00:00,152.61278504
2019-12-05 06:00:00,153.04882102
2019-12-05 07:00:00,152.61278504
2019-12-05 08:00:00,153.04882102
2019-12-06 04:00:00,154.3569309
2019-12-06 06:00:00,153.48485797
2019-12-06 07:00:00,153.04882102
2019-12-06 08:00:00,152.61278504
2019-12-09 06:00:00,153.92089395
2019-12-09 07:00:00,152.78719943
2019-12-09 08:00:00,152.87440662
2019-12-10 04:00:00,154.3569309
2019-12-10 05:00:00,152.61278504
2019-12-10 06:00:00,151.9151265
2019-12-10 07:00:00,152.08954089
2019-12-10 08:00:00,151.30467516
2019-12-12 04:00:00,150.69422381
2019-12-12 05:00:00,152.61278504
2019-12-12 06:00:00,151.74071114
2019-12-12 08:00:00,151.74071114
2019-12-13 04:00:00,151.74071114
2019-12-13 05:00:00,151.74071114
2019-12-13 08:00:00,151.74071114
2019-12-16 04:00:00,151.13026076
2019-12-16 05:00:00,151.74071114
2019-12-16 06:00:00,151.30467516
2019-12-16 07:00:00,151.30467516
2019-12-16 08:00:00,151.30467516
2019-12-17 04:00:00,150.86863821
2019-12-17 05:00:00,150.86863821
2019-12-17 06:00:00,151.65350394
2019-12-17 07:00:00,151.65350394
2019-12-17 08:00:00,151.65350394
2019-12-18 05:00:00,151.65350394
2019-12-18 07:00:00,151.13026076
2019-12-18 08:00:00,151.56629674
2019-12-19 04:00:00,150.86863821
2019-12-19 05:00:00,150.08377247
2019-12-19 06:00:00,150.08377247
2019-12-19 07:00:00,150.86863821
2019-12-19 08:00:00,151.65350394
2019-12-20 04:00:00,151.65350394
2019-12-20 07:00:00,151.30467516
2019-12-23 04:00:00,150.86863821
2019-12-23 05:00:00,150.08377247
2019-12-23 06:00:00,150.08377247
2019-12-23 07:00:00,149.99656528
2019-12-23 08:00:00,149.99656528
2019-12-24 04:00:00,150.86863821
2019-12-24 05:00:00,156.79873529
2019-12-26 04:00:00,154.3569309
2019-12-26 05:00:00,152.61278504
2019-12-26 06:00:00,151.74071114
2019-12-26 07:00:00,150.86863821
2019-12-27 04:00:00,152.61278504
2019-12-27 05:00:00,152.61278504
2019-12-27 06:00:00,152.61278504
2019-12-27 07:00:00,152.61278504
2019-12-27 08:00:00,152.61278504
2019-12-30 04:00:00,152.17674809
2019-12-30 05:00:00,150.86863821
2019-12-30 06:00:00,151.39188235
2019-12-30 07:00:00,153.04882102
2019-12-30 08:00:00,153.04882102
2019-12-31 04:00:00,151.74071114
2019-12-31 05:00:00,151.74071114
2019-12-31 06:00:00,151.74071114
2019-12-31 07:00:00,149.99656528
2019-12-31 08:00:00,151.74071114
2020-01-02 04:00:00,151.65350394
2020-01-02 05:00:00,150.25818783
2020-01-02 06:00:00,150.17097967
2020-01-02 08:00:00,150.17097967
2020-01-03 05:00:00,151.74071114
2020-01-03 06:00:00,151.30467516
2020-01-03 07:00:00,151.30467516
2020-01-03 08:00:00,151.30467516
2020-01-06 04:00:00,149.99656528
2020-01-06 05:00:00,149.99656528
2020-01-06 06:00:00,149.12449235
2020-01-06 07:00:00,148.25241942
2020-01-06 08:00:00,147.46755368
2020-01-07 04:00:00,146.50827356
2020-01-07 05:00:00,147.38034649
2020-01-07 06:00:00,147.38034649
2020-01-07 07:00:00,147.38034649
2020-01-07 08:00:00,147.38034649
2020-01-08 04:00:00,144.76412673
2020-01-08 05:00:00,143.8920538
2020-01-08 06:00:00,143.8920538
2020-01-08 07:00:00,140.40376208
2020-01-08 08:00:00,143.71763941
2020-01-09 04:00:00,142.14790794
2020-01-09 05:00:00,142.14790794
2020-01-09 06:00:00,139.44448195
2020-01-09 07:00:00,139.53168915
2020-01-09 08:00:00,139.53168915
2020-01-13 04:00:00,141.27583501
2020-01-13 05:00:00,139.53168915
2020-01-13 06:00:00,139.53168915
2020-01-13 07:00:00,139.0956522
2020-01-13 08:00:00,139.0956522
2020-01-14 07:00:00,139.53168915
2020-01-14 08:00:00,141.27583501
2020-01-16 04:00:00,141.27583501
2020-01-16 05:00:00,137.78754232
2020-01-16 06:00:00,137.17709195
2020-01-16 07:00:00,139.53168915
2020-01-16 08:00:00,139.53168915
2020-01-17 04:00:00,139.53168915
2020-01-17 05:00:00,137.78754232
2020-01-17 06:00:00,139.53168915
2020-01-17 07:00:00,139.53168915
2020-01-17 08:00:00,139.53168915
2020-01-20 05:00:00,137.00267658
2020-01-20 06:00:00,139.53168915
2020-01-20 08:00:00,137.00267658
2020-01-21 05:00:00,137.35150634
2020-01-21 06:00:00,139.53168915
2020-01-21 07:00:00,137.08988378
2020-01-21 08:00:00,139.53168915
2020-01-22 04:00:00,143.01998087
2020-01-22 05:00:00,141.27583501
2020-01-22 06:00:00,141.27583501
2020-01-22 08:00:00,141.18862781
2020-01-23 05:00:00,142.14790794
2020-01-23 06:00:00,142.14790794
2020-01-23 07:00:00,141.71187099
2020-01-23 08:00:00,141.27583501
2020-01-24 04:00:00,141.62466379
2020-01-24 05:00:00,141.27583501
2020-01-24 06:00:00,141.18862781
2020-01-24 07:00:00,141.27583501
2020-01-24 08:00:00,141.27583501
2020-01-27 04:00:00,139.53168915
2020-01-27 05:00:00,138.74682341
2020-01-27 07:00:00,139.44448195
2020-01-27 08:00:00,139.53168915
2020-01-28 04:00:00,137.78754232
2020-01-28 05:00:00,139.53168915
2020-01-28 06:00:00,140.40376208
2020-01-28 07:00:00,138.65961622
2020-01-28 08:00:00,139.53168915
2020-01-29 04:00:00,139.53168915
2020-01-29 05:00:00,138.74682341
2020-01-29 06:00:00,138.65961622
2020-01-29 07:00:00,139.53168915
2020-01-29 08:00:00,139.53168915
2020-01-30 04:00:00,141.27583501
2020-01-30 05:00:00,140.40376208
2020-01-30 06:00:00,140.40376208
2020-01-30 07:00:00,141.27583501
2020-01-30 08:00:00,140.40376208
2020-01-31 04:00:00,144.76412673
2020-01-31 06:00:00,141.27583501
2020-01-31 07:00:00,141.27583501
2020-01-31 08:00:00,140.40376208
2020-02-03 04:00:00,140.22934769
2020-02-03 05:00:00,139.61889634
2020-02-03 06:00:00,140.40376208
2020-02-03 07:00:00,140.31655488
2020-02-03 08:00:00,140.40376208
2020-02-05 04:00:00,139.96772513
2020-02-05 05:00:00,139.96772513
2020-02-05 06:00:00,140.40376208
2020-02-05 07:00:00,139.79331074
2020-02-05 08:00:00,140.22934769
2020-02-06 04:00:00,143.01998087
2020-02-06 05:00:00,143.8048466
2020-02-06 06:00:00,138.65961622
2020-02-06 07:00:00,139.53168915
2020-02-07 04:00:00,143.45601782
2020-02-07 05:00:00,139.35727379
2020-02-07 06:00:00,138.65961622
2020-02-07 07:00:00,138.65961622
2020-02-07 08:00:00,138.65961622
2020-02-10 04:00:00,139.53168915
2020-02-10 05:00:00,139.53168915
2020-02-10 06:00:00,139.53168915
2020-02-10 07:00:00,139.53168915
2020-02-10 08:00:00,139.53168915
2020-02-11 04:00:00,138.65961622
2020-02-11 05:00:00,139.53168915
2020-02-11 06:00:00,138.65961622
2020-02-11 07:00:00,138.65961622
2020-02-11 08:00:00,138.65961622
2020-02-12 06:00:00,139.53168915
2020-02-12 07:00:00,139.53168915
2020-02-13 04:00:00,139.53168915
2020-02-13 05:00:00,139.0956522
2020-02-13 06:00:00,137.78754232
2020-02-13 07:00:00,137.78754232
2020-02-13 08:00:00,136.91546939
2020-02-14 04:00:00,136.91546939
2020-02-14 05:00:00,136.91546939
2020-02-14 06:00:00,136.82826219
2020-02-14 07:00:00,136.91546939
2020-02-14 08:00:00,136.91546939
2020-02-17 05:00:00,136.91546939
2020-02-17 06:00:00,136.13060365
2020-02-17 07:00:00,136.91546939
2020-02-17 08:00:00,139.53168915
2020-02-18 05:00:00,139.53168915
2020-02-18 06:00:00,136.91546939
2020-02-18 07:00:00,136.91546939
2020-02-18 08:00:00,136.91546939
2020-02-19 04:00:00,137.35150634
2020-02-19 05:00:00,137.35150634
2020-02-19 06:00:00,136.91546939
2020-02-19 07:00:00,136.91546939
2020-02-19 08:00:00,136.47943341
2020-02-20 04:00:00,136.82826219
2020-02-20 05:00:00,136.91546939
2020-02-20 06:00:00,136.13060365
2020-02-20 07:00:00,136.47943341
2020-02-20 08:00:00,136.04339646
2020-02-24 04:00:00,139.53168915
2020-02-24 05:00:00,137.78754232
2020-02-24 06:00:00,137.70033512
2020-02-24 08:00:00,135.17132353
2020-02-25 04:00:00,136.04339646
2020-02-25 05:00:00,135.60736048
2020-02-25 06:00:00,135.17132353
2020-02-25 07:00:00,135.17132353
2020-02-25 08:00:00,135.08411633
2020-02-26 04:00:00,134.2992506
2020-02-26 05:00:00,133.86321365
2020-02-26 06:00:00,133.33997047
2020-02-26 07:00:00,133.07834791
2020-02-26 08:00:00,130.81095791
2020-02-27 04:00:00,132.55510474
2020-02-27 05:00:00,130.81095791
2020-02-27 06:00:00,130.72375071
2020-02-27 07:00:00,130.72375071
2020-02-27 08:00:00,130.72375071
2020-02-28 04:00:00,129.85167778
2020-02-28 05:00:00,129.06681205
2020-02-28 06:00:00,127.84591034
2020-02-28 07:00:00,127.93311753
2020-02-28 08:00:00,129.06681205
2020-03-02 04:00:00,126.88662924
2020-03-02 05:00:00,126.88662924
2020-03-02 06:00:00,126.88662924
2020-03-02 07:00:00,126.88662924
2020-03-02 08:00:00,126.45059326
2020-03-03 04:00:00,129.06681205
2020-03-03 05:00:00,130.37492193
2020-03-03 06:00:00,129.93888498
2020-03-03 07:00:00,129.93888498
2020-03-03 08:00:00,129.93888498
2020-03-04 04:00:00,128.19473912
2020-03-04 05:00:00,128.10753192
2020-03-04 06:00:00,127.32266619
2020-03-04 07:00:00,126.45059326
2020-03-04 08:00:00,126.45059326
2020-03-05 04:00:00,125.14248338
2020-03-05 05:00:00,124.27041045
2020-03-05 06:00:00,123.8343735
2020-03-05 07:00:00,123.39833752
2020-03-05 08:00:00,123.39833752
2020-03-06 04:00:00,121.21815471
2020-03-06 05:00:00,120.52049617
2020-03-06 06:00:00,120.34608178
2020-03-06 07:00:00,120.25887459
2020-03-06 08:00:00,117.72986202
2020-03-10 04:00:00,113.28229018
2020-03-10 05:00:00,112.49742444
2020-03-10 06:00:00,111.62535151
2020-03-10 07:00:00,112.49742444
2020-03-10 08:00:00,112.49742444
2020-03-11 04:00:00,117.64265483
2020-03-11 05:00:00,116.85778909
2020-03-11 06:00:00,116.33454592
2020-03-11 07:00:00,116.42175311
2020-03-11 08:00:00,116.42175311
2020-03-12 04:00:00,111.18931456
2020-03-12 05:00:00,110.75327761
2020-03-12 06:00:00,110.57886322
2020-03-12 07:00:00,110.14282724
2020-03-12 08:00:00,110.66607042
2020-03-13 04:00:00,107.26498589
2020-03-13 05:00:00,103.7766932
2020-03-13 06:00:00,103.68948601
2020-03-13 07:00:00,104.64876613
2020-03-13 08:00:00,107.26498589
2020-03-20 04:00:00,102.03254734
2020-03-20 05:00:00,91.56767122
2020-03-20 06:00:00,91.30604866
2020-05-11 05:00:00,82.84693998
2020-05-12 05:00:00,80.23072119
2020-05-12 06:00:00,80.23072119
2020-05-12 07:00:00,80.14351399
2020-05-13 05:00:00,82.84693998
2020-05-13 06:00:00,82.58531839
2020-05-13 07:00:00,82.58531839
2020-05-14 05:00:00,83.63180571
2020-05-14 06:00:00,81.97486705
2020-05-14 07:00:00,81.53883107
2020-05-15 05:00:00,84.41667144
2020-05-15 06:00:00,82.84693998
2020-05-15 07:00:00,82.84693998
2020-05-18 05:00:00,83.71901291
2020-05-18 06:00:00,83.71901291
2020-05-18 07:00:00,83.71901291
2020-05-19 05:00:00,84.59108681
2020-05-19 06:00:00,84.50387864
2020-05-19 07:00:00,83.71901291
2020-05-20 05:00:00,84.15504986
2020-05-20 06:00:00,84.59108681
2020-05-20 07:00:00,84.59108681
2020-05-21 05:00:00,95.05596293
2020-05-21 06:00:00,92.43974415
2020-05-21 07:00:00,96.80010879
2020-05-22 05:00:00,95.92803586
2020-05-22 06:00:00,94.18389001
2020-05-22 07:00:00,93.31181708
2020-05-26 05:00:00,92.43974415
2020-05-26 06:00:00,91.48046305
2020-05-26 07:00:00,91.39325585
2020-05-26 08:00:00,92.43974415
2020-05-27 05:00:00,90.43397573
2020-05-27 06:00:00,91.56767122
2020-05-27 07:00:00,90.87001268
2020-05-27 08:00:00,90.69559732
2020-05-28 05:00:00,91.48046305
2020-05-28 06:00:00,90.69559732
2020-05-28 07:00:00,90.60839012
2020-05-28 08:00:00,90.69559732
2020-05-29 05:00:00,88.95145146
2020-05-29 06:00:00,89.64910999
2020-05-29 07:00:00,88.95145146
2020-05-29 08:00:00,88.95145146
2020-06-01 05:00:00,86.39374251
2020-06-01 06:00:00,85.59132392
2020-06-01 07:00:00,85.50216597
2020-06-01 08:00:00,85.59132392
2020-06-02 05:00:00,85.59132392
2020-06-02 06:00:00,85.59132392
2020-06-02 07:00:00,85.41300803
2020-06-02 08:00:00,84.69974738
2020-06-03 05:00:00,84.69974738
2020-06-03 06:00:00,84.69974738
2020-06-03 07:00:00,84.69974738
2020-06-03 08:00:00,84.69974738
2020-06-04 05:00:00,84.69974738
2020-06-04 06:00:00,84.61058944
2020-06-04 07:00:00,84.69974738
2020-06-08 05:00:00,85.59132392
2020-06-08 06:00:00,86.0371117
2020-06-08 07:00:00,86.0371117
2020-06-08 08:00:00,86.48289948
2020-06-09 05:00:00,89.15762908
2020-06-09 06:00:00,89.15762908
2020-06-09 07:00:00,89.15762908
2020-06-09 08:00:00,89.15762908
2020-06-10 05:00:00,89.15762908
2020-06-10 06:00:00,88.71184033
2020-06-10 07:00:00,88.26605255
2020-06-10 08:00:00,89.06847114
2020-06-11 05:00:00,90.85162323
2020-06-11 06:00:00,89.15762908
2020-06-11 07:00:00,89.15762908
2020-06-11 08:00:00,89.06847114
2020-06-12 05:00:00,88.26605255
2020-06-12 06:00:00,88.26605255
2020-06-12 07:00:00,88.71184033
2020-06-12 08:00:00,89.15762908
2020-06-15 05:00:00,90.85162323
2020-06-15 06:00:00,89.15762908
2020-06-15 07:00:00,89.06847114
2020-06-15 08:00:00,89.06847114
2020-06-16 05:00:00,89.15762908
2020-06-16 06:00:00,89.15762908
2020-06-16 07:00:00,90.04920464
2020-06-16 08:00:00,90.04920464
2020-06-17 05:00:00,93.43719489
2020-06-17 06:00:00,92.72393424
2020-06-17 07:00:00,93.08056408
2020-06-17 08:00:00,94.50708634
2020-06-18 05:00:00,97.27097292
2020-06-18 06:00:00,96.29023844
2020-06-18 07:00:00,94.68540126
2020-06-18 08:00:00,96.46855433
2020-06-19 05:00:00,95.66613574
2020-06-19 06:00:00,95.39866287
2020-06-19 07:00:00,96.73602719
2020-06-19 08:00:00,96.73602719
2020-06-22 05:00:00,97.80591864
2020-06-22 06:00:00,97.7167607
2020-06-22 07:00:00,99.67822868
2020-06-22 08:00:00,100.74812013
2020-06-23 05:00:00,102.26380034
2020-06-23 06:00:00,101.63969667
2020-06-23 07:00:00,102.5312732
2020-06-23 08:00:00,102.44211526
2020-06-24 05:00:00,101.46138175
2020-06-24 06:00:00,101.99632747
2020-06-24 07:00:00,101.63969667
2020-06-24 08:00:00,103.06621893
2020-06-25 05:00:00,103.60116465
2020-06-25 06:00:00,103.33369179
2020-06-25 07:00:00,102.70958812
2020-06-25 08:00:00,103.06621893
2020-06-26 05:00:00,101.3722238
2020-06-26 06:00:00,102.44211526
2020-06-26 07:00:00,102.08548445
2020-06-26 08:00:00,101.99632747
2020-06-29 05:00:00,102.5312732
2020-06-29 06:00:00,101.63969667
2020-06-29 07:00:00,101.63969667
2020-06-29 08:00:00,101.81801159
2020-06-30 05:00:00,101.72885461
2020-06-30 06:00:00,100.65896316
2020-06-30 07:00:00,101.28306586
2020-06-30 08:00:00,101.3722238
2020-07-01 05:00:00,101.55053872
2020-07-01 06:00:00,100.74812013
2020-07-01 07:00:00,100.65896316
2020-07-01 08:00:00,100.65896316
2020-07-02 05:00:00,98.60833723
2020-07-02 06:00:00,98.96496804
2020-07-02 07:00:00,98.96496804
2020-07-02 08:00:00,98.96496804
2020-07-03 05:00:00,98.87581009
2020-07-03 06:00:00,98.87581009
2020-07-03 07:00:00,98.87581009
2020-07-03 08:00:00,98.69749517
2020-07-06 05:00:00,96.29023844
2020-07-06 06:00:00,98.0733915
2020-07-06 07:00:00,98.0733915
2020-07-06 08:00:00,98.51917929
2020-07-07 05:00:00,100.21317441
2020-07-07 06:00:00,99.8565436
2020-07-07 07:00:00,99.32159787
2020-07-07 08:00:00,99.2324409
2020-07-08 05:00:00,98.51917929
2020-07-08 06:00:00,98.0733915
2020-07-08 07:00:00,98.34086437
2020-07-08 08:00:00,98.87581009
2020-07-09 05:00:00,98.51917929
2020-07-09 06:00:00,98.87581009
2020-07-09 07:00:00,98.69749517
2020-07-09 08:00:00,99.8565436
2020-07-10 05:00:00,97.00350005
2020-07-10 06:00:00,96.73602719
2020-07-10 07:00:00,96.37939638
2020-07-10 08:00:00,96.02276557
2020-07-13 05:00:00,91.38656896
2020-07-13 06:00:00,94.95287412
2020-07-13 07:00:00,93.52635283
2020-07-13 08:00:00,92.54561836
2020-07-14 05:00:00,96.29023844
2020-07-14 06:00:00,95.57697779
2020-07-14 07:00:00,95.39866287
2020-07-14 08:00:00,92.72393424
2020-07-15 05:00:00,91.92151468
2020-07-15 06:00:00,93.61550981
2020-07-15 07:00:00,93.61550981
2020-07-15 08:00:00,93.61550981
2020-07-16 05:00:00,94.50708634
2020-07-16 06:00:00,94.50708634
2020-07-16 07:00:00,94.59624429
2020-07-16 08:00:00,95.84445066
2020-07-17 05:00:00,97.18181497
2020-07-17 06:00:00,97.62760372
2020-07-17 07:00:00,97.98423356
2020-07-17 08:00:00,97.80591864
2020-07-20 05:00:00,100.3914903
2020-07-20 06:00:00,100.03485949
2020-07-20 07:00:00,100.65896316
2020-07-20 08:00:00,100.65896316
2020-07-21 05:00:00,99.76738663
2020-07-21 06:00:00,100.30233235
2020-07-21 07:00:00,99.8565436
2020-07-21 08:00:00,100.21317441
2020-07-22 05:00:00,99.8565436
2020-07-22 06:00:00,99.41075582
2020-07-22 07:00:00,98.16254945
2020-07-22 08:00:00,98.96496804
2020-07-23 05:00:00,99.58907074
2020-07-23 06:00:00,98.51917929
2020-07-23 07:00:00,98.60833723
2020-07-23 08:00:00,98.78665215
2020-07-24 05:00:00,98.60833723
2020-07-24 06:00:00,98.78665215
2020-07-24 07:00:00,98.96496804
2020-07-24 08:00:00,98.87581009
2020-07-27 05:00:00,99.05412501
2020-07-27 06:00:00,98.87581009
2020-07-27 07:00:00,98.96496804
2020-07-27 08:00:00,98.96496804
2020-07-28 05:00:00,99.41075582
2020-07-28 06:00:00,99.41075582
2020-07-28 07:00:00,99.32159787
2020-07-28 08:00:00,98.96496804
2020-07-29 05:00:00,98.96496804
2020-07-29 06:00:00,98.96496804
2020-07-29 07:00:00,98.96496804
2020-07-29 08:00:00,98.60833723
2020-07-30 05:00:00,98.96496804
2020-07-30 06:00:00,98.78665215
2020-07-30 07:00:00,98.96496804
2020-07-30 08:00:00,99.14328296
2020-07-31 05:00:00,99.41075582
2020-07-31 06:00:00,99.41075582
2020-07-31 07:00:00,99.49991376
2020-07-31 08:00:00,99.8565436
2020-08-04 05:00:00,101.19390889
2020-08-04 06:00:00,101.19390889
2020-08-04 07:00:00,101.10475094
2020-08-04 08:00:00,101.55053872
2020-08-05 05:00:00,100.74812013
2020-08-05 06:00:00,100.74812013
2020-08-06 05:00:00,100.92643602
2020-08-06 06:00:00,100.74812013
2020-08-06 07:00:00,100.74812013
2020-08-06 08:00:00,101.63969667
2020-08-07 05:00:00,102.5312732
2020-08-07 06:00:00,102.17464239
2020-08-07 07:00:00,102.26380034
2020-08-07 08:00:00,102.44211526
2020-08-10 05:00:00,102.44211526
2020-08-10 06:00:00,101.63969667
2020-08-10 07:00:00,101.63969667
2020-08-10 08:00:00,101.63969667
2020-08-11 05:00:00,102.35295731
2020-08-11 06:00:00,102.17464239
2020-08-11 07:00:00,102.44211526
2020-08-11 08:00:00,102.62043017
2020-08-12 05:00:00,102.97706098
2020-08-12 06:00:00,103.86863752
2020-08-12 07:00:00,104.49274119
2020-08-12 08:00:00,105.11684389
2020-08-13 05:00:00,106.98915393
2020-08-13 06:00:00,106.98915393
2020-08-13 07:00:00,107.07831187
2020-08-13 08:00:00,107.07831187
2020-08-14 05:00:00,108.32651921
2020-08-14 06:00:00,110.10967131
2020-08-14 07:00:00,109.66388353
2020-08-14 08:00:00,109.21809478
2020-08-17 05:00:00,108.32651921
2020-08-17 06:00:00,107.88073046
2020-08-17 07:00:00,108.05904635
2020-08-17 08:00:00,107.88073046
2020-08-18 05:00:00,108.68314905
2020-08-18 06:00:00,107.9698884
2020-08-18 07:00:00,108.14820332
2020-08-18 08:00:00,108.32651921
2020-08-19 05:00:00,108.05904635
2020-08-19 06:00:00,108.95062191
2020-08-19 07:00:00,108.77230699
2020-08-19 08:00:00,108.95062191
2020-08-20 05:00:00,108.50483413
2020-08-20 06:00:00,108.68314905
2020-08-20 07:00:00,108.23736127
2020-08-20 08:00:00,108.95062191
2020-08-21 05:00:00,108.95062191
2020-08-21 06:00:00,109.1289378
2020-08-21 07:00:00,108.86146494
2020-08-21 08:00:00,108.32651921
2020-08-24 05:00:00,108.68314905
2020-08-24 06:00:00,110.55545909
2020-08-24 07:00:00,110.55545909
2020-08-24 08:00:00,109.66388353
2020-08-25 05:00:00,108.50483413
2020-08-25 06:00:00,108.77230699
2020-08-25 07:00:00,109.48556764
2020-08-25 08:00:00,108.77230699
2020-08-26 05:00:00,108.50483413
2020-08-26 06:00:00,108.59399208
2020-08-26 07:00:00,108.05904635
2020-08-26 08:00:00,108.50483413
2020-08-27 05:00:00,106.36505123
2020-08-27 06:00:00,107.25662679
2020-08-27 07:00:00,107.88073046
2020-08-27 08:00:00,107.88073046
2020-08-28 05:00:00,108.32651921
2020-08-28 06:00:00,108.41567619
2020-08-28 07:00:00,108.59399208
2020-08-28 08:00:00,108.32651921
2020-08-31 05:00:00,108.32651921
2020-08-31 06:00:00,107.9698884
2020-08-31 07:00:00,108.32651921
2020-08-31 08:00:00,108.50483413
2020-09-02 05:00:00,108.68314905
2020-09-02 06:00:00,107.88073046
2020-09-02 07:00:00,107.79157349
2020-09-02 08:00:00,107.07831187
2020-09-03 05:00:00,106.98915393
2020-09-03 06:00:00,106.36505123
2020-09-03 07:00:00,106.63252409
2020-09-03 08:00:00,106.00842042
2020-09-04 05:00:00,106.00842042
2020-09-04 06:00:00,105.20600183
2020-09-04 07:00:00,105.20600183
2020-09-04 08:00:00,104.40358324
2020-09-07 05:00:00,104.3144253
2020-09-07 06:00:00,104.3144253
2020-09-07 07:00:00,104.22526832
2020-09-07 08:00:00,103.86863752
2020-09-08 05:00:00,104.3144253
2020-09-08 06:00:00,103.77947957
2020-09-08 07:00:00,104.3144253
2020-09-08 08:00:00,104.3144253
2020-09-09 05:00:00,106.00842042
2020-09-09 06:00:00,105.11684389
2020-09-09 07:00:00,104.93852897
2020-09-09 08:00:00,105.11684389
2020-09-10 05:00:00,105.65178961
2020-09-10 06:00:00,105.91926247
2020-09-10 07:00:00,106.00842042
2020-09-10 08:00:00,105.20600183
2020-09-11 05:00:00,105.47347469
2020-09-11 06:00:00,106.4542082
2020-09-11 07:00:00,106.4542082
2020-09-11 08:00:00,107.16746982
2020-09-14 05:00:00,108.32651921
2020-09-14 06:00:00,109.21809478
2020-09-14 07:00:00,109.03977986
2020-09-14 08:00:00,109.48556764
2020-09-15 05:00:00,109.30725272
2020-09-15 06:00:00,109.21809478
2020-09-15 07:00:00,109.57472558
2020-09-15 08:00:00,109.21809478
2020-09-16 05:00:00,108.77230699
2020-09-16 06:00:00,109.39641066
2020-09-16 07:00:00,109.30725272
2020-09-16 08:00:00,109.66388353
2020-09-17 05:00:00,109.93135639
2020-09-17 06:00:00,113.67597647
2020-09-17 07:00:00,113.0518728
2020-09-17 08:00:00,113.23018869
2020-09-18 05:00:00,116.79649385
2020-09-18 06:00:00,115.90491732
2020-09-18 07:00:00,115.90491732
2020-09-18 08:00:00,116.88565083
2020-09-21 05:00:00,114.2109222
2020-09-21 06:00:00,116.79649385
2020-09-21 07:00:00,116.61817796
2020-09-21 08:00:00,115.90491732
2020-09-22 05:00:00,115.90491732
2020-09-22 06:00:00,115.19165571
2020-09-22 07:00:00,115.01334079
2020-09-22 08:00:00,115.01334079
2020-09-23 05:00:00,114.30008014
2020-09-23 06:00:00,113.23018869
2020-09-23 07:00:00,113.94344933
2020-09-23 08:00:00,114.12176425
2020-09-24 05:00:00,114.12176425
2020-09-24 06:00:00,114.92418284
2020-09-24 07:00:00,114.03260728
2020-09-24 08:00:00,114.03260728
2020-09-25 05:00:00,113.94344933
2020-09-25 06:00:00,113.31934566
2020-09-25 07:00:00,113.94344933
2020-09-25 08:00:00,114.12176425
2020-09-28 05:00:00,114.12176425
2020-09-28 06:00:00,114.12176425
2020-09-28 07:00:00,114.74586792
2020-09-28 08:00:00,115.01334079
2020-09-29 05:00:00,112.87355788
2020-09-29 06:00:00,114.03260728
2020-09-29 07:00:00,113.0518728
2020-09-29 08:00:00,114.03260728
2020-09-30 05:00:00,111.98198135
2020-09-30 06:00:00,112.33861216
2020-09-30 07:00:00,113.0518728
2020-09-30 08:00:00,113.31934566
2020-10-02 05:00:00,113.23018869
2020-10-02 06:00:00,113.23018869
2020-10-02 07:00:00,112.33861216
2020-10-02 08:00:00,111.00124784
2020-10-05 05:00:00,105.20600183
2020-10-05 06:00:00,102.62043017
2020-10-05 07:00:00,104.3144253
2020-10-05 08:00:00,102.97706098
2020-10-06 05:00:00,103.95779449
2020-10-06 06:00:00,105.02768691
2020-10-06 07:00:00,105.20600183
2020-10-06 08:00:00,103.51200671
2020-10-07 05:00:00,104.76021405
2020-10-07 06:00:00,104.40358324
2020-10-07 07:00:00,105.20600183
2020-10-07 08:00:00,104.3144253
2020-10-08 05:00:00,106.09757836
2020-10-08 06:00:00,105.91926247
2020-10-08 07:00:00,106.18673534
2020-10-08 08:00:00,106.09757836
2020-10-09 05:00:00,108.32651921
2020-10-09 06:00:00,107.07831187
2020-10-09 07:00:00,107.88073046
2020-10-09 08:00:00,107.43494268
2020-10-12 05:00:00,106.63252409
2020-10-12 06:00:00,106.98915393
2020-10-12 07:00:00,107.43494268
2020-10-12 08:00:00,106.98915393
2020-10-13 05:00:00,106.4542082
2020-10-13 06:00:00,104.3144253
2020-10-13 07:00:00,105.11684389
2020-10-13 08:00:00,105.11684389
2020-10-14 05:00:00,103.51200671
2020-10-14 06:00:00,103.42284876
2020-10-14 07:00:00,104.3144253
2020-10-14 08:00:00,106.00842042
2020-10-15 05:00:00,106.09757836
2020-10-15 06:00:00,105.20600183
2020-10-15 07:00:00,105.20600183
2020-10-15 08:00:00,105.11684389
2020-10-16 05:00:00,106.09757836
2020-10-16 06:00:00,106.09757836
2020-10-16 07:00:00,105.20600183
2020-10-16 08:00:00,105.65178961
2020-10-19 05:00:00,105.65178961
2020-10-19 06:00:00,105.47347469
2020-10-19 07:00:00,105.20600183
2020-10-19 08:00:00,105.47347469
2020-10-20 05:00:00,105.29515978
2020-10-20 06:00:00,105.29515978
2020-10-20 07:00:00,106.09757836
2020-10-20 08:00:00,106.54336615
2020-10-21 05:00:00,106.09757836
2020-10-21 06:00:00,105.20600183
2020-10-21 07:00:00,102.62043017
2020-10-21 08:00:00,103.1553759
2020-10-22 05:00:00,103.42284876
2020-10-22 06:00:00,103.42284876
2020-10-22 07:00:00,103.42284876
2020-10-22 08:00:00,103.42284876
2020-10-23 05:00:00,105.8301055
2020-10-23 06:00:00,104.22526832
2020-10-23 07:00:00,103.51200671
2020-10-23 08:00:00,102.97706098
2020-10-26 05:00:00,101.46138175
2020-10-26 06:00:00,101.63969667
2020-10-26 07:00:00,100.92643602
2020-10-26 08:00:00,101.015593
2020-10-27 05:00:00,102.5312732
2020-10-27 06:00:00,101.63969667
2020-10-27 07:00:00,101.55053872
2020-10-27 08:00:00,101.19390889
2020-10-28 05:00:00,102.08548445
2020-10-28 06:00:00,101.63969667
2020-10-28 07:00:00,100.74812013
2020-10-28 08:00:00,100.74812013
2020-10-29 05:00:00,101.63969667
2020-10-29 06:00:00,101.63969667
2020-10-29 07:00:00,101.63969667
2020-10-29 08:00:00,101.63969667
2020-11-02 05:00:00,100.74812013
2020-11-02 06:00:00,100.74812013
2020-11-02 07:00:00,100.65896316
2020-11-02 08:00:00,100.21317441
2020-11-03 05:00:00,102.44211526
2020-11-03 06:00:00,102.44211526
2020-11-03 07:00:00,101.63969667
2020-11-03 08:00:00,101.63969667
2020-11-04 05:00:00,102.5312732
2020-11-04 06:00:00,102.5312732
2020-11-04 07:00:00,102.17464239
2020-11-04 08:00:00,102.08548445
2020-11-05 05:00:00,102.5312732
2020-11-05 06:00:00,102.26380034
2020-11-05 07:00:00,102.08548445
2020-11-05 08:00:00,102.35295731
2020-11-06 05:00:00,102.5312732
2020-11-06 06:00:00,102.5312732
2020-11-06 07:00:00,102.97706098
2020-11-06 08:00:00,102.5312732
2020-11-09 05:00:00,101.72885461
2020-11-09 06:00:00,102.5312732
2020-11-09 07:00:00,102.08548445
2020-11-09 08:00:00,102.08548445
2020-11-10 05:00:00,102.88790304
2020-11-10 06:00:00,102.88790304
2020-11-10 07:00:00,102.97706098
2020-11-10 08:00:00,103.42284876
2020-11-11 05:00:00,105.20600183
2020-11-11 06:00:00,104.3144253
2020-11-11 07:00:00,104.13611038
2020-11-11 08:00:00,104.13611038
2020-11-12 05:00:00,102.5312732
2020-11-12 06:00:00,102.44211526
2020-11-12 07:00:00,102.08548445
2020-11-12 08:00:00,101.99632747
2020-11-13 05:00:00,102.5312732
2020-11-13 06:00:00,102.5312732
2020-11-13 07:00:00,102.97706098
2020-11-13 08:00:00,102.79874606
2020-11-16 05:00:00,102.97706098
2020-11-16 06:00:00,102.35295731
2020-11-16 07:00:00,102.5312732
2020-11-16 08:00:00,102.44211526
2020-11-17 05:00:00,102.5312732
2020-11-17 06:00:00,101.81801159
2020-11-17 07:00:00,102.26380034
2020-11-17 08:00:00,102.08548445
2020-11-18 05:00:00,101.72885461
2020-11-18 06:00:00,102.08548445
2020-11-18 07:00:00,102.08548445
2020-11-18 08:00:00,102.08548445
2020-11-19 05:00:00,102.08548445
2020-11-19 06:00:00,102.08548445
2020-11-19 07:00:00,101.90716953
2020-11-19 08:00:00,101.72885461
2020-11-20 05:00:00,101.81801159
2020-11-20 06:00:00,101.63969667
2020-11-20 07:00:00,101.90716953
2020-11-20 08:00:00,101.81801159
2020-11-23 05:00:00,101.63969667
2020-11-23 06:00:00,101.55053872
2020-11-23 07:00:00,101.28306586
2020-11-23 08:00:00,101.55053872
2020-11-24 05:00:00,101.3722238
2020-11-24 06:00:00,101.63969667
2020-11-24 07:00:00,101.46138175
2020-11-24 08:00:00,101.46138175
2020-11-25 05:00:00,101.55053872
2020-11-25 06:00:00,100.92643602
2020-11-25 07:00:00,100.83727808
2020-11-25 08:00:00,101.19390889
2020-11-26 05:00:00,101.19390889
2020-11-26 06:00:00,102.08548445
2020-11-26 07:00:00,101.99632747
2020-11-26 08:00:00,102.08548445
2020-11-27 05:00:00,101.72885461
2020-11-27 06:00:00,102.17464239
2020-11-27 07:00:00,102.08548445
2020-11-27 08:00:00,102.08548445
2020-11-30 05:00:00,101.81801159
2020-11-30 06:00:00,101.81801159
2020-11-30 07:00:00,102.35295731
2020-11-30 08:00:00,109.66388353
2020-12-01 05:00:00,106.81083901
2020-12-01 06:00:00,106.18673534
2020-12-01 07:00:00,106.09757836
2020-12-01 08:00:00,106.09757836
2020-12-02 05:00:00,106.63252409
2020-12-02 06:00:00,106.89999695
2020-12-02 07:00:00,106.54336615
2020-12-02 08:00:00,106.89999695
2020-12-03 05:00:00,106.54336615
2020-12-03 06:00:00,106.4542082
2020-12-03 07:00:00,106.54336615
2020-12-03 08:00:00,106.81083901
2020-12-04 05:00:00,106.89999695
2020-12-04 06:00:00,107.88073046
2020-12-04 07:00:00,107.6132576
2020-12-04 08:00:00,107.43494268
2020-12-07 05:00:00,108.59399208
2020-12-07 06:00:00,112.07113929
2020-12-07 07:00:00,111.89282438
2020-12-07 08:00:00,113.23018869
2020-12-08 05:00:00,117.33143958
2020-12-08 06:00:00,116.97480877
2020-12-08 07:00:00,117.68806942
2020-12-08 08:00:00,118.13385817
2020-12-09 05:00:00,119.82785329
2020-12-09 06:00:00,118.49048801
2020-12-09 07:00:00,118.22301514
2020-12-09 08:00:00,118.57964595
2020-12-10 05:00:00,117.06396672
2020-12-10 06:00:00,117.68806942
2020-12-10 07:00:00,117.24228164
2020-12-10 08:00:00,116.88565083
2020-12-11 05:00:00,115.90491732
2020-12-11 06:00:00,115.7266024
2020-12-11 07:00:00,115.45912954
2020-12-11 08:00:00,115.54828651
2020-12-14 05:00:00,115.45912954
2020-12-14 06:00:00,115.45912954
2020-12-14 07:00:00,115.28081365
2020-12-14 08:00:00,114.92418284
2020-12-15 05:00:00,115.45912954
2020-12-15 06:00:00,113.0518728
2020-12-15 07:00:00,113.14103075
2020-12-15 08:00:00,112.33861216
2020-12-16 05:00:00,113.23018869
2020-12-16 06:00:00,112.87355788
2020-12-16 07:00:00,112.60608502
2020-12-16 08:00:00,112.16029724
2020-12-17 05:00:00,111.09040482
2020-12-17 06:00:00,110.64461703
2020-12-17 07:00:00,110.55545909
2020-12-17 08:00:00,110.55545909
2020-12-18 05:00:00,110.64461703
2020-12-18 06:00:00,111.00124784
2020-12-18 07:00:00,111.00124784
2020-12-18 08:00:00,110.55545909
2020-12-21 05:00:00,111.89282438
2020-12-21 06:00:00,111.71450849
2020-12-21 07:00:00,111.35787768
2020-12-21 08:00:00,111.35787768
2020-12-22 05:00:00,111.00124784
2020-12-22 06:00:00,110.82293195
2020-12-22 07:00:00,110.55545909
2020-12-22 08:00:00,110.82293195
2020-12-23 05:00:00,110.9120899
2020-12-23 06:00:00,110.55545909
2020-12-23 07:00:00,110.73377498
2020-12-23 08:00:00,110.55545909
2020-12-24 05:00:00,110.55545909
2020-12-24 06:00:00,110.55545909
2020-12-24 07:00:00,111.09040482
2020-12-24 08:00:00,111.26872071
2020-12-28 05:00:00,111.89282438
2020-12-28 06:00:00,111.44703562
2020-12-28 07:00:00,112.24945421
2020-12-28 08:00:00,113.14103075
2020-12-30 05:00:00,112.33861216
2020-12-30 06:00:00,111.62535151
2020-12-30 07:00:00,112.07113929
2020-12-30 08:00:00,112.24945421
2020-12-31 05:00:00,111.98198135
2020-12-31 06:00:00,112.24945421
2020-12-31 07:00:00,112.51692708
2020-12-31 08:00:00,112.69524296
2021-01-04 05:00:00,113.23018869
2021-01-04 06:00:00,114.12176425
2021-01-04 07:00:00,114.12176425
2021-01-04 08:00:00,115.28081365
2021-01-05 05:00:00,115.81575938
2021-01-05 06:00:00,114.83502587
2021-01-05 07:00:00,115.19165571
2021-01-05 08:00:00,115.10249873
2021-01-06 05:00:00,114.83502587
2021-01-06 06:00:00,115.28081365
2021-01-06 07:00:00,115.36997159
2021-01-06 08:00:00,115.45912954
2021-01-07 05:00:00,115.01334079
2021-01-07 06:00:00,115.36997159
2021-01-07 07:00:00,115.10249873
2021-01-07 08:00:00,115.81575938
2021-01-08 05:00:00,115.01334079
2021-01-08 06:00:00,114.56755301
2021-01-08 07:00:00,115.01334079
2021-01-08 08:00:00,115.45912954
2021-01-11 05:00:00,115.90491732
2021-01-11 06:00:00,115.01334079
2021-01-11 07:00:00,115.23623468
2021-01-11 08:00:00,115.01334079
2021-01-12 05:00:00,114.7904469
2021-01-12 06:00:00,114.12176425
2021-01-12 07:00:00,114.34465911
2021-01-12 08:00:00,113.67597647
2021-01-13 05:00:00,114.12176425
2021-01-13 06:00:00,113.45308258
2021-01-13 07:00:00,113.00729383
2021-01-13 08:00:00,113.67597647
2021-01-15 05:00:00,112.56150605
2021-01-15 06:00:00,113.23018869
2021-01-15 07:00:00,113.45308258
2021-01-15 08:00:00,115.68202343
2021-01-18 05:00:00,119.91701026
2021-01-18 06:00:00,119.02543373
2021-01-18 07:00:00,118.57964595
2021-01-18 08:00:00,117.68806942
2021-01-19 05:00:00,122.14595111
2021-01-19 06:00:00,121.70016333
2021-01-19 07:00:00,124.82067974
2021-01-19 08:00:00,122.14595111
2021-01-20 05:00:00,124.37489196
2021-01-20 06:00:00,126.60383281
2021-01-20 07:00:00,123.03752765
2021-01-20 08:00:00,124.82067974
2021-01-21 05:00:00,123.70620932
2021-01-21 06:00:00,123.48331543
2021-01-21 07:00:00,124.37489196
2021-01-21 08:00:00,123.70620932
2021-01-22 05:00:00,124.82067974
2021-01-22 06:00:00,125.48936239
2021-01-22 07:00:00,125.71225628
2021-01-22 08:00:00,126.60383281
2021-01-25 05:00:00,131.95329007
2021-01-25 06:00:00,134.62801967
2021-01-25 07:00:00,135.07380745
2021-01-25 08:00:00,135.51959523
2021-01-26 05:00:00,137.3027483
2021-01-26 06:00:00,138.86300651
2021-01-26 07:00:00,137.74853608
2021-01-26 08:00:00,138.19432483
2021-01-27 05:00:00,132.8448666
2021-01-27 06:00:00,134.62801967
2021-01-27 07:00:00,133.73644314
2021-01-27 08:00:00,131.2846084
2021-01-29 05:00:00,146.66429947
2021-01-29 06:00:00,140.86905346
2021-01-29 07:00:00,139.97747693
2021-01-29 08:00:00,137.97142997
2021-02-01 05:00:00,133.95933703
2021-02-01 06:00:00,137.07985441
2021-02-01 07:00:00,135.96538398
2021-02-01 08:00:00,133.73644314
2021-02-02 05:00:00,129.05566755
2021-02-02 06:00:00,123.92910418
2021-02-02 07:00:00,124.82067974
2021-02-02 08:00:00,125.71225628
2021-02-03 05:00:00,124.82067974
2021-02-03 06:00:00,125.71225628
2021-02-03 07:00:00,128.83277366
2021-02-03 08:00:00,128.83277366
2021-02-05 05:00:00,129.72434922
2021-02-05 06:00:00,130.17013797
2021-02-05 07:00:00,130.17013797
2021-02-05 08:00:00,131.95329007
2021-02-08 05:00:00,132.8448666
2021-02-08 06:00:00,130.83881965
2021-02-08 07:00:00,130.61592575
2021-02-08 08:00:00,130.17013797
2021-02-09 05:00:00,123.92910418
2021-02-09 06:00:00,125.71225628
2021-02-09 07:00:00,125.71225628
2021-02-09 08:00:00,126.15804406
2021-02-10 05:00:00,125.0435746
2021-02-10 06:00:00,124.82067974
2021-02-10 07:00:00,124.82067974
2021-02-10 08:00:00,123.92910418
2021-02-11 05:00:00,120.8085868
2021-02-11 06:00:00,118.57964595
2021-02-11 07:00:00,119.47122248
2021-02-11 08:00:00,120.13990416
2021-02-12 05:00:00,123.03752765
2021-02-12 06:00:00,124.82067974
2021-02-12 07:00:00,123.92910418
2021-02-12 08:00:00,124.82067974
2021-02-15 05:00:00,126.60383281
2021-02-15 06:00:00,127.49540934
2021-02-15 07:00:00,126.38093892
2021-02-15 08:00:00,124.82067974
2021-02-16 05:00:00,124.59778585
2021-02-16 06:00:00,124.59778585
2021-02-16 07:00:00,122.59173889
2021-02-16 08:00:00,122.14595111
2021-02-17 05:00:00,119.02543373
2021-02-17 06:00:00,121.92305722
2021-02-17 07:00:00,121.70016333
2021-02-17 08:00:00,122.14595111
2021-02-18 05:00:00,121.47726944
2021-02-18 06:00:00,121.70016333
2021-02-18 07:00:00,121.25437458
2021-02-18 08:00:00,121.47726944
2021-02-19 05:00:00,123.03752765
2021-02-19 06:00:00,122.59173889
2021-02-19 07:00:00,123.03752765
2021-02-19 08:00:00,121.92305722
2021-02-22 05:00:00,123.03752765
2021-02-22 06:00:00,122.59173889
2021-02-22 07:00:00,121.70016333
2021-02-22 08:00:00,121.25437458
2021-02-23 05:00:00,120.36279902
2021-02-23 06:00:00,119.02543373
2021-02-23 07:00:00,118.57964595
2021-02-23 08:00:00,118.35675206
2021-02-24 05:00:00,118.57964595
2021-02-24 06:00:00,119.02543373
2021-02-24 07:00:00,118.35675206
2021-02-24 08:00:00,117.68806942
2021-02-25 05:00:00,119.02543373
2021-02-25 06:00:00,118.13385817
2021-02-25 07:00:00,119.02543373
2021-02-25 08:00:00,119.47122248
2021-03-01 05:00:00,120.13990416
2021-03-01 06:00:00,119.24832859
2021-03-01 07:00:00,118.57964595
2021-03-01 08:00:00,118.57964595
2021-03-02 05:00:00,117.68806942
2021-03-02 06:00:00,116.79649385
2021-03-02 07:00:00,116.57359899
2021-03-02 08:00:00,116.79649385
2021-03-03 05:00:00,116.57359899
2021-03-03 06:00:00,114.12176425
2021-03-03 07:00:00,113.23018869
2021-03-03 08:00:00,113.23018869
2021-03-04 05:00:00,115.90491732
2021-03-04 06:00:00,113.23018869
2021-03-04 07:00:00,114.12176425
2021-03-04 08:00:00,115.45912954
2021-03-05 05:00:00,115.45912954
2021-03-05 06:00:00,114.34465911
2021-03-05 07:00:00,112.56150605
2021-03-05 08:00:00,113.23018869
2021-03-08 05:00:00,115.01334079
2021-03-08 06:00:00,115.90491732
2021-03-08 07:00:00,115.90491732
2021-03-08 08:00:00,117.68806942
2021-03-09 05:00:00,119.47122248
2021-03-09 06:00:00,119.02543373
2021-03-09 07:00:00,116.79649385
2021-03-09 08:00:00,116.79649385
2021-03-10 05:00:00,115.90491732
2021-03-10 06:00:00,115.90491732
2021-03-10 07:00:00,115.90491732
2021-03-10 08:00:00,114.12176425
2021-03-12 05:00:00,114.12176425
2021-03-12 06:00:00,116.79649385
2021-03-12 07:00:00,117.01938774
2021-03-12 08:00:00,115.90491732
2021-03-15 05:00:00,115.23623468
2021-03-15 06:00:00,117.01938774
2021-03-15 07:00:00,117.01938774
2021-03-15 08:00:00,116.3507051
2021-03-16 05:00:00,116.57359899
2021-03-16 06:00:00,115.45912954
2021-03-16 07:00:00,114.7904469
2021-03-16 08:00:00,114.7904469
2021-03-17 05:00:00,114.56755301
2021-03-17 06:00:00,114.56755301
2021-03-17 07:00:00,114.12176425
2021-03-17 08:00:00,114.12176425
2021-03-18 05:00:00,113.23018869
2021-03-18 06:00:00,113.23018869
2021-03-18 07:00:00,112.78439994
2021-03-18 08:00:00,113.23018869
2021-03-19 05:00:00,112.33861216
2021-03-19 06:00:00,112.78439994
2021-03-19 07:00:00,113.67597647
2021-03-19 08:00:00,114.12176425
2021-03-22 05:00:00,115.90491732
2021-03-22 06:00:00,114.12176425
2021-03-22 07:00:00,113.89887036
2021-03-22 08:00:00,114.12176425
2021-03-23 05:00:00,113.89887036
2021-03-23 06:00:00,114.12176425
2021-03-23 07:00:00,114.12176425
2021-03-23 08:00:00,113.67597647
2021-03-24 05:00:00,115.90491732
2021-03-24 06:00:00,115.45912954
2021-03-24 07:00:00,115.90491732
2021-03-24 08:00:00,115.90491732
2021-03-25 05:00:00,117.24228164
2021-03-25 06:00:00,115.90491732
2021-03-25 07:00:00,115.90491732
2021-03-25 08:00:00,115.90491732
2021-03-26 05:00:00,115.45912954
2021-03-26 06:00:00,117.24228164
2021-03-26 07:00:00,115.90491732
2021-03-26 08:00:00,117.24228164
2021-03-29 05:00:00,116.3507051
2021-03-29 06:00:00,115.90491732
2021-03-29 07:00:00,115.90491732
2021-03-29 08:00:00,115.90491732
2021-03-30 05:00:00,116.57359899
2021-03-30 06:00:00,115.90491732
2021-03-30 07:00:00,116.79649385
2021-03-30 08:00:00,117.46517553
2021-03-31 05:00:00,117.05336571
2021-03-31 06:00:00,116.1388868
2021-03-31 07:00:00,115.22440693
2021-03-31 08:00:00,115.22440693
2021-04-01 05:00:00,114.30992803
2021-04-01 06:00:00,114.30992803
2021-04-01 07:00:00,115.22440693
2021-04-01 08:00:00,115.68164687
2021-04-05 05:00:00,115.22440693
2021-04-05 06:00:00,114.08130806
2021-04-05 07:00:00,114.08130806
2021-04-05 08:00:00,113.16682818
2021-04-06 05:00:00,114.30992803
2021-04-06 06:00:00,114.30992803
2021-04-06 07:00:00,115.68164687
2021-04-06 08:00:00,115.22440693
2021-04-07 05:00:00,115.22440693
2021-04-07 06:00:00,118.88232546
2021-04-07 07:00:00,118.88232546
2021-04-07 08:00:00,119.33956442
2021-04-08 05:00:00,118.88232546
2021-04-08 06:00:00,121.1685232
2021-04-08 07:00:00,121.39714317
2021-04-08 08:00:00,121.1685232
2021-04-09 05:00:00,120.71128424
2021-04-09 06:00:00,121.1685232
2021-04-09 07:00:00,121.62576314
2021-04-09 08:00:00,121.1685232
2021-04-12 05:00:00,120.71128424
2021-04-12 06:00:00,120.9399042
2021-04-12 07:00:00,121.62576314
2021-04-12 08:00:00,121.62576314
2021-04-15 05:00:00,120.71128424
2021-04-15 06:00:00,120.71128424
2021-04-15 07:00:00,120.9399042
2021-04-15 08:00:00,120.9399042
2021-04-16 05:00:00,120.9399042
2021-04-16 06:00:00,120.9399042
2021-04-16 07:00:00,121.1685232
2021-04-16 08:00:00,121.62576314
2021-04-19 05:00:00,121.1685232
2021-04-19 06:00:00,121.1685232
2021-04-19 07:00:00,120.9399042
2021-04-19 08:00:00,120.71128424
2021-04-20 05:00:00,121.1685232
2021-04-20 06:00:00,120.9399042
2021-04-20 07:00:00,120.48266427
2021-04-20 08:00:00,120.2540443
2021-04-21 05:00:00,120.2540443
2021-04-21 06:00:00,118.88232546
2021-04-21 07:00:00,120.71128424
2021-04-21 08:00:00,120.9399042
2021-04-22 05:00:00,118.88232546
2021-04-22 06:00:00,119.56818439
2021-04-22 07:00:00,118.88232546
2021-04-22 08:00:00,119.11094446
2021-04-23 05:00:00,118.88232546
2021-04-23 06:00:00,118.88232546
2021-04-23 07:00:00,118.88232546
2021-04-23 08:00:00,118.88232546
2021-04-27 05:00:00,116.59612674
2021-04-27 06:00:00,116.59612674
2021-04-27 07:00:00,116.1388868
2021-04-27 08:00:00,116.1388868
2021-04-28 05:00:00,115.91026684
2021-04-28 06:00:00,115.68164687
2021-04-28 07:00:00,116.36750677
2021-04-28 08:00:00,117.05336571
2021-04-29 05:00:00,116.1388868
2021-04-29 06:00:00,116.1388868
2021-04-29 07:00:00,116.1388868
2021-04-29 08:00:00,118.88232546
2021-04-30 05:00:00,117.96784558
2021-04-30 06:00:00,117.05336571
2021-05-03 05:00:00,118.88232546
2021-05-03 06:00:00,116.36750677
2021-05-03 07:00:00,118.42508552
2021-05-03 08:00:00,118.42508552
2021-05-04 05:00:00,117.28198568
2021-05-04 06:00:00,118.65370549
2021-05-04 07:00:00,117.96784558
2021-05-04 08:00:00,116.59612674
2021-05-05 05:00:00,117.96784558
2021-05-05 06:00:00,118.65370549
2021-05-05 07:00:00,118.65370549
2021-05-05 08:00:00,118.42508552
2021-05-06 05:00:00,118.19646555
2021-05-06 06:00:00,117.96784558
2021-05-06 07:00:00,118.42508552
2021-05-06 08:00:00,118.42508552
2021-05-07 05:00:00,118.65370549
2021-05-07 06:00:00,118.65370549
2021-05-07 07:00:00,118.65370549
2021-05-07 08:00:00,118.65370549
2021-05-10 05:00:00,117.05336571
2021-05-10 06:00:00,117.05336571
2021-05-10 07:00:00,118.65370549
2021-05-10 08:00:00,117.51060565
2021-05-11 05:00:00,116.59612674
2021-05-11 06:00:00,116.1388868
2021-05-11 07:00:00,117.05336571
2021-05-11 08:00:00,117.05336571
2021-05-12 05:00:00,117.05336571
2021-05-12 06:00:00,117.05336571
2021-05-12 07:00:00,117.05336571
2021-05-12 08:00:00,116.82474671
2021-05-13 05:00:00,116.59612674
2021-05-13 06:00:00,117.05336571
2021-05-13 07:00:00,117.05336571
2021-05-13 08:00:00,116.82474671
2021-05-17 05:00:00,116.82474671
2021-05-17 06:00:00,116.59612674
2021-05-17 07:00:00,116.82474671
2021-05-17 08:00:00,118.42508552
2021-05-18 05:00:00,117.51060565
2021-05-18 06:00:00,117.96784558
2021-05-18 07:00:00,117.96784558
2021-05-18 08:00:00,118.42508552
2021-05-19 05:00:00,117.96784558
2021-05-19 06:00:00,117.51060565
2021-05-19 07:00:00,118.65370549
2021-05-19 08:00:00,118.65370549
2021-05-20 05:00:00,117.73922561
2021-05-20 06:00:00,117.96784558
2021-05-20 07:00:00,118.65370549
2021-05-20 08:00:00,118.42508552
2021-05-21 05:00:00,117.05336571
2021-05-21 06:00:00,117.05336571
2021-05-21 07:00:00,116.82474671
2021-05-21 08:00:00,118.42508552
2021-05-24 05:00:00,117.05336571
2021-05-24 06:00:00,117.05336571
2021-05-24 07:00:00,117.51060565
2021-05-24 08:00:00,117.73922561
2021-05-25 05:00:00,118.42508552
2021-05-25 06:00:00,118.42508552
2021-05-25 07:00:00,118.65370549
2021-05-25 08:00:00,118.19646555
2021-05-28 05:00:00,118.65370549
2021-05-28 06:00:00,118.42508552
2021-05-28 07:00:00,118.88232546
2021-05-28 08:00:00,117.96784558
2021-05-31 05:00:00,118.42508552
2021-05-31 06:00:00,118.88232546
2021-05-31 07:00:00,118.65370549
2021-05-31 08:00:00,118.42508552
2021-06-01 05:00:00,119.56818439
2021-06-01 06:00:00,121.39714317
2021-06-01 07:00:00,120.71128424
2021-06-01 08:00:00,121.1685232
2021-06-02 05:00:00,120.71128424
2021-06-02 06:00:00,120.71128424
2021-06-02 07:00:00,121.1685232
2021-06-02 08:00:00,122.31162305
2021-06-03 05:00:00,123.45472192
2021-06-03 06:00:00,123.45472192
2021-06-03 07:00:00,123.22610195
2021-06-03 08:00:00,123.45472192
2021-06-04 05:00:00,124.14058182
2021-06-04 06:00:00,124.36920179
2021-06-04 07:00:00,124.36920179
2021-06-04 08:00:00,124.59782176
2021-06-07 05:00:00,124.36920179
2021-06-07 06:00:00,123.22610195
2021-06-07 07:00:00,124.36920179
2021-06-07 08:00:00,123.68334189
2021-06-08 05:00:00,123.45472192
2021-06-08 06:00:00,122.76886298
2021-06-08 07:00:00,122.99748198
2021-06-08 08:00:00,123.22610195
2021-06-09 05:00:00,122.99748198
2021-06-09 06:00:00,123.22610195
2021-06-09 07:00:00,123.22610195
2021-06-09 08:00:00,122.99748198
2021-06-10 05:00:00,123.45472192
2021-06-10 06:00:00,124.36920179
2021-06-10 07:00:00,125.2836807
2021-06-10 08:00:00,123.91196186
2021-06-11 05:00:00,124.14058182
2021-06-11 06:00:00,125.51230067
2021-06-11 07:00:00,125.2836807
2021-06-11 08:00:00,123.91196186
2021-06-14 05:00:00,125.05506073
2021-06-14 06:00:00,123.45472192
2021-06-14 07:00:00,122.99748198
2021-06-14 08:00:00,124.14058182
2021-06-15 05:00:00,123.45472192
2021-06-15 06:00:00,123.68334189
2021-06-15 07:00:00,123.68334189
2021-06-15 08:00:00,123.45472192
2021-06-16 05:00:00,124.36920179
2021-06-16 06:00:00,124.82644173
2021-06-16 07:00:00,125.74092063
2021-06-16 08:00:00,125.2836807
2021-06-17 05:00:00,126.42678054
2021-06-17 06:00:00,126.19816057
2021-06-17 07:00:00,125.9695406
2021-06-17 08:00:00,125.2836807
2021-06-18 05:00:00,125.74092063
2021-06-18 06:00:00,126.19816057
2021-06-18 07:00:00,125.9695406
2021-06-18 08:00:00,125.9695406
2021-06-21 05:00:00,125.74092063
2021-06-21 06:00:00,124.36920179
2021-06-21 07:00:00,125.2836807
2021-06-21 08:00:00,125.74092063
2021-06-22 05:00:00,125.2836807
2021-06-22 06:00:00,124.59782176
2021-06-22 07:00:00,124.36920179
2021-06-22 08:00:00,123.45472192
2021-06-23 05:00:00,122.54024301
2021-06-23 06:00:00,123.45472192
2021-06-23 07:00:00,124.14058182
2021-06-23 08:00:00,122.99748198
2021-06-25 05:00:00,123.45472192
2021-06-25 06:00:00,124.14058182
2021-06-25 07:00:00,124.82644173
2021-06-25 08:00:00,124.82644173
2021-06-28 05:00:00,125.2836807
2021-06-28 06:00:00,125.2836807
2021-06-28 07:00:00,125.2836807
2021-06-28 08:00:00,125.2836807
2021-06-29 05:00:00,124.36920179
2021-06-29 06:00:00,124.14058182
2021-06-29 07:00:00,124.36920179
2021-06-29 08:00:00,123.91196186
2021-06-30 05:00:00,123.45472192
2021-06-30 06:00:00,122.76886298
2021-06-30 07:00:00,122.54024301
2021-06-30 08:00:00,122.54024301
2021-07-01 05:00:00,122.08300308
2021-07-01 06:00:00,122.08300308
2021-07-01 07:00:00,121.62576314
2021-07-01 08:00:00,121.62576314
2021-07-02 05:00:00,120.71128424
2021-07-02 06:00:00,119.79680436
2021-07-02 07:00:00,121.62576314
2021-07-02 08:00:00,120.48266427
2021-07-05 05:00:00,120.48266427
2021-07-05 06:00:00,120.02542433
2021-07-05 07:00:00,120.02542433
2021-07-05 08:00:00,119.79680436
2021-07-06 05:00:00,120.48266427
2021-07-06 06:00:00,119.79680436
2021-07-06 07:00:00,119.56818439
2021-07-06 08:00:00,119.79680436
2021-07-07 05:00:00,119.11094446
2021-07-07 06:00:00,119.79680436
2021-07-07 07:00:00,119.79680436
2021-07-07 08:00:00,119.79680436
2021-07-08 05:00:00,119.79680436
2021-07-08 06:00:00,119.11094446
2021-07-08 07:00:00,120.71128424
2021-07-08 08:00:00,119.79680436
2021-07-09 05:00:00,121.39714317
2021-07-09 06:00:00,120.48266427
2021-07-09 07:00:00,120.71128424
2021-07-09 08:00:00,120.71128424
2021-07-12 05:00:00,121.1685232
2021-07-12 06:00:00,120.71128424
2021-07-12 07:00:00,122.08300308
2021-07-12 08:00:00,121.62576314
2021-07-13 05:00:00,120.2540443
2021-07-13 06:00:00,121.1685232
2021-07-13 07:00:00,122.08300308
2021-07-13 08:00:00,122.08300308
2021-07-14 05:00:00,121.39714317
2021-07-14 06:00:00,121.39714317
2021-07-14 07:00:00,122.31162305
2021-07-14 08:00:00,122.54024301
2021-07-15 06:00:00,122.08300308
2021-07-15 07:00:00,121.62576314
2021-07-15 08:00:00,121.1685232
2021-07-16 05:00:00,121.62576314
2021-07-16 06:00:00,121.62576314
2021-07-16 07:00:00,121.85438311
2021-07-16 08:00:00,122.31162305
2021-07-19 05:00:00,120.71128424
2021-07-19 06:00:00,120.71128424
2021-07-19 07:00:00,120.02542433
2021-07-19 08:00:00,119.79680436
2021-07-20 05:00:00,119.33956442
2021-07-20 06:00:00,120.02542433
2021-07-20 07:00:00,120.71128424
2021-07-20 08:00:00,119.79680436
2021-07-22 05:00:00,119.11094446
2021-07-22 06:00:00,119.33956442
2021-07-22 07:00:00,118.65370549
2021-07-22 08:00:00,118.65370549
2021-07-26 05:00:00,118.42508552
2021-07-26 06:00:00,118.42508552
2021-07-26 07:00:00,118.42508552
2021-07-26 08:00:00,118.42508552
2021-07-27 05:00:00,118.19646555
2021-07-27 06:00:00,117.96784558
2021-07-27 07:00:00,118.42508552
2021-07-27 08:00:00,118.88232546
2021-07-28 05:00:00,118.88232546
2021-07-28 06:00:00,118.42508552
2021-07-28 07:00:00,118.88232546
2021-07-28 08:00:00,118.65370549
2021-07-29 05:00:00,118.65370549
2021-07-29 06:00:00,118.42508552
2021-07-29 07:00:00,118.42508552
2021-07-29 08:00:00,118.65370549
2021-07-30 05:00:00,118.65370549
2021-07-30 06:00:00,118.42508552
2021-07-30 07:00:00,118.42508552
2021-07-30 08:00:00,118.65370549
2021-08-02 05:00:00,118.19646555
2021-08-02 06:00:00,118.19646555
2021-08-02 07:00:00,118.19646555
2021-08-02 08:00:00,117.73922561
2021-08-03 05:00:00,117.96784558
2021-08-03 06:00:00,116.82474671
2021-08-03 07:00:00,117.51060565
2021-08-03 08:00:00,117.05336571
2021-08-04 05:00:00,116.59612674
2021-08-04 06:00:00,117.05336571
2021-08-04 07:00:00,117.28198568
2021-08-04 08:00:00,116.82474671
2021-08-05 05:00:00,116.59612674
2021-08-05 06:00:00,115.22440693
2021-08-05 07:00:00,117.05336571
2021-08-05 08:00:00,116.59612674
2021-08-06 05:00:00,116.1388868
2021-08-06 06:00:00,117.96784558
2021-08-06 07:00:00,118.19646555
2021-08-06 08:00:00,118.65370549
2021-08-09 05:00:00,117.96784558
2021-08-09 06:00:00,118.88232546
2021-08-09 07:00:00,119.11094446
2021-08-09 08:00:00,118.88232546
2021-08-10 05:00:00,118.88232546
2021-08-10 06:00:00,119.79680436
2021-08-10 07:00:00,119.79680436
2021-08-10 08:00:00,119.79680436
2021-08-11 05:00:00,119.79680436
2021-08-11 06:00:00,118.88232546
2021-08-11 07:00:00,119.79680436
2021-08-11 08:00:00,119.11094446
2021-08-12 05:00:00,119.56818439
2021-08-12 06:00:00,119.79680436
2021-08-12 07:00:00,119.79680436
2021-08-12 08:00:00,120.02542433
2021-08-13 05:00:00,119.79680436
2021-08-13 06:00:00,120.2540443
2021-08-13 07:00:00,118.88232546
2021-08-13 08:00:00,119.33956442
2021-08-16 07:00:00,120.02542433
2021-08-16 08:00:00,120.2540443
2021-08-17 06:00:00,119.79680436
2021-08-17 07:00:00,119.79680436
2021-08-17 08:00:00,119.79680436
2021-08-18 05:00:00,121.62576314
2021-08-18 06:00:00,120.71128424
2021-08-18 07:00:00,120.71128424
2021-08-18 08:00:00,120.71128424
2021-08-19 05:00:00,120.71128424
2021-08-19 06:00:00,120.71128424
2021-08-19 07:00:00,120.71128424
2021-08-19 08:00:00,121.1685232
2021-08-20 05:00:00,120.9399042
2021-08-20 06:00:00,121.1685232
2021-08-20 07:00:00,120.9399042
2021-08-20 08:00:00,121.1685232
2021-08-23 05:00:00,122.99748198
2021-08-23 06:00:00,123.45472192
2021-08-23 07:00:00,123.91196186
2021-08-23 08:00:00,124.36920179
2021-08-24 05:00:00,123.91196186
2021-08-24 06:00:00,122.54024301
2021-08-24 07:00:00,122.54024301
2021-08-24 08:00:00,123.45472192
2021-08-25 05:00:00,122.54024301
2021-08-25 06:00:00,123.22610195
2021-08-25 07:00:00,123.45472192
2021-08-25 08:00:00,123.91196186
2021-08-26 05:00:00,123.45472192
2021-08-26 06:00:00,130.770558
2021-08-26 07:00:00,131.68503691
2021-08-26 08:00:00,130.31331807
2021-08-27 05:00:00,126.65540051
2021-08-27 06:00:00,126.65540051
2021-08-27 07:00:00,126.65540051
2021-08-27 08:00:00,127.11263948
2021-08-30 05:00:00,126.19816057
2021-08-30 06:00:00,126.42678054
2021-08-30 07:00:00,125.2836807
2021-08-30 08:00:00,126.19816057
2021-08-31 05:00:00,123.91196186
2021-08-31 06:00:00,124.14058182
2021-08-31 07:00:00,124.14058182
2021-08-31 08:00:00,126.19816057
2021-09-01 05:00:00,126.19816057
2021-09-01 06:00:00,124.36920179
2021-09-01 07:00:00,124.36920179
2021-09-01 08:00:00,123.91196186
2021-09-02 05:00:00,125.05506073
2021-09-02 06:00:00,124.82644173
2021-09-02 07:00:00,126.19816057
2021-09-02 08:00:00,126.19816057
2021-09-03 05:00:00,127.11263948
2021-09-03 06:00:00,126.65540051
2021-09-03 07:00:00,125.74092063
2021-09-03 08:00:00,125.9695406
2021-09-06 05:00:00,125.74092063
2021-09-06 06:00:00,125.05506073
2021-09-06 07:00:00,124.82644173
2021-09-06 08:00:00,125.05506073
2021-09-07 05:00:00,125.2836807
2021-09-07 06:00:00,125.2836807
2021-09-07 07:00:00,125.2836807
2021-09-07 08:00:00,127.11263948
2021-09-08 05:00:00,128.02711935
2021-09-08 06:00:00,126.19816057
2021-09-08 07:00:00,126.19816057
2021-09-08 08:00:00,126.42678054
2021-09-09 05:00:00,128.02711935
2021-09-09 06:00:00,128.02711935
2021-09-09 07:00:00,128.25573932
2021-09-09 08:00:00,130.54193803
2021-09-10 05:00:00,128.71297926
2021-09-10 06:00:00,129.85607813
2021-09-10 07:00:00,129.39883819
2021-09-10 08:00:00,130.770558
2021-09-13 05:00:00,128.48435929
2021-09-13 06:00:00,127.11263948
2021-09-13 07:00:00,128.02711935
2021-09-13 08:00:00,128.02711935
2021-09-14 05:00:00,127.11263948
2021-09-14 06:00:00,128.48435929
2021-09-14 07:00:00,128.02711935
2021-09-14 08:00:00,127.79849938
2021-09-15 05:00:00,127.79849938
2021-09-15 06:00:00,127.79849938
2021-09-15 07:00:00,127.11263948
2021-09-15 08:00:00,127.34125944
2021-09-16 05:00:00,128.02711935
2021-09-16 06:00:00,128.02711935
2021-09-16 07:00:00,128.25573932
2021-09-16 08:00:00,128.02711935
2021-09-17 05:00:00,128.02711935
2021-09-17 06:00:00,127.56987941
2021-09-17 07:00:00,127.79849938
2021-09-17 08:00:00,128.02711935
2021-09-21 05:00:00,126.65540051
2021-09-21 06:00:00,126.19816057
2021-09-21 07:00:00,125.05506073
2021-09-21 08:00:00,127.11263948
2021-09-22 05:00:00,127.34125944
2021-09-22 06:00:00,127.56987941
2021-09-22 07:00:00,128.02711935
2021-09-22 08:00:00,127.79849938
2021-09-23 05:00:00,128.02711935
2021-09-23 06:00:00,128.02711935
2021-09-23 07:00:00,127.79849938
2021-09-23 08:00:00,128.02711935
2021-09-24 05:00:00,128.02711935
2021-09-24 06:00:00,128.48435929
2021-09-24 07:00:00,128.94159825
2021-09-24 08:00:00,129.17021822
2021-09-27 05:00:00,128.94159825
2021-09-27 06:00:00,128.94159825
2021-09-27 07:00:00,128.25573932
2021-09-27 08:00:00,128.94159825
2021-09-28 05:00:00,126.19816057
2021-09-28 06:00:00,128.02711935
2021-09-28 07:00:00,128.02711935
2021-09-28 08:00:00,127.79849938
2021-09-29 05:00:00,127.79849938
2021-09-29 06:00:00,127.56987941
2021-09-29 07:00:00,128.02711935
2021-09-29 08:00:00,128.02711935
2021-09-30 05:00:00,127.79849938
2021-09-30 06:00:00,128.02711935
2021-09-30 07:00:00,128.02711935
2021-09-30 08:00:00,131.45641694
2021-10-01 05:00:00,129.85607813
2021-10-01 06:00:00,129.85607813
2021-10-01 07:00:00,130.31331807
2021-10-01 08:00:00,129.85607813
2021-10-04 05:00:00,129.17021822
2021-10-04 06:00:00,129.17021822
2021-10-04 07:00:00,129.62745816
2021-10-04 08:00:00,131.22779697
2021-10-05 05:00:00,131.22779697
2021-10-05 06:00:00,132.14227684
2021-10-05 07:00:00,131.45641694
2021-10-05 08:00:00,131.45641694
2021-10-06 05:00:00,134.19985559
2021-10-06 06:00:00,137.85777315
2021-10-06 07:00:00,138.31501309
2021-10-06 08:00:00,137.62915318
2021-10-07 05:00:00,139.45811196
2021-10-07 06:00:00,139.00087202
2021-10-07 07:00:00,139.00087202
2021-10-07 08:00:00,138.54363305
2021-10-08 05:00:00,136.94329327
2021-10-08 06:00:00,136.48605431
2021-10-08 07:00:00,137.17191324
2021-10-08 08:00:00,137.17191324
2021-10-11 05:00:00,137.17191324
2021-10-11 06:00:00,135.34295446
2021-10-11 07:00:00,136.25743434
2021-10-11 08:00:00,136.25743434
2021-10-12 05:00:00,136.94329327
2021-10-12 06:00:00,136.25743434
2021-10-12 07:00:00,136.48605431
2021-10-12 08:00:00,136.25743434
2021-10-13 05:00:00,136.25743434
2021-10-13 06:00:00,136.71467428
2021-10-13 07:00:00,136.25743434
2021-10-13 08:00:00,136.25743434
2021-10-14 05:00:00,136.94329327
2021-10-14 06:00:00,136.71467428
2021-10-14 07:00:00,137.17191324
2021-10-14 08:00:00,137.17191324
2021-10-15 05:00:00,136.48605431
2021-10-15 06:00:00,136.25743434
2021-10-15 07:00:00,136.48605431
2021-10-15 08:00:00,135.8001944
2021-10-18 05:00:00,136.94329327
2021-10-18 06:00:00,137.17191324
2021-10-18 07:00:00,137.85777315
2021-10-18 08:00:00,137.62915318
2021-10-21 05:00:00,137.85777315
2021-10-21 06:00:00,137.40053321
2021-10-21 07:00:00,137.85777315
2021-10-21 08:00:00,137.85777315
2021-10-22 05:00:00,137.17191324
2021-10-22 06:00:00,137.40053321
2021-10-22 07:00:00,137.85777315
2021-10-22 08:00:00,137.62915318
2021-10-25 05:00:00,137.40053321
2021-10-25 06:00:00,137.62915318
2021-10-25 07:00:00,137.62915318
2021-10-25 08:00:00,137.17191324
2021-10-26 05:00:00,137.17191324
2021-10-26 06:00:00,137.40053321
2021-10-26 07:00:00,137.85777315
2021-10-26 08:00:00,138.77225205
2021-10-27 05:00:00,137.62915318
2021-10-27 06:00:00,141.97293064
2021-10-27 07:00:00,146.31670811
2021-10-27 08:00:00,146.54532807
2021-10-28 05:00:00,143.57326945
2021-10-28 06:00:00,145.6308482
2021-10-28 07:00:00,144.48774933
2021-10-28 08:00:00,144.48774933
2021-10-29 05:00:00,145.40222823
2021-10-29 06:00:00,141.05845077
2021-10-29 07:00:00,142.43017058
2021-10-29 08:00:00,146.31670811
2021-11-01 05:00:00,143.57326945
2021-11-01 06:00:00,144.48774933
2021-11-01 07:00:00,146.31670811
2021-11-01 08:00:00,146.54532807
2021-11-02 05:00:00,146.31670811
2021-11-02 06:00:00,146.31670811
2021-11-02 07:00:00,146.54532807
2021-11-02 08:00:00,148.14566688
2021-11-03 05:00:00,148.14566688
2021-11-03 06:00:00,149.97462566
2021-11-03 07:00:00,148.14566688
2021-11-03 08:00:00,148.60290585
2021-11-05 05:00:00,148.14566688
2021-11-05 06:00:00,148.14566688
2021-11-05 07:00:00,148.14566688
2021-11-05 08:00:00,148.37428685
2021-11-08 05:00:00,148.37428685
2021-11-08 06:00:00,149.28876576
2021-11-08 07:00:00,151.3463445
2021-11-08 08:00:00,149.97462566
2021-11-09 05:00:00,149.97462566
2021-11-09 06:00:00,155.461502
2021-11-09 07:00:00,156.1473619
2021-11-09 08:00:00,150.88910457
2021-11-10 05:00:00,150.88910457
2021-11-10 06:00:00,155.461502
2021-11-10 07:00:00,154.08978316
2021-11-10 08:00:00,155.461502
2021-11-11 05:00:00,155.461502
2021-11-11 06:00:00,154.54702212
2021-11-11 07:00:00,150.88910457
2021-11-11 08:00:00,149.28876576
2021-11-12 05:00:00,149.97462566
2021-11-12 06:00:00,149.97462566
2021-11-12 07:00:00,148.83152582
2021-11-12 08:00:00,148.60290585
2021-11-15 05:00:00,141.97293064
2021-11-15 06:00:00,143.57326945
2021-11-15 07:00:00,142.65878958
2021-11-15 08:00:00,142.65878958
2021-11-16 05:00:00,142.65878958
2021-11-16 06:00:00,138.31501309
2021-11-16 07:00:00,139.00087202
2021-11-16 08:00:00,139.9153519
2021-11-17 05:00:00,139.00087202
2021-11-17 06:00:00,138.54363305
2021-11-17 07:00:00,138.08639312
2021-11-17 08:00:00,141.74431067
2021-11-19 05:00:00,140.8298308
2021-11-19 06:00:00,141.74431067
2021-11-19 07:00:00,142.43017058
2021-11-19 08:00:00,141.74431067
2021-11-22 05:00:00,143.57326945
2021-11-22 06:00:00,143.57326945
2021-11-22 07:00:00,144.48774933
2021-11-22 08:00:00,145.40222823
2021-11-23 05:00:00,145.17360826
2021-11-23 06:00:00,144.48774933
2021-11-23 07:00:00,144.03050939
2021-11-23 08:00:00,145.40222823
2021-11-24 05:00:00,143.80188942
2021-11-24 06:00:00,143.57326945
2021-11-24 07:00:00,141.74431067
2021-11-24 08:00:00,141.05845077
2021-11-25 05:00:00,141.28707074
2021-11-25 06:00:00,140.6012118
2021-11-25 07:00:00,140.6012118
2021-11-25 08:00:00,140.8298308
2021-11-26 05:00:00,139.9153519
2021-11-26 06:00:00,140.8298308
2021-11-26 07:00:00,139.68673193
2021-11-26 08:00:00,139.9153519
2021-11-29 05:00:00,138.31501309
2021-11-29 06:00:00,139.00087202
2021-11-29 07:00:00,137.62915318
2021-11-29 08:00:00,138.08639312
2021-11-30 05:00:00,137.17191324
2021-11-30 06:00:00,137.17191324
2021-11-30 07:00:00,136.48605431
2021-11-30 08:00:00,136.25743434
2021-12-01 05:00:00,134.42847556
2021-12-01 06:00:00,135.34295446
2021-12-01 07:00:00,135.34295446
2021-12-01 08:00:00,135.34295446
2021-12-02 05:00:00,136.02881437
2021-12-02 06:00:00,138.08639312
2021-12-02 07:00:00,137.17191324
2021-12-02 08:00:00,137.40053321
2021-12-03 05:00:00,135.8001944
2021-12-03 06:00:00,135.8001944
2021-12-03 07:00:00,137.17191324
2021-12-03 08:00:00,136.94329327
2021-12-06 05:00:00,136.71467428
2021-12-06 06:00:00,136.25743434
2021-12-06 07:00:00,136.25743434
2021-12-06 08:00:00,136.02881437
2021-12-07 05:00:00,134.88571453
2021-12-07 06:00:00,134.88571453
2021-12-07 07:00:00,134.65709553
2021-12-07 08:00:00,134.42847556
2021-12-08 05:00:00,134.42847556
2021-12-08 06:00:00,133.51399569
2021-12-08 07:00:00,133.51399569
2021-12-08 08:00:00,131.68503691
2021-12-09 05:00:00,131.68503691
2021-12-09 06:00:00,130.770558
2021-12-09 07:00:00,130.770558
2021-12-09 08:00:00,131.68503691
2021-12-10 05:00:00,129.85607813
2021-12-10 06:00:00,131.68503691
2021-12-10 07:00:00,131.68503691
2021-12-10 08:00:00,131.68503691
2021-12-13 05:00:00,131.68503691
2021-12-13 06:00:00,130.54193803
2021-12-13 07:00:00,130.54193803
2021-12-13 08:00:00,130.31331807
2021-12-14 05:00:00,130.31331807
2021-12-14 06:00:00,130.31331807
2021-12-14 07:00:00,130.54193803
2021-12-14 08:00:00,130.31331807
2021-12-15 05:00:00,129.85607813
2021-12-15 06:00:00,131.68503691
2021-12-15 07:00:00,129.85607813
2021-12-15 08:00:00,129.17021822
2021-12-16 05:00:00,131.45641694
2021-12-16 06:00:00,129.85607813
2021-12-16 07:00:00,129.62745816
2021-12-16 08:00:00,128.48435929
2021-12-17 05:00:00,128.94159825
2021-12-17 06:00:00,129.85607813
2021-12-17 07:00:00,129.39883819
2021-12-17 08:00:00,128.71297926
2021-12-20 05:00:00,126.19816057
2021-12-20 06:00:00,125.74092063
2021-12-20 07:00:00,125.74092063
2021-12-20 08:00:00,125.74092063
2021-12-21 05:00:00,125.2836807
2021-12-21 06:00:00,124.82644173
2021-12-21 07:00:00,123.45472192
2021-12-21 08:00:00,123.45472192
2021-12-22 05:00:00,124.36920179
2021-12-22 06:00:00,125.74092063
2021-12-22 07:00:00,125.9695406
2021-12-22 08:00:00,124.82644173
2021-12-23 05:00:00,125.05506073
2021-12-23 06:00:00,123.45472192
2021-12-23 07:00:00,125.2836807
2021-12-23 08:00:00,126.19816057
2021-12-24 05:00:00,126.42678054
2021-12-24 06:00:00,125.2836807
2021-12-27 05:00:00,123.45472192
2021-12-27 06:00:00,124.36920179
2021-12-27 07:00:00,124.36920179
2021-12-27 08:00:00,123.91196186
2021-12-28 05:00:00,126.19816057
2021-12-28 06:00:00,125.74092063
2021-12-28 07:00:00,123.91196186
2021-12-28 08:00:00,124.82644173
2021-12-29 05:00:00,126.19816057
2021-12-29 06:00:00,125.2836807
2021-12-29 07:00:00,124.36920179
2021-12-29 08:00:00,124.36920179
2021-12-30 05:00:00,124.36920179
2021-12-30 06:00:00,123.45472192
2021-12-30 07:00:00,123.91196186
2021-12-30 08:00:00,125.05506073
2021-12-31 05:00:00,123.91196186
2021-12-31 06:00:00,123.22610195
2021-12-31 07:00:00,123.45472192
2021-12-31 08:00:00,123.45472192
2022-01-03 05:00:00,123.45472192
2022-01-03 06:00:00,123.45472192
2022-01-03 07:00:00,124.14058182
2022-01-03 08:00:00,123.68334189
2022-01-04 05:00:00,124.36920179
2022-01-04 06:00:00,123.68334189
2022-01-04 07:00:00,123.45472192
2022-01-04 08:00:00,124.82644173
2022-01-05 05:00:00,123.45472192
2022-01-05 06:00:00,123.22610195
2022-01-05 07:00:00,121.62576314
2022-01-05 08:00:00,120.9399042
2022-01-06 05:00:00,120.71128424
2022-01-06 06:00:00,122.99748198
2022-01-06 07:00:00,121.1685232
2022-01-06 08:00:00,122.31162305
2022-01-07 05:00:00,121.1685232
2022-01-07 06:00:00,121.1685232
2022-01-07 07:00:00,121.1685232
2022-01-07 08:00:00,121.39714317
2022-01-10 05:00:00,128.94159825
2022-01-10 06:00:00,128.25573932
2022-01-10 07:00:00,131.22779697
2022-01-10 08:00:00,128.94159825
2022-01-11 05:00:00,128.25573932
2022-01-11 06:00:00,128.02711935
2022-01-11 07:00:00,128.02711935
2022-01-11 08:00:00,128.02711935
2022-01-12 05:00:00,127.11263948
2022-01-12 06:00:00,128.02711935
2022-01-12 07:00:00,127.11263948
2022-01-12 08:00:00,127.79849938
2022-01-13 05:00:00,126.65540051
2022-01-13 06:00:00,126.19816057
2022-01-13 07:00:00,126.65540051
2022-01-13 08:00:00,125.2836807
2022-01-18 05:00:00,126.19816057
2022-01-18 06:00:00,127.34125944
2022-01-18 07:00:00,127.11263948
2022-01-18 08:00:00,124.82644173
2022-01-19 05:00:00,126.65540051
2022-01-19 06:00:00,127.79849938
2022-01-19 07:00:00,126.19816057
2022-01-19 08:00:00,126.19816057
2022-01-20 05:00:00,127.56987941
2022-01-20 06:00:00,128.02711935
2022-01-20 07:00:00,127.56987941
2022-01-20 08:00:00,128.02711935
2022-01-21 05:00:00,128.94159825
2022-01-21 06:00:00,129.85607813
2022-01-21 07:00:00,128.02711935
2022-01-21 08:00:00,128.02711935
2022-01-24 05:00:00,128.02711935
2022-01-24 06:00:00,127.56987941
2022-01-24 07:00:00,127.79849938
2022-01-24 08:00:00,129.85607813
2022-01-25 06:00:00,127.79849938
2022-01-25 07:00:00,128.02711935
2022-01-25 08:00:00,127.11263948
2022-01-26 05:00:00,126.65540051
2022-01-26 06:00:00,127.11263948
2022-01-26 07:00:00,126.42678054
2022-01-26 08:00:00,126.65540051
2022-01-27 05:00:00,127.34125944
2022-01-27 06:00:00,127.34125944
2022-01-27 07:00:00,127.34125944
2022-01-27 08:00:00,128.02711935
2022-01-28 05:00:00,125.2836807
2022-01-28 06:00:00,125.51230067
2022-01-28 07:00:00,127.11263948
2022-01-28 08:00:00,127.11263948
2022-01-31 05:00:00,128.02711935
2022-01-31 07:00:00,127.79849938
2022-01-31 08:00:00,127.34125944
2022-02-01 05:00:00,125.9695406
2022-02-01 06:00:00,128.02711935
2022-02-01 07:00:00,127.56987941
2022-02-01 08:00:00,125.2836807
2022-02-02 05:00:00,125.2836807
2022-02-02 06:00:00,124.36920179
2022-02-02 07:00:00,124.14058182
2022-02-02 08:00:00,123.91196186
2022-02-03 05:00:00,124.14058182
2022-02-03 06:00:00,127.11263948
2022-02-03 07:00:00,126.88401951
2022-02-03 08:00:00,126.88401951
2022-02-07 05:00:00,127.11263948
2022-02-07 06:00:00,125.9695406
2022-02-07 07:00:00,125.9695406
2022-02-07 08:00:00,125.51230067
2022-02-08 05:00:00,124.36920179
2022-02-08 06:00:00,122.31162305
2022-02-08 07:00:00,123.45472192
2022-02-08 08:00:00,122.76886298
2022-02-09 05:00:00,124.36920179
2022-02-09 06:00:00,124.36920179
2022-02-09 07:00:00,122.31162305
2022-02-09 08:00:00,124.36920179
2022-02-10 05:00:00,122.54024301
2022-02-10 06:00:00,124.36920179
2022-02-10 07:00:00,124.36920179
2022-02-10 08:00:00,123.45472192
2022-02-11 05:00:00,126.19816057
2022-02-11 06:00:00,125.2836807
2022-02-11 07:00:00,123.45472192
2022-02-11 08:00:00,125.2836807
2022-02-14 05:00:00,123.45472192
2022-02-14 06:00:00,122.76886298
2022-02-14 07:00:00,125.2836807
2022-02-14 08:00:00,122.99748198
2022-02-15 05:00:00,124.14058182
2022-02-15 06:00:00,123.45472192
2022-02-15 07:00:00,122.99748198
2022-02-15 08:00:00,123.22610195
2022-02-17 05:00:00,126.88401951
2022-02-17 06:00:00,127.11263948
2022-02-17 07:00:00,126.88401951
2022-02-17 08:00:00,126.88401951
2022-02-18 05:00:00,125.51230067
2022-02-18 06:00:00,126.19816057
2022-02-18 07:00:00,126.42678054
2022-02-18 08:00:00,127.34125944
2022-02-21 05:00:00,128.02711935
2022-02-21 06:00:00,127.34125944
2022-02-21 07:00:00,127.34125944
2022-02-21 08:00:00,127.11263948
2022-02-22 05:00:00,124.36920179
2022-02-22 06:00:00,125.74092063
2022-02-22 07:00:00,125.2836807
2022-02-22 08:00:00,125.51230067
2022-02-23 05:00:00,124.36920179
2022-02-23 06:00:00,119.11094446
2022-02-23 07:00:00,122.99748198
2022-02-23 08:00:00,123.45472192
2022-02-24 05:00:00,123.91196186
2022-02-24 06:00:00,123.45472192
2022-02-24 07:00:00,122.54024301
2022-02-24 08:00:00,121.62576314
2022-02-25 05:00:00,120.71128424
2022-02-25 06:00:00,121.62576314
2022-02-25 07:00:00,124.36920179
2022-02-25 08:00:00,123.45472192
2022-02-28 05:00:00,125.9695406
2022-02-28 06:00:00,123.91196186
2022-02-28 07:00:00,125.9695406
2022-02-28 08:00:00,125.74092063
2022-03-02 05:00:00,124.36920179
2022-03-02 06:00:00,126.19816057
2022-03-02 07:00:00,123.45472192
2022-03-02 08:00:00,123.45472192
2022-03-03 05:00:00,126.19816057
2022-03-03 06:00:00,122.99748198
2022-03-03 08:00:00,123.68334189
2022-03-04 05:00:00,123.45472192
2022-03-04 06:00:00,123.45472192
2022-03-04 07:00:00,123.45472192
2022-03-04 08:00:00,123.22610195
2022-03-07 05:00:00,123.45472192
2022-03-07 06:00:00,122.54024301
2022-03-07 07:00:00,122.54024301
2022-03-07 08:00:00,120.71128424
2022-03-08 05:00:00,121.62576314
2022-03-08 06:00:00,121.62576314
2022-03-08 07:00:00,118.88232546
2022-03-08 08:00:00,121.39714317
2022-03-09 05:00:00,119.56818439
2022-03-09 06:00:00,117.96784558
2022-03-09 07:00:00,118.88232546
2022-03-09 08:00:00,117.28198568
2022-03-10 05:00:00,118.88232546
2022-03-10 06:00:00,118.88232546
2022-03-10 07:00:00,120.71128424
2022-03-10 08:00:00,120.71128424
2022-03-11 05:00:00,119.33956442
2022-03-11 06:00:00,119.11094446
2022-03-11 07:00:00,119.33956442
2022-03-11 08:00:00,119.79680436
2022-03-14 05:00:00,120.71128424
2022-03-14 06:00:00,118.88232546
2022-03-14 07:00:00,118.88232546
2022-03-14 08:00:00,118.88232546
2022-03-15 05:00:00,118.42508552
2022-03-15 06:00:00,117.96784558
2022-03-15 07:00:00,117.96784558
2022-03-15 08:00:00,118.88232546
2022-03-16 05:00:00,117.96784558
2022-03-16 06:00:00,117.96784558
2022-03-16 07:00:00,118.88232546
2022-03-16 08:00:00,118.88232546
2022-03-18 05:00:00,121.1685232
2022-03-18 06:00:00,121.1685232
2022-03-18 08:00:00,119.79680436
2022-03-21 05:00:00,122.54024301
2022-03-21 06:00:00,121.85438311
2022-03-21 07:00:00,121.62576314
2022-03-21 08:00:00,121.62576314
2022-03-22 05:00:00,122.54024301
2022-03-22 06:00:00,121.62576314
2022-03-22 07:00:00,120.71128424
2022-03-22 08:00:00,121.62576314
2022-03-23 05:00:00,122.31162305
2022-03-23 06:00:00,120.71128424
2022-03-23 07:00:00,120.71128424
2022-03-23 08:00:00,121.62576314
2022-03-24 05:00:00,119.33956442
2022-03-24 06:00:00,120.2540443
2022-03-24 07:00:00,120.2540443
2022-03-24 08:00:00,119.79680436
2022-03-25 05:00:00,120.48266427
2022-03-25 06:00:00,120.71128424
2022-03-25 07:00:00,120.2540443
2022-03-25 08:00:00,120.2540443
2022-03-28 05:00:00,118.88232546
2022-03-28 06:00:00,117.96784558
2022-03-28 07:00:00,118.65370549
2022-03-28 08:00:00,117.05336571
2022-03-29 05:00:00,115.22440693
2022-03-29 06:00:00,109.73753059
2022-03-29 07:00:00,108.36581175
2022-03-29 08:00:00,109.28029066
2022-03-30 05:00:00,108.82305169
2022-03-30 06:00:00,103.33617438
2022-03-30 07:00:00,109.73753059
2022-03-30 08:00:00,108.82305169
2022-03-31 05:00:00,102.40520632
2022-03-31 06:00:00,99.61233705
2022-04-01 05:00:00,93.09564211
2022-04-01 06:00:00,93.09564211
2022-04-04 05:00:00,93.09564211
2022-04-04 06:00:00,93.5611208
2022-04-05 05:00:00,97.28494649
2022-04-05 06:00:00,95.88851137
2022-04-06 05:00:00,95.88851137
2022-04-06 06:00:00,90.39586819
2022-04-07 05:00:00,92.16468569
2022-04-07 06:00:00,92.07159033
2022-04-08 05:00:00,93.09564211
2022-04-08 06:00:00,88.06847763
2022-04-25 05:00:00,83.32060017
2022-04-26 05:00:00,80.99320863
2022-04-26 06:00:00,80.15534756
2022-04-27 05:00:00,79.59677449
2022-04-27 06:00:00,83.7860779
2022-04-28 05:00:00,82.94821683
2022-04-28 06:00:00,83.7860779
2022-04-29 05:00:00,81.92416505
2022-04-29 06:00:00,81.27249566
2022-05-04 05:00:00,81.45868733
2022-05-04 06:00:00,81.92416505
2022-05-05 05:00:00,79.13129579
2022-05-05 06:00:00,79.96915686
2022-05-06 05:00:00,79.59677449
2022-05-06 06:00:00,79.68986984
2022-05-09 05:00:00,79.03820044
2022-05-09 06:00:00,77.26938295
2022-05-12 05:00:00,77.73486164
2022-05-12 06:00:00,76.33842653
2022-05-13 05:00:00,78.10724402
2022-05-13 06:00:00,77.26938295
2022-05-17 05:00:00,78.20033937
2022-05-17 06:00:00,76.80390522
2022-05-18 05:00:00,77.08319128
2022-05-18 06:00:00,77.1762876
2022-05-19 05:00:00,76.43152188
2022-05-19 06:00:00,76.43152188
2022-05-20 05:00:00,75.8729488
2022-05-20 06:00:00,76.33842653
2022-05-23 05:00:00,77.73486164
2022-05-23 06:00:00,76.33842653
2022-05-24 05:00:00,75.68675713
2022-05-24 06:00:00,75.68675713
2022-05-25 05:00:00,74.94199238
2022-05-25 06:00:00,74.47651368
2022-05-26 05:00:00,73.45246191
2022-05-26 06:00:00,73.45246191
2022-05-27 05:00:00,72.14912312
2022-05-27 06:00:00,72.14912312
2022-05-30 05:00:00,73.54555726
2022-05-30 06:00:00,73.54555726
2022-05-31 05:00:00,72.61460084
2022-05-31 06:00:00,72.61460084
2022-06-01 05:00:00,72.61460084
2022-06-01 06:00:00,72.61460084
2022-06-02 05:00:00,72.61460084
2022-06-02 06:00:00,72.61460084
2022-06-03 05:00:00,74.47651368
2022-06-03 06:00:00,72.61460084
2022-06-06 05:00:00,72.61460084
2022-06-06 06:00:00,73.08007954
2022-06-07 05:00:00,72.14912312
2022-06-07 06:00:00,72.61460084
2022-06-08 05:00:00,72.61460084
2022-06-08 06:00:00,71.77673977
2022-06-09 05:00:00,72.61460084
2022-06-09 06:00:00,71.68364442
2022-06-10 05:00:00,72.61460084
2022-06-10 06:00:00,71.2181667
2022-06-13 05:00:00,71.86983609
2022-06-13 06:00:00,72.0560268
2022-06-15 05:00:00,71.77673977
2022-06-15 06:00:00,71.68364442
2022-06-16 05:00:00,72.52150549
2022-06-16 06:00:00,71.68364442
2022-06-17 05:00:00,71.96293145
2022-06-17 06:00:00,71.68364442
2022-06-20 05:00:00,71.68364442
2022-06-20 06:00:00,72.61460084
2022-06-21 05:00:00,71.77673977
2022-06-21 06:00:00,72.61460084
2022-06-22 05:00:00,72.61460084
2022-06-22 06:00:00,72.61460084
2022-06-23 05:00:00,74.66270536
2022-06-23 06:00:00,74.47651368
2022-06-24 05:00:00,75.40747011
2022-06-24 06:00:00,75.40747011
2022-06-27 05:00:00,74.47651368
2022-06-27 06:00:00,74.47651368
2022-06-28 05:00:00,74.47651368
2022-06-28 06:00:00,72.61460084
2022-06-29 05:00:00,72.61460084
2022-06-29 06:00:00,73.08007954
2022-06-30 05:00:00,72.80079252
2022-06-30 06:00:00,74.01103596
2022-07-01 05:00:00,73.91793964
2022-07-01 06:00:00,74.47651368
2022-07-04 05:00:00,73.54555726
2022-07-04 06:00:00,74.47651368
2022-07-05 05:00:00,72.61460084
2022-07-05 06:00:00,74.01103596
2022-07-06 05:00:00,72.14912312
2022-07-06 06:00:00,71.96293145
2022-07-07 05:00:00,72.61460084
2022-07-07 06:00:00,72.61460084
2022-07-08 05:00:00,73.45246191
2022-07-08 06:00:00,72.61460084
2022-07-11 05:00:00,74.47651368
2022-07-11 06:00:00,74.38341833
2022-07-12 05:00:00,73.54555726
2022-07-12 06:00:00,73.54555726
2022-07-14 05:00:00,73.54555726
2022-07-14 06:00:00,73.54555726
2022-07-15 05:00:00,75.40747011
2022-07-15 06:00:00,75.40747011
2022-07-18 05:00:00,74.47651368
2022-07-18 06:00:00,77.26938295
2022-07-19 05:00:00,76.80390522
2022-07-19 06:00:00,74.47651368
2022-07-20 05:00:00,78.0141477
2022-07-20 06:00:00,78.10724402
2022-07-21 05:00:00,76.80390522
2022-07-21 06:00:00,76.33842653
2022-07-22 05:00:00,75.40747011
2022-07-22 06:00:00,76.24533118
2022-07-25 05:00:00,76.33842653
2022-07-25 06:00:00,75.8729488
2022-07-26 05:00:00,77.1762876
2022-07-26 06:00:00,77.26938295
2022-07-27 05:00:00,78.57272174
2022-07-27 06:00:00,78.20033937
2022-07-28 05:00:00,77.26938295
2022-07-28 06:00:00,76.7108089
2022-07-29 05:00:00,77.26938295
2022-07-29 06:00:00,77.26938295
2022-08-01 05:00:00,76.33842653
2022-08-01 06:00:00,77.26938295
2022-08-02 05:00:00,80.06225221
2022-08-02 06:00:00,80.06225221
2022-08-03 05:00:00,80.15534756
2022-08-03 06:00:00,80.34153923
2022-08-04 05:00:00,80.15534756
2022-08-04 06:00:00,80.52773091
2022-08-05 05:00:00,86.57894716
2022-08-05 06:00:00,83.7860779
2022-08-08 05:00:00,82.4827391
2022-08-08 06:00:00,83.87917325
2022-08-09 05:00:00,83.32060017
2022-08-09 06:00:00,82.85512147
2022-08-10 05:00:00,82.85512147
2022-08-10 06:00:00,83.7860779
2022-08-12 05:00:00,80.99320863
2022-08-12 06:00:00,80.99320863
2022-08-15 05:00:00,80.90011328
2022-08-15 06:00:00,78.66581806
2022-08-16 05:00:00,78.20033937
2022-08-16 06:00:00,77.26938295
2022-08-17 05:00:00,77.26938295
2022-08-17 06:00:00,77.26938295
2022-08-18 05:00:00,74.38341833
2022-08-18 06:00:00,73.54555726
2022-08-19 05:00:00,73.54555726
2022-08-19 06:00:00,73.54555726
2022-08-22 05:00:00,74.38341833
2022-08-22 06:00:00,77.26938295
2022-08-23 05:00:00,75.8729488
2022-08-23 06:00:00,75.40747011
2022-08-24 05:00:00,74.47651368
2022-08-24 06:00:00,77.1762876
2022-08-25 05:00:00,75.40747011
2022-08-25 06:00:00,74.47651368
2022-08-26 05:00:00,75.8729488
2022-08-26 06:00:00,75.40747011
2022-08-29 05:00:00,75.40747011
2022-08-29 06:00:00,75.22127843
2022-08-29 07:00:00,75.22127843
2022-08-30 05:00:00,75.40747011
2022-08-30 06:00:00,75.40747011
2022-08-31 05:00:00,74.47651368
2022-08-31 06:00:00,73.54555726
2022-09-01 05:00:00,74.47651368
2022-09-01 06:00:00,76.24533118
2022-09-02 05:00:00,75.40747011
2022-09-02 06:00:00,74.47651368
2022-09-05 05:00:00,76.24533118
2022-09-05 06:00:00,76.33842653
2022-09-06 05:00:00,75.40747011
2022-09-06 06:00:00,74.47651368
2022-09-07 05:00:00,74.94199238
2022-09-07 06:00:00,74.47651368
2022-09-08 05:00:00,74.38341833
2022-09-08 06:00:00,73.54555726
2022-09-09 05:00:00,74.38341833
2022-09-09 06:00:00,74.29032201
2022-09-12 05:00:00,74.47651368
2022-09-12 06:00:00,74.47651368
2022-09-13 05:00:00,74.47651368
2022-09-13 06:00:00,74.94199238
2022-09-14 05:00:00,79.03820044
2022-09-14 06:00:00,79.13129579
2022-09-15 04:00:00,87.50990358
2022-09-15 05:00:00,82.85512147
2022-09-15 06:00:00,82.11035673
2022-09-16 04:00:00,80.90011328
2022-09-16 05:00:00,80.06225221
2022-09-16 06:00:00,82.29654743
2022-09-19 04:00:00,80.99320863
2022-09-19 05:00:00,80.06225221
2022-09-19 06:00:00,80.06225221
2022-09-20 04:00:00,80.90011328
2022-09-20 05:00:00,79.13129579
2022-09-20 06:00:00,77.92105235
2022-09-21 04:00:00,78.0141477
2022-09-21 05:00:00,78.66581806
2022-09-21 06:00:00,77.26938295
2022-09-22 04:00:00,77.26938295
2022-09-22 05:00:00,77.3624783
2022-09-22 06:00:00,78.66581806
2022-09-23 04:00:00,79.13129579
2022-09-23 05:00:00,81.27249566
2022-09-23 06:00:00,76.33842653
2022-09-26 04:00:00,76.33842653
2022-09-26 05:00:00,76.33842653
2022-09-26 06:00:00,76.80390522
2022-09-27 04:00:00,77.26938295
2022-09-27 05:00:00,78.20033937
2022-09-27 06:00:00,79.13129579
2022-09-28 04:00:00,78.20033937
2022-09-28 05:00:00,79.13129579
2022-09-28 06:00:00,79.13129579
2022-09-29 04:00:00,78.29343472
2022-09-29 05:00:00,80.52773091
2022-09-29 06:00:00,78.29343472
2022-09-30 04:00:00,79.13129579
2022-09-30 05:00:00,79.13129579
2022-09-30 06:00:00,78.85200877
2022-10-03 04:00:00,77.26938295
2022-10-03 05:00:00,76.43152188
2022-10-03 06:00:00,76.33842653
2022-10-04 04:00:00,76.33842653
2022-10-04 05:00:00,76.80390522
2022-10-04 06:00:00,74.94199238
2022-10-05 04:00:00,77.1762876
2022-10-05 05:00:00,75.77985248
2022-10-05 06:00:00,75.96604415
2022-10-06 04:00:00,75.59366178
2022-10-06 05:00:00,75.59366178
2022-10-06 06:00:00,75.40747011
2022-10-07 04:00:00,74.47651368
2022-10-07 05:00:00,74.47651368
2022-10-07 06:00:00,74.47651368
2022-10-11 04:00:00,73.54555726
2022-10-11 05:00:00,73.45246191
2022-10-11 06:00:00,72.98698322
2022-10-12 04:00:00,73.08007954
2022-10-12 05:00:00,73.17317489
2022-10-12 06:00:00,73.54555726
2022-10-13 04:00:00,73.08007954
2022-10-13 05:00:00,72.61460084
2022-10-13 06:00:00,72.98698322
2022-10-14 04:00:00,75.40747011
2022-10-14 05:00:00,72.61460084
2022-10-14 06:00:00,73.08007954
2022-10-17 04:00:00,72.89388787
2022-10-17 05:00:00,73.08007954
2022-10-17 06:00:00,73.35936559
2022-10-18 04:00:00,72.80079252
2022-10-18 05:00:00,72.42840917
2022-10-18 06:00:00,72.61460084
2022-10-19 04:00:00,72.61460084
2022-10-19 05:00:00,72.52150549
2022-10-19 06:00:00,72.52150549
2022-10-20 04:00:00,72.42840917
2022-10-20 05:00:00,72.42840917
2022-10-20 06:00:00,72.61460084
2022-10-21 04:00:00,72.42840917
2022-10-21 05:00:00,72.0560268
2022-10-21 06:00:00,71.68364442
2022-10-25 04:00:00,72.14912312
2022-10-25 05:00:00,71.68364442
2022-10-25 06:00:00,71.86983609
2022-10-26 04:00:00,72.61460084
2022-10-26 05:00:00,71.96293145
2022-10-26 06:00:00,72.14912312
2022-10-27 04:00:00,72.14912312
2022-10-27 05:00:00,72.52150549
2022-10-27 06:00:00,72.52150549
2022-10-28 04:00:00,71.77673977
2022-10-28 05:00:00,72.24221847
2022-10-28 06:00:00,71.96293145
2022-10-31 04:00:00,71.86983609
2022-10-31 05:00:00,71.86983609
2022-10-31 06:00:00,71.77673977
2022-11-01 04:00:00,72.14912312
2022-11-01 05:00:00,72.14912312
2022-11-01 06:00:00,71.68364442
2022-11-01 07:00:00,71.68364442
2022-11-02 04:00:00,71.68364442
2022-11-02 05:00:00,71.59054907
2022-11-02 06:00:00,71.31126205
2022-11-02 07:00:00,70.752688
2022-11-03 04:00:00,70.752688
2022-11-03 05:00:00,71.2181667
2022-11-03 06:00:00,70.65959265
2022-11-03 07:00:00,70.65959265
2022-11-04 04:00:00,72.61460084
2022-11-04 05:00:00,70.752688
2022-11-04 06:00:00,70.38030563
2022-11-04 07:00:00,70.752688
2022-11-08 04:00:00,71.68364442
2022-11-08 05:00:00,68.89077516
2022-11-08 06:00:00,68.89077516
2022-11-08 07:00:00,67.95981874
2022-11-09 04:00:00,67.95981874
2022-11-09 05:00:00,67.95981874
2022-11-09 06:00:00,67.49434101
2022-11-09 07:00:00,67.49434101
2022-11-10 04:00:00,68.05291409
2022-11-10 05:00:00,68.05291409
2022-11-10 06:00:00,68.61148814
2022-11-10 07:00:00,68.23910576
2022-11-11 04:00:00,68.42529743
2022-11-11 05:00:00,68.42529743
2022-11-11 06:00:00,68.89077516
2022-11-11 07:00:00,68.23910576
2022-11-14 04:00:00,68.89077516
2022-11-14 05:00:00,68.89077516
2022-11-14 06:00:00,68.89077516
2022-11-14 07:00:00,68.89077516
2022-11-15 04:00:00,68.89077516
2022-11-15 05:00:00,67.02886232
2022-11-15 06:00:00,73.91793964
2022-11-15 07:00:00,71.68364442
2022-11-16 04:00:00,68.98387051
2022-11-16 05:00:00,68.89077516
2022-11-16 06:00:00,68.89077516
2022-11-16 07:00:00,70.752688
2022-11-17 04:00:00,68.51839278
2022-11-17 05:00:00,69.82173158
2022-11-17 06:00:00,67.95981874
2022-11-17 07:00:00,68.05291409
2022-11-18 05:00:00,67.95981874
2022-11-18 06:00:00,68.05291409
2022-11-18 07:00:00,67.95981874
2022-11-21 04:00:00,67.02886232
2022-11-21 05:00:00,67.86672339
2022-11-21 06:00:00,67.12195767
2022-11-21 07:00:00,67.02886232
2022-11-22 04:00:00,67.95981874
2022-11-22 05:00:00,67.02886232
2022-11-22 06:00:00,69.17006218
2022-11-22 07:00:00,67.21505399
2022-11-23 04:00:00,69.17006218
2022-11-23 05:00:00,68.89077516
2022-11-23 06:00:00,69.17006218
2022-11-23 07:00:00,74.01103596
2022-11-24 04:00:00,72.61460084
2022-11-24 05:00:00,69.82173158
2022-11-24 06:00:00,69.82173158
2022-11-24 07:00:00,69.82173158
2022-11-25 04:00:00,70.752688
2022-11-25 05:00:00,69.91482693
2022-11-25 06:00:00,70.752688
2022-11-25 07:00:00,71.12507038
2022-11-28 04:00:00,71.2181667
2022-11-28 05:00:00,69.82173158
2022-11-28 06:00:00,70.00792325
2022-11-28 07:00:00,69.91482693
2022-11-29 04:00:00,71.59054907
2022-11-29 05:00:00,71.49745275
2022-11-29 06:00:00,69.82173158
2022-11-30 04:00:00,70.752688
2022-11-30 05:00:00,71.68364442
2022-11-30 06:00:00,71.68364442
2022-11-30 07:00:00,71.59054907
2022-12-01 04:00:00,71.68364442
2022-12-01 05:00:00,71.68364442
2022-12-01 06:00:00,72.61460084
2022-12-02 04:00:00,70.93887967
2022-12-02 05:00:00,71.68364442
2022-12-02 06:00:00,73.08007954
2022-12-02 07:00:00,74.38341833
2022-12-05 04:00:00,74.47651368
2022-12-05 05:00:00,74.47651368
2022-12-05 06:00:00,75.31437476
2022-12-05 07:00:00,73.54555726
2022-12-06 04:00:00,74.47651368
2022-12-06 05:00:00,73.91793964
2022-12-06 06:00:00,73.63865261
2022-12-06 07:00:00,74.01103596
2022-12-08 04:00:00,75.40747011
2022-12-08 05:00:00,75.31437476
2022-12-08 06:00:00,74.19722666
2022-12-08 07:00:00,73.54555726
2022-12-09 05:00:00,74.01103596
2022-12-09 06:00:00,73.63865261
2022-12-09 07:00:00,74.38341833
2022-12-12 04:00:00,73.17317489
2022-12-12 05:00:00,74.01103596
2022-12-12 06:00:00,74.38341833
2022-12-12 07:00:00,74.38341833
2022-12-13 04:00:00,74.47651368
2022-12-13 05:00:00,74.01103596
2022-12-13 06:00:00,75.31437476
2022-12-13 07:00:00,75.31437476
2022-12-14 04:00:00,74.66270536
2022-12-14 05:00:00,75.40747011
2022-12-14 06:00:00,76.15223485
2022-12-14 07:00:00,75.40747011
2022-12-15 04:00:00,76.80390522
2022-12-15 05:00:00,76.80390522
2022-12-15 06:00:00,76.80390522
2022-12-15 07:00:00,76.80390522
2022-12-16 04:00:00,76.80390522
2022-12-16 05:00:00,75.40747011
2022-12-16 06:00:00,74.94199238
2022-12-16 07:00:00,74.47651368
2022-12-19 05:00:00,74.47651368
2022-12-19 07:00:00,74.47651368
2022-12-20 05:00:00,74.47651368
2022-12-20 06:00:00,73.82484429
2022-12-20 07:00:00,73.82484429
2022-12-21 04:00:00,74.10413131
2022-12-21 05:00:00,73.73174894
2022-12-21 06:00:00,72.70769619
2022-12-21 07:00:00,72.70769619
2022-12-22 04:00:00,72.70769619
2022-12-22 05:00:00,72.61460084
2022-12-22 06:00:00,72.33531382
2022-12-22 07:00:00,73.08007954
2022-12-23 04:00:00,72.14912312
2022-12-23 05:00:00,71.59054907
2022-12-23 06:00:00,72.14912312
2022-12-23 07:00:00,72.14912312
2022-12-27 04:00:00,72.98698322
2022-12-27 05:00:00,72.98698322
2022-12-27 06:00:00,71.68364442
2022-12-27 07:00:00,71.68364442
2022-12-28 05:00:00,72.61460084
2022-12-28 06:00:00,72.52150549
2022-12-28 07:00:00,72.61460084
2022-12-29 04:00:00,72.61460084
2022-12-29 05:00:00,73.45246191
2022-12-29 06:00:00,73.45246191
2022-12-29 07:00:00,73.54555726
2022-12-30 04:00:00,73.26627024
2022-12-30 05:00:00,73.54555726
2022-12-30 06:00:00,73.35936559
2022-12-30 07:00:00,74.29032201
2023-01-02 04:00:00,75.12818308
2023-01-02 05:00:00,74.56960904
2023-01-02 06:00:00,74.47651368
2023-01-02 07:00:00,74.66270536
2023-01-03 04:00:00,72.61460084
2023-01-03 05:00:00,74.47651368
2023-01-03 06:00:00,74.01103596
2023-01-03 07:00:00,74.47651368
2023-01-04 04:00:00,73.54555726
2023-01-04 05:00:00,74.01103596
2023-01-04 06:00:00,73.08007954
2023-01-04 07:00:00,72.52150549
2023-01-05 04:00:00,72.61460084
2023-01-05 05:00:00,72.42840917
2023-01-05 06:00:00,72.14912312
2023-01-05 07:00:00,71.96293145
2023-01-09 04:00:00,72.0560268
2023-01-09 05:00:00,70.84578335
2023-01-09 06:00:00,70.752688
2023-01-09 07:00:00,71.2181667
2023-01-10 04:00:00,70.00792325
2023-01-10 05:00:00,70.752688
2023-01-10 06:00:00,70.28721028
2023-01-10 07:00:00,70.28721028
2023-01-11 04:00:00,70.1010186
2023-01-11 05:00:00,72.24221847
2023-01-11 06:00:00,71.2181667
2023-01-11 07:00:00,71.31126205
2023-01-12 04:00:00,71.68364442
2023-01-12 05:00:00,71.68364442
2023-01-12 06:00:00,71.31126205
2023-01-12 07:00:00,71.2181667
2023-01-13 05:00:00,71.12507038
2023-01-13 06:00:00,70.84578335
2023-01-13 07:00:00,70.752688
2023-01-17 04:00:00,70.84578335
2023-01-17 05:00:00,70.752688
2023-01-17 06:00:00,70.84578335
2023-01-17 07:00:00,70.93887967
2023-01-18 04:00:00,70.38030563
2023-01-18 05:00:00,70.47340098
2023-01-18 06:00:00,71.68364442
2023-01-18 07:00:00,71.68364442
2023-01-19 07:00:00,73.91793964
2023-01-20 04:00:00,71.68364442
2023-01-20 05:00:00,77.1762876
2023-01-20 06:00:00,75.40747011
2023-01-20 07:00:00,77.26938295
2023-01-23 04:00:00,81.8310697
2023-01-23 05:00:00,78.29343472
2023-01-23 06:00:00,79.13129579
2023-01-23 07:00:00,80.52773091
2023-01-24 04:00:00,79.03820044
2023-01-24 05:00:00,77.73486164
2023-01-24 06:00:00,77.26938295
2023-01-24 07:00:00,77.3624783
2023-01-25 04:00:00,78.20033937
2023-01-25 05:00:00,76.89700057
2023-01-25 06:00:00,77.73486164
2023-01-25 07:00:00,77.82795699
2023-01-26 04:00:00,77.73486164
2023-01-26 05:00:00,77.73486164
2023-01-26 06:00:00,78.20033937
2023-01-26 07:00:00,78.20033937
2023-01-27 04:00:00,79.03820044
2023-01-27 05:00:00,77.3624783
2023-01-27 06:00:00,78.66581806
2023-01-27 07:00:00,78.94510412
2023-01-30 04:00:00,79.03820044
2023-01-30 05:00:00,79.13129579
2023-01-30 06:00:00,79.13129579
2023-01-30 07:00:00,79.13129579
2023-01-31 04:00:00,79.96915686
2023-01-31 05:00:00,79.87606054
2023-01-31 06:00:00,79.13129579
2023-01-31 07:00:00,79.59677449
2023-02-01 04:00:00,80.06225221
2023-02-01 05:00:00,80.24844388
2023-02-01 06:00:00,80.43463459
2023-02-01 07:00:00,82.0172604
2023-02-02 04:00:00,84.15846027
2023-02-02 05:00:00,82.29654743
2023-02-02 06:00:00,83.69298254
2023-02-02 07:00:00,83.7860779
2023-02-03 04:30:00,88.25466833
2023-02-03 05:30:00,87.50990358
2023-02-06 04:00:00,87.04442585
2023-02-06 05:00:00,87.04442585
2023-02-06 06:00:00,86.02037311
2023-02-06 07:00:00,86.57894716
2023-02-07 04:00:00,83.97226957
2023-02-07 05:00:00,83.7860779
2023-02-07 06:00:00,87.50990358
2023-02-07 07:00:00,87.50990358
2023-02-08 04:00:00,84.71703432
2023-02-08 05:00:00,91.23372926
2023-02-08 06:00:00,89.83729512
2023-02-08 07:00:00,89.46491177
2023-02-09 04:00:00,92.07159033
2023-02-09 05:00:00,88.99943405
2023-02-09 06:00:00,91.23372926
2023-02-09 07:00:00,90.20967749
2023-02-10 04:00:00,91.23372926
2023-02-10 05:00:00,90.30277284
2023-02-10 06:00:00,90.30277284
2023-02-10 07:00:00,91.14063391
2023-02-13 04:00:00,89.37181642
2023-02-13 05:00:00,89.37181642
2023-02-13 06:00:00,90.39586819
2023-02-13 07:00:00,90.30277284
2023-02-14 04:00:00,91.14063391
2023-02-14 05:00:00,89.83729512
2023-02-14 06:00:00,89.83729512
2023-02-14 07:00:00,89.83729512
2023-02-15 04:00:00,89.37181642
2023-02-15 05:00:00,89.37181642
2023-02-15 06:00:00,89.37181642
2023-02-15 07:00:00,91.23372926
2023-02-16 04:00:00,92.07159033
2023-02-16 05:00:00,90.76825154
2023-02-16 06:00:00,93.09564211
2023-02-16 07:00:00,93.09564211
2023-02-17 04:00:00,94.49207722
2023-02-17 05:00:00,94.72481609
2023-02-17 06:00:00,97.75042421
2023-02-17 07:00:00,99.14685933
2023-02-20 04:00:00,107.05998842
2023-02-20 05:00:00,108.92190126
2023-02-20 06:00:00,108.45642354
2023-02-20 07:00:00,109.38737996
2023-02-21 04:00:00,106.5945107
2023-02-21 05:00:00,106.129032
2023-02-21 06:00:00,107.05998842
2023-02-21 07:00:00,107.05998842
2023-02-22 04:00:00,107.99094484
2023-02-22 05:00:00,107.99094484
2023-02-22 06:00:00,107.05998842
2023-02-22 07:00:00,106.129032
2023-02-23 04:00:00,104.73259785
2023-02-23 05:00:00,106.129032
2023-02-23 06:00:00,103.80164143
2023-02-23 07:00:00,106.129032
2023-02-24 04:00:00,106.129032
2023-02-24 05:00:00,102.40520632
2023-02-24 06:00:00,106.129032
2023-02-24 07:00:00,104.96533672
2023-02-27 04:00:00,101.4742499
2023-02-27 05:00:00,100.77603234
2023-02-27 06:00:00,100.07781575
2023-02-27 07:00:00,101.00877217
2023-02-28 04:00:00,100.54329347
2023-02-28 05:00:00,99.61233705
2023-02-28 06:00:00,100.54329347
2023-02-28 07:00:00,97.75042421
2023-03-01 04:00:00,99.14685933
2023-03-01 05:00:00,98.21590291
2023-03-01 06:00:00,98.68138063
2023-03-01 07:00:00,100.54329347
2023-03-02 04:00:00,98.68138063
2023-03-02 05:00:00,105.66355428
2023-03-02 06:00:00,106.5945107
2023-03-02 07:00:00,105.89629314
2023-03-03 04:00:00,106.129032
2023-03-03 05:00:00,105.43081444
2023-03-03 06:00:00,107.05998842
2023-03-03 07:00:00,107.99094484
2023-03-07 04:00:00,112.64572695
2023-03-07 05:00:00,117.30050905
2023-03-07 06:00:00,118.23146547
2023-03-07 07:00:00,119.86063945
2023-03-08 04:00:00,126.61007326
2023-03-08 05:00:00,125.67911684
2023-03-08 06:00:00,125.67911684
2023-03-08 07:00:00,126.14459457
2023-03-09 04:00:00,119.1624219
2023-03-09 05:00:00,123.817204
2023-03-09 06:00:00,122.18803002
2023-03-09 07:00:00,122.88624758
2023-03-10 04:00:00,122.65350872
2023-03-10 05:00:00,120.09337832
2023-03-10 06:00:00,120.09337832
2023-03-10 07:00:00,120.09337832
2023-03-13 04:00:00,115.43859621
2023-03-13 05:00:00,117.30050905
2023-03-13 06:00:00,115.43859621
2023-03-13 07:00:00,117.30050905
2023-03-14 04:00:00,119.1624219
2023-03-14 05:00:00,121.95529116
2023-03-14 06:00:00,121.48981343
2023-03-14 07:00:00,121.95529116
2023-03-15 04:00:00,124.74816042
2023-03-15 05:00:00,122.88624758
2023-03-15 06:00:00,123.817204
2023-03-15 07:00:00,121.48981343
2023-03-16 04:00:00,123.817204
2023-03-16 05:00:00,123.817204
2023-03-16 06:00:00,124.74816042
2023-03-16 07:00:00,124.2826827
2023-03-17 04:00:00,123.817204
2023-03-17 05:00:00,124.2826827
2023-03-17 06:00:00,125.91185571
2023-03-17 07:00:00,126.61007326
2023-03-20 04:00:00,128.23924724
2023-03-20 05:00:00,126.14459457
2023-03-20 06:00:00,125.21363912
2023-03-20 07:00:00,125.44637798
2023-03-21 04:00:00,122.88624758
2023-03-21 05:00:00,124.51542156
2023-03-21 06:00:00,123.11898644
2023-03-21 07:00:00,122.88624758
2023-03-22 04:00:00,122.88624758
2023-03-22 05:00:00,122.42076985
2023-03-22 06:00:00,125.44637798
2023-03-22 07:00:00,125.67911684
2023-03-23 04:00:00,120.55885701
2023-03-23 05:00:00,118.23146547
2023-03-23 06:00:00,120.09337832
2023-03-23 07:00:00,120.09337832
2023-03-24 04:00:00,120.79159588
2023-03-24 05:00:00,119.86063945
2023-03-24 06:00:00,120.79159588
2023-03-24 07:00:00,120.55885701
2023-03-27 04:00:00,120.32611718
2023-03-27 05:00:00,118.46420434
2023-03-27 06:00:00,118.46420434
2023-03-27 07:00:00,116.83503133
2023-03-28 04:00:00,116.83503133
2023-03-28 05:00:00,114.50763979
2023-03-28 06:00:00,116.36955263
2023-03-28 07:00:00,116.36955263
2023-03-29 04:00:00,116.36955263
2023-03-29 05:00:00,116.36955263
2023-03-29 06:00:00,116.36955263
2023-03-29 07:00:00,116.36955263
2023-03-30 04:00:00,118.92968303
2023-03-30 05:00:00,115.43859621
2023-03-30 06:00:00,115.90407491
2023-03-30 07:00:00,117.30050905
2023-03-31 04:00:00,123.74151399
2023-03-31 05:00:00,122.52836189
2023-03-31 06:00:00,123.25625315
2023-03-31 07:00:00,126.16781818
2023-04-03 04:00:00,125.68255734
2023-04-03 05:00:00,122.28573147
2023-04-03 06:00:00,122.28573147
2023-04-03 07:00:00,123.25625315
2023-04-04 04:00:00,121.31520979
2023-04-04 05:00:00,120.82994895
2023-04-04 06:00:00,121.07257937
2023-04-04 07:00:00,121.07257937
2023-04-06 04:00:00,119.37416643
2023-04-06 05:00:00,121.31520979
2023-04-06 06:00:00,121.31520979
2023-04-06 07:00:00,121.80047063
2023-04-10 04:00:00,120.10205769
2023-04-10 05:00:00,120.10205769
2023-04-10 06:00:00,119.37416643
2023-04-10 07:00:00,121.31520979
2023-04-10 08:00:00,120.34468811
2023-04-11 04:00:00,121.31520979
2023-04-11 05:00:00,121.80047063
2023-04-11 06:00:00,121.07257937
2023-04-11 07:00:00,119.37416643
2023-04-11 08:00:00,119.37416643
2023-04-12 04:00:00,121.31520979
2023-04-12 05:00:00,123.01362273
2023-04-12 06:00:00,121.31520979
2023-04-12 07:00:00,121.31520979
2023-04-12 08:00:00,121.31520979
2023-04-17 04:00:00,122.28573147
2023-04-17 05:00:00,120.34468811
2023-04-17 06:00:00,118.64627517
2023-04-17 07:00:00,119.37416643
2023-04-17 08:00:00,119.37416643
2023-04-18 04:00:00,119.37416643
2023-04-18 05:00:00,118.40364476
2023-04-18 06:00:00,118.40364476
2023-04-18 08:00:00,116.70523182
2023-04-19 04:00:00,119.61679685
2023-04-19 05:00:00,116.70523182
2023-04-19 06:00:00,114.52155804
2023-04-19 07:00:00,115.49207972
2023-04-19 08:00:00,115.49207972
2023-04-20 04:00:00,115.49207972
2023-04-20 05:00:00,114.52155804
2023-04-20 06:00:00,115.73471014
2023-04-20 07:00:00,115.2494493
2023-04-20 08:00:00,115.49207972
2023-04-21 04:00:00,115.49207972
2023-04-21 05:00:00,114.52155804
2023-04-21 06:00:00,115.49207972
2023-04-21 07:00:00,115.49207972
2023-04-21 08:00:00,115.00681888
2023-04-24 04:00:00,111.85262343
2023-04-24 05:00:00,109.42631923
2023-04-24 06:00:00,108.69842797
2023-04-24 07:00:00,109.18368881
2023-04-24 08:00:00,109.66894965
2023-04-25 04:00:00,111.12473217
2023-04-25 05:00:00,109.66894965
2023-04-25 06:00:00,109.18368881
2023-04-25 07:00:00,109.42631923
2023-04-25 08:00:00,112.09525385
2023-04-26 04:00:00,111.12473217
2023-04-26 05:00:00,112.58051469
2023-04-26 06:00:00,111.60999301
2023-04-26 07:00:00,111.60999301
2023-04-26 08:00:00,111.60999301
2023-04-27 04:00:00,114.52155804
2023-04-27 05:00:00,111.60999301
2023-04-27 06:00:00,112.58051469
2023-04-27 07:00:00,111.60999301
2023-04-27 08:00:00,111.60999301
2023-04-28 04:00:00,112.09525385
2023-04-28 05:00:00,111.60999301
2023-04-28 06:00:00,111.60999301
2023-04-28 07:00:00,111.36736259
2023-04-28 08:00:00,111.36736259
2023-05-02 04:00:00,106.75738462
2023-05-02 05:00:00,106.75738462
2023-05-02 06:00:00,107.72790629
2023-05-02 07:00:00,106.75738462
2023-05-02 08:00:00,106.75738462
2023-05-03 04:00:00,107.00001504
2023-05-03 05:00:00,107.00001504
2023-05-03 06:00:00,108.69842797
2023-05-03 07:00:00,111.60999301
2023-05-03 08:00:00,111.60999301
2023-05-04 04:00:00,111.60999301
2023-05-04 05:00:00,110.15421049
2023-05-04 06:00:00,111.60999301
2023-05-08 04:00:00,114.52155804
2023-05-08 05:00:00,114.27892762
2023-05-08 07:00:00,111.85262343
2023-05-08 08:00:00,114.52155804
2023-05-09 04:00:00,114.52155804
2023-05-09 05:00:00,113.55103636
2023-05-09 06:00:00,114.52155804
2023-05-09 07:00:00,111.60999301
2023-05-09 08:00:00,111.85262343
2023-05-10 04:00:00,113.55103636
2023-05-10 06:00:00,112.58051469
2023-05-10 07:00:00,112.58051469
2023-05-10 08:00:00,112.8231451
2023-05-11 04:00:00,113.79366678
2023-05-11 05:00:00,114.52155804
2023-05-11 06:00:00,114.52155804
2023-05-11 07:00:00,114.52155804
2023-05-11 08:00:00,112.58051469
2023-05-12 04:00:00,113.55103636
2023-05-12 05:00:00,114.52155804
2023-05-12 06:00:00,115.73471014
2023-05-12 07:00:00,115.49207972
2023-05-12 08:00:00,115.49207972
2023-05-15 04:00:00,115.00681888
2023-05-15 05:00:00,115.97734056
2023-05-15 06:00:00,115.49207972
2023-05-15 07:00:00,117.91838392
2023-05-15 08:00:00,118.88890559
2023-05-16 04:00:00,116.4626014
2023-05-16 05:00:00,115.49207972
2023-05-16 06:00:00,115.49207972
2023-05-16 07:00:00,116.4626014
2023-05-16 08:00:00,116.4626014
2023-05-17 04:00:00,116.4626014
2023-05-17 05:00:00,114.52155804
2023-05-17 06:00:00,115.49207972
2023-05-17 07:00:00,114.52155804
2023-05-17 08:00:00,114.52155804
2023-05-18 04:00:00,113.55103636
2023-05-18 05:00:00,115.2494493
2023-05-18 06:00:00,114.0362972
2023-05-18 07:00:00,114.52155804
2023-05-18 08:00:00,114.52155804
2023-05-19 04:00:00,114.52155804
2023-05-19 05:00:00,114.52155804
2023-05-19 06:00:00,114.76418846
2023-05-19 07:00:00,116.4626014
2023-05-19 08:00:00,115.2494493
2023-05-22 04:00:00,114.52155804
2023-05-22 05:00:00,114.0362972
2023-05-22 06:00:00,114.0362972
2023-05-22 07:00:00,114.0362972
2023-05-22 08:00:00,114.52155804
2023-05-23 05:00:00,112.58051469
2023-05-23 06:00:00,112.58051469
2023-05-23 07:00:00,113.06577552
2023-05-23 08:00:00,116.4626014
2023-05-24 05:00:00,112.8231451
2023-05-24 06:00:00,116.4626014
2023-05-24 07:00:00,117.19049266
2023-05-24 08:00:00,116.4626014
2023-05-25 04:00:00,116.4626014
2023-05-25 05:00:00,115.2494493
2023-05-25 06:00:00,116.4626014
2023-05-25 07:00:00,116.4626014
2023-05-25 08:00:00,116.4626014
2023-05-26 04:00:00,116.4626014
2023-05-26 05:00:00,115.49207972
2023-05-26 06:00:00,116.4626014
2023-05-26 07:00:00,116.4626014
2023-05-26 08:00:00,117.43312308
2023-05-29 04:00:00,116.4626014
2023-05-29 05:00:00,115.97734056
2023-05-29 06:00:00,116.21997098
2023-05-29 07:00:00,115.97734056
2023-05-29 08:00:00,114.52155804
2023-05-30 04:00:00,114.0362972
2023-05-30 05:00:00,113.06577552
2023-05-30 06:00:00,114.0362972
2023-05-30 07:00:00,114.52155804
2023-05-30 08:00:00,114.52155804
2023-05-31 04:00:00,113.55103636
2023-05-31 05:00:00,115.00681888
2023-05-31 06:00:00,115.00681888
2023-05-31 07:00:00,114.76418846
2023-05-31 08:00:00,115.00681888
2023-06-01 04:00:00,115.97734056
2023-06-01 05:00:00,116.4626014
2023-06-01 06:00:00,117.43312308
2023-06-01 07:00:00,116.4626014
2023-06-01 08:00:00,116.4626014
2023-06-02 04:00:00,116.4626014
2023-06-02 05:00:00,116.4626014
2023-06-02 06:00:00,118.16101434
2023-06-02 07:00:00,115.97734056
2023-06-02 08:00:00,116.4626014
2023-06-05 04:00:00,116.4626014
2023-06-05 05:00:00,116.4626014
2023-06-05 06:00:00,117.19049266
2023-06-05 07:00:00,117.43312308
2023-06-05 08:00:00,116.4626014
2023-06-06 04:00:00,117.43312308
2023-06-06 05:00:00,116.4626014
2023-06-06 06:00:00,116.4626014
2023-06-06 07:00:00,116.4626014
2023-06-06 08:00:00,116.4626014
2023-06-07 04:00:00,116.4626014
2023-06-07 05:00:00,116.4626014
2023-06-07 06:00:00,114.76418846
2023-06-07 07:00:00,116.4626014
2023-06-07 08:00:00,116.4626014
2023-06-08 04:00:00,116.4626014
2023-06-08 05:00:00,116.4626014
2023-06-08 06:00:00,118.40364476
2023-06-08 07:00:00,117.43312308
2023-06-08 08:00:00,121.31520979
2023-06-09 04:00:00,121.31520979
2023-06-09 05:00:00,121.31520979
2023-06-09 06:00:00,117.6757535
2023-06-09 07:00:00,121.07257937
2023-06-09 08:00:00,121.55784021
2023-06-12 04:00:00,120.82994895
2023-06-12 05:00:00,120.82994895
2023-06-12 06:00:00,125.92518776
2023-06-12 07:00:00,123.49888357
2023-06-12 08:00:00,126.16781818
2023-06-13 04:00:00,131.02042657
2023-06-13 05:00:00,128.35149196
2023-06-13 06:00:00,127.13833986
2023-06-13 07:00:00,128.10886154
2023-06-13 08:00:00,128.59412238
2023-06-14 04:00:00,128.59412238
2023-06-14 05:00:00,131.02042657
2023-06-14 06:00:00,131.02042657
2023-06-14 07:00:00,130.0499049
2023-06-14 08:00:00,131.26305699
2023-06-15 04:00:00,132.23357867
2023-06-15 05:00:00,132.47620909
2023-06-15 06:00:00,132.23357867
2023-06-15 07:00:00,132.96146993
2023-06-15 08:00:00,132.96146993
2023-06-16 04:00:00,131.99094825
2023-06-16 05:00:00,132.47620909
2023-06-16 06:00:00,132.71883951
2023-06-16 07:00:00,132.71883951
2023-06-16 08:00:00,132.96146993
2023-06-19 04:00:00,131.50568741
2023-06-19 05:00:00,131.26305699
2023-06-19 06:00:00,131.74831783
2023-06-19 07:00:00,131.02042657
2023-06-19 08:00:00,131.02042657
2023-06-20 04:00:00,131.74831783
2023-06-20 05:00:00,131.26305699
2023-06-20 06:00:00,131.50568741
2023-06-20 07:00:00,131.26305699
2023-06-20 08:00:00,131.02042657
2023-06-21 04:00:00,131.99094825
2023-06-21 05:00:00,131.99094825
2023-06-21 06:00:00,131.99094825
2023-06-21 07:00:00,132.96146993
2023-06-21 08:00:00,131.99094825
2023-06-22 04:00:00,131.99094825
2023-06-22 05:00:00,132.47620909
2023-06-22 06:00:00,131.02042657
2023-06-22 07:00:00,131.26305699
2023-06-22 08:00:00,131.99094825
2023-06-23 04:00:00,132.23357867
2023-06-23 05:00:00,132.23357867
2023-06-23 06:00:00,132.47620909
2023-06-23 07:00:00,133.68936119
2023-06-23 08:00:00,132.96146993
2023-06-26 04:00:00,132.47620909
2023-06-26 05:00:00,133.44673077
2023-06-26 06:00:00,134.65988287
2023-06-26 07:00:00,133.44673077
2023-06-26 08:00:00,135.63040455
2023-06-27 04:00:00,133.20410035
2023-06-27 05:00:00,132.96146993
2023-06-27 06:00:00,132.96146993
2023-06-27 07:00:00,133.44673077
2023-06-27 08:00:00,133.20410035
2023-06-28 04:00:00,134.65988287
2023-06-28 05:00:00,136.60092622
2023-06-28 06:00:00,136.84355664
2023-06-28 07:00:00,134.90251329
2023-06-28 08:00:00,135.87303497
2023-07-04 04:00:00,151.40138182
2023-07-04 05:00:00,154.79820769
2023-07-04 06:00:00,155.04083811
2023-07-04 07:00:00,154.07031643
2023-07-04 08:00:00,154.55557727
2023-07-05 04:00:00,151.88664266
2023-07-05 05:00:00,151.1587514
2023-07-05 06:00:00,150.43086014
2023-07-05 07:00:00,150.67349056
2023-07-05 08:00:00,150.43086014
2023-07-06 04:00:00,150.43086014
2023-07-06 05:00:00,150.43086014
2023-07-06 06:00:00,146.54877343
2023-07-06 07:00:00,147.5192951
2023-07-06 08:00:00,152.85716434
2023-07-07 04:00:00,148.48981678
2023-07-07 05:00:00,147.5192951
2023-07-07 06:00:00,148.48981678
2023-07-07 07:00:00,148.97507762
2023-07-07 08:00:00,150.43086014
2023-07-10 04:00:00,150.43086014
2023-07-10 05:00:00,150.43086014
2023-07-10 06:00:00,150.43086014
2023-07-10 07:00:00,150.43086014
2023-07-10 08:00:00,150.43086014
2023-07-11 04:00:00,150.91612098
2023-07-11 05:00:00,150.43086014
2023-07-11 06:00:00,150.43086014
2023-07-11 07:00:00,150.43086014
2023-07-11 08:00:00,151.1587514
2023-07-12 04:00:00,150.43086014
2023-07-12 05:00:00,150.43086014
2023-07-12 06:00:00,151.40138182
2023-07-12 07:00:00,154.07031643
2023-07-12 08:00:00,156.25399021
2023-07-13 04:00:00,155.28346853
2023-07-13 05:00:00,157.70977273
2023-07-13 06:00:00,159.40818566
2023-07-13 07:00:00,161.1065986
2023-07-13 08:00:00,160.13607692
2023-07-14 04:00:00,162.56238112
2023-07-14 05:00:00,162.07712028
2023-07-14 06:00:00,161.59185944
2023-07-14 07:00:00,162.07712028
2023-07-14 08:00:00,167.41498951
2023-07-17 04:00:00,169.35603287
2023-07-17 05:00:00,167.41498951
2023-07-17 06:00:00,169.84129371
2023-07-17 07:00:00,168.38551119
2023-07-17 08:00:00,169.84129371
2023-07-18 04:00:00,169.35603287
2023-07-18 05:00:00,169.84129371
2023-07-18 06:00:00,169.35603287
2023-07-18 07:00:00,169.84129371
2023-07-18 08:00:00,174.6939021
2023-07-19 04:00:00,174.20864126
2023-07-19 05:00:00,174.45127168
2023-07-19 06:00:00,173.72338042
2023-07-19 07:00:00,174.6939021
2023-07-19 08:00:00,175.42179336
2023-07-20 04:00:00,175.42179336
2023-07-20 05:00:00,173.72338042
2023-07-20 06:00:00,174.6939021
2023-07-20 07:00:00,174.6939021
2023-07-20 08:00:00,174.6939021
2023-07-21 04:00:00,171.78233706
2023-07-21 05:00:00,172.02496748
2023-07-21 06:00:00,171.0544458
2023-07-21 07:00:00,174.6939021
2023-07-21 08:00:00,172.75285874
2023-07-24 04:00:00,173.23811958
2023-07-24 05:00:00,172.75285874
2023-07-24 06:00:00,172.99548916
2023-07-24 07:00:00,173.48075
2023-07-24 08:00:00,172.99548916
2023-07-25 04:00:00,172.2675979
2023-07-25 05:00:00,173.23811958
2023-07-25 06:00:00,173.23811958
2023-07-25 07:00:00,173.72338042
2023-07-25 08:00:00,173.23811958
2023-07-26 04:00:00,173.72338042
2023-07-26 05:00:00,173.72338042
2023-07-26 06:00:00,171.29707622
2023-07-26 07:00:00,171.78233706
2023-07-26 08:00:00,171.0544458
2023-07-27 04:00:00,172.75285874
2023-07-27 05:00:00,173.72338042
2023-07-27 06:00:00,174.6939021
2023-07-27 07:00:00,176.63494545
2023-07-27 08:00:00,184.39911888
2023-07-28 04:00:00,186.09753182
2023-07-28 05:00:00,185.36964056
2023-07-28 06:00:00,185.12701014
2023-07-28 07:00:00,184.88437972
2023-07-28 08:00:00,184.39911888
2023-07-31 04:00:00,187.31068392
2023-07-31 05:00:00,186.34016224
2023-07-31 06:00:00,186.58279266
2023-07-31 07:00:00,186.34016224
2023-07-31 08:00:00,186.34016224
2023-08-02 04:00:00,188.28120559
2023-08-02 05:00:00,187.31068392
2023-08-02 06:00:00,186.34016224
2023-08-02 07:00:00,190.22224895
2023-08-02 08:00:00,193.13381399
2023-08-03 04:00:00,194.10433566
2023-08-03 05:00:00,196.28800944
2023-08-03 06:00:00,196.04537902
2023-08-03 07:00:00,194.34696608
2023-08-03 08:00:00,193.13381399
2023-08-04 04:00:00,193.86170524
2023-08-04 05:00:00,195.07485734
2023-08-04 06:00:00,193.13381399
2023-08-04 07:00:00,194.10433566
2023-08-04 08:00:00,193.13381399
2023-08-07 04:00:00,194.34696608
2023-08-07 05:00:00,195.07485734
2023-08-07 06:00:00,195.07485734
2023-08-07 07:00:00,193.86170524
2023-08-07 08:00:00,194.10433566
2023-08-08 04:00:00,190.46487937
2023-08-08 05:00:00,191.67803147
2023-08-08 06:00:00,191.67803147
2023-08-08 07:00:00,192.64855315
2023-08-08 08:00:00,194.5895965
2023-08-09 04:00:00,191.43540105
2023-08-09 05:00:00,193.13381399
2023-08-09 06:00:00,191.19277063
2023-08-09 07:00:00,193.13381399
2023-08-09 08:00:00,191.43540105
2023-08-10 04:00:00,193.61907483
2023-08-10 05:00:00,192.64855315
2023-08-10 06:00:00,193.86170524
2023-08-10 07:00:00,193.61907483
2023-08-10 08:00:00,193.13381399
2023-08-11 04:00:00,191.43540105
2023-08-11 06:00:00,192.16329231
2023-08-11 07:00:00,192.40592273
2023-08-11 08:00:00,193.13381399
2023-08-14 04:00:00,182.2154451
2023-08-14 05:00:00,183.4285972
2023-08-14 06:00:00,184.15648846
2023-08-14 07:00:00,183.91385804
2023-08-14 08:00:00,183.91385804
2023-08-15 04:00:00,183.18596678
2023-08-15 05:00:00,180.51703217
2023-08-15 06:00:00,179.54651049
2023-08-15 07:00:00,177.84809755
2023-08-15 08:00:00,176.87757587
2023-08-16 04:00:00,177.60546713
2023-08-16 05:00:00,177.60546713
2023-08-16 06:00:00,177.60546713
2023-08-16 07:00:00,177.60546713
2023-08-16 08:00:00,178.09072797
2023-08-17 04:00:00,178.57598881
2023-08-17 05:00:00,178.33335839
2023-08-17 06:00:00,177.84809755
2023-08-17 07:00:00,177.60546713
2023-08-17 08:00:00,177.36283671
2023-08-18 04:00:00,177.12020629
2023-08-18 05:00:00,177.12020629
2023-08-18 06:00:00,177.12020629
2023-08-18 07:00:00,176.63494545
2023-08-18 08:00:00,176.14968462
2023-08-21 04:00:00,176.63494545
2023-08-21 05:00:00,176.14968462
2023-08-21 06:00:00,176.14968462
2023-08-21 07:00:00,175.66442378
2023-08-21 08:00:00,170.32655455
2023-08-22 04:00:00,170.81181538
2023-08-22 05:00:00,170.81181538
2023-08-22 06:00:00,172.75285874
2023-08-22 07:00:00,170.81181538
2023-08-22 08:00:00,170.81181538
2023-08-23 04:00:00,172.75285874
2023-08-23 05:00:00,171.29707622
2023-08-23 06:00:00,173.72338042
2023-08-23 07:00:00,174.6939021
2023-08-23 08:00:00,176.39231504
2023-08-24 04:00:00,176.63494545
2023-08-24 05:00:00,174.6939021
2023-08-24 06:00:00,173.23811958
2023-08-24 07:00:00,172.51022832
2023-08-24 08:00:00,170.81181538
2023-08-25 04:00:00,169.84129371
2023-08-25 05:00:00,169.84129371
2023-08-25 06:00:00,169.84129371
2023-08-25 07:00:00,169.84129371
2023-08-25 08:00:00,169.84129371
2023-08-28 04:00:00,170.81181538
2023-08-28 05:00:00,169.84129371
2023-08-28 06:00:00,169.35603287
2023-08-28 07:00:00,168.14288077
2023-08-28 08:00:00,168.62814161
2023-08-29 04:00:00,167.41498951
2023-08-29 05:00:00,167.90025035
2023-08-29 06:00:00,167.41498951
2023-08-29 07:00:00,166.20183741
2023-08-29 08:00:00,166.92972867
2023-08-31 04:00:00,168.14288077
2023-08-31 05:00:00,164.26079406
2023-08-31 06:00:00,164.7460549
2023-08-31 07:00:00,164.7460549
2023-08-31 08:00:00,164.50342448
2023-09-01 04:00:00,162.56238112
2023-09-01 05:00:00,162.56238112
2023-09-01 06:00:00,162.07712028
2023-09-01 07:00:00,163.04764196
2023-09-01 08:00:00,164.98868531
2023-09-04 04:00:00,165.71657657
2023-09-04 05:00:00,165.47394615
2023-09-04 06:00:00,166.68709825
2023-09-04 07:00:00,167.41498951
2023-09-04 08:00:00,168.38551119
2023-09-05 04:00:00,172.75285874
2023-09-05 05:00:00,172.75285874
2023-09-05 06:00:00,174.6939021
2023-09-05 07:00:00,174.6939021
2023-09-05 08:00:00,175.66442378
2023-09-06 04:00:00,174.6939021
2023-09-06 05:00:00,174.6939021
2023-09-06 06:00:00,172.75285874
2023-09-06 07:00:00,171.78233706
2023-09-06 08:00:00,171.78233706
2023-09-07 04:00:00,174.45127168
2023-09-07 05:00:00,173.72338042
2023-09-07 06:00:00,172.75285874
2023-09-07 07:00:00,171.0544458
2023-09-07 08:00:00,171.78233706
2023-09-08 04:00:00,173.72338042
2023-09-08 06:00:00,172.99548916
2023-09-08 07:00:00,172.75285874
2023-09-08 08:00:00,172.51022832
2023-09-11 04:00:00,173.48075
2023-09-11 05:00:00,170.81181538
2023-09-11 06:00:00,169.84129371
2023-09-11 07:00:00,169.84129371
2023-09-11 08:00:00,169.84129371
2023-09-12 04:00:00,168.38551119
2023-09-12 05:00:00,167.41498951
2023-09-12 06:00:00,165.95920699
2023-09-12 07:00:00,168.62814161
2023-09-12 08:00:00,169.84129371
2023-09-13 04:00:00,168.87077203
2023-09-13 05:00:00,171.53970664
2023-09-13 06:00:00,169.84129371
2023-09-13 07:00:00,170.08392413
2023-09-13 08:00:00,171.0544458
2023-09-14 04:00:00,172.75285874
2023-09-14 05:00:00,172.75285874
2023-09-14 06:00:00,172.75285874
2023-09-14 07:00:00,170.32655455
2023-09-14 08:00:00,172.75285874
2023-09-15 04:00:00,170.32655455
2023-09-15 05:00:00,170.08392413
2023-09-15 06:00:00,169.84129371
2023-09-15 07:00:00,169.84129371
2023-09-15 08:00:00,169.59866329
2023-09-18 04:00:00,171.78233706
2023-09-18 05:00:00,168.87077203
2023-09-18 06:00:00,168.87077203
2023-09-18 07:00:00,168.87077203
2023-09-18 08:00:00,167.90025035
2023-09-19 04:00:00,169.84129371
2023-09-19 05:00:00,166.92972867
2023-09-19 06:00:00,165.23131573
2023-09-19 07:00:00,164.98868531
2023-09-19 08:00:00,164.98868531
2023-09-20 04:00:00,164.98868531
2023-09-20 05:00:00,164.7460549
2023-09-20 06:00:00,164.7460549
2023-09-20 07:00:00,164.98868531
2023-09-20 08:00:00,164.26079406
2023-09-21 04:00:00,164.7460549
2023-09-21 05:00:00,164.7460549
2023-09-21 06:00:00,163.5329028
2023-09-21 07:00:00,163.77553322
2023-09-21 08:00:00,163.04764196
2023-09-22 04:00:00,161.59185944
2023-09-22 05:00:00,161.59185944
2023-09-22 06:00:00,162.80501154
2023-09-22 07:00:00,162.07712028
2023-09-22 08:00:00,164.7460549
2023-09-25 04:00:00,164.98868531
2023-09-25 05:00:00,164.98868531
2023-09-25 06:00:00,164.50342448
2023-09-25 07:00:00,164.01816364
2023-09-25 08:00:00,164.01816364
2023-09-26 04:00:00,164.98868531
2023-09-26 05:00:00,164.98868531
2023-09-26 06:00:00,164.01816364
2023-09-26 07:00:00,164.50342448
2023-09-26 08:00:00,164.7460549
2023-09-27 04:00:00,165.95920699
2023-09-27 05:00:00,165.47394615
2023-09-27 06:00:00,166.44446783
2023-09-27 07:00:00,167.90025035
2023-09-27 08:00:00,166.92972867
2023-10-02 04:00:00,163.04764196
2023-10-02 05:00:00,163.04764196
2023-10-02 06:00:00,163.77553322
2023-10-02 07:00:00,164.7460549
2023-10-02 08:00:00,163.5329028
2023-10-03 04:00:00,163.5329028
2023-10-03 05:00:00,162.07712028
2023-10-03 06:00:00,162.3197507
2023-10-03 07:00:00,161.1065986
2023-10-03 08:00:00,159.16555524
2023-10-04 04:00:00,160.86396818
2023-10-04 05:00:00,160.86396818
2023-10-04 06:00:00,162.56238112
2023-10-04 07:00:00,161.1065986
2023-10-04 08:00:00,161.59185944
2023-10-05 04:00:00,162.80501154
2023-10-05 05:00:00,161.1065986
2023-10-05 06:00:00,161.1065986
2023-10-05 07:00:00,160.13607692
2023-10-05 08:00:00,162.56238112
2023-10-06 04:00:00,160.13607692
2023-10-06 05:00:00,159.16555524
2023-10-06 06:00:00,160.13607692
2023-10-06 07:00:00,159.16555524
2023-10-06 08:00:00,158.19503357
2023-10-09 04:00:00,153.58505559
2023-10-09 05:00:00,154.31294685
2023-10-09 06:00:00,154.79820769
2023-10-09 07:00:00,157.70977273
2023-10-09 08:00:00,158.19503357
2023-10-10 04:00:00,155.04083811
2023-10-10 05:00:00,155.28346853
2023-10-10 06:00:00,158.19503357
2023-10-10 07:00:00,158.19503357
2023-10-10 08:00:00,158.43766399
2023-10-11 04:00:00,155.76872937
2023-10-11 05:00:00,156.25399021
2023-10-11 06:00:00,158.92292483
2023-10-11 07:00:00,155.28346853
2023-10-11 08:00:00,156.98188147
2023-10-12 04:00:00,159.65081608
2023-10-12 05:00:00,160.13607692
2023-10-12 06:00:00,160.13607692
2023-10-12 07:00:00,159.16555524
2023-10-12 08:00:00,159.16555524
2023-10-13 04:00:00,158.19503357
2023-10-13 05:00:00,159.16555524
2023-10-13 06:00:00,160.13607692
2023-10-13 07:00:00,160.13607692
2023-10-13 08:00:00,158.19503357
2023-10-16 04:00:00,160.13607692
2023-10-16 05:00:00,158.19503357
2023-10-16 06:00:00,158.19503357
2023-10-16 07:00:00,159.16555524
2023-10-16 08:00:00,159.16555524
2023-10-17 05:00:00,159.16555524
2023-10-17 06:00:00,158.19503357
2023-10-17 07:00:00,158.43766399
2023-10-17 08:00:00,160.13607692
2023-10-18 04:00:00,159.8934465
2023-10-18 05:00:00,159.65081608
2023-10-18 06:00:00,157.95240315
2023-10-18 07:00:00,156.25399021
2023-10-18 08:00:00,157.22451189
2023-10-19 04:00:00,157.22451189
2023-10-19 05:00:00,156.25399021
2023-10-19 06:00:00,157.22451189
2023-10-19 07:00:00,157.22451189
2023-10-19 08:00:00,157.22451189
2023-10-20 04:00:00,158.68029441
2023-10-20 05:00:00,159.65081608
2023-10-20 06:00:00,162.56238112
2023-10-20 07:00:00,163.5329028
2023-10-20 08:00:00,163.5329028
2023-10-23 04:00:00,163.5329028
2023-10-23 05:00:00,163.04764196
2023-10-23 06:00:00,163.29027238
2023-10-23 07:00:00,161.59185944
2023-10-23 08:00:00,162.07712028
2023-10-24 04:00:00,161.59185944
2023-10-24 05:00:00,160.13607692
2023-10-24 06:00:00,160.13607692
2023-10-24 07:00:00,160.13607692
2023-10-24 08:00:00,160.13607692
2023-10-25 04:00:00,160.13607692
2023-10-25 05:00:00,159.8934465
2023-10-25 06:00:00,159.65081608
2023-10-25 07:00:00,159.16555524
2023-10-26 04:00:00,158.19503357
2023-10-26 05:00:00,158.19503357
2023-10-26 06:00:00,154.31294685
2023-10-26 07:00:00,155.52609895
2023-10-26 08:00:00,158.19503357
2023-10-27 04:00:00,158.19503357
2023-10-27 05:00:00,158.19503357
2023-10-27 06:00:00,160.13607692
2023-10-27 07:00:00,160.62133776
2023-10-30 04:00:00,160.13607692
2023-10-30 05:00:00,158.19503357
2023-10-30 06:00:00,162.56238112
2023-10-30 07:00:00,162.56238112
2023-10-30 08:00:00,160.13607692
2023-10-31 04:00:00,159.16555524
2023-10-31 05:00:00,160.13607692
2023-10-31 06:00:00,160.13607692
2023-10-31 07:00:00,158.92292483
2023-10-31 08:00:00,158.92292483
2023-11-01 04:00:00,160.13607692
2023-11-01 05:00:00,160.13607692
2023-11-01 06:00:00,160.13607692
2023-11-01 07:00:00,160.13607692
2023-11-01 08:00:00,162.56238112
2023-11-02 04:00:00,162.07712028
2023-11-02 05:00:00,162.07712028
2023-11-02 06:00:00,161.59185944
2023-11-02 07:00:00,161.1065986
2023-11-02 08:00:00,160.13607692
2023-11-03 04:00:00,161.1065986
2023-11-03 06:00:00,160.13607692
2023-11-03 07:00:00,159.40818566
2023-11-03 08:00:00,157.22451189
2023-11-06 04:00:00,163.77553322
2023-11-06 05:00:00,161.59185944
2023-11-06 06:00:00,163.04764196
2023-11-06 07:00:00,158.68029441
2023-11-06 08:00:00,162.07712028
2023-11-07 04:00:00,159.16555524
2023-11-07 05:00:00,159.16555524
2023-11-07 07:00:00,159.8934465
2023-11-07 08:00:00,162.07712028
2023-11-08 04:00:00,164.98868531
2023-11-08 05:00:00,168.87077203
2023-11-08 06:00:00,169.84129371
2023-11-08 07:00:00,165.71657657
2023-11-08 08:00:00,165.47394615
2023-11-09 04:00:00,165.47394615
2023-11-09 05:00:00,165.47394615
2023-11-09 06:00:00,164.01816364
2023-11-09 07:00:00,164.01816364
2023-11-09 08:00:00,164.26079406
2023-11-10 04:00:00,163.04764196
2023-11-10 05:00:00,162.07712028
2023-11-10 06:00:00,161.59185944
2023-11-10 07:00:00,161.59185944
2023-11-10 08:00:00,162.07712028
2023-11-13 04:00:00,164.98868531
2023-11-13 05:00:00,167.90025035
2023-11-13 06:00:00,167.17235909
2023-11-13 07:00:00,169.84129371
2023-11-13 08:00:00,169.84129371
2023-11-14 05:00:00,169.84129371
2023-11-14 06:00:00,164.26079406
2023-11-14 07:00:00,166.44446783
2023-11-14 08:00:00,164.98868531
2023-11-15 04:00:00,164.98868531
2023-11-15 05:00:00,165.95920699
2023-11-15 06:00:00,164.98868531
2023-11-15 07:00:00,164.98868531
2023-11-15 08:00:00,164.98868531
2023-11-16 04:00:00,164.01816364
2023-11-16 05:00:00,163.5329028
2023-11-16 06:00:00,164.01816364
2023-11-16 07:00:00,163.5329028
2023-11-16 08:00:00,163.04764196
2023-11-17 05:00:00,164.01816364
2023-11-17 06:00:00,162.3197507
2023-11-17 07:00:00,162.80501154
2023-11-17 08:00:00,162.80501154
2023-11-20 04:00:00,163.04764196
2023-11-20 05:00:00,162.07712028
2023-11-20 06:00:00,162.80501154
2023-11-20 07:00:00,162.07712028
2023-11-20 08:00:00,163.04764196
2023-11-21 04:00:00,164.7460549
2023-11-21 05:00:00,164.98868531
2023-11-21 06:00:00,163.5329028
2023-11-21 07:00:00,163.04764196
2023-11-21 08:00:00,162.56238112
2023-11-22 04:00:00,163.04764196
2023-11-22 05:00:00,162.07712028
2023-11-22 07:00:00,162.07712028
2023-11-22 08:00:00,162.07712028
2023-11-23 05:00:00,163.77553322
2023-11-23 06:00:00,162.56238112
2023-11-23 08:00:00,162.56238112
2023-11-24 04:00:00,163.04764196
2023-11-24 05:00:00,163.04764196
2023-11-24 06:00:00,163.04764196
2023-11-24 08:00:00,161.34922902
2023-11-27 04:00:00,160.13607692
2023-11-27 05:00:00,160.13607692
2023-11-27 06:00:00,160.13607692
2023-11-27 07:00:00,160.13607692
2023-11-27 08:00:00,160.13607692
2023-11-28 04:00:00,159.40818566
2023-11-28 05:00:00,159.16555524
2023-11-28 06:00:00,159.40818566
2023-11-28 07:00:00,159.16555524
2023-11-28 08:00:00,158.92292483
2023-11-29 04:00:00,159.16555524
2023-11-29 05:00:00,160.86396818
2023-11-29 06:00:00,159.40818566
2023-11-29 07:00:00,160.13607692
2023-11-29 08:00:00,160.13607692
2023-11-30 04:00:00,160.13607692
2023-11-30 05:00:00,160.13607692
2023-11-30 06:00:00,159.16555524
2023-11-30 07:00:00,160.13607692
2023-11-30 08:00:00,162.07712028
2023-12-01 04:00:00,164.7460549
2023-12-01 05:00:00,164.7460549
2023-12-01 06:00:00,164.01816364
2023-12-01 07:00:00,164.98868531
2023-12-01 08:00:00,164.98868531
2023-12-04 04:00:00,166.92972867
2023-12-04 05:00:00,166.92972867
2023-12-04 06:00:00,165.95920699
2023-12-04 07:00:00,164.98868531
2023-12-04 08:00:00,164.98868531
2023-12-05 04:00:00,164.98868531
2023-12-05 05:00:00,164.98868531
2023-12-05 06:00:00,164.98868531
2023-12-05 07:00:00,164.98868531
2023-12-05 08:00:00,164.98868531
2023-12-06 04:00:00,164.98868531
2023-12-06 05:00:00,164.98868531
2023-12-06 06:00:00,164.98868531
2023-12-06 07:00:00,164.50342448
2023-12-06 08:00:00,164.98868531
2023-12-07 04:00:00,164.98868531
2023-12-07 05:00:00,164.98868531
2023-12-07 06:00:00,164.01816364
2023-12-07 07:00:00,164.01816364
2023-12-07 08:00:00,163.5329028
2023-12-08 04:00:00,164.26079406
2023-12-08 05:00:00,164.01816364
2023-12-08 06:00:00,164.01816364
2023-12-08 07:00:00,164.01816364
2023-12-08 08:00:00,163.77553322
2023-12-11 04:00:00,164.98868531
2023-12-11 05:00:00,164.01816364
2023-12-11 06:00:00,163.29027238
2023-12-11 07:00:00,164.01816364
2023-12-11 08:00:00,163.5329028
2023-12-12 04:00:00,163.5329028
2023-12-12 05:00:00,164.01816364
2023-12-12 06:00:00,164.01816364
2023-12-12 07:00:00,163.5329028
2023-12-12 08:00:00,163.5329028
2023-12-13 04:00:00,163.04764196
2023-12-13 05:00:00,164.01816364
2023-12-13 07:00:00,163.29027238
2023-12-13 08:00:00,163.5329028
2023-12-14 04:00:00,163.29027238
2023-12-14 05:00:00,163.29027238
2023-12-14 07:00:00,163.29027238
2023-12-14 08:00:00,163.04764196
2023-12-15 04:00:00,163.04764196
2023-12-15 05:00:00,162.07712028
2023-12-15 06:00:00,162.3197507
2023-12-15 07:00:00,162.3197507
2023-12-15 08:00:00,162.07712028
2023-12-18 04:00:00,160.86396818
2023-12-18 05:00:00,161.1065986
2023-12-18 06:00:00,160.13607692
2023-12-18 07:00:00,160.13607692
2023-12-18 08:00:00,159.8934465
2023-12-19 04:00:00,159.8934465
2023-12-19 05:00:00,159.65081608
2023-12-19 06:00:00,159.16555524
2023-12-19 07:00:00,159.16555524
2023-12-19 08:00:00,158.43766399
2023-12-20 04:00:00,159.16555524
2023-12-20 05:00:00,160.13607692
2023-12-20 06:00:00,159.16555524
2023-12-20 07:00:00,158.68029441
2023-12-20 08:00:00,160.13607692
2023-12-21 04:00:00,160.37870734
2023-12-21 05:00:00,160.37870734
2023-12-21 06:00:00,162.07712028
2023-12-21 07:00:00,163.04764196
2023-12-21 08:00:00,162.07712028
2023-12-22 04:00:00,162.07712028
2023-12-22 05:00:00,163.04764196
2023-12-22 06:00:00,161.1065986
2023-12-22 07:00:00,162.80501154
2023-12-22 08:00:00,160.13607692
2023-12-27 04:00:00,159.16555524
2023-12-27 05:00:00,159.16555524
2023-12-27 06:00:00,160.13607692
2023-12-27 08:00:00,160.13607692
2023-12-28 04:00:00,162.07712028
2023-12-28 05:00:00,162.07712028
2023-12-28 08:00:00,161.59185944
2023-12-29 04:00:00,161.1065986
2023-12-29 05:00:00,163.04764196
2023-12-29 06:00:00,163.04764196
2023-12-29 07:00:00,161.59185944
2023-12-29 08:00:00,164.98868531
2024-01-02 04:00:00,164.98868531
2024-01-02 05:00:00,164.7460549
2024-01-02 06:00:00,164.98868531
2024-01-02 07:00:00,164.98868531
2024-01-02 08:00:00,164.98868531
2024-01-03 04:00:00,165.95920699
2024-01-03 05:00:00,164.98868531
2024-01-03 06:00:00,165.95920699
2024-01-03 07:00:00,165.95920699
2024-01-03 08:00:00,165.95920699
2024-01-04 04:00:00,164.01816364
2024-01-04 05:00:00,164.01816364
2024-01-04 06:00:00,163.5329028
2024-01-04 07:00:00,164.01816364
2024-01-04 08:00:00,164.01816364
2024-01-05 04:00:00,164.01816364
2024-01-05 05:00:00,163.5329028
2024-01-05 06:00:00,164.01816364
2024-01-05 07:00:00,164.01816364
2024-01-05 08:00:00,162.07712028
2024-01-08 04:00:00,164.7460549
2024-01-08 05:00:00,162.07712028
2024-01-08 06:00:00,161.1065986
2024-01-08 07:00:00,163.5329028
2024-01-08 08:00:00,161.34922902
2024-01-09 04:00:00,163.04764196
2024-01-09 06:00:00,162.07712028
2024-01-09 07:00:00,162.07712028
2024-01-09 08:00:00,162.56238112
2024-01-10 04:00:00,161.59185944
2024-01-10 05:00:00,160.13607692
2024-01-10 06:00:00,161.59185944
2024-01-10 07:00:00,161.1065986
2024-01-10 08:00:00,161.59185944
2024-01-11 04:00:00,159.16555524
2024-01-11 05:00:00,159.16555524
2024-01-11 06:00:00,160.13607692
2024-01-11 07:00:00,160.13607692
2024-01-11 08:00:00,160.13607692
2024-01-12 04:00:00,159.8934465
2024-01-12 05:00:00,159.8934465
2024-01-12 07:00:00,159.65081608
2024-01-12 08:00:00,159.16555524
2024-01-16 04:00:00,159.16555524
2024-01-16 05:00:00,159.16555524
2024-01-16 06:00:00,158.43766399
2024-01-16 07:00:00,158.43766399
2024-01-16 08:00:00,158.92292483
2024-01-17 04:00:00,158.19503357
2024-01-17 06:00:00,158.19503357
2024-01-17 07:00:00,157.22451189
2024-01-17 08:00:00,156.25399021
2024-01-18 04:00:00,156.25399021
2024-01-18 05:00:00,155.28346853
2024-01-18 06:00:00,155.28346853
2024-01-18 07:00:00,154.79820769
2024-01-18 08:00:00,155.28346853
2024-01-19 04:00:00,155.28346853
2024-01-19 05:00:00,155.28346853
2024-01-19 06:00:00,154.55557727
2024-01-19 07:00:00,154.31294685
2024-01-19 08:00:00,154.31294685
2024-01-22 04:00:00,155.28346853
2024-01-22 05:00:00,154.31294685
2024-01-22 06:00:00,155.28346853
2024-01-22 07:00:00,155.28346853
2024-01-22 08:00:00,154.31294685
2024-01-23 04:00:00,153.34242517
2024-01-23 05:00:00,154.31294685
2024-01-23 06:00:00,152.85716434
2024-01-23 07:00:00,152.3719035
2024-01-23 08:00:00,154.31294685
2024-01-24 04:00:00,153.58505559
2024-01-24 05:00:00,154.31294685
2024-01-24 06:00:00,153.34242517
2024-01-24 07:00:00,153.34242517
2024-01-26 04:00:00,154.07031643
2024-01-26 05:00:00,153.34242517
2024-01-26 06:00:00,153.34242517
2024-01-26 07:00:00,153.34242517
2024-01-26 08:00:00,152.85716434
2024-01-29 04:00:00,152.3719035
2024-01-29 05:00:00,152.3719035
2024-01-29 06:00:00,150.43086014
2024-01-29 07:00:00,150.43086014
2024-01-29 08:00:00,150.43086014
2024-01-30 04:00:00,148.48981678
2024-01-30 05:00:00,148.97507762
2024-01-30 06:00:00,150.43086014
2024-01-30 07:00:00,150.43086014
2024-01-30 08:00:00,150.43086014
2024-01-31 04:00:00,150.43086014
2024-01-31 05:00:00,150.43086014
2024-01-31 06:00:00,150.43086014
2024-01-31 07:00:00,149.46033846
2024-01-31 08:00:00,150.91612098
2024-02-01 04:00:00,150.91612098
2024-02-01 05:00:00,151.40138182
2024-02-01 06:00:00,150.67349056
2024-02-01 07:00:00,151.40138182
2024-02-01 08:00:00,153.34242517
2024-02-02 04:00:00,155.04083811
2024-02-02 05:00:00,155.28346853
2024-02-02 06:00:00,155.28346853
2024-02-02 07:00:00,155.28346853
2024-02-02 08:00:00,154.31294685
2024-02-06 04:00:00,155.28346853
2024-02-06 05:00:00,160.13607692
2024-02-06 06:00:00,160.13607692
2024-02-06 07:00:00,159.8934465
2024-02-06 08:00:00,156.25399021
2024-02-07 04:00:00,156.25399021
2024-02-07 05:00:00,156.25399021
2024-02-07 06:00:00,157.22451189
2024-02-07 07:00:00,156.98188147
2024-02-07 08:00:00,155.28346853
2024-02-08 04:00:00,156.25399021
2024-02-08 05:00:00,157.22451189
2024-02-08 06:00:00,158.19503357
2024-02-08 07:00:00,156.25399021
2024-02-08 08:00:00,156.73925105
2024-02-09 04:00:00,156.25399021
2024-02-09 05:00:00,159.16555524
2024-02-09 06:00:00,158.19503357
2024-02-09 07:00:00,156.25399021
2024-02-09 08:00:00,155.76872937
2024-02-12 04:00:00,160.13607692
2024-02-12 05:00:00,159.16555524
2024-02-12 06:00:00,158.43766399
2024-02-12 07:00:00,159.16555524
2024-02-12 08:00:00,158.19503357
2024-02-13 04:00:00,158.19503357
2024-02-13 05:00:00,157.22451189
2024-02-13 06:00:00,157.22451189
2024-02-13 07:00:00,157.22451189
2024-02-13 08:00:00,157.22451189
2024-02-14 05:00:00,157.22451189
2024-02-14 07:00:00,158.19503357
2024-02-14 08:00:00,158.19503357
2024-02-15 04:00:00,159.16555524
2024-02-15 05:00:00,158.43766399
2024-02-15 06:00:00,158.19503357
2024-02-15 07:00:00,157.22451189
2024-02-15 08:00:00,157.46714231
2024-02-16 04:00:00,160.13607692
2024-02-16 05:00:00,159.65081608
2024-02-16 06:00:00,159.16555524
2024-02-16 07:00:00,159.16555524
2024-02-16 08:00:00,158.19503357
2024-02-19 04:00:00,159.16555524
2024-02-19 05:00:00,157.22451189
2024-02-19 06:00:00,157.46714231
2024-02-19 07:00:00,158.92292483
2024-02-19 08:00:00,157.46714231
2024-02-20 04:00:00,156.49662063
2024-02-20 05:00:00,156.73925105
2024-02-20 06:00:00,156.25399021
2024-02-20 07:00:00,156.98188147
2024-02-20 08:00:00,155.28346853
2024-02-21 04:00:00,155.04083811
2024-02-21 05:00:00,154.31294685
2024-02-21 06:00:00,155.04083811
2024-02-21 07:00:00,154.79820769
2024-02-21 08:00:00,155.04083811
2024-02-22 04:00:00,155.04083811
2024-02-22 05:00:00,154.07031643
2024-02-22 06:00:00,154.07031643
2024-02-22 07:00:00,154.31294685
2024-02-22 08:00:00,153.82768601
2024-02-26 04:00:00,155.04083811
2024-02-26 05:00:00,154.31294685
2024-02-26 06:00:00,153.82768601
2024-02-26 07:00:00,153.58505559
2024-02-26 08:00:00,153.34242517
2024-02-27 04:00:00,153.09979476
2024-02-27 05:00:00,152.85716434
2024-02-27 06:00:00,154.79820769
2024-02-27 07:00:00,154.31294685
2024-02-27 08:00:00,153.34242517
2024-02-28 04:00:00,154.31294685
2024-02-28 05:00:00,152.85716434
2024-02-28 06:00:00,155.04083811
2024-02-28 07:00:00,152.85716434
2024-02-28 08:00:00,153.82768601
2024-02-29 04:00:00,153.34242517
2024-02-29 05:00:00,152.85716434
2024-02-29 06:00:00,151.88664266
2024-02-29 07:00:00,153.09979476
2024-02-29 08:00:00,150.43086014
2024-03-01 04:00:00,156.25399021
2024-03-01 05:00:00,152.3719035
2024-03-01 06:00:00,153.34242517
2024-03-01 07:00:00,153.34242517
2024-03-01 08:00:00,153.09979476
2024-03-04 04:00:00,154.31294685
2024-03-04 05:00:00,154.31294685
2024-03-04 06:00:00,155.28346853
2024-03-04 07:00:00,155.28346853
2024-03-04 08:00:00,154.31294685
2024-03-05 04:00:00,153.34242517
2024-03-05 05:00:00,153.34242517
2024-03-05 06:00:00,152.3719035
2024-03-05 07:00:00,152.3719035
2024-03-05 08:00:00,151.40138182
2024-03-06 04:00:00,152.3719035
2024-03-06 05:00:00,152.3719035
2024-03-06 06:00:00,152.3719035
2024-03-06 07:00:00,152.3719035
2024-03-06 08:00:00,152.3719035
2024-03-07 04:00:00,152.12927308
2024-03-07 05:00:00,151.40138182
2024-03-07 06:00:00,151.64401224
2024-03-07 07:00:00,152.3719035
2024-03-07 08:00:00,155.28346853
2024-03-11 04:00:00,155.28346853
2024-03-11 05:00:00,154.79820769
2024-03-11 06:00:00,155.28346853
2024-03-11 07:00:00,154.79820769
2024-03-11 08:00:00,155.04083811
2024-03-12 04:00:00,154.79820769
2024-03-12 05:00:00,155.28346853
2024-03-12 06:00:00,155.28346853
2024-03-12 07:00:00,155.28346853
2024-03-12 08:00:00,156.98188147
2024-03-13 04:00:00,157.70977273
2024-03-13 05:00:00,162.80501154
2024-03-13 06:00:00,160.13607692
2024-03-13 07:00:00,160.13607692
2024-03-13 08:00:00,162.07712028
2024-03-14 04:00:00,162.07712028
2024-03-14 05:00:00,162.56238112
2024-03-14 06:00:00,161.59185944
2024-03-14 07:00:00,161.1065986
2024-03-14 08:00:00,161.59185944
2024-03-15 04:00:00,162.07712028
2024-03-15 05:00:00,162.07712028
2024-03-15 06:00:00,161.59185944
2024-03-15 07:00:00,161.34922902
2024-03-15 08:00:00,161.1065986
2024-03-18 04:00:00,162.07712028
2024-03-18 05:00:00,161.83448986
2024-03-18 06:00:00,161.34922902
2024-03-18 07:00:00,161.83448986
2024-03-18 08:00:00,161.59185944
2024-03-19 04:00:00,162.07712028
2024-03-19 05:00:00,161.83448986
2024-03-19 06:00:00,161.83448986
2024-03-19 07:00:00,162.07712028
2024-03-19 08:00:00,161.83448986
2024-03-20 04:00:00,162.07712028
2024-03-20 05:00:00,162.07712028
2024-03-20 06:00:00,161.1065986
2024-03-20 07:00:00,161.1065986
2024-03-20 08:00:00,161.1065986
2024-03-21 04:00:00,159.40818566
2024-03-21 05:00:00,159.40818566
2024-03-21 06:00:00,159.16555524
2024-03-21 07:00:00,159.16555524
2024-03-21 08:00:00,157.22451189
2024-03-22 04:00:00,160.13607692
2024-03-22 05:00:00,160.13607692
2024-03-22 06:00:00,160.62133776
2024-03-22 07:00:00,161.34922902
2024-03-22 08:00:00,161.1065986
2024-03-25 04:00:00,161.83448986
2024-03-25 05:00:00,162.80501154
2024-03-25 06:00:00,162.07712028
2024-03-25 07:00:00,162.07712028
2024-03-25 08:00:00,162.07712028
2024-03-26 04:00:00,166.92972867
2024-03-26 05:00:00,166.92972867
2024-03-26 06:00:00,166.92972867
2024-03-26 07:00:00,167.90025035
2024-03-26 08:00:00,169.35603287
2024-03-27 04:00:00,170.81181538
2024-03-27 05:00:00,171.29707622
2024-03-27 06:00:00,171.29707622
2024-03-27 07:00:00,172.75285874
2024-03-27 08:00:00,171.78233706
2024-03-28 04:00:00,174.93653252
2024-03-28 05:00:00,175.66442378
2024-03-28 06:00:00,175.66442378
2024-03-28 07:00:00,174.93653252
2024-03-28 08:00:00,174.45127168
2024-04-01 04:00:00,172.6409755
2024-04-01 05:00:00,173.879433
2024-04-01 06:00:00,174.870199
2024-04-01 07:00:00,176.356348
2024-04-01 08:00:00,180.319412
2024-04-02 04:00:00,183.29171
2024-04-02 05:00:00,183.29171
2024-04-02 06:00:00,183.29171
2024-04-02 07:00:00,182.300944
2024-04-02 08:00:00,183.29171
2024-04-03 04:00:00,180.5671035
2024-04-03 05:00:00,180.814795
2024-04-03 06:00:00,188.24554
2024-04-03 07:00:00,189.236306
2024-04-03 08:00:00,188.740923
2024-04-04 04:00:00,192.9516785
2024-04-04 05:00:00,194.190136
2024-04-04 06:00:00,193.9424445
2024-04-04 07:00:00,193.19937
2024-04-04 08:00:00,193.19937
2024-04-05 04:00:00,194.190136
2024-04-05 05:00:00,194.685519
2024-04-05 06:00:00,196.171668
2024-04-05 07:00:00,195.180902
2024-04-05 08:00:00,198.1532
2024-04-08 04:00:00,198.1532
2024-04-08 05:00:00,198.648583
2024-04-08 06:00:00,199.143966
2024-04-08 07:00:00,198.4008915
2024-04-08 08:00:00,198.1532
2024-04-09 04:00:00,196.171668
2024-04-09 05:00:00,197.4101255
2024-04-09 06:00:00,198.1532
2024-04-09 07:00:00,198.1532
2024-04-09 08:00:00,199.143966
2024-04-10 04:00:00,203.602413
2024-04-10 05:00:00,200.134732
2024-04-10 06:00:00,202.116264
2024-04-15 04:00:00,200.134732
2024-04-15 05:00:00,201.620881
2024-04-15 06:00:00,200.630115
2024-04-15 07:00:00,201.125498
2024-04-15 08:00:00,197.162434
2024-04-16 04:00:00,193.4470615
2024-04-16 05:00:00,194.190136
2024-04-16 06:00:00,195.180902
2024-04-16 07:00:00,194.190136
2024-04-16 08:00:00,194.685519
2024-04-17 04:00:00,194.190136
2024-04-17 05:00:00,192.208604
2024-04-17 06:00:00,191.713221
2024-04-17 07:00:00,193.19937
2024-04-17 08:00:00,192.208604
2024-04-18 04:00:00,190.722455
2024-04-18 05:00:00,190.722455
2024-04-18 06:00:00,191.217838
2024-04-18 07:00:00,191.217838
2024-04-18 08:00:00,190.227072
2024-04-19 04:00:00,188.24554
2024-04-19 05:00:00,188.24554
2024-04-19 06:00:00,187.254774
2024-04-19 07:00:00,187.9978485
2024-04-19 08:00:00,188.24554
2024-04-22 04:00:00,188.24554
2024-04-22 05:00:00,189.236306
2024-04-22 06:00:00,189.236306
2024-04-22 07:00:00,188.4932315
2024-04-22 08:00:00,188.740923
2024-04-24 04:00:00,187.9978485
2024-04-24 05:00:00,188.24554
2024-04-24 06:00:00,188.24554
2024-04-24 07:00:00,187.9978485
2024-04-24 08:00:00,187.254774
2024-04-25 04:00:00,187.0070825
2024-04-25 05:00:00,193.4470615
2024-04-25 06:00:00,194.9332105
2024-04-25 07:00:00,195.180902
2024-04-25 08:00:00,195.180902
2024-04-26 04:00:00,197.9055085
2024-04-26 05:00:00,197.9055085
2024-04-26 06:00:00,198.1532
2024-04-26 07:00:00,197.4101255
2024-04-26 08:00:00,198.1532
2024-04-29 04:00:00,199.143966
2024-04-29 05:00:00,199.639349
2024-04-29 06:00:00,203.10703
2024-04-29 07:00:00,202.116264
2024-04-29 08:00:00,201.620881
2024-04-30 04:00:00,201.125498
2024-04-30 05:00:00,201.125498
2024-04-30 06:00:00,203.602413
2024-04-30 07:00:00,203.8501045
2024-04-30 08:00:00,202.611647
2024-05-02 04:00:00,201.620881
2024-05-02 05:00:00,201.125498
2024-05-02 06:00:00,200.134732
2024-05-02 07:00:00,199.639349
2024-05-02 08:00:00,199.3916575
2024-05-03 04:00:00,197.657817
2024-05-03 05:00:00,198.1532
2024-05-03 06:00:00,198.1532
2024-05-03 07:00:00,199.3916575
2024-05-03 08:00:00,199.3916575
2024-05-06 04:00:00,197.657817
2024-05-06 05:00:00,197.162434
2024-05-06 06:00:00,197.162434
2024-05-06 08:00:00,198.1532
2024-05-07 04:00:00,197.9055085
2024-05-07 05:00:00,197.162434
2024-05-07 06:00:00,197.162434
2024-05-07 07:00:00,195.676285
2024-05-07 08:00:00,196.171668
2024-05-08 04:00:00,196.171668
2024-05-08 05:00:00,196.171668
2024-05-08 06:00:00,195.9239765
2024-05-08 07:00:00,196.171668
2024-05-08 08:00:00,195.9239765
2024-05-09 04:00:00,194.190136
2024-05-09 05:00:00,196.171668
2024-05-09 06:00:00,197.162434
2024-05-09 07:00:00,198.1532
2024-05-09 08:00:00,201.125498
2024-05-10 04:00:00,203.10703
2024-05-10 05:00:00,202.116264
2024-05-10 06:00:00,201.125498
2024-05-10 07:00:00,201.8685725
2024-05-10 08:00:00,202.116264
2024-05-13 04:00:00,201.8685725
2024-05-13 05:00:00,201.125498
2024-05-13 06:00:00,200.3824235
2024-05-13 07:00:00,200.3824235
2024-05-13 08:00:00,201.125498
2024-05-14 04:00:00,200.134732
2024-05-14 05:00:00,199.143966
2024-05-14 06:00:00,198.1532
2024-05-14 07:00:00,197.162434
2024-05-14 08:00:00,198.1532
2024-05-15 04:00:00,198.1532
2024-05-15 05:00:00,197.162434
2024-05-15 06:00:00,195.180902
2024-05-15 07:00:00,195.4285935
2024-05-15 08:00:00,193.19937
2024-05-16 04:00:00,195.180902
2024-05-16 05:00:00,195.180902
2024-05-16 06:00:00,193.19937
2024-05-16 07:00:00,193.4470615
2024-05-16 08:00:00,195.180902
2024-05-17 04:00:00,193.19937
2024-05-17 05:00:00,191.217838
2024-05-17 06:00:00,193.19937
2024-05-17 07:00:00,193.4470615
2024-05-17 08:00:00,193.694753
2024-05-20 04:00:00,193.19937
2024-05-20 05:00:00,192.703987
2024-05-20 06:00:00,192.208604
2024-05-20 07:00:00,193.19937
2024-05-20 08:00:00,193.19937
2024-05-21 04:00:00,191.9609125
2024-05-21 05:00:00,192.703987
2024-05-21 06:00:00,192.4562955
2024-05-21 07:00:00,192.208604
2024-05-21 08:00:00,193.9424445
2024-05-22 04:00:00,194.190136
2024-05-22 05:00:00,194.4378275
2024-05-22 06:00:00,196.171668
2024-05-22 07:00:00,197.9055085
2024-05-22 08:00:00,196.171668
2024-05-27 04:00:00,197.657817
2024-05-27 05:00:00,197.162434
2024-05-27 06:00:00,197.657817
2024-05-27 07:00:00,197.162434
2024-05-27 08:00:00,197.9055085
2024-05-28 04:00:00,197.162434
2024-05-28 05:00:00,196.171668
2024-05-28 06:00:00,193.4470615
2024-05-28 07:00:00,194.190136
2024-05-28 08:00:00,194.190136
2024-05-29 04:00:00,194.190136
2024-05-29 05:00:00,192.703987
2024-05-29 06:00:00,192.208604
2024-05-29 07:00:00,192.208604
2024-05-29 08:00:00,192.208604
2024-05-30 04:00:00,191.217838
2024-05-30 05:00:00,191.4655295
2024-05-30 06:00:00,191.4655295
2024-05-30 07:00:00,192.208604
2024-05-30 08:00:00,193.19937
2024-05-31 04:00:00,191.217838
2024-05-31 05:00:00,196.4193595
2024-05-31 06:00:00,193.19937
2024-05-31 07:00:00,192.9516785
2024-05-31 08:00:00,195.180902
2024-06-03 04:00:00,194.9332105
2024-06-03 05:00:00,194.685519
2024-06-03 06:00:00,194.685519
2024-06-03 07:00:00,192.208604
2024-06-03 08:00:00,194.190136
2024-06-04 04:00:00,193.19937
2024-06-04 05:00:00,193.19937
2024-06-04 06:00:00,194.190136
2024-06-04 07:00:00,194.685519
2024-06-04 08:00:00,193.19937
2024-06-05 04:00:00,196.171668
2024-06-05 05:00:00,196.171668
2024-06-05 07:00:00,196.171668
2024-06-05 08:00:00,201.620881
2024-06-06 04:00:00,202.3639555
2024-06-06 05:00:00,202.3639555
2024-06-06 06:00:00,201.125498
2024-06-06 07:00:00,202.8593385
2024-06-06 08:00:00,201.125498
2024-06-07 04:00:00,202.8593385
2024-06-07 05:00:00,202.611647
2024-06-07 06:00:00,203.10703
2024-06-07 07:00:00,203.10703
2024-06-07 08:00:00,204.097796
2024-06-10 04:00:00,205.088562
2024-06-10 05:00:00,203.10703
2024-06-10 06:00:00,204.8408705
2024-06-10 07:00:00,203.8501045
2024-06-10 08:00:00,203.8501045
2024-06-11 04:00:00,203.10703
2024-06-11 05:00:00,203.10703
2024-06-11 06:00:00,203.602413
2024-06-11 07:00:00,204.097796
2024-06-11 08:00:00,203.10703
2024-06-12 04:00:00,203.10703
2024-06-12 05:00:00,203.10703
2024-06-12 06:00:00,203.10703
2024-06-12 07:00:00,203.10703
2024-06-12 08:00:00,203.10703
2024-06-13 04:00:00,202.611647
2024-06-13 05:00:00,202.611647
2024-06-13 06:00:00,202.3639555
2024-06-13 07:00:00,201.8685725
2024-06-13 08:00:00,202.611647
2024-06-14 04:00:00,202.116264
2024-06-14 05:00:00,201.125498
2024-06-14 06:00:00,201.125498
2024-06-14 07:00:00,201.125498
2024-06-14 08:00:00,201.125498
2024-06-18 04:00:00,199.143966
2024-06-18 05:00:00,199.143966
2024-06-18 06:00:00,199.143966
2024-06-18 07:00:00,198.8962745
2024-06-18 08:00:00,198.1532
2024-06-19 04:00:00,198.1532
2024-06-19 05:00:00,197.9055085
2024-06-19 06:00:00,197.657817
2024-06-19 07:00:00,197.9055085
2024-06-19 08:00:00,198.1532
2024-06-20 04:00:00,198.1532
2024-06-20 05:00:00,198.1532
2024-06-20 06:00:00,199.143966
2024-06-20 07:00:00,199.143966
2024-06-20 08:00:00,199.3916575
2024-06-24 04:00:00,203.3547215
2024-06-24 05:00:00,202.611647
2024-06-24 06:00:00,201.620881
2024-06-24 07:00:00,201.620881
2024-06-24 08:00:00,203.10703
2024-06-25 04:00:00,204.097796
2024-06-25 05:00:00,204.3454875
2024-06-25 06:00:00,204.097796
2024-06-25 07:00:00,204.097796
2024-06-25 08:00:00,204.097796
2024-06-26 04:00:00,205.088562
2024-06-26 05:00:00,205.088562
2024-06-26 06:00:00,204.3454875
2024-06-26 07:00:00,204.8408705
2024-06-26 08:00:00,204.8408705
2024-06-27 04:00:00,204.593179
2024-06-27 05:00:00,202.611647
2024-06-27 06:00:00,202.116264
2024-06-27 07:00:00,202.116264
2024-06-27 08:00:00,201.125498
2024-06-28 04:00:00,201.3731895
2024-06-28 05:00:00,198.1532
2024-06-28 06:00:00,198.1532
2024-06-28 07:00:00,200.8778065
2024-06-28 08:00:00,203.10703
2024-07-01 04:00:00,203.10703
2024-07-01 05:00:00,200.134732
2024-07-01 06:00:00,200.630115
2024-07-01 07:00:00,199.8870405
2024-07-01 08:00:00,199.8870405
2024-07-02 04:00:00,201.125498
2024-07-02 05:00:00,201.125498
2024-07-02 06:00:00,200.630115
2024-07-02 07:00:00,200.630115
2024-07-02 08:00:00,200.134732
2024-07-03 04:00:00,200.134732
2024-07-03 06:00:00,200.134732
2024-07-03 07:00:00,199.143966
2024-07-03 08:00:00,196.171668
2024-07-04 04:00:00,198.1532
2024-07-04 05:00:00,195.676285
2024-07-04 06:00:00,195.676285
2024-07-04 07:00:00,196.171668
2024-07-04 08:00:00,198.1532
2024-07-05 04:00:00,195.180902
2024-07-05 05:00:00,196.171668
2024-07-05 06:00:00,196.171668
2024-07-05 07:00:00,196.667051
2024-07-05 08:00:00,196.171668
2024-07-08 04:00:00,195.180902
2024-07-08 05:00:00,194.685519
2024-07-08 06:00:00,193.9424445
2024-07-08 07:00:00,194.190136
2024-07-08 08:00:00,193.9424445
2024-07-09 04:00:00,195.676285
2024-07-09 05:00:00,193.19937
2024-07-09 06:00:00,195.4285935
2024-07-09 07:00:00,193.4470615
2024-07-09 08:00:00,193.19937
2024-07-10 04:00:00,193.19937
2024-07-10 05:00:00,195.180902
2024-07-10 06:00:00,194.190136
2024-07-10 07:00:00,194.190136
2024-07-10 08:00:00,193.19937
2024-07-11 04:00:00,194.685519
2024-07-11 05:00:00,194.685519
2024-07-11 06:00:00,194.190136
2024-07-11 07:00:00,193.19937
2024-07-11 08:00:00,194.190136
2024-07-12 04:00:00,193.19937
2024-07-12 05:00:00,193.19937
2024-07-12 06:00:00,192.703987
2024-07-12 07:00:00,193.19937
2024-07-12 08:00:00,193.9424445
2024-07-15 04:00:00,197.162434
2024-07-15 05:00:00,197.162434
2024-07-15 06:00:00,196.9147425
2024-07-15 08:00:00,194.190136
2024-07-16 04:00:00,201.125498
2024-07-16 05:00:00,199.3916575
2024-07-16 06:00:00,197.162434
2024-07-16 07:00:00,195.676285
2024-07-16 08:00:00,195.4285935
2024-07-17 04:00:00,194.190136
2024-07-17 05:00:00,194.190136
2024-07-17 06:00:00,193.19937
2024-07-17 07:00:00,195.180902
2024-07-17 08:00:00,194.190136
2024-07-18 04:00:00,192.703987
2024-07-18 05:00:00,192.208604
2024-07-18 06:00:00,192.208604
2024-07-18 07:00:00,192.208604
2024-07-19 04:00:00,191.217838
2024-07-19 05:00:00,191.9609125
2024-07-19 06:00:00,190.227072
2024-07-19 07:00:00,190.227072
2024-07-19 08:00:00,190.227072
2024-07-22 04:00:00,192.703987
2024-07-22 05:00:00,188.24554
2024-07-22 06:00:00,189.236306
2024-07-22 07:00:00,188.24554
2024-07-22 08:00:00,186.264008
2024-07-23 04:00:00,190.227072
2024-07-23 05:00:00,186.264008
2024-07-23 06:00:00,189.9793805
2024-07-23 07:00:00,188.24554
2024-07-23 08:00:00,187.254774
2024-07-24 04:00:00,191.217838
2024-07-24 05:00:00,191.9609125
2024-07-24 06:00:00,191.9609125
2024-07-24 07:00:00,190.227072
2024-07-24 08:00:00,187.254774
2024-07-25 04:00:00,191.217838
2024-07-25 05:00:00,190.227072
2024-07-25 06:00:00,188.24554
2024-07-25 07:00:00,188.24554
2024-07-25 08:00:00,187.750157
2024-07-26 04:00:00,191.217838
2024-07-26 05:00:00,191.217838
2024-07-26 06:00:00,191.217838
2024-07-26 07:00:00,188.24554
2024-07-26 08:00:00,189.236306
2024-07-29 04:00:00,188.24554
2024-07-29 05:00:00,187.254774
2024-07-29 07:00:00,188.24554
2024-07-29 08:00:00,186.759391
2024-07-30 04:00:00,186.264008
2024-07-30 05:00:00,188.24554
2024-07-30 06:00:00,188.24554
2024-07-30 07:00:00,186.5116995
2024-07-30 08:00:00,186.5116995
2024-07-31 04:00:00,188.24554
2024-07-31 05:00:00,188.24554
2024-07-31 06:00:00,186.264008
2024-07-31 07:00:00,186.264008
2024-07-31 08:00:00,187.750157
2024-08-01 04:00:00,187.750157
2024-08-01 05:00:00,187.254774
2024-08-01 06:00:00,187.254774
2024-08-01 07:00:00,187.5024655
2024-08-01 08:00:00,187.5024655
2024-08-02 04:00:00,187.750157
2024-08-02 05:00:00,186.264008
2024-08-02 06:00:00,187.0070825
2024-08-02 07:00:00,186.264008
2024-08-02 08:00:00,184.282476
2024-08-05 04:00:00,185.273242
2024-08-05 05:00:00,183.5394015
2024-08-05 06:00:00,182.796327
2024-08-05 07:00:00,180.0717205
2024-08-05 08:00:00,179.824029
2024-08-06 04:00:00,185.273242
2024-08-06 05:00:00,181.310178
2024-08-06 06:00:00,181.310178
2024-08-06 08:00:00,181.310178
2024-08-07 04:00:00,182.300944
2024-08-07 05:00:00,183.29171
2024-08-07 06:00:00,183.0440185
2024-08-07 07:00:00,182.796327
2024-08-07 08:00:00,182.300944
2024-08-08 04:00:00,183.29171
2024-08-08 05:00:00,181.310178
2024-08-08 06:00:00,180.319412
2024-08-08 07:00:00,182.5486355
2024-08-08 08:00:00,178.33788
2024-08-09 04:00:00,182.300944
2024-08-09 05:00:00,182.300944
2024-08-09 06:00:00,178.33788
2024-08-09 08:00:00,178.833263
2024-08-12 04:00:00,181.805561
2024-08-12 05:00:00,178.33788
2024-08-12 06:00:00,178.0901885
2024-08-12 07:00:00,178.0901885
2024-08-12 08:00:00,178.0901885
2024-08-13 04:00:00,178.0901885
2024-08-13 05:00:00,177.347114
2024-08-13 06:00:00,178.0901885
2024-08-13 07:00:00,178.33788
2024-08-13 08:00:00,178.0901885
2024-08-14 04:00:00,178.33788
2024-08-14 05:00:00,178.33788
2024-08-14 06:00:00,180.319412
2024-08-14 07:00:00,178.33788
2024-08-14 08:00:00,178.33788
2024-08-15 04:00:00,178.33788
2024-08-15 05:00:00,182.300944
2024-08-15 06:00:00,180.319412
2024-08-15 07:00:00,180.814795
2024-08-15 08:00:00,180.319412
2024-08-16 04:00:00,180.5671035
2024-08-16 06:00:00,183.29171
2024-08-16 07:00:00,182.796327
2024-08-16 08:00:00,182.796327
2024-08-20 04:00:00,184.282476
2024-08-20 05:00:00,184.0347845
2024-08-20 06:00:00,183.29171
2024-08-20 07:00:00,181.805561
2024-08-20 08:00:00,183.29171
2024-08-21 04:00:00,181.5578695
2024-08-21 05:00:00,182.300944
2024-08-21 07:00:00,182.300944
2024-08-21 08:00:00,182.5486355
2024-08-22 05:00:00,182.796327
2024-08-22 06:00:00,182.300944
2024-08-22 07:00:00,182.300944
2024-08-22 08:00:00,180.319412
2024-08-23 04:00:00,180.814795
2024-08-23 05:00:00,178.33788
2024-08-23 06:00:00,178.33788
2024-08-23 07:00:00,178.33788
2024-08-23 08:00:00,178.33788
2024-08-26 04:00:00,177.347114
2024-08-26 05:00:00,173.38405
2024-08-26 07:00:00,176.356348
2024-08-26 08:00:00,173.38405
2024-08-27 04:00:00,174.374816
2024-08-27 05:00:00,172.393284
2024-08-27 06:00:00,172.393284
2024-08-27 07:00:00,170.411752
2024-08-27 08:00:00,173.1363585
2024-08-28 04:00:00,173.38405
2024-08-28 05:00:00,172.6409755
2024-08-28 06:00:00,173.38405
2024-08-28 07:00:00,173.38405
2024-08-28 08:00:00,171.1548265
2024-08-29 04:00:00,172.888667
2024-08-29 05:00:00,172.1455925
2024-08-29 06:00:00,171.402518
2024-08-29 07:00:00,172.1455925
2024-08-29 08:00:00,171.402518
2024-08-30 04:00:00,171.6502095
2024-08-30 05:00:00,168.1825285
2024-08-30 06:00:00,166.448688
2024-08-30 07:00:00,166.448688
2024-08-30 08:00:00,166.448688
2024-09-02 04:00:00,164.962539
2024-09-02 05:00:00,164.467156
2024-09-02 06:00:00,163.7240815
2024-09-02 07:00:00,163.47639
2024-09-02 08:00:00,163.47639
2024-09-03 04:00:00,162.485624
2024-09-03 05:00:00,160.999475
2024-09-03 06:00:00,161.494858
2024-09-03 07:00:00,161.990241
2024-09-03 08:00:00,162.485624
2024-09-04 04:00:00,163.47639
2024-09-04 05:00:00,163.47639
2024-09-04 06:00:00,162.485624
2024-09-04 07:00:00,162.485624
2024-09-04 08:00:00,166.448688
2024-09-05 04:00:00,166.944071
2024-09-05 05:00:00,166.944071
2024-09-05 06:00:00,165.457922
2024-09-05 07:00:00,163.47639
2024-09-05 08:00:00,162.485624
2024-09-06 04:00:00,163.2286985
2024-09-06 05:00:00,162.2379325
2024-09-06 06:00:00,161.990241
2024-09-06 07:00:00,161.494858
2024-09-06 08:00:00,162.485624
2024-09-09 04:00:00,162.2379325
2024-09-09 05:00:00,161.494858
2024-09-09 06:00:00,158.2748685
2024-09-09 07:00:00,157.531794
2024-09-09 08:00:00,157.531794
2024-09-10 04:00:00,157.036411
2024-09-10 05:00:00,153.3210385
2024-09-10 06:00:00,152.577964
2024-09-10 07:00:00,153.56873
2024-09-10 08:00:00,155.550262
2024-09-11 04:00:00,158.2748685
2024-09-11 05:00:00,155.054879
2024-09-11 06:00:00,156.045645
2024-09-11 07:00:00,155.550262
2024-09-11 08:00:00,156.045645
2024-09-12 04:00:00,158.52256
2024-09-12 05:00:00,157.531794
2024-09-12 06:00:00,155.550262
2024-09-12 07:00:00,155.550262
2024-09-12 08:00:00,153.56873
2024-09-13 04:00:00,153.56873
2024-09-13 05:00:00,153.56873
2024-09-13 06:00:00,156.541028
2024-09-13 07:00:00,157.531794
2024-09-13 08:00:00,158.2748685
2024-09-18 04:00:00,158.52256
2024-09-18 05:00:00,158.52256
2024-09-18 06:00:00,158.52256
2024-09-18 07:00:00,160.504092
2024-09-18 08:00:00,162.485624
2024-09-19 04:00:00,162.981007
2024-09-19 05:00:00,162.485624
2024-09-19 06:00:00,162.981007
2024-09-19 07:00:00,163.2286985
2024-09-19 08:00:00,162.981007
2024-09-20 04:00:00,165.457922
2024-09-20 05:00:00,165.457922
2024-09-20 06:00:00,164.467156
2024-09-20 07:00:00,166.448688
2024-09-20 08:00:00,168.1825285
2024-09-23 04:00:00,172.393284
2024-09-23 05:00:00,170.411752
2024-09-23 06:00:00,170.411752
2024-09-23 07:00:00,171.402518
2024-09-23 08:00:00,172.6409755
2024-09-24 04:00:00,175.860965
2024-09-24 05:00:00,175.6132735
2024-09-24 06:00:00,176.1086565
2024-09-24 07:00:00,176.1086565
2024-09-24 08:00:00,175.1178905
2024-09-25 04:00:00,179.328646
2024-09-25 05:00:00,181.805561
2024-09-25 06:00:00,184.282476
2024-09-25 07:00:00,188.24554
2024-09-25 08:00:00,191.217838
2024-09-26 04:00:00,194.190136
2024-09-26 05:00:00,194.9332105
2024-09-26 06:00:00,193.694753
2024-09-26 07:00:00,193.19937
2024-09-26 08:00:00,199.8870405
2024-09-27 04:00:00,195.180902
2024-09-27 05:00:00,196.9147425
2024-09-27 06:00:00,198.1532
2024-09-27 07:00:00,198.4008915
2024-09-27 08:00:00,203.10703
2024-09-30 04:00:00,202.116264
2024-09-30 05:00:00,203.10703
2024-09-30 06:00:00,202.116264
2024-09-30 07:00:00,202.116264
2024-09-30 08:00:00,203.3547215
2024-10-01 04:00:00,203.10703
2024-10-01 05:00:00,203.10703
2024-10-01 06:00:00,209.051626
2024-10-01 07:00:00,212.519307
2024-10-01 08:00:00,212.023924
2024-10-02 04:00:00,212.7669985
2024-10-02 05:00:00,211.7762325
2024-10-02 06:00:00,209.2993175
2024-10-02 07:00:00,212.7669985
2024-10-02 08:00:00,212.7669985
2024-10-03 04:00:00,210.2900835
2024-10-03 05:00:00,210.042392
2024-10-03 06:00:00,211.033158
2024-10-03 07:00:00,210.537775
2024-10-03 08:00:00,211.033158
2024-10-04 04:00:00,210.042392
2024-10-04 05:00:00,211.033158
2024-10-04 06:00:00,211.033158
2024-10-04 07:00:00,213.01469
2024-10-04 08:00:00,212.023924
2024-10-07 04:00:00,216.977754
2024-10-07 05:00:00,215.986988
2024-10-07 06:00:00,215.491605
2024-10-07 07:00:00,215.491605
2024-10-07 08:00:00,216.977754
2024-10-08 04:00:00,214.996222
2024-10-08 05:00:00,214.7485305
2024-10-08 06:00:00,214.996222
2024-10-08 07:00:00,212.023924
2024-10-08 08:00:00,212.519307
2024-10-09 04:00:00,213.01469
2024-10-09 05:00:00,213.01469
2024-10-09 06:00:00,212.519307
2024-10-09 07:00:00,211.2808495
2024-10-09 08:00:00,212.023924
2024-10-10 04:00:00,212.023924
2024-10-10 05:00:00,211.033158
2024-10-10 06:00:00,208.8039345
2024-10-10 07:00:00,211.033158
2024-10-10 08:00:00,210.042392
2024-10-11 04:00:00,215.986988
2024-10-11 05:00:00,213.510073
2024-10-11 06:00:00,214.7485305
2024-10-11 07:00:00,216.7300625
2024-10-11 08:00:00,214.996222
2024-10-14 04:00:00,214.996222
2024-10-14 05:00:00,214.996222
2024-10-14 06:00:00,214.500839
2024-10-14 07:00:00,213.510073
2024-10-14 08:00:00,214.005456
2024-10-15 04:00:00,212.023924
2024-10-15 05:00:00,211.033158
2024-10-15 06:00:00,212.023924
2024-10-15 07:00:00,211.7762325
2024-10-15 08:00:00,211.033158
2024-10-16 04:00:00,212.519307
2024-10-16 05:00:00,211.2808495
2024-10-16 06:00:00,212.023924
2024-10-16 07:00:00,211.033158
2024-10-16 08:00:00,211.528541
2024-10-18 04:00:00,212.023924
2024-10-18 05:00:00,212.023924
2024-10-18 06:00:00,211.528541
2024-10-18 07:00:00,212.023924
2024-10-18 08:00:00,213.510073
2024-10-21 04:00:00,213.01469
2024-10-21 05:00:00,213.01469
2024-10-21 06:00:00,213.01469
2024-10-21 07:00:00,213.01469
2024-10-21 08:00:00,213.01469
2024-10-22 04:00:00,213.7577645
2024-10-22 05:00:00,213.01469
2024-10-22 06:00:00,213.510073
2024-10-22 07:00:00,213.7577645
2024-10-22 08:00:00,213.7577645
2024-10-23 04:00:00,213.01469
2024-10-23 05:00:00,212.519307
2024-10-23 06:00:00,212.519307
2024-10-23 07:00:00,213.2623815
2024-10-23 08:00:00,214.500839
2024-10-24 04:00:00,215.986988
2024-10-24 05:00:00,215.491605
2024-10-24 06:00:00,215.986988
2024-10-24 07:00:00,216.482371
2024-10-24 08:00:00,217.96852
2024-10-25 04:00:00,217.473137
2024-10-25 05:00:00,217.7208285
2024-10-25 06:00:00,216.977754
2024-10-25 07:00:00,216.7300625
2024-10-25 08:00:00,217.2254455
2024-10-28 04:00:00,217.473137
2024-10-28 05:00:00,216.977754
2024-10-28 06:00:00,217.7208285
2024-10-28 07:00:00,217.473137
2024-10-28 08:00:00,216.7300625
2024-10-29 04:00:00,219.950052
2024-10-29 05:00:00,222.92235
2024-10-29 06:00:00,231.839244
2024-10-29 07:00:00,227.380797
2024-10-29 08:00:00,228.866946
2024-10-30 04:00:00,231.839244
2024-10-30 05:00:00,229.857712
2024-10-30 06:00:00,229.362329
2024-10-30 07:00:00,226.885414
2024-10-30 08:00:00,226.885414
2024-11-01 04:00:00,227.6284885
2024-11-01 05:00:00,231.343861
2024-11-01 06:00:00,230.848478
2024-11-01 07:00:00,230.848478
2024-11-01 08:00:00,229.857712
2024-11-04 04:00:00,230.353095
2024-11-04 05:00:00,229.1146375
2024-11-04 06:00:00,227.87618
2024-11-04 07:00:00,227.87618
2024-11-04 08:00:00,228.866946
2024-11-05 04:00:00,227.1331055
2024-11-05 05:00:00,226.390031
2024-11-05 06:00:00,226.885414
2024-11-05 07:00:00,226.6377225
2024-11-05 08:00:00,226.885414
2024-11-06 04:00:00,224.6561905
2024-11-06 05:00:00,224.408499
2024-11-06 06:00:00,225.6469565
2024-11-06 07:00:00,225.894648
2024-11-06 08:00:00,224.903882
2024-11-07 04:00:00,225.1515735
2024-11-07 05:00:00,225.399265
2024-11-07 06:00:00,225.1515735
2024-11-07 07:00:00,225.1515735
2024-11-07 08:00:00,224.408499
2024-11-08 04:00:00,224.903882
2024-11-08 05:00:00,224.903882
2024-11-08 06:00:00,224.903882
2024-11-08 07:00:00,224.903882
2024-11-08 08:00:00,224.408499
2024-11-11 04:00:00,225.399265
2024-11-11 05:00:00,226.885414
2024-11-11 06:00:00,226.390031
2024-11-11 07:00:00,227.6284885
2024-11-11 08:00:00,227.87618
2024-11-12 04:00:00,228.371563
2024-11-12 05:00:00,229.6100205
2024-11-12 06:00:00,232.334627
2024-11-12 07:00:00,231.343861
2024-11-12 08:00:00,229.857712
2024-11-13 04:00:00,231.839244
2024-11-13 05:00:00,231.839244
2024-11-13 06:00:00,233.325393
2024-11-13 07:00:00,233.0777015
2024-11-13 08:00:00,232.83001
2024-11-14 04:00:00,231.343861
2024-11-14 05:00:00,231.343861
2024-11-14 06:00:00,231.839244
2024-11-18 04:00:00,236.793074
2024-11-18 05:00:00,236.5453825
2024-11-18 06:00:00,235.802308
2024-11-18 07:00:00,234.5638505
2024-11-18 08:00:00,233.325393
2024-11-19 04:00:00,230.848478
2024-11-19 05:00:00,230.848478
2024-11-19 06:00:00,229.1146375
2024-11-19 07:00:00,227.87618
2024-11-19 08:00:00,227.87618
2024-11-20 04:00:00,228.866946
2024-11-20 05:00:00,228.371563
2024-11-20 06:00:00,228.866946
2024-11-20 07:00:00,228.1238715
2024-11-20 08:00:00,226.390031
2024-11-21 04:00:00,227.6284885
2024-11-21 05:00:00,226.390031
2024-11-21 06:00:00,225.894648
2024-11-21 07:00:00,224.903882
2024-11-21 08:00:00,227.87618
2024-11-22 04:00:00,227.87618
2024-11-22 05:00:00,227.87618
2024-11-22 06:00:00,225.894648
2024-11-22 07:00:00,226.885414
2024-11-22 08:00:00,225.399265
2024-11-25 04:00:00,222.426967
2024-11-25 05:00:00,223.417733
2024-11-25 06:00:00,222.6746585
2024-11-25 07:00:00,221.6838925
2024-11-25 08:00:00,219.950052
2024-11-26 04:00:00,221.931584
2024-11-26 05:00:00,223.6654245
2024-11-26 06:00:00,225.1515735
2024-11-26 07:00:00,224.903882
2024-11-26 08:00:00,224.1608075
2024-11-27 04:00:00,223.1700415
2024-11-27 05:00:00,227.87618
2024-11-27 06:00:00,227.6284885
2024-11-27 07:00:00,227.87618
2024-11-27 08:00:00,227.6284885
2024-11-28 04:00:00,230.353095
2024-11-28 05:00:00,232.83001
2024-11-28 06:00:00,232.83001
2024-11-28 07:00:00,232.83001
2024-11-28 08:00:00,230.848478
2024-11-29 04:00:00,232.83001
2024-11-29 05:00:00,232.5823185
2024-11-29 06:00:00,231.343861
2024-11-29 07:00:00,230.848478
2024-11-29 08:00:00,229.857712
2024-12-02 04:00:00,229.857712
2024-12-02 05:00:00,231.839244
2024-12-02 06:00:00,230.1054035
2024-12-02 07:00:00,230.1054035
2024-12-02 08:00:00,230.848478
2024-12-03 04:00:00,232.334627
2024-12-03 05:00:00,232.83001
2024-12-03 06:00:00,233.325393
2024-12-03 07:00:00,233.325393
2024-12-03 08:00:00,232.83001
2024-12-04 04:00:00,236.793074
2024-12-04 05:00:00,235.802308
2024-12-04 06:00:00,235.802308
2024-12-04 07:00:00,235.802308
2024-12-04 08:00:00,236.297691
2024-12-05 04:00:00,239.5176805
2024-12-05 05:00:00,237.78384
2024-12-05 06:00:00,237.0407655
2024-12-05 07:00:00,237.78384
2024-12-05 08:00:00,238.774606
2024-12-06 04:00:00,238.5269145
2024-12-06 05:00:00,238.0315315
2024-12-06 06:00:00,237.78384
2024-12-06 07:00:00,237.78384
2024-12-06 08:00:00,237.78384
2024-12-09 04:00:00,238.279223
2024-12-09 05:00:00,239.765372
2024-12-09 06:00:00,239.0222975
2024-12-09 07:00:00,240.0130635
2024-12-09 08:00:00,240.260755
2024-12-10 04:00:00,240.756138
2024-12-10 05:00:00,240.756138
2024-12-10 06:00:00,240.260755
2024-12-10 07:00:00,240.0130635
2024-12-10 08:00:00,241.746904
2024-12-11 04:00:00,240.756138
2024-12-11 05:00:00,240.5084465
2024-12-11 06:00:00,239.765372
2024-12-11 07:00:00,239.765372
2024-12-11 08:00:00,240.260755
2024-12-12 04:00:00,244.719202
2024-12-12 05:00:00,245.4622765
2024-12-12 06:00:00,245.709968
2024-12-12 07:00:00,246.205351
2024-12-12 08:00:00,245.9576595
2024-12-13 04:00:00,248.9299575
2024-12-13 05:00:00,252.3976385
2024-12-13 06:00:00,252.3976385
2024-12-13 07:00:00,252.8930215
2024-12-13 08:00:00,256.3607025
2024-12-16 04:00:00,266.516054
2024-12-16 05:00:00,268.2498945
2024-12-16 06:00:00,267.50682
2024-12-16 07:00:00,270.479118
2024-12-16 08:00:00,271.469884
2024-12-17 04:00:00,271.469884
2024-12-17 05:00:00,264.534522
2024-12-17 06:00:00,267.50682
2024-12-17 07:00:00,269.2406605
2024-12-17 08:00:00,268.497586
2024-12-18 04:00:00,267.50682
2024-12-18 05:00:00,269.488352
2024-12-18 06:00:00,273.451416
2024-12-18 07:00:00,276.423714
2024-12-18 08:00:00,271.965267
2024-12-19 04:00:00,273.946799
2024-12-19 05:00:00,271.965267
2024-12-19 06:00:00,272.46065
2024-12-19 07:00:00,271.469884
2024-12-19 08:00:00,269.488352
2024-12-20 04:00:00,270.479118
2024-12-20 05:00:00,271.469884
2024-12-20 06:00:00,270.479118
2024-12-20 07:00:00,269.488352
2024-12-20 08:00:00,269.2406605
2024-12-23 04:00:00,281.377544
2024-12-23 05:00:00,281.6252355
2024-12-23 06:00:00,281.872927
2024-12-23 07:00:00,280.882161
2024-12-23 08:00:00,278.900629
2024-12-24 04:00:00,281.377544
2024-12-24 05:00:00,282.36831
2024-12-24 06:00:00,280.882161
2024-12-24 07:00:00,281.1298525
2024-12-24 08:00:00,281.6252355
2024-12-26 04:00:00,284.349842
2024-12-26 05:00:00,287.32214
2024-12-26 06:00:00,286.5790655
2024-12-26 07:00:00,291.780587
2024-12-26 08:00:00,290.789821
2024-12-27 04:00:00,291.0375125
2024-12-27 05:00:00,289.799055
2024-12-27 06:00:00,295.248268
2024-12-27 07:00:00,299.211332
2024-12-27 08:00:00,299.9544065
2024-12-30 04:00:00,305.4036195
2024-12-30 05:00:00,307.13746
2024-12-30 06:00:00,309.118992
2024-12-30 07:00:00,312.09129
2024-12-30 08:00:00,313.577439
2024-12-31 04:00:00,316.054354
2024-12-31 05:00:00,317.04512
2024-12-31 06:00:00,317.04512
2024-12-31 07:00:00,317.04512
2024-12-31 08:00:00,318.035886
2025-01-02 04:00:00,322.989716
2025-01-02 05:00:00,324.2281735
2025-01-02 06:00:00,321.99895
2025-01-02 07:00:00,322.989716
2025-01-02 08:00:00,321.99895
2025-01-03 04:00:00,322.494333
2025-01-03 05:00:00,321.99895
2025-01-03 06:00:00,321.503567
2025-01-03 07:00:00,318.035886
2025-01-03 08:00:00,318.035886
2025-01-06 04:00:00,320.017418
2025-01-06 05:00:00,312.09129
2025-01-06 06:00:00,307.632843
2025-01-06 07:00:00,316.054354
2025-01-06 08:00:00,317.04512
2025-01-07 04:00:00,314.072822
2025-01-07 05:00:00,311.100524
2025-01-07 06:00:00,311.3482155
2025-01-07 07:00:00,311.100524
2025-01-07 08:00:00,311.8435985
2025-01-08 04:00:00,311.8435985
2025-01-08 05:00:00,311.100524
2025-01-08 06:00:00,310.109758
2025-01-08 07:00:00,308.128226
2025-01-08 08:00:00,310.8528325
2025-01-09 04:00:00,309.118992
2025-01-09 05:00:00,306.146694
2025-01-09 06:00:00,307.13746
2025-01-09 07:00:00,307.3851515
2025-01-09 08:00:00,307.13746
2025-01-10 04:00:00,313.082056
2025-01-10 05:00:00,312.586673
2025-01-10 06:00:00,312.586673
2025-01-10 07:00:00,321.2558755
2025-01-10 08:00:00,320.017418
2025-01-15 04:00:00,326.95278
2025-01-15 05:00:00,326.2097055
2025-01-15 06:00:00,326.457397
2025-01-15 07:00:00,326.7050885
2025-01-15 08:00:00,322.989716
2025-01-16 04:00:00,325.466631
2025-01-16 05:00:00,323.485099
2025-01-16 06:00:00,325.962014
2025-01-16 07:00:00,324.971248
2025-01-16 08:00:00,324.971248
2025-01-17 04:00:00,325.466631
2025-01-17 05:00:00,324.971248
2025-01-17 06:00:00,324.971248
2025-01-17 07:00:00,324.971248
2025-01-17 08:00:00,324.971248
2025-01-20 04:00:00,326.95278
2025-01-20 05:00:00,325.962014
2025-01-20 06:00:00,325.466631
2025-01-20 07:00:00,326.7050885
2025-01-20 08:00:00,326.95278
2025-01-21 04:00:00,329.429695
2025-01-21 05:00:00,329.429695
2025-01-21 06:00:00,329.925078
2025-01-21 07:00:00,330.915844
2025-01-21 08:00:00,332.6496845
2025-01-22 04:00:00,339.832738
2025-01-22 05:00:00,340.823504
2025-01-22 06:00:00,341.5665785
2025-01-22 07:00:00,344.786568
2025-01-22 08:00:00,346.7681
2025-01-23 04:00:00,353.703462
2025-01-23 05:00:00,354.4465365
2025-01-23 06:00:00,355.684994
2025-01-23 07:00:00,358.4096005
2025-01-23 08:00:00,358.657292
2025-01-24 04:00:00,351.72193
2025-01-24 08:00:00,344.786568
2025-01-27 04:00:00,344.786568
2025-01-27 05:00:00,343.795802
2025-01-27 06:00:00,347.5111745
2025-01-27 07:00:00,346.7681
2025-01-27 08:00:00,346.7681
2025-01-28 04:00:00,348.254249
2025-01-28 05:00:00,349.740398
2025-01-28 06:00:00,349.9880895
2025-01-28 07:00:00,351.226547
2025-01-28 08:00:00,356.180377
2025-01-29 04:00:00,354.694228
2025-01-29 05:00:00,352.9603875
2025-01-29 06:00:00,350.731164
2025-01-29 07:00:00,349.740398
2025-01-29 08:00:00,352.4650045
2025-01-30 04:00:00,349.245015
2025-01-30 05:00:00,349.9880895
2025-01-30 06:00:00,349.740398
2025-01-30 07:00:00,350.235781
2025-01-30 08:00:00,349.245015
2025-01-31 04:00:00,349.245015
2025-01-31 05:00:00,347.0157915
2025-01-31 06:00:00,346.272717
2025-01-31 07:00:00,346.5204085
2025-01-31 08:00:00,346.5204085
2025-02-03 04:00:00,346.0250255
2025-02-03 05:00:00,345.777334
2025-02-03 06:00:00,345.5296425
2025-02-03 07:00:00,344.291185
2025-02-03 08:00:00,338.841972
2025-02-05 04:00:00,333.888142
2025-02-05 05:00:00,334.878908
2025-02-05 06:00:00,334.878908
2025-02-05 07:00:00,331.90661
2025-02-05 08:00:00,330.420461
2025-02-06 04:00:00,331.90661
2025-02-06 05:00:00,330.420461
2025-02-06 06:00:00,330.6681525
2025-02-06 07:00:00,329.925078
2025-02-06 08:00:00,330.915844
2025-02-07 04:00:00,334.878908
2025-02-07 05:00:00,333.888142
2025-02-07 06:00:00,334.878908
2025-02-07 07:00:00,334.383525
2025-02-07 08:00:00,333.888142
2025-02-10 04:00:00,332.897376
2025-02-10 05:00:00,331.90661
2025-02-10 06:00:00,330.915844
2025-02-10 07:00:00,331.6589185
2025-02-10 08:00:00,331.90661
2025-02-11 04:00:00,328.934312
2025-02-11 05:00:00,326.457397
2025-02-11 06:00:00,326.95278
2025-02-11 07:00:00,326.2097055
2025-02-11 08:00:00,325.962014
2025-02-13 04:00:00,326.95278
2025-02-13 05:00:00,326.95278
2025-02-13 06:00:00,325.466631
2025-02-13 07:00:00,325.962014
2025-02-13 08:00:00,325.466631
2025-02-14 04:00:00,326.95278
2025-02-14 05:00:00,327.6958545
2025-02-14 06:00:00,327.943546
2025-02-14 07:00:00,328.6866205
2025-02-14 08:00:00,326.95278
2025-02-17 04:00:00,328.934312
2025-02-17 05:00:00,330.915844
2025-02-17 06:00:00,329.925078
2025-02-17 07:00:00,331.6589185
2025-02-17 08:00:00,330.420461
2025-02-18 04:00:00,341.5665785
2025-02-18 05:00:00,340.328121
2025-02-18 06:00:00,336.86044
2025-02-18 07:00:00,337.851206
2025-02-18 08:00:00,338.841972
2025-02-19 04:00:00,336.86044
2025-02-19 05:00:00,336.86044
2025-02-19 06:00:00,335.869674
2025-02-19 07:00:00,335.869674
2025-02-19 08:00:00,335.869674
2025-02-20 04:00:00,334.6312165
2025-02-20 05:00:00,329.6773865
2025-02-20 06:00:00,328.934312
2025-02-20 07:00:00,328.438929
2025-02-20 08:00:00,331.90661
2025-02-21 04:00:00,331.90661
2025-02-21 05:00:00,331.90661
2025-02-21 06:00:00,330.915844
2025-02-21 07:00:00,330.915844
2025-02-21 08:00:00,330.420461
2025-02-24 04:00:00,326.95278
2025-02-24 05:00:00,328.6866205
2025-02-24 06:00:00,326.95278
2025-02-24 07:00:00,324.971248
2025-02-24 08:00:00,323.980482
2025-02-25 04:00:00,318.2835775
2025-02-25 05:00:00,319.026652
2025-02-25 06:00:00,317.04512
2025-02-25 07:00:00,315.558971
2025-02-25 08:00:00,315.8066625
2025-02-27 04:00:00,316.054354
2025-02-27 05:00:00,314.072822
2025-02-27 06:00:00,313.082056
2025-02-27 07:00:00,315.063588
2025-02-27 08:00:00,316.3020455
2025-02-28 04:00:00,320.017418
2025-02-28 05:00:00,321.008184
2025-02-28 06:00:00,320.2651095
2025-02-28 07:00:00,320.512801
2025-02-28 08:00:00,322.989716
2025-03-03 04:00:00,317.04512
2025-03-03 05:00:00,317.04512
2025-03-03 06:00:00,315.063588
2025-03-03 07:00:00,313.082056
2025-03-03 08:00:00,313.082056
2025-03-04 04:00:00,312.09129
2025-03-04 05:00:00,310.8528325
2025-03-04 06:00:00,310.109758
2025-03-04 07:00:00,308.3759175
2025-03-04 08:00:00,306.3943855
2025-03-05 04:00:00,308.128226
2025-03-05 05:00:00,307.13746
2025-03-05 06:00:00,311.100524
2025-03-05 07:00:00,311.100524
2025-03-05 08:00:00,311.100524
2025-03-06 04:00:00,312.09129
2025-03-06 05:00:00,309.118992
2025-03-06 06:00:00,309.3666835
2025-03-06 07:00:00,308.8713005
2025-03-06 08:00:00,309.118992
2025-03-07 04:00:00,309.8620665
2025-03-07 05:00:00,307.13746
2025-03-07 06:00:00,308.128226
2025-03-07 07:00:00,308.128226
2025-03-07 08:00:00,312.09129
2025-03-10 04:00:00,309.8620665
2025-03-10 05:00:00,308.8713005
2025-03-10 06:00:00,308.623609
2025-03-10 07:00:00,309.118992
2025-03-10 08:00:00,308.623609
2025-03-11 04:00:00,307.13746
2025-03-11 05:00:00,302.18363
2025-03-11 06:00:00,303.174396
2025-03-11 07:00:00,301.4405555
2025-03-11 08:00:00,300.202098
2025-03-12 04:00:00,304.165162
2025-03-12 05:00:00,302.18363
2025-03-12 06:00:00,304.165162
2025-03-12 07:00:00,305.651311
2025-03-12 08:00:00,306.642077
2025-03-14 04:00:00,307.13746
2025-03-14 05:00:00,307.13746
2025-03-14 06:00:00,305.155928
2025-03-14 07:00:00,305.155928
2025-03-14 08:00:00,304.660545
2025-03-17 04:00:00,305.155928
2025-03-17 05:00:00,304.165162
2025-03-17 06:00:00,304.165162
2025-03-17 07:00:00,301.192864
2025-03-17 08:00:00,302.18363
2025-03-18 04:00:00,302.4313215
2025-03-18 05:00:00,301.192864
2025-03-18 06:00:00,299.9544065
2025-03-18 07:00:00,298.9636405
2025-03-18 08:00:00,297.2298
2025-03-19 04:00:00,298.715949
2025-03-19 05:00:00,301.192864
2025-03-19 06:00:00,300.202098
2025-03-19 07:00:00,300.202098
2025-03-19 08:00:00,301.192864
2025-03-20 04:00:00,301.9359385
2025-03-20 05:00:00,303.174396
2025-03-20 06:00:00,306.146694
2025-03-20 07:00:00,306.3943855
2025-03-20 08:00:00,306.642077
2025-03-21 04:00:00,312.3389815
2025-03-21 05:00:00,312.09129
2025-03-21 06:00:00,312.3389815
2025-03-21 07:00:00,313.082056
2025-03-21 08:00:00,312.8343645
2025-03-24 04:00:00,315.063588
2025-03-24 05:00:00,315.063588
2025-03-24 06:00:00,316.549737
2025-03-24 07:00:00,316.054354
2025-03-24 08:00:00,313.8251305
2025-03-25 04:00:00,314.568205
2025-03-25 05:00:00,314.8158965
2025-03-25 06:00:00,315.063588
2025-03-25 07:00:00,314.568205
2025-03-25 08:00:00,312.09129
2025-03-26 04:00:00,313.082056
2025-03-26 05:00:00,311.100524
2025-03-26 06:00:00,310.605141
2025-03-26 07:00:00,309.118992
2025-03-26 08:00:00,309.118992
2025-03-27 04:00:00,311.100524
2025-03-27 05:00:00,309.118992
2025-03-27 06:00:00,309.8620665
2025-03-27 07:00:00,310.109758
2025-03-27 08:00:00,313.082056
2025-03-28 04:00:00,301.192864
2025-03-28 05:00:00,301.4405555
2025-03-28 06:00:00,301.192864
2025-03-28 07:00:00,301.192864
2025-03-28 08:00:00,302.679013
2025-04-01 04:00:00,303.174396
2025-04-01 05:00:00,306.642077
2025-04-01 06:00:00,306.642077
2025-04-01 07:00:00,305.651311
2025-04-01 08:00:00,306.146694
2025-04-02 04:00:00,305.651311
2025-04-02 05:00:00,305.4036195
2025-04-02 06:00:00,305.155928
2025-04-02 07:00:00,303.174396
2025-04-02 08:00:00,305.651311
2025-04-03 04:00:00,297.4774915
2025-04-03 05:00:00,296.4867255
2025-04-03 06:00:00,296.239034
2025-04-03 07:00:00,296.239034
2025-04-03 08:00:00,295.248268
2025-04-04 04:00:00,285.340608
2025-04-04 05:00:00,291.285204
2025-04-04 06:00:00,288.312906
2025-04-04 07:00:00,288.312906
2025-04-04 08:00:00,290.294438
2025-04-07 04:00:00,267.011437
2025-04-07 05:00:00,268.497586
2025-04-07 06:00:00,268.992969
2025-04-07 07:00:00,267.2591285
2025-04-07 08:00:00,267.2591285
2025-04-08 04:00:00,276.423714
2025-04-08 05:00:00,277.41448
2025-04-08 06:00:00,278.405246
2025-04-08 07:00:00,277.909863
2025-04-08 08:00:00,277.41448
2025-04-09 04:00:00,272.46065
2025-04-09 05:00:00,273.451416
2025-04-09 06:00:00,270.479118
2025-04-09 07:00:00,272.46065
2025-04-09 08:00:00,272.7083415
2025-04-10 04:00:00,300.9451725
2025-04-10 05:00:00,302.18363
2025-04-10 06:00:00,304.165162
2025-04-10 07:00:00,300.697481
2025-04-10 08:00:00,297.2298
2025-04-11 04:00:00,297.2298
2025-04-11 05:00:00,298.220566
2025-04-11 06:00:00,297.2298
2025-04-11 07:00:00,297.2298
2025-04-11 08:00:00,297.2298
2025-04-16 04:00:00,297.2298
2025-04-16 05:00:00,297.2298
2025-04-16 06:00:00,299.211332
2025-04-16 07:00:00,298.715949
2025-04-16 08:00:00,299.211332
2025-04-17 04:00:00,296.239034
2025-04-17 05:00:00,296.239034
2025-04-17 06:00:00,297.2298
2025-04-17 07:00:00,296.239034
2025-04-17 08:00:00,297.2298
2025-04-21 04:00:00,297.2298
2025-04-21 05:00:00,297.2298
2025-04-21 06:00:00,296.734417
2025-04-21 07:00:00,296.9821085
2025-04-21 08:00:00,296.239034
2025-04-22 04:00:00,295.4959595
2025-04-22 05:00:00,293.266736
2025-04-22 06:00:00,292.27597
2025-04-22 07:00:00,291.285204
2025-04-22 08:00:00,295.4959595
2025-04-23 04:00:00,292.27597
2025-04-23 05:00:00,294.257502
2025-04-23 06:00:00,296.239034
2025-04-23 07:00:00,295.0005765
2025-04-23 08:00:00,294.752885
2025-04-24 04:00:00,295.248268
2025-04-24 05:00:00,293.762119
2025-04-24 06:00:00,294.257502
2025-04-24 07:00:00,295.743651
2025-04-24 08:00:00,294.5051935
2025-04-25 04:00:00,294.5051935
2025-04-25 05:00:00,294.257502
2025-04-25 06:00:00,295.248268
2025-04-25 07:00:00,294.752885
2025-04-25 08:00:00,295.248268
2025-04-28 04:00:00,295.248268
2025-04-28 05:00:00,295.9913425
2025-04-28 06:00:00,295.248268
2025-04-28 07:00:00,295.0005765
2025-04-28 08:00:00,293.266736
2025-04-29 04:00:00,295.0005765
2025-04-29 05:00:00,293.5144275
2025-04-29 06:00:00,295.248268
2025-04-29 07:00:00,295.248268
2025-04-29 08:00:00,295.248268
2025-04-30 04:00:00,291.285204
2025-04-30 05:00:00,292.0282785
2025-04-30 06:00:00,292.27597
2025-04-30 07:00:00,292.27597
2025-04-30 08:00:00,291.780587
2025-05-02 04:00:00,291.285204
2025-05-02 05:00:00,291.285204
2025-05-02 06:00:00,291.780587
2025-05-02 07:00:00,291.0375125
2025-05-02 08:00:00,291.0375125
2025-05-05 04:00:00,291.5328955
2025-05-05 05:00:00,291.285204
2025-05-05 06:00:00,291.285204
2025-05-05 07:00:00,291.0375125
2025-05-05 08:00:00,290.294438
2025-05-06 04:00:00,290.789821
2025-05-06 05:00:00,290.294438
2025-05-06 06:00:00,290.294438
2025-05-07 04:00:00,292.27597
2025-05-07 05:00:00,290.5421295
2025-05-07 06:00:00,290.789821
2025-05-07 07:00:00,290.5421295
2025-05-07 08:00:00,290.294438
2025-05-08 04:00:00,291.285204
2025-05-08 05:00:00,289.5513635
2025-05-08 06:00:00,290.294438
2025-05-08 07:00:00,291.285204
2025-05-08 08:00:00,290.5421295
2025-05-09 04:00:00,296.239034
2025-05-09 05:00:00,295.4959595
2025-05-09 06:00:00,294.257502
2025-05-09 07:00:00,292.27597
2025-05-09 08:00:00,293.266736
2025-05-14 04:00:00,297.2298
2025-05-14 05:00:00,298.9636405
2025-05-14 06:00:00,299.211332
2025-05-14 07:00:00,301.9359385
2025-05-14 08:00:00,301.192864
2025-05-15 04:00:00,301.4405555
2025-05-15 05:00:00,301.9359385
2025-05-15 06:00:00,302.18363
2025-05-15 07:00:00,302.18363
2025-05-15 08:00:00,300.202098
2025-05-16 04:00:00,304.165162
2025-05-16 05:00:00,302.18363
2025-05-16 06:00:00,301.4405555
2025-05-16 07:00:00,301.192864
2025-05-16 08:00:00,302.18363
2025-05-19 04:00:00,305.4036195
2025-05-19 05:00:00,303.174396
2025-05-19 06:00:00,304.165162
2025-05-19 07:00:00,306.642077
2025-05-19 08:00:00,306.146694
2025-05-20 04:00:00,304.165162
2025-05-20 05:00:00,303.669779
2025-05-20 06:00:00,303.174396
2025-05-20 07:00:00,304.4128535
2025-05-20 08:00:00,304.9082365
2025-05-21 04:00:00,304.660545
2025-05-21 05:00:00,303.174396
2025-05-21 06:00:00,302.18363
2025-05-21 07:00:00,303.174396
2025-05-21 08:00:00,302.4313215
2025-05-22 04:00:00,303.669779
2025-05-22 05:00:00,303.669779
2025-05-22 06:00:00,303.174396
2025-05-22 07:00:00,301.192864
2025-05-22 08:00:00,300.697481
2025-05-23 04:00:00,301.688247
2025-05-23 05:00:00,301.9359385
2025-05-23 06:00:00,301.9359385
2025-05-23 07:00:00,301.9359385
2025-05-23 08:00:00,301.192864
2025-05-26 04:00:00,301.192864
2025-05-26 05:00:00,299.706715
2025-05-26 06:00:00,300.202098
2025-05-26 07:00:00,299.706715
2025-05-26 08:00:00,299.211332
2025-05-27 04:00:00,308.128226
2025-05-27 05:00:00,310.109758
2025-05-27 06:00:00,314.8158965
2025-05-27 07:00:00,319.026652
2025-05-27 08:00:00,316.549737
2025-05-28 04:00:00,313.577439
2025-05-28 05:00:00,314.568205
2025-05-28 06:00:00,313.8251305
2025-05-28 07:00:00,316.054354
2025-05-28 08:00:00,314.072822
2025-05-29 04:00:00,312.09129
2025-05-29 05:00:00,313.8251305
2025-05-29 06:00:00,312.3389815
2025-05-29 07:00:00,311.8435985
2025-05-29 08:00:00,311.100524
2025-05-30 04:00:00,311.100524
2025-05-30 05:00:00,312.3389815
2025-05-30 06:00:00,311.100524
2025-05-30 07:00:00,308.128226
2025-05-30 08:00:00,309.118992
2025-06-02 04:00:00,308.128226
2025-06-02 05:00:00,312.09129
2025-06-02 06:00:00,311.595907
2025-06-02 07:00:00,311.8435985
2025-06-02 08:00:00,312.8343645
2025-06-03 04:00:00,315.8066625
2025-06-03 05:00:00,316.054354
2025-06-03 06:00:00,318.2835775
2025-06-03 07:00:00,317.04512
2025-06-03 08:00:00,316.549737
2025-06-04 04:00:00,320.017418
2025-06-04 05:00:00,318.531269
2025-06-04 06:00:00,319.522035
2025-06-04 07:00:00,319.026652
2025-06-04 08:00:00,318.531269
2025-06-05 04:00:00,318.531269
2025-06-05 05:00:00,318.035886
2025-06-05 06:00:00,319.026652
2025-06-05 07:00:00,320.512801
2025-06-05 08:00:00,321.008184
2025-06-06 04:00:00,322.989716
2025-06-06 05:00:00,325.466631
2025-06-06 06:00:00,325.7143225
2025-06-06 07:00:00,325.962014
2025-06-06 08:00:00,323.980482
2025-06-09 04:00:00,322.989716
2025-06-09 05:00:00,322.2466415
2025-06-09 06:00:00,323.980482
2025-06-09 07:00:00,324.971248
2025-06-09 08:00:00,329.1820035
2025-06-11 04:00:00,332.6496845
2025-06-11 05:00:00,332.401993
2025-06-11 06:00:00,332.6496845
2025-06-11 07:00:00,336.86044
2025-06-11 08:00:00,334.878908
2025-06-12 04:00:00,334.878908
2025-06-12 05:00:00,331.90661
2025-06-12 06:00:00,333.6404505
2025-06-12 07:00:00,333.6404505
2025-06-12 08:00:00,331.90661
2025-06-13 04:00:00,320.512801
2025-06-13 05:00:00,323.980482
2025-06-13 06:00:00,326.95278
2025-06-13 07:00:00,324.971248
2025-06-13 08:00:00,324.475865
2025-06-16 04:00:00,319.7697265
2025-06-16 05:00:00,320.512801
2025-06-16 06:00:00,320.2651095
2025-06-16 07:00:00,321.2558755
2025-06-16 08:00:00,320.017418
2025-06-17 04:00:00,322.494333
2025-06-17 05:00:00,322.494333
2025-06-17 06:00:00,320.7604925
2025-06-17 07:00:00,319.2743435
2025-06-17 08:00:00,318.035886
2025-06-18 04:00:00,317.04512
2025-06-18 05:00:00,316.7974285
2025-06-18 06:00:00,318.035886
2025-06-18 07:00:00,315.063588
2025-06-18 08:00:00,315.063588
2025-06-19 04:00:00,313.082056
2025-06-19 05:00:00,314.8158965
2025-06-19 06:00:00,312.586673
2025-06-19 07:00:00,311.595907
2025-06-19 08:00:00,312.09129
2025-06-20 04:00:00,316.549737
2025-06-20 05:00:00,316.054354
2025-06-20 06:00:00,318.035886
2025-06-20 07:00:00,317.04512
2025-06-20 08:00:00,317.04512
2025-06-23 04:00:00,313.3297475
2025-06-23 05:00:00,315.558971
2025-06-23 06:00:00,315.558971
2025-06-23 07:00:00,314.568205
2025-06-23 08:00:00,315.063588
2025-06-24 04:00:00,321.008184
2025-06-24 05:00:00,320.2651095
2025-06-24 06:00:00,321.008184
2025-06-24 07:00:00,321.99895
2025-06-24 08:00:00,320.017418
2025-06-25 04:00:00,323.980482
2025-06-25 05:00:00,326.2097055
2025-06-25 06:00:00,326.95278
2025-06-25 07:00:00,325.962014
2025-06-25 08:00:00,324.971248
2025-06-26 04:00:00,325.2189395
2025-06-26 05:00:00,325.962014
2025-06-26 06:00:00,326.7050885
2025-06-26 07:00:00,327.448163
2025-06-26 08:00:00,328.438929
2025-06-27 04:00:00,328.6866205
2025-06-27 05:00:00,328.934312
2025-06-27 06:00:00,327.943546
2025-06-27 07:00:00,330.1727695
2025-06-27 08:00:00,331.90661
2025-06-30 04:00:00,332.897376
2025-06-30 05:00:00,331.90661
2025-06-30 06:00:00,333.1450675
2025-06-30 07:00:00,333.888142
2025-06-30 08:00:00,333.888142
2025-07-01 04:00:00,331.90661
2025-07-01 05:00:00,332.401993
2025-07-01 06:00:00,330.1727695
2025-07-01 07:00:00,329.925078
2025-07-01 08:00:00,330.915844
2025-07-02 04:00:00,331.90661
2025-07-02 05:00:00,331.90661
2025-07-02 06:00:00,333.1450675
2025-07-02 07:00:00,332.897376
2025-07-02 08:00:00,331.411227
2025-07-03 04:00:00,331.90661
2025-07-03 05:00:00,330.420461
2025-07-03 06:00:00,331.90661
2025-07-03 07:00:00,331.6589185
2025-07-03 08:00:00,330.6681525
2025-07-04 04:00:00,330.1727695
2025-07-04 05:00:00,329.925078
2025-07-04 06:00:00,329.925078
2025-07-04 07:00:00,331.6589185
2025-07-04 08:00:00,331.90661
2025-07-07 04:00:00,329.925078
2025-07-07 05:00:00,329.429695
2025-07-07 06:00:00,329.429695
2025-07-07 07:00:00,328.934312
2025-07-07 08:00:00,329.925078
2025-07-08 04:00:00,327.2004715
2025-07-08 05:00:00,325.962014
2025-07-08 06:00:00,326.7050885
2025-07-08 07:00:00,326.95278
2025-07-08 08:00:00,327.6958545
2025-07-09 04:00:00,329.925078
2025-07-09 05:00:00,330.915844
2025-07-09 06:00:00,331.1635355
2025-07-09 07:00:00,329.925078
2025-07-09 08:00:00,330.915844
2025-07-11 04:00:00,333.6404505
2025-07-11 05:00:00,335.869674
2025-07-11 06:00:00,343.0527275
2025-07-11 07:00:00,343.5481105
2025-07-11 08:00:00,343.795802
2025-07-14 04:00:00,350.235781
2025-07-14 05:00:00,348.9973235
2025-07-14 06:00:00,354.694228
2025-07-14 07:00:00,354.4465365
2025-07-14 08:00:00,355.189611
2025-07-15 04:00:00,357.9142175
2025-07-15 05:00:00,354.694228
2025-07-15 06:00:00,351.72193
2025-07-15 07:00:00,356.67576
2025-07-15 08:00:00,358.4096005
2025-07-16 04:00:00,359.152675
2025-07-16 05:00:00,356.9234515
2025-07-16 06:00:00,355.9326855
2025-07-16 07:00:00,356.67576
2025-07-16 08:00:00,356.180377
2025-07-17 04:00:00,354.198845
2025-07-17 05:00:00,355.684994
2025-07-17 06:00:00,353.703462
2025-07-17 07:00:00,353.208079
2025-07-17 08:00:00,356.67576
2025-07-18 04:00:00,355.684994
2025-07-18 05:00:00,354.694228
2025-07-18 06:00:00,352.712696
2025-07-18 07:00:00,354.198845
2025-07-18 08:00:00,353.703462
2025-07-21 04:00:00,354.198845
2025-07-21 05:00:00,353.9511535
2025-07-21 06:00:00,353.703462
2025-07-21 07:00:00,353.208079
2025-07-21 08:00:00,353.703462
2025-07-22 04:00:00,352.712696
2025-07-22 05:00:00,352.4650045
2025-07-22 06:00:00,351.72193
2025-07-22 07:00:00,353.703462
2025-07-22 08:00:00,354.694228
2025-07-23 04:00:00,353.208079
2025-07-23 05:00:00,355.684994
2025-07-23 06:00:00,356.67576
2025-07-23 07:00:00,355.684994
2025-07-23 08:00:00,353.703462
2025-07-24 04:00:00,358.4096005
2025-07-24 05:00:00,359.152675
2025-07-24 06:00:00,358.9049835
2025-07-24 07:00:00,358.9049835
2025-07-24 08:00:00,358.657292
2025-07-25 04:00:00,356.180377
2025-07-25 05:00:00,356.9234515
2025-07-25 06:00:00,358.657292
2025-07-25 07:00:00,358.161909
2025-07-25 08:00:00,358.9049835
2025-07-28 04:00:00,359.648058
2025-07-28 05:00:00,359.648058
2025-07-28 06:00:00,360.143441
2025-07-28 07:00:00,359.4003665
2025-07-28 08:00:00,359.152675
2025-07-29 04:00:00,358.161909
2025-07-29 05:00:00,358.9049835
2025-07-29 06:00:00,359.152675
2025-07-29 07:00:00,358.9049835
2025-07-29 08:00:00,358.657292
2025-07-30 04:00:00,359.4003665
2025-07-30 05:00:00,359.152675
2025-07-30 06:00:00,358.657292
2025-07-30 07:00:00,358.657292
2025-07-30 08:00:00,358.161909
2025-07-31 04:00:00,357.666526
2025-07-31 05:00:00,359.4003665
2025-07-31 06:00:00,358.657292
2025-07-31 07:00:00,358.657292
2025-07-31 08:00:00,358.657292
2025-08-01 04:00:00,360.143441
2025-08-01 05:00:00,366.58342
2025-08-01 06:00:00,369.555718
2025-08-01 07:00:00,370.546484
2025-08-01 08:00:00,370.546484
2025-08-04 04:00:00,368.564952
2025-08-04 05:00:00,371.2895585
2025-08-04 06:00:00,370.2987925
2025-08-04 07:00:00,369.8034095
2025-08-04 08:00:00,369.060335
2025-08-05 04:00:00,370.7941755
2025-08-05 05:00:00,370.051101
2025-08-05 06:00:00,370.546484
2025-08-05 07:00:00,370.051101
2025-08-05 08:00:00,370.546484
2025-08-06 04:00:00,369.8034095
2025-08-06 05:00:00,371.041867
2025-08-06 06:00:00,370.546484
2025-08-06 07:00:00,369.555718
2025-08-06 08:00:00,371.041867
2025-08-07 04:00:00,370.7941755
2025-08-07 05:00:00,371.7849415
2025-08-07 06:00:00,372.528016
2025-08-07 07:00:00,371.53725
2025-08-07 08:00:00,371.53725
2025-08-11 04:00:00,375.2526225
2025-08-11 05:00:00,374.509548
2025-08-11 06:00:00,375.500314
2025-08-11 07:00:00,374.509548
2025-08-11 08:00:00,374.014165
2025-08-12 04:00:00,372.032633
2025-08-12 05:00:00,371.53725
2025-08-12 06:00:00,371.53725
2025-08-12 07:00:00,376.49108
2025-08-12 08:00:00,374.509548
2025-08-13 04:00:00,374.014165
2025-08-13 05:00:00,375.500314
2025-08-13 06:00:00,374.509548
2025-08-13 07:00:00,375.500314
2025-08-13 08:00:00,375.7480055
2025-08-14 04:00:00,375.500314
2025-08-14 05:00:00,375.500314
2025-08-14 06:00:00,375.2526225
2025-08-14 07:00:00,375.004931
2025-08-14 08:00:00,374.509548
2025-08-15 04:00:00,374.509548
2025-08-15 05:00:00,375.004931
2025-08-15 06:00:00,375.500314
2025-08-15 07:00:00,376.2433885
2025-08-15 08:00:00,376.49108
2025-08-18 04:00:00,381.1972185
2025-08-18 05:00:00,380.949527
2025-08-18 06:00:00,380.949527
2025-08-18 07:00:00,381.6926015
2025-08-18 08:00:00,381.940293
2025-08-19 04:00:00,393.5817935
2025-08-19 05:00:00,396.0587085
2025-08-19 06:00:00,395.811017
2025-08-19 07:00:00,394.324868
2025-08-19 08:00:00,396.3064
2025-08-20 04:00:00,403.241762
2025-08-20 05:00:00,405.223294
2025-08-20 06:00:00,403.9848365
2025-08-20 07:00:00,401.5079215
2025-08-20 08:00:00,402.250996
2025-08-21 04:00:00,402.746379
2025-08-21 05:00:00,403.9848365
2025-08-21 06:00:00,402.250996
2025-08-21 07:00:00,400.5171555
2025-08-21 08:00:00,400.269464
2025-08-22 04:00:00,402.4986875
2025-08-22 05:00:00,402.746379
2025-08-22 06:00:00,401.0125385
2025-08-22 07:00:00,400.764847
2025-08-22 08:00:00,400.0217725
2025-08-25 04:00:00,400.0217725
2025-08-25 05:00:00,396.801783
2025-08-25 06:00:00,394.820251
2025-08-25 07:00:00,394.324868
2025-08-25 08:00:00,394.5725595
2025-08-26 04:00:00,394.324868
2025-08-26 05:00:00,394.324868
2025-08-26 06:00:00,395.5633255
2025-08-26 07:00:00,395.315634
2025-08-26 08:00:00,396.0587085
2025-08-27 04:00:00,400.269464
2025-08-27 05:00:00,398.287932
2025-08-27 06:00:00,395.811017
2025-08-27 07:00:00,395.811017
2025-08-27 08:00:00,396.3064
2025-08-28 04:00:00,396.3064
2025-08-28 05:00:00,396.3064
2025-08-28 06:00:00,395.315634
2025-08-28 07:00:00,396.3064
2025-08-28 08:00:00,396.3064
2025-08-29 04:00:00,400.269464
2025-08-29 05:00:00,398.783315
2025-08-29 06:00:00,397.0494745
2025-08-29 07:00:00,398.287932
2025-08-29 08:00:00,395.811017
2025-09-01 04:00:00,397.297166
2025-09-01 05:00:00,398.287932
2025-09-01 06:00:00,395.811017
2025-09-01 07:00:00,395.0679425
2025-09-01 08:00:00,398.287932
2025-09-02 04:00:00,398.287932
2025-09-02 05:00:00,395.5633255
2025-09-02 06:00:00,395.315634
2025-09-02 07:00:00,394.324868
2025-09-02 08:00:00,394.0771765
2025-09-03 04:00:00,395.315634
2025-09-03 05:00:00,393.334102
2025-09-03 06:00:00,392.343336
2025-09-03 07:00:00,392.0956445
2025-09-03 08:00:00,391.35257
2025-09-04 04:00:00,391.1048785
2025-09-04 05:00:00,391.35257
2025-09-04 06:00:00,390.361804
2025-09-04 07:00:00,390.361804
2025-09-04 08:00:00,389.866421
2025-09-08 04:00:00,386.39874
2025-09-08 05:00:00,386.1510485
2025-09-08 06:00:00,386.1510485
2025-09-08 07:00:00,386.1510485
2025-09-08 08:00:00,384.417208
2025-09-09 04:00:00,381.1972185
2025-09-09 05:00:00,381.44491
2025-09-09 06:00:00,381.940293
2025-09-09 07:00:00,381.44491
2025-09-09 08:00:00,381.44491
2025-09-10 04:00:00,379.463378
2025-09-10 05:00:00,390.857187
2025-09-10 06:00:00,394.820251
2025-09-10 07:00:00,393.334102
2025-09-10 08:00:00,391.35257
2025-09-11 04:00:00,381.44491
2025-09-11 05:00:00,385.407974
2025-09-11 06:00:00,384.417208
2025-09-11 07:00:00,384.417208
2025-09-11 08:00:00,381.44491
2025-09-12 04:00:00,384.417208
2025-09-12 05:00:00,385.1602825
2025-09-12 06:00:00,387.389506
2025-09-12 07:00:00,385.6556655
2025-09-12 08:00:00,380.454144
2025-09-15 04:00:00,379.958761
2025-09-15 05:00:00,379.463378
2025-09-15 06:00:00,378.472612
2025-09-15 07:00:00,376.49108
2025-09-15 08:00:00,376.49108
2025-09-16 04:00:00,380.7018355
2025-09-16 05:00:00,380.454144
2025-09-16 06:00:00,380.454144
2025-09-16 07:00:00,380.454144
2025-09-16 08:00:00,381.44491
2025-09-17 04:00:00,386.39874
2025-09-17 05:00:00,385.407974
2025-09-17 06:00:00,384.1695165
2025-09-17 07:00:00,380.454144
2025-09-17 08:00:00,380.454144
2025-09-18 04:00:00,385.1602825
2025-09-18 05:00:00,384.417208
2025-09-18 06:00:00,384.912591
2025-09-18 07:00:00,384.417208
2025-09-18 08:00:00,381.44491
2025-09-19 04:00:00,384.417208
2025-09-19 05:00:00,384.417208
2025-09-19 06:00:00,383.426442
2025-09-19 07:00:00,383.426442
2025-09-19 08:00:00,385.407974
2025-09-22 05:00:00,389.371038
2025-09-22 06:00:00,386.39874
2025-09-22 07:00:00,385.407974
2025-09-22 08:00:00,384.417208
2025-09-23 04:00:00,386.39874
2025-09-23 05:00:00,386.39874
2025-09-23 06:00:00,386.39874
2025-09-23 07:00:00,385.903357
2025-09-23 08:00:00,386.39874
2025-09-24 04:00:00,386.39874
2025-09-24 05:00:00,386.39874
2025-09-24 06:00:00,386.1510485
2025-09-24 07:00:00,386.1510485
2025-09-24 08:00:00,385.407974
2025-09-25 04:00:00,385.407974
2025-09-25 05:00:00,385.6556655
2025-09-25 06:00:00,386.1510485
2025-09-25 07:00:00,387.389506
2025-09-25 08:00:00,389.371038
2025-09-26 04:00:00,389.1233465
2025-09-26 05:00:00,388.380272
2025-09-26 06:00:00,389.371038
2025-09-26 07:00:00,388.875655
2025-09-26 08:00:00,388.380272
2025-09-29 04:00:00,390.361804
2025-09-29 05:00:00,388.380272
2025-09-29 06:00:00,388.875655
2025-09-29 07:00:00,388.875655
2025-09-29 08:00:00,388.875655
2025-09-30 04:00:00,388.6279635
2025-09-30 05:00:00,388.875655
2025-09-30 06:00:00,388.875655
2025-09-30 07:00:00,389.371038
2025-09-30 08:00:00,389.371038
2025-10-01 04:00:00,389.371038
2025-10-01 05:00:00,387.389506
2025-10-01 06:00:00,386.39874
2025-10-01 07:00:00,388.875655
2025-10-01 08:00:00,385.903357
2025-10-02 04:00:00,388.380272
2025-10-02 05:00:00,388.380272
2025-10-02 06:00:00,387.884889
2025-10-02 07:00:00,387.389506
2025-10-02 08:00:00,388.380272
2025-10-03 04:00:00,387.389506
2025-10-03 05:00:00,386.39874
2025-10-03 06:00:00,386.39874
2025-10-03 07:00:00,386.39874
2025-10-03 08:00:00,386.39874
2025-10-07 04:00:00,387.389506
2025-10-07 05:00:00,386.39874
2025-10-07 06:00:00,386.39874
2025-10-07 07:00:00,387.1418145
2025-10-07 08:00:00,386.39874
2025-10-08 04:00:00,385.903357
2025-10-08 05:00:00,386.39874
2025-10-08 06:00:00,386.894123
2025-10-08 07:00:00,386.39874
2025-10-08 08:00:00,386.39874
2025-10-09 04:00:00,386.39874
2025-10-09 05:00:00,386.39874
2025-10-09 06:00:00,386.39874
2025-10-09 07:00:00,385.903357
2025-10-09 08:00:00,386.39874
2025-10-10 04:00:00,386.39874
2025-10-10 05:00:00,390.361804
2025-10-10 06:00:00,390.361804
2025-10-10 07:00:00,390.361804
2025-10-10 08:00:00,392.838719
2025-10-13 04:00:00,396.0587085
2025-10-13 05:00:00,394.324868
2025-10-13 06:00:00,391.35257
2025-10-13 07:00:00,391.1048785
2025-10-13 08:00:00,391.35257
2025-10-14 04:00:00,394.0771765
2025-10-14 05:00:00,394.324868
2025-10-14 06:00:00,394.0771765
2025-10-14 07:00:00,393.334102
2025-10-14 08:00:00,393.334102
2025-10-15 04:00:00,389.866421
2025-10-15 05:00:00,391.35257
2025-10-15 06:00:00,390.361804
2025-10-15 07:00:00,389.371038
2025-10-15 08:00:00,389.371038
2025-10-16 04:00:00,390.361804
2025-10-16 05:00:00,390.857187
2025-10-16 06:00:00,391.35257
2025-10-16 07:00:00,390.857187
2025-10-16 08:00:00,390.857187
2025-10-17 04:00:00,393.334102
2025-10-17 05:00:00,392.838719
2025-10-17 06:00:00,392.838719
2025-10-17 07:00:00,393.0864105
2025-10-17 08:00:00,392.343336
2025-10-21 04:00:00,396.0587085
2025-10-21 05:00:00,395.315634
2025-10-21 06:00:00,393.334102
2025-10-21 07:00:00,394.5725595
2025-10-21 08:00:00,395.315634
2025-10-22 04:00:00,396.0587085
2025-10-22 05:00:00,395.315634
2025-10-22 06:00:00,396.3064
2025-10-22 07:00:00,396.3064
2025-10-22 08:00:00,395.811017
2025-10-23 04:00:00,395.5633255
2025-10-23 05:00:00,394.324868
2025-10-23 06:00:00,393.334102
2025-10-23 07:00:00,393.0864105
2025-10-23 08:00:00,393.334102
2025-10-24 04:00:00,393.0864105
2025-10-24 05:00:00,392.838719
2025-10-24 06:00:00,393.334102
2025-10-24 07:00:00,392.343336
2025-10-24 08:00:00,395.811017
2025-10-27 04:00:00,394.324868
2025-10-27 05:00:00,394.324868
2025-10-27 06:00:00,393.334102
2025-10-27 07:00:00,392.343336
2025-10-27 08:00:00,395.315634
2025-10-28 04:00:00,391.35257
2025-10-28 05:00:00,390.857187
2025-10-28 06:00:00,393.334102
2025-10-28 07:00:00,392.5910275
2025-10-28 08:00:00,393.829485
2025-10-29 04:00:00,392.838719
2025-10-29 05:00:00,392.838719
2025-10-29 06:00:00,393.334102
2025-10-29 07:00:00,393.829485
2025-10-29 08:00:00,392.343336
2025-10-30 04:00:00,393.5817935
2025-10-30 05:00:00,393.0864105
2025-10-30 06:00:00,392.343336
2025-10-30 07:00:00,392.343336
2025-10-30 08:00:00,392.838719
2025-10-31 04:00:00,391.847953
2025-10-31 05:00:00,391.6002615
2025-10-31 06:00:00,391.35257
2025-10-31 07:00:00,393.334102
2025-10-31 08:00:00,391.35257
2025-11-03 04:00:00,392.343336
2025-11-03 05:00:00,393.334102
2025-11-03 06:00:00,394.324868
2025-11-03 07:00:00,392.343336
2025-11-03 08:00:00,391.847953
2025-11-04 04:00:00,392.838719
2025-11-04 05:00:00,392.5910275
2025-11-04 06:00:00,392.0956445
2025-11-04 07:00:00,392.5910275
2025-11-04 08:00:00,392.343336
2025-11-06 04:00:00,394.324868
2025-11-06 05:00:00,396.0587085
2025-11-06 06:00:00,395.811017
2025-11-06 07:00:00,396.3064
2025-11-06 08:00:00,396.0587085
2025-11-07 04:00:00,395.315634
2025-11-07 05:00:00,396.5540915
2025-11-07 06:00:00,398.287932
2025-11-07 07:00:00,400.269464
2025-11-07 08:00:00,403.241762
2025-11-10 04:00:00,407.9479005
2025-11-10 05:00:00,421.07555
2025-11-10 06:00:00,418.3509435
2025-11-10 07:00:00,418.598635
2025-11-10 08:00:00,419.589401
2025-11-11 04:00:00,423.057082
2025-11-11 05:00:00,421.07555
2025-11-11 06:00:00,421.07555
2025-11-11 07:00:00,421.570933
2025-11-11 08:00:00,423.552465
2025-11-12 04:00:00,425.7816885
2025-11-12 05:00:00,424.543231
2025-11-12 06:00:00,423.3047735
2025-11-12 07:00:00,424.543231
2025-11-12 08:00:00,424.543231
2025-11-13 04:00:00,419.094018
2025-11-13 05:00:00,420.084784
2025-11-13 06:00:00,418.103252
2025-11-13 07:00:00,416.617103
2025-11-13 08:00:00,416.12172
2025-11-14 04:00:00,412.9017305
2025-11-14 05:00:00,413.644805
2025-11-14 06:00:00,415.3786455
2025-11-14 07:00:00,415.130954
2025-11-14 08:00:00,409.186358
2025-11-17 04:00:00,412.158656
2025-11-17 05:00:00,415.3786455
2025-11-17 06:00:00,413.149422
2025-11-17 07:00:00,415.626337
2025-11-17 08:00:00,411.4155815
2025-11-18 04:00:00,416.12172
2025-11-18 05:00:00,415.130954
2025-11-18 06:00:00,412.4063475
2025-11-18 07:00:00,411.16789
2025-11-18 08:00:00,409.9294325
2025-11-19 04:00:00,410.672507
2025-11-19 05:00:00,410.672507
2025-11-19 06:00:00,409.681741
2025-11-19 07:00:00,410.177124
2025-11-19 08:00:00,409.186358
2025-11-20 04:00:00,409.9294325
2025-11-20 05:00:00,409.9294325
2025-11-20 06:00:00,409.681741
2025-11-20 07:00:00,410.177124
2025-11-20 08:00:00,409.9294325
2025-11-21 04:00:00,407.9479005
2025-11-21 05:00:00,406.21406
2025-11-21 06:00:00,406.21406
2025-11-21 07:00:00,405.9663685
2025-11-21 08:00:00,406.21406
2025-11-24 04:00:00,401.26023
2025-11-24 05:00:00,400.269464
2025-11-24 06:00:00,400.0217725
2025-11-24 07:00:00,396.3064
2025-11-24 08:00:00,396.3064
2025-11-25 04:00:00,397.792549
2025-11-25 05:00:00,397.0494745
2025-11-25 06:00:00,398.783315
2025-11-25 07:00:00,398.287932
2025-11-25 08:00:00,400.269464
2025-11-26 04:00:00,405.223294
2025-11-26 05:00:00,402.746379
2025-11-26 06:00:00,403.241762
2025-11-26 07:00:00,402.9940705
2025-11-26 08:00:00,403.737145
2025-11-27 04:00:00,402.250996
2025-11-27 05:00:00,401.26023
2025-11-27 06:00:00,400.269464
2025-11-27 07:00:00,400.5171555
2025-11-27 08:00:00,400.269464
2025-11-28 04:00:00,400.764847
2025-11-28 05:00:00,400.764847
2025-11-28 06:00:00,401.26023
2025-12-01 04:00:00,392.343336
2025-12-01 05:00:00,394.324868
2025-12-01 06:00:00,392.343336
2025-12-01 07:00:00,392.343336
2025-12-01 08:00:00,391.847953
2025-12-02 04:00:00,395.315634
2025-12-02 05:00:00,396.3064
2025-12-02 06:00:00,395.315634
2025-12-02 07:00:00,391.35257
2025-12-02 08:00:00,394.324868
2025-12-03 04:00:00,388.380272
2025-12-03 05:00:00,386.39874
2025-12-03 06:00:00,390.361804
2025-12-03 07:00:00,386.39874
2025-12-03 08:00:00,386.39874
2025-12-05 04:00:00,382.435676
2025-12-05 05:00:00,381.44491
2025-12-05 06:00:00,381.940293
2025-12-05 07:00:00,381.44491
2025-12-05 08:00:00,383.6741335
2025-12-08 04:00:00,384.417208
2025-12-08 05:00:00,384.6648995
2025-12-08 06:00:00,383.921825
2025-12-08 07:00:00,381.6926015
2025-12-08 08:00:00,380.949527
2025-12-09 04:00:00,381.44491
2025-12-09 05:00:00,380.2064525
2025-12-09 06:00:00,383.426442
2025-12-09 07:00:00,386.1510485
2025-12-09 08:00:00,385.407974
2025-12-10 04:00:00,391.847953
2025-12-10 06:00:00,392.0956445
2025-12-10 07:00:00,392.343336
2025-12-10 08:00:00,395.0679425
2025-12-11 04:00:00,395.315634
2025-12-11 05:00:00,393.334102
2025-12-11 06:00:00,390.361804
2025-12-11 07:00:00,391.35257
2025-12-11 08:00:00,390.361804
2025-12-12 04:00:00,391.35257
2025-12-12 05:00:00,388.6279635
2025-12-12 06:00:00,389.371038
2025-12-12 07:00:00,389.371038
2025-12-12 08:00:00,389.371038
2025-12-15 04:00:00,391.1048785
2025-12-15 05:00:00,388.380272
2025-12-15 06:00:00,387.389506
2025-12-15 07:00:00,387.389506
2025-12-15 08:00:00,386.39874
2025-12-16 04:00:00,385.407974
2025-12-16 05:00:00,387.389506
2025-12-16 06:00:00,387.1418145
2025-12-16 07:00:00,387.389506
2025-12-16 08:00:00,387.884889
2025-12-17 04:00:00,386.39874
2025-12-17 05:00:00,386.6464315
2025-12-17 06:00:00,386.39874
2025-12-17 07:00:00,386.39874
2025-12-17 08:00:00,385.903357
2025-12-18 04:00:00,385.903357
2025-12-18 05:00:00,386.1510485
2025-12-18 06:00:00,385.407974
2025-12-18 07:00:00,386.1510485
2025-12-18 08:00:00,386.1510485
2025-12-19 04:00:00,386.39874
2025-12-19 05:00:00,386.1510485
2025-12-19 06:00:00,386.1510485
2025-12-19 07:00:00,386.1510485
2025-12-19 08:00:00,386.39874
2025-12-22 04:00:00,384.417208
2025-12-22 05:00:00,385.6556655
2025-12-22 06:00:00,385.407974
2025-12-22 07:00:00,383.1787505
2025-12-22 08:00:00,382.435676
2025-12-23 04:00:00,382.6833675
2025-12-23 05:00:00,382.435676
2025-12-23 06:00:00,382.1879845
2025-12-23 07:00:00,382.435676
2025-12-23 08:00:00,382.435676
2025-12-24 04:00:00,381.44491
2025-12-24 05:00:00,381.1972185
2025-12-24 06:00:00,381.1972185
2025-12-24 07:00:00,381.1972185
2025-12-24 08:00:00,381.44491
2025-12-26 04:00:00,383.426442
2025-12-26 05:00:00,384.417208
2025-12-26 06:00:00,384.417208
2025-12-26 07:00:00,385.407974
2025-12-26 08:00:00,384.417208
2025-12-29 04:00:00,385.407974
2025-12-29 05:00:00,385.407974
2025-12-29 06:00:00,386.39874
2025-12-29 07:00:00,386.894123
2025-12-29 08:00:00,386.6464315
2025-12-30 04:00:00,395.811017
2025-12-30 05:00:00,396.3064
2025-12-30 06:00:00,395.315634
2025-12-30 07:00:00,395.811017
2025-12-30 08:00:00,395.315634
2025-12-31 04:00:00,396.3064
2025-12-31 05:00:00,395.315634
2025-12-31 06:00:00,396.3064
2025-12-31 07:00:00,396.0587085
2025-12-31 08:00:00,394.324868
2026-01-02 04:00:00,395.811017
2026-01-02 05:00:00,396.3064
2026-01-02 06:00:00,396.3064
2026-01-02 07:00:00,396.3064
2026-01-02 08:00:00,397.297166
2026-01-05 04:00:00,396.3064
2026-01-05 05:00:00,396.3064
2026-01-05 06:00:00,396.3064
2026-01-05 07:00:00,397.297166
2026-01-05 08:00:00,396.801783
2026-01-06 04:00:00,397.297166
2026-01-06 05:00:00,399.278698
2026-01-06 06:00:00,399.278698
2026-01-06 07:00:00,412.158656
2026-01-06 08:00:00,415.626337
2026-01-07 04:00:00,422.066316
2026-01-08 04:00:00,420.580167
2026-01-08 05:00:00,420.8278585
2026-01-08 06:00:00,423.057082
2026-01-08 07:00:00,421.07555
2026-01-08 08:00:00,422.066316
2026-01-09 04:00:00,422.066316
2026-01-09 05:00:00,422.3140075
2026-01-09 06:00:00,421.570933
2026-01-09 07:00:00,421.8186245
2026-01-09 08:00:00,421.8186245
2026-01-12 04:00:00,422.066316
2026-01-12 05:00:00,421.07555
2026-01-12 06:00:00,418.8463265
2026-01-12 07:00:00,417.3601775
2026-01-12 08:00:00,418.103252
2026-01-13 04:00:00,417.112486
2026-01-13 05:00:00,417.3601775
2026-01-13 06:00:00,418.103252
2026-01-13 07:00:00,419.094018
2026-01-13 08:00:00,418.103252
2026-01-14 04:00:00,417.3601775
2026-01-14 05:00:00,417.112486
2026-01-14 06:00:00,416.12172
2026-01-14 07:00:00,416.12172
2026-01-14 08:00:00,416.12172
2026-01-16 04:00:00,418.598635
2026-01-16 05:00:00,414.140188
2026-01-16 06:00:00,416.12172
2026-01-16 07:00:00,415.626337
2026-01-16 08:00:00,418.103252
2026-01-19 04:00:00,417.607869
2026-01-19 05:00:00,418.103252
2026-01-19 06:00:00,418.103252
2026-01-19 07:00:00,417.112486
2026-01-19 08:00:00,418.103252
2026-01-20 04:00:00,418.103252
2026-01-20 05:00:00,418.103252
2026-01-20 06:00:00,415.8740285
2026-01-20 07:00:00,416.12172
2026-01-20 08:00:00,417.112486
2026-01-21 04:00:00,417.112486
2026-01-21 05:00:00,418.8463265
2026-01-21 06:00:00,418.3509435
2026-01-21 07:00:00,417.8555605
2026-01-21 08:00:00,421.07555
2026-01-22 04:00:00,424.7909225
2026-01-22 05:00:00,429.2493695
2026-01-22 06:00:00,428.010912
2026-01-22 07:00:00,428.010912
2026-01-22 08:00:00,428.010912
2026-01-23 04:00:00,429.2493695
2026-01-23 05:00:00,428.506295
2026-01-23 06:00:00,429.2493695
2026-01-23 07:00:00,429.2493695
2026-01-23 08:00:00,429.001678
2026-01-26 04:00:00,428.010912
2026-01-26 05:00:00,428.010912
2026-01-26 06:00:00,427.515529
2026-01-26 07:00:00,427.7632205
2026-01-26 08:00:00,428.010912
2026-01-27 04:00:00,426.524763
2026-01-27 05:00:00,428.010912
2026-01-27 06:00:00,428.010912
2026-01-27 07:00:00,427.020146
2026-01-27 08:00:00,428.010912
2026-01-28 04:00:00,427.020146
2026-01-28 05:00:00,426.524763
2026-01-28 06:00:00,426.02938
2026-01-28 07:00:00,425.2863055
2026-01-28 08:00:00,424.047848
2026-01-29 04:00:00,424.047848
2026-01-29 05:00:00,421.570933
2026-01-29 06:00:00,421.07555
2026-01-29 07:00:00,423.552465
2026-01-29 08:00:00,423.8001565
2026-01-30 04:00:00,423.552465
2026-01-30 05:00:00,421.3232415
2026-01-30 06:00:00,421.8186245
2026-01-30 07:00:00,423.057082
2026-01-30 08:00:00,423.057082
2026-02-02 04:00:00,418.598635
2026-02-02 05:00:00,419.3417095
2026-02-02 06:00:00,420.084784
2026-02-02 07:00:00,421.07555
2026-02-02 08:00:00,421.07555
2026-02-03 04:00:00,422.066316
2026-02-03 05:00:00,421.3232415
2026-02-03 06:00:00,421.07555
2026-02-03 07:00:00,421.07555
2026-02-03 08:00:00,420.580167
2026-02-05 04:00:00,420.8278585
2026-02-05 05:00:00,420.580167
2026-02-05 06:00:00,420.3324755
2026-02-05 07:00:00,419.589401
2026-02-05 08:00:00,419.8370925
2026-02-06 04:00:00,425.038614
2026-02-06 05:00:00,424.047848
2026-02-06 06:00:00,425.038614
2026-02-06 07:00:00,426.02938
2026-02-06 08:00:00,425.038614
2026-02-09 04:00:00,425.038614
2026-02-09 05:00:00,425.7816885
2026-02-09 06:00:00,425.533997
2026-02-09 07:00:00,425.533997
2026-02-09 08:00:00,425.038614
2026-02-10 04:00:00,426.02938
2026-02-10 05:00:00,425.038614
2026-02-10 06:00:00,425.533997
2026-02-10 07:00:00,425.038614
2026-02-10 08:00:00,425.038614
2026-02-11 04:00:00,425.7816885
2026-02-11 05:00:00,426.02938
2026-02-11 06:00:00,426.02938
2026-02-11 07:00:00,425.7816885
2026-02-11 08:00:00,425.2863055
2026-02-12 04:00:00,425.533997
2026-02-12 05:00:00,425.7816885
2026-02-12 06:00:00,426.02938
2026-02-12 07:00:00,426.02938
2026-02-12 08:00:00,426.02938
2026-02-13 04:00:00,426.02938
2026-02-13 05:00:00,426.02938
2026-02-13 06:00:00,427.515529
2026-02-13 07:00:00,432.964742
2026-02-13 08:00:00,435.6893485
2026-02-16 04:00:00,453.770828
2026-02-16 05:00:00,446.340083
2026-02-16 06:00:00,448.816998
2026-02-16 07:00:00,448.816998
2026-02-16 08:00:00,448.816998
2026-02-17 04:00:00,449.5600725
2026-02-17 05:00:00,448.5693065
2026-02-17 06:00:00,447.330849
2026-02-17 07:00:00,447.826232
2026-02-17 08:00:00,447.826232
2026-02-18 04:00:00,450.79853
2026-02-18 05:00:00,451.0462215
2026-02-18 06:00:00,452.780062
2026-02-18 07:00:00,451.789296
2026-02-18 08:00:00,451.789296
2026-02-19 04:00:00,454.761594
2026-02-19 05:00:00,453.770828
2026-02-19 06:00:00,453.275445
2026-02-19 07:00:00,450.79853
2026-02-19 08:00:00,451.293913
2026-02-20 04:00:00,449.0646895
2026-02-20 05:00:00,451.5416045
2026-02-20 06:00:00,451.5416045
2026-02-20 07:00:00,451.5416045
2026-02-20 08:00:00,450.79853
2026-02-23 04:00:00,451.293913
2026-02-23 05:00:00,450.79853
2026-02-23 06:00:00,451.293913
2026-02-23 07:00:00,451.789296
2026-02-23 08:00:00,453.770828
2026-02-24 04:00:00,453.275445
2026-02-24 05:00:00,453.275445
2026-02-24 06:00:00,451.789296
2026-02-24 07:00:00,451.789296
2026-02-24 08:00:00,451.293913
2026-02-25 04:00:00,452.780062
2026-02-25 05:00:00,451.0462215
2026-02-25 06:00:00,451.293913
2026-02-25 07:00:00,451.789296
2026-02-25 08:00:00,450.79853
2026-02-26 04:00:00,449.0646895
2026-02-26 05:00:00,448.5693065
2026-02-26 06:00:00,448.816998
2026-02-26 07:00:00,447.826232
2026-02-26 08:00:00,445.1016255
2026-02-27 04:00:00,442.872402
2026-02-27 05:00:00,443.1200935
2026-02-27 06:00:00,445.8447
2026-02-27 07:00:00,445.8447
2026-02-27 08:00:00,442.872402
2026-03-03 04:00:00,430.487827
2026-03-03 05:00:00,432.2216675
2026-03-03 06:00:00,428.010912
2026-03-03 07:00:00,426.02938
2026-03-03 08:00:00,424.047848
2026-03-04 04:00:00,426.02938
2026-03-04 05:00:00,425.533997
2026-03-04 06:00:00,425.2863055
2026-03-04 07:00:00,426.02938
2026-03-04 08:00:00,427.020146
2026-03-05 04:00:00,429.992444
2026-03-05 05:00:00,430.98321
2026-03-05 06:00:00,429.497061
2026-03-05 07:00:00,428.7539865
2026-03-05 08:00:00,428.2586035
2026-03-06 04:00:00,425.7816885
2026-03-06 05:00:00,425.7816885
2026-03-06 06:00:00,425.533997
2026-03-06 07:00:00,425.533997
2026-03-06 08:00:00,425.2863055
2026-03-09 04:00:00,410.672507
2026-03-09 05:00:00,410.177124
2026-03-09 06:00:00,409.186358
2026-03-09 07:00:00,409.186358
2026-03-09 08:00:00,410.672507
2026-03-10 04:00:00,421.07555
2026-03-10 05:00:00,423.057082
2026-03-10 06:00:00,423.057082
2026-03-10 07:00:00,422.3140075
2026-03-10 08:00:00,423.3047735
2026-03-11 04:00:00,425.2863055
2026-03-11 05:00:00,425.038614
2026-03-11 06:00:00,425.038614
2026-03-11 07:00:00,425.038614
2026-03-11 08:00:00,421.570933
2026-03-12 04:00:00,416.12172
2026-03-12 05:00:00,416.12172
2026-03-12 06:00:00,416.12172
2026-03-12 07:00:00,415.8740285
2026-03-12 08:00:00,415.130954
2026-03-13 04:00:00,410.9201985
2026-03-13 05:00:00,408.195592
2026-03-13 06:00:00,407.9479005
2026-03-13 07:00:00,408.4432835
2026-03-13 08:00:00,409.186358
2026-03-16 04:00:00,391.35257
2026-03-16 05:00:00,395.315634
2026-03-16 06:00:00,398.287932
2026-03-16 07:00:00,396.3064
2026-03-16 08:00:00,395.315634
2026-03-17 04:00:00,405.223294
2026-03-17 05:00:00,402.9940705
2026-03-17 06:00:00,396.3064
2026-03-17 07:00:00,396.3064
2026-03-17 08:00:00,391.847953
2026-03-18 04:00:00,395.0679425
2026-03-18 05:00:00,392.838719
2026-03-18 06:00:00,392.343336
2026-03-18 07:00:00,391.6002615
2026-03-18 08:00:00,393.334102
2026-03-19 04:00:00,389.371038
2026-03-19 05:00:00,390.361804
2026-03-19 06:00:00,390.1141125
2026-03-19 07:00:00,389.371038
2026-03-19 08:00:00,388.875655
2026-03-20 04:00:00,389.866421
2026-03-20 05:00:00,389.371038
2026-03-20 06:00:00,389.371038
2026-03-20 07:00:00,390.361804
2026-03-20 08:00:00,388.6279635
2026-03-23 04:00:00,386.39874
2026-03-23 05:00:00,386.39874
2026-03-23 06:00:00,386.39874
2026-03-23 07:00:00,386.39874
2026-03-23 08:00:00,386.39874
2026-03-24 04:00:00,396.3064
2026-03-24 05:00:00,398.287932
2026-03-24 06:00:00,395.811017
2026-03-24 07:00:00,398.287932
2026-03-24 08:00:00,398.287932
2026-03-25 04:00:00,414.140188
2026-03-25 05:00:00,414.140188
2026-03-25 06:00:00,415.130954
2026-03-25 07:00:00,414.635571
2026-03-25 08:00:00,414.140188
2026-03-26 04:00:00,410.177124
2026-03-26 05:00:00,407.204826
2026-03-26 06:00:00,406.21406
2026-03-26 07:00:00,404.727911
2026-03-26 08:00:00,406.21406
2026-03-27 04:00:00,406.21406
2026-03-27 05:00:00,408.195592
2026-03-27 06:00:00,405.223294
2026-03-27 07:00:00,405.223294
2026-03-27 08:00:00,405.9663685
2026-03-30 04:00:00,401.26023
2026-03-30 05:00:00,401.26023
2026-03-30 06:00:00,397.55499304
2026-03-30 07:00:00,397.30958921
2026-03-30 08:00:00,399.51822757
2026-03-31 04:00:00,397.55499304
2026-03-31 05:00:00,399.51822757
2026-03-31 06:00:00,399.51822757
2026-03-31 07:00:00,403.44469664
2026-03-31 08:00:00,402.46307937
2026-04-02 04:00:00,399.5
2026-04-02 05:00:00,399.25
2026-04-02 06:00:00,398.0
2026-04-02 07:00:00,399.25
2026-04-02 08:00:00,399.0
2026-04-06 04:00:00,397.75
2026-04-06 05:00:00,396.0
2026-04-06 06:00:00,395.25
2026-04-06 07:00:00,395.0
2026-04-06 08:00:00,396.0
2026-04-07 04:00:00,396.0
2026-04-07 05:00:00,395.25
2026-04-07 06:00:00,396.25
2026-04-07 07:00:00,398.25
2026-04-07 08:00:00,397.25
2026-04-08 04:00:00,413.0
2026-04-08 05:00:00,413.5
2026-04-08 06:00:00,413.5
2026-04-08 07:00:00,413.5
2026-04-08 08:00:00,415.5
2026-04-09 04:00:00,411.0
2026-04-09 05:00:00,411.5
2026-04-09 06:00:00,414.0
2026-04-09 07:00:00,414.0
2026-04-09 08:00:00,414.0
2026-04-10 04:00:00,414.0
2026-04-10 05:00:00,413.0
2026-04-10 06:00:00,412.75
2026-04-10 07:00:00,411.0
2026-04-10 08:00:00,411.0
2026-04-15 04:00:00,412.0
2026-04-15 05:00:00,414.0
2026-04-15 06:00:00,413.0
2026-04-15 07:00:00,413.75
2026-04-15 08:00:00,414.0
2026-04-16 04:00:00,415.5
2026-04-16 05:00:00,415.0
2026-04-16 06:00:00,414.5
2026-04-16 07:00:00,415.0
2026-04-16 08:00:00,415.0
2026-04-17 04:00:00,413.0
2026-04-17 05:00:00,413.0
2026-04-17 06:00:00,413.75
2026-04-17 07:00:00,413.5
2026-04-17 08:00:00,413.5
2026-04-20 04:00:00,413.0
2026-04-20 05:00:00,412.25
2026-04-20 06:00:00,415.0
2026-04-20 07:00:00,413.0
2026-04-20 08:00:00,413.75
2026-04-21 04:00:00,413.0
2026-04-21 05:00:00,413.0
2026-04-21 06:00:00,412.5
2026-04-21 07:00:00,413.0
2026-04-21 08:00:00,413.0
2026-04-22 04:00:00,414.0
2026-04-22 05:00:00,414.0
2026-04-22 06:00:00,413.5
2026-04-22 07:00:00,411.0
2026-04-22 08:00:00,411.0
2026-04-23 04:00:00,411.0
2026-04-23 05:00:00,411.0
2026-04-23 06:00:00,410.0
2026-04-23 07:00:00,411.0
2026-04-23 08:00:00,411.0
2026-04-24 04:00:00,409.75
2026-04-24 05:00:00,410.0
2026-04-24 06:00:00,409.75
2026-04-24 07:00:00,410.0
2026-04-24 08:00:00,409.75
2026-04-27 04:00:00,409.5
2026-04-27 05:00:00,408.5
2026-04-27 06:00:00,410.0
2026-04-27 07:00:00,410.0
2026-04-27 08:00:00,409.5
2026-04-28 04:00:00,410.0
2026-04-28 05:00:00,409.25
2026-04-28 06:00:00,409.25
2026-04-28 07:00:00,409.75
2026-04-28 08:00:00,409.0
2026-04-29 04:00:00,411.0
2026-04-29 05:00:00,410.25
2026-04-29 06:00:00,410.0
2026-04-29 07:00:00,411.0
2026-04-29 08:00:00,410.0
2026-04-30 04:00:00,409.75
2026-04-30 05:00:00,409.5
2026-04-30 06:00:00,408.75
2026-05-04 04:00:00,409.0
2026-05-04 05:00:00,409.5
2026-05-04 06:00:00,409.75
2026-05-04 07:00:00,410.0
2026-05-04 08:00:00,409.75
2026-05-05 04:00:00,410.75
2026-05-05 05:00:00,410.5
2026-05-05 06:00:00,410.25
2026-05-05 07:00:00,410.5
2026-05-05 08:00:00,410.5
2026-05-06 04:00:00,410.5
2026-05-06 05:00:00,411.0
2026-05-06 06:00:00,413.0
2026-05-06 07:00:00,414.5
2026-05-06 08:00:00,414.0
2026-05-07 04:00:00,414.0
2026-05-07 05:00:00,414.25
2026-05-07 06:00:00,414.25
2026-05-07 07:00:00,414.0
2026-05-07 08:00:00,413.5
2026-05-08 04:00:00,414.25
2026-05-08 05:00:00,414.0
2026-05-08 06:00:00,414.25
2026-05-08 07:00:00,416.0
2026-05-08 08:00:00,418.0
2026-05-11 04:00:00,418.5
2026-05-11 05:00:00,418.5
2026-05-11 06:00:00,418.0
2026-05-11 07:00:00,418.0
2026-05-11 08:00:00,417.0
2026-05-12 04:00:00,418.0
2026-05-12 05:00:00,416.75
2026-05-12 06:00:00,416.0
2026-05-12 07:00:00,416.5
2026-05-12 08:00:00,416.0
2026-05-13 04:00:00,414.0
2026-05-13 05:00:00,414.75
2026-05-13 06:00:00,414.0
2026-05-13 07:00:00,414.0
2026-05-13 08:00:00,414.0
2026-05-14 04:00:00,412.75
2026-05-14 05:00:00,413.0
2026-05-14 06:00:00,413.0
2026-05-14 07:00:00,412.75
2026-05-14 08:00:00,413.0
2026-05-15 04:00:00,413.0
2026-05-15 05:00:00,413.0
2026-05-15 06:00:00,413.0
2026-05-15 07:00:00,413.0
2026-05-15 08:00:00,412.0
2026-05-18 04:00:00,409.25
2026-05-18 05:00:00,408.5
2026-05-18 06:00:00,408.75
2026-05-18 07:00:00,408.0
2026-05-18 08:00:00,408.0
2026-05-19 04:00:00,408.0
2026-05-19 05:00:00,406.0
2026-05-19 06:00:00,406.5
2026-05-19 07:00:00,406.5
2026-05-19 08:00:00,406.0
2026-05-20 04:00:00,405.5
2026-05-20 05:00:00,403.0
2026-05-20 06:00:00,403.5
2026-05-20 07:00:00,401.0
2026-05-20 08:00:00,401.75
2026-05-21 04:00:00,404.0
2026-05-21 05:00:00,402.0
2026-05-21 06:00:00,401.0
2026-05-21 07:00:00,401.25
2026-05-21 08:00:00,400.0
2026-05-22 04:00:00,402.0
2026-05-22 05:00:00,401.0
2026-05-22 06:00:00,401.0
2026-05-22 07:00:00,402.0
2026-05-22 08:00:00,401.0
2026-05-25 04:00:00,406.0
2026-05-25 05:00:00,404.0
2026-05-25 06:00:00,405.0
2026-05-25 07:00:00,404.25
2026-05-25 08:00:00,404.0
2026-05-26 04:00:00,403.5
2026-05-26 05:00:00,403.0
2026-05-26 06:00:00,400.0
2026-05-26 07:00:00,400.0
2026-05-26 08:00:00,400.0
2026-05-27 04:00:00,401.0
2026-05-27 05:00:00,400.0
2026-05-27 06:00:00,400.0
2026-05-27 07:00:00,400.0
2026-05-27 08:00:00,399.75
2026-05-29 04:00:00,400.0
2026-05-29 05:00:00,398.75
2026-05-29 06:00:00,400.0
2026-05-29 07:00:00,398.5
2026-05-29 08:00:00,399.0
2026-06-01 04:00:00,398.75
2026-06-01 05:00:00,398.0
2026-06-01 06:00:00,398.0
2026-06-01 07:00:00,397.75
2026-06-01 08:00:00,397.0
2026-06-02 04:00:00,396.0
2026-06-02 05:00:00,395.5
2026-06-02 06:00:00,397.0
2026-06-02 07:00:00,397.0
2026-06-02 08:00:00,396.5
2026-06-03 04:00:00,395.0
2026-06-03 05:00:00,394.75
2026-06-03 06:00:00,395.5
2026-06-03 07:00:00,395.75
2026-06-03 08:00:00,394.75
2026-06-04 04:00:00,395.0
2026-06-04 05:00:00,392.0
2026-06-04 06:00:00,390.75
2026-06-04 07:00:00,390.25
2026-06-04 08:00:00,391.0
2026-06-05 04:00:00,396.5
2026-06-05 05:00:00,393.75
2026-06-05 06:00:00,393.75
2026-06-05 07:00:00,393.75
2026-06-05 08:00:00,392.0
2026-06-08 04:00:00,391.0
2026-06-08 05:00:00,390.0
2026-06-08 06:00:00,390.0
2026-06-08 07:00:00,390.25
2026-06-08 08:00:00,392.0
2026-06-09 04:00:00,394.0
2026-06-09 05:00:00,393.0
2026-06-09 06:00:00,393.0
2026-06-09 07:00:00,392.75
2026-06-09 08:00:00,392.0
2026-06-10 04:00:00,392.0
2026-06-10 05:00:00,391.0
2026-06-10 06:00:00,391.0
2026-06-10 07:00:00,390.0
2026-06-10 08:00:00,391.0
2026-06-11 04:00:00,389.5
2026-06-11 05:00:00,389.25
2026-06-11 06:00:00,389.0
2026-06-11 07:00:00,389.0
2026-06-11 08:00:00,389.0
2026-06-12 04:00:00,396.0
2026-06-12 05:00:00,393.0
2026-06-12 06:00:00,396.75
2026-06-12 07:00:00,396.75
2026-06-12 08:00:00,396.75
2026-06-15 04:00:00,407.0
2026-06-15 05:00:00,405.0
2026-06-15 06:00:00,405.0
2026-06-15 07:00:00,404.75
2026-06-15 08:00:00,404.0
2026-06-16 04:00:00,406.0
2026-06-16 05:00:00,406.0
2026-06-16 06:00:00,404.25
2026-06-16 07:00:00,404.0
2026-06-16 08:00:00,404.0
2026-06-17 04:00:00,404.0
2026-06-17 05:00:00,402.0
2026-06-17 06:00:00,403.75
2026-06-17 07:00:00,402.5
2026-06-17 08:00:00,403.75
2026-06-18 04:00:00,403.0
2026-06-18 05:00:00,404.0
2026-06-18 06:00:00,403.5
2026-06-18 07:00:00,403.75
2026-06-18 08:00:00,403.0
2026-06-19 04:00:00,404.0
2026-06-19 05:00:00,402.75
2026-06-19 06:00:00,403.0
2026-06-19 07:00:00,402.0
2026-06-19 08:00:00,400.0
2026-06-22 04:00:00,400.75
2026-06-22 05:00:00,401.0
2026-06-22 06:00:00,399.5
2026-06-22 07:00:00,401.0
2026-06-22 08:00:00,403.5
2026-06-23 04:00:00,403.75
2026-06-23 05:00:00,403.5
2026-06-23 06:00:00,403.0
2026-06-23 07:00:00,402.0
2026-06-23 08:00:00,403.0
2026-06-24 04:00:00,402.0
2026-06-24 05:00:00,401.5
2026-06-24 06:00:00,401.0
2026-06-24 07:00:00,401.5
2026-06-24 08:00:00,401.0
2026-06-25 04:00:00,401.0
2026-06-25 05:00:00,401.0
2026-06-25 06:00:00,404.0
2026-06-25 07:00:00,401.5
2026-06-25 08:00:00,403.5
2026-06-26 04:00:00,403.5
2026-06-26 05:00:00,403.75
2026-06-26 06:00:00,403.5
2026-06-26 07:00:00,403.0
2026-06-26 08:00:00,403.0
2026-06-30 04:00:00,401.25
2026-06-30 05:00:00,402.5
2026-06-30 06:00:00,403.0
2026-06-30 07:00:00,404.0
2026-06-30 08:00:00,404.0
2026-07-01 05:00:00,404.75
2026-07-01 06:00:00,403.0
2026-07-01 07:00:00,400.0
2026-07-01 08:00:00,401.0
2026-07-02 04:00:00,401.0
2026-07-02 05:00:00,401.0
2026-07-02 06:00:00,401.0
2026-07-02 07:00:00,401.0
2026-07-02 08:00:00,400.5
2026-07-03 04:00:00,402.75
2026-07-03 05:00:00,402.0
2026-07-03 06:00:00,402.0
2026-07-03 07:00:00,401.75
2026-07-03 08:00:00,400.0
2026-07-06 04:00:00,400.0
2026-07-06 05:00:00,399.25
2026-07-06 06:00:00,399.5
2026-07-06 07:00:00,399.0
2026-07-06 08:00:00,399.0
2026-07-07 04:00:00,399.5
2026-07-07 05:00:00,399.25
2026-07-07 06:00:00,396.75
2026-07-07 07:00:00,395.0
2026-07-07 08:00:00,397.5
2026-07-08 04:00:00,398.0
2026-07-08 05:00:00,397.75
2026-07-08 06:00:00,396.5
2026-07-08 07:00:00,396.5
2026-07-08 08:00:00,395.5
2026-07-09 04:00:00,394.0
2026-07-09 05:00:00,396.5
2026-07-09 06:00:00,395.0
2026-07-09 07:00:00,396.0
2026-07-09 08:00:00,396.0
2026-07-10 04:00:00,397.5
2026-07-10 05:00:00,397.5
2026-07-10 06:00:00,397.75
2026-07-10 07:00:00,397.25
2026-07-10 08:00:00,397.0
2026-07-13 04:00:00,395.5
2026-07-13 05:00:00,395.0
2026-07-13 06:00:00,394.5
2026-07-13 07:00:00,394.25
2026-07-13 08:00:00,394.0
2026-07-14 04:00:00,393.75
2026-07-14 05:00:00,393.5
2026-07-14 06:00:00,393.75
2026-07-14 07:00:00,393.0
2026-07-14 08:00:00,392.75
2026-07-15 04:00:00,393.5
2026-07-15 05:00:00,393.0
2026-07-15 06:00:00,393.0
2026-07-15 07:00:00,390.0
2026-07-15 08:00:00,390.0
2026-07-16 04:00:00,390.0
2026-07-16 05:00:00,390.5
2026-07-16 06:00:00,390.0
2026-07-16 07:00:00,389.5
2026-07-16 08:00:00,390.0
2026-07-17 04:00:00,389.0
2026-07-17 05:00:00,389.0
2026-07-17 06:00:00,389.25
2026-07-17 07:00:00,389.0
2026-07-17 08:00:00,389.0
2026-07-20 04:00:00,388.5
2026-07-20 05:00:00,388.0
2026-07-20 06:00:00,388.0
2026-07-20 07:00:00,387.5
2026-07-20 08:00:00,385.0
2026-07-21 04:00:00,386.0
2026-07-21 05:00:00,385.0
2026-07-21 06:00:00,384.75
2026-07-21 07:00:00,385.0
2026-07-21 08:00:00,384.0
2026-07-22 04:00:00,389.0
2026-07-22 05:00:00,384.0
2026-07-22 06:00:00,384.75
2026-07-22 07:00:00,385.0
2026-07-22 08:00:00,385.0
2026-07-23 04:00:00,387.0
2026-07-23 05:00:00,385.5
2026-07-23 06:00:00,389.0
2026-07-23 07:00:00,388.0
2026-07-23 08:00:00,388.0
2026-07-24 04:00:00,388.0
2026-07-24 05:00:00,387.0
2026-07-24 06:00:00,386.75
2026-07-24 07:00:00,385.0
2026-07-24 08:00:00,385.0
2026-07-27 04:00:00,390.0
2026-07-27 05:00:00,388.5
2026-07-27 06:00:00,388.0
2026-07-27 07:00:00,386.0
2026-07-27 08:00:00,386.0
