ticker,horizon_days,fold,test_from,model,n_test,MAPE_%,MAE,RMSE,ret_RMSE_pp,dir_acc_%
HNB,1,0,2017-01,naive (no change),100,0.65,1.301,1.887,0.937,20.0
HNB,1,0,2017-01,"ARIMA(1,1,1)",100,0.65,1.301,1.887,0.937,45.0
HNB,1,0,2017-01,Ridge P (price only),100,0.67,1.34,1.885,0.936,45.0
HNB,1,0,2017-01,XGBoost P (price only),100,0.724,1.449,2.003,0.994,43.0
HNB,1,0,2017-01,Ridge P+M (+macro),100,0.67,1.341,1.889,0.939,45.0
HNB,1,0,2017-01,XGBoost P+M (+macro),100,0.713,1.426,1.992,0.989,46.0
HNB,1,0,2017-01,Ridge P+M+N (+macro+news),100,0.681,1.363,1.911,0.949,46.0
HNB,1,0,2017-01,XGBoost P+M+N (+macro+news),100,0.778,1.556,2.118,1.052,44.0
HNB,1,1,2017-07,naive (no change),116,0.761,1.623,2.304,1.068,12.9
HNB,1,1,2017-07,"ARIMA(1,1,1)",116,0.79,1.682,2.315,1.072,43.1
HNB,1,1,2017-07,Ridge P (price only),116,0.799,1.703,2.36,1.094,42.2
HNB,1,1,2017-07,XGBoost P (price only),116,0.824,1.754,2.335,1.085,39.7
HNB,1,1,2017-07,Ridge P+M (+macro),116,0.812,1.729,2.377,1.103,39.7
HNB,1,1,2017-07,XGBoost P+M (+macro),116,0.805,1.711,2.286,1.064,45.7
HNB,1,1,2017-07,Ridge P+M+N (+macro+news),116,0.844,1.795,2.423,1.125,37.1
HNB,1,1,2017-07,XGBoost P+M+N (+macro+news),116,0.886,1.886,2.52,1.169,42.2
HNB,1,2,2018-01,naive (no change),106,0.486,1.016,1.567,0.748,28.3
HNB,1,2,2018-01,"ARIMA(1,1,1)",106,0.506,1.056,1.584,0.757,30.2
HNB,1,2,2018-01,Ridge P (price only),106,0.532,1.113,1.555,0.742,35.8
HNB,1,2,2018-01,XGBoost P (price only),106,0.577,1.204,1.622,0.776,37.7
HNB,1,2,2018-01,Ridge P+M (+macro),106,0.537,1.122,1.561,0.745,38.7
HNB,1,2,2018-01,XGBoost P+M (+macro),106,0.575,1.197,1.655,0.796,41.5
HNB,1,2,2018-01,Ridge P+M+N (+macro+news),106,0.551,1.152,1.596,0.762,35.8
HNB,1,2,2018-01,XGBoost P+M+N (+macro+news),106,0.604,1.256,1.705,0.821,39.6
HNB,1,3,2018-07,naive (no change),103,1.006,1.85,2.661,1.462,14.6
HNB,1,3,2018-07,"ARIMA(1,1,1)",103,1.01,1.858,2.662,1.462,39.8
HNB,1,3,2018-07,Ridge P (price only),103,0.997,1.833,2.582,1.417,48.5
HNB,1,3,2018-07,XGBoost P (price only),103,1.124,2.061,2.909,1.596,44.7
HNB,1,3,2018-07,Ridge P+M (+macro),103,0.994,1.827,2.584,1.417,48.5
HNB,1,3,2018-07,XGBoost P+M (+macro),103,1.106,2.026,2.867,1.577,43.7
HNB,1,3,2018-07,Ridge P+M+N (+macro+news),103,0.995,1.828,2.587,1.418,48.5
HNB,1,3,2018-07,XGBoost P+M+N (+macro+news),103,1.096,2.007,2.796,1.538,47.6
HNB,1,4,2019-01,naive (no change),109,0.808,1.203,1.997,1.329,25.7
HNB,1,4,2019-01,"ARIMA(1,1,1)",109,0.808,1.203,1.997,1.329,22.9
HNB,1,4,2019-01,Ridge P (price only),109,0.87,1.283,2.011,1.35,39.4
HNB,1,4,2019-01,XGBoost P (price only),109,1.055,1.537,2.259,1.555,37.6
HNB,1,4,2019-01,Ridge P+M (+macro),109,0.909,1.332,2.055,1.388,39.4
HNB,1,4,2019-01,XGBoost P+M (+macro),109,1.081,1.573,2.315,1.593,36.7
HNB,1,4,2019-01,Ridge P+M+N (+macro+news),109,0.922,1.351,2.071,1.399,39.4
HNB,1,4,2019-01,XGBoost P+M+N (+macro+news),109,1.076,1.571,2.372,1.63,37.6
HNB,1,5,2019-07,naive (no change),117,1.147,1.669,2.658,1.866,8.5
HNB,1,5,2019-07,"ARIMA(1,1,1)",117,1.15,1.674,2.656,1.865,40.2
HNB,1,5,2019-07,Ridge P (price only),117,1.132,1.65,2.652,1.858,52.1
HNB,1,5,2019-07,XGBoost P (price only),117,1.28,1.864,2.707,1.889,44.4
HNB,1,5,2019-07,Ridge P+M (+macro),117,1.143,1.665,2.664,1.865,53.0
HNB,1,5,2019-07,XGBoost P+M (+macro),117,1.279,1.859,2.735,1.915,47.0
HNB,1,5,2019-07,Ridge P+M+N (+macro+news),117,1.143,1.665,2.656,1.862,51.3
HNB,1,5,2019-07,XGBoost P+M+N (+macro+news),117,1.275,1.855,2.797,1.961,41.0
HNB,1,6,2020-01,naive (no change),79,1.88,1.986,3.354,3.303,16.5
HNB,1,6,2020-01,"ARIMA(1,1,1)",79,1.879,1.985,3.352,3.302,51.9
HNB,1,6,2020-01,Ridge P (price only),79,1.972,2.071,3.273,3.264,45.6
HNB,1,6,2020-01,XGBoost P (price only),79,2.096,2.198,3.573,3.527,39.2
HNB,1,6,2020-01,Ridge P+M (+macro),79,1.991,2.089,3.3,3.283,45.6
HNB,1,6,2020-01,XGBoost P+M (+macro),79,2.101,2.21,3.712,3.636,41.8
HNB,1,6,2020-01,Ridge P+M+N (+macro+news),79,1.991,2.093,3.296,3.276,45.6
HNB,1,6,2020-01,XGBoost P+M+N (+macro+news),79,2.173,2.266,3.725,3.664,36.7
HNB,1,7,2020-07,naive (no change),125,1.09,1.158,1.774,1.669,4.0
HNB,1,7,2020-07,"ARIMA(1,1,1)",125,1.121,1.19,1.784,1.674,50.4
HNB,1,7,2020-07,Ridge P (price only),125,1.213,1.286,1.864,1.749,48.0
HNB,1,7,2020-07,XGBoost P (price only),125,1.28,1.361,2.001,1.868,51.2
HNB,1,7,2020-07,Ridge P+M (+macro),125,1.223,1.297,1.875,1.757,48.0
HNB,1,7,2020-07,XGBoost P+M (+macro),125,1.266,1.345,1.91,1.783,52.8
HNB,1,7,2020-07,Ridge P+M+N (+macro+news),125,1.235,1.309,1.87,1.755,46.4
HNB,1,7,2020-07,XGBoost P+M+N (+macro+news),125,1.261,1.343,1.909,1.783,51.2
HNB,1,8,2021-01,naive (no change),114,1.259,1.542,2.255,1.808,10.5
HNB,1,8,2021-01,"ARIMA(1,1,1)",114,1.282,1.569,2.258,1.808,42.1
HNB,1,8,2021-01,Ridge P (price only),114,1.227,1.498,2.129,1.709,55.3
HNB,1,8,2021-01,XGBoost P (price only),114,1.249,1.521,2.131,1.731,51.8
HNB,1,8,2021-01,Ridge P+M (+macro),114,1.232,1.503,2.131,1.711,53.5
HNB,1,8,2021-01,XGBoost P+M (+macro),114,1.236,1.504,2.102,1.712,51.8
HNB,1,8,2021-01,Ridge P+M+N (+macro+news),114,1.221,1.49,2.141,1.719,53.5
HNB,1,8,2021-01,XGBoost P+M+N (+macro+news),114,1.347,1.639,2.24,1.804,50.0
HNB,1,9,2021-07,naive (no change),124,0.964,1.281,1.942,1.44,12.9
HNB,1,9,2021-07,"ARIMA(1,1,1)",124,0.971,1.29,1.943,1.44,41.1
HNB,1,9,2021-07,Ridge P (price only),124,1.092,1.449,2.117,1.567,46.8
HNB,1,9,2021-07,XGBoost P (price only),124,1.213,1.612,2.422,1.791,46.8
HNB,1,9,2021-07,Ridge P+M (+macro),124,1.092,1.448,2.112,1.563,48.4
HNB,1,9,2021-07,XGBoost P+M (+macro),124,1.158,1.538,2.262,1.682,39.5
HNB,1,9,2021-07,Ridge P+M+N (+macro+news),124,1.085,1.439,2.1,1.557,41.9
HNB,1,9,2021-07,XGBoost P+M+N (+macro+news),124,1.196,1.591,2.297,1.702,36.3
HNB,1,10,2022-01,naive (no change),92,1.64,1.684,2.775,2.627,14.1
HNB,1,10,2022-01,"ARIMA(1,1,1)",92,1.638,1.682,2.75,2.603,50.0
HNB,1,10,2022-01,Ridge P (price only),92,1.737,1.767,2.698,2.578,41.3
HNB,1,10,2022-01,XGBoost P (price only),92,1.772,1.829,2.83,2.639,35.9
HNB,1,10,2022-01,Ridge P+M (+macro),92,1.858,1.871,2.808,2.692,45.7
HNB,1,10,2022-01,XGBoost P+M (+macro),92,1.921,1.947,2.919,2.767,39.1
HNB,1,10,2022-01,Ridge P+M+N (+macro+news),92,1.819,1.845,2.754,2.63,43.5
HNB,1,10,2022-01,XGBoost P+M+N (+macro+news),92,1.929,1.949,2.918,2.781,39.1
HNB,1,11,2022-07,naive (no change),98,1.717,1.287,1.867,2.49,9.2
HNB,1,11,2022-07,"ARIMA(1,1,1)",98,1.727,1.295,1.867,2.493,43.9
HNB,1,11,2022-07,Ridge P (price only),98,1.745,1.308,1.887,2.515,55.1
HNB,1,11,2022-07,XGBoost P (price only),98,1.842,1.382,2.018,2.681,48.0
HNB,1,11,2022-07,Ridge P+M (+macro),98,1.767,1.326,1.884,2.531,53.1
HNB,1,11,2022-07,XGBoost P+M (+macro),98,1.751,1.313,1.902,2.524,50.0
HNB,1,11,2022-07,Ridge P+M+N (+macro+news),98,1.72,1.288,1.878,2.501,54.1
HNB,1,11,2022-07,XGBoost P+M+N (+macro+news),98,1.696,1.272,1.832,2.438,50.0
HNB,1,12,2023-01,naive (no change),118,1.889,2.094,3.303,2.933,13.6
HNB,1,12,2023-01,"ARIMA(1,1,1)",118,1.89,2.096,3.296,2.926,49.2
HNB,1,12,2023-01,Ridge P (price only),118,1.934,2.144,3.331,2.97,44.9
HNB,1,12,2023-01,XGBoost P (price only),118,2.037,2.246,3.3,2.938,42.4
HNB,1,12,2023-01,Ridge P+M (+macro),118,1.914,2.117,3.235,2.879,50.8
HNB,1,12,2023-01,XGBoost P+M (+macro),118,2.059,2.265,3.473,3.129,39.0
HNB,1,12,2023-01,Ridge P+M+N (+macro+news),118,1.915,2.118,3.241,2.886,50.8
HNB,1,12,2023-01,XGBoost P+M+N (+macro+news),118,2.058,2.256,3.453,3.123,43.2
HNB,1,13,2023-07,naive (no change),123,1.223,2.053,3.009,1.783,14.6
HNB,1,13,2023-07,"ARIMA(1,1,1)",123,1.249,2.096,3.013,1.783,40.7
HNB,1,13,2023-07,Ridge P (price only),123,1.252,2.101,3.003,1.781,43.1
HNB,1,13,2023-07,XGBoost P (price only),123,1.372,2.31,3.094,1.828,42.3
HNB,1,13,2023-07,Ridge P+M (+macro),123,1.49,2.502,3.313,1.941,40.7
HNB,1,13,2023-07,XGBoost P+M (+macro),123,1.582,2.659,3.484,2.046,38.2
HNB,1,13,2023-07,Ridge P+M+N (+macro+news),123,1.513,2.537,3.327,1.952,40.7
HNB,1,13,2023-07,XGBoost P+M+N (+macro+news),123,1.546,2.593,3.404,2.0,35.8
HNB,1,14,2024-01,naive (no change),115,1.077,1.933,2.646,1.49,7.0
HNB,1,14,2024-01,"ARIMA(1,1,1)",115,1.078,1.934,2.645,1.49,43.5
HNB,1,14,2024-01,Ridge P (price only),115,1.076,1.93,2.61,1.469,46.1
HNB,1,14,2024-01,XGBoost P (price only),115,1.052,1.885,2.544,1.437,46.1
HNB,1,14,2024-01,Ridge P+M (+macro),115,1.097,1.967,2.603,1.46,47.0
HNB,1,14,2024-01,XGBoost P+M (+macro),115,1.064,1.909,2.649,1.499,51.3
HNB,1,14,2024-01,Ridge P+M+N (+macro+news),115,1.104,1.979,2.604,1.461,47.8
HNB,1,14,2024-01,XGBoost P+M+N (+macro+news),115,1.094,1.967,2.687,1.514,51.3
HNB,1,15,2024-07,naive (no change),125,1.315,2.816,4.113,1.917,4.0
HNB,1,15,2024-07,"ARIMA(1,1,1)",125,1.315,2.816,4.114,1.917,43.2
HNB,1,15,2024-07,Ridge P (price only),125,1.262,2.674,3.81,1.802,60.0
HNB,1,15,2024-07,XGBoost P (price only),125,1.334,2.832,4.026,1.913,56.8
HNB,1,15,2024-07,Ridge P+M (+macro),125,1.278,2.722,3.909,1.836,56.8
HNB,1,15,2024-07,XGBoost P+M (+macro),125,1.302,2.748,3.831,1.822,56.0
HNB,1,15,2024-07,Ridge P+M+N (+macro+news),125,1.275,2.714,3.897,1.831,59.2
HNB,1,15,2024-07,XGBoost P+M+N (+macro+news),125,1.309,2.773,3.893,1.848,54.4
HNB,1,16,2025-01,naive (no change),114,1.365,4.285,6.012,1.967,3.5
HNB,1,16,2025-01,"ARIMA(1,1,1)",114,1.476,4.611,6.235,2.026,43.9
HNB,1,16,2025-01,Ridge P (price only),114,1.384,4.336,6.072,1.993,46.5
HNB,1,16,2025-01,XGBoost P (price only),114,1.446,4.515,6.713,2.237,54.4
HNB,1,16,2025-01,Ridge P+M (+macro),114,1.374,4.303,6.039,1.983,50.9
HNB,1,16,2025-01,XGBoost P+M (+macro),114,1.606,5.001,6.773,2.209,44.7
HNB,1,16,2025-01,Ridge P+M+N (+macro+news),114,1.379,4.318,6.041,1.983,44.7
HNB,1,16,2025-01,XGBoost P+M+N (+macro+news),114,1.58,4.929,6.856,2.223,46.5
HNB,1,17,2025-07,naive (no change),124,0.77,2.972,4.376,1.148,4.8
HNB,1,17,2025-07,"ARIMA(1,1,1)",124,0.782,3.015,4.354,1.138,52.4
HNB,1,17,2025-07,Ridge P (price only),124,0.771,2.974,4.256,1.113,56.5
HNB,1,17,2025-07,XGBoost P (price only),124,0.768,2.955,4.18,1.095,58.1
HNB,1,17,2025-07,Ridge P+M (+macro),124,0.759,2.928,4.27,1.12,54.0
HNB,1,17,2025-07,XGBoost P+M (+macro),124,0.762,2.934,4.14,1.08,53.2
HNB,1,17,2025-07,Ridge P+M+N (+macro+news),124,0.76,2.933,4.262,1.117,54.0
HNB,1,17,2025-07,XGBoost P+M+N (+macro+news),124,0.773,2.979,4.148,1.082,54.0
HNB,1,18,2026-01,naive (no change),118,0.753,3.115,5.195,1.263,9.3
HNB,1,18,2026-01,"ARIMA(1,1,1)",118,0.763,3.156,5.196,1.263,32.2
HNB,1,18,2026-01,Ridge P (price only),118,0.82,3.395,5.362,1.304,44.1
HNB,1,18,2026-01,XGBoost P (price only),118,0.816,3.371,5.251,1.279,53.4
HNB,1,18,2026-01,Ridge P+M (+macro),118,0.816,3.379,5.372,1.306,44.9
HNB,1,18,2026-01,XGBoost P+M (+macro),118,0.804,3.316,5.293,1.287,50.0
HNB,1,18,2026-01,Ridge P+M+N (+macro+news),118,0.825,3.414,5.371,1.304,39.0
HNB,1,18,2026-01,XGBoost P+M+N (+macro+news),118,0.812,3.352,5.312,1.292,48.3
HNB,5,0,2017-01,naive (no change),100,1.478,2.987,3.817,1.89,9.0
HNB,5,0,2017-01,"ARIMA(1,1,1)",100,1.478,2.987,3.817,1.889,55.0
HNB,5,0,2017-01,Ridge P (price only),100,1.455,2.942,3.792,1.865,54.0
HNB,5,0,2017-01,XGBoost P (price only),100,1.576,3.184,4.28,2.104,53.0
HNB,5,0,2017-01,Ridge P+M (+macro),100,1.48,2.999,3.889,1.924,49.0
HNB,5,0,2017-01,XGBoost P+M (+macro),100,1.442,2.916,3.758,1.851,58.0
HNB,5,0,2017-01,Ridge P+M+N (+macro+news),100,1.504,3.036,3.798,1.874,53.0
HNB,5,0,2017-01,XGBoost P+M+N (+macro+news),100,1.469,2.968,3.758,1.868,48.0
HNB,5,1,2017-07,naive (no change),116,1.972,4.206,5.924,2.8,5.2
HNB,5,1,2017-07,"ARIMA(1,1,1)",116,1.974,4.21,5.93,2.804,47.4
HNB,5,1,2017-07,Ridge P (price only),116,1.987,4.224,5.794,2.746,50.0
HNB,5,1,2017-07,XGBoost P (price only),116,1.862,3.95,5.389,2.574,63.8
HNB,5,1,2017-07,Ridge P+M (+macro),116,1.999,4.252,5.836,2.77,43.1
HNB,5,1,2017-07,XGBoost P+M (+macro),116,1.974,4.198,5.918,2.822,48.3
HNB,5,1,2017-07,Ridge P+M+N (+macro+news),116,2.219,4.706,6.082,2.868,47.4
HNB,5,1,2017-07,XGBoost P+M+N (+macro+news),116,2.072,4.39,6.001,2.868,47.4
HNB,5,2,2018-01,naive (no change),106,1.155,2.357,3.396,1.643,10.4
HNB,5,2,2018-01,"ARIMA(1,1,1)",106,1.154,2.355,3.389,1.639,54.7
HNB,5,2,2018-01,Ridge P (price only),106,1.302,2.672,3.594,1.726,48.1
HNB,5,2,2018-01,XGBoost P (price only),106,1.302,2.661,3.772,1.821,50.9
HNB,5,2,2018-01,Ridge P+M (+macro),106,1.303,2.673,3.574,1.719,47.2
HNB,5,2,2018-01,XGBoost P+M (+macro),106,1.442,2.93,4.186,2.042,45.3
HNB,5,2,2018-01,Ridge P+M+N (+macro+news),106,1.528,3.134,4.089,1.966,38.7
HNB,5,2,2018-01,XGBoost P+M+N (+macro+news),106,1.434,2.916,4.147,2.019,42.5
HNB,5,3,2018-07,naive (no change),103,2.049,3.788,4.733,2.572,3.9
HNB,5,3,2018-07,"ARIMA(1,1,1)",103,2.049,3.787,4.731,2.572,52.4
HNB,5,3,2018-07,Ridge P (price only),103,2.042,3.773,4.723,2.548,48.5
HNB,5,3,2018-07,XGBoost P (price only),103,2.716,4.979,6.582,3.601,48.5
HNB,5,3,2018-07,Ridge P+M (+macro),103,2.038,3.764,4.719,2.544,51.5
HNB,5,3,2018-07,XGBoost P+M (+macro),103,2.57,4.696,6.269,3.44,44.7
HNB,5,3,2018-07,Ridge P+M+N (+macro+news),103,2.082,3.838,4.826,2.6,52.4
HNB,5,3,2018-07,XGBoost P+M+N (+macro+news),103,2.477,4.536,5.961,3.271,48.5
HNB,5,4,2019-01,naive (no change),109,2.68,3.825,5.326,3.569,4.6
HNB,5,4,2019-01,"ARIMA(1,1,1)",109,2.68,3.825,5.326,3.569,22.0
HNB,5,4,2019-01,Ridge P (price only),109,2.797,3.947,5.466,3.729,54.1
HNB,5,4,2019-01,XGBoost P (price only),109,3.109,4.365,6.209,4.287,43.1
HNB,5,4,2019-01,Ridge P+M (+macro),109,2.891,4.035,5.609,3.876,47.7
HNB,5,4,2019-01,XGBoost P+M (+macro),109,3.488,4.933,6.617,4.524,33.9
HNB,5,4,2019-01,Ridge P+M+N (+macro+news),109,2.797,3.901,5.471,3.784,51.4
HNB,5,4,2019-01,XGBoost P+M+N (+macro+news),109,3.26,4.597,6.199,4.257,33.0
HNB,5,5,2019-07,naive (no change),117,3.264,4.819,7.776,5.893,2.6
HNB,5,5,2019-07,"ARIMA(1,1,1)",117,3.265,4.82,7.773,5.89,47.9
HNB,5,5,2019-07,Ridge P (price only),117,3.238,4.784,7.608,5.751,53.8
HNB,5,5,2019-07,XGBoost P (price only),117,3.803,5.612,8.368,6.266,35.0
HNB,5,5,2019-07,Ridge P+M (+macro),117,3.264,4.817,7.64,5.767,53.0
HNB,5,5,2019-07,XGBoost P+M (+macro),117,3.661,5.4,8.39,6.329,43.6
HNB,5,5,2019-07,Ridge P+M+N (+macro+news),117,3.334,4.927,7.742,5.845,50.4
HNB,5,5,2019-07,XGBoost P+M+N (+macro+news),117,3.85,5.684,8.633,6.485,32.5
HNB,5,6,2020-01,naive (no change),79,6.787,6.686,9.748,8.946,1.3
HNB,5,6,2020-01,"ARIMA(1,1,1)",79,6.782,6.679,9.74,8.942,62.0
HNB,5,6,2020-01,Ridge P (price only),79,6.838,6.721,9.614,8.9,49.4
HNB,5,6,2020-01,XGBoost P (price only),79,7.308,7.106,11.339,10.296,53.2
HNB,5,6,2020-01,Ridge P+M (+macro),79,6.918,6.788,9.876,9.087,49.4
HNB,5,6,2020-01,XGBoost P+M (+macro),79,6.966,6.854,10.745,9.653,44.3
HNB,5,6,2020-01,Ridge P+M+N (+macro+news),79,6.849,6.741,9.824,9.029,53.2
HNB,5,6,2020-01,XGBoost P+M+N (+macro+news),79,7.269,7.149,11.113,9.995,43.0
HNB,5,7,2020-07,naive (no change),125,3.142,3.363,4.355,4.105,0.8
HNB,5,7,2020-07,"ARIMA(1,1,1)",125,3.277,3.479,4.448,4.138,54.4
HNB,5,7,2020-07,Ridge P (price only),125,3.559,3.794,4.844,4.533,48.8
HNB,5,7,2020-07,XGBoost P (price only),125,4.176,4.464,5.775,5.425,47.2
HNB,5,7,2020-07,Ridge P+M (+macro),125,3.599,3.825,4.941,4.589,48.0
HNB,5,7,2020-07,XGBoost P+M (+macro),125,4.137,4.373,5.857,5.414,50.4
HNB,5,7,2020-07,Ridge P+M+N (+macro+news),125,3.574,3.793,4.841,4.503,46.4
HNB,5,7,2020-07,XGBoost P+M+N (+macro+news),125,3.943,4.161,5.533,5.145,55.2
HNB,5,8,2021-01,naive (no change),114,2.646,3.261,4.682,3.863,2.6
HNB,5,8,2021-01,"ARIMA(1,1,1)",114,2.617,3.23,4.696,3.883,56.1
HNB,5,8,2021-01,Ridge P (price only),114,2.79,3.41,4.467,3.642,46.5
HNB,5,8,2021-01,XGBoost P (price only),114,3.117,3.813,5.087,4.17,41.2
HNB,5,8,2021-01,Ridge P+M (+macro),114,2.82,3.447,4.517,3.685,49.1
HNB,5,8,2021-01,XGBoost P+M (+macro),114,3.222,3.931,5.198,4.253,45.6
HNB,5,8,2021-01,Ridge P+M+N (+macro+news),114,2.805,3.428,4.531,3.705,48.2
HNB,5,8,2021-01,XGBoost P+M+N (+macro+news),114,3.273,4.006,5.307,4.354,45.6
HNB,5,9,2021-07,naive (no change),124,2.344,3.118,4.112,3.026,5.6
HNB,5,9,2021-07,"ARIMA(1,1,1)",124,2.352,3.124,4.126,3.028,50.8
HNB,5,9,2021-07,Ridge P (price only),124,2.515,3.322,4.277,3.132,47.6
HNB,5,9,2021-07,XGBoost P (price only),124,2.791,3.686,5.044,3.706,52.4
HNB,5,9,2021-07,Ridge P+M (+macro),124,2.42,3.2,4.127,3.021,51.6
HNB,5,9,2021-07,XGBoost P+M (+macro),124,2.491,3.281,4.162,3.116,51.6
HNB,5,9,2021-07,Ridge P+M+N (+macro+news),124,2.387,3.16,4.05,2.98,50.8
HNB,5,9,2021-07,XGBoost P+M+N (+macro+news),124,2.601,3.424,4.441,3.31,50.8
HNB,5,10,2022-01,naive (no change),92,4.248,4.058,6.797,6.185,3.3
HNB,5,10,2022-01,"ARIMA(1,1,1)",92,4.002,3.864,6.477,5.867,63.0
HNB,5,10,2022-01,Ridge P (price only),92,4.253,4.073,6.456,5.891,54.3
HNB,5,10,2022-01,XGBoost P (price only),92,4.098,3.869,6.475,6.133,51.1
HNB,5,10,2022-01,Ridge P+M (+macro),92,5.747,5.284,8.075,7.683,54.3
HNB,5,10,2022-01,XGBoost P+M (+macro),92,6.017,5.611,8.85,8.422,38.0
HNB,5,10,2022-01,Ridge P+M+N (+macro+news),92,5.351,4.996,7.531,7.065,62.0
HNB,5,10,2022-01,XGBoost P+M+N (+macro+news),92,5.681,5.299,8.516,7.953,41.3
HNB,5,11,2022-07,naive (no change),98,3.341,2.518,3.272,4.268,3.1
HNB,5,11,2022-07,"ARIMA(1,1,1)",98,3.335,2.518,3.273,4.282,51.0
HNB,5,11,2022-07,Ridge P (price only),98,3.488,2.629,3.593,4.661,53.1
HNB,5,11,2022-07,XGBoost P (price only),98,3.472,2.618,3.525,4.573,57.1
HNB,5,11,2022-07,Ridge P+M (+macro),98,3.684,2.786,3.58,4.744,56.1
HNB,5,11,2022-07,XGBoost P+M (+macro),98,3.782,2.86,3.651,4.862,52.0
HNB,5,11,2022-07,Ridge P+M+N (+macro+news),98,3.951,2.943,3.82,4.933,48.0
HNB,5,11,2022-07,XGBoost P+M+N (+macro+news),98,3.169,2.397,3.236,4.219,59.2
HNB,5,12,2023-01,naive (no change),118,5.173,5.829,7.952,7.624,3.4
HNB,5,12,2023-01,"ARIMA(1,1,1)",118,5.232,5.899,8.033,7.707,31.4
HNB,5,12,2023-01,Ridge P (price only),118,5.232,5.883,7.949,7.683,55.1
HNB,5,12,2023-01,XGBoost P (price only),118,5.471,6.193,8.494,8.101,40.7
HNB,5,12,2023-01,Ridge P+M (+macro),118,4.841,5.422,7.328,7.02,61.0
HNB,5,12,2023-01,XGBoost P+M (+macro),118,6.221,6.961,9.31,8.992,42.4
HNB,5,12,2023-01,Ridge P+M+N (+macro+news),118,4.904,5.498,7.421,7.106,61.9
HNB,5,12,2023-01,XGBoost P+M+N (+macro+news),118,5.94,6.655,8.893,8.62,37.3
HNB,5,13,2023-07,naive (no change),123,2.954,5.058,7.173,4.269,3.3
HNB,5,13,2023-07,"ARIMA(1,1,1)",123,3.156,5.377,7.266,4.28,43.9
HNB,5,13,2023-07,Ridge P (price only),123,2.971,5.068,6.962,4.09,43.9
HNB,5,13,2023-07,XGBoost P (price only),123,3.421,5.84,8.067,4.754,36.6
HNB,5,13,2023-07,Ridge P+M (+macro),123,4.725,7.952,10.268,5.864,43.9
HNB,5,13,2023-07,XGBoost P+M (+macro),123,5.864,9.858,12.223,7.107,40.7
HNB,5,13,2023-07,Ridge P+M+N (+macro+news),123,4.95,8.31,10.388,5.966,43.9
HNB,5,13,2023-07,XGBoost P+M+N (+macro+news),123,6.285,10.538,12.705,7.387,41.5
HNB,5,14,2024-01,naive (no change),115,3.091,5.621,7.563,4.348,2.6
HNB,5,14,2024-01,"ARIMA(1,1,1)",115,3.09,5.627,7.63,4.391,48.7
HNB,5,14,2024-01,Ridge P (price only),115,3.186,5.776,7.649,4.351,47.8
HNB,5,14,2024-01,XGBoost P (price only),115,3.07,5.569,7.319,4.192,53.0
HNB,5,14,2024-01,Ridge P+M (+macro),115,3.183,5.758,7.52,4.266,47.0
HNB,5,14,2024-01,XGBoost P+M (+macro),115,3.407,6.203,8.08,4.604,47.0
HNB,5,14,2024-01,Ridge P+M+N (+macro+news),115,3.207,5.797,7.512,4.253,48.7
HNB,5,14,2024-01,XGBoost P+M+N (+macro+news),115,3.401,6.204,8.131,4.629,44.3
HNB,5,15,2024-07,naive (no change),125,4.262,9.422,13.518,6.475,0.8
HNB,5,15,2024-07,"ARIMA(1,1,1)",125,4.263,9.427,13.532,6.48,45.6
HNB,5,15,2024-07,Ridge P (price only),125,4.057,8.887,12.332,6.076,69.6
HNB,5,15,2024-07,XGBoost P (price only),125,4.504,10.05,14.323,6.813,56.0
HNB,5,15,2024-07,Ridge P+M (+macro),125,4.098,9.0,12.742,6.223,62.4
HNB,5,15,2024-07,XGBoost P+M (+macro),125,4.821,10.721,14.823,6.966,51.2
HNB,5,15,2024-07,Ridge P+M+N (+macro+news),125,4.089,8.96,12.646,6.177,62.4
HNB,5,15,2024-07,XGBoost P+M+N (+macro+news),125,4.793,10.671,14.717,6.922,48.0
HNB,5,16,2025-01,naive (no change),114,3.351,10.536,13.251,4.242,2.6
HNB,5,16,2025-01,"ARIMA(1,1,1)",114,3.391,10.628,13.296,4.237,49.1
HNB,5,16,2025-01,Ridge P (price only),114,3.47,10.862,13.788,4.417,43.9
HNB,5,16,2025-01,XGBoost P (price only),114,3.987,12.449,17.46,5.89,52.6
HNB,5,16,2025-01,Ridge P+M (+macro),114,3.475,10.887,13.741,4.414,43.0
HNB,5,16,2025-01,XGBoost P+M (+macro),114,5.649,17.677,22.864,6.999,49.1
HNB,5,16,2025-01,Ridge P+M+N (+macro+news),114,3.521,11.02,13.797,4.421,42.1
HNB,5,16,2025-01,XGBoost P+M+N (+macro+news),114,5.611,17.527,22.285,6.864,49.1
HNB,5,17,2025-07,naive (no change),124,2.177,8.479,11.67,3.111,2.4
HNB,5,17,2025-07,"ARIMA(1,1,1)",124,2.174,8.471,11.642,3.102,54.8
HNB,5,17,2025-07,Ridge P (price only),124,2.219,8.65,11.47,3.021,52.4
HNB,5,17,2025-07,XGBoost P (price only),124,2.398,9.293,12.374,3.273,55.6
HNB,5,17,2025-07,Ridge P+M (+macro),124,2.222,8.66,11.557,3.07,51.6
HNB,5,17,2025-07,XGBoost P+M (+macro),124,2.251,8.727,11.536,3.036,57.3
HNB,5,17,2025-07,Ridge P+M+N (+macro+news),124,2.202,8.58,11.417,3.027,52.4
HNB,5,17,2025-07,XGBoost P+M+N (+macro+news),124,2.138,8.296,10.991,2.886,54.0
HNB,5,18,2026-01,naive (no change),118,2.124,8.79,11.788,2.817,1.7
HNB,5,18,2026-01,"ARIMA(1,1,1)",118,2.099,8.698,11.773,2.819,56.8
HNB,5,18,2026-01,Ridge P (price only),118,2.392,9.897,12.832,3.067,43.2
HNB,5,18,2026-01,XGBoost P (price only),118,2.548,10.534,13.302,3.185,44.1
HNB,5,18,2026-01,Ridge P+M (+macro),118,2.367,9.797,12.919,3.088,42.4
HNB,5,18,2026-01,XGBoost P+M (+macro),118,2.352,9.72,12.402,2.976,43.2
HNB,5,18,2026-01,Ridge P+M+N (+macro+news),118,2.378,9.838,12.926,3.081,44.1
HNB,5,18,2026-01,XGBoost P+M+N (+macro+news),118,2.388,9.859,12.623,3.019,44.9
COMB,1,0,2017-01,naive (no change),113,0.779,0.865,1.237,1.111,15.9
COMB,1,0,2017-01,"ARIMA(1,1,1)",113,0.886,0.983,1.286,1.152,35.4
COMB,1,0,2017-01,Ridge P (price only),113,0.807,0.895,1.237,1.108,46.9
COMB,1,0,2017-01,XGBoost P (price only),113,0.874,0.966,1.322,1.189,45.1
COMB,1,0,2017-01,Ridge P+M (+macro),113,0.803,0.892,1.233,1.105,43.4
COMB,1,0,2017-01,XGBoost P+M (+macro),113,0.883,0.976,1.331,1.198,43.4
COMB,1,0,2017-01,Ridge P+M+N (+macro+news),113,0.839,0.931,1.254,1.123,41.6
COMB,1,0,2017-01,XGBoost P+M+N (+macro+news),113,0.941,1.04,1.408,1.266,36.3
COMB,1,1,2017-07,naive (no change),120,0.684,0.764,1.142,1.025,13.3
COMB,1,1,2017-07,"ARIMA(1,1,1)",120,0.691,0.771,1.142,1.025,37.5
COMB,1,1,2017-07,Ridge P (price only),120,0.709,0.792,1.165,1.045,44.2
COMB,1,1,2017-07,XGBoost P (price only),120,0.743,0.829,1.167,1.046,41.7
COMB,1,1,2017-07,Ridge P+M (+macro),120,0.717,0.801,1.167,1.046,40.8
COMB,1,1,2017-07,XGBoost P+M (+macro),120,0.748,0.835,1.162,1.042,40.8
COMB,1,1,2017-07,Ridge P+M+N (+macro+news),120,0.74,0.826,1.177,1.053,45.8
COMB,1,1,2017-07,XGBoost P+M+N (+macro+news),120,0.758,0.846,1.147,1.026,41.7
COMB,1,2,2018-01,naive (no change),112,0.541,0.579,0.837,0.773,22.3
COMB,1,2,2018-01,"ARIMA(1,1,1)",112,0.552,0.592,0.831,0.767,40.2
COMB,1,2,2018-01,Ridge P (price only),112,0.562,0.602,0.849,0.784,40.2
COMB,1,2,2018-01,XGBoost P (price only),112,0.587,0.629,0.856,0.793,40.2
COMB,1,2,2018-01,Ridge P+M (+macro),112,0.571,0.61,0.857,0.791,43.8
COMB,1,2,2018-01,XGBoost P+M (+macro),112,0.565,0.604,0.82,0.759,42.9
COMB,1,2,2018-01,Ridge P+M+N (+macro+news),112,0.593,0.635,0.875,0.808,43.8
COMB,1,2,2018-01,XGBoost P+M+N (+macro+news),112,0.596,0.637,0.873,0.807,41.1
COMB,1,3,2018-07,naive (no change),121,0.785,0.743,1.128,1.19,16.5
COMB,1,3,2018-07,"ARIMA(1,1,1)",121,0.786,0.743,1.127,1.19,46.3
COMB,1,3,2018-07,Ridge P (price only),121,0.772,0.73,1.085,1.145,52.9
COMB,1,3,2018-07,XGBoost P (price only),121,0.767,0.726,1.042,1.104,54.5
COMB,1,3,2018-07,Ridge P+M (+macro),121,0.775,0.732,1.086,1.147,49.6
COMB,1,3,2018-07,XGBoost P+M (+macro),121,0.761,0.722,1.052,1.113,57.9
COMB,1,3,2018-07,Ridge P+M+N (+macro+news),121,0.776,0.733,1.079,1.139,49.6
COMB,1,3,2018-07,XGBoost P+M+N (+macro+news),121,0.815,0.771,1.087,1.152,47.9
COMB,1,4,2019-01,naive (no change),115,0.796,0.63,0.885,1.127,18.3
COMB,1,4,2019-01,"ARIMA(1,1,1)",115,0.793,0.628,0.879,1.122,53.0
COMB,1,4,2019-01,Ridge P (price only),115,0.796,0.629,0.882,1.124,48.7
COMB,1,4,2019-01,XGBoost P (price only),115,0.803,0.636,0.904,1.155,44.3
COMB,1,4,2019-01,Ridge P+M (+macro),115,0.794,0.628,0.878,1.12,53.0
COMB,1,4,2019-01,XGBoost P+M (+macro),115,0.814,0.644,0.905,1.152,45.2
COMB,1,4,2019-01,Ridge P+M+N (+macro+news),115,0.803,0.636,0.888,1.131,54.8
COMB,1,4,2019-01,XGBoost P+M+N (+macro+news),115,0.856,0.677,0.935,1.187,38.3
COMB,1,5,2019-07,naive (no change),123,0.888,0.731,1.017,1.233,13.8
COMB,1,5,2019-07,"ARIMA(1,1,1)",123,0.89,0.733,1.017,1.233,37.4
COMB,1,5,2019-07,Ridge P (price only),123,0.882,0.725,1.007,1.219,48.8
COMB,1,5,2019-07,XGBoost P (price only),123,0.907,0.747,1.084,1.307,46.3
COMB,1,5,2019-07,Ridge P+M (+macro),123,0.891,0.732,1.011,1.222,40.7
COMB,1,5,2019-07,XGBoost P+M (+macro),123,0.933,0.767,1.063,1.287,48.0
COMB,1,5,2019-07,Ridge P+M+N (+macro+news),123,0.895,0.736,1.01,1.223,43.9
COMB,1,5,2019-07,XGBoost P+M+N (+macro+news),123,0.916,0.754,1.041,1.259,45.5
COMB,1,6,2020-01,naive (no change),82,2.117,1.211,1.845,3.353,12.2
COMB,1,6,2020-01,"ARIMA(1,1,1)",82,2.122,1.214,1.847,3.355,43.9
COMB,1,6,2020-01,Ridge P (price only),82,2.044,1.177,1.762,3.171,54.9
COMB,1,6,2020-01,XGBoost P (price only),82,2.323,1.345,1.981,3.548,41.5
COMB,1,6,2020-01,Ridge P+M (+macro),82,2.036,1.172,1.761,3.169,54.9
COMB,1,6,2020-01,XGBoost P+M (+macro),82,2.384,1.384,2.022,3.603,36.6
COMB,1,6,2020-01,Ridge P+M+N (+macro+news),82,2.024,1.165,1.746,3.141,50.0
COMB,1,6,2020-01,XGBoost P+M+N (+macro+news),82,2.385,1.389,1.993,3.543,32.9
COMB,1,7,2020-07,naive (no change),125,1.104,0.711,1.01,1.582,4.8
COMB,1,7,2020-07,"ARIMA(1,1,1)",125,1.242,0.798,1.061,1.653,43.2
COMB,1,7,2020-07,Ridge P (price only),125,1.184,0.762,1.059,1.653,47.2
COMB,1,7,2020-07,XGBoost P (price only),125,1.191,0.766,1.066,1.67,45.6
COMB,1,7,2020-07,Ridge P+M (+macro),125,1.187,0.764,1.055,1.646,46.4
COMB,1,7,2020-07,XGBoost P+M (+macro),125,1.152,0.741,1.037,1.62,47.2
COMB,1,7,2020-07,Ridge P+M+N (+macro+news),125,1.176,0.757,1.057,1.651,50.4
COMB,1,7,2020-07,XGBoost P+M+N (+macro+news),125,1.246,0.802,1.1,1.72,43.2
COMB,1,8,2021-01,naive (no change),114,1.407,1.04,1.443,1.942,4.4
COMB,1,8,2021-01,"ARIMA(1,1,1)",114,1.425,1.052,1.446,1.942,47.4
COMB,1,8,2021-01,Ridge P (price only),114,1.475,1.086,1.406,1.891,46.5
COMB,1,8,2021-01,XGBoost P (price only),114,1.457,1.076,1.44,1.931,50.9
COMB,1,8,2021-01,Ridge P+M (+macro),114,1.474,1.085,1.405,1.89,49.1
COMB,1,8,2021-01,XGBoost P+M (+macro),114,1.492,1.099,1.437,1.944,50.0
COMB,1,8,2021-01,Ridge P+M+N (+macro+news),114,1.468,1.081,1.407,1.894,44.7
COMB,1,8,2021-01,XGBoost P+M+N (+macro+news),114,1.514,1.117,1.473,1.989,47.4
COMB,1,9,2021-07,naive (no change),124,0.801,0.575,0.754,1.044,7.3
COMB,1,9,2021-07,"ARIMA(1,1,1)",124,0.883,0.633,0.802,1.109,39.5
COMB,1,9,2021-07,Ridge P (price only),124,0.96,0.689,0.86,1.19,49.2
COMB,1,9,2021-07,XGBoost P (price only),124,0.909,0.653,0.851,1.179,45.2
COMB,1,9,2021-07,Ridge P+M (+macro),124,1.001,0.718,0.887,1.227,45.2
COMB,1,9,2021-07,XGBoost P+M (+macro),124,0.971,0.696,0.878,1.215,48.4
COMB,1,9,2021-07,Ridge P+M+N (+macro+news),124,0.963,0.691,0.863,1.195,48.4
COMB,1,9,2021-07,XGBoost P+M+N (+macro+news),124,0.946,0.679,0.868,1.201,47.6
COMB,1,10,2022-01,naive (no change),92,1.456,0.823,1.358,2.392,5.4
COMB,1,10,2022-01,"ARIMA(1,1,1)",92,1.553,0.879,1.418,2.49,41.3
COMB,1,10,2022-01,Ridge P (price only),92,1.662,0.937,1.408,2.503,42.4
COMB,1,10,2022-01,XGBoost P (price only),92,1.696,0.957,1.429,2.57,50.0
COMB,1,10,2022-01,Ridge P+M (+macro),92,1.744,0.989,1.481,2.608,39.1
COMB,1,10,2022-01,XGBoost P+M (+macro),92,1.714,0.96,1.437,2.627,43.5
COMB,1,10,2022-01,Ridge P+M+N (+macro+news),92,1.678,0.954,1.432,2.533,42.4
COMB,1,10,2022-01,XGBoost P+M+N (+macro+news),92,1.577,0.888,1.358,2.438,50.0
COMB,1,11,2022-07,naive (no change),98,1.17,0.54,0.739,1.603,4.1
COMB,1,11,2022-07,"ARIMA(1,1,1)",98,1.177,0.543,0.749,1.628,52.0
COMB,1,11,2022-07,Ridge P (price only),98,1.306,0.601,0.784,1.703,42.9
COMB,1,11,2022-07,XGBoost P (price only),98,1.31,0.604,0.81,1.751,46.9
COMB,1,11,2022-07,Ridge P+M (+macro),98,1.323,0.609,0.793,1.734,48.0
COMB,1,11,2022-07,XGBoost P+M (+macro),98,1.245,0.574,0.778,1.689,46.9
COMB,1,11,2022-07,Ridge P+M+N (+macro+news),98,1.418,0.651,0.827,1.786,38.8
COMB,1,11,2022-07,XGBoost P+M+N (+macro+news),98,1.22,0.563,0.76,1.648,50.0
COMB,1,12,2023-01,naive (no change),119,2.013,1.139,1.837,3.237,5.9
COMB,1,12,2023-01,"ARIMA(1,1,1)",119,2.01,1.138,1.842,3.248,51.3
COMB,1,12,2023-01,Ridge P (price only),119,2.033,1.151,1.839,3.237,47.9
COMB,1,12,2023-01,XGBoost P (price only),119,2.109,1.189,1.86,3.29,55.5
COMB,1,12,2023-01,Ridge P+M (+macro),119,2.064,1.167,1.819,3.195,44.5
COMB,1,12,2023-01,XGBoost P+M (+macro),119,2.095,1.187,1.856,3.278,53.8
COMB,1,12,2023-01,Ridge P+M+N (+macro+news),119,2.063,1.166,1.819,3.195,46.2
COMB,1,12,2023-01,XGBoost P+M+N (+macro+news),119,2.061,1.169,1.877,3.32,55.5
COMB,1,13,2023-07,naive (no change),123,1.477,1.233,1.677,2.002,8.1
COMB,1,13,2023-07,"ARIMA(1,1,1)",123,1.485,1.24,1.681,2.008,43.1
COMB,1,13,2023-07,Ridge P (price only),123,1.486,1.238,1.651,1.974,51.2
COMB,1,13,2023-07,XGBoost P (price only),123,1.561,1.302,1.693,2.028,50.4
COMB,1,13,2023-07,Ridge P+M (+macro),123,1.539,1.281,1.725,2.047,52.0
COMB,1,13,2023-07,XGBoost P+M (+macro),123,1.944,1.613,2.152,2.566,50.4
COMB,1,13,2023-07,Ridge P+M+N (+macro+news),123,1.55,1.29,1.728,2.05,52.0
COMB,1,13,2023-07,XGBoost P+M+N (+macro+news),123,1.878,1.557,2.1,2.503,47.2
COMB,1,14,2024-01,naive (no change),115,1.092,1.055,1.618,1.633,9.6
COMB,1,14,2024-01,"ARIMA(1,1,1)",115,1.112,1.073,1.619,1.631,44.3
COMB,1,14,2024-01,Ridge P (price only),115,1.082,1.047,1.582,1.592,53.9
COMB,1,14,2024-01,XGBoost P (price only),115,1.084,1.048,1.57,1.574,57.4
COMB,1,14,2024-01,Ridge P+M (+macro),115,1.09,1.055,1.581,1.587,52.2
COMB,1,14,2024-01,XGBoost P+M (+macro),115,1.125,1.085,1.59,1.6,53.9
COMB,1,14,2024-01,Ridge P+M+N (+macro+news),115,1.101,1.066,1.587,1.592,47.8
COMB,1,14,2024-01,XGBoost P+M+N (+macro+news),115,1.182,1.144,1.641,1.64,50.4
COMB,1,15,2024-07,naive (no change),122,1.119,1.131,1.6,1.627,11.5
COMB,1,15,2024-07,"ARIMA(1,1,1)",122,1.131,1.147,1.617,1.639,40.2
COMB,1,15,2024-07,Ridge P (price only),122,1.068,1.074,1.506,1.544,61.5
COMB,1,15,2024-07,XGBoost P (price only),122,1.142,1.151,1.555,1.597,54.1
COMB,1,15,2024-07,Ridge P+M (+macro),122,1.082,1.087,1.521,1.559,58.2
COMB,1,15,2024-07,XGBoost P+M (+macro),122,1.181,1.193,1.542,1.571,56.6
COMB,1,15,2024-07,Ridge P+M+N (+macro+news),122,1.086,1.09,1.513,1.553,53.3
COMB,1,15,2024-07,XGBoost P+M+N (+macro+news),122,1.196,1.209,1.557,1.59,52.5
COMB,1,16,2025-01,naive (no change),114,1.222,1.714,2.558,1.875,7.9
COMB,1,16,2025-01,"ARIMA(1,1,1)",114,1.207,1.689,2.562,1.875,55.3
COMB,1,16,2025-01,Ridge P (price only),114,1.243,1.74,2.594,1.908,53.5
COMB,1,16,2025-01,XGBoost P (price only),114,1.306,1.828,2.73,2.021,52.6
COMB,1,16,2025-01,Ridge P+M (+macro),114,1.238,1.734,2.585,1.901,53.5
COMB,1,16,2025-01,XGBoost P+M (+macro),114,1.282,1.793,2.643,1.93,55.3
COMB,1,16,2025-01,Ridge P+M+N (+macro+news),114,1.246,1.744,2.585,1.9,54.4
COMB,1,16,2025-01,XGBoost P+M+N (+macro+news),114,1.35,1.885,2.713,1.978,55.3
COMB,1,17,2025-07,naive (no change),124,0.765,1.45,2.31,1.252,12.1
COMB,1,17,2025-07,"ARIMA(1,1,1)",124,0.778,1.476,2.292,1.239,43.5
COMB,1,17,2025-07,Ridge P (price only),124,0.759,1.435,2.218,1.202,46.8
COMB,1,17,2025-07,XGBoost P (price only),124,0.794,1.504,2.17,1.17,43.5
COMB,1,17,2025-07,Ridge P+M (+macro),124,0.748,1.415,2.235,1.214,50.0
COMB,1,17,2025-07,XGBoost P+M (+macro),124,0.78,1.477,2.148,1.159,47.6
COMB,1,17,2025-07,Ridge P+M+N (+macro+news),124,0.751,1.422,2.222,1.206,47.6
COMB,1,17,2025-07,XGBoost P+M+N (+macro+news),124,0.787,1.488,2.153,1.162,47.6
COMB,1,18,2026-01,naive (no change),118,0.871,1.82,2.907,1.406,8.5
COMB,1,18,2026-01,"ARIMA(1,1,1)",118,0.873,1.823,2.906,1.405,46.6
COMB,1,18,2026-01,Ridge P (price only),118,0.944,1.971,2.951,1.426,47.5
COMB,1,18,2026-01,XGBoost P (price only),118,1.079,2.249,3.246,1.578,39.8
COMB,1,18,2026-01,Ridge P+M (+macro),118,0.939,1.962,2.962,1.431,44.1
COMB,1,18,2026-01,XGBoost P+M (+macro),118,1.033,2.154,3.141,1.527,41.5
COMB,1,18,2026-01,Ridge P+M+N (+macro+news),118,0.942,1.968,2.965,1.431,46.6
COMB,1,18,2026-01,XGBoost P+M+N (+macro+news),118,1.02,2.125,3.132,1.519,38.1
COMB,5,0,2017-01,naive (no change),113,2.037,2.251,2.925,2.611,3.5
COMB,5,0,2017-01,"ARIMA(1,1,1)",113,2.049,2.266,2.922,2.612,46.9
COMB,5,0,2017-01,Ridge P (price only),113,2.016,2.227,2.964,2.629,61.1
COMB,5,0,2017-01,XGBoost P (price only),113,2.297,2.536,3.244,2.904,44.2
COMB,5,0,2017-01,Ridge P+M (+macro),113,2.039,2.256,2.947,2.622,50.4
COMB,5,0,2017-01,XGBoost P+M (+macro),113,2.382,2.626,3.354,2.992,44.2
COMB,5,0,2017-01,Ridge P+M+N (+macro+news),113,2.118,2.338,3.062,2.71,48.7
COMB,5,0,2017-01,XGBoost P+M+N (+macro+news),113,2.36,2.595,3.463,3.074,46.0
COMB,5,1,2017-07,naive (no change),120,1.576,1.771,2.561,2.28,3.3
COMB,5,1,2017-07,"ARIMA(1,1,1)",120,1.577,1.772,2.561,2.28,40.8
COMB,5,1,2017-07,Ridge P (price only),120,1.66,1.86,2.564,2.283,52.5
COMB,5,1,2017-07,XGBoost P (price only),120,1.925,2.151,2.868,2.564,48.3
COMB,5,1,2017-07,Ridge P+M (+macro),120,1.69,1.892,2.598,2.311,52.5
COMB,5,1,2017-07,XGBoost P+M (+macro),120,1.846,2.061,2.743,2.445,54.2
COMB,5,1,2017-07,Ridge P+M+N (+macro+news),120,1.713,1.914,2.655,2.352,54.2
COMB,5,1,2017-07,XGBoost P+M+N (+macro+news),120,1.906,2.13,2.84,2.53,52.5
COMB,5,2,2018-01,naive (no change),112,1.365,1.454,1.843,1.701,6.2
COMB,5,2,2018-01,"ARIMA(1,1,1)",112,1.346,1.434,1.818,1.678,62.5
COMB,5,2,2018-01,Ridge P (price only),112,1.291,1.377,1.787,1.643,61.6
COMB,5,2,2018-01,XGBoost P (price only),112,1.323,1.415,1.832,1.688,59.8
COMB,5,2,2018-01,Ridge P+M (+macro),112,1.355,1.443,1.875,1.721,54.5
COMB,5,2,2018-01,XGBoost P+M (+macro),112,1.299,1.381,1.705,1.578,65.2
COMB,5,2,2018-01,Ridge P+M+N (+macro+news),112,1.441,1.531,1.974,1.813,51.8
COMB,5,2,2018-01,XGBoost P+M+N (+macro+news),112,1.38,1.465,1.821,1.691,55.4
COMB,5,3,2018-07,naive (no change),121,2.333,2.205,3.038,3.287,3.3
COMB,5,3,2018-07,"ARIMA(1,1,1)",121,2.332,2.205,3.038,3.286,61.2
COMB,5,3,2018-07,Ridge P (price only),121,2.358,2.23,3.007,3.252,46.3
COMB,5,3,2018-07,XGBoost P (price only),121,2.37,2.246,2.984,3.222,48.8
COMB,5,3,2018-07,Ridge P+M (+macro),121,2.397,2.264,3.03,3.273,43.8
COMB,5,3,2018-07,XGBoost P+M (+macro),121,2.276,2.16,3.042,3.32,57.9
COMB,5,3,2018-07,Ridge P+M+N (+macro+news),121,2.35,2.215,2.938,3.176,50.4
COMB,5,3,2018-07,XGBoost P+M+N (+macro+news),121,2.424,2.296,3.124,3.392,47.9
COMB,5,4,2019-01,naive (no change),115,2.098,1.659,2.068,2.595,1.7
COMB,5,4,2019-01,"ARIMA(1,1,1)",115,2.085,1.649,2.056,2.582,62.6
COMB,5,4,2019-01,Ridge P (price only),115,2.083,1.648,2.09,2.612,52.2
COMB,5,4,2019-01,XGBoost P (price only),115,2.073,1.645,2.044,2.568,54.8
COMB,5,4,2019-01,Ridge P+M (+macro),115,2.008,1.589,1.991,2.498,58.3
COMB,5,4,2019-01,XGBoost P+M (+macro),115,2.284,1.804,2.238,2.813,47.8
COMB,5,4,2019-01,Ridge P+M+N (+macro+news),115,1.936,1.533,1.938,2.443,62.6
COMB,5,4,2019-01,XGBoost P+M+N (+macro+news),115,2.133,1.692,2.096,2.627,54.8
COMB,5,5,2019-07,naive (no change),123,2.079,1.717,2.529,3.118,9.8
COMB,5,5,2019-07,"ARIMA(1,1,1)",123,2.063,1.705,2.528,3.119,56.9
COMB,5,5,2019-07,Ridge P (price only),123,2.135,1.759,2.564,3.17,44.7
COMB,5,5,2019-07,XGBoost P (price only),123,2.229,1.841,2.77,3.425,46.3
COMB,5,5,2019-07,Ridge P+M (+macro),123,2.203,1.814,2.571,3.17,35.8
COMB,5,5,2019-07,XGBoost P+M (+macro),123,2.124,1.757,2.718,3.371,50.4
COMB,5,5,2019-07,Ridge P+M+N (+macro+news),123,2.388,1.96,2.678,3.301,37.4
COMB,5,5,2019-07,XGBoost P+M+N (+macro+news),123,2.361,1.947,2.889,3.576,39.8
COMB,5,6,2020-01,naive (no change),82,7.198,4.015,5.746,10.089,2.4
COMB,5,6,2020-01,"ARIMA(1,1,1)",82,7.195,4.013,5.738,10.086,48.8
COMB,5,6,2020-01,Ridge P (price only),82,6.996,3.905,5.596,9.458,48.8
COMB,5,6,2020-01,XGBoost P (price only),82,7.769,4.32,6.221,10.504,47.6
COMB,5,6,2020-01,Ridge P+M (+macro),82,6.954,3.87,5.643,9.511,52.4
COMB,5,6,2020-01,XGBoost P+M (+macro),82,7.886,4.402,6.335,10.723,41.5
COMB,5,6,2020-01,Ridge P+M+N (+macro+news),82,7.037,3.929,5.661,9.541,48.8
COMB,5,6,2020-01,XGBoost P+M+N (+macro+news),82,7.866,4.372,6.422,10.914,41.5
COMB,5,7,2020-07,naive (no change),125,2.834,1.837,2.234,3.473,2.4
COMB,5,7,2020-07,"ARIMA(1,1,1)",125,2.85,1.842,2.242,3.467,52.0
COMB,5,7,2020-07,Ridge P (price only),125,2.937,1.898,2.401,3.689,56.0
COMB,5,7,2020-07,XGBoost P (price only),125,2.919,1.889,2.289,3.542,52.0
COMB,5,7,2020-07,Ridge P+M (+macro),125,2.917,1.882,2.391,3.672,54.4
COMB,5,7,2020-07,XGBoost P+M (+macro),125,3.346,2.151,2.7,4.173,48.0
COMB,5,7,2020-07,Ridge P+M+N (+macro+news),125,2.854,1.842,2.334,3.598,56.8
COMB,5,7,2020-07,XGBoost P+M+N (+macro+news),125,3.103,1.997,2.459,3.811,55.2
COMB,5,8,2021-01,naive (no change),114,3.353,2.505,3.624,4.975,3.5
COMB,5,8,2021-01,"ARIMA(1,1,1)",114,3.355,2.508,3.628,4.988,47.4
COMB,5,8,2021-01,Ridge P (price only),114,3.655,2.717,3.546,4.832,47.4
COMB,5,8,2021-01,XGBoost P (price only),114,4.158,3.103,4.193,5.752,41.2
COMB,5,8,2021-01,Ridge P+M (+macro),114,3.716,2.761,3.598,4.899,45.6
COMB,5,8,2021-01,XGBoost P+M (+macro),114,3.868,2.895,3.964,5.464,43.9
COMB,5,8,2021-01,Ridge P+M+N (+macro+news),114,3.725,2.768,3.645,4.967,43.0
COMB,5,8,2021-01,XGBoost P+M+N (+macro+news),114,4.124,3.083,4.173,5.734,41.2
COMB,5,9,2021-07,naive (no change),124,1.73,1.239,1.58,2.193,3.2
COMB,5,9,2021-07,"ARIMA(1,1,1)",124,1.701,1.22,1.56,2.171,56.5
COMB,5,9,2021-07,Ridge P (price only),124,2.277,1.621,1.995,2.769,48.4
COMB,5,9,2021-07,XGBoost P (price only),124,2.464,1.745,2.289,3.202,39.5
COMB,5,9,2021-07,Ridge P+M (+macro),124,2.428,1.728,2.133,2.955,45.2
COMB,5,9,2021-07,XGBoost P+M (+macro),124,2.457,1.755,2.152,2.963,44.4
COMB,5,9,2021-07,Ridge P+M+N (+macro+news),124,2.295,1.635,2.015,2.797,47.6
COMB,5,9,2021-07,XGBoost P+M+N (+macro+news),124,2.332,1.67,2.14,2.932,49.2
COMB,5,10,2022-01,naive (no change),92,3.851,2.083,3.368,5.679,4.3
COMB,5,10,2022-01,"ARIMA(1,1,1)",92,3.753,2.031,3.292,5.555,63.0
COMB,5,10,2022-01,Ridge P (price only),92,4.293,2.311,3.565,6.07,44.6
COMB,5,10,2022-01,XGBoost P (price only),92,4.205,2.312,3.328,5.685,63.0
COMB,5,10,2022-01,Ridge P+M (+macro),92,5.137,2.787,4.369,7.368,40.2
COMB,5,10,2022-01,XGBoost P+M (+macro),92,4.966,2.649,3.802,6.652,39.1
COMB,5,10,2022-01,Ridge P+M+N (+macro+news),92,4.765,2.597,3.911,6.58,45.7
COMB,5,10,2022-01,XGBoost P+M+N (+macro+news),92,4.771,2.579,3.763,6.429,42.4
COMB,5,11,2022-07,naive (no change),98,2.369,1.099,1.47,3.171,4.1
COMB,5,11,2022-07,"ARIMA(1,1,1)",98,2.383,1.104,1.471,3.169,46.9
COMB,5,11,2022-07,Ridge P (price only),98,2.741,1.266,1.676,3.623,50.0
COMB,5,11,2022-07,XGBoost P (price only),98,2.955,1.364,1.766,3.809,41.8
COMB,5,11,2022-07,Ridge P+M (+macro),98,2.647,1.225,1.58,3.432,49.0
COMB,5,11,2022-07,XGBoost P+M (+macro),98,2.765,1.282,1.664,3.644,43.9
COMB,5,11,2022-07,Ridge P+M+N (+macro+news),98,4.774,2.172,2.474,5.336,46.9
COMB,5,11,2022-07,XGBoost P+M+N (+macro+news),98,2.754,1.275,1.624,3.56,43.9
COMB,5,12,2023-01,naive (no change),119,4.793,2.788,3.874,6.945,2.5
COMB,5,12,2023-01,"ARIMA(1,1,1)",119,4.822,2.808,3.898,6.993,37.0
COMB,5,12,2023-01,Ridge P (price only),119,5.0,2.921,4.056,7.249,40.3
COMB,5,12,2023-01,XGBoost P (price only),119,5.151,3.001,4.111,7.371,47.1
COMB,5,12,2023-01,Ridge P+M (+macro),119,4.809,2.8,3.913,6.958,52.1
COMB,5,12,2023-01,XGBoost P+M (+macro),119,5.19,3.031,4.168,7.452,42.9
COMB,5,12,2023-01,Ridge P+M+N (+macro+news),119,4.785,2.787,3.909,6.953,52.9
COMB,5,12,2023-01,XGBoost P+M+N (+macro+news),119,5.153,3.009,4.122,7.338,50.4
COMB,5,13,2023-07,naive (no change),123,3.956,3.346,4.262,5.09,2.4
COMB,5,13,2023-07,"ARIMA(1,1,1)",123,3.968,3.35,4.236,5.037,50.4
COMB,5,13,2023-07,Ridge P (price only),123,3.853,3.247,4.049,4.845,55.3
COMB,5,13,2023-07,XGBoost P (price only),123,3.905,3.272,3.949,4.8,51.2
COMB,5,13,2023-07,Ridge P+M (+macro),123,4.657,3.891,4.92,5.762,50.4
COMB,5,13,2023-07,XGBoost P+M (+macro),123,5.163,4.296,5.562,6.61,47.2
COMB,5,13,2023-07,Ridge P+M+N (+macro+news),123,4.657,3.887,4.908,5.756,50.4
COMB,5,13,2023-07,XGBoost P+M+N (+macro+news),123,5.288,4.413,5.604,6.683,42.3
COMB,5,14,2024-01,naive (no change),115,3.008,2.926,4.132,4.352,2.6
COMB,5,14,2024-01,"ARIMA(1,1,1)",115,3.007,2.925,4.133,4.355,51.3
COMB,5,14,2024-01,Ridge P (price only),115,2.951,2.869,4.006,4.209,53.0
COMB,5,14,2024-01,XGBoost P (price only),115,2.82,2.751,3.94,4.139,60.0
COMB,5,14,2024-01,Ridge P+M (+macro),115,2.985,2.904,3.995,4.152,52.2
COMB,5,14,2024-01,XGBoost P+M (+macro),115,2.834,2.729,3.848,4.036,53.9
COMB,5,14,2024-01,Ridge P+M+N (+macro+news),115,3.064,2.982,4.051,4.187,52.2
COMB,5,14,2024-01,XGBoost P+M+N (+macro+news),115,2.833,2.734,3.899,4.075,56.5
COMB,5,15,2024-07,naive (no change),122,3.93,4.067,5.006,5.247,0.8
COMB,5,15,2024-07,"ARIMA(1,1,1)",122,3.945,4.091,5.041,5.276,40.2
COMB,5,15,2024-07,Ridge P (price only),122,3.631,3.723,4.673,4.966,68.9
COMB,5,15,2024-07,XGBoost P (price only),122,3.983,4.141,5.222,5.448,58.2
COMB,5,15,2024-07,Ridge P+M (+macro),122,3.742,3.83,4.722,5.009,55.7
COMB,5,15,2024-07,XGBoost P+M (+macro),122,3.997,4.106,5.183,5.448,59.0
COMB,5,15,2024-07,Ridge P+M+N (+macro+news),122,3.709,3.772,4.644,4.939,58.2
COMB,5,15,2024-07,XGBoost P+M+N (+macro+news),122,3.974,4.09,5.225,5.523,58.2
COMB,5,16,2025-01,naive (no change),114,3.049,4.314,5.744,4.112,2.6
COMB,5,16,2025-01,"ARIMA(1,1,1)",114,3.044,4.306,5.735,4.104,56.1
COMB,5,16,2025-01,Ridge P (price only),114,3.168,4.468,5.865,4.183,50.9
COMB,5,16,2025-01,XGBoost P (price only),114,3.152,4.442,6.062,4.399,55.3
COMB,5,16,2025-01,Ridge P+M (+macro),114,3.166,4.469,5.836,4.156,51.8
COMB,5,16,2025-01,XGBoost P+M (+macro),114,3.644,5.085,6.647,4.697,56.1
COMB,5,16,2025-01,Ridge P+M+N (+macro+news),114,3.199,4.504,5.853,4.158,55.3
COMB,5,16,2025-01,XGBoost P+M+N (+macro+news),114,3.709,5.176,6.776,4.758,56.1
COMB,5,17,2025-07,naive (no change),124,2.416,4.679,6.852,3.76,2.4
COMB,5,17,2025-07,"ARIMA(1,1,1)",124,2.4,4.648,6.795,3.725,58.1
COMB,5,17,2025-07,Ridge P (price only),124,2.332,4.515,6.559,3.604,60.5
COMB,5,17,2025-07,XGBoost P (price only),124,2.494,4.835,6.751,3.685,51.6
COMB,5,17,2025-07,Ridge P+M (+macro),124,2.344,4.533,6.654,3.679,59.7
COMB,5,17,2025-07,XGBoost P+M (+macro),124,2.527,4.934,6.674,3.575,51.6
COMB,5,17,2025-07,Ridge P+M+N (+macro+news),124,2.278,4.41,6.503,3.587,62.9
COMB,5,17,2025-07,XGBoost P+M+N (+macro+news),124,2.491,4.854,6.645,3.568,50.8
COMB,5,18,2026-01,naive (no change),118,2.433,5.078,7.131,3.42,5.1
COMB,5,18,2026-01,"ARIMA(1,1,1)",118,2.429,5.072,7.13,3.421,52.5
COMB,5,18,2026-01,Ridge P (price only),118,2.646,5.525,7.278,3.48,46.6
COMB,5,18,2026-01,XGBoost P (price only),118,2.968,6.204,8.009,3.805,28.8
COMB,5,18,2026-01,Ridge P+M (+macro),118,2.635,5.502,7.406,3.534,47.5
COMB,5,18,2026-01,XGBoost P+M (+macro),118,2.853,5.96,7.897,3.755,34.7
COMB,5,18,2026-01,Ridge P+M+N (+macro+news),118,2.701,5.628,7.467,3.547,48.3
COMB,5,18,2026-01,XGBoost P+M+N (+macro+news),118,2.823,5.892,7.875,3.737,33.1
SAMP,1,0,2017-01,naive (no change),111,0.597,0.483,0.718,0.885,15.3
SAMP,1,0,2017-01,"ARIMA(1,1,1)",111,0.602,0.488,0.716,0.881,49.5
SAMP,1,0,2017-01,Ridge P (price only),111,0.595,0.483,0.714,0.876,48.6
SAMP,1,0,2017-01,XGBoost P (price only),111,0.64,0.519,0.754,0.924,51.4
SAMP,1,0,2017-01,Ridge P+M (+macro),111,0.602,0.489,0.718,0.883,44.1
SAMP,1,0,2017-01,XGBoost P+M (+macro),111,0.646,0.523,0.756,0.93,48.6
SAMP,1,0,2017-01,Ridge P+M+N (+macro+news),111,0.611,0.496,0.707,0.866,45.9
SAMP,1,0,2017-01,XGBoost P+M+N (+macro+news),111,0.678,0.547,0.769,0.948,46.8
SAMP,1,1,2017-07,naive (no change),118,0.852,0.794,1.302,1.386,14.4
SAMP,1,1,2017-07,"ARIMA(1,1,1)",118,0.852,0.794,1.302,1.386,38.1
SAMP,1,1,2017-07,Ridge P (price only),118,0.861,0.801,1.309,1.392,44.9
SAMP,1,1,2017-07,XGBoost P (price only),118,0.92,0.854,1.343,1.43,40.7
SAMP,1,1,2017-07,Ridge P+M (+macro),118,0.864,0.803,1.307,1.391,47.5
SAMP,1,1,2017-07,XGBoost P+M (+macro),118,0.944,0.875,1.344,1.439,38.1
SAMP,1,1,2017-07,Ridge P+M+N (+macro+news),118,0.89,0.827,1.331,1.414,50.0
SAMP,1,1,2017-07,XGBoost P+M+N (+macro+news),118,0.937,0.868,1.35,1.445,44.1
SAMP,1,2,2018-01,naive (no change),116,0.654,0.615,0.914,0.967,9.5
SAMP,1,2,2018-01,"ARIMA(1,1,1)",116,0.66,0.62,0.916,0.97,49.1
SAMP,1,2,2018-01,Ridge P (price only),116,0.679,0.638,0.905,0.958,42.2
SAMP,1,2,2018-01,XGBoost P (price only),116,0.715,0.671,0.957,1.016,44.0
SAMP,1,2,2018-01,Ridge P+M (+macro),116,0.681,0.64,0.909,0.962,47.4
SAMP,1,2,2018-01,XGBoost P+M (+macro),116,0.764,0.715,1.023,1.093,42.2
SAMP,1,2,2018-01,Ridge P+M+N (+macro+news),116,0.705,0.662,0.921,0.975,40.5
SAMP,1,2,2018-01,XGBoost P+M+N (+macro+news),116,0.718,0.672,0.966,1.029,51.7
SAMP,1,3,2018-07,naive (no change),123,0.962,0.741,1.061,1.404,8.1
SAMP,1,3,2018-07,"ARIMA(1,1,1)",123,0.96,0.739,1.058,1.4,52.8
SAMP,1,3,2018-07,Ridge P (price only),123,0.999,0.769,1.098,1.453,43.1
SAMP,1,3,2018-07,XGBoost P (price only),123,1.048,0.812,1.128,1.482,47.2
SAMP,1,3,2018-07,Ridge P+M (+macro),123,1.007,0.774,1.104,1.46,43.1
SAMP,1,3,2018-07,XGBoost P+M (+macro),123,1.027,0.794,1.098,1.444,46.3
SAMP,1,3,2018-07,Ridge P+M+N (+macro+news),123,1.016,0.781,1.106,1.462,41.5
SAMP,1,3,2018-07,XGBoost P+M+N (+macro+news),123,1.047,0.81,1.109,1.453,40.7
SAMP,1,4,2019-01,naive (no change),116,1.123,0.652,1.333,2.044,6.9
SAMP,1,4,2019-01,"ARIMA(1,1,1)",116,1.126,0.654,1.335,2.046,38.8
SAMP,1,4,2019-01,Ridge P (price only),116,1.143,0.661,1.335,2.043,44.8
SAMP,1,4,2019-01,XGBoost P (price only),116,1.328,0.76,1.386,2.166,54.3
SAMP,1,4,2019-01,Ridge P+M (+macro),116,1.143,0.661,1.331,2.035,46.6
SAMP,1,4,2019-01,XGBoost P+M (+macro),116,1.412,0.806,1.437,2.254,47.4
SAMP,1,4,2019-01,Ridge P+M+N (+macro+news),116,1.129,0.651,1.321,2.021,51.7
SAMP,1,4,2019-01,XGBoost P+M+N (+macro+news),116,1.317,0.746,1.382,2.156,51.7
SAMP,1,5,2019-07,naive (no change),123,1.0,0.534,0.795,1.497,4.1
SAMP,1,5,2019-07,"ARIMA(1,1,1)",123,1.001,0.534,0.795,1.496,45.5
SAMP,1,5,2019-07,Ridge P (price only),123,1.015,0.542,0.793,1.49,49.6
SAMP,1,5,2019-07,XGBoost P (price only),123,1.049,0.559,0.804,1.523,56.1
SAMP,1,5,2019-07,Ridge P+M (+macro),123,1.017,0.543,0.796,1.497,47.2
SAMP,1,5,2019-07,XGBoost P+M (+macro),123,1.041,0.555,0.8,1.511,51.2
SAMP,1,5,2019-07,Ridge P+M+N (+macro+news),123,1.014,0.541,0.781,1.47,54.5
SAMP,1,5,2019-07,XGBoost P+M+N (+macro+news),123,1.13,0.604,0.841,1.584,49.6
SAMP,1,6,2020-01,naive (no change),82,1.934,0.801,1.324,3.194,4.9
SAMP,1,6,2020-01,"ARIMA(1,1,1)",82,1.934,0.801,1.325,3.194,47.6
SAMP,1,6,2020-01,Ridge P (price only),82,1.943,0.807,1.277,3.083,41.5
SAMP,1,6,2020-01,XGBoost P (price only),82,2.157,0.899,1.487,3.556,39.0
SAMP,1,6,2020-01,Ridge P+M (+macro),82,1.939,0.805,1.278,3.084,42.7
SAMP,1,6,2020-01,XGBoost P+M (+macro),82,2.149,0.896,1.509,3.598,41.5
SAMP,1,6,2020-01,Ridge P+M+N (+macro+news),82,1.936,0.807,1.283,3.094,43.9
SAMP,1,6,2020-01,XGBoost P+M+N (+macro+news),82,2.119,0.884,1.511,3.602,41.5
SAMP,1,7,2020-07,naive (no change),125,1.059,0.435,0.605,1.466,8.0
SAMP,1,7,2020-07,"ARIMA(1,1,1)",125,1.059,0.435,0.605,1.466,48.8
SAMP,1,7,2020-07,Ridge P (price only),125,1.083,0.445,0.598,1.447,47.2
SAMP,1,7,2020-07,XGBoost P (price only),125,1.112,0.458,0.609,1.473,49.6
SAMP,1,7,2020-07,Ridge P+M (+macro),125,1.074,0.441,0.593,1.437,52.0
SAMP,1,7,2020-07,XGBoost P+M (+macro),125,1.103,0.453,0.603,1.459,52.0
SAMP,1,7,2020-07,Ridge P+M+N (+macro+news),125,1.062,0.436,0.586,1.423,52.8
SAMP,1,7,2020-07,XGBoost P+M+N (+macro+news),125,1.168,0.48,0.645,1.564,48.0
SAMP,1,8,2021-01,naive (no change),111,1.58,0.856,1.603,2.977,4.5
SAMP,1,8,2021-01,"ARIMA(1,1,1)",111,1.61,0.871,1.604,2.973,40.5
SAMP,1,8,2021-01,Ridge P (price only),111,1.599,0.866,1.572,2.922,53.2
SAMP,1,8,2021-01,XGBoost P (price only),111,1.569,0.85,1.619,3.014,55.0
SAMP,1,8,2021-01,Ridge P+M (+macro),111,1.604,0.868,1.573,2.923,50.5
SAMP,1,8,2021-01,XGBoost P+M (+macro),111,1.702,0.919,1.691,3.17,55.0
SAMP,1,8,2021-01,Ridge P+M+N (+macro+news),111,1.622,0.877,1.573,2.927,44.1
SAMP,1,8,2021-01,XGBoost P+M+N (+macro+news),111,1.698,0.915,1.665,3.123,55.9
SAMP,1,9,2021-07,naive (no change),124,0.847,0.443,0.67,1.282,8.1
SAMP,1,9,2021-07,"ARIMA(1,1,1)",124,0.848,0.444,0.67,1.282,48.4
SAMP,1,9,2021-07,Ridge P (price only),124,1.02,0.532,0.756,1.442,40.3
SAMP,1,9,2021-07,XGBoost P (price only),124,0.988,0.515,0.747,1.431,48.4
SAMP,1,9,2021-07,Ridge P+M (+macro),124,1.1,0.574,0.786,1.498,38.7
SAMP,1,9,2021-07,XGBoost P+M (+macro),124,1.023,0.534,0.764,1.464,42.7
SAMP,1,9,2021-07,Ridge P+M+N (+macro+news),124,1.069,0.557,0.778,1.484,37.9
SAMP,1,9,2021-07,XGBoost P+M+N (+macro+news),124,1.006,0.526,0.775,1.484,35.5
SAMP,1,10,2022-01,naive (no change),107,1.778,0.751,1.137,2.643,7.5
SAMP,1,10,2022-01,"ARIMA(1,1,1)",107,1.776,0.75,1.136,2.641,56.1
SAMP,1,10,2022-01,Ridge P (price only),107,1.745,0.743,1.089,2.569,61.7
SAMP,1,10,2022-01,XGBoost P (price only),107,1.885,0.811,1.193,2.794,58.9
SAMP,1,10,2022-01,Ridge P+M (+macro),107,2.015,0.842,1.201,2.835,52.3
SAMP,1,10,2022-01,XGBoost P+M (+macro),107,2.078,0.886,1.294,3.085,43.0
SAMP,1,10,2022-01,Ridge P+M+N (+macro+news),107,1.953,0.812,1.165,2.787,54.2
SAMP,1,10,2022-01,XGBoost P+M+N (+macro+news),107,1.985,0.849,1.271,3.071,46.7
SAMP,1,11,2022-07,naive (no change),124,2.127,0.722,1.022,3.117,8.1
SAMP,1,11,2022-07,"ARIMA(1,1,1)",124,2.108,0.716,1.03,3.151,52.4
SAMP,1,11,2022-07,Ridge P (price only),124,2.082,0.707,0.999,3.054,56.5
SAMP,1,11,2022-07,XGBoost P (price only),124,2.018,0.682,0.967,2.981,56.5
SAMP,1,11,2022-07,Ridge P+M (+macro),124,2.15,0.73,1.031,3.15,50.0
SAMP,1,11,2022-07,XGBoost P+M (+macro),124,2.256,0.766,1.099,3.357,54.8
SAMP,1,11,2022-07,Ridge P+M+N (+macro+news),124,2.244,0.761,1.023,3.109,44.4
SAMP,1,11,2022-07,XGBoost P+M+N (+macro+news),124,2.275,0.775,1.123,3.411,54.8
SAMP,1,12,2023-01,naive (no change),119,1.936,0.955,1.393,2.833,5.9
SAMP,1,12,2023-01,"ARIMA(1,1,1)",119,1.947,0.96,1.401,2.853,42.9
SAMP,1,12,2023-01,Ridge P (price only),119,1.943,0.956,1.384,2.829,52.9
SAMP,1,12,2023-01,XGBoost P (price only),119,1.93,0.951,1.383,2.791,53.8
SAMP,1,12,2023-01,Ridge P+M (+macro),119,1.91,0.94,1.367,2.78,53.8
SAMP,1,12,2023-01,XGBoost P+M (+macro),119,1.934,0.959,1.394,2.809,49.6
SAMP,1,12,2023-01,Ridge P+M+N (+macro+news),119,1.908,0.94,1.369,2.784,52.1
SAMP,1,12,2023-01,XGBoost P+M+N (+macro+news),119,1.943,0.965,1.403,2.824,55.5
SAMP,1,13,2023-07,naive (no change),123,1.354,0.936,1.316,1.959,9.8
SAMP,1,13,2023-07,"ARIMA(1,1,1)",123,1.355,0.938,1.331,1.984,51.2
SAMP,1,13,2023-07,Ridge P (price only),123,1.427,0.986,1.345,1.999,39.8
SAMP,1,13,2023-07,XGBoost P (price only),123,1.573,1.087,1.478,2.203,42.3
SAMP,1,13,2023-07,Ridge P+M (+macro),123,1.542,1.065,1.431,2.102,36.6
SAMP,1,13,2023-07,XGBoost P+M (+macro),123,1.827,1.256,1.614,2.368,39.0
SAMP,1,13,2023-07,Ridge P+M+N (+macro+news),123,1.553,1.072,1.43,2.101,38.2
SAMP,1,13,2023-07,XGBoost P+M+N (+macro+news),123,1.701,1.17,1.537,2.268,37.4
SAMP,1,14,2024-01,naive (no change),115,0.749,0.571,0.812,1.062,7.0
SAMP,1,14,2024-01,"ARIMA(1,1,1)",115,0.752,0.573,0.814,1.066,46.1
SAMP,1,14,2024-01,Ridge P (price only),115,0.714,0.545,0.784,1.024,53.0
SAMP,1,14,2024-01,XGBoost P (price only),115,0.744,0.565,0.825,1.082,52.2
SAMP,1,14,2024-01,Ridge P+M (+macro),115,0.72,0.549,0.786,1.026,53.0
SAMP,1,14,2024-01,XGBoost P+M (+macro),115,0.79,0.6,0.85,1.118,49.6
SAMP,1,14,2024-01,Ridge P+M+N (+macro+news),115,0.726,0.554,0.788,1.027,53.0
SAMP,1,14,2024-01,XGBoost P+M+N (+macro+news),115,0.774,0.588,0.807,1.057,44.3
SAMP,1,15,2024-07,naive (no change),125,1.084,0.939,1.289,1.46,4.0
SAMP,1,15,2024-07,"ARIMA(1,1,1)",125,1.09,0.945,1.3,1.47,42.4
SAMP,1,15,2024-07,Ridge P (price only),125,0.994,0.858,1.178,1.341,65.6
SAMP,1,15,2024-07,XGBoost P (price only),125,1.051,0.898,1.198,1.389,59.2
SAMP,1,15,2024-07,Ridge P+M (+macro),125,1.0,0.864,1.194,1.357,65.6
SAMP,1,15,2024-07,XGBoost P+M (+macro),125,1.009,0.868,1.152,1.331,63.2
SAMP,1,15,2024-07,Ridge P+M+N (+macro+news),125,0.999,0.863,1.192,1.354,65.6
SAMP,1,15,2024-07,XGBoost P+M+N (+macro+news),125,1.013,0.869,1.185,1.372,64.8
SAMP,1,16,2025-01,naive (no change),114,1.29,1.5,2.105,1.846,8.8
SAMP,1,16,2025-01,"ARIMA(1,1,1)",114,1.293,1.503,2.105,1.845,48.2
SAMP,1,16,2025-01,Ridge P (price only),114,1.365,1.584,2.204,1.941,47.4
SAMP,1,16,2025-01,XGBoost P (price only),114,1.382,1.602,2.271,2.002,48.2
SAMP,1,16,2025-01,Ridge P+M (+macro),114,1.362,1.581,2.201,1.94,45.6
SAMP,1,16,2025-01,XGBoost P+M (+macro),114,1.397,1.617,2.282,2.004,46.5
SAMP,1,16,2025-01,Ridge P+M+N (+macro+news),114,1.363,1.582,2.198,1.936,46.5
SAMP,1,16,2025-01,XGBoost P+M+N (+macro+news),114,1.369,1.586,2.247,1.973,47.4
SAMP,1,17,2025-07,naive (no change),124,0.768,1.103,1.627,1.148,8.1
SAMP,1,17,2025-07,"ARIMA(1,1,1)",124,0.768,1.102,1.621,1.142,50.8
SAMP,1,17,2025-07,Ridge P (price only),124,0.783,1.123,1.599,1.125,53.2
SAMP,1,17,2025-07,XGBoost P (price only),124,0.784,1.124,1.612,1.133,53.2
SAMP,1,17,2025-07,Ridge P+M (+macro),124,0.783,1.123,1.6,1.128,51.6
SAMP,1,17,2025-07,XGBoost P+M (+macro),124,0.771,1.106,1.583,1.113,52.4
SAMP,1,17,2025-07,Ridge P+M+N (+macro+news),124,0.781,1.121,1.599,1.126,53.2
SAMP,1,17,2025-07,XGBoost P+M+N (+macro+news),124,0.765,1.097,1.584,1.115,54.0
SAMP,1,18,2026-01,naive (no change),118,0.826,1.242,1.997,1.316,6.8
SAMP,1,18,2026-01,"ARIMA(1,1,1)",118,0.834,1.254,2.0,1.317,39.8
SAMP,1,18,2026-01,Ridge P (price only),118,0.898,1.351,2.107,1.389,44.9
SAMP,1,18,2026-01,XGBoost P (price only),118,0.891,1.34,2.027,1.336,44.9
SAMP,1,18,2026-01,Ridge P+M (+macro),118,0.895,1.347,2.106,1.388,45.8
SAMP,1,18,2026-01,XGBoost P+M (+macro),118,0.862,1.295,1.949,1.284,45.8
SAMP,1,18,2026-01,Ridge P+M+N (+macro+news),118,0.901,1.355,2.108,1.389,45.8
SAMP,1,18,2026-01,XGBoost P+M+N (+macro+news),118,0.851,1.279,1.957,1.289,50.8
SAMP,5,0,2017-01,naive (no change),111,1.648,1.348,1.707,2.105,5.4
SAMP,5,0,2017-01,"ARIMA(1,1,1)",111,1.648,1.348,1.707,2.105,52.3
SAMP,5,0,2017-01,Ridge P (price only),111,1.484,1.214,1.619,1.983,63.1
SAMP,5,0,2017-01,XGBoost P (price only),111,1.768,1.447,1.83,2.236,51.4
SAMP,5,0,2017-01,Ridge P+M (+macro),111,1.676,1.372,1.722,2.127,52.3
SAMP,5,0,2017-01,XGBoost P+M (+macro),111,1.784,1.466,1.867,2.288,45.9
SAMP,5,0,2017-01,Ridge P+M+N (+macro+news),111,1.466,1.202,1.586,1.935,66.7
SAMP,5,0,2017-01,XGBoost P+M+N (+macro+news),111,1.816,1.488,1.878,2.303,45.0
SAMP,5,1,2017-07,naive (no change),118,2.619,2.459,3.334,3.588,3.4
SAMP,5,1,2017-07,"ARIMA(1,1,1)",118,2.619,2.459,3.334,3.588,55.1
SAMP,5,1,2017-07,Ridge P (price only),118,2.602,2.445,3.333,3.565,55.1
SAMP,5,1,2017-07,XGBoost P (price only),118,2.735,2.568,3.489,3.729,49.2
SAMP,5,1,2017-07,Ridge P+M (+macro),118,2.559,2.403,3.265,3.49,56.8
SAMP,5,1,2017-07,XGBoost P+M (+macro),118,2.802,2.629,3.568,3.843,46.6
SAMP,5,1,2017-07,Ridge P+M+N (+macro+news),118,2.707,2.536,3.352,3.543,55.9
SAMP,5,1,2017-07,XGBoost P+M+N (+macro+news),118,2.748,2.58,3.565,3.848,45.8
SAMP,5,2,2018-01,naive (no change),116,1.895,1.768,2.357,2.476,0.9
SAMP,5,2,2018-01,"ARIMA(1,1,1)",116,1.898,1.771,2.365,2.484,50.9
SAMP,5,2,2018-01,Ridge P (price only),116,1.923,1.791,2.359,2.475,53.4
SAMP,5,2,2018-01,XGBoost P (price only),116,2.086,1.94,2.58,2.728,51.7
SAMP,5,2,2018-01,Ridge P+M (+macro),116,1.947,1.813,2.416,2.533,50.9
SAMP,5,2,2018-01,XGBoost P+M (+macro),116,2.414,2.236,3.02,3.203,48.3
SAMP,5,2,2018-01,Ridge P+M+N (+macro+news),116,2.075,1.927,2.53,2.653,47.4
SAMP,5,2,2018-01,XGBoost P+M+N (+macro+news),116,2.394,2.217,2.992,3.168,46.6
SAMP,5,3,2018-07,naive (no change),123,2.325,1.792,2.491,3.14,5.7
SAMP,5,3,2018-07,"ARIMA(1,1,1)",123,2.343,1.807,2.509,3.16,35.8
SAMP,5,3,2018-07,Ridge P (price only),123,2.392,1.845,2.524,3.172,39.0
SAMP,5,3,2018-07,XGBoost P (price only),123,2.607,1.995,2.726,3.475,46.3
SAMP,5,3,2018-07,Ridge P+M (+macro),123,2.496,1.92,2.606,3.281,30.1
SAMP,5,3,2018-07,XGBoost P+M (+macro),123,2.36,1.823,2.513,3.174,53.7
SAMP,5,3,2018-07,Ridge P+M+N (+macro+news),123,2.565,1.966,2.659,3.357,45.5
SAMP,5,3,2018-07,XGBoost P+M+N (+macro+news),123,2.406,1.857,2.548,3.225,56.9
SAMP,5,4,2019-01,naive (no change),116,3.418,1.948,2.881,4.531,2.6
SAMP,5,4,2019-01,"ARIMA(1,1,1)",116,3.389,1.933,2.866,4.507,68.1
SAMP,5,4,2019-01,Ridge P (price only),116,3.561,2.039,2.923,4.594,41.4
SAMP,5,4,2019-01,XGBoost P (price only),116,3.887,2.203,2.963,4.807,39.7
SAMP,5,4,2019-01,Ridge P+M (+macro),116,3.425,1.957,2.84,4.466,56.0
SAMP,5,4,2019-01,XGBoost P+M (+macro),116,3.995,2.237,3.134,5.104,43.1
SAMP,5,4,2019-01,Ridge P+M+N (+macro+news),116,3.268,1.861,2.72,4.288,63.8
SAMP,5,4,2019-01,XGBoost P+M+N (+macro+news),116,3.721,2.089,2.982,4.848,54.3
SAMP,5,5,2019-07,naive (no change),123,2.574,1.372,1.974,3.802,1.6
SAMP,5,5,2019-07,"ARIMA(1,1,1)",123,2.575,1.373,1.974,3.804,44.7
SAMP,5,5,2019-07,Ridge P (price only),123,2.647,1.411,2.002,3.821,53.7
SAMP,5,5,2019-07,XGBoost P (price only),123,2.698,1.438,2.031,3.9,44.7
SAMP,5,5,2019-07,Ridge P+M (+macro),123,2.703,1.44,2.011,3.867,39.8
SAMP,5,5,2019-07,XGBoost P+M (+macro),123,2.698,1.442,1.971,3.808,48.0
SAMP,5,5,2019-07,Ridge P+M+N (+macro+news),123,2.605,1.388,1.965,3.771,51.2
SAMP,5,5,2019-07,XGBoost P+M+N (+macro+news),123,2.86,1.535,2.113,4.061,55.3
SAMP,5,6,2020-01,naive (no change),82,6.709,2.709,3.934,8.911,0.0
SAMP,5,6,2020-01,"ARIMA(1,1,1)",82,6.706,2.708,3.933,8.91,58.5
SAMP,5,6,2020-01,Ridge P (price only),82,6.415,2.612,3.807,8.764,52.4
SAMP,5,6,2020-01,XGBoost P (price only),82,7.175,2.903,4.362,9.718,51.2
SAMP,5,6,2020-01,Ridge P+M (+macro),82,6.384,2.602,3.793,8.713,52.4
SAMP,5,6,2020-01,XGBoost P+M (+macro),82,6.925,2.81,4.116,9.121,47.6
SAMP,5,6,2020-01,Ridge P+M+N (+macro+news),82,6.38,2.615,3.78,8.651,53.7
SAMP,5,6,2020-01,XGBoost P+M+N (+macro+news),82,6.915,2.808,4.166,9.23,43.9
SAMP,5,7,2020-07,naive (no change),125,2.805,1.173,1.549,3.703,0.8
SAMP,5,7,2020-07,"ARIMA(1,1,1)",125,2.801,1.17,1.539,3.674,52.8
SAMP,5,7,2020-07,Ridge P (price only),125,2.999,1.248,1.619,3.863,44.0
SAMP,5,7,2020-07,XGBoost P (price only),125,3.158,1.318,1.673,3.985,41.6
SAMP,5,7,2020-07,Ridge P+M (+macro),125,2.996,1.246,1.577,3.777,52.8
SAMP,5,7,2020-07,XGBoost P+M (+macro),125,3.079,1.274,1.63,3.892,50.4
SAMP,5,7,2020-07,Ridge P+M+N (+macro+news),125,2.984,1.238,1.527,3.668,49.6
SAMP,5,7,2020-07,XGBoost P+M+N (+macro+news),125,2.854,1.18,1.522,3.627,55.2
SAMP,5,8,2021-01,naive (no change),111,4.305,2.306,3.372,6.432,1.8
SAMP,5,8,2021-01,"ARIMA(1,1,1)",111,4.289,2.3,3.377,6.457,52.3
SAMP,5,8,2021-01,Ridge P (price only),111,4.277,2.283,3.165,6.103,49.5
SAMP,5,8,2021-01,XGBoost P (price only),111,5.184,2.777,3.785,7.304,29.7
SAMP,5,8,2021-01,Ridge P+M (+macro),111,4.319,2.304,3.188,6.147,51.4
SAMP,5,8,2021-01,XGBoost P+M (+macro),111,4.59,2.474,3.59,6.977,45.9
SAMP,5,8,2021-01,Ridge P+M+N (+macro+news),111,4.316,2.296,3.15,6.098,49.5
SAMP,5,8,2021-01,XGBoost P+M+N (+macro+news),111,4.369,2.355,3.44,6.695,51.4
SAMP,5,9,2021-07,naive (no change),124,1.685,0.885,1.273,2.448,4.0
SAMP,5,9,2021-07,"ARIMA(1,1,1)",124,1.685,0.886,1.273,2.448,48.4
SAMP,5,9,2021-07,Ridge P (price only),124,2.042,1.066,1.417,2.706,41.9
SAMP,5,9,2021-07,XGBoost P (price only),124,2.096,1.094,1.481,2.825,50.0
SAMP,5,9,2021-07,Ridge P+M (+macro),124,2.493,1.298,1.638,3.112,44.4
SAMP,5,9,2021-07,XGBoost P+M (+macro),124,1.984,1.035,1.377,2.646,49.2
SAMP,5,9,2021-07,Ridge P+M+N (+macro+news),124,2.468,1.283,1.626,3.098,41.9
SAMP,5,9,2021-07,XGBoost P+M+N (+macro+news),124,2.124,1.117,1.536,2.969,47.6
SAMP,5,10,2022-01,naive (no change),107,4.986,1.999,2.908,6.453,1.9
SAMP,5,10,2022-01,"ARIMA(1,1,1)",107,4.977,1.996,2.905,6.444,68.2
SAMP,5,10,2022-01,Ridge P (price only),107,4.76,1.936,2.739,6.081,57.9
SAMP,5,10,2022-01,XGBoost P (price only),107,5.327,2.211,3.047,6.654,51.4
SAMP,5,10,2022-01,Ridge P+M (+macro),107,7.57,2.958,4.123,9.452,36.4
SAMP,5,10,2022-01,XGBoost P+M (+macro),107,6.521,2.567,3.588,8.253,32.7
SAMP,5,10,2022-01,Ridge P+M+N (+macro+news),107,7.255,2.8,3.9,9.138,40.2
SAMP,5,10,2022-01,XGBoost P+M+N (+macro+news),107,6.212,2.452,3.361,7.684,30.8
SAMP,5,11,2022-07,naive (no change),124,4.608,1.587,2.283,7.13,4.0
SAMP,5,11,2022-07,"ARIMA(1,1,1)",124,4.62,1.591,2.282,7.123,41.1
SAMP,5,11,2022-07,Ridge P (price only),124,4.32,1.49,2.213,6.94,68.5
SAMP,5,11,2022-07,XGBoost P (price only),124,5.013,1.74,2.523,7.817,52.4
SAMP,5,11,2022-07,Ridge P+M (+macro),124,5.761,1.975,2.528,7.797,36.3
SAMP,5,11,2022-07,XGBoost P+M (+macro),124,5.35,1.853,2.615,8.175,54.8
SAMP,5,11,2022-07,Ridge P+M+N (+macro+news),124,6.709,2.28,2.767,8.26,46.0
SAMP,5,11,2022-07,XGBoost P+M+N (+macro+news),124,5.04,1.749,2.517,7.864,58.1
SAMP,5,12,2023-01,naive (no change),119,4.997,2.493,3.318,7.24,1.7
SAMP,5,12,2023-01,"ARIMA(1,1,1)",119,4.994,2.491,3.313,7.229,58.8
SAMP,5,12,2023-01,Ridge P (price only),119,5.223,2.6,3.461,7.614,44.5
SAMP,5,12,2023-01,XGBoost P (price only),119,5.351,2.657,3.468,7.612,44.5
SAMP,5,12,2023-01,Ridge P+M (+macro),119,5.198,2.591,3.414,7.379,49.6
SAMP,5,12,2023-01,XGBoost P+M (+macro),119,5.586,2.78,3.629,7.851,53.8
SAMP,5,12,2023-01,Ridge P+M+N (+macro+news),119,5.238,2.614,3.437,7.417,47.9
SAMP,5,12,2023-01,XGBoost P+M+N (+macro+news),119,5.137,2.551,3.385,7.276,48.7
SAMP,5,13,2023-07,naive (no change),123,3.214,2.237,2.891,4.29,2.4
SAMP,5,13,2023-07,"ARIMA(1,1,1)",123,3.284,2.282,2.883,4.255,45.5
SAMP,5,13,2023-07,Ridge P (price only),123,3.33,2.328,2.999,4.421,49.6
SAMP,5,13,2023-07,XGBoost P (price only),123,3.545,2.486,3.294,4.851,48.0
SAMP,5,13,2023-07,Ridge P+M (+macro),123,4.878,3.412,4.115,5.84,42.3
SAMP,5,13,2023-07,XGBoost P+M (+macro),123,5.164,3.567,4.38,6.327,40.7
SAMP,5,13,2023-07,Ridge P+M+N (+macro+news),123,4.916,3.433,4.122,5.86,39.0
SAMP,5,13,2023-07,XGBoost P+M+N (+macro+news),123,5.295,3.661,4.487,6.458,43.1
SAMP,5,14,2024-01,naive (no change),115,1.969,1.499,1.938,2.599,2.6
SAMP,5,14,2024-01,"ARIMA(1,1,1)",115,1.971,1.501,1.943,2.608,47.0
SAMP,5,14,2024-01,Ridge P (price only),115,2.07,1.584,2.045,2.703,53.0
SAMP,5,14,2024-01,XGBoost P (price only),115,2.069,1.583,2.066,2.742,51.3
SAMP,5,14,2024-01,Ridge P+M (+macro),115,2.142,1.634,2.076,2.722,53.0
SAMP,5,14,2024-01,XGBoost P+M (+macro),115,2.275,1.728,2.089,2.798,38.3
SAMP,5,14,2024-01,Ridge P+M+N (+macro+news),115,2.182,1.662,2.09,2.734,47.0
SAMP,5,14,2024-01,XGBoost P+M+N (+macro+news),115,2.145,1.635,2.033,2.707,42.6
SAMP,5,15,2024-07,naive (no change),125,3.245,2.867,3.683,4.203,1.6
SAMP,5,15,2024-07,"ARIMA(1,1,1)",125,3.24,2.862,3.674,4.193,62.4
SAMP,5,15,2024-07,Ridge P (price only),125,2.964,2.6,3.345,3.852,69.6
SAMP,5,15,2024-07,XGBoost P (price only),125,3.059,2.674,3.391,3.951,62.4
SAMP,5,15,2024-07,Ridge P+M (+macro),125,3.069,2.697,3.462,3.978,62.4
SAMP,5,15,2024-07,XGBoost P+M (+macro),125,3.716,3.246,3.908,4.539,34.4
SAMP,5,15,2024-07,Ridge P+M+N (+macro+news),125,3.051,2.68,3.435,3.945,64.8
SAMP,5,15,2024-07,XGBoost P+M+N (+macro+news),125,3.333,2.901,3.568,4.17,48.8
SAMP,5,16,2025-01,naive (no change),114,2.88,3.351,4.538,3.874,0.9
SAMP,5,16,2025-01,"ARIMA(1,1,1)",114,2.879,3.349,4.535,3.87,52.6
SAMP,5,16,2025-01,Ridge P (price only),114,3.2,3.71,4.942,4.229,39.5
SAMP,5,16,2025-01,XGBoost P (price only),114,3.427,3.964,5.267,4.509,44.7
SAMP,5,16,2025-01,Ridge P+M (+macro),114,3.205,3.723,4.961,4.266,47.4
SAMP,5,16,2025-01,XGBoost P+M (+macro),114,4.251,4.887,6.387,5.375,52.6
SAMP,5,16,2025-01,Ridge P+M+N (+macro+news),114,3.19,3.702,4.934,4.234,48.2
SAMP,5,16,2025-01,XGBoost P+M+N (+macro+news),114,4.239,4.875,6.358,5.352,52.6
SAMP,5,17,2025-07,naive (no change),124,2.195,3.173,4.36,3.129,1.6
SAMP,5,17,2025-07,"ARIMA(1,1,1)",124,2.167,3.133,4.324,3.098,61.3
SAMP,5,17,2025-07,Ridge P (price only),124,2.267,3.275,4.45,3.166,55.6
SAMP,5,17,2025-07,XGBoost P (price only),124,2.348,3.394,4.507,3.203,41.9
SAMP,5,17,2025-07,Ridge P+M (+macro),124,2.262,3.271,4.491,3.213,51.6
SAMP,5,17,2025-07,XGBoost P+M (+macro),124,2.246,3.246,4.282,3.027,54.0
SAMP,5,17,2025-07,Ridge P+M+N (+macro+news),124,2.249,3.251,4.447,3.174,57.3
SAMP,5,17,2025-07,XGBoost P+M+N (+macro+news),124,2.227,3.217,4.222,2.983,54.0
SAMP,5,18,2026-01,naive (no change),118,1.95,2.93,4.025,2.642,4.2
SAMP,5,18,2026-01,"ARIMA(1,1,1)",118,1.947,2.927,4.018,2.638,51.7
SAMP,5,18,2026-01,Ridge P (price only),118,2.332,3.499,4.725,3.102,38.1
SAMP,5,18,2026-01,XGBoost P (price only),118,2.376,3.562,4.859,3.19,39.0
SAMP,5,18,2026-01,Ridge P+M (+macro),118,2.315,3.477,4.688,3.08,38.1
SAMP,5,18,2026-01,XGBoost P+M (+macro),118,2.146,3.214,4.48,2.945,46.6
SAMP,5,18,2026-01,Ridge P+M+N (+macro+news),118,2.352,3.528,4.723,3.098,38.1
SAMP,5,18,2026-01,XGBoost P+M+N (+macro+news),118,2.419,3.621,4.828,3.18,44.1
LOFC,1,0,2017-01,naive (no change),97,2.649,0.072,0.116,4.43,49.5
LOFC,1,0,2017-01,"ARIMA(1,1,1)",97,2.649,0.072,0.116,4.43,29.9
LOFC,1,0,2017-01,Ridge P (price only),97,2.857,0.079,0.113,4.236,34.0
LOFC,1,0,2017-01,XGBoost P (price only),97,3.076,0.084,0.118,4.413,28.9
LOFC,1,0,2017-01,Ridge P+M (+macro),97,3.003,0.083,0.117,4.377,30.9
LOFC,1,0,2017-01,XGBoost P+M (+macro),97,3.05,0.084,0.118,4.415,30.9
LOFC,1,0,2017-01,Ridge P+M+N (+macro+news),97,3.145,0.087,0.12,4.466,29.9
LOFC,1,0,2017-01,XGBoost P+M+N (+macro+news),97,3.238,0.089,0.121,4.526,28.9
LOFC,1,1,2017-07,naive (no change),103,2.081,0.081,0.113,2.969,37.9
LOFC,1,1,2017-07,"ARIMA(1,1,1)",103,2.354,0.091,0.116,3.025,28.2
LOFC,1,1,2017-07,Ridge P (price only),103,2.144,0.083,0.103,2.713,43.7
LOFC,1,1,2017-07,XGBoost P (price only),103,2.174,0.084,0.101,2.654,38.8
LOFC,1,1,2017-07,Ridge P+M (+macro),103,2.18,0.084,0.104,2.74,42.7
LOFC,1,1,2017-07,XGBoost P+M (+macro),103,2.158,0.083,0.103,2.677,40.8
LOFC,1,1,2017-07,Ridge P+M+N (+macro+news),103,2.228,0.086,0.105,2.752,38.8
LOFC,1,1,2017-07,XGBoost P+M+N (+macro+news),103,2.258,0.087,0.106,2.755,35.9
LOFC,1,2,2018-01,naive (no change),97,1.802,0.068,0.091,2.409,39.2
LOFC,1,2,2018-01,"ARIMA(1,1,1)",97,1.986,0.075,0.092,2.444,35.1
LOFC,1,2,2018-01,Ridge P (price only),97,1.788,0.067,0.083,2.21,43.3
LOFC,1,2,2018-01,XGBoost P (price only),97,1.929,0.073,0.089,2.387,40.2
LOFC,1,2,2018-01,Ridge P+M (+macro),97,1.793,0.068,0.083,2.22,44.3
LOFC,1,2,2018-01,XGBoost P+M (+macro),97,1.893,0.071,0.087,2.343,42.3
LOFC,1,2,2018-01,Ridge P+M+N (+macro+news),97,1.807,0.068,0.084,2.226,41.2
LOFC,1,2,2018-01,XGBoost P+M+N (+macro+news),97,1.963,0.074,0.09,2.412,41.2
LOFC,1,3,2018-07,naive (no change),93,2.333,0.082,0.112,3.257,36.6
LOFC,1,3,2018-07,"ARIMA(1,1,1)",93,2.333,0.082,0.112,3.257,30.1
LOFC,1,3,2018-07,Ridge P (price only),93,2.434,0.085,0.108,3.13,40.9
LOFC,1,3,2018-07,XGBoost P (price only),93,2.432,0.085,0.111,3.205,37.6
LOFC,1,3,2018-07,Ridge P+M (+macro),93,2.455,0.086,0.109,3.144,38.7
LOFC,1,3,2018-07,XGBoost P+M (+macro),93,2.465,0.087,0.11,3.185,38.7
LOFC,1,3,2018-07,Ridge P+M+N (+macro+news),93,2.487,0.087,0.11,3.188,39.8
LOFC,1,3,2018-07,XGBoost P+M+N (+macro+news),93,2.508,0.088,0.113,3.266,39.8
LOFC,1,4,2019-01,naive (no change),90,2.615,0.09,0.138,4.28,35.6
LOFC,1,4,2019-01,"ARIMA(1,1,1)",90,3.149,0.108,0.144,4.411,31.1
LOFC,1,4,2019-01,Ridge P (price only),90,2.649,0.091,0.132,4.067,46.7
LOFC,1,4,2019-01,XGBoost P (price only),90,2.705,0.093,0.134,4.144,40.0
LOFC,1,4,2019-01,Ridge P+M (+macro),90,2.684,0.092,0.133,4.096,47.8
LOFC,1,4,2019-01,XGBoost P+M (+macro),90,2.693,0.093,0.135,4.184,41.1
LOFC,1,4,2019-01,Ridge P+M+N (+macro+news),90,2.656,0.091,0.133,4.084,47.8
LOFC,1,4,2019-01,XGBoost P+M+N (+macro+news),90,2.673,0.092,0.135,4.171,36.7
LOFC,1,5,2019-07,naive (no change),116,1.442,0.055,0.082,2.161,50.0
LOFC,1,5,2019-07,"ARIMA(1,1,1)",116,1.496,0.057,0.082,2.169,24.1
LOFC,1,5,2019-07,Ridge P (price only),116,1.499,0.057,0.076,1.994,31.9
LOFC,1,5,2019-07,XGBoost P (price only),116,1.559,0.06,0.078,2.036,33.6
LOFC,1,5,2019-07,Ridge P+M (+macro),116,1.49,0.057,0.076,2.005,31.9
LOFC,1,5,2019-07,XGBoost P+M (+macro),116,1.584,0.06,0.077,2.029,35.3
LOFC,1,5,2019-07,Ridge P+M+N (+macro+news),116,1.59,0.061,0.078,2.045,33.6
LOFC,1,5,2019-07,XGBoost P+M+N (+macro+news),116,1.645,0.063,0.078,2.049,31.0
LOFC,1,6,2020-01,naive (no change),78,2.932,0.096,0.135,4.319,34.6
LOFC,1,6,2020-01,"ARIMA(1,1,1)",78,2.941,0.096,0.135,4.319,37.2
LOFC,1,6,2020-01,Ridge P (price only),78,3.494,0.114,0.15,4.869,35.9
LOFC,1,6,2020-01,XGBoost P (price only),78,3.34,0.109,0.145,4.624,37.2
LOFC,1,6,2020-01,Ridge P+M (+macro),78,3.493,0.114,0.151,4.919,37.2
LOFC,1,6,2020-01,XGBoost P+M (+macro),78,3.292,0.107,0.148,4.767,34.6
LOFC,1,6,2020-01,Ridge P+M+N (+macro+news),78,3.524,0.115,0.152,4.944,35.9
LOFC,1,6,2020-01,XGBoost P+M+N (+macro+news),78,3.395,0.11,0.152,4.912,32.1
LOFC,1,7,2020-07,naive (no change),125,1.942,0.07,0.102,2.832,42.4
LOFC,1,7,2020-07,"ARIMA(1,1,1)",125,1.967,0.07,0.102,2.83,28.8
LOFC,1,7,2020-07,Ridge P (price only),125,2.126,0.076,0.101,2.811,33.6
LOFC,1,7,2020-07,XGBoost P (price only),125,2.116,0.076,0.103,2.858,35.2
LOFC,1,7,2020-07,Ridge P+M (+macro),125,2.131,0.076,0.102,2.826,35.2
LOFC,1,7,2020-07,XGBoost P+M (+macro),125,2.028,0.073,0.101,2.811,35.2
LOFC,1,7,2020-07,Ridge P+M+N (+macro+news),125,2.18,0.078,0.103,2.852,31.2
LOFC,1,7,2020-07,XGBoost P+M+N (+macro+news),125,2.154,0.077,0.103,2.878,34.4
LOFC,1,8,2021-01,naive (no change),114,3.755,0.252,0.386,5.865,16.7
LOFC,1,8,2021-01,"ARIMA(1,1,1)",114,3.801,0.255,0.388,5.947,43.9
LOFC,1,8,2021-01,Ridge P (price only),114,3.963,0.266,0.417,6.412,44.7
LOFC,1,8,2021-01,XGBoost P (price only),114,3.754,0.25,0.378,5.6,46.5
LOFC,1,8,2021-01,Ridge P+M (+macro),114,3.966,0.266,0.417,6.417,43.0
LOFC,1,8,2021-01,XGBoost P+M (+macro),114,3.87,0.26,0.397,6.033,45.6
LOFC,1,8,2021-01,Ridge P+M+N (+macro+news),114,3.96,0.266,0.418,6.448,40.4
LOFC,1,8,2021-01,XGBoost P+M+N (+macro+news),114,3.922,0.263,0.399,6.032,40.4
LOFC,1,9,2021-07,naive (no change),124,4.984,0.863,1.747,10.073,12.1
LOFC,1,9,2021-07,"ARIMA(1,1,1)",124,4.982,0.862,1.747,10.078,50.0
LOFC,1,9,2021-07,Ridge P (price only),124,5.245,0.926,1.844,10.237,39.5
LOFC,1,9,2021-07,XGBoost P (price only),124,5.815,1.003,1.869,9.946,44.4
LOFC,1,9,2021-07,Ridge P+M (+macro),124,5.301,0.932,1.84,10.24,37.1
LOFC,1,9,2021-07,XGBoost P+M (+macro),124,5.463,0.937,1.76,9.525,45.2
LOFC,1,9,2021-07,Ridge P+M+N (+macro+news),124,5.376,0.941,1.835,10.21,37.1
LOFC,1,9,2021-07,XGBoost P+M+N (+macro+news),124,5.563,0.962,1.791,9.693,43.5
LOFC,1,10,2022-01,naive (no change),91,7.679,1.044,1.485,10.896,2.2
LOFC,1,10,2022-01,"ARIMA(1,1,1)",91,7.714,1.05,1.489,10.91,38.5
LOFC,1,10,2022-01,Ridge P (price only),91,8.158,1.113,1.543,10.832,44.0
LOFC,1,10,2022-01,XGBoost P (price only),91,9.073,1.188,1.675,12.124,46.2
LOFC,1,10,2022-01,Ridge P+M (+macro),91,8.659,1.179,1.591,11.183,42.9
LOFC,1,10,2022-01,XGBoost P+M (+macro),91,9.755,1.28,1.776,12.732,47.3
LOFC,1,10,2022-01,Ridge P+M+N (+macro+news),91,8.945,1.227,1.635,11.374,40.7
LOFC,1,10,2022-01,XGBoost P+M+N (+macro+news),91,11.977,1.65,2.247,14.938,42.9
LOFC,1,11,2022-07,naive (no change),96,3.611,0.281,0.401,5.46,13.5
LOFC,1,11,2022-07,"ARIMA(1,1,1)",96,4.236,0.328,0.423,5.623,36.5
LOFC,1,11,2022-07,Ridge P (price only),96,4.015,0.314,0.435,5.823,42.7
LOFC,1,11,2022-07,XGBoost P (price only),96,4.263,0.332,0.459,6.093,42.7
LOFC,1,11,2022-07,Ridge P+M (+macro),96,4.163,0.324,0.431,5.729,42.7
LOFC,1,11,2022-07,XGBoost P+M (+macro),96,4.33,0.337,0.477,6.456,45.8
LOFC,1,11,2022-07,Ridge P+M+N (+macro+news),96,4.022,0.314,0.428,5.718,40.6
LOFC,1,11,2022-07,XGBoost P+M+N (+macro+news),96,3.661,0.287,0.426,5.827,50.0
LOFC,1,12,2023-01,naive (no change),119,2.237,0.136,0.207,3.536,24.4
LOFC,1,12,2023-01,"ARIMA(1,1,1)",119,2.235,0.136,0.206,3.532,49.6
LOFC,1,12,2023-01,Ridge P (price only),119,2.37,0.144,0.209,3.552,37.8
LOFC,1,12,2023-01,XGBoost P (price only),119,2.551,0.155,0.211,3.529,40.3
LOFC,1,12,2023-01,Ridge P+M (+macro),119,2.457,0.149,0.212,3.612,39.5
LOFC,1,12,2023-01,XGBoost P+M (+macro),119,3.291,0.199,0.252,4.171,28.6
LOFC,1,12,2023-01,Ridge P+M+N (+macro+news),119,2.456,0.149,0.212,3.613,38.7
LOFC,1,12,2023-01,XGBoost P+M+N (+macro+news),119,2.917,0.176,0.232,3.884,31.9
LOFC,1,13,2023-07,naive (no change),123,1.313,0.068,0.101,1.972,43.9
LOFC,1,13,2023-07,"ARIMA(1,1,1)",123,1.453,0.075,0.104,2.011,20.3
LOFC,1,13,2023-07,Ridge P (price only),123,1.409,0.073,0.101,1.946,35.0
LOFC,1,13,2023-07,XGBoost P (price only),123,1.402,0.072,0.097,1.9,38.2
LOFC,1,13,2023-07,Ridge P+M (+macro),123,1.845,0.097,0.128,2.425,31.7
LOFC,1,13,2023-07,XGBoost P+M (+macro),123,1.354,0.07,0.094,1.843,40.7
LOFC,1,13,2023-07,Ridge P+M+N (+macro+news),123,1.831,0.096,0.128,2.415,31.7
LOFC,1,13,2023-07,XGBoost P+M+N (+macro+news),123,1.389,0.072,0.094,1.851,39.8
LOFC,1,14,2024-01,naive (no change),115,2.024,0.115,0.181,3.326,29.6
LOFC,1,14,2024-01,"ARIMA(1,1,1)",115,2.115,0.12,0.181,3.312,33.9
LOFC,1,14,2024-01,Ridge P (price only),115,2.178,0.124,0.185,3.383,36.5
LOFC,1,14,2024-01,XGBoost P (price only),115,2.483,0.142,0.223,3.997,36.5
LOFC,1,14,2024-01,Ridge P+M (+macro),115,2.229,0.127,0.19,3.483,36.5
LOFC,1,14,2024-01,XGBoost P+M (+macro),115,2.241,0.128,0.198,3.619,37.4
LOFC,1,14,2024-01,Ridge P+M+N (+macro+news),115,2.234,0.127,0.191,3.501,37.4
LOFC,1,14,2024-01,XGBoost P+M+N (+macro+news),115,2.182,0.125,0.196,3.579,38.3
LOFC,1,15,2024-07,naive (no change),125,1.623,0.098,0.153,2.57,36.0
LOFC,1,15,2024-07,"ARIMA(1,1,1)",125,1.776,0.107,0.154,2.574,30.4
LOFC,1,15,2024-07,Ridge P (price only),125,1.732,0.105,0.154,2.584,32.8
LOFC,1,15,2024-07,XGBoost P (price only),125,1.804,0.109,0.16,2.685,28.8
LOFC,1,15,2024-07,Ridge P+M (+macro),125,1.77,0.107,0.154,2.582,37.6
LOFC,1,15,2024-07,XGBoost P+M (+macro),125,1.856,0.112,0.161,2.691,29.6
LOFC,1,15,2024-07,Ridge P+M+N (+macro+news),125,1.756,0.106,0.154,2.579,36.8
LOFC,1,15,2024-07,XGBoost P+M+N (+macro+news),125,1.823,0.11,0.16,2.685,32.8
LOFC,1,16,2025-01,naive (no change),114,1.558,0.096,0.132,2.124,33.3
LOFC,1,16,2025-01,"ARIMA(1,1,1)",114,1.695,0.105,0.136,2.173,29.8
LOFC,1,16,2025-01,Ridge P (price only),114,1.601,0.099,0.131,2.097,37.7
LOFC,1,16,2025-01,XGBoost P (price only),114,1.577,0.098,0.126,1.997,43.9
LOFC,1,16,2025-01,Ridge P+M (+macro),114,1.598,0.099,0.13,2.094,37.7
LOFC,1,16,2025-01,XGBoost P+M (+macro),114,1.607,0.099,0.126,2.02,42.1
LOFC,1,16,2025-01,Ridge P+M+N (+macro+news),114,1.592,0.098,0.13,2.087,42.1
LOFC,1,16,2025-01,XGBoost P+M+N (+macro+news),114,1.597,0.099,0.126,2.02,39.5
LOFC,1,17,2025-07,naive (no change),124,1.19,0.073,0.135,2.26,48.4
LOFC,1,17,2025-07,"ARIMA(1,1,1)",124,1.301,0.08,0.135,2.268,21.8
LOFC,1,17,2025-07,Ridge P (price only),124,1.252,0.077,0.133,2.227,31.5
LOFC,1,17,2025-07,XGBoost P (price only),124,1.3,0.08,0.133,2.228,35.5
LOFC,1,17,2025-07,Ridge P+M (+macro),124,1.256,0.077,0.133,2.231,30.6
LOFC,1,17,2025-07,XGBoost P+M (+macro),124,1.261,0.077,0.129,2.177,37.9
LOFC,1,17,2025-07,Ridge P+M+N (+macro+news),124,1.245,0.076,0.133,2.227,32.3
LOFC,1,17,2025-07,XGBoost P+M+N (+macro+news),124,1.258,0.077,0.13,2.182,36.3
LOFC,1,18,2026-01,naive (no change),118,1.383,0.077,0.113,2.017,42.4
LOFC,1,18,2026-01,"ARIMA(1,1,1)",118,1.385,0.077,0.113,2.017,30.5
LOFC,1,18,2026-01,Ridge P (price only),118,1.453,0.081,0.112,1.991,36.4
LOFC,1,18,2026-01,XGBoost P (price only),118,1.448,0.081,0.112,2.022,40.7
LOFC,1,18,2026-01,Ridge P+M (+macro),118,1.465,0.082,0.112,1.996,38.1
LOFC,1,18,2026-01,XGBoost P+M (+macro),118,1.525,0.085,0.118,2.122,37.3
LOFC,1,18,2026-01,Ridge P+M+N (+macro+news),118,1.46,0.081,0.112,1.993,37.3
LOFC,1,18,2026-01,XGBoost P+M+N (+macro+news),118,1.437,0.08,0.112,2.015,39.0
LOFC,5,0,2017-01,naive (no change),97,5.29,0.151,0.22,8.655,29.9
LOFC,5,0,2017-01,"ARIMA(1,1,1)",97,5.291,0.151,0.22,8.651,47.4
LOFC,5,0,2017-01,Ridge P (price only),97,5.725,0.168,0.226,8.546,40.2
LOFC,5,0,2017-01,XGBoost P (price only),97,6.385,0.183,0.239,9.23,34.0
LOFC,5,0,2017-01,Ridge P+M (+macro),97,6.78,0.199,0.259,9.778,28.9
LOFC,5,0,2017-01,XGBoost P+M (+macro),97,6.542,0.187,0.252,9.723,29.9
LOFC,5,0,2017-01,Ridge P+M+N (+macro+news),97,6.831,0.202,0.266,10.014,28.9
LOFC,5,0,2017-01,XGBoost P+M+N (+macro+news),97,6.378,0.184,0.254,9.8,30.9
LOFC,5,1,2017-07,naive (no change),103,3.044,0.117,0.159,4.203,34.0
LOFC,5,1,2017-07,"ARIMA(1,1,1)",103,3.291,0.127,0.161,4.267,35.0
LOFC,5,1,2017-07,Ridge P (price only),103,3.096,0.118,0.153,4.014,43.7
LOFC,5,1,2017-07,XGBoost P (price only),103,2.933,0.113,0.141,3.668,46.6
LOFC,5,1,2017-07,Ridge P+M (+macro),103,3.263,0.125,0.16,4.203,39.8
LOFC,5,1,2017-07,XGBoost P+M (+macro),103,3.188,0.123,0.156,4.126,43.7
LOFC,5,1,2017-07,Ridge P+M+N (+macro+news),103,3.533,0.135,0.174,4.523,38.8
LOFC,5,1,2017-07,XGBoost P+M+N (+macro+news),103,3.214,0.124,0.154,4.008,44.7
LOFC,5,2,2018-01,naive (no change),97,3.111,0.115,0.145,3.895,21.6
LOFC,5,2,2018-01,"ARIMA(1,1,1)",97,3.42,0.126,0.153,4.09,29.9
LOFC,5,2,2018-01,Ridge P (price only),97,3.042,0.114,0.138,3.682,50.5
LOFC,5,2,2018-01,XGBoost P (price only),97,3.379,0.127,0.161,4.29,37.1
LOFC,5,2,2018-01,Ridge P+M (+macro),97,3.14,0.118,0.144,3.833,42.3
LOFC,5,2,2018-01,XGBoost P+M (+macro),97,3.268,0.123,0.151,4.032,50.5
LOFC,5,2,2018-01,Ridge P+M+N (+macro+news),97,3.194,0.12,0.145,3.851,44.3
LOFC,5,2,2018-01,XGBoost P+M+N (+macro+news),97,3.178,0.119,0.148,3.932,46.4
LOFC,5,3,2018-07,naive (no change),93,3.716,0.13,0.17,4.967,23.7
LOFC,5,3,2018-07,"ARIMA(1,1,1)",93,3.716,0.13,0.17,4.967,40.9
LOFC,5,3,2018-07,Ridge P (price only),93,3.934,0.137,0.169,4.917,46.2
LOFC,5,3,2018-07,XGBoost P (price only),93,3.884,0.136,0.175,5.102,40.9
LOFC,5,3,2018-07,Ridge P+M (+macro),93,3.968,0.139,0.171,4.956,46.2
LOFC,5,3,2018-07,XGBoost P+M (+macro),93,3.778,0.133,0.173,5.103,46.2
LOFC,5,3,2018-07,Ridge P+M+N (+macro+news),93,3.947,0.138,0.171,4.932,49.5
LOFC,5,3,2018-07,XGBoost P+M+N (+macro+news),93,3.769,0.133,0.176,5.173,47.3
LOFC,5,4,2019-01,naive (no change),90,4.661,0.158,0.202,6.191,20.0
LOFC,5,4,2019-01,"ARIMA(1,1,1)",90,4.683,0.159,0.202,6.207,41.1
LOFC,5,4,2019-01,Ridge P (price only),90,4.745,0.159,0.196,6.021,47.8
LOFC,5,4,2019-01,XGBoost P (price only),90,4.991,0.167,0.215,6.508,62.2
LOFC,5,4,2019-01,Ridge P+M (+macro),90,4.84,0.163,0.2,6.176,48.9
LOFC,5,4,2019-01,XGBoost P+M (+macro),90,5.095,0.172,0.204,6.17,51.1
LOFC,5,4,2019-01,Ridge P+M+N (+macro+news),90,4.794,0.162,0.196,6.034,46.7
LOFC,5,4,2019-01,XGBoost P+M+N (+macro+news),90,4.803,0.162,0.201,6.086,54.4
LOFC,5,5,2019-07,naive (no change),116,2.044,0.078,0.104,2.73,35.3
LOFC,5,5,2019-07,"ARIMA(1,1,1)",116,2.105,0.081,0.103,2.718,34.5
LOFC,5,5,2019-07,Ridge P (price only),116,2.152,0.082,0.1,2.63,37.9
LOFC,5,5,2019-07,XGBoost P (price only),116,2.246,0.086,0.108,2.84,38.8
LOFC,5,5,2019-07,Ridge P+M (+macro),116,2.403,0.092,0.112,2.921,35.3
LOFC,5,5,2019-07,XGBoost P+M (+macro),116,2.284,0.088,0.111,2.913,41.4
LOFC,5,5,2019-07,Ridge P+M+N (+macro+news),116,2.567,0.098,0.122,3.167,31.9
LOFC,5,5,2019-07,XGBoost P+M+N (+macro+news),116,2.275,0.088,0.115,3.009,40.5
LOFC,5,6,2020-01,naive (no change),78,6.092,0.194,0.262,8.69,15.4
LOFC,5,6,2020-01,"ARIMA(1,1,1)",78,6.093,0.194,0.262,8.691,28.2
LOFC,5,6,2020-01,Ridge P (price only),78,6.728,0.213,0.273,9.012,48.7
LOFC,5,6,2020-01,XGBoost P (price only),78,6.004,0.189,0.259,8.32,44.9
LOFC,5,6,2020-01,Ridge P+M (+macro),78,6.665,0.213,0.273,9.095,50.0
LOFC,5,6,2020-01,XGBoost P+M (+macro),78,6.312,0.199,0.271,8.794,42.3
LOFC,5,6,2020-01,Ridge P+M+N (+macro+news),78,6.878,0.219,0.28,9.298,46.2
LOFC,5,6,2020-01,XGBoost P+M+N (+macro+news),78,6.766,0.214,0.282,9.031,35.9
LOFC,5,7,2020-07,naive (no change),125,4.158,0.154,0.22,6.144,16.0
LOFC,5,7,2020-07,"ARIMA(1,1,1)",125,4.165,0.155,0.22,6.153,42.4
LOFC,5,7,2020-07,Ridge P (price only),125,4.401,0.163,0.224,6.248,49.6
LOFC,5,7,2020-07,XGBoost P (price only),125,4.929,0.182,0.25,6.958,42.4
LOFC,5,7,2020-07,Ridge P+M (+macro),125,4.545,0.168,0.228,6.364,43.2
LOFC,5,7,2020-07,XGBoost P+M (+macro),125,4.056,0.15,0.216,6.037,52.8
LOFC,5,7,2020-07,Ridge P+M+N (+macro+news),125,4.653,0.172,0.229,6.38,43.2
LOFC,5,7,2020-07,XGBoost P+M+N (+macro+news),125,4.211,0.156,0.223,6.251,52.8
LOFC,5,8,2021-01,naive (no change),114,7.165,0.497,0.884,17.897,15.8
LOFC,5,8,2021-01,"ARIMA(1,1,1)",114,7.264,0.503,0.884,17.816,43.0
LOFC,5,8,2021-01,Ridge P (price only),114,8.647,0.602,1.023,19.538,42.1
LOFC,5,8,2021-01,XGBoost P (price only),114,9.455,0.643,1.003,19.223,36.8
LOFC,5,8,2021-01,Ridge P+M (+macro),114,8.642,0.603,1.032,19.755,42.1
LOFC,5,8,2021-01,XGBoost P+M (+macro),114,8.347,0.576,0.978,19.177,43.9
LOFC,5,8,2021-01,Ridge P+M+N (+macro+news),114,8.617,0.602,1.033,19.767,39.5
LOFC,5,8,2021-01,XGBoost P+M+N (+macro+news),114,8.691,0.594,0.968,19.093,38.6
LOFC,5,9,2021-07,naive (no change),124,11.876,2.26,4.386,31.354,9.7
LOFC,5,9,2021-07,"ARIMA(1,1,1)",124,11.929,2.266,4.383,31.283,45.2
LOFC,5,9,2021-07,Ridge P (price only),124,13.083,2.445,4.322,30.937,43.5
LOFC,5,9,2021-07,XGBoost P (price only),124,12.974,2.385,4.302,29.868,46.0
LOFC,5,9,2021-07,Ridge P+M (+macro),124,12.961,2.42,4.295,30.783,45.2
LOFC,5,9,2021-07,XGBoost P+M (+macro),124,13.623,2.432,4.189,29.711,45.2
LOFC,5,9,2021-07,Ridge P+M+N (+macro+news),124,13.186,2.438,4.269,30.569,44.4
LOFC,5,9,2021-07,XGBoost P+M+N (+macro+news),124,14.047,2.496,4.403,29.904,42.7
LOFC,5,10,2022-01,naive (no change),91,16.118,1.988,2.772,18.568,0.0
LOFC,5,10,2022-01,"ARIMA(1,1,1)",91,15.87,1.954,2.735,18.424,72.5
LOFC,5,10,2022-01,Ridge P (price only),91,19.479,2.576,3.528,20.753,44.0
LOFC,5,10,2022-01,XGBoost P (price only),91,19.932,2.448,3.303,22.716,49.5
LOFC,5,10,2022-01,Ridge P+M (+macro),91,28.89,3.333,4.131,29.702,27.5
LOFC,5,10,2022-01,XGBoost P+M (+macro),91,25.094,2.995,3.868,26.664,39.6
LOFC,5,10,2022-01,Ridge P+M+N (+macro+news),91,31.488,3.744,4.565,31.328,25.3
LOFC,5,10,2022-01,XGBoost P+M+N (+macro+news),91,44.621,6.188,8.088,45.301,26.4
LOFC,5,11,2022-07,naive (no change),96,9.127,0.723,0.963,13.964,6.2
LOFC,5,11,2022-07,"ARIMA(1,1,1)",96,9.018,0.716,0.964,14.021,60.4
LOFC,5,11,2022-07,Ridge P (price only),96,10.362,0.824,1.067,15.065,42.7
LOFC,5,11,2022-07,XGBoost P (price only),96,12.539,0.986,1.278,17.005,46.9
LOFC,5,11,2022-07,Ridge P+M (+macro),96,14.556,1.105,1.236,16.457,45.8
LOFC,5,11,2022-07,XGBoost P+M (+macro),96,12.343,0.975,1.187,16.239,44.8
LOFC,5,11,2022-07,Ridge P+M+N (+macro+news),96,12.043,0.927,1.093,15.157,45.8
LOFC,5,11,2022-07,XGBoost P+M+N (+macro+news),96,9.977,0.801,1.095,15.626,56.2
LOFC,5,12,2023-01,naive (no change),119,5.249,0.314,0.398,6.797,8.4
LOFC,5,12,2023-01,"ARIMA(1,1,1)",119,5.249,0.314,0.398,6.796,64.7
LOFC,5,12,2023-01,Ridge P (price only),119,5.822,0.349,0.43,7.185,32.8
LOFC,5,12,2023-01,XGBoost P (price only),119,7.703,0.462,0.575,9.307,30.3
LOFC,5,12,2023-01,Ridge P+M (+macro),119,5.474,0.33,0.425,7.07,52.9
LOFC,5,12,2023-01,XGBoost P+M (+macro),119,15.443,0.877,1.081,19.145,31.9
LOFC,5,12,2023-01,Ridge P+M+N (+macro+news),119,5.445,0.328,0.425,7.12,52.9
LOFC,5,12,2023-01,XGBoost P+M+N (+macro+news),119,9.868,0.565,0.685,12.084,31.9
LOFC,5,13,2023-07,naive (no change),123,2.514,0.128,0.158,3.03,21.1
LOFC,5,13,2023-07,"ARIMA(1,1,1)",123,2.635,0.135,0.162,3.1,19.5
LOFC,5,13,2023-07,Ridge P (price only),123,2.941,0.15,0.176,3.373,22.0
LOFC,5,13,2023-07,XGBoost P (price only),123,4.157,0.213,0.282,5.281,31.7
LOFC,5,13,2023-07,Ridge P+M (+macro),123,5.557,0.288,0.358,6.646,17.9
LOFC,5,13,2023-07,XGBoost P+M (+macro),123,4.642,0.239,0.304,5.64,30.1
LOFC,5,13,2023-07,Ridge P+M+N (+macro+news),123,5.245,0.273,0.349,6.465,30.1
LOFC,5,13,2023-07,XGBoost P+M+N (+macro+news),123,2.964,0.153,0.195,3.677,43.1
LOFC,5,14,2024-01,naive (no change),115,5.48,0.316,0.455,8.99,13.0
LOFC,5,14,2024-01,"ARIMA(1,1,1)",115,5.483,0.316,0.455,8.989,39.1
LOFC,5,14,2024-01,Ridge P (price only),115,5.771,0.331,0.451,8.811,41.7
LOFC,5,14,2024-01,XGBoost P (price only),115,6.685,0.386,0.586,11.02,40.9
LOFC,5,14,2024-01,Ridge P+M (+macro),115,5.761,0.332,0.468,9.165,40.0
LOFC,5,14,2024-01,XGBoost P+M (+macro),115,6.282,0.358,0.508,9.986,39.1
LOFC,5,14,2024-01,Ridge P+M+N (+macro+news),115,5.812,0.338,0.481,9.429,44.3
LOFC,5,14,2024-01,XGBoost P+M+N (+macro+news),115,5.836,0.336,0.491,9.67,46.1
LOFC,5,15,2024-07,naive (no change),125,4.281,0.256,0.338,5.887,15.2
LOFC,5,15,2024-07,"ARIMA(1,1,1)",125,4.305,0.257,0.337,5.869,44.8
LOFC,5,15,2024-07,Ridge P (price only),125,4.425,0.264,0.334,5.771,44.0
LOFC,5,15,2024-07,XGBoost P (price only),125,5.043,0.3,0.369,6.284,34.4
LOFC,5,15,2024-07,Ridge P+M (+macro),125,4.572,0.272,0.345,5.923,49.6
LOFC,5,15,2024-07,XGBoost P+M (+macro),125,4.495,0.268,0.354,6.14,44.0
LOFC,5,15,2024-07,Ridge P+M+N (+macro+news),125,4.466,0.266,0.34,5.874,52.0
LOFC,5,15,2024-07,XGBoost P+M+N (+macro+news),125,4.605,0.277,0.357,6.148,38.4
LOFC,5,16,2025-01,naive (no change),114,2.866,0.176,0.233,3.691,17.5
LOFC,5,16,2025-01,"ARIMA(1,1,1)",114,2.866,0.176,0.233,3.691,46.5
LOFC,5,16,2025-01,Ridge P (price only),114,3.035,0.186,0.25,3.931,43.0
LOFC,5,16,2025-01,XGBoost P (price only),114,3.992,0.245,0.326,5.153,36.0
LOFC,5,16,2025-01,Ridge P+M (+macro),114,3.11,0.191,0.257,4.024,40.4
LOFC,5,16,2025-01,XGBoost P+M (+macro),114,3.351,0.205,0.268,4.25,32.5
LOFC,5,16,2025-01,Ridge P+M+N (+macro+news),114,3.008,0.185,0.245,3.855,44.7
LOFC,5,16,2025-01,XGBoost P+M+N (+macro+news),114,3.489,0.214,0.275,4.358,29.8
LOFC,5,17,2025-07,naive (no change),124,2.151,0.133,0.22,3.658,33.9
LOFC,5,17,2025-07,"ARIMA(1,1,1)",124,2.188,0.135,0.22,3.664,38.7
LOFC,5,17,2025-07,Ridge P (price only),124,2.465,0.152,0.239,3.908,31.5
LOFC,5,17,2025-07,XGBoost P (price only),124,2.823,0.173,0.258,4.232,39.5
LOFC,5,17,2025-07,Ridge P+M (+macro),124,2.583,0.159,0.246,4.016,33.1
LOFC,5,17,2025-07,XGBoost P+M (+macro),124,2.259,0.14,0.241,4.044,40.3
LOFC,5,17,2025-07,Ridge P+M+N (+macro+news),124,2.424,0.15,0.238,3.912,36.3
LOFC,5,17,2025-07,XGBoost P+M+N (+macro+news),124,2.15,0.133,0.22,3.687,41.9
LOFC,5,18,2026-01,naive (no change),118,2.558,0.142,0.182,3.23,22.0
LOFC,5,18,2026-01,"ARIMA(1,1,1)",118,2.631,0.146,0.184,3.262,32.2
LOFC,5,18,2026-01,Ridge P (price only),118,2.93,0.163,0.204,3.6,28.8
LOFC,5,18,2026-01,XGBoost P (price only),118,2.838,0.158,0.198,3.514,44.9
LOFC,5,18,2026-01,Ridge P+M (+macro),118,2.916,0.162,0.205,3.613,31.4
LOFC,5,18,2026-01,XGBoost P+M (+macro),118,3.254,0.179,0.221,3.991,44.9
LOFC,5,18,2026-01,Ridge P+M+N (+macro+news),118,2.879,0.161,0.202,3.571,33.1
LOFC,5,18,2026-01,XGBoost P+M+N (+macro+news),118,2.773,0.154,0.187,3.332,42.4
LOLC,1,0,2017-01,naive (no change),101,1.873,1.52,1.984,2.451,13.9
LOLC,1,0,2017-01,"ARIMA(1,1,1)",101,1.875,1.521,1.985,2.452,36.6
LOLC,1,0,2017-01,Ridge P (price only),101,1.92,1.553,1.992,2.458,46.5
LOLC,1,0,2017-01,XGBoost P (price only),101,2.016,1.623,2.007,2.449,41.6
LOLC,1,0,2017-01,Ridge P+M (+macro),101,1.917,1.552,1.989,2.461,42.6
LOLC,1,0,2017-01,XGBoost P+M (+macro),101,2.079,1.677,2.099,2.574,41.6
LOLC,1,0,2017-01,Ridge P+M+N (+macro+news),101,2.048,1.664,2.123,2.61,39.6
LOLC,1,0,2017-01,XGBoost P+M+N (+macro+news),101,2.21,1.786,2.272,2.788,38.6
LOLC,1,1,2017-07,naive (no change),112,1.091,1.346,2.086,1.697,18.8
LOLC,1,1,2017-07,"ARIMA(1,1,1)",112,1.098,1.353,2.086,1.697,32.1
LOLC,1,1,2017-07,Ridge P (price only),112,1.148,1.416,2.121,1.729,41.1
LOLC,1,1,2017-07,XGBoost P (price only),112,1.434,1.767,2.425,1.969,29.5
LOLC,1,1,2017-07,Ridge P+M (+macro),112,1.189,1.466,2.141,1.742,35.7
LOLC,1,1,2017-07,XGBoost P+M (+macro),112,1.326,1.635,2.34,1.903,33.9
LOLC,1,1,2017-07,Ridge P+M+N (+macro+news),112,1.272,1.571,2.199,1.799,34.8
LOLC,1,1,2017-07,XGBoost P+M+N (+macro+news),112,1.389,1.724,2.458,1.997,37.5
LOLC,1,2,2018-01,naive (no change),88,1.235,1.459,2.112,1.789,19.3
LOLC,1,2,2018-01,"ARIMA(1,1,1)",88,1.234,1.458,2.111,1.787,53.4
LOLC,1,2,2018-01,Ridge P (price only),88,1.265,1.495,2.119,1.79,39.8
LOLC,1,2,2018-01,XGBoost P (price only),88,1.461,1.715,2.297,1.95,34.1
LOLC,1,2,2018-01,Ridge P+M (+macro),88,1.288,1.521,2.159,1.823,42.0
LOLC,1,2,2018-01,XGBoost P+M (+macro),88,1.564,1.816,2.373,2.045,35.2
LOLC,1,2,2018-01,Ridge P+M+N (+macro+news),88,1.303,1.542,2.198,1.861,38.6
LOLC,1,2,2018-01,XGBoost P+M+N (+macro+news),88,1.535,1.797,2.382,2.036,34.1
LOLC,1,3,2018-07,naive (no change),89,1.918,1.746,2.405,2.634,13.5
LOLC,1,3,2018-07,"ARIMA(1,1,1)",89,1.918,1.746,2.405,2.634,13.5
LOLC,1,3,2018-07,Ridge P (price only),89,1.981,1.802,2.442,2.669,40.4
LOLC,1,3,2018-07,XGBoost P (price only),89,1.997,1.817,2.495,2.72,50.6
LOLC,1,3,2018-07,Ridge P+M (+macro),89,1.977,1.796,2.417,2.641,44.9
LOLC,1,3,2018-07,XGBoost P+M (+macro),89,1.956,1.779,2.44,2.677,50.6
LOLC,1,3,2018-07,Ridge P+M+N (+macro+news),89,1.953,1.775,2.407,2.632,51.7
LOLC,1,3,2018-07,XGBoost P+M+N (+macro+news),89,1.966,1.788,2.417,2.641,56.2
LOLC,1,4,2019-01,naive (no change),83,1.52,1.382,2.025,2.226,25.3
LOLC,1,4,2019-01,"ARIMA(1,1,1)",83,1.542,1.402,2.028,2.23,37.3
LOLC,1,4,2019-01,Ridge P (price only),83,1.586,1.441,2.032,2.231,34.9
LOLC,1,4,2019-01,XGBoost P (price only),83,1.628,1.48,2.071,2.278,39.8
LOLC,1,4,2019-01,Ridge P+M (+macro),83,1.652,1.498,2.035,2.236,36.1
LOLC,1,4,2019-01,XGBoost P+M (+macro),83,1.725,1.565,2.043,2.252,43.4
LOLC,1,4,2019-01,Ridge P+M+N (+macro+news),83,1.702,1.545,2.074,2.284,41.0
LOLC,1,4,2019-01,XGBoost P+M+N (+macro+news),83,1.708,1.551,2.058,2.263,38.6
LOLC,1,5,2019-07,naive (no change),110,1.951,2.501,4.709,3.592,12.7
LOLC,1,5,2019-07,"ARIMA(1,1,1)",110,1.958,2.508,4.718,3.602,42.7
LOLC,1,5,2019-07,Ridge P (price only),110,1.96,2.508,4.761,3.615,50.9
LOLC,1,5,2019-07,XGBoost P (price only),110,2.065,2.634,4.688,3.584,44.5
LOLC,1,5,2019-07,Ridge P+M (+macro),110,2.019,2.584,4.849,3.7,42.7
LOLC,1,5,2019-07,XGBoost P+M (+macro),110,2.218,2.821,5.009,3.841,44.5
LOLC,1,5,2019-07,Ridge P+M+N (+macro+news),110,2.132,2.717,4.977,3.813,37.3
LOLC,1,5,2019-07,XGBoost P+M+N (+macro+news),110,2.19,2.791,4.938,3.795,43.6
LOLC,1,6,2020-01,naive (no change),82,2.262,2.813,3.973,3.326,3.7
LOLC,1,6,2020-01,"ARIMA(1,1,1)",82,2.198,2.724,3.929,3.311,62.2
LOLC,1,6,2020-01,Ridge P (price only),82,2.298,2.875,3.968,3.318,45.1
LOLC,1,6,2020-01,XGBoost P (price only),82,2.47,3.042,4.342,3.655,50.0
LOLC,1,6,2020-01,Ridge P+M (+macro),82,2.225,2.772,3.917,3.309,52.4
LOLC,1,6,2020-01,XGBoost P+M (+macro),82,2.677,3.35,4.581,3.766,36.6
LOLC,1,6,2020-01,Ridge P+M+N (+macro+news),82,2.195,2.734,3.889,3.287,53.7
LOLC,1,6,2020-01,XGBoost P+M+N (+macro+news),82,2.553,3.142,4.387,3.697,46.3
LOLC,1,7,2020-07,naive (no change),125,1.592,2.142,3.147,2.317,4.0
LOLC,1,7,2020-07,"ARIMA(1,1,1)",125,1.592,2.142,3.147,2.317,44.8
LOLC,1,7,2020-07,Ridge P (price only),125,1.676,2.251,3.192,2.343,44.0
LOLC,1,7,2020-07,XGBoost P (price only),125,1.713,2.306,3.371,2.46,54.4
LOLC,1,7,2020-07,Ridge P+M (+macro),125,1.658,2.231,3.206,2.352,48.8
LOLC,1,7,2020-07,XGBoost P+M (+macro),125,1.674,2.253,3.287,2.41,54.4
LOLC,1,7,2020-07,Ridge P+M+N (+macro+news),125,1.691,2.275,3.244,2.382,47.2
LOLC,1,7,2020-07,XGBoost P+M+N (+macro+news),125,1.743,2.341,3.478,2.559,48.0
LOLC,1,8,2021-01,naive (no change),114,3.978,13.443,20.692,6.467,1.8
LOLC,1,8,2021-01,"ARIMA(1,1,1)",114,3.978,13.442,20.693,6.468,50.0
LOLC,1,8,2021-01,Ridge P (price only),114,4.024,13.62,21.648,6.711,46.5
LOLC,1,8,2021-01,XGBoost P (price only),114,4.224,14.085,20.52,6.444,45.6
LOLC,1,8,2021-01,Ridge P+M (+macro),114,4.057,13.8,22.048,6.773,52.6
LOLC,1,8,2021-01,XGBoost P+M (+macro),114,4.291,14.4,21.722,6.762,43.0
LOLC,1,8,2021-01,Ridge P+M+N (+macro+news),114,4.052,13.784,22.058,6.773,51.8
LOLC,1,8,2021-01,XGBoost P+M+N (+macro+news),114,4.226,14.235,21.113,6.641,38.6
LOLC,1,9,2021-07,naive (no change),124,2.278,15.794,28.519,3.767,3.2
LOLC,1,9,2021-07,"ARIMA(1,1,1)",124,2.274,15.761,28.284,3.732,52.4
LOLC,1,9,2021-07,Ridge P (price only),124,2.341,16.458,28.336,3.683,51.6
LOLC,1,9,2021-07,XGBoost P (price only),124,2.748,19.538,32.799,4.204,55.6
LOLC,1,9,2021-07,Ridge P+M (+macro),124,2.567,18.109,28.505,3.709,55.6
LOLC,1,9,2021-07,XGBoost P+M (+macro),124,2.688,18.857,30.892,4.095,55.6
LOLC,1,9,2021-07,Ridge P+M+N (+macro+news),124,2.567,18.08,28.459,3.712,56.5
LOLC,1,9,2021-07,XGBoost P+M+N (+macro+news),124,2.827,19.671,31.115,4.152,51.6
LOLC,1,10,2022-01,naive (no change),92,5.575,38.829,51.978,8.114,1.1
LOLC,1,10,2022-01,"ARIMA(1,1,1)",92,5.623,39.228,52.22,8.133,35.9
LOLC,1,10,2022-01,Ridge P (price only),92,5.428,38.405,51.781,7.992,57.6
LOLC,1,10,2022-01,XGBoost P (price only),92,6.542,44.253,57.954,9.109,57.6
LOLC,1,10,2022-01,Ridge P+M (+macro),92,7.076,48.3,58.739,9.033,43.5
LOLC,1,10,2022-01,XGBoost P+M (+macro),92,6.756,46.464,58.585,8.952,43.5
LOLC,1,10,2022-01,Ridge P+M+N (+macro+news),92,7.006,47.756,58.201,8.98,42.4
LOLC,1,10,2022-01,XGBoost P+M+N (+macro+news),92,6.924,48.352,60.413,8.968,45.7
LOLC,1,11,2022-07,naive (no change),97,2.879,12.985,18.876,4.309,1.0
LOLC,1,11,2022-07,"ARIMA(1,1,1)",97,2.86,12.966,19.055,4.373,55.7
LOLC,1,11,2022-07,Ridge P (price only),97,3.047,13.764,19.201,4.326,55.7
LOLC,1,11,2022-07,XGBoost P (price only),97,3.256,14.942,21.852,4.767,53.6
LOLC,1,11,2022-07,Ridge P+M (+macro),97,3.631,16.108,20.535,4.584,47.4
LOLC,1,11,2022-07,XGBoost P+M (+macro),97,3.268,15.095,21.474,4.865,53.6
LOLC,1,11,2022-07,Ridge P+M+N (+macro+news),97,4.606,20.332,24.263,5.388,44.3
LOLC,1,11,2022-07,XGBoost P+M+N (+macro+news),97,3.152,14.518,20.748,4.713,54.6
LOLC,1,12,2023-01,naive (no change),119,1.549,5.96,9.403,2.497,5.0
LOLC,1,12,2023-01,"ARIMA(1,1,1)",119,1.548,5.956,9.403,2.497,53.8
LOLC,1,12,2023-01,Ridge P (price only),119,1.649,6.333,9.643,2.548,43.7
LOLC,1,12,2023-01,XGBoost P (price only),119,1.591,6.104,9.461,2.506,48.7
LOLC,1,12,2023-01,Ridge P+M (+macro),119,1.955,7.446,10.48,2.808,52.1
LOLC,1,12,2023-01,XGBoost P+M (+macro),119,1.819,6.952,10.145,2.701,46.2
LOLC,1,12,2023-01,Ridge P+M+N (+macro+news),119,1.971,7.506,10.513,2.816,52.1
LOLC,1,12,2023-01,XGBoost P+M+N (+macro+news),119,1.77,6.758,10.131,2.705,43.7
LOLC,1,13,2023-07,naive (no change),123,1.092,4.644,6.199,1.425,6.5
LOLC,1,13,2023-07,"ARIMA(1,1,1)",123,1.09,4.638,6.195,1.424,54.5
LOLC,1,13,2023-07,Ridge P (price only),123,1.154,4.92,6.354,1.456,48.0
LOLC,1,13,2023-07,XGBoost P (price only),123,1.206,5.166,7.101,1.635,47.2
LOLC,1,13,2023-07,Ridge P+M (+macro),123,1.504,6.452,8.457,1.916,43.1
LOLC,1,13,2023-07,XGBoost P+M (+macro),123,1.086,4.62,6.457,1.49,54.5
LOLC,1,13,2023-07,Ridge P+M+N (+macro+news),123,1.528,6.548,8.542,1.937,41.5
LOLC,1,13,2023-07,XGBoost P+M+N (+macro+news),123,1.073,4.572,6.439,1.484,52.0
LOLC,1,14,2024-01,naive (no change),115,1.213,5.004,8.141,2.124,7.8
LOLC,1,14,2024-01,"ARIMA(1,1,1)",115,1.197,4.951,8.215,2.143,59.1
LOLC,1,14,2024-01,Ridge P (price only),115,1.312,5.43,8.134,2.103,47.8
LOLC,1,14,2024-01,XGBoost P (price only),115,1.38,5.694,8.532,2.182,44.3
LOLC,1,14,2024-01,Ridge P+M (+macro),115,1.28,5.301,8.188,2.128,49.6
LOLC,1,14,2024-01,XGBoost P+M (+macro),115,1.374,5.599,8.26,2.137,43.5
LOLC,1,14,2024-01,Ridge P+M+N (+macro+news),115,1.293,5.352,8.158,2.117,45.2
LOLC,1,14,2024-01,XGBoost P+M+N (+macro+news),115,1.275,5.249,8.099,2.103,47.8
LOLC,1,15,2024-07,naive (no change),125,1.48,6.88,11.234,2.308,7.2
LOLC,1,15,2024-07,"ARIMA(1,1,1)",125,1.502,7.021,11.516,2.358,46.4
LOLC,1,15,2024-07,Ridge P (price only),125,1.482,6.849,10.638,2.21,55.2
LOLC,1,15,2024-07,XGBoost P (price only),125,1.566,7.218,11.299,2.338,52.0
LOLC,1,15,2024-07,Ridge P+M (+macro),125,1.491,6.879,10.473,2.181,50.4
LOLC,1,15,2024-07,XGBoost P+M (+macro),125,1.585,7.311,11.195,2.323,45.6
LOLC,1,15,2024-07,Ridge P+M+N (+macro+news),125,1.506,6.936,10.448,2.18,49.6
LOLC,1,15,2024-07,XGBoost P+M+N (+macro+news),125,1.555,7.128,11.152,2.306,44.8
LOLC,1,16,2025-01,naive (no change),114,1.428,8.846,12.195,1.989,4.4
LOLC,1,16,2025-01,"ARIMA(1,1,1)",114,1.801,11.142,14.09,2.265,38.6
LOLC,1,16,2025-01,Ridge P (price only),114,1.531,9.48,12.849,2.095,46.5
LOLC,1,16,2025-01,XGBoost P (price only),114,1.607,10.004,12.875,2.079,43.0
LOLC,1,16,2025-01,Ridge P+M (+macro),114,1.54,9.527,12.819,2.09,43.9
LOLC,1,16,2025-01,XGBoost P+M (+macro),114,1.712,10.638,13.32,2.144,34.2
LOLC,1,16,2025-01,Ridge P+M+N (+macro+news),114,1.573,9.732,12.93,2.104,40.4
LOLC,1,16,2025-01,XGBoost P+M+N (+macro+news),114,1.782,11.087,13.764,2.212,33.3
LOLC,1,17,2025-07,naive (no change),124,0.778,4.383,6.515,1.161,8.1
LOLC,1,17,2025-07,"ARIMA(1,1,1)",124,0.781,4.397,6.517,1.161,40.3
LOLC,1,17,2025-07,Ridge P (price only),124,0.86,4.842,6.95,1.234,41.9
LOLC,1,17,2025-07,XGBoost P (price only),124,0.856,4.819,6.758,1.2,49.2
LOLC,1,17,2025-07,Ridge P+M (+macro),124,0.875,4.921,6.987,1.24,38.7
LOLC,1,17,2025-07,XGBoost P+M (+macro),124,0.862,4.853,6.813,1.211,48.4
LOLC,1,17,2025-07,Ridge P+M+N (+macro+news),124,0.886,4.986,7.048,1.251,37.9
LOLC,1,17,2025-07,XGBoost P+M+N (+macro+news),124,0.827,4.655,6.571,1.169,48.4
LOLC,1,18,2026-01,naive (no change),118,1.057,5.826,8.264,1.496,9.3
LOLC,1,18,2026-01,"ARIMA(1,1,1)",118,1.056,5.822,8.257,1.495,50.8
LOLC,1,18,2026-01,Ridge P (price only),118,1.128,6.22,8.505,1.541,42.4
LOLC,1,18,2026-01,XGBoost P (price only),118,1.08,5.965,8.436,1.524,50.8
LOLC,1,18,2026-01,Ridge P+M (+macro),118,1.138,6.276,8.506,1.541,39.0
LOLC,1,18,2026-01,XGBoost P+M (+macro),118,1.128,6.228,8.67,1.566,44.9
LOLC,1,18,2026-01,Ridge P+M+N (+macro+news),118,1.148,6.333,8.538,1.546,37.3
LOLC,1,18,2026-01,XGBoost P+M+N (+macro+news),118,1.066,5.888,8.365,1.512,49.2
LOLC,5,0,2017-01,naive (no change),101,4.504,3.804,5.095,6.545,3.0
LOLC,5,0,2017-01,"ARIMA(1,1,1)",101,4.553,3.864,5.193,6.649,38.6
LOLC,5,0,2017-01,Ridge P (price only),101,4.876,4.097,5.268,6.688,45.5
LOLC,5,0,2017-01,XGBoost P (price only),101,4.442,3.715,4.829,6.132,51.5
LOLC,5,0,2017-01,Ridge P+M (+macro),101,4.93,4.135,5.411,6.944,46.5
LOLC,5,0,2017-01,XGBoost P+M (+macro),101,5.607,4.727,6.118,7.788,33.7
LOLC,5,0,2017-01,Ridge P+M+N (+macro+news),101,5.638,4.81,6.332,8.052,39.6
LOLC,5,0,2017-01,XGBoost P+M+N (+macro+news),101,6.116,5.297,6.874,8.55,34.7
LOLC,5,1,2017-07,naive (no change),112,3.242,4.029,5.123,4.156,3.6
LOLC,5,1,2017-07,"ARIMA(1,1,1)",112,3.243,4.03,5.123,4.156,45.5
LOLC,5,1,2017-07,Ridge P (price only),112,3.447,4.274,5.272,4.258,42.9
LOLC,5,1,2017-07,XGBoost P (price only),112,3.919,4.85,5.874,4.74,50.0
LOLC,5,1,2017-07,Ridge P+M (+macro),112,3.584,4.421,5.415,4.346,40.2
LOLC,5,1,2017-07,XGBoost P+M (+macro),112,3.856,4.759,5.72,4.611,41.1
LOLC,5,1,2017-07,Ridge P+M+N (+macro+news),112,3.292,4.055,5.055,4.16,50.9
LOLC,5,1,2017-07,XGBoost P+M+N (+macro+news),112,3.774,4.698,5.808,4.698,43.8
LOLC,5,2,2018-01,naive (no change),88,3.883,4.476,5.366,4.603,2.3
LOLC,5,2,2018-01,"ARIMA(1,1,1)",88,3.88,4.472,5.363,4.601,68.2
LOLC,5,2,2018-01,Ridge P (price only),88,4.01,4.644,5.446,4.622,43.2
LOLC,5,2,2018-01,XGBoost P (price only),88,4.577,5.275,6.097,5.186,46.6
LOLC,5,2,2018-01,Ridge P+M (+macro),88,4.157,4.81,5.636,4.796,40.9
LOLC,5,2,2018-01,XGBoost P+M (+macro),88,4.087,4.628,5.808,5.137,56.8
LOLC,5,2,2018-01,Ridge P+M+N (+macro+news),88,4.188,4.862,5.835,5.002,44.3
LOLC,5,2,2018-01,XGBoost P+M+N (+macro+news),88,3.851,4.418,5.536,4.808,55.7
LOLC,5,3,2018-07,naive (no change),89,3.052,2.756,3.884,4.275,12.4
LOLC,5,3,2018-07,"ARIMA(1,1,1)",89,3.052,2.756,3.884,4.275,39.3
LOLC,5,3,2018-07,Ridge P (price only),89,3.632,3.267,4.343,4.722,29.2
LOLC,5,3,2018-07,XGBoost P (price only),89,3.479,3.133,4.732,5.116,44.9
LOLC,5,3,2018-07,Ridge P+M (+macro),89,3.473,3.125,4.166,4.54,38.2
LOLC,5,3,2018-07,XGBoost P+M (+macro),89,3.211,2.912,4.001,4.464,47.2
LOLC,5,3,2018-07,Ridge P+M+N (+macro+news),89,3.471,3.128,4.187,4.593,37.1
LOLC,5,3,2018-07,XGBoost P+M+N (+macro+news),89,3.413,3.094,4.163,4.681,48.3
LOLC,5,4,2019-01,naive (no change),83,2.301,2.095,2.685,2.95,6.0
LOLC,5,4,2019-01,"ARIMA(1,1,1)",83,2.299,2.093,2.683,2.947,56.6
LOLC,5,4,2019-01,Ridge P (price only),83,2.447,2.221,2.84,3.113,49.4
LOLC,5,4,2019-01,XGBoost P (price only),83,2.574,2.336,2.999,3.304,45.8
LOLC,5,4,2019-01,Ridge P+M (+macro),83,2.773,2.512,3.12,3.439,50.6
LOLC,5,4,2019-01,XGBoost P+M (+macro),83,2.948,2.662,3.379,3.725,50.6
LOLC,5,4,2019-01,Ridge P+M+N (+macro+news),83,2.959,2.686,3.261,3.617,48.2
LOLC,5,4,2019-01,XGBoost P+M+N (+macro+news),83,2.718,2.457,3.114,3.435,50.6
LOLC,5,5,2019-07,naive (no change),110,4.778,6.395,11.289,9.106,1.8
LOLC,5,5,2019-07,"ARIMA(1,1,1)",110,4.779,6.396,11.291,9.107,37.3
LOLC,5,5,2019-07,Ridge P (price only),110,4.834,6.463,11.153,8.909,51.8
LOLC,5,5,2019-07,XGBoost P (price only),110,4.89,6.521,11.192,8.994,43.6
LOLC,5,5,2019-07,Ridge P+M (+macro),110,4.887,6.509,11.388,9.258,43.6
LOLC,5,5,2019-07,XGBoost P+M (+macro),110,5.323,7.098,12.113,9.798,40.9
LOLC,5,5,2019-07,Ridge P+M+N (+macro+news),110,5.436,7.157,11.833,9.718,39.1
LOLC,5,5,2019-07,XGBoost P+M+N (+macro+news),110,6.044,7.954,12.679,10.387,42.7
LOLC,5,6,2020-01,naive (no change),82,6.146,7.211,9.736,8.353,0.0
LOLC,5,6,2020-01,"ARIMA(1,1,1)",82,6.162,7.233,9.752,8.359,30.5
LOLC,5,6,2020-01,Ridge P (price only),82,5.979,7.005,9.536,8.224,59.8
LOLC,5,6,2020-01,XGBoost P (price only),82,6.071,7.004,10.085,8.396,56.1
LOLC,5,6,2020-01,Ridge P+M (+macro),82,6.112,7.192,9.655,8.401,58.5
LOLC,5,6,2020-01,XGBoost P+M (+macro),82,7.121,8.602,10.955,8.753,36.6
LOLC,5,6,2020-01,Ridge P+M+N (+macro+news),82,6.082,7.169,9.612,8.358,58.5
LOLC,5,6,2020-01,XGBoost P+M+N (+macro+news),82,6.568,7.776,10.376,8.434,35.4
LOLC,5,7,2020-07,naive (no change),125,4.122,5.666,8.018,5.803,0.0
LOLC,5,7,2020-07,"ARIMA(1,1,1)",125,4.122,5.665,8.019,5.804,50.4
LOLC,5,7,2020-07,Ridge P (price only),125,4.313,5.874,7.985,5.744,49.6
LOLC,5,7,2020-07,XGBoost P (price only),125,4.616,6.236,8.233,6.05,52.0
LOLC,5,7,2020-07,Ridge P+M (+macro),125,4.348,5.952,7.976,5.771,52.0
LOLC,5,7,2020-07,XGBoost P+M (+macro),125,4.593,6.212,8.489,6.222,52.0
LOLC,5,7,2020-07,Ridge P+M+N (+macro+news),125,4.363,5.966,7.96,5.778,50.4
LOLC,5,7,2020-07,XGBoost P+M+N (+macro+news),125,4.79,6.459,8.804,6.472,54.4
LOLC,5,8,2021-01,naive (no change),114,9.855,35.171,56.873,22.513,0.9
LOLC,5,8,2021-01,"ARIMA(1,1,1)",114,9.855,35.171,56.873,22.513,56.1
LOLC,5,8,2021-01,Ridge P (price only),114,10.453,37.609,63.003,24.216,52.6
LOLC,5,8,2021-01,XGBoost P (price only),114,11.104,39.22,62.156,24.232,46.5
LOLC,5,8,2021-01,Ridge P+M (+macro),114,10.852,39.443,66.034,24.83,55.3
LOLC,5,8,2021-01,XGBoost P+M (+macro),114,11.029,39.093,60.871,23.915,46.5
LOLC,5,8,2021-01,Ridge P+M+N (+macro+news),114,10.818,39.386,66.097,24.835,54.4
LOLC,5,8,2021-01,XGBoost P+M+N (+macro+news),114,10.904,38.663,60.534,23.792,50.9
LOLC,5,9,2021-07,naive (no change),124,7.238,54.194,80.481,10.677,1.6
LOLC,5,9,2021-07,"ARIMA(1,1,1)",124,7.285,54.591,81.032,10.75,29.8
LOLC,5,9,2021-07,Ridge P (price only),124,7.31,54.956,79.028,10.113,58.1
LOLC,5,9,2021-07,XGBoost P (price only),124,8.325,61.348,83.423,11.094,61.3
LOLC,5,9,2021-07,Ridge P+M (+macro),124,7.738,56.634,76.348,10.167,71.0
LOLC,5,9,2021-07,XGBoost P+M (+macro),124,7.72,57.291,81.363,10.767,61.3
LOLC,5,9,2021-07,Ridge P+M+N (+macro+news),124,7.933,57.533,76.703,10.344,70.2
LOLC,5,9,2021-07,XGBoost P+M+N (+macro+news),124,7.92,58.838,79.911,10.797,59.7
LOLC,5,10,2022-01,naive (no change),92,15.022,91.878,124.174,17.43,2.2
LOLC,5,10,2022-01,"ARIMA(1,1,1)",92,15.086,92.32,124.666,17.466,28.3
LOLC,5,10,2022-01,Ridge P (price only),92,14.573,95.767,132.787,17.123,55.4
LOLC,5,10,2022-01,XGBoost P (price only),92,16.869,106.501,141.579,18.758,45.7
LOLC,5,10,2022-01,Ridge P+M (+macro),92,24.962,153.633,180.893,26.036,30.4
LOLC,5,10,2022-01,XGBoost P+M (+macro),92,21.103,137.93,172.278,21.571,37.0
LOLC,5,10,2022-01,Ridge P+M+N (+macro+news),92,24.744,152.338,179.652,25.776,29.3
LOLC,5,10,2022-01,XGBoost P+M+N (+macro+news),92,20.864,133.689,168.097,21.392,37.0
LOLC,5,11,2022-07,naive (no change),97,8.793,40.456,55.55,13.796,3.1
LOLC,5,11,2022-07,"ARIMA(1,1,1)",97,8.193,38.1,56.165,14.196,61.9
LOLC,5,11,2022-07,Ridge P (price only),97,9.515,43.997,57.379,13.967,44.3
LOLC,5,11,2022-07,XGBoost P (price only),97,12.061,57.955,84.284,17.432,44.3
LOLC,5,11,2022-07,Ridge P+M (+macro),97,12.945,56.536,65.286,15.084,44.3
LOLC,5,11,2022-07,XGBoost P+M (+macro),97,10.91,51.195,68.1,16.366,56.7
LOLC,5,11,2022-07,Ridge P+M+N (+macro+news),97,16.154,70.286,78.597,17.716,34.0
LOLC,5,11,2022-07,XGBoost P+M+N (+macro+news),97,9.821,46.732,66.197,15.947,53.6
LOLC,5,12,2023-01,naive (no change),119,4.151,16.246,24.389,6.615,0.0
LOLC,5,12,2023-01,"ARIMA(1,1,1)",119,3.961,15.62,24.909,6.809,63.0
LOLC,5,12,2023-01,Ridge P (price only),119,4.682,18.31,25.726,6.804,45.4
LOLC,5,12,2023-01,XGBoost P (price only),119,4.988,19.512,26.961,7.141,49.6
LOLC,5,12,2023-01,Ridge P+M (+macro),119,6.468,24.622,31.76,8.708,58.8
LOLC,5,12,2023-01,XGBoost P+M (+macro),119,6.281,23.937,29.585,7.905,38.7
LOLC,5,12,2023-01,Ridge P+M+N (+macro+news),119,6.498,24.736,31.854,8.734,58.8
LOLC,5,12,2023-01,XGBoost P+M+N (+macro+news),119,6.466,24.523,29.421,7.866,38.7
LOLC,5,13,2023-07,naive (no change),123,2.438,10.364,13.956,3.184,1.6
LOLC,5,13,2023-07,"ARIMA(1,1,1)",123,2.7,11.362,14.646,3.356,30.1
LOLC,5,13,2023-07,Ridge P (price only),123,2.387,10.009,12.8,2.917,50.4
LOLC,5,13,2023-07,XGBoost P (price only),123,2.882,12.259,15.997,3.583,41.5
LOLC,5,13,2023-07,Ridge P+M (+macro),123,5.505,23.096,30.072,6.79,30.9
LOLC,5,13,2023-07,XGBoost P+M (+macro),123,3.298,14.129,18.899,4.261,30.9
LOLC,5,13,2023-07,Ridge P+M+N (+macro+news),123,5.529,23.155,29.892,6.764,30.9
LOLC,5,13,2023-07,XGBoost P+M+N (+macro+news),123,3.436,14.511,18.851,4.343,33.3
LOLC,5,14,2024-01,naive (no change),115,3.818,15.728,21.491,5.872,0.0
LOLC,5,14,2024-01,"ARIMA(1,1,1)",115,3.786,15.628,21.672,5.926,55.7
LOLC,5,14,2024-01,Ridge P (price only),115,3.777,15.623,21.85,5.864,58.3
LOLC,5,14,2024-01,XGBoost P (price only),115,4.182,17.36,23.22,6.091,53.9
LOLC,5,14,2024-01,Ridge P+M (+macro),115,3.914,16.136,22.223,5.993,49.6
LOLC,5,14,2024-01,XGBoost P+M (+macro),115,3.743,15.15,21.517,5.982,54.8
LOLC,5,14,2024-01,Ridge P+M+N (+macro+news),115,3.919,16.158,22.169,5.969,50.4
LOLC,5,14,2024-01,XGBoost P+M+N (+macro+news),115,3.646,14.813,21.243,5.902,53.9
LOLC,5,15,2024-07,naive (no change),125,4.559,22.324,33.516,6.849,0.0
LOLC,5,15,2024-07,"ARIMA(1,1,1)",125,4.554,22.34,33.775,6.9,50.4
LOLC,5,15,2024-07,Ridge P (price only),125,4.591,22.014,30.311,6.267,53.6
LOLC,5,15,2024-07,XGBoost P (price only),125,5.435,26.065,36.719,7.583,48.8
LOLC,5,15,2024-07,Ridge P+M (+macro),125,4.523,21.613,29.74,6.137,52.8
LOLC,5,15,2024-07,XGBoost P+M (+macro),125,5.21,24.86,34.249,7.068,44.8
LOLC,5,15,2024-07,Ridge P+M+N (+macro+news),125,4.528,21.627,29.726,6.136,52.8
LOLC,5,15,2024-07,XGBoost P+M+N (+macro+news),125,5.164,24.68,34.446,7.093,41.6
LOLC,5,16,2025-01,naive (no change),114,3.46,21.331,26.729,4.231,0.9
LOLC,5,16,2025-01,"ARIMA(1,1,1)",114,3.609,22.177,27.858,4.389,40.4
LOLC,5,16,2025-01,Ridge P (price only),114,4.165,25.582,32.012,5.098,47.4
LOLC,5,16,2025-01,XGBoost P (price only),114,4.164,25.61,32.372,5.112,47.4
LOLC,5,16,2025-01,Ridge P+M (+macro),114,4.172,25.592,31.986,5.087,44.7
LOLC,5,16,2025-01,XGBoost P+M (+macro),114,6.664,40.964,50.177,7.793,40.4
LOLC,5,16,2025-01,Ridge P+M+N (+macro+news),114,4.199,25.751,32.144,5.108,43.9
LOLC,5,16,2025-01,XGBoost P+M+N (+macro+news),114,7.826,48.28,57.125,8.894,40.4
LOLC,5,17,2025-07,naive (no change),124,1.349,7.599,10.586,1.893,4.0
LOLC,5,17,2025-07,"ARIMA(1,1,1)",124,1.442,8.141,11.184,2.01,46.8
LOLC,5,17,2025-07,Ridge P (price only),124,1.84,10.329,13.912,2.455,46.0
LOLC,5,17,2025-07,XGBoost P (price only),124,1.954,10.96,14.277,2.535,40.3
LOLC,5,17,2025-07,Ridge P+M (+macro),124,1.906,10.697,14.162,2.501,43.5
LOLC,5,17,2025-07,XGBoost P+M (+macro),124,1.612,9.073,12.61,2.253,53.2
LOLC,5,17,2025-07,Ridge P+M+N (+macro+news),124,1.914,10.745,14.236,2.513,43.5
LOLC,5,17,2025-07,XGBoost P+M+N (+macro+news),124,1.649,9.268,12.488,2.231,47.6
LOLC,5,18,2026-01,naive (no change),118,2.466,13.739,18.147,3.265,3.4
LOLC,5,18,2026-01,"ARIMA(1,1,1)",118,2.518,14.02,18.306,3.289,37.3
LOLC,5,18,2026-01,Ridge P (price only),118,2.968,16.541,20.897,3.731,42.4
LOLC,5,18,2026-01,XGBoost P (price only),118,2.986,16.646,20.534,3.696,46.6
LOLC,5,18,2026-01,Ridge P+M (+macro),118,3.032,16.913,21.1,3.75,43.2
LOLC,5,18,2026-01,XGBoost P+M (+macro),118,2.955,16.487,20.328,3.638,46.6
LOLC,5,18,2026-01,Ridge P+M+N (+macro+news),118,3.037,16.94,21.133,3.755,39.0
LOLC,5,18,2026-01,XGBoost P+M+N (+macro+news),118,2.863,15.976,19.697,3.526,44.1
LFIN,1,0,2017-01,naive (no change),97,0.803,0.257,0.405,1.253,23.7
LFIN,1,0,2017-01,"ARIMA(1,1,1)",97,0.83,0.265,0.402,1.245,43.3
LFIN,1,0,2017-01,Ridge P (price only),97,0.916,0.293,0.435,1.344,35.1
LFIN,1,0,2017-01,XGBoost P (price only),97,0.861,0.275,0.41,1.268,44.3
LFIN,1,0,2017-01,Ridge P+M (+macro),97,0.942,0.301,0.436,1.347,36.1
LFIN,1,0,2017-01,XGBoost P+M (+macro),97,0.845,0.271,0.412,1.27,45.4
LFIN,1,0,2017-01,Ridge P+M+N (+macro+news),97,1.048,0.333,0.471,1.461,40.2
LFIN,1,0,2017-01,XGBoost P+M+N (+macro+news),97,0.899,0.288,0.431,1.331,37.1
LFIN,1,1,2017-07,naive (no change),81,0.842,0.274,0.437,1.337,22.2
LFIN,1,1,2017-07,"ARIMA(1,1,1)",81,0.954,0.311,0.446,1.372,43.2
LFIN,1,1,2017-07,Ridge P (price only),81,0.919,0.299,0.417,1.28,38.3
LFIN,1,1,2017-07,XGBoost P (price only),81,0.962,0.314,0.468,1.432,48.1
LFIN,1,1,2017-07,Ridge P+M (+macro),81,0.955,0.311,0.417,1.28,42.0
LFIN,1,1,2017-07,XGBoost P+M (+macro),81,0.878,0.287,0.416,1.279,45.7
LFIN,1,1,2017-07,Ridge P+M+N (+macro+news),81,0.939,0.306,0.411,1.262,45.7
LFIN,1,1,2017-07,XGBoost P+M+N (+macro+news),81,0.93,0.304,0.434,1.33,45.7
LFIN,1,2,2018-01,naive (no change),87,0.905,0.278,0.4,1.293,18.4
LFIN,1,2,2018-01,"ARIMA(1,1,1)",87,0.962,0.295,0.411,1.324,41.4
LFIN,1,2,2018-01,Ridge P (price only),87,0.916,0.281,0.396,1.277,48.3
LFIN,1,2,2018-01,XGBoost P (price only),87,0.978,0.3,0.406,1.312,50.6
LFIN,1,2,2018-01,Ridge P+M (+macro),87,0.91,0.279,0.391,1.261,48.3
LFIN,1,2,2018-01,XGBoost P+M (+macro),87,1.041,0.32,0.427,1.379,50.6
LFIN,1,2,2018-01,Ridge P+M+N (+macro+news),87,0.93,0.286,0.401,1.293,47.1
LFIN,1,2,2018-01,XGBoost P+M+N (+macro+news),87,1.035,0.318,0.426,1.375,52.9
LFIN,1,3,2018-07,naive (no change),83,1.042,0.308,0.449,1.517,20.5
LFIN,1,3,2018-07,"ARIMA(1,1,1)",83,1.093,0.323,0.453,1.529,42.2
LFIN,1,3,2018-07,Ridge P (price only),83,1.134,0.336,0.454,1.533,41.0
LFIN,1,3,2018-07,XGBoost P (price only),83,1.201,0.355,0.475,1.613,38.6
LFIN,1,3,2018-07,Ridge P+M (+macro),83,1.158,0.343,0.454,1.533,42.2
LFIN,1,3,2018-07,XGBoost P+M (+macro),83,1.185,0.351,0.485,1.649,42.2
LFIN,1,3,2018-07,Ridge P+M+N (+macro+news),83,1.174,0.348,0.456,1.54,49.4
LFIN,1,3,2018-07,XGBoost P+M+N (+macro+news),83,1.206,0.357,0.488,1.661,48.2
LFIN,1,4,2019-01,naive (no change),88,1.072,0.33,0.535,1.735,28.4
LFIN,1,4,2019-01,"ARIMA(1,1,1)",88,1.174,0.361,0.541,1.762,37.5
LFIN,1,4,2019-01,Ridge P (price only),88,1.124,0.346,0.512,1.667,37.5
LFIN,1,4,2019-01,XGBoost P (price only),88,1.2,0.369,0.517,1.686,42.0
LFIN,1,4,2019-01,Ridge P+M (+macro),88,1.116,0.343,0.509,1.657,40.9
LFIN,1,4,2019-01,XGBoost P+M (+macro),88,1.196,0.368,0.517,1.684,38.6
LFIN,1,4,2019-01,Ridge P+M+N (+macro+news),88,1.111,0.342,0.504,1.642,45.5
LFIN,1,4,2019-01,XGBoost P+M+N (+macro+news),88,1.206,0.371,0.511,1.671,40.9
LFIN,1,5,2019-07,naive (no change),94,0.981,0.332,0.466,1.391,16.0
LFIN,1,5,2019-07,"ARIMA(1,1,1)",94,1.012,0.343,0.475,1.417,37.2
LFIN,1,5,2019-07,Ridge P (price only),94,0.96,0.327,0.443,1.315,51.1
LFIN,1,5,2019-07,XGBoost P (price only),94,1.086,0.369,0.485,1.443,53.2
LFIN,1,5,2019-07,Ridge P+M (+macro),94,0.981,0.335,0.454,1.343,51.1
LFIN,1,5,2019-07,XGBoost P+M (+macro),94,1.096,0.377,0.492,1.445,50.0
LFIN,1,5,2019-07,Ridge P+M+N (+macro+news),94,1.01,0.345,0.462,1.37,45.7
LFIN,1,5,2019-07,XGBoost P+M+N (+macro+news),94,1.15,0.396,0.509,1.489,45.7
LFIN,1,6,2020-01,naive (no change),68,1.574,0.561,0.93,2.636,16.2
LFIN,1,6,2020-01,"ARIMA(1,1,1)",68,1.574,0.561,0.93,2.636,39.7
LFIN,1,6,2020-01,Ridge P (price only),68,1.719,0.608,0.953,2.74,47.1
LFIN,1,6,2020-01,XGBoost P (price only),68,1.904,0.674,1.039,2.925,45.6
LFIN,1,6,2020-01,Ridge P+M (+macro),68,1.767,0.625,0.963,2.776,47.1
LFIN,1,6,2020-01,XGBoost P+M (+macro),68,1.896,0.672,1.041,2.928,38.2
LFIN,1,6,2020-01,Ridge P+M+N (+macro+news),68,1.78,0.629,0.965,2.78,48.5
LFIN,1,6,2020-01,XGBoost P+M+N (+macro+news),68,1.863,0.659,1.021,2.872,45.6
LFIN,1,7,2020-07,naive (no change),125,0.859,0.297,0.447,1.28,12.0
LFIN,1,7,2020-07,"ARIMA(1,1,1)",125,0.869,0.301,0.448,1.284,41.6
LFIN,1,7,2020-07,Ridge P (price only),125,0.859,0.297,0.436,1.244,49.6
LFIN,1,7,2020-07,XGBoost P (price only),125,0.952,0.329,0.477,1.365,48.8
LFIN,1,7,2020-07,Ridge P+M (+macro),125,0.881,0.304,0.433,1.239,48.8
LFIN,1,7,2020-07,XGBoost P+M (+macro),125,1.013,0.349,0.486,1.393,48.0
LFIN,1,7,2020-07,Ridge P+M+N (+macro+news),125,0.873,0.302,0.427,1.221,51.2
LFIN,1,7,2020-07,XGBoost P+M+N (+macro+news),125,1.003,0.346,0.498,1.427,47.2
LFIN,1,8,2021-01,naive (no change),110,3.054,1.745,3.186,5.614,4.5
LFIN,1,8,2021-01,"ARIMA(1,1,1)",110,3.055,1.746,3.187,5.619,47.3
LFIN,1,8,2021-01,Ridge P (price only),110,3.278,1.866,3.292,5.837,46.4
LFIN,1,8,2021-01,XGBoost P (price only),110,3.118,1.777,3.23,5.699,57.3
LFIN,1,8,2021-01,Ridge P+M (+macro),110,3.272,1.869,3.266,5.809,46.4
LFIN,1,8,2021-01,XGBoost P+M (+macro),110,3.247,1.848,3.372,5.949,50.0
LFIN,1,8,2021-01,Ridge P+M+N (+macro+news),110,3.282,1.875,3.268,5.812,44.5
LFIN,1,8,2021-01,XGBoost P+M+N (+macro+news),110,3.294,1.869,3.367,5.973,52.7
LFIN,1,9,2021-07,naive (no change),124,1.161,0.744,0.999,1.571,5.6
LFIN,1,9,2021-07,"ARIMA(1,1,1)",124,1.164,0.746,1.001,1.574,46.0
LFIN,1,9,2021-07,Ridge P (price only),124,1.301,0.83,1.073,1.683,50.8
LFIN,1,9,2021-07,XGBoost P (price only),124,1.383,0.883,1.152,1.814,46.0
LFIN,1,9,2021-07,Ridge P+M (+macro),124,1.569,1.001,1.256,1.961,47.6
LFIN,1,9,2021-07,XGBoost P+M (+macro),124,1.583,1.008,1.279,2.017,42.7
LFIN,1,9,2021-07,Ridge P+M+N (+macro+news),124,1.556,0.992,1.249,1.951,47.6
LFIN,1,9,2021-07,XGBoost P+M+N (+macro+news),124,1.716,1.093,1.347,2.111,45.2
LFIN,1,10,2022-01,naive (no change),92,3.19,1.915,2.972,4.962,4.3
LFIN,1,10,2022-01,"ARIMA(1,1,1)",92,3.18,1.909,2.968,4.957,59.8
LFIN,1,10,2022-01,Ridge P (price only),92,3.238,1.954,2.937,4.885,52.2
LFIN,1,10,2022-01,XGBoost P (price only),92,3.541,2.101,3.134,5.203,47.8
LFIN,1,10,2022-01,Ridge P+M (+macro),92,3.55,2.107,3.078,5.171,57.6
LFIN,1,10,2022-01,XGBoost P+M (+macro),92,4.325,2.536,3.43,5.788,43.5
LFIN,1,10,2022-01,Ridge P+M+N (+macro+news),92,3.538,2.094,3.055,5.168,56.5
LFIN,1,10,2022-01,XGBoost P+M+N (+macro+news),92,4.326,2.53,3.45,5.827,41.3
LFIN,1,11,2022-07,naive (no change),97,1.959,0.819,1.122,2.649,9.3
LFIN,1,11,2022-07,"ARIMA(1,1,1)",97,2.016,0.839,1.143,2.689,47.4
LFIN,1,11,2022-07,Ridge P (price only),97,2.02,0.842,1.132,2.677,52.6
LFIN,1,11,2022-07,XGBoost P (price only),97,2.06,0.864,1.201,2.797,51.5
LFIN,1,11,2022-07,Ridge P+M (+macro),97,2.545,1.071,1.316,3.156,44.3
LFIN,1,11,2022-07,XGBoost P+M (+macro),97,2.092,0.878,1.174,2.76,47.4
LFIN,1,11,2022-07,Ridge P+M+N (+macro+news),97,2.101,0.881,1.14,2.709,49.5
LFIN,1,11,2022-07,XGBoost P+M+N (+macro+news),97,2.237,0.937,1.276,3.001,54.6
LFIN,1,12,2023-01,naive (no change),119,1.449,0.733,1.061,2.119,13.4
LFIN,1,12,2023-01,"ARIMA(1,1,1)",119,1.456,0.736,1.056,2.108,45.4
LFIN,1,12,2023-01,Ridge P (price only),119,1.486,0.755,1.082,2.141,44.5
LFIN,1,12,2023-01,XGBoost P (price only),119,1.502,0.758,1.092,2.187,47.9
LFIN,1,12,2023-01,Ridge P+M (+macro),119,1.5,0.762,1.093,2.168,51.3
LFIN,1,12,2023-01,XGBoost P+M (+macro),119,1.686,0.861,1.194,2.351,41.2
LFIN,1,12,2023-01,Ridge P+M+N (+macro+news),119,1.509,0.767,1.099,2.181,53.8
LFIN,1,12,2023-01,XGBoost P+M+N (+macro+news),119,1.519,0.77,1.122,2.229,46.2
LFIN,1,13,2023-07,naive (no change),123,1.174,0.763,0.984,1.513,7.3
LFIN,1,13,2023-07,"ARIMA(1,1,1)",123,1.181,0.769,0.985,1.516,44.7
LFIN,1,13,2023-07,Ridge P (price only),123,1.188,0.773,0.997,1.53,56.1
LFIN,1,13,2023-07,XGBoost P (price only),123,1.208,0.785,1.038,1.594,52.0
LFIN,1,13,2023-07,Ridge P+M (+macro),123,1.591,1.034,1.276,1.932,48.0
LFIN,1,13,2023-07,XGBoost P+M (+macro),123,1.271,0.825,1.055,1.616,50.4
LFIN,1,13,2023-07,Ridge P+M+N (+macro+news),123,1.639,1.065,1.303,1.974,48.0
LFIN,1,13,2023-07,XGBoost P+M+N (+macro+news),123,1.265,0.821,1.052,1.61,48.0
LFIN,1,14,2024-01,naive (no change),115,0.979,0.64,0.871,1.332,9.6
LFIN,1,14,2024-01,"ARIMA(1,1,1)",115,0.983,0.643,0.872,1.334,42.6
LFIN,1,14,2024-01,Ridge P (price only),115,0.99,0.646,0.855,1.304,47.8
LFIN,1,14,2024-01,XGBoost P (price only),115,0.995,0.651,0.867,1.322,47.8
LFIN,1,14,2024-01,Ridge P+M (+macro),115,0.99,0.647,0.858,1.308,51.3
LFIN,1,14,2024-01,XGBoost P+M (+macro),115,0.969,0.634,0.869,1.326,54.8
LFIN,1,14,2024-01,Ridge P+M+N (+macro+news),115,0.991,0.648,0.857,1.307,50.4
LFIN,1,14,2024-01,XGBoost P+M+N (+macro+news),115,0.98,0.641,0.871,1.327,47.8
LFIN,1,15,2024-07,naive (no change),125,0.891,0.646,0.89,1.208,8.8
LFIN,1,15,2024-07,"ARIMA(1,1,1)",125,0.89,0.645,0.882,1.198,51.2
LFIN,1,15,2024-07,Ridge P (price only),125,0.884,0.64,0.835,1.137,50.4
LFIN,1,15,2024-07,XGBoost P (price only),125,0.879,0.638,0.857,1.162,54.4
LFIN,1,15,2024-07,Ridge P+M (+macro),125,0.881,0.638,0.834,1.136,52.8
LFIN,1,15,2024-07,XGBoost P+M (+macro),125,0.882,0.641,0.863,1.166,58.4
LFIN,1,15,2024-07,Ridge P+M+N (+macro+news),125,0.885,0.64,0.836,1.138,52.0
LFIN,1,15,2024-07,XGBoost P+M+N (+macro+news),125,0.877,0.635,0.831,1.132,60.0
LFIN,1,16,2025-01,naive (no change),114,1.577,1.551,2.121,2.154,5.3
LFIN,1,16,2025-01,"ARIMA(1,1,1)",114,1.576,1.549,2.113,2.147,51.8
LFIN,1,16,2025-01,Ridge P (price only),114,1.607,1.579,2.128,2.162,47.4
LFIN,1,16,2025-01,XGBoost P (price only),114,1.668,1.641,2.219,2.24,54.4
LFIN,1,16,2025-01,Ridge P+M (+macro),114,1.601,1.574,2.128,2.159,48.2
LFIN,1,16,2025-01,XGBoost P+M (+macro),114,1.631,1.599,2.156,2.198,54.4
LFIN,1,16,2025-01,Ridge P+M+N (+macro+news),114,1.6,1.573,2.122,2.153,48.2
LFIN,1,16,2025-01,XGBoost P+M+N (+macro+news),114,1.658,1.631,2.203,2.229,53.5
LFIN,1,17,2025-07,naive (no change),124,1.246,1.841,2.476,1.695,5.6
LFIN,1,17,2025-07,"ARIMA(1,1,1)",124,1.246,1.841,2.479,1.697,48.4
LFIN,1,17,2025-07,Ridge P (price only),124,1.284,1.899,2.529,1.73,50.0
LFIN,1,17,2025-07,XGBoost P (price only),124,1.241,1.834,2.475,1.689,51.6
LFIN,1,17,2025-07,Ridge P+M (+macro),124,1.29,1.908,2.535,1.734,47.6
LFIN,1,17,2025-07,XGBoost P+M (+macro),124,1.251,1.849,2.513,1.713,52.4
LFIN,1,17,2025-07,Ridge P+M+N (+macro+news),124,1.296,1.918,2.538,1.735,46.8
LFIN,1,17,2025-07,XGBoost P+M+N (+macro+news),124,1.291,1.905,2.574,1.756,49.2
LFIN,1,18,2026-01,naive (no change),118,1.134,1.79,2.591,1.673,12.7
LFIN,1,18,2026-01,"ARIMA(1,1,1)",118,1.138,1.798,2.596,1.677,46.6
LFIN,1,18,2026-01,Ridge P (price only),118,1.165,1.842,2.632,1.695,45.8
LFIN,1,18,2026-01,XGBoost P (price only),118,1.292,2.03,2.754,1.784,42.4
LFIN,1,18,2026-01,Ridge P+M (+macro),118,1.175,1.858,2.646,1.703,41.5
LFIN,1,18,2026-01,XGBoost P+M (+macro),118,1.299,2.043,2.765,1.783,41.5
LFIN,1,18,2026-01,Ridge P+M+N (+macro+news),118,1.189,1.877,2.652,1.707,42.4
LFIN,1,18,2026-01,XGBoost P+M+N (+macro+news),118,1.285,2.018,2.781,1.801,42.4
LFIN,5,0,2017-01,naive (no change),97,1.805,0.583,0.876,2.746,11.3
LFIN,5,0,2017-01,"ARIMA(1,1,1)",97,1.816,0.586,0.868,2.717,48.5
LFIN,5,0,2017-01,Ridge P (price only),97,2.177,0.7,0.933,2.928,36.1
LFIN,5,0,2017-01,XGBoost P (price only),97,2.189,0.702,0.969,3.059,45.4
LFIN,5,0,2017-01,Ridge P+M (+macro),97,2.4,0.771,1.023,3.23,35.1
LFIN,5,0,2017-01,XGBoost P+M (+macro),97,2.341,0.753,1.041,3.27,34.0
LFIN,5,0,2017-01,Ridge P+M+N (+macro+news),97,2.473,0.792,1.051,3.337,36.1
LFIN,5,0,2017-01,XGBoost P+M+N (+macro+news),97,2.497,0.8,1.059,3.34,38.1
LFIN,5,1,2017-07,naive (no change),81,1.229,0.397,0.532,1.636,8.6
LFIN,5,1,2017-07,"ARIMA(1,1,1)",81,1.303,0.42,0.55,1.689,30.9
LFIN,5,1,2017-07,Ridge P (price only),81,1.405,0.453,0.546,1.685,48.1
LFIN,5,1,2017-07,XGBoost P (price only),81,1.451,0.47,0.577,1.777,54.3
LFIN,5,1,2017-07,Ridge P+M (+macro),81,1.474,0.475,0.562,1.731,45.7
LFIN,5,1,2017-07,XGBoost P+M (+macro),81,1.4,0.452,0.549,1.697,46.9
LFIN,5,1,2017-07,Ridge P+M+N (+macro+news),81,1.643,0.53,0.613,1.882,42.0
LFIN,5,1,2017-07,XGBoost P+M+N (+macro+news),81,1.382,0.447,0.535,1.656,48.1
LFIN,5,2,2018-01,naive (no change),87,1.814,0.553,0.717,2.305,4.6
LFIN,5,2,2018-01,"ARIMA(1,1,1)",87,1.849,0.563,0.736,2.365,44.8
LFIN,5,2,2018-01,Ridge P (price only),87,1.65,0.504,0.684,2.19,60.9
LFIN,5,2,2018-01,XGBoost P (price only),87,1.676,0.513,0.691,2.211,58.6
LFIN,5,2,2018-01,Ridge P+M (+macro),87,1.652,0.505,0.67,2.152,64.4
LFIN,5,2,2018-01,XGBoost P+M (+macro),87,1.84,0.566,0.689,2.218,67.8
LFIN,5,2,2018-01,Ridge P+M+N (+macro+news),87,1.621,0.495,0.654,2.104,67.8
LFIN,5,2,2018-01,XGBoost P+M+N (+macro+news),87,1.83,0.562,0.699,2.252,66.7
LFIN,5,3,2018-07,naive (no change),83,1.598,0.475,0.657,2.259,4.8
LFIN,5,3,2018-07,"ARIMA(1,1,1)",83,1.6,0.475,0.658,2.263,44.6
LFIN,5,3,2018-07,Ridge P (price only),83,1.781,0.529,0.715,2.458,53.0
LFIN,5,3,2018-07,XGBoost P (price only),83,1.825,0.542,0.765,2.635,55.4
LFIN,5,3,2018-07,Ridge P+M (+macro),83,1.822,0.541,0.723,2.478,55.4
LFIN,5,3,2018-07,XGBoost P+M (+macro),83,2.054,0.612,0.858,2.963,51.8
LFIN,5,3,2018-07,Ridge P+M+N (+macro+news),83,1.957,0.582,0.764,2.604,51.8
LFIN,5,3,2018-07,XGBoost P+M+N (+macro+news),83,2.182,0.65,0.888,3.063,50.6
LFIN,5,4,2019-01,naive (no change),88,2.15,0.661,0.869,2.812,6.8
LFIN,5,4,2019-01,"ARIMA(1,1,1)",88,2.15,0.661,0.869,2.812,47.7
LFIN,5,4,2019-01,Ridge P (price only),88,2.318,0.712,0.934,3.016,50.0
LFIN,5,4,2019-01,XGBoost P (price only),88,2.494,0.766,1.053,3.386,50.0
LFIN,5,4,2019-01,Ridge P+M (+macro),88,2.201,0.675,0.876,2.827,51.1
LFIN,5,4,2019-01,XGBoost P+M (+macro),88,2.278,0.701,0.855,2.775,58.0
LFIN,5,4,2019-01,Ridge P+M+N (+macro+news),88,2.148,0.659,0.859,2.776,55.7
LFIN,5,4,2019-01,XGBoost P+M+N (+macro+news),88,2.055,0.631,0.798,2.599,61.4
LFIN,5,5,2019-07,naive (no change),94,2.092,0.741,0.983,2.887,5.3
LFIN,5,5,2019-07,"ARIMA(1,1,1)",94,2.093,0.741,0.984,2.89,38.3
LFIN,5,5,2019-07,Ridge P (price only),94,2.105,0.747,0.968,2.799,50.0
LFIN,5,5,2019-07,XGBoost P (price only),94,2.389,0.846,1.042,3.02,57.4
LFIN,5,5,2019-07,Ridge P+M (+macro),94,2.165,0.77,1.025,2.963,44.7
LFIN,5,5,2019-07,XGBoost P+M (+macro),94,2.702,0.965,1.249,3.602,45.7
LFIN,5,5,2019-07,Ridge P+M+N (+macro+news),94,2.223,0.789,1.046,3.037,40.4
LFIN,5,5,2019-07,XGBoost P+M+N (+macro+news),94,2.656,0.952,1.259,3.612,48.9
LFIN,5,6,2020-01,naive (no change),68,3.19,1.129,1.757,4.712,2.9
LFIN,5,6,2020-01,"ARIMA(1,1,1)",68,3.192,1.13,1.759,4.715,45.6
LFIN,5,6,2020-01,Ridge P (price only),68,3.297,1.16,1.676,4.626,63.2
LFIN,5,6,2020-01,XGBoost P (price only),68,3.832,1.33,2.045,5.562,67.6
LFIN,5,6,2020-01,Ridge P+M (+macro),68,3.323,1.169,1.677,4.665,63.2
LFIN,5,6,2020-01,XGBoost P+M (+macro),68,3.527,1.236,1.968,5.241,54.4
LFIN,5,6,2020-01,Ridge P+M+N (+macro+news),68,3.431,1.206,1.704,4.741,64.7
LFIN,5,6,2020-01,XGBoost P+M+N (+macro+news),68,3.615,1.268,2.054,5.459,51.5
LFIN,5,7,2020-07,naive (no change),125,2.097,0.733,0.96,2.738,1.6
LFIN,5,7,2020-07,"ARIMA(1,1,1)",125,2.112,0.739,0.965,2.755,42.4
LFIN,5,7,2020-07,Ridge P (price only),125,2.06,0.717,0.952,2.705,60.0
LFIN,5,7,2020-07,XGBoost P (price only),125,2.247,0.78,1.012,2.9,52.8
LFIN,5,7,2020-07,Ridge P+M (+macro),125,2.065,0.717,0.933,2.654,58.4
LFIN,5,7,2020-07,XGBoost P+M (+macro),125,2.502,0.865,1.122,3.212,55.2
LFIN,5,7,2020-07,Ridge P+M+N (+macro+news),125,2.025,0.702,0.911,2.591,58.4
LFIN,5,7,2020-07,XGBoost P+M+N (+macro+news),125,2.393,0.828,1.094,3.123,54.4
LFIN,5,8,2021-01,naive (no change),110,8.849,5.14,7.491,14.782,0.9
LFIN,5,8,2021-01,"ARIMA(1,1,1)",110,8.848,5.14,7.491,14.78,55.5
LFIN,5,8,2021-01,Ridge P (price only),110,9.548,5.48,7.736,15.04,55.5
LFIN,5,8,2021-01,XGBoost P (price only),110,8.879,5.112,7.421,14.701,54.5
LFIN,5,8,2021-01,Ridge P+M (+macro),110,9.091,5.232,7.472,14.706,55.5
LFIN,5,8,2021-01,XGBoost P+M (+macro),110,9.138,5.287,7.595,15.028,50.0
LFIN,5,8,2021-01,Ridge P+M+N (+macro+news),110,9.02,5.202,7.415,14.613,56.4
LFIN,5,8,2021-01,XGBoost P+M+N (+macro+news),110,9.162,5.31,7.56,14.893,50.0
LFIN,5,9,2021-07,naive (no change),124,2.343,1.526,2.035,3.163,5.6
LFIN,5,9,2021-07,"ARIMA(1,1,1)",124,2.362,1.539,2.051,3.19,41.9
LFIN,5,9,2021-07,Ridge P (price only),124,2.893,1.861,2.37,3.65,55.6
LFIN,5,9,2021-07,XGBoost P (price only),124,2.716,1.756,2.237,3.473,58.1
LFIN,5,9,2021-07,Ridge P+M (+macro),124,4.234,2.705,3.363,5.188,54.0
LFIN,5,9,2021-07,XGBoost P+M (+macro),124,3.211,2.06,2.584,3.988,51.6
LFIN,5,9,2021-07,Ridge P+M+N (+macro+news),124,4.428,2.828,3.533,5.447,54.8
LFIN,5,9,2021-07,XGBoost P+M+N (+macro+news),124,3.296,2.108,2.787,4.308,53.2
LFIN,5,10,2022-01,naive (no change),92,6.656,4.043,5.321,8.124,3.3
LFIN,5,10,2022-01,"ARIMA(1,1,1)",92,6.544,3.983,5.279,8.052,72.8
LFIN,5,10,2022-01,Ridge P (price only),92,6.398,3.831,5.016,7.859,58.7
LFIN,5,10,2022-01,XGBoost P (price only),92,6.703,3.945,5.066,7.95,50.0
LFIN,5,10,2022-01,Ridge P+M (+macro),92,8.632,4.923,6.131,10.153,50.0
LFIN,5,10,2022-01,XGBoost P+M (+macro),92,9.165,5.198,6.161,10.257,37.0
LFIN,5,10,2022-01,Ridge P+M+N (+macro+news),92,8.204,4.643,5.84,9.818,55.4
LFIN,5,10,2022-01,XGBoost P+M+N (+macro+news),92,9.817,5.618,6.651,10.885,32.6
LFIN,5,11,2022-07,naive (no change),97,3.386,1.429,1.94,4.492,4.1
LFIN,5,11,2022-07,"ARIMA(1,1,1)",97,3.39,1.431,1.939,4.494,45.4
LFIN,5,11,2022-07,Ridge P (price only),97,3.714,1.557,2.043,4.768,54.6
LFIN,5,11,2022-07,XGBoost P (price only),97,4.485,1.883,2.532,5.764,51.5
LFIN,5,11,2022-07,Ridge P+M (+macro),97,5.149,2.174,2.663,6.4,51.5
LFIN,5,11,2022-07,XGBoost P+M (+macro),97,3.945,1.679,2.152,5.026,50.5
LFIN,5,11,2022-07,Ridge P+M+N (+macro+news),97,3.693,1.558,1.983,4.666,60.8
LFIN,5,11,2022-07,XGBoost P+M+N (+macro+news),97,3.727,1.58,2.048,4.746,53.6
LFIN,5,12,2023-01,naive (no change),119,3.828,1.976,2.606,5.363,5.9
LFIN,5,12,2023-01,"ARIMA(1,1,1)",119,3.811,1.965,2.587,5.319,59.7
LFIN,5,12,2023-01,Ridge P (price only),119,3.932,2.033,2.614,5.307,52.9
LFIN,5,12,2023-01,XGBoost P (price only),119,3.897,2.012,2.595,5.3,51.3
LFIN,5,12,2023-01,Ridge P+M (+macro),119,4.672,2.423,2.947,5.96,51.3
LFIN,5,12,2023-01,XGBoost P+M (+macro),119,4.123,2.128,2.68,5.478,51.3
LFIN,5,12,2023-01,Ridge P+M+N (+macro+news),119,4.716,2.449,2.99,6.043,52.9
LFIN,5,12,2023-01,XGBoost P+M+N (+macro+news),119,4.001,2.058,2.601,5.312,54.6
LFIN,5,13,2023-07,naive (no change),123,2.111,1.377,1.775,2.722,5.7
LFIN,5,13,2023-07,"ARIMA(1,1,1)",123,2.111,1.378,1.775,2.722,43.1
LFIN,5,13,2023-07,Ridge P (price only),123,2.181,1.417,1.77,2.705,46.3
LFIN,5,13,2023-07,XGBoost P (price only),123,2.833,1.831,3.244,5.141,51.2
LFIN,5,13,2023-07,Ridge P+M (+macro),123,5.941,3.875,4.463,6.665,43.1
LFIN,5,13,2023-07,XGBoost P+M (+macro),123,4.716,3.05,3.612,5.553,38.2
LFIN,5,13,2023-07,Ridge P+M+N (+macro+news),123,6.164,4.012,4.563,6.837,43.1
LFIN,5,13,2023-07,XGBoost P+M+N (+macro+news),123,4.358,2.818,3.31,5.075,39.0
LFIN,5,14,2024-01,naive (no change),115,2.152,1.43,1.96,2.942,1.7
LFIN,5,14,2024-01,"ARIMA(1,1,1)",115,2.148,1.428,1.958,2.937,56.5
LFIN,5,14,2024-01,Ridge P (price only),115,2.358,1.566,2.068,3.08,53.0
LFIN,5,14,2024-01,XGBoost P (price only),115,2.566,1.717,2.272,3.375,44.3
LFIN,5,14,2024-01,Ridge P+M (+macro),115,2.332,1.549,2.04,3.041,53.0
LFIN,5,14,2024-01,XGBoost P+M (+macro),115,2.317,1.55,2.101,3.154,43.5
LFIN,5,14,2024-01,Ridge P+M+N (+macro+news),115,2.322,1.542,2.031,3.026,55.7
LFIN,5,14,2024-01,XGBoost P+M+N (+macro+news),115,2.36,1.576,2.124,3.188,47.8
LFIN,5,15,2024-07,naive (no change),125,2.103,1.546,1.993,2.734,4.0
LFIN,5,15,2024-07,"ARIMA(1,1,1)",125,2.093,1.537,1.98,2.718,63.2
LFIN,5,15,2024-07,Ridge P (price only),125,2.043,1.482,1.79,2.459,56.8
LFIN,5,15,2024-07,XGBoost P (price only),125,2.26,1.628,1.982,2.783,61.6
LFIN,5,15,2024-07,Ridge P+M (+macro),125,1.958,1.419,1.731,2.373,56.8
LFIN,5,15,2024-07,XGBoost P+M (+macro),125,2.433,1.756,2.331,3.273,44.8
LFIN,5,15,2024-07,Ridge P+M+N (+macro+news),125,1.938,1.404,1.721,2.359,59.2
LFIN,5,15,2024-07,XGBoost P+M+N (+macro+news),125,2.403,1.738,2.127,2.98,47.2
LFIN,5,16,2025-01,naive (no change),114,3.216,3.239,4.317,4.353,0.9
LFIN,5,16,2025-01,"ARIMA(1,1,1)",114,3.172,3.188,4.247,4.286,64.0
LFIN,5,16,2025-01,Ridge P (price only),114,3.388,3.374,4.451,4.533,48.2
LFIN,5,16,2025-01,XGBoost P (price only),114,3.526,3.52,4.645,4.711,54.4
LFIN,5,16,2025-01,Ridge P+M (+macro),114,3.369,3.359,4.435,4.513,48.2
LFIN,5,16,2025-01,XGBoost P+M (+macro),114,3.432,3.451,4.444,4.477,42.1
LFIN,5,16,2025-01,Ridge P+M+N (+macro+news),114,3.361,3.351,4.422,4.496,50.0
LFIN,5,16,2025-01,XGBoost P+M+N (+macro+news),114,3.346,3.361,4.372,4.415,48.2
LFIN,5,17,2025-07,naive (no change),124,3.5,5.266,6.458,4.428,0.8
LFIN,5,17,2025-07,"ARIMA(1,1,1)",124,3.501,5.269,6.53,4.489,48.4
LFIN,5,17,2025-07,Ridge P (price only),124,3.539,5.305,6.33,4.319,53.2
LFIN,5,17,2025-07,XGBoost P (price only),124,3.543,5.325,6.474,4.405,48.4
LFIN,5,17,2025-07,Ridge P+M (+macro),124,3.55,5.324,6.353,4.334,49.2
LFIN,5,17,2025-07,XGBoost P+M (+macro),124,3.799,5.703,6.902,4.577,51.6
LFIN,5,17,2025-07,Ridge P+M+N (+macro+news),124,3.563,5.344,6.357,4.328,48.4
LFIN,5,17,2025-07,XGBoost P+M+N (+macro+news),124,3.744,5.625,6.74,4.492,51.6
LFIN,5,18,2026-01,naive (no change),118,3.153,4.97,6.428,4.196,3.4
LFIN,5,18,2026-01,"ARIMA(1,1,1)",118,3.161,4.98,6.425,4.191,46.6
LFIN,5,18,2026-01,Ridge P (price only),118,3.293,5.158,6.495,4.253,38.1
LFIN,5,18,2026-01,XGBoost P (price only),118,3.457,5.422,6.883,4.49,40.7
LFIN,5,18,2026-01,Ridge P+M (+macro),118,3.288,5.147,6.525,4.27,40.7
LFIN,5,18,2026-01,XGBoost P+M (+macro),118,3.613,5.653,7.082,4.576,42.4
LFIN,5,18,2026-01,Ridge P+M+N (+macro+news),118,3.323,5.198,6.537,4.271,42.4
LFIN,5,18,2026-01,XGBoost P+M+N (+macro+news),118,3.472,5.438,6.879,4.459,40.7
CFIN,1,0,2017-01,naive (no change),101,1.008,0.881,1.224,1.403,19.8
CFIN,1,0,2017-01,"ARIMA(1,1,1)",101,1.054,0.92,1.235,1.414,31.7
CFIN,1,0,2017-01,Ridge P (price only),101,1.007,0.88,1.201,1.374,43.6
CFIN,1,0,2017-01,XGBoost P (price only),101,1.068,0.93,1.257,1.442,44.6
CFIN,1,0,2017-01,Ridge P+M (+macro),101,1.013,0.885,1.206,1.38,43.6
CFIN,1,0,2017-01,XGBoost P+M (+macro),101,1.044,0.909,1.248,1.429,48.5
CFIN,1,0,2017-01,Ridge P+M+N (+macro+news),101,0.996,0.87,1.205,1.38,46.5
CFIN,1,0,2017-01,XGBoost P+M+N (+macro+news),101,1.077,0.937,1.273,1.459,46.5
CFIN,1,1,2017-07,naive (no change),98,1.016,0.883,1.351,1.54,20.4
CFIN,1,1,2017-07,"ARIMA(1,1,1)",98,1.016,0.883,1.351,1.54,38.8
CFIN,1,1,2017-07,Ridge P (price only),98,1.053,0.918,1.362,1.551,44.9
CFIN,1,1,2017-07,XGBoost P (price only),98,1.052,0.916,1.359,1.551,44.9
CFIN,1,1,2017-07,Ridge P+M (+macro),98,1.048,0.914,1.359,1.547,45.9
CFIN,1,1,2017-07,XGBoost P+M (+macro),98,1.065,0.928,1.373,1.566,40.8
CFIN,1,1,2017-07,Ridge P+M+N (+macro+news),98,1.055,0.919,1.367,1.56,42.9
CFIN,1,1,2017-07,XGBoost P+M+N (+macro+news),98,1.085,0.945,1.394,1.594,42.9
CFIN,1,2,2018-01,naive (no change),98,1.196,1.168,1.633,1.698,19.4
CFIN,1,2,2018-01,"ARIMA(1,1,1)",98,1.199,1.171,1.634,1.699,41.8
CFIN,1,2,2018-01,Ridge P (price only),98,1.219,1.189,1.588,1.653,49.0
CFIN,1,2,2018-01,XGBoost P (price only),98,1.249,1.217,1.587,1.653,43.9
CFIN,1,2,2018-01,Ridge P+M (+macro),98,1.213,1.183,1.58,1.645,46.9
CFIN,1,2,2018-01,XGBoost P+M (+macro),98,1.218,1.187,1.55,1.616,49.0
CFIN,1,2,2018-01,Ridge P+M+N (+macro+news),98,1.18,1.151,1.563,1.632,44.9
CFIN,1,2,2018-01,XGBoost P+M+N (+macro+news),98,1.227,1.196,1.587,1.658,50.0
CFIN,1,3,2018-07,naive (no change),97,1.32,1.193,1.691,1.874,25.8
CFIN,1,3,2018-07,"ARIMA(1,1,1)",97,1.38,1.246,1.702,1.883,34.0
CFIN,1,3,2018-07,Ridge P (price only),97,1.334,1.204,1.626,1.802,46.4
CFIN,1,3,2018-07,XGBoost P (price only),97,1.389,1.253,1.697,1.881,39.2
CFIN,1,3,2018-07,Ridge P+M (+macro),97,1.336,1.206,1.627,1.804,45.4
CFIN,1,3,2018-07,XGBoost P+M (+macro),97,1.357,1.225,1.612,1.791,41.2
CFIN,1,3,2018-07,Ridge P+M+N (+macro+news),97,1.366,1.233,1.646,1.823,42.3
CFIN,1,3,2018-07,XGBoost P+M+N (+macro+news),97,1.395,1.258,1.698,1.885,38.1
CFIN,1,4,2019-01,naive (no change),82,1.269,1.073,1.899,2.207,31.7
CFIN,1,4,2019-01,"ARIMA(1,1,1)",82,1.403,1.186,1.935,2.244,32.9
CFIN,1,4,2019-01,Ridge P (price only),82,1.45,1.232,1.885,2.183,31.7
CFIN,1,4,2019-01,XGBoost P (price only),82,1.48,1.258,1.858,2.158,35.4
CFIN,1,4,2019-01,Ridge P+M (+macro),82,1.449,1.233,1.884,2.182,36.6
CFIN,1,4,2019-01,XGBoost P+M (+macro),82,1.515,1.29,1.914,2.214,41.5
CFIN,1,4,2019-01,Ridge P+M+N (+macro+news),82,1.48,1.26,1.885,2.185,37.8
CFIN,1,4,2019-01,XGBoost P+M+N (+macro+news),82,1.535,1.308,1.871,2.166,37.8
CFIN,1,5,2019-07,naive (no change),92,1.353,1.267,1.753,1.874,18.5
CFIN,1,5,2019-07,"ARIMA(1,1,1)",92,1.412,1.322,1.782,1.909,33.7
CFIN,1,5,2019-07,Ridge P (price only),92,1.262,1.184,1.639,1.743,57.6
CFIN,1,5,2019-07,XGBoost P (price only),92,1.222,1.147,1.59,1.694,57.6
CFIN,1,5,2019-07,Ridge P+M (+macro),92,1.265,1.187,1.648,1.753,59.8
CFIN,1,5,2019-07,XGBoost P+M (+macro),92,1.289,1.212,1.642,1.744,57.6
CFIN,1,5,2019-07,Ridge P+M+N (+macro+news),92,1.249,1.171,1.647,1.756,59.8
CFIN,1,5,2019-07,XGBoost P+M+N (+macro+news),92,1.284,1.205,1.619,1.719,63.0
CFIN,1,6,2020-01,naive (no change),62,1.362,1.166,2.01,2.304,25.8
CFIN,1,6,2020-01,"ARIMA(1,1,1)",62,1.365,1.169,2.002,2.297,46.8
CFIN,1,6,2020-01,Ridge P (price only),62,1.524,1.307,2.015,2.336,37.1
CFIN,1,6,2020-01,XGBoost P (price only),62,1.521,1.306,1.987,2.268,46.8
CFIN,1,6,2020-01,Ridge P+M (+macro),62,1.521,1.305,2.007,2.324,37.1
CFIN,1,6,2020-01,XGBoost P+M (+macro),62,1.592,1.361,1.988,2.279,45.2
CFIN,1,6,2020-01,Ridge P+M+N (+macro+news),62,1.555,1.337,2.039,2.361,32.3
CFIN,1,6,2020-01,XGBoost P+M+N (+macro+news),62,1.615,1.39,2.009,2.3,33.9
CFIN,1,7,2020-07,naive (no change),122,1.54,1.217,2.03,2.572,10.7
CFIN,1,7,2020-07,"ARIMA(1,1,1)",122,1.569,1.239,2.034,2.573,42.6
CFIN,1,7,2020-07,Ridge P (price only),122,1.569,1.24,2.038,2.575,46.7
CFIN,1,7,2020-07,XGBoost P (price only),122,1.537,1.21,1.95,2.488,54.1
CFIN,1,7,2020-07,Ridge P+M (+macro),122,1.571,1.241,2.028,2.561,45.1
CFIN,1,7,2020-07,XGBoost P+M (+macro),122,1.547,1.219,1.966,2.5,54.9
CFIN,1,7,2020-07,Ridge P+M+N (+macro+news),122,1.569,1.24,2.023,2.555,48.4
CFIN,1,7,2020-07,XGBoost P+M+N (+macro+news),122,1.521,1.197,1.908,2.432,58.2
CFIN,1,8,2021-01,naive (no change),113,1.982,1.877,3.214,3.185,7.1
CFIN,1,8,2021-01,"ARIMA(1,1,1)",113,1.983,1.878,3.214,3.187,47.8
CFIN,1,8,2021-01,Ridge P (price only),113,1.968,1.864,3.107,3.106,54.0
CFIN,1,8,2021-01,XGBoost P (price only),113,2.099,1.989,3.241,3.255,57.5
CFIN,1,8,2021-01,Ridge P+M (+macro),113,1.999,1.892,3.142,3.145,50.4
CFIN,1,8,2021-01,XGBoost P+M (+macro),113,2.088,1.991,3.35,3.35,51.3
CFIN,1,8,2021-01,Ridge P+M+N (+macro+news),113,2.03,1.921,3.174,3.175,47.8
CFIN,1,8,2021-01,XGBoost P+M+N (+macro+news),113,2.214,2.107,3.459,3.466,48.7
CFIN,1,9,2021-07,naive (no change),124,1.42,1.24,1.675,1.922,7.3
CFIN,1,9,2021-07,"ARIMA(1,1,1)",124,1.427,1.246,1.676,1.922,45.2
CFIN,1,9,2021-07,Ridge P (price only),124,1.516,1.316,1.702,1.961,47.6
CFIN,1,9,2021-07,XGBoost P (price only),124,1.64,1.424,1.885,2.171,51.6
CFIN,1,9,2021-07,Ridge P+M (+macro),124,1.552,1.346,1.716,1.978,51.6
CFIN,1,9,2021-07,XGBoost P+M (+macro),124,1.807,1.566,1.988,2.286,45.2
CFIN,1,9,2021-07,Ridge P+M+N (+macro+news),124,1.562,1.355,1.717,1.979,49.2
CFIN,1,9,2021-07,XGBoost P+M+N (+macro+news),124,1.89,1.635,2.077,2.394,45.2
CFIN,1,10,2022-01,naive (no change),92,3.031,2.285,3.11,4.261,1.1
CFIN,1,10,2022-01,"ARIMA(1,1,1)",92,3.13,2.362,3.144,4.296,32.6
CFIN,1,10,2022-01,Ridge P (price only),92,2.925,2.206,3.108,4.216,55.4
CFIN,1,10,2022-01,XGBoost P (price only),92,3.102,2.291,3.189,4.475,57.6
CFIN,1,10,2022-01,Ridge P+M (+macro),92,3.275,2.435,3.257,4.417,50.0
CFIN,1,10,2022-01,XGBoost P+M (+macro),92,3.288,2.447,3.292,4.542,42.4
CFIN,1,10,2022-01,Ridge P+M+N (+macro+news),92,3.238,2.406,3.23,4.389,50.0
CFIN,1,10,2022-01,XGBoost P+M+N (+macro+news),92,3.224,2.399,3.253,4.481,51.1
CFIN,1,11,2022-07,naive (no change),96,1.775,1.15,1.529,2.367,11.5
CFIN,1,11,2022-07,"ARIMA(1,1,1)",96,1.856,1.2,1.555,2.393,45.8
CFIN,1,11,2022-07,Ridge P (price only),96,1.85,1.198,1.548,2.394,45.8
CFIN,1,11,2022-07,XGBoost P (price only),96,1.877,1.217,1.609,2.471,46.9
CFIN,1,11,2022-07,Ridge P+M (+macro),96,1.899,1.23,1.57,2.423,47.9
CFIN,1,11,2022-07,XGBoost P+M (+macro),96,1.996,1.287,1.643,2.541,43.8
CFIN,1,11,2022-07,Ridge P+M+N (+macro+news),96,2.04,1.319,1.654,2.533,43.8
CFIN,1,11,2022-07,XGBoost P+M+N (+macro+news),96,1.991,1.283,1.627,2.502,45.8
CFIN,1,12,2023-01,naive (no change),117,1.87,1.293,1.836,2.628,14.5
CFIN,1,12,2023-01,"ARIMA(1,1,1)",117,2.075,1.43,1.879,2.676,44.4
CFIN,1,12,2023-01,Ridge P (price only),117,1.854,1.281,1.814,2.596,48.7
CFIN,1,12,2023-01,XGBoost P (price only),117,1.87,1.286,1.737,2.51,49.6
CFIN,1,12,2023-01,Ridge P+M (+macro),117,1.862,1.286,1.826,2.619,46.2
CFIN,1,12,2023-01,XGBoost P+M (+macro),117,2.138,1.479,1.996,2.86,44.4
CFIN,1,12,2023-01,Ridge P+M+N (+macro+news),117,1.857,1.283,1.825,2.616,46.2
CFIN,1,12,2023-01,XGBoost P+M+N (+macro+news),117,2.041,1.407,1.88,2.715,41.0
CFIN,1,13,2023-07,naive (no change),123,1.899,2.098,2.985,2.709,5.7
CFIN,1,13,2023-07,"ARIMA(1,1,1)",123,1.899,2.098,2.985,2.709,50.4
CFIN,1,13,2023-07,Ridge P (price only),123,1.938,2.158,3.304,2.953,54.5
CFIN,1,13,2023-07,XGBoost P (price only),123,1.858,2.06,3.159,2.855,54.5
CFIN,1,13,2023-07,Ridge P+M (+macro),123,1.968,2.194,3.255,2.896,46.3
CFIN,1,13,2023-07,XGBoost P+M (+macro),123,1.942,2.155,3.183,2.858,56.9
CFIN,1,13,2023-07,Ridge P+M+N (+macro+news),123,1.976,2.203,3.261,2.9,48.0
CFIN,1,13,2023-07,XGBoost P+M+N (+macro+news),123,1.955,2.18,3.2,2.877,51.2
CFIN,1,14,2024-01,naive (no change),115,1.391,1.555,1.974,1.773,7.0
CFIN,1,14,2024-01,"ARIMA(1,1,1)",115,1.395,1.558,1.996,1.795,48.7
CFIN,1,14,2024-01,Ridge P (price only),115,1.38,1.54,1.925,1.728,52.2
CFIN,1,14,2024-01,XGBoost P (price only),115,1.327,1.481,1.878,1.69,53.9
CFIN,1,14,2024-01,Ridge P+M (+macro),115,1.38,1.542,1.953,1.756,51.3
CFIN,1,14,2024-01,XGBoost P+M (+macro),115,1.349,1.509,1.931,1.732,50.4
CFIN,1,14,2024-01,Ridge P+M+N (+macro+news),115,1.381,1.544,1.949,1.751,51.3
CFIN,1,14,2024-01,XGBoost P+M+N (+macro+news),115,1.337,1.498,1.927,1.721,52.2
CFIN,1,15,2024-07,naive (no change),125,1.474,1.902,2.786,2.091,10.4
CFIN,1,15,2024-07,"ARIMA(1,1,1)",125,1.544,1.964,2.692,2.047,43.2
CFIN,1,15,2024-07,Ridge P (price only),125,1.457,1.89,2.787,2.056,49.6
CFIN,1,15,2024-07,XGBoost P (price only),125,1.526,2.004,3.028,2.149,49.6
CFIN,1,15,2024-07,Ridge P+M (+macro),125,1.477,1.92,2.822,2.07,49.6
CFIN,1,15,2024-07,XGBoost P+M (+macro),125,1.524,1.999,2.98,2.12,45.6
CFIN,1,15,2024-07,Ridge P+M+N (+macro+news),125,1.481,1.923,2.816,2.066,48.8
CFIN,1,15,2024-07,XGBoost P+M+N (+macro+news),125,1.527,1.994,2.956,2.115,49.6
CFIN,1,16,2025-01,naive (no change),114,1.77,3.697,5.22,2.541,3.5
CFIN,1,16,2025-01,"ARIMA(1,1,1)",114,1.773,3.701,5.215,2.538,45.6
CFIN,1,16,2025-01,Ridge P (price only),114,1.802,3.762,5.204,2.535,44.7
CFIN,1,16,2025-01,XGBoost P (price only),114,1.872,3.909,5.343,2.59,43.9
CFIN,1,16,2025-01,Ridge P+M (+macro),114,1.797,3.757,5.251,2.552,45.6
CFIN,1,16,2025-01,XGBoost P+M (+macro),114,1.988,4.133,5.268,2.548,47.4
CFIN,1,16,2025-01,Ridge P+M+N (+macro+news),114,1.801,3.761,5.225,2.539,47.4
CFIN,1,16,2025-01,XGBoost P+M+N (+macro+news),114,1.972,4.098,5.232,2.522,50.0
CFIN,1,17,2025-07,naive (no change),124,0.951,2.754,3.881,1.355,10.5
CFIN,1,17,2025-07,"ARIMA(1,1,1)",124,0.991,2.868,3.917,1.365,40.3
CFIN,1,17,2025-07,Ridge P (price only),124,1.004,2.91,3.998,1.389,49.2
CFIN,1,17,2025-07,XGBoost P (price only),124,1.084,3.137,4.235,1.468,48.4
CFIN,1,17,2025-07,Ridge P+M (+macro),124,0.995,2.884,3.978,1.384,41.1
CFIN,1,17,2025-07,XGBoost P+M (+macro),124,1.183,3.417,4.537,1.57,46.8
CFIN,1,17,2025-07,Ridge P+M+N (+macro+news),124,1.0,2.899,3.985,1.386,47.6
CFIN,1,17,2025-07,XGBoost P+M+N (+macro+news),124,1.159,3.35,4.453,1.539,50.0
CFIN,1,18,2026-01,naive (no change),118,1.206,2.972,4.36,1.816,12.7
CFIN,1,18,2026-01,"ARIMA(1,1,1)",118,1.204,2.968,4.357,1.815,55.1
CFIN,1,18,2026-01,Ridge P (price only),118,1.215,2.995,4.2,1.749,49.2
CFIN,1,18,2026-01,XGBoost P (price only),118,1.328,3.277,4.502,1.861,45.8
CFIN,1,18,2026-01,Ridge P+M (+macro),118,1.218,3.004,4.218,1.754,50.8
CFIN,1,18,2026-01,XGBoost P+M (+macro),118,1.272,3.144,4.387,1.806,46.6
CFIN,1,18,2026-01,Ridge P+M+N (+macro+news),118,1.238,3.052,4.238,1.76,49.2
CFIN,1,18,2026-01,XGBoost P+M+N (+macro+news),118,1.293,3.182,4.379,1.814,45.8
CFIN,5,0,2017-01,naive (no change),101,1.827,1.595,2.231,2.537,5.9
CFIN,5,0,2017-01,"ARIMA(1,1,1)",101,1.825,1.594,2.23,2.536,62.4
CFIN,5,0,2017-01,Ridge P (price only),101,1.895,1.653,2.27,2.564,51.5
CFIN,5,0,2017-01,XGBoost P (price only),101,2.022,1.76,2.347,2.644,55.4
CFIN,5,0,2017-01,Ridge P+M (+macro),101,1.981,1.728,2.361,2.667,49.5
CFIN,5,0,2017-01,XGBoost P+M (+macro),101,1.952,1.697,2.288,2.582,47.5
CFIN,5,0,2017-01,Ridge P+M+N (+macro+news),101,1.938,1.692,2.255,2.546,46.5
CFIN,5,0,2017-01,XGBoost P+M+N (+macro+news),101,2.093,1.82,2.368,2.676,43.6
CFIN,5,1,2017-07,naive (no change),98,2.125,1.873,2.592,2.978,3.1
CFIN,5,1,2017-07,"ARIMA(1,1,1)",98,2.123,1.871,2.599,2.99,50.0
CFIN,5,1,2017-07,Ridge P (price only),98,2.106,1.857,2.51,2.873,55.1
CFIN,5,1,2017-07,XGBoost P (price only),98,2.005,1.764,2.325,2.655,55.1
CFIN,5,1,2017-07,Ridge P+M (+macro),98,2.094,1.847,2.493,2.848,55.1
CFIN,5,1,2017-07,XGBoost P+M (+macro),98,2.142,1.896,2.599,2.955,58.2
CFIN,5,1,2017-07,Ridge P+M+N (+macro+news),98,2.142,1.888,2.69,3.12,50.0
CFIN,5,1,2017-07,XGBoost P+M+N (+macro+news),98,2.173,1.921,2.672,3.064,55.1
CFIN,5,2,2018-01,naive (no change),98,2.146,2.094,2.771,2.896,7.1
CFIN,5,2,2018-01,"ARIMA(1,1,1)",98,2.146,2.093,2.769,2.891,51.0
CFIN,5,2,2018-01,Ridge P (price only),98,2.075,2.025,2.585,2.688,57.1
CFIN,5,2,2018-01,XGBoost P (price only),98,2.054,2.01,2.73,2.84,53.1
CFIN,5,2,2018-01,Ridge P+M (+macro),98,2.055,2.007,2.587,2.693,57.1
CFIN,5,2,2018-01,XGBoost P+M (+macro),98,2.036,1.994,2.622,2.719,60.2
CFIN,5,2,2018-01,Ridge P+M+N (+macro+news),98,1.951,1.906,2.533,2.65,59.2
CFIN,5,2,2018-01,XGBoost P+M+N (+macro+news),98,2.06,2.015,2.719,2.846,64.3
CFIN,5,3,2018-07,naive (no change),97,1.941,1.739,2.539,2.854,17.5
CFIN,5,3,2018-07,"ARIMA(1,1,1)",97,1.943,1.741,2.54,2.855,30.9
CFIN,5,3,2018-07,Ridge P (price only),97,2.0,1.785,2.687,3.012,50.5
CFIN,5,3,2018-07,XGBoost P (price only),97,2.026,1.808,2.652,2.962,47.4
CFIN,5,3,2018-07,Ridge P+M (+macro),97,1.978,1.764,2.648,2.972,51.5
CFIN,5,3,2018-07,XGBoost P+M (+macro),97,2.069,1.847,2.569,2.889,48.5
CFIN,5,3,2018-07,Ridge P+M+N (+macro+news),97,2.176,1.939,2.756,3.088,47.4
CFIN,5,3,2018-07,XGBoost P+M+N (+macro+news),97,1.996,1.782,2.552,2.87,51.5
CFIN,5,4,2019-01,naive (no change),82,3.05,2.599,3.603,4.185,12.2
CFIN,5,4,2019-01,"ARIMA(1,1,1)",82,3.106,2.646,3.633,4.207,42.7
CFIN,5,4,2019-01,Ridge P (price only),82,3.237,2.765,3.662,4.255,43.9
CFIN,5,4,2019-01,XGBoost P (price only),82,3.114,2.666,3.606,4.196,51.2
CFIN,5,4,2019-01,Ridge P+M (+macro),82,3.085,2.638,3.573,4.168,48.8
CFIN,5,4,2019-01,XGBoost P+M (+macro),82,3.251,2.769,3.604,4.217,48.8
CFIN,5,4,2019-01,Ridge P+M+N (+macro+news),82,3.184,2.726,3.619,4.239,50.0
CFIN,5,4,2019-01,XGBoost P+M+N (+macro+news),82,3.329,2.831,3.714,4.346,42.7
CFIN,5,5,2019-07,naive (no change),92,2.423,2.282,3.113,3.394,10.9
CFIN,5,5,2019-07,"ARIMA(1,1,1)",92,2.441,2.299,3.132,3.417,37.0
CFIN,5,5,2019-07,Ridge P (price only),92,2.358,2.216,2.901,3.158,57.6
CFIN,5,5,2019-07,XGBoost P (price only),92,2.785,2.61,3.265,3.552,43.5
CFIN,5,5,2019-07,Ridge P+M (+macro),92,2.358,2.22,2.964,3.222,56.5
CFIN,5,5,2019-07,XGBoost P+M (+macro),92,2.573,2.419,3.11,3.385,55.4
CFIN,5,5,2019-07,Ridge P+M+N (+macro+news),92,2.353,2.208,2.919,3.192,55.4
CFIN,5,5,2019-07,XGBoost P+M+N (+macro+news),92,2.57,2.403,2.993,3.282,55.4
CFIN,5,6,2020-01,naive (no change),62,3.63,3.065,3.996,4.458,12.9
CFIN,5,6,2020-01,"ARIMA(1,1,1)",62,3.519,2.985,3.811,4.267,61.3
CFIN,5,6,2020-01,Ridge P (price only),62,4.135,3.474,4.404,5.114,38.7
CFIN,5,6,2020-01,XGBoost P (price only),62,4.182,3.532,4.421,4.965,32.3
CFIN,5,6,2020-01,Ridge P+M (+macro),62,4.19,3.516,4.387,5.061,37.1
CFIN,5,6,2020-01,XGBoost P+M (+macro),62,4.417,3.706,4.506,5.102,30.6
CFIN,5,6,2020-01,Ridge P+M+N (+macro+news),62,4.288,3.588,4.484,5.188,38.7
CFIN,5,6,2020-01,XGBoost P+M+N (+macro+news),62,4.328,3.618,4.433,5.056,37.1
CFIN,5,7,2020-07,naive (no change),122,3.031,2.416,3.538,4.492,2.5
CFIN,5,7,2020-07,"ARIMA(1,1,1)",122,3.032,2.417,3.537,4.491,49.2
CFIN,5,7,2020-07,Ridge P (price only),122,3.21,2.548,3.625,4.603,45.9
CFIN,5,7,2020-07,XGBoost P (price only),122,3.262,2.609,3.797,4.849,49.2
CFIN,5,7,2020-07,Ridge P+M (+macro),122,3.099,2.458,3.491,4.42,51.6
CFIN,5,7,2020-07,XGBoost P+M (+macro),122,3.134,2.485,3.545,4.535,58.2
CFIN,5,7,2020-07,Ridge P+M+N (+macro+news),122,3.073,2.44,3.457,4.379,50.0
CFIN,5,7,2020-07,XGBoost P+M+N (+macro+news),122,3.13,2.486,3.666,4.707,54.1
CFIN,5,8,2021-01,naive (no change),113,5.336,5.079,7.477,8.098,4.4
CFIN,5,8,2021-01,"ARIMA(1,1,1)",113,5.5,5.216,7.49,8.065,40.7
CFIN,5,8,2021-01,Ridge P (price only),113,5.172,4.892,7.017,7.601,53.1
CFIN,5,8,2021-01,XGBoost P (price only),113,5.988,5.702,8.035,8.631,47.8
CFIN,5,8,2021-01,Ridge P+M (+macro),113,5.334,5.053,7.338,7.966,52.2
CFIN,5,8,2021-01,XGBoost P+M (+macro),113,5.938,5.695,8.212,8.86,48.7
CFIN,5,8,2021-01,Ridge P+M+N (+macro+news),113,5.41,5.121,7.415,8.065,54.0
CFIN,5,8,2021-01,XGBoost P+M+N (+macro+news),113,5.958,5.715,8.164,8.817,50.4
CFIN,5,9,2021-07,naive (no change),124,2.613,2.29,2.993,3.423,4.8
CFIN,5,9,2021-07,"ARIMA(1,1,1)",124,2.614,2.291,2.993,3.424,46.0
CFIN,5,9,2021-07,Ridge P (price only),124,3.159,2.741,3.414,3.892,46.8
CFIN,5,9,2021-07,XGBoost P (price only),124,3.234,2.794,3.901,4.488,52.4
CFIN,5,9,2021-07,Ridge P+M (+macro),124,3.369,2.915,3.547,4.055,47.6
CFIN,5,9,2021-07,XGBoost P+M (+macro),124,3.998,3.448,4.084,4.686,50.8
CFIN,5,9,2021-07,Ridge P+M+N (+macro+news),124,3.418,2.955,3.599,4.112,48.4
CFIN,5,9,2021-07,XGBoost P+M+N (+macro+news),124,4.446,3.832,4.544,5.209,46.8
CFIN,5,10,2022-01,naive (no change),92,6.283,4.721,6.198,7.807,1.1
CFIN,5,10,2022-01,"ARIMA(1,1,1)",92,6.265,4.708,6.185,7.794,67.4
CFIN,5,10,2022-01,Ridge P (price only),92,6.079,4.593,5.872,7.498,64.1
CFIN,5,10,2022-01,XGBoost P (price only),92,6.684,4.893,6.282,8.475,53.3
CFIN,5,10,2022-01,Ridge P+M (+macro),92,8.372,6.043,7.466,9.786,43.5
CFIN,5,10,2022-01,XGBoost P+M (+macro),92,7.669,5.561,7.002,9.194,35.9
CFIN,5,10,2022-01,Ridge P+M+N (+macro+news),92,8.212,5.923,7.309,9.614,40.2
CFIN,5,10,2022-01,XGBoost P+M+N (+macro+news),92,7.785,5.689,7.103,9.194,32.6
CFIN,5,11,2022-07,naive (no change),96,3.847,2.53,3.225,5.037,2.1
CFIN,5,11,2022-07,"ARIMA(1,1,1)",96,3.849,2.535,3.293,5.192,51.0
CFIN,5,11,2022-07,Ridge P (price only),96,3.985,2.608,3.264,5.146,52.1
CFIN,5,11,2022-07,XGBoost P (price only),96,4.484,2.924,3.69,5.804,50.0
CFIN,5,11,2022-07,Ridge P+M (+macro),96,5.865,3.781,4.343,6.627,46.9
CFIN,5,11,2022-07,XGBoost P+M (+macro),96,4.724,3.059,3.595,5.626,44.8
CFIN,5,11,2022-07,Ridge P+M+N (+macro+news),96,7.678,4.928,5.556,8.433,46.9
CFIN,5,11,2022-07,XGBoost P+M+N (+macro+news),96,4.559,2.953,3.576,5.617,44.8
CFIN,5,12,2023-01,naive (no change),117,4.58,3.248,4.215,6.152,1.7
CFIN,5,12,2023-01,"ARIMA(1,1,1)",117,4.584,3.253,4.235,6.187,46.2
CFIN,5,12,2023-01,Ridge P (price only),117,4.348,3.088,4.065,5.948,60.7
CFIN,5,12,2023-01,XGBoost P (price only),117,4.556,3.23,4.138,6.059,57.3
CFIN,5,12,2023-01,Ridge P+M (+macro),117,4.434,3.161,4.245,6.22,57.3
CFIN,5,12,2023-01,XGBoost P+M (+macro),117,5.132,3.655,4.602,6.69,41.0
CFIN,5,12,2023-01,Ridge P+M+N (+macro+news),117,4.422,3.153,4.245,6.217,58.1
CFIN,5,12,2023-01,XGBoost P+M+N (+macro+news),117,4.983,3.532,4.424,6.453,44.4
CFIN,5,13,2023-07,naive (no change),123,4.608,5.241,7.925,7.616,0.0
CFIN,5,13,2023-07,"ARIMA(1,1,1)",123,4.576,5.203,7.941,7.652,55.3
CFIN,5,13,2023-07,Ridge P (price only),123,4.3,4.905,7.894,7.655,64.2
CFIN,5,13,2023-07,XGBoost P (price only),123,4.788,5.463,8.453,8.111,44.7
CFIN,5,13,2023-07,Ridge P+M (+macro),123,4.682,5.298,7.634,7.253,49.6
CFIN,5,13,2023-07,XGBoost P+M (+macro),123,5.458,6.129,8.231,7.731,49.6
CFIN,5,13,2023-07,Ridge P+M+N (+macro+news),123,4.774,5.399,7.725,7.33,50.4
CFIN,5,13,2023-07,XGBoost P+M+N (+macro+news),123,5.647,6.356,8.433,7.885,50.4
CFIN,5,14,2024-01,naive (no change),115,3.075,3.495,4.544,4.101,0.9
CFIN,5,14,2024-01,"ARIMA(1,1,1)",115,3.082,3.502,4.535,4.089,47.8
CFIN,5,14,2024-01,Ridge P (price only),115,3.161,3.576,4.568,4.122,50.4
CFIN,5,14,2024-01,XGBoost P (price only),115,3.274,3.72,4.658,4.148,44.3
CFIN,5,14,2024-01,Ridge P+M (+macro),115,3.249,3.692,4.797,4.36,41.7
CFIN,5,14,2024-01,XGBoost P+M (+macro),115,3.143,3.585,4.604,4.152,55.7
CFIN,5,14,2024-01,Ridge P+M+N (+macro+news),115,3.239,3.68,4.776,4.34,43.5
CFIN,5,14,2024-01,XGBoost P+M+N (+macro+news),115,3.154,3.602,4.646,4.176,51.3
CFIN,5,15,2024-07,naive (no change),125,3.606,4.946,8.105,5.84,8.0
CFIN,5,15,2024-07,"ARIMA(1,1,1)",125,3.605,4.944,8.1,5.836,59.2
CFIN,5,15,2024-07,Ridge P (price only),125,3.627,4.983,7.905,5.595,48.8
CFIN,5,15,2024-07,XGBoost P (price only),125,3.684,5.046,8.106,5.765,49.6
CFIN,5,15,2024-07,Ridge P+M (+macro),125,3.637,5.017,8.116,5.684,52.8
CFIN,5,15,2024-07,XGBoost P+M (+macro),125,3.85,5.339,8.816,6.143,48.0
CFIN,5,15,2024-07,Ridge P+M+N (+macro+news),125,3.617,4.988,8.084,5.665,54.4
CFIN,5,15,2024-07,XGBoost P+M+N (+macro+news),125,3.99,5.443,8.548,6.065,47.2
CFIN,5,16,2025-01,naive (no change),114,4.569,9.833,12.699,6.089,2.6
CFIN,5,16,2025-01,"ARIMA(1,1,1)",114,4.651,10.029,12.946,6.212,38.6
CFIN,5,16,2025-01,Ridge P (price only),114,4.485,9.621,12.475,6.002,55.3
CFIN,5,16,2025-01,XGBoost P (price only),114,4.773,10.131,12.777,6.222,50.9
CFIN,5,16,2025-01,Ridge P+M (+macro),114,4.602,9.911,12.842,6.167,48.2
CFIN,5,16,2025-01,XGBoost P+M (+macro),114,8.181,16.607,19.092,9.291,58.8
CFIN,5,16,2025-01,Ridge P+M+N (+macro+news),114,4.55,9.789,12.68,6.085,50.0
CFIN,5,16,2025-01,XGBoost P+M+N (+macro+news),114,8.394,17.109,19.631,9.48,58.8
CFIN,5,17,2025-07,naive (no change),124,2.618,7.673,10.137,3.544,3.2
CFIN,5,17,2025-07,"ARIMA(1,1,1)",124,2.6,7.625,10.15,3.554,56.5
CFIN,5,17,2025-07,Ridge P (price only),124,2.899,8.483,10.413,3.582,41.1
CFIN,5,17,2025-07,XGBoost P (price only),124,2.976,8.714,10.611,3.637,41.9
CFIN,5,17,2025-07,Ridge P+M (+macro),124,2.83,8.294,10.349,3.579,42.7
CFIN,5,17,2025-07,XGBoost P+M (+macro),124,3.311,9.652,12.503,4.247,50.0
CFIN,5,17,2025-07,Ridge P+M+N (+macro+news),124,2.866,8.391,10.354,3.573,39.5
CFIN,5,17,2025-07,XGBoost P+M+N (+macro+news),124,3.048,8.888,11.288,3.834,43.5
CFIN,5,18,2026-01,naive (no change),118,3.112,7.578,9.748,3.977,2.5
CFIN,5,18,2026-01,"ARIMA(1,1,1)",118,3.124,7.607,9.773,3.985,37.3
CFIN,5,18,2026-01,Ridge P (price only),118,3.086,7.511,9.403,3.851,60.2
CFIN,5,18,2026-01,XGBoost P (price only),118,3.232,7.847,9.961,4.119,60.2
CFIN,5,18,2026-01,Ridge P+M (+macro),118,3.129,7.634,9.538,3.889,56.8
CFIN,5,18,2026-01,XGBoost P+M (+macro),118,3.375,8.175,10.346,4.231,45.8
CFIN,5,18,2026-01,Ridge P+M+N (+macro+news),118,3.206,7.82,9.68,3.929,55.1
CFIN,5,18,2026-01,XGBoost P+M+N (+macro+news),118,3.405,8.228,10.285,4.201,46.6
SPSL20,1,1,2017-07,naive (no change),122,0.339,12.802,17.918,0.472,0.0
SPSL20,1,1,2017-07,"ARIMA(1,1,1)",122,0.34,12.834,17.942,0.473,41.8
SPSL20,1,1,2017-07,Ridge P (price only),122,0.338,12.76,17.248,0.454,54.1
SPSL20,1,1,2017-07,XGBoost P (price only),122,0.359,13.565,19.186,0.506,56.6
SPSL20,1,1,2017-07,Ridge P+M (+macro),122,0.363,13.718,18.081,0.476,46.7
SPSL20,1,1,2017-07,XGBoost P+M (+macro),122,0.365,13.774,18.383,0.485,59.0
SPSL20,1,1,2017-07,Ridge P+M+N (+macro+news),122,0.387,14.622,19.257,0.507,49.2
SPSL20,1,1,2017-07,XGBoost P+M+N (+macro+news),122,0.357,13.486,18.792,0.495,59.0
SPSL20,1,2,2018-01,naive (no change),117,0.307,11.208,14.67,0.402,0.0
SPSL20,1,2,2018-01,"ARIMA(1,1,1)",117,0.306,11.18,14.64,0.401,57.3
SPSL20,1,2,2018-01,Ridge P (price only),117,0.312,11.41,14.462,0.395,53.0
SPSL20,1,2,2018-01,XGBoost P (price only),117,0.364,13.274,16.257,0.446,46.2
SPSL20,1,2,2018-01,Ridge P+M (+macro),117,0.313,11.456,14.546,0.397,55.6
SPSL20,1,2,2018-01,XGBoost P+M (+macro),117,0.347,12.664,15.711,0.431,44.4
SPSL20,1,2,2018-01,Ridge P+M+N (+macro+news),117,0.319,11.649,14.733,0.403,52.1
SPSL20,1,2,2018-01,XGBoost P+M+N (+macro+news),117,0.361,13.184,16.228,0.445,43.6
SPSL20,1,3,2018-07,naive (no change),123,0.583,18.36,25.982,0.834,0.0
SPSL20,1,3,2018-07,"ARIMA(1,1,1)",123,0.577,18.159,26.02,0.837,56.9
SPSL20,1,3,2018-07,Ridge P (price only),123,0.591,18.599,26.218,0.84,59.3
SPSL20,1,3,2018-07,XGBoost P (price only),123,0.567,17.794,26.415,0.853,61.0
SPSL20,1,3,2018-07,Ridge P+M (+macro),123,0.585,18.425,26.019,0.835,59.3
SPSL20,1,3,2018-07,XGBoost P+M (+macro),123,0.591,18.519,27.313,0.884,54.5
SPSL20,1,3,2018-07,Ridge P+M+N (+macro+news),123,0.588,18.525,26.044,0.835,55.3
SPSL20,1,3,2018-07,XGBoost P+M+N (+macro+news),123,0.589,18.484,27.065,0.874,58.5
SPSL20,1,4,2019-01,naive (no change),117,0.48,13.105,21.171,0.761,0.0
SPSL20,1,4,2019-01,"ARIMA(1,1,1)",117,0.474,12.963,20.98,0.754,60.7
SPSL20,1,4,2019-01,Ridge P (price only),117,0.488,13.373,21.251,0.763,51.3
SPSL20,1,4,2019-01,XGBoost P (price only),117,0.521,14.298,22.577,0.812,53.0
SPSL20,1,4,2019-01,Ridge P+M (+macro),117,0.522,14.335,22.296,0.797,47.0
SPSL20,1,4,2019-01,XGBoost P+M (+macro),117,0.519,14.193,22.459,0.809,52.1
SPSL20,1,4,2019-01,Ridge P+M+N (+macro+news),117,0.556,15.293,23.095,0.825,39.3
SPSL20,1,4,2019-01,XGBoost P+M+N (+macro+news),117,0.526,14.438,23.014,0.824,47.9
SPSL20,1,5,2019-07,naive (no change),124,0.658,18.94,26.427,0.923,0.0
SPSL20,1,5,2019-07,"ARIMA(1,1,1)",124,0.661,19.02,26.561,0.928,46.0
SPSL20,1,5,2019-07,Ridge P (price only),124,0.647,18.639,25.625,0.892,61.3
SPSL20,1,5,2019-07,XGBoost P (price only),124,0.657,18.914,26.095,0.912,60.5
SPSL20,1,5,2019-07,Ridge P+M (+macro),124,0.656,18.892,25.92,0.904,58.9
SPSL20,1,5,2019-07,XGBoost P+M (+macro),124,0.656,18.859,27.429,0.962,53.2
SPSL20,1,5,2019-07,Ridge P+M+N (+macro+news),124,0.66,19.014,26.157,0.913,54.8
SPSL20,1,5,2019-07,XGBoost P+M+N (+macro+news),124,0.644,18.553,27.193,0.951,57.3
SPSL20,1,6,2020-01,naive (no change),83,1.563,34.406,53.541,2.488,0.0
SPSL20,1,6,2020-01,"ARIMA(1,1,1)",83,1.574,34.762,54.201,2.507,48.2
SPSL20,1,6,2020-01,Ridge P (price only),83,1.454,32.184,49.744,2.283,65.1
SPSL20,1,6,2020-01,XGBoost P (price only),83,1.587,34.804,56.484,2.613,55.4
SPSL20,1,6,2020-01,Ridge P+M (+macro),83,1.456,32.258,50.312,2.303,63.9
SPSL20,1,6,2020-01,XGBoost P+M (+macro),83,1.597,34.961,57.148,2.643,56.6
SPSL20,1,6,2020-01,Ridge P+M+N (+macro+news),83,1.453,32.185,50.17,2.297,67.5
SPSL20,1,6,2020-01,XGBoost P+M+N (+macro+news),83,1.59,34.891,57.028,2.636,51.8
SPSL20,1,7,2020-07,naive (no change),126,0.832,19.392,28.552,1.213,0.0
SPSL20,1,7,2020-07,"ARIMA(1,1,1)",126,0.83,19.301,28.741,1.219,57.9
SPSL20,1,7,2020-07,Ridge P (price only),126,0.825,19.148,28.311,1.209,61.1
SPSL20,1,7,2020-07,XGBoost P (price only),126,0.937,21.808,31.529,1.341,59.5
SPSL20,1,7,2020-07,Ridge P+M (+macro),126,0.834,19.374,28.656,1.222,55.6
SPSL20,1,7,2020-07,XGBoost P+M (+macro),126,0.884,20.652,29.811,1.266,57.1
SPSL20,1,7,2020-07,Ridge P+M+N (+macro+news),126,0.833,19.359,28.745,1.226,54.8
SPSL20,1,7,2020-07,XGBoost P+M+N (+macro+news),126,0.856,20.017,28.697,1.212,55.6
SPSL20,1,8,2021-01,naive (no change),114,1.258,37.785,55.608,1.805,0.0
SPSL20,1,8,2021-01,"ARIMA(1,1,1)",114,1.248,37.455,55.75,1.804,57.9
SPSL20,1,8,2021-01,Ridge P (price only),114,1.271,38.194,54.814,1.783,57.0
SPSL20,1,8,2021-01,XGBoost P (price only),114,1.33,40.015,58.043,1.892,52.6
SPSL20,1,8,2021-01,Ridge P+M (+macro),114,1.273,38.281,55.045,1.792,57.0
SPSL20,1,8,2021-01,XGBoost P+M (+macro),114,1.337,40.218,56.632,1.848,52.6
SPSL20,1,8,2021-01,Ridge P+M+N (+macro+news),114,1.261,37.921,54.831,1.786,57.9
SPSL20,1,8,2021-01,XGBoost P+M+N (+macro+news),114,1.395,41.988,58.845,1.914,50.0
SPSL20,1,9,2021-07,naive (no change),124,0.853,29.645,40.469,1.178,0.0
SPSL20,1,9,2021-07,"ARIMA(1,1,1)",124,0.858,29.825,40.666,1.183,38.7
SPSL20,1,9,2021-07,Ridge P (price only),124,0.869,30.181,39.847,1.165,58.1
SPSL20,1,9,2021-07,XGBoost P (price only),124,0.887,30.924,40.921,1.185,60.5
SPSL20,1,9,2021-07,Ridge P+M (+macro),124,0.848,29.443,38.973,1.139,57.3
SPSL20,1,9,2021-07,XGBoost P+M (+macro),124,0.851,29.666,39.937,1.159,62.1
SPSL20,1,9,2021-07,Ridge P+M+N (+macro+news),124,0.85,29.491,39.068,1.139,60.5
SPSL20,1,9,2021-07,XGBoost P+M+N (+macro+news),124,0.834,29.038,39.858,1.16,60.5
SPSL20,1,10,2022-01,naive (no change),107,2.397,75.645,102.865,3.38,0.0
SPSL20,1,10,2022-01,"ARIMA(1,1,1)",107,2.366,74.816,101.782,3.355,59.8
SPSL20,1,10,2022-01,Ridge P (price only),107,2.361,74.89,102.752,3.379,59.8
SPSL20,1,10,2022-01,XGBoost P (price only),107,2.505,78.211,111.839,3.705,60.7
SPSL20,1,10,2022-01,Ridge P+M (+macro),107,2.459,77.971,105.398,3.448,57.0
SPSL20,1,10,2022-01,XGBoost P+M (+macro),107,2.339,73.773,102.525,3.409,63.6
SPSL20,1,10,2022-01,Ridge P+M+N (+macro+news),107,2.402,76.593,104.864,3.431,55.1
SPSL20,1,10,2022-01,XGBoost P+M+N (+macro+news),107,2.347,74.853,107.492,3.612,60.7
SPSL20,1,11,2022-07,naive (no change),124,1.442,39.223,52.911,1.95,0.0
SPSL20,1,11,2022-07,"ARIMA(1,1,1)",124,1.464,39.756,53.124,1.951,49.2
SPSL20,1,11,2022-07,Ridge P (price only),124,1.404,38.166,51.283,1.902,62.9
SPSL20,1,11,2022-07,XGBoost P (price only),124,1.574,43.071,60.945,2.237,58.9
SPSL20,1,11,2022-07,Ridge P+M (+macro),124,1.57,42.582,55.362,2.041,48.4
SPSL20,1,11,2022-07,XGBoost P+M (+macro),124,1.677,45.933,62.492,2.294,54.0
SPSL20,1,11,2022-07,Ridge P+M+N (+macro+news),124,1.585,42.918,55.666,2.052,51.6
SPSL20,1,11,2022-07,XGBoost P+M+N (+macro+news),124,1.634,44.673,61.216,2.254,52.4
SPSL20,1,12,2023-01,naive (no change),120,1.013,27.345,41.227,1.535,0.0
SPSL20,1,12,2023-01,"ARIMA(1,1,1)",120,1.011,27.293,41.285,1.537,53.3
SPSL20,1,12,2023-01,Ridge P (price only),120,1.002,27.089,40.787,1.517,59.2
SPSL20,1,12,2023-01,XGBoost P (price only),120,1.024,27.646,40.799,1.518,59.2
SPSL20,1,12,2023-01,Ridge P+M (+macro),120,1.004,27.178,42.114,1.569,59.2
SPSL20,1,12,2023-01,XGBoost P+M (+macro),120,1.051,28.376,41.409,1.542,55.0
SPSL20,1,12,2023-01,Ridge P+M+N (+macro+news),120,1.004,27.182,42.132,1.57,59.2
SPSL20,1,12,2023-01,XGBoost P+M+N (+macro+news),120,1.055,28.496,41.649,1.547,58.3
SPSL20,1,13,2023-07,naive (no change),122,0.796,25.139,32.789,1.036,0.0
SPSL20,1,13,2023-07,"ARIMA(1,1,1)",122,0.952,29.895,37.123,1.169,48.4
SPSL20,1,13,2023-07,Ridge P (price only),122,0.807,25.437,33.231,1.051,58.2
SPSL20,1,13,2023-07,XGBoost P (price only),122,0.823,25.939,34.305,1.088,60.7
SPSL20,1,13,2023-07,Ridge P+M (+macro),122,0.867,27.372,35.813,1.124,50.0
SPSL20,1,13,2023-07,XGBoost P+M (+macro),122,0.893,28.145,35.917,1.137,47.5
SPSL20,1,13,2023-07,Ridge P+M+N (+macro+news),122,0.868,27.398,35.821,1.124,50.8
SPSL20,1,13,2023-07,XGBoost P+M+N (+macro+news),122,0.885,27.899,36.132,1.144,48.4
SPSL20,1,14,2024-01,naive (no change),115,0.611,20.614,27.886,0.817,0.0
SPSL20,1,14,2024-01,"ARIMA(1,1,1)",115,0.599,20.245,27.533,0.805,56.5
SPSL20,1,14,2024-01,Ridge P (price only),115,0.574,19.446,26.39,0.772,65.2
SPSL20,1,14,2024-01,XGBoost P (price only),115,0.568,19.319,26.3,0.765,61.7
SPSL20,1,14,2024-01,Ridge P+M (+macro),115,0.582,19.692,26.692,0.782,61.7
SPSL20,1,14,2024-01,XGBoost P+M (+macro),115,0.59,20.016,27.102,0.792,61.7
SPSL20,1,14,2024-01,Ridge P+M+N (+macro+news),115,0.581,19.656,26.622,0.78,60.0
SPSL20,1,14,2024-01,XGBoost P+M+N (+macro+news),115,0.58,19.707,26.429,0.77,63.5
SPSL20,1,15,2024-07,naive (no change),125,0.852,30.877,40.618,1.121,0.0
SPSL20,1,15,2024-07,"ARIMA(1,1,1)",125,0.852,30.904,40.671,1.122,44.0
SPSL20,1,15,2024-07,Ridge P (price only),125,0.752,27.033,35.431,0.992,69.6
SPSL20,1,15,2024-07,XGBoost P (price only),125,0.767,27.734,36.207,0.997,72.0
SPSL20,1,15,2024-07,Ridge P+M (+macro),125,0.747,26.789,35.118,0.984,70.4
SPSL20,1,15,2024-07,XGBoost P+M (+macro),125,0.752,27.043,36.274,1.007,68.0
SPSL20,1,15,2024-07,Ridge P+M+N (+macro+news),125,0.746,26.747,34.967,0.98,70.4
SPSL20,1,15,2024-07,XGBoost P+M+N (+macro+news),125,0.753,27.037,35.462,0.993,68.8
SPSL20,1,16,2025-01,naive (no change),114,1.032,49.941,69.261,1.467,0.0
SPSL20,1,16,2025-01,"ARIMA(1,1,1)",114,1.051,50.68,70.944,1.496,56.1
SPSL20,1,16,2025-01,Ridge P (price only),114,1.06,51.1,71.416,1.526,54.4
SPSL20,1,16,2025-01,XGBoost P (price only),114,1.022,49.358,70.18,1.485,57.0
SPSL20,1,16,2025-01,Ridge P+M (+macro),114,1.053,50.771,71.229,1.52,57.0
SPSL20,1,16,2025-01,XGBoost P+M (+macro),114,0.992,47.793,67.887,1.438,58.8
SPSL20,1,16,2025-01,Ridge P+M+N (+macro+news),114,1.053,50.768,71.252,1.519,56.1
SPSL20,1,16,2025-01,XGBoost P+M+N (+macro+news),114,1.013,48.778,69.551,1.474,59.6
SPSL20,1,17,2025-07,naive (no change),123,0.553,33.241,47.699,0.802,0.0
SPSL20,1,17,2025-07,"ARIMA(1,1,1)",123,0.569,34.201,47.993,0.802,56.9
SPSL20,1,17,2025-07,Ridge P (price only),123,0.524,31.522,45.521,0.763,61.0
SPSL20,1,17,2025-07,XGBoost P (price only),123,0.55,32.991,46.423,0.779,63.4
SPSL20,1,17,2025-07,Ridge P+M (+macro),123,0.522,31.41,45.336,0.76,64.2
SPSL20,1,17,2025-07,XGBoost P+M (+macro),123,0.536,32.14,45.511,0.764,65.0
SPSL20,1,17,2025-07,Ridge P+M+N (+macro+news),123,0.522,31.379,45.285,0.759,60.2
SPSL20,1,17,2025-07,XGBoost P+M+N (+macro+news),123,0.538,32.264,45.708,0.767,65.9
SPSL20,5,1,2017-07,naive (no change),122,1.032,38.976,50.684,1.342,0.0
SPSL20,5,1,2017-07,"ARIMA(1,1,1)",122,1.071,40.45,51.405,1.359,31.1
SPSL20,5,1,2017-07,Ridge P (price only),122,0.985,37.233,48.993,1.298,69.7
SPSL20,5,1,2017-07,XGBoost P (price only),122,1.138,42.901,58.382,1.55,59.0
SPSL20,5,1,2017-07,Ridge P+M (+macro),122,1.279,48.215,57.647,1.521,37.7
SPSL20,5,1,2017-07,XGBoost P+M (+macro),122,1.662,62.676,80.371,2.148,49.2
SPSL20,5,1,2017-07,Ridge P+M+N (+macro+news),122,1.337,50.408,60.319,1.591,33.6
SPSL20,5,1,2017-07,XGBoost P+M+N (+macro+news),122,1.439,54.258,72.01,1.925,43.4
SPSL20,5,2,2018-01,naive (no change),117,0.888,31.84,42.726,1.192,0.0
SPSL20,5,2,2018-01,"ARIMA(1,1,1)",117,0.866,31.092,41.972,1.17,70.1
SPSL20,5,2,2018-01,Ridge P (price only),117,0.82,29.548,39.692,1.099,64.1
SPSL20,5,2,2018-01,XGBoost P (price only),117,1.111,40.03,52.706,1.468,41.0
SPSL20,5,2,2018-01,Ridge P+M (+macro),117,0.833,29.988,40.462,1.125,65.0
SPSL20,5,2,2018-01,XGBoost P+M (+macro),117,0.943,34.013,45.252,1.259,62.4
SPSL20,5,2,2018-01,Ridge P+M+N (+macro+news),117,0.887,31.911,42.748,1.188,61.5
SPSL20,5,2,2018-01,XGBoost P+M+N (+macro+news),117,1.016,36.624,49.316,1.371,57.3
SPSL20,5,3,2018-07,naive (no change),123,1.552,48.779,66.115,2.147,0.0
SPSL20,5,3,2018-07,"ARIMA(1,1,1)",123,1.482,46.693,65.526,2.139,61.0
SPSL20,5,3,2018-07,Ridge P (price only),123,1.535,48.256,66.665,2.155,63.4
SPSL20,5,3,2018-07,XGBoost P (price only),123,1.519,47.64,67.978,2.206,64.2
SPSL20,5,3,2018-07,Ridge P+M (+macro),123,1.465,46.067,65.049,2.119,66.7
SPSL20,5,3,2018-07,XGBoost P+M (+macro),123,1.555,48.684,68.094,2.22,64.2
SPSL20,5,3,2018-07,Ridge P+M+N (+macro+news),123,1.486,46.767,66.152,2.152,64.2
SPSL20,5,3,2018-07,XGBoost P+M+N (+macro+news),123,1.508,47.215,67.357,2.199,60.2
SPSL20,5,4,2019-01,naive (no change),117,1.55,41.951,54.65,1.983,0.0
SPSL20,5,4,2019-01,"ARIMA(1,1,1)",117,1.521,41.142,53.494,1.944,65.8
SPSL20,5,4,2019-01,Ridge P (price only),117,1.577,42.653,55.166,2.012,53.8
SPSL20,5,4,2019-01,XGBoost P (price only),117,1.762,47.675,59.147,2.153,51.3
SPSL20,5,4,2019-01,Ridge P+M (+macro),117,1.958,53.609,67.402,2.412,33.3
SPSL20,5,4,2019-01,XGBoost P+M (+macro),117,2.046,55.625,70.339,2.538,33.3
SPSL20,5,4,2019-01,Ridge P+M+N (+macro+news),117,2.028,55.638,69.501,2.48,35.9
SPSL20,5,4,2019-01,XGBoost P+M+N (+macro+news),117,1.932,52.458,66.6,2.411,31.6
SPSL20,5,5,2019-07,naive (no change),124,1.873,54.054,74.474,2.666,0.0
SPSL20,5,5,2019-07,"ARIMA(1,1,1)",124,1.916,55.29,76.11,2.733,43.5
SPSL20,5,5,2019-07,Ridge P (price only),124,1.889,54.609,75.222,2.67,59.7
SPSL20,5,5,2019-07,XGBoost P (price only),124,1.71,49.478,70.216,2.506,69.4
SPSL20,5,5,2019-07,Ridge P+M (+macro),124,1.983,57.317,78.03,2.782,46.8
SPSL20,5,5,2019-07,XGBoost P+M (+macro),124,2.145,62.014,82.7,2.967,35.5
SPSL20,5,5,2019-07,Ridge P+M+N (+macro+news),124,1.974,57.034,78.98,2.828,46.0
SPSL20,5,5,2019-07,XGBoost P+M+N (+macro+news),124,2.131,61.572,84.023,3.017,46.0
SPSL20,5,6,2020-01,naive (no change),83,5.861,122.855,186.628,8.224,0.0
SPSL20,5,6,2020-01,"ARIMA(1,1,1)",83,5.85,122.583,186.31,8.217,57.8
SPSL20,5,6,2020-01,Ridge P (price only),83,5.648,118.71,179.391,7.898,60.2
SPSL20,5,6,2020-01,XGBoost P (price only),83,5.762,119.595,192.892,8.392,61.4
SPSL20,5,6,2020-01,Ridge P+M (+macro),83,5.567,117.057,180.558,7.849,62.7
SPSL20,5,6,2020-01,XGBoost P+M (+macro),83,5.71,119.427,191.617,8.327,60.2
SPSL20,5,6,2020-01,Ridge P+M+N (+macro+news),83,5.514,115.983,178.922,7.786,60.2
SPSL20,5,6,2020-01,XGBoost P+M+N (+macro+news),83,5.701,119.242,189.516,8.275,60.2
SPSL20,5,7,2020-07,naive (no change),126,2.627,62.524,76.765,3.234,0.0
SPSL20,5,7,2020-07,"ARIMA(1,1,1)",126,2.559,60.576,74.804,3.137,59.5
SPSL20,5,7,2020-07,Ridge P (price only),126,2.534,59.923,75.077,3.175,60.3
SPSL20,5,7,2020-07,XGBoost P (price only),126,3.499,82.635,102.606,4.352,46.0
SPSL20,5,7,2020-07,Ridge P+M (+macro),126,2.584,61.235,76.167,3.221,56.3
SPSL20,5,7,2020-07,XGBoost P+M (+macro),126,3.26,77.143,100.027,4.174,45.2
SPSL20,5,7,2020-07,Ridge P+M+N (+macro+news),126,2.577,60.924,74.748,3.175,55.6
SPSL20,5,7,2020-07,XGBoost P+M+N (+macro+news),126,3.146,74.299,94.681,3.991,44.4
SPSL20,5,8,2021-01,naive (no change),114,3.493,106.91,148.234,4.967,0.0
SPSL20,5,8,2021-01,"ARIMA(1,1,1)",114,3.492,106.851,148.094,4.958,53.5
SPSL20,5,8,2021-01,Ridge P (price only),114,3.609,109.727,148.074,4.961,55.3
SPSL20,5,8,2021-01,XGBoost P (price only),114,4.405,134.322,185.124,6.131,57.0
SPSL20,5,8,2021-01,Ridge P+M (+macro),114,3.67,111.668,151.289,5.078,47.4
SPSL20,5,8,2021-01,XGBoost P+M (+macro),114,4.143,126.173,176.736,5.909,52.6
SPSL20,5,8,2021-01,Ridge P+M+N (+macro+news),114,3.568,108.58,147.838,4.973,48.2
SPSL20,5,8,2021-01,XGBoost P+M+N (+macro+news),114,4.244,129.068,175.362,5.858,44.7
SPSL20,5,9,2021-07,naive (no change),124,2.604,93.537,119.027,3.402,0.0
SPSL20,5,9,2021-07,"ARIMA(1,1,1)",124,2.575,92.421,117.491,3.359,67.7
SPSL20,5,9,2021-07,Ridge P (price only),124,2.498,89.292,111.251,3.204,58.1
SPSL20,5,9,2021-07,XGBoost P (price only),124,2.639,94.562,119.776,3.417,50.0
SPSL20,5,9,2021-07,Ridge P+M (+macro),124,2.462,87.799,108.808,3.132,69.4
SPSL20,5,9,2021-07,XGBoost P+M (+macro),124,2.851,102.061,127.062,3.64,50.0
SPSL20,5,9,2021-07,Ridge P+M+N (+macro+news),124,2.536,90.529,111.212,3.176,68.5
SPSL20,5,9,2021-07,XGBoost P+M+N (+macro+news),124,2.824,100.59,130.317,3.755,62.1
SPSL20,5,10,2022-01,naive (no change),107,5.875,178.739,249.425,7.593,0.0
SPSL20,5,10,2022-01,"ARIMA(1,1,1)",107,5.798,176.606,247.003,7.534,70.1
SPSL20,5,10,2022-01,Ridge P (price only),107,6.489,195.776,270.809,8.297,40.2
SPSL20,5,10,2022-01,XGBoost P (price only),107,6.737,205.651,284.343,8.614,57.0
SPSL20,5,10,2022-01,Ridge P+M (+macro),107,7.596,224.435,275.561,9.021,39.3
SPSL20,5,10,2022-01,XGBoost P+M (+macro),107,6.463,197.082,273.061,8.188,45.8
SPSL20,5,10,2022-01,Ridge P+M+N (+macro+news),107,6.971,208.586,257.589,8.39,41.1
SPSL20,5,10,2022-01,XGBoost P+M+N (+macro+news),107,6.403,196.917,263.909,7.954,52.3
SPSL20,5,11,2022-07,naive (no change),124,4.197,115.763,150.58,5.561,0.0
SPSL20,5,11,2022-07,"ARIMA(1,1,1)",124,4.298,118.282,150.796,5.52,47.6
SPSL20,5,11,2022-07,Ridge P (price only),124,4.04,111.239,145.715,5.419,58.1
SPSL20,5,11,2022-07,XGBoost P (price only),124,4.537,123.953,169.925,6.251,54.0
SPSL20,5,11,2022-07,Ridge P+M (+macro),124,5.368,147.838,179.535,6.613,46.0
SPSL20,5,11,2022-07,XGBoost P+M (+macro),124,5.641,158.017,194.841,7.242,53.2
SPSL20,5,11,2022-07,Ridge P+M+N (+macro+news),124,5.168,144.263,178.343,6.614,45.2
SPSL20,5,11,2022-07,XGBoost P+M+N (+macro+news),124,5.304,148.584,187.815,6.991,52.4
SPSL20,5,12,2023-01,naive (no change),120,2.921,79.669,106.697,4.01,0.0
SPSL20,5,12,2023-01,"ARIMA(1,1,1)",120,2.93,80.022,107.501,4.045,47.5
SPSL20,5,12,2023-01,Ridge P (price only),120,3.043,83.004,108.665,4.083,50.8
SPSL20,5,12,2023-01,XGBoost P (price only),120,3.223,87.887,113.309,4.236,58.3
SPSL20,5,12,2023-01,Ridge P+M (+macro),120,3.694,101.011,133.79,5.057,51.7
SPSL20,5,12,2023-01,XGBoost P+M (+macro),120,3.202,87.188,118.052,4.412,50.0
SPSL20,5,12,2023-01,Ridge P+M+N (+macro+news),120,3.774,103.255,136.194,5.146,50.0
SPSL20,5,12,2023-01,XGBoost P+M+N (+macro+news),120,3.335,90.508,117.478,4.396,46.7
SPSL20,5,13,2023-07,naive (no change),122,2.128,67.359,80.921,2.54,0.0
SPSL20,5,13,2023-07,"ARIMA(1,1,1)",122,2.128,67.345,80.902,2.537,50.8
SPSL20,5,13,2023-07,Ridge P (price only),122,2.126,67.271,84.517,2.654,55.7
SPSL20,5,13,2023-07,XGBoost P (price only),122,2.342,73.814,93.641,2.985,48.4
SPSL20,5,13,2023-07,Ridge P+M (+macro),122,2.977,94.39,120.419,3.729,42.6
SPSL20,5,13,2023-07,XGBoost P+M (+macro),122,2.76,87.142,109.197,3.466,36.9
SPSL20,5,13,2023-07,Ridge P+M+N (+macro+news),122,3.021,95.826,122.162,3.789,41.0
SPSL20,5,13,2023-07,XGBoost P+M+N (+macro+news),122,2.743,86.716,108.401,3.439,39.3
SPSL20,5,14,2024-01,naive (no change),115,2.03,68.45,84.713,2.547,0.0
SPSL20,5,14,2024-01,"ARIMA(1,1,1)",115,2.025,68.288,84.093,2.526,54.8
SPSL20,5,14,2024-01,Ridge P (price only),115,2.037,69.02,84.579,2.51,54.8
SPSL20,5,14,2024-01,XGBoost P (price only),115,1.992,67.613,81.963,2.432,60.0
SPSL20,5,14,2024-01,Ridge P+M (+macro),115,2.056,69.426,84.728,2.53,55.7
SPSL20,5,14,2024-01,XGBoost P+M (+macro),115,2.05,68.881,81.332,2.428,57.4
SPSL20,5,14,2024-01,Ridge P+M+N (+macro+news),115,2.044,69.013,84.198,2.513,58.3
SPSL20,5,14,2024-01,XGBoost P+M+N (+macro+news),115,1.936,65.131,78.549,2.327,57.4
SPSL20,5,15,2024-07,naive (no change),125,3.206,119.109,150.117,4.126,0.0
SPSL20,5,15,2024-07,"ARIMA(1,1,1)",125,3.2,118.86,149.725,4.117,60.8
SPSL20,5,15,2024-07,Ridge P (price only),125,2.93,108.596,137.039,3.791,72.0
SPSL20,5,15,2024-07,XGBoost P (price only),125,3.294,123.994,158.826,4.206,52.0
SPSL20,5,15,2024-07,Ridge P+M (+macro),125,2.872,105.883,133.179,3.689,72.8
SPSL20,5,15,2024-07,XGBoost P+M (+macro),125,3.557,132.429,163.854,4.469,44.0
SPSL20,5,15,2024-07,Ridge P+M+N (+macro+news),125,2.881,106.241,133.483,3.693,72.8
SPSL20,5,15,2024-07,XGBoost P+M+N (+macro+news),125,3.429,127.832,160.791,4.372,55.2
SPSL20,5,16,2025-01,naive (no change),114,2.622,128.356,159.063,3.278,0.0
SPSL20,5,16,2025-01,"ARIMA(1,1,1)",114,2.646,129.644,159.961,3.299,40.4
SPSL20,5,16,2025-01,Ridge P (price only),114,2.735,133.169,165.344,3.429,53.5
SPSL20,5,16,2025-01,XGBoost P (price only),114,2.857,138.949,181.801,3.735,52.6
SPSL20,5,16,2025-01,Ridge P+M (+macro),114,2.723,132.588,163.074,3.37,52.6
SPSL20,5,16,2025-01,XGBoost P+M (+macro),114,3.213,155.234,202.207,4.135,58.8
SPSL20,5,16,2025-01,Ridge P+M+N (+macro+news),114,2.727,132.639,163.105,3.368,53.5
SPSL20,5,16,2025-01,XGBoost P+M+N (+macro+news),114,3.069,148.215,191.856,3.927,58.8
SPSL20,5,17,2025-07,naive (no change),123,1.768,107.143,139.804,2.362,0.0
SPSL20,5,17,2025-07,"ARIMA(1,1,1)",123,1.81,109.697,144.023,2.441,43.1
SPSL20,5,17,2025-07,Ridge P (price only),123,1.84,111.388,143.727,2.418,58.5
SPSL20,5,17,2025-07,XGBoost P (price only),123,1.956,118.398,151.82,2.545,55.3
SPSL20,5,17,2025-07,Ridge P+M (+macro),123,1.776,107.572,140.23,2.364,58.5
SPSL20,5,17,2025-07,XGBoost P+M (+macro),123,1.838,111.628,143.726,2.401,56.9
SPSL20,5,17,2025-07,Ridge P+M+N (+macro+news),123,1.781,107.84,139.73,2.352,56.1
SPSL20,5,17,2025-07,XGBoost P+M+N (+macro+news),123,1.815,110.236,141.723,2.365,56.1
ASPI,1,0,2017-01,naive (no change),117,0.318,20.236,26.447,0.417,0.0
ASPI,1,0,2017-01,"ARIMA(1,1,1)",117,0.329,20.882,26.112,0.412,50.4
ASPI,1,0,2017-01,Ridge P (price only),117,0.294,18.743,24.703,0.389,56.4
ASPI,1,0,2017-01,XGBoost P (price only),117,0.311,19.818,26.051,0.409,53.8
ASPI,1,0,2017-01,Ridge P+M (+macro),117,0.301,19.172,25.352,0.399,59.8
ASPI,1,0,2017-01,XGBoost P+M (+macro),117,0.337,21.416,27.547,0.434,49.6
ASPI,1,0,2017-01,Ridge P+M+N (+macro+news),117,0.309,19.645,25.452,0.401,58.1
ASPI,1,0,2017-01,XGBoost P+M+N (+macro+news),117,0.338,21.532,27.181,0.428,50.4
ASPI,1,1,2017-07,naive (no change),122,0.231,15.023,19.538,0.3,0.0
ASPI,1,1,2017-07,"ARIMA(1,1,1)",122,0.228,14.839,19.356,0.297,56.6
ASPI,1,1,2017-07,Ridge P (price only),122,0.21,13.665,17.984,0.276,63.1
ASPI,1,1,2017-07,XGBoost P (price only),122,0.242,15.755,20.723,0.318,56.6
ASPI,1,1,2017-07,Ridge P+M (+macro),122,0.21,13.696,18.118,0.278,62.3
ASPI,1,1,2017-07,XGBoost P+M (+macro),122,0.237,15.458,20.121,0.309,56.6
ASPI,1,1,2017-07,Ridge P+M+N (+macro+news),122,0.224,14.613,18.88,0.289,54.1
ASPI,1,1,2017-07,XGBoost P+M+N (+macro+news),122,0.227,14.797,19.311,0.297,57.4
ASPI,1,2,2018-01,naive (no change),116,0.26,16.761,21.215,0.33,0.0
ASPI,1,2,2018-01,"ARIMA(1,1,1)",116,0.265,17.075,21.467,0.334,40.5
ASPI,1,2,2018-01,Ridge P (price only),116,0.267,17.193,21.305,0.331,49.1
ASPI,1,2,2018-01,XGBoost P (price only),116,0.275,17.745,22.155,0.344,52.6
ASPI,1,2,2018-01,Ridge P+M (+macro),116,0.267,17.231,21.468,0.333,55.2
ASPI,1,2,2018-01,XGBoost P+M (+macro),116,0.287,18.529,23.164,0.36,56.0
ASPI,1,2,2018-01,Ridge P+M+N (+macro+news),116,0.269,17.348,21.645,0.336,50.0
ASPI,1,2,2018-01,XGBoost P+M+N (+macro+news),116,0.287,18.501,22.971,0.356,53.4
ASPI,1,3,2018-07,naive (no change),123,0.371,22.261,31.701,0.531,0.0
ASPI,1,3,2018-07,"ARIMA(1,1,1)",123,0.377,22.655,32.62,0.547,54.5
ASPI,1,3,2018-07,Ridge P (price only),123,0.393,23.596,32.808,0.549,50.4
ASPI,1,3,2018-07,XGBoost P (price only),123,0.376,22.573,31.824,0.533,56.9
ASPI,1,3,2018-07,Ridge P+M (+macro),123,0.393,23.598,32.863,0.55,48.8
ASPI,1,3,2018-07,XGBoost P+M (+macro),123,0.372,22.321,32.121,0.539,54.5
ASPI,1,3,2018-07,Ridge P+M+N (+macro+news),123,0.388,23.291,32.69,0.547,50.4
ASPI,1,3,2018-07,XGBoost P+M+N (+macro+news),123,0.377,22.618,32.61,0.547,56.1
ASPI,1,4,2019-01,naive (no change),117,0.326,18.152,29.037,0.521,0.0
ASPI,1,4,2019-01,"ARIMA(1,1,1)",117,0.325,18.049,28.895,0.518,58.1
ASPI,1,4,2019-01,Ridge P (price only),117,0.334,18.562,29.452,0.529,55.6
ASPI,1,4,2019-01,XGBoost P (price only),117,0.356,19.825,30.367,0.545,56.4
ASPI,1,4,2019-01,Ridge P+M (+macro),117,0.336,18.72,29.375,0.527,55.6
ASPI,1,4,2019-01,XGBoost P+M (+macro),117,0.344,19.17,30.277,0.543,52.1
ASPI,1,4,2019-01,Ridge P+M+N (+macro+news),117,0.335,18.654,29.14,0.523,58.1
ASPI,1,4,2019-01,XGBoost P+M+N (+macro+news),117,0.345,19.242,30.199,0.541,55.6
ASPI,1,5,2019-07,naive (no change),124,0.409,24.081,32.691,0.559,0.0
ASPI,1,5,2019-07,"ARIMA(1,1,1)",124,0.41,24.118,32.825,0.561,48.4
ASPI,1,5,2019-07,Ridge P (price only),124,0.398,23.478,31.254,0.533,65.3
ASPI,1,5,2019-07,XGBoost P (price only),124,0.415,24.44,31.502,0.537,60.5
ASPI,1,5,2019-07,Ridge P+M (+macro),124,0.398,23.453,31.402,0.536,60.5
ASPI,1,5,2019-07,XGBoost P+M (+macro),124,0.411,24.226,31.705,0.542,63.7
ASPI,1,5,2019-07,Ridge P+M+N (+macro+news),124,0.399,23.498,31.455,0.537,61.3
ASPI,1,5,2019-07,XGBoost P+M+N (+macro+news),124,0.415,24.428,31.853,0.544,58.1
ASPI,1,6,2020-01,naive (no change),82,0.959,48.495,78.521,1.59,0.0
ASPI,1,6,2020-01,"ARIMA(1,1,1)",82,0.99,50.328,80.381,1.618,46.3
ASPI,1,6,2020-01,Ridge P (price only),82,0.945,47.844,75.002,1.521,58.5
ASPI,1,6,2020-01,XGBoost P (price only),82,0.946,47.727,83.565,1.694,54.9
ASPI,1,6,2020-01,Ridge P+M (+macro),82,0.947,47.911,75.201,1.526,58.5
ASPI,1,6,2020-01,XGBoost P+M (+macro),82,0.977,49.248,86.188,1.748,57.3
ASPI,1,6,2020-01,Ridge P+M+N (+macro+news),82,0.948,47.951,75.059,1.524,58.5
ASPI,1,6,2020-01,XGBoost P+M+N (+macro+news),82,0.994,50.195,86.297,1.747,54.9
ASPI,1,7,2020-07,naive (no change),124,0.744,42.368,68.743,1.178,0.0
ASPI,1,7,2020-07,"ARIMA(1,1,1)",124,0.714,40.549,67.531,1.158,64.5
ASPI,1,7,2020-07,Ridge P (price only),124,0.716,40.514,68.588,1.177,57.3
ASPI,1,7,2020-07,XGBoost P (price only),124,0.743,42.219,70.204,1.206,54.8
ASPI,1,7,2020-07,Ridge P+M (+macro),124,0.72,40.787,68.373,1.174,57.3
ASPI,1,7,2020-07,XGBoost P+M (+macro),124,0.706,40.16,67.496,1.155,54.0
ASPI,1,7,2020-07,Ridge P+M+N (+macro+news),124,0.722,40.882,68.416,1.176,57.3
ASPI,1,7,2020-07,XGBoost P+M+N (+macro+news),124,0.733,41.784,68.039,1.164,50.8
ASPI,1,8,2021-01,naive (no change),114,1.191,90.501,128.034,1.649,0.0
ASPI,1,8,2021-01,"ARIMA(1,1,1)",114,1.171,89.021,127.856,1.644,59.6
ASPI,1,8,2021-01,Ridge P (price only),114,1.176,89.355,126.179,1.624,60.5
ASPI,1,8,2021-01,XGBoost P (price only),114,1.354,102.38,148.085,1.919,55.3
ASPI,1,8,2021-01,Ridge P+M (+macro),114,1.181,89.803,127.036,1.634,60.5
ASPI,1,8,2021-01,XGBoost P+M (+macro),114,1.278,97.396,145.532,1.884,56.1
ASPI,1,8,2021-01,Ridge P+M+N (+macro+news),114,1.186,90.157,126.885,1.634,60.5
ASPI,1,8,2021-01,XGBoost P+M+N (+macro+news),114,1.263,96.192,140.784,1.83,50.9
ASPI,1,9,2021-07,naive (no change),124,0.997,97.482,131.902,1.345,0.0
ASPI,1,9,2021-07,"ARIMA(1,1,1)",124,0.958,93.611,127.329,1.3,65.3
ASPI,1,9,2021-07,Ridge P (price only),124,0.991,96.766,128.398,1.314,58.9
ASPI,1,9,2021-07,XGBoost P (price only),124,1.04,101.321,133.5,1.366,58.1
ASPI,1,9,2021-07,Ridge P+M (+macro),124,0.99,96.644,128.118,1.311,58.1
ASPI,1,9,2021-07,XGBoost P+M (+macro),124,1.039,101.792,134.904,1.38,50.8
ASPI,1,9,2021-07,Ridge P+M+N (+macro+news),124,0.989,96.58,128.333,1.314,59.7
ASPI,1,9,2021-07,XGBoost P+M+N (+macro+news),124,0.994,97.132,129.94,1.327,58.9
ASPI,1,10,2022-01,naive (no change),107,1.877,178.814,239.398,2.542,0.0
ASPI,1,10,2022-01,"ARIMA(1,1,1)",107,1.847,176.287,236.01,2.514,58.9
ASPI,1,10,2022-01,Ridge P (price only),107,1.822,173.749,232.986,2.465,60.7
ASPI,1,10,2022-01,XGBoost P (price only),107,1.923,182.994,251.902,2.671,60.7
ASPI,1,10,2022-01,Ridge P+M (+macro),107,2.012,190.036,245.693,2.61,51.4
ASPI,1,10,2022-01,XGBoost P+M (+macro),107,2.076,199.619,264.797,2.742,50.5
ASPI,1,10,2022-01,Ridge P+M+N (+macro+news),107,2.019,191.028,246.889,2.617,48.6
ASPI,1,10,2022-01,XGBoost P+M+N (+macro+news),107,2.072,199.394,260.025,2.722,47.7
ASPI,1,11,2022-07,naive (no change),124,1.129,97.377,123.659,1.429,0.0
ASPI,1,11,2022-07,"ARIMA(1,1,1)",124,1.357,117.522,146.662,1.711,47.6
ASPI,1,11,2022-07,Ridge P (price only),124,1.043,90.15,115.169,1.335,62.9
ASPI,1,11,2022-07,XGBoost P (price only),124,1.08,93.31,120.285,1.401,58.1
ASPI,1,11,2022-07,Ridge P+M (+macro),124,1.105,95.732,119.637,1.381,55.6
ASPI,1,11,2022-07,XGBoost P+M (+macro),124,1.229,106.548,134.469,1.568,55.6
ASPI,1,11,2022-07,Ridge P+M+N (+macro+news),124,1.124,97.241,120.768,1.392,56.5
ASPI,1,11,2022-07,XGBoost P+M+N (+macro+news),124,1.178,101.996,128.173,1.498,52.4
ASPI,1,12,2023-01,naive (no change),119,0.804,73.201,105.945,1.166,0.0
ASPI,1,12,2023-01,"ARIMA(1,1,1)",119,0.825,75.198,110.81,1.221,48.7
ASPI,1,12,2023-01,Ridge P (price only),119,0.767,69.734,102.038,1.123,60.5
ASPI,1,12,2023-01,XGBoost P (price only),119,0.78,70.966,102.069,1.124,58.0
ASPI,1,12,2023-01,Ridge P+M (+macro),119,0.804,73.148,106.868,1.179,60.5
ASPI,1,12,2023-01,XGBoost P+M (+macro),119,0.805,73.467,106.817,1.171,63.0
ASPI,1,12,2023-01,Ridge P+M+N (+macro+news),119,0.804,73.138,106.958,1.18,60.5
ASPI,1,12,2023-01,XGBoost P+M+N (+macro+news),119,0.834,76.066,110.156,1.209,62.2
ASPI,1,13,2023-07,naive (no change),121,0.631,69.335,87.905,0.802,0.8
ASPI,1,13,2023-07,"ARIMA(1,1,1)",121,0.667,73.325,94.432,0.865,48.8
ASPI,1,13,2023-07,Ridge P (price only),121,0.615,67.607,86.523,0.788,59.5
ASPI,1,13,2023-07,XGBoost P (price only),121,0.655,72.083,92.708,0.843,49.6
ASPI,1,13,2023-07,Ridge P+M (+macro),121,0.663,72.987,93.149,0.842,54.5
ASPI,1,13,2023-07,XGBoost P+M (+macro),121,0.763,83.733,104.958,0.956,44.6
ASPI,1,13,2023-07,Ridge P+M+N (+macro+news),121,0.663,72.885,92.847,0.84,55.4
ASPI,1,13,2023-07,XGBoost P+M+N (+macro+news),121,0.693,76.161,96.009,0.874,44.6
ASPI,1,14,2024-01,naive (no change),115,0.453,52.334,65.889,0.568,0.0
ASPI,1,14,2024-01,"ARIMA(1,1,1)",115,0.449,51.908,65.111,0.56,55.7
ASPI,1,14,2024-01,Ridge P (price only),115,0.428,49.445,61.435,0.528,63.5
ASPI,1,14,2024-01,XGBoost P (price only),115,0.42,48.596,61.403,0.528,67.0
ASPI,1,14,2024-01,Ridge P+M (+macro),115,0.439,50.606,62.859,0.542,58.3
ASPI,1,14,2024-01,XGBoost P+M (+macro),115,0.403,46.616,60.1,0.516,72.2
ASPI,1,14,2024-01,Ridge P+M+N (+macro+news),115,0.438,50.539,62.673,0.541,60.0
ASPI,1,14,2024-01,XGBoost P+M+N (+macro+news),115,0.414,47.927,60.888,0.522,65.2
ASPI,1,15,2024-07,naive (no change),113,0.615,73.814,93.633,0.788,0.0
ASPI,1,15,2024-07,"ARIMA(1,1,1)",113,0.66,79.728,99.595,0.833,40.7
ASPI,1,15,2024-07,Ridge P (price only),113,0.565,67.587,85.555,0.722,63.7
ASPI,1,15,2024-07,XGBoost P (price only),113,0.564,67.318,84.034,0.71,68.1
ASPI,1,15,2024-07,Ridge P+M (+macro),113,0.559,66.757,84.688,0.716,67.3
ASPI,1,15,2024-07,XGBoost P+M (+macro),113,0.594,71.082,90.245,0.763,65.5
ASPI,1,15,2024-07,Ridge P+M+N (+macro+news),113,0.558,66.625,84.578,0.715,67.3
ASPI,1,15,2024-07,XGBoost P+M+N (+macro+news),113,0.579,69.278,87.508,0.739,61.9
ASPI,1,16,2025-01,naive (no change),113,0.897,146.062,197.71,1.232,0.0
ASPI,1,16,2025-01,"ARIMA(1,1,1)",113,0.882,143.325,198.38,1.235,58.4
ASPI,1,16,2025-01,Ridge P (price only),113,0.901,146.293,203.104,1.275,58.4
ASPI,1,16,2025-01,XGBoost P (price only),113,0.899,145.982,201.045,1.257,56.6
ASPI,1,16,2025-01,Ridge P+M (+macro),113,0.902,146.526,203.229,1.275,57.5
ASPI,1,16,2025-01,XGBoost P+M (+macro),113,0.881,143.015,196.378,1.225,57.5
ASPI,1,16,2025-01,Ridge P+M+N (+macro+news),113,0.902,146.374,203.143,1.274,57.5
ASPI,1,16,2025-01,XGBoost P+M+N (+macro+news),113,0.869,141.044,194.919,1.214,61.1
ASPI,1,17,2025-07,naive (no change),122,0.576,122.831,163.909,0.767,0.0
ASPI,1,17,2025-07,"ARIMA(1,1,1)",122,0.537,114.49,159.759,0.743,68.9
ASPI,1,17,2025-07,Ridge P (price only),122,0.529,113.195,157.844,0.733,69.7
ASPI,1,17,2025-07,XGBoost P (price only),122,0.527,112.399,158.276,0.736,68.9
ASPI,1,17,2025-07,Ridge P+M (+macro),122,0.527,112.813,157.227,0.73,69.7
ASPI,1,17,2025-07,XGBoost P+M (+macro),122,0.524,111.989,154.707,0.719,68.0
ASPI,1,17,2025-07,Ridge P+M+N (+macro+news),122,0.525,112.242,157.03,0.729,68.9
ASPI,1,17,2025-07,XGBoost P+M+N (+macro+news),122,0.528,112.771,156.026,0.725,70.5
ASPI,1,18,2026-01,naive (no change),118,0.765,168.894,276.427,1.256,0.0
ASPI,1,18,2026-01,"ARIMA(1,1,1)",118,0.785,173.163,278.422,1.263,51.7
ASPI,1,18,2026-01,Ridge P (price only),118,0.842,185.716,286.019,1.301,48.3
ASPI,1,18,2026-01,XGBoost P (price only),118,0.845,185.923,294.405,1.352,55.1
ASPI,1,18,2026-01,Ridge P+M (+macro),118,0.843,186.015,286.273,1.301,45.8
ASPI,1,18,2026-01,XGBoost P+M (+macro),118,0.828,182.093,292.942,1.341,59.3
ASPI,1,18,2026-01,Ridge P+M+N (+macro+news),118,0.846,186.741,286.661,1.303,45.8
ASPI,1,18,2026-01,XGBoost P+M+N (+macro+news),118,0.812,178.84,291.078,1.331,53.4
ASPI,5,0,2017-01,naive (no change),117,0.848,53.847,74.558,1.202,0.0
ASPI,5,0,2017-01,"ARIMA(1,1,1)",117,0.86,54.687,77.358,1.245,48.7
ASPI,5,0,2017-01,Ridge P (price only),117,0.743,47.024,63.087,1.021,60.7
ASPI,5,0,2017-01,XGBoost P (price only),117,0.906,57.616,74.152,1.189,51.3
ASPI,5,0,2017-01,Ridge P+M (+macro),117,0.806,51.203,70.799,1.143,54.7
ASPI,5,0,2017-01,XGBoost P+M (+macro),117,1.04,66.002,86.864,1.396,38.5
ASPI,5,0,2017-01,Ridge P+M+N (+macro+news),117,0.832,52.701,73.619,1.193,59.8
ASPI,5,0,2017-01,XGBoost P+M+N (+macro+news),117,0.986,62.514,83.211,1.338,47.0
ASPI,5,1,2017-07,naive (no change),122,0.753,48.937,61.159,0.939,0.0
ASPI,5,1,2017-07,"ARIMA(1,1,1)",122,0.804,52.197,63.941,0.98,38.5
ASPI,5,1,2017-07,Ridge P (price only),122,0.679,44.116,55.92,0.859,65.6
ASPI,5,1,2017-07,XGBoost P (price only),122,0.85,55.302,71.38,1.096,46.7
ASPI,5,1,2017-07,Ridge P+M (+macro),122,0.712,46.294,58.187,0.89,54.1
ASPI,5,1,2017-07,XGBoost P+M (+macro),122,0.872,56.734,71.99,1.11,48.4
ASPI,5,1,2017-07,Ridge P+M+N (+macro+news),122,0.766,49.778,62.244,0.951,54.1
ASPI,5,1,2017-07,XGBoost P+M+N (+macro+news),122,0.758,49.376,63.927,0.984,51.6
ASPI,5,2,2018-01,naive (no change),116,0.678,43.362,54.339,0.849,0.0
ASPI,5,2,2018-01,"ARIMA(1,1,1)",116,0.678,43.4,54.383,0.85,37.1
ASPI,5,2,2018-01,Ridge P (price only),116,0.697,44.76,55.65,0.864,56.9
ASPI,5,2,2018-01,XGBoost P (price only),116,0.759,48.735,59.804,0.93,58.6
ASPI,5,2,2018-01,Ridge P+M (+macro),116,0.73,46.901,57.765,0.895,50.0
ASPI,5,2,2018-01,XGBoost P+M (+macro),116,0.799,51.234,62.729,0.98,50.9
ASPI,5,2,2018-01,Ridge P+M+N (+macro+news),116,0.764,49.058,60.807,0.943,50.0
ASPI,5,2,2018-01,XGBoost P+M+N (+macro+news),116,0.812,52.154,62.954,0.981,50.0
ASPI,5,3,2018-07,naive (no change),123,0.927,55.583,76.421,1.292,0.0
ASPI,5,3,2018-07,"ARIMA(1,1,1)",123,0.931,55.82,76.557,1.293,46.3
ASPI,5,3,2018-07,Ridge P (price only),123,1.106,66.294,88.857,1.496,43.1
ASPI,5,3,2018-07,XGBoost P (price only),123,1.006,60.381,84.185,1.423,60.2
ASPI,5,3,2018-07,Ridge P+M (+macro),123,1.126,67.422,89.282,1.503,41.5
ASPI,5,3,2018-07,XGBoost P+M (+macro),123,1.018,61.192,86.621,1.47,58.5
ASPI,5,3,2018-07,Ridge P+M+N (+macro+news),123,1.118,66.935,88.693,1.493,48.8
ASPI,5,3,2018-07,XGBoost P+M+N (+macro+news),123,1.014,60.937,84.614,1.435,55.3
ASPI,5,4,2019-01,naive (no change),117,1.07,59.351,74.274,1.334,0.0
ASPI,5,4,2019-01,"ARIMA(1,1,1)",117,1.046,57.944,72.507,1.306,62.4
ASPI,5,4,2019-01,Ridge P (price only),117,1.101,60.895,77.814,1.407,51.3
ASPI,5,4,2019-01,XGBoost P (price only),117,1.067,58.978,74.421,1.344,53.8
ASPI,5,4,2019-01,Ridge P+M (+macro),117,1.047,57.844,74.337,1.347,49.6
ASPI,5,4,2019-01,XGBoost P+M (+macro),117,1.015,56.177,74.255,1.338,61.5
ASPI,5,4,2019-01,Ridge P+M+N (+macro+news),117,1.01,55.698,72.275,1.315,57.3
ASPI,5,4,2019-01,XGBoost P+M+N (+macro+news),117,1.091,60.524,75.525,1.36,48.7
ASPI,5,5,2019-07,naive (no change),124,1.21,71.585,92.057,1.583,0.0
ASPI,5,5,2019-07,"ARIMA(1,1,1)",124,1.215,71.848,93.342,1.607,48.4
ASPI,5,5,2019-07,Ridge P (price only),124,1.149,68.175,90.773,1.548,67.7
ASPI,5,5,2019-07,XGBoost P (price only),124,1.258,74.641,96.321,1.635,54.0
ASPI,5,5,2019-07,Ridge P+M (+macro),124,1.186,70.29,91.007,1.555,54.8
ASPI,5,5,2019-07,XGBoost P+M (+macro),124,1.166,69.252,91.511,1.567,64.5
ASPI,5,5,2019-07,Ridge P+M+N (+macro+news),124,1.19,70.446,91.908,1.574,58.1
ASPI,5,5,2019-07,XGBoost P+M+N (+macro+news),124,1.175,69.691,92.337,1.583,62.9
ASPI,5,6,2020-01,naive (no change),82,3.213,158.563,247.911,4.832,0.0
ASPI,5,6,2020-01,"ARIMA(1,1,1)",82,3.21,158.392,247.685,4.829,57.3
ASPI,5,6,2020-01,Ridge P (price only),82,3.258,160.802,240.821,4.722,57.3
ASPI,5,6,2020-01,XGBoost P (price only),82,3.43,168.183,265.759,5.142,57.3
ASPI,5,6,2020-01,Ridge P+M (+macro),82,3.314,163.573,243.9,4.79,54.9
ASPI,5,6,2020-01,XGBoost P+M (+macro),82,3.335,163.786,262.088,5.083,48.8
ASPI,5,6,2020-01,Ridge P+M+N (+macro+news),82,3.319,163.981,243.321,4.78,53.7
ASPI,5,6,2020-01,XGBoost P+M+N (+macro+news),82,3.349,164.716,264.093,5.113,52.4
ASPI,5,7,2020-07,naive (no change),124,2.448,143.812,180.311,3.084,0.0
ASPI,5,7,2020-07,"ARIMA(1,1,1)",124,2.371,139.093,175.536,3.002,72.6
ASPI,5,7,2020-07,Ridge P (price only),124,2.312,135.088,175.727,3.012,70.2
ASPI,5,7,2020-07,XGBoost P (price only),124,2.508,146.166,178.424,3.06,50.0
ASPI,5,7,2020-07,Ridge P+M (+macro),124,2.304,134.554,173.711,2.981,68.5
ASPI,5,7,2020-07,XGBoost P+M (+macro),124,2.459,145.799,183.387,3.095,50.8
ASPI,5,7,2020-07,Ridge P+M+N (+macro+news),124,2.319,135.121,172.564,2.973,63.7
ASPI,5,7,2020-07,XGBoost P+M+N (+macro+news),124,2.438,143.854,179.395,3.044,56.5
ASPI,5,8,2021-01,naive (no change),114,3.033,232.208,307.875,4.021,0.0
ASPI,5,8,2021-01,"ARIMA(1,1,1)",114,3.028,231.774,307.549,4.012,54.4
ASPI,5,8,2021-01,Ridge P (price only),114,3.123,237.934,315.745,4.089,56.1
ASPI,5,8,2021-01,XGBoost P (price only),114,4.078,308.238,406.929,5.319,51.8
ASPI,5,8,2021-01,Ridge P+M (+macro),114,3.105,236.886,316.525,4.101,53.5
ASPI,5,8,2021-01,XGBoost P+M (+macro),114,3.584,272.809,360.74,4.741,47.4
ASPI,5,8,2021-01,Ridge P+M+N (+macro+news),114,3.104,236.681,314.488,4.079,51.8
ASPI,5,8,2021-01,XGBoost P+M+N (+macro+news),114,3.703,281.839,354.762,4.658,36.0
ASPI,5,9,2021-07,naive (no change),124,2.894,292.455,375.415,3.742,0.0
ASPI,5,9,2021-07,"ARIMA(1,1,1)",124,2.859,288.916,371.436,3.701,76.6
ASPI,5,9,2021-07,Ridge P (price only),124,2.774,280.703,363.59,3.615,64.5
ASPI,5,9,2021-07,XGBoost P (price only),124,2.9,292.981,377.344,3.789,58.9
ASPI,5,9,2021-07,Ridge P+M (+macro),124,2.823,286.217,373.882,3.703,62.1
ASPI,5,9,2021-07,XGBoost P+M (+macro),124,3.224,326.204,414.055,4.141,47.6
ASPI,5,9,2021-07,Ridge P+M+N (+macro+news),124,2.797,283.075,372.326,3.696,60.5
ASPI,5,9,2021-07,XGBoost P+M+N (+macro+news),124,2.649,267.26,346.345,3.477,65.3
ASPI,5,10,2022-01,naive (no change),107,4.762,438.139,608.967,6.162,0.0
ASPI,5,10,2022-01,"ARIMA(1,1,1)",107,4.953,455.941,629.215,6.338,29.0
ASPI,5,10,2022-01,Ridge P (price only),107,4.941,454.572,637.789,6.362,41.1
ASPI,5,10,2022-01,XGBoost P (price only),107,5.604,516.861,693.529,7.018,47.7
ASPI,5,10,2022-01,Ridge P+M (+macro),107,6.548,587.4,756.966,7.79,29.0
ASPI,5,10,2022-01,XGBoost P+M (+macro),107,5.882,539.531,729.734,7.346,33.6
ASPI,5,10,2022-01,Ridge P+M+N (+macro+news),107,6.811,613.02,789.847,8.084,29.0
ASPI,5,10,2022-01,XGBoost P+M+N (+macro+news),107,6.202,577.628,765.51,7.601,30.8
ASPI,5,11,2022-07,naive (no change),124,3.269,283.453,362.026,4.234,0.0
ASPI,5,11,2022-07,"ARIMA(1,1,1)",124,3.281,284.464,360.683,4.205,49.2
ASPI,5,11,2022-07,Ridge P (price only),124,3.225,279.434,349.615,4.102,55.6
ASPI,5,11,2022-07,XGBoost P (price only),124,3.428,296.955,368.546,4.272,52.4
ASPI,5,11,2022-07,Ridge P+M (+macro),124,4.182,360.48,428.211,4.918,57.3
ASPI,5,11,2022-07,XGBoost P+M (+macro),124,3.852,337.322,426.116,5.021,52.4
ASPI,5,11,2022-07,Ridge P+M+N (+macro+news),124,4.396,378.869,449.804,5.151,50.8
ASPI,5,11,2022-07,XGBoost P+M+N (+macro+news),124,3.914,342.926,432.611,5.123,49.2
ASPI,5,12,2023-01,naive (no change),119,2.385,220.263,295.276,3.274,0.0
ASPI,5,12,2023-01,"ARIMA(1,1,1)",119,2.385,220.292,295.379,3.275,46.2
ASPI,5,12,2023-01,Ridge P (price only),119,2.385,219.737,292.71,3.254,59.7
ASPI,5,12,2023-01,XGBoost P (price only),119,2.606,239.847,305.914,3.388,60.5
ASPI,5,12,2023-01,Ridge P+M (+macro),119,3.108,286.528,371.315,4.148,45.4
ASPI,5,12,2023-01,XGBoost P+M (+macro),119,2.714,249.437,314.423,3.474,46.2
ASPI,5,12,2023-01,Ridge P+M+N (+macro+news),119,3.114,287.238,372.29,4.158,45.4
ASPI,5,12,2023-01,XGBoost P+M+N (+macro+news),119,2.559,236.212,310.426,3.438,47.1
ASPI,5,13,2023-07,naive (no change),121,1.686,185.089,223.177,2.049,0.0
ASPI,5,13,2023-07,"ARIMA(1,1,1)",121,1.7,186.473,224.67,2.05,50.4
ASPI,5,13,2023-07,Ridge P (price only),121,1.602,176.414,217.669,1.973,52.9
ASPI,5,13,2023-07,XGBoost P (price only),121,1.895,208.955,273.28,2.513,45.5
ASPI,5,13,2023-07,Ridge P+M (+macro),121,2.332,257.505,319.503,2.857,49.6
ASPI,5,13,2023-07,XGBoost P+M (+macro),121,2.732,299.719,362.309,3.314,35.5
ASPI,5,13,2023-07,Ridge P+M+N (+macro+news),121,2.317,255.825,316.969,2.837,46.3
ASPI,5,13,2023-07,XGBoost P+M+N (+macro+news),121,2.714,297.478,363.812,3.345,36.4
ASPI,5,14,2024-01,naive (no change),115,1.502,173.426,215.085,1.889,0.0
ASPI,5,14,2024-01,"ARIMA(1,1,1)",115,1.511,174.456,216.933,1.906,42.6
ASPI,5,14,2024-01,Ridge P (price only),115,1.478,170.649,206.946,1.805,56.5
ASPI,5,14,2024-01,XGBoost P (price only),115,1.442,167.152,205.015,1.778,60.0
ASPI,5,14,2024-01,Ridge P+M (+macro),115,1.507,173.815,214.366,1.878,60.0
ASPI,5,14,2024-01,XGBoost P+M (+macro),115,1.468,168.599,212.828,1.874,55.7
ASPI,5,14,2024-01,Ridge P+M+N (+macro+news),115,1.503,173.385,213.447,1.869,60.0
ASPI,5,14,2024-01,XGBoost P+M+N (+macro+news),115,1.613,185.176,227.271,2.008,45.2
ASPI,5,15,2024-07,naive (no change),113,2.25,275.113,341.524,2.854,0.0
ASPI,5,15,2024-07,"ARIMA(1,1,1)",113,2.238,273.316,338.846,2.835,60.2
ASPI,5,15,2024-07,Ridge P (price only),113,2.001,243.779,309.056,2.603,70.8
ASPI,5,15,2024-07,XGBoost P (price only),113,1.966,238.409,302.016,2.562,73.5
ASPI,5,15,2024-07,Ridge P+M (+macro),113,1.919,232.805,299.519,2.533,72.6
ASPI,5,15,2024-07,XGBoost P+M (+macro),113,2.512,306.041,365.493,3.066,46.9
ASPI,5,15,2024-07,Ridge P+M+N (+macro+news),113,1.92,232.866,299.295,2.531,76.1
ASPI,5,15,2024-07,XGBoost P+M+N (+macro+news),113,2.442,297.619,356.012,2.989,38.1
ASPI,5,16,2025-01,naive (no change),113,2.404,396.985,482.583,2.941,0.0
ASPI,5,16,2025-01,"ARIMA(1,1,1)",113,2.362,389.483,476.657,2.902,61.9
ASPI,5,16,2025-01,Ridge P (price only),113,2.402,395.794,495.54,3.02,57.5
ASPI,5,16,2025-01,XGBoost P (price only),113,2.542,417.985,505.045,3.072,54.0
ASPI,5,16,2025-01,Ridge P+M (+macro),113,2.417,398.228,495.789,3.019,52.2
ASPI,5,16,2025-01,XGBoost P+M (+macro),113,2.562,417.847,554.782,3.345,61.9
ASPI,5,16,2025-01,Ridge P+M+N (+macro+news),113,2.413,397.455,494.765,3.011,52.2
ASPI,5,16,2025-01,XGBoost P+M+N (+macro+news),113,2.663,433.792,561.76,3.39,61.9
ASPI,5,17,2025-07,naive (no change),122,1.927,414.62,495.642,2.337,0.0
ASPI,5,17,2025-07,"ARIMA(1,1,1)",122,1.767,381.198,465.049,2.167,72.1
ASPI,5,17,2025-07,Ridge P (price only),122,1.775,383.844,479.576,2.235,67.2
ASPI,5,17,2025-07,XGBoost P (price only),122,1.55,334.294,434.484,2.024,77.9
ASPI,5,17,2025-07,Ridge P+M (+macro),122,1.736,375.649,468.837,2.184,68.0
ASPI,5,17,2025-07,XGBoost P+M (+macro),122,1.771,381.869,469.97,2.198,70.5
ASPI,5,17,2025-07,Ridge P+M+N (+macro+news),122,1.729,374.06,467.221,2.174,69.7
ASPI,5,17,2025-07,XGBoost P+M+N (+macro+news),122,1.701,368.193,456.651,2.122,76.2
ASPI,5,18,2026-01,naive (no change),118,2.127,468.63,649.727,2.935,0.0
ASPI,5,18,2026-01,"ARIMA(1,1,1)",118,2.123,468.53,647.364,2.933,55.9
ASPI,5,18,2026-01,Ridge P (price only),118,2.307,508.087,686.114,3.103,34.7
ASPI,5,18,2026-01,XGBoost P (price only),118,2.341,514.695,686.525,3.103,50.8
ASPI,5,18,2026-01,Ridge P+M (+macro),118,2.295,505.473,684.549,3.087,40.7
ASPI,5,18,2026-01,XGBoost P+M (+macro),118,2.392,526.085,705.509,3.172,41.5
ASPI,5,18,2026-01,Ridge P+M+N (+macro+news),118,2.318,510.215,687.878,3.099,40.7
ASPI,5,18,2026-01,XGBoost P+M+N (+macro+news),118,2.311,508.452,685.151,3.084,44.9
