bin_low,bin_high,n,mean_predicted,actual_frequency,gap,group,horizon_days,model,calibration
0.25,0.375,2,0.349,0.0,0.349,BANKS,5,Logistic,raw
0.375,0.5,21,0.456,0.714,0.258,BANKS,5,Logistic,raw
0.5,0.625,47,0.558,0.511,0.047,BANKS,5,Logistic,raw
0.625,0.75,25,0.671,0.6,0.071,BANKS,5,Logistic,raw
0.25,0.375,2,0.337,0.0,0.337,BANKS,5,Logistic,Platt
0.375,0.5,45,0.455,0.533,0.078,BANKS,5,Logistic,Platt
0.5,0.625,43,0.554,0.581,0.027,BANKS,5,Logistic,Platt
0.625,0.75,5,0.651,1.0,0.349,BANKS,5,Logistic,Platt
0.375,0.5,58,0.403,0.534,0.132,BANKS,5,Logistic,isotonic
0.5,0.625,7,0.55,0.714,0.164,BANKS,5,Logistic,isotonic
0.625,0.75,30,0.688,0.6,0.088,BANKS,5,Logistic,isotonic
0.25,0.375,9,0.32,0.333,0.014,BANKS,5,XGBoost,raw
0.375,0.5,16,0.44,0.75,0.31,BANKS,5,XGBoost,raw
0.5,0.625,32,0.549,0.688,0.138,BANKS,5,XGBoost,raw
0.625,0.75,13,0.703,0.385,0.318,BANKS,5,XGBoost,raw
0.75,0.875,24,0.815,0.5,0.315,BANKS,5,XGBoost,raw
0.875,1.0,1,0.9,0.0,0.9,BANKS,5,XGBoost,raw
0.375,0.5,66,0.48,0.636,0.157,BANKS,5,XGBoost,Platt
0.5,0.625,29,0.509,0.414,0.095,BANKS,5,XGBoost,Platt
0.375,0.5,44,0.447,0.614,0.167,BANKS,5,XGBoost,isotonic
0.5,0.625,51,0.55,0.529,0.021,BANKS,5,XGBoost,isotonic
0.25,0.375,11,0.316,0.455,0.139,BANKS,5,Logistic,raw
0.375,0.5,46,0.45,0.37,0.08,BANKS,5,Logistic,raw
0.5,0.625,52,0.544,0.635,0.091,BANKS,5,Logistic,raw
0.625,0.75,4,0.639,0.5,0.139,BANKS,5,Logistic,raw
0.375,0.5,17,0.461,0.353,0.108,BANKS,5,Logistic,Platt
0.5,0.625,94,0.555,0.532,0.024,BANKS,5,Logistic,Platt
0.625,0.75,2,0.63,0.5,0.13,BANKS,5,Logistic,Platt
0.375,0.5,15,0.471,0.4,0.071,BANKS,5,Logistic,isotonic
0.5,0.625,91,0.515,0.505,0.01,BANKS,5,Logistic,isotonic
0.625,0.75,7,0.643,0.714,0.071,BANKS,5,Logistic,isotonic
0.0,0.125,1,0.124,0.0,0.124,BANKS,5,XGBoost,raw
0.125,0.25,5,0.219,0.4,0.181,BANKS,5,XGBoost,raw
0.25,0.375,22,0.319,0.318,0.0,BANKS,5,XGBoost,raw
0.375,0.5,26,0.446,0.423,0.023,BANKS,5,XGBoost,raw
0.5,0.625,19,0.538,0.474,0.065,BANKS,5,XGBoost,raw
0.625,0.75,21,0.676,0.714,0.039,BANKS,5,XGBoost,raw
0.75,0.875,19,0.8,0.684,0.116,BANKS,5,XGBoost,raw
0.5,0.625,113,0.569,0.504,0.065,BANKS,5,XGBoost,Platt
0.375,0.5,15,0.446,0.4,0.046,BANKS,5,XGBoost,isotonic
0.5,0.625,98,0.587,0.52,0.066,BANKS,5,XGBoost,isotonic
0.125,0.25,1,0.249,1.0,0.751,BANKS,5,Logistic,raw
0.25,0.375,21,0.327,0.429,0.102,BANKS,5,Logistic,raw
0.375,0.5,34,0.448,0.294,0.154,BANKS,5,Logistic,raw
0.5,0.625,40,0.56,0.475,0.085,BANKS,5,Logistic,raw
0.625,0.75,9,0.658,0.222,0.436,BANKS,5,Logistic,raw
0.25,0.375,7,0.35,0.571,0.221,BANKS,5,Logistic,Platt
0.375,0.5,32,0.446,0.312,0.133,BANKS,5,Logistic,Platt
0.5,0.625,50,0.561,0.42,0.141,BANKS,5,Logistic,Platt
0.625,0.75,16,0.656,0.375,0.281,BANKS,5,Logistic,Platt
0.375,0.5,58,0.433,0.362,0.071,BANKS,5,Logistic,isotonic
0.5,0.625,20,0.543,0.55,0.007,BANKS,5,Logistic,isotonic
0.625,0.75,14,0.671,0.286,0.386,BANKS,5,Logistic,isotonic
0.75,0.875,10,0.767,0.4,0.367,BANKS,5,Logistic,isotonic
0.875,1.0,3,1.0,0.333,0.667,BANKS,5,Logistic,isotonic
0.125,0.25,10,0.222,0.1,0.122,BANKS,5,XGBoost,raw
0.25,0.375,24,0.301,0.5,0.199,BANKS,5,XGBoost,raw
0.375,0.5,21,0.44,0.333,0.106,BANKS,5,XGBoost,raw
0.5,0.625,21,0.56,0.571,0.011,BANKS,5,XGBoost,raw
0.625,0.75,10,0.703,0.4,0.303,BANKS,5,XGBoost,raw
0.75,0.875,17,0.803,0.235,0.567,BANKS,5,XGBoost,raw
0.875,1.0,2,0.889,0.5,0.389,BANKS,5,XGBoost,raw
0.5,0.625,105,0.554,0.39,0.164,BANKS,5,XGBoost,Platt
0.375,0.5,6,0.446,0.167,0.28,BANKS,5,XGBoost,isotonic
0.5,0.625,99,0.555,0.404,0.151,BANKS,5,XGBoost,isotonic
0.25,0.375,12,0.332,0.75,0.418,BANKS,5,Logistic,raw
0.375,0.5,13,0.463,0.385,0.078,BANKS,5,Logistic,raw
0.5,0.625,50,0.572,0.28,0.292,BANKS,5,Logistic,raw
0.625,0.75,27,0.672,0.444,0.228,BANKS,5,Logistic,raw
0.75,0.875,1,0.76,0.0,0.76,BANKS,5,Logistic,raw
0.375,0.5,54,0.477,0.37,0.107,BANKS,5,Logistic,Platt
0.5,0.625,49,0.512,0.408,0.103,BANKS,5,Logistic,Platt
0.375,0.5,33,0.43,0.455,0.024,BANKS,5,Logistic,isotonic
0.5,0.625,57,0.535,0.333,0.202,BANKS,5,Logistic,isotonic
0.625,0.75,5,0.714,0.4,0.314,BANKS,5,Logistic,isotonic
0.75,0.875,2,0.826,0.5,0.326,BANKS,5,Logistic,isotonic
0.875,1.0,6,1.0,0.5,0.5,BANKS,5,Logistic,isotonic
0.125,0.25,2,0.221,0.5,0.279,BANKS,5,XGBoost,raw
0.25,0.375,14,0.315,0.286,0.029,BANKS,5,XGBoost,raw
0.375,0.5,17,0.433,0.471,0.038,BANKS,5,XGBoost,raw
0.5,0.625,23,0.554,0.348,0.206,BANKS,5,XGBoost,raw
0.625,0.75,31,0.698,0.419,0.279,BANKS,5,XGBoost,raw
0.75,0.875,12,0.8,0.5,0.3,BANKS,5,XGBoost,raw
0.875,1.0,4,0.881,0.0,0.881,BANKS,5,XGBoost,raw
0.375,0.5,102,0.481,0.382,0.099,BANKS,5,XGBoost,Platt
0.5,0.625,1,0.502,1.0,0.498,BANKS,5,XGBoost,Platt
0.375,0.5,27,0.405,0.444,0.039,BANKS,5,XGBoost,isotonic
0.5,0.625,76,0.526,0.368,0.158,BANKS,5,XGBoost,isotonic
0.25,0.375,6,0.299,0.0,0.299,BANKS,5,Logistic,raw
0.375,0.5,27,0.439,0.556,0.117,BANKS,5,Logistic,raw
0.5,0.625,40,0.571,0.225,0.346,BANKS,5,Logistic,raw
0.625,0.75,23,0.687,0.348,0.339,BANKS,5,Logistic,raw
0.75,0.875,13,0.796,0.154,0.642,BANKS,5,Logistic,raw
0.375,0.5,105,0.473,0.314,0.159,BANKS,5,Logistic,Platt
0.5,0.625,4,0.508,0.25,0.258,BANKS,5,Logistic,Platt
0.375,0.5,43,0.415,0.419,0.004,BANKS,5,Logistic,isotonic
0.5,0.625,44,0.524,0.227,0.297,BANKS,5,Logistic,isotonic
0.625,0.75,22,0.714,0.273,0.442,BANKS,5,Logistic,isotonic
0.125,0.25,2,0.238,0.5,0.262,BANKS,5,XGBoost,raw
0.25,0.375,19,0.31,0.421,0.111,BANKS,5,XGBoost,raw
0.375,0.5,34,0.428,0.382,0.046,BANKS,5,XGBoost,raw
0.5,0.625,11,0.565,0.182,0.383,BANKS,5,XGBoost,raw
0.625,0.75,18,0.689,0.222,0.467,BANKS,5,XGBoost,raw
0.75,0.875,14,0.811,0.286,0.525,BANKS,5,XGBoost,raw
0.875,1.0,11,0.899,0.182,0.718,BANKS,5,XGBoost,raw
0.375,0.5,109,0.469,0.312,0.157,BANKS,5,XGBoost,Platt
0.25,0.375,1,0.345,0.0,0.345,BANKS,5,XGBoost,isotonic
0.375,0.5,108,0.474,0.315,0.16,BANKS,5,XGBoost,isotonic
0.125,0.25,2,0.221,0.0,0.221,BANKS,5,Logistic,raw
0.25,0.375,8,0.321,0.5,0.179,BANKS,5,Logistic,raw
0.375,0.5,27,0.452,0.593,0.141,BANKS,5,Logistic,raw
0.5,0.625,54,0.568,0.5,0.068,BANKS,5,Logistic,raw
0.625,0.75,27,0.662,0.556,0.107,BANKS,5,Logistic,raw
0.25,0.375,20,0.365,0.45,0.085,BANKS,5,Logistic,Platt
0.375,0.5,98,0.405,0.541,0.136,BANKS,5,Logistic,Platt
0.0,0.125,4,0.0,0.5,0.5,BANKS,5,Logistic,isotonic
0.375,0.5,114,0.402,0.526,0.124,BANKS,5,Logistic,isotonic
0.125,0.25,1,0.2,1.0,0.8,BANKS,5,XGBoost,raw
0.25,0.375,17,0.326,0.471,0.144,BANKS,5,XGBoost,raw
0.375,0.5,18,0.459,0.444,0.015,BANKS,5,XGBoost,raw
0.5,0.625,22,0.57,0.545,0.025,BANKS,5,XGBoost,raw
0.625,0.75,37,0.686,0.568,0.118,BANKS,5,XGBoost,raw
0.75,0.875,18,0.81,0.611,0.199,BANKS,5,XGBoost,raw
0.875,1.0,5,0.909,0.2,0.709,BANKS,5,XGBoost,raw
0.375,0.5,118,0.399,0.525,0.126,BANKS,5,XGBoost,Platt
0.25,0.375,5,0.28,0.2,0.08,BANKS,5,XGBoost,isotonic
0.375,0.5,113,0.413,0.54,0.127,BANKS,5,XGBoost,isotonic
0.125,0.25,3,0.24,1.0,0.76,BANKS,5,Logistic,raw
0.25,0.375,10,0.332,0.4,0.068,BANKS,5,Logistic,raw
0.375,0.5,15,0.446,0.333,0.112,BANKS,5,Logistic,raw
0.5,0.625,31,0.574,0.387,0.187,BANKS,5,Logistic,raw
0.625,0.75,3,0.668,0.333,0.335,BANKS,5,Logistic,raw
0.75,0.875,1,0.825,1.0,0.175,BANKS,5,Logistic,raw
0.875,1.0,17,0.961,0.588,0.373,BANKS,5,Logistic,raw
0.0,0.125,8,0.071,0.75,0.679,BANKS,5,Logistic,Platt
0.125,0.25,4,0.188,0.25,0.062,BANKS,5,Logistic,Platt
0.25,0.375,8,0.3,0.625,0.325,BANKS,5,Logistic,Platt
0.375,0.5,57,0.424,0.368,0.056,BANKS,5,Logistic,Platt
0.5,0.625,3,0.513,1.0,0.487,BANKS,5,Logistic,Platt
0.375,0.5,80,0.415,0.45,0.035,BANKS,5,Logistic,isotonic
0.125,0.25,7,0.203,0.571,0.369,BANKS,5,XGBoost,raw
0.25,0.375,8,0.323,0.5,0.177,BANKS,5,XGBoost,raw
0.375,0.5,13,0.447,0.231,0.216,BANKS,5,XGBoost,raw
0.5,0.625,12,0.542,0.167,0.376,BANKS,5,XGBoost,raw
0.625,0.75,7,0.677,0.429,0.249,BANKS,5,XGBoost,raw
0.75,0.875,14,0.809,0.429,0.38,BANKS,5,XGBoost,raw
0.875,1.0,19,0.926,0.737,0.19,BANKS,5,XGBoost,raw
0.375,0.5,80,0.409,0.45,0.041,BANKS,5,XGBoost,Platt
0.0,0.125,5,0.0,0.6,0.6,BANKS,5,XGBoost,isotonic
0.25,0.375,4,0.304,0.75,0.446,BANKS,5,XGBoost,isotonic
0.375,0.5,71,0.425,0.423,0.003,BANKS,5,XGBoost,isotonic
0.25,0.375,5,0.361,0.4,0.039,BANKS,5,Logistic,raw
0.375,0.5,22,0.446,0.682,0.236,BANKS,5,Logistic,raw
0.5,0.625,44,0.559,0.568,0.01,BANKS,5,Logistic,raw
0.625,0.75,37,0.676,0.459,0.216,BANKS,5,Logistic,raw
0.75,0.875,15,0.794,0.6,0.194,BANKS,5,Logistic,raw
0.875,1.0,2,0.895,0.0,0.895,BANKS,5,Logistic,raw
0.375,0.5,125,0.411,0.544,0.133,BANKS,5,Logistic,Platt
0.375,0.5,125,0.408,0.544,0.136,BANKS,5,Logistic,isotonic
0.125,0.25,2,0.235,0.0,0.235,BANKS,5,XGBoost,raw
0.25,0.375,12,0.326,0.583,0.258,BANKS,5,XGBoost,raw
0.375,0.5,18,0.431,0.556,0.125,BANKS,5,XGBoost,raw
0.5,0.625,27,0.564,0.481,0.083,BANKS,5,XGBoost,raw
0.625,0.75,18,0.699,0.611,0.088,BANKS,5,XGBoost,raw
0.75,0.875,26,0.801,0.5,0.301,BANKS,5,XGBoost,raw
0.875,1.0,22,0.913,0.636,0.276,BANKS,5,XGBoost,raw
0.25,0.375,10,0.366,0.3,0.066,BANKS,5,XGBoost,Platt
0.375,0.5,115,0.425,0.565,0.14,BANKS,5,XGBoost,Platt
0.25,0.375,7,0.306,0.286,0.02,BANKS,5,XGBoost,isotonic
0.375,0.5,112,0.428,0.571,0.143,BANKS,5,XGBoost,isotonic
0.5,0.625,3,0.5,0.667,0.167,BANKS,5,XGBoost,isotonic
0.875,1.0,3,1.0,0.0,1.0,BANKS,5,XGBoost,isotonic
0.125,0.25,3,0.177,0.0,0.177,BANKS,5,Logistic,raw
0.25,0.375,5,0.325,0.2,0.125,BANKS,5,Logistic,raw
0.375,0.5,17,0.47,0.471,0.001,BANKS,5,Logistic,raw
0.5,0.625,45,0.564,0.444,0.12,BANKS,5,Logistic,raw
0.625,0.75,30,0.683,0.567,0.116,BANKS,5,Logistic,raw
0.75,0.875,9,0.784,0.556,0.228,BANKS,5,Logistic,raw
0.875,1.0,2,0.908,1.0,0.092,BANKS,5,Logistic,raw
0.375,0.5,111,0.454,0.477,0.024,BANKS,5,Logistic,Platt
0.0,0.125,4,0.024,0.0,0.024,BANKS,5,Logistic,isotonic
0.25,0.375,2,0.317,0.5,0.183,BANKS,5,Logistic,isotonic
0.375,0.5,90,0.452,0.456,0.003,BANKS,5,Logistic,isotonic
0.5,0.625,15,0.539,0.733,0.194,BANKS,5,Logistic,isotonic
0.125,0.25,1,0.219,1.0,0.781,BANKS,5,XGBoost,raw
0.25,0.375,3,0.316,1.0,0.684,BANKS,5,XGBoost,raw
0.375,0.5,10,0.44,0.6,0.16,BANKS,5,XGBoost,raw
0.5,0.625,22,0.567,0.591,0.024,BANKS,5,XGBoost,raw
0.625,0.75,29,0.679,0.379,0.299,BANKS,5,XGBoost,raw
0.75,0.875,24,0.8,0.417,0.383,BANKS,5,XGBoost,raw
0.875,1.0,22,0.916,0.409,0.507,BANKS,5,XGBoost,raw
0.375,0.5,111,0.464,0.477,0.014,BANKS,5,XGBoost,Platt
0.25,0.375,2,0.35,1.0,0.65,BANKS,5,XGBoost,isotonic
0.375,0.5,74,0.455,0.514,0.059,BANKS,5,XGBoost,isotonic
0.5,0.625,32,0.518,0.312,0.206,BANKS,5,XGBoost,isotonic
0.75,0.875,1,0.755,1.0,0.245,BANKS,5,XGBoost,isotonic
0.875,1.0,2,0.976,1.0,0.024,BANKS,5,XGBoost,isotonic
0.125,0.25,1,0.184,0.0,0.184,BANKS,5,Logistic,raw
0.25,0.375,4,0.345,0.75,0.405,BANKS,5,Logistic,raw
0.375,0.5,23,0.437,0.609,0.172,BANKS,5,Logistic,raw
0.5,0.625,54,0.557,0.444,0.112,BANKS,5,Logistic,raw
0.625,0.75,30,0.679,0.467,0.213,BANKS,5,Logistic,raw
0.75,0.875,12,0.795,0.5,0.295,BANKS,5,Logistic,raw
0.375,0.5,103,0.464,0.476,0.012,BANKS,5,Logistic,Platt
0.5,0.625,21,0.515,0.571,0.056,BANKS,5,Logistic,Platt
0.0,0.125,1,0.0,0.0,0.0,BANKS,5,Logistic,isotonic
0.25,0.375,3,0.299,0.667,0.368,BANKS,5,Logistic,isotonic
0.375,0.5,96,0.465,0.479,0.014,BANKS,5,Logistic,isotonic
0.5,0.625,24,0.6,0.542,0.058,BANKS,5,Logistic,isotonic
0.125,0.25,1,0.241,1.0,0.759,BANKS,5,XGBoost,raw
0.25,0.375,16,0.311,0.562,0.252,BANKS,5,XGBoost,raw
0.375,0.5,14,0.435,0.5,0.065,BANKS,5,XGBoost,raw
0.5,0.625,29,0.583,0.621,0.037,BANKS,5,XGBoost,raw
0.625,0.75,42,0.689,0.381,0.309,BANKS,5,XGBoost,raw
0.75,0.875,22,0.791,0.455,0.337,BANKS,5,XGBoost,raw
0.375,0.5,108,0.464,0.5,0.036,BANKS,5,XGBoost,Platt
0.5,0.625,16,0.504,0.438,0.067,BANKS,5,XGBoost,Platt
0.375,0.5,124,0.47,0.492,0.022,BANKS,5,XGBoost,isotonic
0.0,0.125,2,0.09,0.5,0.41,BANKS,5,Logistic,raw
0.125,0.25,14,0.187,0.429,0.242,BANKS,5,Logistic,raw
0.25,0.375,18,0.341,0.167,0.175,BANKS,5,Logistic,raw
0.375,0.5,23,0.44,0.217,0.223,BANKS,5,Logistic,raw
0.5,0.625,17,0.553,0.235,0.317,BANKS,5,Logistic,raw
0.625,0.75,11,0.694,0.636,0.057,BANKS,5,Logistic,raw
0.75,0.875,5,0.796,0.6,0.196,BANKS,5,Logistic,raw
0.875,1.0,4,0.92,0.5,0.42,BANKS,5,Logistic,raw
0.25,0.375,5,0.352,0.4,0.048,BANKS,5,Logistic,Platt
0.375,0.5,59,0.45,0.254,0.196,BANKS,5,Logistic,Platt
0.5,0.625,26,0.542,0.462,0.08,BANKS,5,Logistic,Platt
0.625,0.75,3,0.644,0.667,0.023,BANKS,5,Logistic,Platt
0.75,0.875,1,0.772,0.0,0.772,BANKS,5,Logistic,Platt
0.0,0.125,2,0.054,0.5,0.446,BANKS,5,Logistic,isotonic
0.125,0.25,14,0.222,0.429,0.207,BANKS,5,Logistic,isotonic
0.25,0.375,13,0.35,0.231,0.119,BANKS,5,Logistic,isotonic
0.375,0.5,46,0.491,0.217,0.274,BANKS,5,Logistic,isotonic
0.5,0.625,9,0.575,0.556,0.019,BANKS,5,Logistic,isotonic
0.625,0.75,9,0.698,0.667,0.031,BANKS,5,Logistic,isotonic
0.875,1.0,1,1.0,0.0,1.0,BANKS,5,Logistic,isotonic
0.125,0.25,7,0.2,0.143,0.057,BANKS,5,XGBoost,raw
0.25,0.375,15,0.314,0.267,0.047,BANKS,5,XGBoost,raw
0.375,0.5,26,0.445,0.5,0.055,BANKS,5,XGBoost,raw
0.5,0.625,18,0.544,0.444,0.1,BANKS,5,XGBoost,raw
0.625,0.75,22,0.674,0.227,0.447,BANKS,5,XGBoost,raw
0.75,0.875,6,0.776,0.0,0.776,BANKS,5,XGBoost,raw
0.375,0.5,45,0.49,0.289,0.201,BANKS,5,XGBoost,Platt
0.5,0.625,49,0.51,0.367,0.142,BANKS,5,XGBoost,Platt
0.25,0.375,5,0.364,0.0,0.364,BANKS,5,XGBoost,isotonic
0.375,0.5,89,0.487,0.348,0.139,BANKS,5,XGBoost,isotonic
0.0,0.125,1,0.11,0.0,0.11,BANKS,5,Logistic,raw
0.125,0.25,5,0.213,0.4,0.187,BANKS,5,Logistic,raw
0.25,0.375,15,0.309,0.333,0.024,BANKS,5,Logistic,raw
0.375,0.5,21,0.425,0.429,0.004,BANKS,5,Logistic,raw
0.5,0.625,28,0.541,0.571,0.03,BANKS,5,Logistic,raw
0.625,0.75,20,0.674,0.55,0.124,BANKS,5,Logistic,raw
0.75,0.875,7,0.79,0.714,0.076,BANKS,5,Logistic,raw
0.875,1.0,1,0.901,0.0,0.901,BANKS,5,Logistic,raw
0.375,0.5,88,0.464,0.466,0.002,BANKS,5,Logistic,Platt
0.5,0.625,10,0.513,0.7,0.187,BANKS,5,Logistic,Platt
0.125,0.25,1,0.227,0.0,0.227,BANKS,5,Logistic,isotonic
0.375,0.5,85,0.454,0.471,0.016,BANKS,5,Logistic,isotonic
0.5,0.625,6,0.561,0.667,0.106,BANKS,5,Logistic,isotonic
0.625,0.75,6,0.657,0.667,0.01,BANKS,5,Logistic,isotonic
0.125,0.25,3,0.195,0.333,0.138,BANKS,5,XGBoost,raw
0.25,0.375,7,0.342,0.857,0.516,BANKS,5,XGBoost,raw
0.375,0.5,12,0.462,0.417,0.045,BANKS,5,XGBoost,raw
0.5,0.625,33,0.555,0.455,0.101,BANKS,5,XGBoost,raw
0.625,0.75,32,0.69,0.5,0.19,BANKS,5,XGBoost,raw
0.75,0.875,11,0.807,0.455,0.352,BANKS,5,XGBoost,raw
0.375,0.5,98,0.469,0.49,0.021,BANKS,5,XGBoost,Platt
0.0,0.125,1,0.0,1.0,1.0,BANKS,5,XGBoost,isotonic
0.375,0.5,88,0.466,0.5,0.034,BANKS,5,XGBoost,isotonic
0.5,0.625,3,0.571,0.333,0.238,BANKS,5,XGBoost,isotonic
0.75,0.875,6,0.797,0.333,0.464,BANKS,5,XGBoost,isotonic
0.125,0.25,1,0.245,1.0,0.755,BANKS,5,Logistic,raw
0.25,0.375,20,0.32,0.65,0.33,BANKS,5,Logistic,raw
0.375,0.5,43,0.446,0.558,0.113,BANKS,5,Logistic,raw
0.5,0.625,46,0.55,0.696,0.146,BANKS,5,Logistic,raw
0.625,0.75,7,0.655,0.714,0.06,BANKS,5,Logistic,raw
0.75,0.875,2,0.79,0.5,0.29,BANKS,5,Logistic,raw
0.375,0.5,109,0.465,0.633,0.168,BANKS,5,Logistic,Platt
0.5,0.625,10,0.523,0.7,0.177,BANKS,5,Logistic,Platt
0.375,0.5,113,0.465,0.637,0.173,BANKS,5,Logistic,isotonic
0.5,0.625,4,0.527,0.75,0.223,BANKS,5,Logistic,isotonic
0.625,0.75,2,0.67,0.5,0.17,BANKS,5,Logistic,isotonic
0.25,0.375,13,0.323,0.692,0.369,BANKS,5,XGBoost,raw
0.375,0.5,27,0.445,0.593,0.147,BANKS,5,XGBoost,raw
0.5,0.625,48,0.564,0.604,0.04,BANKS,5,XGBoost,raw
0.625,0.75,25,0.682,0.68,0.002,BANKS,5,XGBoost,raw
0.75,0.875,6,0.774,0.833,0.059,BANKS,5,XGBoost,raw
0.375,0.5,119,0.478,0.639,0.16,BANKS,5,XGBoost,Platt
0.375,0.5,113,0.474,0.628,0.154,BANKS,5,XGBoost,isotonic
0.5,0.625,6,0.511,0.833,0.322,BANKS,5,XGBoost,isotonic
0.25,0.375,1,0.352,0.0,0.352,BANKS,5,Logistic,raw
0.375,0.5,53,0.457,0.585,0.128,BANKS,5,Logistic,raw
0.5,0.625,62,0.55,0.516,0.034,BANKS,5,Logistic,raw
0.625,0.75,6,0.66,0.167,0.493,BANKS,5,Logistic,raw
0.75,0.875,1,0.846,0.0,0.846,BANKS,5,Logistic,raw
0.375,0.5,83,0.492,0.554,0.062,BANKS,5,Logistic,Platt
0.5,0.625,40,0.508,0.45,0.058,BANKS,5,Logistic,Platt
0.375,0.5,85,0.47,0.565,0.095,BANKS,5,Logistic,isotonic
0.5,0.625,38,0.54,0.421,0.119,BANKS,5,Logistic,isotonic
0.125,0.25,2,0.191,1.0,0.809,BANKS,5,XGBoost,raw
0.25,0.375,24,0.321,0.583,0.263,BANKS,5,XGBoost,raw
0.375,0.5,23,0.445,0.652,0.207,BANKS,5,XGBoost,raw
0.5,0.625,34,0.554,0.412,0.142,BANKS,5,XGBoost,raw
0.625,0.75,28,0.688,0.571,0.116,BANKS,5,XGBoost,raw
0.75,0.875,11,0.807,0.273,0.534,BANKS,5,XGBoost,raw
0.875,1.0,1,0.902,0.0,0.902,BANKS,5,XGBoost,raw
0.375,0.5,54,0.463,0.407,0.055,BANKS,5,XGBoost,Platt
0.5,0.625,69,0.541,0.609,0.068,BANKS,5,XGBoost,Platt
0.25,0.375,2,0.273,1.0,0.727,BANKS,5,XGBoost,isotonic
0.375,0.5,3,0.385,1.0,0.615,BANKS,5,XGBoost,isotonic
0.5,0.625,117,0.504,0.504,0.0,BANKS,5,XGBoost,isotonic
0.875,1.0,1,1.0,0.0,1.0,BANKS,5,XGBoost,isotonic
0.25,0.375,4,0.351,0.5,0.149,BANKS,5,Logistic,raw
0.375,0.5,43,0.448,0.488,0.041,BANKS,5,Logistic,raw
0.5,0.625,55,0.553,0.491,0.062,BANKS,5,Logistic,raw
0.625,0.75,13,0.65,0.538,0.111,BANKS,5,Logistic,raw
0.375,0.5,88,0.485,0.466,0.019,BANKS,5,Logistic,Platt
0.5,0.625,27,0.507,0.593,0.086,BANKS,5,Logistic,Platt
0.375,0.5,114,0.496,0.491,0.005,BANKS,5,Logistic,isotonic
0.5,0.625,1,0.5,1.0,0.5,BANKS,5,Logistic,isotonic
0.125,0.25,5,0.188,0.0,0.188,BANKS,5,XGBoost,raw
0.25,0.375,16,0.332,0.312,0.019,BANKS,5,XGBoost,raw
0.375,0.5,28,0.443,0.571,0.128,BANKS,5,XGBoost,raw
0.5,0.625,37,0.557,0.514,0.044,BANKS,5,XGBoost,raw
0.625,0.75,27,0.67,0.63,0.04,BANKS,5,XGBoost,raw
0.75,0.875,2,0.78,0.0,0.78,BANKS,5,XGBoost,raw
0.375,0.5,61,0.459,0.525,0.066,BANKS,5,XGBoost,Platt
0.5,0.625,49,0.545,0.51,0.035,BANKS,5,XGBoost,Platt
0.625,0.75,5,0.637,0.0,0.637,BANKS,5,XGBoost,Platt
0.0,0.125,1,0.0,0.0,0.0,BANKS,5,XGBoost,isotonic
0.375,0.5,114,0.492,0.5,0.008,BANKS,5,XGBoost,isotonic
0.25,0.375,9,0.341,0.778,0.437,BANKS,5,Logistic,raw
0.375,0.5,57,0.44,0.439,0.001,BANKS,5,Logistic,raw
0.5,0.625,55,0.56,0.782,0.221,BANKS,5,Logistic,raw
0.625,0.75,4,0.661,0.75,0.089,BANKS,5,Logistic,raw
0.375,0.5,69,0.482,0.725,0.243,BANKS,5,Logistic,Platt
0.5,0.625,56,0.514,0.5,0.014,BANKS,5,Logistic,Platt
0.375,0.5,119,0.488,0.622,0.134,BANKS,5,Logistic,isotonic
0.5,0.625,4,0.524,0.5,0.024,BANKS,5,Logistic,isotonic
0.625,0.75,2,0.629,1.0,0.371,BANKS,5,Logistic,isotonic
0.125,0.25,7,0.217,0.429,0.211,BANKS,5,XGBoost,raw
0.25,0.375,21,0.322,0.381,0.059,BANKS,5,XGBoost,raw
0.375,0.5,36,0.443,0.583,0.14,BANKS,5,XGBoost,raw
0.5,0.625,43,0.558,0.744,0.186,BANKS,5,XGBoost,raw
0.625,0.75,17,0.672,0.765,0.092,BANKS,5,XGBoost,raw
0.75,0.875,1,0.769,1.0,0.231,BANKS,5,XGBoost,raw
0.375,0.5,61,0.469,0.754,0.285,BANKS,5,XGBoost,Platt
0.5,0.625,64,0.541,0.5,0.041,BANKS,5,XGBoost,Platt
0.25,0.375,1,0.375,0.0,0.375,BANKS,5,XGBoost,isotonic
0.375,0.5,124,0.491,0.629,0.138,BANKS,5,XGBoost,isotonic
0.25,0.375,8,0.352,0.5,0.148,BANKS,5,Logistic,raw
0.375,0.5,37,0.445,0.486,0.041,BANKS,5,Logistic,raw
0.5,0.625,61,0.556,0.492,0.064,BANKS,5,Logistic,raw
0.625,0.75,7,0.662,0.714,0.052,BANKS,5,Logistic,raw
0.75,0.875,1,0.764,0.0,0.764,BANKS,5,Logistic,raw
0.375,0.5,62,0.488,0.548,0.06,BANKS,5,Logistic,Platt
0.5,0.625,52,0.513,0.442,0.071,BANKS,5,Logistic,Platt
0.375,0.5,45,0.483,0.489,0.006,BANKS,5,Logistic,isotonic
0.5,0.625,69,0.533,0.507,0.026,BANKS,5,Logistic,isotonic
0.125,0.25,2,0.227,0.5,0.273,BANKS,5,XGBoost,raw
0.25,0.375,9,0.335,0.333,0.001,BANKS,5,XGBoost,raw
0.375,0.5,28,0.443,0.321,0.122,BANKS,5,XGBoost,raw
0.5,0.625,54,0.56,0.537,0.023,BANKS,5,XGBoost,raw
0.625,0.75,20,0.683,0.7,0.017,BANKS,5,XGBoost,raw
0.75,0.875,1,0.758,1.0,0.242,BANKS,5,XGBoost,raw
0.375,0.5,42,0.496,0.595,0.099,BANKS,5,XGBoost,Platt
0.5,0.625,72,0.507,0.444,0.062,BANKS,5,XGBoost,Platt
0.375,0.5,81,0.497,0.432,0.065,BANKS,5,XGBoost,isotonic
0.5,0.625,33,0.529,0.667,0.138,BANKS,5,XGBoost,isotonic
0.25,0.375,3,0.34,0.333,0.007,BANKS,5,Logistic,raw
0.375,0.5,33,0.455,0.545,0.091,BANKS,5,Logistic,raw
0.5,0.625,74,0.557,0.581,0.024,BANKS,5,Logistic,raw
0.625,0.75,14,0.636,0.786,0.149,BANKS,5,Logistic,raw
0.5,0.625,124,0.519,0.589,0.07,BANKS,5,Logistic,Platt
0.375,0.5,42,0.489,0.524,0.035,BANKS,5,Logistic,isotonic
0.5,0.625,82,0.585,0.622,0.037,BANKS,5,Logistic,isotonic
0.125,0.25,3,0.243,0.333,0.091,BANKS,5,XGBoost,raw
0.25,0.375,17,0.332,0.412,0.08,BANKS,5,XGBoost,raw
0.375,0.5,31,0.441,0.548,0.108,BANKS,5,XGBoost,raw
0.5,0.625,45,0.561,0.689,0.128,BANKS,5,XGBoost,raw
0.625,0.75,28,0.669,0.607,0.062,BANKS,5,XGBoost,raw
0.5,0.625,124,0.523,0.589,0.066,BANKS,5,XGBoost,Platt
0.375,0.5,40,0.488,0.5,0.012,BANKS,5,XGBoost,isotonic
0.5,0.625,84,0.545,0.631,0.086,BANKS,5,XGBoost,isotonic
0.25,0.375,3,0.349,0.667,0.318,BANKS,5,Logistic,raw
0.375,0.5,47,0.444,0.489,0.045,BANKS,5,Logistic,raw
0.5,0.625,65,0.558,0.446,0.112,BANKS,5,Logistic,raw
0.625,0.75,3,0.649,0.667,0.018,BANKS,5,Logistic,raw
0.5,0.625,118,0.543,0.475,0.068,BANKS,5,Logistic,Platt
0.375,0.5,50,0.492,0.5,0.008,BANKS,5,Logistic,isotonic
0.5,0.625,61,0.602,0.459,0.142,BANKS,5,Logistic,isotonic
0.625,0.75,7,0.683,0.429,0.254,BANKS,5,Logistic,isotonic
0.125,0.25,1,0.206,0.0,0.206,BANKS,5,XGBoost,raw
0.25,0.375,11,0.321,0.455,0.133,BANKS,5,XGBoost,raw
0.375,0.5,41,0.442,0.537,0.094,BANKS,5,XGBoost,raw
0.5,0.625,44,0.568,0.477,0.091,BANKS,5,XGBoost,raw
0.625,0.75,20,0.671,0.35,0.321,BANKS,5,XGBoost,raw
0.75,0.875,1,0.757,1.0,0.243,BANKS,5,XGBoost,raw
0.5,0.625,118,0.543,0.475,0.069,BANKS,5,XGBoost,Platt
0.375,0.5,1,0.455,0.0,0.455,BANKS,5,XGBoost,isotonic
0.5,0.625,117,0.549,0.479,0.07,BANKS,5,XGBoost,isotonic
0.25,0.375,2,0.349,0.0,0.349,BANKS,10,Logistic,raw
0.375,0.5,23,0.455,0.609,0.154,BANKS,10,Logistic,raw
0.5,0.625,51,0.561,0.471,0.09,BANKS,10,Logistic,raw
0.625,0.75,16,0.673,0.75,0.077,BANKS,10,Logistic,raw
0.75,0.875,3,0.762,1.0,0.238,BANKS,10,Logistic,raw
0.375,0.5,39,0.462,0.513,0.05,BANKS,10,Logistic,Platt
0.5,0.625,53,0.538,0.566,0.028,BANKS,10,Logistic,Platt
0.625,0.75,3,0.633,1.0,0.367,BANKS,10,Logistic,Platt
0.375,0.5,52,0.415,0.538,0.123,BANKS,10,Logistic,isotonic
0.5,0.625,26,0.557,0.423,0.134,BANKS,10,Logistic,isotonic
0.625,0.75,14,0.727,0.786,0.058,BANKS,10,Logistic,isotonic
0.875,1.0,3,0.875,1.0,0.125,BANKS,10,Logistic,isotonic
0.125,0.25,2,0.213,0.5,0.287,BANKS,10,XGBoost,raw
0.25,0.375,8,0.297,0.25,0.047,BANKS,10,XGBoost,raw
0.375,0.5,21,0.458,0.667,0.209,BANKS,10,XGBoost,raw
0.5,0.625,18,0.578,0.556,0.023,BANKS,10,XGBoost,raw
0.625,0.75,27,0.685,0.593,0.093,BANKS,10,XGBoost,raw
0.75,0.875,16,0.807,0.562,0.244,BANKS,10,XGBoost,raw
0.875,1.0,3,0.888,0.333,0.555,BANKS,10,XGBoost,raw
0.375,0.5,37,0.468,0.514,0.046,BANKS,10,XGBoost,Platt
0.5,0.625,58,0.535,0.586,0.052,BANKS,10,XGBoost,Platt
0.25,0.375,7,0.349,0.286,0.063,BANKS,10,XGBoost,isotonic
0.375,0.5,21,0.441,0.667,0.226,BANKS,10,XGBoost,isotonic
0.5,0.625,67,0.571,0.552,0.018,BANKS,10,XGBoost,isotonic
0.25,0.375,12,0.316,0.833,0.517,BANKS,10,Logistic,raw
0.375,0.5,57,0.45,0.474,0.024,BANKS,10,Logistic,raw
0.5,0.625,41,0.542,0.512,0.03,BANKS,10,Logistic,raw
0.625,0.75,3,0.647,1.0,0.353,BANKS,10,Logistic,raw
0.375,0.5,1,0.497,1.0,0.503,BANKS,10,Logistic,Platt
0.5,0.625,94,0.583,0.521,0.062,BANKS,10,Logistic,Platt
0.625,0.75,18,0.639,0.611,0.028,BANKS,10,Logistic,Platt
0.5,0.625,109,0.558,0.532,0.026,BANKS,10,Logistic,isotonic
0.625,0.75,3,0.69,0.667,0.023,BANKS,10,Logistic,isotonic
0.75,0.875,1,0.833,1.0,0.167,BANKS,10,Logistic,isotonic
0.0,0.125,3,0.11,0.667,0.557,BANKS,10,XGBoost,raw
0.125,0.25,20,0.185,0.35,0.165,BANKS,10,XGBoost,raw
0.25,0.375,18,0.313,0.278,0.035,BANKS,10,XGBoost,raw
0.375,0.5,20,0.433,0.6,0.167,BANKS,10,XGBoost,raw
0.5,0.625,21,0.562,0.762,0.2,BANKS,10,XGBoost,raw
0.625,0.75,16,0.672,0.438,0.234,BANKS,10,XGBoost,raw
0.75,0.875,12,0.829,0.833,0.004,BANKS,10,XGBoost,raw
0.875,1.0,3,0.897,0.667,0.231,BANKS,10,XGBoost,raw
0.5,0.625,82,0.585,0.512,0.073,BANKS,10,XGBoost,Platt
0.625,0.75,31,0.643,0.613,0.03,BANKS,10,XGBoost,Platt
0.375,0.5,32,0.481,0.344,0.137,BANKS,10,XGBoost,isotonic
0.5,0.625,19,0.552,0.474,0.078,BANKS,10,XGBoost,isotonic
0.625,0.75,53,0.638,0.642,0.003,BANKS,10,XGBoost,isotonic
0.75,0.875,6,0.75,0.833,0.083,BANKS,10,XGBoost,isotonic
0.875,1.0,3,1.0,0.667,0.333,BANKS,10,XGBoost,isotonic
0.25,0.375,21,0.325,0.619,0.294,BANKS,10,Logistic,raw
0.375,0.5,43,0.446,0.442,0.004,BANKS,10,Logistic,raw
0.5,0.625,34,0.55,0.265,0.285,BANKS,10,Logistic,raw
0.625,0.75,7,0.658,0.0,0.658,BANKS,10,Logistic,raw
0.375,0.5,1,0.499,1.0,0.501,BANKS,10,Logistic,Platt
0.5,0.625,101,0.565,0.396,0.169,BANKS,10,Logistic,Platt
0.625,0.75,3,0.631,0.0,0.631,BANKS,10,Logistic,Platt
0.5,0.625,95,0.544,0.432,0.113,BANKS,10,Logistic,isotonic
0.625,0.75,3,0.683,0.0,0.683,BANKS,10,Logistic,isotonic
0.75,0.875,4,0.769,0.0,0.769,BANKS,10,Logistic,isotonic
0.875,1.0,3,1.0,0.0,1.0,BANKS,10,Logistic,isotonic
0.0,0.125,3,0.104,0.0,0.104,BANKS,10,XGBoost,raw
0.125,0.25,4,0.199,0.25,0.051,BANKS,10,XGBoost,raw
0.25,0.375,13,0.321,0.692,0.371,BANKS,10,XGBoost,raw
0.375,0.5,30,0.438,0.433,0.005,BANKS,10,XGBoost,raw
0.5,0.625,25,0.547,0.6,0.053,BANKS,10,XGBoost,raw
0.625,0.75,12,0.688,0.167,0.521,BANKS,10,XGBoost,raw
0.75,0.875,15,0.805,0.067,0.738,BANKS,10,XGBoost,raw
0.875,1.0,3,0.909,0.0,0.909,BANKS,10,XGBoost,raw
0.5,0.625,100,0.575,0.41,0.165,BANKS,10,XGBoost,Platt
0.625,0.75,5,0.631,0.0,0.631,BANKS,10,XGBoost,Platt
0.375,0.5,20,0.464,0.5,0.036,BANKS,10,XGBoost,isotonic
0.5,0.625,80,0.613,0.388,0.226,BANKS,10,XGBoost,isotonic
0.625,0.75,5,0.7,0.0,0.7,BANKS,10,XGBoost,isotonic
0.125,0.25,1,0.24,1.0,0.76,BANKS,10,Logistic,raw
0.25,0.375,9,0.336,1.0,0.664,BANKS,10,Logistic,raw
0.375,0.5,20,0.447,0.3,0.147,BANKS,10,Logistic,raw
0.5,0.625,56,0.568,0.304,0.264,BANKS,10,Logistic,raw
0.625,0.75,15,0.66,0.4,0.26,BANKS,10,Logistic,raw
0.75,0.875,2,0.786,0.5,0.286,BANKS,10,Logistic,raw
0.25,0.375,8,0.337,0.5,0.163,BANKS,10,Logistic,Platt
0.375,0.5,61,0.445,0.328,0.117,BANKS,10,Logistic,Platt
0.5,0.625,30,0.553,0.4,0.153,BANKS,10,Logistic,Platt
0.625,0.75,4,0.663,1.0,0.337,BANKS,10,Logistic,Platt
0.375,0.5,96,0.484,0.385,0.098,BANKS,10,Logistic,isotonic
0.5,0.625,1,0.5,0.0,0.5,BANKS,10,Logistic,isotonic
0.875,1.0,6,1.0,0.5,0.5,BANKS,10,Logistic,isotonic
0.125,0.25,8,0.198,0.875,0.677,BANKS,10,XGBoost,raw
0.25,0.375,15,0.307,0.6,0.293,BANKS,10,XGBoost,raw
0.375,0.5,19,0.433,0.263,0.17,BANKS,10,XGBoost,raw
0.5,0.625,15,0.57,0.2,0.37,BANKS,10,XGBoost,raw
0.625,0.75,21,0.687,0.19,0.496,BANKS,10,XGBoost,raw
0.75,0.875,14,0.803,0.357,0.446,BANKS,10,XGBoost,raw
0.875,1.0,11,0.901,0.636,0.265,BANKS,10,XGBoost,raw
0.375,0.5,66,0.475,0.318,0.157,BANKS,10,XGBoost,Platt
0.5,0.625,37,0.514,0.514,0.0,BANKS,10,XGBoost,Platt
0.25,0.375,8,0.346,0.875,0.529,BANKS,10,XGBoost,isotonic
0.375,0.5,15,0.477,0.6,0.123,BANKS,10,XGBoost,isotonic
0.5,0.625,80,0.507,0.3,0.207,BANKS,10,XGBoost,isotonic
0.25,0.375,8,0.322,0.125,0.197,BANKS,10,Logistic,raw
0.375,0.5,31,0.442,0.484,0.042,BANKS,10,Logistic,raw
0.5,0.625,44,0.568,0.318,0.25,BANKS,10,Logistic,raw
0.625,0.75,22,0.674,0.136,0.538,BANKS,10,Logistic,raw
0.75,0.875,4,0.8,0.25,0.55,BANKS,10,Logistic,raw
0.25,0.375,15,0.336,0.133,0.202,BANKS,10,Logistic,Platt
0.375,0.5,61,0.438,0.328,0.11,BANKS,10,Logistic,Platt
0.5,0.625,33,0.544,0.364,0.18,BANKS,10,Logistic,Platt
0.375,0.5,87,0.462,0.345,0.117,BANKS,10,Logistic,isotonic
0.5,0.625,11,0.557,0.273,0.284,BANKS,10,Logistic,isotonic
0.75,0.875,11,0.8,0.091,0.709,BANKS,10,Logistic,isotonic
0.125,0.25,6,0.202,0.833,0.631,BANKS,10,XGBoost,raw
0.25,0.375,21,0.308,0.476,0.168,BANKS,10,XGBoost,raw
0.375,0.5,22,0.438,0.182,0.257,BANKS,10,XGBoost,raw
0.5,0.625,17,0.538,0.235,0.303,BANKS,10,XGBoost,raw
0.625,0.75,14,0.695,0.429,0.267,BANKS,10,XGBoost,raw
0.75,0.875,19,0.793,0.211,0.582,BANKS,10,XGBoost,raw
0.875,1.0,10,0.959,0.1,0.859,BANKS,10,XGBoost,raw
0.375,0.5,109,0.473,0.312,0.161,BANKS,10,XGBoost,Platt
0.25,0.375,1,0.357,1.0,0.643,BANKS,10,XGBoost,isotonic
0.375,0.5,76,0.467,0.368,0.099,BANKS,10,XGBoost,isotonic
0.5,0.625,24,0.514,0.167,0.347,BANKS,10,XGBoost,isotonic
0.875,1.0,8,0.988,0.125,0.863,BANKS,10,XGBoost,isotonic
0.25,0.375,6,0.323,0.333,0.01,BANKS,10,Logistic,raw
0.375,0.5,31,0.446,0.323,0.123,BANKS,10,Logistic,raw
0.5,0.625,54,0.571,0.593,0.022,BANKS,10,Logistic,raw
0.625,0.75,26,0.67,0.577,0.093,BANKS,10,Logistic,raw
0.75,0.875,1,0.76,0.0,0.76,BANKS,10,Logistic,raw
0.125,0.25,7,0.225,0.429,0.203,BANKS,10,Logistic,Platt
0.25,0.375,57,0.321,0.649,0.328,BANKS,10,Logistic,Platt
0.375,0.5,39,0.433,0.359,0.074,BANKS,10,Logistic,Platt
0.5,0.625,14,0.549,0.357,0.191,BANKS,10,Logistic,Platt
0.625,0.75,1,0.628,0.0,0.628,BANKS,10,Logistic,Platt
0.375,0.5,118,0.4,0.5,0.1,BANKS,10,Logistic,isotonic
0.125,0.25,6,0.211,0.667,0.456,BANKS,10,XGBoost,raw
0.25,0.375,13,0.321,0.462,0.141,BANKS,10,XGBoost,raw
0.375,0.5,17,0.444,0.412,0.033,BANKS,10,XGBoost,raw
0.5,0.625,25,0.572,0.56,0.012,BANKS,10,XGBoost,raw
0.625,0.75,23,0.696,0.565,0.131,BANKS,10,XGBoost,raw
0.75,0.875,19,0.812,0.421,0.391,BANKS,10,XGBoost,raw
0.875,1.0,15,0.917,0.467,0.451,BANKS,10,XGBoost,raw
0.25,0.375,13,0.373,0.462,0.088,BANKS,10,XGBoost,Platt
0.375,0.5,105,0.399,0.505,0.106,BANKS,10,XGBoost,Platt
0.375,0.5,118,0.405,0.5,0.095,BANKS,10,XGBoost,isotonic
0.125,0.25,1,0.238,1.0,0.762,BANKS,10,Logistic,raw
0.25,0.375,15,0.322,0.667,0.345,BANKS,10,Logistic,raw
0.375,0.5,19,0.437,0.053,0.385,BANKS,10,Logistic,raw
0.5,0.625,23,0.553,0.261,0.292,BANKS,10,Logistic,raw
0.625,0.75,6,0.68,0.5,0.18,BANKS,10,Logistic,raw
0.75,0.875,6,0.837,0.833,0.003,BANKS,10,Logistic,raw
0.875,1.0,10,0.979,0.5,0.479,BANKS,10,Logistic,raw
0.0,0.125,8,0.052,0.625,0.573,BANKS,10,Logistic,Platt
0.125,0.25,6,0.213,0.5,0.287,BANKS,10,Logistic,Platt
0.25,0.375,11,0.33,0.636,0.306,BANKS,10,Logistic,Platt
0.375,0.5,43,0.435,0.163,0.272,BANKS,10,Logistic,Platt
0.5,0.625,12,0.535,0.75,0.215,BANKS,10,Logistic,Platt
0.125,0.25,1,0.224,1.0,0.776,BANKS,10,Logistic,isotonic
0.25,0.375,11,0.364,0.727,0.364,BANKS,10,Logistic,isotonic
0.375,0.5,52,0.413,0.231,0.182,BANKS,10,Logistic,isotonic
0.875,1.0,16,1.0,0.625,0.375,BANKS,10,Logistic,isotonic
0.125,0.25,13,0.2,0.231,0.031,BANKS,10,XGBoost,raw
0.25,0.375,8,0.338,0.125,0.213,BANKS,10,XGBoost,raw
0.375,0.5,10,0.458,0.1,0.358,BANKS,10,XGBoost,raw
0.5,0.625,5,0.571,0.4,0.171,BANKS,10,XGBoost,raw
0.625,0.75,10,0.683,0.2,0.483,BANKS,10,XGBoost,raw
0.75,0.875,6,0.831,0.333,0.497,BANKS,10,XGBoost,raw
0.875,1.0,28,0.953,0.714,0.238,BANKS,10,XGBoost,raw
0.25,0.375,35,0.336,0.657,0.322,BANKS,10,XGBoost,Platt
0.375,0.5,45,0.439,0.178,0.261,BANKS,10,XGBoost,Platt
0.375,0.5,80,0.416,0.388,0.028,BANKS,10,XGBoost,isotonic
0.125,0.25,1,0.151,1.0,0.849,BANKS,10,Logistic,raw
0.25,0.375,5,0.319,0.8,0.481,BANKS,10,Logistic,raw
0.375,0.5,26,0.447,0.692,0.246,BANKS,10,Logistic,raw
0.5,0.625,44,0.564,0.636,0.073,BANKS,10,Logistic,raw
0.625,0.75,40,0.678,0.55,0.128,BANKS,10,Logistic,raw
0.75,0.875,8,0.774,0.375,0.399,BANKS,10,Logistic,raw
0.875,1.0,1,0.88,0.0,0.88,BANKS,10,Logistic,raw
0.25,0.375,22,0.365,0.773,0.408,BANKS,10,Logistic,Platt
0.375,0.5,103,0.401,0.573,0.172,BANKS,10,Logistic,Platt
0.0,0.125,1,0.0,1.0,1.0,BANKS,10,Logistic,isotonic
0.25,0.375,5,0.353,0.8,0.447,BANKS,10,Logistic,isotonic
0.375,0.5,119,0.39,0.597,0.207,BANKS,10,Logistic,isotonic
0.125,0.25,5,0.194,0.8,0.606,BANKS,10,XGBoost,raw
0.25,0.375,12,0.306,0.583,0.277,BANKS,10,XGBoost,raw
0.375,0.5,11,0.433,0.636,0.203,BANKS,10,XGBoost,raw
0.5,0.625,19,0.557,0.632,0.075,BANKS,10,XGBoost,raw
0.625,0.75,35,0.679,0.543,0.137,BANKS,10,XGBoost,raw
0.75,0.875,19,0.804,0.579,0.225,BANKS,10,XGBoost,raw
0.875,1.0,24,0.951,0.667,0.284,BANKS,10,XGBoost,raw
0.25,0.375,22,0.363,0.591,0.228,BANKS,10,XGBoost,Platt
0.375,0.5,103,0.404,0.612,0.208,BANKS,10,XGBoost,Platt
0.25,0.375,24,0.331,0.625,0.294,BANKS,10,XGBoost,isotonic
0.375,0.5,85,0.391,0.588,0.197,BANKS,10,XGBoost,isotonic
0.5,0.625,14,0.545,0.643,0.097,BANKS,10,XGBoost,isotonic
0.75,0.875,2,0.857,1.0,0.143,BANKS,10,XGBoost,isotonic
0.125,0.25,2,0.185,0.0,0.185,BANKS,10,Logistic,raw
0.25,0.375,9,0.321,0.222,0.098,BANKS,10,Logistic,raw
0.375,0.5,19,0.443,0.526,0.083,BANKS,10,Logistic,raw
0.5,0.625,47,0.561,0.447,0.114,BANKS,10,Logistic,raw
0.625,0.75,22,0.684,0.5,0.184,BANKS,10,Logistic,raw
0.75,0.875,9,0.787,0.556,0.232,BANKS,10,Logistic,raw
0.875,1.0,3,0.909,0.667,0.242,BANKS,10,Logistic,raw
0.25,0.375,1,0.372,0.0,0.372,BANKS,10,Logistic,Platt
0.375,0.5,107,0.444,0.458,0.014,BANKS,10,Logistic,Platt
0.5,0.625,3,0.518,0.667,0.149,BANKS,10,Logistic,Platt
0.25,0.375,25,0.3,0.4,0.1,BANKS,10,Logistic,isotonic
0.375,0.5,86,0.474,0.477,0.002,BANKS,10,Logistic,isotonic
0.125,0.25,7,0.186,0.857,0.671,BANKS,10,XGBoost,raw
0.25,0.375,7,0.33,1.0,0.67,BANKS,10,XGBoost,raw
0.375,0.5,8,0.438,0.5,0.062,BANKS,10,XGBoost,raw
0.5,0.625,16,0.558,0.5,0.058,BANKS,10,XGBoost,raw
0.625,0.75,17,0.697,0.294,0.403,BANKS,10,XGBoost,raw
0.75,0.875,24,0.806,0.625,0.181,BANKS,10,XGBoost,raw
0.875,1.0,32,0.932,0.188,0.745,BANKS,10,XGBoost,raw
0.25,0.375,6,0.368,0.833,0.465,BANKS,10,XGBoost,Platt
0.375,0.5,80,0.453,0.525,0.072,BANKS,10,XGBoost,Platt
0.5,0.625,25,0.506,0.16,0.346,BANKS,10,XGBoost,Platt
0.0,0.125,2,0.0,1.0,1.0,BANKS,10,XGBoost,isotonic
0.25,0.375,9,0.355,0.889,0.534,BANKS,10,XGBoost,isotonic
0.375,0.5,68,0.446,0.515,0.069,BANKS,10,XGBoost,isotonic
0.5,0.625,29,0.517,0.172,0.345,BANKS,10,XGBoost,isotonic
0.625,0.75,1,0.714,0.0,0.714,BANKS,10,XGBoost,isotonic
0.75,0.875,1,0.824,0.0,0.824,BANKS,10,XGBoost,isotonic
0.875,1.0,1,1.0,1.0,0.0,BANKS,10,XGBoost,isotonic
0.125,0.25,1,0.152,0.0,0.152,BANKS,10,Logistic,raw
0.25,0.375,7,0.339,0.571,0.233,BANKS,10,Logistic,raw
0.375,0.5,22,0.45,0.591,0.141,BANKS,10,Logistic,raw
0.5,0.625,48,0.56,0.375,0.185,BANKS,10,Logistic,raw
0.625,0.75,36,0.68,0.444,0.236,BANKS,10,Logistic,raw
0.75,0.875,10,0.798,0.4,0.398,BANKS,10,Logistic,raw
0.375,0.5,109,0.472,0.459,0.013,BANKS,10,Logistic,Platt
0.5,0.625,15,0.51,0.333,0.177,BANKS,10,Logistic,Platt
0.125,0.25,1,0.143,0.0,0.143,BANKS,10,Logistic,isotonic
0.375,0.5,61,0.452,0.459,0.007,BANKS,10,Logistic,isotonic
0.5,0.625,62,0.517,0.435,0.082,BANKS,10,Logistic,isotonic
0.0,0.125,2,0.112,0.0,0.112,BANKS,10,XGBoost,raw
0.125,0.25,5,0.205,0.2,0.005,BANKS,10,XGBoost,raw
0.25,0.375,11,0.326,0.182,0.144,BANKS,10,XGBoost,raw
0.375,0.5,18,0.435,0.556,0.12,BANKS,10,XGBoost,raw
0.5,0.625,28,0.558,0.536,0.023,BANKS,10,XGBoost,raw
0.625,0.75,23,0.683,0.391,0.292,BANKS,10,XGBoost,raw
0.75,0.875,31,0.808,0.484,0.324,BANKS,10,XGBoost,raw
0.875,1.0,6,0.886,0.5,0.386,BANKS,10,XGBoost,raw
0.375,0.5,124,0.47,0.444,0.027,BANKS,10,XGBoost,Platt
0.375,0.5,124,0.463,0.444,0.019,BANKS,10,XGBoost,isotonic
0.0,0.125,7,0.073,0.286,0.213,BANKS,10,Logistic,raw
0.125,0.25,14,0.188,0.214,0.026,BANKS,10,Logistic,raw
0.25,0.375,22,0.317,0.227,0.09,BANKS,10,Logistic,raw
0.375,0.5,18,0.446,0.222,0.224,BANKS,10,Logistic,raw
0.5,0.625,17,0.565,0.118,0.448,BANKS,10,Logistic,raw
0.625,0.75,11,0.684,0.364,0.321,BANKS,10,Logistic,raw
0.75,0.875,4,0.796,0.5,0.296,BANKS,10,Logistic,raw
0.875,1.0,1,0.965,0.0,0.965,BANKS,10,Logistic,raw
0.375,0.5,82,0.479,0.232,0.247,BANKS,10,Logistic,Platt
0.5,0.625,12,0.509,0.25,0.259,BANKS,10,Logistic,Platt
0.25,0.375,15,0.253,0.2,0.053,BANKS,10,Logistic,isotonic
0.375,0.5,77,0.468,0.247,0.221,BANKS,10,Logistic,isotonic
0.5,0.625,1,0.5,0.0,0.5,BANKS,10,Logistic,isotonic
0.875,1.0,1,1.0,0.0,1.0,BANKS,10,Logistic,isotonic
0.0,0.125,2,0.115,0.0,0.115,BANKS,10,XGBoost,raw
0.125,0.25,15,0.21,0.333,0.124,BANKS,10,XGBoost,raw
0.25,0.375,21,0.306,0.238,0.068,BANKS,10,XGBoost,raw
0.375,0.5,16,0.429,0.062,0.366,BANKS,10,XGBoost,raw
0.5,0.625,13,0.567,0.154,0.413,BANKS,10,XGBoost,raw
0.625,0.75,16,0.687,0.438,0.25,BANKS,10,XGBoost,raw
0.75,0.875,10,0.781,0.2,0.581,BANKS,10,XGBoost,raw
0.875,1.0,1,0.893,0.0,0.893,BANKS,10,XGBoost,raw
0.375,0.5,93,0.465,0.237,0.229,BANKS,10,XGBoost,Platt
0.5,0.625,1,0.502,0.0,0.502,BANKS,10,XGBoost,Platt
0.375,0.5,63,0.414,0.206,0.207,BANKS,10,XGBoost,isotonic
0.5,0.625,31,0.513,0.29,0.223,BANKS,10,XGBoost,isotonic
0.0,0.125,1,0.078,0.0,0.078,BANKS,10,Logistic,raw
0.125,0.25,11,0.192,0.182,0.01,BANKS,10,Logistic,raw
0.25,0.375,17,0.323,0.412,0.089,BANKS,10,Logistic,raw
0.375,0.5,19,0.434,0.421,0.013,BANKS,10,Logistic,raw
0.5,0.625,26,0.566,0.385,0.181,BANKS,10,Logistic,raw
0.625,0.75,18,0.684,0.611,0.073,BANKS,10,Logistic,raw
0.75,0.875,5,0.806,0.6,0.206,BANKS,10,Logistic,raw
0.875,1.0,1,0.929,0.0,0.929,BANKS,10,Logistic,raw
0.25,0.375,1,0.363,0.0,0.363,BANKS,10,Logistic,Platt
0.375,0.5,97,0.431,0.423,0.008,BANKS,10,Logistic,Platt
0.25,0.375,4,0.29,0.0,0.29,BANKS,10,Logistic,isotonic
0.375,0.5,92,0.439,0.435,0.004,BANKS,10,Logistic,isotonic
0.5,0.625,2,0.5,0.5,0.0,BANKS,10,Logistic,isotonic
0.125,0.25,9,0.179,0.556,0.377,BANKS,10,XGBoost,raw
0.25,0.375,5,0.319,0.6,0.281,BANKS,10,XGBoost,raw
0.375,0.5,10,0.434,0.2,0.234,BANKS,10,XGBoost,raw
0.5,0.625,20,0.573,0.35,0.223,BANKS,10,XGBoost,raw
0.625,0.75,24,0.694,0.5,0.194,BANKS,10,XGBoost,raw
0.75,0.875,27,0.807,0.407,0.4,BANKS,10,XGBoost,raw
0.875,1.0,3,0.911,0.333,0.577,BANKS,10,XGBoost,raw
0.375,0.5,98,0.441,0.418,0.023,BANKS,10,XGBoost,Platt
0.375,0.5,96,0.442,0.417,0.025,BANKS,10,XGBoost,isotonic
0.875,1.0,2,1.0,0.5,0.5,BANKS,10,XGBoost,isotonic
0.125,0.25,2,0.198,1.0,0.802,BANKS,10,Logistic,raw
0.25,0.375,25,0.322,0.68,0.358,BANKS,10,Logistic,raw
0.375,0.5,42,0.443,0.548,0.105,BANKS,10,Logistic,raw
0.5,0.625,35,0.562,0.8,0.238,BANKS,10,Logistic,raw
0.625,0.75,13,0.66,0.923,0.263,BANKS,10,Logistic,raw
0.75,0.875,2,0.808,1.0,0.192,BANKS,10,Logistic,raw
0.375,0.5,119,0.452,0.706,0.254,BANKS,10,Logistic,Platt
0.25,0.375,1,0.256,1.0,0.744,BANKS,10,Logistic,isotonic
0.375,0.5,117,0.466,0.701,0.235,BANKS,10,Logistic,isotonic
0.5,0.625,1,0.545,1.0,0.455,BANKS,10,Logistic,isotonic
0.125,0.25,2,0.238,1.0,0.762,BANKS,10,XGBoost,raw
0.25,0.375,13,0.309,0.923,0.614,BANKS,10,XGBoost,raw
0.375,0.5,29,0.443,0.586,0.143,BANKS,10,XGBoost,raw
0.5,0.625,30,0.575,0.6,0.025,BANKS,10,XGBoost,raw
0.625,0.75,33,0.676,0.727,0.051,BANKS,10,XGBoost,raw
0.75,0.875,12,0.782,0.917,0.135,BANKS,10,XGBoost,raw
0.375,0.5,119,0.453,0.706,0.253,BANKS,10,XGBoost,Platt
0.375,0.5,119,0.45,0.706,0.256,BANKS,10,XGBoost,isotonic
0.25,0.375,1,0.366,0.0,0.366,BANKS,10,Logistic,raw
0.375,0.5,53,0.455,0.623,0.167,BANKS,10,Logistic,raw
0.5,0.625,60,0.548,0.467,0.082,BANKS,10,Logistic,raw
0.625,0.75,8,0.66,0.625,0.035,BANKS,10,Logistic,raw
0.75,0.875,1,0.83,1.0,0.17,BANKS,10,Logistic,raw
0.375,0.5,123,0.476,0.545,0.069,BANKS,10,Logistic,Platt
0.375,0.5,123,0.488,0.545,0.057,BANKS,10,Logistic,isotonic
0.125,0.25,9,0.184,0.889,0.705,BANKS,10,XGBoost,raw
0.25,0.375,19,0.322,0.526,0.204,BANKS,10,XGBoost,raw
0.375,0.5,30,0.431,0.567,0.136,BANKS,10,XGBoost,raw
0.5,0.625,22,0.562,0.545,0.016,BANKS,10,XGBoost,raw
0.625,0.75,23,0.689,0.522,0.167,BANKS,10,XGBoost,raw
0.75,0.875,13,0.804,0.538,0.265,BANKS,10,XGBoost,raw
0.875,1.0,7,0.917,0.143,0.774,BANKS,10,XGBoost,raw
0.375,0.5,75,0.458,0.52,0.062,BANKS,10,XGBoost,Platt
0.5,0.625,48,0.522,0.583,0.062,BANKS,10,XGBoost,Platt
0.375,0.5,123,0.475,0.545,0.07,BANKS,10,XGBoost,isotonic
0.25,0.375,1,0.364,1.0,0.636,BANKS,10,Logistic,raw
0.375,0.5,45,0.462,0.556,0.093,BANKS,10,Logistic,raw
0.5,0.625,65,0.553,0.6,0.047,BANKS,10,Logistic,raw
0.625,0.75,4,0.645,0.5,0.145,BANKS,10,Logistic,raw
0.375,0.5,108,0.463,0.556,0.093,BANKS,10,Logistic,Platt
0.5,0.625,7,0.505,1.0,0.495,BANKS,10,Logistic,Platt
0.375,0.5,115,0.472,0.583,0.11,BANKS,10,Logistic,isotonic
0.125,0.25,9,0.194,0.444,0.251,BANKS,10,XGBoost,raw
0.25,0.375,22,0.307,0.5,0.193,BANKS,10,XGBoost,raw
0.375,0.5,24,0.443,0.625,0.182,BANKS,10,XGBoost,raw
0.5,0.625,23,0.56,0.478,0.082,BANKS,10,XGBoost,raw
0.625,0.75,21,0.672,0.714,0.043,BANKS,10,XGBoost,raw
0.75,0.875,11,0.818,0.545,0.272,BANKS,10,XGBoost,raw
0.875,1.0,5,0.901,1.0,0.099,BANKS,10,XGBoost,raw
0.375,0.5,79,0.454,0.595,0.141,BANKS,10,XGBoost,Platt
0.5,0.625,36,0.527,0.556,0.029,BANKS,10,XGBoost,Platt
0.375,0.5,115,0.465,0.583,0.118,BANKS,10,XGBoost,isotonic
0.25,0.375,9,0.349,0.889,0.54,BANKS,10,Logistic,raw
0.375,0.5,62,0.454,0.452,0.003,BANKS,10,Logistic,raw
0.5,0.625,52,0.546,0.885,0.338,BANKS,10,Logistic,raw
0.625,0.75,2,0.648,1.0,0.352,BANKS,10,Logistic,raw
0.375,0.5,71,0.474,0.803,0.329,BANKS,10,Logistic,Platt
0.5,0.625,54,0.523,0.5,0.023,BANKS,10,Logistic,Platt
0.375,0.5,125,0.499,0.672,0.173,BANKS,10,Logistic,isotonic
0.0,0.125,2,0.09,1.0,0.91,BANKS,10,XGBoost,raw
0.125,0.25,15,0.211,0.8,0.589,BANKS,10,XGBoost,raw
0.25,0.375,30,0.322,0.467,0.144,BANKS,10,XGBoost,raw
0.375,0.5,35,0.439,0.571,0.132,BANKS,10,XGBoost,raw
0.5,0.625,22,0.573,0.727,0.154,BANKS,10,XGBoost,raw
0.625,0.75,17,0.678,0.941,0.263,BANKS,10,XGBoost,raw
0.75,0.875,4,0.766,1.0,0.234,BANKS,10,XGBoost,raw
0.375,0.5,52,0.486,0.808,0.322,BANKS,10,XGBoost,Platt
0.5,0.625,73,0.512,0.575,0.063,BANKS,10,XGBoost,Platt
0.375,0.5,115,0.479,0.643,0.164,BANKS,10,XGBoost,isotonic
0.5,0.625,10,0.547,1.0,0.453,BANKS,10,XGBoost,isotonic
0.25,0.375,8,0.336,0.625,0.289,BANKS,10,Logistic,raw
0.375,0.5,45,0.445,0.533,0.088,BANKS,10,Logistic,raw
0.5,0.625,54,0.546,0.574,0.028,BANKS,10,Logistic,raw
0.625,0.75,7,0.68,0.857,0.177,BANKS,10,Logistic,raw
0.375,0.5,58,0.472,0.638,0.166,BANKS,10,Logistic,Platt
0.5,0.625,56,0.537,0.518,0.019,BANKS,10,Logistic,Platt
0.5,0.625,114,0.517,0.579,0.062,BANKS,10,Logistic,isotonic
0.0,0.125,1,0.062,1.0,0.938,BANKS,10,XGBoost,raw
0.125,0.25,1,0.167,1.0,0.833,BANKS,10,XGBoost,raw
0.25,0.375,12,0.323,0.583,0.26,BANKS,10,XGBoost,raw
0.375,0.5,21,0.436,0.524,0.088,BANKS,10,XGBoost,raw
0.5,0.625,34,0.568,0.5,0.068,BANKS,10,XGBoost,raw
0.625,0.75,38,0.676,0.605,0.071,BANKS,10,XGBoost,raw
0.75,0.875,7,0.791,0.857,0.066,BANKS,10,XGBoost,raw
0.5,0.625,114,0.512,0.579,0.067,BANKS,10,XGBoost,Platt
0.375,0.5,2,0.4,1.0,0.6,BANKS,10,XGBoost,isotonic
0.5,0.625,107,0.513,0.561,0.048,BANKS,10,XGBoost,isotonic
0.625,0.75,4,0.64,0.75,0.11,BANKS,10,XGBoost,isotonic
0.875,1.0,1,1.0,1.0,0.0,BANKS,10,XGBoost,isotonic
0.25,0.375,2,0.333,0.5,0.167,BANKS,10,Logistic,raw
0.375,0.5,45,0.456,0.667,0.211,BANKS,10,Logistic,raw
0.5,0.625,75,0.558,0.68,0.122,BANKS,10,Logistic,raw
0.625,0.75,2,0.642,1.0,0.358,BANKS,10,Logistic,raw
0.375,0.5,14,0.496,0.929,0.433,BANKS,10,Logistic,Platt
0.5,0.625,110,0.535,0.645,0.11,BANKS,10,Logistic,Platt
0.5,0.625,124,0.564,0.677,0.113,BANKS,10,Logistic,isotonic
0.0,0.125,2,0.091,1.0,0.909,BANKS,10,XGBoost,raw
0.125,0.25,12,0.201,0.833,0.632,BANKS,10,XGBoost,raw
0.25,0.375,23,0.314,0.696,0.381,BANKS,10,XGBoost,raw
0.375,0.5,32,0.428,0.438,0.01,BANKS,10,XGBoost,raw
0.5,0.625,31,0.562,0.839,0.277,BANKS,10,XGBoost,raw
0.625,0.75,20,0.677,0.65,0.027,BANKS,10,XGBoost,raw
0.75,0.875,4,0.783,0.75,0.033,BANKS,10,XGBoost,raw
0.5,0.625,124,0.552,0.677,0.125,BANKS,10,XGBoost,Platt
0.5,0.625,122,0.54,0.68,0.14,BANKS,10,XGBoost,isotonic
0.625,0.75,1,0.692,1.0,0.308,BANKS,10,XGBoost,isotonic
0.875,1.0,1,1.0,0.0,1.0,BANKS,10,XGBoost,isotonic
0.25,0.375,4,0.343,0.5,0.157,BANKS,10,Logistic,raw
0.375,0.5,49,0.449,0.51,0.061,BANKS,10,Logistic,raw
0.5,0.625,65,0.539,0.446,0.093,BANKS,10,Logistic,raw
0.5,0.625,92,0.596,0.457,0.139,BANKS,10,Logistic,Platt
0.625,0.75,26,0.635,0.538,0.096,BANKS,10,Logistic,Platt
0.5,0.625,57,0.537,0.526,0.01,BANKS,10,Logistic,isotonic
0.625,0.75,44,0.684,0.409,0.275,BANKS,10,Logistic,isotonic
0.75,0.875,16,0.797,0.438,0.359,BANKS,10,Logistic,isotonic
0.875,1.0,1,0.962,1.0,0.038,BANKS,10,Logistic,isotonic
0.125,0.25,3,0.201,0.667,0.466,BANKS,10,XGBoost,raw
0.25,0.375,17,0.323,0.588,0.265,BANKS,10,XGBoost,raw
0.375,0.5,33,0.449,0.455,0.006,BANKS,10,XGBoost,raw
0.5,0.625,33,0.566,0.303,0.262,BANKS,10,XGBoost,raw
0.625,0.75,25,0.689,0.56,0.129,BANKS,10,XGBoost,raw
0.75,0.875,7,0.773,0.714,0.058,BANKS,10,XGBoost,raw
0.5,0.625,115,0.586,0.47,0.116,BANKS,10,XGBoost,Platt
0.625,0.75,3,0.631,0.667,0.036,BANKS,10,XGBoost,Platt
0.5,0.625,95,0.58,0.453,0.127,BANKS,10,XGBoost,isotonic
0.625,0.75,23,0.663,0.565,0.098,BANKS,10,XGBoost,isotonic
0.375,0.5,9,0.455,0.889,0.434,BANKS,22,Logistic,raw
0.5,0.625,53,0.569,0.491,0.079,BANKS,22,Logistic,raw
0.625,0.75,33,0.669,0.545,0.124,BANKS,22,Logistic,raw
0.25,0.375,2,0.371,1.0,0.629,BANKS,22,Logistic,Platt
0.375,0.5,93,0.426,0.538,0.111,BANKS,22,Logistic,Platt
0.25,0.375,61,0.304,0.557,0.254,BANKS,22,Logistic,isotonic
0.375,0.5,9,0.41,0.556,0.146,BANKS,22,Logistic,isotonic
0.625,0.75,25,0.669,0.52,0.149,BANKS,22,Logistic,isotonic
0.125,0.25,2,0.219,0.5,0.281,BANKS,22,XGBoost,raw
0.25,0.375,11,0.3,0.727,0.427,BANKS,22,XGBoost,raw
0.375,0.5,18,0.444,0.444,0.001,BANKS,22,XGBoost,raw
0.5,0.625,18,0.554,0.556,0.002,BANKS,22,XGBoost,raw
0.625,0.75,29,0.694,0.517,0.176,BANKS,22,XGBoost,raw
0.75,0.875,14,0.812,0.643,0.169,BANKS,22,XGBoost,raw
0.875,1.0,3,0.889,0.333,0.556,BANKS,22,XGBoost,raw
0.25,0.375,16,0.356,0.688,0.332,BANKS,22,XGBoost,Platt
0.375,0.5,78,0.437,0.526,0.089,BANKS,22,XGBoost,Platt
0.5,0.625,1,0.503,0.0,0.503,BANKS,22,XGBoost,Platt
0.25,0.375,35,0.323,0.543,0.22,BANKS,22,XGBoost,isotonic
0.375,0.5,19,0.438,0.474,0.035,BANKS,22,XGBoost,isotonic
0.5,0.625,41,0.533,0.585,0.052,BANKS,22,XGBoost,isotonic
0.25,0.375,11,0.339,0.091,0.248,BANKS,22,Logistic,raw
0.375,0.5,47,0.441,0.404,0.036,BANKS,22,Logistic,raw
0.5,0.625,33,0.559,0.727,0.168,BANKS,22,Logistic,raw
0.625,0.75,18,0.662,0.722,0.06,BANKS,22,Logistic,raw
0.75,0.875,4,0.777,1.0,0.223,BANKS,22,Logistic,raw
0.375,0.5,1,0.486,0.0,0.486,BANKS,22,Logistic,Platt
0.5,0.625,80,0.576,0.438,0.139,BANKS,22,Logistic,Platt
0.625,0.75,32,0.658,0.812,0.155,BANKS,22,Logistic,Platt
0.5,0.625,83,0.526,0.446,0.08,BANKS,22,Logistic,isotonic
0.625,0.75,24,0.747,0.75,0.003,BANKS,22,Logistic,isotonic
0.75,0.875,6,0.804,1.0,0.196,BANKS,22,Logistic,isotonic
0.125,0.25,4,0.231,0.0,0.231,BANKS,22,XGBoost,raw
0.25,0.375,19,0.316,0.263,0.053,BANKS,22,XGBoost,raw
0.375,0.5,27,0.428,0.444,0.016,BANKS,22,XGBoost,raw
0.5,0.625,19,0.556,0.684,0.128,BANKS,22,XGBoost,raw
0.625,0.75,20,0.689,0.55,0.139,BANKS,22,XGBoost,raw
0.75,0.875,19,0.821,0.842,0.022,BANKS,22,XGBoost,raw
0.875,1.0,5,0.906,0.8,0.106,BANKS,22,XGBoost,raw
0.5,0.625,68,0.568,0.426,0.142,BANKS,22,XGBoost,Platt
0.625,0.75,45,0.668,0.711,0.043,BANKS,22,XGBoost,Platt
0.375,0.5,42,0.455,0.286,0.169,BANKS,22,XGBoost,isotonic
0.5,0.625,1,0.588,1.0,0.412,BANKS,22,XGBoost,isotonic
0.625,0.75,70,0.697,0.686,0.011,BANKS,22,XGBoost,isotonic
0.25,0.375,11,0.351,0.727,0.376,BANKS,22,Logistic,raw
0.375,0.5,34,0.438,0.324,0.115,BANKS,22,Logistic,raw
0.5,0.625,48,0.552,0.312,0.24,BANKS,22,Logistic,raw
0.625,0.75,12,0.672,0.0,0.672,BANKS,22,Logistic,raw
0.375,0.5,4,0.478,0.75,0.272,BANKS,22,Logistic,Platt
0.5,0.625,70,0.568,0.4,0.168,BANKS,22,Logistic,Platt
0.625,0.75,31,0.659,0.097,0.562,BANKS,22,Logistic,Platt
0.25,0.375,3,0.333,0.667,0.333,BANKS,22,Logistic,isotonic
0.5,0.625,58,0.541,0.414,0.127,BANKS,22,Logistic,isotonic
0.625,0.75,43,0.652,0.186,0.466,BANKS,22,Logistic,isotonic
0.875,1.0,1,1.0,0.0,1.0,BANKS,22,Logistic,isotonic
0.0,0.125,1,0.106,0.0,0.106,BANKS,22,XGBoost,raw
0.125,0.25,6,0.18,0.333,0.154,BANKS,22,XGBoost,raw
0.25,0.375,14,0.331,0.286,0.045,BANKS,22,XGBoost,raw
0.375,0.5,27,0.44,0.37,0.07,BANKS,22,XGBoost,raw
0.5,0.625,24,0.558,0.458,0.1,BANKS,22,XGBoost,raw
0.625,0.75,19,0.682,0.316,0.366,BANKS,22,XGBoost,raw
0.75,0.875,10,0.845,0.1,0.745,BANKS,22,XGBoost,raw
0.875,1.0,4,0.907,0.0,0.907,BANKS,22,XGBoost,raw
0.375,0.5,6,0.485,0.167,0.318,BANKS,22,XGBoost,Platt
0.5,0.625,69,0.576,0.406,0.17,BANKS,22,XGBoost,Platt
0.625,0.75,30,0.663,0.167,0.496,BANKS,22,XGBoost,Platt
0.25,0.375,11,0.325,0.273,0.052,BANKS,22,XGBoost,isotonic
0.5,0.625,10,0.548,0.3,0.248,BANKS,22,XGBoost,isotonic
0.625,0.75,84,0.656,0.333,0.323,BANKS,22,XGBoost,isotonic
0.25,0.375,17,0.329,0.0,0.329,BANKS,22,Logistic,raw
0.375,0.5,30,0.443,0.267,0.176,BANKS,22,Logistic,raw
0.5,0.625,42,0.557,0.286,0.271,BANKS,22,Logistic,raw
0.625,0.75,13,0.654,0.385,0.27,BANKS,22,Logistic,raw
0.75,0.875,1,0.805,0.0,0.805,BANKS,22,Logistic,raw
0.375,0.5,21,0.498,0.286,0.213,BANKS,22,Logistic,Platt
0.5,0.625,82,0.504,0.232,0.272,BANKS,22,Logistic,Platt
0.375,0.5,64,0.472,0.203,0.269,BANKS,22,Logistic,isotonic
0.5,0.625,38,0.511,0.316,0.196,BANKS,22,Logistic,isotonic
0.875,1.0,1,1.0,0.0,1.0,BANKS,22,Logistic,isotonic
0.0,0.125,2,0.059,1.0,0.941,BANKS,22,XGBoost,raw
0.125,0.25,12,0.191,0.5,0.309,BANKS,22,XGBoost,raw
0.25,0.375,12,0.315,0.083,0.231,BANKS,22,XGBoost,raw
0.375,0.5,23,0.449,0.217,0.231,BANKS,22,XGBoost,raw
0.5,0.625,22,0.569,0.136,0.433,BANKS,22,XGBoost,raw
0.625,0.75,18,0.696,0.167,0.53,BANKS,22,XGBoost,raw
0.75,0.875,11,0.815,0.273,0.542,BANKS,22,XGBoost,raw
0.875,1.0,3,0.893,0.667,0.227,BANKS,22,XGBoost,raw
0.25,0.375,4,0.36,1.0,0.64,BANKS,22,XGBoost,Platt
0.375,0.5,56,0.446,0.214,0.232,BANKS,22,XGBoost,Platt
0.5,0.625,43,0.545,0.209,0.335,BANKS,22,XGBoost,Platt
0.0,0.125,7,0.007,0.714,0.707,BANKS,22,XGBoost,isotonic
0.125,0.25,4,0.167,0.25,0.083,BANKS,22,XGBoost,isotonic
0.25,0.375,15,0.333,0.2,0.133,BANKS,22,XGBoost,isotonic
0.375,0.5,1,0.4,1.0,0.6,BANKS,22,XGBoost,isotonic
0.5,0.625,71,0.539,0.169,0.37,BANKS,22,XGBoost,isotonic
0.625,0.75,5,0.636,0.6,0.036,BANKS,22,XGBoost,isotonic
0.25,0.375,19,0.331,0.158,0.173,BANKS,22,Logistic,raw
0.375,0.5,48,0.452,0.25,0.202,BANKS,22,Logistic,raw
0.5,0.625,32,0.561,0.312,0.248,BANKS,22,Logistic,raw
0.625,0.75,9,0.662,0.0,0.662,BANKS,22,Logistic,raw
0.75,0.875,1,0.767,0.0,0.767,BANKS,22,Logistic,raw
0.25,0.375,21,0.353,0.143,0.21,BANKS,22,Logistic,Platt
0.375,0.5,84,0.429,0.262,0.167,BANKS,22,Logistic,Platt
0.5,0.625,4,0.521,0.0,0.521,BANKS,22,Logistic,Platt
0.0,0.125,3,0.006,0.0,0.006,BANKS,22,Logistic,isotonic
0.125,0.25,9,0.222,0.222,0.0,BANKS,22,Logistic,isotonic
0.25,0.375,26,0.338,0.154,0.184,BANKS,22,Logistic,isotonic
0.375,0.5,60,0.444,0.3,0.144,BANKS,22,Logistic,isotonic
0.5,0.625,10,0.516,0.1,0.416,BANKS,22,Logistic,isotonic
0.75,0.875,1,0.857,0.0,0.857,BANKS,22,Logistic,isotonic
0.0,0.125,2,0.106,0.5,0.394,BANKS,22,XGBoost,raw
0.125,0.25,14,0.201,0.429,0.227,BANKS,22,XGBoost,raw
0.25,0.375,25,0.323,0.32,0.003,BANKS,22,XGBoost,raw
0.375,0.5,21,0.423,0.238,0.185,BANKS,22,XGBoost,raw
0.5,0.625,21,0.561,0.048,0.513,BANKS,22,XGBoost,raw
0.625,0.75,10,0.669,0.1,0.569,BANKS,22,XGBoost,raw
0.75,0.875,10,0.822,0.3,0.522,BANKS,22,XGBoost,raw
0.875,1.0,6,0.894,0.0,0.894,BANKS,22,XGBoost,raw
0.25,0.375,24,0.353,0.417,0.063,BANKS,22,XGBoost,Platt
0.375,0.5,70,0.424,0.171,0.252,BANKS,22,XGBoost,Platt
0.5,0.625,15,0.526,0.2,0.326,BANKS,22,XGBoost,Platt
0.25,0.375,58,0.355,0.328,0.028,BANKS,22,XGBoost,isotonic
0.375,0.5,38,0.457,0.079,0.378,BANKS,22,XGBoost,isotonic
0.5,0.625,3,0.529,0.0,0.529,BANKS,22,XGBoost,isotonic
0.625,0.75,4,0.625,0.75,0.125,BANKS,22,XGBoost,isotonic
0.75,0.875,5,0.807,0.0,0.807,BANKS,22,XGBoost,isotonic
0.875,1.0,1,1.0,0.0,1.0,BANKS,22,XGBoost,isotonic
0.125,0.25,4,0.216,0.0,0.216,BANKS,22,Logistic,raw
0.25,0.375,21,0.326,0.238,0.088,BANKS,22,Logistic,raw
0.375,0.5,27,0.44,0.481,0.042,BANKS,22,Logistic,raw
0.5,0.625,31,0.571,0.355,0.216,BANKS,22,Logistic,raw
0.625,0.75,30,0.665,0.7,0.035,BANKS,22,Logistic,raw
0.75,0.875,5,0.767,0.8,0.033,BANKS,22,Logistic,raw
0.125,0.25,15,0.232,0.067,0.166,BANKS,22,Logistic,Platt
0.25,0.375,92,0.317,0.489,0.172,BANKS,22,Logistic,Platt
0.375,0.5,11,0.399,0.727,0.328,BANKS,22,Logistic,Platt
0.0,0.125,20,0.067,0.2,0.133,BANKS,22,Logistic,isotonic
0.125,0.25,24,0.246,0.5,0.254,BANKS,22,Logistic,isotonic
0.25,0.375,59,0.351,0.475,0.123,BANKS,22,Logistic,isotonic
0.375,0.5,15,0.472,0.667,0.195,BANKS,22,Logistic,isotonic
0.125,0.25,6,0.203,0.833,0.63,BANKS,22,XGBoost,raw
0.25,0.375,14,0.312,0.857,0.545,BANKS,22,XGBoost,raw
0.375,0.5,13,0.44,0.462,0.021,BANKS,22,XGBoost,raw
0.5,0.625,22,0.56,0.273,0.287,BANKS,22,XGBoost,raw
0.625,0.75,26,0.691,0.231,0.46,BANKS,22,XGBoost,raw
0.75,0.875,31,0.804,0.516,0.288,BANKS,22,XGBoost,raw
0.875,1.0,6,0.894,0.5,0.394,BANKS,22,XGBoost,raw
0.25,0.375,118,0.316,0.458,0.141,BANKS,22,XGBoost,Platt
0.125,0.25,13,0.217,0.769,0.553,BANKS,22,XGBoost,isotonic
0.25,0.375,101,0.335,0.416,0.081,BANKS,22,XGBoost,isotonic
0.5,0.625,3,0.5,0.667,0.167,BANKS,22,XGBoost,isotonic
0.75,0.875,1,0.758,0.0,0.758,BANKS,22,XGBoost,isotonic
0.0,0.125,15,0.056,1.0,0.944,BANKS,22,Logistic,raw
0.125,0.25,3,0.226,0.333,0.107,BANKS,22,Logistic,raw
0.25,0.375,13,0.309,0.231,0.078,BANKS,22,Logistic,raw
0.375,0.5,17,0.442,0.059,0.383,BANKS,22,Logistic,raw
0.5,0.625,20,0.543,0.2,0.343,BANKS,22,Logistic,raw
0.625,0.75,4,0.668,0.25,0.418,BANKS,22,Logistic,raw
0.75,0.875,2,0.849,1.0,0.151,BANKS,22,Logistic,raw
0.875,1.0,6,0.986,1.0,0.014,BANKS,22,Logistic,raw
0.0,0.125,14,0.077,1.0,0.923,BANKS,22,Logistic,Platt
0.125,0.25,17,0.218,0.294,0.076,BANKS,22,Logistic,Platt
0.25,0.375,34,0.32,0.147,0.173,BANKS,22,Logistic,Platt
0.375,0.5,7,0.402,0.143,0.26,BANKS,22,Logistic,Platt
0.5,0.625,2,0.569,1.0,0.431,BANKS,22,Logistic,Platt
0.625,0.75,1,0.742,1.0,0.258,BANKS,22,Logistic,Platt
0.75,0.875,2,0.865,1.0,0.135,BANKS,22,Logistic,Platt
0.875,1.0,3,0.912,1.0,0.088,BANKS,22,Logistic,Platt
0.0,0.125,22,0.0,0.818,0.818,BANKS,22,Logistic,isotonic
0.125,0.25,10,0.22,0.1,0.12,BANKS,22,Logistic,isotonic
0.25,0.375,13,0.319,0.0,0.319,BANKS,22,Logistic,isotonic
0.375,0.5,35,0.399,0.4,0.001,BANKS,22,Logistic,isotonic
0.125,0.25,15,0.203,0.067,0.136,BANKS,22,XGBoost,raw
0.25,0.375,17,0.3,0.235,0.065,BANKS,22,XGBoost,raw
0.375,0.5,14,0.423,0.143,0.28,BANKS,22,XGBoost,raw
0.5,0.625,4,0.584,0.5,0.084,BANKS,22,XGBoost,raw
0.625,0.75,8,0.682,0.625,0.057,BANKS,22,XGBoost,raw
0.75,0.875,18,0.806,0.944,0.138,BANKS,22,XGBoost,raw
0.875,1.0,4,0.895,0.5,0.395,BANKS,22,XGBoost,raw
0.25,0.375,72,0.328,0.458,0.13,BANKS,22,XGBoost,Platt
0.375,0.5,8,0.379,0.0,0.379,BANKS,22,XGBoost,Platt
0.25,0.375,59,0.316,0.237,0.079,BANKS,22,XGBoost,isotonic
0.375,0.5,21,0.416,0.905,0.489,BANKS,22,XGBoost,isotonic
0.0,0.125,2,0.102,0.5,0.398,BANKS,22,Logistic,raw
0.125,0.25,17,0.215,0.941,0.727,BANKS,22,Logistic,raw
0.25,0.375,29,0.32,0.828,0.508,BANKS,22,Logistic,raw
0.375,0.5,18,0.448,0.833,0.386,BANKS,22,Logistic,raw
0.5,0.625,35,0.572,0.771,0.199,BANKS,22,Logistic,raw
0.625,0.75,24,0.666,0.375,0.291,BANKS,22,Logistic,raw
0.0,0.125,13,0.096,0.846,0.75,BANKS,22,Logistic,Platt
0.125,0.25,41,0.175,0.829,0.655,BANKS,22,Logistic,Platt
0.25,0.375,34,0.318,0.882,0.565,BANKS,22,Logistic,Platt
0.375,0.5,34,0.422,0.471,0.049,BANKS,22,Logistic,Platt
0.5,0.625,3,0.526,0.333,0.193,BANKS,22,Logistic,Platt
0.0,0.125,34,0.032,0.882,0.85,BANKS,22,Logistic,isotonic
0.125,0.25,21,0.177,0.762,0.585,BANKS,22,Logistic,isotonic
0.25,0.375,53,0.364,0.755,0.391,BANKS,22,Logistic,isotonic
0.375,0.5,17,0.424,0.353,0.072,BANKS,22,Logistic,isotonic
0.0,0.125,3,0.117,0.333,0.217,BANKS,22,XGBoost,raw
0.125,0.25,14,0.191,0.857,0.666,BANKS,22,XGBoost,raw
0.25,0.375,15,0.331,0.6,0.269,BANKS,22,XGBoost,raw
0.375,0.5,18,0.443,0.778,0.334,BANKS,22,XGBoost,raw
0.5,0.625,23,0.562,0.826,0.264,BANKS,22,XGBoost,raw
0.625,0.75,27,0.681,0.667,0.014,BANKS,22,XGBoost,raw
0.75,0.875,18,0.818,0.944,0.127,BANKS,22,XGBoost,raw
0.875,1.0,7,0.927,0.286,0.641,BANKS,22,XGBoost,raw
0.25,0.375,125,0.307,0.736,0.429,BANKS,22,XGBoost,Platt
0.25,0.375,118,0.305,0.763,0.458,BANKS,22,XGBoost,isotonic
0.375,0.5,1,0.375,0.0,0.375,BANKS,22,XGBoost,isotonic
0.875,1.0,6,1.0,0.333,0.667,BANKS,22,XGBoost,isotonic
0.0,0.125,7,0.078,0.571,0.493,BANKS,22,Logistic,raw
0.125,0.25,11,0.201,0.818,0.617,BANKS,22,Logistic,raw
0.25,0.375,13,0.331,0.462,0.131,BANKS,22,Logistic,raw
0.375,0.5,27,0.457,0.407,0.049,BANKS,22,Logistic,raw
0.5,0.625,38,0.553,0.395,0.159,BANKS,22,Logistic,raw
0.625,0.75,10,0.662,0.4,0.262,BANKS,22,Logistic,raw
0.75,0.875,5,0.798,0.4,0.398,BANKS,22,Logistic,raw
0.375,0.5,111,0.434,0.459,0.025,BANKS,22,Logistic,Platt
0.375,0.5,105,0.427,0.457,0.03,BANKS,22,Logistic,isotonic
0.5,0.625,3,0.541,0.333,0.207,BANKS,22,Logistic,isotonic
0.75,0.875,1,0.856,0.0,0.856,BANKS,22,Logistic,isotonic
0.875,1.0,2,0.989,1.0,0.011,BANKS,22,Logistic,isotonic
0.125,0.25,1,0.206,1.0,0.794,BANKS,22,XGBoost,raw
0.25,0.375,15,0.321,0.667,0.345,BANKS,22,XGBoost,raw
0.375,0.5,20,0.446,0.7,0.254,BANKS,22,XGBoost,raw
0.5,0.625,16,0.571,0.562,0.008,BANKS,22,XGBoost,raw
0.625,0.75,26,0.697,0.308,0.389,BANKS,22,XGBoost,raw
0.75,0.875,30,0.802,0.3,0.502,BANKS,22,XGBoost,raw
0.875,1.0,3,0.927,0.0,0.927,BANKS,22,XGBoost,raw
0.375,0.5,109,0.452,0.468,0.016,BANKS,22,XGBoost,Platt
0.5,0.625,2,0.506,0.0,0.506,BANKS,22,XGBoost,Platt
0.375,0.5,78,0.407,0.538,0.131,BANKS,22,XGBoost,isotonic
0.5,0.625,27,0.592,0.333,0.259,BANKS,22,XGBoost,isotonic
0.625,0.75,4,0.636,0.0,0.636,BANKS,22,XGBoost,isotonic
0.875,1.0,2,1.0,0.0,1.0,BANKS,22,XGBoost,isotonic
0.125,0.25,2,0.204,1.0,0.796,BANKS,22,Logistic,raw
0.25,0.375,19,0.324,0.579,0.255,BANKS,22,Logistic,raw
0.375,0.5,39,0.445,0.538,0.093,BANKS,22,Logistic,raw
0.5,0.625,37,0.549,0.568,0.019,BANKS,22,Logistic,raw
0.625,0.75,23,0.67,0.565,0.105,BANKS,22,Logistic,raw
0.75,0.875,4,0.778,0.5,0.278,BANKS,22,Logistic,raw
0.375,0.5,124,0.492,0.565,0.073,BANKS,22,Logistic,Platt
0.375,0.5,54,0.451,0.574,0.123,BANKS,22,Logistic,isotonic
0.5,0.625,68,0.516,0.574,0.058,BANKS,22,Logistic,isotonic
0.625,0.75,1,0.627,0.0,0.627,BANKS,22,Logistic,isotonic
0.875,1.0,1,1.0,0.0,1.0,BANKS,22,Logistic,isotonic
0.125,0.25,5,0.197,0.6,0.403,BANKS,22,XGBoost,raw
0.25,0.375,15,0.313,0.667,0.353,BANKS,22,XGBoost,raw
0.375,0.5,26,0.439,0.346,0.093,BANKS,22,XGBoost,raw
0.5,0.625,24,0.565,0.625,0.06,BANKS,22,XGBoost,raw
0.625,0.75,29,0.693,0.552,0.142,BANKS,22,XGBoost,raw
0.75,0.875,25,0.804,0.68,0.124,BANKS,22,XGBoost,raw
0.375,0.5,83,0.489,0.53,0.042,BANKS,22,XGBoost,Platt
0.5,0.625,41,0.505,0.634,0.13,BANKS,22,XGBoost,Platt
0.125,0.25,2,0.222,1.0,0.778,BANKS,22,XGBoost,isotonic
0.375,0.5,83,0.486,0.518,0.032,BANKS,22,XGBoost,isotonic
0.5,0.625,39,0.523,0.641,0.118,BANKS,22,XGBoost,isotonic
0.0,0.125,14,0.043,0.143,0.1,BANKS,22,Logistic,raw
0.125,0.25,20,0.187,0.15,0.037,BANKS,22,Logistic,raw
0.25,0.375,19,0.31,0.263,0.047,BANKS,22,Logistic,raw
0.375,0.5,15,0.454,0.133,0.321,BANKS,22,Logistic,raw
0.5,0.625,13,0.568,0.308,0.26,BANKS,22,Logistic,raw
0.625,0.75,13,0.659,0.308,0.351,BANKS,22,Logistic,raw
0.375,0.5,23,0.475,0.304,0.171,BANKS,22,Logistic,Platt
0.5,0.625,54,0.558,0.204,0.354,BANKS,22,Logistic,Platt
0.625,0.75,14,0.679,0.143,0.536,BANKS,22,Logistic,Platt
0.75,0.875,3,0.763,0.0,0.763,BANKS,22,Logistic,Platt
0.5,0.625,94,0.529,0.213,0.316,BANKS,22,Logistic,isotonic
0.0,0.125,9,0.103,0.333,0.23,BANKS,22,XGBoost,raw
0.125,0.25,28,0.19,0.214,0.025,BANKS,22,XGBoost,raw
0.25,0.375,23,0.318,0.087,0.231,BANKS,22,XGBoost,raw
0.375,0.5,17,0.447,0.176,0.271,BANKS,22,XGBoost,raw
0.5,0.625,12,0.563,0.333,0.23,BANKS,22,XGBoost,raw
0.625,0.75,4,0.701,0.5,0.201,BANKS,22,XGBoost,raw
0.75,0.875,1,0.832,0.0,0.832,BANKS,22,XGBoost,raw
0.375,0.5,5,0.472,0.4,0.072,BANKS,22,XGBoost,Platt
0.5,0.625,79,0.571,0.177,0.394,BANKS,22,XGBoost,Platt
0.625,0.75,10,0.63,0.4,0.23,BANKS,22,XGBoost,Platt
0.375,0.5,25,0.45,0.28,0.17,BANKS,22,XGBoost,isotonic
0.5,0.625,69,0.536,0.188,0.347,BANKS,22,XGBoost,isotonic
0.0,0.125,11,0.077,0.273,0.196,BANKS,22,Logistic,raw
0.125,0.25,19,0.194,0.895,0.701,BANKS,22,Logistic,raw
0.25,0.375,21,0.318,0.619,0.301,BANKS,22,Logistic,raw
0.375,0.5,25,0.436,0.68,0.244,BANKS,22,Logistic,raw
0.5,0.625,13,0.568,0.538,0.029,BANKS,22,Logistic,raw
0.625,0.75,8,0.686,0.5,0.186,BANKS,22,Logistic,raw
0.75,0.875,1,0.767,0.0,0.767,BANKS,22,Logistic,raw
0.375,0.5,75,0.456,0.64,0.184,BANKS,22,Logistic,Platt
0.5,0.625,23,0.538,0.565,0.028,BANKS,22,Logistic,Platt
0.375,0.5,95,0.46,0.632,0.172,BANKS,22,Logistic,isotonic
0.5,0.625,3,0.5,0.333,0.167,BANKS,22,Logistic,isotonic
0.0,0.125,7,0.081,0.857,0.776,BANKS,22,XGBoost,raw
0.125,0.25,23,0.183,0.739,0.556,BANKS,22,XGBoost,raw
0.25,0.375,25,0.308,0.6,0.292,BANKS,22,XGBoost,raw
0.375,0.5,17,0.437,0.353,0.084,BANKS,22,XGBoost,raw
0.5,0.625,10,0.559,0.5,0.059,BANKS,22,XGBoost,raw
0.625,0.75,13,0.694,0.692,0.002,BANKS,22,XGBoost,raw
0.75,0.875,3,0.801,1.0,0.199,BANKS,22,XGBoost,raw
0.375,0.5,98,0.465,0.622,0.158,BANKS,22,XGBoost,Platt
0.0,0.125,5,0.002,0.8,0.798,BANKS,22,XGBoost,isotonic
0.375,0.5,93,0.459,0.613,0.154,BANKS,22,XGBoost,isotonic
0.0,0.125,14,0.101,0.643,0.542,BANKS,22,Logistic,raw
0.125,0.25,33,0.182,0.424,0.242,BANKS,22,Logistic,raw
0.25,0.375,21,0.313,0.714,0.401,BANKS,22,Logistic,raw
0.375,0.5,35,0.434,0.971,0.537,BANKS,22,Logistic,raw
0.5,0.625,13,0.556,0.923,0.368,BANKS,22,Logistic,raw
0.625,0.75,1,0.639,1.0,0.361,BANKS,22,Logistic,raw
0.75,0.875,2,0.77,1.0,0.23,BANKS,22,Logistic,raw
0.375,0.5,3,0.489,1.0,0.511,BANKS,22,Logistic,Platt
0.5,0.625,116,0.533,0.724,0.191,BANKS,22,Logistic,Platt
0.5,0.625,118,0.521,0.729,0.208,BANKS,22,Logistic,isotonic
0.625,0.75,1,0.667,1.0,0.333,BANKS,22,Logistic,isotonic
0.0,0.125,6,0.102,0.833,0.731,BANKS,22,XGBoost,raw
0.125,0.25,35,0.201,0.714,0.514,BANKS,22,XGBoost,raw
0.25,0.375,38,0.315,0.711,0.395,BANKS,22,XGBoost,raw
0.375,0.5,19,0.428,0.684,0.256,BANKS,22,XGBoost,raw
0.5,0.625,15,0.536,0.733,0.198,BANKS,22,XGBoost,raw
0.625,0.75,5,0.676,1.0,0.324,BANKS,22,XGBoost,raw
0.75,0.875,1,0.752,1.0,0.248,BANKS,22,XGBoost,raw
0.375,0.5,16,0.495,0.75,0.255,BANKS,22,XGBoost,Platt
0.5,0.625,103,0.522,0.728,0.206,BANKS,22,XGBoost,Platt
0.25,0.375,3,0.35,0.667,0.317,BANKS,22,XGBoost,isotonic
0.375,0.5,1,0.379,1.0,0.621,BANKS,22,XGBoost,isotonic
0.5,0.625,113,0.512,0.726,0.213,BANKS,22,XGBoost,isotonic
0.625,0.75,2,0.708,1.0,0.292,BANKS,22,XGBoost,isotonic
0.125,0.25,9,0.184,0.444,0.261,BANKS,22,Logistic,raw
0.25,0.375,8,0.334,0.25,0.084,BANKS,22,Logistic,raw
0.375,0.5,47,0.441,0.468,0.027,BANKS,22,Logistic,raw
0.5,0.625,42,0.563,0.452,0.111,BANKS,22,Logistic,raw
0.625,0.75,14,0.657,0.571,0.086,BANKS,22,Logistic,raw
0.75,0.875,3,0.777,0.333,0.444,BANKS,22,Logistic,raw
0.375,0.5,6,0.482,0.333,0.149,BANKS,22,Logistic,Platt
0.5,0.625,116,0.541,0.466,0.075,BANKS,22,Logistic,Platt
0.625,0.75,1,0.626,0.0,0.626,BANKS,22,Logistic,Platt
0.0,0.125,2,0.04,0.0,0.04,BANKS,22,Logistic,isotonic
0.125,0.25,6,0.199,0.667,0.468,BANKS,22,Logistic,isotonic
0.375,0.5,2,0.458,0.0,0.458,BANKS,22,Logistic,isotonic
0.5,0.625,113,0.545,0.46,0.085,BANKS,22,Logistic,isotonic
0.0,0.125,1,0.11,0.0,0.11,BANKS,22,XGBoost,raw
0.125,0.25,20,0.197,0.65,0.453,BANKS,22,XGBoost,raw
0.25,0.375,25,0.319,0.4,0.081,BANKS,22,XGBoost,raw
0.375,0.5,20,0.42,0.4,0.02,BANKS,22,XGBoost,raw
0.5,0.625,22,0.556,0.409,0.147,BANKS,22,XGBoost,raw
0.625,0.75,18,0.689,0.5,0.189,BANKS,22,XGBoost,raw
0.75,0.875,15,0.81,0.467,0.343,BANKS,22,XGBoost,raw
0.875,1.0,2,0.923,0.0,0.923,BANKS,22,XGBoost,raw
0.25,0.375,2,0.371,0.0,0.371,BANKS,22,XGBoost,Platt
0.375,0.5,39,0.449,0.462,0.012,BANKS,22,XGBoost,Platt
0.5,0.625,57,0.571,0.386,0.185,BANKS,22,XGBoost,Platt
0.625,0.75,25,0.654,0.64,0.014,BANKS,22,XGBoost,Platt
0.375,0.5,6,0.471,0.333,0.137,BANKS,22,XGBoost,isotonic
0.5,0.625,115,0.533,0.47,0.063,BANKS,22,XGBoost,isotonic
0.625,0.75,2,0.714,0.0,0.714,BANKS,22,XGBoost,isotonic
0.25,0.375,8,0.331,1.0,0.669,BANKS,22,Logistic,raw
0.375,0.5,45,0.446,0.444,0.001,BANKS,22,Logistic,raw
0.5,0.625,54,0.571,0.648,0.077,BANKS,22,Logistic,raw
0.625,0.75,8,0.644,0.875,0.231,BANKS,22,Logistic,raw
0.375,0.5,22,0.491,0.727,0.236,BANKS,22,Logistic,Platt
0.5,0.625,93,0.531,0.581,0.05,BANKS,22,Logistic,Platt
0.375,0.5,14,0.495,1.0,0.505,BANKS,22,Logistic,isotonic
0.5,0.625,101,0.531,0.554,0.023,BANKS,22,Logistic,isotonic
0.125,0.25,7,0.23,0.429,0.198,BANKS,22,XGBoost,raw
0.25,0.375,23,0.314,0.435,0.121,BANKS,22,XGBoost,raw
0.375,0.5,25,0.444,0.6,0.156,BANKS,22,XGBoost,raw
0.5,0.625,25,0.559,0.6,0.041,BANKS,22,XGBoost,raw
0.625,0.75,27,0.69,0.741,0.051,BANKS,22,XGBoost,raw
0.75,0.875,6,0.808,0.833,0.025,BANKS,22,XGBoost,raw
0.875,1.0,2,0.891,1.0,0.109,BANKS,22,XGBoost,raw
0.25,0.375,2,0.369,1.0,0.631,BANKS,22,XGBoost,Platt
0.375,0.5,40,0.452,0.725,0.273,BANKS,22,XGBoost,Platt
0.5,0.625,58,0.557,0.569,0.012,BANKS,22,XGBoost,Platt
0.625,0.75,15,0.64,0.4,0.24,BANKS,22,XGBoost,Platt
0.5,0.625,115,0.522,0.609,0.087,BANKS,22,XGBoost,isotonic
0.125,0.25,5,0.214,1.0,0.786,BANKS,22,Logistic,raw
0.25,0.375,16,0.327,0.625,0.298,BANKS,22,Logistic,raw
0.375,0.5,49,0.435,0.49,0.055,BANKS,22,Logistic,raw
0.5,0.625,48,0.544,0.854,0.31,BANKS,22,Logistic,raw
0.625,0.75,7,0.665,1.0,0.335,BANKS,22,Logistic,raw
0.375,0.5,10,0.479,1.0,0.521,BANKS,22,Logistic,Platt
0.5,0.625,108,0.553,0.648,0.095,BANKS,22,Logistic,Platt
0.625,0.75,7,0.656,1.0,0.344,BANKS,22,Logistic,Platt
0.5,0.625,125,0.543,0.696,0.153,BANKS,22,Logistic,isotonic
0.0,0.125,11,0.093,0.909,0.816,BANKS,22,XGBoost,raw
0.125,0.25,20,0.199,0.8,0.601,BANKS,22,XGBoost,raw
0.25,0.375,21,0.303,0.429,0.125,BANKS,22,XGBoost,raw
0.375,0.5,27,0.438,0.407,0.03,BANKS,22,XGBoost,raw
0.5,0.625,20,0.565,0.8,0.235,BANKS,22,XGBoost,raw
0.625,0.75,10,0.684,1.0,0.316,BANKS,22,XGBoost,raw
0.75,0.875,16,0.807,0.938,0.131,BANKS,22,XGBoost,raw
0.375,0.5,26,0.46,0.962,0.502,BANKS,22,XGBoost,Platt
0.5,0.625,77,0.564,0.532,0.032,BANKS,22,XGBoost,Platt
0.625,0.75,22,0.644,0.955,0.31,BANKS,22,XGBoost,Platt
0.0,0.125,1,0.0,1.0,1.0,BANKS,22,XGBoost,isotonic
0.5,0.625,111,0.536,0.658,0.121,BANKS,22,XGBoost,isotonic
0.625,0.75,13,0.697,1.0,0.303,BANKS,22,XGBoost,isotonic
0.25,0.375,10,0.325,0.8,0.475,BANKS,22,Logistic,raw
0.375,0.5,33,0.438,0.394,0.044,BANKS,22,Logistic,raw
0.5,0.625,56,0.56,0.554,0.006,BANKS,22,Logistic,raw
0.625,0.75,13,0.65,0.846,0.196,BANKS,22,Logistic,raw
0.75,0.875,2,0.79,1.0,0.21,BANKS,22,Logistic,raw
0.25,0.375,1,0.375,1.0,0.625,BANKS,22,Logistic,Platt
0.375,0.5,37,0.479,0.703,0.224,BANKS,22,Logistic,Platt
0.5,0.625,75,0.542,0.493,0.048,BANKS,22,Logistic,Platt
0.625,0.75,1,0.626,1.0,0.374,BANKS,22,Logistic,Platt
0.5,0.625,114,0.534,0.57,0.036,BANKS,22,Logistic,isotonic
0.125,0.25,3,0.176,0.667,0.49,BANKS,22,XGBoost,raw
0.25,0.375,11,0.338,0.727,0.389,BANKS,22,XGBoost,raw
0.375,0.5,23,0.45,0.565,0.116,BANKS,22,XGBoost,raw
0.5,0.625,31,0.586,0.516,0.07,BANKS,22,XGBoost,raw
0.625,0.75,33,0.692,0.515,0.177,BANKS,22,XGBoost,raw
0.75,0.875,13,0.783,0.692,0.091,BANKS,22,XGBoost,raw
0.375,0.5,42,0.48,0.571,0.092,BANKS,22,XGBoost,Platt
0.5,0.625,72,0.531,0.569,0.038,BANKS,22,XGBoost,Platt
0.5,0.625,109,0.527,0.56,0.032,BANKS,22,XGBoost,isotonic
0.625,0.75,5,0.715,0.8,0.085,BANKS,22,XGBoost,isotonic
0.25,0.375,6,0.329,0.833,0.504,BANKS,22,Logistic,raw
0.375,0.5,36,0.461,0.528,0.067,BANKS,22,Logistic,raw
0.5,0.625,68,0.553,0.838,0.285,BANKS,22,Logistic,raw
0.625,0.75,14,0.649,0.714,0.065,BANKS,22,Logistic,raw
0.5,0.625,124,0.552,0.734,0.182,BANKS,22,Logistic,Platt
0.5,0.625,124,0.576,0.734,0.157,BANKS,22,Logistic,isotonic
0.125,0.25,11,0.224,0.909,0.685,BANKS,22,XGBoost,raw
0.25,0.375,22,0.312,0.682,0.37,BANKS,22,XGBoost,raw
0.375,0.5,29,0.442,0.69,0.248,BANKS,22,XGBoost,raw
0.5,0.625,32,0.562,0.875,0.313,BANKS,22,XGBoost,raw
0.625,0.75,21,0.663,0.714,0.052,BANKS,22,XGBoost,raw
0.75,0.875,9,0.807,0.333,0.474,BANKS,22,XGBoost,raw
0.375,0.5,11,0.479,0.273,0.207,BANKS,22,XGBoost,Platt
0.5,0.625,110,0.562,0.782,0.22,BANKS,22,XGBoost,Platt
0.625,0.75,3,0.632,0.667,0.034,BANKS,22,XGBoost,Platt
0.5,0.625,116,0.56,0.767,0.208,BANKS,22,XGBoost,isotonic
0.75,0.875,8,0.769,0.25,0.519,BANKS,22,XGBoost,isotonic
0.25,0.375,1,0.334,0.0,0.334,SECTOR,5,Logistic,raw
0.375,0.5,24,0.45,0.583,0.133,SECTOR,5,Logistic,raw
0.5,0.625,30,0.565,0.7,0.135,SECTOR,5,Logistic,raw
0.625,0.75,7,0.677,1.0,0.323,SECTOR,5,Logistic,raw
0.375,0.5,26,0.458,0.538,0.08,SECTOR,5,Logistic,Platt
0.5,0.625,33,0.55,0.758,0.207,SECTOR,5,Logistic,Platt
0.625,0.75,3,0.658,1.0,0.342,SECTOR,5,Logistic,Platt
0.375,0.5,44,0.44,0.568,0.128,SECTOR,5,Logistic,isotonic
0.5,0.625,2,0.556,1.0,0.444,SECTOR,5,Logistic,isotonic
0.625,0.75,13,0.625,0.923,0.298,SECTOR,5,Logistic,isotonic
0.875,1.0,3,0.875,1.0,0.125,SECTOR,5,Logistic,isotonic
0.125,0.25,1,0.238,0.0,0.238,SECTOR,5,XGBoost,raw
0.25,0.375,10,0.334,0.5,0.166,SECTOR,5,XGBoost,raw
0.375,0.5,12,0.434,0.417,0.018,SECTOR,5,XGBoost,raw
0.5,0.625,16,0.556,0.688,0.132,SECTOR,5,XGBoost,raw
0.625,0.75,12,0.693,1.0,0.307,SECTOR,5,XGBoost,raw
0.75,0.875,10,0.804,0.9,0.096,SECTOR,5,XGBoost,raw
0.875,1.0,1,0.876,0.0,0.876,SECTOR,5,XGBoost,raw
0.25,0.375,1,0.372,0.0,0.372,SECTOR,5,XGBoost,Platt
0.375,0.5,22,0.444,0.455,0.01,SECTOR,5,XGBoost,Platt
0.5,0.625,28,0.556,0.821,0.266,SECTOR,5,XGBoost,Platt
0.625,0.75,11,0.649,0.818,0.169,SECTOR,5,XGBoost,Platt
0.25,0.375,1,0.286,0.0,0.286,SECTOR,5,XGBoost,isotonic
0.375,0.5,21,0.408,0.429,0.02,SECTOR,5,XGBoost,isotonic
0.5,0.625,37,0.576,0.838,0.262,SECTOR,5,XGBoost,isotonic
0.875,1.0,3,1.0,0.667,0.333,SECTOR,5,XGBoost,isotonic
0.25,0.375,6,0.33,0.833,0.504,SECTOR,5,Logistic,raw
0.375,0.5,18,0.438,0.333,0.105,SECTOR,5,Logistic,raw
0.5,0.625,21,0.555,0.762,0.207,SECTOR,5,Logistic,raw
0.625,0.75,7,0.67,0.714,0.044,SECTOR,5,Logistic,raw
0.125,0.25,1,0.24,1.0,0.76,SECTOR,5,Logistic,Platt
0.25,0.375,10,0.311,0.7,0.389,SECTOR,5,Logistic,Platt
0.375,0.5,18,0.443,0.389,0.054,SECTOR,5,Logistic,Platt
0.5,0.625,15,0.56,0.733,0.173,SECTOR,5,Logistic,Platt
0.625,0.75,7,0.673,0.714,0.041,SECTOR,5,Logistic,Platt
0.75,0.875,1,0.754,1.0,0.246,SECTOR,5,Logistic,Platt
0.25,0.375,11,0.316,0.727,0.411,SECTOR,5,Logistic,isotonic
0.375,0.5,24,0.432,0.458,0.026,SECTOR,5,Logistic,isotonic
0.5,0.625,6,0.529,0.833,0.304,SECTOR,5,Logistic,isotonic
0.625,0.75,8,0.665,0.75,0.085,SECTOR,5,Logistic,isotonic
0.875,1.0,3,0.905,0.667,0.238,SECTOR,5,Logistic,isotonic
0.125,0.25,8,0.202,0.5,0.298,SECTOR,5,XGBoost,raw
0.25,0.375,10,0.308,0.5,0.192,SECTOR,5,XGBoost,raw
0.375,0.5,3,0.406,0.333,0.073,SECTOR,5,XGBoost,raw
0.5,0.625,9,0.584,0.667,0.083,SECTOR,5,XGBoost,raw
0.625,0.75,15,0.677,0.667,0.01,SECTOR,5,XGBoost,raw
0.75,0.875,5,0.82,0.8,0.02,SECTOR,5,XGBoost,raw
0.875,1.0,2,0.888,1.0,0.112,SECTOR,5,XGBoost,raw
0.125,0.25,3,0.225,0.667,0.442,SECTOR,5,XGBoost,Platt
0.25,0.375,15,0.302,0.467,0.165,SECTOR,5,XGBoost,Platt
0.375,0.5,3,0.403,0.333,0.07,SECTOR,5,XGBoost,Platt
0.5,0.625,15,0.581,0.667,0.085,SECTOR,5,XGBoost,Platt
0.625,0.75,11,0.667,0.727,0.061,SECTOR,5,XGBoost,Platt
0.75,0.875,5,0.774,0.8,0.026,SECTOR,5,XGBoost,Platt
0.125,0.25,13,0.222,0.538,0.316,SECTOR,5,XGBoost,isotonic
0.375,0.5,16,0.434,0.5,0.066,SECTOR,5,XGBoost,isotonic
0.5,0.625,1,0.5,1.0,0.5,SECTOR,5,XGBoost,isotonic
0.625,0.75,17,0.706,0.706,0.0,SECTOR,5,XGBoost,isotonic
0.75,0.875,5,0.802,0.8,0.002,SECTOR,5,XGBoost,isotonic
0.25,0.375,9,0.35,0.556,0.206,SECTOR,5,Logistic,raw
0.375,0.5,23,0.435,0.304,0.13,SECTOR,5,Logistic,raw
0.5,0.625,16,0.555,0.312,0.243,SECTOR,5,Logistic,raw
0.625,0.75,9,0.683,0.111,0.572,SECTOR,5,Logistic,raw
0.75,0.875,1,0.754,1.0,0.246,SECTOR,5,Logistic,raw
0.375,0.5,16,0.456,0.438,0.019,SECTOR,5,Logistic,Platt
0.5,0.625,25,0.558,0.32,0.238,SECTOR,5,Logistic,Platt
0.625,0.75,13,0.673,0.231,0.442,SECTOR,5,Logistic,Platt
0.75,0.875,4,0.769,0.25,0.519,SECTOR,5,Logistic,Platt
0.375,0.5,30,0.449,0.367,0.083,SECTOR,5,Logistic,isotonic
0.5,0.625,17,0.572,0.353,0.219,SECTOR,5,Logistic,isotonic
0.75,0.875,5,0.815,0.2,0.615,SECTOR,5,Logistic,isotonic
0.875,1.0,6,0.917,0.167,0.75,SECTOR,5,Logistic,isotonic
0.0,0.125,1,0.1,0.0,0.1,SECTOR,5,XGBoost,raw
0.125,0.25,6,0.196,0.167,0.03,SECTOR,5,XGBoost,raw
0.25,0.375,5,0.303,0.6,0.297,SECTOR,5,XGBoost,raw
0.375,0.5,9,0.437,0.667,0.23,SECTOR,5,XGBoost,raw
0.5,0.625,13,0.561,0.077,0.484,SECTOR,5,XGBoost,raw
0.625,0.75,6,0.666,0.333,0.333,SECTOR,5,XGBoost,raw
0.75,0.875,17,0.814,0.294,0.52,SECTOR,5,XGBoost,raw
0.875,1.0,1,0.903,1.0,0.097,SECTOR,5,XGBoost,raw
0.25,0.375,8,0.324,0.25,0.074,SECTOR,5,XGBoost,Platt
0.375,0.5,8,0.446,0.625,0.179,SECTOR,5,XGBoost,Platt
0.5,0.625,13,0.571,0.231,0.34,SECTOR,5,XGBoost,Platt
0.625,0.75,14,0.678,0.286,0.392,SECTOR,5,XGBoost,Platt
0.75,0.875,15,0.785,0.333,0.452,SECTOR,5,XGBoost,Platt
0.0,0.125,1,0.0,0.0,0.0,SECTOR,5,XGBoost,isotonic
0.25,0.375,11,0.325,0.364,0.039,SECTOR,5,XGBoost,isotonic
0.5,0.625,14,0.51,0.429,0.082,SECTOR,5,XGBoost,isotonic
0.625,0.75,14,0.724,0.214,0.51,SECTOR,5,XGBoost,isotonic
0.75,0.875,18,0.769,0.333,0.436,SECTOR,5,XGBoost,isotonic
0.25,0.375,7,0.348,0.429,0.08,SECTOR,5,Logistic,raw
0.375,0.5,14,0.428,0.571,0.143,SECTOR,5,Logistic,raw
0.5,0.625,18,0.55,0.556,0.005,SECTOR,5,Logistic,raw
0.625,0.75,21,0.673,0.714,0.041,SECTOR,5,Logistic,raw
0.75,0.875,6,0.773,1.0,0.227,SECTOR,5,Logistic,raw
0.375,0.5,32,0.448,0.531,0.083,SECTOR,5,Logistic,Platt
0.5,0.625,33,0.556,0.727,0.172,SECTOR,5,Logistic,Platt
0.625,0.75,1,0.631,1.0,0.369,SECTOR,5,Logistic,Platt
0.375,0.5,23,0.378,0.478,0.1,SECTOR,5,Logistic,isotonic
0.5,0.625,24,0.553,0.625,0.072,SECTOR,5,Logistic,isotonic
0.625,0.75,18,0.631,0.833,0.202,SECTOR,5,Logistic,isotonic
0.75,0.875,1,0.75,1.0,0.25,SECTOR,5,Logistic,isotonic
0.0,0.125,1,0.108,0.0,0.108,SECTOR,5,XGBoost,raw
0.125,0.25,6,0.207,0.667,0.46,SECTOR,5,XGBoost,raw
0.25,0.375,8,0.33,0.375,0.045,SECTOR,5,XGBoost,raw
0.375,0.5,8,0.443,0.75,0.307,SECTOR,5,XGBoost,raw
0.5,0.625,10,0.574,0.8,0.226,SECTOR,5,XGBoost,raw
0.625,0.75,16,0.688,0.5,0.188,SECTOR,5,XGBoost,raw
0.75,0.875,14,0.805,0.714,0.09,SECTOR,5,XGBoost,raw
0.875,1.0,3,0.888,1.0,0.112,SECTOR,5,XGBoost,raw
0.25,0.375,10,0.342,0.5,0.158,SECTOR,5,XGBoost,Platt
0.375,0.5,21,0.444,0.714,0.27,SECTOR,5,XGBoost,Platt
0.5,0.625,34,0.563,0.618,0.055,SECTOR,5,XGBoost,Platt
0.625,0.75,1,0.628,1.0,0.372,SECTOR,5,XGBoost,Platt
0.0,0.125,1,0.0,0.0,0.0,SECTOR,5,XGBoost,isotonic
0.25,0.375,4,0.375,1.0,0.625,SECTOR,5,XGBoost,isotonic
0.375,0.5,21,0.375,0.571,0.196,SECTOR,5,XGBoost,isotonic
0.5,0.625,32,0.535,0.625,0.09,SECTOR,5,XGBoost,isotonic
0.625,0.75,7,0.728,0.714,0.013,SECTOR,5,XGBoost,isotonic
0.75,0.875,1,0.8,1.0,0.2,SECTOR,5,XGBoost,isotonic
0.0,0.125,1,0.067,1.0,0.933,SECTOR,5,Logistic,raw
0.125,0.25,2,0.233,1.0,0.767,SECTOR,5,Logistic,raw
0.25,0.375,3,0.329,0.667,0.338,SECTOR,5,Logistic,raw
0.375,0.5,20,0.439,0.7,0.261,SECTOR,5,Logistic,raw
0.5,0.625,27,0.564,0.593,0.029,SECTOR,5,Logistic,raw
0.625,0.75,55,0.683,0.582,0.101,SECTOR,5,Logistic,raw
0.75,0.875,13,0.787,0.308,0.48,SECTOR,5,Logistic,raw
0.875,1.0,1,0.886,0.0,0.886,SECTOR,5,Logistic,raw
0.25,0.375,1,0.279,1.0,0.721,SECTOR,5,Logistic,Platt
0.375,0.5,32,0.464,0.75,0.286,SECTOR,5,Logistic,Platt
0.5,0.625,88,0.551,0.523,0.028,SECTOR,5,Logistic,Platt
0.625,0.75,1,0.656,0.0,0.656,SECTOR,5,Logistic,Platt
0.25,0.375,1,0.333,1.0,0.667,SECTOR,5,Logistic,isotonic
0.375,0.5,31,0.412,0.742,0.33,SECTOR,5,Logistic,isotonic
0.5,0.625,66,0.553,0.606,0.053,SECTOR,5,Logistic,isotonic
0.625,0.75,20,0.681,0.3,0.381,SECTOR,5,Logistic,isotonic
0.75,0.875,4,0.75,0.25,0.5,SECTOR,5,Logistic,isotonic
0.0,0.125,1,0.099,1.0,0.901,SECTOR,5,XGBoost,raw
0.125,0.25,1,0.176,0.0,0.176,SECTOR,5,XGBoost,raw
0.25,0.375,5,0.32,0.0,0.32,SECTOR,5,XGBoost,raw
0.375,0.5,14,0.438,0.714,0.276,SECTOR,5,XGBoost,raw
0.5,0.625,23,0.563,0.609,0.046,SECTOR,5,XGBoost,raw
0.625,0.75,32,0.696,0.656,0.039,SECTOR,5,XGBoost,raw
0.75,0.875,40,0.819,0.55,0.269,SECTOR,5,XGBoost,raw
0.875,1.0,6,0.896,0.5,0.396,SECTOR,5,XGBoost,raw
0.375,0.5,17,0.492,0.471,0.021,SECTOR,5,XGBoost,Platt
0.5,0.625,105,0.517,0.6,0.083,SECTOR,5,XGBoost,Platt
0.0,0.125,1,0.0,1.0,1.0,SECTOR,5,XGBoost,isotonic
0.375,0.5,69,0.473,0.609,0.135,SECTOR,5,XGBoost,isotonic
0.5,0.625,49,0.541,0.551,0.01,SECTOR,5,XGBoost,isotonic
0.75,0.875,1,0.833,0.0,0.833,SECTOR,5,XGBoost,isotonic
0.875,1.0,2,0.9,0.5,0.4,SECTOR,5,XGBoost,isotonic
0.0,0.125,1,0.101,0.0,0.101,SECTOR,5,Logistic,raw
0.125,0.25,4,0.162,0.25,0.088,SECTOR,5,Logistic,raw
0.25,0.375,5,0.325,0.4,0.075,SECTOR,5,Logistic,raw
0.375,0.5,18,0.453,0.222,0.231,SECTOR,5,Logistic,raw
0.5,0.625,29,0.575,0.517,0.057,SECTOR,5,Logistic,raw
0.625,0.75,30,0.681,0.5,0.181,SECTOR,5,Logistic,raw
0.75,0.875,11,0.807,0.727,0.079,SECTOR,5,Logistic,raw
0.875,1.0,8,0.921,0.875,0.046,SECTOR,5,Logistic,raw
0.375,0.5,28,0.479,0.25,0.229,SECTOR,5,Logistic,Platt
0.5,0.625,78,0.528,0.577,0.049,SECTOR,5,Logistic,Platt
0.375,0.5,28,0.448,0.25,0.198,SECTOR,5,Logistic,isotonic
0.5,0.625,66,0.533,0.515,0.018,SECTOR,5,Logistic,isotonic
0.625,0.75,11,0.667,0.909,0.242,SECTOR,5,Logistic,isotonic
0.75,0.875,1,0.75,1.0,0.25,SECTOR,5,Logistic,isotonic
0.125,0.25,5,0.195,0.2,0.005,SECTOR,5,XGBoost,raw
0.25,0.375,7,0.329,0.714,0.385,SECTOR,5,XGBoost,raw
0.375,0.5,16,0.447,0.25,0.197,SECTOR,5,XGBoost,raw
0.5,0.625,21,0.578,0.524,0.054,SECTOR,5,XGBoost,raw
0.625,0.75,29,0.693,0.621,0.072,SECTOR,5,XGBoost,raw
0.75,0.875,23,0.801,0.435,0.366,SECTOR,5,XGBoost,raw
0.875,1.0,5,0.901,0.6,0.301,SECTOR,5,XGBoost,raw
0.375,0.5,36,0.462,0.361,0.101,SECTOR,5,XGBoost,Platt
0.5,0.625,70,0.545,0.557,0.012,SECTOR,5,XGBoost,Platt
0.375,0.5,60,0.46,0.483,0.023,SECTOR,5,XGBoost,isotonic
0.5,0.625,27,0.566,0.481,0.084,SECTOR,5,XGBoost,isotonic
0.625,0.75,19,0.633,0.526,0.107,SECTOR,5,XGBoost,isotonic
0.125,0.25,4,0.169,0.75,0.581,SECTOR,5,Logistic,raw
0.25,0.375,10,0.324,0.5,0.176,SECTOR,5,Logistic,raw
0.375,0.5,21,0.456,0.857,0.401,SECTOR,5,Logistic,raw
0.5,0.625,42,0.563,0.762,0.199,SECTOR,5,Logistic,raw
0.625,0.75,32,0.682,0.5,0.182,SECTOR,5,Logistic,raw
0.75,0.875,15,0.8,0.667,0.134,SECTOR,5,Logistic,raw
0.375,0.5,10,0.455,0.4,0.055,SECTOR,5,Logistic,Platt
0.5,0.625,89,0.571,0.742,0.17,SECTOR,5,Logistic,Platt
0.625,0.75,25,0.654,0.56,0.094,SECTOR,5,Logistic,Platt
0.25,0.375,1,0.307,1.0,0.693,SECTOR,5,Logistic,isotonic
0.375,0.5,17,0.432,0.647,0.215,SECTOR,5,Logistic,isotonic
0.5,0.625,94,0.595,0.67,0.075,SECTOR,5,Logistic,isotonic
0.75,0.875,12,0.783,0.75,0.033,SECTOR,5,Logistic,isotonic
0.0,0.125,1,0.089,1.0,0.911,SECTOR,5,XGBoost,raw
0.125,0.25,11,0.188,0.727,0.539,SECTOR,5,XGBoost,raw
0.25,0.375,15,0.319,0.733,0.414,SECTOR,5,XGBoost,raw
0.375,0.5,17,0.436,0.706,0.27,SECTOR,5,XGBoost,raw
0.5,0.625,33,0.556,0.606,0.05,SECTOR,5,XGBoost,raw
0.625,0.75,20,0.692,0.65,0.042,SECTOR,5,XGBoost,raw
0.75,0.875,25,0.811,0.68,0.131,SECTOR,5,XGBoost,raw
0.875,1.0,2,0.895,1.0,0.105,SECTOR,5,XGBoost,raw
0.375,0.5,26,0.465,0.731,0.266,SECTOR,5,XGBoost,Platt
0.5,0.625,71,0.568,0.648,0.08,SECTOR,5,XGBoost,Platt
0.625,0.75,27,0.65,0.704,0.054,SECTOR,5,XGBoost,Platt
0.0,0.125,2,0.0,0.5,0.5,SECTOR,5,XGBoost,isotonic
0.375,0.5,10,0.423,0.8,0.377,SECTOR,5,XGBoost,isotonic
0.5,0.625,70,0.536,0.657,0.121,SECTOR,5,XGBoost,isotonic
0.625,0.75,36,0.65,0.667,0.016,SECTOR,5,XGBoost,isotonic
0.75,0.875,5,0.841,0.8,0.041,SECTOR,5,XGBoost,isotonic
0.875,1.0,1,1.0,1.0,0.0,SECTOR,5,XGBoost,isotonic
0.0,0.125,8,0.063,0.125,0.062,SECTOR,5,Logistic,raw
0.125,0.25,11,0.204,0.364,0.16,SECTOR,5,Logistic,raw
0.25,0.375,15,0.299,0.4,0.101,SECTOR,5,Logistic,raw
0.375,0.5,15,0.433,0.133,0.3,SECTOR,5,Logistic,raw
0.5,0.625,11,0.558,0.091,0.468,SECTOR,5,Logistic,raw
0.625,0.75,13,0.673,0.231,0.443,SECTOR,5,Logistic,raw
0.75,0.875,8,0.792,0.75,0.042,SECTOR,5,Logistic,raw
0.875,1.0,10,0.927,0.5,0.427,SECTOR,5,Logistic,raw
0.25,0.375,4,0.322,0.25,0.072,SECTOR,5,Logistic,Platt
0.375,0.5,23,0.465,0.304,0.161,SECTOR,5,Logistic,Platt
0.5,0.625,46,0.559,0.196,0.363,SECTOR,5,Logistic,Platt
0.625,0.75,16,0.67,0.688,0.018,SECTOR,5,Logistic,Platt
0.75,0.875,2,0.812,0.0,0.812,SECTOR,5,Logistic,Platt
0.0,0.125,3,0.0,0.333,0.333,SECTOR,5,Logistic,isotonic
0.125,0.25,1,0.139,0.0,0.139,SECTOR,5,Logistic,isotonic
0.25,0.375,1,0.333,0.0,0.333,SECTOR,5,Logistic,isotonic
0.375,0.5,29,0.392,0.345,0.047,SECTOR,5,Logistic,isotonic
0.5,0.625,41,0.581,0.195,0.386,SECTOR,5,Logistic,isotonic
0.75,0.875,16,0.75,0.562,0.188,SECTOR,5,Logistic,isotonic
0.0,0.125,1,0.087,0.0,0.087,SECTOR,5,XGBoost,raw
0.125,0.25,3,0.192,0.333,0.141,SECTOR,5,XGBoost,raw
0.25,0.375,5,0.284,0.2,0.084,SECTOR,5,XGBoost,raw
0.375,0.5,17,0.432,0.118,0.315,SECTOR,5,XGBoost,raw
0.5,0.625,24,0.57,0.375,0.195,SECTOR,5,XGBoost,raw
0.625,0.75,24,0.693,0.25,0.443,SECTOR,5,XGBoost,raw
0.75,0.875,17,0.801,0.529,0.272,SECTOR,5,XGBoost,raw
0.5,0.625,91,0.565,0.308,0.258,SECTOR,5,XGBoost,Platt
0.0,0.125,1,0.0,0.0,0.0,SECTOR,5,XGBoost,isotonic
0.375,0.5,1,0.462,0.0,0.462,SECTOR,5,XGBoost,isotonic
0.5,0.625,73,0.552,0.26,0.292,SECTOR,5,XGBoost,isotonic
0.625,0.75,16,0.629,0.562,0.067,SECTOR,5,XGBoost,isotonic
0.0,0.125,1,0.108,0.0,0.108,SECTOR,5,Logistic,raw
0.125,0.25,6,0.214,0.667,0.453,SECTOR,5,Logistic,raw
0.25,0.375,13,0.316,0.308,0.009,SECTOR,5,Logistic,raw
0.375,0.5,15,0.441,0.4,0.041,SECTOR,5,Logistic,raw
0.5,0.625,25,0.561,0.48,0.081,SECTOR,5,Logistic,raw
0.625,0.75,17,0.694,0.471,0.223,SECTOR,5,Logistic,raw
0.75,0.875,13,0.78,0.462,0.318,SECTOR,5,Logistic,raw
0.875,1.0,1,0.958,0.0,0.958,SECTOR,5,Logistic,raw
0.375,0.5,19,0.484,0.421,0.063,SECTOR,5,Logistic,Platt
0.5,0.625,72,0.534,0.444,0.089,SECTOR,5,Logistic,Platt
0.25,0.375,7,0.335,0.571,0.236,SECTOR,5,Logistic,isotonic
0.375,0.5,11,0.426,0.364,0.062,SECTOR,5,Logistic,isotonic
0.5,0.625,67,0.548,0.448,0.1,SECTOR,5,Logistic,isotonic
0.625,0.75,6,0.65,0.333,0.317,SECTOR,5,Logistic,isotonic
0.0,0.125,2,0.072,1.0,0.928,SECTOR,5,XGBoost,raw
0.125,0.25,6,0.179,0.667,0.488,SECTOR,5,XGBoost,raw
0.25,0.375,8,0.299,0.5,0.201,SECTOR,5,XGBoost,raw
0.375,0.5,19,0.433,0.474,0.041,SECTOR,5,XGBoost,raw
0.5,0.625,26,0.558,0.423,0.135,SECTOR,5,XGBoost,raw
0.625,0.75,23,0.679,0.348,0.331,SECTOR,5,XGBoost,raw
0.75,0.875,7,0.797,0.286,0.511,SECTOR,5,XGBoost,raw
0.5,0.625,91,0.526,0.44,0.087,SECTOR,5,XGBoost,Platt
0.0,0.125,1,0.0,1.0,1.0,SECTOR,5,XGBoost,isotonic
0.125,0.25,1,0.133,1.0,0.867,SECTOR,5,XGBoost,isotonic
0.5,0.625,84,0.507,0.44,0.066,SECTOR,5,XGBoost,isotonic
0.625,0.75,5,0.641,0.2,0.441,SECTOR,5,XGBoost,isotonic
0.25,0.375,3,0.323,0.667,0.344,SECTOR,5,Logistic,raw
0.375,0.5,43,0.44,0.535,0.095,SECTOR,5,Logistic,raw
0.5,0.625,49,0.565,0.51,0.055,SECTOR,5,Logistic,raw
0.625,0.75,24,0.671,0.75,0.079,SECTOR,5,Logistic,raw
0.375,0.5,53,0.482,0.547,0.065,SECTOR,5,Logistic,Platt
0.5,0.625,66,0.52,0.591,0.071,SECTOR,5,Logistic,Platt
0.25,0.375,1,0.333,1.0,0.667,SECTOR,5,Logistic,isotonic
0.375,0.5,26,0.402,0.615,0.213,SECTOR,5,Logistic,isotonic
0.5,0.625,92,0.544,0.554,0.01,SECTOR,5,Logistic,isotonic
0.125,0.25,4,0.229,0.5,0.271,SECTOR,5,XGBoost,raw
0.25,0.375,23,0.316,0.478,0.162,SECTOR,5,XGBoost,raw
0.375,0.5,20,0.434,0.45,0.016,SECTOR,5,XGBoost,raw
0.5,0.625,29,0.557,0.724,0.167,SECTOR,5,XGBoost,raw
0.625,0.75,29,0.682,0.552,0.131,SECTOR,5,XGBoost,raw
0.75,0.875,12,0.779,0.667,0.112,SECTOR,5,XGBoost,raw
0.875,1.0,2,0.911,0.5,0.411,SECTOR,5,XGBoost,raw
0.375,0.5,45,0.491,0.6,0.109,SECTOR,5,XGBoost,Platt
0.5,0.625,74,0.519,0.554,0.036,SECTOR,5,XGBoost,Platt
0.375,0.5,19,0.474,0.526,0.053,SECTOR,5,XGBoost,isotonic
0.5,0.625,97,0.506,0.577,0.071,SECTOR,5,XGBoost,isotonic
0.625,0.75,2,0.636,0.5,0.136,SECTOR,5,XGBoost,isotonic
0.875,1.0,1,1.0,1.0,0.0,SECTOR,5,XGBoost,isotonic
0.25,0.375,6,0.347,1.0,0.653,SECTOR,5,Logistic,raw
0.375,0.5,58,0.454,0.5,0.046,SECTOR,5,Logistic,raw
0.5,0.625,46,0.562,0.413,0.149,SECTOR,5,Logistic,raw
0.625,0.75,13,0.664,0.462,0.202,SECTOR,5,Logistic,raw
0.375,0.5,15,0.49,0.667,0.177,SECTOR,5,Logistic,Platt
0.5,0.625,108,0.529,0.463,0.066,SECTOR,5,Logistic,Platt
0.375,0.5,8,0.406,0.875,0.469,SECTOR,5,Logistic,isotonic
0.5,0.625,115,0.544,0.461,0.083,SECTOR,5,Logistic,isotonic
0.125,0.25,3,0.237,1.0,0.763,SECTOR,5,XGBoost,raw
0.25,0.375,28,0.328,0.536,0.207,SECTOR,5,XGBoost,raw
0.375,0.5,27,0.424,0.519,0.094,SECTOR,5,XGBoost,raw
0.5,0.625,25,0.551,0.64,0.089,SECTOR,5,XGBoost,raw
0.625,0.75,27,0.685,0.296,0.389,SECTOR,5,XGBoost,raw
0.75,0.875,12,0.771,0.333,0.438,SECTOR,5,XGBoost,raw
0.875,1.0,1,0.897,0.0,0.897,SECTOR,5,XGBoost,raw
0.375,0.5,35,0.485,0.6,0.115,SECTOR,5,XGBoost,Platt
0.5,0.625,88,0.546,0.443,0.103,SECTOR,5,XGBoost,Platt
0.375,0.5,33,0.47,0.606,0.136,SECTOR,5,XGBoost,isotonic
0.5,0.625,79,0.514,0.456,0.058,SECTOR,5,XGBoost,isotonic
0.625,0.75,7,0.664,0.286,0.379,SECTOR,5,XGBoost,isotonic
0.75,0.875,3,0.828,0.667,0.161,SECTOR,5,XGBoost,isotonic
0.875,1.0,1,0.963,0.0,0.963,SECTOR,5,XGBoost,isotonic
0.375,0.5,31,0.448,0.484,0.036,SECTOR,5,Logistic,raw
0.5,0.625,69,0.558,0.507,0.051,SECTOR,5,Logistic,raw
0.625,0.75,15,0.671,0.533,0.138,SECTOR,5,Logistic,raw
0.375,0.5,29,0.49,0.448,0.042,SECTOR,5,Logistic,Platt
0.5,0.625,86,0.516,0.523,0.007,SECTOR,5,Logistic,Platt
0.375,0.5,88,0.493,0.477,0.016,SECTOR,5,Logistic,isotonic
0.5,0.625,27,0.579,0.593,0.013,SECTOR,5,Logistic,isotonic
0.125,0.25,1,0.227,1.0,0.773,SECTOR,5,XGBoost,raw
0.25,0.375,23,0.333,0.391,0.058,SECTOR,5,XGBoost,raw
0.375,0.5,19,0.423,0.421,0.002,SECTOR,5,XGBoost,raw
0.5,0.625,26,0.563,0.423,0.14,SECTOR,5,XGBoost,raw
0.625,0.75,30,0.682,0.533,0.149,SECTOR,5,XGBoost,raw
0.75,0.875,15,0.777,0.8,0.023,SECTOR,5,XGBoost,raw
0.875,1.0,1,0.879,1.0,0.121,SECTOR,5,XGBoost,raw
0.375,0.5,41,0.485,0.415,0.07,SECTOR,5,XGBoost,Platt
0.5,0.625,74,0.523,0.554,0.031,SECTOR,5,XGBoost,Platt
0.375,0.5,39,0.441,0.41,0.031,SECTOR,5,XGBoost,isotonic
0.5,0.625,75,0.542,0.547,0.004,SECTOR,5,XGBoost,isotonic
0.75,0.875,1,0.833,1.0,0.167,SECTOR,5,XGBoost,isotonic
0.25,0.375,3,0.361,0.333,0.028,SECTOR,5,Logistic,raw
0.375,0.5,34,0.45,0.559,0.109,SECTOR,5,Logistic,raw
0.5,0.625,50,0.564,0.46,0.104,SECTOR,5,Logistic,raw
0.625,0.75,37,0.67,0.811,0.141,SECTOR,5,Logistic,raw
0.75,0.875,1,0.795,1.0,0.205,SECTOR,5,Logistic,raw
0.375,0.5,125,0.474,0.592,0.118,SECTOR,5,Logistic,Platt
0.375,0.5,75,0.448,0.48,0.032,SECTOR,5,Logistic,isotonic
0.5,0.625,50,0.544,0.76,0.216,SECTOR,5,Logistic,isotonic
0.25,0.375,14,0.325,0.643,0.318,SECTOR,5,XGBoost,raw
0.375,0.5,38,0.433,0.474,0.04,SECTOR,5,XGBoost,raw
0.5,0.625,32,0.571,0.5,0.071,SECTOR,5,XGBoost,raw
0.625,0.75,28,0.683,0.75,0.067,SECTOR,5,XGBoost,raw
0.75,0.875,11,0.813,0.727,0.086,SECTOR,5,XGBoost,raw
0.875,1.0,2,0.881,1.0,0.119,SECTOR,5,XGBoost,raw
0.375,0.5,98,0.463,0.531,0.068,SECTOR,5,XGBoost,Platt
0.5,0.625,27,0.518,0.815,0.297,SECTOR,5,XGBoost,Platt
0.375,0.5,107,0.456,0.551,0.095,SECTOR,5,XGBoost,isotonic
0.5,0.625,9,0.526,0.889,0.363,SECTOR,5,XGBoost,isotonic
0.625,0.75,7,0.643,0.714,0.071,SECTOR,5,XGBoost,isotonic
0.75,0.875,2,0.833,1.0,0.167,SECTOR,5,XGBoost,isotonic
0.25,0.375,6,0.325,0.833,0.508,SECTOR,5,Logistic,raw
0.375,0.5,28,0.448,0.679,0.231,SECTOR,5,Logistic,raw
0.5,0.625,65,0.557,0.508,0.05,SECTOR,5,Logistic,raw
0.625,0.75,15,0.649,0.467,0.183,SECTOR,5,Logistic,raw
0.375,0.5,30,0.482,0.7,0.218,SECTOR,5,Logistic,Platt
0.5,0.625,84,0.528,0.512,0.016,SECTOR,5,Logistic,Platt
0.375,0.5,89,0.468,0.573,0.105,SECTOR,5,Logistic,isotonic
0.5,0.625,2,0.563,0.0,0.563,SECTOR,5,Logistic,isotonic
0.625,0.75,23,0.664,0.565,0.098,SECTOR,5,Logistic,isotonic
0.125,0.25,2,0.205,0.5,0.295,SECTOR,5,XGBoost,raw
0.25,0.375,14,0.334,0.643,0.308,SECTOR,5,XGBoost,raw
0.375,0.5,33,0.441,0.606,0.165,SECTOR,5,XGBoost,raw
0.5,0.625,21,0.559,0.571,0.012,SECTOR,5,XGBoost,raw
0.625,0.75,32,0.698,0.531,0.167,SECTOR,5,XGBoost,raw
0.75,0.875,12,0.786,0.417,0.37,SECTOR,5,XGBoost,raw
0.375,0.5,11,0.495,0.636,0.141,SECTOR,5,XGBoost,Platt
0.5,0.625,103,0.519,0.553,0.034,SECTOR,5,XGBoost,Platt
0.375,0.5,86,0.491,0.593,0.102,SECTOR,5,XGBoost,isotonic
0.5,0.625,19,0.562,0.526,0.035,SECTOR,5,XGBoost,isotonic
0.625,0.75,6,0.682,0.5,0.182,SECTOR,5,XGBoost,isotonic
0.75,0.875,3,0.765,0.0,0.765,SECTOR,5,XGBoost,isotonic
0.25,0.375,1,0.375,0.0,0.375,SECTOR,5,Logistic,raw
0.375,0.5,14,0.453,0.429,0.024,SECTOR,5,Logistic,raw
0.5,0.625,82,0.573,0.598,0.024,SECTOR,5,Logistic,raw
0.625,0.75,27,0.646,0.593,0.053,SECTOR,5,Logistic,raw
0.5,0.625,124,0.534,0.573,0.038,SECTOR,5,Logistic,Platt
0.5,0.625,79,0.526,0.582,0.057,SECTOR,5,Logistic,isotonic
0.625,0.75,45,0.64,0.556,0.084,SECTOR,5,Logistic,isotonic
0.125,0.25,1,0.24,1.0,0.76,SECTOR,5,XGBoost,raw
0.25,0.375,10,0.333,0.4,0.067,SECTOR,5,XGBoost,raw
0.375,0.5,26,0.449,0.462,0.012,SECTOR,5,XGBoost,raw
0.5,0.625,31,0.56,0.484,0.077,SECTOR,5,XGBoost,raw
0.625,0.75,40,0.689,0.675,0.014,SECTOR,5,XGBoost,raw
0.75,0.875,16,0.787,0.75,0.037,SECTOR,5,XGBoost,raw
0.5,0.625,124,0.544,0.573,0.028,SECTOR,5,XGBoost,Platt
0.375,0.5,1,0.421,1.0,0.579,SECTOR,5,XGBoost,isotonic
0.5,0.625,89,0.515,0.494,0.021,SECTOR,5,XGBoost,isotonic
0.625,0.75,33,0.659,0.758,0.098,SECTOR,5,XGBoost,isotonic
0.75,0.875,1,0.8,1.0,0.2,SECTOR,5,XGBoost,isotonic
0.25,0.375,1,0.364,1.0,0.636,SECTOR,5,Logistic,raw
0.375,0.5,21,0.475,0.429,0.046,SECTOR,5,Logistic,raw
0.5,0.625,82,0.555,0.378,0.176,SECTOR,5,Logistic,raw
0.625,0.75,14,0.652,0.429,0.223,SECTOR,5,Logistic,raw
0.5,0.625,118,0.546,0.398,0.147,SECTOR,5,Logistic,Platt
0.5,0.625,93,0.509,0.409,0.1,SECTOR,5,Logistic,isotonic
0.625,0.75,25,0.634,0.36,0.274,SECTOR,5,Logistic,isotonic
0.25,0.375,5,0.348,0.6,0.252,SECTOR,5,XGBoost,raw
0.375,0.5,33,0.455,0.394,0.061,SECTOR,5,XGBoost,raw
0.5,0.625,44,0.562,0.455,0.107,SECTOR,5,XGBoost,raw
0.625,0.75,31,0.679,0.323,0.356,SECTOR,5,XGBoost,raw
0.75,0.875,5,0.782,0.2,0.582,SECTOR,5,XGBoost,raw
0.5,0.625,118,0.547,0.398,0.149,SECTOR,5,XGBoost,Platt
0.5,0.625,109,0.524,0.422,0.102,SECTOR,5,XGBoost,isotonic
0.625,0.75,8,0.643,0.125,0.518,SECTOR,5,XGBoost,isotonic
0.75,0.875,1,0.789,0.0,0.789,SECTOR,5,XGBoost,isotonic
0.25,0.375,3,0.362,0.667,0.305,SECTOR,10,Logistic,raw
0.375,0.5,28,0.449,0.679,0.23,SECTOR,10,Logistic,raw
0.5,0.625,24,0.554,0.833,0.279,SECTOR,10,Logistic,raw
0.625,0.75,7,0.649,0.857,0.209,SECTOR,10,Logistic,raw
0.375,0.5,62,0.434,0.758,0.324,SECTOR,10,Logistic,Platt
0.25,0.375,6,0.257,0.667,0.41,SECTOR,10,Logistic,isotonic
0.375,0.5,52,0.45,0.769,0.32,SECTOR,10,Logistic,isotonic
0.5,0.625,4,0.538,0.75,0.212,SECTOR,10,Logistic,isotonic
0.125,0.25,7,0.217,0.429,0.212,SECTOR,10,XGBoost,raw
0.25,0.375,7,0.293,0.286,0.007,SECTOR,10,XGBoost,raw
0.375,0.5,10,0.434,1.0,0.566,SECTOR,10,XGBoost,raw
0.5,0.625,10,0.575,0.7,0.125,SECTOR,10,XGBoost,raw
0.625,0.75,17,0.698,1.0,0.302,SECTOR,10,XGBoost,raw
0.75,0.875,11,0.811,0.727,0.084,SECTOR,10,XGBoost,raw
0.25,0.375,13,0.347,0.308,0.039,SECTOR,10,XGBoost,Platt
0.375,0.5,38,0.446,0.921,0.475,SECTOR,10,XGBoost,Platt
0.5,0.625,11,0.515,0.727,0.213,SECTOR,10,XGBoost,Platt
0.125,0.25,10,0.197,0.3,0.103,SECTOR,10,XGBoost,isotonic
0.375,0.5,32,0.425,0.844,0.419,SECTOR,10,XGBoost,isotonic
0.5,0.625,17,0.5,0.882,0.382,SECTOR,10,XGBoost,isotonic
0.625,0.75,3,0.667,0.667,0.0,SECTOR,10,XGBoost,isotonic
0.25,0.375,2,0.338,1.0,0.662,SECTOR,10,Logistic,raw
0.375,0.5,17,0.446,0.471,0.025,SECTOR,10,Logistic,raw
0.5,0.625,17,0.582,0.529,0.053,SECTOR,10,Logistic,raw
0.625,0.75,15,0.675,0.867,0.192,SECTOR,10,Logistic,raw
0.75,0.875,1,0.756,0.0,0.756,SECTOR,10,Logistic,raw
0.125,0.25,2,0.206,1.0,0.794,SECTOR,10,Logistic,Platt
0.25,0.375,13,0.325,0.538,0.214,SECTOR,10,Logistic,Platt
0.375,0.5,7,0.412,0.143,0.27,SECTOR,10,Logistic,Platt
0.5,0.625,16,0.572,0.625,0.053,SECTOR,10,Logistic,Platt
0.625,0.75,11,0.685,0.909,0.225,SECTOR,10,Logistic,Platt
0.75,0.875,3,0.771,0.667,0.104,SECTOR,10,Logistic,Platt
0.0,0.125,7,0.051,0.714,0.664,SECTOR,10,Logistic,isotonic
0.375,0.5,17,0.43,0.412,0.018,SECTOR,10,Logistic,isotonic
0.5,0.625,15,0.552,0.6,0.048,SECTOR,10,Logistic,isotonic
0.625,0.75,5,0.727,0.8,0.073,SECTOR,10,Logistic,isotonic
0.75,0.875,4,0.814,1.0,0.186,SECTOR,10,Logistic,isotonic
0.875,1.0,4,1.0,0.75,0.25,SECTOR,10,Logistic,isotonic
0.125,0.25,4,0.224,0.0,0.224,SECTOR,10,XGBoost,raw
0.25,0.375,8,0.318,0.625,0.307,SECTOR,10,XGBoost,raw
0.375,0.5,10,0.443,0.6,0.157,SECTOR,10,XGBoost,raw
0.5,0.625,8,0.56,0.5,0.06,SECTOR,10,XGBoost,raw
0.625,0.75,12,0.692,0.667,0.026,SECTOR,10,XGBoost,raw
0.75,0.875,8,0.804,0.875,0.071,SECTOR,10,XGBoost,raw
0.875,1.0,2,0.893,1.0,0.107,SECTOR,10,XGBoost,raw
0.25,0.375,14,0.32,0.5,0.18,SECTOR,10,XGBoost,Platt
0.375,0.5,14,0.439,0.5,0.061,SECTOR,10,XGBoost,Platt
0.5,0.625,17,0.573,0.647,0.074,SECTOR,10,XGBoost,Platt
0.625,0.75,7,0.668,1.0,0.332,SECTOR,10,XGBoost,Platt
0.25,0.375,14,0.31,0.5,0.19,SECTOR,10,XGBoost,isotonic
0.375,0.5,28,0.482,0.571,0.09,SECTOR,10,XGBoost,isotonic
0.625,0.75,4,0.65,0.75,0.1,SECTOR,10,XGBoost,isotonic
0.75,0.875,6,0.773,1.0,0.227,SECTOR,10,XGBoost,isotonic
0.125,0.25,4,0.214,0.5,0.286,SECTOR,10,Logistic,raw
0.25,0.375,14,0.319,0.571,0.252,SECTOR,10,Logistic,raw
0.375,0.5,22,0.443,0.182,0.261,SECTOR,10,Logistic,raw
0.5,0.625,8,0.555,0.375,0.18,SECTOR,10,Logistic,raw
0.625,0.75,6,0.73,0.0,0.73,SECTOR,10,Logistic,raw
0.75,0.875,4,0.787,0.0,0.787,SECTOR,10,Logistic,raw
0.125,0.25,2,0.217,0.5,0.283,SECTOR,10,Logistic,Platt
0.25,0.375,14,0.332,0.571,0.24,SECTOR,10,Logistic,Platt
0.375,0.5,19,0.45,0.263,0.187,SECTOR,10,Logistic,Platt
0.5,0.625,13,0.549,0.231,0.318,SECTOR,10,Logistic,Platt
0.625,0.75,6,0.735,0.0,0.735,SECTOR,10,Logistic,Platt
0.75,0.875,4,0.788,0.0,0.788,SECTOR,10,Logistic,Platt
0.0,0.125,1,0.0,0.0,0.0,SECTOR,10,Logistic,isotonic
0.125,0.25,8,0.199,0.75,0.551,SECTOR,10,Logistic,isotonic
0.25,0.375,7,0.357,0.429,0.072,SECTOR,10,Logistic,isotonic
0.375,0.5,26,0.465,0.231,0.234,SECTOR,10,Logistic,isotonic
0.5,0.625,2,0.502,0.0,0.502,SECTOR,10,Logistic,isotonic
0.625,0.75,4,0.627,0.5,0.127,SECTOR,10,Logistic,isotonic
0.75,0.875,7,0.867,0.0,0.867,SECTOR,10,Logistic,isotonic
0.875,1.0,3,1.0,0.0,1.0,SECTOR,10,Logistic,isotonic
0.125,0.25,2,0.19,0.5,0.31,SECTOR,10,XGBoost,raw
0.25,0.375,6,0.322,0.0,0.322,SECTOR,10,XGBoost,raw
0.375,0.5,14,0.441,0.357,0.084,SECTOR,10,XGBoost,raw
0.5,0.625,14,0.572,0.286,0.286,SECTOR,10,XGBoost,raw
0.625,0.75,9,0.694,0.333,0.36,SECTOR,10,XGBoost,raw
0.75,0.875,12,0.812,0.333,0.479,SECTOR,10,XGBoost,raw
0.875,1.0,1,0.88,0.0,0.88,SECTOR,10,XGBoost,raw
0.25,0.375,4,0.33,0.25,0.08,SECTOR,10,XGBoost,Platt
0.375,0.5,14,0.457,0.286,0.171,SECTOR,10,XGBoost,Platt
0.5,0.625,18,0.57,0.278,0.292,SECTOR,10,XGBoost,Platt
0.625,0.75,18,0.704,0.333,0.371,SECTOR,10,XGBoost,Platt
0.75,0.875,4,0.77,0.25,0.52,SECTOR,10,XGBoost,Platt
0.125,0.25,1,0.231,0.0,0.231,SECTOR,10,XGBoost,isotonic
0.25,0.375,3,0.304,0.333,0.029,SECTOR,10,XGBoost,isotonic
0.375,0.5,13,0.41,0.231,0.18,SECTOR,10,XGBoost,isotonic
0.5,0.625,19,0.597,0.316,0.282,SECTOR,10,XGBoost,isotonic
0.625,0.75,22,0.737,0.318,0.419,SECTOR,10,XGBoost,isotonic
0.125,0.25,6,0.21,0.167,0.043,SECTOR,10,Logistic,raw
0.25,0.375,9,0.325,0.556,0.231,SECTOR,10,Logistic,raw
0.375,0.5,12,0.443,0.583,0.14,SECTOR,10,Logistic,raw
0.5,0.625,22,0.575,0.909,0.334,SECTOR,10,Logistic,raw
0.625,0.75,17,0.685,1.0,0.315,SECTOR,10,Logistic,raw
0.375,0.5,54,0.455,0.704,0.248,SECTOR,10,Logistic,Platt
0.5,0.625,12,0.509,1.0,0.491,SECTOR,10,Logistic,Platt
0.125,0.25,1,0.173,0.0,0.173,SECTOR,10,Logistic,isotonic
0.25,0.375,9,0.334,0.333,0.0,SECTOR,10,Logistic,isotonic
0.375,0.5,29,0.434,0.724,0.291,SECTOR,10,Logistic,isotonic
0.5,0.625,27,0.578,0.963,0.385,SECTOR,10,Logistic,isotonic
0.0,0.125,3,0.096,0.0,0.096,SECTOR,10,XGBoost,raw
0.125,0.25,9,0.197,0.333,0.137,SECTOR,10,XGBoost,raw
0.25,0.375,8,0.313,0.75,0.437,SECTOR,10,XGBoost,raw
0.375,0.5,8,0.433,0.875,0.442,SECTOR,10,XGBoost,raw
0.5,0.625,17,0.561,0.765,0.204,SECTOR,10,XGBoost,raw
0.625,0.75,8,0.696,1.0,0.304,SECTOR,10,XGBoost,raw
0.75,0.875,12,0.82,1.0,0.18,SECTOR,10,XGBoost,raw
0.875,1.0,1,0.91,1.0,0.09,SECTOR,10,XGBoost,raw
0.25,0.375,17,0.329,0.353,0.024,SECTOR,10,XGBoost,Platt
0.375,0.5,28,0.446,0.821,0.376,SECTOR,10,XGBoost,Platt
0.5,0.625,21,0.56,1.0,0.44,SECTOR,10,XGBoost,Platt
0.0,0.125,3,0.0,0.0,0.0,SECTOR,10,XGBoost,isotonic
0.25,0.375,21,0.313,0.571,0.258,SECTOR,10,XGBoost,isotonic
0.375,0.5,23,0.459,0.826,0.367,SECTOR,10,XGBoost,isotonic
0.5,0.625,19,0.604,1.0,0.396,SECTOR,10,XGBoost,isotonic
0.0,0.125,1,0.09,1.0,0.91,SECTOR,10,Logistic,raw
0.125,0.25,3,0.237,1.0,0.763,SECTOR,10,Logistic,raw
0.25,0.375,21,0.323,0.762,0.439,SECTOR,10,Logistic,raw
0.375,0.5,32,0.444,0.656,0.212,SECTOR,10,Logistic,raw
0.5,0.625,29,0.563,0.655,0.092,SECTOR,10,Logistic,raw
0.625,0.75,31,0.674,0.452,0.223,SECTOR,10,Logistic,raw
0.75,0.875,5,0.802,0.0,0.802,SECTOR,10,Logistic,raw
0.125,0.25,1,0.207,1.0,0.793,SECTOR,10,Logistic,Platt
0.25,0.375,12,0.348,0.917,0.568,SECTOR,10,Logistic,Platt
0.375,0.5,57,0.44,0.632,0.191,SECTOR,10,Logistic,Platt
0.5,0.625,48,0.554,0.542,0.012,SECTOR,10,Logistic,Platt
0.625,0.75,4,0.661,0.0,0.661,SECTOR,10,Logistic,Platt
0.0,0.125,1,0.0,1.0,1.0,SECTOR,10,Logistic,isotonic
0.25,0.375,20,0.304,0.8,0.496,SECTOR,10,Logistic,isotonic
0.375,0.5,50,0.447,0.62,0.173,SECTOR,10,Logistic,isotonic
0.5,0.625,30,0.526,0.567,0.041,SECTOR,10,Logistic,isotonic
0.625,0.75,21,0.649,0.429,0.221,SECTOR,10,Logistic,isotonic
0.125,0.25,12,0.197,0.583,0.386,SECTOR,10,XGBoost,raw
0.25,0.375,13,0.337,0.846,0.51,SECTOR,10,XGBoost,raw
0.375,0.5,16,0.458,0.562,0.104,SECTOR,10,XGBoost,raw
0.5,0.625,23,0.561,0.609,0.048,SECTOR,10,XGBoost,raw
0.625,0.75,22,0.681,0.409,0.272,SECTOR,10,XGBoost,raw
0.75,0.875,25,0.806,0.64,0.166,SECTOR,10,XGBoost,raw
0.875,1.0,11,0.896,0.727,0.169,SECTOR,10,XGBoost,raw
0.25,0.375,14,0.338,0.643,0.305,SECTOR,10,XGBoost,Platt
0.375,0.5,47,0.447,0.66,0.212,SECTOR,10,XGBoost,Platt
0.5,0.625,57,0.569,0.544,0.025,SECTOR,10,XGBoost,Platt
0.625,0.75,4,0.634,0.75,0.116,SECTOR,10,XGBoost,Platt
0.0,0.125,2,0.0,0.5,0.5,SECTOR,10,XGBoost,isotonic
0.125,0.25,1,0.169,0.0,0.169,SECTOR,10,XGBoost,isotonic
0.375,0.5,77,0.434,0.623,0.189,SECTOR,10,XGBoost,isotonic
0.5,0.625,19,0.588,0.579,0.009,SECTOR,10,XGBoost,isotonic
0.625,0.75,21,0.676,0.619,0.057,SECTOR,10,XGBoost,isotonic
0.75,0.875,2,0.825,0.5,0.325,SECTOR,10,XGBoost,isotonic
0.0,0.125,10,0.05,0.0,0.05,SECTOR,10,Logistic,raw
0.125,0.25,9,0.202,0.111,0.091,SECTOR,10,Logistic,raw
0.25,0.375,13,0.314,0.462,0.147,SECTOR,10,Logistic,raw
0.375,0.5,28,0.455,0.393,0.062,SECTOR,10,Logistic,raw
0.5,0.625,27,0.542,0.704,0.161,SECTOR,10,Logistic,raw
0.625,0.75,14,0.673,0.857,0.184,SECTOR,10,Logistic,raw
0.75,0.875,4,0.788,1.0,0.212,SECTOR,10,Logistic,raw
0.875,1.0,1,0.875,1.0,0.125,SECTOR,10,Logistic,raw
0.125,0.25,5,0.185,0.0,0.185,SECTOR,10,Logistic,Platt
0.25,0.375,9,0.308,0.0,0.308,SECTOR,10,Logistic,Platt
0.375,0.5,49,0.458,0.408,0.05,SECTOR,10,Logistic,Platt
0.5,0.625,40,0.539,0.775,0.236,SECTOR,10,Logistic,Platt
0.625,0.75,3,0.65,1.0,0.35,SECTOR,10,Logistic,Platt
0.0,0.125,8,0.001,0.0,0.001,SECTOR,10,Logistic,isotonic
0.25,0.375,10,0.333,0.1,0.233,SECTOR,10,Logistic,isotonic
0.375,0.5,37,0.429,0.405,0.023,SECTOR,10,Logistic,isotonic
0.5,0.625,48,0.559,0.729,0.17,SECTOR,10,Logistic,isotonic
0.625,0.75,2,0.651,1.0,0.349,SECTOR,10,Logistic,isotonic
0.75,0.875,1,0.857,1.0,0.143,SECTOR,10,Logistic,isotonic
0.0,0.125,3,0.095,0.0,0.095,SECTOR,10,XGBoost,raw
0.125,0.25,14,0.192,0.214,0.022,SECTOR,10,XGBoost,raw
0.25,0.375,16,0.299,0.5,0.201,SECTOR,10,XGBoost,raw
0.375,0.5,10,0.448,0.6,0.152,SECTOR,10,XGBoost,raw
0.5,0.625,13,0.565,0.538,0.026,SECTOR,10,XGBoost,raw
0.625,0.75,17,0.702,0.647,0.055,SECTOR,10,XGBoost,raw
0.75,0.875,28,0.81,0.607,0.203,SECTOR,10,XGBoost,raw
0.875,1.0,5,0.884,0.4,0.484,SECTOR,10,XGBoost,raw
0.375,0.5,48,0.439,0.458,0.019,SECTOR,10,XGBoost,Platt
0.5,0.625,58,0.55,0.552,0.002,SECTOR,10,XGBoost,Platt
0.0,0.125,3,0.0,0.0,0.0,SECTOR,10,XGBoost,isotonic
0.25,0.375,6,0.375,0.5,0.125,SECTOR,10,XGBoost,isotonic
0.375,0.5,27,0.389,0.37,0.018,SECTOR,10,XGBoost,isotonic
0.5,0.625,67,0.528,0.597,0.069,SECTOR,10,XGBoost,isotonic
0.75,0.875,3,0.833,0.333,0.5,SECTOR,10,XGBoost,isotonic
0.0,0.125,8,0.081,0.75,0.669,SECTOR,10,Logistic,raw
0.125,0.25,7,0.157,0.286,0.129,SECTOR,10,Logistic,raw
0.25,0.375,16,0.329,0.75,0.421,SECTOR,10,Logistic,raw
0.375,0.5,40,0.44,0.8,0.36,SECTOR,10,Logistic,raw
0.5,0.625,38,0.556,0.658,0.102,SECTOR,10,Logistic,raw
0.625,0.75,9,0.677,0.556,0.121,SECTOR,10,Logistic,raw
0.75,0.875,6,0.786,0.833,0.047,SECTOR,10,Logistic,raw
0.125,0.25,1,0.244,1.0,0.756,SECTOR,10,Logistic,Platt
0.25,0.375,9,0.312,0.556,0.244,SECTOR,10,Logistic,Platt
0.375,0.5,7,0.429,0.429,0.0,SECTOR,10,Logistic,Platt
0.5,0.625,46,0.582,0.783,0.201,SECTOR,10,Logistic,Platt
0.625,0.75,52,0.67,0.692,0.022,SECTOR,10,Logistic,Platt
0.75,0.875,9,0.782,0.667,0.115,SECTOR,10,Logistic,Platt
0.125,0.25,14,0.231,0.5,0.269,SECTOR,10,Logistic,isotonic
0.25,0.375,1,0.333,1.0,0.667,SECTOR,10,Logistic,isotonic
0.5,0.625,26,0.554,0.654,0.1,SECTOR,10,Logistic,isotonic
0.625,0.75,81,0.687,0.741,0.054,SECTOR,10,Logistic,isotonic
0.75,0.875,2,0.75,1.0,0.25,SECTOR,10,Logistic,isotonic
0.0,0.125,12,0.061,0.583,0.522,SECTOR,10,XGBoost,raw
0.125,0.25,9,0.193,0.556,0.362,SECTOR,10,XGBoost,raw
0.25,0.375,14,0.321,0.857,0.537,SECTOR,10,XGBoost,raw
0.375,0.5,22,0.451,0.773,0.322,SECTOR,10,XGBoost,raw
0.5,0.625,21,0.556,0.714,0.158,SECTOR,10,XGBoost,raw
0.625,0.75,26,0.689,0.692,0.003,SECTOR,10,XGBoost,raw
0.75,0.875,17,0.807,0.706,0.101,SECTOR,10,XGBoost,raw
0.875,1.0,3,0.887,0.333,0.553,SECTOR,10,XGBoost,raw
0.375,0.5,16,0.477,0.562,0.085,SECTOR,10,XGBoost,Platt
0.5,0.625,59,0.576,0.746,0.17,SECTOR,10,XGBoost,Platt
0.625,0.75,49,0.66,0.694,0.034,SECTOR,10,XGBoost,Platt
0.0,0.125,3,0.04,0.667,0.627,SECTOR,10,XGBoost,isotonic
0.125,0.25,1,0.22,1.0,0.78,SECTOR,10,XGBoost,isotonic
0.375,0.5,27,0.49,0.63,0.14,SECTOR,10,XGBoost,isotonic
0.5,0.625,68,0.601,0.735,0.134,SECTOR,10,XGBoost,isotonic
0.625,0.75,22,0.706,0.727,0.021,SECTOR,10,XGBoost,isotonic
0.875,1.0,3,0.875,0.333,0.542,SECTOR,10,XGBoost,isotonic
0.0,0.125,15,0.04,0.133,0.094,SECTOR,10,Logistic,raw
0.125,0.25,17,0.179,0.294,0.115,SECTOR,10,Logistic,raw
0.25,0.375,7,0.323,0.143,0.18,SECTOR,10,Logistic,raw
0.375,0.5,19,0.435,0.105,0.33,SECTOR,10,Logistic,raw
0.5,0.625,11,0.559,0.091,0.468,SECTOR,10,Logistic,raw
0.625,0.75,13,0.663,0.462,0.201,SECTOR,10,Logistic,raw
0.75,0.875,6,0.815,0.333,0.482,SECTOR,10,Logistic,raw
0.875,1.0,3,0.936,0.667,0.269,SECTOR,10,Logistic,raw
0.0,0.125,1,0.099,0.0,0.099,SECTOR,10,Logistic,Platt
0.125,0.25,6,0.183,0.0,0.183,SECTOR,10,Logistic,Platt
0.25,0.375,6,0.293,0.167,0.126,SECTOR,10,Logistic,Platt
0.375,0.5,19,0.443,0.316,0.127,SECTOR,10,Logistic,Platt
0.5,0.625,27,0.574,0.111,0.463,SECTOR,10,Logistic,Platt
0.625,0.75,26,0.67,0.269,0.401,SECTOR,10,Logistic,Platt
0.75,0.875,6,0.806,0.667,0.14,SECTOR,10,Logistic,Platt
0.0,0.125,11,0.0,0.0,0.0,SECTOR,10,Logistic,isotonic
0.375,0.5,22,0.418,0.318,0.1,SECTOR,10,Logistic,isotonic
0.5,0.625,12,0.572,0.083,0.489,SECTOR,10,Logistic,isotonic
0.625,0.75,43,0.653,0.256,0.398,SECTOR,10,Logistic,isotonic
0.875,1.0,3,1.0,0.667,0.333,SECTOR,10,Logistic,isotonic
0.0,0.125,2,0.043,0.0,0.043,SECTOR,10,XGBoost,raw
0.125,0.25,7,0.21,0.429,0.219,SECTOR,10,XGBoost,raw
0.25,0.375,9,0.297,0.0,0.297,SECTOR,10,XGBoost,raw
0.375,0.5,6,0.436,0.0,0.436,SECTOR,10,XGBoost,raw
0.5,0.625,17,0.573,0.471,0.102,SECTOR,10,XGBoost,raw
0.625,0.75,26,0.683,0.154,0.529,SECTOR,10,XGBoost,raw
0.75,0.875,23,0.801,0.261,0.54,SECTOR,10,XGBoost,raw
0.875,1.0,1,0.883,0.0,0.883,SECTOR,10,XGBoost,raw
0.5,0.625,91,0.587,0.231,0.357,SECTOR,10,XGBoost,Platt
0.0,0.125,1,0.0,0.0,0.0,SECTOR,10,XGBoost,isotonic
0.5,0.625,73,0.575,0.205,0.37,SECTOR,10,XGBoost,isotonic
0.625,0.75,17,0.67,0.353,0.317,SECTOR,10,XGBoost,isotonic
0.125,0.25,13,0.179,0.308,0.129,SECTOR,10,Logistic,raw
0.25,0.375,21,0.321,0.476,0.155,SECTOR,10,Logistic,raw
0.375,0.5,22,0.447,0.409,0.037,SECTOR,10,Logistic,raw
0.5,0.625,13,0.568,0.462,0.106,SECTOR,10,Logistic,raw
0.625,0.75,13,0.673,0.846,0.173,SECTOR,10,Logistic,raw
0.75,0.875,9,0.795,0.444,0.35,SECTOR,10,Logistic,raw
0.375,0.5,37,0.459,0.405,0.054,SECTOR,10,Logistic,Platt
0.5,0.625,52,0.548,0.538,0.009,SECTOR,10,Logistic,Platt
0.625,0.75,2,0.631,0.5,0.131,SECTOR,10,Logistic,Platt
0.25,0.375,1,0.261,0.0,0.261,SECTOR,10,Logistic,isotonic
0.375,0.5,21,0.468,0.381,0.087,SECTOR,10,Logistic,isotonic
0.5,0.625,69,0.555,0.522,0.033,SECTOR,10,Logistic,isotonic
0.0,0.125,16,0.071,0.375,0.304,SECTOR,10,XGBoost,raw
0.125,0.25,17,0.187,0.471,0.284,SECTOR,10,XGBoost,raw
0.25,0.375,13,0.331,0.385,0.054,SECTOR,10,XGBoost,raw
0.375,0.5,12,0.445,0.5,0.055,SECTOR,10,XGBoost,raw
0.5,0.625,10,0.574,0.7,0.126,SECTOR,10,XGBoost,raw
0.625,0.75,14,0.696,0.571,0.124,SECTOR,10,XGBoost,raw
0.75,0.875,9,0.784,0.444,0.34,SECTOR,10,XGBoost,raw
0.375,0.5,23,0.479,0.522,0.043,SECTOR,10,XGBoost,Platt
0.5,0.625,68,0.564,0.471,0.093,SECTOR,10,XGBoost,Platt
0.0,0.125,2,0.051,1.0,0.949,SECTOR,10,XGBoost,isotonic
0.25,0.375,1,0.332,1.0,0.668,SECTOR,10,XGBoost,isotonic
0.375,0.5,8,0.448,0.375,0.073,SECTOR,10,XGBoost,isotonic
0.5,0.625,80,0.524,0.475,0.049,SECTOR,10,XGBoost,isotonic
0.125,0.25,1,0.244,1.0,0.756,SECTOR,10,Logistic,raw
0.25,0.375,24,0.326,0.625,0.299,SECTOR,10,Logistic,raw
0.375,0.5,38,0.442,0.658,0.216,SECTOR,10,Logistic,raw
0.5,0.625,38,0.551,0.553,0.001,SECTOR,10,Logistic,raw
0.625,0.75,18,0.664,0.667,0.002,SECTOR,10,Logistic,raw
0.375,0.5,24,0.48,0.667,0.187,SECTOR,10,Logistic,Platt
0.5,0.625,94,0.555,0.606,0.052,SECTOR,10,Logistic,Platt
0.625,0.75,1,0.629,1.0,0.371,SECTOR,10,Logistic,Platt
0.375,0.5,11,0.395,0.727,0.332,SECTOR,10,Logistic,isotonic
0.5,0.625,108,0.574,0.611,0.037,SECTOR,10,Logistic,isotonic
0.0,0.125,18,0.08,0.611,0.531,SECTOR,10,XGBoost,raw
0.125,0.25,14,0.193,0.5,0.307,SECTOR,10,XGBoost,raw
0.25,0.375,20,0.306,0.75,0.444,SECTOR,10,XGBoost,raw
0.375,0.5,16,0.424,0.688,0.264,SECTOR,10,XGBoost,raw
0.5,0.625,22,0.552,0.636,0.084,SECTOR,10,XGBoost,raw
0.625,0.75,14,0.685,0.786,0.101,SECTOR,10,XGBoost,raw
0.75,0.875,14,0.812,0.357,0.455,SECTOR,10,XGBoost,raw
0.875,1.0,1,0.912,0.0,0.912,SECTOR,10,XGBoost,raw
0.375,0.5,23,0.482,0.478,0.003,SECTOR,10,XGBoost,Platt
0.5,0.625,96,0.559,0.656,0.097,SECTOR,10,XGBoost,Platt
0.0,0.125,4,0.012,0.5,0.488,SECTOR,10,XGBoost,isotonic
0.125,0.25,1,0.244,0.0,0.244,SECTOR,10,XGBoost,isotonic
0.5,0.625,114,0.538,0.632,0.093,SECTOR,10,XGBoost,isotonic
0.125,0.25,7,0.188,1.0,0.812,SECTOR,10,Logistic,raw
0.25,0.375,15,0.333,0.667,0.334,SECTOR,10,Logistic,raw
0.375,0.5,50,0.458,0.48,0.022,SECTOR,10,Logistic,raw
0.5,0.625,39,0.55,0.333,0.217,SECTOR,10,Logistic,raw
0.625,0.75,12,0.66,0.083,0.577,SECTOR,10,Logistic,raw
0.375,0.5,20,0.466,0.75,0.284,SECTOR,10,Logistic,Platt
0.5,0.625,103,0.548,0.388,0.16,SECTOR,10,Logistic,Platt
0.375,0.5,27,0.441,0.778,0.337,SECTOR,10,Logistic,isotonic
0.5,0.625,96,0.578,0.354,0.223,SECTOR,10,Logistic,isotonic
0.0,0.125,1,0.094,1.0,0.906,SECTOR,10,XGBoost,raw
0.125,0.25,11,0.2,0.636,0.436,SECTOR,10,XGBoost,raw
0.25,0.375,16,0.315,0.5,0.185,SECTOR,10,XGBoost,raw
0.375,0.5,28,0.428,0.464,0.036,SECTOR,10,XGBoost,raw
0.5,0.625,27,0.559,0.481,0.078,SECTOR,10,XGBoost,raw
0.625,0.75,31,0.68,0.387,0.292,SECTOR,10,XGBoost,raw
0.75,0.875,8,0.77,0.125,0.645,SECTOR,10,XGBoost,raw
0.875,1.0,1,0.883,0.0,0.883,SECTOR,10,XGBoost,raw
0.5,0.625,123,0.537,0.447,0.09,SECTOR,10,XGBoost,Platt
0.5,0.625,122,0.54,0.451,0.089,SECTOR,10,XGBoost,isotonic
0.875,1.0,1,1.0,0.0,1.0,SECTOR,10,XGBoost,isotonic
0.25,0.375,8,0.34,0.625,0.285,SECTOR,10,Logistic,raw
0.375,0.5,35,0.459,0.6,0.141,SECTOR,10,Logistic,raw
0.5,0.625,49,0.554,0.531,0.024,SECTOR,10,Logistic,raw
0.625,0.75,22,0.668,0.591,0.077,SECTOR,10,Logistic,raw
0.75,0.875,1,0.803,0.0,0.803,SECTOR,10,Logistic,raw
0.5,0.625,115,0.515,0.565,0.05,SECTOR,10,Logistic,Platt
0.375,0.5,18,0.491,0.722,0.231,SECTOR,10,Logistic,isotonic
0.5,0.625,97,0.528,0.536,0.008,SECTOR,10,Logistic,isotonic
0.0,0.125,4,0.109,1.0,0.891,SECTOR,10,XGBoost,raw
0.125,0.25,2,0.176,0.5,0.324,SECTOR,10,XGBoost,raw
0.25,0.375,20,0.322,0.55,0.228,SECTOR,10,XGBoost,raw
0.375,0.5,24,0.451,0.417,0.034,SECTOR,10,XGBoost,raw
0.5,0.625,21,0.568,0.619,0.051,SECTOR,10,XGBoost,raw
0.625,0.75,30,0.705,0.667,0.038,SECTOR,10,XGBoost,raw
0.75,0.875,14,0.784,0.429,0.356,SECTOR,10,XGBoost,raw
0.375,0.5,59,0.469,0.61,0.142,SECTOR,10,XGBoost,Platt
0.5,0.625,56,0.529,0.518,0.012,SECTOR,10,XGBoost,Platt
0.5,0.625,115,0.514,0.565,0.052,SECTOR,10,XGBoost,isotonic
0.25,0.375,5,0.321,1.0,0.679,SECTOR,10,Logistic,raw
0.375,0.5,34,0.445,0.618,0.173,SECTOR,10,Logistic,raw
0.5,0.625,48,0.565,0.604,0.039,SECTOR,10,Logistic,raw
0.625,0.75,36,0.668,0.75,0.082,SECTOR,10,Logistic,raw
0.75,0.875,2,0.763,1.0,0.237,SECTOR,10,Logistic,raw
0.375,0.5,125,0.488,0.672,0.184,SECTOR,10,Logistic,Platt
0.375,0.5,113,0.492,0.637,0.145,SECTOR,10,Logistic,isotonic
0.5,0.625,12,0.518,1.0,0.482,SECTOR,10,Logistic,isotonic
0.0,0.125,3,0.095,1.0,0.905,SECTOR,10,XGBoost,raw
0.125,0.25,3,0.168,1.0,0.832,SECTOR,10,XGBoost,raw
0.25,0.375,9,0.328,0.667,0.339,SECTOR,10,XGBoost,raw
0.375,0.5,31,0.439,0.677,0.239,SECTOR,10,XGBoost,raw
0.5,0.625,37,0.571,0.622,0.051,SECTOR,10,XGBoost,raw
0.625,0.75,23,0.686,0.522,0.164,SECTOR,10,XGBoost,raw
0.75,0.875,19,0.788,0.842,0.054,SECTOR,10,XGBoost,raw
0.375,0.5,86,0.463,0.663,0.2,SECTOR,10,XGBoost,Platt
0.5,0.625,39,0.526,0.692,0.166,SECTOR,10,XGBoost,Platt
0.0,0.125,1,0.0,1.0,1.0,SECTOR,10,XGBoost,isotonic
0.375,0.5,124,0.488,0.669,0.181,SECTOR,10,XGBoost,isotonic
0.25,0.375,13,0.332,1.0,0.668,SECTOR,10,Logistic,raw
0.375,0.5,35,0.45,0.6,0.15,SECTOR,10,Logistic,raw
0.5,0.625,48,0.562,0.458,0.103,SECTOR,10,Logistic,raw
0.625,0.75,18,0.658,0.556,0.103,SECTOR,10,Logistic,raw
0.5,0.625,114,0.543,0.579,0.036,SECTOR,10,Logistic,Platt
0.5,0.625,102,0.526,0.588,0.062,SECTOR,10,Logistic,isotonic
0.625,0.75,10,0.693,0.4,0.293,SECTOR,10,Logistic,isotonic
0.75,0.875,2,0.75,1.0,0.25,SECTOR,10,Logistic,isotonic
0.125,0.25,5,0.212,1.0,0.788,SECTOR,10,XGBoost,raw
0.25,0.375,12,0.333,0.75,0.417,SECTOR,10,XGBoost,raw
0.375,0.5,19,0.439,0.684,0.245,SECTOR,10,XGBoost,raw
0.5,0.625,31,0.547,0.581,0.033,SECTOR,10,XGBoost,raw
0.625,0.75,38,0.691,0.447,0.244,SECTOR,10,XGBoost,raw
0.75,0.875,9,0.79,0.444,0.346,SECTOR,10,XGBoost,raw
0.375,0.5,6,0.496,0.333,0.162,SECTOR,10,XGBoost,Platt
0.5,0.625,108,0.54,0.593,0.053,SECTOR,10,XGBoost,Platt
0.5,0.625,111,0.536,0.586,0.049,SECTOR,10,XGBoost,isotonic
0.625,0.75,2,0.632,0.5,0.132,SECTOR,10,XGBoost,isotonic
0.875,1.0,1,1.0,0.0,1.0,SECTOR,10,XGBoost,isotonic
0.375,0.5,14,0.454,0.643,0.188,SECTOR,10,Logistic,raw
0.5,0.625,64,0.575,0.688,0.112,SECTOR,10,Logistic,raw
0.625,0.75,46,0.658,0.717,0.059,SECTOR,10,Logistic,raw
0.375,0.5,48,0.475,0.688,0.212,SECTOR,10,Logistic,Platt
0.5,0.625,73,0.546,0.712,0.167,SECTOR,10,Logistic,Platt
0.625,0.75,3,0.648,0.333,0.315,SECTOR,10,Logistic,Platt
0.5,0.625,93,0.551,0.667,0.116,SECTOR,10,Logistic,isotonic
0.625,0.75,24,0.694,0.833,0.139,SECTOR,10,Logistic,isotonic
0.875,1.0,7,0.875,0.571,0.304,SECTOR,10,Logistic,isotonic
0.125,0.25,2,0.222,0.0,0.222,SECTOR,10,XGBoost,raw
0.25,0.375,8,0.316,0.625,0.309,SECTOR,10,XGBoost,raw
0.375,0.5,13,0.433,0.692,0.259,SECTOR,10,XGBoost,raw
0.5,0.625,26,0.569,0.538,0.03,SECTOR,10,XGBoost,raw
0.625,0.75,51,0.691,0.765,0.074,SECTOR,10,XGBoost,raw
0.75,0.875,24,0.787,0.792,0.004,SECTOR,10,XGBoost,raw
0.375,0.5,45,0.475,0.778,0.302,SECTOR,10,XGBoost,Platt
0.5,0.625,66,0.546,0.697,0.151,SECTOR,10,XGBoost,Platt
0.625,0.75,13,0.661,0.385,0.277,SECTOR,10,XGBoost,Platt
0.5,0.625,120,0.565,0.692,0.127,SECTOR,10,XGBoost,isotonic
0.625,0.75,4,0.63,0.75,0.12,SECTOR,10,XGBoost,isotonic
0.25,0.375,1,0.355,0.0,0.355,SECTOR,10,Logistic,raw
0.375,0.5,13,0.47,0.308,0.163,SECTOR,10,Logistic,raw
0.5,0.625,81,0.561,0.494,0.067,SECTOR,10,Logistic,raw
0.625,0.75,23,0.655,0.565,0.089,SECTOR,10,Logistic,raw
0.5,0.625,109,0.584,0.495,0.089,SECTOR,10,Logistic,Platt
0.625,0.75,9,0.639,0.333,0.306,SECTOR,10,Logistic,Platt
0.5,0.625,99,0.572,0.465,0.107,SECTOR,10,Logistic,isotonic
0.625,0.75,11,0.704,0.273,0.431,SECTOR,10,Logistic,isotonic
0.75,0.875,8,0.758,1.0,0.242,SECTOR,10,Logistic,isotonic
0.125,0.25,1,0.246,1.0,0.754,SECTOR,10,XGBoost,raw
0.25,0.375,11,0.326,0.727,0.401,SECTOR,10,XGBoost,raw
0.375,0.5,19,0.447,0.421,0.026,SECTOR,10,XGBoost,raw
0.5,0.625,47,0.567,0.489,0.078,SECTOR,10,XGBoost,raw
0.625,0.75,38,0.678,0.421,0.257,SECTOR,10,XGBoost,raw
0.75,0.875,2,0.792,0.5,0.292,SECTOR,10,XGBoost,raw
0.5,0.625,99,0.59,0.475,0.115,SECTOR,10,XGBoost,Platt
0.625,0.75,19,0.638,0.526,0.111,SECTOR,10,XGBoost,Platt
0.5,0.625,109,0.581,0.514,0.068,SECTOR,10,XGBoost,isotonic
0.625,0.75,9,0.647,0.111,0.536,SECTOR,10,XGBoost,isotonic
0.25,0.375,4,0.339,1.0,0.661,SECTOR,22,Logistic,raw
0.375,0.5,16,0.431,0.938,0.506,SECTOR,22,Logistic,raw
0.5,0.625,17,0.565,0.765,0.2,SECTOR,22,Logistic,raw
0.625,0.75,18,0.675,0.889,0.214,SECTOR,22,Logistic,raw
0.75,0.875,7,0.766,0.571,0.195,SECTOR,22,Logistic,raw
0.25,0.375,7,0.357,1.0,0.643,SECTOR,22,Logistic,Platt
0.375,0.5,37,0.439,0.865,0.426,SECTOR,22,Logistic,Platt
0.5,0.625,18,0.536,0.722,0.186,SECTOR,22,Logistic,Platt
0.125,0.25,4,0.143,1.0,0.857,SECTOR,22,Logistic,isotonic
0.375,0.5,49,0.442,0.857,0.415,SECTOR,22,Logistic,isotonic
0.5,0.625,9,0.607,0.667,0.06,SECTOR,22,Logistic,isotonic
0.0,0.125,3,0.093,0.667,0.573,SECTOR,22,XGBoost,raw
0.125,0.25,13,0.187,0.923,0.736,SECTOR,22,XGBoost,raw
0.25,0.375,8,0.318,0.75,0.432,SECTOR,22,XGBoost,raw
0.375,0.5,11,0.42,0.818,0.398,SECTOR,22,XGBoost,raw
0.5,0.625,5,0.545,1.0,0.455,SECTOR,22,XGBoost,raw
0.625,0.75,10,0.692,0.7,0.008,SECTOR,22,XGBoost,raw
0.75,0.875,11,0.8,0.909,0.109,SECTOR,22,XGBoost,raw
0.875,1.0,1,0.9,1.0,0.1,SECTOR,22,XGBoost,raw
0.25,0.375,24,0.318,0.833,0.515,SECTOR,22,XGBoost,Platt
0.375,0.5,16,0.418,0.875,0.457,SECTOR,22,XGBoost,Platt
0.5,0.625,22,0.55,0.818,0.268,SECTOR,22,XGBoost,Platt
0.0,0.125,16,0.041,0.875,0.834,SECTOR,22,XGBoost,isotonic
0.125,0.25,1,0.15,1.0,0.85,SECTOR,22,XGBoost,isotonic
0.25,0.375,12,0.315,0.833,0.519,SECTOR,22,XGBoost,isotonic
0.375,0.5,6,0.472,0.667,0.194,SECTOR,22,XGBoost,isotonic
0.5,0.625,26,0.553,0.846,0.293,SECTOR,22,XGBoost,isotonic
0.625,0.75,1,0.632,1.0,0.368,SECTOR,22,XGBoost,isotonic
0.25,0.375,1,0.372,1.0,0.628,SECTOR,22,Logistic,raw
0.375,0.5,4,0.422,1.0,0.578,SECTOR,22,Logistic,raw
0.5,0.625,15,0.583,0.467,0.117,SECTOR,22,Logistic,raw
0.625,0.75,15,0.701,0.4,0.301,SECTOR,22,Logistic,raw
0.75,0.875,16,0.809,0.75,0.059,SECTOR,22,Logistic,raw
0.875,1.0,1,0.927,1.0,0.073,SECTOR,22,Logistic,raw
0.375,0.5,19,0.474,0.632,0.157,SECTOR,22,Logistic,Platt
0.5,0.625,32,0.547,0.562,0.016,SECTOR,22,Logistic,Platt
0.625,0.75,1,0.645,1.0,0.355,SECTOR,22,Logistic,Platt
0.375,0.5,28,0.465,0.536,0.071,SECTOR,22,Logistic,isotonic
0.5,0.625,15,0.595,0.667,0.072,SECTOR,22,Logistic,isotonic
0.625,0.75,2,0.716,0.5,0.216,SECTOR,22,Logistic,isotonic
0.875,1.0,7,0.973,0.714,0.259,SECTOR,22,Logistic,isotonic
0.125,0.25,5,0.176,0.8,0.624,SECTOR,22,XGBoost,raw
0.25,0.375,5,0.333,0.4,0.067,SECTOR,22,XGBoost,raw
0.375,0.5,7,0.427,0.429,0.002,SECTOR,22,XGBoost,raw
0.5,0.625,8,0.566,0.375,0.191,SECTOR,22,XGBoost,raw
0.625,0.75,7,0.677,0.429,0.249,SECTOR,22,XGBoost,raw
0.75,0.875,10,0.819,0.7,0.119,SECTOR,22,XGBoost,raw
0.875,1.0,10,0.914,0.9,0.014,SECTOR,22,XGBoost,raw
0.375,0.5,22,0.476,0.455,0.022,SECTOR,22,XGBoost,Platt
0.5,0.625,30,0.526,0.7,0.174,SECTOR,22,XGBoost,Platt
0.25,0.375,10,0.35,0.6,0.25,SECTOR,22,XGBoost,isotonic
0.5,0.625,42,0.532,0.595,0.063,SECTOR,22,XGBoost,isotonic
0.125,0.25,5,0.227,0.8,0.573,SECTOR,22,Logistic,raw
0.25,0.375,8,0.323,0.5,0.177,SECTOR,22,Logistic,raw
0.375,0.5,12,0.439,0.333,0.105,SECTOR,22,Logistic,raw
0.5,0.625,16,0.559,0.125,0.434,SECTOR,22,Logistic,raw
0.625,0.75,11,0.674,0.0,0.674,SECTOR,22,Logistic,raw
0.75,0.875,4,0.82,0.0,0.82,SECTOR,22,Logistic,raw
0.875,1.0,2,0.891,0.0,0.891,SECTOR,22,Logistic,raw
0.5,0.625,55,0.565,0.255,0.31,SECTOR,22,Logistic,Platt
0.625,0.75,3,0.635,0.0,0.635,SECTOR,22,Logistic,Platt
0.0,0.125,3,0.0,1.0,1.0,SECTOR,22,Logistic,isotonic
0.125,0.25,2,0.2,0.5,0.3,SECTOR,22,Logistic,isotonic
0.5,0.625,46,0.56,0.217,0.343,SECTOR,22,Logistic,isotonic
0.625,0.75,2,0.632,0.0,0.632,SECTOR,22,Logistic,isotonic
0.75,0.875,2,0.833,0.0,0.833,SECTOR,22,Logistic,isotonic
0.875,1.0,3,0.99,0.0,0.99,SECTOR,22,Logistic,isotonic
0.125,0.25,2,0.214,0.0,0.214,SECTOR,22,XGBoost,raw
0.25,0.375,7,0.293,0.286,0.007,SECTOR,22,XGBoost,raw
0.375,0.5,2,0.47,0.0,0.47,SECTOR,22,XGBoost,raw
0.5,0.625,8,0.587,0.5,0.087,SECTOR,22,XGBoost,raw
0.625,0.75,12,0.687,0.417,0.271,SECTOR,22,XGBoost,raw
0.75,0.875,13,0.829,0.231,0.598,SECTOR,22,XGBoost,raw
0.875,1.0,14,0.922,0.0,0.922,SECTOR,22,XGBoost,raw
0.5,0.625,30,0.577,0.367,0.211,SECTOR,22,XGBoost,Platt
0.625,0.75,28,0.653,0.107,0.546,SECTOR,22,XGBoost,Platt
0.5,0.625,20,0.545,0.3,0.245,SECTOR,22,XGBoost,isotonic
0.625,0.75,37,0.67,0.216,0.454,SECTOR,22,XGBoost,isotonic
0.875,1.0,1,1.0,0.0,1.0,SECTOR,22,XGBoost,isotonic
0.25,0.375,9,0.339,0.889,0.55,SECTOR,22,Logistic,raw
0.375,0.5,14,0.44,0.357,0.083,SECTOR,22,Logistic,raw
0.5,0.625,25,0.556,0.72,0.164,SECTOR,22,Logistic,raw
0.625,0.75,15,0.684,0.8,0.116,SECTOR,22,Logistic,raw
0.75,0.875,3,0.809,0.333,0.475,SECTOR,22,Logistic,raw
0.25,0.375,3,0.357,0.333,0.023,SECTOR,22,Logistic,Platt
0.375,0.5,52,0.442,0.673,0.231,SECTOR,22,Logistic,Platt
0.5,0.625,11,0.513,0.727,0.215,SECTOR,22,Logistic,Platt
0.375,0.5,66,0.438,0.667,0.229,SECTOR,22,Logistic,isotonic
0.0,0.125,2,0.09,1.0,0.91,SECTOR,22,XGBoost,raw
0.125,0.25,15,0.17,0.667,0.496,SECTOR,22,XGBoost,raw
0.25,0.375,9,0.311,0.667,0.355,SECTOR,22,XGBoost,raw
0.375,0.5,10,0.424,0.4,0.024,SECTOR,22,XGBoost,raw
0.5,0.625,8,0.552,0.625,0.073,SECTOR,22,XGBoost,raw
0.625,0.75,14,0.693,0.714,0.021,SECTOR,22,XGBoost,raw
0.75,0.875,7,0.799,0.857,0.058,SECTOR,22,XGBoost,raw
0.875,1.0,1,0.883,1.0,0.117,SECTOR,22,XGBoost,raw
0.25,0.375,9,0.345,0.889,0.544,SECTOR,22,XGBoost,Platt
0.375,0.5,22,0.427,0.636,0.209,SECTOR,22,XGBoost,Platt
0.5,0.625,20,0.567,0.6,0.033,SECTOR,22,XGBoost,Platt
0.625,0.75,15,0.663,0.667,0.003,SECTOR,22,XGBoost,Platt
0.375,0.5,66,0.441,0.667,0.225,SECTOR,22,XGBoost,isotonic
0.125,0.25,2,0.218,1.0,0.782,SECTOR,22,Logistic,raw
0.25,0.375,11,0.313,0.636,0.324,SECTOR,22,Logistic,raw
0.375,0.5,46,0.44,0.674,0.234,SECTOR,22,Logistic,raw
0.5,0.625,31,0.557,0.839,0.282,SECTOR,22,Logistic,raw
0.625,0.75,23,0.686,0.739,0.053,SECTOR,22,Logistic,raw
0.75,0.875,8,0.814,0.875,0.061,SECTOR,22,Logistic,raw
0.875,1.0,1,0.884,1.0,0.116,SECTOR,22,Logistic,raw
0.375,0.5,122,0.43,0.746,0.316,SECTOR,22,Logistic,Platt
0.375,0.5,118,0.421,0.737,0.316,SECTOR,22,Logistic,isotonic
0.5,0.625,4,0.6,1.0,0.4,SECTOR,22,Logistic,isotonic
0.0,0.125,1,0.122,1.0,0.878,SECTOR,22,XGBoost,raw
0.125,0.25,10,0.184,0.5,0.316,SECTOR,22,XGBoost,raw
0.25,0.375,13,0.322,0.538,0.217,SECTOR,22,XGBoost,raw
0.375,0.5,16,0.446,0.625,0.179,SECTOR,22,XGBoost,raw
0.5,0.625,18,0.556,0.778,0.222,SECTOR,22,XGBoost,raw
0.625,0.75,23,0.676,0.739,0.064,SECTOR,22,XGBoost,raw
0.75,0.875,19,0.817,0.842,0.025,SECTOR,22,XGBoost,raw
0.875,1.0,22,0.905,0.955,0.049,SECTOR,22,XGBoost,raw
0.375,0.5,99,0.432,0.798,0.366,SECTOR,22,XGBoost,Platt
0.5,0.625,23,0.525,0.522,0.003,SECTOR,22,XGBoost,Platt
0.375,0.5,113,0.423,0.735,0.311,SECTOR,22,XGBoost,isotonic
0.5,0.625,8,0.516,0.875,0.359,SECTOR,22,XGBoost,isotonic
0.875,1.0,1,1.0,1.0,0.0,SECTOR,22,XGBoost,isotonic
0.0,0.125,16,0.045,0.125,0.08,SECTOR,22,Logistic,raw
0.125,0.25,4,0.219,0.25,0.031,SECTOR,22,Logistic,raw
0.25,0.375,6,0.324,0.333,0.009,SECTOR,22,Logistic,raw
0.375,0.5,41,0.458,0.659,0.2,SECTOR,22,Logistic,raw
0.5,0.625,28,0.563,0.679,0.116,SECTOR,22,Logistic,raw
0.625,0.75,7,0.656,0.714,0.058,SECTOR,22,Logistic,raw
0.75,0.875,4,0.773,1.0,0.227,SECTOR,22,Logistic,raw
0.125,0.25,7,0.21,0.0,0.21,SECTOR,22,Logistic,Platt
0.25,0.375,9,0.309,0.222,0.086,SECTOR,22,Logistic,Platt
0.375,0.5,55,0.471,0.6,0.129,SECTOR,22,Logistic,Platt
0.5,0.625,35,0.526,0.714,0.188,SECTOR,22,Logistic,Platt
0.0,0.125,16,0.0,0.125,0.125,SECTOR,22,Logistic,isotonic
0.375,0.5,60,0.45,0.583,0.133,SECTOR,22,Logistic,isotonic
0.5,0.625,24,0.511,0.708,0.197,SECTOR,22,Logistic,isotonic
0.625,0.75,5,0.655,1.0,0.345,SECTOR,22,Logistic,isotonic
0.75,0.875,1,0.8,1.0,0.2,SECTOR,22,Logistic,isotonic
0.0,0.125,4,0.083,0.25,0.167,SECTOR,22,XGBoost,raw
0.125,0.25,24,0.161,0.542,0.381,SECTOR,22,XGBoost,raw
0.25,0.375,23,0.313,0.609,0.296,SECTOR,22,XGBoost,raw
0.375,0.5,17,0.439,0.529,0.09,SECTOR,22,XGBoost,raw
0.5,0.625,12,0.574,0.417,0.157,SECTOR,22,XGBoost,raw
0.625,0.75,19,0.675,0.684,0.009,SECTOR,22,XGBoost,raw
0.75,0.875,7,0.797,0.714,0.083,SECTOR,22,XGBoost,raw
0.375,0.5,69,0.445,0.536,0.091,SECTOR,22,XGBoost,Platt
0.5,0.625,37,0.529,0.622,0.093,SECTOR,22,XGBoost,Platt
0.125,0.25,4,0.2,0.25,0.05,SECTOR,22,XGBoost,isotonic
0.25,0.375,16,0.331,0.625,0.294,SECTOR,22,XGBoost,isotonic
0.375,0.5,52,0.461,0.538,0.078,SECTOR,22,XGBoost,isotonic
0.5,0.625,34,0.522,0.618,0.096,SECTOR,22,XGBoost,isotonic
0.0,0.125,10,0.09,0.5,0.41,SECTOR,22,Logistic,raw
0.125,0.25,17,0.181,0.647,0.466,SECTOR,22,Logistic,raw
0.25,0.375,18,0.324,1.0,0.676,SECTOR,22,Logistic,raw
0.375,0.5,40,0.449,0.9,0.451,SECTOR,22,Logistic,raw
0.5,0.625,31,0.551,0.871,0.32,SECTOR,22,Logistic,raw
0.625,0.75,8,0.658,1.0,0.342,SECTOR,22,Logistic,raw
0.25,0.375,8,0.335,0.375,0.04,SECTOR,22,Logistic,Platt
0.375,0.5,15,0.445,0.6,0.155,SECTOR,22,Logistic,Platt
0.5,0.625,20,0.578,1.0,0.422,SECTOR,22,Logistic,Platt
0.625,0.75,69,0.693,0.884,0.191,SECTOR,22,Logistic,Platt
0.75,0.875,12,0.773,1.0,0.227,SECTOR,22,Logistic,Platt
0.0,0.125,7,0.0,0.429,0.429,SECTOR,22,Logistic,isotonic
0.25,0.375,1,0.253,0.0,0.253,SECTOR,22,Logistic,isotonic
0.5,0.625,9,0.581,0.667,0.086,SECTOR,22,Logistic,isotonic
0.625,0.75,93,0.661,0.882,0.221,SECTOR,22,Logistic,isotonic
0.75,0.875,14,0.798,1.0,0.202,SECTOR,22,Logistic,isotonic
0.0,0.125,14,0.058,0.714,0.657,SECTOR,22,XGBoost,raw
0.125,0.25,18,0.185,0.722,0.537,SECTOR,22,XGBoost,raw
0.25,0.375,11,0.303,1.0,0.697,SECTOR,22,XGBoost,raw
0.375,0.5,17,0.434,0.824,0.39,SECTOR,22,XGBoost,raw
0.5,0.625,25,0.559,0.96,0.401,SECTOR,22,XGBoost,raw
0.625,0.75,20,0.688,0.75,0.062,SECTOR,22,XGBoost,raw
0.75,0.875,18,0.801,0.944,0.144,SECTOR,22,XGBoost,raw
0.875,1.0,1,0.876,1.0,0.124,SECTOR,22,XGBoost,raw
0.5,0.625,28,0.611,0.714,0.103,SECTOR,22,XGBoost,Platt
0.625,0.75,96,0.67,0.885,0.215,SECTOR,22,XGBoost,Platt
0.0,0.125,7,0.0,0.714,0.714,SECTOR,22,XGBoost,isotonic
0.25,0.375,2,0.333,0.5,0.167,SECTOR,22,XGBoost,isotonic
0.5,0.625,1,0.6,0.0,0.6,SECTOR,22,XGBoost,isotonic
0.625,0.75,109,0.653,0.862,0.209,SECTOR,22,XGBoost,isotonic
0.75,0.875,2,0.857,1.0,0.143,SECTOR,22,XGBoost,isotonic
0.875,1.0,3,0.916,1.0,0.084,SECTOR,22,XGBoost,isotonic
0.0,0.125,11,0.081,0.182,0.101,SECTOR,22,Logistic,raw
0.125,0.25,10,0.199,0.1,0.099,SECTOR,22,Logistic,raw
0.25,0.375,23,0.302,0.043,0.258,SECTOR,22,Logistic,raw
0.375,0.5,20,0.435,0.2,0.235,SECTOR,22,Logistic,raw
0.5,0.625,16,0.57,0.188,0.382,SECTOR,22,Logistic,raw
0.625,0.75,7,0.688,0.0,0.688,SECTOR,22,Logistic,raw
0.75,0.875,2,0.837,0.0,0.837,SECTOR,22,Logistic,raw
0.875,1.0,2,0.934,0.0,0.934,SECTOR,22,Logistic,raw
0.25,0.375,4,0.349,0.25,0.099,SECTOR,22,Logistic,Platt
0.375,0.5,9,0.444,0.222,0.221,SECTOR,22,Logistic,Platt
0.5,0.625,25,0.588,0.04,0.548,SECTOR,22,Logistic,Platt
0.625,0.75,36,0.692,0.167,0.525,SECTOR,22,Logistic,Platt
0.75,0.875,15,0.786,0.067,0.719,SECTOR,22,Logistic,Platt
0.875,1.0,2,0.91,0.0,0.91,SECTOR,22,Logistic,Platt
0.0,0.125,1,0.0,0.0,0.0,SECTOR,22,Logistic,isotonic
0.375,0.5,8,0.4,0.125,0.275,SECTOR,22,Logistic,isotonic
0.5,0.625,9,0.578,0.222,0.356,SECTOR,22,Logistic,isotonic
0.625,0.75,56,0.667,0.125,0.542,SECTOR,22,Logistic,isotonic
0.75,0.875,7,0.829,0.143,0.686,SECTOR,22,Logistic,isotonic
0.875,1.0,10,0.94,0.0,0.94,SECTOR,22,Logistic,isotonic
0.0,0.125,16,0.09,0.125,0.035,SECTOR,22,XGBoost,raw
0.125,0.25,38,0.17,0.211,0.041,SECTOR,22,XGBoost,raw
0.25,0.375,14,0.306,0.0,0.306,SECTOR,22,XGBoost,raw
0.375,0.5,4,0.412,0.0,0.412,SECTOR,22,XGBoost,raw
0.5,0.625,5,0.559,0.0,0.559,SECTOR,22,XGBoost,raw
0.625,0.75,7,0.678,0.143,0.536,SECTOR,22,XGBoost,raw
0.75,0.875,2,0.804,0.0,0.804,SECTOR,22,XGBoost,raw
0.875,1.0,5,0.921,0.0,0.921,SECTOR,22,XGBoost,raw
0.625,0.75,91,0.66,0.121,0.539,SECTOR,22,XGBoost,Platt
0.5,0.625,2,0.6,0.0,0.6,SECTOR,22,XGBoost,isotonic
0.625,0.75,83,0.66,0.133,0.528,SECTOR,22,XGBoost,isotonic
0.75,0.875,1,0.866,0.0,0.866,SECTOR,22,XGBoost,isotonic
0.875,1.0,5,1.0,0.0,1.0,SECTOR,22,XGBoost,isotonic
0.0,0.125,3,0.066,1.0,0.934,SECTOR,22,Logistic,raw
0.125,0.25,15,0.21,0.333,0.123,SECTOR,22,Logistic,raw
0.25,0.375,25,0.312,0.44,0.128,SECTOR,22,Logistic,raw
0.375,0.5,12,0.427,0.417,0.01,SECTOR,22,Logistic,raw
0.5,0.625,15,0.558,0.867,0.309,SECTOR,22,Logistic,raw
0.625,0.75,10,0.701,0.9,0.199,SECTOR,22,Logistic,raw
0.75,0.875,11,0.8,0.909,0.109,SECTOR,22,Logistic,raw
0.375,0.5,5,0.46,0.8,0.34,SECTOR,22,Logistic,Platt
0.5,0.625,65,0.564,0.508,0.057,SECTOR,22,Logistic,Platt
0.625,0.75,21,0.658,0.905,0.246,SECTOR,22,Logistic,Platt
0.375,0.5,2,0.4,1.0,0.6,SECTOR,22,Logistic,isotonic
0.5,0.625,41,0.515,0.415,0.1,SECTOR,22,Logistic,isotonic
0.625,0.75,48,0.627,0.771,0.144,SECTOR,22,Logistic,isotonic
0.0,0.125,20,0.067,0.25,0.183,SECTOR,22,XGBoost,raw
0.125,0.25,19,0.186,0.421,0.235,SECTOR,22,XGBoost,raw
0.25,0.375,9,0.316,0.333,0.018,SECTOR,22,XGBoost,raw
0.375,0.5,12,0.419,0.833,0.414,SECTOR,22,XGBoost,raw
0.5,0.625,8,0.571,1.0,0.429,SECTOR,22,XGBoost,raw
0.625,0.75,12,0.688,0.917,0.229,SECTOR,22,XGBoost,raw
0.75,0.875,8,0.819,1.0,0.181,SECTOR,22,XGBoost,raw
0.875,1.0,3,0.909,1.0,0.091,SECTOR,22,XGBoost,raw
0.5,0.625,91,0.588,0.615,0.027,SECTOR,22,XGBoost,Platt
0.25,0.375,11,0.333,0.091,0.242,SECTOR,22,XGBoost,isotonic
0.375,0.5,3,0.443,0.333,0.109,SECTOR,22,XGBoost,isotonic
0.5,0.625,70,0.577,0.671,0.095,SECTOR,22,XGBoost,isotonic
0.625,0.75,7,0.649,1.0,0.351,SECTOR,22,XGBoost,isotonic
0.125,0.25,3,0.208,0.0,0.208,SECTOR,22,Logistic,raw
0.25,0.375,27,0.334,0.815,0.481,SECTOR,22,Logistic,raw
0.375,0.5,28,0.434,0.679,0.245,SECTOR,22,Logistic,raw
0.5,0.625,46,0.567,0.63,0.063,SECTOR,22,Logistic,raw
0.625,0.75,15,0.659,0.667,0.008,SECTOR,22,Logistic,raw
0.5,0.625,81,0.593,0.667,0.074,SECTOR,22,Logistic,Platt
0.625,0.75,38,0.636,0.684,0.048,SECTOR,22,Logistic,Platt
0.375,0.5,15,0.459,0.667,0.207,SECTOR,22,Logistic,isotonic
0.5,0.625,29,0.568,0.69,0.121,SECTOR,22,Logistic,isotonic
0.625,0.75,75,0.673,0.667,0.007,SECTOR,22,Logistic,isotonic
0.0,0.125,17,0.089,0.588,0.499,SECTOR,22,XGBoost,raw
0.125,0.25,23,0.179,0.696,0.517,SECTOR,22,XGBoost,raw
0.25,0.375,8,0.319,0.75,0.431,SECTOR,22,XGBoost,raw
0.375,0.5,9,0.437,0.556,0.118,SECTOR,22,XGBoost,raw
0.5,0.625,22,0.561,0.591,0.03,SECTOR,22,XGBoost,raw
0.625,0.75,24,0.681,0.75,0.069,SECTOR,22,XGBoost,raw
0.75,0.875,15,0.797,0.733,0.063,SECTOR,22,XGBoost,raw
0.875,1.0,1,0.894,1.0,0.106,SECTOR,22,XGBoost,raw
0.5,0.625,98,0.585,0.663,0.078,SECTOR,22,XGBoost,Platt
0.625,0.75,21,0.634,0.714,0.08,SECTOR,22,XGBoost,Platt
0.25,0.375,7,0.267,0.429,0.162,SECTOR,22,XGBoost,isotonic
0.375,0.5,31,0.426,0.71,0.283,SECTOR,22,XGBoost,isotonic
0.5,0.625,4,0.593,0.75,0.157,SECTOR,22,XGBoost,isotonic
0.625,0.75,77,0.641,0.675,0.034,SECTOR,22,XGBoost,isotonic
0.125,0.25,14,0.199,1.0,0.801,SECTOR,22,Logistic,raw
0.25,0.375,3,0.309,0.667,0.358,SECTOR,22,Logistic,raw
0.375,0.5,21,0.45,0.048,0.402,SECTOR,22,Logistic,raw
0.5,0.625,62,0.574,0.371,0.203,SECTOR,22,Logistic,raw
0.625,0.75,23,0.661,0.174,0.487,SECTOR,22,Logistic,raw
0.5,0.625,123,0.57,0.358,0.212,SECTOR,22,Logistic,Platt
0.375,0.5,19,0.427,0.842,0.415,SECTOR,22,Logistic,isotonic
0.5,0.625,66,0.599,0.288,0.311,SECTOR,22,Logistic,isotonic
0.625,0.75,38,0.636,0.237,0.399,SECTOR,22,Logistic,isotonic
0.0,0.125,5,0.087,0.8,0.713,SECTOR,22,XGBoost,raw
0.125,0.25,11,0.195,0.818,0.623,SECTOR,22,XGBoost,raw
0.25,0.375,10,0.319,0.7,0.381,SECTOR,22,XGBoost,raw
0.375,0.5,15,0.436,0.2,0.236,SECTOR,22,XGBoost,raw
0.5,0.625,31,0.568,0.29,0.278,SECTOR,22,XGBoost,raw
0.625,0.75,23,0.701,0.391,0.31,SECTOR,22,XGBoost,raw
0.75,0.875,27,0.799,0.111,0.688,SECTOR,22,XGBoost,raw
0.875,1.0,1,0.909,0.0,0.909,SECTOR,22,XGBoost,raw
0.375,0.5,10,0.483,0.8,0.317,SECTOR,22,XGBoost,Platt
0.5,0.625,77,0.575,0.39,0.185,SECTOR,22,XGBoost,Platt
0.625,0.75,36,0.64,0.167,0.474,SECTOR,22,XGBoost,Platt
0.125,0.25,1,0.154,1.0,0.846,SECTOR,22,XGBoost,isotonic
0.25,0.375,2,0.333,0.5,0.167,SECTOR,22,XGBoost,isotonic
0.375,0.5,14,0.494,0.857,0.363,SECTOR,22,XGBoost,isotonic
0.5,0.625,94,0.609,0.298,0.311,SECTOR,22,XGBoost,isotonic
0.625,0.75,12,0.68,0.167,0.513,SECTOR,22,XGBoost,isotonic
0.375,0.5,28,0.463,0.643,0.18,SECTOR,22,Logistic,raw
0.5,0.625,56,0.57,0.464,0.106,SECTOR,22,Logistic,raw
0.625,0.75,31,0.655,0.613,0.042,SECTOR,22,Logistic,raw
0.375,0.5,2,0.499,0.5,0.001,SECTOR,22,Logistic,Platt
0.5,0.625,113,0.53,0.549,0.018,SECTOR,22,Logistic,Platt
0.375,0.5,10,0.483,0.5,0.017,SECTOR,22,Logistic,isotonic
0.5,0.625,105,0.564,0.552,0.011,SECTOR,22,Logistic,isotonic
0.125,0.25,1,0.158,1.0,0.842,SECTOR,22,XGBoost,raw
0.25,0.375,16,0.337,0.625,0.288,SECTOR,22,XGBoost,raw
0.375,0.5,23,0.432,0.565,0.134,SECTOR,22,XGBoost,raw
0.5,0.625,36,0.565,0.417,0.148,SECTOR,22,XGBoost,raw
0.625,0.75,26,0.697,0.423,0.274,SECTOR,22,XGBoost,raw
0.75,0.875,13,0.79,1.0,0.21,SECTOR,22,XGBoost,raw
0.5,0.625,115,0.538,0.548,0.009,SECTOR,22,XGBoost,Platt
0.375,0.5,17,0.471,0.647,0.176,SECTOR,22,XGBoost,isotonic
0.5,0.625,98,0.566,0.531,0.036,SECTOR,22,XGBoost,isotonic
0.25,0.375,2,0.369,1.0,0.631,SECTOR,22,Logistic,raw
0.375,0.5,20,0.46,1.0,0.54,SECTOR,22,Logistic,raw
0.5,0.625,53,0.575,0.566,0.009,SECTOR,22,Logistic,raw
0.625,0.75,50,0.659,0.72,0.061,SECTOR,22,Logistic,raw
0.375,0.5,75,0.475,0.707,0.231,SECTOR,22,Logistic,Platt
0.5,0.625,50,0.527,0.7,0.173,SECTOR,22,Logistic,Platt
0.375,0.5,84,0.487,0.679,0.192,SECTOR,22,Logistic,isotonic
0.5,0.625,41,0.503,0.756,0.253,SECTOR,22,Logistic,isotonic
0.0,0.125,3,0.092,1.0,0.908,SECTOR,22,XGBoost,raw
0.125,0.25,3,0.172,1.0,0.828,SECTOR,22,XGBoost,raw
0.25,0.375,15,0.327,0.533,0.206,SECTOR,22,XGBoost,raw
0.375,0.5,26,0.444,0.654,0.21,SECTOR,22,XGBoost,raw
0.5,0.625,36,0.569,0.667,0.097,SECTOR,22,XGBoost,raw
0.625,0.75,31,0.689,0.774,0.085,SECTOR,22,XGBoost,raw
0.75,0.875,9,0.83,0.778,0.052,SECTOR,22,XGBoost,raw
0.875,1.0,2,0.886,1.0,0.114,SECTOR,22,XGBoost,raw
0.375,0.5,76,0.481,0.737,0.256,SECTOR,22,XGBoost,Platt
0.5,0.625,49,0.517,0.653,0.136,SECTOR,22,XGBoost,Platt
0.0,0.125,1,0.0,1.0,1.0,SECTOR,22,XGBoost,isotonic
0.125,0.25,1,0.238,1.0,0.762,SECTOR,22,XGBoost,isotonic
0.375,0.5,123,0.492,0.699,0.207,SECTOR,22,XGBoost,isotonic
0.25,0.375,3,0.35,1.0,0.65,SECTOR,22,Logistic,raw
0.375,0.5,22,0.438,0.818,0.381,SECTOR,22,Logistic,raw
0.5,0.625,67,0.564,0.463,0.102,SECTOR,22,Logistic,raw
0.625,0.75,22,0.662,0.864,0.202,SECTOR,22,Logistic,raw
0.375,0.5,2,0.499,1.0,0.501,SECTOR,22,Logistic,Platt
0.5,0.625,111,0.555,0.613,0.058,SECTOR,22,Logistic,Platt
0.625,0.75,1,0.626,1.0,0.374,SECTOR,22,Logistic,Platt
0.5,0.625,106,0.538,0.594,0.056,SECTOR,22,Logistic,isotonic
0.625,0.75,1,0.688,1.0,0.312,SECTOR,22,Logistic,isotonic
0.75,0.875,2,0.81,1.0,0.19,SECTOR,22,Logistic,isotonic
0.875,1.0,5,0.967,1.0,0.033,SECTOR,22,Logistic,isotonic
0.125,0.25,2,0.204,1.0,0.796,SECTOR,22,XGBoost,raw
0.25,0.375,13,0.315,1.0,0.685,SECTOR,22,XGBoost,raw
0.375,0.5,13,0.451,0.923,0.472,SECTOR,22,XGBoost,raw
0.5,0.625,20,0.563,0.85,0.287,SECTOR,22,XGBoost,raw
0.625,0.75,32,0.697,0.531,0.166,SECTOR,22,XGBoost,raw
0.75,0.875,34,0.81,0.294,0.515,SECTOR,22,XGBoost,raw
0.5,0.625,114,0.552,0.623,0.071,SECTOR,22,XGBoost,Platt
0.5,0.625,102,0.551,0.686,0.135,SECTOR,22,XGBoost,isotonic
0.625,0.75,1,0.658,0.0,0.658,SECTOR,22,XGBoost,isotonic
0.75,0.875,11,0.838,0.091,0.747,SECTOR,22,XGBoost,isotonic
0.375,0.5,1,0.497,1.0,0.503,SECTOR,22,Logistic,raw
0.5,0.625,42,0.582,0.667,0.084,SECTOR,22,Logistic,raw
0.625,0.75,81,0.673,0.741,0.068,SECTOR,22,Logistic,raw
0.375,0.5,69,0.456,0.754,0.297,SECTOR,22,Logistic,Platt
0.5,0.625,55,0.541,0.673,0.132,SECTOR,22,Logistic,Platt
0.5,0.625,75,0.553,0.72,0.167,SECTOR,22,Logistic,isotonic
0.625,0.75,9,0.688,0.778,0.09,SECTOR,22,Logistic,isotonic
0.75,0.875,6,0.857,0.833,0.024,SECTOR,22,Logistic,isotonic
0.875,1.0,34,0.937,0.676,0.261,SECTOR,22,Logistic,isotonic
0.25,0.375,7,0.318,0.571,0.253,SECTOR,22,XGBoost,raw
0.375,0.5,9,0.452,0.667,0.215,SECTOR,22,XGBoost,raw
0.5,0.625,21,0.584,0.714,0.13,SECTOR,22,XGBoost,raw
0.625,0.75,50,0.689,0.68,0.009,SECTOR,22,XGBoost,raw
0.75,0.875,37,0.786,0.811,0.025,SECTOR,22,XGBoost,raw
0.375,0.5,49,0.47,0.796,0.326,SECTOR,22,XGBoost,Platt
0.5,0.625,65,0.543,0.708,0.165,SECTOR,22,XGBoost,Platt
0.625,0.75,10,0.673,0.4,0.273,SECTOR,22,XGBoost,Platt
0.5,0.625,124,0.565,0.718,0.153,SECTOR,22,XGBoost,isotonic
