date,ticker,open,high,low,close,volume
2012-02-23,COMB.N0000,79.607507,81.83429,79.607507,80.005146,77956.86
2012-02-24,COMB.N0000,79.607507,79.925619,79.448453,79.527979,665584.98
2012-02-27,COMB.N0000,79.607507,80.720898,79.209865,79.527979,279041.69
2012-03-05,COMB.N0000,79.527979,79.527979,79.209865,79.527979,116326.06
2012-03-06,COMB.N0000,79.368925,79.527979,79.050812,79.368925,180761.75
2012-03-08,COMB.N0000,79.209865,79.527979,79.130339,79.209865,53085.21
2012-03-09,COMB.N0000,79.130339,79.527979,78.812225,79.130339,43076.65
2012-03-13,COMB.N0000,78.891752,79.368925,78.335059,78.891752,41455.61
2012-03-14,COMB.N0000,79.209865,79.209865,78.812225,79.209865,97942.85
2012-03-15,COMB.N0000,79.527979,79.527979,79.130339,79.527979,467395.47
2012-03-16,COMB.N0000,79.527979,79.607507,79.289392,79.527979,1648053.74
2012-03-19,COMB.N0000,79.448453,79.527979,79.368925,79.448453,448588.22
2012-03-20,COMB.N0000,79.527979,79.607507,79.130339,79.527979,696071.21
2012-03-21,COMB.N0000,79.527979,79.527979,79.209865,79.527979,369527.77
2012-03-22,COMB.N0000,79.527979,79.527979,79.130339,79.527979,375373.16
2012-03-23,COMB.N0000,79.527979,79.527979,79.368925,79.527979,774855.77
2012-03-26,COMB.N0000,79.527979,79.687035,79.448453,79.527979,330630.39
2012-03-27,COMB.N0000,79.448453,79.527979,79.130339,79.448453,216410.61
2012-03-28,COMB.N0000,79.527979,79.527979,79.289392,79.527979,83177.46
2012-03-29,COMB.N0000,79.289392,79.527979,79.289392,79.289392,305945.54
2012-03-30,COMB.N0000,79.527979,79.527979,79.368925,79.527979,784182.64
2012-04-02,COMB.N0000,78.971285,79.527979,78.891752,78.971285,11595.25
2012-04-03,COMB.N0000,79.209865,79.607507,78.335059,79.209865,11195004.02
2012-04-04,COMB.N0000,79.368925,79.527979,79.130339,79.368925,68768.48
2012-04-05,COMB.N0000,79.209865,79.368925,78.891752,79.209865,101619.71
2012-04-09,COMB.N0000,79.527979,79.527979,79.130339,79.527979,72080.33
2012-04-10,COMB.N0000,79.368925,79.527979,79.130339,79.368925,14556.05
2012-04-11,COMB.N0000,79.527979,79.527979,79.130339,79.527979,62815.73
2012-04-16,COMB.N0000,79.527979,79.607507,79.209865,79.527979,72276.79
2012-04-17,COMB.N0000,79.687035,80.323258,79.368925,79.687035,69200.04
2012-04-18,COMB.N0000,80.959482,81.83429,79.607507,80.959482,214356.94
2012-04-19,COMB.N0000,83.583906,84.299658,81.754762,83.583906,669690.18
2012-04-20,COMB.N0000,82.709098,84.299658,82.390986,82.709098,90325.05
2012-04-23,COMB.N0000,83.504378,83.742962,82.709098,83.504378,291444.23
2012-04-24,COMB.N0000,83.504378,83.742962,83.265793,83.504378,416905
2012-04-25,COMB.N0000,83.583906,83.742962,83.504378,83.583906,104249.87
2012-04-26,COMB.N0000,83.504378,83.902018,83.345321,83.504378,264846.34
2012-04-27,COMB.N0000,83.504378,83.742962,83.42485,83.504378,51863.53
2012-04-30,COMB.N0000,83.504378,83.82249,83.504378,83.504378,105120.5
2012-05-02,COMB.N0000,83.583906,83.902018,83.504378,83.583906,79471.62
2012-05-03,COMB.N0000,84.061074,84.299658,83.583906,84.061074,151934.12
2012-05-04,COMB.N0000,83.902018,84.299658,83.742962,83.902018,100944.45
2012-05-08,COMB.N0000,83.42485,83.504378,83.106737,83.42485,86450.66
2012-05-09,COMB.N0000,83.504378,83.742962,82.868154,83.504378,690104.51
2012-05-10,COMB.N0000,83.504378,84.140602,83.504378,83.504378,214315.07
2012-05-11,COMB.N0000,83.027209,83.504378,82.788626,83.027209,80195.18
2012-05-14,COMB.N0000,83.504378,83.504378,82.947681,83.504378,451416.98
2012-05-15,COMB.N0000,83.504378,83.583906,82.709098,83.504378,422968.32
2012-05-16,COMB.N0000,83.583906,83.82249,83.504378,83.583906,244486.76
2012-05-17,COMB.N0000,83.583906,83.742962,83.504378,83.583906,33951.6
2012-05-18,COMB.N0000,83.504378,83.742962,83.504378,83.504378,147252.44
2012-05-21,COMB.N0000,83.504378,83.663434,83.42485,83.504378,176584.62
2012-05-22,COMB.N0000,83.504378,84.299658,82.072874,83.504378,306576.78
2012-05-23,COMB.N0000,83.504378,83.902018,83.106737,83.504378,388157.89
2012-05-24,COMB.N0000,83.504378,83.583906,83.265793,83.504378,94235.94
2012-05-25,COMB.N0000,83.504378,83.583906,83.345321,83.504378,449280.65
2012-05-28,COMB.N0000,83.504378,83.583906,83.345321,83.504378,128907.88
2012-05-29,COMB.N0000,82.788626,83.663434,82.311458,82.788626,812475.64
2012-05-30,COMB.N0000,82.311458,83.106737,82.311458,82.311458,26284.42
2012-05-31,COMB.N0000,82.709098,83.106737,81.913818,82.709098,142176.77
2012-06-01,COMB.N0000,82.709098,82.788626,82.311458,82.709098,367962.56
2012-06-05,COMB.N0000,80.084674,83.027209,79.527979,80.084674,48201.7
2012-06-06,COMB.N0000,79.527979,82.311458,78.732699,79.527979,121895.55
2012-06-07,COMB.N0000,79.687035,81.118539,79.527979,79.687035,12085.85
2012-06-08,COMB.N0000,81.118539,81.118539,79.607507,81.118539,28856.61
2012-06-11,COMB.N0000,80.482314,81.913818,80.323258,80.482314,5568.42
2012-06-12,COMB.N0000,79.766563,81.039011,79.687035,79.766563,30710.6
2012-06-13,COMB.N0000,79.925619,80.323258,79.527979,79.925619,1094568.31
2012-06-14,COMB.N0000,80.24373,80.323258,79.925619,80.24373,300055.05
2012-06-15,COMB.N0000,80.323258,80.720898,80.164202,80.323258,645108.38
2012-06-18,COMB.N0000,80.323258,80.720898,80.084674,80.323258,98477.47
2012-06-19,COMB.N0000,80.323258,81.039011,80.164202,80.323258,219939.32
2012-06-20,COMB.N0000,80.164202,80.720898,80.164202,80.164202,66264.99
2012-06-21,COMB.N0000,80.24373,80.323258,79.846091,80.24373,64298.28
2012-06-22,COMB.N0000,79.925619,79.925619,79.527979,79.925619,407332.29
2012-06-25,COMB.N0000,79.527979,79.925619,79.527979,79.527979,718281.57
2012-06-26,COMB.N0000,79.527979,79.766563,79.368925,79.527979,139222.4
2012-06-27,COMB.N0000,79.368925,79.527979,79.209865,79.368925,27150.76
2012-06-28,COMB.N0000,78.494113,79.368925,78.335059,78.494113,30471.2
2012-06-29,COMB.N0000,78.573645,78.971285,78.335059,78.573645,57668.13
2012-07-02,COMB.N0000,78.732699,78.732699,78.573645,78.732699,11643.56
2012-07-04,COMB.N0000,78.096473,78.971285,77.937419,78.096473,16382.14
2012-07-05,COMB.N0000,77.937419,78.016946,77.698833,77.937419,64010.57
2012-07-06,COMB.N0000,77.937419,78.732699,77.857893,77.937419,174000.63
2012-07-09,COMB.N0000,78.414586,79.527979,77.698833,78.414586,51734.7
2012-07-10,COMB.N0000,77.937419,78.732699,77.937419,77.937419,70851.13
2012-07-11,COMB.N0000,77.937419,78.732699,77.778366,77.937419,23009.07
2012-07-12,COMB.N0000,78.335059,78.732699,77.857893,78.335059,15678.97
2012-07-13,COMB.N0000,77.698833,77.937419,77.539779,77.698833,19590.93
2012-07-16,COMB.N0000,77.937419,78.732699,77.698833,77.937419,59913.96
2012-07-17,COMB.N0000,77.301193,78.732699,77.221665,77.301193,28209.27
2012-07-18,COMB.N0000,77.778366,77.857893,77.142139,77.778366,20871.66
2012-07-19,COMB.N0000,77.380726,77.778366,77.221665,77.380726,24842.66
2012-07-20,COMB.N0000,77.539779,77.937419,77.380726,77.539779,28193.16
2012-07-23,COMB.N0000,77.062613,77.460253,76.983085,77.062613,35421.27
2012-07-24,COMB.N0000,77.142139,77.460253,76.983085,77.142139,219502.39
2012-07-25,COMB.N0000,77.698833,77.857893,76.983085,77.698833,133241.74
2012-07-26,COMB.N0000,77.539779,77.857893,77.301193,77.539779,6749.31
2012-07-27,COMB.N0000,77.539779,77.857893,77.301193,77.539779,18936.08
2012-07-30,COMB.N0000,77.619305,77.778366,77.539779,77.619305,6459.46
2012-07-31,COMB.N0000,77.857893,77.857893,77.539779,77.857893,15304.31
2012-08-02,COMB.N0000,77.937419,77.937419,77.857893,77.937419,145311.49
2012-08-03,COMB.N0000,77.937419,77.937419,77.301193,77.937419,667747.08
2012-08-06,COMB.N0000,77.619305,77.937419,77.539779,77.619305,32390.68
2012-08-07,COMB.N0000,77.619305,77.937419,77.539779,77.619305,43370.8
2012-08-08,COMB.N0000,77.539779,77.937419,77.539779,77.539779,214162.63
2012-08-09,COMB.N0000,77.619305,78.335059,77.539779,77.619305,33458.85
2012-08-10,COMB.N0000,77.937419,77.937419,77.539779,77.937419,111913.83
2012-08-13,COMB.N0000,77.539779,78.255533,77.460253,77.539779,39122.82
2012-08-14,COMB.N0000,78.971285,79.130339,77.539779,78.971285,760917
2012-08-15,COMB.N0000,80.402786,83.504378,79.209865,80.402786,289229.53
2012-08-16,COMB.N0000,80.005146,81.039011,79.607507,80.005146,6015.01
2012-08-17,COMB.N0000,81.198067,81.277595,79.527979,81.198067,156942.16
2012-08-20,COMB.N0000,80.482314,81.118539,79.687035,80.482314,36589.28
2012-08-21,COMB.N0000,80.482314,81.516178,79.925619,80.482314,88648.19
2012-08-22,COMB.N0000,81.675234,81.83429,79.607507,81.675234,250831.35
2012-08-23,COMB.N0000,82.152402,82.709098,81.913818,82.152402,362738.74
2012-08-24,COMB.N0000,81.754762,82.23193,81.595706,81.754762,267831.84
2012-08-27,COMB.N0000,82.23193,82.311458,81.675234,82.23193,266963.35
2012-08-28,COMB.N0000,82.072874,82.709098,81.913818,82.072874,298350.28
2012-08-29,COMB.N0000,82.709098,83.186265,82.311458,82.709098,39102.42
2012-08-30,COMB.N0000,82.709098,83.504378,82.470514,82.709098,54048.17
2012-09-03,COMB.N0000,83.504378,84.299658,82.947681,83.504378,513221.44
2012-09-04,COMB.N0000,84.776825,85.094937,83.504378,84.776825,189066.61
2012-09-05,COMB.N0000,84.299658,85.094937,83.504378,84.299658,18077.25
2012-09-06,COMB.N0000,84.299658,84.697297,83.504378,84.299658,55211.88
2012-09-07,COMB.N0000,84.776825,85.094937,84.299658,84.776825,68322.96
2012-09-10,COMB.N0000,85.094937,85.492577,84.697297,85.094937,464524.84
2012-09-11,COMB.N0000,85.094937,86.287857,84.697297,85.094937,252844.23
2012-09-12,COMB.N0000,86.844553,87.083137,85.094937,86.844553,241904.91
2012-09-13,COMB.N0000,89.071336,89.468976,87.32172,89.071336,2029984.06
2012-09-14,COMB.N0000,91.934343,92.172927,89.866616,91.934343,7739820.19
2012-09-17,COMB.N0000,92.968207,95.035934,91.457176,92.968207,663137.32
2012-09-18,COMB.N0000,91.457176,93.047735,91.139064,91.457176,659944.63
2012-09-19,COMB.N0000,89.866616,90.661895,87.480776,89.866616,138411.88
2012-09-20,COMB.N0000,90.741424,91.059536,88.276057,90.741424,102780.2
2012-09-21,COMB.N0000,91.457176,91.854815,89.866616,91.457176,300628.32
2012-09-24,COMB.N0000,91.457176,91.457176,89.946144,91.457176,122392.6
2012-09-25,COMB.N0000,90.582367,91.29812,90.025672,90.582367,48603.2
2012-09-26,COMB.N0000,90.661895,90.980008,90.264255,90.661895,440853.4
2012-09-27,COMB.N0000,91.457176,91.616232,90.264255,91.457176,345923.96
2012-09-28,COMB.N0000,92.252455,92.252455,90.343783,92.252455,8105841.79
2012-10-01,COMB.N0000,92.172927,92.252455,91.457176,92.172927,425381.62
2012-10-02,COMB.N0000,91.139064,91.457176,90.741424,91.139064,41597.32
2012-10-03,COMB.N0000,90.582367,91.139064,90.264255,90.582367,258249.47
2012-10-04,COMB.N0000,90.582367,90.661895,89.548504,90.582367,336484.38
2012-10-05,COMB.N0000,89.946144,90.582367,89.150864,89.946144,272855.98
2012-10-08,COMB.N0000,89.150864,90.264255,89.071336,89.150864,244112.1
2012-10-09,COMB.N0000,89.071336,91.457176,88.91228,89.071336,254791.62
2012-10-10,COMB.N0000,88.91228,89.866616,88.435113,88.91228,605266.29
2012-10-11,COMB.N0000,88.355585,89.866616,88.276057,88.355585,286274.09
2012-10-12,COMB.N0000,87.639832,89.071336,87.480776,87.639832,395476.17
2012-10-15,COMB.N0000,85.015409,88.276057,84.379185,85.015409,244899
2012-10-16,COMB.N0000,84.299658,87.480776,84.299658,84.299658,341526.77
2012-10-17,COMB.N0000,83.345321,85.094937,83.106737,83.345321,259190.96
2012-10-18,COMB.N0000,84.299658,84.697297,83.504378,84.299658,256352.54
2012-10-19,COMB.N0000,83.902018,85.890217,83.504378,83.902018,298618.66
2012-10-22,COMB.N0000,83.504378,85.094937,82.709098,83.504378,246894.7
2012-10-23,COMB.N0000,83.583906,84.299658,83.106737,83.583906,296390.01
2012-10-24,COMB.N0000,82.947681,84.299658,82.709098,82.947681,228937.68
2012-10-25,COMB.N0000,82.709098,83.504378,82.709098,82.709098,54405.66
2012-10-26,COMB.N0000,82.311458,83.345321,82.23193,82.311458,30537.76
2012-10-30,COMB.N0000,81.913818,83.186265,81.754762,81.913818,154858.43
2012-10-31,COMB.N0000,83.42485,83.42485,81.913818,83.42485,5893.7
2012-11-01,COMB.N0000,81.83429,82.709098,81.754762,81.83429,45364.35
2012-11-02,COMB.N0000,81.993346,82.709098,81.357123,81.993346,13782.04
2012-11-05,COMB.N0000,82.709098,83.504378,82.390986,82.709098,50740.61
2012-11-06,COMB.N0000,82.550042,82.709098,82.311458,82.550042,58491.53
2012-11-07,COMB.N0000,82.550042,82.709098,82.390986,82.550042,343109.16
2012-11-08,COMB.N0000,81.993346,83.504378,81.913818,81.993346,511630.46
2012-11-09,COMB.N0000,83.106737,83.186265,82.709098,83.106737,9272.12
2012-11-12,COMB.N0000,83.504378,83.902018,83.106737,83.504378,27251.67
2012-11-14,COMB.N0000,84.22013,84.299658,83.265793,84.22013,24757.85
2012-11-15,COMB.N0000,83.504378,84.22013,83.265793,83.504378,90042.71
2012-11-16,COMB.N0000,83.504378,83.504378,83.186265,83.504378,139243.87
2012-11-19,COMB.N0000,82.311458,83.504378,81.993346,82.311458,25077.77
2012-11-20,COMB.N0000,81.516178,83.027209,81.516178,81.516178,19685.4
2012-11-21,COMB.N0000,80.720898,81.83429,79.925619,80.720898,78439.95
2012-11-22,COMB.N0000,81.039011,81.913818,80.323258,81.039011,62258.56
2012-11-23,COMB.N0000,80.879954,81.118539,80.482314,80.879954,8755.75
2012-11-26,COMB.N0000,80.720898,81.118539,80.24373,80.720898,29977.38
2012-11-28,COMB.N0000,79.527979,81.118539,79.130339,79.527979,255047.12
2012-11-29,COMB.N0000,79.527979,80.323258,79.448453,79.527979,546638.43
2012-11-30,COMB.N0000,79.527979,80.879954,79.130339,79.527979,142372.15
2012-12-03,COMB.N0000,79.527979,80.323258,79.209865,79.527979,72371.26
2012-12-04,COMB.N0000,79.448453,79.448453,78.891752,79.448453,48884.47
2012-12-05,COMB.N0000,79.448453,79.527979,79.130339,79.448453,25584.48
2012-12-06,COMB.N0000,79.448453,79.527979,79.289392,79.448453,53412.64
2012-12-07,COMB.N0000,79.527979,79.527979,79.209865,79.527979,80860.77
2012-12-10,COMB.N0000,79.925619,79.925619,78.732699,79.925619,204855.08
2012-12-11,COMB.N0000,79.527979,80.323258,79.527979,79.527979,117659.39
2012-12-12,COMB.N0000,80.800426,81.118539,79.527979,80.800426,275117.92
2012-12-13,COMB.N0000,81.675234,81.913818,81.277595,81.675234,176435.4
2012-12-14,COMB.N0000,81.118539,82.709098,80.323258,81.118539,2748775.56
2012-12-17,COMB.N0000,80.64137,82.390986,80.482314,80.64137,959059.27
2012-12-18,COMB.N0000,81.913818,82.709098,81.118539,81.913818,2282644.71
2012-12-19,COMB.N0000,81.118539,82.311458,81.118539,81.118539,2380051.86
2012-12-20,COMB.N0000,80.959482,81.913818,80.720898,80.959482,598034.97
2012-12-21,COMB.N0000,81.913818,81.913818,81.118539,81.913818,772516.54
2012-12-24,COMB.N0000,82.23193,82.311458,81.118539,82.23193,21638.16
2012-12-26,COMB.N0000,81.754762,82.62957,81.516178,81.754762,324952.47
2012-12-28,COMB.N0000,81.913818,82.62957,81.118539,81.913818,38433.61
2012-12-31,COMB.N0000,81.913818,82.62957,81.913818,81.913818,77387.89
2013-01-02,COMB.N0000,82.709098,82.709098,82.072874,82.709098,1736385.24
2013-01-03,COMB.N0000,82.709098,83.504378,82.709098,82.709098,23165.8
2013-01-04,COMB.N0000,83.42485,83.504378,82.709098,83.42485,41546.86
2013-01-07,COMB.N0000,83.504378,83.504378,82.788626,83.504378,1131554.8
2013-01-08,COMB.N0000,83.583906,83.82249,83.106737,83.583906,3057632.52
2013-01-09,COMB.N0000,83.82249,83.82249,83.504378,83.82249,354209.5
2013-01-10,COMB.N0000,83.504378,83.902018,83.345321,83.504378,1161921.87
2013-01-11,COMB.N0000,83.504378,84.22013,83.345321,83.504378,402795.53
2013-01-15,COMB.N0000,83.504378,84.22013,83.42485,83.504378,3096743.53
2013-01-16,COMB.N0000,83.504378,83.504378,83.106737,83.504378,302251.51
2013-01-17,COMB.N0000,83.504378,83.504378,83.106737,83.504378,4998029.04
2013-01-18,COMB.N0000,83.504378,83.583906,83.42485,83.504378,3281220.78
2013-01-21,COMB.N0000,83.345321,83.504378,83.106737,83.345321,935297.65
2013-01-22,COMB.N0000,82.868154,83.583906,82.709098,82.868154,8640981.59
2013-01-23,COMB.N0000,82.788626,83.106737,82.709098,82.788626,7624698.63
2013-01-24,COMB.N0000,82.709098,83.027209,82.470514,82.709098,1415981.34
2013-01-28,COMB.N0000,83.504378,83.902018,82.709098,83.504378,141521.91
2013-01-29,COMB.N0000,83.42485,84.140602,83.186265,83.42485,85763.6
2013-01-30,COMB.N0000,83.186265,84.697297,82.709098,83.186265,2335704.15
2013-01-31,COMB.N0000,83.902018,84.299658,83.504378,83.902018,1955140.45
2013-02-01,COMB.N0000,84.061074,84.697297,83.742962,84.061074,2113012.29
2013-02-05,COMB.N0000,84.935881,85.492577,84.299658,84.935881,1405440.3
2013-02-06,COMB.N0000,86.446913,87.003609,85.094937,86.446913,1773199.96
2013-02-07,COMB.N0000,87.401248,87.480776,86.685497,87.401248,1954252.64
2013-02-08,COMB.N0000,88.435113,88.594169,87.401248,88.435113,2704873.36
2013-02-11,COMB.N0000,86.208329,88.91228,85.890217,86.208329,1328140.45
2013-02-12,COMB.N0000,85.810689,86.605969,85.253993,85.810689,71589.73
2013-02-13,COMB.N0000,86.208329,86.685497,85.492577,86.208329,65580.08
2013-02-14,COMB.N0000,86.287857,86.685497,85.890217,86.287857,429604.91
2013-02-15,COMB.N0000,86.685497,87.083137,86.287857,86.685497,89257.96
2013-02-18,COMB.N0000,85.492577,87.480776,84.299658,85.492577,67185.01
2013-02-19,COMB.N0000,86.367385,86.685497,85.094937,86.367385,3245219.8
2013-02-20,COMB.N0000,85.890217,86.367385,85.492577,85.890217,27706.85
2013-02-21,COMB.N0000,84.140602,85.572105,83.663434,84.140602,224682.19
2013-02-22,COMB.N0000,85.572105,85.890217,85.094937,85.572105,57897.87
2013-02-26,COMB.N0000,85.492577,85.890217,84.299658,85.492577,1682871.69
2013-02-27,COMB.N0000,86.685497,87.083137,85.492577,86.685497,1460431.04
2013-02-28,COMB.N0000,86.685497,87.480776,86.526441,86.685497,598433.25
2013-03-01,COMB.N0000,86.685497,86.765025,86.526441,86.685497,126032.96
2013-03-04,COMB.N0000,87.401248,87.480776,86.685497,87.401248,6367899.93
2013-03-05,COMB.N0000,86.526441,87.401248,86.287857,86.526441,30884.52
2013-03-06,COMB.N0000,86.605969,86.844553,86.526441,86.605969,115465.08
2013-03-07,COMB.N0000,86.049273,86.844553,85.969745,86.049273,99702.37
2013-03-08,COMB.N0000,85.810689,87.003609,85.731161,85.810689,1198681.84
2013-03-11,COMB.N0000,86.208329,86.685497,85.572105,86.208329,1196765.58
2013-03-12,COMB.N0000,87.480776,87.878416,85.890217,87.480776,652092.8
2013-03-13,COMB.N0000,87.480776,88.196528,87.401248,87.480776,729106.02
2013-03-14,COMB.N0000,87.798888,88.276057,87.480776,87.798888,20835.16
2013-03-15,COMB.N0000,89.071336,89.468976,88.196528,89.071336,225982.24
2013-03-18,COMB.N0000,90.661895,90.661895,89.866616,90.661895,195017.21
2013-03-19,COMB.N0000,90.423311,91.059536,90.264255,90.423311,893486.7
2013-03-20,COMB.N0000,90.661895,90.980008,89.866616,90.661895,253083.62
2013-03-21,COMB.N0000,90.423311,90.980008,90.264255,90.423311,712166.72
2013-03-22,COMB.N0000,90.582367,90.582367,89.866616,90.582367,78526.91
2013-03-25,COMB.N0000,89.866616,90.661895,89.866616,89.866616,310366.35
2013-03-27,COMB.N0000,89.468976,89.866616,88.355585,89.468976,308320.2
2013-03-28,COMB.N0000,89.866616,90.264255,89.071336,89.866616,6834496.69
2013-04-01,COMB.N0000,87.162665,88.276057,86.367385,87.162665,85034.67
2013-04-02,COMB.N0000,87.242193,87.401248,86.128801,87.242193,133234.23
2013-04-03,COMB.N0000,87.32172,87.878416,86.685497,87.32172,87164.56
2013-04-04,COMB.N0000,88.673697,88.673697,86.685497,88.673697,423074.6
2013-04-05,COMB.N0000,90.264255,90.502839,88.276057,90.264255,297404.5
2013-04-08,COMB.N0000,89.946144,90.661895,89.866616,89.946144,79087.29
2013-04-09,COMB.N0000,89.866616,90.264255,89.468976,89.866616,71815.17
2013-04-10,COMB.N0000,89.866616,90.264255,89.468976,89.866616,304695.94
2013-04-11,COMB.N0000,90.264255,90.502839,89.866616,90.264255,1148399.63
2013-04-12,COMB.N0000,90.582367,90.661895,90.343783,90.582367,25977.39
2013-04-16,COMB.N0000,90.582367,90.661895,90.343783,90.582367,800928.7
2013-04-17,COMB.N0000,90.820952,91.059536,90.264255,90.820952,266087.35
2013-04-18,COMB.N0000,90.184728,90.980008,89.946144,90.184728,26861.98
2013-04-19,COMB.N0000,89.866616,90.264255,89.548504,89.866616,5791230.44
2013-04-22,COMB.N0000,89.866616,89.866616,89.468976,89.866616,4171146.57
2013-04-23,COMB.N0000,89.866616,90.264255,89.628032,89.866616,337741.48
2013-04-24,COMB.N0000,90.661895,90.661895,90.264255,90.661895,793943.21
2013-04-26,COMB.N0000,90.741424,90.820952,90.343783,90.741424,447876.47
2013-04-29,COMB.N0000,91.059536,91.377648,90.502839,91.059536,665233.93
2013-04-30,COMB.N0000,91.29812,91.457176,90.661895,91.29812,1294624.7
2013-05-02,COMB.N0000,91.457176,91.457176,90.661895,91.457176,229893.13
2013-05-03,COMB.N0000,92.729623,93.843015,91.457176,92.729623,1243399.92
2013-05-06,COMB.N0000,93.763487,93.843015,92.650095,93.763487,283616.02
2013-05-07,COMB.N0000,94.240655,94.320183,93.206791,94.240655,1065626.9
2013-05-08,COMB.N0000,94.399711,94.638295,94.002071,94.399711,3955771.92
2013-05-09,COMB.N0000,94.240655,94.479239,93.922543,94.240655,4436962.31
2013-05-10,COMB.N0000,93.843015,94.79735,93.047735,93.843015,1523411.01
2013-05-13,COMB.N0000,93.683959,93.843015,93.047735,93.683959,117351.28
2013-05-14,COMB.N0000,92.729623,93.763487,92.650095,92.729623,115075.39
2013-05-15,COMB.N0000,91.457176,92.650095,91.059536,91.457176,477640.21
2013-05-16,COMB.N0000,92.729623,92.809151,91.854815,92.729623,1664094.5
2013-05-17,COMB.N0000,94.638295,94.717822,92.968207,94.638295,3824356.26
2013-05-20,COMB.N0000,97.103662,97.421774,94.638295,97.103662,2525130.4
2013-05-21,COMB.N0000,99.648557,100.205253,97.421774,99.648557,7103151.93
2013-05-22,COMB.N0000,99.330445,99.409973,98.932806,99.330445,1930093.81
2013-05-23,COMB.N0000,98.535166,99.409973,98.217054,98.535166,21278.53
2013-05-27,COMB.N0000,97.421774,98.614694,97.024134,97.421774,25327.9
2013-05-28,COMB.N0000,96.546966,97.501302,95.990271,96.546966,81398.61
2013-05-29,COMB.N0000,98.296582,98.614694,96.228854,98.296582,404922.2
2013-05-30,COMB.N0000,97.819413,98.057998,97.421774,97.819413,131573.47
2013-05-31,COMB.N0000,98.057998,98.217054,97.421774,98.057998,1219599.66
2013-06-03,COMB.N0000,97.024134,98.296582,97.024134,97.024134,161078.49
2013-06-04,COMB.N0000,98.614694,98.694222,97.024134,98.614694,4206513.09
2013-06-05,COMB.N0000,98.057998,99.012333,97.421774,98.057998,433390.19
2013-06-06,COMB.N0000,97.739885,98.614694,97.501302,97.739885,2681724.74
2013-06-07,COMB.N0000,95.513103,97.739885,95.433574,95.513103,1242668.85
2013-06-10,COMB.N0000,95.433574,96.944606,95.354046,95.433574,116738.29
2013-06-11,COMB.N0000,95.19499,96.626494,95.035934,95.19499,342535.89
2013-06-12,COMB.N0000,95.354046,95.433574,93.843015,95.354046,822270.57
2013-06-13,COMB.N0000,92.968207,96.228854,92.411511,92.968207,1118946.14
2013-06-14,COMB.N0000,92.809151,94.240655,92.411511,92.809151,70661.12
2013-06-17,COMB.N0000,92.570567,93.843015,92.411511,92.570567,124724.32
2013-06-18,COMB.N0000,92.650095,92.968207,92.491039,92.650095,101443.65
2013-06-19,COMB.N0000,92.411511,93.047735,92.252455,92.411511,1012467.61
2013-06-20,COMB.N0000,92.093399,92.650095,92.093399,92.093399,3871102.25
2013-06-21,COMB.N0000,91.695759,93.047735,91.536704,91.695759,131929.88
2013-06-24,COMB.N0000,92.172927,92.968207,91.854815,92.172927,113480.12
2013-06-25,COMB.N0000,90.582367,92.491039,90.343783,90.582367,698153.87
2013-06-26,COMB.N0000,90.184728,91.457176,89.866616,90.184728,529276.15
2013-06-27,COMB.N0000,91.059536,91.457176,90.184728,91.059536,1444068.22
2013-06-28,COMB.N0000,91.695759,92.968207,91.059536,91.695759,141335.12
2013-07-01,COMB.N0000,92.252455,92.252455,91.059536,92.252455,302867.71
2013-07-02,COMB.N0000,92.411511,93.763487,92.252455,92.411511,113997.56
2013-07-03,COMB.N0000,91.059536,92.650095,90.820952,91.059536,153601.32
2013-07-04,COMB.N0000,90.264255,91.854815,90.025672,90.264255,2887929.25
2013-07-05,COMB.N0000,90.1052,91.457176,89.468976,90.1052,74482.9
2013-07-08,COMB.N0000,90.264255,90.661895,89.866616,90.264255,230154
2013-07-09,COMB.N0000,90.264255,90.661895,90.025672,90.264255,60560.23
2013-07-10,COMB.N0000,90.502839,91.377648,90.264255,90.502839,79236.51
2013-07-11,COMB.N0000,91.059536,91.457176,91.059536,91.059536,41386.9
2013-07-12,COMB.N0000,91.457176,91.854815,91.059536,91.457176,214904.44
2013-07-15,COMB.N0000,93.047735,93.843015,91.457176,93.047735,400821.3
2013-07-16,COMB.N0000,92.809151,93.445375,92.650095,92.809151,383021.02
2013-07-17,COMB.N0000,92.252455,92.888679,92.252455,92.252455,4599.02
2013-07-18,COMB.N0000,92.252455,92.252455,91.457176,92.252455,50654.73
2013-07-19,COMB.N0000,92.809151,93.763487,92.252455,92.809151,182315.15
2013-07-23,COMB.N0000,93.047735,93.286319,92.809151,93.047735,214739.12
2013-07-24,COMB.N0000,93.047735,93.206791,92.650095,93.047735,60896.25
2013-07-25,COMB.N0000,92.729623,93.047735,92.411511,92.729623,73745.38
2013-07-26,COMB.N0000,92.331983,92.650095,92.331983,92.331983,14209.3
2013-07-29,COMB.N0000,90.661895,92.650095,90.661895,90.661895,105968.6
2013-07-30,COMB.N0000,92.888679,93.286319,91.457176,92.888679,678074.48
2013-07-31,COMB.N0000,93.127263,93.286319,93.047735,93.127263,171906.16
2013-08-01,COMB.N0000,93.922543,94.240655,93.047735,93.922543,271057.81
2013-08-02,COMB.N0000,95.115462,95.354046,93.843015,95.115462,569825.7
2013-08-05,COMB.N0000,94.638295,94.79735,94.240655,94.638295,63171.07
2013-08-06,COMB.N0000,95.115462,95.354046,94.479239,95.115462,68018.08
2013-08-07,COMB.N0000,94.876878,95.433574,94.638295,94.876878,403857.26
2013-08-08,COMB.N0000,94.638295,95.035934,94.320183,94.638295,79771.13
2013-08-12,COMB.N0000,94.638295,94.638295,93.047735,94.638295,47869.98
2013-08-13,COMB.N0000,94.717822,95.035934,93.843015,94.717822,71274.11
2013-08-14,COMB.N0000,95.433574,95.751687,94.002071,95.433574,485526.4
2013-08-15,COMB.N0000,95.035934,96.149326,94.79735,95.035934,587970.58
2013-08-16,COMB.N0000,95.035934,95.115462,94.240655,95.035934,210081.05
2013-08-19,COMB.N0000,95.115462,95.274518,94.638295,95.115462,527423.23
2013-08-21,COMB.N0000,94.240655,95.035934,93.843015,94.240655,271398.12
2013-08-22,COMB.N0000,94.320183,94.638295,93.843015,94.320183,868680.54
2013-08-23,COMB.N0000,93.047735,94.320183,92.650095,93.047735,778194.46
2013-08-26,COMB.N0000,93.047735,93.843015,92.252455,93.047735,996260.46
2013-08-27,COMB.N0000,91.934343,93.843015,91.457176,91.934343,259765.3
2013-08-28,COMB.N0000,91.695759,92.570567,91.29812,91.695759,580535.28
2013-08-29,COMB.N0000,92.172927,92.252455,91.457176,92.172927,123015.25
2013-08-30,COMB.N0000,91.775287,92.172927,91.457176,91.775287,17593.08
2013-09-02,COMB.N0000,91.139064,92.172927,91.059536,91.139064,161725.83
2013-09-03,COMB.N0000,90.90048,91.457176,90.661895,90.90048,364155.8
2013-09-04,COMB.N0000,91.218592,91.457176,90.820952,91.218592,960582.61
2013-09-05,COMB.N0000,90.741424,91.377648,90.661895,90.741424,447995.63
2013-09-06,COMB.N0000,91.059536,91.377648,91.059536,91.059536,4838.42
2013-09-09,COMB.N0000,90.502839,91.059536,90.423311,90.502839,349431.2
2013-09-10,COMB.N0000,90.661895,90.90048,90.502839,90.661895,404261.98
2013-09-11,COMB.N0000,91.29812,91.457176,90.661895,91.29812,384604.49
2013-09-12,COMB.N0000,90.90048,91.457176,90.90048,90.90048,1749.86
2013-09-13,COMB.N0000,90.343783,91.29812,90.264255,90.343783,266206.51
2013-09-16,COMB.N0000,90.1052,91.218592,89.468976,90.1052,18856.63
2013-09-17,COMB.N0000,89.787088,89.866616,89.071336,89.787088,27673.57
2013-09-18,COMB.N0000,89.866616,89.866616,89.071336,89.866616,719100.68
2013-09-20,COMB.N0000,91.377648,91.457176,89.866616,91.377648,656805.61
2013-09-23,COMB.N0000,91.457176,91.536704,90.423311,91.457176,507575.72
2013-09-24,COMB.N0000,92.888679,93.445375,91.457176,92.888679,727121.05
2013-09-25,COMB.N0000,92.252455,93.047735,91.854815,92.252455,26245.77
2013-09-26,COMB.N0000,93.604431,93.843015,91.854815,93.604431,1273437.42
2013-09-27,COMB.N0000,93.286319,93.843015,93.047735,93.286319,347047.96
2013-09-30,COMB.N0000,93.524903,95.433574,92.252455,93.524903,167298.55
2013-10-01,COMB.N0000,93.843015,94.638295,92.650095,93.843015,41235.54
2013-10-02,COMB.N0000,94.240655,94.638295,93.445375,94.240655,51518.92
2013-10-03,COMB.N0000,94.399711,94.638295,93.843015,94.399711,641974.74
2013-10-04,COMB.N0000,94.240655,94.638295,93.843015,94.240655,78773.82
2013-10-07,COMB.N0000,93.843015,94.240655,93.445375,93.843015,26250.07
2013-10-08,COMB.N0000,93.604431,93.843015,93.047735,93.604431,2252.28
2013-10-09,COMB.N0000,94.002071,94.240655,93.445375,94.002071,293870.42
2013-10-10,COMB.N0000,94.638295,94.876878,93.604431,94.638295,286422.24
2013-10-11,COMB.N0000,94.956406,95.274518,93.843015,94.956406,235955.38
2013-10-14,COMB.N0000,94.638295,94.956406,93.445375,94.638295,14254.39
2013-10-15,COMB.N0000,94.479239,94.638295,93.843015,94.479239,11004.8
2013-10-17,COMB.N0000,94.558767,94.638295,93.524903,94.558767,54635.39
2013-10-21,COMB.N0000,93.843015,94.638295,93.524903,93.843015,215420.81
2013-10-22,COMB.N0000,93.843015,94.558767,93.524903,93.843015,1490409.49
2013-10-23,COMB.N0000,93.445375,94.320183,93.127263,93.445375,184600.71
2013-10-24,COMB.N0000,93.445375,93.604431,93.365847,93.445375,49877.49
2013-10-25,COMB.N0000,93.047735,93.365847,92.968207,93.047735,20953.25
2013-10-28,COMB.N0000,92.729623,93.047735,92.252455,92.729623,246133.56
2013-10-29,COMB.N0000,93.604431,93.843015,93.047735,93.604431,2704772.45
2013-10-30,COMB.N0000,92.331983,93.047735,92.252455,92.331983,33267.76
2013-10-31,COMB.N0000,93.843015,93.922543,93.047735,93.843015,135265.35
2013-11-01,COMB.N0000,93.843015,93.843015,93.445375,93.843015,44914.54
2013-11-04,COMB.N0000,93.445375,93.604431,93.445375,93.445375,723197.29
2013-11-05,COMB.N0000,93.445375,93.763487,93.445375,93.445375,768425.3
2013-11-06,COMB.N0000,92.650095,93.445375,92.650095,92.650095,439.08
2013-11-07,COMB.N0000,93.047735,93.047735,92.650095,93.047735,35233.4
2013-11-08,COMB.N0000,91.775287,93.047735,89.866616,91.775287,11823.91
2013-11-11,COMB.N0000,91.377648,91.854815,90.661895,91.377648,1817.49
2013-11-12,COMB.N0000,90.502839,91.059536,89.071336,90.502839,17682.19
2013-11-13,COMB.N0000,89.787088,90.661895,89.468976,89.787088,47931.17
2013-11-14,COMB.N0000,89.866616,90.025672,89.866616,89.866616,20927.48
2013-11-15,COMB.N0000,89.866616,90.264255,89.866616,89.866616,39162.54
2013-11-18,COMB.N0000,90.980008,91.457176,90.423311,90.980008,45800.2
2013-11-19,COMB.N0000,91.29812,91.377648,90.264255,91.29812,1157373.31
2013-11-20,COMB.N0000,91.457176,91.536704,90.661895,91.457176,2212324.97
2013-11-21,COMB.N0000,91.854815,92.252455,91.457176,91.854815,3433410.41
2013-11-22,COMB.N0000,90.661895,91.854815,90.661895,90.661895,8512.06
2013-11-25,COMB.N0000,90.184728,91.457176,89.468976,90.184728,10919.99
2013-11-26,COMB.N0000,89.866616,90.502839,89.071336,89.866616,303752.31
2013-11-27,COMB.N0000,90.741424,90.980008,89.946144,90.741424,41754.05
2013-11-28,COMB.N0000,91.457176,91.934343,91.457176,91.457176,233006.38
2013-11-29,COMB.N0000,92.252455,92.570567,91.457176,92.252455,222444.95
2013-12-02,COMB.N0000,92.252455,92.331983,92.252455,92.252455,340158.01
2013-12-03,COMB.N0000,91.934343,92.650095,91.457176,91.934343,85442.61
2013-12-04,COMB.N0000,91.457176,91.934343,91.457176,91.457176,10728.9
2013-12-05,COMB.N0000,91.854815,91.854815,91.457176,91.854815,26106.21
2013-12-06,COMB.N0000,91.457176,91.854815,91.059536,91.457176,22999.4
2013-12-09,COMB.N0000,92.650095,93.047735,91.457176,92.650095,581397.33
2013-12-10,COMB.N0000,93.445375,93.843015,92.650095,93.445375,102667.48
2013-12-11,COMB.N0000,93.047735,94.081599,92.252455,93.047735,447538.3
2013-12-12,COMB.N0000,93.445375,93.843015,93.047735,93.445375,135593.86
2013-12-13,COMB.N0000,93.047735,93.445375,93.047735,93.047735,4959.73
2013-12-17,COMB.N0000,94.558767,94.638295,93.047735,94.558767,481429.79
2013-12-18,COMB.N0000,94.638295,94.638295,93.843015,94.638295,642911.93
2013-12-19,COMB.N0000,95.433574,95.433574,93.843015,95.433574,544060.87
2013-12-20,COMB.N0000,95.433574,95.751687,94.717822,95.433574,201154.61
2013-12-23,COMB.N0000,96.944606,97.024134,95.433574,96.944606,681807.16
2013-12-24,COMB.N0000,96.706022,97.024134,96.228854,96.706022,634520.11
2013-12-26,COMB.N0000,96.308382,97.024134,95.592631,96.308382,630115.4
2013-12-27,COMB.N0000,96.149326,96.626494,95.513103,96.149326,16872.74
2013-12-30,COMB.N0000,97.103662,97.421774,95.831215,97.103662,510764.12
2013-12-31,COMB.N0000,95.751687,97.421774,95.433574,95.751687,87836.6
2014-01-02,COMB.N0000,95.433574,96.38791,93.843015,95.433574,5179646.4
2014-01-03,COMB.N0000,95.513103,95.831215,94.638295,95.513103,76822.13
2014-01-06,COMB.N0000,96.149326,97.024134,95.433574,96.149326,829908.77
2014-01-07,COMB.N0000,97.739885,97.819413,96.944606,97.739885,296812.98
2014-01-08,COMB.N0000,99.091861,99.409973,97.024134,99.091861,1048472.89
2014-01-09,COMB.N0000,99.409973,99.728085,98.614694,99.409973,1040187.35
2014-01-10,COMB.N0000,100.443838,100.602893,99.409973,100.443838,335134.94
2014-01-13,COMB.N0000,100.761949,101.000533,97.898941,100.761949,233753.56
2014-01-16,COMB.N0000,100.682421,101.000533,99.409973,100.682421,127349.11
2014-01-17,COMB.N0000,100.205253,101.716285,99.807613,100.205253,829208.82
2014-01-20,COMB.N0000,100.205253,100.602893,98.614694,100.205253,160894.92
2014-01-21,COMB.N0000,101.159589,101.318645,100.205253,101.159589,472474.36
2014-01-22,COMB.N0000,102.193452,102.511557,100.602893,102.193452,1129080.3
2014-01-23,COMB.N0000,103.863548,104.579292,101.795813,103.863548,1750335.82
2014-01-24,COMB.N0000,103.306836,103.784012,102.670628,103.306836,1768760.89
2014-01-27,COMB.N0000,101.795813,103.386373,101.398173,101.795813,96810.27
2014-01-28,COMB.N0000,101.080061,101.636757,101.000533,101.080061,1070456.73
2014-01-29,COMB.N0000,101.477701,101.795813,100.602893,101.477701,905794.78
2014-01-30,COMB.N0000,101.000533,101.398173,100.205253,101.000533,125934.19
2014-01-31,COMB.N0000,101.000533,101.318645,100.205253,101.000533,262690.68
2014-02-03,COMB.N0000,101.000533,101.080061,100.921005,101.000533,668635.97
2014-02-05,COMB.N0000,95.751687,101.000533,95.433574,95.751687,3842596.69
2014-02-06,COMB.N0000,97.819413,100.046197,97.739885,97.819413,7088112.79
2014-02-07,COMB.N0000,95.513103,97.739885,95.433574,95.513103,820403.69
2014-02-10,COMB.N0000,95.274518,97.819413,94.240655,95.274518,379702.73
2014-02-11,COMB.N0000,94.479239,95.433574,94.240655,94.479239,176705.93
2014-02-12,COMB.N0000,94.081599,94.638295,93.843015,94.081599,250232.32
2014-02-13,COMB.N0000,93.843015,94.240655,93.843015,93.843015,604656.53
2014-02-17,COMB.N0000,93.047735,93.843015,93.047735,93.047735,31730.46
2014-02-18,COMB.N0000,92.650095,93.843015,92.252455,92.650095,78180.15
2014-02-19,COMB.N0000,93.843015,94.002071,93.206791,93.843015,176581.4
2014-02-20,COMB.N0000,92.252455,93.843015,92.093399,92.252455,1026310.84
2014-02-21,COMB.N0000,91.377648,92.252455,91.059536,91.377648,408778.34
2014-02-24,COMB.N0000,91.059536,91.059536,90.264255,91.059536,84299.3
2014-02-25,COMB.N0000,91.059536,91.616232,91.059536,91.059536,376289.96
2014-02-26,COMB.N0000,91.139064,91.854815,91.059536,91.139064,142638.39
2014-02-28,COMB.N0000,91.457176,92.252455,91.377648,91.457176,2311970.45
2014-03-03,COMB.N0000,91.457176,92.252455,91.218592,91.457176,236563
2014-03-04,COMB.N0000,91.457176,91.457176,91.29812,91.457176,16388.58
2014-03-05,COMB.N0000,90.661895,91.457176,90.661895,90.661895,133397.4
2014-03-06,COMB.N0000,91.059536,91.457176,90.741424,91.059536,925592.9
2014-03-07,COMB.N0000,91.457176,91.457176,91.059536,91.457176,23444.92
2014-03-10,COMB.N0000,91.854815,92.252455,91.457176,91.854815,1013977
2014-03-11,COMB.N0000,91.457176,91.854815,91.29812,91.457176,1208864.32
2014-03-12,COMB.N0000,91.536704,91.854815,91.059536,91.536704,1260794.4
2014-03-13,COMB.N0000,91.457176,91.457176,91.059536,91.457176,197034.38
2014-03-14,COMB.N0000,91.139064,91.457176,91.059536,91.139064,248688.57
2014-03-17,COMB.N0000,91.059536,91.457176,90.820952,91.059536,19632.8
2014-03-18,COMB.N0000,91.457176,91.616232,91.377648,91.457176,339494.57
2014-03-19,COMB.N0000,92.650095,93.763487,91.775287,92.650095,70324.03
2014-03-20,COMB.N0000,93.604431,95.354046,93.047735,93.604431,542800.54
2014-03-21,COMB.N0000,95.354046,95.354046,93.843015,95.354046,111603.58
2014-03-24,COMB.N0000,95.592631,96.149326,95.035934,95.592631,69847.38
2014-03-25,COMB.N0000,95.433574,95.592631,95.115462,95.433574,49166.81
2014-03-26,COMB.N0000,95.672159,96.228854,95.433574,95.672159,211909.28
2014-03-27,COMB.N0000,96.228854,96.228854,95.433574,96.228854,41956.95
2014-03-28,COMB.N0000,97.739885,97.819413,95.115462,97.739885,169095.65
2014-03-31,COMB.N0000,97.819413,98.137526,96.626494,97.819413,499115.2
2014-04-01,COMB.N0000,95.513103,95.751687,93.843015,95.513103,240647.8
2014-04-02,COMB.N0000,95.513103,96.228854,93.843015,95.513103,201117.04
2014-04-03,COMB.N0000,97.103662,97.819413,95.433574,97.103662,242196.91
2014-04-04,COMB.N0000,99.409973,99.409973,96.228854,99.409973,2253239.52
2014-04-07,COMB.N0000,99.409973,99.648557,97.103662,99.409973,2043330.24
2014-04-08,COMB.N0000,99.409973,99.807613,99.409973,99.409973,455113.16
2014-04-09,COMB.N0000,100.205253,100.602893,97.898941,100.205253,239463.69
2014-04-10,COMB.N0000,100.125725,100.205253,99.409973,100.125725,47673.52
2014-04-11,COMB.N0000,100.841477,101.000533,99.409973,100.841477,88724.41
2014-04-16,COMB.N0000,101.000533,101.080061,99.409973,101.000533,1336339.03
2014-04-17,COMB.N0000,101.080061,101.398173,100.682421,101.080061,525089.37
2014-04-21,COMB.N0000,101.398173,101.398173,100.682421,101.398173,85598.28
2014-04-22,COMB.N0000,101.716285,101.795813,101.000533,101.716285,875652.07
2014-04-23,COMB.N0000,100.841477,101.795813,100.36431,100.841477,299175.83
2014-04-24,COMB.N0000,101.239117,101.795813,100.602893,101.239117,575300.72
2014-04-25,COMB.N0000,101.000533,102.193452,101.000533,101.000533,366179.41
2014-04-28,COMB.N0000,101.000533,101.398173,100.921005,101.000533,365103.73
2014-04-29,COMB.N0000,101.000533,101.318645,101.000533,101.000533,277293.97
2014-04-30,COMB.N0000,101.318645,101.398173,101.000533,101.318645,325048.01
2014-05-02,COMB.N0000,101.398173,101.477701,100.682421,101.398173,614629.66
2014-05-05,COMB.N0000,101.398173,101.636757,101.159589,101.398173,926959.51
2014-05-06,COMB.N0000,100.602893,101.716285,100.602893,100.602893,732970.74
2014-05-07,COMB.N0000,101.398173,101.398173,101.000533,101.398173,65408.31
2014-05-08,COMB.N0000,101.398173,101.716285,101.000533,101.398173,1001982.4
2014-05-09,COMB.N0000,101.795813,101.875349,101.398173,101.795813,250415.89
2014-05-12,COMB.N0000,102.193452,102.193452,101.795813,102.193452,431592.02
2014-05-13,COMB.N0000,102.591092,102.591092,101.795813,102.591092,529293.33
2014-05-16,COMB.N0000,103.068268,103.227317,101.875349,103.068268,745506.41
2014-05-19,COMB.N0000,102.591092,103.147789,102.591092,102.591092,1142683.06
2014-05-20,COMB.N0000,101.795813,102.591092,101.795813,101.795813,317972.35
2014-05-21,COMB.N0000,100.602893,101.557229,100.602893,100.602893,433583.43
2014-05-22,COMB.N0000,100.602893,100.921005,100.284781,100.602893,867543.67
2014-05-23,COMB.N0000,100.602893,100.682421,100.284781,100.602893,656861.44
2014-05-26,COMB.N0000,100.523365,100.523365,100.205253,100.523365,3117.54
2014-05-27,COMB.N0000,100.205253,100.602893,99.807613,100.205253,189241.6
2014-05-28,COMB.N0000,100.205253,100.602893,100.205253,100.205253,545126.89
2014-05-29,COMB.N0000,103.068268,103.386373,100.205253,103.068268,915794.75
2014-05-30,COMB.N0000,103.306836,103.465908,102.909196,103.306836,1264243.67
2014-06-02,COMB.N0000,103.386373,103.545428,103.386373,103.386373,451448.12
2014-06-03,COMB.N0000,103.704476,103.784012,103.386373,103.704476,151820.33
2014-06-04,COMB.N0000,103.386373,103.624956,103.386373,103.386373,179824.55
2014-06-05,COMB.N0000,104.181652,104.579292,103.386373,104.181652,361391.45
2014-06-06,COMB.N0000,104.181652,104.340708,103.784012,104.181652,158050.05
2014-06-09,COMB.N0000,104.181652,104.340708,104.102117,104.181652,110601.97
2014-06-10,COMB.N0000,104.579292,104.976931,104.181652,104.579292,168479.44
2014-06-11,COMB.N0000,104.976931,105.215516,104.579292,104.976931,936241.29
2014-06-13,COMB.N0000,106.408435,106.567491,104.976931,106.408435,1149064.15
2014-06-16,COMB.N0000,107.362771,107.521827,104.976931,107.362771,856446.54
2014-06-17,COMB.N0000,107.362771,107.442307,107.362771,107.362771,693550.56
2014-06-18,COMB.N0000,107.124187,107.442307,106.567491,107.124187,605286.69
2014-06-19,COMB.N0000,107.362771,107.362771,107.283235,107.362771,1404929.3
2014-06-20,COMB.N0000,105.772212,107.362771,105.374572,105.772212,1132574.66
2014-06-23,COMB.N0000,106.090315,106.169852,105.692676,106.090315,1760131.82
2014-06-24,COMB.N0000,107.362771,107.362771,105.772212,107.362771,114034.06
2014-06-25,COMB.N0000,107.362771,107.760412,106.885596,107.362771,154143.46
2014-06-26,COMB.N0000,109.112387,109.669075,106.169852,109.112387,483262.31
2014-06-27,COMB.N0000,110.94153,111.180114,108.953331,110.94153,291336.88
2014-06-30,COMB.N0000,111.816346,112.13445,111.100586,111.816346,1238038.69
2014-07-01,COMB.N0000,112.92973,112.92973,111.73681,112.92973,889325.68
2014-07-02,COMB.N0000,114.281705,114.361233,113.247833,114.281705,217132.02
2014-07-03,COMB.N0000,118.178584,119.132912,114.202186,118.178584,981964.2
2014-07-04,COMB.N0000,116.190385,118.496688,116.110849,116.190385,462965
2014-07-07,COMB.N0000,115.792745,116.110849,115.315569,115.792745,733095.27
2014-07-08,COMB.N0000,116.906128,117.462825,115.872265,116.906128,399389.21
2014-07-09,COMB.N0000,118.258104,118.496688,116.906128,118.258104,372365.12
2014-07-10,COMB.N0000,118.099048,118.496688,117.701409,118.099048,1640866.43
2014-07-11,COMB.N0000,116.349433,118.496688,116.110849,116.349433,19137.9
2014-07-14,COMB.N0000,116.190385,116.906128,115.315569,116.190385,373755.35
2014-07-15,COMB.N0000,115.315569,116.508489,114.520289,115.315569,895590.83
2014-07-16,COMB.N0000,113.009265,115.315569,112.92973,113.009265,482374.5
2014-07-17,COMB.N0000,112.53209,114.520289,112.213986,112.53209,71269.81
2014-07-18,COMB.N0000,111.73681,112.850194,110.543891,111.73681,497163.51
2014-07-21,COMB.N0000,113.963593,114.520289,112.770674,113.963593,122526.79
2014-07-22,COMB.N0000,115.236033,115.315569,113.963593,115.236033,461821.68
2014-07-23,COMB.N0000,114.91793,115.713209,114.122649,114.91793,247401.4
2014-07-24,COMB.N0000,115.236033,115.315569,114.440754,115.236033,472903.78
2014-07-25,COMB.N0000,115.156513,115.315569,114.122649,115.156513,14623.69
2014-07-28,COMB.N0000,115.236033,115.315569,114.122649,115.236033,183176.13
2014-07-30,COMB.N0000,115.315569,115.315569,114.520289,115.315569,437889.38
2014-07-31,COMB.N0000,115.315569,115.315569,114.997465,115.315569,356306.12
2014-08-01,COMB.N0000,114.520289,115.315569,114.202186,114.520289,281342.27
2014-08-04,COMB.N0000,113.645473,114.520289,113.645473,113.645473,649559.26
2014-08-05,COMB.N0000,112.53209,113.645473,112.53209,112.53209,49070.19
2014-08-06,COMB.N0000,113.247833,113.565954,112.92973,113.247833,747066.25
2014-08-07,COMB.N0000,113.725009,114.520289,113.645473,113.725009,295702.95
2014-08-08,COMB.N0000,113.645473,114.520289,113.009265,113.645473,23987.06
2014-08-11,COMB.N0000,113.32737,113.725009,112.92973,113.32737,33663.9
2014-08-12,COMB.N0000,113.645473,113.725009,112.53209,113.645473,372279.24
2014-08-13,COMB.N0000,114.281705,114.520289,113.088786,114.281705,60304.73
2014-08-14,COMB.N0000,114.361233,115.315569,113.725009,114.361233,1305732.56
2014-08-15,COMB.N0000,114.679345,115.156513,114.122649,114.679345,695737.35
2014-08-18,COMB.N0000,115.076986,115.315569,114.281705,115.076986,151626.02
2014-08-19,COMB.N0000,114.679345,116.110849,114.281705,114.679345,46241.43
2014-08-20,COMB.N0000,115.315569,115.713209,114.91793,115.315569,2510207.19
2014-08-21,COMB.N0000,115.951793,116.508489,115.315569,115.951793,144363.56
2014-08-22,COMB.N0000,116.349433,116.508489,116.110849,116.349433,144066.19
2014-08-25,COMB.N0000,116.110849,116.508489,116.031313,116.110849,125604.62
2014-08-26,COMB.N0000,116.110849,116.428953,116.031313,116.110849,142553.58
2014-08-27,COMB.N0000,116.110849,116.269905,115.315569,116.110849,15204.47
2014-08-28,COMB.N0000,116.190385,116.588025,115.315569,116.190385,273514.06
2014-08-29,COMB.N0000,117.701409,118.099048,116.110849,117.701409,1003706.5
2014-09-01,COMB.N0000,117.701409,118.417152,117.701409,117.701409,53843.13
2014-09-02,COMB.N0000,118.099048,118.337632,117.065184,118.099048,38677.3
2014-09-03,COMB.N0000,119.291968,120.007712,117.701409,119.291968,1117097.51
2014-09-04,COMB.N0000,120.087248,120.882528,119.212432,120.087248,747209.03
2014-09-05,COMB.N0000,123.506951,124.620343,120.882528,123.506951,398651.69
2014-09-09,COMB.N0000,125.654206,126.051846,124.143183,125.654206,192173.42
2014-09-10,COMB.N0000,127.403822,128.437685,126.051846,127.403822,474097.55
2014-09-11,COMB.N0000,130.346349,130.823525,128.437685,130.346349,446062.19
2014-09-12,COMB.N0000,128.27863,131.062109,127.244766,128.27863,175700.03
2014-09-15,COMB.N0000,124.063646,128.27863,123.268367,124.063646,230573.75
2014-09-16,COMB.N0000,124.461286,126.051846,124.461286,124.461286,1633554.59
2014-09-17,COMB.N0000,124.699871,125.256567,124.461286,124.699871,172632.94
2014-09-18,COMB.N0000,124.779391,124.938462,124.461286,124.779391,1034170.19
2014-09-19,COMB.N0000,126.36995,126.449486,124.063646,126.36995,698552.15
2014-09-22,COMB.N0000,127.244766,127.403822,126.449486,127.244766,563805.32
2014-09-23,COMB.N0000,126.449486,128.040046,126.449486,126.449486,2009549.33
2014-09-24,COMB.N0000,126.36995,127.244766,126.051846,126.36995,86165.1
2014-09-25,COMB.N0000,125.017983,126.449486,124.143183,125.017983,40237.15
2014-09-26,COMB.N0000,124.143183,124.938462,124.063646,124.143183,14253.32
2014-09-29,COMB.N0000,124.858927,125.654206,124.461286,124.858927,302861.27
2014-09-30,COMB.N0000,123.984111,124.461286,123.268367,123.984111,2965916.17
2014-10-01,COMB.N0000,125.654206,126.529022,124.063646,125.654206,560097.33
2014-10-02,COMB.N0000,127.244766,128.835325,126.051846,127.244766,195575.45
2014-10-03,COMB.N0000,131.618804,132.255029,127.244766,131.618804,521322.33
2014-10-07,COMB.N0000,132.891261,133.129829,131.618804,132.891261,375559.96
2014-10-09,COMB.N0000,134.322748,134.56134,132.891261,134.322748,497291.26
2014-10-10,COMB.N0000,132.97078,135.197564,132.811724,132.97078,1066477.13
2014-10-13,COMB.N0000,125.097511,133.68654,123.506951,125.097511,96665.35
2014-10-14,COMB.N0000,124.938462,126.449486,123.268367,124.938462,447205.51
2014-10-15,COMB.N0000,129.789661,130.823525,126.449486,129.789661,162515.95
2014-10-16,COMB.N0000,131.221165,132.016445,130.028245,131.221165,2327010.67
2014-10-17,COMB.N0000,130.187301,132.573141,129.630606,130.187301,1533067.46
2014-10-20,COMB.N0000,127.960509,130.425885,127.244766,127.960509,93562.83
2014-10-21,COMB.N0000,126.131382,128.040046,125.654206,126.131382,1104863.51
2014-10-23,COMB.N0000,126.051846,126.449486,126.051846,126.051846,491497.4
2014-10-24,COMB.N0000,126.36995,126.449486,125.654206,126.36995,238121.77
2014-10-27,COMB.N0000,127.08571,127.244766,126.36995,127.08571,857368.71
2014-10-28,COMB.N0000,126.449486,127.244766,126.449486,126.449486,21538.32
2014-10-29,COMB.N0000,127.403822,128.040046,126.449486,127.403822,553983.55
2014-10-30,COMB.N0000,128.835325,129.630606,127.960509,128.835325,63903.22
2014-10-31,COMB.N0000,131.857389,132.016445,128.835325,131.857389,291494.69
2014-11-03,COMB.N0000,134.879459,135.197564,131.221165,134.879459,1351422.19
2014-11-04,COMB.N0000,134.879459,135.197564,134.402284,134.879459,604434.31
2014-11-05,COMB.N0000,137.424347,138.378683,134.48182,137.424347,582052.18
2014-11-07,COMB.N0000,138.378683,139.094427,137.583403,138.378683,767948.65
2014-11-10,COMB.N0000,138.378683,138.855859,137.583403,138.378683,83531.72
2014-11-11,COMB.N0000,138.299147,138.378683,135.992843,138.299147,122619.12
2014-11-12,COMB.N0000,138.378683,138.617267,136.390483,138.378683,189025.82
2014-11-14,COMB.N0000,138.378683,138.537739,138.378683,138.378683,217199.66
2014-11-17,COMB.N0000,139.173963,139.969243,138.378683,139.173963,193525
2014-11-18,COMB.N0000,143.070826,143.070826,139.889706,143.070826,679371.31
2014-11-19,COMB.N0000,140.048778,142.355082,139.969243,140.048778,110747.97
2014-11-20,COMB.N0000,141.400746,141.957442,140.684987,141.400746,495422.24
2014-11-21,COMB.N0000,139.173963,141.559802,138.219627,139.173963,521285.83
2014-11-24,COMB.N0000,134.720388,137.583403,127.244766,134.720388,273139.4
2014-11-25,COMB.N0000,135.197564,137.583403,134.402284,135.197564,1064505.05
2014-11-26,COMB.N0000,133.607004,135.992843,133.209364,133.607004,20350.99
2014-11-27,COMB.N0000,127.721941,133.527469,127.244766,127.721941,381184.21
2014-11-28,COMB.N0000,126.131382,128.835325,123.347903,126.131382,583167.59
2014-12-01,COMB.N0000,131.141629,131.221165,126.131382,131.141629,77346.02
2014-12-02,COMB.N0000,131.221165,132.732188,131.221165,131.221165,473889.28
2014-12-03,COMB.N0000,134.640868,135.118028,131.221165,134.640868,145419.92
2014-12-04,COMB.N0000,134.799924,135.118028,134.402284,134.799924,532075.93
2014-12-05,COMB.N0000,135.197564,135.595204,134.402284,135.197564,383110.13
2014-12-08,COMB.N0000,135.197564,135.515668,134.799924,135.197564,103452.23
2014-12-09,COMB.N0000,135.197564,135.992843,135.197564,135.197564,2007056.58
2014-12-10,COMB.N0000,135.197564,135.595204,134.95898,135.197564,176391.39
2014-12-11,COMB.N0000,135.197564,135.595204,135.118028,135.197564,840723.55
2014-12-12,COMB.N0000,135.197564,135.992843,134.799924,135.197564,298045.4
2014-12-15,COMB.N0000,135.197564,135.197564,134.799924,135.197564,88960.59
2014-12-16,COMB.N0000,135.436148,135.595204,135.197564,135.436148,174690.91
2014-12-17,COMB.N0000,134.799924,135.197564,133.607004,134.799924,432450.85
2014-12-18,COMB.N0000,134.402284,135.118028,134.402284,134.402284,263564.54
2014-12-19,COMB.N0000,131.221165,134.402284,131.141629,131.221165,487500.63
2014-12-22,COMB.N0000,131.221165,134.243228,131.141629,131.221165,1927496.93
2014-12-23,COMB.N0000,134.720388,135.197564,131.221165,134.720388,2265518.61
2014-12-24,COMB.N0000,134.402284,134.402284,132.016445,134.402284,4147.06
2014-12-26,COMB.N0000,135.197564,135.197564,135.118028,135.197564,93554.24
2014-12-29,COMB.N0000,135.197564,135.197564,134.402284,135.197564,30630.09
2014-12-30,COMB.N0000,135.197564,135.197564,135.197564,135.197564,82425.98
2014-12-31,COMB.N0000,135.992843,135.992843,135.197564,135.992843,9749.84
2015-01-02,COMB.N0000,139.094427,139.889706,136.708587,139.094427,61671.34
2015-01-06,COMB.N0000,143.150361,143.945642,139.173963,143.150361,320806.48
2015-01-07,COMB.N0000,143.150361,143.866106,142.355082,143.150361,465621.99
2015-01-08,COMB.N0000,144.422817,144.820457,143.150361,144.422817,33950.53
2015-01-09,COMB.N0000,149.433064,151.818903,146.331481,149.433064,1204807.43
2015-01-12,COMB.N0000,151.182695,154.284279,150.546463,151.182695,3871140.9
2015-01-13,COMB.N0000,150.705519,152.693719,148.717321,150.705519,211990.87
2015-01-16,COMB.N0000,149.751184,151.103159,149.5126,149.751184,31042.33
2015-01-19,COMB.N0000,142.991306,149.91024,140.764522,142.991306,568348.51
2015-01-20,COMB.N0000,143.309417,145.536201,143.150361,143.309417,687660.07
2015-01-21,COMB.N0000,143.150361,143.945642,141.639338,143.150361,133193.43
2015-01-22,COMB.N0000,141.559802,143.150361,140.844058,141.559802,933657.29
2015-01-23,COMB.N0000,144.343282,144.343282,142.355082,143.150361,72404.54
2015-01-26,COMB.N0000,143.150361,143.229898,143.150361,143.229898,66642.88
2015-01-27,COMB.N0000,144.343282,144.343282,143.150361,143.548001,209750.4
2015-01-28,COMB.N0000,143.945642,143.945642,142.752722,143.548001,299939.11
2015-01-29,COMB.N0000,143.548001,143.548001,142.752722,143.150361,286646.61
2015-01-30,COMB.N0000,138.378683,138.378683,133.209364,133.527469,1341625.11
2015-02-02,COMB.N0000,133.209364,133.68654,125.733743,126.847126,287227.39
2015-02-05,COMB.N0000,128.040046,130.028245,128.040046,129.630606,2162653.6
2015-02-06,COMB.N0000,130.425885,135.197564,130.425885,133.68654,2739266.19
2015-02-09,COMB.N0000,134.08418,135.35662,133.607004,134.004644,105514.49
2015-02-10,COMB.N0000,134.08418,138.696787,134.08418,138.378683,288983.69
2015-02-11,COMB.N0000,138.696787,142.355082,138.378683,141.559802,151214.86
2015-02-13,COMB.N0000,141.559802,141.559802,139.969243,141.559802,255047.12
2015-02-16,COMB.N0000,141.559802,141.559802,139.969243,141.162162,44077.18
2015-02-18,COMB.N0000,140.764522,143.150361,140.764522,143.070826,222319.34
2015-02-19,COMB.N0000,143.150361,143.945642,142.434617,142.434617,225984.39
2015-02-20,COMB.N0000,143.150361,143.150361,142.434617,142.752722,24050.39
2015-02-23,COMB.N0000,143.150361,143.150361,142.196026,142.355082,162734.96
2015-02-24,COMB.N0000,143.070826,143.150361,141.639338,141.639338,68033.11
2015-02-25,COMB.N0000,142.355082,143.150361,142.355082,143.150361,194948.51
2015-02-26,COMB.N0000,142.752722,142.752722,141.559802,141.718858,117702.33
2015-02-27,COMB.N0000,141.957442,142.752722,141.162162,141.957442,383329.13
2015-03-02,COMB.N0000,141.957442,142.752722,141.957442,142.752722,170114.43
2015-03-03,COMB.N0000,142.991306,143.229898,142.355082,142.355082,905805.51
2015-03-04,COMB.N0000,143.150361,143.150361,142.752722,142.911778,706.39
2015-03-06,COMB.N0000,142.752722,143.150361,141.639338,142.752722,231892.05
2015-03-09,COMB.N0000,143.150361,143.945642,142.752722,143.945642,45430.91
2015-03-10,COMB.N0000,143.150361,146.570065,143.150361,145.536201,206447.14
2015-03-11,COMB.N0000,147.047224,147.047224,143.945642,144.740921,254790.54
2015-03-12,COMB.N0000,144.661385,145.536201,144.661385,144.740921,1960.27
2015-03-13,COMB.N0000,144.740921,144.740921,143.150361,143.945642,72744.85
2015-03-16,COMB.N0000,143.150361,143.786585,142.752722,142.752722,131835.41
2015-03-17,COMB.N0000,142.752722,142.752722,142.355082,142.355082,67516.73
2015-03-18,COMB.N0000,141.559802,141.559802,138.378683,140.764522,101425.4
2015-03-19,COMB.N0000,139.173963,141.559802,139.173963,141.480266,34778.23
2015-03-20,COMB.N0000,141.162162,141.559802,139.969243,141.559802,31130.35
2015-03-23,COMB.N0000,141.480266,142.355082,141.082626,141.082626,38099.74
2015-03-24,COMB.N0000,140.684987,140.684987,137.185763,137.185763,57045.48
2015-03-25,COMB.N0000,137.185763,138.378683,136.390483,136.788124,63291.3
2015-03-26,COMB.N0000,136.788124,136.788124,132.811724,132.811724,56829.7
2015-03-27,COMB.N0000,134.402284,134.402284,132.414085,132.573141,53532.87
2015-03-30,COMB.N0000,132.652669,132.652669,128.040046,128.27863,173510.02
2015-03-31,COMB.N0000,127.324302,132.652669,127.244766,132.016445,115564.92
2015-04-01,COMB.N0000,129.630606,132.811724,129.630606,132.811724,14275.86
2015-04-02,COMB.N0000,132.811724,132.811724,128.835325,132.016445,151292.15
2015-04-06,COMB.N0000,132.016445,132.016445,130.028245,131.221165,408359.66
2015-04-07,COMB.N0000,131.221165,133.607004,130.425885,131.221165,8419.73
2015-04-08,COMB.N0000,131.221165,132.016445,130.425885,130.982581,17813.16
2015-04-09,COMB.N0000,130.425885,130.982581,130.425885,130.425885,911794.76
2015-04-10,COMB.N0000,130.425885,131.221165,130.107781,130.425885,383135.89
2015-04-15,COMB.N0000,130.425885,135.197564,130.028245,135.197564,25827.09
2015-04-16,COMB.N0000,135.197564,139.173963,135.197564,135.35662,665335.92
2015-04-17,COMB.N0000,135.197564,137.583403,135.197564,135.992843,88967.03
2015-04-20,COMB.N0000,135.992843,137.583403,135.992843,136.788124,436232.91
2015-04-21,COMB.N0000,136.788124,136.788124,136.07238,136.788124,382069.87
2015-04-22,COMB.N0000,137.583403,137.583403,136.390483,136.788124,16684.87
2015-04-23,COMB.N0000,136.788124,136.788124,135.992843,135.992843,69792.63
2015-04-24,COMB.N0000,136.07238,136.788124,135.992843,135.992843,85703.48
2015-04-27,COMB.N0000,136.788124,136.788124,135.754259,135.992843,218033.79
2015-04-28,COMB.N0000,135.992843,136.708587,135.992843,136.231427,232788.45
2015-04-29,COMB.N0000,136.788124,136.788124,135.992843,136.788124,78259.6
2015-04-30,COMB.N0000,137.185763,137.185763,136.390483,136.788124,216958.11
2015-05-05,COMB.N0000,137.583403,137.583403,135.992843,136.788124,857540.47
2015-05-06,COMB.N0000,136.788124,136.788124,134.402284,136.788124,990404.33
2015-05-07,COMB.N0000,136.788124,136.788124,136.390483,136.708587,6667.72
2015-05-08,COMB.N0000,136.788124,137.583403,135.992843,135.992843,690573.64
2015-05-11,COMB.N0000,135.992843,136.788124,135.992843,136.788124,413472.91
2015-05-12,COMB.N0000,135.197564,136.788124,135.197564,136.708587,975861.16
2015-05-13,COMB.N0000,136.788124,136.788124,135.595204,136.310948,107832.25
2015-05-14,COMB.N0000,136.310948,136.310948,135.197564,135.197564,1036419.24
2015-05-15,COMB.N0000,135.197564,135.992843,134.402284,135.197564,200142.27
2015-05-18,COMB.N0000,135.118028,135.118028,133.76606,134.004644,41906.49
2015-05-19,COMB.N0000,134.004644,134.402284,133.76606,134.402284,136005.02
2015-05-20,COMB.N0000,134.95898,135.197564,134.402284,135.197564,171809.54
2015-05-21,COMB.N0000,135.197564,135.992843,134.402284,134.799924,464419.64
2015-05-22,COMB.N0000,134.48182,135.197564,134.004644,134.402284,63624.1
2015-05-25,COMB.N0000,134.402284,134.402284,131.221165,131.300701,70638.57
2015-05-26,COMB.N0000,131.300701,132.732188,131.300701,131.300701,134595.47
2015-05-27,COMB.N0000,132.414085,134.402284,131.221165,131.221165,297924.09
2015-05-28,COMB.N0000,133.209364,133.209364,130.425885,131.936909,1223029.61
2015-05-29,COMB.N0000,130.584941,130.584941,128.835325,130.425885,535370.61
2015-06-01,COMB.N0000,129.551069,130.425885,128.835325,129.073909,47438.42
2015-06-03,COMB.N0000,129.630606,129.630606,127.244766,128.040046,678948.34
2015-06-04,COMB.N0000,128.835325,128.914862,128.040046,128.835325,788270.66
2015-06-05,COMB.N0000,128.835325,130.346349,128.040046,128.914862,57610.16
2015-06-08,COMB.N0000,129.630606,129.630606,128.914862,128.914862,34379.94
2015-06-09,COMB.N0000,129.630606,129.630606,128.835325,128.835325,52429.28
2015-06-10,COMB.N0000,128.835325,129.630606,128.835325,128.835325,14653.75
2015-06-11,COMB.N0000,128.437685,128.835325,128.040046,128.119582,27675.72
2015-06-12,COMB.N0000,128.437685,128.994381,128.040046,128.040046,671173.8
2015-06-15,COMB.N0000,130.028245,130.028245,128.835325,129.630606,11069.21
2015-06-16,COMB.N0000,129.630606,131.221165,129.392022,130.028245,8902.82
2015-06-17,COMB.N0000,129.630606,131.221165,129.630606,131.221165,20425.07
2015-06-18,COMB.N0000,131.221165,131.221165,130.425885,131.141629,19425.61
2015-06-19,COMB.N0000,130.823525,131.221165,128.27863,128.27863,81577.89
2015-06-22,COMB.N0000,128.914862,128.914862,127.244766,128.119582,107128.01
2015-06-23,COMB.N0000,128.199102,128.199102,127.801462,128.040046,41001.51
2015-06-24,COMB.N0000,128.040046,128.040046,127.403822,127.642406,23258.13
2015-06-25,COMB.N0000,128.040046,128.040046,127.244766,127.721941,88634.23
2015-06-26,COMB.N0000,127.642406,127.960509,127.642406,127.642406,18546.38
2015-06-29,COMB.N0000,127.960509,127.960509,127.642406,127.960509,69426.55
2015-06-30,COMB.N0000,127.403822,127.960509,127.403822,127.960509,51074.48
2015-07-02,COMB.N0000,127.642406,131.141629,127.403822,128.040046,54635.39
2015-07-03,COMB.N0000,128.040046,128.835325,128.040046,128.835325,28419.68
2015-07-06,COMB.N0000,128.119582,128.835325,128.040046,128.835325,53612.32
2015-07-07,COMB.N0000,129.232965,129.232965,128.119582,128.119582,116837.06
2015-07-08,COMB.N0000,128.040046,128.040046,127.244766,127.960509,257904.87
2015-07-09,COMB.N0000,128.75579,129.232965,127.88099,128.914862,206640.37
2015-07-10,COMB.N0000,128.835325,131.221165,128.835325,130.425885,56802.86
2015-07-13,COMB.N0000,129.948709,131.221165,129.948709,131.221165,25515.77
2015-07-14,COMB.N0000,131.300701,132.016445,131.221165,131.221165,36573.18
2015-07-15,COMB.N0000,131.221165,135.197564,130.823525,134.799924,72291.82
2015-07-16,COMB.N0000,134.799924,135.992843,133.68654,135.197564,932278.87
2015-07-17,COMB.N0000,135.197564,135.197564,133.76606,134.799924,155832.13
2015-07-20,COMB.N0000,134.799924,134.799924,132.811724,133.607004,14202.86
2015-07-21,COMB.N0000,133.607004,133.607004,132.811724,132.811724,4757.91
2015-07-22,COMB.N0000,132.414085,134.640868,132.414085,133.607004,143995.34
2015-07-23,COMB.N0000,133.607004,134.402284,133.607004,133.607004,98349.72
2015-07-24,COMB.N0000,133.607004,135.197564,133.607004,135.197564,139794.6
2015-07-27,COMB.N0000,135.197564,135.197564,134.004644,135.197564,152868.1
2015-07-28,COMB.N0000,135.118028,135.515668,134.95898,135.515668,37325.72
2015-07-29,COMB.N0000,135.197564,135.992843,135.197564,135.35662,65629.46
2015-07-30,COMB.N0000,135.595204,137.583403,135.595204,135.992843,344697.99
2015-08-03,COMB.N0000,135.992843,136.788124,135.992843,136.07238,48211.36
2015-08-04,COMB.N0000,135.197564,135.992843,135.197564,135.913308,30471.2
2015-08-05,COMB.N0000,135.992843,137.185763,135.992843,136.390483,137327.61
2015-08-06,COMB.N0000,136.788124,137.583403,136.788124,136.788124,40644.02
2015-08-07,COMB.N0000,136.788124,137.583403,135.992843,137.185763,160729.59
2015-08-10,COMB.N0000,137.185763,137.583403,136.94718,137.185763,10139.53
2015-08-11,COMB.N0000,136.94718,138.378683,135.992843,137.185763,332306.18
2015-08-12,COMB.N0000,138.855859,138.855859,137.185763,137.742459,3948011.34
2015-08-13,COMB.N0000,137.981043,138.378683,136.788124,136.788124,50252.15
2015-08-14,COMB.N0000,138.378683,139.173963,136.788124,139.173963,164876.66
2015-08-18,COMB.N0000,139.571603,139.571603,138.378683,139.173963,163211.6
2015-08-19,COMB.N0000,139.173963,139.173963,138.378683,139.173963,182937.8
2015-08-20,COMB.N0000,138.776322,138.776322,137.981043,138.060579,35456.7
2015-08-21,COMB.N0000,138.060579,139.253499,137.981043,139.253499,395386
2015-08-24,COMB.N0000,139.571603,139.571603,135.118028,135.197564,2777105.06
2015-08-25,COMB.N0000,134.56134,135.992843,133.607004,135.197564,189723.61
2015-08-26,COMB.N0000,134.402284,135.992843,134.402284,135.197564,300823.7
2015-08-27,COMB.N0000,135.277099,136.788124,134.402284,136.788124,88724.41
2015-08-28,COMB.N0000,136.788124,138.378683,136.708587,137.583403,67287
2015-08-31,COMB.N0000,137.981043,138.378683,137.583403,137.981043,706788.31
2015-09-01,COMB.N0000,138.299147,138.378683,137.106227,137.583403,54552.73
2015-09-02,COMB.N0000,136.867659,136.867659,134.879459,135.992843,183032.27
2015-09-03,COMB.N0000,135.277099,135.992843,135.277099,135.992843,166248.63
2015-09-04,COMB.N0000,136.788124,136.788124,134.799924,134.799924,37486.75
2015-09-07,COMB.N0000,134.799924,134.799924,133.209364,134.322748,663525.94
2015-09-08,COMB.N0000,133.607004,133.607004,131.618804,132.016445,17658.57
2015-09-09,COMB.N0000,132.016445,133.607004,132.016445,133.607004,11804.59
2015-09-10,COMB.N0000,132.811724,132.811724,132.016445,132.811724,106350.77
2015-09-11,COMB.N0000,132.97078,132.97078,132.016445,132.016445,37109.94
2015-09-14,COMB.N0000,133.607004,134.1637,132.811724,133.607004,575029.12
2015-09-15,COMB.N0000,133.607004,134.402284,131.221165,133.607004,369556.75
2015-09-16,COMB.N0000,132.811724,133.607004,131.221165,133.607004,11274.26
2015-09-17,COMB.N0000,133.209364,133.209364,131.221165,131.618804,198724.13
2015-09-18,COMB.N0000,131.221165,132.016445,131.221165,132.016445,632476.1
2015-09-21,COMB.N0000,131.300701,132.016445,131.221165,131.221165,12713.87
2015-09-22,COMB.N0000,131.221165,131.300701,130.425885,131.300701,103926.73
2015-09-23,COMB.N0000,131.221165,131.221165,131.141629,131.141629,65088.4
2015-09-25,COMB.N0000,131.221165,131.221165,131.062109,131.141629,75153.86
2015-09-28,COMB.N0000,131.221165,131.221165,128.835325,129.312501,217356.39
2015-09-29,COMB.N0000,129.948709,129.948709,128.517222,128.75579,155007.65
2015-09-30,COMB.N0000,128.835325,128.835325,125.654206,126.449486,301592.36
2015-10-01,COMB.N0000,126.847126,127.960509,126.847126,127.08571,759112.38
2015-10-02,COMB.N0000,127.244766,128.040046,127.16523,127.244766,114749.03
2015-10-05,COMB.N0000,127.244766,128.040046,125.654206,125.654206,192645.78
2015-10-06,COMB.N0000,128.835325,128.835325,126.76759,127.16523,193864.24
2015-10-07,COMB.N0000,126.76759,127.244766,125.654206,125.654206,103340.58
2015-10-08,COMB.N0000,125.256567,125.256567,124.063646,124.858927,367751.07
2015-10-09,COMB.N0000,124.858927,125.256567,124.858927,124.858927,405172.34
2015-10-12,COMB.N0000,124.858927,127.244766,124.858927,124.858927,345075.87
2015-10-13,COMB.N0000,124.858927,128.75579,123.666007,124.461286,224949.5
2015-10-14,COMB.N0000,125.256567,125.256567,124.063646,124.063646,38892.01
2015-10-15,COMB.N0000,123.984111,126.449486,123.904591,124.063646,4975.83
2015-10-16,COMB.N0000,124.699871,125.654206,124.699871,125.256567,25615.61
2015-10-19,COMB.N0000,125.256567,125.654206,124.858927,125.654206,122900.38
2015-10-20,COMB.N0000,126.449486,128.596741,126.36995,127.244766,67653.07
2015-10-21,COMB.N0000,128.040046,129.232965,127.244766,127.244766,385086.51
2015-10-22,COMB.N0000,128.75579,128.835325,126.449486,126.449486,145272.84
2015-10-23,COMB.N0000,127.08571,127.244766,127.08571,127.244766,78259.6
2015-10-26,COMB.N0000,127.244766,127.244766,126.449486,127.16523,98633.13
2015-10-28,COMB.N0000,127.244766,127.244766,125.654206,126.449486,345274.48
2015-10-29,COMB.N0000,127.244766,127.244766,124.063646,124.858927,289406.66
2015-10-30,COMB.N0000,124.858927,125.654206,124.063646,124.063646,100554.76
2015-11-02,COMB.N0000,127.244766,127.244766,125.256567,125.654206,3898
2015-11-04,COMB.N0000,125.654206,125.654206,123.666007,124.063646,386266.32
2015-11-05,COMB.N0000,124.063646,125.654206,123.666007,124.063646,23254.91
2015-11-06,COMB.N0000,127.244766,127.244766,123.904591,124.063646,379266.87
2015-11-11,COMB.N0000,122.473087,123.268367,122.473087,123.268367,66001.98
2015-11-12,COMB.N0000,122.870727,123.109311,122.473087,122.473087,9008.03
2015-11-13,COMB.N0000,120.087248,121.677807,120.087248,121.598272,35625.24
2015-11-16,COMB.N0000,121.677807,123.268367,119.291968,120.166784,158118.76
2015-11-17,COMB.N0000,120.882528,121.677807,120.882528,121.677807,159434.91
2015-11-18,COMB.N0000,120.882528,120.882528,120.484888,120.484888,24944.65
2015-11-19,COMB.N0000,120.484888,121.280167,120.325832,120.882528,334818.25
2015-11-20,COMB.N0000,120.882528,120.882528,120.405352,120.484888,52361.65
2015-11-23,COMB.N0000,120.882528,120.882528,120.087248,120.087248,88890.81
2015-11-24,COMB.N0000,120.087248,120.087248,115.315569,116.031313,232917.28
2015-11-26,COMB.N0000,116.110849,119.291968,115.713209,115.792745,243248.97
2015-11-27,COMB.N0000,116.110849,116.110849,115.315569,115.315569,398470.26
2015-11-30,COMB.N0000,115.315569,115.315569,111.33917,111.33917,487581.14
2015-12-01,COMB.N0000,111.73681,112.213986,111.418706,111.498226,265847.95
2015-12-02,COMB.N0000,111.418706,112.13445,111.33917,112.13445,316692.69
2015-12-03,COMB.N0000,112.92973,114.520289,112.13445,112.92973,445626.34
2015-12-04,COMB.N0000,112.92973,112.92973,112.213986,112.770674,738433.96
2015-12-07,COMB.N0000,112.53209,112.770674,112.13445,112.13445,14323.1
2015-12-08,COMB.N0000,112.213986,112.53209,111.577754,111.73681,287794.22
2015-12-09,COMB.N0000,111.498226,112.53209,111.259634,111.73681,792651.75
2015-12-10,COMB.N0000,111.73681,113.247833,111.577754,112.13445,216557.68
2015-12-11,COMB.N0000,112.53209,113.247833,112.13445,112.53209,4490008.88
2015-12-14,COMB.N0000,112.293505,113.247833,112.293505,112.92973,1567118.9
2015-12-15,COMB.N0000,112.92973,112.92973,112.373033,112.770674,107739.93
2015-12-16,COMB.N0000,114.520289,114.520289,112.850194,112.850194,189197.58
2015-12-17,COMB.N0000,112.850194,114.440754,112.770674,112.770674,328803.24
2015-12-18,COMB.N0000,112.92973,113.565954,112.691146,112.770674,211831.98
2015-12-21,COMB.N0000,112.92973,112.92973,112.53209,112.92973,163836.4
2015-12-22,COMB.N0000,112.92973,112.92973,112.53209,112.850194,181936.19
2015-12-23,COMB.N0000,112.691146,112.850194,112.53209,112.53209,149300.74
2015-12-28,COMB.N0000,112.92973,112.92973,111.33917,111.33917,227916.75
2015-12-29,COMB.N0000,112.53209,112.53209,111.33917,111.33917,1374655.63
2015-12-30,COMB.N0000,111.33917,111.33917,111.259634,111.33917,761211.14
2015-12-31,COMB.N0000,111.33917,111.816346,111.259634,111.73681,291467.85
2016-01-04,COMB.N0000,111.816346,112.92973,110.543891,111.259634,1105195.23
2016-01-05,COMB.N0000,111.33917,111.33917,110.146251,110.543891,66160.86
2016-01-06,COMB.N0000,110.543891,111.259634,110.543891,110.623426,570415.07
2016-01-07,COMB.N0000,110.94153,111.259634,110.702947,110.702947,162759.65
2016-01-08,COMB.N0000,110.702947,110.94153,110.384835,110.543891,57785.14
2016-01-11,COMB.N0000,110.94153,110.94153,109.35097,109.669075,276962.25
2016-01-12,COMB.N0000,109.74861,109.74861,107.362771,107.362771,194105.78
2016-01-13,COMB.N0000,107.362771,107.442307,106.169852,106.487956,2645948.12
2016-01-14,COMB.N0000,106.487956,106.487956,103.227317,103.386373,400087
2016-01-18,COMB.N0000,102.988733,103.465908,102.591092,102.591092,150188.56
2016-01-19,COMB.N0000,102.591092,102.591092,101.000533,101.795813,408628.04
2016-01-20,COMB.N0000,103.386373,103.386373,99.409973,99.409973,152315.23
2016-01-21,COMB.N0000,101.795813,101.795813,99.966669,101.000533,155092.46
2016-01-22,COMB.N0000,102.591092,105.772212,102.591092,103.386373,149224.52
2016-01-25,COMB.N0000,104.181652,104.579292,102.591092,102.591092,17910.85
2016-01-26,COMB.N0000,103.386373,103.386373,101.795813,101.795813,28784.68
2016-01-27,COMB.N0000,102.591092,102.591092,101.000533,101.795813,188453.62
2016-01-28,COMB.N0000,101.875349,103.306836,101.000533,101.000533,249944.61
2016-01-29,COMB.N0000,103.306836,103.306836,101.000533,101.000533,247593.57
2016-02-01,COMB.N0000,101.398173,103.386373,101.398173,103.386373,7915.17
2016-02-02,COMB.N0000,103.386373,104.181652,102.988733,103.386373,534916.5
2016-02-03,COMB.N0000,103.386373,103.386373,102.193452,103.227317,93983.66
2016-02-05,COMB.N0000,103.306836,103.386373,102.591092,102.750148,40610.74
2016-02-08,COMB.N0000,103.386373,103.704476,103.306836,103.386373,38916.7
2016-02-09,COMB.N0000,103.386373,103.386373,103.068268,103.227317,3713.36
2016-02-10,COMB.N0000,103.068268,103.386373,101.795813,101.795813,58207.04
2016-02-11,COMB.N0000,101.795813,101.795813,101.000533,101.000533,54572.06
2016-02-12,COMB.N0000,101.000533,101.795813,99.012333,99.409973,121807.52
2016-02-15,COMB.N0000,101.000533,101.000533,98.614694,99.409973,794783.79
2016-02-16,COMB.N0000,99.409973,99.409973,99.250917,99.250917,173764.45
2016-02-17,COMB.N0000,99.171389,99.409973,98.614694,99.409973,175543.3
2016-02-18,COMB.N0000,99.409973,99.409973,97.819413,98.614694,158384.99
2016-02-19,COMB.N0000,98.614694,99.409973,97.97847,99.409973,65238.69
2016-02-23,COMB.N0000,99.409973,99.569029,99.409973,99.409973,17337.58
2016-02-24,COMB.N0000,99.409973,99.409973,99.091861,99.330445,29403.04
2016-02-25,COMB.N0000,99.807613,99.807613,98.932806,98.932806,154729.61
2016-02-26,COMB.N0000,99.409973,99.409973,99.012333,99.409973,89364.24
2016-02-29,COMB.N0000,99.409973,99.409973,99.330445,99.330445,257154.47
2016-03-01,COMB.N0000,99.409973,99.409973,98.614694,98.614694,26638.69
2016-03-02,COMB.N0000,98.614694,99.012333,98.455638,98.614694,177439.16
2016-03-03,COMB.N0000,99.012333,99.409973,98.614694,98.614694,835296.84
2016-03-04,COMB.N0000,99.409973,99.409973,98.614694,98.614694,164280.85
2016-03-08,COMB.N0000,98.614694,98.614694,98.217054,98.217054,142012.52
2016-03-09,COMB.N0000,96.228854,97.024134,91.457176,93.445375,1283949.47
2016-03-10,COMB.N0000,93.127263,93.843015,91.854815,93.843015,144991.58
2016-03-11,COMB.N0000,97.024134,97.024134,93.843015,97.024134,4850.23
2016-03-14,COMB.N0000,97.024134,97.262718,96.228854,96.78555,351663.08
2016-03-15,COMB.N0000,95.831215,96.944606,95.433574,95.433574,1801692.64
2016-03-16,COMB.N0000,95.433574,96.865078,95.433574,95.433574,1995765.14
2016-03-17,COMB.N0000,97.024134,97.024134,95.433574,95.433574,1513793.22
2016-03-18,COMB.N0000,95.433574,96.626494,95.433574,95.592631,149028.07
2016-03-21,COMB.N0000,95.433574,97.024134,95.433574,96.78555,16751.43
2016-03-23,COMB.N0000,96.626494,97.024134,95.592631,96.228854,436470.16
2016-03-24,COMB.N0000,97.024134,97.819413,96.228854,97.421774,22506.65
2016-03-28,COMB.N0000,97.024134,97.421774,96.546966,97.024134,25656.4
2016-03-29,COMB.N0000,97.024134,97.819413,96.228854,97.58083,242625.25
2016-03-30,COMB.N0000,97.262718,98.614694,97.18319,97.58083,16793.3
2016-03-31,COMB.N0000,98.614694,100.125725,98.535166,99.887141,56740.6
2016-04-01,COMB.N0000,96.228854,99.012333,96.228854,98.614694,5448.19
2016-04-04,COMB.N0000,98.614694,99.489501,98.217054,99.489501,42269.35
2016-04-05,COMB.N0000,99.728085,103.386373,99.250917,101.875349,181344.68
2016-04-06,COMB.N0000,101.080061,103.306836,101.000533,103.306836,73340.66
2016-04-07,COMB.N0000,101.875349,104.976931,101.875349,104.976931,182341.99
2016-04-08,COMB.N0000,104.976931,108.158051,104.976931,106.965131,67881.74
2016-04-11,COMB.N0000,106.965131,106.965131,105.454108,106.567491,300658.38
2016-04-12,COMB.N0000,106.567491,107.362771,106.487956,106.965131,74198.41
2016-04-15,COMB.N0000,107.362771,107.362771,103.386373,106.567491,131954.57
2016-04-18,COMB.N0000,107.362771,107.362771,104.181652,104.976931,21206.6
2016-04-19,COMB.N0000,105.772212,105.772212,104.340708,104.976931,51412.64
2016-04-20,COMB.N0000,104.976931,105.772212,104.579292,105.374572,4273.74
2016-04-22,COMB.N0000,105.454108,106.169852,105.374572,105.772212,44531.29
2016-04-25,COMB.N0000,105.772212,105.772212,104.102117,104.102117,161559.44
2016-04-26,COMB.N0000,104.976931,104.976931,103.784012,104.181652,202476.13
2016-04-27,COMB.N0000,104.181652,104.976931,104.181652,104.738348,235630.1
2016-04-28,COMB.N0000,104.976931,104.976931,102.988733,102.988733,222836.79
2016-04-29,COMB.N0000,103.386373,104.181652,103.386373,103.784012,270216.16
2016-05-03,COMB.N0000,104.976931,105.772212,104.976931,105.772212,207872.79
2016-05-04,COMB.N0000,105.772212,106.169852,105.374572,105.374572,244286.01
2016-05-05,COMB.N0000,105.692676,105.772212,104.976931,105.692676,154708.14
2016-05-06,COMB.N0000,106.169852,106.169852,105.374572,105.374572,710762.53
2016-05-09,COMB.N0000,105.772212,105.772212,104.976931,105.374572,39359
2016-05-10,COMB.N0000,105.056468,105.772212,104.976931,105.692676,41539.35
2016-05-11,COMB.N0000,106.169852,106.169852,103.386373,103.386373,2989378.27
2016-05-12,COMB.N0000,104.181652,104.976931,103.386373,103.863548,2618848.89
2016-05-13,COMB.N0000,104.976931,105.056468,104.499756,104.976931,76850.04
2016-05-16,COMB.N0000,105.374572,105.851747,105.374572,105.851747,46102.94
2016-05-17,COMB.N0000,105.851747,106.010796,103.465908,103.465908,108086.68
2016-05-18,COMB.N0000,104.181652,104.976931,103.784012,104.579292,1280050.39
2016-05-19,COMB.N0000,104.658828,104.976931,103.863548,104.579292,57592.98
2016-05-20,COMB.N0000,104.340708,104.976931,103.943068,104.181652,27739.06
2016-05-24,COMB.N0000,104.181652,104.579292,103.863548,104.181652,2764677.82
2016-05-25,COMB.N0000,104.579292,104.579292,103.704476,103.704476,94958.43
2016-05-26,COMB.N0000,104.181652,104.181652,103.704476,103.784012,1929472.24
2016-05-27,COMB.N0000,103.784012,103.784012,103.386373,103.386373,3958835.79
2016-05-30,COMB.N0000,103.386373,103.386373,102.591092,102.591092,58318.69
2016-05-31,COMB.N0000,102.591092,102.988733,101.398173,101.795813,189296.35
2016-06-01,COMB.N0000,101.795813,102.511557,101.398173,101.795813,586454.75
2016-06-02,COMB.N0000,101.795813,102.193452,101.716285,101.795813,437205.53
2016-06-03,COMB.N0000,102.511557,102.511557,101.716285,102.113917,54441.08
2016-06-06,COMB.N0000,102.113917,102.988733,101.795813,102.034396,12702.06
2016-06-07,COMB.N0000,102.988733,102.988733,102.193452,102.909196,21340.79
2016-06-08,COMB.N0000,102.670628,102.988733,102.591092,102.591092,43084.16
2016-06-09,COMB.N0000,102.591092,102.988733,102.591092,102.750148,324136.58
2016-06-10,COMB.N0000,103.386373,103.386373,102.750148,102.750148,1387.01
2016-06-13,COMB.N0000,102.591092,103.306836,102.591092,103.306836,19109.99
2016-06-14,COMB.N0000,103.306836,103.306836,102.988733,103.306836,14075.11
2016-06-15,COMB.N0000,103.068268,103.306836,102.988733,102.988733,40356.31
2016-06-16,COMB.N0000,102.909196,102.909196,99.887141,100.205253,155682.91
2016-06-17,COMB.N0000,100.602893,102.511557,100.205253,101.398173,173266.33
2016-06-20,COMB.N0000,101.159589,101.954869,101.080061,101.080061,10666.64
2016-06-21,COMB.N0000,101.239117,101.795813,100.602893,100.602893,64464.68
2016-06-22,COMB.N0000,101.000533,101.000533,98.614694,99.409973,1135399.13
2016-06-23,COMB.N0000,99.807613,100.205253,98.614694,98.614694,83119.49
2016-06-24,COMB.N0000,97.819413,98.614694,97.421774,97.819413,216594.18
2016-06-27,COMB.N0000,98.37611,98.37611,96.228854,96.228854,979360.88
2016-06-28,COMB.N0000,97.024134,97.024134,96.546966,97.024134,453120.68
2016-06-29,COMB.N0000,98.614694,98.614694,96.308382,96.308382,13797.07
2016-06-30,COMB.N0000,97.024134,97.739885,96.467438,96.626494,23809.92
2016-07-01,COMB.N0000,96.546966,97.024134,96.228854,97.024134,459105.64
2016-07-04,COMB.N0000,97.024134,97.024134,95.513103,95.513103,49581.19
2016-07-05,COMB.N0000,96.228854,96.626494,95.831215,96.626494,219326.33
2016-07-07,COMB.N0000,96.467438,97.819413,96.38791,97.024134,18808.33
2016-07-08,COMB.N0000,97.819413,98.614694,96.78555,98.296582,165660.34
2016-07-12,COMB.N0000,101.000533,102.193452,101.000533,101.875349,60032.05
2016-07-13,COMB.N0000,102.193452,102.988733,102.193452,102.909196,327258.42
2016-07-14,COMB.N0000,103.386373,103.386373,102.591092,102.670628,190811.1
2016-07-15,COMB.N0000,102.591092,103.386373,102.591092,102.988733,129786.03
2016-07-18,COMB.N0000,102.988733,103.068268,101.875349,102.193452,2152.44
2016-07-20,COMB.N0000,102.591092,103.784012,102.193452,103.704476,71328.86
2016-07-21,COMB.N0000,102.272989,103.386373,102.193452,103.386373,57382.57
2016-07-22,COMB.N0000,103.227317,103.386373,103.227317,103.386373,300972.93
2016-07-25,COMB.N0000,103.386373,103.386373,102.591092,102.591092,15249.56
2016-07-26,COMB.N0000,103.386373,103.386373,102.591092,102.591092,8407.92
2016-07-27,COMB.N0000,102.988733,102.988733,102.193452,102.193452,27362.25
2016-07-28,COMB.N0000,102.193452,103.386373,101.398173,101.875349,137845.06
2016-07-29,COMB.N0000,102.591092,103.784012,102.591092,103.784012,64101.82
2016-08-01,COMB.N0000,103.784012,107.362771,103.784012,106.567491,1151102.79
2016-08-02,COMB.N0000,107.362771,110.464354,107.283235,109.74861,416110.58
2016-08-03,COMB.N0000,108.953331,111.33917,108.953331,110.623426,302077.59
2016-08-04,COMB.N0000,110.543891,111.33917,108.953331,108.953331,86219.85
2016-08-05,COMB.N0000,110.464354,110.543891,108.953331,109.430507,17888.31
2016-08-08,COMB.N0000,108.555691,109.74861,107.442307,108.158051,64457.16
2016-08-09,COMB.N0000,108.555691,108.555691,107.362771,107.919467,28855.54
2016-08-10,COMB.N0000,108.158051,108.476155,108.158051,108.158051,26148.08
2016-08-11,COMB.N0000,107.362771,108.158051,107.362771,107.521827,74910.17
2016-08-12,COMB.N0000,107.362771,108.158051,107.362771,107.362771,16770.76
2016-08-15,COMB.N0000,107.442307,109.35097,107.362771,109.35097,110834.93
2016-08-16,COMB.N0000,108.476155,109.112387,108.476155,108.953331,57704.63
2016-08-18,COMB.N0000,108.953331,111.180114,108.953331,110.543891,192258.23
2016-08-19,COMB.N0000,110.94153,111.259634,110.146251,111.021066,187500.32
2016-08-22,COMB.N0000,111.100586,111.259634,110.94153,111.100586,115987.89
2016-08-23,COMB.N0000,111.180114,111.33917,110.225786,111.33917,319329.29
2016-08-24,COMB.N0000,111.33917,112.92973,111.33917,111.33917,150573.96
2016-08-25,COMB.N0000,111.33917,111.418706,111.33917,111.33917,95556.38
2016-08-26,COMB.N0000,111.33917,111.33917,109.74861,110.543891,37629.53
2016-08-29,COMB.N0000,109.74861,111.33917,108.953331,110.543891,361303.42
2016-08-30,COMB.N0000,111.180114,111.180114,109.74861,110.543891,8313.45
2016-08-31,COMB.N0000,110.782474,110.94153,109.74861,110.543891,717176.9
2016-09-01,COMB.N0000,111.180114,111.180114,109.74861,109.74861,28127.68
2016-09-02,COMB.N0000,110.146251,110.543891,109.74861,110.384835,27136.81
2016-09-05,COMB.N0000,110.384835,110.543891,109.35097,110.066715,174947.48
2016-09-06,COMB.N0000,109.987194,111.180114,109.74861,110.146251,154604
2016-09-07,COMB.N0000,110.782474,111.180114,109.74861,109.74861,135416.72
2016-09-08,COMB.N0000,111.180114,111.180114,109.032867,109.74861,45977.34
2016-09-09,COMB.N0000,110.702947,110.702947,110.146251,110.543891,40908.11
2016-09-13,COMB.N0000,110.066715,111.33917,110.066715,111.259634,49499.6
2016-09-14,COMB.N0000,111.259634,113.009265,110.464354,112.92973,1225178.82
2016-09-15,COMB.N0000,113.009265,113.32737,112.92973,112.92973,31945.17
2016-09-19,COMB.N0000,113.645473,113.645473,111.33917,112.53209,11101.42
2016-09-20,COMB.N0000,112.53209,112.53209,111.180114,111.259634,16855.57
2016-09-21,COMB.N0000,111.259634,112.13445,111.021066,112.13445,703019.13
2016-09-22,COMB.N0000,112.13445,112.13445,111.33917,111.33917,91691.66
2016-09-23,COMB.N0000,111.33917,112.13445,111.33917,111.33917,58048.16
2016-09-26,COMB.N0000,111.33917,112.13445,111.33917,112.13445,25959.14
2016-09-27,COMB.N0000,111.33917,111.73681,111.33917,111.33917,100687.88
2016-09-28,COMB.N0000,112.13445,113.009265,111.418706,113.009265,167388.73
2016-09-29,COMB.N0000,112.92973,114.122649,112.92973,113.725009,155126.82
2016-09-30,COMB.N0000,113.725009,114.91793,113.725009,114.520289,139058.15
2016-10-03,COMB.N0000,114.91793,117.701409,114.599825,116.906128,156147.75
2016-10-04,COMB.N0000,117.701409,117.701409,115.315569,115.315569,158174.58
2016-10-05,COMB.N0000,116.906128,116.906128,115.315569,116.508489,66779.22
2016-10-06,COMB.N0000,116.508489,116.508489,115.315569,116.110849,48354.14
2016-10-07,COMB.N0000,116.428953,119.928192,116.428953,117.701409,216584.52
2016-10-10,COMB.N0000,117.701409,118.496688,117.542353,118.337632,30149.14
2016-10-11,COMB.N0000,117.860465,119.371504,116.508489,118.894328,260500.67
2016-10-12,COMB.N0000,118.099048,118.099048,117.701409,118.099048,4648.4
2016-10-13,COMB.N0000,118.099048,118.099048,116.110849,117.701409,110826.34
2016-10-14,COMB.N0000,117.621872,117.701409,115.792745,117.701409,271652.55
2016-10-17,COMB.N0000,116.110849,116.906128,115.713209,116.110849,13594.17
2016-10-18,COMB.N0000,116.110849,116.110849,114.520289,116.110849,68693.33
2016-10-19,COMB.N0000,116.906128,116.906128,116.110849,116.906128,170874.49
2016-10-20,COMB.N0000,116.906128,117.621872,116.906128,116.906128,191462.74
2016-10-21,COMB.N0000,116.906128,117.621872,116.906128,116.906128,136390.42
2016-10-24,COMB.N0000,116.906128,117.065184,115.713209,116.906128,299545.13
2016-10-25,COMB.N0000,117.144712,117.144712,116.349433,116.349433,41740.1
2016-10-26,COMB.N0000,117.144712,117.144712,116.667544,116.906128,123417.83
2016-10-27,COMB.N0000,116.906128,116.906128,116.110849,116.826593,1200.21
2016-10-28,COMB.N0000,116.667544,116.667544,114.997465,114.997465,17890.45
2016-10-31,COMB.N0000,115.315569,115.474625,111.418706,114.440754,103236.45
2016-11-01,COMB.N0000,113.725009,118.417152,113.725009,117.701409,41925.82
2016-11-02,COMB.N0000,115.315569,119.689608,115.315569,119.291968,673297.25
2016-11-03,COMB.N0000,120.087248,120.484888,119.848664,120.087248,121589.6
2016-11-04,COMB.N0000,120.087248,120.723472,120.087248,120.087248,70063.16
2016-11-07,COMB.N0000,120.802991,120.802991,119.371504,119.371504,78256.37
2016-11-08,COMB.N0000,119.291968,119.291968,117.701409,118.496688,65821.62
2016-11-09,COMB.N0000,118.496688,118.496688,116.906128,116.906128,26181.36
2016-11-10,COMB.N0000,118.417152,118.417152,117.701409,117.701409,177749.41
2016-11-15,COMB.N0000,117.621872,117.701409,116.110849,117.701409,95673.4
2016-11-16,COMB.N0000,116.110849,116.269905,112.13445,112.611626,83364.25
2016-11-17,COMB.N0000,112.53209,114.91793,112.53209,113.725009,99739.95
2016-11-18,COMB.N0000,113.725009,114.520289,112.92973,112.92973,18196.41
2016-11-21,COMB.N0000,112.53209,112.92973,111.33917,112.92973,926910.13
2016-11-22,COMB.N0000,112.13445,112.53209,111.418706,112.13445,91051.83
2016-11-23,COMB.N0000,112.452554,113.725009,112.452554,112.92973,16639.79
2016-11-24,COMB.N0000,113.645473,113.645473,112.13445,112.13445,17123.95
2016-11-25,COMB.N0000,112.92973,112.92973,111.418706,112.13445,10547.48
2016-11-28,COMB.N0000,112.13445,112.13445,110.146251,110.543891,27376.2
2016-11-29,COMB.N0000,110.543891,111.418706,110.543891,111.33917,605450.94
2016-11-30,COMB.N0000,111.73681,111.73681,111.33917,111.33917,306268.67
2016-12-01,COMB.N0000,111.73681,115.315569,111.73681,114.520289,1385252.48
2016-12-02,COMB.N0000,112.92973,114.91793,112.293505,114.122649,777611.53
2016-12-05,COMB.N0000,114.520289,114.758873,112.92973,114.758873,84606.33
2016-12-06,COMB.N0000,114.520289,114.520289,113.725009,114.520289,1676099.83
2016-12-07,COMB.N0000,113.725009,114.520289,113.725009,113.725009,73642.32
2016-12-08,COMB.N0000,113.884065,114.520289,113.725009,113.725009,42970.37
2016-12-09,COMB.N0000,115.315569,116.110849,114.520289,115.315569,156320.59
2016-12-14,COMB.N0000,115.315569,115.315569,114.91793,115.315569,369000.66
2016-12-15,COMB.N0000,113.725009,115.395105,113.725009,115.395105,611433.75
2016-12-16,COMB.N0000,114.997465,115.474625,114.91793,114.91793,703660.03
2016-12-19,COMB.N0000,115.315569,115.315569,114.202186,114.997465,4757.91
2016-12-20,COMB.N0000,113.725009,115.315569,111.577754,112.53209,1008837.99
2016-12-21,COMB.N0000,114.520289,114.520289,113.725009,113.725009,10112.7
2016-12-22,COMB.N0000,113.32737,114.520289,112.13445,112.53209,8180.33
2016-12-23,COMB.N0000,112.53209,112.92973,112.53209,112.92973,2780.45
2016-12-27,COMB.N0000,114.520289,114.520289,112.53209,112.611626,68963.86
2016-12-28,COMB.N0000,115.236033,116.110849,114.91793,115.315569,967078.57
2016-12-29,COMB.N0000,115.315569,115.315569,115.315569,115.315569,205113.81
2016-12-30,COMB.N0000,115.315569,115.315569,114.520289,115.315569,54421.76
2017-01-02,COMB.N0000,113.725009,114.91793,113.645473,114.91793,3177.66
2017-01-04,COMB.N0000,113.725009,113.725009,113.725009,113.725009,128.82
2017-01-05,COMB.N0000,113.32737,113.32737,112.611626,112.92973,202916.28
2017-01-09,COMB.N0000,112.92973,112.92973,112.13445,112.92973,57937.59
2017-01-10,COMB.N0000,111.73681,112.53209,111.33917,111.418706,88817.81
2017-01-11,COMB.N0000,111.498226,112.92973,111.498226,112.92973,30816.88
2017-01-13,COMB.N0000,112.92973,112.92973,111.33917,112.92973,1077960.73
2017-01-16,COMB.N0000,113.645473,113.645473,111.33917,111.33917,35553.32
2017-01-17,COMB.N0000,111.418706,112.13445,110.94153,110.94153,30771.79
2017-01-18,COMB.N0000,111.33917,111.73681,111.33917,111.33917,4015.02
2017-01-19,COMB.N0000,111.33917,114.520289,111.33917,114.520289,16621.54
2017-01-23,COMB.N0000,112.13445,112.92973,112.13445,112.92973,161409.14
2017-01-24,COMB.N0000,112.293505,112.92973,112.13445,112.92973,114567.61
2017-01-25,COMB.N0000,112.53209,112.92973,112.13445,112.850194,1553.4
2017-01-26,COMB.N0000,112.691146,112.92973,112.691146,112.92973,3867.94
2017-01-27,COMB.N0000,112.92973,112.92973,112.92973,112.92973,11793.85
2017-01-30,COMB.N0000,113.725009,118.099048,113.725009,115.315569,40659.05
2017-01-31,COMB.N0000,115.713209,115.713209,114.91793,115.236033,31270.99
2017-02-01,COMB.N0000,115.236033,115.236033,113.725009,114.122649,17888.31
2017-02-02,COMB.N0000,115.236033,116.031313,114.440754,116.031313,57394.38
2017-02-03,COMB.N0000,116.269905,116.269905,115.315569,115.315569,45011.16
2017-02-06,COMB.N0000,114.520289,115.315569,114.440754,115.315569,72423.86
2017-02-07,COMB.N0000,113.725009,113.725009,112.770674,112.770674,4531.39
2017-02-08,COMB.N0000,112.691146,112.92973,111.33917,111.418706,6860.96
2017-02-09,COMB.N0000,111.33917,112.13445,111.33917,111.33917,186630.76
2017-02-13,COMB.N0000,112.13445,112.92973,111.418706,112.92973,88281.04
2017-02-14,COMB.N0000,112.92973,113.725009,112.92973,113.725009,110212.28
2017-02-15,COMB.N0000,113.009265,113.725009,113.009265,113.725009,48571
2017-02-16,COMB.N0000,113.32737,113.32737,112.92973,112.92973,9261.38
2017-02-21,COMB.N0000,112.92973,113.645473,112.92973,113.645473,214957.04
2017-02-22,COMB.N0000,113.406905,113.804546,113.406905,113.725009,218283.93
2017-02-23,COMB.N0000,114.520289,114.838393,113.804546,113.884065,5465.36
2017-02-27,COMB.N0000,114.520289,114.838393,114.520289,114.520289,144085.51
2017-02-28,COMB.N0000,114.520289,114.520289,113.725009,114.122649,77581.12
2017-03-01,COMB.N0000,113.725009,114.520289,113.725009,113.725009,285307.91
2017-03-02,COMB.N0000,113.565954,114.520289,112.92973,112.92973,11391.28
2017-03-03,COMB.N0000,113.247833,113.32737,112.92973,112.92973,54688
2017-03-06,COMB.N0000,112.92973,112.92973,112.850194,112.92973,2300.58
2017-03-07,COMB.N0000,109.74861,112.92973,107.362771,112.13445,595011.89
2017-03-08,COMB.N0000,112.92973,112.92973,111.33917,111.33917,1350896.16
2017-03-09,COMB.N0000,111.73681,111.73681,109.74861,109.987194,21252.76
2017-03-10,COMB.N0000,110.146251,110.146251,109.74861,109.74861,18664.47
2017-03-13,COMB.N0000,110.146251,110.146251,108.555691,108.555691,25147.55
2017-03-14,COMB.N0000,108.555691,108.873794,106.806075,107.362771,54407.8
2017-03-15,COMB.N0000,108.953331,108.953331,106.567491,106.567491,79166.73
2017-03-17,COMB.N0000,106.647028,107.283235,105.772212,106.567491,342402.77
2017-03-20,COMB.N0000,107.283235,107.362771,106.567491,106.567491,10743.93
2017-03-21,COMB.N0000,110.543891,110.543891,106.647028,107.124187,4863.11
2017-03-22,COMB.N0000,107.362771,107.362771,106.169852,106.169852,9325.79
2017-03-23,COMB.N0000,106.487956,106.567491,105.772212,106.249387,5013.41
2017-03-24,COMB.N0000,105.931268,106.169852,104.976931,104.976931,556472
2017-03-27,COMB.N0000,104.976931,104.976931,103.386373,103.386373,36654.76
2017-03-28,COMB.N0000,103.386373,103.386373,102.591092,102.591092,88351.89
2017-03-29,COMB.N0000,102.988733,102.988733,102.193452,102.511557,701913.39
2017-03-30,COMB.N0000,102.988733,103.386373,102.193452,103.386373,436897.43
2017-03-31,COMB.N0000,103.386373,104.976931,102.591092,104.976931,1318044.93
2017-04-03,COMB.N0000,104.976931,104.976931,103.784012,104.579292,271309.02
2017-04-04,COMB.N0000,104.976931,107.283235,104.579292,106.567491,233583.94
2017-04-05,COMB.N0000,107.283235,107.283235,105.056468,106.169852,36997.22
2017-04-06,COMB.N0000,106.965131,107.362771,106.328908,106.965131,83000.32
2017-04-07,COMB.N0000,107.362771,107.760412,106.567491,106.567491,165395.17
2017-04-11,COMB.N0000,106.169852,108.078515,106.169852,107.760412,47683.18
2017-04-12,COMB.N0000,108.078515,111.33917,108.078515,110.543891,906144.75
2017-04-17,COMB.N0000,110.702947,110.702947,107.362771,108.555691,58842.58
2017-04-18,COMB.N0000,108.953331,108.953331,107.362771,108.555691,49999.87
2017-04-19,COMB.N0000,108.953331,112.13445,108.953331,111.33917,117508.02
2017-04-20,COMB.N0000,111.33917,113.725009,111.33917,112.92973,91210.72
2017-04-21,COMB.N0000,113.645473,115.315569,113.645473,115.156513,615543.24
2017-04-24,COMB.N0000,115.236033,115.236033,112.92973,113.725009,7665.04
2017-04-25,COMB.N0000,113.725009,115.315569,112.92973,113.088786,919090.5
2017-04-26,COMB.N0000,112.92973,113.725009,112.92973,113.009265,149440.3
2017-04-27,COMB.N0000,112.92973,115.315569,112.92973,115.236033,1974386.78
2017-04-28,COMB.N0000,115.236033,115.395105,114.91793,115.076986,1285150.76
2017-05-02,COMB.N0000,115.713209,115.713209,114.520289,114.520289,84614.92
2017-05-03,COMB.N0000,114.122649,115.554153,113.009265,115.315569,314854.8
2017-05-04,COMB.N0000,115.315569,115.713209,115.315569,115.474625,61420.13
2017-05-05,COMB.N0000,115.474625,116.110849,115.315569,116.110849,86521.52
2017-05-08,COMB.N0000,116.110849,116.906128,115.713209,116.906128,114269.16
2017-05-09,COMB.N0000,116.906128,117.303769,116.588025,117.303769,81547.83
2017-05-12,COMB.N0000,117.303769,118.496688,117.303769,118.496688,200368.78
2017-05-15,COMB.N0000,118.496688,118.496688,117.701409,118.496688,284278.39
2017-05-16,COMB.N0000,118.496688,118.496688,117.701409,117.701409,44011.7
2017-05-17,COMB.N0000,117.701409,117.701409,116.906128,117.701409,184618.96
2017-05-18,COMB.N0000,116.906128,118.099048,116.906128,117.303769,153544.43
2017-05-19,COMB.N0000,116.906128,117.542353,115.315569,115.951793,77877.42
2017-05-22,COMB.N0000,113.725009,113.725009,109.74861,110.543891,20932.85
2017-05-23,COMB.N0000,110.543891,110.543891,108.158051,108.555691,30120.16
2017-05-24,COMB.N0000,110.543891,110.543891,108.953331,110.543891,54349.83
2017-05-25,COMB.N0000,110.146251,110.146251,109.589554,109.589554,55957.99
2017-05-26,COMB.N0000,109.589554,109.669075,108.158051,108.158051,50866.21
2017-05-29,COMB.N0000,108.158051,108.953331,106.567491,107.362771,39859.26
2017-05-30,COMB.N0000,107.362771,107.760412,105.772212,107.760412,100106.02
2017-05-31,COMB.N0000,107.442307,107.839947,106.567491,107.362771,1045056.9
2017-06-01,COMB.N0000,107.362771,107.760412,106.965131,107.442307,17125.02
2017-06-02,COMB.N0000,107.362771,107.760412,107.283235,107.283235,191394.03
2017-06-05,COMB.N0000,107.362771,107.362771,106.249387,107.283235,127074.28
2017-06-06,COMB.N0000,106.647028,107.362771,106.647028,106.965131,82118.95
2017-06-07,COMB.N0000,106.965131,107.362771,105.772212,106.169852,55635.93
2017-06-09,COMB.N0000,106.567491,109.74861,106.328908,107.839947,270722.87
2017-06-12,COMB.N0000,106.567491,108.555691,106.567491,107.760412,215389.68
2017-06-13,COMB.N0000,108.158051,108.158051,107.124187,107.124187,8266.22
2017-06-14,COMB.N0000,107.283235,109.74861,107.283235,108.158051,213386.46
2017-06-15,COMB.N0000,108.953331,112.13445,108.953331,111.33917,951421.07
2017-06-16,COMB.N0000,111.657274,111.657274,110.623426,111.33917,222201.25
2017-06-19,COMB.N0000,111.33917,111.657274,109.74861,109.74861,241474.42
2017-06-20,COMB.N0000,111.180114,111.33917,110.543891,111.33917,242414.84
2017-06-21,COMB.N0000,111.259634,111.33917,110.543891,111.33917,146319.54
2017-06-22,COMB.N0000,109.828147,111.33917,109.828147,110.305307,201667.76
2017-06-23,COMB.N0000,110.305307,110.782474,110.146251,110.623426,68923.07
2017-06-27,COMB.N0000,110.543891,111.259634,110.543891,110.861994,307385.15
2017-06-28,COMB.N0000,110.94153,111.180114,110.782474,110.94153,134844.53
2017-06-29,COMB.N0000,111.021066,111.73681,110.623426,110.94153,1073882.38
2017-06-30,COMB.N0000,110.543891,110.94153,109.74861,110.94153,394681.76
2017-07-03,COMB.N0000,110.94153,110.94153,110.146251,110.543891,124753.3
2017-07-04,COMB.N0000,110.543891,111.33917,110.464354,111.33917,80296.09
2017-07-05,COMB.N0000,111.259634,111.259634,110.543891,110.623426,45732.57
2017-07-06,COMB.N0000,110.623426,111.180114,110.543891,111.021066,133757.04
2017-07-07,COMB.N0000,110.623426,111.33917,110.623426,111.259634,139631.42
2017-07-10,COMB.N0000,111.259634,111.418706,110.543891,111.259634,167011.92
2017-07-11,COMB.N0000,110.543891,111.33917,110.543891,111.259634,81460.88
2017-07-12,COMB.N0000,110.543891,110.782474,109.74861,110.543891,635852.37
2017-07-13,COMB.N0000,109.74861,110.543891,109.74861,109.74861,31042.33
2017-07-14,COMB.N0000,109.74861,110.146251,109.74861,109.987194,59150.68
2017-07-17,COMB.N0000,109.74861,110.464354,109.74861,110.146251,247331.63
2017-07-18,COMB.N0000,110.146251,110.146251,109.35097,109.74861,87934.29
2017-07-19,COMB.N0000,109.74861,109.74861,109.35097,109.35097,22794.36
2017-07-20,COMB.N0000,109.35097,110.066715,109.191915,109.191915,352198.77
2017-07-21,COMB.N0000,109.74861,110.146251,109.35097,109.35097,28310.18
2017-07-24,COMB.N0000,109.35097,110.464354,109.112387,109.430507,7930.2
2017-07-25,COMB.N0000,109.510026,110.623426,109.112387,109.74861,430063.31
2017-07-26,COMB.N0000,110.066715,110.464354,109.74861,109.74861,23065.96
2017-07-27,COMB.N0000,109.74861,110.543891,109.74861,109.74861,108131.77
2017-07-28,COMB.N0000,110.464354,110.543891,109.74861,110.543891,123399.58
2017-07-31,COMB.N0000,109.430507,110.146251,109.35097,109.510026,339817.7
2017-08-01,COMB.N0000,109.35097,109.74861,109.191915,109.35097,33424.5
2017-08-02,COMB.N0000,110.543891,110.543891,108.953331,109.35097,31970.93
2017-08-03,COMB.N0000,109.74861,109.74861,108.953331,109.669075,291098.56
2017-08-04,COMB.N0000,108.953331,109.669075,108.953331,109.35097,79905.32
2017-08-08,COMB.N0000,109.35097,109.35097,108.873794,109.191915,79468.4
2017-08-09,COMB.N0000,109.191915,109.74861,109.191915,109.191915,204375.21
2017-08-10,COMB.N0000,109.35097,109.35097,108.953331,109.35097,31965.56
2017-08-11,COMB.N0000,109.35097,109.74861,109.35097,109.35097,54884.45
2017-08-14,COMB.N0000,109.74861,110.146251,109.74861,109.74861,106590.17
2017-08-15,COMB.N0000,109.74861,109.74861,109.35097,109.430507,247555.99
2017-08-16,COMB.N0000,109.74861,109.74861,108.953331,109.112387,141426.37
2017-08-17,COMB.N0000,108.953331,109.191915,108.953331,108.953331,730190.29
2017-08-18,COMB.N0000,108.953331,109.032867,108.873794,108.953331,56478.65
2017-08-21,COMB.N0000,108.635226,109.191915,108.555691,109.191915,102987.39
2017-08-22,COMB.N0000,108.953331,109.191915,108.953331,108.953331,102968.07
2017-08-23,COMB.N0000,108.953331,109.35097,108.953331,109.35097,103296.57
2017-08-24,COMB.N0000,108.953331,109.271435,108.953331,109.112387,667843.7
2017-08-25,COMB.N0000,109.112387,109.669075,109.032867,109.35097,77540.33
2017-08-28,COMB.N0000,109.74861,109.74861,109.35097,109.589554,111333.05
2017-08-29,COMB.N0000,109.589554,109.74861,109.112387,109.74861,145957.76
2017-08-30,COMB.N0000,109.74861,109.74861,108.555691,108.635226,933401.79
2017-08-31,COMB.N0000,108.635226,108.953331,108.317107,108.953331,1405665.74
2017-09-04,COMB.N0000,108.953331,109.191915,108.396635,108.873794,3522.27
2017-09-06,COMB.N0000,108.873794,108.873794,108.476155,108.555691,89887.05
2017-09-07,COMB.N0000,108.555691,108.953331,108.555691,108.953331,34574.25
2017-09-08,COMB.N0000,108.953331,108.953331,108.555691,108.555691,194548.08
2017-09-11,COMB.N0000,108.953331,108.953331,108.476155,108.555691,90777.01
2017-09-12,COMB.N0000,108.555691,108.555691,108.158051,108.158051,223761.1
2017-09-13,COMB.N0000,107.919467,108.158051,107.044667,107.442307,29273.14
2017-09-14,COMB.N0000,107.442307,108.158051,107.362771,107.362771,9686.5
2017-09-15,COMB.N0000,107.760412,109.74861,107.362771,109.74861,166822.98
2017-09-18,COMB.N0000,108.555691,108.953331,108.237587,108.953331,222979.57
2017-09-19,COMB.N0000,108.555691,108.953331,108.237587,108.953331,128342.13
2017-09-20,COMB.N0000,108.953331,112.13445,108.953331,112.13445,4103800.53
2017-09-21,COMB.N0000,111.33917,111.975394,108.953331,111.33917,566957.21
2017-09-22,COMB.N0000,111.33917,111.33917,109.74861,109.74861,65616.58
2017-09-26,COMB.N0000,110.543891,110.543891,109.112387,110.543891,11973.13
2017-09-27,COMB.N0000,110.464354,110.464354,109.430507,109.430507,1981.74
2017-09-28,COMB.N0000,110.146251,110.464354,109.35097,110.146251,388862.13
2017-09-29,COMB.N0000,109.74861,110.543891,109.74861,110.543891,352884.76
2017-10-02,COMB.N0000,110.146251,110.146251,109.74861,110.146251,17579.13
2017-10-03,COMB.N0000,110.543891,111.73681,110.146251,111.73681,400402.62
2017-10-04,COMB.N0000,111.73681,116.269905,111.73681,116.110849,1147763.02
2017-10-06,COMB.N0000,116.428953,117.621872,116.110849,116.508489,393597.49
2017-10-09,COMB.N0000,116.110849,116.110849,115.315569,115.474625,18662.32
2017-10-10,COMB.N0000,115.315569,118.496688,115.315569,117.780944,302270.83
2017-10-11,COMB.N0000,117.780944,118.496688,117.701409,118.496688,53411.56
2017-10-12,COMB.N0000,118.735272,119.132912,118.496688,118.496688,156229.34
2017-10-13,COMB.N0000,118.496688,118.894328,116.110849,116.110849,9145.44
2017-10-16,COMB.N0000,116.190385,116.190385,112.92973,114.520289,91654.09
2017-10-17,COMB.N0000,114.520289,114.520289,113.725009,114.440754,8844.85
2017-10-19,COMB.N0000,113.725009,114.440754,113.32737,113.725009,57191.48
2017-10-20,COMB.N0000,114.440754,114.520289,112.92973,113.009265,38956.42
2017-10-23,COMB.N0000,113.725009,113.725009,112.13445,112.13445,23018.73
2017-10-24,COMB.N0000,111.816346,112.53209,111.73681,112.13445,211698.87
2017-10-25,COMB.N0000,112.054914,113.725009,112.054914,113.725009,92936.96
2017-10-26,COMB.N0000,112.92973,115.315569,112.92973,115.315569,45512.5
2017-10-27,COMB.N0000,114.520289,115.315569,113.884065,113.884065,97381.39
2017-10-30,COMB.N0000,114.202186,117.701409,113.884065,117.701409,381068.27
2017-10-31,COMB.N0000,116.906128,119.291968,116.906128,119.291968,1053354.25
2017-11-01,COMB.N0000,118.337632,118.973864,117.701409,117.701409,6104.12
2017-11-02,COMB.N0000,117.701409,117.701409,117.303769,117.303769,18682.72
2017-11-06,COMB.N0000,117.303769,117.701409,117.303769,117.303769,10548.55
2017-11-07,COMB.N0000,116.906128,116.906128,115.315569,116.110849,234251.68
2017-11-08,COMB.N0000,115.315569,116.110849,114.520289,115.315569,17233.45
2017-11-09,COMB.N0000,114.838393,114.838393,113.725009,114.440754,2159.95
2017-11-10,COMB.N0000,114.440754,114.520289,112.92973,112.92973,39225.88
2017-11-13,COMB.N0000,111.73681,114.440754,111.33917,111.418706,75307.38
2017-11-15,COMB.N0000,109.987194,111.33917,108.953331,109.74861,204293.63
2017-11-16,COMB.N0000,110.543891,110.543891,109.112387,109.191915,1859950.14
2017-11-17,COMB.N0000,109.589554,112.13445,109.589554,112.13445,100419.5
2017-11-20,COMB.N0000,112.13445,112.13445,111.259634,111.33917,165350.09
2017-11-21,COMB.N0000,111.021066,111.33917,110.146251,110.543891,416767.58
2017-11-22,COMB.N0000,110.464354,110.543891,108.158051,108.158051,113725.96
2017-11-23,COMB.N0000,108.953331,109.589554,105.772212,109.35097,11589361.57
2017-11-24,COMB.N0000,109.510026,109.589554,108.158051,109.112387,134507.44
2017-11-27,COMB.N0000,109.112387,109.112387,108.555691,108.953331,9325.79
2017-11-28,COMB.N0000,108.953331,108.953331,108.237587,108.237587,4904.98
2017-11-29,COMB.N0000,108.635226,108.635226,105.772212,106.726547,3855251.52
2017-11-30,COMB.N0000,107.362771,108.555691,106.965131,107.362771,84969.19
2017-12-04,COMB.N0000,108.158051,108.158051,106.965131,107.203715,192779.97
2017-12-05,COMB.N0000,106.806075,108.555691,106.806075,107.283235,652039.12
2017-12-06,COMB.N0000,107.362771,108.158051,106.965131,107.362771,342520.86
2017-12-07,COMB.N0000,107.442307,108.158051,107.362771,108.078515,192528.76
2017-12-08,COMB.N0000,107.362771,107.998995,107.044667,107.998995,25326.83
2017-12-11,COMB.N0000,107.442307,108.078515,107.362771,107.362771,193079.48
2017-12-12,COMB.N0000,107.760412,110.543891,106.567491,110.543891,2348798.05
2017-12-13,COMB.N0000,107.044667,108.953331,107.044667,107.442307,4662.36
2017-12-14,COMB.N0000,108.158051,108.953331,108.158051,108.953331,5241
2017-12-15,COMB.N0000,108.953331,109.74861,108.237587,109.74861,18320.94
2017-12-18,COMB.N0000,109.74861,109.74861,108.953331,109.430507,30762.13
2017-12-19,COMB.N0000,109.35097,109.430507,107.442307,108.158051,49896.81
2017-12-20,COMB.N0000,108.873794,108.873794,107.760412,108.158051,113596.06
2017-12-21,COMB.N0000,108.158051,108.555691,107.760412,108.158051,75747.52
2017-12-22,COMB.N0000,108.158051,108.158051,107.442307,107.442307,3318.3
2017-12-26,COMB.N0000,107.521827,108.158051,107.442307,107.442307,2023.61
2017-12-27,COMB.N0000,107.998995,107.998995,107.919467,107.919467,3084.26
2017-12-28,COMB.N0000,108.158051,108.158051,107.362771,107.362771,414141.72
2017-12-29,COMB.N0000,108.158051,108.158051,107.601356,108.158051,19396.62
2018-01-01,COMB.N0000,108.476155,109.74861,108.476155,109.669075,1263.55
2018-01-03,COMB.N0000,108.794275,109.74861,108.794275,109.669075,40873.75
2018-01-04,COMB.N0000,109.74861,111.975394,109.669075,109.907666,161777.36
2018-01-05,COMB.N0000,110.543891,112.054914,110.543891,111.73681,874732.06
2018-01-08,COMB.N0000,112.13445,112.691146,111.73681,112.13445,629533.54
2018-01-09,COMB.N0000,112.13445,112.92973,112.13445,112.92973,40473.33
2018-01-10,COMB.N0000,113.32737,113.32737,111.975394,113.32737,24906
2018-01-11,COMB.N0000,113.247833,113.32737,112.13445,113.088786,28841.58
2018-01-12,COMB.N0000,113.088786,113.088786,112.13445,112.213986,87476.96
2018-01-16,COMB.N0000,112.850194,112.92973,111.33917,111.33917,403499.77
2018-01-17,COMB.N0000,110.543891,111.33917,109.828147,111.33917,15260.29
2018-01-18,COMB.N0000,111.33917,111.33917,108.158051,108.237587,3163989.74
2018-01-19,COMB.N0000,109.74861,109.74861,108.158051,108.237587,399677.99
2018-01-22,COMB.N0000,109.35097,109.74861,108.158051,108.237587,390355.41
2018-01-23,COMB.N0000,108.317107,109.74861,108.317107,109.74861,6372.5
2018-01-24,COMB.N0000,109.112387,109.74861,108.953331,109.74861,46555.97
2018-01-25,COMB.N0000,109.74861,110.94153,109.74861,110.543891,137329.76
2018-01-26,COMB.N0000,110.543891,110.543891,109.032867,110.543891,20550.67
2018-01-29,COMB.N0000,110.623426,111.33917,110.543891,110.543891,45468.48
2018-01-30,COMB.N0000,111.180114,111.33917,110.702947,110.702947,49406.21
2018-02-01,COMB.N0000,111.33917,111.33917,110.543891,110.94153,152783.29
2018-02-02,COMB.N0000,110.94153,111.33917,110.702947,111.33917,78150.09
2018-02-06,COMB.N0000,111.33917,111.657274,110.543891,111.33917,225033.24
2018-02-07,COMB.N0000,111.33917,112.13445,110.702947,111.895866,423099.29
2018-02-08,COMB.N0000,111.259634,111.33917,109.74861,111.180114,205949.02
2018-02-12,COMB.N0000,110.543891,110.543891,108.555691,108.555691,1667.2
2018-02-14,COMB.N0000,108.555691,108.953331,106.567491,107.362771,437492.17
2018-02-15,COMB.N0000,107.442307,109.35097,107.362771,107.919467,119646.5
2018-02-16,COMB.N0000,107.919467,109.74861,107.919467,108.158051,6033.26
2018-02-19,COMB.N0000,108.158051,108.953331,108.158051,108.237587,48786.78
2018-02-20,COMB.N0000,109.74861,109.74861,108.555691,108.953331,43062.69
2018-02-21,COMB.N0000,108.953331,111.021066,108.953331,110.543891,2488647.4
2018-02-22,COMB.N0000,110.384835,111.33917,110.384835,111.33917,1649045.69
2018-02-23,COMB.N0000,108.953331,111.33917,106.567491,110.543891,546671.71
2018-02-26,COMB.N0000,111.180114,111.33917,110.543891,110.543891,22235.05
2018-02-27,COMB.N0000,111.33917,111.33917,109.74861,110.543891,34487.3
2018-02-28,COMB.N0000,110.94153,110.94153,109.35097,110.543891,79829.1
2018-03-02,COMB.N0000,109.032867,110.464354,109.032867,109.74861,17018.74
2018-03-05,COMB.N0000,110.464354,110.464354,109.112387,109.74861,115520.91
2018-03-06,COMB.N0000,109.74861,109.907666,109.191915,109.74861,182279.73
2018-03-07,COMB.N0000,109.74861,109.74861,107.362771,107.442307,138320.63
2018-03-08,COMB.N0000,108.158051,108.555691,107.442307,108.237587,25237.72
2018-03-09,COMB.N0000,108.237587,108.555691,108.158051,108.237587,5882.97
2018-03-12,COMB.N0000,108.237587,108.237587,107.442307,107.998995,14659.11
2018-03-13,COMB.N0000,108.555691,108.555691,107.362771,107.442307,257223.17
2018-03-14,COMB.N0000,107.521827,108.078515,107.362771,107.362771,1750605.28
2018-03-15,COMB.N0000,107.362771,108.158051,107.044667,107.601356,63365.38
2018-03-16,COMB.N0000,108.158051,108.237587,106.965131,108.158051,204983.91
2018-03-19,COMB.N0000,107.760412,108.555691,107.362771,108.317107,284407.21
2018-03-20,COMB.N0000,108.158051,108.714747,106.965131,108.158051,59858.14
2018-03-21,COMB.N0000,108.158051,108.158051,106.965131,107.362771,97564.97
2018-03-22,COMB.N0000,107.283235,107.283235,106.647028,106.647028,5471.81
2018-03-23,COMB.N0000,107.362771,107.362771,106.408435,106.408435,90750.17
2018-03-26,COMB.N0000,107.362771,107.362771,106.567491,107.283235,14233.99
2018-03-27,COMB.N0000,106.567491,107.362771,106.567491,107.362771,241347.74
2018-03-28,COMB.N0000,108.158051,108.158051,107.362771,107.362771,62557.01
2018-03-29,COMB.N0000,107.044667,109.74861,105.772212,108.873794,55234.43
2018-04-02,COMB.N0000,106.567491,106.726547,105.772212,106.169852,31177.59
2018-04-03,COMB.N0000,105.931268,107.362771,105.772212,107.362771,23885.07
2018-04-04,COMB.N0000,107.362771,107.362771,106.567491,107.362771,2167.47
2018-04-05,COMB.N0000,107.362771,107.998995,106.567491,107.442307,31828.15
2018-04-06,COMB.N0000,107.998995,107.998995,107.521827,107.521827,7859.35
2018-04-09,COMB.N0000,107.601356,108.158051,107.362771,108.158051,9140.07
2018-04-10,COMB.N0000,107.362771,108.953331,106.965131,108.953331,161889.01
2018-04-11,COMB.N0000,108.555691,108.953331,108.555691,108.555691,7238.84
2018-04-12,COMB.N0000,108.953331,109.74861,108.953331,108.953331,54729.86
2018-04-16,COMB.N0000,109.669075,109.74861,108.953331,109.74861,5440.67
2018-04-17,COMB.N0000,109.74861,109.74861,108.396635,108.476155,3644.65
2018-04-18,COMB.N0000,109.74861,110.146251,108.635226,109.74861,117558.47
2018-04-19,COMB.N0000,109.74861,110.066715,109.430507,109.74861,70634.28
2018-04-23,COMB.N0000,109.35097,109.907666,108.555691,109.907666,457882.88
2018-04-24,COMB.N0000,110.146251,110.146251,108.555691,109.74861,314145.2
2018-04-25,COMB.N0000,108.635226,109.74861,108.158051,108.158051,58256.43
2018-04-26,COMB.N0000,108.317107,108.953331,107.362771,107.362771,246628.46
2018-04-27,COMB.N0000,107.362771,108.555691,107.362771,107.760412,56698.73
2018-05-01,COMB.N0000,107.760412,108.953331,106.567491,106.647028,171513.25
2018-05-02,COMB.N0000,108.555691,108.555691,106.647028,107.362771,138821.97
2018-05-03,COMB.N0000,107.362771,107.362771,106.647028,107.362771,54271.47
2018-05-04,COMB.N0000,106.726547,107.362771,106.726547,107.362771,78804.95
2018-05-08,COMB.N0000,107.203715,108.158051,106.965131,108.158051,11404.16
2018-05-09,COMB.N0000,108.158051,108.555691,107.044667,107.362771,142722.12
2018-05-10,COMB.N0000,108.158051,108.158051,106.567491,106.567491,104728.66
2018-05-11,COMB.N0000,106.726547,106.726547,105.772212,106.567491,298314.85
2018-05-14,COMB.N0000,106.567491,107.362771,105.772212,105.772212,18935
2018-05-15,COMB.N0000,106.408435,106.567491,106.169852,106.567491,1774.55
2018-05-16,COMB.N0000,106.567491,106.567491,106.249387,106.567491,48852.26
2018-05-17,COMB.N0000,106.567491,106.567491,105.772212,105.772212,18103.01
2018-05-18,COMB.N0000,106.567491,106.567491,105.772212,105.772212,22823.34
2018-05-21,COMB.N0000,106.487956,106.487956,104.976931,105.056468,468671.91
2018-05-22,COMB.N0000,105.056468,105.374572,104.897396,105.374572,256825.96
2018-05-23,COMB.N0000,104.976931,105.772212,104.738348,104.976931,14743.92
2018-05-24,COMB.N0000,105.056468,105.533628,104.976931,104.976931,228123.95
2018-05-25,COMB.N0000,104.976931,105.374572,104.817876,105.374572,150706
2018-05-28,COMB.N0000,105.772212,105.772212,104.181652,104.976931,730126.95
2018-05-30,COMB.N0000,105.295036,105.374572,104.579292,105.374572,484941.32
2018-05-31,COMB.N0000,104.976931,104.976931,104.181652,104.181652,935695.94
2018-06-01,COMB.N0000,104.261188,104.897396,103.784012,104.897396,151796.71
2018-06-04,COMB.N0000,104.579292,104.897396,103.386373,103.784012,140200.39
2018-06-05,COMB.N0000,104.340708,104.340708,103.386373,104.102117,216668.26
2018-06-06,COMB.N0000,104.102117,104.102117,103.386373,103.386373,45630.59
2018-06-07,COMB.N0000,104.102117,104.102117,102.829677,102.829677,144454.81
2018-06-08,COMB.N0000,103.386373,103.386373,101.795813,101.795813,200387.03
2018-06-11,COMB.N0000,101.875349,102.034396,101.716285,101.795813,995971.68
2018-06-12,COMB.N0000,101.795813,102.591092,101.795813,102.034396,1394142.42
2018-06-13,COMB.N0000,101.954869,102.591092,101.795813,101.795813,1766128.59
2018-06-14,COMB.N0000,101.795813,102.591092,101.716285,101.716285,27040.19
2018-06-18,COMB.N0000,101.716285,101.716285,100.205253,100.205253,701123.27
2018-06-19,COMB.N0000,100.205253,100.602893,99.409973,99.409973,101788.25
2018-06-20,COMB.N0000,100.205253,100.205253,98.296582,98.614694,182901.3
2018-06-21,COMB.N0000,98.614694,99.012333,98.614694,98.614694,29515.76
2018-06-22,COMB.N0000,99.250917,99.409973,97.819413,97.819413,271361.62
2018-06-25,COMB.N0000,98.614694,98.614694,97.819413,98.535166,134621.23
2018-06-26,COMB.N0000,98.614694,98.614694,97.819413,98.455638,47511.42
2018-06-28,COMB.N0000,98.455638,98.614694,97.819413,97.819413,696506
2018-06-29,COMB.N0000,98.535166,98.535166,97.739885,97.819413,1056443.88
2018-07-02,COMB.N0000,98.217054,98.217054,97.421774,97.58083,124721.1
2018-07-03,COMB.N0000,97.819413,97.819413,97.660357,97.739885,8104.11
2018-07-04,COMB.N0000,97.819413,97.819413,97.421774,97.739885,117214.94
2018-07-05,COMB.N0000,97.501302,98.614694,97.421774,98.614694,22099.78
2018-07-06,COMB.N0000,97.898941,99.330445,97.819413,98.614694,8823.38
2018-07-09,COMB.N0000,98.535166,99.012333,98.535166,99.012333,2312.39
2018-07-11,COMB.N0000,100.205253,101.795813,100.205253,100.284781,33672.48
2018-07-12,COMB.N0000,101.000533,102.591092,101.000533,101.795813,63936.5
2018-07-13,COMB.N0000,102.511557,102.511557,100.284781,101.795813,363956.12
2018-07-16,COMB.N0000,101.159589,101.716285,99.409973,99.807613,166728.5
2018-07-17,COMB.N0000,100.36431,101.795813,100.205253,100.205253,326000.24
2018-07-18,COMB.N0000,100.205253,100.205253,100.046197,100.205253,473984.83
2018-07-19,COMB.N0000,100.205253,102.591092,100.205253,102.591092,132366.81
2018-07-20,COMB.N0000,102.591092,103.227317,102.193452,102.988733,237627.95
2018-07-23,COMB.N0000,102.988733,103.386373,102.591092,103.386373,673240.36
2018-07-24,COMB.N0000,103.386373,103.386373,102.511557,103.386373,60826.47
2018-07-25,COMB.N0000,103.943068,103.943068,102.432036,102.591092,2136.33
2018-07-26,COMB.N0000,102.432036,102.432036,101.000533,101.000533,23757.32
2018-07-30,COMB.N0000,103.306836,103.306836,101.795813,101.795813,18960.77
2018-07-31,COMB.N0000,101.795813,101.795813,99.409973,100.205253,441934.45
2018-08-01,COMB.N0000,100.602893,100.602893,97.819413,97.819413,251434.67
2018-08-02,COMB.N0000,98.614694,98.614694,97.501302,97.819413,767295.94
2018-08-03,COMB.N0000,97.819413,99.330445,97.501302,99.330445,908.21
2018-08-06,COMB.N0000,99.330445,99.330445,97.819413,97.819413,6793.33
2018-08-07,COMB.N0000,98.614694,98.932806,98.217054,98.217054,370299.64
2018-08-08,COMB.N0000,98.217054,98.614694,98.217054,98.37611,140216.49
2018-08-09,COMB.N0000,98.932806,98.932806,98.535166,98.614694,620884.08
2018-08-10,COMB.N0000,99.330445,99.409973,98.614694,98.614694,14629.06
2018-08-13,COMB.N0000,98.296582,101.239117,98.296582,98.614694,3402.03
2018-08-14,COMB.N0000,99.569029,100.205253,98.614694,98.614694,616476.14
2018-08-15,COMB.N0000,98.614694,99.409973,98.217054,98.217054,119584.23
2018-08-16,COMB.N0000,98.932806,98.932806,97.819413,97.819413,14548.54
2018-08-17,COMB.N0000,98.614694,98.614694,97.819413,97.898941,12800.83
2018-08-20,COMB.N0000,98.614694,98.614694,97.024134,97.421774,220347.26
2018-08-21,COMB.N0000,97.103662,97.103662,96.865078,96.865078,33523.26
2018-08-23,COMB.N0000,97.024134,97.024134,96.149326,96.149326,653346.69
2018-08-24,COMB.N0000,96.228854,96.308382,95.910743,96.228854,43122.81
2018-08-27,COMB.N0000,97.024134,97.024134,96.228854,97.024134,192924.89
2018-08-28,COMB.N0000,96.308382,97.024134,96.228854,96.228854,106732.95
2018-08-29,COMB.N0000,96.228854,98.217054,96.069798,97.819413,230004.78
2018-08-30,COMB.N0000,98.217054,99.330445,98.217054,99.330445,49273.09
2018-08-31,COMB.N0000,99.330445,99.409973,98.614694,99.409973,402973.74
2018-09-03,COMB.N0000,99.409973,99.409973,97.97847,99.012333,70529.07
2018-09-04,COMB.N0000,99.330445,99.330445,98.217054,98.217054,3863.65
2018-09-05,COMB.N0000,98.614694,98.614694,98.217054,98.614694,384690.37
2018-09-06,COMB.N0000,99.012333,99.012333,98.217054,98.37611,3220.6
2018-09-07,COMB.N0000,98.37611,98.614694,98.217054,98.614694,6501.33
2018-09-10,COMB.N0000,98.614694,98.614694,97.819413,97.819413,6091.24
2018-09-11,COMB.N0000,97.819413,98.217054,97.660357,97.819413,275608.53
2018-09-12,COMB.N0000,97.660357,97.819413,96.626494,97.024134,41822.76
2018-09-13,COMB.N0000,96.706022,97.024134,95.672159,95.672159,7529.77
2018-09-14,COMB.N0000,95.831215,95.910743,95.035934,95.354046,186723.09
2018-09-17,COMB.N0000,95.433574,95.433574,95.035934,95.035934,11160.47
2018-09-18,COMB.N0000,95.035934,95.035934,92.650095,93.047735,224486.81
2018-09-19,COMB.N0000,92.650095,94.638295,92.252455,92.650095,540686.75
2018-09-20,COMB.N0000,93.047735,93.047735,91.616232,91.854815,21918.35
2018-09-21,COMB.N0000,91.854815,91.854815,90.661895,91.059536,119675.48
2018-09-25,COMB.N0000,91.139064,91.854815,90.423311,90.423311,150813.35
2018-09-26,COMB.N0000,90.661895,91.059536,90.343783,90.661895,65722.86
2018-09-27,COMB.N0000,91.457176,91.457176,89.787088,89.866616,84786.69
2018-09-28,COMB.N0000,90.582367,90.661895,89.787088,89.866616,38940.32
2018-10-01,COMB.N0000,90.582367,90.582367,89.071336,89.071336,4575.4
2018-10-02,COMB.N0000,89.150864,89.866616,88.276057,89.071336,258429.83
2018-10-03,COMB.N0000,89.071336,89.071336,88.276057,88.673697,103036.77
2018-10-04,COMB.N0000,89.071336,89.866616,89.071336,89.866616,201493.85
2018-10-05,COMB.N0000,89.071336,90.661895,89.071336,89.866616,13450.31
2018-10-08,COMB.N0000,89.866616,90.90048,89.866616,90.661895,65658.45
2018-10-09,COMB.N0000,90.661895,90.661895,89.787088,89.787088,257385.28
2018-10-10,COMB.N0000,90.582367,90.582367,89.150864,89.787088,9164.76
2018-10-11,COMB.N0000,89.787088,89.787088,88.355585,89.468976,32836.2
2018-10-12,COMB.N0000,89.628032,89.628032,88.276057,88.673697,31919.4
2018-10-15,COMB.N0000,89.071336,89.071336,87.480776,88.276057,49703.58
2018-10-16,COMB.N0000,89.628032,89.628032,87.083137,88.276057,58780.31
2018-10-17,COMB.N0000,88.991808,88.991808,87.401248,88.276057,772483.26
2018-10-18,COMB.N0000,88.276057,88.276057,87.480776,87.560304,3207.72
2018-10-19,COMB.N0000,87.878416,87.878416,86.287857,86.287857,55273.07
2018-10-22,COMB.N0000,86.685497,86.685497,86.367385,86.605969,3802.46
2018-10-23,COMB.N0000,86.685497,86.685497,86.049273,86.605969,16775.05
2018-10-25,COMB.N0000,86.685497,86.685497,85.492577,85.492577,181237.32
2018-10-26,COMB.N0000,85.890217,88.276057,85.572105,88.196528,446065.41
2018-10-29,COMB.N0000,88.673697,91.457176,88.673697,90.661895,186552.39
2018-10-30,COMB.N0000,91.457176,91.854815,90.264255,90.582367,232471.76
2018-10-31,COMB.N0000,90.661895,95.433574,90.661895,95.433574,172875.56
2018-11-01,COMB.N0000,93.843015,97.024134,92.650095,97.024134,367190.68
2018-11-02,COMB.N0000,97.819413,99.409973,97.819413,99.409973,541253.58
2018-11-05,COMB.N0000,99.409973,99.728085,98.614694,99.409973,56028.84
2018-11-07,COMB.N0000,99.012333,99.012333,92.650095,93.843015,135939.53
2018-11-08,COMB.N0000,94.638295,94.638295,91.536704,92.650095,137180.54
2018-11-09,COMB.N0000,91.775287,92.650095,91.377648,91.457176,123512.3
2018-11-12,COMB.N0000,92.968207,93.047735,91.059536,92.172927,123269.68
2018-11-13,COMB.N0000,91.536704,92.252455,91.059536,91.457176,400595.86
2018-11-14,COMB.N0000,89.071336,94.399711,89.071336,90.661895,49827.03
2018-11-15,COMB.N0000,91.536704,91.536704,90.661895,91.457176,110944.43
2018-11-16,COMB.N0000,90.741424,91.059536,90.661895,90.661895,133233.15
2018-11-19,COMB.N0000,90.661895,90.661895,89.787088,89.866616,1370771.58
2018-11-21,COMB.N0000,89.866616,89.866616,89.628032,89.70756,767799.43
2018-11-23,COMB.N0000,89.628032,89.866616,89.468976,89.628032,122919.71
2018-11-26,COMB.N0000,91.457176,91.854815,89.866616,89.866616,15696.15
2018-11-27,COMB.N0000,91.457176,92.252455,89.866616,91.854815,209886.74
2018-11-28,COMB.N0000,91.536704,92.252455,91.457176,92.093399,14475.54
2018-11-29,COMB.N0000,92.252455,92.729623,91.695759,92.729623,7227.03
2018-11-30,COMB.N0000,93.047735,93.922543,92.252455,93.843015,47723.98
2018-12-03,COMB.N0000,93.843015,95.433574,93.843015,94.320183,114988.43
2018-12-04,COMB.N0000,95.035934,95.035934,93.047735,93.445375,15010.16
2018-12-06,COMB.N0000,94.956406,94.956406,93.922543,94.002071,9281.78
2018-12-07,COMB.N0000,94.638295,94.638295,93.843015,94.479239,102396.95
2018-12-10,COMB.N0000,94.240655,94.240655,93.047735,93.683959,162104.79
2018-12-11,COMB.N0000,93.206791,93.445375,92.252455,92.331983,1586613.21
2018-12-12,COMB.N0000,94.240655,94.240655,92.252455,92.331983,66140.46
2018-12-13,COMB.N0000,93.843015,93.843015,92.172927,92.252455,1910357.95
2018-12-14,COMB.N0000,92.252455,93.047735,91.536704,93.047735,27657.47
2018-12-17,COMB.N0000,93.206791,93.206791,91.854815,92.252455,45635.95
2018-12-18,COMB.N0000,92.252455,92.252455,91.934343,92.172927,50858.7
2018-12-19,COMB.N0000,91.854815,91.934343,91.457176,91.457176,92811.36
2018-12-20,COMB.N0000,91.854815,92.252455,91.616232,92.252455,2657
2018-12-21,COMB.N0000,92.252455,92.252455,91.616232,91.854815,33293.53
2018-12-24,COMB.N0000,91.536704,91.536704,91.377648,91.457176,7906.58
2018-12-26,COMB.N0000,91.457176,92.172927,91.457176,91.457176,14976.88
2018-12-27,COMB.N0000,91.457176,91.854815,91.457176,91.854815,115712
2018-12-28,COMB.N0000,91.457176,91.775287,91.29812,91.457176,468749.2
2018-12-31,COMB.N0000,91.457176,91.457176,91.059536,91.218592,22887.76
2019-01-02,COMB.N0000,92.172927,92.172927,91.457176,91.854815,6145.99
2019-01-03,COMB.N0000,91.457176,91.854815,91.377648,91.854815,82355.13
2019-01-04,COMB.N0000,91.457176,91.457176,90.661895,91.457176,54149.08
2019-01-07,COMB.N0000,91.059536,91.457176,91.059536,91.457176,7998.91
2019-01-08,COMB.N0000,91.457176,91.457176,90.582367,90.661895,201506.73
2019-01-09,COMB.N0000,90.661895,91.377648,89.866616,90.025672,939822.6
2019-01-10,COMB.N0000,90.661895,90.661895,90.661895,90.661895,34126.59
2019-01-11,COMB.N0000,90.661895,91.457176,90.582367,91.457176,1527209.18
2019-01-14,COMB.N0000,91.457176,91.457176,90.661895,90.661895,320110.83
2019-01-16,COMB.N0000,90.820952,91.457176,90.820952,91.457176,192791.78
2019-01-17,COMB.N0000,91.536704,91.536704,91.139064,91.139064,15468.56
2019-01-18,COMB.N0000,91.29812,91.457176,91.059536,91.059536,259345.55
2019-01-21,COMB.N0000,90.90048,91.457176,90.582367,90.661895,720935.35
2019-01-22,COMB.N0000,90.661895,90.661895,90.423311,90.502839,2093.39
2019-01-23,COMB.N0000,90.582367,90.582367,89.866616,89.866616,287446.39
2019-01-24,COMB.N0000,89.866616,90.502839,89.866616,89.866616,13801.36
2019-01-25,COMB.N0000,90.582367,90.582367,89.946144,90.264255,51817.37
2019-01-28,COMB.N0000,90.661895,91.457176,90.264255,91.457176,45654.2
2019-01-29,COMB.N0000,91.457176,91.457176,90.661895,91.457176,45050.88
2019-01-30,COMB.N0000,91.457176,91.457176,90.661895,90.661895,158365.67
2019-01-31,COMB.N0000,91.377648,91.377648,90.661895,90.661895,262463.09
2019-02-01,COMB.N0000,90.661895,91.29812,90.582367,90.661895,37487.83
2019-02-05,COMB.N0000,90.661895,91.059536,90.582367,90.661895,71191.44
2019-02-06,COMB.N0000,89.866616,89.866616,89.071336,89.389448,99651.92
2019-02-07,COMB.N0000,89.389448,89.389448,88.753224,88.753224,82062.05
2019-02-08,COMB.N0000,88.673697,88.673697,88.514641,88.673697,148626.56
2019-02-11,COMB.N0000,88.673697,88.991808,88.514641,88.514641,271185.56
2019-02-12,COMB.N0000,88.514641,88.673697,88.276057,88.435113,15813.16
2019-02-13,COMB.N0000,88.435113,88.435113,88.196528,88.276057,3500.8
2019-02-14,COMB.N0000,88.673697,88.673697,88.196528,88.276057,3543.74
2019-02-15,COMB.N0000,88.276057,88.276057,87.162665,87.480776,31734.75
2019-02-18,COMB.N0000,87.480776,87.480776,86.924081,87.083137,7287.15
2019-02-20,COMB.N0000,87.083137,87.083137,85.890217,85.890217,33747.63
2019-02-21,COMB.N0000,85.969745,85.969745,84.299658,84.697297,422865.26
2019-02-22,COMB.N0000,85.094937,85.890217,84.697297,85.890217,13913.01
2019-02-25,COMB.N0000,85.731161,85.731161,83.504378,85.094937,144195.01
2019-02-26,COMB.N0000,85.253993,85.890217,84.697297,85.890217,15274.25
2019-02-27,COMB.N0000,85.810689,85.890217,84.697297,84.697297,12884.56
2019-02-28,COMB.N0000,85.094937,85.094937,83.504378,83.902018,438262.97
2019-03-01,COMB.N0000,84.299658,84.299658,81.675234,81.913818,72787.79
2019-03-05,COMB.N0000,82.311458,82.311458,81.754762,81.913818,77526.37
2019-03-06,COMB.N0000,82.311458,82.390986,81.754762,81.913818,55423.37
2019-03-08,COMB.N0000,82.470514,82.470514,80.720898,81.118539,705153.32
2019-03-11,COMB.N0000,81.277595,81.277595,79.130339,80.24373,204108.98
2019-03-12,COMB.N0000,79.130339,79.607507,79.130339,79.527979,18573.22
2019-03-13,COMB.N0000,79.527979,79.527979,77.142139,77.142139,311976.66
2019-03-14,COMB.N0000,77.142139,79.527979,77.142139,78.176006,109429.67
2019-03-15,COMB.N0000,78.335059,79.527979,78.335059,78.732699,259840.45
2019-03-18,COMB.N0000,78.732699,79.527979,78.732699,79.448453,936033.03
2019-03-19,COMB.N0000,79.925619,79.925619,78.176006,78.732699,170073.64
2019-03-21,COMB.N0000,78.732699,78.732699,78.335059,78.732699,46442.18
2019-03-22,COMB.N0000,79.527979,79.527979,77.937419,78.414586,17396.63
2019-03-25,COMB.N0000,79.527979,79.527979,77.937419,78.732699,270321.37
2019-03-26,COMB.N0000,77.937419,78.732699,77.937419,78.732699,4409.01
2019-03-27,COMB.N0000,78.732699,78.732699,78.335059,78.494113,215912.49
2019-03-28,COMB.N0000,78.494113,79.368925,78.096473,79.368925,231401.45
2019-03-29,COMB.N0000,80.001848,80.809948,79.597799,80.001848,34782.52
2019-04-01,COMB.N0000,83.234246,83.234246,80.001848,80.001848,1087.49
2019-04-02,COMB.N0000,82.345337,83.234246,80.405898,81.698857,3254.96
2019-04-03,COMB.N0000,83.234246,83.234246,80.809948,80.809948,512697.56
2019-04-04,COMB.N0000,82.426146,82.426146,80.082657,80.64833,253136.23
2019-04-05,COMB.N0000,80.809948,80.809948,80.567516,80.809948,2939.34
2019-04-08,COMB.N0000,80.729139,80.729139,80.405898,80.64833,3524.41
2019-04-09,COMB.N0000,80.64833,80.64833,79.597799,79.597799,46025.65
2019-04-10,COMB.N0000,80.001848,80.001848,79.51699,79.51699,182049.99
2019-04-11,COMB.N0000,80.001848,80.001848,79.193749,79.193749,25923.71
2019-04-16,COMB.N0000,79.193749,79.193749,77.658358,78.385649,43780.89
2019-04-17,COMB.N0000,78.385649,78.385649,78.062408,78.385649,7847.54
2019-04-18,COMB.N0000,78.385649,78.385649,77.335118,77.496742,21764.84
2019-04-23,COMB.N0000,76.76945,76.76945,72.728953,75.153251,57491
2019-04-24,COMB.N0000,75.153251,75.880542,74.83001,75.153251,24138.42
2019-04-25,COMB.N0000,75.961351,75.961351,74.991634,74.991634,1441683.9
2019-04-26,COMB.N0000,74.91082,75.072443,74.264344,74.264344,41737.95
2019-04-29,COMB.N0000,74.345152,74.345152,73.213811,73.213811,305094.23
2019-04-30,COMB.N0000,74.345152,74.991634,73.29462,74.10272,298136.65
2019-05-02,COMB.N0000,74.10272,75.153251,73.941102,73.941102,20666.61
2019-05-03,COMB.N0000,75.153251,75.153251,74.345152,75.072443,124457.01
2019-05-06,COMB.N0000,75.072443,75.072443,73.537053,73.537053,168989.37
2019-05-07,COMB.N0000,73.537053,74.668393,73.537053,73.779485,29739.05
2019-05-08,COMB.N0000,73.537053,73.537053,73.133002,73.537053,20255.45
2019-05-09,COMB.N0000,74.345152,74.345152,72.648144,73.537053,566776.86
2019-05-10,COMB.N0000,74.345152,74.345152,72.648144,72.728953,224296.79
2019-05-13,COMB.N0000,72.728953,74.668393,72.648144,73.456244,15013.38
2019-05-14,COMB.N0000,72.728953,72.809761,72.163286,72.728953,740508.03
2019-05-15,COMB.N0000,72.648144,72.728953,71.840046,72.324903,35454.55
2019-05-16,COMB.N0000,72.244095,72.244095,71.678421,71.678421,20222.17
2019-05-17,COMB.N0000,72.324903,72.324903,71.597612,71.920853,63472.73
2019-05-21,COMB.N0000,72.728953,72.728953,72.001662,72.728953,151858.98
2019-05-22,COMB.N0000,72.728953,73.537053,72.728953,73.133002,72520.48
2019-05-23,COMB.N0000,73.133002,73.133002,72.728953,73.052195,33131.42
2019-05-24,COMB.N0000,73.133002,73.537053,72.728953,72.728953,17091.74
2019-05-27,COMB.N0000,73.537053,73.537053,73.133002,73.213811,86125.38
2019-05-28,COMB.N0000,73.213811,74.345152,73.213811,74.345152,3317.22
2019-05-29,COMB.N0000,75.961351,79.193749,74.345152,77.900791,9446.03
2019-05-30,COMB.N0000,74.749202,74.749202,74.587584,74.668393,321407.66
2019-05-31,COMB.N0000,74.749202,74.749202,73.617861,73.617861,4437.99
2019-06-03,COMB.N0000,74.183534,74.183534,73.133002,73.133002,13729.43
2019-06-04,COMB.N0000,73.133002,73.537053,72.728953,72.728953,255157.69
2019-06-06,COMB.N0000,72.324903,73.537053,72.324903,72.728953,159267.44
2019-06-07,COMB.N0000,73.537053,73.941102,72.809761,73.941102,6739.65
2019-06-10,COMB.N0000,73.698669,75.153251,73.537053,75.153251,4984.42
2019-06-11,COMB.N0000,74.749202,75.880542,74.42596,75.880542,8003.2
2019-06-12,COMB.N0000,76.122969,76.607832,75.880542,76.284592,9554.46
2019-06-13,COMB.N0000,76.688642,76.688642,75.153251,75.153251,25747.65
2019-06-14,COMB.N0000,75.153251,75.961351,75.153251,75.557301,9540.5
2019-06-17,COMB.N0000,76.607832,76.607832,75.153251,75.557301,26060.05
2019-06-18,COMB.N0000,76.607832,76.607832,75.557301,76.365401,1982571.4
2019-06-19,COMB.N0000,76.365401,76.365401,75.557301,75.557301,73819.46
2019-06-20,COMB.N0000,75.718918,75.961351,75.476493,75.557301,48952.1
2019-06-21,COMB.N0000,75.557301,75.880542,74.749202,74.991634,14902.81
2019-06-24,COMB.N0000,74.991634,74.991634,73.698669,74.345152,31000.46
2019-06-25,COMB.N0000,74.345152,74.345152,73.860293,73.860293,6455.16
2019-06-26,COMB.N0000,74.749202,74.749202,73.860293,74.345152,12531.37
2019-06-27,COMB.N0000,74.587584,75.153251,74.345152,74.345152,28140.56
2019-06-28,COMB.N0000,75.153251,75.153251,74.183534,74.345152,961001.29
2019-07-01,COMB.N0000,75.153251,75.961351,74.749202,75.961351,122280.95
2019-07-02,COMB.N0000,75.153251,77.981599,75.153251,75.961351,23582.33
2019-07-03,COMB.N0000,75.961351,76.607832,75.314869,75.961351,10415.43
2019-07-04,COMB.N0000,76.607832,77.981599,76.365401,77.981599,13100.34
2019-07-05,COMB.N0000,78.224032,79.032132,76.76945,79.032132,29177.6
2019-07-08,COMB.N0000,78.385649,78.547267,76.931067,76.931067,94096.38
2019-07-09,COMB.N0000,77.1735,77.1735,76.203783,76.365401,355736.07
2019-07-10,COMB.N0000,76.76945,76.76945,75.153251,75.961351,258290.27
2019-07-11,COMB.N0000,76.607832,76.607832,75.072443,75.153251,64534.46
2019-07-12,COMB.N0000,76.607832,77.496742,75.153251,75.961351,3889.42
2019-07-15,COMB.N0000,76.042159,76.931067,75.961351,75.961351,80969.2
2019-07-17,COMB.N0000,76.931067,79.032132,76.122969,78.385649,393500.87
2019-07-18,COMB.N0000,78.789699,80.001848,78.385649,80.001848,63172.14
2019-07-19,COMB.N0000,80.001848,82.830197,80.001848,82.264527,40718.09
2019-07-22,COMB.N0000,82.426146,82.426146,80.809948,81.213997,333236.93
2019-07-23,COMB.N0000,81.213997,82.345337,80.809948,82.345337,61506.02
2019-07-24,COMB.N0000,82.426146,84.203965,82.022097,84.123156,89737.83
2019-07-25,COMB.N0000,84.446395,89.699042,84.203965,88.082843,290610.1
2019-07-26,COMB.N0000,88.486893,88.486893,87.921223,88.406082,551861.17
2019-07-29,COMB.N0000,88.486893,92.123341,88.486893,91.315241,488392.74
2019-07-30,COMB.N0000,91.476861,92.93144,88.486893,89.294992,417331.19
2019-07-31,COMB.N0000,88.890942,90.507141,88.082843,88.082843,409880.86
2019-08-01,COMB.N0000,89.699042,89.699042,85.254495,85.658544,60971.39
2019-08-02,COMB.N0000,86.466644,86.466644,81.698857,84.850445,542119.92
2019-08-05,COMB.N0000,85.658544,87.274744,84.850445,85.012065,8612.97
2019-08-06,COMB.N0000,84.850445,84.850445,83.557486,84.042346,10320.96
2019-08-07,COMB.N0000,84.042346,86.466644,83.719106,86.385834,17433.13
2019-08-08,COMB.N0000,86.466644,86.466644,84.850445,84.931255,64689.04
2019-08-09,COMB.N0000,84.850445,90.911191,84.850445,86.547454,332090.4
2019-08-13,COMB.N0000,90.507141,90.507141,86.547454,87.274744,154271.21
2019-08-15,COMB.N0000,87.274744,87.678793,85.335305,85.335305,745338.94
2019-08-16,COMB.N0000,86.466644,87.274744,85.416114,86.466644,16185.68
2019-08-19,COMB.N0000,86.143404,86.143404,84.850445,85.658544,41786.26
2019-08-20,COMB.N0000,85.092875,87.193933,85.092875,86.305024,500538.71
2019-08-21,COMB.N0000,86.789884,87.921223,86.305024,86.466644,161003.34
2019-08-22,COMB.N0000,86.143404,86.466644,84.931255,84.931255,53700.35
2019-08-23,COMB.N0000,85.658544,86.466644,85.012065,85.658544,43082.02
2019-08-26,COMB.N0000,86.466644,87.193933,85.012065,85.658544,51234.44
2019-08-27,COMB.N0000,85.254495,86.870694,85.254495,86.062595,207534.63
2019-08-28,COMB.N0000,86.466644,86.547454,86.062595,86.466644,12096.59
2019-08-29,COMB.N0000,87.678793,87.678793,86.466644,87.274744,22517.39
2019-08-30,COMB.N0000,87.436363,88.002033,86.951504,87.032314,219062.24
2019-09-02,COMB.N0000,87.274744,87.274744,86.870694,86.870694,10360.68
2019-09-03,COMB.N0000,86.951504,87.274744,86.062595,86.466644,103827.97
2019-09-04,COMB.N0000,86.466644,86.466644,86.062595,86.062595,5422.42
2019-09-05,COMB.N0000,86.062595,86.385834,85.577735,85.658544,275744.86
2019-09-06,COMB.N0000,85.012065,85.012065,83.234246,84.042346,243438.99
2019-09-09,COMB.N0000,83.799916,83.961535,82.587767,83.153436,61057.28
2019-09-10,COMB.N0000,83.153436,83.153436,82.426146,83.072627,79224.7
2019-09-11,COMB.N0000,83.153436,83.234246,82.830197,82.830197,52294.02
2019-09-12,COMB.N0000,84.850445,84.850445,83.234246,83.638295,7607.07
2019-09-16,COMB.N0000,84.123156,84.123156,83.234246,83.234246,25217.33
2019-09-17,COMB.N0000,83.234246,83.234246,82.345337,82.426146,44557.05
2019-09-18,COMB.N0000,82.426146,82.830197,82.264527,82.426146,11137.92
2019-09-19,COMB.N0000,82.426146,82.426146,80.64833,80.729139,553199.87
2019-09-20,COMB.N0000,80.64833,82.345337,80.567516,80.729139,219097.67
2019-09-23,COMB.N0000,80.809948,80.809948,80.244281,80.244281,5515.82
2019-09-24,COMB.N0000,80.082657,80.405898,79.193749,79.597799,14136.3
2019-09-25,COMB.N0000,79.355366,80.809948,79.193749,79.193749,12469.1
2019-09-26,COMB.N0000,79.193749,80.001848,79.11294,80.001848,57468.45
2019-09-27,COMB.N0000,80.809948,84.042346,79.597799,80.809948,76107.16
2019-09-30,COMB.N0000,80.809948,80.809948,79.193749,80.001848,4580.77
2019-10-01,COMB.N0000,79.597799,79.597799,79.11294,79.193749,88319.69
2019-10-02,COMB.N0000,80.809948,80.809948,79.11294,79.193749,6205.03
2019-10-03,COMB.N0000,79.193749,80.729139,78.789699,80.567516,27309.65
2019-10-07,COMB.N0000,80.890757,80.890757,79.597799,80.001848,193361.82
2019-10-08,COMB.N0000,80.809948,80.809948,80.001848,80.729139,16338.12
2019-10-09,COMB.N0000,80.809948,81.618048,79.92104,80.001848,2429512.82
2019-10-10,COMB.N0000,80.809948,80.809948,79.92104,80.809948,2087895.88
2019-10-11,COMB.N0000,80.809948,80.809948,79.84023,80.001848,434472.32
2019-10-14,COMB.N0000,80.809948,80.809948,79.92104,80.001848,973677.59
2019-10-15,COMB.N0000,80.809948,80.809948,79.032132,79.193749,521615.41
2019-10-16,COMB.N0000,80.001848,80.001848,79.032132,79.193749,202554.5
2019-10-17,COMB.N0000,79.51699,80.001848,76.76945,79.597799,440246.86
2019-10-18,COMB.N0000,79.597799,80.001848,79.597799,80.001848,150975.46
2019-10-21,COMB.N0000,80.405898,80.405898,79.84023,80.001848,175855.69
2019-10-22,COMB.N0000,80.809948,80.809948,79.84023,80.001848,378220.18
2019-10-23,COMB.N0000,80.729139,80.729139,79.84023,79.84023,52897.34
2019-10-24,COMB.N0000,80.001848,80.001848,79.193749,79.274557,179131.05
2019-10-25,COMB.N0000,80.001848,80.001848,79.436181,79.597799,71803.36
2019-10-28,COMB.N0000,80.001848,80.001848,79.032132,79.193749,216640.35
2019-10-29,COMB.N0000,79.193749,79.193749,79.032132,79.11294,52798.58
2019-10-30,COMB.N0000,78.385649,78.385649,77.57755,78.385649,81422.23
2019-10-31,COMB.N0000,78.385649,78.385649,78.143217,78.385649,515491.97
2019-11-01,COMB.N0000,78.385649,80.001848,78.304841,79.193749,2563501.74
2019-11-04,COMB.N0000,80.001848,80.001848,79.759416,79.759416,321249.85
2019-11-05,COMB.N0000,80.001848,80.001848,79.032132,79.11294,125266.45
2019-11-06,COMB.N0000,79.193749,80.001848,78.789699,79.11294,62923.08
2019-11-07,COMB.N0000,79.193749,79.193749,78.385649,78.385649,22984.37
2019-11-08,COMB.N0000,79.032132,80.001848,78.870508,80.001848,32166.32
2019-11-13,COMB.N0000,80.001848,80.729139,79.597799,79.759416,931586.45
2019-11-14,COMB.N0000,80.001848,80.64833,79.597799,80.001848,190090.76
2019-11-15,COMB.N0000,80.001848,80.082657,79.678606,80.001848,1198170.84
2019-11-18,COMB.N0000,80.890757,83.072627,80.890757,82.426146,3310678.57
2019-11-19,COMB.N0000,83.072627,84.042346,83.072627,83.638295,1593524.63
2019-11-20,COMB.N0000,83.638295,83.638295,81.618048,82.830197,579228.79
2019-11-21,COMB.N0000,82.587767,83.234246,81.779667,82.022097,703617.09
2019-11-22,COMB.N0000,83.234246,83.234246,81.779667,81.941287,144363.56
2019-11-25,COMB.N0000,82.426146,82.426146,81.294808,81.618048,44879.11
2019-11-26,COMB.N0000,81.456427,81.779667,80.890757,81.133187,129346.96
2019-11-27,COMB.N0000,80.890757,81.213997,80.405898,80.809948,37389.06
2019-11-28,COMB.N0000,82.426146,82.830197,81.213997,81.618048,3349895.86
2019-11-29,COMB.N0000,82.345337,82.426146,80.567516,80.567516,839734.83
2019-12-02,COMB.N0000,80.890757,80.890757,79.193749,80.001848,274113.09
2019-12-03,COMB.N0000,80.001848,80.405898,79.92104,80.001848,486333.7
2019-12-04,COMB.N0000,80.405898,80.405898,79.193749,79.193749,780374.81
2019-12-05,COMB.N0000,79.597799,79.597799,79.032132,79.11294,245664.43
2019-12-06,COMB.N0000,79.11294,79.193749,79.032132,79.193749,222753.05
2019-12-09,COMB.N0000,79.193749,79.193749,77.981599,78.385649,321834.92
2019-12-10,COMB.N0000,78.385649,78.789699,78.143217,78.547267,43720.77
2019-12-12,COMB.N0000,79.11294,79.11294,77.658358,77.658358,1678649.48
2019-12-13,COMB.N0000,77.981599,79.11294,77.981599,77.981599,426464.82
2019-12-16,COMB.N0000,79.032132,79.032132,77.819982,77.981599,253462.58
2019-12-17,COMB.N0000,77.981599,78.789699,77.900791,78.385649,265958.52
2019-12-18,COMB.N0000,78.789699,78.789699,78.143217,78.385649,45322.48
2019-12-19,COMB.N0000,78.385649,79.193749,78.304841,78.304841,26992.95
2019-12-20,COMB.N0000,78.789699,78.789699,77.981599,77.981599,41397.64
2019-12-23,COMB.N0000,78.304841,78.304841,77.496742,77.57755,75814.08
2019-12-24,COMB.N0000,77.658358,77.981599,77.496742,77.981599,258182.91
2019-12-26,COMB.N0000,77.981599,79.678606,77.981599,78.224032,9586.66
2019-12-27,COMB.N0000,78.385649,79.597799,78.304841,78.385649,64223.13
2019-12-30,COMB.N0000,78.789699,78.789699,77.415932,77.415932,345396.86
2019-12-31,COMB.N0000,78.385649,78.385649,76.527018,76.76945,166790.77
2020-01-02,COMB.N0000,77.57755,77.57755,76.527018,76.850259,262720.74
2020-01-03,COMB.N0000,76.850259,76.850259,76.607832,76.76945,141574.52
2020-01-06,COMB.N0000,76.76945,76.76945,75.961351,75.961351,65232.25
2020-01-07,COMB.N0000,76.365401,76.365401,75.718918,75.961351,11514.73
2020-01-08,COMB.N0000,75.961351,75.961351,74.345152,74.42596,82256.36
2020-01-09,COMB.N0000,74.345152,75.961351,74.345152,74.991634,140224.01
2020-01-13,COMB.N0000,74.83001,75.880542,73.133002,73.133002,237514.15
2020-01-14,COMB.N0000,75.072443,75.072443,73.456244,74.10272,30457.25
2020-01-16,COMB.N0000,74.345152,74.345152,73.941102,74.183534,23510.41
2020-01-17,COMB.N0000,74.345152,74.345152,71.920853,72.648144,353069.41
2020-01-20,COMB.N0000,73.537053,73.537053,72.324903,72.728953,160185.31
2020-01-21,COMB.N0000,72.890571,75.153251,72.728953,74.345152,581179.4
2020-01-22,COMB.N0000,75.072443,75.557301,74.345152,74.345152,4742283.06
2020-01-23,COMB.N0000,75.153251,75.799734,75.072443,75.63811,158251.88
2020-01-24,COMB.N0000,75.799734,76.284592,74.345152,75.476493,1959220.95
2020-01-27,COMB.N0000,75.961351,75.961351,74.91082,74.91082,95501.63
2020-01-28,COMB.N0000,74.749202,75.153251,74.587584,75.153251,191201.87
2020-01-29,COMB.N0000,74.749202,75.153251,74.345152,74.345152,4659264.48
2020-01-30,COMB.N0000,74.749202,74.91082,74.264344,74.345152,1583240.17
2020-01-31,COMB.N0000,74.264344,75.153251,74.183534,74.345152,937279.4
2020-02-03,COMB.N0000,75.153251,76.76945,74.42596,75.153251,301523.65
2020-02-05,COMB.N0000,75.153251,75.153251,75.072443,75.153251,76390.57
2020-02-06,COMB.N0000,76.607832,76.607832,74.345152,74.506769,797559.95
2020-02-07,COMB.N0000,75.153251,75.153251,74.345152,74.506769,1138695.95
2020-02-10,COMB.N0000,75.961351,75.961351,74.749202,74.749202,851300.02
2020-02-11,COMB.N0000,75.153251,75.153251,74.264344,74.345152,2824569.24
2020-02-12,COMB.N0000,72.648144,72.648144,71.678421,71.840046,203367.16
2020-02-13,COMB.N0000,71.920853,71.920853,70.304655,70.304655,214653.23
2020-02-14,COMB.N0000,70.708704,71.112754,68.365214,69.092506,1111808.2
2020-02-17,COMB.N0000,69.496555,69.900604,69.011697,69.092506,412083.75
2020-02-18,COMB.N0000,70.547087,71.516804,69.254123,71.193562,149630.32
2020-02-19,COMB.N0000,71.435995,73.537053,71.112754,72.405712,93751.77
2020-02-20,COMB.N0000,71.920853,73.941102,71.920853,72.728953,1463279.12
2020-02-24,COMB.N0000,72.728953,73.537053,72.324903,72.567336,234031.61
2020-02-25,COMB.N0000,72.728953,72.728953,71.112754,71.920853,66334.77
2020-02-26,COMB.N0000,71.920853,71.920853,70.223846,70.708704,148372.14
2020-02-27,COMB.N0000,71.112754,71.516804,70.385463,70.385463,66309.01
2020-02-28,COMB.N0000,70.304655,70.304655,68.930888,69.496555,1685467.5
2020-03-02,COMB.N0000,69.496555,71.678421,68.688455,69.496555,160749.99
2020-03-03,COMB.N0000,69.496555,71.435995,69.011697,69.092506,244918.32
2020-03-04,COMB.N0000,69.900604,69.900604,68.203597,68.284406,159171.89
2020-03-05,COMB.N0000,68.284406,68.284406,65.052008,65.456057,2355179.14
2020-03-06,COMB.N0000,65.536866,65.536866,64.001476,64.809576,1866961.39
2020-03-10,COMB.N0000,63.839859,63.839859,61.011511,63.031759,739889.67
2020-03-11,COMB.N0000,62.870141,64.56715,62.62771,63.435809,406046.19
2020-03-12,COMB.N0000,62.789327,62.789327,59.799361,60.607461,1079288.7
2020-03-13,COMB.N0000,59.799361,59.799361,56.566964,58.183162,1364188.66
2020-03-19,COMB.N0000,54.142665,54.142665,48.162727,49.698118,1721466.33
2020-05-12,COMB.N0000,43.637371,46.06167,43.637371,45.576813,1327109.85
2020-05-13,COMB.N0000,46.06167,47.677869,44.445471,45.738429,3532775.69
2020-05-14,COMB.N0000,46.06167,47.273819,40.404973,41.455502,72328751.63
2020-05-15,COMB.N0000,42.021173,44.445471,40.889832,44.364662,2389267.09
2020-05-18,COMB.N0000,45.09195,46.142479,45.09195,45.253571,3856556.93
2020-05-19,COMB.N0000,46.06167,47.677869,45.980862,47.597061,6233991.52
2020-05-20,COMB.N0000,47.677869,51.718366,47.677869,51.718366,4251102.35
2020-05-21,COMB.N0000,52.526466,57.779113,52.526466,57.294255,7252465.56
2020-05-22,COMB.N0000,57.375063,58.102354,53.738615,54.950764,5488586.03
2020-05-26,COMB.N0000,55.758864,55.758864,51.637558,51.718366,3329353.78
2020-05-27,COMB.N0000,51.718366,52.607275,48.890018,51.879984,1352451.71
2020-05-28,COMB.N0000,51.718366,52.526466,51.718366,52.364848,1883918.95
2020-05-29,COMB.N0000,52.284034,52.284034,50.182976,50.910267,1806618.02
2020-06-01,COMB.N0000,50.991075,50.991075,49.21326,49.698118,1168039.94
2020-06-02,COMB.N0000,50.910267,50.910267,50.102168,50.102168,551957.79
2020-06-03,COMB.N0000,50.506217,51.718366,50.506217,50.910267,1188350.14
2020-06-04,COMB.N0000,50.910267,50.991075,50.506217,50.910267,125786.04
2020-06-08,COMB.N0000,51.314317,51.718366,51.233508,51.395126,2721331.72
2020-06-09,COMB.N0000,51.718366,54.061857,51.718366,53.253757,4704213.37
2020-06-10,COMB.N0000,53.496183,54.061857,52.526466,52.849707,3514127.32
2020-06-11,COMB.N0000,53.738615,54.869956,53.576998,54.385097,3140466.45
2020-06-12,COMB.N0000,54.304282,56.162913,53.819424,55.839672,2098490.59
2020-06-15,COMB.N0000,55.839672,56.566964,54.789147,54.869956,590762.84
2020-06-16,COMB.N0000,55.597246,55.839672,54.950764,55.597246,515397.5
2020-06-17,COMB.N0000,55.758864,56.971013,55.758864,56.486155,4259169.96
2020-06-18,COMB.N0000,56.566964,57.375063,56.243722,56.405346,5169353.35
2020-06-19,COMB.N0000,56.405346,57.698304,56.405346,57.375063,3533642.03
2020-06-22,COMB.N0000,57.375063,60.284219,57.375063,60.122602,2587476.99
2020-06-23,COMB.N0000,60.445843,62.142851,60.284219,61.173128,2767430.37
2020-06-24,COMB.N0000,61.41556,61.81961,60.607461,61.41556,2303519.59
2020-06-25,COMB.N0000,61.738802,62.62771,61.738802,61.900419,2749369.22
2020-06-26,COMB.N0000,63.265673,63.927277,62.52137,63.679174,3478636.27
2020-06-29,COMB.N0000,63.761873,64.175375,63.265673,63.679174,1705056.28
2020-06-30,COMB.N0000,66.077483,66.077483,64.340779,65.25048,5776768.86
2020-07-01,COMB.N0000,65.333179,65.415878,64.423478,64.75428,1000654.44
2020-07-02,COMB.N0000,64.506177,64.506177,62.852173,64.092676,1438203.5
2020-07-03,COMB.N0000,64.423478,64.423478,62.934871,63.265673,2313781.5
2020-07-06,COMB.N0000,63.265673,63.265673,61.611669,63.01757,1267202.33
2020-07-07,COMB.N0000,63.265673,63.927277,63.01757,63.100276,720758.22
2020-07-08,COMB.N0000,63.265673,63.679174,63.100276,63.431072,1099844.74
2020-07-09,COMB.N0000,63.348372,64.092676,63.265673,63.761873,1151814.54
2020-07-10,COMB.N0000,62.852173,62.852173,58.717161,61.198168,3535296.35
2020-07-13,COMB.N0000,57.890159,60.453864,54.58215,58.634462,2037761.81
2020-07-14,COMB.N0000,57.890159,60.701968,57.890159,60.371165,5372229.91
2020-07-15,COMB.N0000,60.371165,60.784667,58.717161,60.123063,674000.42
2020-07-16,COMB.N0000,60.371165,61.611669,60.371165,61.198168,458967.15
2020-07-17,COMB.N0000,61.198168,62.02517,61.115469,61.198168,2614754.43
2020-07-20,COMB.N0000,61.859772,62.355973,61.859772,62.02517,1048028.44
2020-07-21,COMB.N0000,62.02517,62.02517,61.363566,61.859772,379874.5
2020-07-22,COMB.N0000,61.859772,62.02517,61.446271,61.611669,187120.29
2020-07-23,COMB.N0000,61.694367,61.777067,61.446271,61.611669,347780.11
2020-07-24,COMB.N0000,61.694367,62.02517,61.363566,61.528971,336063.55
2020-07-27,COMB.N0000,62.02517,62.02517,61.611669,61.942471,1752347.62
2020-07-28,COMB.N0000,62.02517,62.02517,61.03277,61.198168,1373515.53
2020-07-29,COMB.N0000,61.198168,61.198168,60.701968,60.784667,414388.63
2020-07-30,COMB.N0000,60.784667,60.784667,59.544164,60.619268,1430402.13
2020-07-31,COMB.N0000,60.784667,62.107869,60.371165,62.107869,515089.39
2020-08-04,COMB.N0000,62.852173,63.679174,62.852173,63.513777,582534.2
2020-08-06,COMB.N0000,63.513777,64.175375,63.100276,64.175375,1646421.97
2020-08-07,COMB.N0000,64.919678,65.333179,63.100276,63.679174,3363654.28
2020-08-10,COMB.N0000,64.009977,64.009977,62.686774,63.265673,2669008.72
2020-08-11,COMB.N0000,63.01757,64.258073,62.852173,64.258073,3950740.27
2020-08-12,COMB.N0000,64.506177,67.152582,64.506177,66.987184,4351561.57
2020-08-13,COMB.N0000,67.400685,69.385492,66.821786,68.971991,4405223.27
2020-08-14,COMB.N0000,69.468191,69.468191,68.144989,68.227687,2091637.15
2020-08-17,COMB.N0000,68.227687,68.558489,66.821786,67.814186,3480146.73
2020-08-18,COMB.N0000,68.227687,68.641188,67.814186,68.227687,5675929.61
2020-08-19,COMB.N0000,68.227687,69.054689,67.814186,68.310385,647377.83
2020-08-20,COMB.N0000,68.641188,69.054689,67.979584,68.723887,2343389.59
2020-08-21,COMB.N0000,68.641188,68.971991,68.47579,68.806587,545322.27
2020-08-24,COMB.N0000,68.723887,70.295193,68.641188,68.889292,844195.36
2020-08-25,COMB.N0000,69.137388,69.137388,67.648788,67.648788,1089710.57
2020-08-26,COMB.N0000,68.227687,68.227687,67.152582,67.566082,390923.31
2020-08-27,COMB.N0000,67.979584,67.979584,66.077483,66.490984,7876065.68
2020-08-28,COMB.N0000,66.24288,67.814186,66.24288,67.400685,770363.03
2020-08-31,COMB.N0000,67.731487,67.731487,66.821786,66.821786,832862.06
2020-09-02,COMB.N0000,66.987184,66.987184,65.912078,66.160182,1103890.89
2020-09-03,COMB.N0000,66.160182,66.160182,65.74668,65.74668,365965.78
2020-09-04,COMB.N0000,65.829379,65.829379,64.83698,64.919678,774851.47
2020-09-07,COMB.N0000,65.002376,65.25048,63.844573,64.423478,475856
2020-09-08,COMB.N0000,64.092676,64.506177,63.761873,64.423478,334299.73
2020-09-09,COMB.N0000,65.333179,67.400685,65.25048,65.25048,647041.82
2020-09-10,COMB.N0000,66.077483,66.160182,65.333179,65.663982,1722111.52
2020-09-11,COMB.N0000,65.333179,66.160182,65.333179,66.160182,281918.76
2020-09-14,COMB.N0000,66.160182,66.573682,65.415878,65.581282,986580.4
2020-09-15,COMB.N0000,65.74668,65.74668,64.83698,65.333179,1386157.47
2020-09-16,COMB.N0000,65.333179,66.656381,64.919678,65.25048,868415.38
2020-09-17,COMB.N0000,65.415878,68.558489,65.333179,67.814186,2613688.41
2020-09-18,COMB.N0000,68.558489,69.302792,68.310385,68.47579,2849957.26
2020-09-21,COMB.N0000,69.054689,69.054689,67.400685,67.814186,1153006.17
2020-09-22,COMB.N0000,68.641188,68.641188,66.160182,66.987184,915817.3
2020-09-23,COMB.N0000,67.400685,67.814186,66.573682,66.904485,429369.81
2020-09-24,COMB.N0000,66.987184,67.814186,66.573682,66.987184,2504471.3
2020-09-25,COMB.N0000,66.987184,67.731487,66.573682,67.400685,468085.76
2020-09-28,COMB.N0000,66.987184,67.400685,66.573682,66.987184,348148.33
2020-09-29,COMB.N0000,66.987184,66.987184,65.74668,66.160182,1975276.74
2020-09-30,COMB.N0000,65.74668,66.160182,64.83698,66.077483,644151.86
2020-10-02,COMB.N0000,66.160182,66.160182,65.333179,65.333179,953349.14
2020-10-05,COMB.N0000,63.265673,64.009977,60.453864,61.611669,2276360.24
2020-10-06,COMB.N0000,61.198168,64.506177,58.055557,61.942471,1753595.07
2020-10-07,COMB.N0000,61.280866,63.265673,61.198168,61.694367,1825125.75
2020-10-08,COMB.N0000,61.694367,63.927277,61.694367,63.182975,313170.43
2020-10-09,COMB.N0000,63.265673,64.671575,63.265673,63.679174,718595.04
2020-10-12,COMB.N0000,63.679174,63.927277,61.942471,62.02517,499380.36
2020-10-13,COMB.N0000,62.02517,62.852173,61.446271,61.611669,1222335.03
2020-10-14,COMB.N0000,61.611669,65.74668,61.446271,64.919678,705512.95
2020-10-15,COMB.N0000,65.333179,65.333179,63.01757,63.761873,138435.5
2020-10-16,COMB.N0000,63.761873,65.415878,62.852173,64.423478,523504.83
2020-10-19,COMB.N0000,65.002376,65.002376,63.679174,64.175375,423906.59
2020-10-20,COMB.N0000,64.009977,64.009977,63.265673,63.265673,512006.2
2020-10-21,COMB.N0000,63.265673,64.009977,60.371165,62.02517,793473
2020-10-22,COMB.N0000,60.371165,63.265673,60.371165,61.859772,480006.28
2020-10-23,COMB.N0000,62.604069,62.769474,61.528971,61.777067,926576.26
2020-10-26,COMB.N0000,60.371165,61.446271,60.371165,61.198168,419190.55
2020-10-27,COMB.N0000,61.363566,61.446271,60.784667,60.784667,773517.07
2020-10-28,COMB.N0000,60.784667,61.528971,59.957664,60.288467,915165.66
2020-10-29,COMB.N0000,60.371165,61.859772,60.205768,61.859772,77318.11
2020-11-02,COMB.N0000,60.371165,61.363566,60.205768,60.371165,506347.6
2020-11-03,COMB.N0000,60.371165,61.115469,60.288467,60.784667,531427.51
2020-11-04,COMB.N0000,60.784667,62.02517,60.619268,61.363566,128350.72
2020-11-05,COMB.N0000,62.02517,62.02517,61.198168,61.611669,604351.64
2020-11-06,COMB.N0000,61.611669,63.596476,61.363566,62.438671,1133196.23
2020-11-09,COMB.N0000,62.769474,62.852173,61.694367,62.02517,712369.62
2020-11-10,COMB.N0000,62.852173,65.333179,62.852173,64.919678,833369.84
2020-11-11,COMB.N0000,66.160182,66.160182,64.506177,65.333179,847209.85
2020-11-12,COMB.N0000,62.852173,65.333179,62.438671,64.175375,607009.71
2020-11-13,COMB.N0000,63.679174,64.175375,63.265673,63.679174,395636.13
2020-11-16,COMB.N0000,63.679174,64.092676,62.686774,62.852173,279612.81
2020-11-17,COMB.N0000,62.852173,62.852173,62.190568,62.769474,343380.76
2020-11-18,COMB.N0000,62.852173,63.596476,62.438671,63.01757,51156.07
2020-11-19,COMB.N0000,62.934871,63.182975,62.769474,63.01757,60810.36
2020-11-20,COMB.N0000,62.852173,63.265673,62.852173,63.100276,488700.84
2020-11-23,COMB.N0000,63.01757,63.431072,62.852173,63.348372,774366.24
2020-11-24,COMB.N0000,63.348372,63.679174,63.01757,63.348372,882916.68
2020-11-25,COMB.N0000,63.513777,63.679174,62.852173,63.182975,419540.52
2020-11-26,COMB.N0000,63.100276,63.431072,63.01757,63.100276,705444.24
2020-11-27,COMB.N0000,63.265673,63.679174,63.265673,63.348372,467927.95
2020-11-30,COMB.N0000,63.265673,65.74668,63.182975,65.333179,917922.5
2020-12-01,COMB.N0000,65.581282,66.987183,65.415877,66.987183,1823049.43
2020-12-02,COMB.N0000,66.987183,66.987183,66.490984,66.490984,396009.8
2020-12-03,COMB.N0000,66.904485,66.987183,66.325579,66.904485,605641.63
2020-12-04,COMB.N0000,66.904485,67.896884,66.656381,67.400684,1123905.03
2020-12-07,COMB.N0000,67.731487,69.302792,67.648788,69.054689,462561.01
2020-12-08,COMB.N0000,69.385492,70.46059,69.385492,69.881691,1423480.99
2020-12-09,COMB.N0000,70.129794,70.295192,67.896884,68.641188,991147.23
2020-12-10,COMB.N0000,69.385492,69.385492,67.731487,68.227687,243244.8
2020-12-11,COMB.N0000,68.641188,68.723886,67.979584,68.641188,362660.43
2020-12-14,COMB.N0000,67.814186,68.641188,67.731487,67.814186,205227.98
2020-12-15,COMB.N0000,67.814186,68.144988,66.821785,66.904485,305186.59
2020-12-16,COMB.N0000,66.987183,67.648788,66.73908,66.73908,307588.03
2020-12-17,COMB.N0000,66.821785,67.152581,66.24288,66.73908,428783.59
2020-12-18,COMB.N0000,66.573682,66.73908,66.077482,66.160181,1324939.54
2020-12-21,COMB.N0000,66.160181,66.656381,65.498577,65.74668,554775.99
2020-12-22,COMB.N0000,65.333179,66.160181,65.333179,65.663981,143758.98
2020-12-23,COMB.N0000,65.74668,65.74668,65.25048,65.333179,748724.67
2020-12-24,COMB.N0000,65.333179,65.663981,65.002376,65.581282,184739.52
2020-12-28,COMB.N0000,65.581282,66.821785,65.581282,66.408284,219862.76
2020-12-30,COMB.N0000,66.24288,66.821785,66.24288,66.573682,336979.73
2020-12-31,COMB.N0000,66.656381,67.400684,66.490984,66.904485,745191.43
2021-01-04,COMB.N0000,66.987183,69.137388,66.987183,68.806586,1495542.46
2021-01-05,COMB.N0000,69.054689,69.385492,68.641188,68.806586,779687.1
2021-01-06,COMB.N0000,68.641188,68.806586,67.814186,68.641188,1240121.15
2021-01-07,COMB.N0000,68.558489,68.641188,67.731487,68.227687,625899.13
2021-01-08,COMB.N0000,68.393085,68.47579,67.731487,68.062289,1080850.73
2021-01-11,COMB.N0000,68.144988,68.310385,67.814186,68.227687,1333199.5
2021-01-12,COMB.N0000,67.896884,68.310385,66.987183,67.648788,1052027.35
2021-01-13,COMB.N0000,67.648788,68.227687,67.400684,67.566082,663565.29
2021-01-15,COMB.N0000,67.814186,70.377891,67.566082,70.295192,1431376.98
2021-01-18,COMB.N0000,70.295192,74.430204,70.295192,73.1897,2598826.02
2021-01-19,COMB.N0000,74.430204,80.219219,73.603201,78.565215,5886084.26
2021-01-20,COMB.N0000,80.219219,82.617528,76.084208,79.392217,2353826.69
2021-01-21,COMB.N0000,79.392217,79.392217,76.497709,78.151714,1475831.51
2021-01-22,COMB.N0000,78.151714,82.452123,78.151714,81.873224,2326349.14
2021-01-25,COMB.N0000,82.534828,85.181233,82.286725,84.354231,2426167.48
2021-01-26,COMB.N0000,85.181233,85.594734,82.700226,83.733979,3144886.2
2021-01-27,COMB.N0000,83.733979,83.94073,81.873224,82.369424,1549231.55
2021-01-29,COMB.N0000,85.594734,86.835238,81.873224,83.113727,3143884.99
2021-02-01,COMB.N0000,82.700226,82.700226,79.309519,79.392217,1270451.18
2021-02-02,COMB.N0000,79.226819,79.309519,71.122195,74.430204,1581944.89
2021-02-03,COMB.N0000,73.603201,77.738213,73.603201,76.828512,731605.01
2021-02-05,COMB.N0000,77.738213,78.565215,76.084208,76.745812,306552.97
2021-02-08,COMB.N0000,78.399817,78.399817,74.016703,74.843705,1092367.02
2021-02-09,COMB.N0000,74.430204,74.430204,71.039496,73.024302,439834.35
2021-02-10,COMB.N0000,73.024302,73.024302,71.535696,72.776199,631068.41
2021-02-11,COMB.N0000,71.204893,71.949197,66.160181,71.452997,732412.75
2021-02-12,COMB.N0000,71.452997,73.603201,71.452997,73.1897,587160.42
2021-02-15,COMB.N0000,72.776199,75.257206,72.776199,74.926403,1544340.39
2021-02-16,COMB.N0000,74.843705,75.257206,71.866498,72.362698,835827.22
2021-02-17,COMB.N0000,72.362698,74.264806,71.122195,72.776199,1683950.65
2021-02-18,COMB.N0000,73.520503,73.603201,72.362698,73.272399,322828.62
2021-02-19,COMB.N0000,72.941597,75.257206,72.941597,75.257206,1098288.41
2021-02-22,COMB.N0000,75.257206,75.257206,72.858898,74.016703,715628.03
2021-02-23,COMB.N0000,73.1897,73.1897,70.295192,71.122195,1531506.09
2021-02-24,COMB.N0000,71.122195,71.122195,69.96439,70.295192,2991090.97
2021-02-25,COMB.N0000,73.603201,75.257206,72.528096,72.776199,1010696.15
2021-03-01,COMB.N0000,73.437803,74.843705,72.776199,73.107002,676151.72
2021-03-02,COMB.N0000,73.024302,73.024302,71.535696,71.949197,161700.89
2021-03-03,COMB.N0000,71.949197,71.949197,70.625995,71.039496,255551.9
2021-03-04,COMB.N0000,71.122195,71.287593,69.633588,70.047089,513738.62
2021-03-05,COMB.N0000,70.295192,70.708693,68.641188,70.212494,428538.13
2021-03-08,COMB.N0000,70.295192,71.949197,70.129794,70.791392,623600.47
2021-03-09,COMB.N0000,71.949197,74.347505,71.949197,72.941597,124189.5
2021-03-10,COMB.N0000,73.520503,73.520503,70.874091,71.122195,182224.41
2021-03-12,COMB.N0000,71.122195,72.776199,71.122195,71.866498,307455.02
2021-03-15,COMB.N0000,72.362698,74.430204,71.949197,72.031895,296602.57
2021-03-16,COMB.N0000,72.528096,72.693501,71.370298,72.362698,61692.7
2021-03-17,COMB.N0000,72.279999,72.362698,70.377891,70.377891,113896.91
2021-03-18,COMB.N0000,71.783799,71.783799,70.295192,70.377891,548871.53
2021-03-19,COMB.N0000,70.377891,71.701094,70.377891,71.535696,110384.22
2021-03-22,COMB.N0000,71.535696,71.866498,71.122195,71.618394,97840.12
2021-03-23,COMB.N0000,71.618394,72.528096,70.874091,72.528096,44368.68
2021-03-24,COMB.N0000,72.528096,74.430204,71.949197,74.016703,200533.91
2021-03-25,COMB.N0000,74.347505,74.347505,72.776199,73.603201,64707.2
2021-03-26,COMB.N0000,73.603201,74.347505,72.362698,73.6859,355249.33
2021-03-29,COMB.N0000,73.603201,76.497709,73.437803,74.512902,465247.82
2021-03-30,COMB.N0000,75.091808,75.257206,74.430204,75.174507,1100081.63
2021-03-31,COMB.N0000,74.580755,74.580755,72.122978,72.631483,203376.11
2021-04-01,COMB.N0000,72.292484,72.885738,72.038229,72.716239,50008.93
2021-04-05,COMB.N0000,72.546733,72.800989,71.614475,71.86873,328887.53
2021-04-06,COMB.N0000,71.783974,73.055237,71.699224,72.800989,339312.2
2021-04-07,COMB.N0000,72.461984,73.394241,72.377234,72.461984,237457.18
2021-04-08,COMB.N0000,72.546733,72.885738,72.038229,72.885738,419507.26
2021-04-09,COMB.N0000,72.800989,73.224743,72.631483,73.139993,255347.27
2021-04-12,COMB.N0000,73.139993,73.987502,73.139993,73.902746,291025.96
2021-04-15,COMB.N0000,73.987502,73.987502,73.394241,73.733246,1033252.08
2021-04-16,COMB.N0000,73.733246,73.902746,73.309492,73.648497,467552.79
2021-04-19,COMB.N0000,73.563747,73.563747,72.800989,73.309492,95322.93
2021-04-20,COMB.N0000,73.139993,73.309492,71.95348,72.038229,309450.55
2021-04-21,COMB.N0000,72.038229,72.716239,71.021222,72.038229,193803.35
2021-04-22,COMB.N0000,72.038229,72.038229,70.766966,71.190721,188316.68
2021-04-23,COMB.N0000,69.580453,70.766966,69.410954,69.495704,364334.95
2021-04-27,COMB.N0000,68.648195,69.071949,66.953178,67.631187,682268.02
2021-04-28,COMB.N0000,67.376932,68.648195,67.376932,68.648195,109329.87
2021-04-29,COMB.N0000,68.224441,68.648195,67.800686,68.224441,593899.59
2021-05-03,COMB.N0000,68.224441,68.224441,67.037927,67.715937,455799.52
2021-05-04,COMB.N0000,67.800686,67.800686,66.953178,66.953178,290959.89
2021-05-05,COMB.N0000,67.715937,68.054942,67.461681,67.800686,49654.95
2021-05-06,COMB.N0000,67.800686,67.800686,67.122677,67.461681,551101.21
2021-05-07,COMB.N0000,67.376932,70.343212,67.292183,69.241448,570164.14
2021-05-10,COMB.N0000,69.071949,69.071949,67.461681,68.224441,533169.82
2021-05-11,COMB.N0000,68.224441,68.563446,68.224441,68.39394,66153.9
2021-05-12,COMB.N0000,68.39394,68.563446,67.970186,68.30919,250096.58
2021-05-13,COMB.N0000,68.30919,69.495704,68.30919,69.071949,170549.31
2021-05-17,COMB.N0000,69.495704,71.699224,69.495704,71.36022,316115.97
2021-05-18,COMB.N0000,71.614475,71.95348,70.343212,71.529726,111849.02
2021-05-19,COMB.N0000,71.699224,72.800989,71.105972,72.038229,190901.9
2021-05-20,COMB.N0000,72.038229,72.038229,70.343212,70.597467,324682.26
2021-05-21,COMB.N0000,70.597467,71.190721,69.919458,70.004207,534176.3
2021-05-24,COMB.N0000,70.004207,70.682217,69.919458,70.343212,331834.99
2021-05-25,COMB.N0000,70.343212,72.885738,70.343212,72.038229,706070.73
2021-05-28,COMB.N0000,72.461984,72.800989,71.614475,72.461984,105037.28
2021-05-31,COMB.N0000,72.885738,73.987502,72.038229,73.733246,654565.64
2021-06-01,COMB.N0000,73.733246,76.191023,73.733246,76.106273,1002732.03
2021-06-02,COMB.N0000,76.275772,76.275772,74.580755,75.597763,367457.05
2021-06-03,COMB.N0000,75.258764,77.123281,74.91976,77.123281,1303894.76
2021-06-04,COMB.N0000,76.869026,77.970789,76.360521,77.88604,1056657.15
2021-06-07,COMB.N0000,77.631784,78.225044,77.123281,77.377536,571785.36
2021-06-08,COMB.N0000,77.547035,77.970789,75.513013,76.275772,324393.18
2021-06-09,COMB.N0000,76.275772,77.123281,76.106273,76.275772,110121.6
2021-06-10,COMB.N0000,77.038532,77.88604,76.275772,77.88604,525605.3
2021-06-11,COMB.N0000,77.377536,77.970789,76.530027,77.88604,461235.45
2021-06-14,COMB.N0000,77.123281,77.462286,76.191023,76.699526,187817.57
2021-06-15,COMB.N0000,76.953782,76.953782,75.852018,76.275772,109236.65
2021-06-16,COMB.N0000,76.275772,77.123281,75.513013,76.530027,199710.07
2021-06-17,COMB.N0000,76.953782,76.953782,76.191023,76.445271,128200.47
2021-06-18,COMB.N0000,75.852018,76.699526,75.852018,76.275772,123876.03
2021-06-21,COMB.N0000,76.275772,76.275772,75.597763,75.597763,164490.37
2021-06-22,COMB.N0000,75.852018,75.852018,74.157001,74.665504,541083.61
2021-06-23,COMB.N0000,74.665504,76.275772,74.157001,74.496006,1639651.84
2021-06-25,COMB.N0000,74.580755,76.275772,74.580755,76.021517,720998.01
2021-06-28,COMB.N0000,76.275772,76.530027,75.428264,76.275772,1482384.99
2021-06-29,COMB.N0000,76.445271,76.530027,75.343514,75.852018,160971.82
2021-06-30,COMB.N0000,75.767269,76.021517,74.496006,74.750254,457716.9
2021-07-01,COMB.N0000,74.750254,75.428264,74.24175,75.428264,214834.4
2021-07-02,COMB.N0000,75.428264,75.428264,73.733246,74.157001,274375.98
2021-07-05,COMB.N0000,73.733246,74.24175,73.478991,73.648497,188387.47
2021-07-06,COMB.N0000,73.648497,73.733246,73.139993,73.139993,98243.25
2021-07-07,COMB.N0000,73.478991,73.478991,72.885738,72.970487,655942.62
2021-07-08,COMB.N0000,73.055237,73.563747,73.055237,73.309492,91368.99
2021-07-09,COMB.N0000,73.309492,74.157001,73.224743,74.157001,162665.02
2021-07-12,COMB.N0000,73.987502,74.580755,73.733246,74.580755,19106.59
2021-07-13,COMB.N0000,74.580755,74.580755,73.478991,73.733246,131280.09
2021-07-14,COMB.N0000,73.563747,74.157001,73.478991,74.157001,87694.69
2021-07-15,COMB.N0000,74.157001,74.157001,73.733246,73.902746,156599
2021-07-16,COMB.N0000,73.817996,74.157001,73.733246,73.733246,301484.85
2021-07-19,COMB.N0000,73.987502,74.580755,73.733246,74.24175,381401.45
2021-07-20,COMB.N0000,73.733246,73.817996,73.394241,73.478991,380976.67
2021-07-22,COMB.N0000,73.563747,73.733246,72.038229,72.038229,924100.38
2021-07-26,COMB.N0000,72.038229,72.461984,70.936466,70.936466,448788.38
2021-07-27,COMB.N0000,71.783974,72.038229,70.343212,71.444976,190516.07
2021-07-28,COMB.N0000,71.190721,71.95348,70.427961,71.444976,149943.02
2021-07-29,COMB.N0000,71.699224,72.885738,71.444976,72.885738,363262.4
2021-07-30,COMB.N0000,72.122978,72.461984,71.86873,72.377234,33317.66
2021-08-02,COMB.N0000,72.377234,72.461984,72.038229,72.122978,1022153.66
2021-08-03,COMB.N0000,72.122978,72.122978,71.529726,71.614475,135108.96
2021-08-04,COMB.N0000,71.614475,72.038229,71.444976,71.614475,1211693.93
2021-08-05,COMB.N0000,71.614475,71.614475,70.597467,70.936466,258596.79
2021-08-06,COMB.N0000,70.597467,71.190721,70.427961,71.021222,105980.05
2021-08-09,COMB.N0000,71.105972,71.105972,70.258463,70.343212,237826.5
2021-08-10,COMB.N0000,70.766966,71.190721,70.258463,70.343212,949126.67
2021-08-11,COMB.N0000,70.173713,70.851716,70.088957,70.766966,151567.79
2021-08-12,COMB.N0000,70.682217,71.190721,70.004207,70.343212,215385.43
2021-08-13,COMB.N0000,70.851716,71.190721,70.766966,70.936466,70952.67
2021-08-16,COMB.N0000,70.851716,71.190721,70.766966,71.105972,27650.46
2021-08-17,COMB.N0000,70.766966,72.461984,70.766966,71.614475,387309.35
2021-08-18,COMB.N0000,72.038229,72.292484,71.614475,72.038229,142253.43
2021-08-19,COMB.N0000,72.038229,72.546733,72.038229,72.377234,204996.15
2021-08-20,COMB.N0000,72.377234,72.377234,71.614475,71.614475,148759.56
2021-08-23,COMB.N0000,71.86873,72.461984,71.614475,71.86873,365484.21
2021-08-24,COMB.N0000,71.86873,72.800989,71.614475,72.122978,207153.07
2021-08-25,COMB.N0000,72.038229,72.885738,72.038229,72.461984,161326.98
2021-08-26,COMB.N0000,72.377234,75.936767,72.207728,74.580755,927742.82
2021-08-27,COMB.N0000,75.004509,75.004509,72.970487,73.987502,419457.7
2021-08-30,COMB.N0000,74.157001,74.157001,72.038229,72.207728,522911.52
2021-08-31,COMB.N0000,72.207728,73.902746,72.038229,73.733246,990828.91
2021-09-01,COMB.N0000,72.207728,72.970487,71.86873,72.885738,668125.39
2021-09-02,COMB.N0000,72.461984,73.055237,72.038229,72.716239,968792.55
2021-09-03,COMB.N0000,72.461984,72.885738,72.038229,72.885738,981590.06
2021-09-06,COMB.N0000,72.885738,72.885738,71.86873,72.461984,904528.9
2021-09-07,COMB.N0000,72.461984,72.461984,72.038229,72.038229,760256.61
2021-09-08,COMB.N0000,72.038229,72.461984,71.36022,71.699224,464746.92
2021-09-09,COMB.N0000,71.529726,71.614475,71.190721,71.529726,694552.26
2021-09-10,COMB.N0000,72.038229,72.461984,71.27547,71.614475,441490.52
2021-09-13,COMB.N0000,71.190721,71.190721,69.495704,70.766966,367223.42
2021-09-14,COMB.N0000,71.190721,71.190721,70.258463,70.343212,197458.77
2021-09-15,COMB.N0000,70.766966,71.190721,70.682217,71.190721,72178.62
2021-09-16,COMB.N0000,71.105972,71.190721,70.682217,71.190721,404427.76
2021-09-17,COMB.N0000,71.614475,71.614475,70.766966,71.021222,179874.29
2021-09-21,COMB.N0000,70.766966,71.021222,70.258463,70.682217,157839.11
2021-09-22,COMB.N0000,70.682217,70.851716,70.258463,70.343212,137813.35
2021-09-23,COMB.N0000,71.021222,71.021222,70.343212,70.597467,326613.8
2021-09-24,COMB.N0000,70.936466,71.36022,70.766966,71.190721,53236.04
2021-09-27,COMB.N0000,70.851716,72.038229,70.851716,71.190721,11783.95
2021-09-28,COMB.N0000,71.105972,71.190721,70.343212,70.343212,471957.46
2021-09-29,COMB.N0000,70.343212,71.190721,70.343212,70.936466,61822.38
2021-09-30,COMB.N0000,71.021222,72.038229,70.766966,72.038229,228712.73
2021-10-01,COMB.N0000,72.885738,72.885738,71.614475,72.038229,344271.44
2021-10-04,COMB.N0000,72.038229,72.038229,71.783974,71.86873,48515.14
2021-10-05,COMB.N0000,71.95348,73.987502,71.783974,73.817996,298607.01
2021-10-06,COMB.N0000,73.733246,77.038532,73.733246,76.530027,1889033.38
2021-10-07,COMB.N0000,76.699526,77.29278,76.106273,76.275772,1041006.57
2021-10-08,COMB.N0000,76.275772,76.275772,75.428264,75.852018,543235.8
2021-10-11,COMB.N0000,76.275772,76.275772,73.733246,73.817996,478298.4
2021-10-12,COMB.N0000,73.733246,75.428264,73.733246,74.91976,14183.93
2021-10-13,COMB.N0000,74.580755,74.580755,72.038229,73.733246,970370.12
2021-10-14,COMB.N0000,73.309492,73.309492,72.631483,72.716239,117066.66
2021-10-15,COMB.N0000,72.885738,73.309492,72.800989,73.309492,89018.57
2021-10-18,COMB.N0000,73.733246,73.733246,72.546733,73.394241,51422.49
2021-10-21,COMB.N0000,73.733246,74.580755,73.733246,74.580755,433279.39
2021-10-22,COMB.N0000,74.580755,75.428264,73.733246,74.496006,114101.5
2021-10-25,COMB.N0000,74.580755,74.580755,72.885738,74.157001,778526.63
2021-10-26,COMB.N0000,73.733246,74.580755,73.394241,73.817996,250927.25
2021-10-27,COMB.N0000,73.563747,74.580755,73.224743,74.411256,159322.28
2021-10-28,COMB.N0000,74.580755,75.428264,74.157001,74.83501,103904.55
2021-10-29,COMB.N0000,75.004509,75.852018,74.157001,75.428264,234976.97
2021-11-01,COMB.N0000,75.428264,75.428264,74.665504,75.004509,258327.77
2021-11-02,COMB.N0000,74.750254,75.513013,74.580755,75.258764,516554.06
2021-11-03,COMB.N0000,75.428264,76.275772,75.004509,75.428264,235827.7
2021-11-05,COMB.N0000,75.428264,75.428264,74.3265,74.580755,255435.76
2021-11-08,COMB.N0000,74.496006,74.580755,73.309492,74.157001,131166.81
2021-11-09,COMB.N0000,73.478991,73.478991,72.970487,73.309492,79517.78
2021-11-10,COMB.N0000,73.478991,74.072252,72.970487,73.309492,70320.23
2021-11-11,COMB.N0000,73.309492,74.157001,73.309492,73.309492,139965.54
2021-11-12,COMB.N0000,73.394241,74.580755,72.038229,72.038229,487730.76
2021-11-15,COMB.N0000,70.343212,72.207728,70.173713,71.190721,694085.01
2021-11-16,COMB.N0000,70.936466,72.122978,70.766966,71.95348,448719.94
2021-11-17,COMB.N0000,72.038229,72.038229,70.343212,71.27547,217988.35
2021-11-19,COMB.N0000,71.444976,72.631483,71.190721,72.461984,306131.41
2021-11-22,COMB.N0000,72.038229,72.292484,71.27547,71.444976,433602.69
2021-11-23,COMB.N0000,71.36022,71.529726,70.766966,71.021222,324793.17
2021-11-24,COMB.N0000,71.021222,71.190721,70.766966,71.190721,117433.62
2021-11-25,COMB.N0000,71.190721,71.190721,70.343212,70.343212,458581.79
2021-11-26,COMB.N0000,70.343212,70.427961,69.495704,70.004207,183868.35
2021-11-29,COMB.N0000,69.665203,69.919458,68.90245,69.834709,520551.66
2021-11-30,COMB.N0000,69.749959,69.749959,67.715937,68.648195,1683997.11
2021-12-01,COMB.N0000,67.800686,69.071949,67.800686,68.90245,238585.2
2021-12-02,COMB.N0000,70.258463,70.258463,68.224441,68.563446,132041.14
2021-12-03,COMB.N0000,68.563446,68.648195,67.800686,67.800686,238352.75
2021-12-06,COMB.N0000,67.800686,69.071949,67.546431,68.139692,35245.66
2021-12-07,COMB.N0000,67.885436,69.071949,67.715937,68.224441,381561.92
2021-12-08,COMB.N0000,68.30919,68.39394,67.800686,68.224441,304729.66
2021-12-09,COMB.N0000,68.30919,68.648195,67.715937,68.139692,434403.86
2021-12-10,COMB.N0000,68.648195,68.648195,67.715937,67.885436,1140373.12
2021-12-13,COMB.N0000,67.800686,67.885436,67.461681,67.715937,708903.74
2021-12-14,COMB.N0000,67.715937,67.800686,67.376932,67.376932,215319.35
2021-12-15,COMB.N0000,67.376932,68.139692,66.953178,67.715937,6144650.48
2021-12-16,COMB.N0000,68.224441,68.224441,67.376932,68.054942,2996182.06
2021-12-17,COMB.N0000,67.970186,67.970186,67.122677,67.207433,277390.7
2021-12-20,COMB.N0000,67.122677,67.207433,66.614173,66.614173,299475.43
2021-12-21,COMB.N0000,66.614173,66.614173,66.02092,66.105669,489574.98
2021-12-22,COMB.N0000,66.105669,66.105669,65.258161,65.258161,345420.69
2021-12-23,COMB.N0000,65.681915,66.529424,65.173411,66.105669,337270.92
2021-12-27,COMB.N0000,66.02092,66.105669,65.258161,65.766664,406459.6
2021-12-28,COMB.N0000,66.02092,67.715937,65.766664,67.376932,672758.97
2021-12-29,COMB.N0000,66.698923,67.800686,65.681915,67.800686,993860.14
2021-12-30,COMB.N0000,66.953178,67.800686,66.529424,67.631187,535409.33
2021-12-31,COMB.N0000,67.800686,67.800686,66.783679,67.122677,118807.06
2022-01-03,COMB.N0000,67.037927,68.563446,67.037927,67.800686,936404.68
2022-01-04,COMB.N0000,67.970186,67.970186,67.376932,67.970186,330849.75
2022-01-05,COMB.N0000,68.139692,68.224441,67.376932,67.376932,457568.23
2022-01-06,COMB.N0000,67.800686,67.800686,67.207433,67.631187,183289
2022-01-07,COMB.N0000,67.461681,67.800686,66.953178,67.800686,846350.13
2022-01-10,COMB.N0000,68.054942,71.190721,67.800686,69.580453,1507290.94
2022-01-11,COMB.N0000,71.190721,71.190721,69.071949,69.156698,164694.5
2022-01-12,COMB.N0000,69.156698,70.173713,68.563446,69.326204,392300.45
2022-01-13,COMB.N0000,69.071949,69.495704,67.885436,69.495704,153704.64
2022-01-18,COMB.N0000,69.071949,70.766966,68.648195,69.156698,407854.28
2022-01-19,COMB.N0000,69.410954,70.512711,69.071949,70.088957,470574.59
2022-01-20,COMB.N0000,70.258463,70.851716,69.834709,70.766966,248911.93
2022-01-21,COMB.N0000,71.105972,71.444976,70.766966,71.105972,815450.15
2022-01-24,COMB.N0000,71.190721,72.038229,70.597467,71.190721,344133.39
2022-01-25,COMB.N0000,71.614475,71.614475,69.919458,69.919458,140799.75
2022-01-26,COMB.N0000,69.919458,70.343212,69.495704,69.580453,89724.17
2022-01-27,COMB.N0000,69.580453,70.766966,69.495704,69.749959,302887.79
2022-01-28,COMB.N0000,69.495704,70.258463,69.071949,69.156698,71745.59
2022-01-31,COMB.N0000,69.495704,70.343212,69.495704,70.258463,157199.59
2022-02-01,COMB.N0000,69.495704,70.343212,69.071949,69.580453,69375.11
2022-02-02,COMB.N0000,69.665203,69.834709,69.156698,69.495704,315824.53
2022-02-03,COMB.N0000,69.495704,69.919458,67.800686,69.919458,404576.44
2022-02-07,COMB.N0000,69.665203,69.665203,67.800686,68.224441,366477.71
2022-02-08,COMB.N0000,69.919458,69.919458,67.970186,68.224441,536510.2
2022-02-09,COMB.N0000,68.224441,68.648195,67.461681,67.546431,481212.83
2022-02-10,COMB.N0000,67.461681,68.648195,66.275168,67.631187,139576.17
2022-02-11,COMB.N0000,66.953178,68.139692,66.953178,68.054942,36740.63
2022-02-14,COMB.N0000,68.224441,68.648195,66.953178,67.800686,390787.78
2022-02-15,COMB.N0000,67.800686,69.410954,67.715937,67.800686,67744.45
2022-02-17,COMB.N0000,68.648195,70.258463,68.054942,69.834709,115434.82
2022-02-18,COMB.N0000,69.580453,69.580453,69.071949,69.410954,74537.3
2022-02-21,COMB.N0000,69.156698,69.495704,67.037927,67.376932,191242.9
2022-02-22,COMB.N0000,67.376932,68.9872,67.122677,68.732944,67441.21
2022-02-23,COMB.N0000,68.648195,68.648195,66.614173,68.563446,152045.66
2022-02-24,COMB.N0000,67.376932,68.478696,66.529424,67.800686,182326.18
2022-02-25,COMB.N0000,66.953178,68.224441,66.529424,68.224441,1996262.98
2022-02-28,COMB.N0000,69.495704,69.919458,67.631187,69.495704,1621132.85
2022-03-02,COMB.N0000,69.919458,70.343212,68.648195,69.156698,222979.45
2022-03-03,COMB.N0000,68.90245,69.665203,68.732944,69.410954,335568.28
2022-03-04,COMB.N0000,69.410954,69.410954,68.648195,68.9872,35422.65
2022-03-07,COMB.N0000,68.9872,69.495704,67.800686,68.224441,451899.85
2022-03-08,COMB.N0000,67.970186,68.224441,66.953178,67.885436,118206.47
2022-03-09,COMB.N0000,64.410652,67.800686,64.410652,66.529424,167734
2022-03-10,COMB.N0000,66.105669,68.648195,65.681915,68.648195,74532.58
2022-03-11,COMB.N0000,69.071949,69.071949,66.953178,67.037927,44863.26
2022-03-14,COMB.N0000,68.648195,68.90245,66.190418,66.614173,60789.95
2022-03-15,COMB.N0000,66.698923,66.698923,65.681915,66.02092,88653.97
2022-03-16,COMB.N0000,66.105669,67.376932,65.766664,66.529424,20995.66
2022-03-18,COMB.N0000,66.953178,66.953178,65.003906,65.258161,908029.75
2022-03-21,COMB.N0000,65.93617,66.529424,65.766664,65.93617,156340.6
2022-03-22,COMB.N0000,66.953178,67.376932,65.258161,65.258161,352467.23
2022-03-23,COMB.N0000,65.34291,65.34291,64.749657,64.919156,155604.32
2022-03-24,COMB.N0000,65.173411,66.529424,64.919156,65.258161,599877.11
2022-03-25,COMB.N0000,65.258161,66.783679,64.325903,64.410652,441726.5
2022-03-28,COMB.N0000,64.664907,64.664907,63.139389,63.563143,428770.88
2022-03-29,COMB.N0000,63.563143,63.902149,61.020618,62.291881,349860.76
2022-03-30,COMB.N0000,61.868126,61.868126,58.901846,59.325601,534588.1
2022-03-31,COMB.N0000,54.631431,54.631431,51.90426,51.90426,39130.04
2022-04-04,COMB.N0000,52.783993,55.423192,52.344126,54.719407,119175.9
2022-04-05,COMB.N0000,55.863059,56.214954,52.783993,53.223859,193463.2
2022-04-06,COMB.N0000,53.663726,53.663726,51.90426,52.783993,62381.41
2022-04-07,COMB.N0000,52.432098,52.696021,48.385327,50.144793,277700.1
2022-04-25,COMB.N0000,43.986661,44.426527,43.986661,44.25058,3658068.09
2022-04-26,COMB.N0000,43.986661,47.505594,43.986661,44.778422,2643607.13
2022-04-27,COMB.N0000,44.778422,46.62586,44.426527,45.746127,303273.76
2022-04-28,COMB.N0000,46.185994,46.185994,44.426527,45.306261,1310382.49
2022-05-04,COMB.N0000,45.746127,45.746127,45.306261,45.306261,230723.36
2022-05-05,COMB.N0000,45.482208,45.482208,45.130313,45.218289,419070.23
2022-05-11,COMB.N0000,43.986661,46.449913,43.986661,45.746127,374165.71
2022-05-12,COMB.N0000,46.62586,48.385327,45.922075,47.417622,397203.37
2022-05-17,COMB.N0000,48.825193,48.825193,47.593565,48.121408,209618.09
2022-05-18,COMB.N0000,47.94546,47.94546,46.62586,47.065727,89508.95
2022-05-19,COMB.N0000,47.065727,47.505594,46.62586,47.505594,33843.21
2022-05-23,COMB.N0000,47.065727,47.065727,46.801808,46.889779,81516.76
2022-05-24,COMB.N0000,47.505594,47.505594,46.62586,46.62586,53257.05
2022-05-25,COMB.N0000,46.62586,46.889779,45.746127,46.62586,87825.49
2022-05-26,COMB.N0000,47.065727,47.329646,46.185994,46.449913,34069.42
2022-05-30,COMB.N0000,46.273965,49.26506,46.273965,47.593565,648191.96
2022-05-31,COMB.N0000,48.209379,48.209379,46.273965,46.62586,34709.39
2022-06-01,COMB.N0000,46.801808,46.801808,46.361941,46.801808,71551.24
2022-06-02,COMB.N0000,46.62586,46.62586,46.361941,46.361941,14499.85
2022-06-06,COMB.N0000,46.185994,46.537889,45.746127,46.185994,443574.25
2022-06-07,COMB.N0000,46.185994,46.62586,45.746127,46.449913,44631.71
2022-06-08,COMB.N0000,45.746127,46.537889,45.306261,46.537889,77578.06
2022-06-09,COMB.N0000,46.537889,46.537889,45.130313,45.130313,518403.75
2022-06-15,COMB.N0000,45.306261,45.306261,44.514499,44.514499,17890.65
2022-06-16,COMB.N0000,44.426527,45.042341,44.162608,44.25058,173690.16
2022-06-20,COMB.N0000,44.866394,45.306261,44.25058,44.602475,7658
2022-06-21,COMB.N0000,44.426527,45.306261,44.426527,44.866394,10777.13
2022-06-22,COMB.N0000,45.746127,45.746127,44.338556,44.338556,133088.08
2022-06-23,COMB.N0000,45.306261,45.306261,43.986661,45.218289,1556520.75
2022-06-27,COMB.N0000,43.986661,44.690446,43.986661,44.074632,981718.08
2022-06-28,COMB.N0000,44.074632,44.338556,44.074632,44.162608,121323.14
2022-06-29,COMB.N0000,44.162608,44.602475,44.162608,44.602475,139407.04
2022-06-30,COMB.N0000,44.602475,44.690446,44.338556,44.602475,10808.96
2022-07-04,COMB.N0000,44.25058,44.25058,43.634766,43.986661,92485.99
2022-07-05,COMB.N0000,43.986661,44.426527,43.722742,44.074632,351590.68
2022-07-06,COMB.N0000,43.986661,44.338556,43.986661,44.162608,285457
2022-07-07,COMB.N0000,43.986661,44.25058,43.986661,44.25058,26735.38
2022-07-11,COMB.N0000,45.746127,45.746127,45.130313,45.218289,7776.22
2022-07-14,COMB.N0000,45.746127,45.746127,45.394232,45.658156,38411.65
2022-07-18,COMB.N0000,45.746127,47.593565,45.658156,47.505594,262184.03
2022-07-19,COMB.N0000,47.593565,48.385327,46.801808,47.065727,21272.36
2022-07-20,COMB.N0000,48.385327,51.024526,47.329646,47.329646,22754.63
2022-07-21,COMB.N0000,46.62586,47.505594,46.449913,47.505594,46090.11
2022-07-25,COMB.N0000,46.62586,47.94546,45.746127,46.62586,130644.15
2022-07-26,COMB.N0000,47.065727,47.065727,45.746127,45.746127,76556.16
2022-07-27,COMB.N0000,46.185994,46.889779,45.746127,46.62586,33058.89
2022-07-28,COMB.N0000,46.62586,47.505594,45.746127,45.834099,18738.64
2022-08-01,COMB.N0000,46.713832,46.713832,45.834099,46.361941,50141.34
2022-08-02,COMB.N0000,46.62586,46.62586,46.185994,46.185994,33245.31
2022-08-03,COMB.N0000,46.62586,46.62586,46.185994,46.185994,138318.07
2022-08-04,COMB.N0000,46.185994,47.065727,46.185994,46.62586,170009.5
2022-08-08,COMB.N0000,47.065727,47.94546,46.62586,47.329646,678906.96
2022-08-09,COMB.N0000,47.94546,48.385327,47.329646,48.385327,25864.66
2022-08-15,COMB.N0000,47.593565,47.593565,46.449913,47.153698,65116.33
2022-08-16,COMB.N0000,47.329646,47.329646,46.185994,46.62586,260676.76
2022-08-17,COMB.N0000,46.62586,46.62586,44.954365,45.658156,118928.1
2022-08-18,COMB.N0000,45.658156,45.658156,45.306261,45.57018,32709.92
2022-08-22,COMB.N0000,46.62586,46.62586,45.746127,46.273965,412210.2
2022-08-23,COMB.N0000,46.185994,46.62586,45.746127,45.746127,25629.36
2022-08-24,COMB.N0000,45.746127,45.834099,45.306261,45.746127,159302.84
2022-08-25,COMB.N0000,45.746127,46.537889,45.306261,46.537889,64216.06
2022-08-29,COMB.N0000,45.57018,45.746127,45.482208,45.746127,49284.26
2022-08-30,COMB.N0000,46.62586,47.065727,45.57018,45.658156,33656.79
2022-08-31,COMB.N0000,46.62586,47.505594,45.57018,47.417622,117404.91
2022-09-01,COMB.N0000,47.505594,47.505594,46.273965,46.273965,31244.7
2022-09-05,COMB.N0000,47.065727,47.065727,45.57018,46.185994,102146.88
2022-09-06,COMB.N0000,45.57018,46.62586,44.866394,46.449913,288673.88
2022-09-07,COMB.N0000,45.746127,46.449913,45.746127,46.361941,98506
2022-09-08,COMB.N0000,46.185994,46.185994,45.306261,46.098022,375159.19
2022-09-12,COMB.N0000,46.185994,48.385327,46.098022,48.385327,119303.21
2022-09-13,COMB.N0000,49.26506,50.144793,47.593565,49.26506,224310.05
2022-09-14,COMB.N0000,49.26506,52.696021,49.26506,50.58466,307634.17
2022-09-15,COMB.N0000,51.90426,51.90426,49.26506,50.144793,167048.37
2022-09-19,COMB.N0000,50.144793,50.144793,48.385327,48.649246,122232.51
2022-09-20,COMB.N0000,48.913165,48.913165,47.505594,48.385327,44213.4
2022-09-21,COMB.N0000,48.121408,48.121408,47.505594,47.94546,64890.13
2022-09-22,COMB.N0000,48.121408,48.737222,47.417622,48.033432,95416.43
2022-09-26,COMB.N0000,46.62586,48.737222,45.658156,48.737222,129885.97
2022-09-27,COMB.N0000,48.385327,48.825193,46.62586,48.649246,182321.18
2022-09-28,COMB.N0000,48.561274,48.737222,47.505594,48.737222,416159.12
2022-09-29,COMB.N0000,48.385327,48.825193,47.94546,48.385327,640537.37
2022-10-03,COMB.N0000,47.505594,47.94546,47.065727,47.065727,92188.18
2022-10-04,COMB.N0000,47.065727,47.417622,45.394232,47.241674,105057.99
2022-10-05,COMB.N0000,46.62586,46.62586,44.866394,45.482208,307930.85
2022-10-06,COMB.N0000,44.778422,45.306261,44.426527,44.866394,85655.51
2022-10-11,COMB.N0000,44.954365,45.042341,44.426527,45.042341,509488.55
2022-10-12,COMB.N0000,45.746127,45.746127,44.866394,45.306261,115340.65
2022-10-13,COMB.N0000,46.537889,46.537889,44.866394,44.866394,141886.2
2022-10-17,COMB.N0000,45.218289,45.306261,43.898689,44.778422,74364.59
2022-10-18,COMB.N0000,44.866394,45.306261,43.986661,43.986661,32446.2
2022-10-19,COMB.N0000,44.954365,44.954365,43.898689,44.778422,1163156.04
2022-10-20,COMB.N0000,44.778422,44.866394,43.986661,44.25058,13385.88
2022-10-25,COMB.N0000,44.074632,44.162608,43.810713,43.986661,51148.46
2022-10-26,COMB.N0000,43.986661,44.426527,43.546794,44.162608,95598.3
2022-10-27,COMB.N0000,44.426527,44.866394,43.986661,44.426527,28971.28
2022-11-01,COMB.N0000,44.074632,44.866394,43.898689,43.986661,38002.43
2022-11-02,COMB.N0000,45.042341,45.042341,43.722742,43.898689,32455.29
2022-11-03,COMB.N0000,43.986661,44.778422,43.546794,43.634766,17018.8
2022-11-04,COMB.N0000,44.426527,44.426527,43.810713,43.986661,11285.24
2022-11-08,COMB.N0000,43.986661,43.986661,43.018956,43.546794,33718.18
2022-11-09,COMB.N0000,43.546794,44.690446,43.106927,44.074632,1464357.58
2022-11-10,COMB.N0000,44.426527,44.514499,43.898689,44.162608,33717.04
2022-11-14,COMB.N0000,45.306261,45.658156,44.866394,44.866394,22723.93
2022-11-15,COMB.N0000,44.866394,44.866394,43.986661,43.986661,39323.29
2022-11-16,COMB.N0000,43.986661,45.746127,43.986661,45.746127,74186.13
2022-11-17,COMB.N0000,44.866394,44.954365,43.986661,43.986661,211798.3
2022-11-21,COMB.N0000,43.986661,44.338556,43.986661,43.986661,97658.02
2022-11-22,COMB.N0000,44.074632,44.338556,43.986661,44.25058,80100.42
2022-11-23,COMB.N0000,44.426527,44.426527,43.898689,44.162608,6001.82
2022-11-24,COMB.N0000,44.866394,44.866394,43.986661,44.426527,54607.46
2022-11-28,COMB.N0000,44.25058,44.866394,43.986661,44.074632,9090.26
2022-11-29,COMB.N0000,44.074632,45.218289,44.074632,45.218289,23737.88
2022-11-30,COMB.N0000,45.746127,45.746127,43.986661,44.426527,42819.8
2022-12-01,COMB.N0000,44.162608,45.306261,43.986661,44.866394,207382.19
2022-12-06,COMB.N0000,45.834099,45.834099,43.986661,44.866394,44726.06
2022-12-08,COMB.N0000,44.866394,45.306261,43.986661,44.778422,107171.13
2022-12-09,COMB.N0000,45.57018,45.57018,43.986661,44.426527,54530.17
2022-12-12,COMB.N0000,45.658156,45.658156,43.986661,44.338556,40801.01
2022-12-13,COMB.N0000,44.162608,46.098022,43.986661,46.098022,121559.58
2022-12-14,COMB.N0000,46.098022,46.449913,45.57018,45.746127,15500.15
2022-12-15,COMB.N0000,45.57018,46.185994,44.866394,44.866394,18247.58
2022-12-16,COMB.N0000,44.954365,45.306261,44.954365,44.954365,22021.45
2022-12-19,COMB.N0000,45.746127,45.746127,44.426527,44.866394,19600.26
2022-12-20,COMB.N0000,44.162608,44.866394,44.074632,44.778422,26622.84
2022-12-21,COMB.N0000,44.866394,44.866394,43.986661,44.338556,22675.06
2022-12-22,COMB.N0000,44.338556,44.426527,43.986661,44.25058,42972.12
2022-12-23,COMB.N0000,44.25058,44.866394,43.986661,44.866394,51529.26
2022-12-27,COMB.N0000,44.074632,44.426527,43.986661,44.25058,95976.82
2022-12-28,COMB.N0000,44.25058,44.25058,44.074632,44.162608,11611.47
2022-12-29,COMB.N0000,44.074632,44.25058,43.986661,44.25058,20530.09
2022-12-30,COMB.N0000,44.162608,44.602475,44.074632,44.514499,22909.22
2023-01-02,COMB.N0000,44.426527,44.690446,43.986661,44.426527,48936.43
2023-01-03,COMB.N0000,44.690446,45.834099,44.690446,45.746127,24896.18
2023-01-04,COMB.N0000,46.185994,46.185994,45.306261,45.394232,28778.04
2023-01-05,COMB.N0000,45.306261,45.306261,44.426527,44.866394,35791.53
2023-01-09,COMB.N0000,44.866394,45.658156,44.338556,44.602475,22241.97
2023-01-10,COMB.N0000,44.778422,45.922075,44.778422,44.866394,27083.21
2023-01-11,COMB.N0000,44.866394,45.746127,44.25058,44.426527,31562.98
2023-01-12,COMB.N0000,44.426527,45.658156,44.426527,44.866394,21686.12
2023-01-13,COMB.N0000,44.338556,44.426527,44.074632,44.074632,28075.56
2023-01-17,COMB.N0000,44.074632,45.57018,44.074632,44.426527,138288.52
2023-01-18,COMB.N0000,45.306261,45.394232,44.162608,44.426527,44059.95
2023-01-19,COMB.N0000,44.162608,44.866394,44.074632,44.162608,71267.06
2023-01-20,COMB.N0000,44.162608,46.273965,44.162608,46.185994,37712.57
2023-01-23,COMB.N0000,46.361941,53.663726,46.361941,50.760607,285799.14
2023-01-24,COMB.N0000,50.672631,50.672631,48.473298,49.26506,89412.33
2023-01-25,COMB.N0000,49.26506,49.704927,48.385327,48.385327,28059.64
2023-01-26,COMB.N0000,48.825193,49.26506,48.473298,49.177088,25655.51
2023-01-27,COMB.N0000,49.177088,50.760607,48.385327,50.58466,113978.87
2023-01-30,COMB.N0000,47.505594,49.968846,47.505594,49.089112,37844.43
2023-01-31,COMB.N0000,48.825193,50.672631,48.825193,49.968846,50242.5
2023-02-01,COMB.N0000,49.968846,53.223859,49.616955,53.047912,189735.93
2023-02-02,COMB.N0000,51.90426,54.103593,51.90426,53.663726,390345.61
2023-02-03,COMB.N0000,54.543459,57.182659,54.543459,57.006715,278858.4
2023-02-06,COMB.N0000,57.094687,57.182659,52.783993,54.543459,116985.47
2023-02-07,COMB.N0000,54.543459,55.423192,51.90426,54.543459,70679.38
2023-02-08,COMB.N0000,54.191564,54.543459,51.992231,54.191564,38869.74
2023-02-09,COMB.N0000,53.751698,54.543459,52.783993,54.455488,37646.64
2023-02-10,COMB.N0000,54.455488,54.543459,53.223859,54.543459,47326.85
2023-02-13,COMB.N0000,54.191564,54.543459,51.992231,52.783993,23354.81
2023-02-14,COMB.N0000,52.783993,54.191564,51.024526,51.90426,37153.31
2023-02-15,COMB.N0000,51.90426,53.135888,51.024526,51.200474,9692.71
2023-02-16,COMB.N0000,51.90426,54.543459,51.024526,53.663726,39681.35
2023-02-17,COMB.N0000,54.543459,56.302926,54.103593,55.159273,479532.88
2023-02-20,COMB.N0000,55.159273,61.581325,55.159273,57.358603,366058.7
2023-02-21,COMB.N0000,57.182659,58.062392,55.423192,58.062392,380464.21
2023-02-22,COMB.N0000,57.182659,60.701592,56.302926,57.182659,108339.66
2023-02-23,COMB.N0000,56.302926,58.062392,56.214954,57.622525,154901.51
2023-02-24,COMB.N0000,58.062392,60.701592,57.622525,58.150364,648026.01
2023-02-27,COMB.N0000,60.61362,60.61362,55.863059,58.326315,399052.8
2023-02-28,COMB.N0000,57.182659,58.062392,57.094687,57.182659,393152.15
2023-03-01,COMB.N0000,57.094687,57.622525,56.918736,57.182659,168936.44
2023-03-02,COMB.N0000,57.974421,58.942125,57.094687,58.942125,2548802.26
2023-03-03,COMB.N0000,59.821859,61.93322,59.821859,60.525648,658177.95
2023-03-07,COMB.N0000,61.581325,62.812953,60.877536,61.669297,805169.1
2023-03-08,COMB.N0000,63.25282,63.25282,60.789563,62.461058,395123.2
2023-03-09,COMB.N0000,62.461058,62.461058,60.525648,61.493353,95322.08
2023-03-10,COMB.N0000,60.701592,60.701592,58.062392,59.645915,74976.14
2023-03-13,COMB.N0000,58.942125,59.469963,56.742792,58.942125,208981.54
2023-03-14,COMB.N0000,58.766181,59.381992,57.622525,58.062392,149288.44
2023-03-15,COMB.N0000,58.062392,60.701592,58.062392,58.942125,186362.18
2023-03-16,COMB.N0000,60.349697,60.701592,59.030097,59.821859,17442.79
2023-03-17,COMB.N0000,58.942125,62.461058,58.942125,61.93322,431518.32
2023-03-20,COMB.N0000,61.405381,62.900925,60.261725,61.581325,208919.02
2023-03-21,COMB.N0000,61.581325,61.581325,59.821859,59.821859,49618.45
2023-03-22,COMB.N0000,60.261725,60.61362,58.942125,58.942125,14154.29
2023-03-23,COMB.N0000,58.942125,58.942125,56.302926,57.182659,911180.78
2023-03-24,COMB.N0000,57.182659,59.821859,57.182659,58.150364,132090.05
2023-03-27,COMB.N0000,58.942125,58.942125,57.358603,57.798469,306085.98
2023-03-28,COMB.N0000,58.942125,60.261725,57.446581,57.534554,218373.02
2023-03-29,COMB.N0000,58.062392,59.381992,57.446581,59.381992,53604.89
2023-03-30,COMB.N0000,59.29402,59.29402,57.622525,57.798469,43545.02
2023-03-31,COMB.N0000,59.243552,60.547655,58.218899,58.684651,88480.72
2023-04-03,COMB.N0000,58.777801,58.777801,56.169594,58.5915,112278.83
2023-04-04,COMB.N0000,57.753148,58.5915,56.262744,57.939449,40318.74
2023-04-06,COMB.N0000,57.753148,58.684651,56.355895,58.49835,61606.93
2023-04-10,COMB.N0000,57.753148,59.429852,56.355895,58.218899,8563.59
2023-04-11,COMB.N0000,58.218899,58.964101,57.753148,58.684651,89557.47
2023-04-12,COMB.N0000,59.150402,59.616153,57.753148,58.684651,39743.32
2023-04-17,COMB.N0000,59.616153,59.616153,58.218899,58.684651,15583.43
2023-04-18,COMB.N0000,59.616153,59.616153,55.890143,58.032599,62216.69
2023-04-19,COMB.N0000,56.821646,56.821646,55.890143,56.076444,38481.92
2023-04-20,COMB.N0000,55.890143,56.355895,55.890143,55.983294,108334.67
2023-04-21,COMB.N0000,55.983294,56.262744,54.958641,55.983294,216243.14
2023-04-24,COMB.N0000,55.890143,55.890143,54.027139,54.027139,74159.77
2023-04-25,COMB.N0000,54.027139,55.331242,53.840838,54.772341,71356.77
2023-04-26,COMB.N0000,53.840838,54.865491,53.654538,54.49289,146037.2
2023-04-27,COMB.N0000,54.027139,54.027139,52.816186,53.095636,34720.25
2023-04-28,COMB.N0000,53.095636,53.095636,52.629885,52.723035,86117.87
2023-05-02,COMB.N0000,52.164134,52.257284,49.835378,49.835378,131300.79
2023-05-03,COMB.N0000,50.301129,50.48743,48.531275,50.207979,34849.08
2023-05-04,COMB.N0000,49.369627,52.164134,49.369627,50.301129,126211.16
2023-05-08,COMB.N0000,50.114829,53.840838,50.114829,53.840838,75663.79
2023-05-09,COMB.N0000,53.095636,54.027139,52.723035,53.468237,116608.4
2023-05-10,COMB.N0000,53.095636,53.375087,52.164134,53.375087,19154
2023-05-11,COMB.N0000,53.561387,57.380547,52.164134,56.076444,420402.57
2023-05-12,COMB.N0000,56.076444,56.076444,54.958641,55.890143,209142.78
2023-05-15,COMB.N0000,54.39974,55.796993,54.027139,54.958641,262435.18
2023-05-16,COMB.N0000,54.027139,54.958641,53.095636,54.120289,1488535.1
2023-05-17,COMB.N0000,54.027139,54.39974,52.257284,53.561387,340305.09
2023-05-18,COMB.N0000,53.654538,54.027139,52.629885,54.027139,296475.89
2023-05-19,COMB.N0000,53.095636,53.095636,51.418932,52.629885,251924.21
2023-05-22,COMB.N0000,53.095636,53.095636,51.232631,51.232631,298768.96
2023-05-23,COMB.N0000,53.095636,54.027139,51.232631,54.027139,133142.98
2023-05-24,COMB.N0000,51.698383,54.865491,51.698383,54.772341,186852.98
2023-05-25,COMB.N0000,54.49289,54.49289,53.095636,54.39974,160227.18
2023-05-26,COMB.N0000,52.350434,55.424392,52.164134,55.424392,97606.83
2023-05-29,COMB.N0000,54.958641,54.958641,53.095636,53.375087,29618.82
2023-05-30,COMB.N0000,53.375087,53.375087,52.723035,53.002486,15410.59
2023-05-31,COMB.N0000,54.027139,54.027139,52.723035,52.816186,4764.35
2023-06-01,COMB.N0000,52.816186,54.67919,52.816186,53.095636,89145.24
2023-06-02,COMB.N0000,53.375087,54.958641,53.375087,54.772341,54968.19
2023-06-05,COMB.N0000,54.772341,54.958641,53.095636,54.120289,29789.51
2023-06-06,COMB.N0000,54.027139,54.120289,53.375087,53.561387,235667.67
2023-06-07,COMB.N0000,54.120289,54.58604,52.816186,53.375087,5473.95
2023-06-08,COMB.N0000,53.281937,54.958641,53.281937,54.49289,13996.74
2023-06-09,COMB.N0000,54.120289,56.169594,54.120289,54.120289,102899.36
2023-06-12,COMB.N0000,55.051791,57.659998,55.051791,57.566848,99957.88
2023-06-13,COMB.N0000,57.566848,57.659998,56.169594,56.821646,78879.02
2023-06-14,COMB.N0000,56.914796,62.41066,56.821646,62.41066,177178.29
2023-06-15,COMB.N0000,62.41066,62.41066,59.616153,61.479158,558132.76
2023-06-16,COMB.N0000,61.479158,63.155862,60.547655,60.920256,112353.98
2023-06-19,COMB.N0000,59.616153,60.547655,59.616153,60.175054,211728.93
2023-06-20,COMB.N0000,59.616153,60.547655,59.150402,60.454505,120886.43
2023-06-21,COMB.N0000,60.454505,61.944909,59.709303,61.758608,1392719.99
2023-06-22,COMB.N0000,61.851759,62.41066,61.479158,61.572308,201652.73
2023-06-23,COMB.N0000,61.479158,63.155862,61.479158,61.479158,491769
2023-06-26,COMB.N0000,61.479158,65.112017,58.777801,64.739416,1244362.88
2023-06-27,COMB.N0000,63.807914,64.273665,62.50381,62.876411,397093.99
2023-06-28,COMB.N0000,62.876411,64.739416,61.479158,62.876411,661917.79
2023-07-04,COMB.N0000,70.32843,76.103745,70.32843,75.358543,8539166.5
2023-07-05,COMB.N0000,77.314698,77.314698,74.613341,75.451694,5087755.06
2023-07-06,COMB.N0000,75.731144,75.917445,72.657186,74.427041,648555.5
2023-07-07,COMB.N0000,74.05444,74.520191,72.750337,74.05444,424898.53
2023-07-10,COMB.N0000,74.05444,74.333891,72.657186,72.657186,233162.04
2023-07-11,COMB.N0000,73.309238,73.309238,72.191435,72.191435,183416.6
2023-07-12,COMB.N0000,72.098285,75.358543,72.098285,74.985942,1242760.1
2023-07-13,COMB.N0000,75.451694,75.451694,72.657186,73.588689,939113
2023-07-14,COMB.N0000,74.520191,75.451694,73.588689,74.985942,324337.33
2023-07-17,COMB.N0000,74.985942,80.109206,74.892792,78.805102,2719075.15
2023-07-18,COMB.N0000,79.177703,81.506459,78.898252,81.133858,1674748.25
2023-07-19,COMB.N0000,81.040708,83.555764,79.829755,83.369464,1393643.23
2023-07-20,COMB.N0000,81.97221,82.996863,81.506459,81.97221,720640.13
2023-07-21,COMB.N0000,81.97221,82.903713,81.506459,81.97221,330894.48
2023-07-24,COMB.N0000,81.599609,84.394117,81.599609,82.437962,1045271.61
2023-07-25,COMB.N0000,82.158511,83.555764,81.599609,82.251661,1116463.05
2023-07-26,COMB.N0000,82.624262,83.276314,81.97221,82.624262,281433.52
2023-07-27,COMB.N0000,81.599609,86.629722,81.599609,86.070821,1009774.11
2023-07-28,COMB.N0000,86.257121,87.747525,85.69822,86.257121,865915.12
2023-07-31,COMB.N0000,86.629722,87.188624,85.69822,87.095473,484973.53
2023-08-02,COMB.N0000,86.629722,90.355732,85.79137,89.051628,1783809.7
2023-08-03,COMB.N0000,89.424229,93.848866,89.331079,92.218737,3096979.71
2023-08-04,COMB.N0000,93.150239,94.780368,93.150239,94.081741,1745525.31
2023-08-07,COMB.N0000,93.150239,97.807751,92.218737,96.876249,1598422.09
2023-08-08,COMB.N0000,96.410497,99.43788,94.081741,98.739253,1857607.69
2023-08-09,COMB.N0000,97.807751,97.807751,96.177622,96.876249,493056.17
2023-08-10,COMB.N0000,97.807751,100.136507,97.342,97.574875,549312.6
2023-08-11,COMB.N0000,98.273502,98.273502,95.246119,96.410497,203304.9
2023-08-14,COMB.N0000,95.013244,95.013244,88.492727,90.355732,455438.45
2023-08-15,COMB.N0000,88.492727,90.262582,86.257121,86.629722,372602.37
2023-08-16,COMB.N0000,86.629722,90.355732,86.163971,90.076281,2103111.08
2023-08-17,COMB.N0000,90.635183,90.635183,88.492727,89.61053,406032.24
2023-08-18,COMB.N0000,89.424229,89.424229,86.722872,87.095473,277022.37
2023-08-21,COMB.N0000,87.095473,88.492727,85.139318,85.139318,765509.58
2023-08-22,COMB.N0000,84.859868,85.139318,83.183163,83.835215,411478.28
2023-08-23,COMB.N0000,83.835215,87.561225,83.369464,87.188624,1831461.75
2023-08-24,COMB.N0000,87.095473,87.095473,83.369464,83.369464,455133.56
2023-08-25,COMB.N0000,83.462614,83.462614,74.520191,80.109206,315948.73
2023-08-28,COMB.N0000,81.320159,81.506459,80.574957,81.040708,906429.24
2023-08-29,COMB.N0000,81.040708,81.133858,80.481806,81.133858,215459.46
2023-08-31,COMB.N0000,81.413309,81.87906,80.574957,80.574957,50934.92
2023-09-01,COMB.N0000,80.574957,83.835215,80.574957,83.835215,297717.97
2023-09-04,COMB.N0000,83.835215,87.468074,83.742065,86.909173,626616.75
2023-09-05,COMB.N0000,87.095473,89.424229,86.909173,88.585877,1553417.38
2023-09-06,COMB.N0000,88.492727,88.865328,85.69822,85.69822,304015.32
2023-09-07,COMB.N0000,86.629722,86.629722,83.928365,86.163971,145408.11
2023-09-08,COMB.N0000,85.79137,86.629722,85.79137,86.443422,141981.39
2023-09-11,COMB.N0000,86.443422,86.536572,84.207816,85.60507,65871.01
2023-09-12,COMB.N0000,85.69822,85.69822,83.835215,83.928365,203645.21
2023-09-13,COMB.N0000,84.766717,85.69822,83.928365,84.766717,587623.83
2023-09-14,COMB.N0000,84.766717,86.629722,84.766717,85.977671,79058.3
2023-09-15,COMB.N0000,86.629722,86.629722,84.766717,85.232469,140291.64
2023-09-18,COMB.N0000,86.163971,86.163971,83.369464,83.835215,197144.96
2023-09-19,COMB.N0000,83.835215,83.835215,81.040708,81.97221,212008.04
2023-09-20,COMB.N0000,82.437962,83.369464,81.97221,82.903713,691167.31
2023-09-21,COMB.N0000,83.742065,83.742065,81.599609,82.810562,56333.73
2023-09-22,COMB.N0000,81.97221,84.021516,81.599609,82.903713,70889.78
2023-09-25,COMB.N0000,83.369464,83.835215,81.97221,81.97221,48748.13
2023-09-26,COMB.N0000,82.437962,82.903713,81.78591,82.717412,145210.58
2023-09-27,COMB.N0000,82.903713,84.859868,82.810562,84.021516,151585.23
2023-10-02,COMB.N0000,83.835215,83.835215,81.78591,82.717412,107724.9
2023-10-03,COMB.N0000,81.97221,83.742065,81.227008,81.227008,63536.07
2023-10-04,COMB.N0000,81.133858,81.78591,80.202356,81.78591,103936.39
2023-10-05,COMB.N0000,81.78591,82.717412,80.574957,81.506459,74721.23
2023-10-06,COMB.N0000,81.97221,81.97221,80.202356,80.388656,26120.17
2023-10-09,COMB.N0000,80.388656,81.040708,77.78045,79.177703,366807.43
2023-10-10,COMB.N0000,79.177703,80.947558,78.246201,79.084553,271490.45
2023-10-11,COMB.N0000,79.084553,80.016055,77.314698,77.78045,290001.4
2023-10-12,COMB.N0000,77.78045,79.177703,76.942097,78.246201,68510.83
2023-10-13,COMB.N0000,78.711952,79.177703,78.246201,78.246201,50711.63
2023-10-16,COMB.N0000,78.246201,78.246201,74.799642,74.799642,313051.26
2023-10-17,COMB.N0000,74.799642,77.221548,74.799642,75.172243,267450.74
2023-10-18,COMB.N0000,74.520191,75.265393,74.520191,74.985942,200136.9
2023-10-19,COMB.N0000,74.613341,76.848947,74.520191,76.383196,291909.07
2023-10-20,COMB.N0000,76.103745,81.320159,76.103745,81.040708,174116.57
2023-10-23,COMB.N0000,80.854407,82.717412,80.574957,80.947558,285840.38
2023-10-24,COMB.N0000,81.320159,81.506459,78.711952,79.177703,57382.57
2023-10-25,COMB.N0000,79.084553,79.084553,76.942097,77.035248,7616.73
2023-10-26,COMB.N0000,76.848947,78.246201,75.451694,76.383196,47374.01
2023-10-27,COMB.N0000,75.917445,78.153051,75.451694,77.314698,151248.14
2023-10-30,COMB.N0000,77.78045,77.78045,76.383196,77.314698,29135.73
2023-10-31,COMB.N0000,76.848947,77.500999,76.010595,76.476346,48056.77
2023-11-01,COMB.N0000,77.594149,78.432501,76.848947,78.246201,75189.29
2023-11-02,COMB.N0000,77.78045,80.109206,77.78045,78.525651,327307.8
2023-11-03,COMB.N0000,79.084553,79.550304,78.246201,78.246201,75831.26
2023-11-06,COMB.N0000,78.618802,80.016055,78.153051,79.177703,43531.83
2023-11-07,COMB.N0000,79.084553,80.109206,78.246201,79.177703,217170.67
2023-11-08,COMB.N0000,79.177703,82.810562,79.177703,81.040708,472446.45
2023-11-09,COMB.N0000,81.97221,81.97221,80.109206,80.574957,761349.63
2023-11-10,COMB.N0000,80.761257,81.040708,79.643454,79.922905,896885.51
2023-11-13,COMB.N0000,80.295506,81.506459,79.643454,80.947558,91505.94
2023-11-14,COMB.N0000,81.413309,81.69276,79.177703,80.109206,72949.89
2023-11-15,COMB.N0000,80.574957,80.574957,77.314698,79.177703,52436.8
2023-11-16,COMB.N0000,78.711952,80.016055,76.848947,78.711952,105009.93
2023-11-17,COMB.N0000,79.643454,79.643454,78.0599,79.177703,272022.92
2023-11-20,COMB.N0000,79.177703,79.177703,77.221548,77.221548,153205.19
2023-11-21,COMB.N0000,77.687299,78.711952,77.314698,78.246201,270894.64
2023-11-22,COMB.N0000,77.035248,79.177703,77.035248,77.78045,446121.24
2023-11-23,COMB.N0000,79.364004,79.643454,78.246201,79.177703,228407.36
2023-11-24,COMB.N0000,79.643454,80.109206,78.711952,79.177703,129158.02
2023-11-27,COMB.N0000,79.177703,79.643454,79.177703,79.643454,322602.5
2023-11-28,COMB.N0000,79.550304,79.643454,78.711952,79.643454,72034.17
2023-11-29,COMB.N0000,79.643454,80.109206,79.457154,79.922905,295099.62
2023-11-30,COMB.N0000,80.109206,81.97221,80.109206,81.040708,299719.04
2023-12-01,COMB.N0000,81.87906,83.928365,81.87906,83.835215,381438.63
2023-12-04,COMB.N0000,84.580417,86.163971,84.021516,84.766717,99368.51
2023-12-05,COMB.N0000,84.766717,85.232469,82.996863,83.835215,227703.12
2023-12-06,COMB.N0000,83.835215,84.207816,83.369464,83.835215,236786.3
2023-12-07,COMB.N0000,83.835215,85.69822,83.835215,85.046168,222248.49
2023-12-08,COMB.N0000,85.69822,87.561225,85.69822,87.561225,252733.65
2023-12-11,COMB.N0000,87.561225,88.026976,87.281774,88.026976,375753.2
2023-12-12,COMB.N0000,88.306427,88.585877,87.840675,88.585877,389209.95
2023-12-13,COMB.N0000,88.865328,88.865328,86.722872,87.933826,293517.23
2023-12-14,COMB.N0000,87.561225,88.399577,86.629722,87.374924,103172.04
2023-12-15,COMB.N0000,87.468074,88.026976,86.629722,87.561225,327345.38
2023-12-18,COMB.N0000,87.095473,87.654375,87.002323,87.561225,527608.95
2023-12-19,COMB.N0000,87.002323,87.654375,87.002323,87.281774,312181.7
2023-12-20,COMB.N0000,87.188624,87.561225,87.002323,87.281774,127605.68
2023-12-21,COMB.N0000,87.281774,87.747525,86.629722,86.629722,88651.41
2023-12-22,COMB.N0000,86.443422,87.095473,86.257121,86.629722,128918.62
2023-12-27,COMB.N0000,86.070821,87.561225,85.418769,86.722872,84671.82
2023-12-28,COMB.N0000,86.722872,88.026976,86.536572,88.026976,693292.91
2023-12-29,COMB.N0000,88.026976,89.051628,88.026976,88.958478,412175
2024-01-02,COMB.N0000,88.958478,91.287234,88.026976,90.169431,129458.61
2024-01-03,COMB.N0000,89.424229,90.821483,89.144779,89.424229,234709.01
2024-01-04,COMB.N0000,89.424229,89.424229,88.679028,89.051628,405086.45
2024-01-05,COMB.N0000,89.61053,89.61053,88.492727,89.424229,255852.27
2024-01-08,COMB.N0000,88.679028,88.958478,87.561225,88.492727,377435.42
2024-01-09,COMB.N0000,88.492727,88.492727,87.561225,87.654375,20848.04
2024-01-10,COMB.N0000,87.840675,88.213276,86.629722,86.909173,141903.02
2024-01-11,COMB.N0000,86.909173,86.909173,85.511919,85.511919,565538
2024-01-12,COMB.N0000,85.79137,86.070821,84.953018,85.232469,161694.7
2024-01-16,COMB.N0000,85.139318,85.232469,84.394117,84.766717,391956.05
2024-01-17,COMB.N0000,85.046168,85.046168,83.835215,83.835215,83240.8
2024-01-18,COMB.N0000,82.996863,83.648915,81.97221,82.624262,36576.4
2024-01-19,COMB.N0000,81.97221,83.648915,81.97221,83.369464,31197.99
2024-01-22,COMB.N0000,83.183163,83.183163,81.506459,81.78591,288260.13
2024-01-23,COMB.N0000,82.437962,82.437962,81.506459,81.69276,5114.32
2024-01-24,COMB.N0000,81.78591,81.97221,81.506459,81.69276,88394.83
2024-01-26,COMB.N0000,81.87906,81.97221,81.69276,81.78591,241664.44
2024-01-29,COMB.N0000,81.506459,82.624262,81.413309,81.97221,74228.47
2024-01-30,COMB.N0000,82.344811,82.344811,81.040708,81.133858,48912.38
2024-01-31,COMB.N0000,80.761257,81.133858,80.109206,81.133858,76178.01
2024-02-01,COMB.N0000,81.040708,82.903713,80.202356,82.903713,614135.84
2024-02-02,COMB.N0000,82.903713,82.903713,81.87906,81.97221,100419.5
2024-02-06,COMB.N0000,82.437962,82.437962,81.506459,81.69276,520929.42
2024-02-07,COMB.N0000,81.97221,82.903713,81.97221,82.903713,105991.14
2024-02-08,COMB.N0000,82.903713,83.369464,82.810562,83.369464,113700.19
2024-02-09,COMB.N0000,83.369464,83.369464,82.717412,83.369464,166125.18
2024-02-12,COMB.N0000,83.555764,83.742065,83.183163,83.369464,51470.61
2024-02-13,COMB.N0000,83.742065,83.742065,82.717412,83.369464,862533.48
2024-02-14,COMB.N0000,82.903713,82.903713,82.437962,82.531112,27859.3
2024-02-15,COMB.N0000,82.531112,83.369464,82.344811,83.369464,1284299.44
2024-02-16,COMB.N0000,82.903713,83.835215,82.903713,83.742065,181591.59
2024-02-19,COMB.N0000,83.835215,85.232469,83.462614,84.766717,466378.84
2024-02-20,COMB.N0000,84.859868,85.232469,84.114666,84.766717,138173.56
2024-02-21,COMB.N0000,84.766717,85.139318,84.394117,84.859868,273983.19
2024-02-22,COMB.N0000,84.859868,85.325619,84.673567,85.325619,193338.2
2024-02-26,COMB.N0000,84.953018,86.536572,84.766717,85.232469,59351.43
2024-02-27,COMB.N0000,84.953018,84.953018,84.114666,84.766717,489626.23
2024-02-28,COMB.N0000,84.766717,84.766717,84.021516,84.207816,38154.49
2024-02-29,COMB.N0000,84.207816,84.207816,83.742065,83.928365,2337316.6
2024-03-01,COMB.N0000,83.835215,83.835215,82.437962,82.437962,10784.73
2024-03-04,COMB.N0000,82.903713,82.903713,81.97221,82.251661,12779.36
2024-03-05,COMB.N0000,82.531112,85.139318,81.97221,84.394117,76023.42
2024-03-06,COMB.N0000,83.928365,85.69822,83.928365,84.580417,64329.41
2024-03-07,COMB.N0000,86.163971,86.163971,84.766717,85.69822,109341.64
2024-03-11,COMB.N0000,85.69822,88.306427,85.69822,87.561225,320351.3
2024-03-12,COMB.N0000,88.026976,88.026976,86.257121,87.561225,190558.82
2024-03-13,COMB.N0000,87.561225,87.840675,86.629722,87.747525,183559.38
2024-03-14,COMB.N0000,87.561225,88.399577,87.561225,88.399577,41908.64
2024-03-15,COMB.N0000,88.399577,88.492727,88.026976,88.492727,69643.41
2024-03-18,COMB.N0000,88.399577,88.958478,88.026976,88.679028,196253.92
2024-03-19,COMB.N0000,88.772178,88.772178,87.561225,88.120126,183867.48
2024-03-20,COMB.N0000,88.306427,88.306427,87.561225,87.654375,44759.95
2024-03-21,COMB.N0000,87.747525,87.840675,87.095473,87.374924,124052.29
2024-03-22,COMB.N0000,87.374924,88.492727,87.002323,88.399577,302100.14
2024-03-25,COMB.N0000,88.492727,88.492727,88.026976,88.306427,11869
2024-03-26,COMB.N0000,87.561225,89.61053,87.561225,89.61053,371175.64
2024-03-27,COMB.N0000,89.61053,90.355732,89.144779,89.889981,232977.39
2024-03-28,COMB.N0000,89.61053,91.846136,89.61053,91.752985,704340.65
2024-04-01,COMB.N0000,90.817455,90.817455,87.11643,89.868474,393764.59
2024-04-02,COMB.N0000,90.153168,91.102149,89.678678,89.678678,390729.75
2024-04-03,COMB.N0000,90.153168,92.52562,89.868474,92.52562,1360586.13
2024-04-04,COMB.N0000,92.430722,95.372562,92.146028,94.803174,873567.8
2024-04-05,COMB.N0000,94.898072,101.066446,94.708276,100.591956,2791278
2024-04-08,COMB.N0000,100.829201,105.33686,100.829201,103.676143,1610418.39
2024-04-09,COMB.N0000,104.387879,104.625124,101.066446,104.387879,1448000.97
2024-04-10,COMB.N0000,104.387879,106.523085,104.387879,106.28584,787322.64
2024-04-15,COMB.N0000,105.81135,106.28584,102.727163,104.387879,401075.59
2024-04-16,COMB.N0000,103.438898,104.387879,96.796033,98.693995,495617.03
2024-04-17,COMB.N0000,98.693995,102.015427,95.609807,99.88022,527569.2
2024-04-18,COMB.N0000,100.354711,101.540937,99.642975,100.591956,745831.8
2024-04-19,COMB.N0000,99.168485,100.117466,97.270523,99.168485,365477.39
2024-04-22,COMB.N0000,99.168485,101.540937,98.693995,100.829201,584828.53
2024-04-24,COMB.N0000,100.591956,101.066446,100.117466,100.591956,494274.53
2024-04-25,COMB.N0000,100.591956,105.099614,100.591956,104.387879,1866184.39
2024-04-26,COMB.N0000,104.387879,108.895537,104.387879,108.658292,771642.66
2024-04-29,COMB.N0000,109.132782,110.793499,109.132782,110.081763,991596.54
2024-04-30,COMB.N0000,110.793499,110.793499,108.183802,109.132782,365619.65
2024-05-02,COMB.N0000,109.132782,109.844518,108.421047,109.132782,539440.89
2024-05-03,COMB.N0000,109.132782,109.370028,108.183802,108.658292,593404.05
2024-05-06,COMB.N0000,108.183802,108.658292,106.760331,106.760331,227139.49
2024-05-07,COMB.N0000,106.997576,108.421047,106.760331,108.183802,275156.28
2024-05-08,COMB.N0000,107.709311,109.132782,107.234821,108.183802,238510.64
2024-05-09,COMB.N0000,107.472066,108.658292,107.234821,108.658292,330844.45
2024-05-10,COMB.N0000,108.658292,111.267989,108.658292,111.030744,448460.11
2024-05-13,COMB.N0000,111.030744,111.505234,109.844518,110.793499,222743.2
2024-05-14,COMB.N0000,109.607273,111.030744,106.28584,109.844518,576348.91
2024-05-15,COMB.N0000,111.030744,111.505234,108.183802,108.658292,227836.03
2024-05-16,COMB.N0000,108.895537,110.081763,107.472066,108.183802,197104.11
2024-05-17,COMB.N0000,108.183802,108.183802,106.048595,107.709311,163204.58
2024-05-20,COMB.N0000,106.760331,107.709311,103.438898,106.28584,72798.11
2024-05-21,COMB.N0000,105.33686,106.523085,105.33686,106.523085,231160.65
2024-05-22,COMB.N0000,106.523085,108.895537,106.28584,108.658292,201457.2
2024-05-27,COMB.N0000,108.658292,109.132782,107.234821,107.472066,87447.51
2024-05-28,COMB.N0000,107.234821,107.472066,106.28584,106.760331,33019.64
2024-05-29,COMB.N0000,103.438898,103.438898,94.898072,98.693995,2267749.98
2024-05-30,COMB.N0000,99.168485,102.015427,99.168485,102.015427,585811.69
2024-05-31,COMB.N0000,102.252672,102.252672,99.88022,100.117466,236297.74
2024-06-03,COMB.N0000,101.303692,101.303692,100.117466,101.066446,149054.66
2024-06-04,COMB.N0000,101.066446,101.303692,99.642975,100.354711,58729.33
2024-06-05,COMB.N0000,99.88022,101.303692,99.88022,100.591956,358807.08
2024-06-06,COMB.N0000,100.117466,104.387879,100.117466,102.252672,344635.03
2024-06-07,COMB.N0000,104.387879,104.387879,102.489917,102.964408,124447.21
2024-06-10,COMB.N0000,102.489917,103.676143,102.489917,103.676143,806482.14
2024-06-11,COMB.N0000,103.676143,104.625124,102.489917,102.489917,370710.38
2024-06-12,COMB.N0000,104.387879,104.387879,102.964408,103.438898,84574.95
2024-06-13,COMB.N0000,104.150634,104.387879,102.727163,103.913388,824979.88
2024-06-14,COMB.N0000,103.438898,103.438898,102.489917,102.727163,146322.26
2024-06-18,COMB.N0000,102.727163,103.438898,100.591956,100.829201,77169.11
2024-06-19,COMB.N0000,100.829201,102.489917,100.354711,100.829201,156704.98
2024-06-20,COMB.N0000,100.117466,100.829201,100.117466,100.354711,56594.41
2024-06-24,COMB.N0000,100.354711,101.066446,100.117466,100.354711,458408.68
2024-06-25,COMB.N0000,100.591956,101.778182,100.354711,100.591956,363602.75
2024-06-26,COMB.N0000,101.066446,101.540937,100.354711,101.540937,260486.85
2024-06-27,COMB.N0000,101.540937,102.015427,100.354711,100.591956,373547.11
2024-06-28,COMB.N0000,100.829201,100.829201,98.93124,100.117466,494256.62
2024-07-01,COMB.N0000,100.829201,100.829201,98.693995,98.93124,88898.54
2024-07-02,COMB.N0000,100.354711,100.354711,98.456749,98.693995,258420.42
2024-07-03,COMB.N0000,99.40573,99.642975,98.456749,98.93124,80270.33
2024-07-04,COMB.N0000,100.117466,100.354711,97.745014,98.219504,243243.09
2024-07-05,COMB.N0000,98.219504,99.642975,97.745014,98.456749,140491.79
2024-07-08,COMB.N0000,98.456749,98.693995,97.745014,97.745014,168854.85
2024-07-09,COMB.N0000,97.745014,97.745014,96.321543,96.558788,212340.46
2024-07-10,COMB.N0000,96.796033,96.796033,95.847052,96.321543,64603
2024-07-11,COMB.N0000,96.796033,96.796033,95.847052,96.084298,86548.65
2024-07-12,COMB.N0000,96.321543,98.693995,96.321543,98.219504,269519.7
2024-07-15,COMB.N0000,98.219504,99.642975,98.219504,99.168485,580057.1
2024-07-16,COMB.N0000,98.923678,100.637702,98.433957,98.923678,132421.27
2024-07-17,COMB.N0000,98.923678,98.923678,96.964793,97.944235,61167.46
2024-07-18,COMB.N0000,97.650403,97.944235,96.964793,96.964793,163090.76
2024-07-19,COMB.N0000,96.964793,97.846291,96.964793,97.454514,29662.8
2024-07-22,COMB.N0000,97.062737,97.258626,93.047024,93.928522,173087.27
2024-07-23,COMB.N0000,93.242912,94.907964,92.851135,94.026466,132262
2024-07-24,COMB.N0000,93.536745,95.397685,93.242912,95.103853,149032.76
2024-07-25,COMB.N0000,95.495629,96.67096,94.026466,94.222354,170050.85
2024-07-26,COMB.N0000,94.026466,94.12441,92.557302,93.047024,236599.94
2024-07-29,COMB.N0000,93.047024,93.047024,92.459358,92.557302,159817.47
2024-07-30,COMB.N0000,92.165525,92.165525,91.088139,91.57786,79776.01
2024-07-31,COMB.N0000,92.067581,92.067581,90.304585,90.402529,64345.8
2024-08-01,COMB.N0000,90.89225,92.557302,90.500473,90.696362,48793.07
2024-08-02,COMB.N0000,91.088139,91.57786,90.598418,91.088139,78116.9
2024-08-05,COMB.N0000,91.088139,91.088139,86.48476,87.170369,206718.65
2024-08-06,COMB.N0000,88.149812,88.639533,86.680648,88.149812,292243.85
2024-08-07,COMB.N0000,88.149812,88.639533,87.855979,87.855979,79457.46
2024-08-08,COMB.N0000,88.149812,88.149812,87.170369,87.855979,231600.15
2024-08-09,COMB.N0000,88.149812,88.149812,86.680648,87.660091,261614.17
2024-08-12,COMB.N0000,87.170369,89.618975,86.680648,89.129254,192915.9
2024-08-13,COMB.N0000,88.639533,89.521031,88.443645,89.129254,24145.37
2024-08-14,COMB.N0000,89.423087,91.57786,89.129254,91.088139,245458.04
2024-08-15,COMB.N0000,91.088139,94.026466,91.088139,92.067581,37353.91
2024-08-16,COMB.N0000,92.067581,92.851135,91.773749,91.773749,22827.28
2024-08-20,COMB.N0000,92.067581,92.459358,91.57786,91.969637,163653.33
2024-08-21,COMB.N0000,92.067581,92.067581,91.088139,91.871693,56947.71
2024-08-22,COMB.N0000,91.969637,91.969637,91.088139,91.088139,82904.32
2024-08-23,COMB.N0000,92.361414,92.361414,89.129254,90.108697,65913.02
2024-08-26,COMB.N0000,90.010752,90.010752,87.758035,88.149812,104184.79
2024-08-27,COMB.N0000,88.149812,90.108697,87.268314,87.758035,296507.5
2024-08-28,COMB.N0000,87.170369,87.170369,84.721764,85.113541,378239.72
2024-08-29,COMB.N0000,84.623819,86.876537,83.840265,84.232042,435933.77
2024-08-30,COMB.N0000,86.190927,86.190927,83.448489,85.113541,333119.15
2024-09-02,COMB.N0000,84.232042,85.211485,82.664935,82.762879,320556.9
2024-09-03,COMB.N0000,82.762879,83.154656,81.293715,82.273158,710127.55
2024-09-04,COMB.N0000,82.273158,84.721764,81.293715,84.232042,2203190.41
2024-09-05,COMB.N0000,85.701206,87.170369,83.448489,84.134098,272018.05
2024-09-06,COMB.N0000,84.036154,85.701206,82.273158,82.273158,330450.28
2024-09-09,COMB.N0000,82.371102,82.371102,79.824552,79.922496,448498.06
2024-09-10,COMB.N0000,80.216329,80.803994,78.257444,78.845109,708553.19
2024-09-11,COMB.N0000,79.334831,79.530719,78.257444,78.355388,2921632.9
2024-09-12,COMB.N0000,78.355388,79.824552,76.396504,78.061556,3150482.51
2024-09-13,COMB.N0000,78.1595,80.803994,78.1595,80.803994,578547.58
2024-09-18,COMB.N0000,80.999883,81.979325,79.334831,81.881381,1068817.37
2024-09-19,COMB.N0000,82.077269,83.742321,81.783437,83.2526,1120703.02
2024-09-20,COMB.N0000,86.190927,87.268314,84.232042,87.170369,1773468.34
2024-09-23,COMB.N0000,85.211485,89.618975,83.2526,89.521031,1198023.54
2024-09-24,COMB.N0000,89.521031,92.557302,89.325143,92.067581,4348788.86
2024-09-25,COMB.N0000,92.851135,98.923678,92.655247,98.923678,3542703.65
2024-09-26,COMB.N0000,98.433957,102.596587,95.985351,96.964793,2246833.61
2024-09-27,COMB.N0000,97.944235,98.189096,95.495629,97.944235,910935.69
2024-09-30,COMB.N0000,97.944235,100.882562,97.944235,99.658259,805127.53
2024-10-01,COMB.N0000,99.90312,101.617144,97.552458,100.882562,1486373.34
2024-10-02,COMB.N0000,99.90312,103.820889,99.168538,102.596587,2179882.25
2024-10-03,COMB.N0000,102.596587,102.596587,100.392841,102.106865,609567.27
2024-10-04,COMB.N0000,102.106865,104.06575,101.127423,102.596587,1268604.52
2024-10-07,COMB.N0000,103.331168,105.290053,103.331168,104.800332,2495696.65
2024-10-08,COMB.N0000,105.045192,105.045192,104.06575,104.555471,1285163.95
2024-10-09,COMB.N0000,104.555471,105.045192,103.820889,104.555471,815908.15
2024-10-10,COMB.N0000,104.310611,105.045192,102.351726,105.045192,1151338.82
2024-10-11,COMB.N0000,105.290053,107.248938,104.800332,106.759217,1421138.26
2024-10-14,COMB.N0000,106.759217,107.493798,105.779774,106.024635,355824.92
2024-10-15,COMB.N0000,106.024635,106.269495,105.290053,105.779774,695358.94
2024-10-16,COMB.N0000,105.779774,106.269495,105.779774,105.779774,423549.17
2024-10-18,COMB.N0000,105.779774,106.759217,105.779774,106.269495,126057.44
2024-10-21,COMB.N0000,106.269495,106.759217,105.779774,106.269495,515655.67
2024-10-22,COMB.N0000,106.269495,106.514356,105.779774,105.779774,302851.92
2024-10-23,COMB.N0000,105.779774,108.718101,105.779774,108.473241,1466177.15
2024-10-24,COMB.N0000,108.22838,109.207822,108.22838,109.207822,514530.54
2024-10-25,COMB.N0000,109.207822,112.146149,109.207822,111.656428,1193855.87
2024-10-28,COMB.N0000,111.411568,112.146149,111.166707,111.656428,497639.29
2024-10-29,COMB.N0000,111.656428,115.574198,111.656428,115.084477,1555859.82
2024-10-30,COMB.N0000,116.063919,119.981688,115.574198,115.574198,2022228.25
2024-11-01,COMB.N0000,115.574198,117.777943,113.615313,115.819058,593066.04
2024-11-04,COMB.N0000,115.574198,116.55364,114.349895,114.839616,163629.84
2024-11-05,COMB.N0000,115.084477,115.574198,113.615313,114.349895,539209.89
2024-11-06,COMB.N0000,114.349895,114.594755,112.635871,113.125592,786781.37
2024-11-07,COMB.N0000,112.880731,113.370452,111.901289,112.39101,1240008.66
2024-11-08,COMB.N0000,111.656428,114.594755,111.411568,112.635871,414269.4
2024-11-11,COMB.N0000,112.39101,116.55364,112.146149,116.55364,685640.15
2024-11-12,COMB.N0000,115.819058,117.288222,115.819058,116.55364,395868.12
2024-11-13,COMB.N0000,117.043361,117.288222,116.063919,117.043361,509613.45
2024-11-14,COMB.N0000,117.533082,121.205991,117.533082,120.71627,1670230
2024-11-18,COMB.N0000,121.695712,126.103203,120.961131,121.695712,2007220.73
2024-11-19,COMB.N0000,121.695712,121.695712,118.022804,120.71627,711197.55
2024-11-20,COMB.N0000,119.981688,121.205991,119.491967,120.71627,1146525.87
2024-11-21,COMB.N0000,120.961131,120.961131,116.55364,119.002246,1478942.58
2024-11-22,COMB.N0000,118.267664,120.471409,118.267664,119.491967,469208.83
2024-11-25,COMB.N0000,118.267664,119.981688,116.798501,116.798501,585920.14
2024-11-26,COMB.N0000,116.55364,120.471409,116.55364,119.491967,286152.62
2024-11-27,COMB.N0000,119.491967,119.981688,118.757385,119.981688,559799.15
2024-11-28,COMB.N0000,119.736828,121.205991,119.736828,120.471409,603492.38
2024-11-29,COMB.N0000,120.961131,121.450852,120.226549,120.471409,340678.55
2024-12-02,COMB.N0000,120.471409,120.71627,119.981688,120.71627,203033.9
2024-12-03,COMB.N0000,120.471409,121.450852,120.471409,121.450852,254557.09
2024-12-04,COMB.N0000,120.961131,124.634039,120.471409,124.389179,2258859.84
2024-12-05,COMB.N0000,124.634039,127.327506,124.634039,126.103203,1446042.23
2024-12-06,COMB.N0000,125.858342,126.837785,125.858342,126.103203,616821.4
2024-12-09,COMB.N0000,126.103203,126.592924,125.123761,126.103203,860711.2
2024-12-10,COMB.N0000,126.348064,126.592924,125.858342,126.348064,355333.83
2024-12-11,COMB.N0000,126.348064,126.592924,126.103203,126.348064,481291.21
2024-12-12,COMB.N0000,126.348064,128.306948,126.103203,126.348064,1872940.24
2024-12-13,COMB.N0000,127.327506,129.04153,126.592924,128.796669,1778006.63
2024-12-16,COMB.N0000,129.286391,132.714439,129.286391,131.245275,1498357.71
2024-12-17,COMB.N0000,131.979857,134.918184,131.245275,134.428463,3518097.81
2024-12-18,COMB.N0000,134.673324,134.673324,133.20416,134.183602,418550.41
2024-12-19,COMB.N0000,134.673324,135.163045,131.979857,132.959299,605393.46
2024-12-20,COMB.N0000,133.20416,134.183602,131.979857,132.714439,562127.01
2024-12-23,COMB.N0000,134.183602,135.652766,134.183602,135.163045,1547334.56
2024-12-24,COMB.N0000,135.163045,136.632208,134.673324,136.142487,882581.8
2024-12-26,COMB.N0000,136.387348,136.632208,135.163045,136.142487,263264.09
2024-12-27,COMB.N0000,135.652766,138.591093,135.163045,138.591093,2948572.72
2024-12-30,COMB.N0000,139.080814,142.019141,139.080814,141.039699,1376359.72
2024-12-31,COMB.N0000,140.060257,142.753723,140.060257,141.774281,2140546.6
2025-01-02,COMB.N0000,141.52942,143.488305,141.039699,142.998584,2040228.29
2025-01-03,COMB.N0000,142.998584,143.488305,136.142487,141.52942,1081980.98
2025-01-06,COMB.N0000,133.693881,140.060257,132.224718,136.142487,1677023.66
2025-01-07,COMB.N0000,135.897627,137.121929,132.224718,136.142487,474459.78
2025-01-08,COMB.N0000,136.142487,138.101372,135.652766,137.611651,1524097.87
2025-01-09,COMB.N0000,138.101372,138.101372,134.918184,135.652766,486423.73
2025-01-10,COMB.N0000,134.673324,136.142487,134.673324,136.142487,278285.9
2025-01-15,COMB.N0000,135.163045,138.591093,135.163045,138.591093,884770.81
2025-01-16,COMB.N0000,139.080814,142.019141,139.080814,141.52942,612302.5
2025-01-17,COMB.N0000,141.52942,142.264002,141.039699,142.264002,1942477.77
2025-01-20,COMB.N0000,142.508862,144.222887,142.508862,142.998584,650637.58
2025-01-21,COMB.N0000,143.978026,144.957468,142.998584,144.467747,1164845.48
2025-01-22,COMB.N0000,145.447189,146.916353,145.447189,145.447189,2239989.92
2025-01-23,COMB.N0000,146.916353,147.895795,144.957468,145.936911,1122033.37
2025-01-24,COMB.N0000,146.426632,146.671492,145.447189,145.936911,410544.84
2025-01-27,COMB.N0000,146.426632,147.161214,145.447189,146.426632,599762.71
2025-01-28,COMB.N0000,146.181771,146.916353,145.447189,146.916353,481688.38
2025-01-29,COMB.N0000,146.671492,146.916353,144.712608,144.957468,387693.06
2025-01-30,COMB.N0000,144.957468,146.916353,144.957468,145.447189,207329.2
2025-01-31,COMB.N0000,145.447189,146.426632,144.957468,145.936911,842633.56
2025-02-03,COMB.N0000,146.426632,146.426632,143.978026,144.957468,268774.37
2025-02-05,COMB.N0000,144.467747,144.957468,138.101372,139.080814,1219054.9
2025-02-06,COMB.N0000,137.611651,141.039699,136.632208,140.549978,544002.41
2025-02-07,COMB.N0000,141.039699,143.733165,141.039699,143.488305,325428.03
2025-02-10,COMB.N0000,143.488305,144.222887,142.508862,143.978026,376852.19
2025-02-11,COMB.N0000,144.467747,144.467747,140.060257,141.52942,438860.95
2025-02-13,COMB.N0000,141.039699,143.488305,141.039699,142.998584,168084.42
2025-02-14,COMB.N0000,142.998584,145.447189,142.998584,144.957468,167348.29
2025-02-17,COMB.N0000,144.957468,146.916353,144.957468,146.916353,572385.91
2025-02-18,COMB.N0000,146.916353,149.120098,146.916353,148.875238,734339.29
2025-02-19,COMB.N0000,148.875238,148.875238,146.671492,146.916353,1633853.18
2025-02-20,COMB.N0000,148.385517,148.385517,145.447189,146.426632,153706.85
2025-02-21,COMB.N0000,146.426632,149.120098,146.426632,148.875238,1449486.02
2025-02-24,COMB.N0000,148.875238,148.875238,145.936911,146.181771,247085.5
2025-02-25,COMB.N0000,145.936911,146.916353,141.52942,142.508862,697345.79
2025-02-27,COMB.N0000,143.488305,145.69205,142.264002,143.733165,255183.98
2025-02-28,COMB.N0000,143.243444,146.426632,143.243444,146.426632,133590.3
2025-03-03,COMB.N0000,146.671492,147.895795,142.019141,142.019141,297140.51
2025-03-04,COMB.N0000,143.488305,144.957468,138.835954,140.549978,363891.76
2025-03-05,COMB.N0000,139.325675,141.039699,139.080814,140.549978,450475.72
2025-03-06,COMB.N0000,141.039699,143.243444,139.815396,139.815396,422361.76
2025-03-07,COMB.N0000,139.570535,141.284559,139.080814,140.549978,151127.83
2025-03-10,COMB.N0000,139.815396,140.794838,138.591093,139.325675,99312.63
2025-03-11,COMB.N0000,139.570535,140.060257,135.163045,135.652766,138687.08
2025-03-12,COMB.N0000,137.121929,139.080814,135.897627,139.080814,213349.97
2025-03-14,COMB.N0000,139.080814,140.060257,138.101372,138.346232,147124.53
2025-03-17,COMB.N0000,139.570535,139.570535,136.142487,137.121929,89399.85
2025-03-18,COMB.N0000,136.632208,137.121929,132.714439,133.20416,225082.16
2025-03-19,COMB.N0000,133.449021,136.632208,132.959299,136.142487,351950.27
2025-03-20,COMB.N0000,135.652766,141.039699,135.652766,140.060257,149925.11
2025-03-21,COMB.N0000,140.060257,143.733165,140.060257,142.998584,332317.67
2025-03-24,COMB.N0000,142.998584,144.467747,142.998584,143.488305,621120.78
2025-03-25,COMB.N0000,143.978026,143.978026,142.753723,143.733165,454669.94
2025-03-26,COMB.N0000,143.733165,144.467747,142.998584,144.467747,696459.57
2025-03-27,COMB.N0000,143.488305,145.202329,143.488305,144.957468,264140.1
2025-03-28,COMB.N0000,142.753723,145.69205,142.264002,144.467747,950248.88
2025-04-01,COMB.N0000,143.67267,144.663516,138.470729,143.177247,1362885.86
2025-04-02,COMB.N0000,141.93869,143.67267,141.443266,142.434112,284960.53
2025-04-03,COMB.N0000,140.700132,141.195555,136.736748,136.736748,1645066.94
2025-04-04,COMB.N0000,136.736748,136.736748,128.80998,132.773364,1034365.58
2025-04-07,COMB.N0000,131.534807,131.534807,118.90152,121.378635,4320081.02
2025-04-08,COMB.N0000,122.864904,133.76421,122.864904,128.80998,1606324.29
2025-04-09,COMB.N0000,129.057692,129.057692,123.85575,127.323711,1886892.61
2025-04-10,COMB.N0000,134.755056,143.67267,134.755056,137.975305,4489347.49
2025-04-11,COMB.N0000,138.470729,138.71844,135.745902,138.71844,677696.63
2025-04-16,COMB.N0000,138.470729,138.71844,137.727594,138.71844,55883.56
2025-04-17,COMB.N0000,138.71844,138.71844,136.736748,138.71844,71226
2025-04-21,COMB.N0000,138.71844,138.71844,136.98446,137.232171,298986.93
2025-04-22,COMB.N0000,137.727594,137.727594,135.002768,135.745902,59780.23
2025-04-23,COMB.N0000,136.241325,136.241325,134.755056,135.745902,49095.42
2025-04-24,COMB.N0000,135.745902,135.745902,133.76421,134.755056,407877.71
2025-04-25,COMB.N0000,134.755056,136.241325,134.507344,135.745902,381907.99
2025-04-28,COMB.N0000,137.975305,138.223017,134.259633,135.745902,354151.91
2025-04-29,COMB.N0000,137.727594,137.727594,135.745902,136.241325,122572.02
2025-04-30,COMB.N0000,136.241325,136.736748,135.250479,135.250479,559270.56
2025-05-02,COMB.N0000,135.002768,136.736748,134.507344,135.745902,347381.93
2025-05-05,COMB.N0000,136.241325,137.975305,136.241325,136.241325,26571.23
2025-05-06,COMB.N0000,137.232171,137.479883,135.993614,136.98446,20522.87
2025-05-07,COMB.N0000,136.241325,137.479883,134.755056,135.745902,101843.27
2025-05-08,COMB.N0000,137.479883,137.479883,135.002768,136.736748,19337.01
2025-05-09,COMB.N0000,135.745902,136.736748,135.250479,136.241325,69462.86
2025-05-14,COMB.N0000,136.736748,140.45242,136.489036,138.966151,391547.22
2025-05-15,COMB.N0000,139.956997,141.443266,139.956997,141.443266,1762243.58
2025-05-16,COMB.N0000,141.690978,142.186401,140.947844,141.690978,316351.89
2025-05-19,COMB.N0000,142.681824,143.424959,141.690978,141.93869,797200.57
2025-05-20,COMB.N0000,142.681824,143.177247,141.690978,142.186401,417344.37
2025-05-21,COMB.N0000,141.93869,142.186401,141.443266,141.690978,640634.37
2025-05-22,COMB.N0000,141.443266,142.929535,141.443266,141.690978,686537.56
2025-05-23,COMB.N0000,142.186401,142.186401,141.195555,141.690978,324503.51
2025-05-26,COMB.N0000,141.690978,141.690978,140.700132,141.195555,52970.9
2025-05-27,COMB.N0000,141.690978,143.424959,141.690978,142.681824,442683.32
2025-05-28,COMB.N0000,143.424959,144.415805,142.186401,143.920381,370986.01
2025-05-29,COMB.N0000,143.920381,145.158939,143.67267,145.158939,458897.75
2025-05-30,COMB.N0000,145.158939,148.379188,144.415805,146.89292,410174.74
2025-06-02,COMB.N0000,147.140631,148.6269,146.645208,148.131477,510446.63
2025-06-03,COMB.N0000,148.6269,153.58113,148.131477,153.085707,1391173.81
2025-06-04,COMB.N0000,152.094861,154.571976,152.094861,153.333418,551542.82
2025-06-05,COMB.N0000,153.58113,154.324264,151.599438,154.076553,403734.79
2025-06-06,COMB.N0000,153.58113,154.571976,152.342572,152.590284,526508.66
2025-06-09,COMB.N0000,152.590284,153.58113,150.113169,153.085707,285607.45
2025-06-11,COMB.N0000,153.58113,155.067399,153.085707,154.819687,805367.33
2025-06-12,COMB.N0000,155.067399,155.067399,152.837996,153.828842,441044.32
2025-06-13,COMB.N0000,153.58113,153.58113,150.360881,151.84715,289357.78
2025-06-16,COMB.N0000,148.6269,151.599438,141.690978,151.104015,317605.36
2025-06-17,COMB.N0000,150.608592,154.571976,150.608592,151.599438,813739.98
2025-06-18,COMB.N0000,151.599438,151.599438,149.370035,149.617746,349171.31
2025-06-19,COMB.N0000,149.617746,151.599438,147.883766,149.122323,1321655.43
2025-06-20,COMB.N0000,148.6269,151.599438,148.6269,150.608592,368974.59
2025-06-23,COMB.N0000,148.6269,149.370035,147.140631,147.140631,479581.09
2025-06-24,COMB.N0000,148.874611,153.58113,148.131477,152.094861,894022.89
2025-06-25,COMB.N0000,153.828842,154.571976,152.342572,152.590284,503632.25
2025-06-26,COMB.N0000,153.58113,155.067399,150.856303,154.819687,873557.55
2025-06-27,COMB.N0000,154.571976,155.562822,153.085707,155.067399,215747.96
2025-06-30,COMB.N0000,155.067399,158.039937,155.067399,157.544514,853197.17
2025-07-01,COMB.N0000,157.544514,158.039937,156.553668,157.049091,336911.08
2025-07-02,COMB.N0000,157.296803,158.53536,157.049091,157.792226,569782.79
2025-07-03,COMB.N0000,158.287648,158.53536,156.553668,157.049091,630484.45
2025-07-04,COMB.N0000,157.049091,159.030783,155.315111,158.287648,879550.4
2025-07-07,COMB.N0000,157.049091,158.287648,156.058245,157.296803,295076.13
2025-07-08,COMB.N0000,156.553668,158.287648,155.067399,158.287648,396670.12
2025-07-09,COMB.N0000,157.544514,159.030783,157.544514,158.783072,1141031
2025-07-11,COMB.N0000,158.039937,162.498744,156.058245,162.251033,1023863.45
2025-07-14,COMB.N0000,162.498744,170.425512,161.755609,168.44382,1999779.99
2025-07-15,COMB.N0000,167.948397,177.113722,166.462128,170.1778,468561.21
2025-07-16,COMB.N0000,170.425512,171.416358,169.682378,169.930089,372753.18
2025-07-17,COMB.N0000,170.425512,170.425512,166.709839,168.44382,303881.73
2025-07-18,COMB.N0000,168.44382,168.939243,167.948397,167.948397,800127.37
2025-07-21,COMB.N0000,168.196109,168.44382,166.709839,166.957551,491778.74
2025-07-22,COMB.N0000,166.957551,167.948397,166.709839,167.948397,261117.27
2025-07-23,COMB.N0000,167.948397,169.186955,167.452974,167.948397,351385.58
2025-07-24,COMB.N0000,168.44382,169.682378,167.948397,169.186955,356697.21
2025-07-25,COMB.N0000,169.434666,169.930089,167.948397,169.434666,193254.05
2025-07-28,COMB.N0000,169.930089,169.930089,168.939243,169.186955,582547.64
2025-07-29,COMB.N0000,169.434666,169.930089,167.452974,169.186955,297815.2
2025-07-30,COMB.N0000,169.434666,169.930089,169.186955,169.682378,260395.66
2025-07-31,COMB.N0000,168.44382,168.939243,167.948397,168.196109,518940.38
2025-08-01,COMB.N0000,170.425512,172.654915,170.425512,172.654915,1633203.34
2025-08-04,COMB.N0000,172.407204,173.39805,171.911781,172.407204,386411.21
2025-08-05,COMB.N0000,172.902627,172.902627,170.920935,171.416358,160760.6
2025-08-06,COMB.N0000,171.416358,172.407204,168.44382,171.911781,127080.29
2025-08-07,COMB.N0000,171.66407,172.407204,171.416358,171.911781,96015.93
2025-08-11,COMB.N0000,171.911781,172.407204,171.416358,172.159492,667579.02
2025-08-12,COMB.N0000,172.159492,172.407204,171.416358,172.159492,330894
2025-08-13,COMB.N0000,172.407204,172.654915,170.425512,171.416358,133630.25
2025-08-14,COMB.N0000,171.911781,172.654915,170.425512,170.920935,439079.33
2025-08-15,COMB.N0000,173.39805,180.086261,173.39805,180.086261,2079407.9
2025-08-18,COMB.N0000,180.086261,187.517606,179.838549,187.022183,1899585.81
2025-08-19,COMB.N0000,187.269894,195.692085,187.269894,195.692085,1382418.66
2025-08-20,COMB.N0000,196.187508,197.178354,194.453528,196.187508,1000999.15
2025-08-21,COMB.N0000,195.939796,197.426065,192.224124,195.939796,993032.22
2025-08-22,COMB.N0000,196.187508,197.178354,191.976413,194.205816,308690.76
2025-08-25,COMB.N0000,192.224124,193.21497,190.737855,191.480989,299840.74
2025-08-26,COMB.N0000,191.728701,194.205816,191.480989,193.21497,493168.46
2025-08-27,COMB.N0000,193.21497,193.958104,192.224124,192.719547,230016.57
2025-08-28,COMB.N0000,192.719547,192.967259,191.233278,191.976413,46339.19
2025-08-29,COMB.N0000,192.224124,193.958104,191.233278,193.21497,588336.63
2025-09-01,COMB.N0000,194.205816,195.196662,192.224124,193.21497,349870.72
2025-09-02,COMB.N0000,193.21497,193.21497,191.233278,192.967259,343136.07
2025-09-03,COMB.N0000,191.728701,192.224124,189.747009,190.242432,223774.43
2025-09-04,COMB.N0000,190.242432,193.21497,189.99472,191.233278,255278.82
2025-09-08,COMB.N0000,191.233278,191.233278,188.756163,189.747009,327983.36
2025-09-09,COMB.N0000,189.251586,189.251586,186.279048,188.26074,673439.67
2025-09-10,COMB.N0000,188.26074,190.985567,186.279048,189.251586,464810.88
2025-09-11,COMB.N0000,189.251586,189.251586,187.517606,188.26074,128128.89
2025-09-12,COMB.N0000,188.26074,188.26074,185.288202,185.288202,494369.46
2025-09-15,COMB.N0000,188.013028,188.26074,180.086261,180.333972,460801.17
2025-09-16,COMB.N0000,180.829395,187.022183,180.829395,186.774471,232071.38
2025-09-17,COMB.N0000,188.26074,189.99472,186.774471,188.508452,251895.85
2025-09-18,COMB.N0000,189.003874,189.251586,186.279048,188.26074,1202169.66
2025-09-19,COMB.N0000,187.765317,188.756163,187.765317,187.765317,176928.6
2025-09-22,COMB.N0000,189.251586,192.224124,189.251586,191.728701,432798.84
2025-09-23,COMB.N0000,191.728701,193.462682,188.26074,192.224124,1299730.74
2025-09-24,COMB.N0000,193.21497,193.21497,191.233278,191.976413,287374.63
2025-09-25,COMB.N0000,193.21497,193.21497,190.985567,191.728701,1193402.41
2025-09-26,COMB.N0000,192.224124,192.224124,191.480989,192.224124,534316.13
2025-09-29,COMB.N0000,192.224124,192.719547,190.737855,191.480989,393271
2025-09-30,COMB.N0000,191.976413,192.224124,190.737855,191.233278,461960.79
2025-10-01,COMB.N0000,192.224124,192.224124,191.233278,192.224124,124955.85
2025-10-02,COMB.N0000,192.224124,192.224124,191.480989,192.224124,1031174.37
2025-10-03,COMB.N0000,192.224124,193.21497,191.728701,193.21497,1331065.57
2025-10-07,COMB.N0000,194.205816,196.187508,193.958104,194.205816,370136.23
2025-10-08,COMB.N0000,194.94895,196.187508,194.701239,195.196662,1504038.97
2025-10-09,COMB.N0000,196.187508,202.132584,196.187508,201.141738,1848761.56
2025-10-10,COMB.N0000,202.132584,204.114276,201.637161,203.12343,1454885.02
2025-10-13,COMB.N0000,203.12343,203.618853,198.1692,201.884873,258761.7
2025-10-14,COMB.N0000,202.875719,202.875719,201.141738,202.380295,222699.59
2025-10-15,COMB.N0000,202.628007,204.85741,201.38945,202.132584,210073.01
2025-10-16,COMB.N0000,202.132584,204.114276,201.884873,202.132584,479537.69
2025-10-17,COMB.N0000,203.12343,204.85741,202.132584,204.609699,381992.76
2025-10-21,COMB.N0000,204.85741,205.105122,204.114276,205.105122,648657.81
2025-10-22,COMB.N0000,205.105122,205.600545,203.866565,204.114276,417651.18
2025-10-23,COMB.N0000,204.114276,205.105122,202.628007,203.12343,395929.34
2025-10-24,COMB.N0000,203.12343,204.114276,202.132584,203.12343,622791.03
2025-10-27,COMB.N0000,203.618853,204.114276,202.132584,203.12343,296788.8
2025-10-28,COMB.N0000,203.618853,203.618853,201.637161,202.875719,442060.62
2025-10-29,COMB.N0000,201.884873,202.875719,200.894026,202.875719,323001.76
2025-10-30,COMB.N0000,202.132584,203.12343,201.637161,202.628007,198335.56
2025-10-31,COMB.N0000,203.12343,203.866565,202.628007,203.618853,451253.78
2025-11-03,COMB.N0000,203.12343,205.600545,203.12343,205.105122,588307.37
2025-11-04,COMB.N0000,205.600545,207.086814,205.105122,205.600545,513188.73
2025-11-06,COMB.N0000,206.095968,207.086814,205.352834,206.839102,631412.95
2025-11-07,COMB.N0000,206.095968,211.050198,206.095968,210.554775,442262.47
2025-11-10,COMB.N0000,211.545621,214.022736,211.545621,214.022736,632513.02
2025-11-11,COMB.N0000,214.518159,215.013582,213.527313,214.518159,600448.51
2025-11-12,COMB.N0000,215.261293,216.004428,214.518159,214.518159,305983.98
2025-11-13,COMB.N0000,216.004428,216.004428,213.03189,213.279602,672397.12
2025-11-14,COMB.N0000,213.279602,213.527313,212.041044,212.784178,385658.32
2025-11-17,COMB.N0000,212.784178,212.784178,210.059352,211.050198,500099.91
2025-11-18,COMB.N0000,210.059352,212.536467,209.563929,209.563929,334903.71
2025-11-19,COMB.N0000,210.059352,210.059352,204.361987,207.334526,390604.59
2025-11-20,COMB.N0000,207.334526,209.068506,206.591391,209.068506,528976.25
2025-11-21,COMB.N0000,209.068506,209.563929,208.07766,208.07766,276797.81
2025-11-24,COMB.N0000,208.07766,209.068506,204.609699,207.334526,425089.27
2025-11-25,COMB.N0000,206.095968,208.07766,206.095968,207.086814,324049.35
2025-11-26,COMB.N0000,209.811641,209.811641,207.334526,207.334526,94273.98
2025-11-27,COMB.N0000,207.582237,207.582237,205.105122,206.591391,159689.8
2025-11-28,COMB.N0000,204.85741,206.591391,204.609699,206.095968,199418.48
2025-12-01,COMB.N0000,183.30651,203.12343,168.44382,198.912334,842899.91
2025-12-02,COMB.N0000,198.1692,202.628007,195.692085,200.150892,346513.99
2025-12-03,COMB.N0000,200.398604,200.398604,195.444374,196.187508,332635.95
2025-12-05,COMB.N0000,195.939796,198.1692,190.985567,192.471835,1257533.46
2025-12-08,COMB.N0000,193.21497,193.958104,190.737855,191.233278,392912.72
2025-12-09,COMB.N0000,191.976413,197.921489,190.490143,196.435219,367188.24
2025-12-10,COMB.N0000,197.921489,201.141738,197.921489,199.160046,639777.52
2025-12-11,COMB.N0000,200.646315,201.141738,197.921489,199.160046,317452.96
2025-12-12,COMB.N0000,199.90318,199.90318,197.673777,198.1692,307364.62
2025-12-15,COMB.N0000,199.90318,199.90318,195.939796,196.435219,215049.56
2025-12-16,COMB.N0000,196.682931,198.1692,196.187508,197.426065,215801.45
2025-12-17,COMB.N0000,198.1692,198.664623,196.187508,196.187508,200215.78
2025-12-18,COMB.N0000,196.187508,198.1692,196.187508,196.435219,260820.55
2025-12-19,COMB.N0000,196.435219,197.921489,196.435219,197.673777,106832.95
2025-12-22,COMB.N0000,198.1692,198.1692,196.187508,196.682931,107363.81
2025-12-23,COMB.N0000,196.187508,197.178354,195.196662,196.682931,282510.1
2025-12-24,COMB.N0000,196.187508,197.178354,196.187508,196.682931,95289.28
2025-12-26,COMB.N0000,197.178354,197.178354,196.187508,197.178354,95574.89
2025-12-29,COMB.N0000,196.682931,197.673777,196.187508,197.178354,121347.82
2025-12-30,COMB.N0000,197.178354,199.160046,196.435219,198.664623,189053.6
2025-12-31,COMB.N0000,198.664623,201.141738,198.1692,198.416911,253550
2026-01-02,COMB.N0000,199.160046,201.141738,199.160046,201.141738,152018.58
2026-01-05,COMB.N0000,201.38945,208.07766,201.38945,206.34368,1385159.75
2026-01-06,COMB.N0000,208.07766,211.050198,208.07766,211.050198,1907411.44
2026-01-07,COMB.N0000,212.041044,212.041044,210.554775,210.554775,0
2026-01-08,COMB.N0000,213.03189,214.518159,212.536467,214.022736,2387702.02
2026-01-09,COMB.N0000,213.775025,216.995274,213.527313,216.747562,387212.54
2026-01-12,COMB.N0000,216.252139,218.233832,216.252139,217.738408,1147040
2026-01-13,COMB.N0000,217.490697,217.98612,216.995274,217.98612,1147750.51
2026-01-14,COMB.N0000,217.98612,217.98612,216.995274,217.98612,531370.16
2026-01-16,COMB.N0000,217.98612,222.94035,217.98612,222.94035,692394.18
2026-01-19,COMB.N0000,222.94035,222.94035,219.967812,220.958658,485650.65
2026-01-20,COMB.N0000,220.710947,222.692638,220.215523,221.949504,157761.15
2026-01-21,COMB.N0000,222.94035,222.94035,221.949504,222.197215,274126.35
2026-01-22,COMB.N0000,222.94035,223.931196,221.949504,223.931196,608373.05
2026-01-23,COMB.N0000,223.931196,226.903734,223.435773,225.912888,274688.5
2026-01-26,COMB.N0000,226.903734,227.399157,225.169754,225.169754,179417.39
2026-01-27,COMB.N0000,224.922042,225.912888,222.94035,225.417465,117966.87
2026-01-28,COMB.N0000,225.912888,226.903734,224.922042,224.922042,207546.88
2026-01-29,COMB.N0000,225.417465,226.903734,223.683484,226.903734,222147.54
2026-01-30,COMB.N0000,226.903734,226.903734,223.931196,224.922042,60692.58
2026-02-02,COMB.N0000,226.656023,226.656023,220.958658,222.444927,127545.55
2026-02-03,COMB.N0000,223.931196,225.912888,221.949504,222.94035,68201.31
2026-02-05,COMB.N0000,222.444927,223.931196,221.949504,222.444927,1680828.3
2026-02-06,COMB.N0000,222.94035,223.931196,222.444927,222.94035,1375771.82
2026-02-09,COMB.N0000,223.683484,226.408311,222.94035,224.922042,181789.1
2026-02-10,COMB.N0000,225.912888,225.912888,223.931196,225.665177,197710.85
2026-02-11,COMB.N0000,225.169754,225.912888,224.426619,225.665177,142105.84
2026-02-12,COMB.N0000,225.912888,226.903734,224.922042,226.656023,307824.83
2026-02-13,COMB.N0000,226.903734,229.133138,225.912888,227.89458,495881.3
2026-02-16,COMB.N0000,228.142291,233.096521,228.142291,231.857964,470376.83
2026-02-17,COMB.N0000,232.601099,232.84881,230.867118,231.610253,159550.53
2026-02-18,COMB.N0000,231.610253,232.84881,231.362541,232.353387,345440.16
2026-02-19,COMB.N0000,232.601099,232.601099,229.876272,229.876272,172802.84
2026-02-20,COMB.N0000,229.876272,229.876272,227.399157,229.133138,223489.83
2026-02-23,COMB.N0000,229.133138,231.857964,228.885426,230.371695,55173.05
2026-02-24,COMB.N0000,230.867118,230.867118,227.89458,228.637714,315615.14
2026-02-25,COMB.N0000,228.390003,229.876272,227.151445,228.142291,115276.24
2026-02-26,COMB.N0000,227.89458,228.885426,225.912888,226.903734,76371.1
2026-02-27,COMB.N0000,223.435773,223.435773,208.07766,219.720101,752916.19
2026-03-03,COMB.N0000,212.041044,216.004428,206.095968,208.573083,3189807.5
2026-03-04,COMB.N0000,208.07766,215.013582,208.07766,211.050198,605975.1
2026-03-05,COMB.N0000,212.536467,214.765871,212.536467,213.775025,780790.35
2026-03-06,COMB.N0000,214.022736,214.518159,211.793332,212.536467,137828.68
2026-03-09,COMB.N0000,208.325371,209.068506,202.628007,203.12343,1757608.14
2026-03-10,COMB.N0000,205.105122,208.573083,205.105122,208.07766,848183.27
2026-03-11,COMB.N0000,210.059352,210.059352,207.829949,208.07766,384715.69
2026-03-12,COMB.N0000,208.07766,209.068506,205.848256,206.591391,168010.97
2026-03-13,COMB.N0000,205.600545,205.600545,200.646315,203.12343,813365.55
2026-03-16,COMB.N0000,202.132584,202.132584,194.701239,194.94895,1360062.01
2026-03-17,COMB.N0000,194.94895,198.1692,189.251586,190.737855,677958.03
2026-03-18,COMB.N0000,190.242432,197.673777,189.99472,191.728701,1429128.24
2026-03-19,COMB.N0000,191.976413,193.21497,187.517606,187.765317,676848.87
2026-03-20,COMB.N0000,188.26074,190.985567,188.26074,190.242432,504801.96
2026-03-23,COMB.N0000,188.26074,190.242432,187.269894,189.99472,315701.94
2026-03-24,COMB.N0000,191.728701,203.12343,191.728701,200.150892,439682.86
2026-03-25,COMB.N0000,202.132584,209.563929,202.132584,207.086814,573060.8
2026-03-26,COMB.N0000,207.582237,207.582237,203.12343,203.618853,146974.4
2026-03-27,COMB.N0000,205.105122,207.829949,205.105122,205.600545,126287.03
2026-03-30,COMB.N0000,204.361987,205.105122,198.1692,203.12343,178754.32
2026-03-31,COMB.N0000,202.875719,204.609699,201.637161,203.371141,452340.73
2026-04-02,COMB.N0000,203,203,200,202,374222
2026-04-06,COMB.N0000,202.25,202.75,198,202,400357
2026-04-07,COMB.N0000,203,203,199,200.25,253754
2026-04-08,COMB.N0000,205.5,215,205.5,209.75,782158
2026-04-09,COMB.N0000,210,210,208,210,461522
2026-04-10,COMB.N0000,208.25,211,207,211,316330
2026-04-15,COMB.N0000,211,211,209,211,226740
2026-04-16,COMB.N0000,211.25,212.5,210,211.5,117670
2026-04-17,COMB.N0000,210,211.75,209.5,210.75,166573
2026-04-20,COMB.N0000,210.75,210.75,208.25,208.5,120016
2026-04-21,COMB.N0000,208.5,210,208,209.25,80671
2026-04-22,COMB.N0000,210,210.5,209,209,348069
2026-04-23,COMB.N0000,210.5,210.5,209,209.75,146450
2026-04-24,COMB.N0000,209.75,211,209,210,222839
2026-04-27,COMB.N0000,210,210,207,209,163487
2026-04-28,COMB.N0000,208.5,211,208,210,334650
2026-04-29,COMB.N0000,210,211.75,210,210,334173
2026-04-30,COMB.N0000,211,211,209,209.75,62795
2026-05-04,COMB.N0000,209.25,211,209,210,1040883
2026-05-05,COMB.N0000,210,211,209,210,136857
2026-05-06,COMB.N0000,211,211,209.25,210,265667
2026-05-07,COMB.N0000,210,211.5,209.5,210,335483
2026-05-08,COMB.N0000,210,211.25,209.75,211.25,985930
2026-05-11,COMB.N0000,210.5,211.75,208,208,355336
2026-05-12,COMB.N0000,209,209.5,208.5,209,152551
2026-05-13,COMB.N0000,209,210,208,208.75,101560
2026-05-14,COMB.N0000,210,210,207,209,179092
2026-05-15,COMB.N0000,209.75,209.75,209,209.75,1239680
2026-05-18,COMB.N0000,209.75,209.75,205.5,206.5,295352
2026-05-19,COMB.N0000,206.25,207.25,205,206,409323
2026-05-20,COMB.N0000,205.5,207,201,203.25,206456
2026-05-21,COMB.N0000,203,205,203,203.75,99068
2026-05-22,COMB.N0000,203.5,204,201,203.5,168192
2026-05-25,COMB.N0000,205,207.75,205,207,351020
2026-05-26,COMB.N0000,207,207,205,205.5,380819
2026-05-27,COMB.N0000,206,207,205,205,72502
2026-05-29,COMB.N0000,207,209,206,207,1300371
2026-06-01,COMB.N0000,207,207.5,206,206.75,204438
2026-06-02,COMB.N0000,206.75,207.25,206,206,81379
2026-06-03,COMB.N0000,206,206.75,204.5,205.25,467626
2026-06-04,COMB.N0000,205,205,201.75,202.5,163031
2026-06-05,COMB.N0000,203,204,202.25,202.5,86759
2026-06-08,COMB.N0000,202.25,202.25,200,201,290823
2026-06-09,COMB.N0000,201,203,200.5,201.5,210082
2026-06-10,COMB.N0000,201.5,202.75,200,200.25,564525
2026-06-11,COMB.N0000,200,200,198.75,199,284871
2026-06-12,COMB.N0000,200,203,200,202.5,173758
2026-06-15,COMB.N0000,206,210,206,209.75,700658
2026-06-16,COMB.N0000,210,212,209.5,210,237392
2026-06-17,COMB.N0000,210,211,209,209.75,230287
2026-06-18,COMB.N0000,209.75,210.25,209.5,210.25,191584
2026-06-19,COMB.N0000,210.5,210.5,209.5,210,258006
2026-06-22,COMB.N0000,209.5,210,208.5,209,135878
2026-06-23,COMB.N0000,209,209.5,208.5,209.25,78155
2026-06-24,COMB.N0000,209.75,209.75,208.25,208.5,91626
2026-06-25,COMB.N0000,208,209.5,208,209.5,269686
2026-06-26,COMB.N0000,209.5,209.5,209,209.25,197671
2026-06-30,COMB.N0000,209,209.25,208.25,208.75,126532
2026-07-01,COMB.N0000,208.5,209.5,208.25,209,28758
2026-07-02,COMB.N0000,209,209.25,208.25,208.75,27719
2026-07-03,COMB.N0000,209,209.25,208.5,209,1090550
2026-07-06,COMB.N0000,209,209,208,208.5,122106
2026-07-07,COMB.N0000,208,208.5,207.5,207.5,51378
2026-07-08,COMB.N0000,208,208,205.75,207,256545
2026-07-09,COMB.N0000,207,207,205,205.25,135817
2026-07-10,COMB.N0000,205.75,206.5,205,205,221538
2026-07-13,COMB.N0000,204.75,205.25,202.75,203.5,274175
2026-07-14,COMB.N0000,203,204,202,202,152131
2026-07-15,COMB.N0000,202,203.75,201,201,215559
2026-07-16,COMB.N0000,201.5,205,200,201,230386
2026-07-17,COMB.N0000,203,205,201,203,71826
2026-07-20,COMB.N0000,203.75,204,201,202,185248
2026-07-21,COMB.N0000,203,203,201,201.75,147686
2026-07-22,COMB.N0000,201,202.5,201,202,128174
2026-07-23,COMB.N0000,202,204,201,202,129248
2026-07-24,COMB.N0000,202.5,203.75,201.25,201.5,40422
2026-07-27,COMB.N0000,202,203,201,201.75,114031
