date,ticker,open,high,low,close,volume
2012-02-22,HNB.N0000,132.327469,133.100803,132.241533,132.327469,4185.38
2012-02-23,HNB.N0000,132.327469,133.186738,122.102173,132.671168,36189.82
2012-02-24,HNB.N0000,132.327469,134.046008,132.327469,133.444519,349.3
2012-02-27,HNB.N0000,132.327469,136.623815,128.890392,131.4682,650.17
2012-03-05,HNB.N0000,131.897834,132.327469,124.679981,131.897834,365.78
2012-03-06,HNB.N0000,128.890392,128.890392,126.312584,128.890392,4390.42
2012-03-08,HNB.N0000,127.171853,128.890392,126.312584,127.171853,8725.2
2012-03-09,HNB.N0000,129.062246,129.749661,127.171853,129.062246,791.33
2012-03-13,HNB.N0000,129.663726,129.749661,124.594045,129.663726,1893.83
2012-03-14,HNB.N0000,128.632611,128.890392,127.171853,128.632611,2936.57
2012-03-15,HNB.N0000,128.890392,128.890392,128.890392,128.890392,29456.32
2012-03-16,HNB.N0000,132.241533,132.757103,128.890392,132.241533,1164184.2
2012-03-19,HNB.N0000,131.4682,132.327469,128.890392,131.4682,1463.13
2012-03-20,HNB.N0000,128.890392,130.60893,128.890392,128.890392,63424.65
2012-03-21,HNB.N0000,129.749661,129.749661,128.031123,129.749661,162785.65
2012-03-22,HNB.N0000,129.749661,129.749661,127.171853,129.749661,1401.31
2012-03-23,HNB.N0000,128.890392,129.749661,128.890392,128.890392,986.07
2012-03-26,HNB.N0000,127.515553,129.749661,127.171853,127.515553,17372.1
2012-03-27,HNB.N0000,128.890392,129.320026,127.171853,128.890392,1644.48
2012-03-28,HNB.N0000,130.35115,132.327469,127.257789,130.35115,404.94
2012-03-29,HNB.N0000,130.866711,131.897834,127.257789,130.866711,145.28
2012-03-30,HNB.N0000,131.4682,131.897834,130.60893,131.4682,1756.79
2012-04-02,HNB.N0000,128.890392,128.890392,128.890392,128.890392,11053.85
2012-04-03,HNB.N0000,129.062246,129.062246,128.890392,129.062246,7826.72
2012-04-04,HNB.N0000,131.382264,131.640053,130.60893,131.382264,24699.09
2012-04-05,HNB.N0000,133.702308,136.623815,131.4682,133.702308,37252.13
2012-04-09,HNB.N0000,137.397149,137.483085,137.397149,137.397149,1393.07
2012-04-10,HNB.N0000,130.179296,137.397149,128.031123,130.179296,1410.58
2012-04-11,HNB.N0000,130.60893,136.194181,130.60893,130.60893,1015.95
2012-04-16,HNB.N0000,134.389706,136.194181,130.60893,134.389706,325.6
2012-04-17,HNB.N0000,133.272674,135.67861,133.186738,133.272674,8125.53
2012-04-18,HNB.N0000,133.186738,134.819342,133.186738,133.186738,3040.63
2012-04-19,HNB.N0000,136.967515,137.483085,133.186738,136.967515,16256.21
2012-04-20,HNB.N0000,136.881596,145.216508,136.623815,136.881596,1979.35
2012-04-23,HNB.N0000,135.334912,141.865367,133.272674,135.334912,4258.53
2012-04-24,HNB.N0000,134.131943,137.483085,132.327469,134.131943,9150.75
2012-04-25,HNB.N0000,135.764546,137.397149,135.764546,135.764546,15124.86
2012-04-26,HNB.N0000,134.131943,136.623815,134.131943,134.131943,2031.9
2012-04-27,HNB.N0000,134.217862,135.764546,134.131943,134.217862,1393.07
2012-04-30,HNB.N0000,134.475642,136.623815,134.217862,134.475642,48437.87
2012-05-02,HNB.N0000,134.647496,137.483085,134.046008,134.647496,3797.96
2012-05-03,HNB.N0000,135.764546,135.764546,134.046008,135.764546,6111.15
2012-05-04,HNB.N0000,137.483085,137.483085,134.991212,137.483085,45928.91
2012-05-08,HNB.N0000,129.835596,137.483085,128.031123,129.835596,1003.58
2012-05-09,HNB.N0000,136.623815,136.623815,130.60893,136.623815,97298.19
2012-05-10,HNB.N0000,133.186738,135.764546,133.186738,133.186738,11756.56
2012-05-11,HNB.N0000,133.186738,133.616373,133.186738,133.186738,13008.47
2012-05-14,HNB.N0000,131.4682,133.186738,131.4682,131.4682,3029.3
2012-05-15,HNB.N0000,131.554135,133.100803,131.4682,131.554135,15160.92
2012-05-16,HNB.N0000,133.100803,133.100803,133.100803,133.100803,940.73
2012-05-17,HNB.N0000,133.100803,133.186738,132.757103,133.100803,9660.78
2012-05-18,HNB.N0000,133.100803,133.100803,133.100803,133.100803,24914.44
2012-05-21,HNB.N0000,130.694866,133.100803,130.694866,130.694866,2572.84
2012-05-22,HNB.N0000,131.4682,133.186738,130.694866,131.4682,2352.34
2012-05-23,HNB.N0000,129.835596,132.757103,128.976327,129.835596,3111.73
2012-05-24,HNB.N0000,131.038565,132.327469,129.749661,131.038565,701.68
2012-05-25,HNB.N0000,130.780784,132.327469,129.749661,130.780784,2437.86
2012-05-28,HNB.N0000,129.749661,132.327469,129.749661,129.749661,20274.66
2012-05-29,HNB.N0000,126.484437,128.976327,124.594045,126.484437,4903.55
2012-05-30,HNB.N0000,123.476995,131.382264,120.383634,123.476995,4060.7
2012-05-31,HNB.N0000,126.312584,127.171853,124.594045,126.312584,4524.37
2012-06-01,HNB.N0000,127.515553,128.890392,125.453314,127.515553,2629.51
2012-06-05,HNB.N0000,127.085918,133.186738,125.453314,127.085918,582.16
2012-06-06,HNB.N0000,124.594045,130.60893,123.734776,124.594045,38560.7
2012-06-07,HNB.N0000,124.594045,124.679981,124.594045,124.594045,32099.23
2012-06-08,HNB.N0000,124.594045,128.718537,120.297699,124.594045,6257.46
2012-06-11,HNB.N0000,127.171853,128.718537,127.171853,127.171853,235.96
2012-06-12,HNB.N0000,125.711096,127.085918,121.242904,125.711096,147.34
2012-06-13,HNB.N0000,127.085918,127.085918,127.085918,127.085918,114.37
2012-06-14,HNB.N0000,126.742219,126.742219,125.453314,126.742219,582.16
2012-06-15,HNB.N0000,126.914073,128.031123,125.88295,126.914073,5235.33
2012-06-18,HNB.N0000,125.53925,128.890392,124.594045,125.53925,4019.49
2012-06-19,HNB.N0000,128.031123,128.890392,125.53925,128.031123,3148.82
2012-06-20,HNB.N0000,128.890392,128.890392,128.031123,128.890392,758.36
2012-06-21,HNB.N0000,126.312584,127.945187,126.312584,126.312584,141.16
2012-06-22,HNB.N0000,126.312584,128.031123,124.594045,126.312584,85974.38
2012-06-25,HNB.N0000,128.374821,128.890392,120.297699,128.374821,3805.17
2012-06-26,HNB.N0000,126.312584,127.171853,126.312584,126.312584,34912.15
2012-06-27,HNB.N0000,127.171853,127.171853,127.171853,127.171853,1.03
2012-06-28,HNB.N0000,126.312584,126.312584,126.312584,126.312584,54695.33
2012-06-29,HNB.N0000,126.312584,127.171853,126.312584,126.312584,68259.17
2012-07-02,HNB.N0000,122.274018,126.312584,121.242904,122.274018,4644.92
2012-07-04,HNB.N0000,122.102173,126.226648,121.156968,122.102173,13921.38
2012-07-05,HNB.N0000,121.156968,126.226648,121.156968,121.156968,3167.37
2012-07-06,HNB.N0000,121.156968,124.594045,121.156968,121.156968,579.07
2012-07-09,HNB.N0000,121.156968,126.226648,121.156968,121.156968,12450.01
2012-07-10,HNB.N0000,123.734776,125.453314,121.156968,123.734776,8545.92
2012-07-11,HNB.N0000,121.156968,125.367379,121.156968,121.156968,1595.02
2012-07-12,HNB.N0000,123.734776,123.734776,123.734776,123.734776,6.18
2012-07-13,HNB.N0000,121.071032,122.016238,120.297699,121.071032,7845.27
2012-07-16,HNB.N0000,120.55548,122.016238,120.297699,120.55548,1044.8
2012-07-17,HNB.N0000,120.211764,122.016238,119.868064,120.211764,14207.82
2012-07-18,HNB.N0000,118.665096,120.297699,118.149525,118.665096,2453.32
2012-07-19,HNB.N0000,119.868064,120.727334,116.087288,119.868064,11485.58
2012-07-20,HNB.N0000,120.297699,120.297699,120.297699,120.297699,66.97
2012-07-23,HNB.N0000,120.211764,120.297699,120.125845,120.211764,113.34
2012-07-24,HNB.N0000,120.297699,120.297699,120.211764,120.297699,208.14
2012-07-25,HNB.N0000,120.297699,120.297699,120.211764,120.297699,4038.03
2012-07-26,HNB.N0000,117.805827,117.805827,117.719891,117.805827,638.83
2012-07-27,HNB.N0000,116.001352,117.719891,115.571718,116.001352,17270.09
2012-07-30,HNB.N0000,115.142083,117.719891,115.142083,115.142083,500.76
2012-07-31,HNB.N0000,114.454668,115.142083,114.368749,114.454668,822.24
2012-08-02,HNB.N0000,115.485782,119.352494,115.142083,115.485782,521443.27
2012-08-03,HNB.N0000,115.142083,115.571718,113.423545,115.142083,10200.7
2012-08-06,HNB.N0000,113.251691,114.712449,111.705006,113.251691,35157.38
2012-08-07,HNB.N0000,115.056148,115.142083,113.423545,115.056148,60285.1
2012-08-08,HNB.N0000,113.595399,114.282814,113.423545,113.595399,143.22
2012-08-09,HNB.N0000,112.99391,113.423545,112.564276,112.99391,1301.36
2012-08-10,HNB.N0000,113.423545,114.282814,112.564276,113.423545,250241.71
2012-08-13,HNB.N0000,111.87686,114.282814,111.87686,111.87686,32790.61
2012-08-14,HNB.N0000,113.079845,116.001352,111.790942,113.079845,19443.15
2012-08-15,HNB.N0000,116.087288,117.719891,114.884302,116.087288,5910.22
2012-08-16,HNB.N0000,112.134641,116.087288,111.790942,112.134641,29548.03
2012-08-17,HNB.N0000,115.142083,117.290256,112.564276,115.142083,29317.22
2012-08-20,HNB.N0000,117.719891,117.977672,116.860622,117.719891,7044.66
2012-08-21,HNB.N0000,116.946558,120.211764,116.001352,116.946558,1407.49
2012-08-22,HNB.N0000,120.297699,120.297699,119.43843,120.297699,20293.21
2012-08-23,HNB.N0000,121.414749,122.016238,120.211764,121.414749,22467.3
2012-08-24,HNB.N0000,121.156968,121.156968,120.297699,121.156968,17313.37
2012-08-27,HNB.N0000,124.078475,124.594045,120.383634,124.078475,7286.8
2012-08-28,HNB.N0000,124.594045,124.594045,124.078475,124.594045,6082.3
2012-08-29,HNB.N0000,124.164411,124.594045,123.992557,124.164411,126.74
2012-09-03,HNB.N0000,123.305141,124.594045,122.875507,123.305141,22685.74
2012-09-04,HNB.N0000,124.250346,124.50811,123.305141,124.250346,141028.28
2012-09-05,HNB.N0000,124.594045,124.594045,122.188091,124.594045,230330.76
2012-09-06,HNB.N0000,124.164411,124.594045,123.047361,124.164411,56762.26
2012-09-07,HNB.N0000,125.453314,126.312584,124.164411,125.453314,80294.96
2012-09-10,HNB.N0000,126.312584,127.601487,125.453314,126.312584,94755.23
2012-09-11,HNB.N0000,127.085918,128.031123,124.594045,127.085918,112481.77
2012-09-12,HNB.N0000,129.234091,130.60893,126.312584,129.234091,68638.34
2012-09-13,HNB.N0000,136.623815,137.483085,129.062246,136.623815,581306.95
2012-09-14,HNB.N0000,142.123131,144.357238,136.623815,142.123131,471652.52
2012-09-17,HNB.N0000,143.326115,146.075777,141.779431,143.326115,79765.35
2012-09-18,HNB.N0000,144.357238,145.646143,144.357238,144.357238,19794.51
2012-09-19,HNB.N0000,141.349797,142.6387,135.764546,141.349797,66767.18
2012-09-20,HNB.N0000,142.6387,144.357238,141.349797,142.6387,9904.98
2012-09-21,HNB.N0000,141.779431,145.989842,141.779431,141.779431,178005.3
2012-09-24,HNB.N0000,140.920162,140.920162,140.920162,140.920162,3926.75
2012-09-25,HNB.N0000,141.092015,141.779431,140.920162,141.092015,4404.85
2012-09-26,HNB.N0000,141.006097,145.216508,140.920162,141.006097,10712.8
2012-09-27,HNB.N0000,141.607577,142.6387,141.006097,141.607577,5873.13
2012-09-28,HNB.N0000,142.6387,142.6387,141.607577,142.6387,257316.25
2012-10-01,HNB.N0000,140.748308,142.6387,138.428289,140.748308,25872.68
2012-10-02,HNB.N0000,139.717194,140.834226,139.201623,139.717194,4053.49
2012-10-03,HNB.N0000,140.146828,140.834226,137.56902,140.146828,1744.42
2012-10-04,HNB.N0000,137.998655,140.920162,135.764546,137.998655,3001.48
2012-10-08,HNB.N0000,138.084573,138.1705,135.850482,138.084573,10646.85
2012-10-09,HNB.N0000,138.084573,138.342354,137.139385,138.084573,8376.94
2012-10-10,HNB.N0000,137.053449,137.740865,131.038565,137.053449,7645.37
2012-10-11,HNB.N0000,136.194181,137.483085,132.327469,136.194181,1161.23
2012-10-12,HNB.N0000,135.506765,136.366035,131.554135,135.506765,1312.7
2012-10-15,HNB.N0000,133.702308,135.764546,131.897834,133.702308,8846.79
2012-10-16,HNB.N0000,133.530437,135.764546,131.72598,133.530437,669.74
2012-10-17,HNB.N0000,132.241533,133.186738,120.297699,132.241533,288.5
2012-10-18,HNB.N0000,132.241533,132.241533,130.522994,132.241533,2398.71
2012-10-19,HNB.N0000,131.382264,131.4682,130.60893,131.382264,12.36
2012-10-22,HNB.N0000,130.60893,130.60893,128.890392,130.60893,248.32
2012-10-23,HNB.N0000,130.95263,130.95263,128.890392,130.95263,896.43
2012-10-24,HNB.N0000,128.890392,128.890392,128.890392,128.890392,113.34
2012-10-25,HNB.N0000,128.031123,128.890392,128.031123,128.031123,3619.7
2012-10-26,HNB.N0000,128.031123,128.031123,128.031123,128.031123,2325.55
2012-10-30,HNB.N0000,127.601487,128.890392,127.601487,127.601487,2674.85
2012-10-31,HNB.N0000,127.171853,127.171853,127.171853,127.171853,358.57
2012-11-01,HNB.N0000,120.985114,127.171853,120.297699,120.985114,5535.17
2012-11-02,HNB.N0000,124.851826,126.226648,121.586603,124.851826,521.37
2012-11-05,HNB.N0000,124.594045,125.88295,122.961443,124.594045,123280.09
2012-11-06,HNB.N0000,125.453314,125.453314,125.02368,125.453314,6517.11
2012-11-07,HNB.N0000,125.109616,128.890392,125.02368,125.109616,3236.4
2012-11-08,HNB.N0000,124.7659,125.109616,124.594045,124.7659,462.64
2012-11-09,HNB.N0000,125.453314,125.88295,125.453314,125.453314,1170.5
2012-11-12,HNB.N0000,125.88295,126.312584,125.88295,125.88295,1052.01
2012-11-14,HNB.N0000,125.88295,125.88295,125.88295,125.88295,1815.52
2012-11-15,HNB.N0000,124.594045,124.851826,124.594045,124.594045,541.98
2012-11-16,HNB.N0000,124.422191,124.594045,122.875507,124.422191,257.59
2012-11-19,HNB.N0000,122.016238,124.50811,122.016238,122.016238,265285.16
2012-11-20,HNB.N0000,124.594045,125.453314,121.586603,124.594045,95347.69
2012-11-21,HNB.N0000,123.734776,124.594045,122.445872,123.734776,2224500.54
2012-11-22,HNB.N0000,123.734776,123.734776,122.875507,123.734776,4768.57
2012-11-23,HNB.N0000,122.016238,124.50811,122.016238,122.016238,1964.92
2012-11-26,HNB.N0000,124.594045,124.594045,124.594045,124.594045,113.34
2012-11-28,HNB.N0000,123.734776,123.734776,121.844384,123.734776,634.71
2012-11-29,HNB.N0000,123.305141,123.305141,123.305141,123.305141,188363.64
2012-11-30,HNB.N0000,122.875507,122.875507,122.875507,122.875507,1742.36
2012-12-03,HNB.N0000,122.016238,122.102173,121.844384,122.016238,5240.48
2012-12-04,HNB.N0000,121.242904,121.758457,121.156968,121.242904,1734.12
2012-12-05,HNB.N0000,121.071032,121.156968,121.071032,121.071032,1731.03
2012-12-06,HNB.N0000,121.156968,122.875507,121.156968,121.156968,42965.55
2012-12-07,HNB.N0000,121.156968,122.875507,121.156968,121.156968,43424.07
2012-12-10,HNB.N0000,121.156968,121.156968,121.156968,121.156968,15069.22
2012-12-11,HNB.N0000,121.156968,122.875507,121.156968,121.156968,1406563.12
2012-12-12,HNB.N0000,120.899188,122.875507,120.297699,120.899188,732079.47
2012-12-13,HNB.N0000,122.359937,123.305141,121.242904,122.359937,313671.51
2012-12-14,HNB.N0000,122.016238,122.875507,122.016238,122.016238,31507.8
2012-12-17,HNB.N0000,121.156968,122.703653,121.156968,121.156968,27291.51
2012-12-18,HNB.N0000,122.016238,122.789571,122.016238,122.016238,1277.66
2012-12-19,HNB.N0000,121.156968,122.016238,121.156968,121.156968,756.29
2012-12-20,HNB.N0000,122.016238,122.016238,121.758457,122.016238,350.33
2012-12-21,HNB.N0000,122.875507,122.875507,122.016238,122.875507,13330.97
2012-12-24,HNB.N0000,122.445872,122.875507,121.156968,122.445872,1952.56
2012-12-26,HNB.N0000,122.875507,122.875507,122.875507,122.875507,155.59
2012-12-28,HNB.N0000,126.312584,128.890392,123.734776,126.312584,3220.95
2012-12-31,HNB.N0000,127.171853,127.171853,125.453314,127.171853,540.95
2013-01-02,HNB.N0000,127.343707,127.945187,125.453314,127.343707,4293.57
2013-01-03,HNB.N0000,126.312584,128.890392,126.312584,126.312584,1047293.45
2013-01-04,HNB.N0000,127.601487,128.890392,127.171853,127.601487,2565516.11
2013-01-07,HNB.N0000,126.484437,127.601487,126.39852,126.484437,14819.86
2013-01-08,HNB.N0000,126.742219,127.171853,126.312584,126.742219,332492.32
2013-01-09,HNB.N0000,123.219206,126.742219,122.445872,123.219206,2090.63
2013-01-10,HNB.N0000,124.594045,124.594045,124.594045,124.594045,2055904.62
2013-01-11,HNB.N0000,126.312584,126.312584,126.312584,126.312584,10.3
2013-01-15,HNB.N0000,125.88295,126.312584,125.88295,125.88295,5700.03
2013-01-16,HNB.N0000,125.453314,126.312584,125.453314,125.453314,369163.31
2013-01-17,HNB.N0000,126.312584,128.890392,126.312584,126.312584,790695.37
2013-01-18,HNB.N0000,125.453314,128.890392,125.453314,125.453314,52903.51
2013-01-21,HNB.N0000,126.39852,127.085918,125.281461,126.39852,1603.26
2013-01-22,HNB.N0000,125.53925,126.312584,125.453314,125.53925,436339.56
2013-01-23,HNB.N0000,125.453314,127.085918,124.594045,125.453314,331051.85
2013-01-24,HNB.N0000,125.453314,125.453314,124.594045,125.453314,205397.78
2013-01-28,HNB.N0000,125.02368,125.02368,125.02368,125.02368,404.94
2013-01-29,HNB.N0000,123.734776,125.02368,123.734776,123.734776,29293.52
2013-01-30,HNB.N0000,124.50811,124.594045,123.734776,124.50811,271949.62
2013-01-31,HNB.N0000,123.820711,124.594045,123.734776,123.820711,101619.57
2013-02-01,HNB.N0000,124.594045,124.594045,123.734776,124.594045,22816.59
2013-02-05,HNB.N0000,124.679981,125.453314,124.594045,124.679981,12253.2
2013-02-06,HNB.N0000,124.594045,124.594045,123.305141,124.594045,5320003.78
2013-02-07,HNB.N0000,125.453314,126.312584,124.594045,125.453314,2362669.53
2013-02-08,HNB.N0000,128.117058,128.804456,122.875507,128.117058,4987950.41
2013-02-11,HNB.N0000,127.429634,128.804456,126.312584,127.429634,1810838.48
2013-02-12,HNB.N0000,127.945187,128.460757,126.14073,127.945187,2363221.81
2013-02-13,HNB.N0000,127.171853,127.171853,127.171853,127.171853,1401.31
2013-02-14,HNB.N0000,128.202976,128.460757,126.828154,128.202976,14740.53
2013-02-15,HNB.N0000,127.945187,128.031123,126.570364,127.945187,13627.72
2013-02-18,HNB.N0000,127.171853,128.031123,126.484437,127.171853,384385.03
2013-02-19,HNB.N0000,126.312584,127.171853,126.312584,126.312584,6329514.46
2013-02-20,HNB.N0000,126.312584,128.031123,126.312584,126.312584,2463900.66
2013-02-21,HNB.N0000,126.312584,127.171853,126.312584,126.312584,72067.43
2013-02-22,HNB.N0000,127.257789,128.031123,127.171853,127.257789,24367.31
2013-02-26,HNB.N0000,127.085918,127.601487,125.453314,127.085918,22109.76
2013-02-27,HNB.N0000,127,127.171853,125.453314,127,1213957.43
2013-02-28,HNB.N0000,126.914073,127.945187,126.742219,126.914073,466388.35
2013-03-01,HNB.N0000,128.031123,128.890392,126.39852,128.031123,2823456.77
2013-03-04,HNB.N0000,128.117058,128.202976,127.687423,128.117058,107834.79
2013-03-05,HNB.N0000,128.890392,128.890392,128.031123,128.890392,1138562.92
2013-03-06,HNB.N0000,129.234091,131.4682,128.890392,129.234091,4732764.97
2013-03-07,HNB.N0000,130.60893,132.327469,130.60893,130.60893,63848.14
2013-03-08,HNB.N0000,133.272674,134.046008,130.60893,133.272674,295767.74
2013-03-11,HNB.N0000,133.186738,135.334912,132.327469,133.186738,387457.6
2013-03-12,HNB.N0000,133.186738,134.905276,132.327469,133.186738,83298.5
2013-03-13,HNB.N0000,133.960072,134.905276,133.186738,133.960072,601248.81
2013-03-14,HNB.N0000,132.58525,134.819342,131.4682,132.58525,14403.59
2013-03-15,HNB.N0000,134.905276,134.905276,133.186738,134.905276,139485.81
2013-03-18,HNB.N0000,138.1705,139.201623,134.905276,138.1705,363084.11
2013-03-19,HNB.N0000,138.600135,139.201623,138.342354,138.600135,95633.1
2013-03-20,HNB.N0000,139.545322,139.717194,136.623815,139.545322,77911.71
2013-03-21,HNB.N0000,142.38092,144.357238,139.201623,142.38092,818590.68
2013-03-22,HNB.N0000,142.209065,143.49797,142.209065,142.209065,15836.84
2013-03-25,HNB.N0000,142.38092,143.49797,142.295001,142.38092,129866.24
2013-03-27,HNB.N0000,144.443174,145.216508,142.6387,144.443174,244146.01
2013-03-28,HNB.N0000,143.75575,144.786874,141.779431,143.75575,62265.48
2013-04-01,HNB.N0000,137.654938,139.201623,137.483085,137.654938,154056.32
2013-04-02,HNB.N0000,137.483085,139.201623,135.764546,137.483085,97384.74
2013-04-03,HNB.N0000,139.287558,139.459404,137.483085,139.287558,182663.62
2013-04-04,HNB.N0000,139.201623,139.545322,138.342354,139.201623,6328.56
2013-04-05,HNB.N0000,140.146828,140.920162,139.545322,140.146828,7061.15
2013-04-08,HNB.N0000,140.060892,140.060892,140.060892,140.060892,1603.26
2013-04-09,HNB.N0000,140.060892,140.490527,139.201623,140.060892,233437.34
2013-04-10,HNB.N0000,139.631258,140.060892,138.771988,139.631258,25884.02
2013-04-11,HNB.N0000,142.466847,143.49797,139.201623,142.466847,3207949.98
2013-04-12,HNB.N0000,143.068335,143.49797,142.6387,143.068335,2090.63
2013-04-16,HNB.N0000,148.138015,149.512854,143.49797,148.138015,2228379.9
2013-04-17,HNB.N0000,149.341,151.231393,148.653586,149.341,127284.12
2013-04-18,HNB.N0000,147.364681,149.255074,146.075777,147.364681,612532.43
2013-04-19,HNB.N0000,146.247631,147.794316,145.216508,146.247631,17082.57
2013-04-22,HNB.N0000,145.302444,147.1069,141.779431,145.302444,32730.85
2013-04-23,HNB.N0000,143.669824,145.216508,141.177942,143.669824,11852.39
2013-04-24,HNB.N0000,140.920162,144.357238,139.631258,140.920162,10604.61
2013-04-26,HNB.N0000,140.060892,143.412034,140.060892,140.060892,10011.11
2013-04-29,HNB.N0000,140.060892,141.693495,139.803112,140.060892,12569.53
2013-04-30,HNB.N0000,139.889038,141.779431,139.201623,139.889038,30540.28
2013-05-02,HNB.N0000,141.779431,142.209065,140.060892,141.779431,114557.98
2013-05-03,HNB.N0000,145.560207,146.075777,141.779431,145.560207,45811.44
2013-05-06,HNB.N0000,144.786874,146.075777,143.49797,144.786874,265297.53
2013-05-07,HNB.N0000,146.075777,146.935047,144.786874,146.075777,452683.35
2013-05-08,HNB.N0000,146.935047,147.70838,145.216508,146.935047,125269.74
2013-05-09,HNB.N0000,147.536535,148.22395,146.505411,147.536535,1405604.87
2013-05-10,HNB.N0000,146.763193,148.22395,146.505411,146.763193,16122.26
2013-05-13,HNB.N0000,144.357238,147.794316,144.357238,144.357238,8608.77
2013-05-14,HNB.N0000,141.865367,146.075777,141.779431,141.865367,6971.51
2013-05-15,HNB.N0000,144.357238,144.357238,141.779431,144.357238,196590.15
2013-05-16,HNB.N0000,146.935047,147.794316,144.357238,146.935047,84155.77
2013-05-17,HNB.N0000,147.020982,147.70838,146.935047,147.020982,732676.06
2013-05-20,HNB.N0000,148.052097,148.653586,147.020982,148.052097,64296.35
2013-05-21,HNB.N0000,148.653586,150.715823,148.22395,148.653586,117922.15
2013-05-22,HNB.N0000,148.653586,149.512854,148.653586,148.653586,7730.89
2013-05-23,HNB.N0000,146.075777,146.075777,146.075777,146.075777,229.77
2013-05-27,HNB.N0000,144.357238,146.075777,144.357238,144.357238,1420.89
2013-05-28,HNB.N0000,142.6387,147.794316,142.6387,142.6387,1226.14
2013-05-29,HNB.N0000,143.927604,144.357238,143.927604,143.927604,29766.47
2013-05-30,HNB.N0000,146.075777,146.075777,145.903924,146.075777,3651.64
2013-05-31,HNB.N0000,145.989842,145.989842,144.357238,145.989842,649.14
2013-06-03,HNB.N0000,143.49797,143.583905,142.6387,143.49797,5350.73
2013-06-04,HNB.N0000,143.49797,144.357238,143.49797,143.49797,28394.01
2013-06-05,HNB.N0000,145.044654,146.075777,143.49797,145.044654,80201.2
2013-06-06,HNB.N0000,145.474289,146.075777,143.49797,145.474289,2417749.19
2013-06-07,HNB.N0000,145.216508,146.075777,144.357238,145.216508,5940.1
2013-06-10,HNB.N0000,145.216508,146.075777,143.49797,145.216508,42453.46
2013-06-11,HNB.N0000,143.49797,146.935047,143.49797,143.49797,5468.19
2013-06-12,HNB.N0000,144.099458,146.075777,143.49797,144.099458,10372.77
2013-06-13,HNB.N0000,143.583905,145.216508,143.49797,143.583905,15087.76
2013-06-14,HNB.N0000,140.490527,144.786874,120.297699,140.490527,425419.66
2013-06-17,HNB.N0000,140.490527,144.786874,140.060892,140.490527,150033.74
2013-06-18,HNB.N0000,140.920162,141.693495,139.631258,140.920162,153361.85
2013-06-19,HNB.N0000,140.060892,141.779431,140.060892,140.060892,21309.16
2013-06-20,HNB.N0000,139.803112,141.349797,139.631258,139.803112,45868.12
2013-06-21,HNB.N0000,138.686053,139.201623,137.483085,138.686053,240860.15
2013-06-24,HNB.N0000,139.459404,141.779431,138.342354,139.459404,63185.61
2013-06-25,HNB.N0000,137.483085,139.201623,136.194181,137.483085,49945.3
2013-06-26,HNB.N0000,136.967515,138.342354,136.623815,136.967515,121028.72
2013-06-27,HNB.N0000,138.514208,139.201623,137.483085,138.514208,38951.22
2013-06-28,HNB.N0000,138.428289,140.662381,137.483085,138.428289,815.03
2013-07-01,HNB.N0000,137.483085,141.607577,136.194181,137.483085,650634.62
2013-07-02,HNB.N0000,137.483085,140.060892,137.483085,137.483085,609630.9
2013-07-03,HNB.N0000,136.795669,139.201623,136.194181,136.795669,50000.94
2013-07-04,HNB.N0000,137.483085,137.483085,137.483085,137.483085,1.03
2013-07-05,HNB.N0000,135.764546,137.053449,135.764546,135.764546,173460.32
2013-07-08,HNB.N0000,135.850482,137.053449,133.358592,135.850482,4012.28
2013-07-09,HNB.N0000,135.420847,136.623815,134.046008,135.420847,7563.97
2013-07-10,HNB.N0000,135.334912,135.764546,134.046008,135.334912,26763.96
2013-07-11,HNB.N0000,134.733423,137.053449,134.046008,134.733423,16422.1
2013-07-12,HNB.N0000,134.046008,135.764546,134.046008,134.046008,195435.1
2013-07-15,HNB.N0000,134.905276,135.334912,133.186738,134.905276,49077.73
2013-07-16,HNB.N0000,133.186738,135.334912,133.186738,133.186738,240153.32
2013-07-17,HNB.N0000,133.186738,133.186738,133.186738,133.186738,296074.79
2013-07-18,HNB.N0000,132.155615,133.186738,130.179296,132.155615,38031.09
2013-07-19,HNB.N0000,130.60893,132.757103,130.60893,130.60893,18737.35
2013-07-23,HNB.N0000,131.640053,133.186738,131.038565,131.640053,42112.4
2013-07-24,HNB.N0000,135.163058,136.623815,133.100803,135.163058,8341.91
2013-07-25,HNB.N0000,133.186738,135.764546,133.186738,133.186738,1464.16
2013-07-26,HNB.N0000,132.327469,134.389706,132.327469,132.327469,30370.26
2013-07-29,HNB.N0000,134.046008,134.819342,133.186738,134.046008,3842.26
2013-07-30,HNB.N0000,132.413405,133.186738,132.327469,132.413405,20373.58
2013-07-31,HNB.N0000,132.928957,133.186738,131.554135,132.928957,11859.6
2013-08-01,HNB.N0000,133.100803,133.186738,132.757103,133.100803,29706.7
2013-08-02,HNB.N0000,130.437076,130.60893,129.921515,130.437076,462.64
2013-08-05,HNB.N0000,130.09336,133.100803,130.09336,130.09336,951.03
2013-08-06,HNB.N0000,130.007442,131.811899,130.007442,130.007442,6398.62
2013-08-07,HNB.N0000,131.4682,131.811899,129.835596,131.4682,25106.09
2013-08-08,HNB.N0000,131.038565,131.038565,131.038565,131.038565,3748.5
2013-08-12,HNB.N0000,131.4682,131.897834,131.038565,131.4682,453759.06
2013-08-13,HNB.N0000,132.757103,133.186738,131.897834,132.757103,50594.44
2013-08-14,HNB.N0000,132.327469,133.186738,131.897834,132.327469,179616.8
2013-08-15,HNB.N0000,132.499323,134.905276,132.327469,132.499323,1179020.55
2013-08-16,HNB.N0000,133.186738,133.186738,130.007442,133.186738,1785.64
2013-08-19,HNB.N0000,133.186738,133.186738,133.186738,133.186738,673.86
2013-08-21,HNB.N0000,132.757103,133.186738,131.4682,132.757103,13847.19
2013-08-22,HNB.N0000,132.327469,133.100803,128.890392,132.327469,136882.05
2013-08-23,HNB.N0000,128.890392,131.897834,128.890392,128.890392,10256.34
2013-08-26,HNB.N0000,132.327469,132.327469,132.327469,132.327469,113.34
2013-08-27,HNB.N0000,128.632611,131.897834,127.171853,128.632611,15115.58
2013-08-28,HNB.N0000,127.085918,128.890392,127.085918,127.085918,5081.8
2013-08-29,HNB.N0000,130.09336,132.241533,126.312584,130.09336,19871.79
2013-08-30,HNB.N0000,130.866711,131.038565,128.890392,130.866711,5117.87
2013-09-02,HNB.N0000,131.038565,131.038565,126.312584,131.038565,229.77
2013-09-03,HNB.N0000,127,128.890392,125.88295,127,2717.1
2013-09-04,HNB.N0000,125.711096,129.749661,124.594045,125.711096,24657.87
2013-09-05,HNB.N0000,127.601487,128.890392,126.312584,127.601487,362.69
2013-09-06,HNB.N0000,129.320026,129.749661,125.88295,129.320026,3076.7
2013-09-09,HNB.N0000,127.945187,128.890392,127.945187,127.945187,3494
2013-09-10,HNB.N0000,128.031123,129.749661,128.031123,128.031123,5358.97
2013-09-11,HNB.N0000,129.663726,129.749661,128.031123,129.663726,3499.15
2013-09-12,HNB.N0000,128.804456,129.663726,127.171853,128.804456,10684.98
2013-09-13,HNB.N0000,127.515553,129.749661,127.171853,127.515553,27348.18
2013-09-16,HNB.N0000,128.890392,128.890392,127.085918,128.890392,3560.97
2013-09-17,HNB.N0000,128.890392,128.890392,125.02368,128.890392,1234.39
2013-09-18,HNB.N0000,128.890392,128.890392,125.453314,128.890392,62012.01
2013-09-20,HNB.N0000,129.749661,132.757103,128.804456,129.749661,210469.28
2013-09-23,HNB.N0000,128.890392,129.749661,128.031123,128.890392,652555.23
2013-09-24,HNB.N0000,128.890392,129.749661,128.890392,128.890392,508495.6
2013-09-26,HNB.N0000,128.890392,129.749661,128.890392,128.890392,583638.69
2013-09-27,HNB.N0000,128.890392,128.890392,128.890392,128.890392,2325.55
2013-09-30,HNB.N0000,128.890392,129.062246,128.890392,128.890392,8213.11
2013-10-01,HNB.N0000,128.890392,128.890392,128.202976,128.890392,16169.65
2013-10-02,HNB.N0000,128.031123,128.890392,125.88295,128.031123,3500.18
2013-10-03,HNB.N0000,128.890392,128.890392,128.890392,128.890392,26766.02
2013-10-04,HNB.N0000,129.577807,129.749661,128.890392,129.577807,121635.61
2013-10-07,HNB.N0000,128.976327,129.749661,128.890392,128.976327,43650.75
2013-10-08,HNB.N0000,128.890392,128.890392,128.804456,128.890392,19903.73
2013-10-09,HNB.N0000,128.890392,128.890392,128.890392,128.890392,1166.38
2013-10-10,HNB.N0000,128.890392,130.866711,128.890392,128.890392,699483.6
2013-10-11,HNB.N0000,128.890392,128.890392,128.202976,128.890392,575312.24
2013-10-14,HNB.N0000,133.186738,133.186738,128.804456,133.186738,5202.36
2013-10-15,HNB.N0000,128.890392,128.890392,128.890392,128.890392,163681.04
2013-10-17,HNB.N0000,128.890392,129.749661,128.890392,128.890392,700.65
2013-10-21,HNB.N0000,128.890392,128.890392,128.890392,128.890392,2158012.59
2013-10-22,HNB.N0000,127.773342,128.804456,127.171853,127.773342,6455.29
2013-10-23,HNB.N0000,126.39852,128.890392,125.109616,126.39852,5907.13
2013-10-24,HNB.N0000,125.968885,127.085918,125.195534,125.968885,4087.49
2013-10-25,HNB.N0000,125.711096,126.312584,124.7659,125.711096,506.94
2013-10-28,HNB.N0000,125.453314,128.632611,124.594045,125.453314,13796.7
2013-10-29,HNB.N0000,125.968885,127.859269,125.88295,125.968885,69.04
2013-10-30,HNB.N0000,127.945187,128.031123,127.859269,127.945187,466.76
2013-10-31,HNB.N0000,126.312584,126.312584,126.312584,126.312584,1.03
2013-11-01,HNB.N0000,128.031123,128.031123,126.312584,128.031123,1329.18
2013-11-04,HNB.N0000,126.054803,127.601487,126.054803,126.054803,115.4
2013-11-05,HNB.N0000,124.594045,125.968885,123.734776,124.594045,7043.63
2013-11-06,HNB.N0000,126.312584,127.601487,126.226648,126.312584,358.57
2013-11-07,HNB.N0000,125.453314,125.88295,125.453314,125.453314,417.3
2013-11-08,HNB.N0000,124.594045,124.594045,124.594045,124.594045,683.14
2013-11-11,HNB.N0000,124.594045,124.594045,122.703653,124.594045,48589.33
2013-11-12,HNB.N0000,124.594045,124.594045,123.305141,124.594045,58219.2
2013-11-13,HNB.N0000,124.594045,124.594045,124.594045,124.594045,1197.29
2013-11-14,HNB.N0000,124.50811,124.594045,123.820711,124.50811,824.3
2013-11-15,HNB.N0000,123.992557,124.250346,123.820711,123.992557,360.63
2013-11-18,HNB.N0000,124.164411,124.594045,123.305141,124.164411,6466.63
2013-11-19,HNB.N0000,124.594045,124.594045,120.469553,124.594045,1703338.56
2013-11-20,HNB.N0000,124.594045,124.594045,122.016238,124.594045,928.37
2013-11-21,HNB.N0000,122.961443,124.594045,121.586603,122.961443,4267.81
2013-11-22,HNB.N0000,124.50811,124.594045,124.422191,124.50811,192248.15
2013-11-25,HNB.N0000,124.164411,124.50811,124.164411,124.164411,516.22
2013-11-26,HNB.N0000,123.734776,124.164411,123.734776,123.734776,273990.79
2013-11-27,HNB.N0000,123.734776,124.164411,123.734776,123.734776,6059.63
2013-11-28,HNB.N0000,123.391077,123.734776,123.305141,123.391077,142.19
2013-11-29,HNB.N0000,124.50811,124.594045,123.305141,124.50811,896.43
2013-12-02,HNB.N0000,123.133288,124.594045,122.875507,123.133288,2682.06
2013-12-03,HNB.N0000,123.305141,123.734776,123.133288,123.305141,6617.06
2013-12-04,HNB.N0000,123.305141,123.90663,123.305141,123.305141,20454.98
2013-12-05,HNB.N0000,123.305141,123.734776,123.305141,123.305141,2790.25
2013-12-06,HNB.N0000,123.219206,123.734776,123.133288,123.219206,4819.06
2013-12-09,HNB.N0000,122.875507,122.875507,122.016238,122.875507,3998.88
2013-12-10,HNB.N0000,122.875507,123.305141,122.875507,122.875507,102.01
2013-12-11,HNB.N0000,122.016238,122.875507,122.016238,122.016238,2084.45
2013-12-12,HNB.N0000,122.016238,122.102173,122.016238,122.016238,835.63
2013-12-13,HNB.N0000,122.016238,122.016238,121.672538,122.016238,421.42
2013-12-17,HNB.N0000,121.586603,122.016238,121.156968,121.586603,7384.69
2013-12-18,HNB.N0000,121.586603,122.016238,121.586603,121.586603,3075.67
2013-12-19,HNB.N0000,122.016238,122.016238,121.156968,122.016238,254231.31
2013-12-20,HNB.N0000,122.359937,122.875507,122.016238,122.359937,16100.62
2013-12-23,HNB.N0000,121.242904,122.016238,121.156968,121.242904,363426.19
2013-12-24,HNB.N0000,122.016238,122.016238,122.016238,122.016238,9945.17
2013-12-26,HNB.N0000,122.875507,123.734776,122.016238,122.875507,872.73
2013-12-27,HNB.N0000,122.875507,123.648841,122.875507,122.875507,814626.83
2013-12-30,HNB.N0000,122.875507,123.562922,121.586603,122.875507,184705.82
2013-12-31,HNB.N0000,126.312584,126.312584,123.391077,126.312584,1069317.69
2014-01-02,HNB.N0000,127.171853,128.890392,124.679981,127.171853,150887.92
2014-01-03,HNB.N0000,127.257789,130.60893,127.257789,127.257789,8400.64
2014-01-06,HNB.N0000,127.171853,127.257789,127.085918,127.171853,49656.8
2014-01-07,HNB.N0000,128.718537,128.890392,126.742219,128.718537,1775560.54
2014-01-08,HNB.N0000,129.749661,131.4682,128.804456,129.749661,459883.6
2014-01-09,HNB.N0000,130.60893,130.60893,128.890392,130.60893,654918.91
2014-01-10,HNB.N0000,133.186738,134.905276,131.038565,133.186738,73958.16
2014-01-13,HNB.N0000,132.413405,134.905276,132.327469,132.413405,2812977.87
2014-01-16,HNB.N0000,134.905276,135.764546,133.186738,134.905276,3936487.03
2014-01-17,HNB.N0000,135.850482,136.623815,133.186738,135.850482,15177.4
2014-01-20,HNB.N0000,136.623815,136.623815,135.764546,136.623815,34492.79
2014-01-21,HNB.N0000,136.280116,136.623815,136.194181,136.280116,71292.59
2014-01-22,HNB.N0000,137.483085,138.342354,135.764546,137.483085,71421.38
2014-01-23,HNB.N0000,137.483085,138.428289,137.483085,137.483085,274492.58
2014-01-24,HNB.N0000,139.029769,139.201623,137.483085,139.029769,19502.91
2014-01-27,HNB.N0000,136.967515,137.56902,136.623815,136.967515,58207.87
2014-01-28,HNB.N0000,136.623815,137.483085,135.936399,136.623815,4913618.22
2014-01-29,HNB.N0000,138.084573,138.342354,137.397149,138.084573,62767.27
2014-01-30,HNB.N0000,137.397149,138.342354,136.623815,137.397149,4122.53
2014-01-31,HNB.N0000,137.311231,137.483085,136.623815,137.311231,46380.21
2014-02-03,HNB.N0000,136.623815,137.483085,135.764546,136.623815,656707.64
2014-02-05,HNB.N0000,136.194181,137.397149,136.194181,136.194181,3711.41
2014-02-06,HNB.N0000,135.764546,136.194181,135.764546,135.764546,296893.93
2014-02-07,HNB.N0000,134.131943,136.623815,134.046008,134.131943,48321.43
2014-02-10,HNB.N0000,134.046008,136.623815,134.046008,134.046008,400170.35
2014-02-11,HNB.N0000,134.905276,134.905276,134.046008,134.905276,1279383.07
2014-02-12,HNB.N0000,134.131943,134.389706,134.046008,134.131943,23396.7
2014-02-13,HNB.N0000,134.046008,134.475642,134.046008,134.046008,21152.54
2014-02-17,HNB.N0000,133.186738,134.046008,133.186738,133.186738,8725.2
2014-02-18,HNB.N0000,133.186738,133.616373,133.186738,133.186738,5032.35
2014-02-19,HNB.N0000,131.897834,133.186738,131.897834,131.897834,1807.28
2014-02-20,HNB.N0000,130.694866,130.694866,130.60893,130.694866,9551.56
2014-02-21,HNB.N0000,131.1245,131.296346,131.038565,131.1245,728.47
2014-02-24,HNB.N0000,131.4682,132.757103,131.1245,131.4682,36583.42
2014-02-25,HNB.N0000,129.835596,130.60893,128.890392,129.835596,7539.24
2014-02-26,HNB.N0000,130.09336,131.038565,128.890392,130.09336,16062.5
2014-02-28,HNB.N0000,130.60893,131.4682,128.890392,130.60893,115749.09
2014-03-03,HNB.N0000,131.4682,131.4682,129.835596,131.4682,1932.98
2014-03-04,HNB.N0000,130.60893,131.4682,130.60893,130.60893,14708.58
2014-03-05,HNB.N0000,130.265232,130.694866,130.179296,130.265232,51945.26
2014-03-06,HNB.N0000,130.60893,131.4682,130.437076,130.60893,3393.02
2014-03-07,HNB.N0000,130.780784,131.4682,130.60893,130.780784,14250.07
2014-03-10,HNB.N0000,131.554135,132.327469,131.4682,131.554135,6263.64
2014-03-11,HNB.N0000,132.327469,132.327469,131.554135,132.327469,6398.62
2014-03-12,HNB.N0000,131.4682,131.897834,131.038565,131.4682,4266.78
2014-03-13,HNB.N0000,129.921515,131.4682,129.749661,129.921515,1706.3
2014-03-14,HNB.N0000,130.95263,131.038565,130.179296,130.95263,11.33
2014-03-17,HNB.N0000,131.038565,131.038565,129.921515,131.038565,11042.51
2014-03-18,HNB.N0000,131.382264,132.327469,131.210419,131.382264,2826.32
2014-03-19,HNB.N0000,135.67861,135.67861,132.327469,135.67861,1366.28
2014-03-20,HNB.N0000,134.217862,135.764546,132.413405,134.217862,9790.61
2014-03-21,HNB.N0000,135.334912,135.764546,135.334912,135.334912,580.1
2014-03-24,HNB.N0000,134.905276,134.905276,134.046008,134.905276,23408.03
2014-03-25,HNB.N0000,134.475642,134.905276,134.475642,134.475642,2102.99
2014-03-26,HNB.N0000,134.217862,134.905276,134.046008,134.217862,5905.07
2014-03-27,HNB.N0000,134.046008,134.475642,133.186738,134.046008,13690.58
2014-03-28,HNB.N0000,134.131943,134.905276,134.046008,134.131943,42978.95
2014-03-31,HNB.N0000,128.890392,132.241533,124.679981,128.890392,65371.03
2014-04-01,HNB.N0000,129.749661,129.749661,128.890392,129.749661,123851.95
2014-04-02,HNB.N0000,130.95263,131.296346,129.749661,130.95263,363076.9
2014-04-03,HNB.N0000,131.1245,131.4682,131.038565,131.1245,13249.58
2014-04-04,HNB.N0000,130.60893,131.4682,130.60893,130.60893,38014.61
2014-04-07,HNB.N0000,131.4682,131.4682,130.60893,131.4682,23483.25
2014-04-08,HNB.N0000,129.062246,131.038565,128.890392,129.062246,339498.86
2014-04-09,HNB.N0000,129.405962,131.038565,129.062246,129.405962,16187.17
2014-04-10,HNB.N0000,130.60893,130.60893,130.60893,130.60893,25338.95
2014-04-11,HNB.N0000,130.60893,130.60893,130.60893,130.60893,2068.99
2014-04-16,HNB.N0000,130.60893,130.60893,130.522994,130.60893,19963.49
2014-04-17,HNB.N0000,132.843039,134.046008,130.60893,132.843039,29615
2014-04-21,HNB.N0000,133.186738,133.186738,132.58525,133.186738,19300.96
2014-04-22,HNB.N0000,134.905276,135.67861,133.186738,134.905276,60551.97
2014-04-23,HNB.N0000,133.272674,134.905276,133.186738,133.272674,623834.6
2014-04-24,HNB.N0000,134.819342,134.905276,133.186738,134.819342,100262.57
2014-04-25,HNB.N0000,134.819342,135.67861,133.616373,134.819342,190438.82
2014-04-28,HNB.N0000,134.819342,134.905276,134.475642,134.819342,129997.1
2014-04-29,HNB.N0000,135.506765,135.67861,134.905276,135.506765,230443.08
2014-04-30,HNB.N0000,135.67861,136.53788,134.991212,135.67861,118309.57
2014-05-02,HNB.N0000,135.077131,136.53788,134.905276,135.077131,18130.46
2014-05-05,HNB.N0000,135.764546,135.764546,135.764546,135.764546,185460.05
2014-05-06,HNB.N0000,134.475642,134.991212,133.186738,134.475642,15945.03
2014-05-07,HNB.N0000,135.764546,135.764546,133.616373,135.764546,332672.63
2014-05-08,HNB.N0000,136.194181,136.194181,133.616373,136.194181,2441.99
2014-05-09,HNB.N0000,135.764546,135.764546,134.475642,135.764546,3269.38
2014-05-12,HNB.N0000,135.764546,136.881596,134.561578,135.764546,241690.63
2014-05-13,HNB.N0000,135.764546,135.850482,135.334912,135.764546,291874.98
2014-05-16,HNB.N0000,133.186738,134.217862,133.100803,133.186738,5066.35
2014-05-19,HNB.N0000,133.186738,134.905276,133.186738,133.186738,4100.89
2014-05-20,HNB.N0000,135.67861,135.67861,134.046008,135.67861,33548.97
2014-05-21,HNB.N0000,134.647496,135.764546,134.475642,134.647496,705522.62
2014-05-22,HNB.N0000,134.647496,135.764546,133.186738,134.647496,11901.85
2014-05-23,HNB.N0000,135.764546,135.764546,134.131943,135.764546,298.81
2014-05-26,HNB.N0000,134.991212,135.334912,134.647496,134.991212,24362.16
2014-05-27,HNB.N0000,134.046008,135.334912,133.616373,134.046008,30499.06
2014-05-28,HNB.N0000,133.272674,134.046008,133.186738,133.272674,16044.98
2014-05-29,HNB.N0000,134.046008,134.046008,133.100803,134.046008,16689.99
2014-05-30,HNB.N0000,133.788226,134.046008,132.757103,133.788226,26136.46
2014-06-02,HNB.N0000,134.475642,134.561578,133.186738,134.475642,32576.29
2014-06-03,HNB.N0000,134.819342,134.905276,134.475642,134.819342,48062.81
2014-06-04,HNB.N0000,134.475642,134.733423,134.475642,134.475642,4654.2
2014-06-05,HNB.N0000,135.334912,135.334912,134.046008,135.334912,26420.84
2014-06-06,HNB.N0000,134.389706,134.475642,134.046008,134.389706,7927.7
2014-06-09,HNB.N0000,134.905276,135.334912,134.905276,134.905276,625.44
2014-06-10,HNB.N0000,134.905276,134.905276,134.905276,134.905276,7352.75
2014-06-11,HNB.N0000,133.358592,135.077131,133.358592,133.358592,579.07
2014-06-13,HNB.N0000,135.334912,135.764546,132.413405,135.334912,211175.09
2014-06-16,HNB.N0000,133.788226,134.905276,133.530437,133.788226,196597.36
2014-06-17,HNB.N0000,134.046008,134.303788,133.616373,134.046008,201700.8
2014-06-18,HNB.N0000,133.100803,134.046008,132.413405,133.100803,77145.11
2014-06-19,HNB.N0000,132.757103,133.616373,132.413405,132.757103,2982.93
2014-06-20,HNB.N0000,132.757103,133.186738,132.757103,132.757103,27602.68
2014-06-23,HNB.N0000,133.616373,134.905276,133.186738,133.616373,2104.02
2014-06-24,HNB.N0000,133.960072,134.475642,133.186738,133.960072,285598.98
2014-06-25,HNB.N0000,133.444519,133.960072,133.444519,133.444519,10333.62
2014-06-26,HNB.N0000,133.358592,133.960072,133.358592,133.358592,15143.4
2014-06-27,HNB.N0000,133.788226,134.046008,133.530437,133.788226,426647.86
2014-06-30,HNB.N0000,134.905276,135.334912,133.616373,134.905276,301359.57
2014-07-01,HNB.N0000,134.991212,135.420847,133.702308,134.991212,489622.24
2014-07-02,HNB.N0000,136.623815,137.053449,135.764546,136.623815,188681
2014-07-03,HNB.N0000,139.115688,139.201623,136.623815,139.115688,1663899.98
2014-07-04,HNB.N0000,140.748308,141.779431,138.342354,140.748308,176482.41
2014-07-07,HNB.N0000,142.6387,143.412034,140.834226,142.6387,256376.55
2014-07-08,HNB.N0000,146.075777,146.075777,142.6387,146.075777,953495.45
2014-07-09,HNB.N0000,145.130572,147.794316,142.6387,145.130572,62245.9
2014-07-10,HNB.N0000,145.903924,146.075777,141.779431,145.903924,546392.74
2014-07-11,HNB.N0000,143.326115,146.935047,143.068335,143.326115,23268.93
2014-07-14,HNB.N0000,143.583905,146.075777,143.583905,143.583905,4357.45
2014-07-15,HNB.N0000,146.075777,146.075777,144.357238,146.075777,386396.31
2014-07-16,HNB.N0000,146.419477,146.935047,145.216508,146.419477,283877.22
2014-07-17,HNB.N0000,145.302444,146.075777,145.216508,145.302444,149028.1
2014-07-18,HNB.N0000,144.357238,144.357238,144.01354,144.357238,184.44
2014-07-21,HNB.N0000,145.216508,145.989842,144.529093,145.216508,20033.56
2014-07-22,HNB.N0000,145.989842,146.075777,145.903924,145.989842,117195.73
2014-07-23,HNB.N0000,146.075777,146.161713,145.216508,146.075777,186314.23
2014-07-24,HNB.N0000,146.075777,146.161713,145.903924,146.075777,147731.89
2014-07-25,HNB.N0000,146.333558,146.935047,145.216508,146.333558,469330.06
2014-07-28,HNB.N0000,145.903924,146.075777,145.474289,145.903924,7326.99
2014-07-30,HNB.N0000,146.075777,146.935047,144.786874,146.075777,64032.57
2014-07-31,HNB.N0000,146.075777,146.505411,145.216508,146.075777,399734.5
2014-08-01,HNB.N0000,145.560207,146.075777,145.216508,145.560207,3192.1
2014-08-04,HNB.N0000,144.786874,144.786874,144.357238,144.786874,11210.47
2014-08-05,HNB.N0000,143.669824,144.786874,142.295001,143.669824,60071.82
2014-08-06,HNB.N0000,144.01354,144.185385,143.412034,144.01354,24270.45
2014-08-07,HNB.N0000,145.216508,145.646143,144.271304,145.216508,81397.46
2014-08-08,HNB.N0000,146.505411,148.653586,145.130572,146.505411,355543.84
2014-08-11,HNB.N0000,146.075777,149.512854,146.075777,146.075777,438486.86
2014-08-12,HNB.N0000,146.075777,147.794316,144.357238,146.075777,498125.92
2014-08-13,HNB.N0000,146.075777,147.364681,145.989842,146.075777,446736.03
2014-08-14,HNB.N0000,145.989842,146.075777,145.989842,145.989842,10068.81
2014-08-15,HNB.N0000,145.560207,145.989842,144.357238,145.560207,520429.38
2014-08-18,HNB.N0000,143.583905,144.271304,143.49797,143.583905,596033.05
2014-08-19,HNB.N0000,143.927604,143.927604,143.669824,143.927604,384084.16
2014-08-20,HNB.N0000,145.130572,145.903924,144.357238,145.130572,9517.56
2014-08-21,HNB.N0000,144.872809,145.130572,144.529093,144.872809,23175.16
2014-08-22,HNB.N0000,144.357238,145.044654,143.927604,144.357238,605605.23
2014-08-25,HNB.N0000,144.357238,144.357238,144.357238,144.357238,25187.48
2014-08-26,HNB.N0000,143.927604,145.130572,143.49797,143.927604,43383.88
2014-08-27,HNB.N0000,144.357238,145.130572,143.49797,144.357238,2952.02
2014-08-28,HNB.N0000,144.271304,145.216508,143.927604,144.271304,19083.55
2014-08-29,HNB.N0000,145.989842,145.989842,144.357238,145.989842,9596.9
2014-09-01,HNB.N0000,146.505411,146.935047,144.786874,146.505411,27001.97
2014-09-02,HNB.N0000,145.216508,146.591347,144.786874,145.216508,28200.3
2014-09-03,HNB.N0000,145.903924,146.075777,144.443174,145.903924,57531.95
2014-09-04,HNB.N0000,146.849111,146.935047,145.989842,146.849111,196556.15
2014-09-05,HNB.N0000,148.911366,150.372124,147.1069,148.911366,29310.01
2014-09-09,HNB.N0000,148.653586,150.286188,147.794316,148.653586,325446.62
2014-09-10,HNB.N0000,146.677266,148.653586,146.677266,146.677266,117758.32
2014-09-11,HNB.N0000,148.825439,149.512854,146.075777,148.825439,114885.64
2014-09-12,HNB.N0000,150.715823,154.66847,149.426919,150.715823,292640.55
2014-09-15,HNB.N0000,150.372124,151.231393,150.20027,150.372124,4284.29
2014-09-16,HNB.N0000,150.372124,151.231393,150.372124,150.372124,12733.36
2014-09-17,HNB.N0000,149.59879,150.458059,149.512854,149.59879,36842.04
2014-09-18,HNB.N0000,150.286188,151.231393,150.20027,150.286188,219364.5
2014-09-19,HNB.N0000,151.231393,152.949932,147.794316,151.231393,648884.01
2014-09-22,HNB.N0000,154.66847,155.098105,151.231393,154.66847,989516.28
2014-09-23,HNB.N0000,154.66847,154.840323,154.324771,154.66847,80630.86
2014-09-24,HNB.N0000,153.379566,154.66847,152.949932,153.379566,10944.63
2014-09-25,HNB.N0000,155.527739,155.613675,154.238836,155.527739,778942.93
2014-09-26,HNB.N0000,157.589977,158.019612,155.699593,157.589977,996507.36
2014-09-29,HNB.N0000,159.824086,160.683355,158.019612,159.824086,197072.36
2014-09-30,HNB.N0000,163.604862,165.58119,159.824086,163.604862,857886.04
2014-10-01,HNB.N0000,166.784176,168.416778,164.979701,166.784176,719257.5
2014-10-02,HNB.N0000,166.354541,167.471574,165.924906,166.354541,739429.13
2014-10-03,HNB.N0000,170.307171,172.713125,166.69824,170.307171,874640.95
2014-10-07,HNB.N0000,170.650887,171.853856,170.135317,170.650887,272534.87
2014-10-09,HNB.N0000,170.736806,170.908651,169.276048,170.736806,3500.18
2014-10-10,HNB.N0000,167.55751,170.994586,166.69824,167.55751,114301.41
2014-10-13,HNB.N0000,160.683355,168.588633,159.824086,160.683355,123075.05
2014-10-14,HNB.N0000,160.339655,163.175228,155.78552,160.339655,43097.44
2014-10-15,HNB.N0000,164.979701,167.55751,163.175228,164.979701,108229.42
2014-10-16,HNB.N0000,163.347098,166.69824,163.261163,163.347098,4618.13
2014-10-17,HNB.N0000,163.261163,164.979701,163.261163,163.261163,2980.87
2014-10-20,HNB.N0000,162.745592,163.261163,161.542624,162.745592,20535.35
2014-10-21,HNB.N0000,160.683355,160.769291,159.995939,160.683355,1731.03
2014-10-23,HNB.N0000,163.261163,163.261163,160.683355,163.261163,102830.26
2014-10-24,HNB.N0000,164.120432,164.120432,161.542624,164.120432,218103.32
2014-10-27,HNB.N0000,163.261163,165.838971,163.261163,163.261163,1787.7
2014-10-28,HNB.N0000,163.690798,165.838971,163.261163,163.690798,35989.92
2014-10-29,HNB.N0000,167.127874,169.018267,163.261163,167.127874,301868.58
2014-10-30,HNB.N0000,167.987144,168.416778,164.979701,167.987144,289978.07
2014-10-31,HNB.N0000,169.276048,170.135317,168.846413,169.276048,366579.14
2014-11-03,HNB.N0000,168.588633,170.135317,167.55751,168.588633,35285.15
2014-11-04,HNB.N0000,168.416778,168.502714,167.55751,168.416778,124857.59
2014-11-05,HNB.N0000,170.135317,170.135317,168.502714,170.135317,96644.93
2014-11-07,HNB.N0000,170.135317,170.564952,169.705683,170.135317,32152.81
2014-11-10,HNB.N0000,169.361983,169.361983,168.416778,169.361983,3328.11
2014-11-11,HNB.N0000,169.533829,170.135317,169.276048,169.533829,5373.4
2014-11-12,HNB.N0000,171.76792,171.853856,170.135317,171.76792,188701.61
2014-11-13,HNB.N0000,171.853856,172.28349,171.853856,171.853856,332495.41
2014-11-14,HNB.N0000,173.572394,174.431663,171.853856,173.572394,160780.54
2014-11-17,HNB.N0000,172.62719,174.002029,172.62719,172.62719,7691.74
2014-11-18,HNB.N0000,174.431663,174.431663,170.994586,174.431663,400772.09
2014-11-19,HNB.N0000,174.431663,175.290933,173.572394,174.431663,371829.92
2014-11-20,HNB.N0000,175.376868,176.150202,173.572394,175.376868,378256.36
2014-11-21,HNB.N0000,170.994586,176.150202,170.564952,170.994586,50411.03
2014-11-24,HNB.N0000,165.838971,170.564952,150.458059,165.838971,46770.72
2014-11-25,HNB.N0000,168.416778,169.276048,166.784176,168.416778,352820.56
2014-11-26,HNB.N0000,168.330843,169.276048,163.347098,168.330843,295609.06
2014-11-27,HNB.N0000,164.292286,170.564952,164.120432,164.292286,2220.46
2014-11-28,HNB.N0000,161.62856,165.409336,159.824086,161.62856,11978.09
2014-12-01,HNB.N0000,164.979701,165.838971,163.261163,164.979701,14463.36
2014-12-03,HNB.N0000,167.471574,167.55751,165.838971,167.471574,47699.09
2014-12-04,HNB.N0000,167.55751,169.276048,167.55751,167.55751,59001.26
2014-12-05,HNB.N0000,165.838971,166.784176,165.753035,165.838971,2440.96
2014-12-08,HNB.N0000,165.753035,165.753035,165.409336,165.753035,323.54
2014-12-09,HNB.N0000,169.018267,169.276048,164.979701,169.018267,410152.61
2014-12-10,HNB.N0000,168.846413,169.190112,168.416778,168.846413,7027.15
2014-12-11,HNB.N0000,168.330843,169.190112,165.838971,168.330843,62664.24
2014-12-12,HNB.N0000,168.416778,168.416778,167.987144,168.416778,111393.7
2014-12-15,HNB.N0000,167.55751,168.330843,167.55751,167.55751,27637.71
2014-12-16,HNB.N0000,168.416778,168.416778,167.55751,168.416778,2474.96
2014-12-17,HNB.N0000,169.276048,169.276048,167.55751,169.276048,426820.97
2014-12-18,HNB.N0000,168.846413,168.846413,168.846413,168.846413,366925.34
2014-12-19,HNB.N0000,168.846413,168.846413,168.416778,168.846413,37087.27
2014-12-22,HNB.N0000,168.416778,169.190112,167.987144,168.416778,177551.93
2014-12-23,HNB.N0000,167.987144,168.846413,167.643444,167.987144,1383.79
2014-12-24,HNB.N0000,166.870094,168.330843,165.838971,166.870094,62026.44
2014-12-26,HNB.N0000,166.956021,167.127874,166.69824,166.956021,1521.86
2014-12-29,HNB.N0000,166.956021,167.471574,166.784176,166.956021,55685.52
2014-12-30,HNB.N0000,167.127874,167.127874,166.784176,167.127874,25620.24
2014-12-31,HNB.N0000,167.471574,167.55751,166.69824,167.471574,149824.58
2015-01-02,HNB.N0000,167.55751,167.55751,164.979701,167.55751,62386.04
2015-01-06,HNB.N0000,170.221253,170.994586,165.838971,170.221253,366831.58
2015-01-07,HNB.N0000,169.533829,170.994586,168.932349,169.533829,201740.99
2015-01-08,HNB.N0000,170.135317,170.135317,169.276048,170.135317,425592.76
2015-01-09,HNB.N0000,174.775363,180.446548,171.853856,174.775363,284043.11
2015-01-12,HNB.N0000,176.236138,180.446548,175.290933,176.236138,645316.86
2015-01-13,HNB.N0000,177.009472,178.556156,176.150202,177.009472,344226.21
2015-01-16,HNB.N0000,181.048037,182.165087,177.439106,181.048037,130855.4
2015-01-19,HNB.N0000,175.634632,180.962118,175.290933,175.634632,38488.58
2015-01-20,HNB.N0000,176.150202,177.009472,175.376868,176.150202,108120.2
2015-01-21,HNB.N0000,176.236138,177.868741,176.150202,176.236138,120005.56
2015-01-22,HNB.N0000,178.72801,179.587279,177.009472,177.009472,115801.64
2015-01-23,HNB.N0000,177.009472,179.587279,177.009472,177.009472,115801.64
2015-01-26,HNB.N0000,178.72801,178.72801,173.572394,173.572394,79123.43
2015-01-28,HNB.N0000,178.298375,180.446548,176.236138,180.446548,399250.23
2015-01-29,HNB.N0000,182.165087,184.742895,179.587279,182.165087,151472.14
2015-01-30,HNB.N0000,177.954676,178.72801,172.713125,176.150202,294997.02
2015-02-02,HNB.N0000,172.369426,172.369426,168.416778,168.416778,62690
2015-02-05,HNB.N0000,170.135317,173.572394,170.135317,173.572394,16947.59
2015-02-06,HNB.N0000,171.853856,174.431663,171.853856,173.572394,140530.61
2015-02-09,HNB.N0000,174.431663,184.742895,174.431663,183.883625,289188.8
2015-02-10,HNB.N0000,187.320703,193.335587,178.72801,189.89851,788475.95
2015-02-11,HNB.N0000,184.742895,197.631934,184.742895,197.631934,221702.42
2015-02-12,HNB.N0000,192.734099,199.350472,192.734099,197.631934,42556.49
2015-02-13,HNB.N0000,197.631934,198.491203,197.631934,197.631934,40088.75
2015-02-16,HNB.N0000,197.631934,198.491203,197.631934,198.061569,48121.54
2015-02-18,HNB.N0000,198.061569,203.646819,197.717869,202.014215,342637.37
2015-02-19,HNB.N0000,204.506088,206.224627,203.646819,206.224627,856227.14
2015-02-20,HNB.N0000,206.224627,207.943165,205.365358,207.083897,279275.58
2015-02-23,HNB.N0000,206.310563,207.083897,205.365358,206.224627,289048.67
2015-02-24,HNB.N0000,205.365358,206.224627,202.873485,204.506088,47193.18
2015-02-25,HNB.N0000,206.138691,206.138691,201.842345,202.701615,229293.18
2015-02-26,HNB.N0000,201.928281,201.928281,198.491203,200.209742,1312353.99
2015-02-27,HNB.N0000,202.787549,203.646819,200.209742,201.928281,360903.84
2015-03-02,HNB.N0000,201.928281,206.224627,201.928281,201.928281,21631.67
2015-03-03,HNB.N0000,204.506088,205.365358,203.217184,204.076454,88794.51
2015-03-04,HNB.N0000,205.193504,205.193504,202.357915,202.701615,173138.84
2015-03-06,HNB.N0000,202.615696,206.138691,202.357915,206.138691,583203.87
2015-03-09,HNB.N0000,204.506088,204.506088,203.646819,203.646819,99143.59
2015-03-10,HNB.N0000,204.506088,205.365358,204.506088,204.506088,129473.67
2015-03-11,HNB.N0000,205.279422,205.279422,203.732754,204.506088,291620.48
2015-03-12,HNB.N0000,204.506088,204.506088,203.646819,203.646819,197211.46
2015-03-13,HNB.N0000,203.560883,203.646819,201.069011,201.069011,42448.3
2015-03-16,HNB.N0000,202.787549,202.787549,201.069011,201.928281,52998.3
2015-03-17,HNB.N0000,201.928281,202.615696,201.928281,202.014215,445338.84
2015-03-18,HNB.N0000,202.529769,202.701615,202.443851,202.701615,9318.7
2015-03-19,HNB.N0000,202.701615,202.701615,197.717869,201.756426,145614.47
2015-03-20,HNB.N0000,201.069011,201.069011,201.069011,201.069011,70255
2015-03-23,HNB.N0000,197.717869,199.350472,197.717869,198.920838,35623.11
2015-03-24,HNB.N0000,197.717869,198.491203,195.913396,195.913396,131188.21
2015-03-25,HNB.N0000,197.631934,197.631934,193.335587,195.913396,42344.24
2015-03-26,HNB.N0000,195.913396,195.913396,193.335587,195.48376,97031.32
2015-03-27,HNB.N0000,197.545999,197.545999,193.765222,195.82746,722.29
2015-03-30,HNB.N0000,195.397826,195.397826,193.335587,195.054126,35374.79
2015-03-31,HNB.N0000,192.476319,193.335587,190.75778,190.75778,14219.16
2015-04-01,HNB.N0000,192.476319,192.476319,189.039241,191.617049,125748.87
2015-04-02,HNB.N0000,192.476319,195.054126,192.476319,194.624492,132981.06
2015-04-06,HNB.N0000,193.335587,194.624492,193.335587,194.624492,2331.74
2015-04-07,HNB.N0000,192.476319,194.194857,191.617049,191.617049,49944.27
2015-04-08,HNB.N0000,192.476319,194.023003,191.617049,194.023003,45190.13
2015-04-09,HNB.N0000,192.476319,192.476319,191.617049,191.617049,29329.59
2015-04-10,HNB.N0000,191.617049,191.617049,190.75778,190.75778,19781.11
2015-04-15,HNB.N0000,193.335587,195.054126,189.039241,193.335587,205867.63
2015-04-16,HNB.N0000,195.054126,195.054126,193.335587,193.335587,599230.3
2015-04-17,HNB.N0000,193.765222,197.631934,193.765222,193.765222,27113.25
2015-04-20,HNB.N0000,197.631934,197.631934,194.023003,194.280792,9785.46
2015-04-21,HNB.N0000,193.335587,197.545999,193.335587,195.054126,3233.31
2015-04-22,HNB.N0000,197.631934,197.631934,195.48376,195.913396,111618.32
2015-04-23,HNB.N0000,198.491203,198.491203,195.913396,195.913396,136532.76
2015-04-24,HNB.N0000,197.631934,197.631934,196.772665,197.631934,166876.23
2015-04-27,HNB.N0000,198.061569,198.061569,196.772665,197.631934,107111.47
2015-04-28,HNB.N0000,197.631934,198.061569,197.631934,197.631934,124398.05
2015-04-29,HNB.N0000,198.491203,198.491203,197.631934,197.631934,135222.12
2015-04-30,HNB.N0000,198.491203,198.491203,198.061569,198.233422,182497.73
2015-05-05,HNB.N0000,199.350472,200.123806,197.631934,197.717869,88684.26
2015-05-06,HNB.N0000,200.123806,205.794992,197.717869,201.928281,287821.49
2015-05-07,HNB.N0000,202.701615,204.076454,202.701615,202.873485,219129.57
2015-05-08,HNB.N0000,202.959404,203.646819,201.928281,201.928281,152148.07
2015-05-11,HNB.N0000,204.506088,204.506088,202.787549,203.217184,21832.59
2015-05-12,HNB.N0000,202.100134,202.100134,199.522326,201.069011,88578.13
2015-05-14,HNB.N0000,201.069011,201.928281,198.491203,201.842345,76475.37
2015-05-15,HNB.N0000,199.350472,199.350472,199.350472,199.350472,112338.55
2015-05-18,HNB.N0000,198.663057,201.069011,197.631934,198.405268,209463.64
2015-05-19,HNB.N0000,198.577139,200.209742,198.491203,198.920838,12633.41
2015-05-20,HNB.N0000,198.663057,198.663057,197.631934,198.491203,314228.94
2015-05-21,HNB.N0000,198.491203,198.491203,197.631934,197.717869,92422.46
2015-05-22,HNB.N0000,197.631934,197.631934,196.772665,196.8586,34609.22
2015-05-25,HNB.N0000,197.545999,197.631934,196.772665,196.8586,67116.48
2015-05-26,HNB.N0000,197.545999,199.350472,197.545999,197.631934,385798.7
2015-05-27,HNB.N0000,197.631934,197.631934,196.772665,197.631934,327446.58
2015-05-28,HNB.N0000,196.686729,197.545999,196.34303,196.686729,232225.62
2015-05-29,HNB.N0000,197.46008,197.46008,195.913396,196.428966,212572.27
2015-06-01,HNB.N0000,196.772665,196.772665,195.913396,195.913396,332957.01
2015-06-03,HNB.N0000,196.171176,196.686729,193.507442,193.507442,129996.07
2015-06-04,HNB.N0000,195.913396,196.686729,195.054126,195.054126,700.65
2015-06-05,HNB.N0000,193.335587,193.335587,192.476319,192.476319,741.87
2015-06-08,HNB.N0000,190.328145,192.476319,189.039241,189.89851,37366.5
2015-06-09,HNB.N0000,188.179972,189.468876,188.179972,189.468876,4369.81
2015-06-10,HNB.N0000,189.039241,189.039241,188.179972,189.039241,2125.66
2015-06-11,HNB.N0000,188.179972,188.867387,188.179972,188.179972,18105.73
2015-06-12,HNB.N0000,187.406638,189.039241,187.406638,188.179972,257664.52
2015-06-16,HNB.N0000,189.039241,189.039241,188.094037,188.179972,95539.34
2015-06-17,HNB.N0000,188.094037,188.094037,187.664402,188.008118,47369.37
2015-06-18,HNB.N0000,187.750337,188.179972,187.750337,188.179972,34457.76
2015-06-19,HNB.N0000,188.179972,192.476319,188.008118,188.179972,236386.27
2015-06-22,HNB.N0000,188.179972,188.179972,187.320703,187.320703,183169.53
2015-06-23,HNB.N0000,188.179972,188.179972,186.977004,186.977004,242132.66
2015-06-24,HNB.N0000,187.750337,188.094037,187.320703,187.320703,47245.72
2015-06-25,HNB.N0000,186.891068,187.320703,186.461434,186.461434,198827.09
2015-06-26,HNB.N0000,187.320703,188.094037,187.320703,188.094037,4641.83
2015-06-29,HNB.N0000,186.547369,187.320703,185.602164,185.602164,12557.16
2015-06-30,HNB.N0000,187.320703,187.320703,183.453991,185.602164,1509.5
2015-07-02,HNB.N0000,184.742895,184.742895,183.883625,183.883625,193219.8
2015-07-03,HNB.N0000,183.883625,183.883625,182.165087,183.453991,8018.37
2015-07-06,HNB.N0000,183.453991,183.453991,182.165087,182.594722,6028.72
2015-07-07,HNB.N0000,180.446548,180.446548,177.868741,178.72801,180645.11
2015-07-08,HNB.N0000,177.868741,177.868741,174.431663,176.150202,219188.3
2015-07-09,HNB.N0000,176.150202,179.071709,176.150202,178.642075,7862.78
2015-07-10,HNB.N0000,178.642075,179.587279,178.642075,179.157645,121595.43
2015-07-13,HNB.N0000,180.446548,180.446548,179.415425,179.587279,153305.18
2015-07-14,HNB.N0000,180.360613,180.360613,180.102849,180.360613,55032.26
2015-07-15,HNB.N0000,180.446548,180.446548,180.102849,180.446548,285678.32
2015-07-16,HNB.N0000,180.446548,183.883625,180.446548,183.883625,293035.19
2015-07-17,HNB.N0000,182.251022,185.602164,182.251022,183.883625,84529.8
2015-07-20,HNB.N0000,183.969561,187.148848,183.969561,185.602164,3811.35
2015-07-21,HNB.N0000,186.461434,188.179972,186.461434,187.320703,43967.08
2015-07-22,HNB.N0000,188.179972,190.671844,187.320703,189.89851,124805.04
2015-07-23,HNB.N0000,189.89851,190.328145,189.039241,189.211095,18807.41
2015-07-24,HNB.N0000,189.89851,189.89851,188.351826,188.437753,40832.68
2015-07-27,HNB.N0000,189.039241,190.671844,188.179972,188.179972,28119.93
2015-07-28,HNB.N0000,188.094037,188.179972,187.492557,187.492557,8267.72
2015-07-29,HNB.N0000,188.094037,188.953305,187.492557,187.492557,80722.57
2015-07-30,HNB.N0000,188.953305,189.039241,188.179972,188.953305,109321.62
2015-08-03,HNB.N0000,188.953305,192.390383,188.953305,189.89851,91870.18
2015-08-04,HNB.N0000,189.039241,192.476319,188.523671,189.468876,195958.53
2015-08-05,HNB.N0000,190.75778,191.187414,189.89851,191.187414,274883.09
2015-08-06,HNB.N0000,191.617049,191.617049,189.89851,189.89851,30034.36
2015-08-07,HNB.N0000,189.039241,192.476319,189.039241,190.75778,48861.35
2015-08-10,HNB.N0000,191.01556,193.249653,191.01556,191.617049,26756.74
2015-08-11,HNB.N0000,192.476319,197.202299,192.476319,195.054126,251000.06
2015-08-12,HNB.N0000,196.772665,196.772665,195.054126,195.741542,169493.38
2015-08-13,HNB.N0000,195.22598,196.600811,193.679287,193.679287,146256.39
2015-08-14,HNB.N0000,194.280792,195.913396,192.562253,193.335587,104665.36
2015-08-18,HNB.N0000,196.600811,198.061569,194.194857,194.280792,205230.86
2015-08-19,HNB.N0000,195.913396,195.913396,195.655615,195.913396,44950.05
2015-08-20,HNB.N0000,194.280792,195.48376,193.335587,193.421523,342064.49
2015-08-21,HNB.N0000,193.765222,195.48376,193.335587,194.96819,1576.47
2015-08-24,HNB.N0000,194.194857,194.194857,188.179972,190.843716,36275.34
2015-08-25,HNB.N0000,189.468876,190.328145,186.891068,186.891068,53461.97
2015-08-26,HNB.N0000,186.461434,188.953305,186.461434,188.179972,20342.67
2015-08-27,HNB.N0000,187.578484,188.179972,186.461434,188.094037,120961.75
2015-08-28,HNB.N0000,188.094037,194.538556,187.836273,191.617049,10739.58
2015-08-31,HNB.N0000,193.249653,195.054126,190.75778,190.75778,17199
2015-09-01,HNB.N0000,190.75778,190.75778,189.039241,189.039241,23642.95
2015-09-02,HNB.N0000,188.953305,188.953305,187.750337,188.008118,5334.24
2015-09-03,HNB.N0000,187.750337,187.750337,187.750337,187.750337,1684.66
2015-09-04,HNB.N0000,188.179972,188.179972,184.399196,184.742895,69091.71
2015-09-07,HNB.N0000,183.883625,183.883625,182.336941,182.336941,36686.46
2015-09-08,HNB.N0000,183.024356,183.024356,183.024356,183.024356,170041.54
2015-09-09,HNB.N0000,183.79769,184.742895,182.680657,183.883625,171799.36
2015-09-10,HNB.N0000,183.883625,183.883625,183.883625,183.883625,1295.18
2015-09-11,HNB.N0000,183.883625,184.742895,183.883625,184.742895,7038.48
2015-09-14,HNB.N0000,183.453991,187.320703,183.453991,185.258465,118685.65
2015-09-15,HNB.N0000,186.203653,186.203653,185.17253,186.117734,375315.68
2015-09-16,HNB.N0000,186.203653,187.320703,186.203653,186.977004,996.37
2015-09-17,HNB.N0000,186.977004,186.977004,184.742895,184.742895,154399.44
2015-09-18,HNB.N0000,186.719214,186.719214,185.6881,185.6881,1731.03
2015-09-21,HNB.N0000,184.742895,186.805132,184.742895,186.28958,19563.71
2015-09-22,HNB.N0000,186.031798,186.031798,185.6881,185.945864,14655
2015-09-23,HNB.N0000,186.805132,186.805132,185.774018,185.774018,24347.73
2015-09-24,HNB.N0000,185.602164,185.602164,185.602164,185.602164,11634.98
2015-09-28,HNB.N0000,186.719214,186.719214,184.82883,185.602164,19170.1
2015-09-29,HNB.N0000,185.602164,186.461434,185.602164,186.031798,87916.63
2015-09-30,HNB.N0000,184.82883,184.82883,183.883625,183.883625,32291.91
2015-10-01,HNB.N0000,185.602164,185.602164,184.31326,184.31326,2833.53
2015-10-02,HNB.N0000,184.31326,185.516228,184.31326,184.742895,94613.03
2015-10-05,HNB.N0000,184.82883,185.43031,184.742895,184.742895,35308.85
2015-10-06,HNB.N0000,185.43031,185.516228,183.024356,183.024356,59412.38
2015-10-07,HNB.N0000,183.024356,184.742895,183.024356,183.024356,43318.97
2015-10-08,HNB.N0000,183.19621,185.17253,183.024356,183.969561,23830.48
2015-10-09,HNB.N0000,183.19621,186.461434,183.19621,186.375498,24872.19
2015-10-12,HNB.N0000,186.461434,186.461434,184.742895,185.602164,5199.27
2015-10-13,HNB.N0000,184.742895,184.742895,184.742895,184.742895,119110.17
2015-10-14,HNB.N0000,184.742895,184.742895,183.625845,183.625845,98033.87
2015-10-16,HNB.N0000,185.602164,185.602164,183.711772,185.516228,129530.34
2015-10-19,HNB.N0000,184.31326,184.742895,184.31326,184.742895,17570.96
2015-10-20,HNB.N0000,184.742895,184.82883,184.31326,184.742895,39121.23
2015-10-21,HNB.N0000,185.17253,187.234767,184.742895,184.742895,36792.58
2015-10-22,HNB.N0000,186.461434,186.461434,185.602164,185.6881,11640.13
2015-10-26,HNB.N0000,186.117734,186.461434,186.117734,186.461434,2135.96
2015-10-28,HNB.N0000,187.320703,188.179972,187.320703,188.179972,19974.82
2015-10-29,HNB.N0000,189.039241,190.75778,186.461434,187.320703,4129.74
2015-10-30,HNB.N0000,187.320703,187.320703,187.320703,187.320703,64892.93
2015-11-02,HNB.N0000,186.461434,186.461434,186.28958,186.28958,1218.93
2015-11-03,HNB.N0000,187.320703,187.320703,184.742895,184.742895,141736.14
2015-11-04,HNB.N0000,184.742895,184.742895,183.883625,183.883625,20791.91
2015-11-05,HNB.N0000,183.883625,183.883625,182.336941,183.024356,9089.96
2015-11-06,HNB.N0000,184.742895,185.602164,183.883625,184.82883,14189.28
2015-11-11,HNB.N0000,184.742895,184.742895,182.766575,184.742895,33953.9
2015-11-12,HNB.N0000,183.024356,183.024356,182.422868,182.422868,67075.27
2015-11-13,HNB.N0000,183.024356,186.461434,183.024356,185.602164,73404.85
2015-11-16,HNB.N0000,186.461434,187.320703,185.602164,186.461434,202681.72
2015-11-17,HNB.N0000,186.461434,188.008118,186.461434,186.461434,49141.61
2015-11-18,HNB.N0000,186.461434,188.094037,186.461434,186.891068,203557.53
2015-11-19,HNB.N0000,185.602164,187.320703,185.602164,187.320703,15483.43
2015-11-20,HNB.N0000,185.6881,186.891068,185.6881,186.461434,10553.09
2015-11-23,HNB.N0000,186.461434,187.148848,185.6881,185.774018,285747.35
2015-11-24,HNB.N0000,186.461434,186.461434,184.742895,185.945864,545273.76
2015-11-26,HNB.N0000,185.945864,185.945864,184.742895,185.945864,77669.57
2015-11-27,HNB.N0000,186.375498,186.375498,185.602164,185.602164,28624.81
2015-11-30,HNB.N0000,185.602164,185.602164,184.742895,184.742895,224444.24
2015-12-01,HNB.N0000,184.742895,185.602164,184.742895,184.742895,56674.67
2015-12-03,HNB.N0000,184.141407,184.82883,184.141407,184.742895,370904.65
2015-12-04,HNB.N0000,184.742895,185.17253,184.742895,185.17253,240090.46
2015-12-07,HNB.N0000,183.883625,184.656959,183.024356,183.024356,97464.08
2015-12-08,HNB.N0000,183.883625,183.883625,183.024356,183.024356,133097.49
2015-12-10,HNB.N0000,183.453991,184.571041,182.594722,182.852502,19531.76
2015-12-11,HNB.N0000,183.024356,183.024356,182.852502,183.024356,191583.56
2015-12-14,HNB.N0000,178.72801,183.024356,178.72801,182.165087,1214.81
2015-12-15,HNB.N0000,182.165087,182.165087,182.165087,182.165087,243245.47
2015-12-16,HNB.N0000,182.165087,182.165087,181.219882,181.305818,2908.74
2015-12-17,HNB.N0000,182.165087,182.251022,182.079152,182.079152,7341.41
2015-12-18,HNB.N0000,180.188768,181.735452,180.102849,180.446548,27543.95
2015-12-22,HNB.N0000,179.84506,180.446548,179.071709,179.587279,4134.89
2015-12-28,HNB.N0000,180.446548,180.446548,180.274695,180.446548,3083.91
2015-12-29,HNB.N0000,180.446548,180.446548,178.72801,180.446548,7326.99
2015-12-30,HNB.N0000,180.446548,180.446548,178.72801,180.446548,9684.48
2015-12-31,HNB.N0000,180.016914,182.165087,178.72801,182.165087,29352.26
2016-01-04,HNB.N0000,181.305818,181.305818,181.305818,181.305818,23.7
2016-01-05,HNB.N0000,180.446548,180.446548,178.72801,178.72801,45548.7
2016-01-06,HNB.N0000,178.72801,178.813945,176.150202,178.72801,27289.45
2016-01-08,HNB.N0000,177.868741,177.868741,176.236138,176.236138,80501.04
2016-01-12,HNB.N0000,175.376868,176.150202,171.853856,171.853856,107618.41
2016-01-14,HNB.N0000,175.290933,175.290933,170.135317,170.135317,110100.58
2016-01-18,HNB.N0000,170.135317,173.572394,167.55751,168.502714,25151.42
2016-01-19,HNB.N0000,169.276048,169.276048,164.979701,164.979701,31439.79
2016-01-20,HNB.N0000,171.853856,171.853856,167.55751,168.416778,30011.69
2016-01-21,HNB.N0000,170.135317,170.135317,168.416778,168.416778,53074.55
2016-01-26,HNB.N0000,168.502714,169.276048,168.416778,168.416778,16802.3
2016-01-27,HNB.N0000,168.416778,169.276048,168.416778,168.416778,38220.68
2016-01-29,HNB.N0000,169.963463,170.994586,168.416778,169.276048,132504
2016-02-02,HNB.N0000,169.276048,170.135317,168.502714,170.135317,27904.58
2016-02-03,HNB.N0000,171.424221,171.424221,169.276048,169.276048,22034.54
2016-02-05,HNB.N0000,170.135317,170.135317,169.276048,169.276048,138672.84
2016-02-08,HNB.N0000,170.135317,170.135317,169.276048,169.276048,2845.89
2016-02-09,HNB.N0000,169.276048,169.276048,168.67456,169.276048,1565.14
2016-02-10,HNB.N0000,168.588633,170.135317,168.416778,168.502714,14075.93
2016-02-11,HNB.N0000,168.502714,169.276048,167.987144,168.416778,23738.78
2016-02-12,HNB.N0000,168.846413,168.846413,166.69824,166.69824,58623.11
2016-02-15,HNB.N0000,165.409336,165.838971,165.409336,165.838971,5816.46
2016-02-17,HNB.N0000,165.838971,165.838971,164.120432,164.120432,356314.56
2016-02-19,HNB.N0000,167.55751,168.416778,167.471574,167.471574,7153.88
2016-02-23,HNB.N0000,167.471574,167.55751,165.838971,165.838971,3865.96
2016-02-24,HNB.N0000,166.268605,166.268605,165.065637,165.065637,14317.04
2016-02-26,HNB.N0000,167.55751,167.55751,166.268605,166.268605,11566.98
2016-03-01,HNB.N0000,165.838971,166.354541,165.838971,166.354541,17764.67
2016-03-03,HNB.N0000,165.58119,166.268605,165.58119,166.268605,196132.66
2016-03-07,HNB.N0000,165.838971,165.838971,158.964816,163.261163,91095.34
2016-03-09,HNB.N0000,163.261163,163.261163,161.542624,161.542624,2569.75
2016-03-10,HNB.N0000,162.831528,167.55751,161.542624,167.55751,8914.79
2016-03-11,HNB.N0000,170.564952,170.564952,168.416778,168.846413,3776.32
2016-03-14,HNB.N0000,165.409336,165.409336,165.409336,165.409336,29092.6
2016-03-16,HNB.N0000,165.58119,165.838971,165.495271,165.838971,11389.75
2016-03-17,HNB.N0000,165.409336,166.784176,165.409336,166.69824,123543.87
2016-03-18,HNB.N0000,166.268605,167.55751,166.268605,167.55751,13990.41
2016-03-21,HNB.N0000,167.21381,167.299728,167.21381,167.299728,106775.56
2016-03-23,HNB.N0000,167.299728,170.135317,167.299728,170.135317,196077.02
2016-03-24,HNB.N0000,169.276048,171.853856,169.276048,171.853856,203288.61
2016-03-28,HNB.N0000,170.994586,171.424221,170.994586,170.994586,107479.31
2016-03-29,HNB.N0000,171.424221,176.150202,170.994586,176.150202,187747.48
2016-03-30,HNB.N0000,177.868741,177.868741,171.853856,173.14276,2701.64
2016-03-31,HNB.N0000,171.76792,171.853856,168.846413,171.853856,219650.94
2016-04-01,HNB.N0000,171.853856,174.431663,171.853856,171.853856,360897.66
2016-04-04,HNB.N0000,171.853856,171.853856,171.853856,171.853856,5898.89
2016-04-05,HNB.N0000,171.853856,172.713125,170.994586,171.853856,185135.48
2016-04-06,HNB.N0000,171.76792,171.853856,169.276048,170.994586,234364.68
2016-04-07,HNB.N0000,170.994586,174.431663,170.994586,170.994586,306698.97
2016-04-08,HNB.N0000,176.150202,176.150202,171.853856,171.853856,170855.53
2016-04-11,HNB.N0000,169.276048,175.290933,169.276048,169.361983,31489.25
2016-04-12,HNB.N0000,169.361983,180.446548,169.276048,180.446548,50509.95
2016-04-14,HNB.N0000,176.150202,180.446548,176.150202,176.579836,135968.11
2016-04-18,HNB.N0000,176.579836,176.579836,176.150202,176.150202,426342.87
2016-04-19,HNB.N0000,176.150202,177.868741,176.150202,177.868741,6771.62
2016-04-20,HNB.N0000,177.009472,177.009472,176.150202,177.009472,71513.09
2016-04-22,HNB.N0000,176.322056,177.868741,176.236138,177.868741,104305.76
2016-04-25,HNB.N0000,176.236138,177.095407,176.236138,177.009472,25508.96
2016-04-26,HNB.N0000,176.322056,177.868741,176.322056,177.868741,38267.05
2016-04-27,HNB.N0000,177.868741,178.72801,176.579836,177.009472,60154.25
2016-04-28,HNB.N0000,177.439106,177.439106,176.150202,177.009472,364463.78
2016-04-29,HNB.N0000,177.009472,177.868741,177.009472,177.868741,328914.86
2016-05-03,HNB.N0000,177.868741,183.79769,177.868741,183.024356,77790.12
2016-05-04,HNB.N0000,181.305818,182.165087,180.446548,180.446548,40593.63
2016-05-05,HNB.N0000,182.165087,182.165087,180.360613,180.446548,486.34
2016-05-06,HNB.N0000,180.274695,181.305818,180.274695,181.305818,1066.44
2016-05-09,HNB.N0000,184.742895,184.742895,179.24358,179.587279,12282.05
2016-05-10,HNB.N0000,181.305818,184.656959,180.532484,184.656959,9133.23
2016-05-11,HNB.N0000,184.571041,184.571041,181.735452,181.735452,147.34
2016-05-12,HNB.N0000,183.453991,183.453991,181.391754,181.907306,29816.95
2016-05-13,HNB.N0000,181.305818,181.993233,181.305818,181.305818,359834.31
2016-05-16,HNB.N0000,182.079152,182.079152,180.446548,181.305818,36456.68
2016-05-17,HNB.N0000,181.305818,181.391754,181.305818,181.391754,42693.53
2016-05-18,HNB.N0000,181.391754,183.368055,181.305818,181.391754,26271.44
2016-05-19,HNB.N0000,181.305818,182.594722,181.305818,182.422868,266036.3
2016-05-20,HNB.N0000,182.422868,182.422868,181.305818,182.165087,572813.58
2016-05-24,HNB.N0000,181.735452,183.883625,181.735452,182.594722,317760.03
2016-05-25,HNB.N0000,182.422868,183.024356,182.422868,182.594722,189110.67
2016-05-26,HNB.N0000,182.594722,182.594722,182.422868,182.594722,73582.08
2016-05-27,HNB.N0000,182.594722,182.594722,182.165087,182.594722,20239.63
2016-05-30,HNB.N0000,183.79769,183.79769,182.165087,182.165087,25841.77
2016-05-31,HNB.N0000,182.165087,182.852502,182.165087,182.594722,438384.85
2016-06-02,HNB.N0000,182.594722,182.594722,182.165087,182.594722,34117.73
2016-06-03,HNB.N0000,182.594722,183.883625,182.594722,183.024356,22179.82
2016-06-06,HNB.N0000,183.024356,183.883625,183.024356,183.024356,33902.39
2016-06-07,HNB.N0000,181.305818,185.602164,181.305818,185.602164,31868.43
2016-06-08,HNB.N0000,185.602164,185.602164,184.571041,185.602164,63018.69
2016-06-09,HNB.N0000,185.602164,185.602164,183.969561,185.602164,21647.12
2016-06-10,HNB.N0000,185.602164,185.859945,185.602164,185.602164,32887.47
2016-06-13,HNB.N0000,185.602164,186.031798,185.602164,186.031798,369275.63
2016-06-14,HNB.N0000,186.031798,186.031798,185.602164,185.602164,17926.44
2016-06-15,HNB.N0000,185.945864,186.117734,185.945864,186.031798,84551.43
2016-06-16,HNB.N0000,183.883625,185.602164,182.165087,182.165087,9001.34
2016-06-17,HNB.N0000,182.079152,185.516228,180.446548,184.742895,75496.51
2016-06-20,HNB.N0000,185.602164,185.602164,185.344384,185.602164,20425.1
2016-06-21,HNB.N0000,185.602164,185.602164,185.17253,185.602164,45458.03
2016-06-22,HNB.N0000,185.516228,185.516228,183.883625,183.883625,50862.34
2016-06-23,HNB.N0000,184.742895,184.742895,184.742895,184.742895,94291.56
2016-06-24,HNB.N0000,185.17253,185.516228,185.17253,185.516228,2557.39
2016-06-28,HNB.N0000,184.571041,184.571041,183.79769,183.79769,15710.11
2016-06-29,HNB.N0000,177.954676,183.024356,177.954676,183.024356,12167.68
2016-06-30,HNB.N0000,182.938421,182.938421,182.165087,182.165087,32259.97
2016-07-05,HNB.N0000,180.876183,180.876183,180.446548,180.446548,4076.16
2016-07-07,HNB.N0000,180.446548,185.602164,180.446548,185.602164,76005.52
2016-07-08,HNB.N0000,180.532484,186.117734,180.532484,185.602164,45208.68
2016-07-11,HNB.N0000,184.742895,184.742895,184.742895,184.742895,8.24
2016-07-12,HNB.N0000,181.735452,185.17253,181.735452,184.742895,72367.27
2016-07-15,HNB.N0000,184.742895,184.742895,183.883625,183.883625,364.75
2016-07-18,HNB.N0000,181.305818,183.024356,181.305818,183.024356,589.37
2016-07-20,HNB.N0000,183.883625,183.883625,178.72801,178.72801,1505.38
2016-07-21,HNB.N0000,183.883625,183.883625,182.079152,182.079152,1163.29
2016-07-22,HNB.N0000,182.079152,182.079152,180.446548,182.079152,707.87
2016-07-25,HNB.N0000,181.305818,181.735452,181.305818,181.735452,892.3
2016-07-26,HNB.N0000,181.735452,181.735452,180.532484,181.649516,23804.72
2016-07-27,HNB.N0000,181.649516,181.993233,180.532484,181.305818,9232.15
2016-07-28,HNB.N0000,180.876183,182.165087,180.446548,182.165087,6650.03
2016-07-29,HNB.N0000,182.165087,182.165087,182.165087,182.165087,12943.55
2016-08-01,HNB.N0000,182.165087,183.453991,182.165087,183.453991,2680
2016-08-02,HNB.N0000,184.656959,185.602164,183.024356,185.602164,76503.19
2016-08-03,HNB.N0000,186.031798,186.891068,184.742895,186.461434,240700.45
2016-08-04,HNB.N0000,186.461434,187.320703,186.031798,186.031798,12054.34
2016-08-05,HNB.N0000,187.320703,187.750337,184.742895,187.578484,211576.93
2016-08-08,HNB.N0000,188.094037,188.094037,186.461434,187.320703,31811.76
2016-08-09,HNB.N0000,188.094037,190.75778,188.094037,189.039241,97965.87
2016-08-10,HNB.N0000,189.89851,193.335587,189.039241,189.211095,27291.51
2016-08-11,HNB.N0000,193.335587,193.335587,190.328145,191.187414,18131.49
2016-08-12,HNB.N0000,191.27335,193.249653,190.75778,192.905953,224750.26
2016-08-15,HNB.N0000,192.476319,193.335587,192.476319,193.335587,73225.57
2016-08-16,HNB.N0000,193.507442,193.851158,191.702985,193.335587,14476.75
2016-08-18,HNB.N0000,193.335587,194.194857,193.335587,193.335587,62313.91
2016-08-19,HNB.N0000,194.194857,194.194857,193.335587,193.421523,2042.2
2016-08-22,HNB.N0000,193.421523,193.421523,193.335587,193.335587,50636.68
2016-08-23,HNB.N0000,193.335587,194.538556,193.335587,193.765222,13744.15
2016-08-24,HNB.N0000,194.194857,195.913396,194.194857,195.054126,62709.57
2016-08-25,HNB.N0000,194.96819,195.140062,194.194857,195.054126,26671.22
2016-08-26,HNB.N0000,193.765222,194.194857,193.335587,193.335587,15337.11
2016-08-29,HNB.N0000,193.335587,193.335587,192.905953,193.335587,114048.97
2016-08-30,HNB.N0000,191.702985,193.335587,190.929634,193.335587,51475.41
2016-09-01,HNB.N0000,194.194857,195.913396,194.194857,195.82746,90164.91
2016-09-02,HNB.N0000,194.194857,195.913396,194.194857,195.741542,4767.54
2016-09-05,HNB.N0000,195.913396,195.913396,193.335587,195.054126,54550.04
2016-09-06,HNB.N0000,194.882272,194.882272,194.624492,194.624492,38.12
2016-09-07,HNB.N0000,193.335587,195.741542,193.335587,195.054126,38982.13
2016-09-08,HNB.N0000,193.335587,195.054126,193.335587,195.054126,18744.56
2016-09-09,HNB.N0000,193.765222,195.054126,193.765222,195.054126,369.9
2016-09-13,HNB.N0000,194.194857,195.054126,194.194857,195.054126,216194.04
2016-09-14,HNB.N0000,194.194857,195.48376,194.194857,195.054126,21853.2
2016-09-15,HNB.N0000,195.054126,195.054126,194.280792,194.624492,28709.3
2016-09-19,HNB.N0000,195.054126,195.054126,194.96819,194.96819,887.15
2016-09-20,HNB.N0000,194.96819,195.054126,194.796346,194.96819,285507.28
2016-09-22,HNB.N0000,194.194857,195.054126,194.194857,194.624492,264489.71
2016-09-23,HNB.N0000,195.054126,195.054126,194.624492,194.624492,4349.21
2016-09-26,HNB.N0000,195.054126,195.054126,194.194857,194.194857,6397.59
2016-09-27,HNB.N0000,193.335587,194.882272,190.75778,190.75778,136160.79
2016-09-28,HNB.N0000,191.617049,193.765222,191.617049,193.765222,2843.83
2016-09-29,HNB.N0000,193.765222,194.882272,193.765222,194.882272,4001.97
2016-09-30,HNB.N0000,194.194857,194.194857,192.476319,192.476319,65109.31
2016-10-03,HNB.N0000,195.48376,195.48376,195.054126,195.054126,5605.23
2016-10-04,HNB.N0000,195.054126,195.054126,194.194857,194.194857,36563.84
2016-10-05,HNB.N0000,194.624492,194.624492,194.194857,194.194857,60165.58
2016-10-06,HNB.N0000,194.194857,195.054126,194.194857,194.710427,147535.09
2016-10-07,HNB.N0000,194.710427,197.545999,194.710427,196.34303,100044.13
2016-10-10,HNB.N0000,195.054126,197.631934,195.054126,196.34303,12597.35
2016-10-11,HNB.N0000,196.772665,199.436408,196.772665,199.350472,200005.84
2016-10-12,HNB.N0000,198.491203,198.491203,195.913396,195.913396,65553.4
2016-10-13,HNB.N0000,197.631934,197.631934,195.913396,196.772665,625.44
2016-10-14,HNB.N0000,195.999331,197.631934,195.913396,197.631934,36424.74
2016-10-17,HNB.N0000,195.48376,198.491203,195.054126,198.491203,6869.5
2016-10-18,HNB.N0000,197.631934,197.631934,196.772665,197.631934,25095.78
2016-10-19,HNB.N0000,196.772665,200.209742,195.48376,197.631934,93804.19
2016-10-20,HNB.N0000,196.772665,197.631934,195.48376,197.631934,25946.87
2016-10-21,HNB.N0000,197.631934,197.631934,196.772665,197.631934,517290.87
2016-10-24,HNB.N0000,196.772665,196.772665,196.686729,196.686729,28046.77
2016-10-25,HNB.N0000,195.913396,197.631934,194.796346,194.796346,43061.38
2016-10-26,HNB.N0000,196.34303,196.34303,195.913396,195.913396,1663.02
2016-10-27,HNB.N0000,197.631934,197.631934,195.913396,197.631934,7618.58
2016-10-28,HNB.N0000,195.913396,197.631934,195.913396,195.913396,2334.83
2016-10-31,HNB.N0000,195.82746,197.202299,193.335587,195.48376,55838.01
2016-11-02,HNB.N0000,197.202299,198.491203,196.772665,197.631934,276198.88
2016-11-03,HNB.N0000,197.545999,198.061569,197.545999,198.061569,2810.86
2016-11-07,HNB.N0000,200.209742,200.209742,198.920838,199.006774,4250.29
2016-11-08,HNB.N0000,198.920838,200.209742,198.920838,200.209742,7737.08
2016-11-10,HNB.N0000,199.780108,200.209742,197.631934,197.631934,5994.71
2016-11-11,HNB.N0000,198.491203,201.069011,196.34303,201.069011,3167.37
2016-11-14,HNB.N0000,200.209742,201.842345,200.209742,201.842345,83020.3
2016-11-16,HNB.N0000,201.928281,201.928281,197.631934,197.631934,374.03
2016-11-17,HNB.N0000,197.717869,197.717869,196.8586,196.8586,4.12
2016-11-18,HNB.N0000,196.944519,196.944519,196.772665,196.772665,1533.2
2016-11-21,HNB.N0000,194.280792,195.054126,194.280792,195.054126,49545.52
2016-11-22,HNB.N0000,194.280792,194.452637,193.335587,193.335587,202005.79
2016-11-23,HNB.N0000,193.335587,193.335587,189.984446,193.335587,5185.87
2016-11-25,HNB.N0000,191.617049,191.617049,190.929634,191.187414,17147.48
2016-11-28,HNB.N0000,190.75778,190.75778,189.211095,189.89851,25957.17
2016-11-29,HNB.N0000,189.468876,189.468876,187.750337,189.039241,39521.01
2016-11-30,HNB.N0000,188.179972,188.179972,187.320703,187.750337,5537.23
2016-12-01,HNB.N0000,188.179972,188.179972,187.750337,187.750337,181221.09
2016-12-05,HNB.N0000,195.054126,195.054126,191.617049,191.617049,12488.13
2016-12-07,HNB.N0000,189.89851,191.187414,189.039241,191.187414,12032.7
2016-12-08,HNB.N0000,191.187414,192.476319,191.187414,192.476319,31715.93
2016-12-09,HNB.N0000,192.905953,193.765222,192.905953,193.765222,17541.08
2016-12-13,HNB.N0000,193.335587,193.335587,193.335587,193.335587,24190.08
2016-12-15,HNB.N0000,193.335587,193.335587,191.87483,193.335587,41077.91
2016-12-19,HNB.N0000,193.335587,193.335587,189.039241,193.335587,14674.58
2016-12-20,HNB.N0000,189.89851,189.89851,189.039241,189.039241,1595.02
2016-12-22,HNB.N0000,189.039241,189.039241,189.039241,189.039241,4652.14
2016-12-23,HNB.N0000,189.211095,191.617049,189.039241,191.617049,16014.07
2016-12-26,HNB.N0000,191.617049,191.617049,191.617049,191.617049,11.33
2016-12-28,HNB.N0000,191.617049,197.202299,190.75778,196.34303,41808.44
2016-12-30,HNB.N0000,193.335587,193.335587,191.617049,193.335587,49067.43
2017-01-02,HNB.N0000,192.476319,192.476319,192.476319,192.476319,20115.99
2017-01-04,HNB.N0000,189.89851,190.328145,189.89851,190.328145,903.64
2017-01-06,HNB.N0000,192.476319,193.335587,192.476319,193.335587,168184.81
2017-01-10,HNB.N0000,191.617049,193.335587,191.187414,191.187414,43288.06
2017-01-11,HNB.N0000,193.249653,193.335587,193.249653,193.335587,6014.29
2017-01-13,HNB.N0000,193.335587,193.335587,193.335587,193.335587,2372.95
2017-01-16,HNB.N0000,195.913396,195.913396,195.913396,195.913396,13.39
2017-01-19,HNB.N0000,192.476319,195.913396,192.476319,194.194857,2665.58
2017-01-23,HNB.N0000,193.335587,196.686729,193.335587,196.686729,13131.08
2017-01-24,HNB.N0000,194.194857,194.194857,192.476319,192.476319,2347.19
2017-01-25,HNB.N0000,194.108921,194.108921,191.27335,191.702985,8160.56
2017-01-27,HNB.N0000,193.335587,193.335587,192.046684,192.476319,97261.09
2017-01-30,HNB.N0000,191.617049,193.335587,191.617049,193.335587,1043.77
2017-01-31,HNB.N0000,191.788903,195.054126,191.788903,192.991889,3378.6
2017-02-01,HNB.N0000,193.335587,195.054126,193.335587,195.054126,4326.54
2017-02-03,HNB.N0000,194.96819,195.054126,194.280792,195.054126,17682.24
2017-02-06,HNB.N0000,195.140062,195.140062,191.617049,193.335587,27762.39
2017-02-07,HNB.N0000,194.194857,194.194857,193.335587,193.765222,127866.28
2017-02-08,HNB.N0000,194.624492,195.054126,194.194857,195.054126,242203.76
2017-02-09,HNB.N0000,195.741542,195.741542,194.624492,195.054126,54572.71
2017-02-13,HNB.N0000,195.913396,195.913396,195.054126,195.054126,303254.43
2017-02-14,HNB.N0000,195.82746,195.913396,195.82746,195.913396,94637.76
2017-02-15,HNB.N0000,196.772665,197.631934,196.772665,197.631934,127638.57
2017-02-16,HNB.N0000,198.491203,199.350472,197.631934,199.092692,13968.78
2017-02-20,HNB.N0000,198.491203,198.491203,197.631934,197.631934,485580.09
2017-02-21,HNB.N0000,198.491203,198.491203,198.491203,198.491203,114.37
2017-02-23,HNB.N0000,198.491203,201.928281,198.491203,201.928281,74240.48
2017-02-27,HNB.N0000,198.491203,199.350472,197.631934,197.631934,1068.5
2017-02-28,HNB.N0000,198.061569,198.920838,198.061569,198.491203,140674.86
2017-03-02,HNB.N0000,198.491203,199.350472,198.491203,199.350472,167688.17
2017-03-03,HNB.N0000,198.491203,199.350472,198.491203,199.350472,145333.18
2017-03-06,HNB.N0000,198.491203,199.350472,198.491203,199.350472,6201.82
2017-03-07,HNB.N0000,198.920838,201.928281,198.491203,201.928281,207246.27
2017-03-08,HNB.N0000,203.217184,203.217184,199.350472,201.498646,1538.35
2017-03-09,HNB.N0000,198.491203,198.491203,198.491203,198.491203,3376.53
2017-03-13,HNB.N0000,197.631934,197.631934,197.631934,197.631934,1.03
2017-03-15,HNB.N0000,197.631934,197.631934,197.545999,197.631934,90699.67
2017-03-16,HNB.N0000,197.631934,197.717869,197.631934,197.717869,72544.49
2017-03-17,HNB.N0000,197.717869,198.491203,197.717869,198.491203,28519.71
2017-03-20,HNB.N0000,199.350472,199.350472,198.491203,198.491203,37041.93
2017-03-21,HNB.N0000,198.491203,198.491203,195.913396,198.491203,15033.15
2017-03-22,HNB.N0000,198.491203,198.491203,195.913396,195.913396,692.41
2017-03-23,HNB.N0000,198.491203,198.491203,197.202299,197.202299,76630.95
2017-03-27,HNB.N0000,197.202299,197.631934,196.772665,197.631934,53217.77
2017-03-28,HNB.N0000,197.631934,197.631934,197.631934,197.631934,36.06
2017-03-30,HNB.N0000,195.913396,197.631934,195.913396,196.772665,30381.6
2017-03-31,HNB.N0000,193.335587,194.624492,193.335587,194.280792,13054.83
2017-04-03,HNB.N0000,193.335587,193.335587,189.039241,191.617049,24429.13
2017-04-04,HNB.N0000,191.617049,192.905953,191.617049,192.905953,427089.89
2017-04-05,HNB.N0000,193.335587,193.335587,192.905953,193.335587,385581.29
2017-04-06,HNB.N0000,193.765222,193.765222,192.991889,192.991889,5937.01
2017-04-07,HNB.N0000,192.476319,192.734099,192.476319,192.476319,83698.28
2017-04-11,HNB.N0000,189.125177,193.679287,189.125177,193.335587,34143.49
2017-04-12,HNB.N0000,193.507442,195.22598,193.507442,193.593369,2433.74
2017-04-17,HNB.N0000,194.194857,194.624492,193.335587,193.765222,55033.29
2017-04-18,HNB.N0000,193.335587,194.194857,193.335587,193.765222,25383.26
2017-04-19,HNB.N0000,193.765222,196.686729,193.765222,195.913396,36090.9
2017-04-20,HNB.N0000,196.686729,197.631934,195.913396,197.631934,64467.39
2017-04-21,HNB.N0000,198.491203,199.350472,195.999331,197.631934,12724.08
2017-04-24,HNB.N0000,198.491203,198.491203,195.913396,195.913396,4737.66
2017-04-25,HNB.N0000,195.054126,195.913396,195.054126,195.054126,14731.25
2017-04-26,HNB.N0000,197.202299,197.631934,195.913396,197.631934,210023.13
2017-04-27,HNB.N0000,197.631934,197.631934,197.631934,197.631934,388606.47
2017-04-28,HNB.N0000,195.913396,197.631934,195.054126,197.631934,168449.61
2017-05-02,HNB.N0000,196.772665,197.631934,196.772665,196.772665,4571.77
2017-05-03,HNB.N0000,196.34303,196.772665,196.34303,196.34303,26804.14
2017-05-04,HNB.N0000,196.772665,197.631934,196.34303,197.631934,39514.83
2017-05-05,HNB.N0000,197.631934,200.209742,197.631934,199.350472,267976.5
2017-05-08,HNB.N0000,199.350472,206.224627,199.350472,206.224627,76377.48
2017-05-09,HNB.N0000,206.138691,207.943165,206.138691,206.224627,160304.51
2017-05-12,HNB.N0000,201.928281,206.224627,201.928281,206.224627,116611.51
2017-05-15,HNB.N0000,206.224627,206.224627,202.873485,203.646819,87236.59
2017-05-16,HNB.N0000,203.646819,205.279422,203.646819,204.506088,7080.73
2017-05-17,HNB.N0000,204.506088,204.506088,202.873485,204.506088,86103.18
2017-05-18,HNB.N0000,204.506088,204.506088,203.646819,203.646819,59791.55
2017-05-19,HNB.N0000,203.646819,203.646819,200.209742,201.069011,65285.51
2017-05-22,HNB.N0000,201.928281,202.357915,201.069011,201.928281,694543.99
2017-05-23,HNB.N0000,202.357915,202.357915,201.069011,201.928281,36164.06
2017-05-25,HNB.N0000,201.928281,201.928281,201.069011,201.498646,7276.5
2017-05-26,HNB.N0000,201.928281,201.928281,201.928281,201.928281,35200.66
2017-05-29,HNB.N0000,201.069011,203.646819,201.069011,203.646819,125297.56
2017-05-30,HNB.N0000,203.646819,203.646819,201.928281,201.928281,2925.23
2017-05-31,HNB.N0000,201.928281,201.928281,201.928281,201.928281,32173.42
2017-06-01,HNB.N0000,202.701615,204.935723,202.701615,204.935723,64694.07
2017-06-05,HNB.N0000,204.506088,204.935723,204.506088,204.506088,43020.16
2017-06-06,HNB.N0000,204.506088,204.935723,204.506088,204.935723,1280.75
2017-06-07,HNB.N0000,204.935723,204.935723,204.506088,204.506088,30272.38
2017-06-09,HNB.N0000,204.592024,207.083897,204.592024,207.083897,16777.57
2017-06-12,HNB.N0000,205.794992,206.224627,204.935723,206.224627,4630.5
2017-06-13,HNB.N0000,205.021658,210.950608,205.021658,208.802434,162807.29
2017-06-15,HNB.N0000,210.34912,210.520973,208.802434,210.435038,288473.72
2017-06-16,HNB.N0000,210.520973,210.950608,209.661704,210.520973,119488.31
2017-06-19,HNB.N0000,209.661704,213.098781,209.661704,213.098781,189270.37
2017-06-20,HNB.N0000,213.098781,214.645466,210.606909,212.239512,8178.08
2017-06-21,HNB.N0000,212.239512,214.81732,210.692827,214.81732,233648.57
2017-06-22,HNB.N0000,214.731384,214.81732,213.098781,214.81732,14231.52
2017-06-23,HNB.N0000,214.81732,214.81732,210.520973,213.528416,19780.08
2017-06-27,HNB.N0000,210.520973,210.520973,206.224627,206.224627,102672.62
2017-06-28,HNB.N0000,208.802434,208.802434,204.506088,204.506088,15608.1
2017-06-29,HNB.N0000,204.506088,206.138691,203.646819,203.646819,1253.96
2017-06-30,HNB.N0000,203.646819,210.520973,203.646819,207.943165,332230.6
2017-07-03,HNB.N0000,204.592024,210.091338,204.592024,207.85723,1663.02
2017-07-04,HNB.N0000,208.802434,208.802434,206.224627,207.943165,107180.5
2017-07-05,HNB.N0000,208.802434,208.802434,207.083897,208.802434,210666.08
2017-07-06,HNB.N0000,203.646819,206.138691,202.873485,205.279422,69802.67
2017-07-07,HNB.N0000,209.661704,209.661704,203.045331,204.506088,192554.17
2017-07-10,HNB.N0000,204.506088,204.506088,201.928281,201.928281,9960.62
2017-07-11,HNB.N0000,201.928281,204.506088,201.069011,204.506088,30547.49
2017-07-12,HNB.N0000,204.076454,206.224627,204.076454,206.224627,18886.75
2017-07-13,HNB.N0000,206.740197,207.943165,205.794992,205.794992,102165.67
2017-07-14,HNB.N0000,205.365358,207.85723,204.935723,204.935723,112686.82
2017-07-17,HNB.N0000,204.248308,205.365358,201.069011,201.069011,15771.93
2017-07-18,HNB.N0000,201.069011,201.069011,199.350472,199.350472,7314.62
2017-07-19,HNB.N0000,199.522326,199.522326,196.772665,197.631934,27588.26
2017-07-20,HNB.N0000,197.631934,197.631934,195.913396,197.631934,98124.55
2017-07-21,HNB.N0000,197.631934,197.631934,194.538556,194.538556,323.54
2017-07-24,HNB.N0000,196.772665,196.772665,194.194857,194.194857,65287.57
2017-07-25,HNB.N0000,194.194857,195.82746,194.194857,195.48376,41076.88
2017-07-26,HNB.N0000,195.48376,195.82746,195.48376,195.569696,6168.85
2017-07-27,HNB.N0000,195.569696,197.631934,195.569696,197.631934,21532.75
2017-07-28,HNB.N0000,197.46008,199.350472,195.054126,198.491203,2211.18
2017-07-31,HNB.N0000,198.491203,201.069011,197.631934,199.694172,68141.7
2017-08-01,HNB.N0000,197.631934,201.069011,197.631934,199.780108,82605.06
2017-08-02,HNB.N0000,200.209742,200.983076,200.209742,200.983076,145282.69
2017-08-03,HNB.N0000,201.069011,201.069011,200.209742,200.209742,342.08
2017-08-04,HNB.N0000,200.639376,201.842345,199.866042,199.866042,7897.81
2017-08-08,HNB.N0000,200.209742,201.842345,200.209742,200.209742,70208.63
2017-08-09,HNB.N0000,199.780108,199.780108,195.913396,195.913396,1485.8
2017-08-10,HNB.N0000,197.631934,199.350472,197.545999,197.717869,4851
2017-08-11,HNB.N0000,198.491203,199.350472,198.491203,198.491203,93105.6
2017-08-14,HNB.N0000,199.350472,199.350472,197.631934,197.631934,58431.46
2017-08-15,HNB.N0000,197.631934,198.405268,189.039241,195.913396,360307.25
2017-08-16,HNB.N0000,193.593369,195.913396,193.335587,195.913396,8986.92
2017-08-17,HNB.N0000,193.335587,195.741542,193.335587,193.421523,5869.01
2017-08-18,HNB.N0000,193.421523,197.202299,193.421523,195.913396,26062.27
2017-08-21,HNB.N0000,195.82746,195.82746,194.194857,194.194857,2581.09
2017-08-22,HNB.N0000,194.194857,195.48376,193.593369,193.593369,6542.87
2017-08-23,HNB.N0000,193.765222,193.765222,192.991889,192.991889,12718.93
2017-08-24,HNB.N0000,192.476319,193.335587,191.617049,193.335587,2558.42
2017-08-25,HNB.N0000,193.335587,195.913396,193.335587,195.913396,52390.38
2017-08-28,HNB.N0000,195.913396,195.913396,195.48376,195.913396,95504.31
2017-08-29,HNB.N0000,195.913396,197.631934,195.913396,197.631934,407059.43
2017-08-30,HNB.N0000,198.920838,199.350472,197.631934,197.631934,4079.25
2017-08-31,HNB.N0000,196.772665,197.717869,195.999331,197.717869,37293.35
2017-09-04,HNB.N0000,198.920838,198.920838,196.772665,197.631934,80030.15
2017-09-06,HNB.N0000,197.631934,198.061569,197.631934,197.717869,15652.41
2017-09-07,HNB.N0000,198.491203,199.264537,197.631934,198.491203,87314.9
2017-09-08,HNB.N0000,199.264537,200.209742,197.717869,199.350472,24779.46
2017-09-11,HNB.N0000,201.670499,201.670499,199.350472,199.350472,5952.47
2017-09-12,HNB.N0000,199.350472,199.350472,199.350472,199.350472,1217.9
2017-09-13,HNB.N0000,199.350472,206.224627,197.717869,201.928281,256378.61
2017-09-14,HNB.N0000,200.209742,201.069011,200.209742,201.069011,15126.92
2017-09-18,HNB.N0000,199.780108,200.209742,199.780108,200.209742,7701.01
2017-09-19,HNB.N0000,200.209742,201.069011,200.209742,200.209742,185658.91
2017-09-20,HNB.N0000,200.209742,200.209742,200.123806,200.123806,10132.69
2017-09-21,HNB.N0000,199.522326,200.209742,199.350472,199.350472,21482.26
2017-09-22,HNB.N0000,200.209742,200.209742,200.123806,200.209742,79178.04
2017-09-25,HNB.N0000,197.717869,200.983076,197.717869,199.780108,6528.45
2017-09-26,HNB.N0000,201.069011,201.069011,196.772665,199.350472,5013.8
2017-09-27,HNB.N0000,198.491203,200.209742,198.491203,200.209742,110166.52
2017-09-28,HNB.N0000,200.209742,200.295678,200.209742,200.295678,59948.17
2017-09-29,HNB.N0000,201.069011,201.928281,201.069011,201.928281,180065.01
2017-10-02,HNB.N0000,202.787549,206.224627,202.787549,206.224627,64774.44
2017-10-03,HNB.N0000,206.224627,210.778754,206.224627,210.520973,222236.15
2017-10-04,HNB.N0000,210.520973,211.466178,210.520973,211.380243,153423.67
2017-10-06,HNB.N0000,211.380243,214.81732,211.380243,214.81732,197917.27
2017-10-09,HNB.N0000,213.098781,214.81732,212.926927,214.81732,287960.6
2017-10-10,HNB.N0000,214.81732,220.058871,214.731384,219.972935,129154.25
2017-10-11,HNB.N0000,220.40257,227.706358,220.40257,227.706358,215135.84
2017-10-12,HNB.N0000,227.706358,232.861974,227.706358,232.002705,463173.58
2017-10-13,HNB.N0000,228.135994,232.002705,228.135994,230.284167,30976.12
2017-10-16,HNB.N0000,227.706358,227.706358,223.410012,223.410012,20587.9
2017-10-17,HNB.N0000,223.410012,223.410012,219.972935,219.972935,1174.63
2017-10-19,HNB.N0000,219.972935,220.058871,217.824762,217.824762,48926.26
2017-10-20,HNB.N0000,218.254396,219.113666,217.481063,217.481063,71039.11
2017-10-23,HNB.N0000,217.738827,222.292971,217.395127,217.910698,7198.19
2017-10-24,HNB.N0000,217.996616,221.691474,217.910698,221.691474,3687.71
2017-10-25,HNB.N0000,221.605539,227.706358,221.605539,225.128551,187371.39
2017-10-26,HNB.N0000,225.300414,231.143436,225.128551,228.565628,273810.47
2017-10-27,HNB.N0000,227.792294,227.792294,222.207044,227.706358,12334.6
2017-10-30,HNB.N0000,227.276724,227.36266,227.276724,227.276724,31423.31
2017-10-31,HNB.N0000,227.706358,232.002705,223.410012,231.830843,818384.6
2017-11-01,HNB.N0000,227.792294,231.830843,227.792294,231.830843,694.47
2017-11-02,HNB.N0000,227.706358,227.706358,227.706358,227.706358,6630.45
2017-11-06,HNB.N0000,224.355217,224.784852,224.355217,224.698916,917.03
2017-11-07,HNB.N0000,225.558185,226.417455,225.558185,225.987821,2746.98
2017-11-08,HNB.N0000,225.901885,232.002705,225.558185,232.002705,2689812.15
2017-11-09,HNB.N0000,226.84709,227.706358,226.84709,227.706358,4108.1
2017-11-10,HNB.N0000,226.417455,232.002705,226.417455,227.706358,75328.56
2017-11-13,HNB.N0000,231.91677,231.91677,226.84709,227.706358,35675.66
2017-11-14,HNB.N0000,226.245592,226.245592,223.410012,225.901885,289854.42
2017-11-16,HNB.N0000,224.269282,224.269282,217.395127,224.269282,52.55
2017-11-17,HNB.N0000,216.965493,229.424897,216.965493,223.410012,47889.71
2017-11-20,HNB.N0000,223.410012,223.410012,223.410012,223.410012,1.03
2017-11-22,HNB.N0000,221.691474,221.691474,219.972935,219.972935,9264.09
2017-11-23,HNB.N0000,219.629236,219.972935,219.113666,219.113666,78278.52
2017-11-24,HNB.N0000,219.113666,219.113666,215.762525,219.113666,94265.8
2017-11-27,HNB.N0000,219.113666,221.261839,219.113666,221.261839,34129.07
2017-11-28,HNB.N0000,221.261839,221.691474,220.832205,221.261839,26573.34
2017-11-29,HNB.N0000,221.261839,221.347775,220.832205,220.832205,1704.24
2017-11-30,HNB.N0000,220.832205,221.691474,220.832205,221.691474,1328.15
2017-12-04,HNB.N0000,219.113666,219.199602,219.113666,219.199602,1540.41
2017-12-05,HNB.N0000,219.113666,219.972935,219.113666,219.972935,145025.1
2017-12-06,HNB.N0000,219.113666,223.23815,219.113666,221.691474,153639.02
2017-12-07,HNB.N0000,219.113666,219.28552,219.113666,219.113666,28354.85
2017-12-08,HNB.N0000,219.113666,219.972935,219.113666,219.113666,20406.55
2017-12-12,HNB.N0000,218.598096,218.598096,218.254396,218.598096,22.67
2017-12-13,HNB.N0000,218.598096,218.598096,217.395127,217.395127,3005.6
2017-12-14,HNB.N0000,216.535859,216.535859,214.645466,214.81732,73280.18
2017-12-15,HNB.N0000,214.903255,214.903255,213.95805,213.95805,883.03
2017-12-18,HNB.N0000,214.81732,214.81732,213.098781,213.098781,804.72
2017-12-19,HNB.N0000,213.95805,214.81732,212.239512,214.387685,23769.69
2017-12-20,HNB.N0000,214.81732,214.81732,214.645466,214.645466,115467.8
2017-12-21,HNB.N0000,214.81732,214.81732,213.098781,213.098781,66968.11
2017-12-22,HNB.N0000,213.184716,214.81732,213.184716,214.81732,9523.74
2017-12-26,HNB.N0000,213.270634,219.113666,213.270634,219.113666,7249.71
2017-12-28,HNB.N0000,213.95805,213.95805,213.184716,213.184716,331.78
2018-01-02,HNB.N0000,214.81732,214.903255,214.81732,214.81732,106437.6
2018-01-04,HNB.N0000,221.261839,221.261839,214.81732,214.81732,91091.22
2018-01-05,HNB.N0000,214.81732,219.972935,214.81732,219.113666,30585.61
2018-01-08,HNB.N0000,219.113666,220.832205,219.113666,219.113666,35775.6
2018-01-10,HNB.N0000,219.02773,219.02773,217.395127,217.395127,5712.39
2018-01-12,HNB.N0000,219.113666,219.113666,219.113666,219.113666,17901.71
2018-01-16,HNB.N0000,217.395127,217.395127,214.81732,214.81732,4537.77
2018-01-17,HNB.N0000,216.621793,217.395127,212.411366,217.395127,164854.64
2018-01-19,HNB.N0000,216.965493,217.395127,216.535859,217.395127,24624.9
2018-01-22,HNB.N0000,214.81732,214.81732,214.731384,214.81732,183035.58
2018-01-24,HNB.N0000,214.81732,214.81732,214.387685,214.81732,9346.52
2018-01-25,HNB.N0000,214.387685,214.81732,213.95805,214.81732,18573.52
2018-01-26,HNB.N0000,213.44248,214.81732,213.270634,213.356562,499.73
2018-01-30,HNB.N0000,213.098781,213.098781,213.098781,213.098781,323.54
2018-02-01,HNB.N0000,213.098781,214.81732,213.098781,213.098781,50891.19
2018-02-02,HNB.N0000,213.098781,216.535859,212.239512,214.81732,37220.19
2018-02-06,HNB.N0000,213.098781,213.95805,212.669146,212.669146,44623.42
2018-02-07,HNB.N0000,212.669146,212.669146,211.380243,211.380243,1901.04
2018-02-08,HNB.N0000,212.239512,212.239512,212.239512,212.239512,57740.08
2018-02-12,HNB.N0000,211.981731,213.95805,211.380243,211.380243,2807.77
2018-02-14,HNB.N0000,211.380243,211.380243,208.802434,208.802434,56237.8
2018-02-15,HNB.N0000,208.802434,208.802434,208.802434,208.802434,646390.51
2018-02-16,HNB.N0000,208.88837,210.520973,208.802434,208.802434,29897.32
2018-02-19,HNB.N0000,208.88837,208.88837,207.513531,207.513531,100865.34
2018-02-21,HNB.N0000,208.802434,213.098781,207.943165,208.802434,35800.33
2018-02-22,HNB.N0000,208.802434,208.802434,207.513531,207.943165,87925.91
2018-02-23,HNB.N0000,208.3728,208.3728,207.083897,207.943165,79225.43
2018-02-26,HNB.N0000,207.943165,208.802434,207.943165,207.943165,43759.97
2018-02-27,HNB.N0000,207.943165,208.029101,207.943165,207.943165,176092.92
2018-02-28,HNB.N0000,207.169831,212.239512,207.169831,210.520973,9728.79
2018-03-02,HNB.N0000,207.599466,207.943165,207.169831,207.169831,42990.28
2018-03-05,HNB.N0000,210.520973,210.520973,207.943165,207.943165,5503.23
2018-03-06,HNB.N0000,207.943165,208.3728,207.943165,207.943165,13807.01
2018-03-07,HNB.N0000,207.943165,207.943165,207.083897,207.083897,2622.3
2018-03-09,HNB.N0000,206.224627,207.85723,206.224627,207.513531,1347.73
2018-03-12,HNB.N0000,206.224627,207.427595,204.506088,207.083897,2084.45
2018-03-13,HNB.N0000,206.138691,207.083897,205.365358,207.083897,186519.28
2018-03-14,HNB.N0000,206.310563,210.520973,206.310563,207.943165,105531.9
2018-03-15,HNB.N0000,207.943165,208.3728,206.224627,208.3728,74234.3
2018-03-19,HNB.N0000,208.802434,209.661704,208.802434,209.661704,13880.16
2018-03-20,HNB.N0000,209.661704,209.661704,207.943165,209.661704,132610.12
2018-03-21,HNB.N0000,209.661704,210.520973,209.661704,210.435038,20595.11
2018-03-22,HNB.N0000,210.435038,210.520973,208.802434,210.520973,1872.19
2018-03-23,HNB.N0000,210.520973,210.520973,208.802434,210.435038,19903.73
2018-03-26,HNB.N0000,209.661704,209.661704,208.802434,209.661704,73182.29
2018-03-27,HNB.N0000,209.661704,211.380243,208.802434,211.380243,22650.7
2018-03-28,HNB.N0000,211.294307,211.380243,211.294307,211.294307,471.91
2018-03-29,HNB.N0000,208.88837,211.380243,208.88837,210.520973,18960.94
2018-04-02,HNB.N0000,211.380243,212.239512,210.520973,212.239512,2042.2
2018-04-03,HNB.N0000,210.606909,210.606909,210.34912,210.520973,20013.98
2018-04-04,HNB.N0000,210.520973,210.606909,210.520973,210.520973,1513.62
2018-04-05,HNB.N0000,211.809877,213.098781,211.380243,213.098781,4243.08
2018-04-06,HNB.N0000,210.778754,213.614352,210.778754,213.098781,38535.98
2018-04-09,HNB.N0000,210.778754,210.950608,210.778754,210.950608,10410.9
2018-04-10,HNB.N0000,210.778754,214.387685,210.520973,210.950608,21933.56
2018-04-11,HNB.N0000,210.606909,214.81732,210.520973,214.81732,18579.7
2018-04-12,HNB.N0000,217.309192,217.309192,210.950608,215.676589,8381.06
2018-04-16,HNB.N0000,214.731384,214.731384,211.036543,214.387685,877.88
2018-04-17,HNB.N0000,214.387685,214.731384,214.387685,214.731384,21866.59
2018-04-18,HNB.N0000,214.81732,214.81732,211.380243,212.239512,2049.41
2018-04-19,HNB.N0000,212.239512,212.239512,211.380243,211.380243,1862.92
2018-04-23,HNB.N0000,212.239512,213.95805,210.520973,213.95805,2687.21
2018-04-24,HNB.N0000,211.380243,212.239512,206.310563,210.091338,38528.76
2018-04-25,HNB.N0000,207.169831,210.091338,206.224627,207.083897,235044.72
2018-04-26,HNB.N0000,208.802434,208.802434,207.083897,207.083897,105023.93
2018-04-27,HNB.N0000,207.083897,207.083897,207.083897,207.083897,106011.03
2018-05-01,HNB.N0000,207.083897,207.943165,207.083897,207.083897,4494.49
2018-05-02,HNB.N0000,210.520973,210.520973,207.083897,207.083897,262885.42
2018-05-03,HNB.N0000,207.083897,210.520973,206.224627,207.169831,118175.62
2018-05-04,HNB.N0000,207.169831,209.23207,207.169831,208.3728,155279.38
2018-05-08,HNB.N0000,207.943165,208.3728,207.943165,208.029101,55476.35
2018-05-09,HNB.N0000,208.029101,208.200947,207.943165,208.029101,615314.44
2018-05-10,HNB.N0000,208.802434,208.802434,208.11502,208.200947,438203.5
2018-05-11,HNB.N0000,208.200947,209.575768,207.943165,208.200947,427028.07
2018-05-14,HNB.N0000,209.575768,209.575768,208.200947,208.200947,4536.74
2018-05-15,HNB.N0000,208.029101,209.661704,208.029101,208.11502,4327.57
2018-05-16,HNB.N0000,209.575768,209.575768,208.029101,208.3728,21297.82
2018-05-17,HNB.N0000,208.3728,208.630581,208.3728,208.3728,3320.89
2018-05-18,HNB.N0000,208.3728,208.544654,208.3728,208.3728,26127.19
2018-05-21,HNB.N0000,208.11502,208.3728,207.943165,208.11502,12288.24
2018-05-22,HNB.N0000,208.200947,208.3728,208.200947,208.200947,33590.18
2018-05-23,HNB.N0000,208.200947,208.802434,208.200947,208.3728,15732.78
2018-05-24,HNB.N0000,210.435038,210.435038,208.200947,208.200947,115079.35
2018-05-25,HNB.N0000,210.520973,211.294307,210.520973,210.520973,442990.62
2018-05-28,HNB.N0000,210.520973,210.520973,208.802434,208.802434,4596.5
2018-05-30,HNB.N0000,208.802434,208.802434,208.3728,208.3728,274249.41
2018-05-31,HNB.N0000,208.200947,209.661704,208.200947,209.661704,130237.17
2018-06-01,HNB.N0000,208.3728,208.3728,208.200947,208.3728,494755.56
2018-06-04,HNB.N0000,208.3728,208.3728,208.3728,208.3728,930.43
2018-06-05,HNB.N0000,208.3728,208.630581,208.3728,208.630581,363812.58
2018-06-06,HNB.N0000,208.3728,208.3728,208.3728,208.3728,127247.03
2018-06-07,HNB.N0000,208.802434,210.435038,208.3728,208.802434,28362.07
2018-06-08,HNB.N0000,208.3728,208.802434,206.224627,208.3728,1054.07
2018-06-11,HNB.N0000,207.083897,208.802434,207.083897,208.286865,2056.63
2018-06-12,HNB.N0000,208.716499,208.716499,207.513531,207.943165,245798.73
2018-06-13,HNB.N0000,207.943165,209.661704,207.685384,207.685384,68052.06
2018-06-14,HNB.N0000,207.169831,207.771311,207.083897,207.083897,82054.84
2018-06-18,HNB.N0000,207.083897,207.083897,204.506088,204.506088,230.8
2018-06-19,HNB.N0000,201.928281,203.646819,201.928281,201.928281,30032.3
2018-06-20,HNB.N0000,201.928281,201.928281,197.631934,197.631934,10194.52
2018-06-21,HNB.N0000,197.631934,197.631934,197.631934,197.631934,34922.46
2018-06-22,HNB.N0000,195.913396,201.498646,194.194857,200.209742,3328.11
2018-06-25,HNB.N0000,200.209742,200.209742,197.631934,197.631934,4414.12
2018-06-26,HNB.N0000,196.428966,196.428966,193.335587,193.335587,107688.48
2018-06-28,HNB.N0000,193.335587,196.34303,193.335587,193.335587,62955.83
2018-06-29,HNB.N0000,192.476319,193.335587,191.617049,193.335587,31527.37
2018-07-03,HNB.N0000,191.788903,191.788903,189.039241,191.531114,14082.12
2018-07-04,HNB.N0000,190.75778,190.75778,189.039241,189.039241,6681.97
2018-07-05,HNB.N0000,188.179972,189.039241,187.320703,187.406638,324675.9
2018-07-06,HNB.N0000,189.039241,190.75778,189.039241,189.039241,38208.32
2018-07-09,HNB.N0000,189.125177,189.984446,187.320703,187.320703,64803.29
2018-07-11,HNB.N0000,189.468876,189.468876,189.039241,189.125177,84992.43
2018-07-12,HNB.N0000,190.75778,191.702985,190.75778,191.702985,12505.65
2018-07-16,HNB.N0000,192.132619,192.476319,192.132619,192.476319,2352.34
2018-07-17,HNB.N0000,196.686729,197.631934,193.335587,196.772665,117321.44
2018-07-18,HNB.N0000,197.631934,197.631934,196.772665,196.772665,227.71
2018-07-19,HNB.N0000,196.772665,197.631934,196.772665,197.631934,40976.93
2018-07-20,HNB.N0000,196.8586,197.631934,196.8586,197.631934,2624.36
2018-07-23,HNB.N0000,198.491203,198.491203,197.631934,197.717869,14148.06
2018-07-24,HNB.N0000,197.631934,197.631934,197.631934,197.631934,13962.59
2018-07-25,HNB.N0000,195.140062,197.631934,195.140062,197.631934,4073.07
2018-07-26,HNB.N0000,199.350472,199.350472,195.48376,197.631934,3268.35
2018-07-30,HNB.N0000,201.069011,201.069011,195.054126,195.054126,2592.42
2018-07-31,HNB.N0000,197.545999,200.897158,194.194857,194.194857,516.22
2018-08-01,HNB.N0000,194.624492,198.491203,193.851158,193.851158,59429.89
2018-08-02,HNB.N0000,196.772665,197.631934,196.772665,196.772665,375103.42
2018-08-07,HNB.N0000,195.913396,195.913396,193.335587,193.335587,18639.46
2018-08-08,HNB.N0000,195.82746,195.82746,189.125177,193.335587,3609.4
2018-08-09,HNB.N0000,192.476319,195.48376,191.617049,191.617049,127819.92
2018-08-13,HNB.N0000,190.75778,195.82746,190.75778,190.75778,6571.72
2018-08-14,HNB.N0000,190.75778,191.617049,189.125177,189.89851,3466.18
2018-08-15,HNB.N0000,189.297022,189.89851,189.039241,189.89851,1444.58
2018-08-17,HNB.N0000,189.468876,189.468876,189.039241,189.039241,26809.29
2018-08-21,HNB.N0000,191.187414,191.187414,189.125177,189.89851,150262.49
2018-08-23,HNB.N0000,189.89851,190.75778,189.039241,189.039241,137684.71
2018-08-24,HNB.N0000,189.039241,189.039241,187.664402,189.039241,5111.68
2018-08-27,HNB.N0000,187.492557,191.617049,187.492557,190.75778,31848.85
2018-08-28,HNB.N0000,187.750337,189.039241,187.492557,189.039241,285.41
2018-08-29,HNB.N0000,187.406638,189.89851,187.406638,189.468876,1321.97
2018-08-30,HNB.N0000,189.89851,191.617049,189.468876,191.617049,29745.86
2018-08-31,HNB.N0000,189.89851,192.046684,189.89851,192.046684,7413.54
2018-09-03,HNB.N0000,190.328145,193.163734,190.070364,193.163734,93008.74
2018-09-04,HNB.N0000,189.984446,192.905953,189.984446,192.905953,90469.9
2018-09-05,HNB.N0000,193.335587,193.335587,192.905953,193.335587,5973.08
2018-09-07,HNB.N0000,190.843716,193.249653,190.843716,193.249653,37338.68
2018-09-10,HNB.N0000,190.929634,191.01556,190.843716,190.929634,1260.15
2018-09-11,HNB.N0000,192.905953,195.397826,192.905953,194.194857,137317.9
2018-09-12,HNB.N0000,190.929634,194.194857,190.843716,191.617049,60827.08
2018-09-14,HNB.N0000,193.335587,193.335587,189.125177,189.125177,31624.23
2018-09-17,HNB.N0000,193.335587,193.335587,189.039241,189.039241,1422.95
2018-09-18,HNB.N0000,189.039241,189.039241,187.234767,187.320703,64002.69
2018-09-19,HNB.N0000,186.891068,186.891068,184.742895,186.461434,30097.22
2018-09-20,HNB.N0000,184.742895,184.742895,183.883625,183.883625,2479.08
2018-09-21,HNB.N0000,183.883625,183.883625,183.883625,183.883625,5504.26
2018-09-25,HNB.N0000,176.150202,183.453991,172.713125,180.446548,1269.42
2018-09-26,HNB.N0000,180.446548,189.039241,177.009472,183.453991,6165.76
2018-09-28,HNB.N0000,183.711772,193.765222,180.446548,180.446548,7230.13
2018-10-01,HNB.N0000,180.446548,180.446548,172.713125,172.713125,7062.18
2018-10-02,HNB.N0000,176.150202,176.150202,174.002029,176.150202,457.49
2018-10-03,HNB.N0000,176.150202,176.150202,173.572394,175.290933,26814.44
2018-10-04,HNB.N0000,176.150202,176.579836,176.150202,176.579836,8654.11
2018-10-05,HNB.N0000,176.236138,177.868741,176.236138,177.868741,2416.23
2018-10-08,HNB.N0000,180.446548,184.742895,180.446548,184.571041,60226.37
2018-10-09,HNB.N0000,184.571041,184.571041,177.009472,177.009472,974.73
2018-10-10,HNB.N0000,180.446548,180.446548,177.009472,178.72801,1443.55
2018-10-11,HNB.N0000,180.446548,180.446548,177.868741,177.868741,26003.54
2018-10-12,HNB.N0000,177.009472,178.72801,171.853856,178.72801,330886.99
2018-10-15,HNB.N0000,174.431663,176.150202,171.853856,171.853856,171453.15
2018-10-16,HNB.N0000,171.939792,177.009472,171.853856,171.853856,25394.59
2018-10-17,HNB.N0000,174.861298,176.150202,171.853856,176.150202,21181.39
2018-10-18,HNB.N0000,176.150202,176.150202,172.713125,172.713125,910.85
2018-10-19,HNB.N0000,175.462786,180.446548,175.462786,178.72801,2588.3
2018-10-22,HNB.N0000,178.72801,179.587279,177.868741,179.157645,20117.02
2018-10-23,HNB.N0000,178.298375,178.298375,178.298375,178.298375,37.09
2018-10-25,HNB.N0000,177.868741,177.868741,176.150202,176.150202,206.07
2018-10-26,HNB.N0000,176.150202,184.399196,176.150202,184.399196,31020.43
2018-10-29,HNB.N0000,188.179972,189.039241,178.72801,180.446548,169791.16
2018-10-30,HNB.N0000,183.883625,184.742895,180.446548,180.446548,356618.52
2018-10-31,HNB.N0000,180.446548,180.446548,176.150202,180.446548,5728.88
2018-11-01,HNB.N0000,180.446548,188.179972,177.954676,183.79769,1215006.35
2018-11-02,HNB.N0000,189.039241,190.75778,184.742895,189.039241,410425.66
2018-11-05,HNB.N0000,189.89851,190.75778,188.179972,188.179972,20668.27
2018-11-07,HNB.N0000,189.039241,190.585926,187.320703,188.094037,71483.2
2018-11-08,HNB.N0000,187.320703,187.320703,182.165087,182.165087,6496.51
2018-11-09,HNB.N0000,184.742895,184.742895,182.165087,182.165087,862.42
2018-11-12,HNB.N0000,182.165087,182.165087,180.446548,180.446548,138477.07
2018-11-13,HNB.N0000,180.446548,186.461434,180.446548,186.461434,3413.63
2018-11-14,HNB.N0000,184.571041,185.945864,180.446548,184.742895,16812.61
2018-11-15,HNB.N0000,188.695542,189.039241,181.563598,186.891068,17146.45
2018-11-16,HNB.N0000,188.008118,188.008118,181.477672,183.883625,353552.12
2018-11-21,HNB.N0000,185.43031,185.43031,183.024356,183.024356,100503.68
2018-11-23,HNB.N0000,183.19621,184.742895,183.024356,183.453991,72461.03
2018-11-26,HNB.N0000,184.656959,184.656959,182.165087,182.165087,644482.26
2018-11-27,HNB.N0000,183.024356,183.883625,183.024356,183.883625,17108.32
2018-11-28,HNB.N0000,184.742895,184.742895,183.883625,184.656959,6220.37
2018-11-29,HNB.N0000,184.742895,186.461434,183.883625,184.31326,361020.27
2018-11-30,HNB.N0000,185.602164,185.602164,184.31326,185.602164,9032.26
2018-12-03,HNB.N0000,187.320703,187.320703,184.742895,186.891068,114738.29
2018-12-05,HNB.N0000,185.602164,187.234767,185.602164,187.234767,29108.06
2018-12-06,HNB.N0000,187.320703,188.953305,184.742895,188.179972,12893.07
2018-12-07,HNB.N0000,188.609607,188.953305,188.179972,188.351826,1676.42
2018-12-10,HNB.N0000,186.547369,188.094037,184.742895,186.891068,2909.78
2018-12-11,HNB.N0000,185.602164,185.602164,183.453991,183.453991,31572.71
2018-12-12,HNB.N0000,183.883625,184.742895,183.453991,183.453991,3838.14
2018-12-14,HNB.N0000,184.742895,184.742895,183.024356,184.742895,107258.81
2018-12-17,HNB.N0000,184.742895,184.742895,182.165087,182.165087,1546.59
2018-12-18,HNB.N0000,184.742895,184.742895,180.016914,180.446548,161569.81
2018-12-19,HNB.N0000,180.446548,182.165087,180.446548,180.446548,12673.6
2018-12-20,HNB.N0000,180.532484,180.532484,180.274695,180.446548,154970.26
2018-12-25,HNB.N0000,184.656959,184.656959,184.656959,184.656959,20.61
2018-12-27,HNB.N0000,184.31326,184.31326,183.883625,183.883625,132.92
2019-01-02,HNB.N0000,183.024356,184.656959,178.72801,178.72801,27643.9
2019-01-03,HNB.N0000,177.868741,179.587279,176.150202,179.587279,545489.1
2019-01-04,HNB.N0000,176.322056,179.587279,176.150202,178.72801,7187.89
2019-01-07,HNB.N0000,180.446548,180.446548,176.150202,176.150202,46603.8
2019-01-08,HNB.N0000,176.150202,176.150202,174.775363,174.775363,356260.98
2019-01-09,HNB.N0000,174.775363,175.290933,174.431663,174.431663,335117.71
2019-01-10,HNB.N0000,174.517599,175.376868,174.431663,175.290933,40576.12
2019-01-11,HNB.N0000,174.861298,178.72801,174.861298,175.720567,56110.03
2019-01-14,HNB.N0000,178.72801,180.446548,174.431663,176.150202,2581.09
2019-01-16,HNB.N0000,177.009472,177.009472,176.150202,176.150202,3677.4
2019-01-17,HNB.N0000,176.150202,176.150202,176.150202,176.150202,340.02
2019-01-21,HNB.N0000,179.587279,179.587279,176.579836,176.579836,2663.52
2019-01-22,HNB.N0000,176.665772,179.587279,176.579836,176.923536,180540.02
2019-01-23,HNB.N0000,177.009472,177.868741,177.009472,177.009472,630.59
2019-01-24,HNB.N0000,177.009472,177.009472,176.493901,177.009472,3142.64
2019-01-25,HNB.N0000,177.009472,177.009472,176.150202,176.150202,2153.48
2019-01-28,HNB.N0000,176.150202,176.150202,171.939792,176.150202,11037.36
2019-01-29,HNB.N0000,176.150202,176.150202,174.517599,176.064266,9027.1
2019-01-30,HNB.N0000,176.064266,177.009472,175.290933,176.579836,18993.91
2019-01-31,HNB.N0000,177.009472,177.009472,176.150202,176.150202,2175.12
2019-02-01,HNB.N0000,176.150202,176.150202,175.290933,176.064266,2994.27
2019-02-05,HNB.N0000,176.064266,176.150202,175.290933,175.720567,6417.17
2019-02-06,HNB.N0000,175.290933,175.290933,174.002029,174.431663,153825.52
2019-02-08,HNB.N0000,175.720567,175.720567,174.517599,175.720567,1885.58
2019-02-11,HNB.N0000,176.150202,176.150202,175.720567,175.720567,1750286.51
2019-02-12,HNB.N0000,176.150202,176.150202,175.290933,175.290933,463080.85
2019-02-14,HNB.N0000,176.064266,176.064266,175.290933,175.290933,10349.07
2019-02-15,HNB.N0000,175.978348,175.978348,174.431663,174.431663,1852.61
2019-02-18,HNB.N0000,176.150202,176.150202,173.658329,173.658329,882
2019-02-20,HNB.N0000,173.658329,174.002029,173.572394,173.572394,1990.68
2019-02-21,HNB.N0000,172.884979,172.970906,171.76792,171.76792,37753.92
2019-02-22,HNB.N0000,170.994586,171.853856,170.393098,170.994586,64970.21
2019-02-25,HNB.N0000,170.994586,170.994586,170.049381,170.135317,2463.62
2019-02-26,HNB.N0000,170.135317,170.135317,169.276048,169.276048,6945.75
2019-02-27,HNB.N0000,170.049381,170.049381,167.55751,167.55751,9538.17
2019-02-28,HNB.N0000,167.55751,167.55751,165.924906,166.69824,2107.11
2019-03-01,HNB.N0000,166.69824,166.69824,163.261163,163.261163,7257.95
2019-03-05,HNB.N0000,166.268605,166.268605,159.824086,163.261163,16761.09
2019-03-06,HNB.N0000,164.034497,164.034497,163.261163,163.261163,19070.16
2019-03-07,HNB.N0000,163.261163,163.261163,161.542624,162.831528,62953.77
2019-03-08,HNB.N0000,162.745592,162.745592,160.683355,160.683355,1100.44
2019-03-11,HNB.N0000,162.831528,162.831528,152.949932,154.66847,25959.23
2019-03-12,HNB.N0000,154.926251,154.926251,152.176598,154.66847,1645.51
2019-03-13,HNB.N0000,153.121786,154.66847,149.512854,150.372124,23901.58
2019-03-14,HNB.N0000,150.372124,150.372124,149.59879,150.372124,28320.85
2019-03-15,HNB.N0000,150.372124,150.372124,149.512854,150.372124,14576.7
2019-03-18,HNB.N0000,150.372124,154.66847,150.028425,154.66847,76348.63
2019-03-19,HNB.N0000,150.372124,154.582534,149.942489,154.582534,4247.2
2019-03-21,HNB.N0000,151.059539,152.949932,149.684709,151.231393,3995097.78
2019-03-22,HNB.N0000,150.372124,150.372124,149.942489,150.372124,4088.52
2019-03-25,HNB.N0000,150.372124,150.372124,149.08322,149.08322,2167.91
2019-03-26,HNB.N0000,149.169156,150.372124,149.08322,150.286188,3994.76
2019-03-27,HNB.N0000,149.426919,150.286188,149.341,150.286188,238.02
2019-03-28,HNB.N0000,150.372124,152.949932,150.372124,152.949932,9015.77
2019-03-29,HNB.N0000,150.372124,152.949932,150.372124,152.949932,8532.52
2019-04-01,HNB.N0000,152.612785,161.333515,151.740711,153.484858,1981.41
2019-04-02,HNB.N0000,153.484858,161.159101,153.484858,161.159101,2376.04
2019-04-03,HNB.N0000,153.572074,156.97315,153.484858,154.531345,2952.02
2019-04-04,HNB.N0000,156.97315,157.758007,155.229004,157.060366,10024.51
2019-04-05,HNB.N0000,156.97315,157.409187,155.229004,155.229004,582554.74
2019-04-08,HNB.N0000,156.885934,156.885934,153.74648,154.444147,613.07
2019-04-10,HNB.N0000,155.229004,156.97315,153.659272,154.444147,40.18
2019-04-11,HNB.N0000,154.356931,156.97315,154.356931,156.97315,364461.72
2019-04-16,HNB.N0000,153.659272,160.461442,153.484858,160.461442,1801.09
2019-04-17,HNB.N0000,156.101077,156.101077,156.101077,156.101077,112.31
2019-04-23,HNB.N0000,154.792967,154.792967,152.176748,152.612785,1081.89
2019-04-24,HNB.N0000,152.612785,152.612785,152.176748,152.612785,3124.09
2019-04-25,HNB.N0000,152.612785,152.612785,150.519818,150.868638,7384.69
2019-04-26,HNB.N0000,150.868638,152.612785,149.996565,151.740711,11131.13
2019-04-29,HNB.N0000,150.868638,152.525568,150.868638,152.176748,11845.18
2019-04-30,HNB.N0000,152.176748,152.176748,148.252419,148.252419,62611.69
2019-05-02,HNB.N0000,149.124492,149.124492,148.252419,149.124492,40521.51
2019-05-03,HNB.N0000,149.124492,149.996565,148.252419,149.124492,1991.71
2019-05-06,HNB.N0000,149.124492,149.124492,148.165203,148.165203,1235.42
2019-05-07,HNB.N0000,147.380346,147.380346,143.892054,144.764127,14921.87
2019-05-08,HNB.N0000,142.147908,143.019981,140.403762,143.019981,8520.16
2019-05-09,HNB.N0000,141.711871,143.892054,139.531689,139.618905,3793.84
2019-05-10,HNB.N0000,143.892054,143.892054,139.531689,139.531689,2841.77
2019-05-13,HNB.N0000,139.531689,143.892054,134.648071,136.915469,2885.05
2019-05-14,HNB.N0000,134.822503,134.822503,129.066812,130.810958,20736.27
2019-05-15,HNB.N0000,128.630776,129.066812,123.921589,126.450593,19877.97
2019-05-16,HNB.N0000,129.938885,129.938885,125.142483,126.450593,1050.98
2019-05-17,HNB.N0000,127.322666,127.322666,122.090228,124.706446,31447
2019-05-21,HNB.N0000,126.450593,126.450593,122.962301,123.834373,127618.99
2019-05-22,HNB.N0000,127.322666,127.322666,123.834373,123.834373,690.35
2019-05-23,HNB.N0000,127.322666,127.322666,123.659959,123.834373,2693.4
2019-05-24,HNB.N0000,123.049516,123.834373,121.654191,122.090228,13985.26
2019-05-27,HNB.N0000,122.090228,122.962301,122.003012,122.003012,2725.34
2019-05-28,HNB.N0000,121.654191,122.090228,121.218155,122.090228,2436.83
2019-05-29,HNB.N0000,122.962301,122.962301,121.218155,121.218155,5561.96
2019-05-30,HNB.N0000,122.177444,125.491303,121.218155,121.218155,8240.93
2019-05-31,HNB.N0000,121.218155,126.363377,121.04374,121.218155,2734.61
2019-06-03,HNB.N0000,122.090228,122.090228,121.218155,121.218155,46829.45
2019-06-04,HNB.N0000,120.869334,120.869334,118.601936,118.601936,21784.16
2019-06-06,HNB.N0000,118.601936,118.601936,117.642646,117.642646,15555.55
2019-06-07,HNB.N0000,117.642646,117.729862,113.805533,117.729862,18674.49
2019-06-10,HNB.N0000,122.090228,122.090228,115.113643,117.729862,145599.01
2019-06-11,HNB.N0000,117.729862,118.601936,117.729862,118.165899,392093.25
2019-06-12,HNB.N0000,120.520496,121.218155,118.165899,118.165899,10277.98
2019-06-13,HNB.N0000,121.218155,121.218155,118.601936,120.346082,20068.59
2019-06-14,HNB.N0000,120.782118,121.654191,118.950756,120.346082,184402.89
2019-06-17,HNB.N0000,120.433298,122.003012,119.910045,119.910045,19594.62
2019-06-18,HNB.N0000,119.910045,120.346082,119.910045,119.910045,36138.3
2019-06-19,HNB.N0000,119.474009,120.346082,119.474009,119.474009,116120.02
2019-06-20,HNB.N0000,119.299593,119.299593,117.032204,117.729862,59469.05
2019-06-21,HNB.N0000,117.729862,117.904277,116.857789,117.729862,1523.92
2019-06-24,HNB.N0000,117.729862,117.729862,117.46824,117.555448,18072.75
2019-06-25,HNB.N0000,117.729862,117.729862,117.46824,117.729862,54057.53
2019-06-26,HNB.N0000,117.729862,117.729862,117.381042,117.381042,122113.71
2019-06-27,HNB.N0000,117.729862,117.729862,116.857789,116.857789,36457.71
2019-07-01,HNB.N0000,117.293826,117.293826,116.857789,116.857789,56152.27
2019-07-02,HNB.N0000,117.293826,117.293826,116.770573,116.770573,16262.39
2019-07-03,HNB.N0000,116.857789,116.857789,115.985716,116.596168,119761.36
2019-07-04,HNB.N0000,116.857789,117.817079,116.770573,117.642646,528049
2019-07-05,HNB.N0000,117.729862,117.729862,116.770573,116.857789,375244.58
2019-07-08,HNB.N0000,117.20661,117.20661,116.421753,116.857789,9081.71
2019-07-09,HNB.N0000,116.683375,116.857789,116.421753,116.683375,89782.64
2019-07-10,HNB.N0000,116.770573,116.770573,116.334537,116.421753,93200.39
2019-07-11,HNB.N0000,116.857789,116.857789,115.985716,115.985716,33037.9
2019-07-12,HNB.N0000,115.985716,121.305371,115.985716,120.346082,37523.12
2019-07-15,HNB.N0000,119.474009,119.910045,119.474009,119.910045,13939.93
2019-07-17,HNB.N0000,119.910045,123.834373,119.474009,123.834373,384223.26
2019-07-18,HNB.N0000,123.921589,125.142483,123.921589,125.055267,196043.02
2019-07-19,HNB.N0000,125.57852,126.537809,125.57852,126.450593,171289.32
2019-07-22,HNB.N0000,126.886629,126.886629,123.834373,125.055267,51194.12
2019-07-23,HNB.N0000,124.968069,127.322666,124.880862,126.450593,104126.47
2019-07-24,HNB.N0000,126.886629,131.683031,126.450593,131.683031,705987.32
2019-07-25,HNB.N0000,132.119068,138.659616,132.119068,137.874758,215957.05
2019-07-26,HNB.N0000,137.961958,151.740711,137.787542,148.252419,283654.66
2019-07-29,HNB.N0000,148.252419,163.077661,148.252419,161.333515,243418.57
2019-07-30,HNB.N0000,163.077661,173.542538,158.717296,162.728841,386235.58
2019-07-31,HNB.N0000,163.513698,164.821807,159.589369,160.461442,624737.2
2019-08-01,HNB.N0000,159.327747,160.287028,155.229004,155.229004,177041.9
2019-08-02,HNB.N0000,154.792967,156.97315,149.124492,156.101077,192746.85
2019-08-05,HNB.N0000,156.97315,156.97315,155.839455,155.839455,1350.82
2019-08-06,HNB.N0000,156.013861,156.013861,149.124492,150.868638,50769.6
2019-08-07,HNB.N0000,149.996565,155.229004,149.996565,152.612785,164692.87
2019-08-08,HNB.N0000,155.229004,155.229004,152.612785,152.612785,79097.67
2019-08-09,HNB.N0000,152.700001,158.717296,151.740711,156.101077,327082.85
2019-08-13,HNB.N0000,158.28126,161.246299,152.612785,156.885934,880637.72
2019-08-15,HNB.N0000,152.612785,152.612785,151.740711,152.612785,311978.61
2019-08-16,HNB.N0000,152.787199,156.711528,152.787199,156.101077,166.92
2019-08-19,HNB.N0000,152.874407,152.874407,150.781422,150.868638,246435.51
2019-08-20,HNB.N0000,152.43837,156.885934,150.868638,152.612785,355160.54
2019-08-21,HNB.N0000,156.101077,156.101077,150.781422,150.781422,83534.46
2019-08-22,HNB.N0000,152.612785,152.612785,148.078005,148.252419,231669.22
2019-08-23,HNB.N0000,151.740711,151.740711,148.252419,148.252419,44181.39
2019-08-26,HNB.N0000,149.822151,150.781422,147.380346,147.380346,49840.21
2019-08-27,HNB.N0000,148.252419,149.124492,148.165203,149.037276,61686.41
2019-08-28,HNB.N0000,148.601239,148.601239,147.990798,148.078005,182459.6
2019-08-29,HNB.N0000,148.252419,148.252419,146.682688,147.816382,137354.99
2019-08-30,HNB.N0000,148.078005,148.078005,146.508274,146.508274,80084.76
2019-09-02,HNB.N0000,146.508274,146.508274,143.892054,143.892054,11907
2019-09-03,HNB.N0000,144.764127,145.636201,143.019981,144.328091,4088.52
2019-09-04,HNB.N0000,144.328091,145.112948,143.456018,143.892054,33938.45
2019-09-05,HNB.N0000,143.892054,143.892054,141.799088,142.932765,8879.76
2019-09-06,HNB.N0000,142.932765,142.932765,138.659616,140.839798,60024.42
2019-09-09,HNB.N0000,143.456018,143.456018,138.659616,139.531689,18825.96
2019-09-10,HNB.N0000,139.182868,139.531689,136.915469,136.915469,51894.77
2019-09-11,HNB.N0000,136.915469,136.915469,133.078357,133.427178,71424.47
2019-09-12,HNB.N0000,135.171324,135.171324,133.427178,133.427178,85253.12
2019-09-16,HNB.N0000,136.915469,143.892054,133.688799,134.299251,187887.61
2019-09-17,HNB.N0000,134.299251,135.084108,134.299251,134.473665,43406.55
2019-09-18,HNB.N0000,134.299251,135.084108,132.991141,133.427178,86498.84
2019-09-19,HNB.N0000,137.787542,137.787542,134.299251,136.043396,374662.42
2019-09-20,HNB.N0000,135.171324,137.787542,134.299251,134.299251,121894.24
2019-09-23,HNB.N0000,136.828253,136.828253,134.299251,135.171324,19628.62
2019-09-24,HNB.N0000,135.171324,135.171324,134.124836,135.084108,19948.03
2019-09-25,HNB.N0000,135.171324,135.171324,133.863214,133.863214,11219.74
2019-09-26,HNB.N0000,134.996909,134.996909,133.95043,134.299251,2694.43
2019-09-27,HNB.N0000,136.479433,139.444473,135.171324,136.130612,32952.38
2019-09-30,HNB.N0000,138.572399,138.572399,133.688799,133.688799,116108.69
2019-10-01,HNB.N0000,133.688799,138.659616,133.427178,136.392217,35069.8
2019-10-02,HNB.N0000,136.392217,136.479433,133.427178,133.514394,6257.46
2019-10-03,HNB.N0000,133.427178,135.171324,133.427178,133.514394,930.43
2019-10-07,HNB.N0000,138.659616,139.531689,136.217811,138.572399,12090.4
2019-10-08,HNB.N0000,138.659616,138.659616,137.787542,138.310795,14316.01
2019-10-09,HNB.N0000,138.659616,148.165203,138.659616,146.508274,147508.3
2019-10-10,HNB.N0000,147.380346,148.252419,143.97927,144.764127,105246.49
2019-10-11,HNB.N0000,148.078005,148.078005,143.892054,147.380346,13980.11
2019-10-14,HNB.N0000,148.078005,154.356931,148.078005,152.612785,296146.91
2019-10-15,HNB.N0000,152.612785,152.700001,148.252419,150.432602,175985.76
2019-10-16,HNB.N0000,152.525568,152.525568,149.124492,149.996565,355279.03
2019-10-17,HNB.N0000,149.560529,151.740711,149.124492,149.124492,3450.72
2019-10-18,HNB.N0000,149.124492,151.740711,149.124492,151.653495,1299.3
2019-10-21,HNB.N0000,151.740711,151.740711,149.996565,151.304675,486145.76
2019-10-22,HNB.N0000,151.304675,153.833678,151.304675,152.525568,151403.11
2019-10-23,HNB.N0000,153.397642,153.484858,152.176748,153.048821,218120.84
2019-10-24,HNB.N0000,153.397642,156.101077,152.612785,153.920894,612821.96
2019-10-25,HNB.N0000,154.269715,154.269715,153.136037,153.920894,41551.88
2019-10-28,HNB.N0000,153.572074,154.705751,153.397642,154.705751,13304.19
2019-10-29,HNB.N0000,154.269715,155.229004,154.269715,154.880183,9031.23
2019-10-30,HNB.N0000,155.229004,156.101077,154.356931,154.792967,9966.8
2019-10-31,HNB.N0000,154.792967,160.112621,154.269715,160.112621,328786.06
2019-11-01,HNB.N0000,160.461442,160.461442,157.932439,158.717296,50949.92
2019-11-05,HNB.N0000,158.106845,163.949734,158.106845,161.333515,125005.97
2019-11-06,HNB.N0000,161.333515,163.949734,160.461442,161.333515,383055.84
2019-11-07,HNB.N0000,161.333515,161.333515,159.589369,159.589369,122220.87
2019-11-08,HNB.N0000,159.589369,160.461442,158.717296,160.461442,155962.51
2019-11-13,HNB.N0000,160.548658,160.635857,158.717296,159.589369,43676.51
2019-11-14,HNB.N0000,159.589369,160.461442,158.106845,158.717296,427390.76
2019-11-15,HNB.N0000,158.717296,161.246299,158.717296,158.717296,37845.63
2019-11-18,HNB.N0000,162.205588,163.077661,158.717296,159.589369,71160.7
2019-11-19,HNB.N0000,158.717296,162.205588,158.717296,159.502153,81538.62
2019-11-20,HNB.N0000,159.502153,159.589369,157.845223,159.502153,6142.06
2019-11-22,HNB.N0000,159.589369,159.589369,152.874407,156.97315,50436.79
2019-11-25,HNB.N0000,157.670808,157.670808,154.792967,155.229004,28369.28
2019-11-26,HNB.N0000,154.792967,156.885934,154.792967,154.880183,57580.37
2019-11-27,HNB.N0000,156.97315,156.97315,154.531345,154.792967,284612.91
2019-11-28,HNB.N0000,156.101077,160.025405,155.229004,155.665041,236495.49
2019-11-29,HNB.N0000,155.229004,157.845223,155.229004,155.752257,234134.9
2019-12-02,HNB.N0000,156.62433,156.62433,155.229004,155.665041,70912.38
2019-12-03,HNB.N0000,155.229004,156.97315,154.356931,155.141788,145811.27
2019-12-04,HNB.N0000,155.141788,156.885934,153.484858,153.484858,48686.19
2019-12-05,HNB.N0000,155.229004,155.229004,152.612785,153.048821,68507.49
2019-12-06,HNB.N0000,153.833678,154.356931,152.612785,152.612785,54528.41
2019-12-09,HNB.N0000,153.920894,153.920894,152.787199,152.874407,535.79
2019-12-10,HNB.N0000,153.484858,154.356931,151.304675,151.304675,100543.86
2019-12-12,HNB.N0000,152.612785,152.612785,149.996565,151.740711,18876.45
2019-12-13,HNB.N0000,151.304675,151.740711,151.304675,151.740711,355.48
2019-12-16,HNB.N0000,151.130261,151.740711,150.955854,151.304675,36784.34
2019-12-17,HNB.N0000,151.740711,151.740711,150.083781,151.653495,630.59
2019-12-18,HNB.N0000,151.653495,151.653495,150.868638,151.566297,1191.11
2019-12-19,HNB.N0000,150.955854,151.653495,149.996565,151.653495,79823.05
2019-12-23,HNB.N0000,150.868638,151.304675,149.996565,149.996565,1655.81
2019-12-25,HNB.N0000,154.356931,154.356931,150.868638,150.868638,2882.99
2019-12-27,HNB.N0000,152.612785,152.612785,151.043054,152.612785,364.75
2019-12-30,HNB.N0000,152.612785,153.048821,150.868638,153.048821,598.65
2019-12-31,HNB.N0000,152.176748,152.612785,149.647745,151.740711,23802.66
2020-01-02,HNB.N0000,151.653495,151.653495,150.17098,150.17098,758.36
2020-01-03,HNB.N0000,151.740711,151.740711,149.473313,151.304675,3681.53
2020-01-06,HNB.N0000,151.304675,151.304675,147.467562,147.467562,20544.62
2020-01-07,HNB.N0000,148.252419,148.252419,146.508274,147.380346,2307.01
2020-01-08,HNB.N0000,146.595489,146.595489,139.531689,143.717639,33641.7
2020-01-09,HNB.N0000,139.967725,143.717639,139.444473,139.531689,150874.53
2020-01-13,HNB.N0000,143.892054,143.892054,139.095652,139.095652,43731.12
2020-01-14,HNB.N0000,141.275835,141.275835,139.531689,141.275835,4356.42
2020-01-16,HNB.N0000,140.403762,141.275835,136.915469,139.531689,6418.2
2020-01-17,HNB.N0000,139.531689,139.531689,137.787542,139.531689,3458.96
2020-01-20,HNB.N0000,137.089884,139.531689,137.002685,137.002685,119381.16
2020-01-21,HNB.N0000,137.351506,139.531689,137.089884,139.531689,189269.34
2020-01-22,HNB.N0000,139.967725,143.019981,139.531689,141.188619,424195.57
2020-01-23,HNB.N0000,142.147908,143.019981,141.275835,141.275835,433467.91
2020-01-24,HNB.N0000,142.147908,142.147908,141.188619,141.275835,154220.15
2020-01-27,HNB.N0000,143.019981,143.019981,138.659616,139.531689,90009.32
2020-01-28,HNB.N0000,137.787542,140.403762,137.787542,139.531689,62638.48
2020-01-29,HNB.N0000,140.403762,141.275835,138.659616,139.531689,288698.34
2020-01-30,HNB.N0000,140.403762,143.107197,140.403762,140.403762,356519.6
2020-01-31,HNB.N0000,144.764127,144.764127,140.403762,140.403762,154216.03
2020-02-03,HNB.N0000,140.229348,140.403762,139.618905,140.403762,71817.05
2020-02-05,HNB.N0000,143.892054,143.892054,139.531689,140.229348,47710.42
2020-02-07,HNB.N0000,143.717639,143.717639,138.659616,138.659616,191965.83
2020-02-10,HNB.N0000,139.531689,143.194395,138.659616,139.531689,102492.3
2020-02-11,HNB.N0000,138.746832,139.531689,138.310795,138.659616,370130.84
2020-02-13,HNB.N0000,139.531689,139.531689,136.915469,136.915469,44991.27
2020-02-14,HNB.N0000,138.659616,138.659616,136.043396,136.915469,89454.98
2020-02-17,HNB.N0000,136.828253,139.531689,136.043396,139.531689,152485
2020-02-18,HNB.N0000,139.531689,139.531689,136.130612,136.915469,68446.69
2020-02-19,HNB.N0000,137.002685,137.351506,136.479433,136.479433,277819.66
2020-02-20,HNB.N0000,136.828253,136.915469,135.171324,136.043396,164078.77
2020-02-24,HNB.N0000,136.130612,139.531689,135.171324,135.171324,111494.68
2020-02-25,HNB.N0000,136.915469,136.915469,135.084108,135.084108,5301.27
2020-02-26,HNB.N0000,134.996909,134.996909,130.810958,130.810958,57278.47
2020-02-27,HNB.N0000,133.078357,133.078357,130.549336,130.723742,169384.16
2020-02-28,HNB.N0000,130.810958,130.810958,127.845918,129.066812,18459.14
2020-03-02,HNB.N0000,129.851669,129.851669,125.57852,126.450593,313453.07
2020-03-03,HNB.N0000,129.851669,134.299251,129.066812,129.938885,18032.57
2020-03-04,HNB.N0000,129.241226,129.938885,126.363377,126.450593,38650.35
2020-03-05,HNB.N0000,126.363377,126.363377,122.962301,123.398338,102932.27
2020-03-06,HNB.N0000,122.962301,122.962301,117.729862,117.729862,120468.2
2020-03-10,HNB.N0000,115.985716,115.985716,109.881205,112.497424,179237.62
2020-03-11,HNB.N0000,113.369497,117.729862,112.93346,116.421753,41018.15
2020-03-12,HNB.N0000,116.683375,116.683375,109.445169,110.66607,67673.91
2020-03-13,HNB.N0000,109.881205,109.881205,102.90462,107.264986,238826.2
2020-03-19,HNB.N0000,103.776693,103.776693,89.910732,91.306049,198601.44
2020-05-12,HNB.N0000,80.230721,81.974867,78.486575,80.143516,142319.34
2020-05-13,HNB.N0000,80.230721,83.719013,80.230721,82.585315,842930.17
2020-05-14,HNB.N0000,87.032893,87.032893,81.538831,81.538831,150468.56
2020-05-15,HNB.N0000,85.46316,85.46316,82.236492,82.84694,103760.69
2020-05-18,HNB.N0000,82.84694,84.591087,82.759735,83.719013,577836.65
2020-05-19,HNB.N0000,86.335233,87.207306,83.544601,83.719013,679131.66
2020-05-20,HNB.N0000,87.207306,87.207306,83.719013,84.591087,1320221.93
2020-05-21,HNB.N0000,87.207306,96.800109,87.207306,96.800109,10374047.51
2020-05-22,HNB.N0000,103.776693,104.648766,93.050195,93.311817,6543558.11
2020-05-26,HNB.N0000,95.840829,95.840829,90.433976,92.439744,864619.53
2020-05-27,HNB.N0000,92.614159,93.311817,90.259561,90.695597,808336.4
2020-05-28,HNB.N0000,90.782805,91.567671,90.346769,90.695597,1208468.63
2020-05-29,HNB.N0000,90.695597,90.695597,88.515415,88.951451,3550376.13
2020-06-01,HNB.N0000,88.266053,88.266053,85.502168,85.591324,287531.96
2020-06-02,HNB.N0000,86.393743,86.393743,83.808171,84.699747,409529.23
2020-06-03,HNB.N0000,85.769636,85.769636,84.610591,84.699747,1017434.25
2020-06-04,HNB.N0000,85.858799,85.858799,84.521434,84.699747,113479.18
2020-06-08,HNB.N0000,85.591324,86.482899,84.699747,86.482899,3372036.99
2020-06-09,HNB.N0000,87.374476,90.049205,87.374476,89.157629,2094024.32
2020-06-10,HNB.N0000,89.157629,92.723934,87.820264,89.068473,1632214.96
2020-06-11,HNB.N0000,91.832358,91.832358,87.820264,89.068473,2048961.96
2020-06-12,HNB.N0000,89.157629,89.157629,87.820264,89.157629,578497.12
2020-06-15,HNB.N0000,89.157629,90.851623,88.890153,89.068473,1133663.5
2020-06-16,HNB.N0000,89.157629,90.851623,88.979316,90.049205,1505581
2020-06-17,HNB.N0000,91.119096,94.685401,91.119096,94.507086,2186750.74
2020-06-18,HNB.N0000,93.61551,97.984234,93.61551,96.468554,1003959.03
2020-06-19,HNB.N0000,97.805919,97.895077,95.042032,96.736027,570354.08
2020-06-22,HNB.N0000,97.181815,101.372224,97.181815,100.74812,1637506.96
2020-06-23,HNB.N0000,101.193909,103.333692,100.837278,102.442115,1883794.09
2020-06-24,HNB.N0000,102.531273,103.422849,101.283066,103.066219,1600971.97
2020-06-25,HNB.N0000,103.422849,103.868638,102.352957,103.066219,1130100.47
2020-06-26,HNB.N0000,102.531273,102.887903,101.372224,101.996327,660207.82
2020-06-29,HNB.N0000,102.531273,103.422849,101.372224,101.818012,344353.98
2020-06-30,HNB.N0000,101.728855,102.531273,99.945702,101.372224,1379527.14
2020-07-01,HNB.N0000,101.639697,101.639697,100.569805,100.658963,1237344.85
2020-07-02,HNB.N0000,100.74812,100.74812,96.290238,98.964968,1534307.82
2020-07-03,HNB.N0000,98.964968,99.856544,98.073391,98.697495,1132083.93
2020-07-06,HNB.N0000,98.162549,99.856544,95.398663,98.519179,289507.19
2020-07-07,HNB.N0000,99.856544,100.480647,99.054125,99.232441,205688.35
2020-07-08,HNB.N0000,98.964968,99.410756,97.716761,98.87581,226218.54
2020-07-09,HNB.N0000,98.964968,100.74812,98.430022,99.856544,101952.39
2020-07-10,HNB.N0000,97.627604,97.627604,94.596244,96.022766,1156632.59
2020-07-13,HNB.N0000,93.61551,95.398663,89.157629,92.545618,1448136.64
2020-07-14,HNB.N0000,91.832358,96.736027,91.832358,92.723934,477942.96
2020-07-15,HNB.N0000,94.061299,97.627604,91.832358,93.61551,1003982.73
2020-07-16,HNB.N0000,93.61551,95.933609,93.61551,95.844451,1158698.49
2020-07-17,HNB.N0000,95.398663,98.073391,95.398663,97.805919,931836.99
2020-07-20,HNB.N0000,98.964968,101.996327,98.964968,100.658963,546654.46
2020-07-21,HNB.N0000,100.74812,101.193909,98.964968,100.213174,1092253.81
2020-07-22,HNB.N0000,100.658963,100.658963,98.073391,98.964968,668005.69
2020-07-23,HNB.N0000,99.589071,99.589071,98.519179,98.786652,67747.07
2020-07-24,HNB.N0000,98.519179,98.964968,98.519179,98.87581,313171.78
2020-07-27,HNB.N0000,99.589071,100.74812,98.697495,98.964968,92924.25
2020-07-28,HNB.N0000,99.678229,100.302332,98.608337,98.964968,1436101.87
2020-07-29,HNB.N0000,99.856544,99.856544,98.608337,98.608337,461889.73
2020-07-30,HNB.N0000,99.767387,99.767387,98.608337,99.143283,397981.84
2020-07-31,HNB.N0000,98.786652,99.856544,98.786652,99.856544,284560.36
2020-08-04,HNB.N0000,99.856544,101.550539,99.856544,101.550539,167325.47
2020-08-06,HNB.N0000,101.193909,101.639697,100.569805,101.639697,523450.44
2020-08-07,HNB.N0000,102.709588,103.422849,101.728855,102.442115,820702.95
2020-08-10,HNB.N0000,102.709588,102.709588,101.193909,101.639697,66175.75
2020-08-11,HNB.N0000,101.639697,102.887903,101.639697,102.62043,344954.69
2020-08-12,HNB.N0000,102.798746,105.206002,102.798746,105.116844,932105.92
2020-08-13,HNB.N0000,105.206002,108.326519,105.206002,107.078312,1124510.69
2020-08-14,HNB.N0000,107.88073,110.466302,106.989154,109.218095,2531064.53
2020-08-17,HNB.N0000,109.663884,110.109671,107.88073,107.88073,790748.95
2020-08-18,HNB.N0000,107.88073,108.772307,107.88073,108.326519,377558.8
2020-08-19,HNB.N0000,108.326519,109.663884,107.702416,108.950622,1545636.78
2020-08-20,HNB.N0000,108.950622,109.396411,108.237361,108.950622,287496.93
2020-08-21,HNB.N0000,108.950622,109.396411,108.326519,108.326519,246007.9
2020-08-24,HNB.N0000,108.772307,111.447036,108.326519,109.663884,337038.32
2020-08-25,HNB.N0000,109.663884,109.75304,108.059046,108.772307,224351.51
2020-08-26,HNB.N0000,108.772307,108.772307,108.059046,108.504834,370016.46
2020-08-27,HNB.N0000,108.326519,108.415676,102.531273,107.88073,579028.8
2020-08-28,HNB.N0000,106.989154,108.593992,106.989154,108.326519,235430.08
2020-08-31,HNB.N0000,108.772307,108.772307,107.88073,108.504834,145928.73
2020-09-02,HNB.N0000,108.772307,108.772307,106.810839,107.078312,159336.99
2020-09-03,HNB.N0000,107.88073,107.88073,105.65179,106.00842,136714.1
2020-09-04,HNB.N0000,106.00842,106.097578,104.225268,104.403583,729329.41
2020-09-07,HNB.N0000,104.581898,106.097578,103.422849,103.868638,86131
2020-09-08,HNB.N0000,103.868638,104.314425,103.422849,104.314425,99684.53
2020-09-09,HNB.N0000,105.206002,106.097578,104.314425,105.116844,545953.8
2020-09-10,HNB.N0000,105.206002,106.097578,105.116844,105.206002,143320.86
2020-09-11,HNB.N0000,106.00842,107.16747,105.206002,107.16747,725169.79
2020-09-14,HNB.N0000,107.256627,109.574726,107.256627,109.485568,339783.24
2020-09-15,HNB.N0000,109.663884,109.931356,108.504834,109.218095,359132.63
2020-09-16,HNB.N0000,109.218095,109.663884,108.772307,109.663884,228505.97
2020-09-17,HNB.N0000,109.307253,115.904917,109.307253,113.230189,946897.96
2020-09-18,HNB.N0000,115.904917,117.242282,115.013341,116.88566,973439.36
2020-09-21,HNB.N0000,117.688069,118.133858,112.962716,115.904917,347065.92
2020-09-22,HNB.N0000,117.242282,117.242282,114.121764,115.013341,806568.28
2020-09-23,HNB.N0000,115.45913,115.45913,112.338612,114.121764,235981.33
2020-09-24,HNB.N0000,114.121764,114.924174,113.675976,114.032607,995224.55
2020-09-25,HNB.N0000,114.121764,114.121764,112.873558,114.121764,347315.27
2020-09-28,HNB.N0000,114.924174,116.350705,114.032607,115.013341,424730.34
2020-09-29,HNB.N0000,114.924174,114.924174,111.447036,114.032607,4993343.38
2020-09-30,HNB.N0000,111.447036,113.319346,111.447036,113.319346,274236.02
2020-10-02,HNB.N0000,113.230189,113.319346,109.663884,111.001248,366399.85
2020-10-05,HNB.N0000,106.989154,108.772307,102.531273,102.977061,1136336.29
2020-10-06,HNB.N0000,101.639697,107.88073,100.658963,103.512007,986896.04
2020-10-07,HNB.N0000,103.512007,106.365051,103.422849,104.314425,1034666.22
2020-10-08,HNB.N0000,103.422849,106.543366,103.422849,106.097578,149786.45
2020-10-09,HNB.N0000,106.543366,108.772307,106.097578,107.434943,396815.45
2020-10-12,HNB.N0000,106.989154,108.683149,106.543366,106.989154,352042.63
2020-10-13,HNB.N0000,106.989154,106.989154,104.13611,105.116844,759849.08
2020-10-14,HNB.N0000,105.206002,106.097578,102.531273,106.00842,292540.61
2020-10-15,HNB.N0000,106.989154,107.88073,104.938529,105.116844,222754.43
2020-10-16,HNB.N0000,105.206002,106.543366,104.760214,105.65179,212498.09
2020-10-19,HNB.N0000,106.097578,106.097578,105.027687,105.473475,234165.82
2020-10-20,HNB.N0000,105.562633,106.721681,105.206002,106.543366,89529.17
2020-10-21,HNB.N0000,105.830106,106.632524,102.442115,103.155376,892925.96
2020-10-22,HNB.N0000,101.639697,106.00842,99.856544,103.422849,692620.28
2020-10-23,HNB.N0000,106.00842,106.00842,102.977061,102.977061,398825.71
2020-10-26,HNB.N0000,101.639697,102.531273,98.073391,101.015593,144059.64
2020-10-27,HNB.N0000,101.193909,102.531273,100.837278,101.193909,988056.24
2020-10-28,HNB.N0000,101.193909,102.352957,100.302332,100.74812,1205204.4
2020-10-29,HNB.N0000,100.658963,102.085484,100.658963,101.639697,622825.86
2020-11-02,HNB.N0000,100.658963,101.193909,100.213174,100.213174,159368.93
2020-11-03,HNB.N0000,102.442115,102.531273,101.372224,101.639697,72375.51
2020-11-04,HNB.N0000,102.531273,102.531273,101.639697,102.085484,132554.48
2020-11-05,HNB.N0000,103.066219,103.333692,102.085484,102.352957,475360.84
2020-11-06,HNB.N0000,102.531273,104.225268,102.442115,102.531273,513141.55
2020-11-09,HNB.N0000,102.62043,102.62043,101.550539,102.085484,591901.26
2020-11-10,HNB.N0000,102.977061,103.422849,102.531273,103.422849,710891.9
2020-11-11,HNB.N0000,103.601165,105.206002,103.601165,104.13611,449287.23
2020-11-12,HNB.N0000,103.422849,104.314425,101.639697,101.996327,524264.44
2020-11-13,HNB.N0000,102.531273,103.244534,102.2638,102.798746,429395.87
2020-11-16,HNB.N0000,102.977061,102.977061,101.639697,102.442115,193397.02
2020-11-17,HNB.N0000,102.531273,102.62043,101.639697,102.085484,217464.49
2020-11-18,HNB.N0000,102.531273,102.531273,101.728855,102.085484,359195.48
2020-11-19,HNB.N0000,101.996327,102.2638,101.728855,101.728855,67311.22
2020-11-20,HNB.N0000,101.818012,102.2638,101.639697,101.818012,183739.33
2020-11-23,HNB.N0000,101.90717,102.085484,101.015593,101.550539,80822.51
2020-11-24,HNB.N0000,101.639697,101.639697,101.193909,101.461382,49458.97
2020-11-25,HNB.N0000,101.461382,101.550539,100.837278,101.193909,218462.92
2020-11-26,HNB.N0000,101.193909,102.2638,101.193909,102.085484,345357.56
2020-11-27,HNB.N0000,102.174642,102.531273,101.461382,102.085484,597850.63
2020-11-30,HNB.N0000,101.728855,109.663884,101.639697,109.663884,285738.08
2020-12-01,HNB.N0000,104.314425,106.989154,104.314425,106.097578,243858.54
2020-12-02,HNB.N0000,106.989154,107.434943,106.543366,106.899997,357773.56
2020-12-03,HNB.N0000,107.434942,107.434942,106.275893,106.810839,657262.88
2020-12-04,HNB.N0000,106.632524,108.326519,106.632524,107.434942,306496.49
2020-12-07,HNB.N0000,108.593991,113.230188,108.148203,113.230188,790639.02
2020-12-08,HNB.N0000,113.230188,119.471222,113.230188,118.133858,1261361.5
2020-12-09,HNB.N0000,118.579646,120.630271,115.548295,118.579646,911168.25
2020-12-10,HNB.N0000,120.362798,120.362798,116.88566,116.88566,116544.15
2020-12-11,HNB.N0000,116.796493,116.88566,115.013341,115.548295,289601.69
2020-12-14,HNB.N0000,115.280814,115.904917,114.924174,114.924174,327476.18
2020-12-15,HNB.N0000,115.726602,115.726602,111.447036,112.338612,209128.49
2020-12-16,HNB.N0000,112.873558,114.121764,111.625351,112.160297,283448.54
2020-12-17,HNB.N0000,111.536193,111.625351,110.109671,110.555459,131226.01
2020-12-18,HNB.N0000,112.249454,113.051873,110.377144,110.555459,293725.85
2020-12-21,HNB.N0000,111.001247,112.338612,110.555459,111.357878,148901.45
2020-12-22,HNB.N0000,111.447036,111.447036,110.466302,110.822932,291165.21
2020-12-23,HNB.N0000,110.555459,111.447036,110.466302,110.555459,107571.28
2020-12-24,HNB.N0000,110.822932,111.447036,110.466302,111.26872,127246.54
2020-12-28,HNB.N0000,111.892824,113.141031,111.26872,113.141031,84756.63
2020-12-30,HNB.N0000,113.230188,113.230188,111.447036,112.249454,111183.98
2020-12-31,HNB.N0000,111.981981,113.230188,111.536193,112.695242,335948.82
2021-01-04,HNB.N0000,112.7844,115.459129,112.7844,115.280814,926048.63
2021-01-05,HNB.N0000,115.459129,116.796493,114.835025,115.102507,379586.14
2021-01-06,HNB.N0000,115.726602,115.726602,114.121764,115.459129,213085.52
2021-01-07,HNB.N0000,115.904917,115.904917,114.121764,115.81575,411929.98
2021-01-08,HNB.N0000,115.459129,115.904917,114.567553,115.459129,276861.33
2021-01-11,HNB.N0000,115.459129,115.904917,114.121764,115.013341,221029.88
2021-01-12,HNB.N0000,115.013341,115.013341,113.675976,113.675976,253344.56
2021-01-13,HNB.N0000,114.121764,114.344659,112.561506,113.675976,334131.81
2021-01-15,HNB.N0000,113.230188,115.904917,112.115718,115.682023,742465.91
2021-01-18,HNB.N0000,115.904917,121.254375,115.904917,117.68807,1607632.49
2021-01-19,HNB.N0000,120.362798,126.158044,119.694116,122.145951,4791291.64
2021-01-20,HNB.N0000,125.712256,130.170138,122.145951,124.82068,4360452.46
2021-01-21,HNB.N0000,124.82068,126.158044,122.145951,123.70621,996393.71
2021-01-22,HNB.N0000,124.82068,127.049621,123.929104,126.603832,1641152.89
2021-01-25,HNB.N0000,127.495409,136.188278,127.049621,135.519595,1840564.88
2021-01-26,HNB.N0000,136.188278,141.314841,136.188278,138.194324,2416484.19
2021-01-27,HNB.N0000,139.0859,139.0859,131.284608,131.284608,745531.27
2021-01-29,HNB.N0000,139.977477,147.110087,137.302748,137.97143,2999662.56
2021-02-01,HNB.N0000,139.0859,142.429312,132.844866,133.736443,1135868.03
2021-02-02,HNB.N0000,133.959337,133.959337,120.585693,125.712256,697213.48
2021-02-03,HNB.N0000,123.929104,131.061714,122.145951,128.832773,720420.69
2021-02-05,HNB.N0000,128.832773,133.067761,127.941197,131.95329,649452
2021-02-08,HNB.N0000,133.736443,133.736443,128.386985,130.170138,1138178.55
2021-02-09,HNB.N0000,128.386985,128.386985,123.037527,126.158044,330359.84
2021-02-10,HNB.N0000,124.82068,127.495409,123.929104,123.929104,199058.68
2021-02-11,HNB.N0000,123.260421,126.603832,111.66993,120.139904,446277.01
2021-02-12,HNB.N0000,123.037527,124.82068,122.145951,124.82068,174145.5
2021-02-15,HNB.N0000,126.380938,130.393032,124.151998,124.82068,1215377.77
2021-02-16,HNB.N0000,124.82068,124.82068,120.362798,122.145951,536365.77
2021-02-17,HNB.N0000,121.923057,123.037527,116.796493,122.145951,201903.08
2021-02-18,HNB.N0000,121.254375,122.145951,120.362798,121.477269,427245.55
2021-02-19,HNB.N0000,121.254375,123.70621,121.254375,121.923057,185026.23
2021-02-22,HNB.N0000,124.82068,124.82068,120.362798,121.254375,56926.14
2021-02-23,HNB.N0000,121.254375,121.254375,116.127811,118.356752,129686.04
2021-02-24,HNB.N0000,117.68807,119.471222,115.904917,117.68807,95653.06
2021-02-25,HNB.N0000,119.471222,119.471222,117.68807,119.471222,215363.51
2021-03-01,HNB.N0000,119.91701,121.254375,117.68807,118.579646,36093.38
2021-03-02,HNB.N0000,118.579646,118.579646,115.013341,116.796493,263072.27
2021-03-03,HNB.N0000,115.904917,116.573599,111.892824,113.230188,85161.53
2021-03-04,HNB.N0000,114.121764,115.904917,111.447036,115.459129,95700.17
2021-03-05,HNB.N0000,115.682023,115.904917,112.338612,113.230188,545953.28
2021-03-08,HNB.N0000,113.230188,117.68807,113.230188,117.68807,140470.31
2021-03-09,HNB.N0000,118.133858,119.471222,116.796493,116.796493,263561.29
2021-03-10,HNB.N0000,115.904917,115.904917,113.675976,114.121764,448686.23
2021-03-12,HNB.N0000,114.121764,117.465176,114.121764,115.904917,155877.86
2021-03-15,HNB.N0000,115.236235,117.68807,115.236235,116.350705,3324.45
2021-03-16,HNB.N0000,116.350705,117.68807,114.790447,114.790447,29852.75
2021-03-17,HNB.N0000,115.904917,115.904917,113.675976,114.121764,366135.8
2021-03-18,HNB.N0000,114.121764,114.121764,112.338612,113.230188,38099.94
2021-03-19,HNB.N0000,113.007294,115.013341,111.892824,114.121764,187415.26
2021-03-22,HNB.N0000,114.121764,115.904917,112.7844,114.121764,58305.72
2021-03-23,HNB.N0000,115.904917,115.904917,113.453082,113.675976,40230.99
2021-03-24,HNB.N0000,113.230188,115.904917,113.230188,115.904917,75179.21
2021-03-25,HNB.N0000,117.68807,117.68807,115.013341,115.904917,43491.51
2021-03-26,HNB.N0000,115.904917,117.68807,115.236235,117.242281,28269.03
2021-03-29,HNB.N0000,117.465176,117.465176,114.790447,115.904917,326541.88
2021-03-30,HNB.N0000,116.796493,118.579646,115.459129,117.465176,582540.17
2021-03-31,HNB.N0000,116.824747,117.053367,114.767168,115.224408,39157.8
2021-04-01,HNB.N0000,115.453028,115.910267,114.081308,115.681647,190833.16
2021-04-05,HNB.N0000,115.224408,115.224408,112.480969,113.166829,390530.38
2021-04-06,HNB.N0000,114.309928,116.138887,112.480969,115.224408,82905.09
2021-04-07,HNB.N0000,115.224408,120.711284,114.309928,119.339565,1408415.5
2021-04-08,HNB.N0000,118.882325,122.540243,118.882325,121.168524,622784.92
2021-04-09,HNB.N0000,121.168524,122.311623,119.796805,121.168524,443369.19
2021-04-12,HNB.N0000,121.168524,122.083003,120.711284,121.625764,457573.99
2021-04-15,HNB.N0000,121.625764,121.625764,120.711284,120.939904,638913.23
2021-04-16,HNB.N0000,120.939904,122.083003,120.711284,121.625764,865597.39
2021-04-19,HNB.N0000,122.083003,122.083003,120.711284,120.711284,39259.49
2021-04-20,HNB.N0000,120.711284,121.168524,120.025425,120.254045,504667.45
2021-04-21,HNB.N0000,119.796805,120.939904,117.967846,120.939904,3044984.85
2021-04-22,HNB.N0000,119.796805,119.796805,118.425086,119.110945,57742.14
2021-04-23,HNB.N0000,117.053367,119.110945,116.596127,118.882325,1454648.36
2021-04-27,HNB.N0000,117.967846,117.967846,114.309928,116.138887,188411.02
2021-04-28,HNB.N0000,116.138887,117.053367,115.453028,117.053367,30847.06
2021-04-29,HNB.N0000,118.882325,119.568185,115.224408,118.882325,7441969.5
2021-05-03,HNB.N0000,117.053367,119.339565,114.767168,118.425086,205948.87
2021-05-04,HNB.N0000,119.568185,119.568185,116.596127,116.596127,9270606.6
2021-05-05,HNB.N0000,117.510606,118.882325,117.510606,118.425086,44178.14
2021-05-06,HNB.N0000,118.653706,118.653706,117.967846,118.425086,117263.44
2021-05-07,HNB.N0000,118.425086,118.882325,117.967846,118.653706,55342.96
2021-05-10,HNB.N0000,118.425086,118.653706,117.053367,117.510606,66057.25
2021-05-11,HNB.N0000,117.053367,117.739226,116.138887,117.053367,5434.79
2021-05-12,HNB.N0000,117.053367,117.281986,116.367507,116.824747,73176.06
2021-05-13,HNB.N0000,116.367507,117.053367,116.367507,116.824747,98874.83
2021-05-17,HNB.N0000,117.053367,118.425086,116.138887,118.425086,144555.47
2021-05-18,HNB.N0000,118.425086,118.425086,117.281986,118.425086,8603.8
2021-05-19,HNB.N0000,117.967846,118.653706,117.510606,118.653706,6366.46
2021-05-20,HNB.N0000,117.739226,118.653706,117.739226,118.425086,27353.27
2021-05-21,HNB.N0000,118.653706,118.653706,116.824747,118.425086,58316.24
2021-05-24,HNB.N0000,118.653706,118.653706,116.596127,117.739226,9310.21
2021-05-25,HNB.N0000,117.053367,118.882325,117.053367,118.196466,90653.76
2021-05-28,HNB.N0000,117.967846,118.882325,117.967846,117.967846,571980.06
2021-05-31,HNB.N0000,117.967846,118.882325,117.739226,118.425086,146915.28
2021-06-01,HNB.N0000,118.882325,121.397144,118.882325,121.168524,355596.85
2021-06-02,HNB.N0000,120.711284,123.454723,120.711284,122.311623,247169.04
2021-06-03,HNB.N0000,122.540243,123.911962,120.711284,123.454723,529251.93
2021-06-04,HNB.N0000,123.454723,124.826442,123.454723,124.597822,482383.73
2021-06-07,HNB.N0000,125.055061,125.055061,122.997483,123.683342,18595.28
2021-06-08,HNB.N0000,124.369202,124.369202,122.540243,123.226103,85514.23
2021-06-09,HNB.N0000,123.454723,123.454723,122.997483,122.997483,46858.35
2021-06-10,HNB.N0000,123.454723,125.740921,122.997483,123.911962,180761.86
2021-06-11,HNB.N0000,124.140582,125.740921,123.683342,123.911962,413002.18
2021-06-14,HNB.N0000,123.911962,125.055061,122.540243,124.140582,72093.48
2021-06-15,HNB.N0000,124.826442,124.826442,123.454723,123.454723,106908.91
2021-06-16,HNB.N0000,123.911962,125.969541,123.911962,125.283681,3096112.3
2021-06-17,HNB.N0000,126.198161,127.11264,125.283681,125.283681,191662.05
2021-06-18,HNB.N0000,125.969541,126.198161,125.283681,125.969541,126757.36
2021-06-21,HNB.N0000,125.969541,126.198161,124.369202,125.740921,727694.88
2021-06-22,HNB.N0000,125.283681,125.283681,123.454723,123.454723,160525.21
2021-06-23,HNB.N0000,122.997483,124.140582,121.625764,122.997483,110776.69
2021-06-25,HNB.N0000,123.454723,124.826442,123.454723,124.826442,170231.28
2021-06-28,HNB.N0000,124.369202,125.740921,124.369202,125.283681,199937.79
2021-06-29,HNB.N0000,125.512301,125.740921,122.997483,123.911962,85971.32
2021-06-30,HNB.N0000,122.540243,123.454723,121.625764,122.540243,656775.85
2021-07-01,HNB.N0000,122.540243,122.540243,121.168524,121.625764,84398.84
2021-07-02,HNB.N0000,122.083003,122.083003,119.568185,120.482664,240948.01
2021-07-05,HNB.N0000,120.254045,120.482664,119.568185,119.796805,178185.53
2021-07-06,HNB.N0000,119.796805,120.711284,119.110945,119.796805,27651.8
2021-07-07,HNB.N0000,121.625764,121.625764,118.882325,119.796805,68674.04
2021-07-08,HNB.N0000,119.796805,120.711284,118.882325,119.796805,2921574.75
2021-07-09,HNB.N0000,119.796805,121.397144,119.796805,120.711284,47454.32
2021-07-12,HNB.N0000,120.482664,122.083003,120.254045,121.625764,273467.06
2021-07-13,HNB.N0000,119.796805,122.083003,119.796805,122.083003,75847.52
2021-07-14,HNB.N0000,122.083003,122.540243,120.939904,122.540243,29333.63
2021-07-15,HNB.N0000,122.083003,122.311623,121.168524,121.168524,49158.02
2021-07-16,HNB.N0000,121.625764,122.540243,121.625764,122.311623,45289.15
2021-07-19,HNB.N0000,121.168524,121.168524,119.796805,119.796805,187281.41
2021-07-20,HNB.N0000,120.025425,121.168524,118.196466,119.796805,92243.74
2021-07-22,HNB.N0000,119.796805,119.796805,118.196466,118.653706,94271.12
2021-07-26,HNB.N0000,118.425086,119.568185,117.053367,118.425086,128210.65
2021-07-27,HNB.N0000,118.425086,118.882325,117.967846,118.882325,35493.42
2021-07-28,HNB.N0000,118.882325,118.882325,118.196466,118.653706,30514.63
2021-07-29,HNB.N0000,118.653706,118.653706,117.967846,118.653706,17753.27
2021-07-30,HNB.N0000,118.653706,118.882325,117.967846,118.653706,42273.23
2021-08-02,HNB.N0000,118.882325,118.882325,117.053367,117.739226,119941.46
2021-08-03,HNB.N0000,117.281986,117.967846,116.824747,117.053367,1397152.26
2021-08-04,HNB.N0000,117.967846,117.967846,116.596127,116.824747,34255.55
2021-08-05,HNB.N0000,116.367507,117.739226,115.224408,116.596127,449602.24
2021-08-06,HNB.N0000,116.596127,118.882325,115.453028,118.653706,280180.17
2021-08-09,HNB.N0000,117.967846,119.568185,117.967846,118.882325,335916.8
2021-08-10,HNB.N0000,119.568185,120.025425,118.882325,119.796805,450083.39
2021-08-11,HNB.N0000,118.882325,119.796805,118.882325,119.110945,138690.93
2021-08-12,HNB.N0000,119.568185,120.025425,118.882325,120.025425,740616.99
2021-08-13,HNB.N0000,120.254045,120.711284,118.882325,119.339565,15195.53
2021-08-16,HNB.N0000,120.025425,120.711284,119.796805,120.254045,27894.56
2021-08-17,HNB.N0000,118.882325,120.711284,118.882325,119.796805,82539.86
2021-08-18,HNB.N0000,118.882325,121.625764,118.882325,120.711284,68723.25
2021-08-19,HNB.N0000,120.711284,121.168524,119.796805,121.168524,386033.84
2021-08-20,HNB.N0000,121.397144,121.397144,120.711284,121.168524,65201.03
2021-08-23,HNB.N0000,121.625764,124.597822,121.397144,124.369202,1675310.52
2021-08-24,HNB.N0000,124.369202,124.369202,121.625764,123.454723,132277.44
2021-08-25,HNB.N0000,123.454723,123.911962,122.540243,123.911962,102721.83
2021-08-26,HNB.N0000,123.454723,133.285376,123.454723,130.313318,1870100.03
2021-08-27,HNB.N0000,130.313318,131.227798,126.6554,127.11264,156134.73
2021-08-30,HNB.N0000,126.6554,127.11264,124.826442,126.198161,71110.4
2021-08-31,HNB.N0000,124.369202,126.198161,123.911962,126.198161,352956
2021-09-01,HNB.N0000,126.198161,126.198161,123.454723,123.911962,175827.9
2021-09-02,HNB.N0000,125.283681,127.11264,124.369202,126.198161,268943.17
2021-09-03,HNB.N0000,124.826442,127.11264,123.454723,125.969541,57801.19
2021-09-06,HNB.N0000,125.969541,125.969541,124.140582,125.055061,111299.39
2021-09-07,HNB.N0000,124.140582,127.7985,124.140582,127.11264,154396.04
2021-09-08,HNB.N0000,124.826442,128.02712,124.369202,126.426781,1934981.75
2021-09-09,HNB.N0000,126.198161,131.227798,126.198161,130.541938,563035.08
2021-09-10,HNB.N0000,128.941599,131.456417,128.02712,130.770558,474630.69
2021-09-13,HNB.N0000,129.398839,129.398839,127.11264,128.02712,242676.86
2021-09-14,HNB.N0000,127.7985,128.941599,126.88402,127.7985,262106.5
2021-09-15,HNB.N0000,128.02712,128.02712,126.6554,127.34126,84648.16
2021-09-16,HNB.N0000,127.11264,128.484359,127.11264,128.02712,148917.51
2021-09-17,HNB.N0000,127.7985,128.02712,127.11264,128.02712,68010.28
2021-09-21,HNB.N0000,127.11264,127.11264,122.540243,127.11264,118151.37
2021-09-22,HNB.N0000,127.11264,128.255739,127.11264,127.7985,82092.61
2021-09-23,HNB.N0000,127.11264,128.02712,127.11264,128.02712,140300.59
2021-09-24,HNB.N0000,128.02712,129.398839,128.02712,129.170219,116900.39
2021-09-27,HNB.N0000,128.484359,129.170219,128.255739,128.941599,12709.96
2021-09-28,HNB.N0000,127.7985,128.02712,126.198161,127.7985,267307.27
2021-09-29,HNB.N0000,128.02712,128.02712,127.56988,128.02712,23768.71
2021-09-30,HNB.N0000,128.02712,131.456417,127.56988,131.456417,369485.62
2021-10-01,HNB.N0000,132.370897,132.370897,128.941599,129.856078,165087.37
2021-10-04,HNB.N0000,129.856078,131.227798,128.02712,131.227798,102845.4
2021-10-05,HNB.N0000,128.255739,132.142277,128.255739,131.456417,74222.56
2021-10-06,HNB.N0000,131.456417,139.000873,131.456417,137.629154,679977.03
2021-10-07,HNB.N0000,138.086393,140.829832,138.086393,138.543633,594611.52
2021-10-08,HNB.N0000,139.000873,139.000873,130.770558,137.171914,359858.29
2021-10-11,HNB.N0000,137.171914,138.086393,135.342955,136.257434,99046.51
2021-10-12,HNB.N0000,135.342955,136.943294,132.599517,136.257434,438610.2
2021-10-13,HNB.N0000,136.257434,137.171914,133.971236,136.257434,769048.47
2021-10-14,HNB.N0000,136.714674,137.857773,136.714674,137.171914,149441.31
2021-10-15,HNB.N0000,136.714674,136.943294,135.800195,135.800195,18260.66
2021-10-18,HNB.N0000,136.943294,138.086393,136.257434,137.629154,169589.38
2021-10-21,HNB.N0000,137.171914,139.000873,137.171914,137.857773,70597.54
2021-10-22,HNB.N0000,137.400534,138.543633,137.171914,137.629154,68011.37
2021-10-25,HNB.N0000,137.171914,137.629154,136.714674,137.171914,103562.75
2021-10-26,HNB.N0000,137.171914,138.772253,137.171914,138.772253,311306.07
2021-10-27,HNB.N0000,137.629154,148.145667,137.629154,146.545328,1271788.04
2021-10-28,HNB.N0000,146.773948,146.773948,143.11603,144.487749,44006.46
2021-10-29,HNB.N0000,144.259129,147.002568,141.058451,146.316708,413747.96
2021-11-01,HNB.N0000,147.002568,147.002568,142.65879,146.545328,287994.45
2021-11-02,HNB.N0000,146.316708,148.602907,144.944989,148.145667,289020.17
2021-11-03,HNB.N0000,148.145667,150.431866,147.231188,148.602907,170698.21
2021-11-05,HNB.N0000,148.374287,148.831527,147.688427,148.374287,326573.78
2021-11-08,HNB.N0000,146.316708,151.346345,146.316708,149.974626,224423.86
2021-11-09,HNB.N0000,148.602907,156.375982,148.374287,150.889105,1632154.82
2021-11-10,HNB.N0000,150.889105,155.461502,150.889105,155.461502,829312.26
2021-11-11,HNB.N0000,153.632544,156.375982,149.060146,149.288766,154849.85
2021-11-12,HNB.N0000,149.746006,150.889105,148.374287,148.602907,238857.21
2021-11-15,HNB.N0000,144.487749,146.316708,137.171914,142.65879,177063.58
2021-11-16,HNB.N0000,142.88741,145.859468,138.086393,139.915352,127385.04
2021-11-17,HNB.N0000,139.915352,144.259129,138.086393,141.744311,133986.61
2021-11-19,HNB.N0000,142.65879,142.65879,140.829832,141.744311,78657.87
2021-11-22,HNB.N0000,141.744311,145.402229,141.744311,145.402229,103047.7
2021-11-23,HNB.N0000,144.487749,146.316708,144.03051,145.402229,154952.64
2021-11-24,HNB.N0000,144.944989,145.402229,140.829832,141.058451,128848.17
2021-11-25,HNB.N0000,141.058451,143.11603,139.915352,140.829832,55557.29
2021-11-26,HNB.N0000,141.744311,141.744311,139.000873,139.915352,342098.46
2021-11-29,HNB.N0000,139.458112,139.458112,137.400534,138.086393,38190.03
2021-11-30,HNB.N0000,139.229493,139.229493,132.828137,136.257434,455162.78
2021-12-01,HNB.N0000,133.971236,138.543633,133.971236,135.342955,265986.3
2021-12-02,HNB.N0000,135.342955,138.086393,135.342955,137.400534,357997.12
2021-12-03,HNB.N0000,137.171914,138.543633,135.800195,136.943294,93077
2021-12-06,HNB.N0000,137.171914,137.171914,134.885715,136.028815,43392.99
2021-12-07,HNB.N0000,135.342955,135.342955,134.428476,134.428476,166758.26
2021-12-08,HNB.N0000,134.885715,134.885715,130.770558,131.685037,169427.54
2021-12-09,HNB.N0000,132.599517,132.599517,128.941599,131.685037,299465.46
2021-12-10,HNB.N0000,130.541938,131.913657,129.856078,131.685037,163961.04
2021-12-13,HNB.N0000,130.770558,131.685037,130.313318,130.313318,1215749.6
2021-12-14,HNB.N0000,130.541938,130.770558,128.941599,130.313318,286399.01
2021-12-15,HNB.N0000,130.541938,131.685037,129.170219,129.170219,45750.62
2021-12-16,HNB.N0000,131.456417,131.456417,128.484359,128.484359,68861.04
2021-12-17,HNB.N0000,128.484359,129.856078,128.02712,128.712979,212071.47
2021-12-20,HNB.N0000,128.02712,128.02712,125.283681,125.740921,268003.84
2021-12-21,HNB.N0000,125.512301,125.740921,121.625764,123.454723,102891.33
2021-12-22,HNB.N0000,125.283681,126.198161,124.369202,124.826442,45454.28
2021-12-23,HNB.N0000,124.369202,126.198161,123.226103,126.198161,102482.35
2021-12-27,HNB.N0000,125.283681,125.283681,122.997483,123.911962,60596.22
2021-12-28,HNB.N0000,123.454723,126.198161,123.454723,124.826442,2304.04
2021-12-29,HNB.N0000,124.369202,126.198161,123.454723,124.369202,24969.4
2021-12-30,HNB.N0000,123.911962,125.283681,123.226103,125.055061,149534.26
2021-12-31,HNB.N0000,125.283681,125.283681,122.997483,123.454723,90560.81
2022-01-03,HNB.N0000,123.454723,124.369202,123.226103,123.683342,177919.8
2022-01-04,HNB.N0000,124.369202,124.826442,123.226103,124.826442,31178.39
2022-01-05,HNB.N0000,124.140582,124.369202,120.939904,120.939904,234033.7
2022-01-06,HNB.N0000,120.939904,122.997483,120.711284,122.311623,186229.45
2022-01-07,HNB.N0000,123.226103,123.226103,120.939904,121.397144,136560.75
2022-01-10,HNB.N0000,123.454723,132.599517,121.625764,128.941599,227655.2
2022-01-11,HNB.N0000,130.313318,130.313318,127.11264,128.02712,33271.39
2022-01-12,HNB.N0000,128.941599,128.941599,126.88402,127.7985,11130.92
2022-01-13,HNB.N0000,127.7985,127.7985,125.283681,125.283681,35335.95
2022-01-18,HNB.N0000,127.7985,128.02712,124.826442,124.826442,112443.21
2022-01-19,HNB.N0000,128.941599,128.941599,126.198161,126.198161,31358.82
2022-01-20,HNB.N0000,128.02712,128.02712,127.11264,128.02712,28755.16
2022-01-21,HNB.N0000,129.856078,132.599517,128.02712,128.02712,100900.03
2022-01-24,HNB.N0000,128.941599,129.856078,127.11264,129.856078,95257.47
2022-01-25,HNB.N0000,128.941599,129.398839,127.11264,127.11264,6258.21
2022-01-26,HNB.N0000,127.34126,128.02712,126.198161,126.6554,10577.6
2022-01-27,HNB.N0000,127.11264,128.02712,126.426781,128.02712,40807.92
2022-01-28,HNB.N0000,127.11264,128.941599,125.283681,127.11264,56151.07
2022-01-31,HNB.N0000,127.11264,128.02712,126.198161,127.34126,24736.48
2022-02-01,HNB.N0000,127.11264,128.02712,125.283681,125.283681,181888.18
2022-02-02,HNB.N0000,125.283681,125.283681,123.454723,123.911962,148651.79
2022-02-03,HNB.N0000,123.454723,127.11264,123.454723,126.88402,8730.65
2022-02-07,HNB.N0000,127.34126,128.02712,125.512301,125.512301,5623.96
2022-02-08,HNB.N0000,125.512301,126.198161,122.311623,122.768863,33945
2022-02-09,HNB.N0000,122.997483,124.369202,122.311623,123.454723,7267.52
2022-02-10,HNB.N0000,122.311623,124.369202,121.625764,123.454723,9819.79
2022-02-11,HNB.N0000,126.198161,126.198161,123.454723,125.283681,15818.84
2022-02-14,HNB.N0000,122.768863,125.283681,122.540243,122.997483,12127.12
2022-02-15,HNB.N0000,125.283681,125.283681,122.997483,123.226103,10477
2022-02-17,HNB.N0000,125.283681,127.11264,125.283681,126.88402,32523.42
2022-02-18,HNB.N0000,125.969541,128.02712,125.055061,127.34126,17353.04
2022-02-21,HNB.N0000,128.02712,129.627459,126.198161,127.11264,73335.71
2022-02-22,HNB.N0000,126.88402,126.88402,124.140582,125.512301,43789.94
2022-02-23,HNB.N0000,126.88402,126.88402,119.110945,123.454723,72443.4
2022-02-24,HNB.N0000,123.454723,124.826442,118.882325,121.625764,51622.81
2022-02-25,HNB.N0000,124.369202,125.283681,119.110945,123.454723,14144.66
2022-02-28,HNB.N0000,126.198161,126.198161,123.454723,125.740921,36290.59
2022-03-02,HNB.N0000,125.969541,126.198161,121.854384,123.454723,92946.87
2022-03-03,HNB.N0000,123.454723,126.198161,122.997483,123.683342,4685.73
2022-03-04,HNB.N0000,123.683342,123.683342,123.226103,123.226103,13632.89
2022-03-07,HNB.N0000,123.454723,123.454723,118.882325,120.711284,47885.17
2022-03-08,HNB.N0000,120.711284,121.625764,118.882325,121.397144,76474.11
2022-03-09,HNB.N0000,118.882325,119.796805,117.281986,117.281986,89309.83
2022-03-10,HNB.N0000,117.739226,120.711284,114.767168,120.711284,49475.14
2022-03-11,HNB.N0000,121.168524,121.625764,118.882325,119.796805,13662.42
2022-03-14,HNB.N0000,121.625764,121.625764,118.882325,118.882325,29607.01
2022-03-15,HNB.N0000,118.882325,118.882325,117.967846,118.882325,15603.41
2022-03-16,HNB.N0000,118.425086,118.882325,117.510606,118.882325,26358.17
2022-03-18,HNB.N0000,117.510606,121.168524,117.510606,119.796805,1853.51
2022-03-21,HNB.N0000,121.625764,122.540243,119.796805,121.625764,8476.95
2022-03-22,HNB.N0000,122.540243,122.540243,120.711284,121.625764,14851.07
2022-03-23,HNB.N0000,122.540243,122.540243,120.711284,121.625764,3091.38
2022-03-24,HNB.N0000,120.711284,120.711284,119.339565,119.796805,51498.15
2022-03-25,HNB.N0000,119.796805,120.711284,119.339565,120.254045,20163.38
2022-03-28,HNB.N0000,119.796805,119.796805,109.737531,117.053367,1682197.5
2022-03-29,HNB.N0000,114.309928,116.596127,108.137192,109.280291,78158.13
2022-03-30,HNB.N0000,109.280291,109.737531,101.964456,108.823052,270712.49
2022-03-31,HNB.N0000,99.612337,99.612337,93.095642,93.095642,9151.88
2022-04-04,HNB.N0000,94.957555,97.750424,93.095642,95.888511,20650.81
2022-04-05,HNB.N0000,96.819468,97.750424,90.395867,90.395867,34544.04
2022-04-06,HNB.N0000,94.957555,94.957555,90.395867,92.071592,17255.37
2022-04-07,HNB.N0000,92.164686,94.957555,87.509904,88.068476,46297.55
2022-04-25,HNB.N0000,80.993209,80.993209,80.155346,80.155346,4950.82
2022-04-26,HNB.N0000,80.062252,85.647991,79.131296,83.786078,165179.59
2022-04-27,HNB.N0000,85.647991,86.113469,80.993209,83.786078,14289.61
2022-04-28,HNB.N0000,86.392759,86.392759,79.131296,81.272498,55100.32
2022-05-04,HNB.N0000,81.924165,81.924165,79.131296,79.969158,22488.7
2022-05-05,HNB.N0000,79.969158,80.900115,79.596774,79.689868,6099.1
2022-05-11,HNB.N0000,74.476514,78.200339,74.476514,76.338427,1297708.43
2022-05-12,HNB.N0000,78.572724,78.572724,76.524615,77.269383,46114.94
2022-05-17,HNB.N0000,79.131296,79.131296,77.083194,77.176289,142070.02
2022-05-18,HNB.N0000,78.200339,78.200339,76.43152,76.43152,23326.55
2022-05-19,HNB.N0000,77.269383,77.269383,74.941992,76.338427,179218.92
2022-05-23,HNB.N0000,78.200339,78.200339,75.40747,75.68676,40934.25
2022-05-24,HNB.N0000,75.593659,75.593659,74.476514,74.476514,54366.67
2022-05-25,HNB.N0000,75.40747,75.40747,73.266268,73.452463,54246.36
2022-05-26,HNB.N0000,73.359369,73.545557,72.149123,72.149123,61308.99
2022-05-30,HNB.N0000,72.335311,74.38342,72.149123,72.614601,569277.99
2022-05-31,HNB.N0000,72.614601,72.614601,71.683644,72.614601,225313.45
2022-06-01,HNB.N0000,74.38342,74.38342,72.614601,72.614601,73110.83
2022-06-02,HNB.N0000,72.707695,75.40747,72.614601,72.614601,95511.45
2022-06-06,HNB.N0000,72.707695,72.707695,71.683644,72.614601,172320.63
2022-06-07,HNB.N0000,72.242216,72.614601,71.776738,71.776738,33430.14
2022-06-08,HNB.N0000,72.614601,72.614601,71.683644,71.683644,452795.63
2022-06-09,HNB.N0000,72.614601,72.614601,71.218166,71.218166,30663.09
2022-06-15,HNB.N0000,72.614601,72.614601,71.683644,71.683644,177772.02
2022-06-16,HNB.N0000,71.683644,74.476514,71.683644,71.683644,40442.28
2022-06-20,HNB.N0000,72.614601,74.290325,71.776738,72.614601,14788.02
2022-06-21,HNB.N0000,71.776738,72.614601,71.683644,72.614601,10027.32
2022-06-22,HNB.N0000,74.38342,75.40747,73.080079,74.476514,1579796.83
2022-06-23,HNB.N0000,74.476514,76.245333,74.476514,75.40747,897717.64
2022-06-27,HNB.N0000,74.476514,74.476514,72.614601,72.614601,1127580.17
2022-06-28,HNB.N0000,72.707695,74.476514,72.614601,73.080079,844684.01
2022-06-29,HNB.N0000,72.800789,74.38342,72.800789,74.011035,1614.47
2022-06-30,HNB.N0000,73.917942,74.476514,72.707695,74.476514,15037.22
2022-07-04,HNB.N0000,74.662702,74.662702,72.614601,74.011035,493387.22
2022-07-05,HNB.N0000,74.011035,74.476514,71.962934,71.962934,45265.28
2022-07-06,HNB.N0000,73.545557,74.290325,71.683644,72.614601,1959127.15
2022-07-07,HNB.N0000,72.614601,73.452463,72.614601,72.614601,219134.85
2022-07-11,HNB.N0000,74.38342,74.38342,72.614601,73.545557,550581.09
2022-07-14,HNB.N0000,74.476514,75.40747,74.476514,75.40747,7585.75
2022-07-18,HNB.N0000,77.269383,79.131296,74.476514,74.476514,7151.78
2022-07-19,HNB.N0000,77.269383,78.107246,74.941992,78.107246,30612.6
2022-07-20,HNB.N0000,78.665818,78.665818,76.338427,76.338427,15748.32
2022-07-21,HNB.N0000,76.338427,76.338427,74.38342,76.245333,213347.26
2022-07-25,HNB.N0000,75.500564,78.107246,75.500564,77.269383,19243.65
2022-07-26,HNB.N0000,76.43152,78.572724,76.338427,78.200339,28379.42
2022-07-27,HNB.N0000,77.269383,77.269383,76.524615,76.710811,778.77
2022-07-28,HNB.N0000,76.803905,77.269383,76.338427,77.269383,6078.69
2022-08-01,HNB.N0000,77.362477,80.062252,77.362477,80.062252,602012.07
2022-08-02,HNB.N0000,80.062252,80.993209,80.062252,80.341542,119262.3
2022-08-03,HNB.N0000,80.062252,85.182513,80.062252,80.52773,6478.28
2022-08-04,HNB.N0000,80.52773,86.578947,80.52773,83.786078,36363.68
2022-08-08,HNB.N0000,86.485853,86.485853,82.017259,82.855121,52393.43
2022-08-09,HNB.N0000,82.855121,84.623941,82.389643,83.786078,19701.24
2022-08-15,HNB.N0000,79.317484,80.062252,77.269383,77.269383,31868.3
2022-08-16,HNB.N0000,77.362477,78.200339,76.338427,77.269383,12025.27
2022-08-17,HNB.N0000,76.990093,76.990093,73.545557,73.545557,826671.35
2022-08-18,HNB.N0000,74.011035,74.011035,72.614601,73.545557,46985.01
2022-08-22,HNB.N0000,77.827955,77.827955,75.40747,75.40747,2450.17
2022-08-23,HNB.N0000,77.641767,77.641767,74.476514,77.176289,13395.9
2022-08-24,HNB.N0000,76.338427,76.896999,74.476514,74.476514,2973.29
2022-08-25,HNB.N0000,77.269383,77.269383,75.40747,75.40747,7655.57
2022-08-29,HNB.N0000,77.176289,77.176289,74.941992,75.221282,4451.34
2022-08-30,HNB.N0000,74.476514,74.476514,73.545557,73.545557,27795.07
2022-08-31,HNB.N0000,75.68676,76.338427,73.545557,76.245333,155837.58
2022-09-01,HNB.N0000,74.941992,76.803905,74.476514,74.476514,33951.11
2022-09-05,HNB.N0000,76.338427,76.338427,74.476514,74.476514,26854.1
2022-09-06,HNB.N0000,74.38342,74.941992,74.197224,74.476514,12523.68
2022-09-07,HNB.N0000,74.476514,74.476514,73.080079,73.545557,78942.47
2022-09-08,HNB.N0000,73.452463,74.476514,73.359369,74.290325,11246.5
2022-09-12,HNB.N0000,74.569607,74.941992,74.476514,74.941992,40497.06
2022-09-13,HNB.N0000,76.338427,81.924165,76.059137,79.131296,384520.68
2022-09-14,HNB.N0000,80.993209,88.44086,80.248441,82.110354,267346.56
2022-09-15,HNB.N0000,82.855121,82.855121,79.131296,82.296549,49771.4
2022-09-19,HNB.N0000,79.596774,80.900115,77.734861,77.92105,11998.41
2022-09-20,HNB.N0000,77.734861,79.131296,77.269383,77.269383,7159.3
2022-09-21,HNB.N0000,77.269383,79.038202,76.990093,78.665818,12632.17
2022-09-22,HNB.N0000,78.665818,81.644875,75.40747,76.338427,58722.41
2022-09-26,HNB.N0000,76.338427,79.131296,76.338427,79.131296,133636.76
2022-09-27,HNB.N0000,79.596774,80.062252,78.200339,79.131296,66719.56
2022-09-28,HNB.N0000,78.200339,80.52773,77.269383,78.293433,7208.72
2022-09-29,HNB.N0000,79.596774,79.596774,78.107246,78.852006,7856.44
2022-10-03,HNB.N0000,77.269383,77.269383,74.941992,74.941992,8247.43
2022-10-04,HNB.N0000,74.662702,77.734861,74.662702,75.966042,7408.51
2022-10-05,HNB.N0000,75.872948,77.548673,75.40747,75.40747,12395.85
2022-10-06,HNB.N0000,75.40747,77.641767,74.290325,74.476514,42376.85
2022-10-11,HNB.N0000,73.545557,75.40747,72.893891,73.545557,14375.54
2022-10-12,HNB.N0000,73.266268,73.266268,72.614601,72.986985,37346.54
2022-10-13,HNB.N0000,73.173173,75.40747,72.614601,73.080079,33024.1
2022-10-17,HNB.N0000,73.080079,73.359369,72.428412,72.614601,27774.66
2022-10-18,HNB.N0000,73.359369,73.359369,72.428412,72.521507,2919.58
2022-10-19,HNB.N0000,73.359369,73.359369,72.242216,72.614601,5180.69
2022-10-20,HNB.N0000,72.428412,72.428412,71.683644,71.683644,14754.72
2022-10-25,HNB.N0000,72.149123,72.614601,71.869833,72.149123,4664.02
2022-10-26,HNB.N0000,72.149123,72.614601,71.869833,72.521507,19187.79
2022-10-27,HNB.N0000,72.242216,72.242216,71.776738,71.962934,3064.59
2022-11-01,HNB.N0000,72.149123,72.149123,71.683644,71.683644,5447.09
2022-11-02,HNB.N0000,71.683644,71.683644,70.752688,70.752688,40369.24
2022-11-03,HNB.N0000,71.590551,72.149123,70.659594,70.659594,21082.62
2022-11-04,HNB.N0000,72.149123,72.614601,69.821732,70.752688,82120.92
2022-11-08,HNB.N0000,67.959819,68.425297,67.494341,67.494341,38893.34
2022-11-09,HNB.N0000,68.890775,68.890775,68.052913,68.239108,3077.48
2022-11-10,HNB.N0000,68.890775,68.890775,68.239108,68.239108,7540.63
2022-11-14,HNB.N0000,68.890775,74.476514,67.028862,71.683644,995934.91
2022-11-15,HNB.N0000,73.545557,73.545557,68.890775,70.752688,6339.72
2022-11-16,HNB.N0000,69.821732,69.821732,67.959819,68.052913,15845
2022-11-17,HNB.N0000,69.170065,69.170065,67.959819,67.959819,3842.29
2022-11-21,HNB.N0000,67.121956,69.170065,67.028862,67.215051,224591.61
2022-11-22,HNB.N0000,67.121956,74.290325,67.121956,74.011035,419622.22
2022-11-23,HNB.N0000,72.614601,72.614601,69.542442,69.821732,870416.68
2022-11-24,HNB.N0000,70.752688,71.125072,69.821732,71.125072,369033.39
2022-11-28,HNB.N0000,71.590551,71.590551,69.821732,69.821732,7290.35
2022-11-29,HNB.N0000,69.821732,72.614601,69.821732,71.590551,11220.72
2022-11-30,HNB.N0000,71.683644,72.614601,69.821732,72.614601,71749.87
2022-12-01,HNB.N0000,70.752688,74.476514,70.752688,74.38342,109352.06
2022-12-06,HNB.N0000,74.476514,74.476514,73.638651,74.011035,1517.79
2022-12-08,HNB.N0000,74.941992,75.40747,73.545557,73.545557,588705.32
2022-12-09,HNB.N0000,74.476514,74.476514,73.080079,74.38342,17507.8
2022-12-12,HNB.N0000,72.707695,74.476514,72.707695,74.38342,12110.13
2022-12-13,HNB.N0000,74.38342,75.314376,74.011035,75.314376,583107.85
2022-12-14,HNB.N0000,74.569607,76.245333,74.476514,75.40747,8533.16
2022-12-15,HNB.N0000,76.338427,76.803905,74.662702,76.803905,9831.82
2022-12-16,HNB.N0000,76.338427,76.803905,74.476514,74.476514,1999.02
2022-12-19,HNB.N0000,74.476514,74.476514,74.476514,74.476514,7422.47
2022-12-20,HNB.N0000,75.40747,75.40747,73.824847,73.824847,93166.55
2022-12-21,HNB.N0000,73.731746,74.104129,72.707695,72.707695,3269.76
2022-12-22,HNB.N0000,72.707695,73.080079,71.683644,73.080079,2514.62
2022-12-23,HNB.N0000,73.080079,73.080079,71.404355,72.149123,2667.15
2022-12-27,HNB.N0000,71.404355,72.986985,71.404355,71.683644,7838.18
2022-12-28,HNB.N0000,72.614601,72.614601,72.521507,72.614601,10919.95
2022-12-29,HNB.N0000,72.614601,73.545557,72.056029,73.545557,4270.88
2022-12-30,HNB.N0000,73.266268,74.476514,73.266268,74.290325,11832.99
2023-01-02,HNB.N0000,75.12818,75.12818,74.197224,74.662702,2274.01
2023-01-03,HNB.N0000,72.707695,74.476514,72.614601,74.476514,3887.4
2023-01-04,HNB.N0000,74.476514,74.476514,72.521507,72.521507,3346.02
2023-01-05,HNB.N0000,74.38342,74.38342,71.962934,71.962934,2299.79
2023-01-09,HNB.N0000,71.683644,72.056029,70.28721,71.218166,100897.31
2023-01-10,HNB.N0000,70.00792,72.614601,70.00792,70.28721,967.82
2023-01-11,HNB.N0000,73.545557,73.545557,70.101021,71.31126,4855.22
2023-01-12,HNB.N0000,73.080079,73.080079,70.845782,71.218166,3248.27
2023-01-13,HNB.N0000,71.125072,71.218166,70.752688,70.752688,3859.47
2023-01-17,HNB.N0000,70.845782,73.545557,70.752688,70.938876,254881.96
2023-01-18,HNB.N0000,71.31126,71.683644,70.380304,71.683644,62606.58
2023-01-19,HNB.N0000,72.614601,74.011035,72.614601,73.917942,26602.75
2023-01-20,HNB.N0000,72.614601,78.200339,71.683644,77.269383,813134.73
2023-01-23,HNB.N0000,79.131296,82.855121,77.455571,80.52773,198209.06
2023-01-24,HNB.N0000,79.876064,80.620824,77.269383,77.362477,70827.16
2023-01-25,HNB.N0000,78.200339,79.131296,76.896999,77.827955,107791.3
2023-01-26,HNB.N0000,78.200339,78.200339,77.269383,78.200339,47806.75
2023-01-27,HNB.N0000,78.200339,79.038202,77.362477,78.945107,1151163.44
2023-01-30,HNB.N0000,79.038202,79.969158,78.200339,79.131296,81995.25
2023-01-31,HNB.N0000,78.665818,80.062252,78.665818,79.596774,542047.93
2023-02-01,HNB.N0000,79.596774,82.017259,79.596774,82.017259,45657.35
2023-02-02,HNB.N0000,82.855121,84.158462,81.924165,83.786078,148465.6
2023-02-03,HNB.N0000,84.065368,88.44086,84.065368,87.509904,28324.63
2023-02-06,HNB.N0000,88.254672,88.254672,86.020375,86.578947,71829.36
2023-02-07,HNB.N0000,86.578947,87.509904,83.786078,87.509904,288233.69
2023-02-08,HNB.N0000,85.182513,93.095642,84.717034,89.46491,75886.47
2023-02-09,HNB.N0000,89.371816,92.164686,88.999432,90.209679,29316.09
2023-02-10,HNB.N0000,89.371816,93.095642,89.092527,91.140635,42570.2
2023-02-13,HNB.N0000,89.371816,92.164686,88.44086,90.302773,164998.06
2023-02-14,HNB.N0000,89.371816,92.164686,88.44086,89.837295,67409.17
2023-02-15,HNB.N0000,88.533954,91.233729,88.533954,91.233729,46065.53
2023-02-16,HNB.N0000,91.699207,94.026599,89.371816,93.095642,161012.91
2023-02-17,HNB.N0000,94.026599,99.146859,93.56112,99.146859,449135.95
2023-02-20,HNB.N0000,101.47425,111.714771,101.47425,109.387379,220434.59
2023-02-21,HNB.N0000,107.990945,107.990945,102.870685,107.059988,42691.58
2023-02-22,HNB.N0000,107.059988,111.249292,106.129032,106.129032,144411.7
2023-02-23,HNB.N0000,104.732597,106.129032,103.336163,106.129032,55672.85
2023-02-24,HNB.N0000,106.129032,106.827249,102.405206,104.965336,66554.14
2023-02-27,HNB.N0000,104.267119,104.267119,99.379598,101.008772,8433.26
2023-02-28,HNB.N0000,100.543293,100.543293,97.750424,97.750424,2085083.64
2023-03-01,HNB.N0000,97.750424,100.776033,97.750424,100.543293,777731.36
2023-03-02,HNB.N0000,100.543293,106.59451,98.681381,105.896293,404077.99
2023-03-03,HNB.N0000,105.663554,107.990945,104.965336,107.990945,138766.97
2023-03-07,HNB.N0000,107.990945,119.860639,107.990945,119.860639,770545.2
2023-03-08,HNB.N0000,121.024335,127.773769,121.024335,126.144595,2299619.99
2023-03-09,HNB.N0000,123.817204,123.817204,119.162422,122.886248,47917.39
2023-03-10,HNB.N0000,122.886248,122.886248,119.162422,120.093378,47726.19
2023-03-13,HNB.N0000,119.162422,119.6279,115.438596,117.300509,137974.23
2023-03-14,HNB.N0000,115.438596,122.886248,114.973118,121.955291,1765864.61
2023-03-15,HNB.N0000,115.438596,125.679117,115.438596,121.489813,239943.56
2023-03-16,HNB.N0000,125.213639,125.213639,122.886248,124.282682,77391.38
2023-03-17,HNB.N0000,121.955291,127.075551,121.955291,126.610073,199763.38
2023-03-20,HNB.N0000,125.679117,128.471986,125.213639,125.446378,42974.08
2023-03-21,HNB.N0000,125.679117,125.679117,122.18803,122.886248,16910.57
2023-03-22,HNB.N0000,122.886248,125.679117,118.231465,125.679117,136774.39
2023-03-23,HNB.N0000,121.024335,121.024335,118.231465,120.093378,8806
2023-03-24,HNB.N0000,119.860639,121.024335,116.602292,120.558857,1339258.18
2023-03-27,HNB.N0000,120.558857,120.558857,116.835031,116.835031,4671.54
2023-03-28,HNB.N0000,117.300509,117.300509,112.645727,116.369553,25310.53
2023-03-29,HNB.N0000,116.369553,119.162422,115.438596,116.369553,112192.15
2023-03-30,HNB.N0000,116.369553,118.929683,115.438596,117.300509,9612.69
2023-03-31,HNB.N0000,126.167818,127.13834,122.285731,126.167818,391720.26
2023-04-03,HNB.N0000,126.167818,126.653079,121.31521,123.256253,40246.4
2023-04-04,HNB.N0000,122.285731,122.285731,120.344688,121.072579,32047.71
2023-04-06,HNB.N0000,119.374166,122.528362,118.888906,121.800471,30752.53
2023-04-10,HNB.N0000,120.102058,121.31521,119.374166,120.344688,10832.32
2023-04-11,HNB.N0000,120.344688,121.800471,118.646275,119.374166,228016.55
2023-04-12,HNB.N0000,121.31521,123.013623,121.31521,121.31521,96967.44
2023-04-17,HNB.N0000,123.256253,123.256253,118.646275,119.374166,35645.78
2023-04-18,HNB.N0000,120.344688,121.31521,116.705232,116.705232,9142.51
2023-04-19,HNB.N0000,116.705232,120.587319,114.036297,115.49208,46449.25
2023-04-20,HNB.N0000,115.49208,115.73471,114.521558,115.49208,3963.85
2023-04-21,HNB.N0000,115.49208,115.49208,111.609993,115.006819,122213.65
2023-04-24,HNB.N0000,111.852623,113.551036,108.698428,109.66895,16889.89
2023-04-25,HNB.N0000,109.66895,112.095254,109.183689,112.095254,11067.24
2023-04-26,HNB.N0000,109.91158,113.065776,109.183689,111.609993,94555.33
2023-04-27,HNB.N0000,114.521558,114.521558,108.698428,111.609993,1080452.94
2023-04-28,HNB.N0000,112.095254,112.095254,110.639471,111.367363,295413.29
2023-05-02,HNB.N0000,109.183689,109.183689,105.786863,106.757385,166077.69
2023-05-03,HNB.N0000,105.544233,112.095254,102.875298,111.609993,50809.79
2023-05-04,HNB.N0000,111.609993,111.609993,109.66895,111.609993,6303.83
2023-05-08,HNB.N0000,111.609993,114.764188,111.609993,114.521558,394246.73
2023-05-09,HNB.N0000,114.521558,114.764188,111.609993,111.852623,267917.77
2023-05-10,HNB.N0000,112.580515,113.551036,112.580515,112.823145,91116.98
2023-05-11,HNB.N0000,113.793667,114.521558,112.580515,112.580515,665209.25
2023-05-12,HNB.N0000,114.521558,115.977341,113.065776,115.49208,594357.67
2023-05-15,HNB.N0000,115.49208,118.888906,114.521558,118.888906,174077.51
2023-05-16,HNB.N0000,118.888906,119.131536,114.521558,116.462601,200573.57
2023-05-17,HNB.N0000,114.521558,116.462601,114.521558,114.521558,134842.94
2023-05-18,HNB.N0000,113.551036,115.249449,113.551036,114.521558,12841.55
2023-05-19,HNB.N0000,114.521558,116.462601,114.521558,115.249449,367860.92
2023-05-22,HNB.N0000,115.006819,115.49208,113.551036,114.521558,293393.76
2023-05-23,HNB.N0000,113.793667,116.462601,112.580515,116.462601,1042222.98
2023-05-24,HNB.N0000,112.823145,117.433123,112.823145,116.462601,1298081.26
2023-05-25,HNB.N0000,116.462601,116.462601,115.006819,116.462601,12093.5
2023-05-26,HNB.N0000,116.947862,117.433123,115.49208,117.433123,2225935.85
2023-05-29,HNB.N0000,116.462601,116.462601,114.521558,114.521558,11083.73
2023-05-30,HNB.N0000,114.521558,115.006819,112.823145,114.521558,14981.63
2023-05-31,HNB.N0000,115.006819,115.006819,113.551036,115.006819,62935.22
2023-06-01,HNB.N0000,115.006819,117.433123,115.006819,116.462601,56013.17
2023-06-02,HNB.N0000,118.403645,118.403645,114.521558,116.462601,352669.09
2023-06-05,HNB.N0000,116.462601,117.433123,116.462601,116.462601,30062.18
2023-06-06,HNB.N0000,117.433123,117.433123,116.462601,116.462601,24131.35
2023-06-07,HNB.N0000,116.462601,117.190493,114.764188,116.462601,18143.85
2023-06-08,HNB.N0000,116.462601,121.31521,116.462601,121.31521,44008.29
2023-06-09,HNB.N0000,120.344688,121.55784,117.675753,121.55784,24555.87
2023-06-12,HNB.N0000,120.587319,126.653079,120.344688,126.167818,74229.15
2023-06-13,HNB.N0000,126.653079,131.020427,126.410449,128.594122,651249.75
2023-06-14,HNB.N0000,128.594122,131.505687,127.13834,131.263057,561189.94
2023-06-15,HNB.N0000,131.990948,133.2041,131.990948,132.96147,777571.5
2023-06-16,HNB.N0000,131.990948,132.96147,131.505687,132.96147,254385.87
2023-06-19,HNB.N0000,131.020427,131.990948,131.020427,131.020427,27555.28
2023-06-20,HNB.N0000,126.410449,132.96147,126.410449,131.020427,42576.07
2023-06-21,HNB.N0000,131.748318,132.96147,131.748318,131.990948,31893.16
2023-06-22,HNB.N0000,132.233579,132.476209,131.020427,131.990948,20787.79
2023-06-23,HNB.N0000,131.990948,133.689361,131.505687,132.96147,88758.45
2023-06-26,HNB.N0000,131.263057,135.630405,129.079383,135.630405,95260.11
2023-06-27,HNB.N0000,135.387774,135.873035,131.990948,133.2041,73531.59
2023-06-28,HNB.N0000,132.233579,136.843557,132.233579,135.873035,717243.12
2023-07-04,HNB.N0000,145.578252,159.408186,145.578252,154.555577,1546473.44
2023-07-05,HNB.N0000,154.312947,154.312947,150.43086,150.43086,218000.28
2023-07-06,HNB.N0000,150.43086,152.857164,145.578252,152.857164,538401.16
2023-07-07,HNB.N0000,148.489817,150.43086,147.519295,150.43086,24957.71
2023-07-10,HNB.N0000,148.489817,150.916121,148.489817,150.43086,198572.59
2023-07-11,HNB.N0000,150.43086,151.401382,150.43086,151.158751,78691.7
2023-07-12,HNB.N0000,150.43086,156.25399,150.43086,156.25399,92123.65
2023-07-13,HNB.N0000,156.25399,161.349229,154.312947,160.136077,387156.73
2023-07-14,HNB.N0000,160.136077,167.90025,160.136077,167.41499,732587.45
2023-07-17,HNB.N0000,169.841294,170.811815,167.41499,169.841294,529776.93
2023-07-18,HNB.N0000,169.841294,174.693902,167.90025,174.693902,517011.64
2023-07-19,HNB.N0000,174.693902,176.634945,172.752859,175.421793,556249.3
2023-07-20,HNB.N0000,175.664424,177.605467,172.752859,174.693902,617537.98
2023-07-21,HNB.N0000,173.48075,176.392315,171.054446,172.752859,142333.76
2023-07-24,HNB.N0000,172.752859,173.72338,171.297076,172.995489,92969.59
2023-07-25,HNB.N0000,171.297076,173.72338,171.297076,173.23812,54741.69
2023-07-26,HNB.N0000,173.72338,173.72338,170.083924,171.054446,78355.8
2023-07-27,HNB.N0000,169.841294,184.399119,169.841294,184.399119,324380.18
2023-07-28,HNB.N0000,184.399119,186.825423,184.399119,184.399119,1187827.15
2023-07-31,HNB.N0000,186.340162,189.251727,185.854901,186.340162,163660.43
2023-08-02,HNB.N0000,189.251727,194.104336,185.854901,193.133814,372521.3
2023-08-03,HNB.N0000,189.251727,197.501162,188.281206,193.133814,1813359.8
2023-08-04,HNB.N0000,193.619075,195.802749,193.133814,193.133814,169392.4
2023-08-07,HNB.N0000,194.104336,195.802749,192.891184,194.104336,98202.86
2023-08-08,HNB.N0000,194.346966,194.589596,189.251727,194.589596,208231.31
2023-08-09,HNB.N0000,194.832227,194.832227,190.95014,191.435401,13745.18
2023-08-10,HNB.N0000,193.133814,194.104336,192.648553,193.133814,180759.49
2023-08-11,HNB.N0000,193.619075,193.619075,191.435401,193.133814,151545.3
2023-08-14,HNB.N0000,192.163292,192.163292,182.215445,183.913858,571760.54
2023-08-15,HNB.N0000,183.185967,183.913858,176.634945,176.877576,24002.56
2023-08-16,HNB.N0000,175.907054,178.575989,173.966011,178.090728,573402.96
2023-08-17,HNB.N0000,178.090728,179.54651,177.362837,177.362837,487469.79
2023-08-18,HNB.N0000,177.605467,177.605467,174.693902,176.149685,173453.11
2023-08-21,HNB.N0000,176.877576,179.54651,170.326555,170.326555,124559.81
2023-08-22,HNB.N0000,172.995489,173.72338,170.326555,170.811815,1540007.85
2023-08-23,HNB.N0000,170.326555,176.634945,170.326555,176.392315,149582.44
2023-08-24,HNB.N0000,176.392315,176.634945,169.841294,170.811815,382409.8
2023-08-25,HNB.N0000,169.598663,170.811815,168.870772,169.841294,478586.94
2023-08-28,HNB.N0000,170.083924,170.811815,168.142881,168.628142,911935.32
2023-08-29,HNB.N0000,168.628142,168.628142,166.201837,166.929729,49178.71
2023-08-31,HNB.N0000,166.201837,168.385511,164.018164,164.503424,30324.93
2023-09-01,HNB.N0000,164.746055,164.988685,161.106599,164.988685,990645.57
2023-09-04,HNB.N0000,164.988685,168.385511,164.988685,168.385511,31623.2
2023-09-05,HNB.N0000,168.628142,175.664424,168.628142,175.664424,315006.87
2023-09-06,HNB.N0000,175.664424,175.664424,171.054446,171.782337,1139602.57
2023-09-07,HNB.N0000,171.782337,174.693902,170.811815,171.782337,195745.24
2023-09-08,HNB.N0000,172.024967,173.72338,170.083924,172.510228,64023.3
2023-09-11,HNB.N0000,173.48075,173.48075,169.356033,169.841294,12906.46
2023-09-12,HNB.N0000,168.870772,169.841294,165.959207,169.841294,56020.39
2023-09-13,HNB.N0000,168.870772,172.752859,167.90025,171.054446,16052.19
2023-09-14,HNB.N0000,170.811815,172.995489,167.90025,172.752859,49031.36
2023-09-15,HNB.N0000,172.752859,172.752859,169.598663,169.598663,23226.68
2023-09-18,HNB.N0000,169.598663,171.782337,167.90025,167.90025,67904.72
2023-09-19,HNB.N0000,169.841294,169.841294,164.018164,164.988685,194757.11
2023-09-20,HNB.N0000,160.136077,165.959207,160.136077,164.260794,297696.6
2023-09-21,HNB.N0000,164.260794,164.988685,163.047642,163.047642,217019.37
2023-09-22,HNB.N0000,162.07712,164.988685,161.106599,164.746055,148050.27
2023-09-25,HNB.N0000,164.988685,165.959207,164.018164,164.018164,50898.4
2023-09-26,HNB.N0000,162.562381,164.988685,162.562381,164.746055,19860.45
2023-09-27,HNB.N0000,165.716577,167.90025,163.532903,166.929729,22085.03
2023-10-02,HNB.N0000,168.628142,168.628142,161.591859,163.532903,219484.02
2023-10-03,HNB.N0000,163.047642,164.746055,159.165555,159.165555,55251.73
2023-10-04,HNB.N0000,159.165555,163.047642,159.165555,161.591859,5233.27
2023-10-05,HNB.N0000,162.805012,162.805012,160.136077,162.562381,6375.95
2023-10-06,HNB.N0000,160.136077,160.136077,158.195034,158.195034,216107.49
2023-10-09,HNB.N0000,158.437664,158.437664,153.342425,158.195034,73959.19
2023-10-10,HNB.N0000,154.798208,158.922925,154.798208,158.437664,109785.29
2023-10-11,HNB.N0000,160.136077,160.136077,155.283469,156.981881,21857.32
2023-10-12,HNB.N0000,155.526099,160.136077,155.526099,159.165555,20412.73
2023-10-13,HNB.N0000,160.863968,162.07712,158.195034,158.195034,3874.21
2023-10-16,HNB.N0000,162.07712,162.07712,158.195034,159.165555,3416.72
2023-10-17,HNB.N0000,159.165555,160.136077,158.195034,160.136077,4801.54
2023-10-18,HNB.N0000,158.195034,159.893447,155.768729,157.224512,25257.55
2023-10-19,HNB.N0000,156.981881,157.224512,156.25399,157.224512,22635.25
2023-10-20,HNB.N0000,155.768729,163.532903,155.768729,163.532903,29144.12
2023-10-23,HNB.N0000,163.532903,163.532903,161.349229,162.07712,21370.98
2023-10-24,HNB.N0000,161.591859,161.83449,160.136077,160.136077,2928.32
2023-10-25,HNB.N0000,160.136077,160.136077,159.165555,159.165555,1289
2023-10-26,HNB.N0000,158.922925,158.922925,154.312947,158.195034,157882.1
2023-10-27,HNB.N0000,155.768729,160.621338,155.768729,160.621338,2607.88
2023-10-30,HNB.N0000,160.136077,162.562381,158.195034,160.136077,5640.27
2023-10-31,HNB.N0000,162.562381,162.562381,158.680294,158.922925,16043.95
2023-11-01,HNB.N0000,159.893447,162.562381,159.893447,162.562381,54691.2
2023-11-02,HNB.N0000,160.136077,162.07712,160.136077,160.136077,63501.93
2023-11-03,HNB.N0000,161.106599,162.805012,157.224512,157.224512,115448.22
2023-11-06,HNB.N0000,157.709773,164.746055,157.709773,162.07712,13902.83
2023-11-07,HNB.N0000,159.408186,162.07712,159.165555,162.07712,39809.52
2023-11-08,HNB.N0000,162.319751,169.841294,162.319751,165.473946,222659.63
2023-11-09,HNB.N0000,165.959207,169.598663,163.532903,164.260794,279509.47
2023-11-10,HNB.N0000,164.746055,169.356033,161.591859,162.07712,283945.23
2023-11-13,HNB.N0000,169.598663,169.841294,164.988685,169.841294,85932.14
2023-11-14,HNB.N0000,164.988685,169.841294,164.018164,164.988685,157419.46
2023-11-15,HNB.N0000,165.959207,165.959207,164.018164,164.988685,77263.6
2023-11-16,HNB.N0000,164.746055,164.746055,163.047642,163.047642,55019.89
2023-11-17,HNB.N0000,164.018164,164.018164,162.319751,162.805012,1405.43
2023-11-20,HNB.N0000,163.047642,163.047642,162.07712,163.047642,3880.39
2023-11-21,HNB.N0000,162.805012,164.988685,162.562381,162.562381,69939.71
2023-11-22,HNB.N0000,164.018164,164.018164,162.07712,162.07712,4705.72
2023-11-23,HNB.N0000,163.775533,163.775533,162.562381,162.562381,215.35
2023-11-24,HNB.N0000,164.988685,164.988685,161.349229,161.349229,7986.43
2023-11-27,HNB.N0000,161.106599,162.07712,159.165555,160.136077,173024.47
2023-11-28,HNB.N0000,160.136077,160.136077,158.922925,158.922925,18455.02
2023-11-29,HNB.N0000,159.165555,160.863968,158.437664,160.136077,20739.36
2023-11-30,HNB.N0000,160.136077,162.07712,158.680294,162.07712,299365.8
2023-12-01,HNB.N0000,164.746055,164.988685,164.018164,164.988685,203222.66
2023-12-04,HNB.N0000,164.988685,166.929729,164.018164,164.988685,166496.02
2023-12-05,HNB.N0000,164.988685,164.988685,164.018164,164.988685,11736.99
2023-12-06,HNB.N0000,164.260794,164.988685,164.018164,164.988685,24441.49
2023-12-07,HNB.N0000,164.988685,164.988685,163.532903,163.532903,5008.65
2023-12-08,HNB.N0000,163.532903,164.988685,163.532903,163.775533,102768.44
2023-12-11,HNB.N0000,163.532903,164.988685,163.290272,163.532903,150218.18
2023-12-12,HNB.N0000,164.018164,164.746055,163.290272,163.532903,48928.32
2023-12-13,HNB.N0000,164.018164,164.018164,162.319751,163.532903,14692.1
2023-12-14,HNB.N0000,163.532903,164.018164,160.378707,163.047642,14229.46
2023-12-15,HNB.N0000,162.805012,163.290272,161.106599,162.07712,18953.72
2023-12-18,HNB.N0000,162.07712,162.07712,159.893447,159.893447,69756.3
2023-12-19,HNB.N0000,160.621338,160.621338,158.437664,158.437664,51212.66
2023-12-20,HNB.N0000,159.165555,160.136077,158.437664,160.136077,50428.55
2023-12-21,HNB.N0000,160.136077,163.047642,160.136077,162.07712,138811.94
2023-12-22,HNB.N0000,161.106599,163.047642,159.165555,160.136077,266952.31
2023-12-27,HNB.N0000,160.378707,160.378707,159.165555,160.136077,7306.38
2023-12-28,HNB.N0000,162.07712,162.07712,161.591859,161.591859,2092.69
2023-12-29,HNB.N0000,159.650816,164.988685,159.650816,164.988685,71122.57
2024-01-02,HNB.N0000,161.106599,165.959207,161.106599,164.988685,135021.2
2024-01-03,HNB.N0000,164.988685,166.929729,164.988685,165.959207,101436.17
2024-01-04,HNB.N0000,166.929729,166.929729,163.532903,164.018164,4827.3
2024-01-05,HNB.N0000,164.988685,164.988685,162.07712,162.07712,48619.21
2024-01-08,HNB.N0000,161.591859,164.746055,161.106599,161.349229,9175.48
2024-01-09,HNB.N0000,163.047642,163.047642,162.07712,162.562381,3626.92
2024-01-10,HNB.N0000,161.591859,162.805012,160.136077,161.591859,118163.25
2024-01-11,HNB.N0000,160.136077,161.106599,159.165555,160.136077,3626.92
2024-01-12,HNB.N0000,160.136077,160.136077,159.165555,159.165555,9921.47
2024-01-16,HNB.N0000,159.165555,159.165555,158.195034,158.922925,54312.03
2024-01-17,HNB.N0000,158.922925,158.922925,156.25399,156.25399,18656.98
2024-01-18,HNB.N0000,156.496621,157.224512,154.798208,155.283469,52781.92
2024-01-19,HNB.N0000,155.526099,159.165555,154.312947,154.312947,13761.67
2024-01-22,HNB.N0000,157.224512,157.224512,154.312947,154.312947,2869.59
2024-01-23,HNB.N0000,154.312947,154.312947,152.371904,154.312947,5645.42
2024-01-24,HNB.N0000,154.312947,154.312947,153.342425,153.342425,10206.88
2024-01-26,HNB.N0000,154.070316,154.070316,152.857164,152.857164,4264.72
2024-01-29,HNB.N0000,152.614534,152.857164,150.43086,150.43086,105558.69
2024-01-30,HNB.N0000,150.43086,150.43086,148.489817,150.43086,346878.39
2024-01-31,HNB.N0000,149.460338,150.916121,149.460338,150.916121,626585.69
2024-02-01,HNB.N0000,154.312947,155.283469,150.43086,153.342425,211909.74
2024-02-02,HNB.N0000,155.283469,155.283469,152.371904,154.312947,58843.61
2024-02-06,HNB.N0000,154.312947,162.07712,154.312947,156.25399,171360.42
2024-02-07,HNB.N0000,162.07712,162.07712,155.283469,155.283469,61344.33
2024-02-08,HNB.N0000,155.283469,160.136077,155.283469,156.739251,106137.76
2024-02-09,HNB.N0000,156.25399,160.136077,155.283469,155.768729,253028.87
2024-02-12,HNB.N0000,156.739251,160.136077,156.739251,158.195034,59537.05
2024-02-13,HNB.N0000,159.165555,159.165555,157.224512,157.224512,22370.44
2024-02-14,HNB.N0000,157.467142,159.165555,157.224512,158.195034,11880.21
2024-02-15,HNB.N0000,159.165555,159.165555,157.224512,157.467142,130974.92
2024-02-16,HNB.N0000,160.136077,160.136077,158.195034,158.195034,334587.07
2024-02-19,HNB.N0000,159.893447,159.893447,155.283469,157.467142,10500.54
2024-02-20,HNB.N0000,157.467142,157.467142,155.283469,155.283469,92069.04
2024-02-21,HNB.N0000,155.283469,156.739251,153.585056,155.040838,400404.25
2024-02-22,HNB.N0000,155.040838,155.040838,153.585056,153.827686,144559.37
2024-02-26,HNB.N0000,155.040838,155.283469,153.099795,153.342425,164283.81
2024-02-27,HNB.N0000,155.283469,155.283469,152.857164,153.342425,56499.51
2024-02-28,HNB.N0000,155.040838,155.040838,152.857164,153.827686,84499.92
2024-02-29,HNB.N0000,155.040838,155.040838,150.43086,150.43086,37266.56
2024-03-01,HNB.N0000,151.401382,156.25399,151.401382,153.099795,11249.62
2024-03-04,HNB.N0000,154.312947,155.283469,154.312947,154.312947,73203.93
2024-03-05,HNB.N0000,154.070316,154.070316,151.401382,151.401382,238071.96
2024-03-06,HNB.N0000,153.342425,153.342425,151.644012,152.371904,21762.52
2024-03-07,HNB.N0000,152.857164,155.283469,151.401382,155.283469,921411.67
2024-03-11,HNB.N0000,153.342425,157.224512,153.342425,155.040838,236909.7
2024-03-12,HNB.N0000,155.040838,156.981881,154.798208,156.981881,301059.74
2024-03-13,HNB.N0000,155.526099,163.047642,155.526099,162.07712,248252.05
2024-03-14,HNB.N0000,164.018164,164.018164,160.863968,161.591859,154905.35
2024-03-15,HNB.N0000,161.106599,162.07712,160.136077,161.106599,324659.41
2024-03-18,HNB.N0000,162.07712,163.532903,161.106599,161.591859,414538.91
2024-03-19,HNB.N0000,163.047642,163.775533,161.591859,161.83449,450910.07
2024-03-20,HNB.N0000,162.07712,162.07712,146.548773,161.106599,129136.73
2024-03-21,HNB.N0000,161.106599,161.106599,156.25399,157.224512,7105.46
2024-03-22,HNB.N0000,157.224512,161.591859,157.224512,161.106599,609894.67
2024-03-25,HNB.N0000,158.527725,159.478417,158.527725,158.765398,10971.42
2024-03-26,HNB.N0000,161.349229,169.598663,161.349229,169.356033,727670.31
2024-03-27,HNB.N0000,169.356033,172.752859,169.356033,171.782337,301866.43
2024-03-28,HNB.N0000,172.752859,176.634945,172.752859,174.451272,996759.81
2024-04-01,HNB.N0000,173.38405,183.29171,168.43022,180.319412,878904.81
2024-04-02,HNB.N0000,178.33788,184.282476,178.33788,183.29171,289872.68
2024-04-03,HNB.N0000,179.328646,190.227072,179.328646,188.740923,497258.69
2024-04-04,HNB.N0000,189.236306,194.933211,189.236306,193.19937,1284533.38
2024-04-05,HNB.N0000,193.19937,198.648583,191.217838,198.1532,2924455.42
2024-04-08,HNB.N0000,199.143966,200.877806,197.410125,198.1532,404452.72
2024-04-09,HNB.N0000,198.1532,199.639349,193.942444,199.143966,458620.91
2024-04-10,HNB.N0000,200.134732,203.602413,200.134732,202.116264,389437.06
2024-04-15,HNB.N0000,201.125498,202.116264,195.180902,197.162434,612418.07
2024-04-16,HNB.N0000,197.162434,197.162434,193.19937,194.685519,163366.53
2024-04-17,HNB.N0000,194.685519,194.685519,191.217838,192.208604,1148753.59
2024-04-18,HNB.N0000,193.19937,193.19937,190.227072,190.227072,346759.98
2024-04-19,HNB.N0000,190.227072,190.227072,186.264008,188.24554,365187.14
2024-04-22,HNB.N0000,188.24554,193.19937,186.264008,188.740923,76429.75
2024-04-24,HNB.N0000,188.24554,191.217838,187.254774,187.254774,73577.41
2024-04-25,HNB.N0000,186.511699,195.428594,186.511699,195.180902,117789.67
2024-04-26,HNB.N0000,195.180902,198.400892,195.180902,198.1532,487903.3
2024-04-29,HNB.N0000,198.1532,203.10703,197.162434,201.620881,422365.12
2024-04-30,HNB.N0000,202.859339,204.593179,198.400892,202.611647,329658.06
2024-05-02,HNB.N0000,202.611647,202.611647,198.1532,199.391658,189270.73
2024-05-03,HNB.N0000,197.657817,200.134732,197.657817,199.391658,170025.01
2024-05-06,HNB.N0000,199.143966,199.143966,196.667051,198.1532,35204.07
2024-05-07,HNB.N0000,198.1532,198.1532,195.180902,196.171668,180603.69
2024-05-08,HNB.N0000,195.676285,196.667051,195.180902,195.923977,166210.79
2024-05-09,HNB.N0000,195.180902,202.116264,194.190136,201.125498,375256.11
2024-05-10,HNB.N0000,201.868572,203.10703,200.134732,202.116264,134612.01
2024-05-13,HNB.N0000,201.125498,202.116264,200.382423,201.125498,222945.68
2024-05-14,HNB.N0000,201.125498,201.125498,196.171668,198.1532,448881.98
2024-05-15,HNB.N0000,198.896275,199.887041,193.19937,193.19937,220211.43
2024-05-16,HNB.N0000,195.180902,195.180902,191.217838,195.180902,413275.18
2024-05-17,HNB.N0000,194.190136,194.190136,190.722455,193.694753,297848.33
2024-05-20,HNB.N0000,193.447061,193.694753,192.208604,193.19937,222903.29
2024-05-21,HNB.N0000,192.703987,193.942444,191.960913,193.942444,85022.09
2024-05-22,HNB.N0000,193.942444,198.1532,193.942444,196.171668,751227.84
2024-05-27,HNB.N0000,197.657817,198.1532,196.171668,197.905508,66793.77
2024-05-28,HNB.N0000,197.162434,197.162434,193.447061,194.190136,57572.63
2024-05-29,HNB.N0000,194.437827,194.437827,192.208604,192.208604,61715.88
2024-05-30,HNB.N0000,191.217838,193.19937,191.217838,193.19937,211821.96
2024-05-31,HNB.N0000,191.217838,196.41936,191.217838,195.180902,10374.8
2024-06-03,HNB.N0000,195.180902,195.180902,192.208604,194.190136,16608.36
2024-06-04,HNB.N0000,193.19937,195.180902,192.456296,193.19937,20525.53
2024-06-05,HNB.N0000,195.180902,201.868572,195.180902,201.620881,441810.68
2024-06-06,HNB.N0000,201.125498,204.097796,199.887041,201.125498,629685.52
2024-06-07,HNB.N0000,203.10703,204.097796,202.116264,204.097796,1260875.93
2024-06-10,HNB.N0000,204.593179,206.079328,203.10703,203.850104,438098.4
2024-06-11,HNB.N0000,203.354722,204.593179,202.611647,203.10703,577576.34
2024-06-12,HNB.N0000,203.850104,203.850104,202.363956,203.10703,95261.65
2024-06-13,HNB.N0000,203.10703,203.10703,201.125498,202.611647,86395.78
2024-06-14,HNB.N0000,200.134732,202.116264,198.648583,201.125498,87426.29
2024-06-18,HNB.N0000,199.143966,200.134732,198.1532,198.1532,580220.76
2024-06-19,HNB.N0000,199.143966,199.143966,197.657817,198.1532,62334.6
2024-06-20,HNB.N0000,198.1532,200.134732,198.1532,199.391658,227417.98
2024-06-24,HNB.N0000,199.639349,203.850104,199.639349,203.10703,77465.31
2024-06-25,HNB.N0000,203.10703,206.079328,203.10703,204.097796,405522.6
2024-06-26,HNB.N0000,206.079328,206.079328,202.611647,204.84087,147466.71
2024-06-27,HNB.N0000,205.088562,205.088562,201.125498,201.125498,49987.59
2024-06-28,HNB.N0000,201.373189,203.10703,198.1532,203.10703,273798.25
2024-07-01,HNB.N0000,200.134732,203.10703,199.887041,199.887041,34451.12
2024-07-02,HNB.N0000,200.134732,201.125498,199.639349,200.134732,78325.26
2024-07-03,HNB.N0000,200.134732,200.630115,196.171668,196.171668,189882.37
2024-07-04,HNB.N0000,199.887041,203.850104,195.676285,198.1532,146789.45
2024-07-05,HNB.N0000,195.676285,198.1532,194.685519,196.171668,29638.68
2024-07-08,HNB.N0000,197.162434,197.162434,193.694753,193.942444,81530.86
2024-07-09,HNB.N0000,193.19937,196.914742,193.19937,193.19937,34583.34
2024-07-10,HNB.N0000,195.180902,195.676285,192.208604,193.19937,14439.33
2024-07-11,HNB.N0000,195.923977,195.923977,192.703987,194.190136,88733.36
2024-07-12,HNB.N0000,193.694753,193.942444,192.703987,193.942444,390576.58
2024-07-15,HNB.N0000,193.19937,197.162434,193.19937,194.190136,16488.25
2024-07-16,HNB.N0000,198.1532,203.10703,193.447061,195.428594,6349.63
2024-07-17,HNB.N0000,197.162434,197.162434,193.19937,194.190136,28590
2024-07-18,HNB.N0000,193.19937,193.19937,192.208604,192.208604,57500.96
2024-07-19,HNB.N0000,193.19937,193.19937,189.97938,190.227072,238432.69
2024-07-22,HNB.N0000,190.970146,192.703987,186.264008,186.264008,109762.55
2024-07-23,HNB.N0000,187.254774,190.474763,184.282476,187.254774,111988.1
2024-07-24,HNB.N0000,187.254774,192.951679,186.264008,187.254774,33939.4
2024-07-25,HNB.N0000,191.217838,191.217838,187.254774,187.750157,49938.13
2024-07-26,HNB.N0000,191.217838,191.217838,188.24554,189.236306,218460.26
2024-07-29,HNB.N0000,187.254774,191.217838,186.759391,186.759391,56650.11
2024-07-30,HNB.N0000,187.997849,188.24554,186.264008,186.511699,143218.48
2024-07-31,HNB.N0000,189.236306,189.236306,185.273242,187.750157,203149.89
2024-08-01,HNB.N0000,187.254774,187.750157,186.759391,187.502465,1108.23
2024-08-02,HNB.N0000,188.24554,188.24554,184.282476,184.282476,53065
2024-08-05,HNB.N0000,187.254774,187.254774,178.833263,179.824029,104784.58
2024-08-06,HNB.N0000,179.576337,186.264008,179.576337,181.310178,22707.68
2024-08-07,HNB.N0000,183.29171,183.29171,182.300944,182.300944,409.78
2024-08-08,HNB.N0000,182.300944,183.29171,178.33788,178.33788,88397.26
2024-08-09,HNB.N0000,178.33788,182.300944,178.33788,178.833263,20844.48
2024-08-12,HNB.N0000,179.576337,181.805561,177.842497,178.090189,55541.87
2024-08-13,HNB.N0000,177.842497,178.33788,177.347114,178.090189,69457.37
2024-08-14,HNB.N0000,181.805561,181.805561,177.842497,178.33788,190062.03
2024-08-15,HNB.N0000,183.29171,184.282476,178.33788,180.319412,369392.97
2024-08-16,HNB.N0000,183.29171,183.29171,180.567104,182.796327,9279.69
2024-08-20,HNB.N0000,184.034785,184.282476,181.805561,183.29171,207495.01
2024-08-21,HNB.N0000,183.29171,183.29171,181.310178,182.548635,49676.71
2024-08-22,HNB.N0000,182.796327,183.044018,180.319412,180.319412,182192.36
2024-08-23,HNB.N0000,180.319412,180.814795,178.090189,178.33788,434144.89
2024-08-26,HNB.N0000,177.347114,178.585571,172.640975,173.38405,103440.17
2024-08-27,HNB.N0000,174.374816,174.374816,170.411752,173.136359,52871.21
2024-08-28,HNB.N0000,173.38405,178.33788,171.154827,171.154827,76390.39
2024-08-29,HNB.N0000,181.310178,181.310178,171.402518,171.402518,5377.66
2024-08-30,HNB.N0000,171.402518,173.38405,165.457922,166.448688,358785.02
2024-09-02,HNB.N0000,165.457922,165.457922,163.47639,163.47639,128928.53
2024-09-03,HNB.N0000,163.47639,168.43022,160.999475,162.485624,339106.31
2024-09-04,HNB.N0000,166.448688,166.448688,161.990241,166.448688,1258815.91
2024-09-05,HNB.N0000,166.448688,168.43022,162.485624,162.485624,429746.28
2024-09-06,HNB.N0000,163.47639,165.457922,161.494858,162.485624,123978.82
2024-09-09,HNB.N0000,163.47639,163.47639,156.78872,157.531794,576122.92
2024-09-10,HNB.N0000,157.531794,158.52256,152.082581,155.550262,1258732.13
2024-09-11,HNB.N0000,155.550262,158.52256,153.56873,156.045645,232677.54
2024-09-12,HNB.N0000,158.52256,158.52256,153.56873,153.56873,1231053.55
2024-09-13,HNB.N0000,153.56873,158.274868,153.56873,158.274868,1266332.31
2024-09-18,HNB.N0000,160.504092,163.47639,158.274868,162.485624,1063822.34
2024-09-19,HNB.N0000,164.219464,164.219464,161.494858,162.981007,1413510.35
2024-09-20,HNB.N0000,168.43022,168.43022,164.219464,168.182528,1634692.75
2024-09-23,HNB.N0000,169.420986,173.38405,163.47639,172.640975,477504.27
2024-09-24,HNB.N0000,172.888667,176.851731,172.888667,175.11789,769101.89
2024-09-25,HNB.N0000,175.860965,191.217838,175.365582,191.217838,2064128.16
2024-09-26,HNB.N0000,193.447061,200.134732,193.19937,199.887041,3325548.11
2024-09-27,HNB.N0000,200.134732,203.10703,195.180902,203.10703,1162571.18
2024-09-30,HNB.N0000,203.10703,204.593179,200.134732,203.354722,629736.99
2024-10-01,HNB.N0000,203.10703,213.01469,201.125498,212.023924,1221628.52
2024-10-02,HNB.N0000,213.01469,213.510073,207.070094,212.766998,1060376.52
2024-10-03,HNB.N0000,213.01469,213.01469,209.547009,211.033158,272561.84
2024-10-04,HNB.N0000,211.033158,214.005456,210.042392,212.023924,980328.35
2024-10-07,HNB.N0000,214.005456,216.977754,214.005456,216.977754,393685.29
2024-10-08,HNB.N0000,216.977754,216.977754,209.051626,212.519307,104629.15
2024-10-09,HNB.N0000,213.01469,214.005456,211.033158,212.023924,147320.36
2024-10-10,HNB.N0000,212.519307,213.510073,206.079328,210.042392,150553.21
2024-10-11,HNB.N0000,209.794701,216.730063,209.794701,214.996222,569981.21
2024-10-14,HNB.N0000,213.262382,215.986988,213.262382,214.005456,56942.81
2024-10-15,HNB.N0000,213.01469,214.005456,211.033158,211.033158,195126.8
2024-10-16,HNB.N0000,211.280849,212.519307,210.537775,211.528541,131137.93
2024-10-18,HNB.N0000,210.537775,213.510073,210.290084,213.510073,277481.26
2024-10-21,HNB.N0000,212.766998,213.510073,212.023924,213.01469,310990.69
2024-10-22,HNB.N0000,213.510073,214.500839,212.519307,213.757765,56618.82
2024-10-23,HNB.N0000,214.005456,214.500839,211.033158,214.500839,299568.21
2024-10-24,HNB.N0000,214.996222,217.96852,214.996222,217.96852,765615.7
2024-10-25,HNB.N0000,215.986988,218.959286,215.986988,217.225446,593288.43
2024-10-28,HNB.N0000,217.96852,218.959286,216.482371,216.730063,434094.43
2024-10-29,HNB.N0000,217.473137,232.334627,217.473137,228.866946,1311044.18
2024-10-30,HNB.N0000,228.866946,232.334627,223.913116,226.885414,527762.36
2024-11-01,HNB.N0000,227.87618,232.334627,224.656191,229.857712,849463.95
2024-11-04,HNB.N0000,229.857712,230.600786,227.628489,228.866946,104671.54
2024-11-05,HNB.N0000,229.114637,229.362329,225.894648,226.885414,553463.68
2024-11-06,HNB.N0000,225.399265,225.894648,224.408499,224.903882,129498.79
2024-11-07,HNB.N0000,224.160808,225.894648,224.160808,224.408499,84966.58
2024-11-08,HNB.N0000,224.408499,225.399265,223.913116,224.408499,60597.56
2024-11-11,HNB.N0000,224.408499,227.87618,224.408499,227.87618,410021.14
2024-11-12,HNB.N0000,228.866946,232.83001,227.87618,229.857712,589758.83
2024-11-13,HNB.N0000,230.848478,233.820776,230.848478,232.83001,463424.26
2024-11-14,HNB.N0000,235.802308,236.05,230.353095,231.839244,554372.07
2024-11-18,HNB.N0000,233.325393,239.765372,232.83001,233.325393,1164799.76
2024-11-19,HNB.N0000,234.811542,234.811542,226.390031,227.87618,867860.83
2024-11-20,HNB.N0000,227.87618,230.353095,226.390031,226.390031,55047.31
2024-11-21,HNB.N0000,227.87618,228.866946,222.92235,227.87618,327107.51
2024-11-22,HNB.N0000,225.151574,228.866946,225.151574,225.399265,237394.1
2024-11-25,HNB.N0000,226.885414,227.380797,218.959286,219.950052,188745.88
2024-11-26,HNB.N0000,219.950052,226.885414,219.950052,224.160808,48403.96
2024-11-27,HNB.N0000,225.894648,227.87618,222.92235,227.628489,563030.02
2024-11-28,HNB.N0000,228.866946,233.077701,228.866946,230.848478,420680.56
2024-11-29,HNB.N0000,232.83001,233.820776,229.857712,229.857712,332940.37
2024-12-02,HNB.N0000,229.857712,231.839244,227.87618,230.848478,240315.07
2024-12-03,HNB.N0000,231.839244,233.820776,230.848478,232.83001,347661.3
2024-12-04,HNB.N0000,233.820776,236.793074,232.83001,236.297691,219709.8
2024-12-05,HNB.N0000,235.802308,239.765372,235.802308,238.774606,575928.12
2024-12-06,HNB.N0000,237.78384,239.765372,237.288457,237.78384,413257.02
2024-12-09,HNB.N0000,237.78384,240.508446,237.288457,240.260755,298127.91
2024-12-10,HNB.N0000,240.756138,241.746904,239.765372,241.746904,305530.27
2024-12-11,HNB.N0000,237.78384,240.756138,237.78384,240.260755,172435.27
2024-12-12,HNB.N0000,240.756138,247.196117,240.756138,245.95766,756962.79
2024-12-13,HNB.N0000,246.948426,256.608394,246.948426,256.360703,1254688.8
2024-12-16,HNB.N0000,257.846852,277.41448,257.846852,271.469884,1472474.83
2024-12-17,HNB.N0000,271.469884,272.46065,259.580692,268.497586,1291713.68
2024-12-18,HNB.N0000,268.497586,277.662171,267.50682,271.965267,2071745.5
2024-12-19,HNB.N0000,275.432948,275.432948,269.24066,269.488352,533386.29
2024-12-20,HNB.N0000,272.46065,272.46065,268.745277,269.24066,1140297.51
2024-12-23,HNB.N0000,277.41448,282.36831,277.166788,278.900629,1299499.58
2024-12-24,HNB.N0000,281.872927,283.359076,275.432948,281.625235,664339.51
2024-12-26,HNB.N0000,283.359076,292.27597,280.386778,290.789821,908218.49
2024-12-27,HNB.N0000,290.789821,302.18363,289.303672,299.954407,1332696.12
2024-12-30,HNB.N0000,300.202098,317.04512,300.202098,313.577439,2091391.91
2024-12-31,HNB.N0000,314.320514,321.008184,314.320514,318.035886,1257588.57
2025-01-02,HNB.N0000,318.035886,324.475865,317.292812,321.99895,1040972.34
2025-01-03,HNB.N0000,322.989716,322.989716,315.558971,318.035886,1257583.53
2025-01-06,HNB.N0000,317.04512,321.008184,307.13746,317.04512,1377455.42
2025-01-07,HNB.N0000,312.338981,315.558971,309.614375,311.843598,290939.54
2025-01-08,HNB.N0000,311.595907,312.09129,307.13746,310.852832,367377.36
2025-01-09,HNB.N0000,310.109758,313.082056,305.155928,307.13746,725023.87
2025-01-10,HNB.N0000,306.889769,323.732791,305.899002,320.017418,993554.48
2025-01-15,HNB.N0000,318.531269,326.95278,318.531269,322.989716,1484101.19
2025-01-16,HNB.N0000,324.971248,326.457397,323.485099,324.971248,627911.13
2025-01-17,HNB.N0000,325.962014,325.962014,324.228174,324.971248,507356.93
2025-01-20,HNB.N0000,324.971248,326.95278,324.971248,326.95278,725825.27
2025-01-21,HNB.N0000,327.943546,332.897376,327.943546,332.649684,1820480.32
2025-01-22,HNB.N0000,332.897376,346.7681,332.897376,346.7681,2660874.52
2025-01-23,HNB.N0000,348.254249,358.657292,348.254249,358.657292,1983172.62
2025-01-24,HNB.N0000,356.428068,356.428068,338.346589,344.786568,2351165.66
2025-01-27,HNB.N0000,346.7681,349.740398,343.548111,346.7681,748740.87
2025-01-28,HNB.N0000,350.483473,356.180377,347.015791,356.180377,1370276.13
2025-01-29,HNB.N0000,356.180377,356.180377,349.492706,352.465005,572909.24
2025-01-30,HNB.N0000,349.98809,351.474239,348.749632,349.245015,442948.18
2025-01-31,HNB.N0000,349.740398,350.235781,345.777334,346.520408,105120.68
2025-02-03,HNB.N0000,346.7681,346.7681,337.851206,338.841972,178065.25
2025-02-05,HNB.N0000,340.575812,341.566578,330.420461,330.420461,572932.46
2025-02-06,HNB.N0000,330.915844,332.649684,326.209705,330.915844,1136768.92
2025-02-07,HNB.N0000,331.411227,338.841972,331.411227,333.888142,178115.72
2025-02-10,HNB.N0000,333.888142,333.888142,329.925078,331.90661,543481.51
2025-02-11,HNB.N0000,331.90661,331.90661,325.962014,325.962014,483087.83
2025-02-13,HNB.N0000,325.962014,326.95278,324.971248,325.466631,404139.83
2025-02-14,HNB.N0000,325.466631,331.90661,325.466631,326.95278,1473080.42
2025-02-17,HNB.N0000,331.90661,331.90661,328.191237,330.420461,790023.07
2025-02-18,HNB.N0000,331.90661,341.81427,331.90661,338.841972,813824.86
2025-02-19,HNB.N0000,338.841972,341.81427,335.621983,335.869674,500802.41
2025-02-20,HNB.N0000,336.86044,336.86044,327.943546,331.90661,277712.4
2025-02-21,HNB.N0000,335.869674,335.869674,329.925078,330.420461,624584.41
2025-02-24,HNB.N0000,334.878908,334.878908,323.980482,323.980482,778042.44
2025-02-25,HNB.N0000,326.95278,326.95278,315.063588,315.806663,620094.96
2025-02-27,HNB.N0000,316.054354,316.302046,312.09129,316.302046,152047
2025-02-28,HNB.N0000,315.558971,322.989716,315.558971,322.989716,525897.13
2025-03-03,HNB.N0000,321.99895,321.99895,312.09129,313.082056,298242.98
2025-03-04,HNB.N0000,313.082056,313.082056,302.18363,306.394385,742407.39
2025-03-05,HNB.N0000,306.394385,311.595907,306.394385,311.100524,3398965.04
2025-03-06,HNB.N0000,312.09129,317.04512,308.623609,309.118992,410363.29
2025-03-07,HNB.N0000,309.118992,313.082056,306.642077,312.09129,230531.73
2025-03-10,HNB.N0000,312.09129,312.09129,307.385152,308.623609,112986.32
2025-03-11,HNB.N0000,308.128226,308.128226,298.220566,300.202098,384272.37
2025-03-12,HNB.N0000,300.697481,307.13746,300.697481,306.642077,297724.19
2025-03-14,HNB.N0000,306.642077,309.118992,302.431322,304.660545,311379.28
2025-03-17,HNB.N0000,309.118992,309.118992,301.192864,302.18363,87805.8
2025-03-18,HNB.N0000,308.871301,308.871301,296.239034,297.2298,304678.4
2025-03-19,HNB.N0000,296.239034,301.192864,296.239034,300.44979,185788.57
2025-03-20,HNB.N0000,301.192864,307.13746,300.945173,306.642077,85813.4
2025-03-21,HNB.N0000,308.128226,314.072822,306.642077,312.834364,160119.54
2025-03-24,HNB.N0000,312.09129,316.549737,312.09129,313.825131,188341.14
2025-03-25,HNB.N0000,316.054354,316.054354,307.13746,312.09129,173237.68
2025-03-26,HNB.N0000,309.118992,314.072822,308.871301,309.118992,184687.4
2025-03-27,HNB.N0000,309.118992,314.072822,307.13746,313.082056,204298.49
2025-03-28,HNB.N0000,299.211332,303.174396,299.211332,302.679013,406136.26
2025-04-01,HNB.N0000,302.18363,307.13746,301.192864,306.146694,158878.08
2025-04-02,HNB.N0000,307.13746,307.13746,303.174396,305.651311,96311.34
2025-04-03,HNB.N0000,296.239034,302.18363,295.248268,295.248268,830430.19
2025-04-04,HNB.N0000,295.000577,295.000577,284.349842,290.294438,524182.3
2025-04-07,HNB.N0000,287.32214,287.32214,264.534522,267.259128,2257453.32
2025-04-08,HNB.N0000,269.488352,282.36831,269.488352,277.41448,590846.88
2025-04-09,HNB.N0000,276.919097,276.919097,270.479118,272.708342,706911.62
2025-04-10,HNB.N0000,289.303672,309.118992,289.303672,297.2298,2053306.23
2025-04-11,HNB.N0000,298.220566,299.211332,294.257502,297.2298,173497.07
2025-04-16,HNB.N0000,297.2298,299.954407,296.982108,299.211332,160031.73
2025-04-17,HNB.N0000,300.202098,300.202098,295.248268,297.2298,94782.22
2025-04-21,HNB.N0000,297.2298,297.2298,296.239034,296.239034,193717.79
2025-04-22,HNB.N0000,297.2298,297.2298,291.285204,295.49596,287285.8
2025-04-23,HNB.N0000,295.743651,296.734417,292.27597,294.752885,17862.95
2025-04-24,HNB.N0000,295.248268,296.239034,293.762119,294.505194,44575.61
2025-04-25,HNB.N0000,295.248268,295.991342,294.009811,295.248268,66494.01
2025-04-28,HNB.N0000,295.248268,296.239034,293.266736,293.266736,197731.86
2025-04-29,HNB.N0000,293.266736,295.991342,293.266736,295.248268,74020.51
2025-04-30,HNB.N0000,295.000577,295.000577,288.808289,291.780587,139652.55
2025-05-02,HNB.N0000,291.285204,292.27597,290.294438,291.037512,143804.89
2025-05-05,HNB.N0000,291.285204,291.780587,289.303672,290.294438,88702.07
2025-05-06,HNB.N0000,291.285204,291.780587,289.303672,290.294438,194544.42
2025-05-07,HNB.N0000,289.303672,292.27597,289.303672,290.294438,117131.59
2025-05-08,HNB.N0000,289.799055,291.285204,289.551363,290.542129,13778.23
2025-05-09,HNB.N0000,292.27597,297.2298,292.27597,293.266736,216079.28
2025-05-14,HNB.N0000,297.2298,302.18363,295.248268,301.192864,188779.19
2025-05-15,HNB.N0000,297.477491,302.18363,297.477491,300.202098,132229
2025-05-16,HNB.N0000,302.18363,304.165162,298.715949,302.18363,338467.41
2025-05-19,HNB.N0000,303.174396,307.13746,302.431322,306.146694,106787.07
2025-05-20,HNB.N0000,306.146694,306.146694,302.431322,304.908236,118034.93
2025-05-21,HNB.N0000,306.146694,306.146694,302.18363,302.431322,59901.13
2025-05-22,HNB.N0000,303.669779,305.155928,300.697481,300.697481,180581.49
2025-05-23,HNB.N0000,303.669779,303.669779,300.697481,301.192864,126810.97
2025-05-26,HNB.N0000,301.192864,301.688247,299.211332,299.211332,240576.48
2025-05-27,HNB.N0000,301.192864,319.026652,300.202098,316.549737,1367441.96
2025-05-28,HNB.N0000,316.549737,316.549737,313.082056,314.072822,532984.58
2025-05-29,HNB.N0000,315.063588,315.063588,310.109758,311.100524,383129.82
2025-05-30,HNB.N0000,311.348215,315.063588,306.394385,309.118992,490750.59
2025-06-02,HNB.N0000,309.118992,312.834364,308.128226,312.834364,135485.07
2025-06-03,HNB.N0000,312.834364,319.026652,312.834364,316.549737,536488.94
2025-06-04,HNB.N0000,317.04512,321.008184,317.04512,318.531269,205429.94
2025-06-05,HNB.N0000,318.035886,322.494333,317.04512,321.008184,324770.93
2025-06-06,HNB.N0000,322.742025,326.95278,321.99895,323.980482,110546.79
2025-06-09,HNB.N0000,326.95278,329.429695,321.751259,329.182004,194683.71
2025-06-11,HNB.N0000,328.934312,336.86044,325.466631,334.878908,588490.12
2025-06-12,HNB.N0000,336.86044,336.86044,331.163536,331.90661,148767.72
2025-06-13,HNB.N0000,326.95278,329.429695,319.522035,324.475865,327636.39
2025-06-16,HNB.N0000,317.04512,321.99895,313.082056,320.017418,262265.76
2025-06-17,HNB.N0000,319.026652,322.742025,317.788194,318.035886,407668.41
2025-06-18,HNB.N0000,317.04512,318.035886,314.072822,315.063588,367703.37
2025-06-19,HNB.N0000,313.082056,316.797429,311.348215,312.09129,678199.49
2025-06-20,HNB.N0000,312.09129,321.99895,312.09129,317.04512,384969.81
2025-06-23,HNB.N0000,315.063588,316.054354,312.09129,315.063588,541172.18
2025-06-24,HNB.N0000,321.99895,323.980482,319.522035,320.017418,438451.66
2025-06-25,HNB.N0000,321.99895,326.95278,321.008184,324.971248,417952.37
2025-06-26,HNB.N0000,325.962014,328.934312,324.228174,328.438929,217077.49
2025-06-27,HNB.N0000,328.934312,331.90661,319.026652,331.90661,148711.2
2025-06-30,HNB.N0000,331.90661,334.878908,331.411227,333.888142,269833.64
2025-07-01,HNB.N0000,334.383525,334.383525,329.429695,330.915844,213098.75
2025-07-02,HNB.N0000,332.401993,333.64045,329.429695,331.411227,109127.69
2025-07-03,HNB.N0000,331.90661,331.90661,329.925078,330.668153,276844.38
2025-07-04,HNB.N0000,329.925078,332.649684,329.925078,331.90661,279311.16
2025-07-07,HNB.N0000,330.915844,330.915844,328.438929,329.925078,109582.89
2025-07-08,HNB.N0000,328.438929,328.686621,324.971248,327.695854,276636.46
2025-07-09,HNB.N0000,329.429695,331.658919,326.95278,330.915844,308197.9
2025-07-11,HNB.N0000,330.420461,343.795802,323.980482,343.795802,952215.76
2025-07-14,HNB.N0000,345.777334,355.684994,345.777334,355.189611,603703.6
2025-07-15,HNB.N0000,355.189611,361.134207,349.492706,358.409601,968636.39
2025-07-16,HNB.N0000,356.923451,359.152675,355.684994,356.180377,1442666.58
2025-07-17,HNB.N0000,356.67576,356.67576,351.969622,356.67576,282812.49
2025-07-18,HNB.N0000,356.67576,356.67576,351.72193,353.703462,325917.52
2025-07-21,HNB.N0000,355.189611,355.684994,352.712696,353.703462,355679.34
2025-07-22,HNB.N0000,352.712696,354.694228,351.72193,354.694228,338328.12
2025-07-23,HNB.N0000,355.684994,356.67576,352.712696,353.703462,234899.06
2025-07-24,HNB.N0000,356.67576,359.152675,356.180377,358.657292,185367.69
2025-07-25,HNB.N0000,358.657292,359.152675,355.684994,358.904984,145980.99
2025-07-28,HNB.N0000,359.648058,360.391133,358.657292,359.152675,194407.16
2025-07-29,HNB.N0000,358.657292,359.648058,356.923451,358.657292,197412.91
2025-07-30,HNB.N0000,358.657292,359.648058,358.161909,358.161909,125310.11
2025-07-31,HNB.N0000,358.657292,359.648058,356.67576,358.657292,272892.89
2025-08-01,HNB.N0000,359.89575,371.289558,359.400367,370.546484,520907.06
2025-08-04,HNB.N0000,370.794175,371.53725,368.564952,369.060335,584506.33
2025-08-05,HNB.N0000,371.53725,371.53725,367.326495,370.546484,279182.98
2025-08-06,HNB.N0000,370.546484,371.53725,369.555718,371.041867,464275.12
2025-08-07,HNB.N0000,371.289558,372.528016,370.546484,371.53725,173342.65
2025-08-11,HNB.N0000,371.784942,376.49108,371.784942,374.014165,301835.15
2025-08-12,HNB.N0000,373.766474,376.49108,371.041867,374.509548,133791.43
2025-08-13,HNB.N0000,373.518782,376.49108,373.518782,375.748005,195222.69
2025-08-14,HNB.N0000,378.472612,378.472612,373.518782,374.509548,537481.1
2025-08-15,HNB.N0000,373.766474,376.49108,373.766474,376.49108,1452829.43
2025-08-18,HNB.N0000,376.49108,381.940293,376.49108,381.940293,1493283.98
2025-08-19,HNB.N0000,381.940293,396.554092,381.940293,396.3064,1250692.9
2025-08-20,HNB.N0000,397.297166,406.21406,397.297166,402.250996,647897.69
2025-08-21,HNB.N0000,404.232528,404.232528,400.269464,400.269464,1259152.01
2025-08-22,HNB.N0000,401.26023,403.489454,400.021772,400.021772,223191.95
2025-08-25,HNB.N0000,396.3064,401.26023,393.334102,394.57256,199631.4
2025-08-26,HNB.N0000,394.57256,396.3064,393.08641,396.058709,785053.18
2025-08-27,HNB.N0000,395.811017,401.26023,393.581794,396.3064,63954.56
2025-08-28,HNB.N0000,396.3064,397.297166,395.315634,396.3064,83527.29
2025-08-29,HNB.N0000,398.287932,401.012539,395.315634,395.811017,101543.65
2025-09-01,HNB.N0000,396.3064,399.278698,394.820251,398.287932,213389.44
2025-09-02,HNB.N0000,398.287932,398.287932,393.334102,394.077177,116418
2025-09-03,HNB.N0000,394.077177,396.058709,391.35257,391.35257,116432.13
2025-09-04,HNB.N0000,391.35257,391.35257,388.380272,389.866421,42176.46
2025-09-08,HNB.N0000,390.857187,390.857187,381.44491,384.417208,147426.33
2025-09-09,HNB.N0000,385.903357,385.903357,380.206453,381.44491,502063.05
2025-09-10,HNB.N0000,381.44491,396.3064,376.738771,391.35257,268834.42
2025-09-11,HNB.N0000,392.343336,392.343336,381.44491,381.44491,170232.93
2025-09-12,HNB.N0000,381.940293,387.389506,380.454144,380.454144,1107133.27
2025-09-15,HNB.N0000,382.435676,382.435676,375.500314,376.49108,302124.82
2025-09-16,HNB.N0000,376.49108,381.44491,376.243388,381.44491,255341.83
2025-09-17,HNB.N0000,383.921825,386.646432,380.206453,380.454144,78703.75
2025-09-18,HNB.N0000,380.949527,385.903357,380.949527,381.44491,82306.01
2025-09-19,HNB.N0000,383.674133,385.407974,381.44491,385.407974,84196.47
2025-09-22,HNB.N0000,386.39874,395.811017,384.417208,384.417208,192209.87
2025-09-23,HNB.N0000,384.417208,389.371038,384.417208,386.39874,101104.6
2025-09-24,HNB.N0000,389.371038,389.371038,385.160282,385.407974,38263.32
2025-09-25,HNB.N0000,386.39874,389.371038,376.49108,389.371038,355221.11
2025-09-26,HNB.N0000,390.361804,391.104878,388.132581,388.380272,273874.96
2025-09-29,HNB.N0000,390.114112,391.35257,387.389506,388.875655,141247.28
2025-09-30,HNB.N0000,388.380272,391.35257,388.380272,389.371038,147284.02
2025-10-01,HNB.N0000,389.618729,389.618729,385.903357,385.903357,273398.56
2025-10-02,HNB.N0000,388.380272,388.380272,384.417208,388.380272,183976.84
2025-10-03,HNB.N0000,387.884889,389.371038,384.664899,386.39874,307070.49
2025-10-07,HNB.N0000,390.361804,390.361804,385.407974,386.39874,219237.44
2025-10-08,HNB.N0000,386.894123,387.389506,385.407974,386.39874,297931.1
2025-10-09,HNB.N0000,387.389506,388.380272,384.912591,386.39874,137888.26
2025-10-10,HNB.N0000,386.39874,392.838719,386.39874,392.838719,228906.72
2025-10-13,HNB.N0000,391.104878,396.3064,389.371038,391.35257,448496.42
2025-10-14,HNB.N0000,393.829485,396.3064,392.343336,393.334102,95658.31
2025-10-15,HNB.N0000,390.361804,394.820251,388.380272,389.371038,144969.65
2025-10-16,HNB.N0000,389.123347,394.324868,389.123347,390.857187,95763.28
2025-10-17,HNB.N0000,393.334102,394.324868,390.857187,392.343336,211979.42
2025-10-21,HNB.N0000,393.829485,396.3064,393.334102,395.315634,95463.51
2025-10-22,HNB.N0000,395.315634,396.554092,394.820251,395.811017,347173.8
2025-10-23,HNB.N0000,396.3064,397.297166,392.591027,393.334102,153565.02
2025-10-24,HNB.N0000,393.334102,395.811017,392.343336,395.811017,53087.21
2025-10-27,HNB.N0000,396.058709,396.058709,391.35257,395.315634,93859.7
2025-10-28,HNB.N0000,395.811017,395.811017,389.371038,393.829485,90998.28
2025-10-29,HNB.N0000,393.08641,394.324868,392.343336,392.343336,26659.17
2025-10-30,HNB.N0000,395.315634,396.058709,391.35257,392.838719,53445.52
2025-10-31,HNB.N0000,391.35257,393.334102,391.35257,391.35257,83234.59
2025-11-03,HNB.N0000,394.324868,394.324868,391.35257,391.847953,70229.5
2025-11-04,HNB.N0000,391.35257,393.334102,391.35257,392.343336,76326.8
2025-11-06,HNB.N0000,393.581794,397.544857,393.581794,396.058709,60485.52
2025-11-07,HNB.N0000,396.3064,403.241762,395.067943,403.241762,381820.73
2025-11-10,HNB.N0000,401.26023,422.066316,401.26023,419.589401,455302.26
2025-11-11,HNB.N0000,419.837092,426.02938,419.589401,423.552465,441302.99
2025-11-12,HNB.N0000,424.047848,426.02938,423.057082,424.543231,78347.46
2025-11-13,HNB.N0000,426.02938,429.001678,415.378646,416.12172,370242.82
2025-11-14,HNB.N0000,415.130954,417.112486,408.443284,409.186358,396533.59
2025-11-17,HNB.N0000,411.16789,416.12172,411.16789,411.415581,155372.71
2025-11-18,HNB.N0000,412.406347,417.112486,406.21406,409.929433,94796.35
2025-11-19,HNB.N0000,409.681741,411.16789,408.938667,409.186358,127797.08
2025-11-20,HNB.N0000,410.177124,411.16789,409.186358,409.929433,93156.2
2025-11-21,HNB.N0000,409.929433,409.929433,405.223294,406.21406,268237.91
2025-11-24,HNB.N0000,405.470985,406.21406,396.058709,396.3064,369834.05
2025-11-25,HNB.N0000,396.3064,400.269464,396.058709,400.269464,260733.61
2025-11-26,HNB.N0000,401.26023,406.21406,401.26023,403.737145,31058.8
2025-11-27,HNB.N0000,403.241762,403.241762,399.278698,400.269464,24130.82
2025-11-28,HNB.N0000,399.774081,401.26023,398.287932,401.26023,18202.08
2025-12-01,HNB.N0000,395.315634,395.315634,381.44491,391.847953,516297.49
2025-12-02,HNB.N0000,389.371038,396.3064,389.371038,394.324868,120152.49
2025-12-03,HNB.N0000,395.811017,395.811017,385.407974,386.39874,293924.1
2025-12-05,HNB.N0000,386.151049,386.151049,380.454144,383.674133,459176.03
2025-12-08,HNB.N0000,383.674133,386.646432,380.949527,380.949527,276416.43
2025-12-09,HNB.N0000,383.426442,386.151049,379.958761,385.407974,111664.11
2025-12-10,HNB.N0000,386.39874,395.315634,386.39874,395.067943,177598.95
2025-12-11,HNB.N0000,396.3064,396.3064,381.940293,390.361804,118038.97
2025-12-12,HNB.N0000,394.820251,394.820251,388.380272,389.371038,42359.14
2025-12-15,HNB.N0000,392.343336,393.334102,385.407974,386.39874,44455.5
2025-12-16,HNB.N0000,386.39874,388.132581,385.407974,387.884889,59584.2
2025-12-17,HNB.N0000,387.141815,387.141815,385.655665,385.903357,38439.95
2025-12-18,HNB.N0000,386.39874,386.39874,384.912591,386.151049,25537.82
2025-12-19,HNB.N0000,386.39874,386.39874,384.169516,386.39874,78538.22
2025-12-22,HNB.N0000,385.407974,386.151049,381.44491,382.435676,92981.59
2025-12-23,HNB.N0000,388.380272,388.380272,380.454144,382.435676,62881.65
2025-12-24,HNB.N0000,381.940293,381.940293,380.454144,381.44491,73428.03
2025-12-26,HNB.N0000,381.44491,385.407974,381.44491,384.417208,24695.03
2025-12-29,HNB.N0000,385.407974,388.875655,384.417208,386.646432,66449.6
2025-12-30,HNB.N0000,386.646432,401.012539,386.646432,395.315634,102726.58
2025-12-31,HNB.N0000,395.315634,396.3064,394.324868,394.324868,110616.43
2026-01-02,HNB.N0000,398.287932,398.287932,395.811017,397.297166,43833.76
2026-01-05,HNB.N0000,396.3064,397.297166,396.058709,396.801783,128583.34
2026-01-06,HNB.N0000,397.297166,416.12172,396.3064,415.626337,192470.27
2026-01-07,HNB.N0000,415.130954,422.066316,415.130954,422.066316,100055.92
2026-01-08,HNB.N0000,417.112486,423.057082,417.112486,422.066316,878253.8
2026-01-09,HNB.N0000,422.066316,423.057082,421.07555,421.818624,167935.72
2026-01-12,HNB.N0000,423.057082,423.057082,416.617103,418.103252,116100.07
2026-01-13,HNB.N0000,417.855561,420.084784,416.369412,418.103252,203529.39
2026-01-14,HNB.N0000,420.084784,420.827858,415.130954,416.12172,130629.23
2026-01-16,HNB.N0000,416.12172,419.094018,414.140188,418.103252,262711.88
2026-01-19,HNB.N0000,418.103252,419.094018,415.626337,418.103252,133671.32
2026-01-20,HNB.N0000,418.103252,418.103252,415.626337,417.112486,113505.11
2026-01-21,HNB.N0000,416.617103,421.07555,415.626337,421.07555,418295.54
2026-01-22,HNB.N0000,421.07555,429.497061,420.332475,428.010912,1089564.03
2026-01-23,HNB.N0000,428.010912,429.24937,428.010912,429.001678,389208.96
2026-01-26,HNB.N0000,429.497061,430.735519,426.277071,428.010912,185941.99
2026-01-27,HNB.N0000,427.020146,428.010912,425.781688,428.010912,154374.49
2026-01-28,HNB.N0000,426.02938,427.020146,424.047848,424.047848,120517.86
2026-01-29,HNB.N0000,424.047848,428.010912,416.864795,423.800157,45047.97
2026-01-30,HNB.N0000,422.809391,426.02938,421.07555,423.057082,128414.78
2026-02-02,HNB.N0000,422.561699,422.809391,418.350944,421.07555,69876.24
2026-02-03,HNB.N0000,422.066316,423.057082,420.580167,420.580167,44454.49
2026-02-05,HNB.N0000,421.07555,421.07555,418.103252,419.837092,94965.92
2026-02-06,HNB.N0000,419.837092,426.02938,418.350944,425.038614,109807.97
2026-02-09,HNB.N0000,425.038614,426.02938,424.047848,425.038614,55931.47
2026-02-10,HNB.N0000,426.02938,426.02938,424.543231,425.038614,129048.64
2026-02-11,HNB.N0000,426.02938,426.02938,424.790923,425.286306,247619.52
2026-02-12,HNB.N0000,426.02938,426.02938,424.790923,426.02938,246166.1
2026-02-13,HNB.N0000,426.02938,444.853934,425.286306,435.689348,354252.16
2026-02-16,HNB.N0000,432.964742,454.513902,432.964742,448.816998,338386.66
2026-02-17,HNB.N0000,450.79853,451.789296,445.8447,447.826232,206057.74
2026-02-18,HNB.N0000,449.064689,452.780062,447.57854,451.789296,512218.83
2026-02-19,HNB.N0000,453.275445,455.75236,449.807764,451.293913,179796.24
2026-02-20,HNB.N0000,450.79853,453.770828,448.073923,450.79853,371796.17
2026-02-23,HNB.N0000,450.79853,453.770828,449.064689,453.770828,115129.1
2026-02-24,HNB.N0000,453.275445,454.761594,450.79853,451.293913,66087.25
2026-02-25,HNB.N0000,451.541605,453.770828,450.79853,450.79853,530455.22
2026-02-26,HNB.N0000,452.780062,454.01852,441.881636,445.101626,363294.66
2026-02-27,HNB.N0000,445.8447,447.826232,440.89087,442.872402,236963.12
2026-03-03,HNB.N0000,430.98321,434.946274,416.12172,424.047848,605917.04
2026-03-04,HNB.N0000,423.304774,429.001678,422.314008,427.020146,317000.18
2026-03-05,HNB.N0000,429.001678,430.98321,428.010912,428.258603,83393.05
2026-03-06,HNB.N0000,428.010912,428.010912,424.047848,425.286306,214395.73
2026-03-09,HNB.N0000,416.12172,416.12172,406.21406,410.672507,382254.74
2026-03-10,HNB.N0000,410.177124,425.038614,410.177124,423.304774,66746.34
2026-03-11,HNB.N0000,426.02938,426.02938,421.07555,421.570933,243619.58
2026-03-12,HNB.N0000,422.066316,422.066316,411.16789,415.130954,33291.41
2026-03-13,HNB.N0000,414.140188,414.140188,406.21406,409.186358,250953.3
2026-03-16,HNB.N0000,405.223294,405.223294,388.875655,395.315634,289900.95
2026-03-17,HNB.N0000,395.315634,405.718677,391.35257,391.847953,332321.66
2026-03-18,HNB.N0000,390.361804,396.3064,390.361804,393.334102,1183054.32
2026-03-19,HNB.N0000,393.334102,393.334102,388.132581,388.875655,462569.37
2026-03-20,HNB.N0000,388.380272,391.35257,386.894123,388.627964,130445.53
2026-03-23,HNB.N0000,388.380272,388.380272,384.912591,386.39874,144068.33
2026-03-24,HNB.N0000,391.35257,405.223294,391.35257,398.287932,148024.86
2026-03-25,HNB.N0000,404.232528,415.626337,404.232528,414.140188,144625.47
2026-03-26,HNB.N0000,410.316017,410.316017,397.554993,402.463079,66160.93
2026-03-27,HNB.N0000,402.463079,407.371166,400.499845,402.217676,163687.49
2026-03-30,HNB.N0000,404.975602,404.975602,399.278698,403.241762,108149.65
2026-03-31,HNB.N0000,407.204826,408.195592,400.764847,406.21406,234491.29
2026-04-02,HNB.N0000,398.5,400.25,394.25,399,85855
2026-04-06,HNB.N0000,399,399.5,393.75,396,91373
2026-04-07,HNB.N0000,395.75,398.25,394,397.25,72216
2026-04-08,HNB.N0000,402,418.25,402,415.5,125732
2026-04-09,HNB.N0000,414,414,408.5,414,66406
2026-04-10,HNB.N0000,414,414,410,411,68419
2026-04-15,HNB.N0000,411,414.5,411,414,17515
2026-04-16,HNB.N0000,414.75,416.5,414.25,415,79419
2026-04-17,HNB.N0000,415,415,411,413.5,59856
2026-04-20,HNB.N0000,412.5,415,409.5,413.75,31819
2026-04-21,HNB.N0000,414.75,414.75,412.5,413,180705
2026-04-22,HNB.N0000,414.75,414.75,409.5,411,24406
2026-04-23,HNB.N0000,413,413,410,411,34710
2026-04-24,HNB.N0000,411,414.75,409,409.75,28327
2026-04-27,HNB.N0000,410,410,407,409.5,15443
2026-04-28,HNB.N0000,409.5,410.25,409,409,90211
2026-04-29,HNB.N0000,410,412,409,410,42682
2026-04-30,HNB.N0000,410.25,410.25,408.5,409.75,74010
2026-05-04,HNB.N0000,409.75,410,408.25,409.75,29501
2026-05-05,HNB.N0000,410,411,410,410.5,108511
2026-05-06,HNB.N0000,410.25,414.75,410.25,414,13746
2026-05-07,HNB.N0000,414.25,415,413.25,413.5,25883
2026-05-08,HNB.N0000,413.5,418.5,413.5,418,126585
2026-05-11,HNB.N0000,418,419.5,416.5,417,53934
2026-05-12,HNB.N0000,419.5,419.5,415,416,59864
2026-05-13,HNB.N0000,415.5,416,413.5,414,290566
2026-05-14,HNB.N0000,414,414,412,413,82820
2026-05-15,HNB.N0000,413,415,412,412,12503
2026-05-18,HNB.N0000,411.5,411.5,407,408,262817
2026-05-19,HNB.N0000,407,409,406,406,107813
2026-05-20,HNB.N0000,406,406,400,401.75,205734
2026-05-21,HNB.N0000,400.5,404.75,400,400,217295
2026-05-22,HNB.N0000,400,404,399.75,401,73941
2026-05-25,HNB.N0000,401,407.5,401,404,22840
2026-05-26,HNB.N0000,404,405,399.75,400,58338
2026-05-27,HNB.N0000,399.75,402.75,399,399.75,44243
2026-05-29,HNB.N0000,400,402.75,395,399,945230
2026-06-01,HNB.N0000,402.75,402.75,397,397,29828
2026-06-02,HNB.N0000,399,399,395,396.5,49407
2026-06-03,HNB.N0000,396.5,396.5,394,394.75,32342
2026-06-04,HNB.N0000,395,395,390,391,107932
2026-06-05,HNB.N0000,394.75,397,390,392,44274
2026-06-08,HNB.N0000,397,397,389,392,745889
2026-06-09,HNB.N0000,394,396,391,392,20628
2026-06-10,HNB.N0000,395,395,389,391,38034
2026-06-11,HNB.N0000,390,390,388,389,39532
2026-06-12,HNB.N0000,389,398.5,389,396.75,66924
2026-06-15,HNB.N0000,400,409,400,404,67453
2026-06-16,HNB.N0000,406,409.5,403.75,404,71480
2026-06-17,HNB.N0000,404.75,404.75,402,403.75,95237
2026-06-18,HNB.N0000,404.75,404.75,402.75,403,118249
2026-06-19,HNB.N0000,403.25,404.5,399.5,400,29336
2026-06-22,HNB.N0000,403,404.75,399.5,403.5,9296
2026-06-23,HNB.N0000,404,405,401,403,4199
2026-06-24,HNB.N0000,404.75,404.75,401,401,8885
2026-06-25,HNB.N0000,401,404,400,403.5,10908
2026-06-26,HNB.N0000,404,404,402.75,403,7172
2026-06-30,HNB.N0000,403,404,401,404,6831
2026-07-01,HNB.N0000,404,407,399.25,401,33229
2026-07-02,HNB.N0000,404,404,400,400.5,13851
2026-07-03,HNB.N0000,404,404,399.75,400,100861
2026-07-06,HNB.N0000,402,402,396,399,43141
2026-07-07,HNB.N0000,400,400,394.75,397.5,20240
2026-07-08,HNB.N0000,399.25,399.25,395.5,395.5,4255
2026-07-09,HNB.N0000,396,396.5,394,396,19668
2026-07-10,HNB.N0000,396.5,397.75,396.5,397,30781
2026-07-13,HNB.N0000,396.5,397,393.75,394,11317
2026-07-14,HNB.N0000,394.75,394.75,391.5,392.75,11502
2026-07-15,HNB.N0000,391,394.5,389.75,390,23839
2026-07-16,HNB.N0000,390,391.75,388,390,17140
2026-07-17,HNB.N0000,390,390,388,389,12990
2026-07-20,HNB.N0000,390,390,385,385,86702
2026-07-21,HNB.N0000,390,390,383.5,384,43497
2026-07-22,HNB.N0000,384,390,383,385,21450
2026-07-23,HNB.N0000,390,390,385,388,6837
2026-07-24,HNB.N0000,388.25,390,384.75,385,86158
2026-07-27,HNB.N0000,388,390.25,385.75,386,46543
