date,ticker,open,high,low,close,volume
2012-02-22,JKH.N0000,17.351429,17.361407,16.61307,17.351429,13343590
2012-02-23,JKH.N0000,17.351429,17.76052,17.261629,17.680697,4216350
2012-02-24,JKH.N0000,17.351429,17.660741,17.351429,17.570941,213490
2012-02-27,JKH.N0000,17.351429,17.610852,17.16185,17.461185,838810
2012-03-05,JKH.N0000,18.069832,18.129699,17.710631,18.069832,8686400
2012-03-06,JKH.N0000,18.62859,18.708412,18.129699,18.62859,3381030
2012-03-08,JKH.N0000,18.568723,18.658523,18.259411,18.568723,4600910
2012-03-09,JKH.N0000,18.888013,18.927925,18.558745,18.888013,4406890
2012-03-13,JKH.N0000,19.356971,19.456749,19.257193,19.356971,13835530
2012-03-14,JKH.N0000,19.456749,19.526594,19.356971,19.456749,6050960
2012-03-15,JKH.N0000,19.486682,19.556527,19.40686,19.486682,3981690
2012-03-16,JKH.N0000,19.466727,19.556527,18.957858,19.466727,76990200
2012-03-19,JKH.N0000,19.95564,19.995551,19.456749,19.95564,20928880
2012-03-20,JKH.N0000,19.95564,20.055418,19.945662,19.95564,9735300
2012-03-21,JKH.N0000,19.456749,19.855862,19.396882,19.456749,1100290
2012-03-22,JKH.N0000,19.067614,19.855862,18.967836,19.067614,2675300
2012-03-23,JKH.N0000,19.436793,19.466727,19.067614,19.436793,20877000
2012-03-26,JKH.N0000,19.935684,19.95564,19.217281,19.935684,7356510
2012-03-27,JKH.N0000,20.055418,20.065396,19.935684,20.055418,6058660
2012-03-28,JKH.N0000,20.484464,20.554309,20.055418,20.484464,12185780
2012-03-29,JKH.N0000,20.793777,20.953422,20.464509,20.793777,5322510
2012-03-30,JKH.N0000,20.554309,20.953422,20.454531,20.554309,5443240
2012-04-02,JKH.N0000,20.793777,20.833688,20.554309,20.793777,4012660
2012-04-03,JKH.N0000,20.853644,20.903533,20.793777,20.853644,6537310
2012-04-04,JKH.N0000,20.853644,20.903533,20.753866,20.853644,4409860
2012-04-05,JKH.N0000,20.883577,21.033245,20.753866,20.883577,2586460
2012-04-09,JKH.N0000,20.863622,20.953422,20.853644,20.863622,408780
2012-04-10,JKH.N0000,20.853644,20.943444,20.773821,20.853644,260920
2012-04-11,JKH.N0000,20.893555,20.953422,20.853644,20.893555,205960
2012-04-16,JKH.N0000,20.923489,20.943444,20.773821,20.923489,5184600
2012-04-17,JKH.N0000,20.893555,20.913511,20.873599,20.893555,10363940
2012-04-18,JKH.N0000,20.803755,20.943444,20.753866,20.803755,1334260
2012-04-19,JKH.N0000,20.604198,20.853644,20.454531,20.604198,2973250
2012-04-20,JKH.N0000,20.554309,20.654087,20.554309,20.554309,2116730
2012-04-23,JKH.N0000,20.554309,20.703977,20.50442,20.554309,966320
2012-04-24,JKH.N0000,20.554309,20.604198,20.454531,20.554309,2905930
2012-04-25,JKH.N0000,20.484464,20.59422,20.454531,20.484464,2468870
2012-04-26,JKH.N0000,20.314842,20.404642,20.254975,20.314842,1418560
2012-04-27,JKH.N0000,20.314842,20.454531,20.254975,20.314842,3462540
2012-04-30,JKH.N0000,20.264952,20.354753,20.105307,20.264952,5911810
2012-05-02,JKH.N0000,20.105307,20.354753,20.005529,20.105307,4200000
2012-05-03,JKH.N0000,20.115285,20.205086,19.965618,20.115285,1068120
2012-05-04,JKH.N0000,20.155196,20.195108,19.985573,20.155196,2056700
2012-05-08,JKH.N0000,20.155196,20.254975,20.055418,20.155196,3461140
2012-05-09,JKH.N0000,19.945662,20.155196,19.935684,19.945662,2767550
2012-05-10,JKH.N0000,19.746106,19.945662,19.666283,19.746106,4003530
2012-05-11,JKH.N0000,19.646328,19.756084,19.556527,19.646328,2376990
2012-05-14,JKH.N0000,19.656305,19.696217,19.556527,19.656305,2376920
2012-05-15,JKH.N0000,19.766061,19.95564,19.656305,19.766061,7563930
2012-05-16,JKH.N0000,19.815951,19.935684,19.756084,19.815951,488430
2012-05-17,JKH.N0000,19.95564,20.055418,19.756084,19.95564,336490
2012-05-18,JKH.N0000,20.035463,20.055418,19.95564,20.035463,434830
2012-05-21,JKH.N0000,20.165174,20.205086,19.985573,20.165174,2355730
2012-05-22,JKH.N0000,20.165174,20.205086,20.155196,20.165174,472340
2012-05-23,JKH.N0000,19.556527,20.155196,19.376926,19.556527,19124160
2012-05-24,JKH.N0000,19.646328,19.945662,19.616394,19.646328,6074120
2012-05-25,JKH.N0000,19.476705,19.756084,19.466727,19.476705,131910
2012-05-28,JKH.N0000,19.067614,19.646328,19.057636,19.067614,8058400
2012-05-29,JKH.N0000,18.738346,18.967836,18.658523,18.738346,7964180
2012-05-30,JKH.N0000,18.458967,18.85808,18.458967,18.458967,21154140
2012-05-31,JKH.N0000,18.419056,18.658523,18.369167,18.419056,2779960
2012-06-01,JKH.N0000,18.359189,18.458967,18.3093,18.359189,94700
2012-06-05,JKH.N0000,17.321496,18.458967,17.16185,17.321496,5484390
2012-06-06,JKH.N0000,17.690675,17.76052,17.461185,17.690675,641440
2012-06-07,JKH.N0000,17.870276,17.970054,17.750542,17.870276,7709970
2012-06-08,JKH.N0000,17.830364,17.900209,17.76052,17.830364,3416130
2012-06-11,JKH.N0000,17.960076,18.159632,17.960076,17.960076,1471580
2012-06-12,JKH.N0000,18.029921,18.059854,17.980032,18.029921,1671100
2012-06-13,JKH.N0000,18.16961,18.458967,18.019943,18.16961,1585140
2012-06-14,JKH.N0000,18.558745,18.658523,18.16961,18.558745,1225340
2012-06-15,JKH.N0000,18.788235,18.85808,18.508856,18.788235,670120
2012-06-18,JKH.N0000,18.937902,19.007747,18.558745,18.937902,309590
2012-06-19,JKH.N0000,19.027703,19.147437,18.85808,19.027703,741640
2012-06-20,JKH.N0000,19.356971,19.40686,18.957858,19.356971,553570
2012-06-21,JKH.N0000,19.556527,19.656305,19.356971,19.556527,2884840
2012-06-22,JKH.N0000,19.346993,19.656305,19.157414,19.346993,7513740
2012-06-25,JKH.N0000,18.987791,19.346993,18.957858,18.987791,121610
2012-06-26,JKH.N0000,18.957858,19.446771,18.878035,18.957858,10179750
2012-06-27,JKH.N0000,18.85808,19.057636,18.85808,18.85808,37438270
2012-06-28,JKH.N0000,18.458967,18.957858,18.458967,18.458967,8754950
2012-06-29,JKH.N0000,18.239455,18.568723,18.16961,18.239455,206760
2012-07-02,JKH.N0000,18.409078,18.508856,18.159632,18.409078,131590
2012-07-04,JKH.N0000,18.498878,18.94788,18.369167,18.498878,6236330
2012-07-05,JKH.N0000,18.379144,18.458967,18.349211,18.379144,157400
2012-07-06,JKH.N0000,18.448989,18.458967,18.259411,18.448989,57610
2012-07-09,JKH.N0000,18.3991,18.448989,18.16961,18.3991,160010
2012-07-10,JKH.N0000,18.299322,18.458967,18.259411,18.299322,1381750
2012-07-11,JKH.N0000,18.209521,18.259411,18.209521,18.209521,142600
2012-07-12,JKH.N0000,18.009965,18.259411,17.980032,18.009965,1511080
2012-07-13,JKH.N0000,17.930143,18.159632,17.910187,17.930143,1378550
2012-07-16,JKH.N0000,17.950098,17.970054,17.810409,17.950098,425070
2012-07-17,JKH.N0000,17.780475,17.960076,17.750542,17.780475,780030
2012-07-18,JKH.N0000,17.660741,17.76052,17.560963,17.660741,963420
2012-07-19,JKH.N0000,17.960076,18.109743,17.76052,17.960076,3136690
2012-07-20,JKH.N0000,17.960076,18.159632,17.860298,17.960076,460910
2012-07-23,JKH.N0000,17.870276,17.960076,17.860298,17.870276,6231530
2012-07-24,JKH.N0000,17.800431,17.960076,17.76052,17.800431,909730
2012-07-25,JKH.N0000,17.660741,17.860298,17.650764,17.660741,1710450
2012-07-26,JKH.N0000,17.750542,17.800431,17.660741,17.750542,262310
2012-07-27,JKH.N0000,18.349211,18.409078,17.960076,18.349211,3114700
2012-07-30,JKH.N0000,18.478923,18.508856,18.349211,18.478923,2643120
2012-07-31,JKH.N0000,18.349211,18.558745,18.349211,18.349211,16346830
2012-08-02,JKH.N0000,18.458967,18.558745,18.448989,18.458967,20248580
2012-08-03,JKH.N0000,18.369167,18.458967,18.3093,18.369167,3405160
2012-08-06,JKH.N0000,18.448989,18.548767,18.409078,18.448989,11633690
2012-08-07,JKH.N0000,18.448989,18.458967,18.3093,18.448989,5317760
2012-08-08,JKH.N0000,18.359189,18.448989,18.249433,18.359189,476520
2012-08-09,JKH.N0000,18.458967,18.658523,18.409078,18.458967,14892200
2012-08-10,JKH.N0000,18.458967,18.458967,18.359189,18.458967,139350
2012-08-13,JKH.N0000,18.508856,18.558745,18.458967,18.508856,877310
2012-08-14,JKH.N0000,19.436793,19.456749,18.458967,19.436793,10944720
2012-08-15,JKH.N0000,19.855862,19.95564,19.396882,19.855862,35644070
2012-08-16,JKH.N0000,19.456749,19.835906,19.17737,19.456749,2383400
2012-08-17,JKH.N0000,19.466727,19.606416,19.26717,19.466727,576930
2012-08-20,JKH.N0000,19.746106,19.825928,19.606416,19.746106,878280
2012-08-21,JKH.N0000,19.756084,19.815951,19.356971,19.756084,2643290
2012-08-22,JKH.N0000,19.855862,19.905751,19.815951,19.855862,6299570
2012-08-23,JKH.N0000,19.855862,19.86584,19.756084,19.855862,11050660
2012-08-24,JKH.N0000,19.476705,19.656305,19.456749,19.476705,3797730
2012-08-27,JKH.N0000,19.696217,19.786017,19.606416,19.696217,1567160
2012-08-28,JKH.N0000,19.795995,19.855862,19.756084,19.795995,306460
2012-08-29,JKH.N0000,19.756084,19.835906,19.656305,19.756084,234210
2012-08-30,JKH.N0000,19.736128,19.756084,19.706195,19.736128,2765160
2012-09-03,JKH.N0000,19.776039,19.805973,19.706195,19.776039,2534790
2012-09-04,JKH.N0000,19.855862,19.905751,19.706195,19.855862,361540
2012-09-05,JKH.N0000,19.666283,19.855862,19.656305,19.666283,1325340
2012-09-06,JKH.N0000,19.835906,19.855862,19.656305,19.835906,3063550
2012-09-07,JKH.N0000,19.95564,20.055418,19.835906,19.95564,6302670
2012-09-10,JKH.N0000,20.424598,20.454531,19.95564,20.424598,3451140
2012-09-11,JKH.N0000,20.254975,20.404642,19.95564,20.254975,602560
2012-09-12,JKH.N0000,20.793777,20.953422,19.965618,20.793777,7274250
2012-09-13,JKH.N0000,21.19289,21.252757,20.933466,21.19289,6600590
2012-09-14,JKH.N0000,21.751648,21.781581,21.312624,21.751648,17446920
2012-09-17,JKH.N0000,21.891337,21.951204,21.751648,21.891337,2126950
2012-09-18,JKH.N0000,21.651869,21.901315,21.452313,21.651869,4595380
2012-09-19,JKH.N0000,21.751648,21.771603,21.452313,21.751648,10474420
2012-09-20,JKH.N0000,21.891337,21.901315,21.552091,21.891337,3248910
2012-09-21,JKH.N0000,21.961182,22.041004,21.911293,21.961182,18837530
2012-09-24,JKH.N0000,21.951204,22.050982,21.801537,21.951204,2549610
2012-09-25,JKH.N0000,22.090893,22.140783,21.801537,22.090893,3071170
2012-09-26,JKH.N0000,22.250539,22.340339,22.050982,22.250539,8141620
2012-09-27,JKH.N0000,22.450095,22.499984,22.250539,22.450095,9511600
2012-09-28,JKH.N0000,22.859186,22.939008,22.450095,22.859186,11970250
2012-10-01,JKH.N0000,22.69954,22.948986,22.649651,22.69954,3496040
2012-10-02,JKH.N0000,22.460073,22.799319,22.350317,22.460073,392700
2012-10-03,JKH.N0000,22.120827,22.649651,21.951204,22.120827,14519180
2012-10-04,JKH.N0000,21.941226,22.440117,21.751648,21.941226,926330
2012-10-05,JKH.N0000,21.592002,21.951204,21.302646,21.592002,1640240
2012-10-08,JKH.N0000,21.003311,21.951204,20.953422,21.003311,2745530
2012-10-09,JKH.N0000,21.332579,21.492224,21.152978,21.332579,2535390
2012-10-10,JKH.N0000,20.833688,21.452313,20.723932,20.833688,6624610
2012-10-11,JKH.N0000,20.304864,20.953422,20.254975,20.304864,6648760
2012-10-12,JKH.N0000,20.494442,20.753866,20.314842,20.494442,4916940
2012-10-15,JKH.N0000,20.454531,20.953422,20.454531,20.454531,38379640
2012-10-16,JKH.N0000,20.394664,20.753866,20.254975,20.394664,585770
2012-10-17,JKH.N0000,20.244997,20.404642,20.165174,20.244997,777950
2012-10-18,JKH.N0000,20.344775,20.454531,20.165174,20.344775,9060010
2012-10-19,JKH.N0000,20.554309,20.753866,20.454531,20.554309,552950
2012-10-22,JKH.N0000,20.654087,20.753866,20.534354,20.654087,1895070
2012-10-23,JKH.N0000,20.753866,20.923489,20.654087,20.753866,6517300
2012-10-24,JKH.N0000,20.713954,20.853644,20.664065,20.713954,2294490
2012-10-25,JKH.N0000,20.753866,20.853644,20.654087,20.753866,221210
2012-10-26,JKH.N0000,20.763843,20.903533,20.654087,20.763843,935080
2012-10-30,JKH.N0000,20.634132,20.753866,20.584243,20.634132,1287830
2012-10-31,JKH.N0000,20.474487,20.753866,20.454531,20.474487,11536290
2012-11-01,JKH.N0000,20.604198,20.753866,20.544331,20.604198,717000
2012-11-02,JKH.N0000,20.923489,21.152978,20.574265,20.923489,27594100
2012-11-05,JKH.N0000,21.113067,21.152978,20.853644,21.113067,2188250
2012-11-06,JKH.N0000,21.162956,21.452313,20.9634,21.162956,472020
2012-11-07,JKH.N0000,21.28269,21.442335,21.162956,21.28269,407660
2012-11-08,JKH.N0000,21.342557,21.402424,21.252757,21.342557,226010
2012-11-09,JKH.N0000,21.442335,21.462291,21.352535,21.442335,7494460
2012-11-12,JKH.N0000,21.641892,21.751648,21.402424,21.641892,1236770
2012-11-14,JKH.N0000,21.751648,21.771603,21.552091,21.751648,3316770
2012-11-15,JKH.N0000,21.532136,21.851426,21.352535,21.532136,14112860
2012-11-16,JKH.N0000,21.631914,21.651869,21.60198,21.631914,9448490
2012-11-19,JKH.N0000,21.552091,21.651869,21.362513,21.552091,997450
2012-11-20,JKH.N0000,21.352535,21.60198,21.252757,21.352535,768740
2012-11-21,JKH.N0000,20.9634,21.352535,20.853644,20.9634,16000940
2012-11-22,JKH.N0000,21.152978,21.302646,20.803755,21.152978,324510
2012-11-23,JKH.N0000,21.103089,21.242779,20.953422,21.103089,769350
2012-11-26,JKH.N0000,21.133023,21.232801,21.103089,21.133023,1256560
2012-11-28,JKH.N0000,20.863622,21.152978,20.853644,20.863622,18614620
2012-11-29,JKH.N0000,21.123045,21.152978,20.953422,21.123045,16581880
2012-11-30,JKH.N0000,20.803755,21.152978,20.464509,20.803755,3550240
2012-12-03,JKH.N0000,20.664065,20.953422,20.554309,20.664065,1196760
2012-12-04,JKH.N0000,20.863622,20.953422,20.654087,20.863622,7709920
2012-12-05,JKH.N0000,20.883577,20.953422,20.803755,20.883577,7957880
2012-12-06,JKH.N0000,21.023267,21.0532,20.853644,21.023267,2463650
2012-12-07,JKH.N0000,20.953422,21.152978,20.853644,20.953422,304520
2012-12-10,JKH.N0000,21.0532,21.152978,20.953422,21.0532,4319660
2012-12-11,JKH.N0000,21.133023,21.152978,21.013289,21.133023,1726330
2012-12-12,JKH.N0000,21.392446,21.452313,21.133023,21.392446,2097840
2012-12-13,JKH.N0000,21.691781,21.751648,21.452313,21.691781,1387990
2012-12-14,JKH.N0000,21.751648,21.751648,21.661847,21.751648,4950260
2012-12-17,JKH.N0000,21.631914,21.791559,21.502202,21.631914,125730
2012-12-18,JKH.N0000,21.731692,21.851426,21.552091,21.731692,7141080
2012-12-19,JKH.N0000,21.651869,21.74167,21.482246,21.651869,356180
2012-12-20,JKH.N0000,21.751648,21.751648,21.651869,21.751648,26304210
2012-12-21,JKH.N0000,21.751648,21.751648,21.651869,21.751648,14992200
2012-12-24,JKH.N0000,21.651869,21.701758,21.651869,21.651869,117630
2012-12-26,JKH.N0000,21.751648,21.751648,21.651869,21.751648,6947660
2012-12-28,JKH.N0000,21.891337,21.951204,21.751648,21.891337,28721420
2012-12-31,JKH.N0000,21.941226,21.951204,21.851426,21.941226,1472330
2013-01-02,JKH.N0000,21.941226,21.951204,21.851426,21.941226,450240
2013-01-03,JKH.N0000,21.951204,21.951204,21.851426,21.951204,4326560
2013-01-04,JKH.N0000,21.941226,21.961182,21.911293,21.941226,24147100
2013-01-07,JKH.N0000,22.250539,22.300428,21.951204,22.250539,9853300
2013-01-08,JKH.N0000,22.38025,22.440117,22.250539,22.38025,6925410
2013-01-09,JKH.N0000,22.350317,22.400206,22.250539,22.350317,847910
2013-01-10,JKH.N0000,22.310406,22.350317,22.250539,22.310406,7162490
2013-01-11,JKH.N0000,22.250539,22.270494,22.160738,22.250539,3562890
2013-01-15,JKH.N0000,22.38025,22.400206,22.250539,22.38025,8153450
2013-01-16,JKH.N0000,22.450095,22.460073,22.350317,22.450095,7391460
2013-01-17,JKH.N0000,22.450095,22.549873,22.450095,22.450095,5671280
2013-01-18,JKH.N0000,22.450095,22.549873,22.360295,22.450095,783410
2013-01-21,JKH.N0000,22.400206,22.499984,22.350317,22.400206,1651360
2013-01-22,JKH.N0000,22.400206,22.440117,22.350317,22.400206,984310
2013-01-23,JKH.N0000,22.410184,22.420162,22.400206,22.410184,779430
2013-01-24,JKH.N0000,22.400206,22.450095,22.400206,22.400206,1416200
2013-01-28,JKH.N0000,22.450095,22.509962,22.410184,22.450095,24406480
2013-01-29,JKH.N0000,22.460073,22.549873,22.410184,22.460073,17370080
2013-01-30,JKH.N0000,22.769385,22.919053,22.539895,22.769385,3583650
2013-01-31,JKH.N0000,22.939008,22.948986,22.849208,22.939008,57274770
2013-02-01,JKH.N0000,22.939008,23.038786,22.74943,22.939008,25760360
2013-02-05,JKH.N0000,22.859186,22.899097,22.74943,22.859186,3329730
2013-02-06,JKH.N0000,22.889119,22.899097,22.849208,22.889119,1285190
2013-02-07,JKH.N0000,22.909075,22.939008,22.849208,22.909075,12167650
2013-02-08,JKH.N0000,22.948986,23.038786,22.869163,22.948986,7850020
2013-02-11,JKH.N0000,22.939008,22.948986,22.74943,22.939008,1029970
2013-02-12,JKH.N0000,23.048764,23.048764,22.849208,23.048764,3411330
2013-02-13,JKH.N0000,23.048764,23.148542,22.958964,23.048764,6606250
2013-02-14,JKH.N0000,22.968942,23.148542,22.958964,22.968942,1060120
2013-02-15,JKH.N0000,22.958964,23.038786,22.948986,22.958964,2614060
2013-02-18,JKH.N0000,22.958964,23.038786,22.948986,22.958964,15579510
2013-02-19,JKH.N0000,23.048764,23.098653,22.978919,23.048764,8575620
2013-02-20,JKH.N0000,23.228365,23.248321,23.048764,23.228365,2970430
2013-02-21,JKH.N0000,23.447877,23.47781,23.248321,23.447877,13979130
2013-02-22,JKH.N0000,23.637456,23.647433,23.397988,23.637456,4174380
2013-02-26,JKH.N0000,23.547655,23.567611,23.258298,23.547655,10047910
2013-02-27,JKH.N0000,23.5277,23.557633,23.248321,23.5277,940670
2013-02-28,JKH.N0000,23.348099,23.587566,23.268276,23.348099,2571400
2013-03-01,JKH.N0000,23.467833,23.597544,23.248321,23.467833,119430
2013-03-04,JKH.N0000,23.338121,23.547655,23.278254,23.338121,293190
2013-03-05,JKH.N0000,23.397988,23.427921,23.348099,23.397988,10688150
2013-03-06,JKH.N0000,23.378032,23.407966,23.29821,23.378032,1047960
2013-03-07,JKH.N0000,23.358077,23.417944,23.348099,23.358077,3801090
2013-03-08,JKH.N0000,23.248321,23.397988,23.248321,23.248321,13453590
2013-03-11,JKH.N0000,23.417944,23.447877,23.248321,23.417944,5776420
2013-03-12,JKH.N0000,23.697323,23.747212,23.29821,23.697323,14706540
2013-03-13,JKH.N0000,23.657411,23.84699,23.647433,23.657411,4404970
2013-03-14,JKH.N0000,23.807079,23.84699,23.647433,23.807079,7120900
2013-03-15,JKH.N0000,23.946768,23.946768,23.797101,23.946768,11249550
2013-03-18,JKH.N0000,23.946768,24.046546,23.84699,23.946768,2662620
2013-03-19,JKH.N0000,24.325925,24.445659,23.946768,24.325925,18347790
2013-03-20,JKH.N0000,24.894661,24.914617,24.325925,24.894661,8510050
2013-03-21,JKH.N0000,24.844772,24.914617,24.645215,24.844772,732880
2013-03-22,JKH.N0000,24.695104,24.844772,24.445659,24.695104,11505730
2013-03-25,JKH.N0000,24.545437,24.645215,24.246103,24.545437,515920
2013-03-27,JKH.N0000,24.62526,24.645215,24.445659,24.62526,13622010
2013-03-28,JKH.N0000,24.645215,24.744994,24.645215,24.645215,3780710
2013-04-01,JKH.N0000,24.595326,24.645215,24.495548,24.595326,285290
2013-04-02,JKH.N0000,24.645215,24.645215,24.295992,24.645215,13024630
2013-04-03,JKH.N0000,24.685127,24.744994,24.645215,24.685127,12301240
2013-04-04,JKH.N0000,24.764949,24.794883,24.645215,24.764949,1067800
2013-04-05,JKH.N0000,24.645215,24.744994,24.645215,24.645215,1705060
2013-04-08,JKH.N0000,24.645215,24.695104,24.635238,24.645215,495840
2013-04-09,JKH.N0000,24.675149,24.695104,24.595326,24.675149,3219390
2013-04-10,JKH.N0000,24.685127,24.744994,24.645215,24.685127,418330
2013-04-11,JKH.N0000,24.675149,24.695104,24.545437,24.675149,256620
2013-04-12,JKH.N0000,24.725038,24.794883,24.695104,24.725038,794960
2013-04-16,JKH.N0000,24.794883,24.794883,24.645215,24.794883,1780400
2013-04-17,JKH.N0000,24.804861,24.844772,24.794883,24.804861,4079020
2013-04-18,JKH.N0000,24.844772,24.844772,24.695104,24.844772,1754340
2013-04-19,JKH.N0000,24.824816,24.894661,24.744994,24.824816,627060
2013-04-22,JKH.N0000,24.824816,24.844772,24.744994,24.824816,539740
2013-04-23,JKH.N0000,24.834794,24.844772,24.744994,24.834794,1269640
2013-04-24,JKH.N0000,24.844772,24.894661,24.794883,24.844772,4600010
2013-04-26,JKH.N0000,24.894661,24.894661,24.844772,24.894661,4585010
2013-04-29,JKH.N0000,24.934572,24.94455,24.844772,24.934572,1933230
2013-04-30,JKH.N0000,24.94455,24.94455,24.894661,24.94455,2546000
2013-05-02,JKH.N0000,24.94455,24.954528,24.904639,24.94455,3980530
2013-05-03,JKH.N0000,25.223929,25.243885,24.994439,25.223929,9607720
2013-05-06,JKH.N0000,25.962288,26.141888,25.243885,25.962288,1643760
2013-05-07,JKH.N0000,26.391334,26.421267,26.04211,26.391334,2199130
2013-05-08,JKH.N0000,26.930136,26.940114,26.431245,26.930136,3875360
2013-05-09,JKH.N0000,26.690668,26.950092,26.640779,26.690668,858030
2013-05-10,JKH.N0000,26.770491,27.039892,26.690668,26.770491,1276790
2013-05-13,JKH.N0000,26.930136,26.990003,26.740558,26.930136,4613890
2013-05-14,JKH.N0000,27.239449,27.339227,26.990003,27.239449,3721990
2013-05-15,JKH.N0000,27.359182,27.439005,27.239449,27.359182,16203930
2013-05-16,JKH.N0000,27.73834,27.788229,27.439005,27.73834,2483450
2013-05-17,JKH.N0000,28.426809,28.436787,27.73834,28.426809,3090860
2013-05-20,JKH.N0000,29.644103,29.783793,28.436787,29.644103,5424370
2013-05-21,JKH.N0000,29.634125,29.913504,29.444547,29.634125,14916650
2013-05-22,JKH.N0000,29.444547,29.634125,29.035456,29.444547,567490
2013-05-23,JKH.N0000,29.314835,29.434569,29.235013,29.314835,329740
2013-05-27,JKH.N0000,28.825922,29.424591,28.746099,28.825922,3197750
2013-05-28,JKH.N0000,28.8359,28.915722,28.636343,28.8359,2134850
2013-05-29,JKH.N0000,28.795989,28.935678,28.736122,28.795989,2035430
2013-05-30,JKH.N0000,28.626366,28.795989,28.536565,28.626366,1823670
2013-05-31,JKH.N0000,28.436787,28.636343,28.386898,28.436787,2075020
2013-06-03,JKH.N0000,28.28712,28.436787,28.137452,28.28712,1575040
2013-06-04,JKH.N0000,28.107519,28.237231,27.937896,28.107519,3103170
2013-06-05,JKH.N0000,27.878029,28.087563,27.788229,27.878029,1735400
2013-06-06,JKH.N0000,27.259404,27.937896,26.740558,27.259404,4074060
2013-06-07,JKH.N0000,26.441223,27.239449,26.441223,26.441223,976800
2013-06-10,JKH.N0000,27.219493,27.339227,26.600868,27.219493,2788270
2013-06-11,JKH.N0000,27.439005,27.538783,27.389116,27.439005,5241630
2013-06-12,JKH.N0000,27.289338,27.439005,27.039892,27.289338,482060
2013-06-13,JKH.N0000,26.640779,27.289338,26.600868,26.640779,605350
2013-06-14,JKH.N0000,26.50109,26.740558,26.441223,26.50109,8259450
2013-06-17,JKH.N0000,26.3614,26.491112,26.331467,26.3614,1067300
2013-06-18,JKH.N0000,26.341445,26.431245,26.291556,26.341445,378340
2013-06-19,JKH.N0000,26.441223,26.740558,26.441223,26.441223,1537240
2013-06-20,JKH.N0000,26.890225,26.940114,26.391334,26.890225,10501430
2013-06-21,JKH.N0000,26.451201,26.840336,26.441223,26.451201,1198150
2013-06-24,JKH.N0000,26.341445,26.441223,26.341445,26.341445,280970
2013-06-25,JKH.N0000,25.842554,26.341445,25.742776,25.842554,3920250
2013-06-26,JKH.N0000,24.874705,25.842554,24.744994,24.874705,38268680
2013-06-27,JKH.N0000,25.074262,25.642997,24.94455,25.074262,26389480
2013-06-28,JKH.N0000,25.094217,25.154084,25.074262,25.094217,976770
2013-07-01,JKH.N0000,25.982243,26.431245,25.054306,25.982243,920430
2013-07-02,JKH.N0000,26.620824,26.740558,26.191777,26.620824,1117740
2013-07-03,JKH.N0000,25.902421,26.640779,25.463397,25.902421,756410
2013-07-04,JKH.N0000,25.333685,25.922376,25.293774,25.333685,813940
2013-07-05,JKH.N0000,24.844772,25.293774,24.764949,24.844772,2154560
2013-07-08,JKH.N0000,24.046546,24.844772,23.946768,24.046546,4148330
2013-07-09,JKH.N0000,24.126369,24.295992,24.046546,24.126369,1442600
2013-07-10,JKH.N0000,24.505526,24.844772,24.196213,24.505526,2220800
2013-07-11,JKH.N0000,25.273818,25.642997,24.934572,25.273818,1598220
2013-07-12,JKH.N0000,24.934572,25.293774,24.794883,24.934572,1778020
2013-07-15,JKH.N0000,24.804861,24.94455,24.754971,24.804861,1484950
2013-07-16,JKH.N0000,24.565393,24.844772,24.25608,24.565393,13850950
2013-07-17,JKH.N0000,24.545437,24.844772,24.445659,24.545437,1002910
2013-07-18,JKH.N0000,24.914617,24.94455,24.445659,24.914617,10415150
2013-07-19,JKH.N0000,25.942332,26.04211,24.94455,25.942332,12485970
2013-07-23,JKH.N0000,26.970047,27.13967,25.942332,26.970047,3421390
2013-07-24,JKH.N0000,26.910181,27.259404,26.580912,26.910181,2453640
2013-07-25,JKH.N0000,26.640779,26.910181,26.541001,26.640779,2238740
2013-07-26,JKH.N0000,26.740558,26.840336,26.541001,26.740558,358950
2013-07-29,JKH.N0000,26.690668,26.890225,26.341445,26.690668,4165950
2013-07-30,JKH.N0000,26.351423,26.840336,25.942332,26.351423,17625520
2013-07-31,JKH.N0000,25.982243,26.241667,25.463397,25.982243,22920000
2013-08-01,JKH.N0000,26.511068,26.640779,26.141888,26.511068,4893070
2013-08-02,JKH.N0000,26.541001,26.640779,26.441223,26.541001,2413070
2013-08-05,JKH.N0000,26.73058,26.740558,26.441223,26.73058,478500
2013-08-06,JKH.N0000,26.860291,26.940114,26.451201,26.860291,6122960
2013-08-07,JKH.N0000,26.690668,26.940114,26.541001,26.690668,1168830
2013-08-08,JKH.N0000,26.371378,26.640779,26.371378,26.371378,463690
2013-08-12,JKH.N0000,26.171822,26.441223,25.942332,26.171822,2561950
2013-08-13,JKH.N0000,25.942332,26.241667,25.942332,25.942332,3842060
2013-08-14,JKH.N0000,25.942332,26.141888,25.942332,25.942332,9450050
2013-08-15,JKH.N0000,25.72282,25.972265,25.543219,25.72282,5623060
2013-08-16,JKH.N0000,25.623042,25.742776,24.94455,25.623042,8033890
2013-08-19,JKH.N0000,25.872487,25.942332,25.623042,25.872487,2796020
2013-08-21,JKH.N0000,24.884683,25.543219,24.844772,24.884683,3821140
2013-08-22,JKH.N0000,24.744994,24.94455,24.695104,24.744994,8209720
2013-08-23,JKH.N0000,23.976701,24.744994,23.946768,23.976701,19762030
2013-08-26,JKH.N0000,23.956746,24.046546,23.946768,23.956746,4621380
2013-08-27,JKH.N0000,23.108631,23.956746,22.759407,23.108631,7767150
2013-08-28,JKH.N0000,20.753866,22.948986,20.354753,20.753866,7414640
2013-08-29,JKH.N0000,21.412402,21.452313,20.753866,21.412402,5240290
2013-08-30,JKH.N0000,21.432357,21.651869,21.252757,21.432357,4326840
2013-09-02,JKH.N0000,21.242779,21.452313,21.143001,21.242779,5817070
2013-09-03,JKH.N0000,21.432357,21.452313,21.202867,21.432357,3055820
2013-09-04,JKH.N0000,21.252757,21.352535,21.232801,21.252757,4960670
2013-09-05,JKH.N0000,21.013289,21.302646,20.953422,21.013289,12564280
2013-09-06,JKH.N0000,20.893555,21.152978,20.853644,20.893555,5996800
2013-09-09,JKH.N0000,20.59422,20.853644,20.554309,20.59422,7120720
2013-09-10,JKH.N0000,20.853644,20.953422,20.554309,20.853644,15580010
2013-09-11,JKH.N0000,20.853644,21.152978,20.843666,20.853644,40572980
2013-09-12,JKH.N0000,20.943444,21.152978,20.853644,20.943444,5554640
2013-09-13,JKH.N0000,20.913511,21.152978,20.853644,20.913511,30823130
2013-09-16,JKH.N0000,21.043222,21.152978,20.903533,21.043222,23704350
2013-09-17,JKH.N0000,21.133023,21.152978,20.973378,21.133023,32822770
2013-09-18,JKH.N0000,21.152978,21.152978,21.003311,21.152978,14870690
2013-09-20,JKH.N0000,21.74167,21.751648,21.202867,21.74167,13774600
2013-09-23,JKH.N0000,21.951204,21.951204,21.751648,21.951204,3618390
2013-09-24,JKH.N0000,22.041004,22.06096,21.851426,22.041004,10850920
2013-09-25,JKH.N0000,22.240561,22.350317,22.050982,22.240561,11982890
2013-09-26,JKH.N0000,22.220605,22.350317,22.100871,22.220605,1868100
2013-09-27,JKH.N0000,21.841448,22.240561,21.801537,21.841448,2660210
2013-09-30,JKH.N0000,21.751648,21.851426,21.651869,21.751648,5075640
2013-10-01,JKH.N0000,21.851426,21.941226,21.562069,21.851426,10342750
2013-10-02,JKH.N0000,22.250539,22.350317,21.901315,22.250539,35405780
2013-10-03,JKH.N0000,21.332579,21.552091,20.853644,21.332579,11177320
2013-10-04,JKH.N0000,21.60198,21.951204,21.152978,21.60198,871500
2013-10-07,JKH.N0000,21.851426,21.951204,21.751648,21.851426,10774500
2013-10-08,JKH.N0000,21.851426,22.011071,21.851426,21.851426,8826270
2013-10-09,JKH.N0000,21.462291,21.851426,21.452313,21.462291,1747720
2013-10-10,JKH.N0000,21.452313,21.751648,21.452313,21.452313,3600550
2013-10-11,JKH.N0000,21.452313,21.651869,21.452313,21.452313,6496130
2013-10-14,JKH.N0000,21.452313,21.502202,21.452313,21.452313,281970
2013-10-15,JKH.N0000,21.701758,21.841448,21.452313,21.701758,51325940
2013-10-17,JKH.N0000,21.681803,21.801537,21.552091,21.681803,10465370
2013-10-21,JKH.N0000,21.352535,21.751648,21.272712,21.352535,11563980
2013-10-22,JKH.N0000,21.242779,21.352535,21.003311,21.242779,11202580
2013-10-23,JKH.N0000,21.252757,21.352535,21.162956,21.252757,6955020
2013-10-24,JKH.N0000,21.951204,22.250539,21.252757,21.951204,1390520
2013-10-25,JKH.N0000,22.180694,22.250539,21.991115,22.180694,1014230
2013-10-28,JKH.N0000,21.761625,22.15076,21.651869,21.761625,231660
2013-10-29,JKH.N0000,21.941226,22.041004,21.452313,21.941226,857050
2013-10-30,JKH.N0000,21.941226,22.050982,21.60198,21.941226,54010
2013-10-31,JKH.N0000,22.310406,22.390228,21.951204,22.310406,8074850
2013-11-01,JKH.N0000,22.440117,22.450095,22.160738,22.440117,8137620
2013-11-04,JKH.N0000,22.450095,22.490006,22.350317,22.450095,2589940
2013-11-05,JKH.N0000,22.340339,22.350317,21.951204,22.340339,183660
2013-11-06,JKH.N0000,22.330361,22.340339,22.050982,22.330361,2106800
2013-11-07,JKH.N0000,22.200649,22.340339,22.15076,22.200649,1607670
2013-11-08,JKH.N0000,21.891337,22.15076,21.751648,21.891337,122630
2013-11-11,JKH.N0000,21.791559,21.951204,21.661847,21.791559,889530
2013-11-12,JKH.N0000,20.933466,21.651869,20.753866,20.933466,14240910
2013-11-13,JKH.N0000,20.813733,20.953422,20.604198,20.813733,11805520
2013-11-14,JKH.N0000,20.793777,20.953422,20.664065,20.793777,419970
2013-11-15,JKH.N0000,20.993333,21.232801,20.953422,20.993333,455460
2013-11-18,JKH.N0000,21.402424,21.751648,21.0532,21.402424,4261190
2013-11-19,JKH.N0000,21.731692,21.751648,21.651869,21.731692,2886530
2013-11-20,JKH.N0000,21.751648,21.781581,21.701758,21.751648,1052030
2013-11-21,JKH.N0000,21.851426,21.941226,21.761625,21.851426,279720
2013-11-22,JKH.N0000,21.841448,21.851426,21.74167,21.841448,355460
2013-11-25,JKH.N0000,21.731692,21.851426,21.661847,21.731692,168680
2013-11-26,JKH.N0000,21.552091,21.651869,21.552091,21.552091,1120860
2013-11-27,JKH.N0000,21.352535,21.452313,21.352535,21.352535,2270350
2013-11-28,JKH.N0000,21.152978,21.302646,20.953422,21.152978,3056580
2013-11-29,JKH.N0000,21.043222,21.252757,20.983355,21.043222,208830
2013-12-02,JKH.N0000,20.943444,21.152978,20.883577,20.943444,9735890
2013-12-03,JKH.N0000,20.9634,20.973378,20.953422,20.9634,2775380
2013-12-04,JKH.N0000,20.953422,20.953422,20.943444,20.953422,5150910
2013-12-05,JKH.N0000,20.953422,21.003311,20.943444,20.953422,5105560
2013-12-06,JKH.N0000,21.003311,21.152978,20.953422,21.003311,3208390
2013-12-09,JKH.N0000,21.452313,21.452313,21.0532,21.452313,4000930
2013-12-10,JKH.N0000,21.452313,21.552091,21.432357,21.452313,3494570
2013-12-11,JKH.N0000,21.452313,21.552091,21.402424,21.452313,984430
2013-12-12,JKH.N0000,21.442335,21.502202,21.42238,21.442335,121900
2013-12-13,JKH.N0000,21.382468,21.502202,21.362513,21.382468,5912830
2013-12-17,JKH.N0000,21.552091,21.552091,21.442335,21.552091,35963220
2013-12-18,JKH.N0000,21.691781,21.951204,21.472269,21.691781,3051190
2013-12-19,JKH.N0000,22.001093,22.15076,21.801537,22.001093,2856790
2013-12-20,JKH.N0000,22.250539,22.260516,22.15076,22.250539,4071390
2013-12-23,JKH.N0000,22.110849,22.300428,22.050982,22.110849,57080
2013-12-24,JKH.N0000,22.070938,22.110849,22.050982,22.070938,2460
2013-12-26,JKH.N0000,21.951204,22.070938,21.851426,21.951204,125410
2013-12-27,JKH.N0000,22.450095,22.499984,22.001093,22.450095,3713240
2013-12-30,JKH.N0000,22.998875,23.008853,22.659629,22.998875,8744540
2013-12-31,JKH.N0000,22.679585,22.998875,22.400206,22.679585,4311940
2014-01-02,JKH.N0000,22.869163,22.948986,22.74943,22.869163,2500330
2014-01-03,JKH.N0000,22.83923,22.948986,22.759407,22.83923,876630
2014-01-06,JKH.N0000,22.69954,22.849208,22.549873,22.69954,4191630
2014-01-07,JKH.N0000,22.729474,22.74943,22.649651,22.729474,4858430
2014-01-08,JKH.N0000,23.447877,23.447877,22.649651,23.447877,7468030
2014-01-09,JKH.N0000,23.198431,23.447877,22.958964,23.198431,13148450
2014-01-10,JKH.N0000,23.128587,23.148542,22.958964,23.128587,5266480
2014-01-13,JKH.N0000,23.048764,23.427921,22.948986,23.048764,3536780
2014-01-16,JKH.N0000,23.966724,24.435681,23.048764,23.966724,6182210
2014-01-17,JKH.N0000,23.747212,24.146324,23.657411,23.747212,39861940
2014-01-20,JKH.N0000,24.216169,24.246103,23.497766,24.216169,6307280
2014-01-21,JKH.N0000,24.645215,24.744994,24.196213,24.645215,2631750
2014-01-22,JKH.N0000,24.894661,24.894661,24.645215,24.894661,9727490
2014-01-23,JKH.N0000,24.764949,24.984461,24.695104,24.764949,15199290
2014-01-24,JKH.N0000,24.645215,24.94455,24.595326,24.645215,549880
2014-01-27,JKH.N0000,23.866945,24.685127,23.747212,23.866945,10140670
2014-01-28,JKH.N0000,23.537677,24.246103,23.348099,23.537677,3788580
2014-01-29,JKH.N0000,24.016613,24.046546,23.547655,24.016613,285560
2014-01-30,JKH.N0000,23.946768,24.126369,23.667389,23.946768,202630
2014-01-31,JKH.N0000,23.946768,23.946768,23.866945,23.946768,7560890
2014-02-03,JKH.N0000,23.447877,23.93679,23.29821,23.447877,16055580
2014-02-05,JKH.N0000,23.168498,23.447877,23.098653,23.168498,10366450
2014-02-06,JKH.N0000,22.849208,23.108631,22.759407,22.849208,10778990
2014-02-07,JKH.N0000,22.889119,23.248321,22.74943,22.889119,7989860
2014-02-10,JKH.N0000,22.83923,22.948986,22.74943,22.83923,22081270
2014-02-11,JKH.N0000,22.430139,22.939008,22.270494,22.430139,53306790
2014-02-12,JKH.N0000,22.480028,22.83923,22.15076,22.480028,2626430
2014-02-13,JKH.N0000,22.15076,22.450095,22.070938,22.15076,8072740
2014-02-17,JKH.N0000,21.941226,22.120827,21.771603,21.941226,4237690
2014-02-18,JKH.N0000,21.791559,21.851426,21.751648,21.791559,246820
2014-02-19,JKH.N0000,21.452313,21.83147,21.452313,21.452313,12643250
2014-02-20,JKH.N0000,21.392446,21.552091,21.352535,21.392446,3199290
2014-02-21,JKH.N0000,21.182912,21.452313,21.0532,21.182912,22138630
2014-02-24,JKH.N0000,20.853644,21.252757,20.853644,20.853644,10332760
2014-02-25,JKH.N0000,20.584243,20.853644,20.554309,20.584243,4488460
2014-02-26,JKH.N0000,21.152978,21.452313,20.554309,21.152978,1140670
2014-02-28,JKH.N0000,22.021049,22.350317,21.262734,22.021049,4599580
2014-03-03,JKH.N0000,21.801537,22.300428,21.751648,21.801537,258530
2014-03-04,JKH.N0000,21.961182,22.100871,21.751648,21.961182,858260
2014-03-05,JKH.N0000,21.951204,22.15076,21.751648,21.951204,386900
2014-03-06,JKH.N0000,22.440117,22.499984,21.801537,22.440117,1868690
2014-03-07,JKH.N0000,22.74943,22.948986,22.450095,22.74943,1276800
2014-03-10,JKH.N0000,22.649651,22.809297,22.639674,22.649651,1289720
2014-03-11,JKH.N0000,22.450095,22.649651,22.450095,22.450095,2693810
2014-03-12,JKH.N0000,22.400206,22.450095,22.300428,22.400206,5788690
2014-03-13,JKH.N0000,22.230583,22.400206,21.951204,22.230583,1929350
2014-03-14,JKH.N0000,21.951204,22.300428,21.861404,21.951204,3946140
2014-03-17,JKH.N0000,21.761625,22.130805,21.751648,21.761625,69320
2014-03-18,JKH.N0000,21.851426,21.951204,21.761625,21.851426,12594240
2014-03-19,JKH.N0000,21.751648,21.881359,21.751648,21.751648,17425960
2014-03-20,JKH.N0000,21.761625,21.901315,21.751648,21.761625,2064840
2014-03-21,JKH.N0000,21.841448,21.951204,21.761625,21.841448,82140
2014-03-24,JKH.N0000,21.901315,21.951204,21.701758,21.901315,533140
2014-03-25,JKH.N0000,21.751648,21.901315,21.751648,21.751648,6675860
2014-03-26,JKH.N0000,21.751648,21.851426,21.661847,21.751648,11314210
2014-03-27,JKH.N0000,22.230583,22.430139,21.751648,22.230583,3150880
2014-03-28,JKH.N0000,22.450095,22.549873,21.981137,22.450095,12592160
2014-03-31,JKH.N0000,22.649651,22.74943,22.450095,22.649651,1370150
2014-04-01,JKH.N0000,23.178476,23.248321,22.579807,23.178476,1720270
2014-04-02,JKH.N0000,23.348099,23.447877,23.048764,23.348099,38122150
2014-04-03,JKH.N0000,23.218387,23.348099,23.048764,23.218387,90246220
2014-04-04,JKH.N0000,23.218387,23.427921,22.74943,23.218387,18883060
2014-04-07,JKH.N0000,23.38801,23.547655,23.148542,23.38801,2832190
2014-04-08,JKH.N0000,23.827034,23.926812,23.248321,23.827034,4824670
2014-04-09,JKH.N0000,23.93679,23.946768,23.657411,23.93679,3553980
2014-04-10,JKH.N0000,23.747212,23.93679,23.647433,23.747212,370390
2014-04-11,JKH.N0000,23.747212,23.767167,23.597544,23.747212,6225740
2014-04-16,JKH.N0000,23.747212,23.747212,23.697323,23.747212,12330310
2014-04-17,JKH.N0000,23.747212,23.747212,23.697323,23.747212,985150
2014-04-21,JKH.N0000,23.84699,23.946768,23.657411,23.84699,6383220
2014-04-22,JKH.N0000,23.93679,23.956746,23.856968,23.93679,4321390
2014-04-23,JKH.N0000,23.84699,23.84699,23.807079,23.84699,2556870
2014-04-24,JKH.N0000,23.697323,23.876923,23.447877,23.697323,13077010
2014-04-25,JKH.N0000,23.437899,23.84699,23.148542,23.437899,47930
2014-04-28,JKH.N0000,23.447877,23.597544,23.447877,23.447877,1452210
2014-04-29,JKH.N0000,23.747212,23.747212,23.547655,23.747212,694840
2014-04-30,JKH.N0000,23.747212,23.747212,23.647433,23.747212,7515660
2014-05-02,JKH.N0000,23.647433,23.747212,23.567611,23.647433,343080
2014-05-05,JKH.N0000,23.447877,23.727256,23.148542,23.447877,2248020
2014-05-06,JKH.N0000,23.358077,23.647433,23.338121,23.358077,1208250
2014-05-07,JKH.N0000,23.447877,23.447877,23.368054,23.447877,7442340
2014-05-08,JKH.N0000,23.407966,23.447877,23.29821,23.407966,2010960
2014-05-09,JKH.N0000,23.427921,23.647433,23.348099,23.427921,3338450
2014-05-12,JKH.N0000,23.447877,23.647433,23.368054,23.447877,3592260
2014-05-13,JKH.N0000,23.397988,23.447877,23.348099,23.397988,59650
2014-05-16,JKH.N0000,23.447877,23.447877,23.358077,23.447877,36374630
2014-05-19,JKH.N0000,23.348099,23.447877,23.348099,23.348099,2660920
2014-05-20,JKH.N0000,23.348099,23.437899,23.348099,23.348099,2129550
2014-05-21,JKH.N0000,23.308188,23.447877,23.218387,23.308188,3183540
2014-05-22,JKH.N0000,23.188454,23.208409,23.048764,23.188454,659620
2014-05-23,JKH.N0000,23.348099,23.38801,23.188454,23.348099,12392860
2014-05-26,JKH.N0000,23.348099,23.348099,23.238343,23.348099,1645360
2014-05-27,JKH.N0000,23.258298,23.29821,23.098653,23.258298,230230
2014-05-28,JKH.N0000,23.248321,23.29821,23.098653,23.248321,143010
2014-05-29,JKH.N0000,23.348099,23.348099,23.198431,23.348099,13195190
2014-05-30,JKH.N0000,23.348099,23.437899,23.248321,23.348099,4722820
2014-06-02,JKH.N0000,23.447877,23.916835,23.348099,23.447877,3631450
2014-06-03,JKH.N0000,23.447877,23.547655,23.407966,23.447877,137020
2014-06-04,JKH.N0000,23.447877,23.447877,23.358077,23.447877,21956600
2014-06-05,JKH.N0000,23.447877,23.447877,23.397988,23.447877,22276690
2014-06-06,JKH.N0000,23.437899,23.447877,23.417944,23.437899,3454840
2014-06-09,JKH.N0000,23.427921,23.447877,23.38801,23.427921,32352070
2014-06-10,JKH.N0000,23.397988,23.437899,23.38801,23.397988,4440600
2014-06-11,JKH.N0000,23.397988,23.447877,23.378032,23.397988,32860040
2014-06-13,JKH.N0000,23.348099,23.397988,23.348099,23.348099,6862410
2014-06-16,JKH.N0000,23.348099,23.348099,23.248321,23.348099,1398630
2014-06-17,JKH.N0000,23.208409,23.348099,23.058742,23.208409,3605890
2014-06-18,JKH.N0000,22.659629,23.058742,22.549873,22.659629,695570
2014-06-19,JKH.N0000,22.160738,22.649651,22.050982,22.160738,7914650
2014-06-20,JKH.N0000,22.021049,22.350317,21.951204,22.021049,12205280
2014-06-23,JKH.N0000,21.951204,22.430139,21.951204,21.951204,8460030
2014-06-24,JKH.N0000,22.130805,22.948986,21.951204,22.130805,14183080
2014-06-25,JKH.N0000,22.340339,22.350317,22.250539,22.340339,11014450
2014-06-26,JKH.N0000,22.230583,22.400206,22.200649,22.230583,1382700
2014-06-27,JKH.N0000,21.961182,22.440117,21.941226,21.961182,17395190
2014-06-30,JKH.N0000,21.941226,21.951204,21.921271,21.941226,22335820
2014-07-01,JKH.N0000,22.180694,22.440117,21.921271,22.180694,12465640
2014-07-02,JKH.N0000,22.559851,22.649651,22.300428,22.559851,2237970
2014-07-03,JKH.N0000,22.240561,22.599762,22.070938,22.240561,7729180
2014-07-04,JKH.N0000,22.450095,22.549873,22.06096,22.450095,3438050
2014-07-07,JKH.N0000,22.659629,22.74943,22.450095,22.659629,10817860
2014-07-08,JKH.N0000,23.407966,23.487788,22.649651,23.407966,7768920
2014-07-09,JKH.N0000,23.7073,23.84699,22.998875,23.7073,5182380
2014-07-10,JKH.N0000,23.946768,24.016613,23.697323,23.946768,24788830
2014-07-11,JKH.N0000,23.946768,24.246103,23.856968,23.946768,9077930
2014-07-14,JKH.N0000,23.976701,24.036568,23.647433,23.976701,1189560
2014-07-15,JKH.N0000,24.186236,24.295992,23.946768,24.186236,5682290
2014-07-16,JKH.N0000,24.435681,24.445659,24.146324,24.435681,16319420
2014-07-17,JKH.N0000,24.445659,24.505526,24.39577,24.445659,11416540
2014-07-18,JKH.N0000,24.445659,24.515504,23.946768,24.445659,9176900
2014-07-21,JKH.N0000,24.615282,24.645215,24.345881,24.615282,1646360
2014-07-22,JKH.N0000,24.39577,24.695104,24.345881,24.39577,10894880
2014-07-23,JKH.N0000,23.93679,24.445659,23.757189,23.93679,2081670
2014-07-24,JKH.N0000,23.926812,24.216169,23.747212,23.926812,3594470
2014-07-25,JKH.N0000,23.817056,23.946768,23.757189,23.817056,301780
2014-07-28,JKH.N0000,23.747212,23.797101,23.647433,23.747212,672470
2014-07-30,JKH.N0000,23.647433,23.747212,23.557633,23.647433,6165900
2014-07-31,JKH.N0000,23.627478,23.7073,23.597544,23.627478,3483190
2014-08-01,JKH.N0000,23.497766,23.647433,23.47781,23.497766,2550570
2014-08-04,JKH.N0000,23.647433,23.697323,23.497766,23.647433,435070
2014-08-05,JKH.N0000,23.637456,23.697323,23.567611,23.637456,4765580
2014-08-06,JKH.N0000,23.747212,23.946768,23.557633,23.747212,13395400
2014-08-07,JKH.N0000,23.946768,24.106413,23.797101,23.946768,21210120
2014-08-08,JKH.N0000,23.866945,24.146324,23.84699,23.866945,7279340
2014-08-11,JKH.N0000,23.896879,23.946768,23.886901,23.896879,3636290
2014-08-12,JKH.N0000,23.747212,23.946768,23.747212,23.747212,4948130
2014-08-13,JKH.N0000,23.856968,23.896879,23.747212,23.856968,498120
2014-08-14,JKH.N0000,23.837012,23.93679,23.747212,23.837012,10964670
2014-08-15,JKH.N0000,23.747212,23.946768,23.697323,23.747212,74541450
2014-08-18,JKH.N0000,23.946768,23.946768,23.747212,23.946768,40427840
2014-08-19,JKH.N0000,24.385792,24.445659,23.747212,24.385792,30354620
2014-08-20,JKH.N0000,24.445659,24.725038,24.246103,24.445659,2301880
2014-08-21,JKH.N0000,24.814838,24.984461,24.445659,24.814838,5073540
2014-08-22,JKH.N0000,24.445659,24.844772,24.445659,24.445659,42626280
2014-08-25,JKH.N0000,24.246103,24.545437,24.146324,24.246103,11162390
2014-08-26,JKH.N0000,24.146324,24.246103,24.066502,24.146324,17775300
2014-08-27,JKH.N0000,24.445659,24.545437,24.236125,24.445659,1566900
2014-08-28,JKH.N0000,24.834794,24.934572,24.455637,24.834794,1302250
2014-08-29,JKH.N0000,24.844772,24.844772,24.645215,24.844772,2789620
2014-09-01,JKH.N0000,24.894661,24.914617,24.754971,24.894661,2440940
2014-09-02,JKH.N0000,24.705082,24.744994,24.455637,24.705082,36160
2014-09-03,JKH.N0000,24.894661,24.914617,24.545437,24.894661,7705990
2014-09-04,JKH.N0000,24.934572,24.94455,24.744994,24.934572,11754070
2014-09-05,JKH.N0000,24.94455,24.94455,24.844772,24.94455,8897660
2014-09-09,JKH.N0000,25.553197,25.623042,24.94455,25.553197,13874110
2014-09-10,JKH.N0000,25.852532,25.892443,25.593108,25.852532,9578390
2014-09-11,JKH.N0000,25.842554,25.942332,25.742776,25.842554,10761280
2014-09-12,JKH.N0000,25.892443,25.942332,25.792665,25.892443,1095430
2014-09-15,JKH.N0000,25.772709,25.882465,25.742776,25.772709,931010
2014-09-16,JKH.N0000,25.732798,25.842554,25.652975,25.732798,5546780
2014-09-17,JKH.N0000,25.742776,25.792665,25.642997,25.742776,18601660
2014-09-18,JKH.N0000,25.72282,25.942332,25.702864,25.72282,11504980
2014-09-19,JKH.N0000,25.613064,25.842554,25.543219,25.613064,5245920
2014-09-22,JKH.N0000,25.353641,25.842554,25.243885,25.353641,1857250
2014-09-23,JKH.N0000,25.333685,25.443441,24.94455,25.333685,19727620
2014-09-24,JKH.N0000,25.423485,25.443441,24.94455,25.423485,4299490
2014-09-25,JKH.N0000,25.293774,25.443441,25.044328,25.293774,169550
2014-09-26,JKH.N0000,25.064284,25.443441,24.94455,25.064284,45361400
2014-09-29,JKH.N0000,25.044328,25.293774,24.954528,25.044328,85749630
2014-09-30,JKH.N0000,25.313729,25.443441,25.044328,25.313729,79153840
2014-10-01,JKH.N0000,25.513286,25.742776,25.443441,25.513286,5471640
2014-10-02,JKH.N0000,26.002199,26.04211,25.543219,26.002199,15701110
2014-10-03,JKH.N0000,25.922376,26.241667,25.842554,25.922376,15332270
2014-10-07,JKH.N0000,25.253862,25.942332,25.243885,25.253862,13738440
2014-10-09,JKH.N0000,25.144106,25.443441,24.954528,25.144106,10535220
2014-10-10,JKH.N0000,25.03435,25.343663,24.94455,25.03435,27487880
2014-10-13,JKH.N0000,24.874705,25.443441,24.844772,24.874705,9470740
2014-10-14,JKH.N0000,24.655193,24.934572,24.465615,24.655193,4915820
2014-10-15,JKH.N0000,24.934572,24.94455,24.804861,24.934572,1520110
2014-10-16,JKH.N0000,24.94455,24.94455,24.844772,24.94455,6172140
2014-10-17,JKH.N0000,24.744994,24.934572,24.744994,24.744994,1916780
2014-10-20,JKH.N0000,24.665171,24.94455,24.645215,24.665171,2408450
2014-10-21,JKH.N0000,24.595326,24.744994,24.545437,24.595326,11333530
2014-10-23,JKH.N0000,24.924594,24.94455,24.545437,24.924594,14135730
2014-10-24,JKH.N0000,24.744994,24.934572,24.695104,24.744994,5762960
2014-10-27,JKH.N0000,24.934572,25.144106,24.844772,24.934572,5497960
2014-10-28,JKH.N0000,24.85475,25.144106,24.844772,24.85475,30752750
2014-10-29,JKH.N0000,24.924594,24.94455,24.744994,24.924594,25414870
2014-10-30,JKH.N0000,25.443441,25.443441,24.94455,25.443441,19435060
2014-10-31,JKH.N0000,25.662953,25.832576,25.443441,25.662953,9511690
2014-11-03,JKH.N0000,25.642997,25.792665,25.642997,25.642997,11490410
2014-11-04,JKH.N0000,25.253862,25.732798,25.193995,25.253862,2108470
2014-11-05,JKH.N0000,25.443441,25.642997,25.343663,25.443441,19460970
2014-11-07,JKH.N0000,25.742776,25.792665,25.443441,25.742776,16636270
2014-11-10,JKH.N0000,25.832576,25.922376,25.692886,25.832576,8966370
2014-11-11,JKH.N0000,25.742776,25.832576,25.692886,25.742776,14883430
2014-11-12,JKH.N0000,25.81262,25.842554,25.742776,25.81262,1626040
2014-11-13,JKH.N0000,25.81262,25.942332,25.742776,25.81262,14922310
2014-11-14,JKH.N0000,25.732798,25.842554,25.543219,25.732798,72430
2014-11-17,JKH.N0000,25.443441,25.642997,24.94455,25.443441,63690
2014-11-18,JKH.N0000,25.243885,25.443441,25.243885,25.243885,1191150
2014-11-19,JKH.N0000,25.253862,25.543219,25.164062,25.253862,1301670
2014-11-20,JKH.N0000,25.393552,25.453419,25.243885,25.393552,3935830
2014-11-21,JKH.N0000,25.26384,25.343663,25.193995,25.26384,5337780
2014-11-24,JKH.N0000,24.695104,25.154084,23.966724,24.695104,1265610
2014-11-25,JKH.N0000,24.405748,24.94455,24.196213,24.405748,2945630
2014-11-26,JKH.N0000,24.146324,24.545437,24.056524,24.146324,16257170
2014-11-27,JKH.N0000,24.16628,24.39577,23.946768,24.16628,3067050
2014-11-28,JKH.N0000,24.026591,24.146324,23.956746,24.026591,2404140
2014-12-01,JKH.N0000,24.455637,24.545437,24.146324,24.455637,2577740
2014-12-02,JKH.N0000,24.565393,24.824816,24.39577,24.565393,1737560
2014-12-03,JKH.N0000,25.323707,25.443441,24.635238,25.323707,18963820
2014-12-04,JKH.N0000,25.323707,25.443441,25.144106,25.323707,1253520
2014-12-05,JKH.N0000,25.144106,25.413508,24.94455,25.144106,2034110
2014-12-08,JKH.N0000,24.85475,25.094217,24.695104,24.85475,1124180
2014-12-09,JKH.N0000,24.984461,25.243885,24.645215,24.984461,4303280
2014-12-10,JKH.N0000,25.363618,25.443441,24.94455,25.363618,4294540
2014-12-11,JKH.N0000,25.443441,25.49333,25.393552,25.443441,13827500
2014-12-12,JKH.N0000,25.253862,25.443441,25.243885,25.253862,419700
2014-12-15,JKH.N0000,25.144106,25.423485,25.144106,25.144106,2046420
2014-12-16,JKH.N0000,24.94455,25.144106,24.94455,24.94455,4493300
2014-12-17,JKH.N0000,24.565393,24.94455,24.445659,24.565393,7516780
2014-12-18,JKH.N0000,24.645215,24.744994,24.435681,24.645215,7950460
2014-12-19,JKH.N0000,25.074262,25.233907,24.744994,25.074262,1010570
2014-12-22,JKH.N0000,24.94455,25.243885,24.94455,24.94455,917330
2014-12-23,JKH.N0000,24.874705,25.044328,24.744994,24.874705,2282360
2014-12-24,JKH.N0000,24.94455,24.94455,24.744994,24.94455,2107250
2014-12-26,JKH.N0000,24.94455,25.243885,24.94455,24.94455,112400
2014-12-29,JKH.N0000,24.794883,24.94455,24.744994,24.794883,2426320
2014-12-30,JKH.N0000,24.864727,24.94455,24.744994,24.864727,7807740
2014-12-31,JKH.N0000,24.94455,24.94455,24.794883,24.94455,3019360
2015-01-02,JKH.N0000,24.744994,24.974483,24.744994,24.744994,1805490
2015-01-06,JKH.N0000,24.445659,24.744994,24.445659,24.445659,15202280
2015-01-07,JKH.N0000,24.365836,24.445659,24.246103,24.365836,2416110
2015-01-08,JKH.N0000,24.315947,24.844772,24.196213,24.315947,7915650
2015-01-09,JKH.N0000,24.146324,24.246103,24.096435,24.146324,3963790
2015-01-12,JKH.N0000,24.096435,24.545437,24.086457,24.096435,9901150
2015-01-13,JKH.N0000,24.126369,24.844772,24.096435,24.126369,13913190
2015-01-16,JKH.N0000,24.006635,24.136347,23.946768,24.006635,2832110
2015-01-19,JKH.N0000,23.657411,24.006635,23.647433,23.657411,2548760
2015-01-20,JKH.N0000,23.447877,23.93679,23.427921,23.447877,3949730
2015-01-21,JKH.N0000,22.889119,23.447877,22.74943,22.889119,2444840
2015-01-22,JKH.N0000,22.569829,22.759407,22.15076,22.569829,8595730
2015-01-23,JKH.N0000,22.599762,22.599762,22.250539,22.250539,3339550
2015-01-26,JKH.N0000,22.460073,22.899097,22.250539,22.899097,1647720
2015-01-27,JKH.N0000,22.939008,23.547655,22.939008,23.437899,11754690
2015-01-28,JKH.N0000,23.647433,23.647433,23.29821,23.328143,6931770
2015-01-29,JKH.N0000,23.29821,23.29821,22.350317,22.450095,5866280
2015-01-30,JKH.N0000,21.951204,21.951204,21.252757,21.342557,6968240
2015-02-02,JKH.N0000,21.322601,21.322601,19.95564,19.965618,24687670
2015-02-05,JKH.N0000,20.454531,20.454531,20.005529,20.254975,65359170
2015-02-06,JKH.N0000,20.454531,20.903533,20.454531,20.833688,30919330
2015-02-09,JKH.N0000,20.853644,21.352535,20.853644,21.143001,13011060
2015-02-10,JKH.N0000,21.252757,21.991115,21.152978,21.841448,20786280
2015-02-11,JKH.N0000,21.851426,22.15076,21.821492,21.941226,9104040
2015-02-12,JKH.N0000,21.951204,21.951204,21.651869,21.701758,2851620
2015-02-13,JKH.N0000,21.751648,21.751648,21.452313,21.502202,3387930
2015-02-16,JKH.N0000,21.552091,21.552091,21.152978,21.252757,1931630
2015-02-18,JKH.N0000,21.342557,21.342557,20.753866,20.953422,5493780
2015-02-19,JKH.N0000,21.152978,21.152978,20.753866,20.763843,10023220
2015-02-20,JKH.N0000,20.853644,20.853644,20.664065,20.753866,7092560
2015-02-23,JKH.N0000,20.853644,20.853644,20.674043,20.703977,4979260
2015-02-24,JKH.N0000,20.753866,20.753866,20.654087,20.654087,5710810
2015-02-25,JKH.N0000,20.654087,20.654087,20.554309,20.554309,7781680
2015-02-26,JKH.N0000,20.554309,20.604198,20.434575,20.444553,16921840
2015-02-27,JKH.N0000,20.454531,20.454531,20.404642,20.424598,3889060
2015-03-02,JKH.N0000,20.454531,20.454531,20.205086,20.454531,4094400
2015-03-03,JKH.N0000,20.454531,20.953422,20.364731,20.444553,21998740
2015-03-04,JKH.N0000,20.853644,20.853644,20.424598,20.444553,2910940
2015-03-06,JKH.N0000,20.654087,20.843666,20.404642,20.444553,13016640
2015-03-09,JKH.N0000,20.454531,20.454531,20.434575,20.434575,2301860
2015-03-10,JKH.N0000,20.454531,20.454531,20.394664,20.404642,2584350
2015-03-11,JKH.N0000,20.454531,20.454531,20.404642,20.404642,4044930
2015-03-12,JKH.N0000,20.454531,20.953422,20.444553,20.654087,3000950
2015-03-13,JKH.N0000,20.853644,20.903533,20.554309,20.654087,310470
2015-03-16,JKH.N0000,20.853644,20.893555,20.404642,20.454531,6665850
2015-03-17,JKH.N0000,20.454531,20.454531,20.404642,20.444553,10489380
2015-03-18,JKH.N0000,20.444553,20.803755,20.434575,20.753866,9826040
2015-03-19,JKH.N0000,20.753866,20.853644,20.624154,20.624154,150830
2015-03-20,JKH.N0000,20.853644,20.853644,20.604198,20.654087,686900
2015-03-23,JKH.N0000,20.853644,20.873599,20.654087,20.703977,1122060
2015-03-24,JKH.N0000,20.753866,20.753866,20.50442,20.50442,415120
2015-03-25,JKH.N0000,20.554309,20.654087,20.364731,20.444553,1112840
2015-03-26,JKH.N0000,20.634132,20.634132,20.105307,20.155196,3638960
2015-03-27,JKH.N0000,20.254975,20.454531,19.915729,20.005529,7486950
2015-03-30,JKH.N0000,20.155196,20.155196,19.506638,19.656305,1568610
2015-03-31,JKH.N0000,19.656305,20.145219,19.456749,19.86584,3047880
2015-04-01,JKH.N0000,20.145219,20.284908,20.015507,20.085352,500600
2015-04-02,JKH.N0000,20.244997,20.604198,20.115285,20.205086,1767580
2015-04-06,JKH.N0000,20.205086,20.454531,20.105307,20.155196,124640
2015-04-07,JKH.N0000,20.165174,20.254975,20.085352,20.155196,5681570
2015-04-08,JKH.N0000,20.254975,20.454531,20.254975,20.394664,2171120
2015-04-09,JKH.N0000,20.444553,20.444553,20.254975,20.394664,7208610
2015-04-10,JKH.N0000,20.404642,20.444553,20.155196,20.205086,589150
2015-04-15,JKH.N0000,20.444553,20.753866,20.444553,20.64411,6573110
2015-04-16,JKH.N0000,20.843666,21.352535,20.604198,20.853644,5520570
2015-04-17,JKH.N0000,20.853644,20.953422,20.614176,20.853644,2891140
2015-04-20,JKH.N0000,20.913511,20.943444,20.634132,20.753866,4482050
2015-04-21,JKH.N0000,20.753866,20.843666,20.554309,20.654087,229850
2015-04-22,JKH.N0000,20.803755,20.803755,20.554309,20.703977,180870
2015-04-23,JKH.N0000,20.753866,20.753866,20.554309,20.574265,734450
2015-04-24,JKH.N0000,20.753866,20.753866,20.654087,20.654087,218310
2015-04-27,JKH.N0000,20.753866,20.843666,20.654087,20.753866,1907310
2015-04-28,JKH.N0000,20.753866,20.753866,20.654087,20.703977,3959590
2015-04-29,JKH.N0000,20.703977,20.953422,20.614176,20.654087,4095010
2015-04-30,JKH.N0000,20.853644,20.853644,20.554309,20.564287,1032430
2015-05-05,JKH.N0000,20.654087,20.753866,20.50442,20.554309,4479150
2015-05-06,JKH.N0000,20.514398,20.614176,20.454531,20.614176,1013980
2015-05-07,JKH.N0000,20.554309,20.604198,20.374708,20.454531,2259050
2015-05-08,JKH.N0000,20.454531,20.454531,20.394664,20.404642,207330
2015-05-11,JKH.N0000,20.454531,20.454531,20.244997,20.254975,3933940
2015-05-12,JKH.N0000,20.254975,20.604198,20.155196,20.205086,2799770
2015-05-13,JKH.N0000,20.254975,20.254975,20.055418,20.055418,2911560
2015-05-14,JKH.N0000,20.055418,20.055418,19.945662,19.95564,6169590
2015-05-15,JKH.N0000,19.95564,19.95564,19.905751,19.95564,2109990
2015-05-18,JKH.N0000,19.95564,20.454531,19.95564,20.055418,6158130
2015-05-19,JKH.N0000,20.444553,20.444553,20.055418,20.155196,1993250
2015-05-20,JKH.N0000,20.354753,20.444553,20.085352,20.444553,1250950
2015-05-21,JKH.N0000,20.394664,20.394664,20.055418,20.354753,341820
2015-05-22,JKH.N0000,20.344775,20.454531,20.135241,20.145219,462030
2015-05-25,JKH.N0000,20.135241,20.135241,19.95564,20.005529,1314240
2015-05-26,JKH.N0000,20.254975,20.454531,19.95564,19.975596,1409360
2015-05-27,JKH.N0000,20.055418,20.394664,19.995551,20.005529,1072310
2015-05-28,JKH.N0000,20.015507,20.145219,19.905751,19.95564,5125270
2015-05-29,JKH.N0000,19.95564,19.95564,19.446771,19.456749,6746990
2015-06-01,JKH.N0000,19.456749,19.456749,19.346993,19.356971,7146250
2015-06-03,JKH.N0000,19.556527,19.556527,19.257193,19.327037,1920120
2015-06-04,JKH.N0000,19.356971,19.356971,19.047658,19.157414,3723390
2015-06-05,JKH.N0000,19.207304,19.656305,19.157414,19.456749,947290
2015-06-08,JKH.N0000,19.466727,19.945662,18.94788,18.957858,6578120
2015-06-09,JKH.N0000,19.356971,19.356971,19.057636,19.067614,409180
2015-06-10,JKH.N0000,19.137459,19.207304,18.977814,19.007747,1821240
2015-06-11,JKH.N0000,19.057636,19.247215,18.967836,19.057636,2562230
2015-06-12,JKH.N0000,19.157414,19.456749,18.967836,19.40686,1583850
2015-06-15,JKH.N0000,19.456749,19.656305,19.257193,19.356971,5486690
2015-06-16,JKH.N0000,19.556527,19.646328,19.26717,19.277148,2842410
2015-06-17,JKH.N0000,19.40686,19.656305,19.307082,19.656305,2306600
2015-06-18,JKH.N0000,19.656305,19.805973,19.556527,19.805973,554740
2015-06-19,JKH.N0000,19.855862,19.855862,19.656305,19.766061,666280
2015-06-22,JKH.N0000,19.905751,20.04544,19.756084,19.965618,706530
2015-06-23,JKH.N0000,20.055418,20.953422,20.055418,20.604198,4973270
2015-06-24,JKH.N0000,20.853644,20.943444,20.454531,20.624154,503690
2015-06-25,JKH.N0000,20.753866,20.753866,20.055418,20.364731,3773470
2015-06-26,JKH.N0000,20.454531,20.464509,20.175152,20.354753,762280
2015-07-03,JKH.N0000,17.960076,18.439011,17.960076,18.159632,3065940
2015-07-06,JKH.N0000,18.259411,18.3093,18.159632,18.159632,1762680
2015-07-07,JKH.N0000,18.229477,18.239455,17.960076,17.960076,3489600
2015-07-08,JKH.N0000,17.960076,17.970054,17.461185,17.471163,2640040
2015-07-09,JKH.N0000,17.950098,17.950098,17.511074,17.860298,352730
2015-07-10,JKH.N0000,17.810409,18.3093,17.810409,18.299322,3857930
2015-07-13,JKH.N0000,18.159632,18.3093,18.159632,18.259411,744920
2015-07-14,JKH.N0000,18.259411,18.299322,18.259411,18.289344,4427710
2015-07-15,JKH.N0000,18.349211,18.359189,18.269388,18.359189,2221520
2015-07-16,JKH.N0000,18.359189,18.448989,18.239455,18.259411,2953170
2015-07-17,JKH.N0000,18.269388,18.359189,18.209521,18.259411,3169350
2015-07-20,JKH.N0000,18.349211,18.448989,18.349211,18.419056,742470
2015-07-21,JKH.N0000,18.419056,18.548767,18.319278,18.548767,747820
2015-07-22,JKH.N0000,18.558745,18.937902,18.548767,18.927925,5815910
2015-07-23,JKH.N0000,18.957858,19.137459,18.927925,19.047658,4130540
2015-07-24,JKH.N0000,19.047658,19.456749,19.007747,19.257193,6076940
2015-07-27,JKH.N0000,19.257193,19.416838,19.217281,19.40686,6991660
2015-07-28,JKH.N0000,19.346993,19.49666,19.307082,19.456749,13157660
2015-07-29,JKH.N0000,19.466727,19.835906,19.466727,19.706195,5515620
2015-07-30,JKH.N0000,19.795995,19.855862,19.476705,19.686239,4619670
2015-08-03,JKH.N0000,19.686239,19.756084,19.356971,19.356971,2009280
2015-08-04,JKH.N0000,19.346993,19.49666,18.957858,19.157414,1203870
2015-08-05,JKH.N0000,19.067614,19.257193,18.957858,19.157414,2314500
2015-08-06,JKH.N0000,19.157414,19.356971,19.157414,19.17737,479400
2015-08-07,JKH.N0000,19.207304,19.257193,19.157414,19.157414,464890
2015-08-10,JKH.N0000,19.207304,19.207304,19.047658,19.047658,411600
2015-08-11,JKH.N0000,19.057636,19.456749,18.967836,19.456749,1701480
2015-08-12,JKH.N0000,19.257193,19.446771,19.17737,19.257193,551260
2015-08-13,JKH.N0000,19.356971,19.356971,19.157414,19.157414,1733930
2015-08-14,JKH.N0000,19.057636,19.31706,19.057636,19.137459,946700
2015-08-18,JKH.N0000,19.257193,19.257193,18.957858,18.957858,1642080
2015-08-19,JKH.N0000,18.967836,19.257193,18.967836,19.057636,2395320
2015-08-20,JKH.N0000,19.247215,19.356971,18.997769,19.047658,523730
2015-08-21,JKH.N0000,19.057636,19.157414,18.907969,18.957858,776990
2015-08-24,JKH.N0000,18.957858,18.957858,18.259411,18.3093,5608500
2015-08-25,JKH.N0000,18.3093,18.349211,17.910187,17.950098,11453440
2015-08-26,JKH.N0000,17.960076,18.259411,17.461185,17.76052,67535120
2015-08-27,JKH.N0000,17.76052,17.960076,17.740564,17.890231,3609090
2015-08-28,JKH.N0000,17.960076,18.359189,17.910187,18.329255,3208540
2015-08-31,JKH.N0000,18.439011,18.439011,17.960076,17.960076,1787400
2015-09-01,JKH.N0000,18.149655,18.259411,17.830364,17.960076,472550
2015-09-02,JKH.N0000,18.059854,18.059854,17.461185,17.610852,5385400
2015-09-03,JKH.N0000,17.700653,17.960076,17.610852,17.660741,3254580
2015-09-04,JKH.N0000,17.76052,17.94012,17.62083,17.660741,1089310
2015-09-07,JKH.N0000,17.860298,17.860298,17.640786,17.730586,2924170
2015-09-08,JKH.N0000,17.660741,17.710631,17.421274,17.421274,5555110
2015-09-09,JKH.N0000,17.421274,17.660741,17.421274,17.471163,849670
2015-09-10,JKH.N0000,17.560963,17.660741,17.441229,17.461185,1783430
2015-09-11,JKH.N0000,17.560963,17.76052,17.461185,17.461185,711330
2015-09-14,JKH.N0000,17.76052,17.76052,17.261629,17.361407,4693570
2015-09-15,JKH.N0000,17.39134,17.550985,17.351429,17.431252,1998410
2015-09-16,JKH.N0000,17.351429,17.550985,17.351429,17.461185,658800
2015-09-17,JKH.N0000,17.461185,17.461185,17.261629,17.261629,589640
2015-09-18,JKH.N0000,17.361407,17.451207,17.082028,17.21174,10446740
2015-09-21,JKH.N0000,17.451207,17.451207,17.16185,17.261629,2921780
2015-09-22,JKH.N0000,17.261629,17.660741,17.261629,17.560963,6575780
2015-09-23,JKH.N0000,17.76052,17.76052,17.16185,17.361407,3101240
2015-09-25,JKH.N0000,17.511074,17.550985,17.261629,17.461185,5429240
2015-09-28,JKH.N0000,17.461185,17.461185,17.231695,17.261629,6768690
2015-09-29,JKH.N0000,17.261629,17.550985,17.191784,17.21174,4385180
2015-09-30,JKH.N0000,17.261629,17.261629,16.712849,16.932361,8163710
2015-10-01,JKH.N0000,16.962294,17.16185,16.962294,16.962294,5124500
2015-10-02,JKH.N0000,17.16185,17.16185,16.942338,16.962294,1216060
2015-10-05,JKH.N0000,17.16185,17.16185,16.563181,16.762738,1648710
2015-10-06,JKH.N0000,16.662959,16.962294,16.563181,16.952316,783140
2015-10-07,JKH.N0000,16.862516,17.21174,16.862516,17.07205,4290130
2015-10-08,JKH.N0000,17.082028,17.401318,16.962294,17.241673,1666030
2015-10-09,JKH.N0000,17.111961,17.361407,16.862516,16.962294,1839990
2015-10-12,JKH.N0000,16.962294,17.16185,16.862516,16.962294,1025760
2015-10-13,JKH.N0000,16.962294,17.151873,16.852538,16.972272,3479100
2015-10-14,JKH.N0000,16.972272,17.16185,16.962294,16.962294,430170
2015-10-15,JKH.N0000,17.052094,17.141895,16.962294,17.012183,1659600
2015-10-16,JKH.N0000,17.062072,17.131917,16.952316,16.962294,2582320
2015-10-19,JKH.N0000,17.062072,17.062072,16.962294,17.012183,885300
2015-10-20,JKH.N0000,17.062072,17.141895,16.962294,17.111961,8075140
2015-10-21,JKH.N0000,17.141895,17.16185,17.111961,17.16185,2686410
2015-10-22,JKH.N0000,17.111961,17.750542,17.111961,17.461185,1410630
2015-10-23,JKH.N0000,17.560963,17.660741,17.461185,17.660741,3734670
2015-10-26,JKH.N0000,17.650764,17.76052,17.471163,17.670719,262970
2015-10-28,JKH.N0000,17.670719,18.009965,17.670719,17.970054,2316370
2015-10-29,JKH.N0000,17.960076,18.069832,17.770497,17.960076,3525930
2015-10-30,JKH.N0000,17.76052,17.76052,17.261629,17.541008,626840
2015-11-02,JKH.N0000,17.461185,17.750542,17.461185,17.560963,662840
2015-11-03,JKH.N0000,17.560963,17.770497,17.560963,17.710631,2772860
2015-11-04,JKH.N0000,17.76052,17.94012,17.660741,17.860298,2369940
2015-11-05,JKH.N0000,17.860298,18.139677,17.860298,18.119721,3227620
2015-11-06,JKH.N0000,18.159632,18.658523,18.159632,18.598656,20466290
2015-11-09,JKH.N0000,18.558745,18.558745,18.259411,18.359189,7398580
2015-11-11,JKH.N0000,18.359189,18.369167,18.219499,18.359189,9275780
2015-11-12,JKH.N0000,18.359189,18.409078,18.3093,18.369167,5408180
2015-11-13,JKH.N0000,18.359189,18.369167,18.3093,18.359189,7269830
2015-11-16,JKH.N0000,18.349211,18.369167,18.219499,18.259411,1568760
2015-11-17,JKH.N0000,18.3093,18.409078,18.269388,18.379144,1857970
2015-11-18,JKH.N0000,18.3093,18.359189,18.229477,18.259411,3633880
2015-11-19,JKH.N0000,18.558745,18.608634,18.389122,18.508856,3530020
2015-11-20,JKH.N0000,18.458967,18.608634,18.458967,18.558745,3557060
2015-11-23,JKH.N0000,18.658523,19.057636,18.658523,18.85808,2324300
2015-11-24,JKH.N0000,18.957858,18.957858,18.558745,18.808191,7020560
2015-11-26,JKH.N0000,18.558745,18.758302,18.3093,18.558745,14234520
2015-11-27,JKH.N0000,18.658523,18.658523,18.359189,18.359189,1404400
2015-11-30,JKH.N0000,18.159632,18.159632,17.710631,17.960076,21071060
2015-12-01,JKH.N0000,17.960076,18.259411,17.960076,18.139677,2472000
2015-12-02,JKH.N0000,17.960076,18.139677,17.860298,17.960076,1154790
2015-12-03,JKH.N0000,18.059854,18.239455,17.960076,18.099765,3683940
2015-12-04,JKH.N0000,18.099765,18.139677,17.910187,17.910187,2300960
2015-12-07,JKH.N0000,17.960076,17.960076,17.860298,17.94012,2039890
2015-12-08,JKH.N0000,17.94012,17.960076,17.810409,17.950098,3547900
2015-12-09,JKH.N0000,17.960076,17.960076,17.860298,17.860298,1231100
2015-12-10,JKH.N0000,17.950098,17.950098,17.710631,17.750542,3575920
2015-12-11,JKH.N0000,17.85032,17.85032,17.461185,17.550985,1467470
2015-12-14,JKH.N0000,17.560963,17.660741,17.331473,17.331473,1398340
2015-12-15,JKH.N0000,17.331473,17.650764,17.331473,17.550985,287570
2015-12-16,JKH.N0000,17.560963,17.570941,17.53103,17.550985,524600
2015-12-17,JKH.N0000,17.560963,17.76052,17.550985,17.560963,6849510
2015-12-18,JKH.N0000,17.560963,17.960076,17.560963,17.950098,1823440
2015-12-21,JKH.N0000,17.950098,17.960076,17.76052,17.950098,5171340
2015-12-22,JKH.N0000,17.960076,17.960076,17.451207,17.461185,1480740
2015-12-23,JKH.N0000,17.610852,17.740564,17.461185,17.740564,1358820
2015-12-28,JKH.N0000,17.740564,17.85032,17.461185,17.85032,1167400
2015-12-29,JKH.N0000,17.76052,17.85032,17.710631,17.85032,593540
2015-12-30,JKH.N0000,17.930143,17.930143,17.710631,17.860298,1053810
2015-12-31,JKH.N0000,17.860298,17.860298,17.660741,17.810409,1712760
2016-01-04,JKH.N0000,17.860298,17.860298,17.660741,17.660741,1606780
2016-01-05,JKH.N0000,17.700653,17.710631,17.610852,17.660741,106040
2016-01-06,JKH.N0000,17.660741,17.710631,17.560963,17.560963,1337450
2016-01-07,JKH.N0000,17.560963,17.560963,17.062072,17.261629,1090660
2016-01-08,JKH.N0000,17.261629,17.271606,17.16185,17.171828,202940
2016-01-11,JKH.N0000,17.21174,17.21174,16.862516,16.912405,3182160
2016-01-12,JKH.N0000,16.872494,16.882471,16.573159,16.623048,4811430
2016-01-13,JKH.N0000,16.573159,16.862516,16.573159,16.75276,2116600
2016-01-14,JKH.N0000,16.762738,16.862516,16.463403,16.553203,5874900
2016-01-18,JKH.N0000,16.563181,16.762738,16.014401,16.014401,12272960
2016-01-19,JKH.N0000,16.263847,16.263847,15.764956,15.964512,1761810
2016-01-20,JKH.N0000,16.164068,16.164068,15.565399,15.705089,2068790
2016-01-21,JKH.N0000,15.585355,16.164068,15.585355,15.645222,4822080
2016-01-22,JKH.N0000,15.645222,16.06429,15.645222,15.814845,1317890
2016-01-25,JKH.N0000,16.164068,16.164068,15.565399,15.685133,9653120
2016-01-26,JKH.N0000,15.715066,15.964512,14.976708,15.345887,9985870
2016-01-27,JKH.N0000,15.545444,15.545444,15.186242,15.365843,3295640
2016-01-28,JKH.N0000,15.42571,15.465621,15.276042,15.335909,7185740
2016-01-29,JKH.N0000,15.545444,15.665177,15.365843,15.385798,1141420
2016-02-01,JKH.N0000,15.715066,15.914623,15.665177,15.665177,2934740
2016-02-02,JKH.N0000,15.745,16.213958,15.745,16.144113,4718560
2016-02-03,JKH.N0000,16.164068,16.263847,15.864734,15.914623,4696690
2016-02-05,JKH.N0000,15.944556,16.263847,15.944556,16.263847,2357180
2016-02-08,JKH.N0000,16.263847,16.363625,16.164068,16.353647,452040
2016-02-09,JKH.N0000,16.353647,16.363625,16.164068,16.223935,4037820
2016-02-10,JKH.N0000,16.263847,16.463403,16.124157,16.343669,3217250
2016-02-11,JKH.N0000,16.313736,16.313736,15.874712,15.874712,1212740
2016-02-12,JKH.N0000,15.964512,15.964512,15.465621,15.475599,4658950
2016-02-15,JKH.N0000,15.964512,15.964512,15.465621,15.565399,7361660
2016-02-16,JKH.N0000,15.864734,15.864734,15.565399,15.745,4439370
2016-02-17,JKH.N0000,15.854756,15.854756,15.615288,15.665177,7973080
2016-02-18,JKH.N0000,15.665177,15.954534,15.615288,15.685133,3697410
2016-02-19,JKH.N0000,15.914623,15.954534,15.675155,15.764956,3197160
2016-02-23,JKH.N0000,15.824823,15.964512,15.764956,15.954534,3603830
2016-02-24,JKH.N0000,15.934579,15.954534,15.854756,15.914623,6596670
2016-02-25,JKH.N0000,15.914623,15.964512,15.874712,15.874712,9772490
2016-02-26,JKH.N0000,15.864734,15.964512,15.864734,15.874712,40610260
2016-02-29,JKH.N0000,15.964512,16.06429,15.874712,15.874712,695980
2016-03-01,JKH.N0000,15.864734,15.914623,15.715066,15.764956,1287130
2016-03-02,JKH.N0000,15.715066,15.814845,15.685133,15.685133,2759970
2016-03-03,JKH.N0000,15.465621,15.565399,15.325932,15.365843,1135900
2016-03-04,JKH.N0000,15.465621,15.465621,15.365843,15.365843,1800650
2016-03-08,JKH.N0000,15.365843,15.415732,15.325932,15.325932,3184840
2016-03-09,JKH.N0000,15.046553,15.156309,14.96673,15.066508,13206000
2016-03-10,JKH.N0000,15.166286,15.455643,15.016619,15.266065,1115430
2016-03-11,JKH.N0000,15.365843,15.365843,15.266065,15.345887,308630
2016-03-14,JKH.N0000,15.465621,15.465621,14.976708,15.016619,12209790
2016-03-15,JKH.N0000,15.016619,15.066508,14.996663,14.996663,1697390
2016-03-16,JKH.N0000,15.066508,15.266065,14.96673,15.166286,1733810
2016-03-17,JKH.N0000,15.166286,15.186242,14.96673,15.066508,2301540
2016-03-18,JKH.N0000,15.066508,15.116397,14.96673,15.016619,382120
2016-03-21,JKH.N0000,15.116397,15.116397,14.916841,14.976708,11687130
2016-03-23,JKH.N0000,14.96673,15.166286,13.968948,15.116397,3977260
2016-03-24,JKH.N0000,15.016619,15.216175,14.96673,15.166286,767240
2016-03-28,JKH.N0000,15.266065,15.266065,14.986686,15.016619,1050750
2016-03-29,JKH.N0000,15.066508,15.066508,14.697329,14.767174,1186690
2016-03-30,JKH.N0000,14.886907,14.96673,14.667395,14.767174,17307900
2016-03-31,JKH.N0000,14.807085,14.866952,14.667395,14.866952,5116290
2016-04-01,JKH.N0000,14.817063,15.066508,14.767174,14.866952,4944880
2016-04-04,JKH.N0000,15.156309,15.156309,14.747218,14.767174,10868650
2016-04-05,JKH.N0000,14.96673,14.96673,14.767174,14.87693,594880
2016-04-06,JKH.N0000,14.96673,14.96673,14.866952,14.96673,7625890
2016-04-07,JKH.N0000,15.066508,15.216175,14.96673,15.166286,704180
2016-04-08,JKH.N0000,15.216175,15.216175,15.116397,15.116397,298660
2016-04-11,JKH.N0000,15.066508,15.166286,14.986686,15.066508,11858140
2016-04-12,JKH.N0000,15.166286,15.465621,15.066508,15.345887,1017180
2016-04-15,JKH.N0000,15.345887,15.345887,15.066508,15.136353,3579750
2016-04-18,JKH.N0000,15.076486,15.355865,15.066508,15.176264,10213970
2016-04-19,JKH.N0000,15.256087,15.266065,15.116397,15.166286,13745350
2016-04-20,JKH.N0000,15.186242,15.565399,15.166286,15.465621,5301520
2016-04-22,JKH.N0000,15.465621,15.615288,15.465621,15.485577,4367000
2016-04-25,JKH.N0000,15.465621,15.51551,15.166286,15.166286,10305130
2016-04-26,JKH.N0000,15.445665,15.465621,15.236131,15.465621,285120
2016-04-27,JKH.N0000,15.465621,15.465621,15.315954,15.415732,2012220
2016-04-28,JKH.N0000,15.365843,15.445665,15.365843,15.365843,836470
2016-04-29,JKH.N0000,15.415732,15.51551,15.415732,15.51551,5432000
2016-05-03,JKH.N0000,15.565399,15.814845,15.565399,15.764956,545190
2016-05-04,JKH.N0000,15.764956,15.854756,15.675155,15.675155,444630
2016-05-05,JKH.N0000,15.705089,15.764956,15.565399,15.665177,3077820
2016-05-06,JKH.N0000,15.764956,15.764956,15.565399,15.665177,159830
2016-05-09,JKH.N0000,15.665177,15.764956,15.665177,15.764956,2564380
2016-05-10,JKH.N0000,15.764956,16.154091,15.725044,16.114179,34004020
2016-05-11,JKH.N0000,16.164068,16.333691,16.114179,16.154091,586250
2016-05-12,JKH.N0000,16.213958,16.453425,15.964512,16.343669,2293970
2016-05-13,JKH.N0000,16.453425,16.463403,16.213958,16.413514,802240
2016-05-16,JKH.N0000,16.413514,16.463403,16.363625,16.413514,2102450
2016-05-17,JKH.N0000,16.453425,16.463403,16.124157,16.194002,3721650
2016-05-18,JKH.N0000,16.283802,16.283802,15.954534,15.964512,8636050
2016-05-19,JKH.N0000,15.964512,16.263847,15.764956,15.764956,596490
2016-05-20,JKH.N0000,15.964512,15.964512,15.735022,15.764956,4505490
2016-05-24,JKH.N0000,15.954534,15.954534,15.665177,15.705089,930530
2016-05-25,JKH.N0000,15.954534,15.964512,15.715066,15.764956,5084720
2016-05-26,JKH.N0000,15.864734,15.864734,15.42571,15.42571,871130
2016-05-27,JKH.N0000,15.435688,15.844778,15.415732,15.565399,2941560
2016-05-30,JKH.N0000,15.764956,15.764956,15.555421,15.565399,14461640
2016-05-31,JKH.N0000,15.864734,15.864734,15.565399,15.565399,21653820
2016-06-01,JKH.N0000,15.565399,15.745,15.51551,15.555421,14188880
2016-06-02,JKH.N0000,15.565399,15.6552,15.565399,15.565399,1785590
2016-06-03,JKH.N0000,15.565399,15.715066,15.565399,15.615288,800950
2016-06-06,JKH.N0000,15.665177,15.964512,15.565399,15.565399,1584260
2016-06-07,JKH.N0000,15.575377,15.665177,15.565399,15.6552,14014410
2016-06-08,JKH.N0000,15.6552,15.764956,15.615288,15.665177,266940
2016-06-09,JKH.N0000,15.665177,15.854756,15.665177,15.804867,1027380
2016-06-10,JKH.N0000,15.854756,15.954534,15.764956,15.864734,1160120
2016-06-13,JKH.N0000,15.854756,16.154091,15.774933,15.994445,3790980
2016-06-14,JKH.N0000,15.994445,16.154091,15.994445,16.074268,14933110
2016-06-15,JKH.N0000,16.094224,16.164068,15.874712,15.874712,2195860
2016-06-16,JKH.N0000,15.964512,15.964512,15.465621,15.665177,971820
2016-06-17,JKH.N0000,15.665177,15.864734,15.60531,15.764956,2433000
2016-06-20,JKH.N0000,15.685133,15.964512,15.685133,15.954534,415780
2016-06-21,JKH.N0000,15.964512,15.964512,15.774933,15.864734,180180
2016-06-22,JKH.N0000,15.954534,15.954534,15.745,15.754978,506720
2016-06-23,JKH.N0000,15.735022,15.814845,15.565399,15.565399,346950
2016-06-24,JKH.N0000,15.465621,15.665177,15.266065,15.565399,1344440
2016-06-30,JKH.N0000,13.939015,13.939015,13.470057,13.470057,8612440
2016-07-01,JKH.N0000,13.569835,13.619724,13.470057,13.470057,1304960
2016-07-04,JKH.N0000,13.539902,13.569835,13.470057,13.519946,837450
2016-07-05,JKH.N0000,13.519946,13.86917,13.480035,13.86917,945600
2016-07-07,JKH.N0000,13.929037,13.968948,13.769392,13.968948,5734030
2016-07-08,JKH.N0000,13.968948,14.32815,13.879148,14.038793,1253300
2016-07-11,JKH.N0000,14.018837,14.268283,13.998881,14.128593,3047940
2016-07-12,JKH.N0000,14.168504,14.168504,14.038793,14.038793,1489370
2016-07-13,JKH.N0000,14.068726,14.148549,14.038793,14.038793,544450
2016-07-14,JKH.N0000,14.078704,14.078704,13.968948,13.968948,523380
2016-07-15,JKH.N0000,14.008859,14.248327,13.948992,13.968948,1102190
2016-07-18,JKH.N0000,14.068726,14.368061,13.968948,14.168504,5246230
2016-07-20,JKH.N0000,14.168504,14.467839,14.138571,14.397994,1511170
2016-07-21,JKH.N0000,14.368061,14.467839,14.268283,14.358083,702340
2016-07-22,JKH.N0000,14.368061,14.368061,14.258305,14.268283,189860
2016-07-25,JKH.N0000,14.268283,14.268283,14.18846,14.228371,80870
2016-07-26,JKH.N0000,14.258305,14.258305,14.018837,14.018837,463480
2016-07-27,JKH.N0000,14.138571,14.138571,13.968948,13.978926,827080
2016-07-28,JKH.N0000,14.018837,14.258305,13.968948,13.968948,2419890
2016-07-29,JKH.N0000,14.168504,14.168504,13.968948,14.018837,824990
2016-08-01,JKH.N0000,14.018837,14.158527,13.988904,14.048771,5871230
2016-08-02,JKH.N0000,14.068726,14.447883,14.018837,14.368061,7935580
2016-08-03,JKH.N0000,14.457861,14.557639,14.41795,14.41795,17295070
2016-08-04,JKH.N0000,14.487795,14.487795,14.368061,14.467839,3845080
2016-08-05,JKH.N0000,14.467839,14.767174,14.467839,14.657418,288260
2016-08-08,JKH.N0000,14.467839,14.757196,14.467839,14.607528,1505500
2016-08-09,JKH.N0000,14.64744,14.96673,14.64744,14.96673,3406230
2016-08-10,JKH.N0000,14.96673,15.365843,14.96673,15.216175,7608860
2016-08-11,JKH.N0000,15.166286,15.355865,14.96673,15.256087,834560
2016-08-12,JKH.N0000,15.256087,15.545444,15.226153,15.465621,5161140
2016-08-15,JKH.N0000,15.465621,15.545444,15.365843,15.505532,1038300
2016-08-16,JKH.N0000,15.505532,15.864734,15.505532,15.625266,7190690
2016-08-18,JKH.N0000,15.665177,15.814845,15.665177,15.754978,9166140
2016-08-19,JKH.N0000,15.764956,15.824823,15.715066,15.764956,8773350
2016-08-22,JKH.N0000,15.725044,15.844778,15.725044,15.804867,1793390
2016-08-23,JKH.N0000,15.814845,15.854756,15.565399,15.565399,1271440
2016-08-24,JKH.N0000,15.635244,15.665177,15.365843,15.51551,1271440
2016-08-25,JKH.N0000,15.415732,15.545444,15.176264,15.365843,365520
2016-08-26,JKH.N0000,15.295998,15.455643,15.066508,15.066508,2280180
2016-08-29,JKH.N0000,15.036575,15.315954,15.036575,15.166286,349520
2016-08-30,JKH.N0000,15.166286,15.266065,15.116397,15.116397,111150
2016-08-31,JKH.N0000,15.166286,15.355865,15.166286,15.216175,5881750
2016-09-01,JKH.N0000,15.266065,15.375821,15.166286,15.325932,3436430
2016-09-02,JKH.N0000,15.365843,15.365843,15.226153,15.315954,543350
2016-09-05,JKH.N0000,15.315954,15.315954,15.166286,15.216175,835330
2016-09-06,JKH.N0000,15.19622,15.19622,15.016619,15.046553,1668300
2016-09-07,JKH.N0000,15.066508,15.066508,14.866952,14.96673,1882380
2016-09-08,JKH.N0000,14.96673,14.96673,14.866952,14.906863,1729020
2016-09-09,JKH.N0000,14.916841,14.96673,14.827041,14.866952,2983000
2016-09-13,JKH.N0000,14.817063,14.96673,14.817063,14.916841,4919210
2016-09-14,JKH.N0000,14.916841,15.116397,14.906863,14.906863,2000040
2016-09-15,JKH.N0000,14.946774,14.946774,14.777151,14.856974,841780
2016-09-19,JKH.N0000,14.866952,14.916841,14.797107,14.866952,708990
2016-09-20,JKH.N0000,14.866952,14.916841,14.827041,14.866952,1055910
2016-09-21,JKH.N0000,14.856974,15.266065,14.856974,15.166286,10720490
2016-09-22,JKH.N0000,15.216175,15.365843,15.066508,15.166286,1413160
2016-09-23,JKH.N0000,15.066508,15.186242,14.956752,14.96673,3937800
2016-09-26,JKH.N0000,14.96673,15.066508,14.916841,15.016619,1790150
2016-09-27,JKH.N0000,14.96673,15.266065,14.946774,15.166286,3472810
2016-09-28,JKH.N0000,15.206198,15.266065,15.166286,15.256087,2393980
2016-09-29,JKH.N0000,15.226153,15.315954,15.166286,15.266065,2185140
2016-09-30,JKH.N0000,15.266065,15.465621,15.266065,15.365843,1783840
2016-10-03,JKH.N0000,15.385798,15.715066,15.365843,15.565399,7092080
2016-10-04,JKH.N0000,15.615288,15.665177,15.465621,15.465621,708400
2016-10-05,JKH.N0000,15.615288,15.665177,15.51551,15.585355,3244570
2016-10-06,JKH.N0000,15.565399,15.715066,15.565399,15.675155,3693630
2016-10-07,JKH.N0000,15.675155,15.764956,15.675155,15.715066,1182740
2016-10-10,JKH.N0000,15.715066,15.764956,15.715066,15.715066,3044620
2016-10-11,JKH.N0000,15.695111,15.715066,15.465621,15.545444,820470
2016-10-12,JKH.N0000,15.485577,15.51551,15.375821,15.415732,990220
2016-10-13,JKH.N0000,15.266065,15.365843,15.226153,15.236131,1934120
2016-10-14,JKH.N0000,15.256087,15.266065,15.166286,15.166286,303790
2016-10-17,JKH.N0000,15.066508,15.066508,15.026597,15.066508,2414900
2016-10-18,JKH.N0000,15.266065,15.555421,14.956752,14.96673,1008780
2016-10-19,JKH.N0000,15.266065,15.266065,14.96673,15.066508,9323680
2016-10-20,JKH.N0000,15.066508,15.066508,14.956752,14.96673,3738560
2016-10-21,JKH.N0000,14.96673,15.016619,14.916841,15.016619,5435540
2016-10-24,JKH.N0000,14.96673,15.05653,14.936797,15.016619,2274780
2016-10-25,JKH.N0000,15.036575,15.05653,14.96673,14.96673,83960
2016-10-26,JKH.N0000,14.96673,14.96673,14.936797,14.96673,267240
2016-10-27,JKH.N0000,14.956752,14.96673,14.926819,14.936797,141110
2016-10-28,JKH.N0000,14.956752,14.96673,14.846996,14.846996,614210
2016-10-31,JKH.N0000,14.906863,14.96673,14.827041,14.866952,105060
2016-11-01,JKH.N0000,14.946774,14.946774,14.866952,14.916841,513350
2016-11-02,JKH.N0000,14.87693,15.016619,14.866952,14.96673,6386790
2016-11-03,JKH.N0000,14.96673,15.355865,14.96673,15.166286,1716390
2016-11-04,JKH.N0000,15.066508,15.146331,15.066508,15.096442,3869300
2016-11-07,JKH.N0000,15.156309,15.186242,15.116397,15.146331,9297100
2016-11-08,JKH.N0000,15.166286,15.166286,15.05653,15.116397,417710
2016-11-09,JKH.N0000,15.066508,15.066508,14.936797,14.96673,3189110
2016-11-10,JKH.N0000,14.96673,14.96673,14.916841,14.926819,667760
2016-11-11,JKH.N0000,15.066508,15.066508,14.906863,14.916841,166510
2016-11-15,JKH.N0000,14.906863,14.906863,14.717285,14.717285,12440740
2016-11-16,JKH.N0000,14.717285,14.767174,14.577595,14.667395,15630880
2016-11-17,JKH.N0000,14.657418,14.667395,14.447883,14.517728,3447950
2016-11-18,JKH.N0000,14.567617,14.667395,14.467839,14.567617,1787160
2016-11-21,JKH.N0000,14.617506,14.617506,14.348105,14.368061,6507350
2016-11-22,JKH.N0000,14.358083,14.567617,14.358083,14.467839,9903880
2016-11-23,JKH.N0000,14.567617,14.567617,14.477817,14.567617,1721410
2016-11-24,JKH.N0000,14.567617,14.767174,14.567617,14.567617,336110
2016-11-25,JKH.N0000,14.487795,14.557639,14.467839,14.517728,493940
2016-11-28,JKH.N0000,14.517728,14.547662,14.41795,14.547662,1274970
2016-11-29,JKH.N0000,14.547662,14.547662,14.397994,14.467839,5751580
2016-11-30,JKH.N0000,14.467839,15.066508,14.467839,14.96673,7957070
2016-12-01,JKH.N0000,14.956752,14.96673,14.866952,14.96673,26286570
2016-12-02,JKH.N0000,14.936797,15.156309,14.916841,15.116397,8704180
2016-12-05,JKH.N0000,14.96673,15.166286,14.96673,15.156309,29861990
2016-12-06,JKH.N0000,15.116397,15.166286,15.066508,15.116397,667840
2016-12-07,JKH.N0000,15.156309,15.156309,15.066508,15.076486,4802070
2016-12-08,JKH.N0000,15.076486,15.565399,15.076486,15.465621,12742360
2016-12-09,JKH.N0000,15.465621,15.51551,15.345887,15.355865,5976510
2016-12-14,JKH.N0000,15.345887,15.455643,14.96673,15.166286,4637580
2016-12-15,JKH.N0000,15.156309,15.156309,14.817063,14.916841,488100
2016-12-16,JKH.N0000,14.896885,14.916841,14.667395,14.667395,3383230
2016-12-19,JKH.N0000,14.667395,14.906863,14.657418,14.657418,2019030
2016-12-20,JKH.N0000,14.657418,14.657418,14.557639,14.567617,674760
2016-12-21,JKH.N0000,14.567617,14.567617,14.41795,14.467839,3711380
2016-12-22,JKH.N0000,14.467839,14.467839,14.437906,14.457861,214320
2016-12-23,JKH.N0000,14.467839,14.467839,14.41795,14.41795,2309880
2016-12-27,JKH.N0000,14.667395,14.96673,14.268283,14.27826,1345670
2016-12-28,JKH.N0000,14.467839,14.467839,14.368061,14.437906,2182940
2016-12-29,JKH.N0000,14.427928,14.467839,14.397994,14.41795,131460
2016-12-30,JKH.N0000,14.467839,14.567617,14.368061,14.467839,1408270
2017-01-02,JKH.N0000,14.467839,14.467839,13.948992,13.968948,12310720
2017-01-03,JKH.N0000,13.968948,13.968948,13.779369,13.86917,5727970
2017-01-04,JKH.N0000,13.86917,14.268283,13.86917,14.018837,7085390
2017-01-05,JKH.N0000,14.068726,14.068726,13.968948,13.968948,14800390
2017-01-06,JKH.N0000,14.018837,14.268283,13.968948,14.068726,2916570
2017-01-09,JKH.N0000,14.118615,14.268283,13.998881,14.078704,12110500
2017-01-10,JKH.N0000,14.258305,14.258305,14.018837,14.068726,870550
2017-01-11,JKH.N0000,14.068726,14.168504,13.968948,14.148549,62924300
2017-01-13,JKH.N0000,14.158527,14.158527,14.128593,14.158527,62440
2017-01-16,JKH.N0000,14.158527,14.158527,14.068726,14.128593,1334780
2017-01-17,JKH.N0000,14.118615,14.118615,14.058748,14.068726,21260760
2017-01-18,JKH.N0000,14.068726,14.068726,14.028815,14.068726,124870
2017-01-19,JKH.N0000,14.028815,14.068726,13.95897,13.968948,22761520
2017-01-23,JKH.N0000,14.058748,14.058748,13.919059,13.919059,220040
2017-01-24,JKH.N0000,13.919059,13.919059,13.769392,13.819281,789270
2017-01-25,JKH.N0000,13.859192,13.859192,13.669613,13.719502,2877550
2017-01-26,JKH.N0000,13.72948,13.968948,13.72948,13.769392,3389120
2017-01-27,JKH.N0000,13.968948,14.068726,13.909081,14.058748,13071630
2017-01-30,JKH.N0000,14.068726,14.118615,13.95897,13.968948,606050
2017-01-31,JKH.N0000,13.968948,14.058748,13.968948,13.968948,10649200
2017-02-01,JKH.N0000,13.968948,14.068726,13.968948,14.018837,199540
2017-02-02,JKH.N0000,14.068726,14.09866,13.968948,14.078704,321960
2017-02-03,JKH.N0000,14.118615,14.168504,13.968948,14.088682,177930
2017-02-06,JKH.N0000,14.118615,14.168504,13.968948,14.168504,5971900
2017-02-07,JKH.N0000,14.168504,14.368061,14.118615,14.368061,2958540
2017-02-08,JKH.N0000,14.467839,14.567617,14.41795,14.527706,9378050
2017-02-09,JKH.N0000,14.557639,14.597551,14.497772,14.537684,22987980
2017-02-13,JKH.N0000,14.567617,14.956752,14.537684,14.956752,6451210
2017-02-14,JKH.N0000,14.627484,14.96673,14.627484,14.916841,3439060
2017-02-15,JKH.N0000,14.956752,14.956752,14.667395,14.767174,984380
2017-02-16,JKH.N0000,14.797107,14.797107,14.64744,14.717285,535780
2017-02-20,JKH.N0000,14.567617,14.567617,14.368061,14.477817,49320
2017-02-21,JKH.N0000,14.437906,14.467839,14.397994,14.397994,92070
2017-02-22,JKH.N0000,14.388016,14.447883,14.168504,14.168504,933840
2017-02-23,JKH.N0000,14.268283,14.268283,14.068726,14.118615,3390300
2017-02-27,JKH.N0000,14.208416,14.208416,13.95897,13.968948,21019430
2017-02-28,JKH.N0000,13.968948,14.368061,13.968948,14.218394,664310
2017-03-01,JKH.N0000,14.168504,14.248327,14.118615,14.168504,7035130
2017-03-02,JKH.N0000,14.168504,14.218394,14.138571,14.138571,12390560
2017-03-03,JKH.N0000,14.138571,14.168504,14.128593,14.138571,379520
2017-03-06,JKH.N0000,14.168504,14.168504,14.078704,14.118615,889410
2017-03-07,JKH.N0000,14.128593,14.168504,14.09866,14.09866,68380
2017-03-08,JKH.N0000,14.168504,14.168504,14.09866,14.148549,728980
2017-03-09,JKH.N0000,14.118615,14.118615,13.968948,13.968948,2919370
2017-03-10,JKH.N0000,14.018837,14.018837,13.948992,13.95897,643960
2017-03-13,JKH.N0000,13.929037,13.968948,13.779369,13.819281,1030830
2017-03-14,JKH.N0000,13.86917,13.86917,13.769392,13.769392,6988350
2017-03-15,JKH.N0000,13.769392,13.86917,13.759414,13.769392,1366150
2017-03-16,JKH.N0000,13.769392,13.86917,13.749436,13.749436,2568490
2017-03-17,JKH.N0000,13.749436,13.86917,13.749436,13.86917,5165570
2017-03-20,JKH.N0000,13.968948,13.968948,13.749436,13.769392,7612930
2017-03-21,JKH.N0000,13.769392,13.769392,13.749436,13.769392,580850
2017-03-22,JKH.N0000,13.769392,13.769392,13.450101,13.460079,22552000
2017-03-23,JKH.N0000,13.470057,13.470057,13.450101,13.470057,11731550
2017-03-24,JKH.N0000,13.470057,13.470057,13.460079,13.470057,3521150
2017-03-27,JKH.N0000,13.470057,13.470057,13.450101,13.450101,1190390
2017-03-28,JKH.N0000,13.470057,13.629702,13.360301,13.569835,9638880
2017-03-29,JKH.N0000,13.470057,13.769392,13.470057,13.669613,598490
2017-03-30,JKH.N0000,13.649658,13.769392,13.589791,13.669613,10956350
2017-03-31,JKH.N0000,13.669613,13.948992,13.669613,13.86917,11534960
2017-04-03,JKH.N0000,13.86917,14.168504,13.769392,13.968948,1912400
2017-04-04,JKH.N0000,14.118615,14.368061,13.998881,14.358083,11358840
2017-04-05,JKH.N0000,14.318172,14.617506,14.268283,14.567617,14748810
2017-04-06,JKH.N0000,14.607528,14.807085,14.567617,14.767174,14526630
2017-04-07,JKH.N0000,14.767174,14.906863,14.697329,14.866952,99155700
2017-04-11,JKH.N0000,14.866952,15.016619,14.866952,14.96673,4748290
2017-04-12,JKH.N0000,14.96673,15.206198,14.96673,15.166286,53607010
2017-04-17,JKH.N0000,15.176264,15.176264,14.856974,14.976708,3248670
2017-04-18,JKH.N0000,14.916841,15.156309,14.916841,15.116397,7309970
2017-04-19,JKH.N0000,15.136353,15.455643,15.136353,15.415732,6635300
2017-04-20,JKH.N0000,15.405754,15.51551,15.365843,15.465621,11797600
2017-04-21,JKH.N0000,15.495554,15.844778,15.495554,15.814845,87959370
2017-04-24,JKH.N0000,15.864734,15.914623,15.465621,15.625266,4627170
2017-04-25,JKH.N0000,15.565399,15.565399,15.365843,15.465621,10177120
2017-04-26,JKH.N0000,15.465621,15.665177,15.375821,15.665177,11309300
2017-04-27,JKH.N0000,15.6552,15.924601,15.6552,15.914623,14780800
2017-04-28,JKH.N0000,15.924601,16.114179,15.924601,16.06429,28077660
2017-05-02,JKH.N0000,16.06429,16.114179,15.964512,16.014401,997700
2017-05-03,JKH.N0000,15.964512,16.014401,15.715066,15.964512,1344510
2017-05-04,JKH.N0000,15.964512,16.313736,15.954534,16.213958,3853010
2017-05-05,JKH.N0000,16.213958,16.363625,16.164068,16.263847,2078320
2017-05-08,JKH.N0000,16.263847,16.363625,16.263847,16.313736,1764230
2017-05-09,JKH.N0000,16.213958,16.353647,16.213958,16.303758,283200
2017-05-12,JKH.N0000,16.263847,16.453425,16.263847,16.413514,3648950
2017-05-15,JKH.N0000,16.413514,16.413514,16.263847,16.393558,4549070
2017-05-16,JKH.N0000,16.273824,16.553203,16.263847,16.473381,6225440
2017-05-17,JKH.N0000,16.38358,16.692893,16.38358,16.672937,6359370
2017-05-18,JKH.N0000,16.513292,16.61307,16.513292,16.563181,2369630
2017-05-19,JKH.N0000,16.483359,16.862516,16.483359,16.812627,1941210
2017-05-22,JKH.N0000,16.812627,16.812627,16.672937,16.782693,1217780
2017-05-23,JKH.N0000,16.762738,16.812627,16.662959,16.762738,2399630
2017-05-24,JKH.N0000,16.762738,16.962294,16.712849,16.932361,10512410
2017-05-25,JKH.N0000,16.942338,16.962294,16.912405,16.952316,2049490
2017-05-26,JKH.N0000,16.942338,16.942338,16.762738,16.782693,145700
2017-05-29,JKH.N0000,16.862516,16.912405,16.662959,16.672937,100980
2017-05-30,JKH.N0000,16.682915,16.682915,16.463403,16.662959,877240
2017-05-31,JKH.N0000,16.662959,16.852538,16.662959,16.802649,6278390
2017-06-01,JKH.N0000,16.812627,16.952316,16.812627,16.862516,3736420
2017-06-02,JKH.N0000,16.932361,16.932361,16.812627,16.912405,3745960
2017-06-05,JKH.N0000,16.912405,17.062072,16.902427,17.052094,6312150
2017-06-06,JKH.N0000,16.862516,16.962294,16.852538,16.862516,1149220
2017-06-07,JKH.N0000,16.862516,16.962294,16.862516,16.862516,1289510
2017-06-09,JKH.N0000,16.912405,16.912405,16.762738,16.762738,216940
2017-06-12,JKH.N0000,16.712849,16.762738,16.463403,16.762738,2637270
2017-06-13,JKH.N0000,16.75276,16.942338,16.672937,16.902427,11546030
2017-06-14,JKH.N0000,16.802649,17.491118,16.802649,17.471163,16859470
2017-06-15,JKH.N0000,17.461185,17.810409,17.461185,17.780475,14790190
2017-06-16,JKH.N0000,17.76052,17.960076,17.660741,17.690675,9416440
2017-06-19,JKH.N0000,17.700653,17.700653,17.062072,17.21174,4595700
2017-06-20,JKH.N0000,17.411296,17.411296,17.21174,17.261629,24853940
2017-06-21,JKH.N0000,17.21174,17.461185,17.21174,17.461185,1276810
2017-06-22,JKH.N0000,17.461185,17.570941,17.361407,17.570941,2622950
2017-06-23,JKH.N0000,17.610852,17.910187,17.610852,17.810409,4893630
2017-06-27,JKH.N0000,17.461185,17.860298,17.461185,17.860298,5088770
2017-06-28,JKH.N0000,17.860298,17.870276,17.820387,17.85032,6754830
2017-06-29,JKH.N0000,17.76052,17.85032,17.76052,17.76052,133110
2017-06-30,JKH.N0000,17.810409,17.870276,17.810409,17.840342,6250750
2017-07-03,JKH.N0000,17.85032,17.860298,17.670719,17.670719,7904660
2017-07-04,JKH.N0000,17.710631,17.76052,17.600874,17.600874,9797800
2017-07-05,JKH.N0000,17.660741,17.700653,17.511074,17.511074,16138420
2017-07-06,JKH.N0000,17.461185,17.76052,17.461185,17.76052,3548370
2017-07-07,JKH.N0000,17.740564,17.840342,17.710631,17.76052,3419800
2017-07-10,JKH.N0000,17.840342,17.840342,17.76052,17.770497,2477520
2017-07-11,JKH.N0000,17.471163,17.810409,17.471163,17.76052,4341760
2017-07-12,JKH.N0000,17.76052,17.76052,17.560963,17.560963,1376750
2017-07-13,JKH.N0000,17.660741,17.660741,17.461185,17.461185,1940070
2017-07-14,JKH.N0000,17.640786,17.700653,17.640786,17.660741,1581020
2017-07-17,JKH.N0000,17.700653,17.710631,17.471163,17.660741,2716420
2017-07-18,JKH.N0000,17.62083,17.650764,17.560963,17.560963,3329090
2017-07-19,JKH.N0000,17.560963,17.560963,17.451207,17.461185,1505470
2017-07-20,JKH.N0000,17.461185,17.461185,17.361407,17.361407,3778740
2017-07-21,JKH.N0000,17.361407,17.361407,17.171828,17.21174,15970
2017-07-24,JKH.N0000,17.181806,17.261629,17.062072,17.181806,16292160
2017-07-25,JKH.N0000,17.16185,17.361407,17.111961,17.221717,576860
2017-07-26,JKH.N0000,17.231695,17.381362,17.231695,17.311518,276600
2017-07-27,JKH.N0000,17.261629,17.371385,17.261629,17.361407,191410
2017-07-28,JKH.N0000,17.361407,17.411296,17.311518,17.361407,1265060
2017-07-31,JKH.N0000,17.361407,17.361407,17.191784,17.341451,2470380
2017-08-01,JKH.N0000,17.361407,17.361407,17.16185,17.16185,5061260
2017-08-02,JKH.N0000,17.21174,17.21174,17.062072,17.16185,6391070
2017-08-03,JKH.N0000,17.16185,17.16185,16.98225,17.062072,123330
2017-08-04,JKH.N0000,17.062072,17.062072,16.912405,16.912405,1239610
2017-08-08,JKH.N0000,16.872494,16.872494,16.363625,16.463403,4797820
2017-08-09,JKH.N0000,16.463403,16.463403,16.363625,16.453425,5096960
2017-08-10,JKH.N0000,16.453425,16.463403,16.313736,16.323714,1790340
2017-08-11,JKH.N0000,16.343669,16.343669,16.164068,16.263847,8512670
2017-08-14,JKH.N0000,16.463403,16.812627,16.263847,16.413514,4939580
2017-08-15,JKH.N0000,16.463403,16.463403,16.014401,16.014401,7136670
2017-08-16,JKH.N0000,16.06429,16.06429,15.954534,15.964512,4730600
2017-08-17,JKH.N0000,16.054312,16.263847,16.044335,16.074268,617610
2017-08-18,JKH.N0000,16.164068,16.413514,16.114179,16.164068,3152710
2017-08-21,JKH.N0000,16.194002,16.194002,16.06429,16.06429,2175980
2017-08-22,JKH.N0000,16.044335,16.06429,15.934579,15.954534,8198280
2017-08-23,JKH.N0000,15.964512,16.164068,15.784911,15.814845,3226320
2017-08-24,JKH.N0000,15.814845,15.964512,15.764956,15.764956,8108270
2017-08-25,JKH.N0000,15.754978,16.154091,15.754978,16.154091,983170
2017-08-28,JKH.N0000,16.164068,16.233913,16.094224,16.233913,278120
2017-08-29,JKH.N0000,16.213958,16.213958,16.124157,16.134135,4987240
2017-08-30,JKH.N0000,16.134135,16.463403,16.124157,16.463403,9899030
2017-08-31,JKH.N0000,16.463403,16.463403,16.164068,16.164068,11076010
2017-09-04,JKH.N0000,16.164068,16.423492,16.154091,16.164068,3350260
2017-09-06,JKH.N0000,16.164068,16.263847,16.144113,16.184024,2353280
2017-09-07,JKH.N0000,16.144113,16.164068,15.864734,16.06429,2489230
2017-09-08,JKH.N0000,16.054312,16.054312,15.964512,16.004423,13587740
2017-09-11,JKH.N0000,15.964512,16.014401,15.954534,15.954534,7778120
2017-09-12,JKH.N0000,15.964512,16.06429,15.954534,16.06429,16462460
2017-09-13,JKH.N0000,15.964512,16.164068,15.964512,16.074268,9065650
2017-09-14,JKH.N0000,16.06429,16.164068,16.014401,16.164068,1274650
2017-09-15,JKH.N0000,16.164068,16.273824,16.114179,16.263847,4740640
2017-09-18,JKH.N0000,16.273824,16.463403,16.263847,16.463403,3917210
2017-09-19,JKH.N0000,16.463403,16.513292,16.453425,16.483359,34431060
2017-09-20,JKH.N0000,16.513292,16.563181,16.483359,16.513292,44910800
2017-09-21,JKH.N0000,16.503314,16.533248,16.463403,16.513292,7771970
2017-09-22,JKH.N0000,16.513292,16.513292,16.213958,16.213958,99770
2017-09-25,JKH.N0000,16.223935,16.263847,16.164068,16.213958,12140700
2017-09-26,JKH.N0000,16.213958,16.303758,16.164068,16.273824,1338870
2017-09-27,JKH.N0000,16.303758,16.363625,16.263847,16.263847,1463430
2017-09-28,JKH.N0000,16.223935,16.283802,16.213958,16.263847,1167610
2017-09-29,JKH.N0000,16.263847,16.263847,16.213958,16.233913,1696360
2017-10-02,JKH.N0000,16.313736,16.403536,16.313736,16.363625,835680
2017-10-03,JKH.N0000,16.403536,16.573159,16.38358,16.463403,2879090
2017-10-04,JKH.N0000,16.363625,16.503314,16.263847,16.363625,292850
2017-10-06,JKH.N0000,16.463403,16.52327,16.463403,16.463403,3299580
2017-10-09,JKH.N0000,16.273824,16.463403,16.273824,16.413514,117150
2017-10-10,JKH.N0000,16.363625,16.463403,16.263847,16.453425,37990260
2017-10-11,JKH.N0000,16.263847,16.363625,16.263847,16.263847,7548970
2017-10-12,JKH.N0000,16.263847,16.413514,16.263847,16.263847,4049300
2017-10-13,JKH.N0000,16.263847,16.363625,16.213958,16.313736,7570780
2017-10-16,JKH.N0000,16.453425,16.453425,16.213958,16.233913,2765290
2017-10-17,JKH.N0000,16.263847,16.363625,16.213958,16.213958,798740
2017-10-19,JKH.N0000,16.20398,16.363625,16.06429,16.253869,15059420
2017-10-20,JKH.N0000,16.263847,16.263847,16.154091,16.213958,504490
2017-10-23,JKH.N0000,16.263847,16.263847,16.154091,16.164068,3633060
2017-10-24,JKH.N0000,16.164068,16.164068,16.06429,16.094224,235470
2017-10-25,JKH.N0000,16.024379,16.024379,15.914623,15.954534,1935520
2017-10-26,JKH.N0000,15.964512,16.164068,15.964512,16.06429,3474840
2017-10-27,JKH.N0000,16.084246,16.084246,15.994445,16.06429,484650
2017-10-30,JKH.N0000,16.06429,16.06429,15.994445,16.06429,1046030
2017-10-31,JKH.N0000,16.134135,16.134135,15.764956,15.864734,2165370
2017-11-01,JKH.N0000,15.764956,16.06429,15.764956,16.06429,156990
2017-11-02,JKH.N0000,16.06429,16.114179,15.964512,16.06429,706360
2017-11-06,JKH.N0000,16.06429,16.06429,15.954534,15.964512,10767860
2017-11-07,JKH.N0000,15.964512,16.06429,15.964512,16.044335,146540
2017-11-08,JKH.N0000,15.964512,15.964512,15.864734,15.864734,1995030
2017-11-09,JKH.N0000,15.884689,15.914623,15.854756,15.854756,4039390
2017-11-10,JKH.N0000,15.964512,15.964512,15.844778,15.904645,64100
2017-11-13,JKH.N0000,15.904645,15.964512,15.745,15.764956,410470
2017-11-14,JKH.N0000,15.764956,15.764956,15.365843,15.365843,2094180
2017-11-15,JKH.N0000,15.325932,15.325932,14.866952,15.066508,26417290
2017-11-16,JKH.N0000,14.96673,15.216175,14.96673,15.016619,19590800
2017-11-17,JKH.N0000,15.325932,15.415732,15.166286,15.365843,3262970
2017-11-20,JKH.N0000,15.385798,15.445665,15.266065,15.355865,13507370
2017-11-21,JKH.N0000,15.266065,15.266065,15.166286,15.166286,6374530
2017-11-22,JKH.N0000,15.345887,15.345887,15.266065,15.266065,4144970
2017-11-23,JKH.N0000,15.276042,15.445665,15.276042,15.355865,338190
2017-11-24,JKH.N0000,15.365843,15.365843,15.315954,15.345887,1774210
2017-11-27,JKH.N0000,15.365843,15.365843,15.315954,15.355865,1089140
2017-11-28,JKH.N0000,15.325932,15.415732,15.315954,15.405754,3111580
2017-11-29,JKH.N0000,15.415732,15.565399,15.415732,15.465621,3424550
2017-11-30,JKH.N0000,15.465621,15.505532,15.395776,15.465621,1317110
2017-12-04,JKH.N0000,15.475599,15.475599,15.455643,15.465621,16109780
2017-12-05,JKH.N0000,15.465621,15.495554,15.375821,15.495554,1685750
2017-12-06,JKH.N0000,15.465621,15.465621,15.415732,15.415732,9409730
2017-12-07,JKH.N0000,15.465621,15.465621,15.375821,15.415732,30072870
2017-12-08,JKH.N0000,15.415732,15.415732,15.166286,15.315954,5980
2017-12-11,JKH.N0000,15.266065,15.266065,14.866952,14.96673,3569270
2017-12-12,JKH.N0000,14.936797,14.936797,14.817063,14.866952,3452940
2017-12-13,JKH.N0000,14.866952,14.866952,14.817063,14.817063,4745330
2017-12-14,JKH.N0000,14.817063,14.817063,14.467839,14.767174,48276330
2017-12-15,JKH.N0000,14.817063,14.96673,14.817063,14.866952,947010
2017-12-18,JKH.N0000,14.866952,14.96673,14.817063,14.866952,9079200
2017-12-19,JKH.N0000,14.846996,14.856974,14.727262,14.747218,479550
2017-12-20,JKH.N0000,14.767174,14.767174,14.687351,14.767174,11147730
2017-12-21,JKH.N0000,14.96673,14.96673,14.667395,14.727262,1922590
2017-12-22,JKH.N0000,14.717285,14.767174,14.567617,14.747218,1123080
2017-12-26,JKH.N0000,14.717285,14.767174,14.717285,14.767174,16500
2017-12-27,JKH.N0000,14.767174,14.767174,14.717285,14.717285,39980
2017-12-28,JKH.N0000,14.697329,14.817063,14.687351,14.767174,179690
2017-12-29,JKH.N0000,14.767174,14.837018,14.727262,14.837018,784320
2018-01-02,JKH.N0000,14.837018,14.986686,14.817063,14.986686,375460
2018-01-03,JKH.N0000,14.96673,15.615288,14.96673,15.565399,3999530
2018-01-04,JKH.N0000,15.565399,15.565399,15.465621,15.555421,6300310
2018-01-05,JKH.N0000,15.615288,15.964512,15.615288,15.964512,10089870
2018-01-08,JKH.N0000,15.964512,16.662959,15.964512,16.423492,3347910
2018-01-09,JKH.N0000,15.994445,16.463403,15.994445,16.363625,7662950
2018-01-10,JKH.N0000,16.363625,16.393558,16.014401,16.014401,2020960
2018-01-11,JKH.N0000,16.014401,16.313736,16.014401,16.213958,307450
2018-01-12,JKH.N0000,16.213958,16.213958,15.485577,15.864734,4990600
2018-01-16,JKH.N0000,15.864734,15.964512,15.665177,15.764956,502050
2018-01-17,JKH.N0000,15.864734,15.964512,15.774933,15.964512,9936290
2018-01-18,JKH.N0000,15.964512,16.154091,15.954534,15.964512,19438820
2018-01-19,JKH.N0000,15.964512,16.43347,15.964512,16.363625,5952960
2018-01-22,JKH.N0000,16.363625,16.463403,16.104201,16.463403,7774850
2018-01-23,JKH.N0000,16.363625,16.563181,16.363625,16.473381,15883300
2018-01-24,JKH.N0000,16.363625,16.563181,16.363625,16.473381,1926570
2018-01-25,JKH.N0000,16.463403,16.563181,16.263847,16.563181,2859620
2018-01-26,JKH.N0000,16.06429,16.563181,16.06429,16.553203,3179990
2018-01-29,JKH.N0000,16.463403,16.533248,16.263847,16.263847,424810
2018-01-30,JKH.N0000,16.06429,16.463403,15.964512,16.463403,1965530
2018-02-01,JKH.N0000,16.363625,16.403536,16.283802,16.363625,3672530
2018-02-02,JKH.N0000,16.453425,16.453425,15.964512,15.964512,2951300
2018-02-06,JKH.N0000,15.964512,15.964512,15.764956,15.814845,8163340
2018-02-07,JKH.N0000,15.814845,15.814845,15.675155,15.675155,4710150
2018-02-08,JKH.N0000,15.764956,15.804867,15.715066,15.804867,604110
2018-02-09,JKH.N0000,15.794889,15.814845,15.794889,15.814845,667550
2018-02-12,JKH.N0000,15.814845,15.964512,15.465621,15.475599,836820
2018-02-14,JKH.N0000,15.485577,15.754978,15.465621,15.665177,2024210
2018-02-15,JKH.N0000,15.675155,15.764956,15.565399,15.665177,732620
2018-02-16,JKH.N0000,15.764956,15.944556,15.665177,15.764956,472180
2018-02-19,JKH.N0000,15.764956,15.764956,15.764956,15.764956,171280
2018-02-20,JKH.N0000,15.864734,15.964512,15.764956,15.954534,10404150
2018-02-21,JKH.N0000,15.954534,15.97449,15.894667,15.894667,250910
2018-02-22,JKH.N0000,15.904645,15.944556,15.814845,15.864734,2064480
2018-02-23,JKH.N0000,15.864734,15.994445,15.814845,15.964512,3685860
2018-02-26,JKH.N0000,15.964512,15.97449,15.864734,15.964512,449830
2018-02-27,JKH.N0000,15.924601,15.994445,15.924601,15.964512,845350
2018-02-28,JKH.N0000,15.964512,16.024379,15.964512,16.024379,571240
2018-03-02,JKH.N0000,16.06429,16.273824,16.06429,16.263847,3333530
2018-03-05,JKH.N0000,16.263847,16.453425,16.213958,16.313736,4064280
2018-03-06,JKH.N0000,16.363625,16.363625,16.213958,16.253869,2236250
2018-03-07,JKH.N0000,16.253869,16.253869,16.014401,16.213958,174840
2018-03-08,JKH.N0000,16.06429,16.263847,16.06429,16.223935,4106920
2018-03-09,JKH.N0000,16.263847,16.423492,16.263847,16.313736,4225430
2018-03-12,JKH.N0000,16.283802,16.283802,16.114179,16.263847,325550
2018-03-13,JKH.N0000,16.164068,16.263847,16.06429,16.06429,4567980
2018-03-14,JKH.N0000,16.213958,16.213958,16.164068,16.213958,366130
2018-03-15,JKH.N0000,16.164068,16.353647,16.164068,16.213958,4594090
2018-03-16,JKH.N0000,16.343669,16.443447,16.343669,16.443447,7970030
2018-03-19,JKH.N0000,16.413514,16.413514,16.164068,16.213958,290
2018-03-20,JKH.N0000,16.164068,16.164068,15.914623,15.964512,68510
2018-03-21,JKH.N0000,15.964512,15.964512,15.715066,15.764956,552830
2018-03-22,JKH.N0000,15.954534,15.954534,15.814845,15.934579,797780
2018-03-23,JKH.N0000,15.914623,15.914623,15.784911,15.854756,1914010
2018-03-26,JKH.N0000,15.814845,15.964512,15.814845,15.964512,3494540
2018-03-27,JKH.N0000,15.814845,16.054312,15.814845,15.864734,3010970
2018-03-28,JKH.N0000,15.854756,15.914623,15.854756,15.864734,3042520
2018-03-29,JKH.N0000,15.944556,15.964512,15.864734,15.964512,103420
2018-04-02,JKH.N0000,15.964512,15.964512,15.894667,15.894667,87040
2018-04-03,JKH.N0000,15.914623,15.964512,15.914623,15.914623,804580
2018-04-04,JKH.N0000,15.914623,15.964512,15.914623,15.964512,119420
2018-04-05,JKH.N0000,15.964512,15.964512,15.914623,15.914623,2001830
2018-04-06,JKH.N0000,15.894667,15.914623,15.864734,15.864734,242890
2018-04-09,JKH.N0000,15.914623,15.914623,15.725044,15.764956,169020
2018-04-10,JKH.N0000,15.764956,15.814845,15.754978,15.764956,239950
2018-04-11,JKH.N0000,15.764956,15.864734,15.764956,15.774933,3870
2018-04-12,JKH.N0000,15.864734,15.864734,15.774933,15.864734,1680
2018-04-16,JKH.N0000,15.864734,15.864734,15.814845,15.864734,459740
2018-04-17,JKH.N0000,15.964512,15.964512,15.864734,15.914623,863190
2018-04-18,JKH.N0000,15.914623,16.014401,15.914623,15.97449,753150
2018-04-19,JKH.N0000,15.924601,15.984468,15.914623,15.984468,704910
2018-04-23,JKH.N0000,15.964512,16.034357,15.964512,16.014401,443340
2018-04-24,JKH.N0000,16.024379,16.114179,15.97449,16.114179,549360
2018-04-25,JKH.N0000,15.984468,16.423492,15.964512,16.413514,5892650
2018-04-26,JKH.N0000,16.413514,16.443447,16.313736,16.413514,742300
2018-04-27,JKH.N0000,16.413514,16.423492,16.363625,16.413514,9085960
2018-05-01,JKH.N0000,16.413514,16.413514,16.313736,16.413514,14790
2018-05-02,JKH.N0000,16.363625,16.393558,16.363625,16.38358,2550900
2018-05-03,JKH.N0000,16.363625,16.393558,16.363625,16.373603,2189280
2018-05-04,JKH.N0000,16.373603,16.373603,16.313736,16.363625,4701480
2018-05-08,JKH.N0000,16.263847,16.353647,16.263847,16.353647,3145060
2018-05-09,JKH.N0000,16.263847,16.263847,16.164068,16.174046,3756460
2018-05-10,JKH.N0000,16.174046,16.263847,13.749436,16.263847,5525680
2018-05-11,JKH.N0000,16.213958,16.213958,16.164068,16.164068,5442430
2018-05-14,JKH.N0000,16.014401,16.213958,15.964512,15.964512,7292430
2018-05-16,JKH.N0000,15.964512,15.964512,15.814845,15.854756,2379060
2018-05-17,JKH.N0000,15.864734,15.864734,15.715066,15.745,14191390
2018-05-18,JKH.N0000,15.764956,16.164068,15.764956,16.164068,10737580
2018-05-21,JKH.N0000,16.06429,16.164068,15.864734,16.014401,4347710
2018-05-22,JKH.N0000,16.114179,16.114179,15.864734,15.964512,8451740
2018-05-23,JKH.N0000,16.114179,16.114179,15.864734,15.914623,36760
2018-05-24,JKH.N0000,15.814845,15.874712,15.745,15.814845,3302700
2018-05-25,JKH.N0000,15.954534,15.954534,15.665177,15.665177,6508020
2018-05-28,JKH.N0000,15.954534,15.954534,15.665177,15.665177,692060
2018-05-30,JKH.N0000,15.764956,15.764956,15.266065,15.266065,8396610
2018-05-31,JKH.N0000,15.226153,15.236131,14.87693,15.206198,89317670
2018-06-01,JKH.N0000,15.166286,15.764956,15.166286,15.465621,7403240
2018-06-04,JKH.N0000,15.465621,15.645222,15.465621,15.565399,1889450
2018-06-05,JKH.N0000,15.6552,15.954534,15.6552,15.854756,6424980
2018-06-06,JKH.N0000,15.764956,15.764956,15.585355,15.754978,1896510
2018-06-07,JKH.N0000,15.615288,15.754978,15.565399,15.665177,2629780
2018-06-08,JKH.N0000,15.51551,15.665177,15.51551,15.615288,1422680
2018-06-11,JKH.N0000,15.575377,15.665177,15.565399,15.665177,83920
2018-06-12,JKH.N0000,15.615288,15.615288,15.565399,15.615288,1263180
2018-06-13,JKH.N0000,15.645222,15.6552,15.575377,15.575377,1124770
2018-06-14,JKH.N0000,15.595333,15.595333,15.565399,15.565399,1491180
2018-06-18,JKH.N0000,15.565399,15.615288,15.465621,15.555421,5117710
2018-06-19,JKH.N0000,15.555421,15.565399,14.96673,14.96673,827300
2018-06-20,JKH.N0000,14.986686,15.315954,14.96673,15.116397,5423510
2018-06-21,JKH.N0000,15.315954,15.315954,14.87693,14.956752,4181440
2018-06-22,JKH.N0000,14.96673,15.166286,14.96673,15.116397,1939510
2018-06-25,JKH.N0000,15.156309,15.166286,14.946774,14.96673,829290
2018-06-26,JKH.N0000,14.96673,14.96673,14.757196,14.767174,1490840
2018-06-28,JKH.N0000,14.767174,14.906863,14.667395,14.667395,4274800
2018-06-29,JKH.N0000,14.757196,14.767174,14.697329,14.707307,3820690
2018-07-02,JKH.N0000,14.717285,14.747218,14.41795,14.457861,1221390
2018-07-03,JKH.N0000,14.437906,14.567617,13.86917,13.86917,13232900
2018-07-04,JKH.N0000,13.968948,13.968948,13.749436,13.749436,7341850
2018-07-05,JKH.N0000,13.769392,14.158527,13.759414,14.158527,7424120
2018-07-06,JKH.N0000,14.168504,14.268283,14.148549,14.168504,18751810
2018-07-09,JKH.N0000,14.268283,14.358083,14.068726,14.158527,1591380
2018-07-10,JKH.N0000,14.158527,14.218394,14.148549,14.168504,2241250
2018-07-11,JKH.N0000,14.168504,14.178482,14.128593,14.158527,1546210
2018-07-12,JKH.N0000,14.168504,14.168504,14.118615,14.118615,6591950
2018-07-13,JKH.N0000,14.168504,14.168504,14.118615,14.168504,4098410
2018-07-16,JKH.N0000,14.128593,14.457861,14.128593,14.457861,4354040
2018-07-17,JKH.N0000,14.467839,14.866952,14.467839,14.866952,3250350
2018-07-18,JKH.N0000,14.866952,14.866952,14.577595,14.767174,1042940
2018-07-19,JKH.N0000,14.697329,14.916841,14.697329,14.916841,13032010
2018-07-20,JKH.N0000,14.916841,14.946774,14.767174,14.767174,1317090
2018-07-23,JKH.N0000,14.767174,14.767174,14.667395,14.667395,155570
2018-07-24,JKH.N0000,14.717285,14.717285,14.567617,14.567617,3152110
2018-07-25,JKH.N0000,14.567617,14.567617,14.41795,14.457861,163890
2018-07-26,JKH.N0000,14.467839,14.467839,14.158527,14.168504,2696810
2018-07-30,JKH.N0000,14.168504,14.168504,13.86917,13.968948,4570390
2018-07-31,JKH.N0000,13.968948,13.968948,13.929037,13.929037,695690
2018-08-01,JKH.N0000,13.95897,13.95897,13.569835,13.619724,4527470
2018-08-02,JKH.N0000,13.669613,13.86917,13.669613,13.819281,924650
2018-08-03,JKH.N0000,13.829259,13.829259,13.719502,13.769392,2635180
2018-08-06,JKH.N0000,13.769392,13.86917,13.749436,13.769392,3231090
2018-08-07,JKH.N0000,13.769392,13.769392,13.569835,13.619724,19927610
2018-08-08,JKH.N0000,13.619724,14.068726,13.619724,14.068726,2690400
2018-08-09,JKH.N0000,14.068726,14.41795,14.068726,14.41795,3681800
2018-08-10,JKH.N0000,14.41795,14.557639,14.318172,14.447883,4226460
2018-08-13,JKH.N0000,14.27826,14.447883,13.968948,14.158527,1155730
2018-08-14,JKH.N0000,14.078704,14.078704,13.769392,14.018837,7636630
2018-08-15,JKH.N0000,13.968948,14.008859,13.86917,13.95897,11087780
2018-08-16,JKH.N0000,13.95897,13.95897,13.769392,13.769392,5733580
2018-08-17,JKH.N0000,13.939015,13.939015,13.769392,13.769392,12370310
2018-08-20,JKH.N0000,13.919059,13.919059,13.739458,13.739458,2542250
2018-08-21,JKH.N0000,13.779369,13.919059,13.769392,13.879148,10181880
2018-08-23,JKH.N0000,13.86917,14.168504,13.86917,13.968948,8762620
2018-08-24,JKH.N0000,13.968948,13.968948,13.819281,13.86917,2529860
2018-08-27,JKH.N0000,13.819281,13.86917,13.819281,13.86917,415480
2018-08-28,JKH.N0000,13.86917,13.86917,13.769392,13.819281,202790
2018-08-29,JKH.N0000,13.968948,14.068726,13.789347,13.968948,19625120
2018-08-30,JKH.N0000,14.068726,14.068726,13.968948,13.968948,4191200
2018-08-31,JKH.N0000,13.968948,14.068726,13.948992,13.95897,3869880
2018-09-03,JKH.N0000,13.968948,13.968948,13.919059,13.95897,434800
2018-09-04,JKH.N0000,13.948992,13.948992,13.719502,13.719502,2791540
2018-09-05,JKH.N0000,14.068726,14.068726,13.669613,13.719502,8525290
2018-09-07,JKH.N0000,13.769392,13.948992,13.769392,13.779369,7148050
2018-09-10,JKH.N0000,13.779369,13.86917,13.689569,13.689569,13850920
2018-09-11,JKH.N0000,13.719502,13.859192,13.669613,13.689569,230560
2018-09-12,JKH.N0000,13.669613,13.86917,13.539902,13.569835,3006090
2018-09-13,JKH.N0000,13.569835,13.769392,13.470057,13.470057,3596450
2018-09-14,JKH.N0000,13.470057,13.569835,13.32039,13.470057,7828130
2018-09-17,JKH.N0000,13.480035,13.490013,13.370279,13.470057,419170
2018-09-18,JKH.N0000,13.450101,13.450101,13.070944,13.160745,25448560
2018-09-19,JKH.N0000,13.170722,13.41019,13.170722,13.270501,9418070
2018-09-20,JKH.N0000,13.370279,13.370279,12.86141,12.871388,21867170
2018-09-21,JKH.N0000,12.961188,12.971166,12.671831,12.971166,12532990
2018-09-25,JKH.N0000,13.170722,13.170722,12.681809,12.781587,3374220
2018-09-26,JKH.N0000,12.77161,13.270501,12.77161,13.250545,366370
2018-09-27,JKH.N0000,13.32039,13.370279,13.170722,13.170722,7431270
2018-09-28,JKH.N0000,13.260523,13.32039,13.070944,13.130811,25370350
2018-10-01,JKH.N0000,13.270501,13.270501,13.120833,13.120833,41190
2018-10-02,JKH.N0000,13.120833,13.170722,13.070944,13.120833,4653180
2018-10-03,JKH.N0000,13.120833,13.32039,13.120833,13.32039,1639230
2018-10-04,JKH.N0000,13.370279,13.41019,13.170722,13.270501,3116660
2018-10-05,JKH.N0000,13.270501,13.370279,13.270501,13.32039,9447190
2018-10-08,JKH.N0000,13.32039,13.470057,13.270501,13.32039,1509400
2018-10-09,JKH.N0000,13.420168,13.420168,13.170722,13.340345,14499380
2018-10-10,JKH.N0000,13.270501,13.270501,13.140789,13.140789,1336290
2018-10-11,JKH.N0000,13.170722,13.170722,12.971166,12.971166,275520
2018-10-12,JKH.N0000,13.070944,13.070944,12.671831,12.691787,1886740
2018-10-15,JKH.N0000,12.781587,12.871388,12.572053,12.671831,6886250
2018-10-16,JKH.N0000,12.761632,13.060966,12.572053,12.881366,16955820
2018-10-17,JKH.N0000,13.060966,13.460079,12.881366,12.971166,5396360
2018-10-18,JKH.N0000,13.170722,13.270501,13.060966,13.110855,5674870
2018-10-19,JKH.N0000,13.220611,13.220611,12.921277,13.021055,721590
2018-10-22,JKH.N0000,12.871388,13.170722,12.871388,13.170722,4480580
2018-10-23,JKH.N0000,13.170722,13.360301,12.971166,13.360301,6917200
2018-10-25,JKH.N0000,13.370279,13.589791,13.350323,13.569835,5049500
2018-10-26,JKH.N0000,13.569835,14.068726,13.569835,13.968948,4299000
2018-10-29,JKH.N0000,14.168504,14.368061,14.008859,14.158527,14735680
2018-10-30,JKH.N0000,14.368061,14.866952,14.368061,14.767174,9326110
2018-10-31,JKH.N0000,14.717285,15.116397,14.567617,15.066508,17713240
2018-11-01,JKH.N0000,15.066508,15.445665,14.96673,15.415732,13617220
2018-11-02,JKH.N0000,15.465621,15.475599,14.96673,15.066508,12562160
2018-11-05,JKH.N0000,15.066508,15.066508,14.896885,14.96673,227704000
2018-11-07,JKH.N0000,14.96673,14.96673,14.368061,14.467839,9534230
2018-11-08,JKH.N0000,14.378039,14.378039,14.068726,14.368061,49423570
2018-11-09,JKH.N0000,14.368061,14.50775,14.218394,14.467839,36354420
2018-11-12,JKH.N0000,15.066508,15.166286,14.956752,15.066508,7489850
2018-11-13,JKH.N0000,15.036575,15.266065,15.036575,15.206198,2257780
2018-11-14,JKH.N0000,15.016619,15.216175,14.767174,15.176264,1933240
2018-11-15,JKH.N0000,15.116397,15.216175,15.116397,15.186242,1588510
2018-11-16,JKH.N0000,15.226153,15.266065,15.166286,15.266065,3707060
2018-11-19,JKH.N0000,15.216175,15.465621,15.216175,15.276042,622340
2018-11-21,JKH.N0000,15.28602,15.375821,15.266065,15.365843,9817980
2018-11-23,JKH.N0000,15.365843,15.465621,15.365843,15.465621,7023160
2018-11-26,JKH.N0000,15.365843,15.665177,15.365843,15.565399,9786180
2018-11-27,JKH.N0000,15.565399,15.884689,15.475599,15.774933,7976830
2018-11-28,JKH.N0000,15.774933,15.864734,15.764956,15.764956,4260840
2018-11-29,JKH.N0000,15.665177,15.884689,15.665177,15.864734,9617550
2018-11-30,JKH.N0000,15.884689,16.06429,15.874712,16.06429,24571050
2018-12-03,JKH.N0000,15.964512,16.114179,15.964512,16.06429,8705630
2018-12-04,JKH.N0000,16.06429,16.06429,15.964512,15.984468,5540610
2018-12-05,JKH.N0000,15.964512,16.014401,15.964512,15.964512,22738170
2018-12-06,JKH.N0000,15.914623,16.084246,15.914623,16.06429,5812420
2018-12-07,JKH.N0000,16.134135,16.154091,16.06429,16.06429,14681300
2018-12-10,JKH.N0000,15.964512,16.114179,15.964512,15.964512,20371040
2018-12-11,JKH.N0000,15.904645,15.964512,15.864734,15.964512,7850520
2018-12-12,JKH.N0000,15.964512,15.964512,15.764956,15.964512,18846030
2018-12-13,JKH.N0000,15.964512,16.06429,15.964512,15.97449,852360
2018-12-14,JKH.N0000,15.964512,16.024379,15.964512,16.014401,3294620
2018-12-17,JKH.N0000,16.014401,16.06429,15.97449,16.06429,4090380
2018-12-18,JKH.N0000,16.014401,16.06429,15.964512,15.97449,3821760
2018-12-19,JKH.N0000,15.964512,16.054312,15.964512,16.044335,7279310
2018-12-20,JKH.N0000,16.054312,16.054312,15.954534,15.954534,16139810
2018-12-21,JKH.N0000,15.954534,15.964512,15.665177,15.764956,9321920
2018-12-24,JKH.N0000,15.764956,15.764956,15.645222,15.665177,61770
2018-12-26,JKH.N0000,15.6552,15.6552,14.986686,15.565399,130980
2018-12-27,JKH.N0000,15.565399,15.565399,15.465621,15.465621,958190
2018-12-28,JKH.N0000,15.465621,15.625266,15.465621,15.565399,4723340
2018-12-31,JKH.N0000,15.475599,15.964512,15.465621,15.864734,2057660
2019-01-02,JKH.N0000,15.864734,15.864734,15.764956,15.764956,22270
2019-01-03,JKH.N0000,15.764956,15.764956,15.665177,15.665177,10188070
2019-01-07,JKH.N0000,15.665177,15.665177,15.465621,15.465621,12852400
2019-01-08,JKH.N0000,15.465621,15.465621,15.216175,15.365843,12081430
2019-01-09,JKH.N0000,15.415732,15.465621,15.266065,15.266065,561860
2019-01-10,JKH.N0000,15.266065,15.365843,15.166286,15.266065,14023520
2019-01-11,JKH.N0000,15.206198,15.465621,15.206198,15.266065,11517560
2019-01-14,JKH.N0000,15.266065,15.465621,15.19622,15.236131,21089070
2019-01-16,JKH.N0000,15.216175,15.365843,15.176264,15.266065,73320
2019-01-17,JKH.N0000,15.365843,15.465621,15.166286,15.415732,2806780
2019-01-18,JKH.N0000,15.465621,15.465621,15.365843,15.415732,11013280
2019-01-21,JKH.N0000,15.465621,15.465621,15.365843,15.415732,25082160
2019-01-22,JKH.N0000,15.405754,15.415732,15.166286,15.216175,673860
2019-01-23,JKH.N0000,15.365843,15.365843,15.166286,15.266065,78110
2019-01-24,JKH.N0000,15.266065,15.365843,15.166286,15.365843,3341810
2019-01-25,JKH.N0000,15.365843,15.665177,15.355865,15.415732,17610270
2019-01-28,JKH.N0000,15.665177,15.715066,15.465621,15.665177,1240230
2019-01-29,JKH.N0000,15.665177,15.924601,15.665177,15.814845,912750
2019-01-30,JKH.N0000,15.715066,15.794889,15.715066,15.794889,7700470
2019-01-31,JKH.N0000,15.764956,15.764956,15.465621,15.745,2193900
2019-02-01,JKH.N0000,15.764956,15.764956,15.565399,15.565399,12668570
2019-02-05,JKH.N0000,15.565399,15.575377,15.51551,15.565399,16319230
2019-02-06,JKH.N0000,15.565399,15.764956,15.565399,15.764956,77310
2019-02-07,JKH.N0000,15.764956,15.764956,15.565399,15.565399,7825490
2019-02-08,JKH.N0000,15.565399,15.764956,15.565399,15.715066,5046070
2019-02-11,JKH.N0000,15.565399,15.754978,15.565399,15.754978,537570
2019-02-12,JKH.N0000,15.735022,15.735022,15.365843,15.415732,165920
2019-02-13,JKH.N0000,15.415732,15.415732,15.365843,15.415732,205220
2019-02-14,JKH.N0000,15.415732,15.415732,15.315954,15.315954,112610
2019-02-15,JKH.N0000,15.365843,15.365843,15.236131,15.266065,9466190
2019-02-18,JKH.N0000,15.365843,15.365843,15.266065,15.266065,374420
2019-02-20,JKH.N0000,15.266065,15.445665,15.266065,15.276042,2629580
2019-02-21,JKH.N0000,15.415732,15.415732,15.266065,15.266065,95350
2019-02-22,JKH.N0000,15.315954,15.565399,15.266065,15.565399,1886560
2019-02-25,JKH.N0000,15.465621,15.565399,15.266065,15.565399,6398180
2019-02-26,JKH.N0000,15.365843,15.555421,15.266065,15.465621,1154620
2019-02-27,JKH.N0000,15.465621,15.764956,15.465621,15.764956,1463880
2019-02-28,JKH.N0000,15.764956,15.914623,15.764956,15.914623,50684710
2019-03-01,JKH.N0000,15.645222,15.864734,15.465621,15.465621,149640
2019-03-05,JKH.N0000,15.565399,15.764956,15.565399,15.764956,45382190
2019-03-06,JKH.N0000,15.565399,15.6552,15.465621,15.615288,20092220
2019-03-07,JKH.N0000,15.565399,15.615288,15.565399,15.615288,27538420
2019-03-08,JKH.N0000,15.575377,15.575377,15.475599,15.475599,176190
2019-03-11,JKH.N0000,15.665177,15.665177,15.465621,15.465621,3118370
2019-03-12,JKH.N0000,15.465621,15.465621,15.166286,15.365843,2332980
2019-03-13,JKH.N0000,15.315954,15.365843,14.96673,14.976708,786370
2019-03-14,JKH.N0000,15.166286,15.266065,14.96673,15.166286,8405660
2019-03-15,JKH.N0000,15.016619,15.166286,15.016619,15.066508,17148040
2019-03-18,JKH.N0000,15.016619,15.156309,15.016619,15.026597,1446450
2019-03-19,JKH.N0000,15.166286,15.166286,14.976708,15.116397,3267560
2019-03-21,JKH.N0000,15.156309,15.156309,15.016619,15.016619,145230
2019-03-22,JKH.N0000,15.156309,15.156309,14.986686,15.016619,2281040
2019-03-25,JKH.N0000,15.016619,15.016619,14.96673,14.96673,4940800
2019-03-26,JKH.N0000,14.96673,15.006641,14.797107,14.96673,4714300
2019-03-27,JKH.N0000,15.016619,15.266065,14.96673,15.266065,1232760
2019-03-28,JKH.N0000,15.365843,15.665177,15.365843,15.565399,11293000
2019-03-29,JKH.N0000,15.565399,15.6552,15.565399,15.595333,5787840
2019-04-01,JKH.N0000,15.565399,15.565399,15.435688,15.435688,18557190
2019-04-02,JKH.N0000,15.365843,15.465621,15.365843,15.415732,2413300
2019-04-03,JKH.N0000,15.465621,15.465621,15.216175,15.415732,8070950
2019-04-04,JKH.N0000,15.415732,15.465621,15.365843,15.465621,14105880
2019-04-05,JKH.N0000,15.266065,15.455643,15.266065,15.365843,1198010
2019-04-08,JKH.N0000,15.365843,15.365843,15.066508,15.206198,6369050
2019-04-09,JKH.N0000,15.066508,15.266065,15.066508,15.266065,8130
2019-04-10,JKH.N0000,15.365843,15.365843,15.116397,15.166286,4526940
2019-04-11,JKH.N0000,15.266065,15.266065,15.116397,15.266065,6343430
2019-04-16,JKH.N0000,15.066508,15.365843,15.066508,15.266065,2123150
2019-04-17,JKH.N0000,15.266065,15.266065,15.216175,15.216175,7930
2019-04-18,JKH.N0000,15.216175,15.216175,15.116397,15.166286,1070580
2019-04-23,JKH.N0000,14.96673,14.96673,13.968948,14.467839,7806040
2019-04-24,JKH.N0000,13.968948,14.368061,13.95897,14.268283,118439140
2019-04-25,JKH.N0000,13.968948,14.368061,13.95897,13.968948,21804420
2019-04-26,JKH.N0000,14.358083,14.358083,14.268283,14.308194,66090
2019-04-29,JKH.N0000,14.368061,14.617506,14.368061,14.617506,2868800
2019-04-30,JKH.N0000,14.637462,14.96673,14.637462,14.936797,2078790
2019-05-02,JKH.N0000,14.946774,14.946774,14.567617,14.567617,1812900
2019-05-03,JKH.N0000,14.757196,14.757196,14.467839,14.467839,247190
2019-05-06,JKH.N0000,14.467839,14.467839,13.919059,13.919059,12964260
2019-05-07,JKH.N0000,13.968948,13.968948,13.789347,13.819281,1793560
2019-05-08,JKH.N0000,13.968948,13.968948,13.72948,13.769392,6193270
2019-05-09,JKH.N0000,13.749436,13.769392,13.619724,13.759414,855820
2019-05-10,JKH.N0000,13.759414,13.759414,13.659636,13.719502,2489890
2019-05-13,JKH.N0000,13.709525,13.968948,13.569835,13.569835,3643680
2019-05-14,JKH.N0000,13.569835,13.968948,13.450101,13.470057,15560450
2019-05-15,JKH.N0000,13.470057,13.519946,13.460079,13.519946,9855140
2019-05-16,JKH.N0000,13.490013,13.719502,13.490013,13.619724,31619060
2019-05-17,JKH.N0000,13.719502,13.719502,13.569835,13.569835,50994640
2019-05-21,JKH.N0000,13.719502,13.968948,13.719502,13.769392,696920
2019-05-22,JKH.N0000,13.968948,13.968948,13.86917,13.86917,972990
2019-05-23,JKH.N0000,13.95897,13.95897,13.809303,13.809303,150230
2019-05-24,JKH.N0000,13.939015,13.939015,13.769392,13.769392,3037350
2019-05-27,JKH.N0000,13.759414,13.779369,13.669613,13.719502,7014760
2019-05-28,JKH.N0000,13.689569,13.86917,13.659636,13.86917,5505600
2019-05-29,JKH.N0000,13.86917,13.919059,13.769392,13.86917,3081090
2019-05-30,JKH.N0000,13.86917,13.929037,13.759414,13.769392,2992700
2019-05-31,JKH.N0000,13.769392,13.859192,13.689569,13.689569,1081790
2019-06-03,JKH.N0000,13.719502,13.719502,13.529924,13.569835,7427530
2019-06-04,JKH.N0000,13.569835,13.619724,13.54988,13.579813,491890
2019-06-06,JKH.N0000,13.669613,13.669613,13.589791,13.589791,733990
2019-06-07,JKH.N0000,13.769392,13.968948,13.769392,13.86917,423130
2019-06-10,JKH.N0000,13.779369,14.068726,13.779369,14.068726,140950
2019-06-11,JKH.N0000,13.988904,14.068726,13.968948,14.018837,596750
2019-06-12,JKH.N0000,14.068726,14.068726,13.948992,13.968948,406250
2019-06-13,JKH.N0000,13.968948,13.968948,13.86917,13.95897,242640
2019-06-14,JKH.N0000,13.95897,13.95897,13.769392,13.948992,56610
2019-06-17,JKH.N0000,13.948992,13.95897,13.839236,13.86917,322920
2019-06-18,JKH.N0000,13.799325,14.068726,13.799325,13.968948,1758420
2019-06-19,JKH.N0000,14.068726,14.118615,14.018837,14.048771,11614540
2019-06-20,JKH.N0000,14.018837,14.068726,13.719502,13.719502,1494130
2019-06-21,JKH.N0000,13.759414,14.008859,13.759414,13.968948,48650
2019-06-24,JKH.N0000,13.968948,13.968948,13.929037,13.939015,369840
2019-06-25,JKH.N0000,13.968948,13.968948,13.779369,13.819281,271520
2019-06-26,JKH.N0000,13.968948,13.968948,13.799325,13.86917,3000
2019-06-27,JKH.N0000,13.968948,13.968948,13.769392,13.769392,2101620
2019-06-28,JKH.N0000,13.769392,13.948992,13.769392,13.829259,1286530
2019-07-01,JKH.N0000,13.968948,14.068726,13.95897,14.068726,254710
2019-07-02,JKH.N0000,14.068726,14.158527,13.968948,14.118615,127070
2019-07-03,JKH.N0000,14.09866,14.368061,14.09866,14.318172,631460
2019-07-04,JKH.N0000,14.358083,14.567617,14.358083,14.517728,3211960
2019-07-05,JKH.N0000,14.557639,14.817063,14.467839,14.557639,890270
2019-07-08,JKH.N0000,14.657418,14.657418,14.248327,14.268283,2016600
2019-07-09,JKH.N0000,14.268283,14.268283,13.95897,13.968948,1734580
2019-07-10,JKH.N0000,13.968948,14.368061,13.86917,13.978926,6848950
2019-07-11,JKH.N0000,14.268283,14.487795,14.068726,14.467839,3118070
2019-07-12,JKH.N0000,14.368061,14.557639,14.318172,14.467839,2450870
2019-07-15,JKH.N0000,14.467839,14.667395,14.467839,14.467839,631250
2019-07-17,JKH.N0000,14.467839,14.797107,14.467839,14.747218,3884310
2019-07-18,JKH.N0000,14.767174,15.206198,14.767174,15.026597,1394680
2019-07-19,JKH.N0000,15.05653,15.266065,14.96673,15.066508,1271780
2019-07-22,JKH.N0000,15.066508,15.066508,14.667395,14.667395,676420
2019-07-23,JKH.N0000,14.707307,15.066508,14.707307,15.066508,1129630
2019-07-24,JKH.N0000,15.066508,15.166286,14.866952,15.166286,2375220
2019-07-25,JKH.N0000,15.256087,15.455643,14.976708,15.066508,921570
2019-07-26,JKH.N0000,14.96673,14.96673,14.817063,14.866952,2450140
2019-07-29,JKH.N0000,14.956752,15.156309,14.767174,15.066508,637190
2019-07-30,JKH.N0000,15.076486,15.365843,14.96673,15.066508,49995440
2019-07-31,JKH.N0000,15.066508,15.176264,15.016619,15.066508,6879710
2019-08-01,JKH.N0000,15.026597,15.066508,14.866952,14.916841,224380
2019-08-02,JKH.N0000,14.87693,14.96673,14.617506,14.667395,11671780
2019-08-05,JKH.N0000,14.866952,14.866952,14.667395,14.667395,5787830
2019-08-06,JKH.N0000,14.617506,14.667395,14.517728,14.517728,3840250
2019-08-07,JKH.N0000,14.517728,14.667395,14.517728,14.667395,1259090
2019-08-08,JKH.N0000,14.717285,14.96673,14.717285,14.767174,1469350
2019-08-09,JKH.N0000,14.866952,15.016619,14.866952,14.96673,3954250
2019-08-13,JKH.N0000,15.066508,15.266065,14.96673,15.156309,101132930
2019-08-15,JKH.N0000,14.96673,14.96673,14.767174,14.866952,40143950
2019-08-16,JKH.N0000,14.777151,14.996663,14.777151,14.976708,604060
2019-08-19,JKH.N0000,14.976708,14.976708,14.866952,14.976708,2875650
2019-08-20,JKH.N0000,14.96673,15.246109,14.96673,15.166286,1525090
2019-08-21,JKH.N0000,15.166286,15.385798,15.166286,15.266065,1785750
2019-08-22,JKH.N0000,15.266065,15.266065,15.066508,15.166286,742510
2019-08-23,JKH.N0000,15.266065,15.295998,15.166286,15.28602,425800
2019-08-26,JKH.N0000,15.156309,15.365843,15.126375,15.365843,1019160
2019-08-27,JKH.N0000,15.276042,15.575377,15.276042,15.565399,10092780
2019-08-28,JKH.N0000,15.575377,15.844778,15.575377,15.764956,4530630
2019-08-29,JKH.N0000,15.814845,15.814845,15.535466,15.535466,9207530
2019-08-30,JKH.N0000,15.565399,15.565399,15.266065,15.365843,2662910
2019-09-02,JKH.N0000,15.465621,15.465621,15.076486,15.166286,873550
2019-09-03,JKH.N0000,15.116397,15.355865,15.076486,15.166286,639070
2019-09-04,JKH.N0000,15.166286,15.166286,15.116397,15.166286,4013180
2019-09-05,JKH.N0000,15.136353,15.166286,15.116397,15.126375,71900
2019-09-06,JKH.N0000,15.166286,15.166286,15.016619,15.116397,622500
2019-09-09,JKH.N0000,15.016619,15.365843,15.016619,15.315954,303180
2019-09-10,JKH.N0000,15.166286,15.465621,15.166286,15.365843,574930
2019-09-11,JKH.N0000,15.315954,15.465621,15.276042,15.375821,2645500
2019-09-12,JKH.N0000,15.465621,15.51551,15.465621,15.465621,6575530
2019-09-16,JKH.N0000,15.465621,15.465621,15.166286,15.166286,11720430
2019-09-17,JKH.N0000,15.266065,15.266065,15.066508,15.066508,792190
2019-09-18,JKH.N0000,15.066508,15.066508,14.976708,15.066508,1701610
2019-09-19,JKH.N0000,15.166286,15.315954,15.066508,15.066508,1411250
2019-09-20,JKH.N0000,15.066508,15.315954,14.96673,14.976708,1715180
2019-09-23,JKH.N0000,14.986686,15.216175,14.986686,15.096442,103200
2019-09-24,JKH.N0000,15.066508,15.315954,15.026597,15.266065,44060
2019-09-25,JKH.N0000,15.026597,15.365843,15.026597,15.365843,20170
2019-09-26,JKH.N0000,15.266065,15.465621,15.266065,15.455643,1727040
2019-09-27,JKH.N0000,15.465621,15.525488,15.465621,15.51551,3941830
2019-09-30,JKH.N0000,15.465621,15.665177,15.266065,15.365843,9434190
2019-10-01,JKH.N0000,15.365843,15.385798,15.365843,15.365843,24000
2019-10-02,JKH.N0000,15.565399,15.565399,15.176264,15.266065,1664640
2019-10-03,JKH.N0000,15.365843,15.365843,15.066508,15.116397,3466890
2019-10-07,JKH.N0000,15.216175,15.266065,15.126375,15.166286,1449800
2019-10-08,JKH.N0000,15.166286,15.365843,15.166286,15.355865,1161700
2019-10-09,JKH.N0000,15.365843,15.6552,15.365843,15.645222,3557820
2019-10-10,JKH.N0000,15.665177,15.754978,15.465621,15.565399,5641380
2019-10-11,JKH.N0000,15.665177,15.665177,15.565399,15.565399,284330
2019-10-14,JKH.N0000,15.665177,15.705089,15.565399,15.665177,1553250
2019-10-15,JKH.N0000,15.675155,15.745,15.565399,15.665177,356000
2019-10-16,JKH.N0000,15.665177,15.814845,15.665177,15.764956,864330
2019-10-17,JKH.N0000,15.764956,15.774933,15.715066,15.764956,1967680
2019-10-18,JKH.N0000,15.8348,15.874712,15.715066,15.874712,6775290
2019-10-21,JKH.N0000,15.904645,15.954534,15.864734,15.924601,22381170
2019-10-22,JKH.N0000,15.914623,15.964512,15.864734,15.904645,10035250
2019-10-23,JKH.N0000,15.894667,15.894667,15.764956,15.764956,35450
2019-10-24,JKH.N0000,15.814845,15.864734,15.764956,15.814845,2741040
2019-10-25,JKH.N0000,15.814845,15.814845,15.665177,15.665177,519070
2019-10-28,JKH.N0000,15.675155,15.675155,15.575377,15.665177,1614580
2019-10-29,JKH.N0000,15.665177,15.764956,15.575377,15.715066,545570
2019-10-30,JKH.N0000,15.625266,15.764956,15.625266,15.764956,684820
2019-10-31,JKH.N0000,15.764956,15.764956,15.615288,15.665177,7847450
2019-11-01,JKH.N0000,15.625266,15.665177,15.625266,15.665177,11981850
2019-11-04,JKH.N0000,15.764956,15.764956,15.465621,15.465621,13858890
2019-11-05,JKH.N0000,15.764956,15.764956,15.365843,15.365843,32664060
2019-11-06,JKH.N0000,15.365843,15.465621,15.266065,15.365843,18283230
2019-11-07,JKH.N0000,15.415732,15.415732,15.315954,15.315954,1988050
2019-11-08,JKH.N0000,15.365843,15.465621,15.295998,15.365843,3793060
2019-11-13,JKH.N0000,15.385798,15.665177,15.365843,15.475599,3595150
2019-11-14,JKH.N0000,15.6552,15.6552,15.375821,15.465621,1547450
2019-11-15,JKH.N0000,15.465621,15.844778,15.435688,15.814845,1779360
2019-11-18,JKH.N0000,16.164068,16.563181,16.164068,16.393558,7475870
2019-11-19,JKH.N0000,16.363625,16.413514,16.313736,16.373603,2568670
2019-11-20,JKH.N0000,16.373603,16.373603,15.964512,15.97449,16189340
2019-11-21,JKH.N0000,15.964512,16.06429,15.944556,15.97449,13526730
2019-11-22,JKH.N0000,16.263847,16.263847,15.97449,16.06429,1127130
2019-11-25,JKH.N0000,16.134135,16.134135,15.964512,16.06429,2418540
2019-11-26,JKH.N0000,16.014401,16.363625,15.964512,16.114179,3057730
2019-11-27,JKH.N0000,16.263847,16.363625,16.164068,16.313736,538290
2019-11-28,JKH.N0000,16.463403,16.812627,16.463403,16.662959,8793320
2019-11-29,JKH.N0000,16.61307,17.16185,16.61307,16.862516,7398170
2019-12-02,JKH.N0000,16.862516,16.962294,16.812627,16.862516,777700
2019-12-03,JKH.N0000,16.882471,17.002205,16.862516,16.962294,7898680
2019-12-04,JKH.N0000,16.962294,16.962294,16.862516,16.862516,1741070
2019-12-05,JKH.N0000,16.762738,16.912405,16.762738,16.812627,14998540
2019-12-06,JKH.N0000,16.912405,16.912405,16.762738,16.762738,3387230
2019-12-09,JKH.N0000,16.762738,16.762738,16.363625,16.463403,1335270
2019-12-10,JKH.N0000,16.363625,16.363625,15.964512,15.964512,6730050
2019-12-12,JKH.N0000,16.06429,16.213958,15.97449,16.213958,934630
2019-12-13,JKH.N0000,16.313736,16.413514,16.164068,16.194002,26660
2019-12-16,JKH.N0000,16.194002,16.263847,16.174046,16.194002,1720720
2019-12-17,JKH.N0000,16.194002,16.263847,16.174046,16.223935,3264480
2019-12-18,JKH.N0000,16.263847,16.463403,16.014401,16.463403,260070
2019-12-19,JKH.N0000,16.463403,16.463403,16.363625,16.413514,1143960
2019-12-20,JKH.N0000,16.43347,16.463403,16.373603,16.413514,10338030
2019-12-23,JKH.N0000,16.363625,16.533248,16.363625,16.423492,1276690
2019-12-24,JKH.N0000,16.413514,16.463403,16.363625,16.43347,152500
2019-12-26,JKH.N0000,16.413514,16.563181,16.413514,16.463403,195590
2019-12-27,JKH.N0000,16.513292,16.603092,16.463403,16.463403,270000
2019-12-30,JKH.N0000,16.463403,16.662959,16.363625,16.662959,6855330
2019-12-31,JKH.N0000,16.61307,16.84256,16.61307,16.662959,1560260
2020-01-02,JKH.N0000,16.662959,16.662959,16.313736,16.363625,855360
2020-01-03,JKH.N0000,16.283802,16.463403,16.283802,16.463403,198910
2020-01-06,JKH.N0000,16.662959,16.662959,16.114179,16.164068,1008050
2020-01-07,JKH.N0000,16.463403,16.463403,16.174046,16.253869,4346350
2020-01-08,JKH.N0000,16.213958,16.363625,16.06429,16.06429,1617280
2020-01-09,JKH.N0000,16.164068,16.563181,16.06429,16.463403,4414680
2020-01-13,JKH.N0000,16.363625,16.553203,16.213958,16.353647,17592880
2020-01-14,JKH.N0000,16.453425,16.762738,16.413514,16.563181,2768740
2020-01-16,JKH.N0000,16.762738,16.762738,16.343669,16.463403,276740
2020-01-17,JKH.N0000,16.513292,16.513292,16.263847,16.263847,3648700
2020-01-20,JKH.N0000,16.263847,16.353647,16.263847,16.273824,346070
2020-01-21,JKH.N0000,16.263847,16.563181,16.263847,16.473381,937560
2020-01-22,JKH.N0000,16.463403,16.84256,16.463403,16.732804,4677070
2020-01-23,JKH.N0000,16.662959,16.742782,16.662959,16.662959,747180
2020-01-24,JKH.N0000,16.563181,16.702871,16.563181,16.61307,1605580
2020-01-27,JKH.N0000,16.662959,16.662959,16.313736,16.353647,223230
2020-01-28,JKH.N0000,16.313736,16.313736,16.014401,16.014401,3299770
2020-01-29,JKH.N0000,16.313736,16.313736,16.06429,16.164068,6718040
2020-01-30,JKH.N0000,16.164068,16.263847,16.114179,16.263847,1193810
2020-01-31,JKH.N0000,16.353647,16.353647,16.164068,16.174046,1954130
2020-02-03,JKH.N0000,16.174046,16.174046,16.114179,16.114179,2828130
2020-02-05,JKH.N0000,16.134135,16.164068,15.97449,16.06429,1097840
2020-02-06,JKH.N0000,16.06429,16.06429,15.97449,16.014401,1857300
2020-02-07,JKH.N0000,15.97449,16.114179,15.97449,16.114179,678980
2020-02-10,JKH.N0000,15.964512,16.06429,15.954534,15.954534,842870
2020-02-11,JKH.N0000,15.964512,15.964512,15.715066,15.725044,2498820
2020-02-12,JKH.N0000,15.745,15.764956,15.6552,15.6552,3888020
2020-02-13,JKH.N0000,15.6552,15.665177,15.555421,15.555421,7615610
2020-02-14,JKH.N0000,15.565399,15.565399,15.445665,15.465621,9488970
2020-02-17,JKH.N0000,15.665177,15.665177,15.375821,15.465621,2062550
2020-02-18,JKH.N0000,15.465621,15.715066,15.435688,15.665177,1463530
2020-02-19,JKH.N0000,15.715066,15.715066,15.565399,15.585355,25460
2020-02-20,JKH.N0000,15.595333,15.595333,15.505532,15.505532,1870590
2020-02-24,JKH.N0000,15.715066,15.715066,15.166286,15.246109,784580
2020-02-25,JKH.N0000,15.19622,15.19622,14.827041,14.956752,6985860
2020-02-26,JKH.N0000,15.166286,15.166286,14.827041,14.827041,1662040
2020-02-27,JKH.N0000,14.866952,14.946774,14.767174,14.866952,2133700
2020-02-28,JKH.N0000,14.956752,14.956752,14.467839,14.667395,3303360
2020-03-02,JKH.N0000,14.477817,14.817063,14.477817,14.817063,79180
2020-03-03,JKH.N0000,14.817063,14.96673,14.767174,14.96673,3257970
2020-03-04,JKH.N0000,14.87693,14.96673,14.667395,14.767174,2508500
2020-03-05,JKH.N0000,14.96673,14.96673,14.41795,14.467839,2362500
2020-03-06,JKH.N0000,14.457861,14.457861,13.968948,14.018837,10336540
2020-03-10,JKH.N0000,13.779369,13.779369,12.971166,13.270501,17710550
2020-03-11,JKH.N0000,13.370279,13.769392,13.270501,13.669613,1980890
2020-03-12,JKH.N0000,13.569835,13.569835,12.941233,13.070944,5060960
2020-03-13,JKH.N0000,12.971166,12.971166,12.342563,12.621942,13031630
2020-03-19,JKH.N0000,12.272719,12.272719,11.364737,11.374715,6191850
2020-05-12,JKH.N0000,9.97782,9.97782,9.079816,9.129705,5837290
2020-05-13,JKH.N0000,9.379151,9.678485,8.950105,8.97006,17212760
2020-05-14,JKH.N0000,8.980038,8.980038,8.481147,8.580925,9643660
2020-05-15,JKH.N0000,8.481147,8.481147,7.972278,8.171835,101324620
2020-05-18,JKH.N0000,8.261635,8.870282,8.261635,8.870282,20867450
2020-05-19,JKH.N0000,9.029927,9.878042,9.029927,9.379151,13026400
2020-05-20,JKH.N0000,9.478929,9.668508,9.379151,9.628596,10518650
2020-05-21,JKH.N0000,9.628596,10.466733,9.628596,10.466733,12162360
2020-05-22,JKH.N0000,10.476711,10.925713,10.287132,10.466733,18690960
2020-05-26,JKH.N0000,10.676267,10.825935,10.416844,10.66629,39644050
2020-05-27,JKH.N0000,10.676267,11.07538,10.476711,11.065402,9040200
2020-05-28,JKH.N0000,11.07538,11.614182,11.07538,11.584249,29139850
2020-05-29,JKH.N0000,11.674049,11.723939,10.975602,11.015513,59076800
2020-06-01,JKH.N0000,10.975602,10.975602,10.586467,10.786023,16834670
2020-06-02,JKH.N0000,11.175158,11.175158,10.945669,10.975602,17365430
2020-06-03,JKH.N0000,10.975602,11.07538,10.975602,10.975602,8809240
2020-06-04,JKH.N0000,10.975602,10.975602,10.945669,10.975602,15565900
2020-06-08,JKH.N0000,10.975602,11.504426,10.975602,11.464515,1453740
2020-06-09,JKH.N0000,11.474493,11.813739,11.474493,11.783805,4403840
2020-06-10,JKH.N0000,11.773828,11.773828,11.494449,11.644116,5152840
2020-06-11,JKH.N0000,11.62416,11.723939,11.564293,11.574271,2075600
2020-06-12,JKH.N0000,11.574271,11.614182,11.145225,11.474493,2861240
2020-06-15,JKH.N0000,11.474493,11.614182,11.314848,11.39467,4217510
2020-06-16,JKH.N0000,11.474493,11.773828,11.474493,11.723939,7682660
2020-06-17,JKH.N0000,11.923495,12.023273,11.833695,11.873606,5949860
2020-06-18,JKH.N0000,11.953428,12.023273,11.843672,11.85365,2022770
2020-06-19,JKH.N0000,11.873606,11.873606,11.564293,11.723939,5740410
2020-06-22,JKH.N0000,11.873606,11.973384,11.773828,11.913517,2211150
2020-06-23,JKH.N0000,11.923495,12.033251,11.903539,12.013295,6621790
2020-06-24,JKH.N0000,12.272719,12.911299,12.272719,12.911299,12085990
2020-06-25,JKH.N0000,13.170722,13.170722,12.921277,12.971166,4802100
2020-06-26,JKH.N0000,12.961188,12.961188,12.482253,12.871388,3992530
2020-06-29,JKH.N0000,12.921277,12.921277,12.462297,12.472275,5063710
2020-06-30,JKH.N0000,12.472275,12.472275,12.212852,12.272719,36872870
2020-07-01,JKH.N0000,12.272719,12.272719,12.063184,12.113073,10987780
2020-07-02,JKH.N0000,12.073162,12.073162,11.713961,11.913517,44357410
2020-07-03,JKH.N0000,11.873606,11.873606,11.504426,11.524382,21180770
2020-07-06,JKH.N0000,11.524382,11.524382,11.145225,11.274937,30460070
2020-07-07,JKH.N0000,11.274937,11.574271,11.274937,11.474493,29623340
2020-07-08,JKH.N0000,11.424604,11.424604,11.245003,11.254981,21378630
2020-07-09,JKH.N0000,11.374715,11.494449,11.324826,11.39467,5393330
2020-07-10,JKH.N0000,11.314848,11.314848,11.005535,11.025491,45356530
2020-07-13,JKH.N0000,10.776046,11.07538,10.376933,10.776046,13123540
2020-07-14,JKH.N0000,10.726156,11.175158,10.706201,10.716179,34065320
2020-07-15,JKH.N0000,10.776046,10.875824,10.5266,10.726156,6236110
2020-07-16,JKH.N0000,10.776046,11.065402,10.776046,10.975602,996960
2020-07-17,JKH.N0000,11.07538,11.165181,11.07538,11.125269,3265080
2020-07-20,JKH.N0000,11.175158,11.454537,11.175158,11.314848,12021830
2020-07-21,JKH.N0000,11.474493,11.474493,11.225047,11.274937,5521440
2020-07-22,JKH.N0000,11.324826,11.324826,11.07538,11.165181,9289890
2020-07-23,JKH.N0000,11.175158,11.225047,11.045447,11.175158,2679090
2020-07-24,JKH.N0000,11.185136,11.185136,11.145225,11.175158,4015370
2020-07-27,JKH.N0000,11.175158,11.245003,11.125269,11.175158,2658930
2020-07-28,JKH.N0000,11.175158,11.175158,11.155203,11.165181,3183620
2020-07-29,JKH.N0000,11.125269,11.165181,11.045447,11.105314,3642300
2020-07-30,JKH.N0000,10.975602,11.055425,10.825935,10.975602,15595290
2020-07-31,JKH.N0000,11.07538,11.225047,10.975602,11.065402,5361170
2020-08-04,JKH.N0000,11.125269,11.434582,11.125269,11.294892,10028940
2020-08-06,JKH.N0000,11.225047,11.404648,11.225047,11.374715,2676330
2020-08-07,JKH.N0000,11.474493,11.674049,11.39467,11.464515,23657140
2020-08-10,JKH.N0000,11.474493,11.524382,11.324826,11.44456,1601150
2020-08-11,JKH.N0000,11.464515,11.674049,11.464515,11.564293,31245430
2020-08-12,JKH.N0000,11.674049,12.023273,11.574271,11.923495,10862310
2020-08-13,JKH.N0000,11.973384,12.162963,11.893561,11.923495,21111070
2020-08-14,JKH.N0000,11.973384,12.472275,11.923495,12.432364,21649440
2020-08-17,JKH.N0000,12.472275,12.781587,12.472275,12.731698,26651560
2020-08-18,JKH.N0000,12.821499,13.070944,12.821499,12.911299,23244130
2020-08-19,JKH.N0000,12.971166,13.420168,12.971166,13.380257,20286160
2020-08-20,JKH.N0000,13.41019,13.460079,13.021055,13.300434,7742440
2020-08-21,JKH.N0000,13.310412,13.470057,13.220611,13.370279,38251650
2020-08-24,JKH.N0000,13.420168,13.579813,13.41019,13.420168,26933070
2020-08-25,JKH.N0000,13.420168,13.450101,13.070944,13.270501,3507530
2020-08-26,JKH.N0000,13.270501,13.420168,13.220611,13.390234,7770380
2020-08-27,JKH.N0000,13.32039,13.32039,13.230589,13.290456,18043890
2020-08-28,JKH.N0000,13.270501,13.440124,13.270501,13.370279,1985240
2020-08-31,JKH.N0000,13.380257,13.619724,13.070944,13.599769,12552800
2020-09-02,JKH.N0000,13.569835,13.599769,13.420168,13.420168,11166510
2020-09-03,JKH.N0000,13.420168,13.420168,13.310412,13.370279,1028660
2020-09-04,JKH.N0000,13.380257,13.380257,13.170722,13.220611,3031270
2020-09-07,JKH.N0000,13.170722,13.32039,13.170722,13.220611,1381820
2020-09-08,JKH.N0000,13.220611,13.350323,13.200656,13.32039,2340480
2020-09-09,JKH.N0000,13.32039,13.490013,13.32039,13.470057,40514910
2020-09-10,JKH.N0000,13.519946,13.609746,13.480035,13.569835,5678800
2020-09-11,JKH.N0000,13.569835,13.63968,13.49999,13.539902,7805620
2020-09-14,JKH.N0000,13.569835,13.719502,13.470057,13.559857,4625170
2020-09-15,JKH.N0000,13.569835,13.689569,13.470057,13.689569,3064290
2020-09-16,JKH.N0000,13.709525,13.709525,13.569835,13.609746,11162650
2020-09-17,JKH.N0000,13.579813,13.699547,13.569835,13.699547,3684780
2020-09-18,JKH.N0000,13.709525,13.769392,13.669613,13.759414,3854550
2020-09-21,JKH.N0000,13.759414,13.759414,13.569835,13.679591,2378130
2020-09-22,JKH.N0000,13.719502,13.769392,13.569835,13.669613,4079340
2020-09-23,JKH.N0000,13.669613,13.769392,13.569835,13.719502,3383970
2020-09-24,JKH.N0000,13.769392,13.769392,13.559857,13.579813,2119830
2020-09-25,JKH.N0000,13.579813,13.649658,13.539902,13.569835,1642250
2020-09-28,JKH.N0000,13.659636,13.759414,13.659636,13.759414,4125290
2020-09-29,JKH.N0000,13.689569,13.689569,13.490013,13.569835,4116290
2020-09-30,JKH.N0000,13.509968,13.569835,13.380257,13.400212,4194830
2020-10-02,JKH.N0000,13.380257,13.420168,13.250545,13.420168,3010200
2020-10-05,JKH.N0000,12.961188,13.170722,12.372497,12.871388,17468580
2020-10-06,JKH.N0000,12.472275,13.021055,12.472275,12.961188,14957830
2020-10-07,JKH.N0000,12.871388,12.991122,12.77161,12.961188,17019770
2020-10-08,JKH.N0000,12.971166,13.170722,12.931255,13.170722,13211620
2020-10-09,JKH.N0000,13.170722,13.270501,13.080922,13.270501,3917790
2020-10-12,JKH.N0000,13.080922,13.170722,13.060966,13.080922,742080
2020-10-13,JKH.N0000,13.170722,13.170722,12.77161,12.961188,1777320
2020-10-14,JKH.N0000,12.871388,13.280478,12.821499,13.270501,54188110
2020-10-15,JKH.N0000,13.260523,13.420168,13.170722,13.370279,1900580
2020-10-16,JKH.N0000,13.32039,13.360301,13.170722,13.270501,606480
2020-10-19,JKH.N0000,13.270501,13.559857,13.270501,13.559857,9963760
2020-10-20,JKH.N0000,13.470057,13.629702,13.470057,13.619724,5739410
2020-10-21,JKH.N0000,13.519946,13.619724,13.110855,13.130811,20012730
2020-10-22,JKH.N0000,12.971166,13.1807,12.671831,13.1807,10965460
2020-10-23,JKH.N0000,13.140789,13.470057,13.120833,13.170722,467880
2020-10-26,JKH.N0000,12.871388,12.971166,12.77161,12.871388,2578990
2020-10-27,JKH.N0000,12.821499,13.100878,12.821499,12.991122,486990
2020-10-28,JKH.N0000,12.971166,13.190678,12.971166,13.070944,2143800
2020-10-29,JKH.N0000,13.021055,13.160745,12.881366,13.160745,4463070
2020-11-02,JKH.N0000,12.961188,13.080922,12.871388,13.070944,1569010
2020-11-03,JKH.N0000,13.070944,13.380257,13.070944,13.380257,8319400
2020-11-04,JKH.N0000,13.370279,13.559857,13.370279,13.509968,3611990
2020-11-05,JKH.N0000,13.509968,13.669613,13.509968,13.569835,1476050
2020-11-06,JKH.N0000,13.519946,13.669613,13.519946,13.579813,5363950
2020-11-09,JKH.N0000,13.589791,13.709525,13.589791,13.669613,5311790
2020-11-10,JKH.N0000,13.709525,13.968948,13.709525,13.759414,17331730
2020-11-11,JKH.N0000,13.819281,14.148549,13.789347,14.078704,10210510
2020-11-12,JKH.N0000,14.178482,14.258305,13.948992,13.988904,4162310
2020-11-13,JKH.N0000,13.998881,14.158527,13.889125,14.068726,2542590
2020-11-16,JKH.N0000,14.068726,14.068726,13.919059,14.068726,1369610
2020-11-17,JKH.N0000,13.968948,14.118615,13.968948,14.088682,1299070
2020-11-18,JKH.N0000,14.088682,14.138571,13.968948,14.068726,3234690
2020-11-19,JKH.N0000,14.068726,14.158527,14.048771,14.068726,3345570
2020-11-20,JKH.N0000,14.068726,14.178482,13.968948,14.128593,11436860
2020-11-23,JKH.N0000,14.168504,14.268283,14.108637,14.128593,1564290
2020-11-24,JKH.N0000,14.208416,14.617506,14.208416,14.517728,20274530
2020-11-25,JKH.N0000,14.50775,14.817063,14.50775,14.767174,5397800
2020-11-26,JKH.N0000,14.767174,14.767174,14.667395,14.667395,1755830
2020-11-27,JKH.N0000,14.707307,14.817063,14.687351,14.767174,6931380
2020-11-30,JKH.N0000,14.757196,14.846996,14.677373,14.797107,8852390
2020-12-01,JKH.N0000,14.807085,14.896885,14.767174,14.896885,6492560
2020-12-02,JKH.N0000,14.916841,14.936797,14.866952,14.896885,11201250
2020-12-03,JKH.N0000,14.896885,15.066508,14.866952,14.916841,9470800
2020-12-04,JKH.N0000,14.936797,15.016619,14.896885,14.96673,15965600
2020-12-07,JKH.N0000,15.05653,15.116397,14.986686,15.116397,13109230
2020-12-08,JKH.N0000,15.146331,15.166286,15.066508,15.166286,31937590
2020-12-09,JKH.N0000,15.166286,15.256087,15.166286,15.166286,13771340
2020-12-10,JKH.N0000,15.226153,15.266065,15.166286,15.216175,4802940
2020-12-11,JKH.N0000,15.266065,15.266065,15.146331,15.216175,8462740
2020-12-14,JKH.N0000,15.256087,15.355865,15.216175,15.226153,13829750
2020-12-15,JKH.N0000,15.266065,15.305976,15.076486,15.106419,4473700
2020-12-16,JKH.N0000,15.106419,15.106419,14.87693,14.96673,31589540
2020-12-17,JKH.N0000,14.96673,15.016619,14.926819,14.96673,2100130
2020-12-18,JKH.N0000,14.96673,15.066508,14.956752,14.96673,3033130
2020-12-21,JKH.N0000,14.96673,15.096442,14.767174,14.846996,17028470
2020-12-22,JKH.N0000,14.767174,14.866952,14.667395,14.767174,12436240
2020-12-23,JKH.N0000,14.667395,14.866952,14.368061,14.767174,18645430
2020-12-24,JKH.N0000,14.767174,14.866952,14.567617,14.717285,2351670
2020-12-28,JKH.N0000,14.767174,14.916841,14.73724,14.866952,1098990
2020-12-30,JKH.N0000,14.916841,15.365843,14.916841,14.96673,50701210
2020-12-31,JKH.N0000,14.976708,15.166286,14.896885,14.936797,12348020
2021-01-04,JKH.N0000,15.066508,15.066508,14.916841,14.936797,8253730
2021-01-05,JKH.N0000,14.956752,15.066508,14.946774,14.986686,11963860
2021-01-06,JKH.N0000,14.96673,14.976708,14.946774,14.946774,4538380
2021-01-07,JKH.N0000,14.946774,14.946774,14.777151,14.87693,1152430
2021-01-08,JKH.N0000,14.842007,14.96673,14.792118,14.96673,3591110
2021-01-11,JKH.N0000,14.866952,15.465621,14.866952,15.465621,3348230
2021-01-12,JKH.N0000,15.465621,15.465621,14.96673,15.266065,4184190
2021-01-13,JKH.N0000,14.991675,15.415732,14.991675,15.390787,3184550
2021-01-15,JKH.N0000,15.340898,16.164068,15.340898,15.989457,14088020
2021-01-18,JKH.N0000,16.164068,16.513292,16.06429,16.164068,9121480
2021-01-19,JKH.N0000,16.263847,16.33868,15.715066,15.715066,38979260
2021-01-20,JKH.N0000,15.964512,15.964512,15.415732,15.665177,68129380
2021-01-21,JKH.N0000,15.665177,16.164068,15.665177,16.164068,37578640
2021-01-22,JKH.N0000,16.463403,17.660741,16.463403,16.762738,28796310
2021-01-25,JKH.N0000,17.062072,18.658523,17.062072,18.059854,62721980
2021-01-26,JKH.N0000,18.084799,18.159632,16.962294,17.261629,26938220
2021-01-27,JKH.N0000,17.461185,17.461185,16.937349,17.16185,74312550
2021-01-29,JKH.N0000,17.361407,17.461185,16.513292,16.812627,16494130
2021-02-01,JKH.N0000,16.812627,17.136906,16.363625,16.762738,11002360
2021-02-02,JKH.N0000,16.812627,16.812627,15.365843,15.465621,24581370
2021-02-03,JKH.N0000,15.565399,16.638015,15.565399,15.864734,15843520
2021-02-05,JKH.N0000,15.864734,16.06429,15.465621,15.764956,21311360
2021-02-08,JKH.N0000,15.964512,15.964512,15.365843,15.764956,7387490
2021-02-09,JKH.N0000,15.465621,15.839789,15.166286,15.415732,20998500
2021-02-10,JKH.N0000,15.365843,15.665177,15.291009,15.365843,22802770
2021-02-11,JKH.N0000,15.440676,15.465621,14.767174,15.166286,23489000
2021-02-12,JKH.N0000,15.365843,15.465621,15.266065,15.465621,7175400
2021-02-15,JKH.N0000,15.814845,16.263847,15.291009,16.014401,35150720
2021-02-16,JKH.N0000,15.964512,15.964512,15.465621,15.465621,17857990
2021-02-17,JKH.N0000,15.740011,15.864734,15.291009,15.864734,1058020
2021-02-18,JKH.N0000,15.964512,16.014401,15.764956,15.964512,13859120
2021-02-19,JKH.N0000,15.964512,16.014401,15.764956,15.964512,10280730
2021-02-22,JKH.N0000,15.864734,15.864734,15.465621,15.51551,936560
2021-02-23,JKH.N0000,15.51551,15.51551,15.016619,15.166286,4479210
2021-02-24,JKH.N0000,15.166286,15.365843,15.066508,15.166286,2891530
2021-02-25,JKH.N0000,15.266065,15.51551,15.166286,15.166286,13476740
2021-03-01,JKH.N0000,15.465621,15.465621,15.191231,15.390787,42617340
2021-03-02,JKH.N0000,15.565399,15.839789,15.315954,15.340898,1673160
2021-03-03,JKH.N0000,15.51551,15.565399,15.041564,15.141342,2281590
2021-03-04,JKH.N0000,15.166286,15.166286,14.742229,14.767174,16661790
2021-03-05,JKH.N0000,14.866952,15.016619,14.592562,14.866952,9778320
2021-03-08,JKH.N0000,14.96673,15.166286,14.891896,15.041564,12667990
2021-03-09,JKH.N0000,15.166286,15.166286,14.916841,14.96673,8620120
2021-03-10,JKH.N0000,14.767174,14.96673,14.767174,14.767174,547940
2021-03-12,JKH.N0000,14.866952,15.116397,14.866952,14.866952,9605430
2021-03-15,JKH.N0000,14.866952,14.96673,14.717285,14.767174,4222580
2021-03-16,JKH.N0000,14.96673,14.96673,14.717285,14.96673,2843280
2021-03-17,JKH.N0000,15.266065,15.266065,14.866952,14.866952,5115670
2021-03-18,JKH.N0000,14.96673,14.96673,14.767174,14.767174,8827760
2021-03-19,JKH.N0000,14.767174,14.866952,14.717285,14.742229,2586930
2021-03-22,JKH.N0000,14.817063,14.991675,14.767174,14.96673,9282440
2021-03-23,JKH.N0000,15.266065,15.266065,14.916841,14.96673,16132190
2021-03-24,JKH.N0000,14.991675,15.016619,14.767174,14.96673,12368410
2021-03-25,JKH.N0000,15.066508,15.066508,14.842007,14.866952,4947200
2021-03-26,JKH.N0000,14.792118,14.96673,14.792118,14.866952,1644930
2021-03-29,JKH.N0000,14.96673,14.96673,14.792118,14.96673,8102400
2021-03-30,JKH.N0000,14.96673,14.96673,14.891896,14.96673,12138610
2021-03-31,JKH.N0000,14.96673,14.96673,14.792118,14.817063,884790
2021-04-01,JKH.N0000,14.891896,15.041564,14.891896,14.96673,8919550
2021-04-05,JKH.N0000,14.96673,15.041564,14.916841,14.96673,7735510
2021-04-06,JKH.N0000,14.96673,14.96673,14.866952,14.941785,2906060
2021-04-07,JKH.N0000,14.96673,14.96673,14.842007,14.866952,4702530
2021-04-08,JKH.N0000,14.842007,14.941785,14.767174,14.866952,9265120
2021-04-09,JKH.N0000,14.866952,15.066508,14.866952,14.991675,13654480
2021-04-12,JKH.N0000,14.991675,15.116397,14.96673,15.066508,19301970
2021-04-15,JKH.N0000,15.091453,15.116397,14.866952,14.941785,8932840
2021-04-16,JKH.N0000,14.96673,14.96673,14.866952,14.96673,2504130
2021-04-19,JKH.N0000,15.066508,15.066508,14.866952,14.866952,9065840
2021-04-20,JKH.N0000,14.866952,14.866952,14.567617,14.667395,3169910
2021-04-21,JKH.N0000,14.617506,14.767174,14.492784,14.567617,2021580
2021-04-22,JKH.N0000,14.592562,14.767174,14.567617,14.567617,4904160
2021-04-23,JKH.N0000,14.517728,14.567617,14.467839,14.517728,704620
2021-04-27,JKH.N0000,14.467839,14.467839,14.268283,14.318172,1321180
2021-04-28,JKH.N0000,14.318172,14.368061,14.268283,14.318172,1999700
2021-04-29,JKH.N0000,14.318172,14.318172,14.118615,14.14356,3234780
2021-05-03,JKH.N0000,14.068726,14.068726,13.86917,13.968948,2067890
2021-05-04,JKH.N0000,13.968948,13.968948,13.669613,13.744447,2674060
2021-05-05,JKH.N0000,13.744447,13.744447,13.420168,13.470057,14009360
2021-05-06,JKH.N0000,13.470057,13.470057,13.32039,13.345334,6815790
2021-05-07,JKH.N0000,13.370279,13.569835,13.345334,13.495002,10870190
2021-05-10,JKH.N0000,13.569835,13.919059,13.470057,13.519946,5453810
2021-05-11,JKH.N0000,13.544891,13.544891,13.420168,13.470057,12446730
2021-05-12,JKH.N0000,13.519946,13.769392,13.519946,13.619724,747800
2021-05-13,JKH.N0000,13.569835,13.619724,13.470057,13.569835,1144010
2021-05-17,JKH.N0000,13.619724,13.968948,13.59478,13.968948,2012490
2021-05-18,JKH.N0000,13.919059,14.018837,13.894114,14.018837,754050
2021-05-19,JKH.N0000,13.968948,13.968948,13.86917,13.968948,2100190
2021-05-20,JKH.N0000,13.919059,13.968948,13.894114,13.968948,4660380
2021-05-21,JKH.N0000,13.944003,13.968948,13.470057,13.819281,2244530
2021-05-24,JKH.N0000,13.769392,13.769392,13.619724,13.719502,1572540
2021-05-25,JKH.N0000,13.819281,13.819281,13.470057,13.669613,11467750
2021-05-28,JKH.N0000,13.669613,13.919059,13.669613,13.769392,1847270
2021-05-31,JKH.N0000,13.968948,14.018837,13.769392,13.919059,5654070
2021-06-01,JKH.N0000,14.068726,14.068726,13.919059,13.968948,5299530
2021-06-02,JKH.N0000,13.968948,13.968948,13.919059,13.944003,4931080
2021-06-03,JKH.N0000,13.968948,13.968948,13.769392,13.769392,1086570
2021-06-04,JKH.N0000,13.769392,13.919059,13.694558,13.919059,8265550
2021-06-07,JKH.N0000,13.919059,13.968948,13.86917,13.894114,2440290
2021-06-08,JKH.N0000,13.919059,13.919059,13.819281,13.86917,561350
2021-06-09,JKH.N0000,13.86917,13.919059,13.769392,13.86917,838730
2021-06-10,JKH.N0000,13.769392,13.86917,13.669613,13.769392,5370850
2021-06-11,JKH.N0000,13.769392,13.769392,13.669613,13.769392,5559840
2021-06-14,JKH.N0000,13.719502,13.719502,13.644669,13.719502,1426640
2021-06-15,JKH.N0000,13.769392,13.769392,13.569835,13.59478,2734970
2021-06-16,JKH.N0000,13.769392,13.769392,13.569835,13.619724,849970
2021-06-17,JKH.N0000,13.669613,13.669613,13.569835,13.569835,1982860
2021-06-18,JKH.N0000,13.644669,13.644669,13.495002,13.569835,4051000
2021-06-21,JKH.N0000,13.619724,13.619724,13.470057,13.495002,2933220
2021-06-22,JKH.N0000,13.495002,13.495002,13.270501,13.395223,4942010
2021-06-23,JKH.N0000,13.395223,13.669613,13.32039,13.59478,998390
2021-06-25,JKH.N0000,13.519946,13.819281,13.519946,13.769392,6996250
2021-06-28,JKH.N0000,13.769392,13.968948,13.744447,13.769392,5689920
2021-06-29,JKH.N0000,13.794336,13.794336,13.519946,13.569835,1271130
2021-06-30,JKH.N0000,13.569835,13.569835,13.470057,13.519946,6003410
2021-07-01,JKH.N0000,13.519946,13.519946,13.420168,13.445112,911650
2021-07-02,JKH.N0000,13.470057,13.569835,13.420168,13.470057,1056770
2021-07-05,JKH.N0000,13.445112,13.470057,13.345334,13.370279,1456150
2021-07-06,JKH.N0000,13.470057,13.470057,13.046,13.070944,7862750
2021-07-07,JKH.N0000,13.070944,13.170722,13.070944,13.120833,20679590
2021-07-08,JKH.N0000,13.170722,13.470057,13.170722,13.470057,2765670
2021-07-09,JKH.N0000,13.470057,13.669613,13.420168,13.569835,5543890
2021-07-12,JKH.N0000,13.569835,13.569835,13.420168,13.470057,5002910
2021-07-13,JKH.N0000,13.470057,13.519946,13.470057,13.470057,4366610
2021-07-14,JKH.N0000,13.470057,13.644669,13.470057,13.619724,1875550
2021-07-15,JKH.N0000,13.644669,14.068726,13.644669,13.968948,7433530
2021-07-16,JKH.N0000,13.968948,13.968948,13.819281,13.844225,899270
2021-07-19,JKH.N0000,13.86917,14.268283,13.86917,14.093671,7331800
2021-07-20,JKH.N0000,14.168504,14.168504,13.919059,13.993893,3947590
2021-07-22,JKH.N0000,14.018837,14.018837,13.86917,13.86917,1865960
2021-07-26,JKH.N0000,13.86917,13.968948,13.794336,13.794336,2829730
2021-07-27,JKH.N0000,13.769392,13.769392,13.569835,13.694558,838280
2021-07-28,JKH.N0000,13.669613,13.86917,13.619724,13.769392,1312760
2021-07-29,JKH.N0000,13.844225,13.944003,13.744447,13.744447,4349230
2021-07-30,JKH.N0000,13.769392,13.819281,13.669613,13.819281,3794320
2021-08-02,JKH.N0000,13.769392,13.769392,13.470057,13.519946,4198530
2021-08-03,JKH.N0000,13.569835,13.819281,13.519946,13.819281,2671200
2021-08-04,JKH.N0000,13.894114,14.068726,13.894114,13.919059,29716380
2021-08-05,JKH.N0000,13.968948,13.968948,13.769392,13.819281,1729820
2021-08-06,JKH.N0000,13.769392,13.819281,13.569835,13.744447,1590280
2021-08-09,JKH.N0000,13.819281,13.819281,13.519946,13.569835,2114870
2021-08-10,JKH.N0000,13.619724,13.744447,13.569835,13.59478,327320
2021-08-11,JKH.N0000,13.59478,13.769392,13.544891,13.719502,3264540
2021-08-12,JKH.N0000,13.719502,13.719502,13.445112,13.470057,5993300
2021-08-13,JKH.N0000,13.470057,13.470057,13.32039,13.420168,1169130
2021-08-16,JKH.N0000,13.420168,13.420168,13.195667,13.220611,1966020
2021-08-17,JKH.N0000,13.220611,13.370279,13.170722,13.270501,6672650
2021-08-18,JKH.N0000,13.220611,13.370279,13.170722,13.370279,2924200
2021-08-19,JKH.N0000,13.370279,13.370279,13.170722,13.270501,1306670
2021-08-20,JKH.N0000,13.195667,13.270501,13.170722,13.195667,7021710
2021-08-23,JKH.N0000,13.220611,13.270501,13.120833,13.170722,4228800
2021-08-24,JKH.N0000,13.170722,13.445112,13.021055,13.170722,6293300
2021-08-25,JKH.N0000,13.370279,13.445112,13.220611,13.370279,5338460
2021-08-26,JKH.N0000,13.445112,13.445112,13.245556,13.370279,8540450
2021-08-27,JKH.N0000,13.370279,13.370279,13.095889,13.120833,9892030
2021-08-30,JKH.N0000,13.070944,13.120833,12.996111,13.046,10042340
2021-08-31,JKH.N0000,13.021055,13.070944,12.971166,12.971166,8024020
2021-09-01,JKH.N0000,13.021055,13.170722,12.971166,13.145778,5144600
2021-09-02,JKH.N0000,13.145778,13.395223,13.120833,13.270501,2991670
2021-09-03,JKH.N0000,13.32039,13.370279,13.070944,13.170722,3003290
2021-09-06,JKH.N0000,13.170722,13.220611,13.070944,13.095889,1659340
2021-09-07,JKH.N0000,13.046,13.095889,12.996111,13.046,3768620
2021-09-08,JKH.N0000,13.021055,13.095889,12.871388,13.070944,4299160
2021-09-09,JKH.N0000,13.046,13.095889,12.946221,13.070944,1770950
2021-09-10,JKH.N0000,13.070944,13.120833,12.971166,13.070944,4075530
2021-09-13,JKH.N0000,13.070944,13.070944,12.871388,12.871388,4789100
2021-09-14,JKH.N0000,12.921277,13.070944,12.871388,13.021055,732630
2021-09-15,JKH.N0000,13.070944,13.070944,12.946221,12.971166,3251110
2021-09-16,JKH.N0000,12.971166,13.070944,12.946221,13.046,1842500
2021-09-17,JKH.N0000,13.021055,13.145778,12.971166,13.021055,46631010
2021-09-21,JKH.N0000,12.971166,13.021055,12.946221,13.021055,1369480
2021-09-22,JKH.N0000,13.070944,13.370279,12.996111,13.370279,10671360
2021-09-23,JKH.N0000,13.445112,13.944003,13.370279,13.420168,5185710
2021-09-24,JKH.N0000,13.470057,13.519946,13.370279,13.470057,3307420
2021-09-27,JKH.N0000,13.519946,13.719502,13.445112,13.694558,12536600
2021-09-28,JKH.N0000,13.744447,13.919059,13.744447,13.919059,23813030
2021-09-29,JKH.N0000,13.919059,14.717285,13.919059,14.717285,32149790
2021-09-30,JKH.N0000,14.767174,15.266065,14.467839,15.166286,28714780
2021-10-01,JKH.N0000,15.266065,15.764956,14.916841,15.141342,31028100
2021-10-04,JKH.N0000,15.166286,15.465621,14.96673,15.116397,9103510
2021-10-05,JKH.N0000,15.266065,15.266065,14.991675,15.041564,7183380
2021-10-06,JKH.N0000,15.066508,15.365843,14.991675,15.216175,4997490
2021-10-07,JKH.N0000,15.216175,15.365843,15.091453,15.266065,6743120
2021-10-08,JKH.N0000,15.266065,15.315954,15.191231,15.216175,4637550
2021-10-11,JKH.N0000,15.216175,15.24112,14.96673,15.041564,3804040
2021-10-12,JKH.N0000,15.066508,15.066508,14.96673,14.96673,1901030
2021-10-13,JKH.N0000,14.96673,14.96673,14.567617,14.717285,6547530
2021-10-14,JKH.N0000,14.742229,14.96673,14.69234,14.717285,2748990
2021-10-15,JKH.N0000,14.767174,14.817063,14.517728,14.617506,6710780
2021-10-18,JKH.N0000,14.567617,14.567617,14.168504,14.442894,4165840
2021-10-21,JKH.N0000,14.368061,14.368061,14.193449,14.243338,6879270
2021-10-22,JKH.N0000,14.268283,14.268283,14.068726,14.068726,7189280
2021-10-25,JKH.N0000,13.968948,14.442894,13.968948,14.168504,12923270
2021-10-26,JKH.N0000,14.068726,14.442894,14.068726,14.368061,2900680
2021-10-27,JKH.N0000,14.368061,14.542673,14.318172,14.467839,4320500
2021-10-28,JKH.N0000,14.467839,14.792118,14.467839,14.642451,4298210
2021-10-29,JKH.N0000,14.592562,14.916841,14.467839,14.792118,23177070
2021-11-01,JKH.N0000,14.817063,14.817063,14.667395,14.667395,4361390
2021-11-02,JKH.N0000,14.667395,15.016619,14.667395,14.96673,7032760
2021-11-03,JKH.N0000,15.066508,15.141342,14.96673,14.991675,15136960
2021-11-05,JKH.N0000,14.96673,15.066508,14.866952,14.96673,15199570
2021-11-08,JKH.N0000,14.96673,14.96673,14.767174,14.817063,6693330
2021-11-09,JKH.N0000,14.792118,14.817063,14.567617,14.617506,6799780
2021-11-10,JKH.N0000,14.667395,14.817063,14.617506,14.817063,7376910
2021-11-11,JKH.N0000,14.667395,14.991675,14.667395,14.96673,7974950
2021-11-12,JKH.N0000,14.891896,15.016619,14.817063,14.96673,3548980
2021-11-15,JKH.N0000,14.667395,15.066508,14.517728,15.016619,6282690
2021-11-16,JKH.N0000,14.96673,14.991675,14.866952,14.96673,5371260
2021-11-17,JKH.N0000,14.891896,15.041564,14.667395,14.96673,2719090
2021-11-19,JKH.N0000,14.96673,15.490566,14.866952,15.440676,10896680
2021-11-22,JKH.N0000,15.490566,15.690122,15.116397,15.415732,8159040
2021-11-23,JKH.N0000,15.440676,15.665177,15.315954,15.465621,3974700
2021-11-24,JKH.N0000,15.465621,15.465621,15.266065,15.315954,3038350
2021-11-25,JKH.N0000,15.415732,15.415732,14.96673,15.166286,4791450
2021-11-26,JKH.N0000,15.166286,15.166286,14.96673,14.96673,8257340
2021-11-29,JKH.N0000,14.767174,14.96673,14.617506,14.717285,3169370
2021-11-30,JKH.N0000,14.742229,14.742229,14.168504,14.368061,30928740
2021-12-01,JKH.N0000,14.368061,14.767174,14.293227,14.517728,4322250
2021-12-02,JKH.N0000,14.517728,14.667395,14.467839,14.567617,1350200
2021-12-03,JKH.N0000,14.667395,14.69234,14.467839,14.517728,1743860
2021-12-06,JKH.N0000,14.467839,14.667395,14.41795,14.492784,916830
2021-12-07,JKH.N0000,14.492784,14.517728,14.393005,14.467839,4436010
2021-12-08,JKH.N0000,14.467839,14.542673,14.41795,14.467839,11209160
2021-12-09,JKH.N0000,14.567617,14.567617,14.393005,14.467839,6111560
2021-12-10,JKH.N0000,14.517728,14.667395,14.368061,14.492784,7354850
2021-12-13,JKH.N0000,14.492784,14.492784,14.343116,14.368061,12046940
2021-12-14,JKH.N0000,14.368061,14.41795,14.293227,14.293227,3588790
2021-12-15,JKH.N0000,14.293227,14.368061,14.118615,14.343116,4483600
2021-12-16,JKH.N0000,14.268283,14.318172,14.168504,14.268283,1895430
2021-12-17,JKH.N0000,14.268283,14.717285,14.268283,14.717285,1889690
2021-12-20,JKH.N0000,14.767174,14.767174,14.41795,14.467839,2087840
2021-12-21,JKH.N0000,14.617506,14.667395,14.467839,14.567617,1976680
2021-12-22,JKH.N0000,14.567617,15.091453,14.517728,14.96673,6274700
2021-12-23,JKH.N0000,15.066508,15.24112,14.916841,15.016619,6079620
2021-12-27,JKH.N0000,14.96673,15.066508,14.916841,15.016619,1832210
2021-12-28,JKH.N0000,15.066508,15.141342,14.991675,15.141342,1975640
2021-12-29,JKH.N0000,14.96673,15.091453,14.941785,15.016619,1682210
2021-12-30,JKH.N0000,14.991675,15.066508,14.96673,15.016619,664250
2021-12-31,JKH.N0000,15.066508,15.066508,14.916841,15.016619,2440960
2022-01-03,JKH.N0000,14.866952,15.291009,14.866952,15.166286,8013710
2022-01-04,JKH.N0000,15.166286,15.291009,14.866952,14.96673,3180170
2022-01-05,JKH.N0000,14.667395,15.141342,14.667395,15.016619,10588840
2022-01-06,JKH.N0000,14.96673,15.166286,14.817063,15.166286,3192450
2022-01-07,JKH.N0000,15.166286,15.7899,14.96673,15.640233,14749640
2022-01-10,JKH.N0000,15.715066,15.864734,15.365843,15.465621,4324930
2022-01-11,JKH.N0000,15.365843,15.764956,15.216175,15.764956,3167870
2022-01-12,JKH.N0000,15.665177,15.715066,15.565399,15.665177,1242440
2022-01-13,JKH.N0000,15.615288,16.638015,15.465621,16.513292,12831160
2022-01-18,JKH.N0000,16.588126,16.712849,16.164068,16.363625,5026920
2022-01-19,JKH.N0000,16.363625,16.363625,15.964512,16.33868,1950320
2022-01-20,JKH.N0000,16.263847,16.288791,16.114179,16.164068,1721540
2022-01-21,JKH.N0000,16.164068,16.164068,15.864734,16.06429,12126630
2022-01-24,JKH.N0000,16.06429,16.33868,16.06429,16.164068,4950910
2022-01-25,JKH.N0000,16.164068,16.263847,15.964512,15.989457,1931290
2022-01-26,JKH.N0000,15.989457,16.06429,15.864734,15.964512,3033360
2022-01-27,JKH.N0000,16.06429,16.438458,15.914623,15.964512,5541050
2022-01-28,JKH.N0000,16.06429,16.164068,15.715066,15.939567,4902520
2022-01-31,JKH.N0000,15.964512,16.06429,15.764956,15.964512,8466340
2022-02-01,JKH.N0000,16.014401,16.06429,15.864734,15.964512,2160730
2022-02-02,JKH.N0000,15.964512,15.964512,15.715066,15.764956,2454620
2022-02-03,JKH.N0000,15.764956,15.864734,15.465621,15.864734,2889880
2022-02-07,JKH.N0000,15.764956,15.939567,15.565399,15.715066,6065410
2022-02-08,JKH.N0000,15.665177,15.690122,15.465621,15.665177,12187280
2022-02-09,JKH.N0000,15.665177,15.740011,15.315954,15.565399,5014180
2022-02-10,JKH.N0000,15.665177,15.690122,15.166286,15.565399,6560410
2022-02-11,JKH.N0000,15.465621,15.665177,15.291009,15.665177,2460620
2022-02-14,JKH.N0000,15.665177,15.665177,15.490566,15.565399,1270620
2022-02-15,JKH.N0000,15.715066,16.139124,15.51551,15.864734,4230090
2022-02-17,JKH.N0000,15.914623,15.914623,15.490566,15.764956,939550
2022-02-18,JKH.N0000,15.740011,15.740011,15.465621,15.490566,1700300
2022-02-21,JKH.N0000,15.465621,15.565399,14.866952,14.891896,4676810
2022-02-22,JKH.N0000,14.916841,15.266065,14.767174,14.941785,2280300
2022-02-23,JKH.N0000,14.866952,14.96673,14.368061,14.866952,4167890
2022-02-24,JKH.N0000,14.866952,14.866952,14.368061,14.467839,2611110
2022-02-25,JKH.N0000,14.467839,14.767174,14.268283,14.667395,3274480
2022-02-28,JKH.N0000,14.767174,14.916841,14.642451,14.866952,3548060
2022-03-02,JKH.N0000,14.866952,14.916841,14.667395,14.916841,1405750
2022-03-03,JKH.N0000,14.767174,14.767174,14.467839,14.567617,1541340
2022-03-04,JKH.N0000,14.567617,14.617506,14.467839,14.467839,3468960
2022-03-07,JKH.N0000,14.567617,14.642451,14.368061,14.368061,10642120
2022-03-08,JKH.N0000,14.517728,14.567617,14.218394,14.243338,3976000
2022-03-09,JKH.N0000,14.268283,14.268283,14.068726,14.093671,7139660
2022-03-10,JKH.N0000,14.093671,15.041564,13.993893,14.991675,1509300
2022-03-11,JKH.N0000,14.96673,15.066508,14.866952,15.041564,3908200
2022-03-14,JKH.N0000,15.066508,15.066508,14.467839,14.817063,757360
2022-03-15,JKH.N0000,14.617506,14.767174,14.467839,14.567617,332260
2022-03-16,JKH.N0000,14.492784,15.24112,14.492784,14.96673,3923330
2022-03-18,JKH.N0000,15.141342,15.764956,15.066508,15.565399,2378010
2022-03-21,JKH.N0000,15.565399,15.715066,15.266065,15.665177,4789340
2022-03-22,JKH.N0000,15.715066,15.715066,15.465621,15.665177,689950
2022-03-23,JKH.N0000,15.665177,15.764956,15.465621,15.665177,23980860
2022-03-24,JKH.N0000,15.715066,15.764956,15.565399,15.565399,7420920
2022-03-25,JKH.N0000,15.715066,15.764956,15.565399,15.665177,23303070
2022-03-28,JKH.N0000,15.814845,15.814845,15.365843,15.465621,4013090
2022-03-29,JKH.N0000,15.440676,15.565399,14.96673,15.365843,5979660
2022-03-30,JKH.N0000,15.166286,15.166286,14.168504,14.567617,8411090
2022-03-31,JKH.N0000,14.368061,16.962294,12.347552,12.347552,677010
2022-04-04,JKH.N0000,14.168504,14.96673,14.168504,14.667395,1707320
2022-04-05,JKH.N0000,14.916841,14.916841,14.41795,14.467839,13243960
2022-04-06,JKH.N0000,14.467839,14.467839,14.118615,14.168504,384500
2022-04-07,JKH.N0000,14.068726,14.14356,13.86917,13.968948,3485750
2022-04-25,JKH.N0000,11.674049,11.973384,11.674049,11.973384,337020
2022-04-26,JKH.N0000,11.599216,12.871388,11.599216,12.472275,1866270
2022-04-27,JKH.N0000,12.197885,12.197885,11.848661,12.147996,8600180
2022-04-28,JKH.N0000,12.17294,13.470057,12.147996,12.147996,594210
2022-05-04,JKH.N0000,12.322608,12.946221,12.322608,12.871388,7956240
2022-05-05,JKH.N0000,12.77161,12.77161,12.372497,12.44733,274120
2022-05-11,JKH.N0000,12.472275,12.472275,12.322608,12.397441,1513000
2022-05-12,JKH.N0000,12.871388,13.968948,12.671831,12.746665,1356280
2022-05-17,JKH.N0000,13.445112,13.819281,13.370279,13.495002,858750
2022-05-18,JKH.N0000,13.519946,13.519946,13.270501,13.370279,578790
2022-05-19,JKH.N0000,13.470057,13.569835,13.170722,13.519946,238170
2022-05-23,JKH.N0000,13.769392,13.769392,13.245556,13.270501,1100650
2022-05-24,JKH.N0000,13.270501,13.270501,12.996111,13.120833,2847090
2022-05-25,JKH.N0000,13.046,13.046,12.796554,12.821499,851660
2022-05-26,JKH.N0000,12.871388,12.871388,12.472275,12.572053,5328520
2022-05-30,JKH.N0000,12.372497,12.472275,12.347552,12.347552,3033060
2022-05-31,JKH.N0000,12.472275,12.472275,12.17294,12.372497,1375850
2022-06-01,JKH.N0000,12.472275,12.946221,12.44733,12.572053,193690
2022-06-02,JKH.N0000,12.596998,12.671831,12.44733,12.44733,362760
2022-06-06,JKH.N0000,12.322608,12.671831,12.22283,12.671831,5126060
2022-06-07,JKH.N0000,12.522164,12.572053,12.44733,12.472275,6986450
2022-06-08,JKH.N0000,12.472275,12.572053,12.472275,12.522164,88110
2022-06-09,JKH.N0000,12.572053,12.572053,12.372497,12.372497,3011170
2022-06-15,JKH.N0000,12.472275,12.472275,12.347552,12.372497,3505700
2022-06-16,JKH.N0000,12.372497,12.372497,12.073162,12.098107,2423170
2022-06-20,JKH.N0000,11.973384,12.372497,11.973384,12.023273,1279110
2022-06-21,JKH.N0000,12.073162,12.472275,12.073162,12.472275,586960
2022-06-22,JKH.N0000,12.098107,12.522164,12.098107,12.123051,2311780
2022-06-23,JKH.N0000,12.123051,12.472275,12.123051,12.347552,7171950
2022-06-27,JKH.N0000,12.17294,12.322608,12.17294,12.322608,271020
2022-06-28,JKH.N0000,12.197885,12.322608,12.17294,12.17294,770270
2022-06-29,JKH.N0000,12.17294,12.17294,12.147996,12.17294,205030
2022-06-30,JKH.N0000,12.22283,12.372497,12.147996,12.197885,6396020
2022-07-04,JKH.N0000,12.17294,12.272719,11.998329,12.023273,279050
2022-07-05,JKH.N0000,11.998329,12.372497,11.998329,12.272719,6278620
2022-07-06,JKH.N0000,12.347552,12.347552,12.147996,12.17294,3357160
2022-07-07,JKH.N0000,12.123051,12.272719,12.123051,12.17294,85330
2022-07-11,JKH.N0000,12.272719,12.372497,12.272719,12.272719,705990
2022-07-14,JKH.N0000,12.272719,12.272719,12.123051,12.123051,3108430
2022-07-18,JKH.N0000,12.272719,12.347552,12.17294,12.17294,2274360
2022-07-19,JKH.N0000,12.272719,12.272719,12.023273,12.023273,525300
2022-07-20,JKH.N0000,12.17294,12.17294,11.973384,12.048218,3645530
2022-07-21,JKH.N0000,12.17294,12.17294,11.973384,12.023273,1557080
2022-07-25,JKH.N0000,12.098107,12.098107,11.948439,11.998329,229010
2022-07-26,JKH.N0000,12.073162,12.073162,12.023273,12.023273,319890
2022-07-27,JKH.N0000,12.17294,12.17294,11.973384,11.973384,1064970
2022-07-28,JKH.N0000,12.073162,12.17294,11.973384,11.998329,840720
2022-08-01,JKH.N0000,11.973384,12.073162,11.89855,11.89855,7007870
2022-08-02,JKH.N0000,11.973384,11.973384,11.873606,11.873606,6322940
2022-08-03,JKH.N0000,11.923495,12.073162,11.873606,11.973384,5655300
2022-08-04,JKH.N0000,11.973384,12.073162,11.848661,11.873606,18280530
2022-08-08,JKH.N0000,11.973384,12.147996,11.873606,11.89855,21231380
2022-08-09,JKH.N0000,11.923495,12.372497,11.923495,12.372497,17111790
2022-08-15,JKH.N0000,12.946221,13.070944,12.921277,12.971166,8275780
2022-08-16,JKH.N0000,12.971166,12.971166,12.721721,12.77161,975210
2022-08-17,JKH.N0000,12.77161,12.821499,12.696776,12.796554,2305220
2022-08-18,JKH.N0000,12.821499,12.846443,12.721721,12.77161,5558560
2022-08-22,JKH.N0000,12.671831,12.671831,12.44733,12.472275,25963990
2022-08-23,JKH.N0000,12.472275,12.472275,12.322608,12.472275,439870
2022-08-24,JKH.N0000,12.472275,12.472275,12.22283,12.272719,1106780
2022-08-25,JKH.N0000,12.272719,12.721721,12.073162,12.372497,719000
2022-08-29,JKH.N0000,12.397441,12.621942,12.22283,12.621942,1662480
2022-08-30,JKH.N0000,12.621942,12.971166,12.522164,12.671831,3336290
2022-08-31,JKH.N0000,12.946221,12.946221,12.77161,12.77161,4514520
2022-09-01,JKH.N0000,12.921277,12.946221,12.77161,12.796554,2282850
2022-09-05,JKH.N0000,12.671831,12.671831,12.397441,12.472275,1471770
2022-09-06,JKH.N0000,12.422386,12.646887,12.422386,12.472275,442740
2022-09-07,JKH.N0000,12.44733,12.671831,12.422386,12.572053,11467320
2022-09-08,JKH.N0000,12.671831,13.170722,12.671831,13.170722,24183990
2022-09-12,JKH.N0000,13.420168,13.420168,13.220611,13.295445,4197600
2022-09-13,JKH.N0000,13.270501,14.268283,13.270501,14.168504,9720700
2022-09-14,JKH.N0000,15.066508,15.665177,14.916841,15.24112,36677520
2022-09-15,JKH.N0000,15.465621,15.465621,14.567617,14.667395,12502420
2022-09-19,JKH.N0000,14.442894,14.667395,14.268283,14.343116,9721880
2022-09-20,JKH.N0000,14.318172,14.467839,14.268283,14.368061,5957890
2022-09-21,JKH.N0000,14.368061,14.41795,14.193449,14.318172,5714680
2022-09-22,JKH.N0000,14.318172,14.318172,14.168504,14.243338,9124910
2022-09-26,JKH.N0000,13.968948,13.968948,13.669613,13.769392,2475230
2022-09-27,JKH.N0000,13.769392,13.794336,13.669613,13.719502,1269860
2022-09-28,JKH.N0000,13.794336,13.944003,13.569835,13.719502,1616030
2022-09-29,JKH.N0000,13.744447,13.794336,13.669613,13.719502,2778850
2022-10-03,JKH.N0000,13.470057,13.470057,12.796554,12.971166,10676420
2022-10-04,JKH.N0000,12.971166,13.470057,12.946221,12.971166,11701230
2022-10-05,JKH.N0000,12.996111,13.046,12.871388,12.871388,3671110
2022-10-06,JKH.N0000,12.971166,12.971166,12.77161,12.921277,5466380
2022-10-11,JKH.N0000,12.871388,12.871388,12.721721,12.821499,5392190
2022-10-12,JKH.N0000,12.871388,13.070944,12.871388,13.070944,4335880
2022-10-13,JKH.N0000,13.070944,13.220611,13.070944,13.170722,894900
2022-10-17,JKH.N0000,13.145778,13.145778,12.921277,13.070944,5043880
2022-10-18,JKH.N0000,13.046,13.220611,13.046,13.070944,1006040
2022-10-19,JKH.N0000,12.996111,13.170722,12.921277,12.971166,3416620
2022-10-20,JKH.N0000,12.921277,12.971166,12.846443,12.846443,5815590
2022-10-25,JKH.N0000,12.971166,13.070944,12.896332,12.971166,7855350
2022-10-26,JKH.N0000,12.971166,13.370279,12.971166,13.270501,2710450
2022-10-27,JKH.N0000,13.395223,13.470057,13.270501,13.370279,1846400
2022-11-01,JKH.N0000,13.170722,13.220611,13.046,13.070944,4247320
2022-11-02,JKH.N0000,13.070944,13.070944,12.996111,13.021055,3114960
2022-11-03,JKH.N0000,13.021055,13.021055,12.871388,12.971166,458910
2022-11-04,JKH.N0000,12.971166,12.971166,12.871388,12.896332,262030
2022-11-08,JKH.N0000,13.270501,13.669613,13.220611,13.569835,6672090
2022-11-09,JKH.N0000,13.519946,14.068726,13.519946,13.944003,6287830
2022-11-10,JKH.N0000,13.844225,13.944003,13.669613,13.86917,2628420
2022-11-14,JKH.N0000,14.068726,14.218394,13.993893,14.218394,4860730
2022-11-15,JKH.N0000,14.068726,14.068726,14.018837,14.018837,3368690
2022-11-16,JKH.N0000,13.968948,14.018837,13.719502,13.844225,2562120
2022-11-17,JKH.N0000,13.769392,13.819281,13.669613,13.669613,2277800
2022-11-21,JKH.N0000,13.719502,13.968948,13.719502,13.819281,1127960
2022-11-22,JKH.N0000,13.919059,14.068726,13.86917,13.968948,952590
2022-11-23,JKH.N0000,13.919059,13.968948,13.819281,13.919059,4607300
2022-11-24,JKH.N0000,13.968948,14.018837,13.86917,13.944003,2352970
2022-11-28,JKH.N0000,13.968948,14.068726,13.919059,13.968948,3889130
2022-11-29,JKH.N0000,13.968948,13.993893,13.86917,13.968948,3499000
2022-11-30,JKH.N0000,13.968948,13.968948,13.919059,13.919059,408190
2022-12-01,JKH.N0000,13.944003,14.068726,13.944003,13.993893,5721150
2022-12-06,JKH.N0000,14.343116,14.717285,14.343116,14.667395,3945950
2022-12-08,JKH.N0000,14.667395,14.96673,14.667395,14.866952,9675460
2022-12-09,JKH.N0000,14.916841,14.941785,14.567617,14.617506,1818870
2022-12-12,JKH.N0000,14.667395,14.667395,14.318172,14.318172,2921800
2022-12-13,JKH.N0000,14.368061,14.368061,14.018837,14.068726,6506380
2022-12-14,JKH.N0000,14.068726,14.268283,14.068726,14.168504,578170
2022-12-15,JKH.N0000,14.168504,14.168504,14.018837,14.068726,1025990
2022-12-16,JKH.N0000,14.068726,14.068726,13.968948,14.068726,984290
2022-12-19,JKH.N0000,14.168504,14.168504,13.944003,13.968948,2634970
2022-12-20,JKH.N0000,13.968948,14.018837,13.919059,13.919059,1595070
2022-12-21,JKH.N0000,13.919059,13.968948,13.86917,13.919059,2733720
2022-12-22,JKH.N0000,13.86917,13.919059,13.769392,13.769392,10846330
2022-12-23,JKH.N0000,13.744447,13.86917,13.519946,13.569835,1325360
2022-12-27,JKH.N0000,13.844225,13.844225,13.619724,13.669613,130510
2022-12-28,JKH.N0000,13.819281,13.819281,13.569835,13.569835,56110
2022-12-29,JKH.N0000,13.644669,13.644669,13.470057,13.519946,3429860
2022-12-30,JKH.N0000,13.569835,13.569835,13.470057,13.544891,5826940
2023-01-02,JKH.N0000,13.619724,13.769392,13.470057,13.519946,7000050
2023-01-03,JKH.N0000,13.519946,13.944003,13.519946,13.669613,3788220
2023-01-04,JKH.N0000,13.669613,13.919059,13.569835,13.819281,1391260
2023-01-05,JKH.N0000,13.844225,13.844225,13.744447,13.769392,8428880
2023-01-09,JKH.N0000,13.769392,13.769392,13.495002,13.519946,189670
2023-01-10,JKH.N0000,13.495002,13.59478,13.495002,13.519946,1044580
2023-01-11,JKH.N0000,13.519946,13.569835,13.519946,13.519946,1324520
2023-01-12,JKH.N0000,13.569835,13.669613,13.544891,13.569835,5772230
2023-01-13,JKH.N0000,13.544891,13.669613,13.544891,13.619724,984070
2023-01-17,JKH.N0000,13.619724,13.719502,13.59478,13.644669,274200
2023-01-18,JKH.N0000,13.619724,13.694558,13.619724,13.669613,127510
2023-01-19,JKH.N0000,13.769392,13.769392,13.569835,13.59478,8631930
2023-01-20,JKH.N0000,13.59478,13.894114,13.569835,13.719502,4931120
2023-01-23,JKH.N0000,13.769392,14.018837,13.719502,13.769392,600390
2023-01-24,JKH.N0000,13.86917,13.919059,13.719502,13.769392,2859080
2023-01-25,JKH.N0000,13.719502,13.86917,13.694558,13.769392,2655150
2023-01-26,JKH.N0000,13.769392,13.794336,13.669613,13.669613,2986700
2023-01-27,JKH.N0000,13.669613,13.968948,13.669613,13.919059,5015870
2023-01-30,JKH.N0000,13.619724,13.968948,13.619724,13.968948,9000840
2023-01-31,JKH.N0000,13.968948,13.968948,13.86917,13.86917,9000740
2023-02-01,JKH.N0000,13.919059,13.968948,13.819281,13.968948,17157940
2023-02-02,JKH.N0000,13.968948,14.318172,13.968948,14.318172,16655560
2023-02-03,JKH.N0000,14.318172,14.467839,14.318172,14.41795,38911680
2023-02-06,JKH.N0000,14.467839,14.567617,14.442894,14.567617,21160780
2023-02-07,JKH.N0000,14.492784,14.567617,14.442894,14.467839,49614850
2023-02-08,JKH.N0000,14.467839,14.467839,14.318172,14.318172,13217110
2023-02-09,JKH.N0000,14.368061,14.41795,14.293227,14.41795,14076230
2023-02-10,JKH.N0000,14.318172,14.368061,14.293227,14.343116,7036800
2023-02-13,JKH.N0000,14.343116,14.343116,13.86917,14.068726,475170
2023-02-14,JKH.N0000,14.068726,14.118615,13.968948,13.968948,22857220
2023-02-15,JKH.N0000,13.968948,14.043782,13.894114,13.968948,7576780
2023-02-16,JKH.N0000,14.043782,14.043782,13.919059,13.968948,15390650
2023-02-17,JKH.N0000,13.968948,13.968948,13.86917,13.919059,3063940
2023-02-20,JKH.N0000,13.968948,13.968948,13.744447,13.769392,7359940
2023-02-21,JKH.N0000,13.769392,13.819281,13.719502,13.769392,46116870
2023-02-22,JKH.N0000,13.769392,13.86917,13.669613,13.769392,22481050
2023-02-23,JKH.N0000,13.769392,13.944003,13.769392,13.86917,5293310
2023-02-24,JKH.N0000,13.944003,14.168504,13.719502,13.819281,5513100
2023-02-27,JKH.N0000,13.769392,13.769392,13.495002,13.569835,3286280
2023-02-28,JKH.N0000,13.519946,13.569835,13.420168,13.544891,9940440
2023-03-01,JKH.N0000,13.470057,13.769392,13.470057,13.719502,4386310
2023-03-02,JKH.N0000,13.769392,13.819281,13.569835,13.769392,1390990
2023-03-03,JKH.N0000,13.769392,13.944003,13.59478,13.919059,3802170
2023-03-07,JKH.N0000,13.968948,13.993893,13.86917,13.968948,8986080
2023-03-08,JKH.N0000,13.993893,14.068726,13.968948,14.068726,12209860
2023-03-09,JKH.N0000,14.093671,14.268283,14.043782,14.218394,8337160
2023-03-10,JKH.N0000,14.268283,14.268283,14.093671,14.093671,12509810
2023-03-13,JKH.N0000,14.168504,14.168504,14.018837,14.118615,2345030
2023-03-14,JKH.N0000,13.993893,14.14356,13.968948,14.14356,5915520
2023-03-15,JKH.N0000,14.168504,14.41795,13.968948,14.318172,9354750
2023-03-16,JKH.N0000,14.318172,14.467839,14.318172,14.442894,8646140
2023-03-17,JKH.N0000,14.41795,14.442894,14.368061,14.393005,1272580
2023-03-20,JKH.N0000,14.393005,14.517728,14.393005,14.467839,5855140
2023-03-21,JKH.N0000,14.567617,14.567617,14.318172,14.368061,492750
2023-03-22,JKH.N0000,14.442894,14.492784,14.368061,14.442894,1771190
2023-03-23,JKH.N0000,14.442894,14.467839,14.268283,14.268283,1985260
2023-03-24,JKH.N0000,14.293227,14.393005,14.268283,14.368061,1603720
2023-03-27,JKH.N0000,14.442894,14.442894,14.168504,14.168504,1255300
2023-03-28,JKH.N0000,14.168504,14.168504,13.86917,13.968948,2359530
2023-03-29,JKH.N0000,14.243338,14.243338,14.018837,14.068726,660070
2023-03-30,JKH.N0000,14.068726,14.218394,13.86917,13.968948,2116000
2023-03-31,JKH.N0000,13.968948,14.068726,13.944003,13.944003,2444040
2023-04-03,JKH.N0000,13.86917,13.968948,13.844225,13.844225,540960
2023-04-04,JKH.N0000,13.968948,13.968948,13.844225,13.919059,3078830
2023-04-06,JKH.N0000,13.968948,13.968948,13.794336,13.819281,1021410
2023-04-10,JKH.N0000,13.993893,13.993893,13.744447,13.769392,3902140
2023-04-11,JKH.N0000,13.769392,13.86917,13.719502,13.86917,1763140
2023-04-12,JKH.N0000,13.844225,13.86917,13.694558,13.719502,2702500
2023-04-17,JKH.N0000,13.919059,13.919059,13.470057,13.495002,8419430
2023-04-18,JKH.N0000,13.86917,13.86917,13.445112,13.470057,5907960
2023-04-19,JKH.N0000,13.470057,13.819281,13.470057,13.819281,76430
2023-04-20,JKH.N0000,13.669613,13.819281,13.59478,13.669613,7776240
2023-04-21,JKH.N0000,13.669613,13.819281,13.669613,13.794336,3154900
2023-04-24,JKH.N0000,13.719502,13.894114,13.719502,13.86917,8116320
2023-04-25,JKH.N0000,13.769392,13.86917,13.769392,13.844225,1091460
2023-04-26,JKH.N0000,13.769392,13.86917,13.769392,13.769392,662560
2023-04-27,JKH.N0000,13.769392,13.794336,13.59478,13.794336,2035510
2023-04-28,JKH.N0000,13.769392,13.819281,13.719502,13.769392,4142980
2023-05-02,JKH.N0000,13.769392,13.819281,13.470057,13.519946,2007710
2023-05-03,JKH.N0000,13.519946,13.569835,13.470057,13.519946,7302340
2023-05-04,JKH.N0000,13.719502,13.719502,13.59478,13.59478,8420
2023-05-08,JKH.N0000,13.644669,13.844225,13.644669,13.794336,481480
2023-05-09,JKH.N0000,13.819281,13.86917,13.719502,13.844225,662890
2023-05-10,JKH.N0000,13.769392,13.819281,13.669613,13.694558,340650
2023-05-11,JKH.N0000,13.694558,13.86917,13.669613,13.819281,979870
2023-05-12,JKH.N0000,13.769392,13.844225,13.769392,13.844225,592050
2023-05-15,JKH.N0000,13.769392,13.944003,13.769392,13.919059,855130
2023-05-16,JKH.N0000,13.944003,14.018837,13.86917,13.919059,9101370
2023-05-17,JKH.N0000,13.919059,13.919059,13.794336,13.819281,1164510
2023-05-18,JKH.N0000,13.819281,13.819281,13.495002,13.644669,3445100
2023-05-19,JKH.N0000,13.669613,13.669613,13.495002,13.519946,875520
2023-05-22,JKH.N0000,13.519946,13.644669,13.519946,13.619724,508420
2023-05-23,JKH.N0000,13.644669,13.769392,13.544891,13.769392,133680
2023-05-24,JKH.N0000,13.769392,13.769392,13.619724,13.769392,171890
2023-05-25,JKH.N0000,13.769392,13.944003,13.569835,13.944003,5221200
2023-05-26,JKH.N0000,13.968948,13.968948,13.59478,13.619724,728440
2023-05-29,JKH.N0000,13.59478,13.769392,13.569835,13.744447,679470
2023-05-30,JKH.N0000,13.669613,13.669613,13.470057,13.619724,1729060
2023-05-31,JKH.N0000,13.86917,13.86917,13.544891,13.694558,2665600
2023-06-01,JKH.N0000,13.569835,13.86917,13.569835,13.86917,39436020
2023-06-02,JKH.N0000,13.86917,13.86917,13.769392,13.819281,1364600
2023-06-05,JKH.N0000,13.819281,13.968948,13.769392,13.968948,15175650
2023-06-06,JKH.N0000,13.968948,13.968948,13.919059,13.944003,6881030
2023-06-07,JKH.N0000,13.894114,13.919059,13.844225,13.844225,1022490
2023-06-08,JKH.N0000,13.819281,13.968948,13.769392,13.86917,4484540
2023-06-09,JKH.N0000,13.944003,14.018837,13.919059,14.018837,36259950
2023-06-12,JKH.N0000,13.993893,14.068726,13.968948,14.043782,6420600
2023-06-13,JKH.N0000,14.118615,14.118615,13.993893,14.093671,989000
2023-06-14,JKH.N0000,14.118615,14.168504,14.068726,14.14356,7554200
2023-06-15,JKH.N0000,14.14356,14.14356,14.018837,14.018837,2954970
2023-06-16,JKH.N0000,14.043782,14.168504,14.043782,14.118615,5312170
2023-06-19,JKH.N0000,14.068726,14.14356,14.043782,14.093671,850000
2023-06-20,JKH.N0000,14.118615,14.268283,14.068726,14.268283,462220
2023-06-21,JKH.N0000,14.218394,14.343116,14.218394,14.268283,16953200
2023-06-22,JKH.N0000,14.318172,14.442894,14.068726,14.293227,538820
2023-06-23,JKH.N0000,14.343116,14.517728,14.268283,14.492784,4251370
2023-06-26,JKH.N0000,14.567617,15.016619,14.567617,14.96673,8385890
2023-06-27,JKH.N0000,14.96673,15.041564,14.842007,14.96673,13670770
2023-06-28,JKH.N0000,14.96673,14.991675,14.941785,14.941785,20852660
2023-07-04,JKH.N0000,15.066508,15.864734,14.96673,15.864734,6477370
2023-07-05,JKH.N0000,15.964512,16.06429,15.51551,15.914623,9357410
2023-07-06,JKH.N0000,15.814845,15.814845,15.465621,15.540455,1223830
2023-07-07,JKH.N0000,15.540455,15.565399,15.365843,15.565399,6682020
2023-07-10,JKH.N0000,15.565399,15.715066,15.51551,15.715066,839650
2023-07-11,JKH.N0000,15.665177,15.864734,15.665177,15.814845,1758260
2023-07-12,JKH.N0000,15.665177,15.864734,15.665177,15.764956,16432920
2023-07-13,JKH.N0000,15.839789,15.914623,15.764956,15.839789,4706790
2023-07-14,JKH.N0000,15.764956,15.764956,15.565399,15.715066,2112700
2023-07-17,JKH.N0000,15.715066,15.864734,15.715066,15.814845,1394540
2023-07-18,JKH.N0000,15.814845,15.864734,15.690122,15.690122,1704020
2023-07-19,JKH.N0000,15.764956,15.814845,15.690122,15.690122,3651620
2023-07-20,JKH.N0000,15.715066,15.864734,15.715066,15.864734,5230940
2023-07-21,JKH.N0000,15.864734,15.864734,15.740011,15.814845,8818440
2023-07-24,JKH.N0000,15.764956,15.7899,15.615288,15.690122,3530960
2023-07-25,JKH.N0000,15.690122,15.864734,15.665177,15.690122,22927890
2023-07-26,JKH.N0000,15.465621,15.889678,15.465621,15.864734,4761980
2023-07-27,JKH.N0000,15.864734,16.762738,15.864734,16.762738,23461300
2023-07-28,JKH.N0000,16.812627,16.912405,16.61307,16.687904,19859530
2023-07-31,JKH.N0000,16.862516,16.862516,16.638015,16.812627,13402740
2023-08-02,JKH.N0000,16.862516,17.062072,16.762738,16.912405,21281530
2023-08-03,JKH.N0000,16.962294,17.536019,16.962294,17.461185,23123410
2023-08-04,JKH.N0000,17.461185,18.458967,17.461185,18.359189,57165490
2023-08-07,JKH.N0000,18.458967,19.855862,18.458967,19.556527,20518500
2023-08-08,JKH.N0000,19.556527,19.95564,19.257193,19.880806,21859420
2023-08-09,JKH.N0000,19.855862,19.855862,19.456749,19.581472,10648120
2023-08-10,JKH.N0000,19.656305,19.756084,19.356971,19.356971,3912080
2023-08-11,JKH.N0000,19.356971,19.356971,18.982803,19.082581,14060500
2023-08-14,JKH.N0000,19.007747,19.007747,17.910187,18.059854,70299820
2023-08-15,JKH.N0000,17.960076,18.658523,17.960076,18.3093,3060330
2023-08-16,JKH.N0000,18.259411,19.40686,18.259411,19.307082,28774100
2023-08-17,JKH.N0000,19.257193,19.556527,19.107525,19.107525,16293430
2023-08-18,JKH.N0000,19.107525,19.13247,18.758302,18.907969,2238740
2023-08-21,JKH.N0000,18.957858,19.257193,18.957858,19.207304,10476610
2023-08-22,JKH.N0000,19.157414,19.157414,18.558745,19.032692,14076190
2023-08-23,JKH.N0000,18.932913,18.957858,18.758302,18.907969,3001090
2023-08-24,JKH.N0000,18.932913,18.957858,18.708412,18.758302,2482050
2023-08-25,JKH.N0000,18.85808,18.85808,18.159632,18.159632,11429470
2023-08-28,JKH.N0000,18.259411,18.259411,18.009965,18.159632,5320870
2023-08-29,JKH.N0000,18.059854,18.084799,17.910187,17.960076,5198400
2023-08-31,JKH.N0000,17.960076,17.960076,17.76052,17.810409,4768030
2023-09-01,JKH.N0000,17.935131,17.960076,17.685686,17.960076,1715070
2023-09-04,JKH.N0000,18.059854,18.708412,18.009965,18.708412,4555770
2023-09-05,JKH.N0000,18.658523,19.13247,18.658523,19.032692,12682830
2023-09-06,JKH.N0000,19.032692,19.13247,18.733357,18.758302,642430
2023-09-07,JKH.N0000,18.932913,18.932913,18.458967,18.558745,16691120
2023-09-08,JKH.N0000,18.558745,18.758302,18.558745,18.758302,850880
2023-09-11,JKH.N0000,18.708412,18.982803,18.708412,18.85808,3426660
2023-09-12,JKH.N0000,18.758302,18.932913,18.683468,18.85808,1166560
2023-09-13,JKH.N0000,18.907969,18.957858,18.783246,18.907969,8629130
2023-09-14,JKH.N0000,18.758302,19.107525,18.758302,19.007747,7749190
2023-09-15,JKH.N0000,19.007747,19.082581,18.957858,18.957858,1318310
2023-09-18,JKH.N0000,19.057636,19.057636,18.85808,18.883024,962480
2023-09-19,JKH.N0000,18.932913,18.957858,18.608634,18.608634,1832170
2023-09-20,JKH.N0000,18.658523,18.658523,18.458967,18.608634,1484860
2023-09-21,JKH.N0000,18.658523,18.808191,18.508856,18.758302,9730580
2023-09-22,JKH.N0000,18.85808,18.982803,18.758302,18.957858,4324380
2023-09-25,JKH.N0000,18.907969,19.082581,18.907969,19.057636,3929890
2023-09-26,JKH.N0000,18.982803,19.232248,18.957858,19.207304,8762490
2023-09-27,JKH.N0000,19.207304,19.40686,19.207304,19.207304,11288950
2023-10-02,JKH.N0000,19.182359,19.182359,18.932913,18.982803,8651830
2023-10-03,JKH.N0000,19.057636,19.157414,18.957858,19.057636,14904120
2023-10-04,JKH.N0000,19.057636,19.057636,18.58369,18.957858,8904390
2023-10-05,JKH.N0000,19.057636,19.107525,18.957858,19.007747,6060330
2023-10-06,JKH.N0000,19.057636,19.057636,18.957858,19.032692,4873600
2023-10-09,JKH.N0000,18.957858,18.957858,18.658523,18.85808,5321460
2023-10-10,JKH.N0000,18.758302,18.957858,18.758302,18.758302,3068470
2023-10-11,JKH.N0000,18.808191,18.957858,18.808191,18.808191,3747220
2023-10-12,JKH.N0000,18.833135,19.082581,18.758302,19.082581,7619130
2023-10-13,JKH.N0000,19.107525,19.332026,19.082581,19.282137,8875310
2023-10-16,JKH.N0000,19.282137,19.381915,19.207304,19.282137,12952560
2023-10-17,JKH.N0000,19.257193,19.257193,18.957858,18.957858,5876190
2023-10-18,JKH.N0000,18.957858,19.032692,18.907969,18.982803,3392090
2023-10-19,JKH.N0000,18.883024,19.207304,18.883024,19.157414,4492100
2023-10-20,JKH.N0000,19.257193,19.257193,19.032692,19.057636,5094180
2023-10-23,JKH.N0000,19.082581,19.157414,19.057636,19.082581,4038590
2023-10-24,JKH.N0000,19.082581,19.207304,19.082581,19.157414,9293250
2023-10-25,JKH.N0000,19.157414,19.356971,19.157414,19.207304,9140660
2023-10-26,JKH.N0000,19.207304,19.207304,19.057636,19.107525,8395100
2023-10-27,JKH.N0000,19.107525,19.257193,19.107525,19.207304,6020750
2023-10-30,JKH.N0000,19.207304,19.207304,19.13247,19.207304,2479370
2023-10-31,JKH.N0000,19.157414,19.207304,19.157414,19.182359,8289880
2023-11-01,JKH.N0000,19.157414,19.207304,19.157414,19.182359,4585850
2023-11-02,JKH.N0000,19.182359,19.232248,19.157414,19.207304,9165430
2023-11-03,JKH.N0000,19.232248,19.257193,19.207304,19.232248,8138630
2023-11-06,JKH.N0000,19.232248,19.232248,19.182359,19.207304,16738180
2023-11-07,JKH.N0000,19.232248,19.456749,19.207304,19.381915,28567020
2023-11-08,JKH.N0000,19.456749,19.756084,19.40686,19.556527,32252970
2023-11-09,JKH.N0000,19.556527,19.731139,19.556527,19.68125,20017000
2023-11-10,JKH.N0000,19.756084,19.756084,19.631361,19.656305,8237870
2023-11-13,JKH.N0000,19.656305,19.656305,19.356971,19.356971,1609370
2023-11-14,JKH.N0000,19.40686,19.40686,19.157414,19.157414,7811160
2023-11-15,JKH.N0000,19.232248,19.257193,19.057636,19.107525,935960
2023-11-16,JKH.N0000,19.082581,19.082581,18.883024,18.932913,3167140
2023-11-17,JKH.N0000,19.057636,19.057636,18.907969,18.957858,829220
2023-11-20,JKH.N0000,18.957858,19.182359,18.85808,18.957858,1007210
2023-11-21,JKH.N0000,18.85808,18.982803,18.808191,18.932913,1665510
2023-11-22,JKH.N0000,18.85808,18.932913,18.658523,18.733357,4992900
2023-11-23,JKH.N0000,18.957858,18.957858,18.658523,18.708412,203090
2023-11-24,JKH.N0000,18.85808,18.85808,18.608634,18.758302,1176110
2023-11-27,JKH.N0000,18.758302,18.758302,18.533801,18.533801,99340
2023-11-28,JKH.N0000,18.758302,18.85808,18.558745,18.683468,2237560
2023-11-29,JKH.N0000,18.733357,18.733357,18.58369,18.608634,4028410
2023-11-30,JKH.N0000,18.85808,19.207304,18.658523,19.182359,40443260
2023-12-01,JKH.N0000,19.107525,19.257193,19.107525,19.207304,2320440
2023-12-04,JKH.N0000,18.982803,19.257193,18.957858,19.157414,1009260
2023-12-05,JKH.N0000,19.157414,19.282137,19.157414,19.282137,5768070
2023-12-06,JKH.N0000,19.282137,19.282137,19.157414,19.182359,2532820
2023-12-07,JKH.N0000,19.257193,19.257193,19.057636,19.057636,1157660
2023-12-08,JKH.N0000,19.257193,19.257193,18.883024,18.957858,2326310
2023-12-11,JKH.N0000,18.957858,19.157414,18.957858,19.157414,1827400
2023-12-12,JKH.N0000,19.157414,19.232248,19.157414,19.207304,2836530
2023-12-13,JKH.N0000,19.232248,19.232248,19.182359,19.207304,2236280
2023-12-14,JKH.N0000,19.232248,19.257193,19.082581,19.232248,1704470
2023-12-15,JKH.N0000,19.257193,19.257193,19.057636,19.057636,800290
2023-12-18,JKH.N0000,19.007747,19.232248,18.932913,19.057636,1557480
2023-12-19,JKH.N0000,19.232248,19.232248,18.85808,18.85808,1573610
2023-12-20,JKH.N0000,18.85808,19.032692,18.708412,18.808191,785640
2023-12-21,JKH.N0000,18.957858,19.007747,18.808191,18.982803,1468920
2023-12-22,JKH.N0000,18.957858,19.032692,18.85808,18.85808,1448450
2023-12-27,JKH.N0000,18.833135,19.13247,18.708412,19.13247,1311910
2023-12-28,JKH.N0000,18.957858,19.157414,18.957858,19.107525,565370
2023-12-29,JKH.N0000,19.157414,19.157414,18.957858,19.057636,4551770
2024-01-02,JKH.N0000,19.057636,19.057636,18.907969,19.057636,279290
2024-01-03,JKH.N0000,18.957858,19.107525,18.957858,18.982803,3395320
2024-01-04,JKH.N0000,18.957858,19.007747,18.957858,19.007747,1960500
2024-01-05,JKH.N0000,19.057636,19.057636,18.907969,18.907969,2968880
2024-01-08,JKH.N0000,18.957858,18.957858,18.833135,18.85808,1845140
2024-01-09,JKH.N0000,18.957858,18.957858,18.58369,18.708412,1592290
2024-01-10,JKH.N0000,18.85808,18.85808,18.658523,18.708412,7480360
2024-01-11,JKH.N0000,18.658523,18.85808,18.458967,18.558745,6276030
2024-01-12,JKH.N0000,18.558745,18.608634,18.458967,18.558745,4340820
2024-01-16,JKH.N0000,18.533801,18.733357,18.533801,18.608634,2002280
2024-01-17,JKH.N0000,18.658523,18.658523,18.434022,18.458967,3733450
2024-01-18,JKH.N0000,18.458967,18.458967,18.3093,18.334244,1713370
2024-01-19,JKH.N0000,18.359189,18.359189,18.3093,18.3093,4092290
2024-01-22,JKH.N0000,18.359189,18.359189,18.084799,18.084799,2145190
2024-01-23,JKH.N0000,18.134688,18.134688,17.860298,17.960076,11724640
2024-01-24,JKH.N0000,17.960076,17.960076,17.76052,17.860298,5968630
2024-01-26,JKH.N0000,17.960076,18.209521,17.960076,18.159632,11074630
2024-01-29,JKH.N0000,18.059854,18.184577,18.059854,18.109743,7633770
2024-01-30,JKH.N0000,18.159632,18.159632,17.810409,17.810409,597120
2024-01-31,JKH.N0000,17.935131,17.935131,17.835353,17.910187,2853700
2024-02-01,JKH.N0000,18.059854,18.059854,17.885242,17.960076,3757140
2024-02-02,JKH.N0000,18.059854,18.059854,17.785464,17.860298,4722960
2024-02-06,JKH.N0000,17.860298,18.3093,17.835353,18.3093,6478550
2024-02-07,JKH.N0000,18.209521,18.359189,18.184577,18.284355,11060900
2024-02-08,JKH.N0000,18.458967,18.508856,18.259411,18.359189,5550500
2024-02-09,JKH.N0000,18.434022,18.558745,18.434022,18.533801,6882770
2024-02-12,JKH.N0000,18.458967,18.758302,18.359189,18.633579,2163560
2024-02-13,JKH.N0000,18.658523,18.783246,18.658523,18.783246,4374970
2024-02-14,JKH.N0000,18.758302,18.808191,18.758302,18.783246,2969420
2024-02-15,JKH.N0000,18.85808,18.85808,18.758302,18.808191,2458750
2024-02-16,JKH.N0000,18.808191,18.907969,18.758302,18.907969,2283750
2024-02-19,JKH.N0000,18.658523,19.007747,18.658523,18.957858,5388390
2024-02-20,JKH.N0000,18.957858,19.157414,18.957858,19.107525,4332090
2024-02-21,JKH.N0000,19.107525,19.232248,19.107525,19.232248,3737950
2024-02-22,JKH.N0000,19.157414,19.40686,19.157414,19.356971,6812940
2024-02-26,JKH.N0000,19.356971,19.381915,18.957858,18.957858,1799080
2024-02-27,JKH.N0000,18.957858,19.032692,18.883024,18.883024,1059400
2024-02-28,JKH.N0000,18.957858,18.957858,18.708412,18.758302,1240410
2024-02-29,JKH.N0000,18.758302,18.808191,18.458967,18.658523,9863620
2024-03-01,JKH.N0000,18.558745,18.708412,18.434022,18.508856,4409100
2024-03-04,JKH.N0000,18.533801,19.007747,18.533801,18.85808,3617150
2024-03-05,JKH.N0000,18.957858,18.957858,18.708412,18.758302,2975710
2024-03-06,JKH.N0000,18.957858,18.957858,18.558745,18.58369,541400
2024-03-07,JKH.N0000,18.658523,19.032692,18.608634,18.957858,3714510
2024-03-11,JKH.N0000,18.85808,19.007747,18.85808,19.007747,110780
2024-03-12,JKH.N0000,19.007747,19.13247,18.957858,19.057636,465050
2024-03-13,JKH.N0000,19.107525,19.157414,19.007747,19.107525,1838190
2024-03-14,JKH.N0000,19.157414,19.207304,18.957858,18.957858,2408100
2024-03-15,JKH.N0000,18.982803,19.182359,18.982803,19.157414,1474390
2024-03-18,JKH.N0000,19.107525,19.257193,19.107525,19.207304,973110
2024-03-19,JKH.N0000,19.257193,19.257193,18.932913,19.057636,1374030
2024-03-20,JKH.N0000,18.957858,19.207304,18.85808,18.957858,1383820
2024-03-21,JKH.N0000,18.957858,18.957858,18.658523,18.758302,963690
2024-03-22,JKH.N0000,18.733357,18.957858,18.733357,18.957858,3167670
2024-03-25,JKH.N0000,19.13247,19.13247,18.957858,19.007747,4427180
2024-03-26,JKH.N0000,18.957858,19.13247,18.957858,19.107525,404330
2024-03-27,JKH.N0000,19.057636,19.182359,19.057636,19.157414,1346050
2024-03-28,JKH.N0000,19.157414,19.431804,19.157414,19.381915,6741430
2024-04-01,JKH.N0000,19.381915,19.40686,19.282137,19.381915,358660
2024-04-02,JKH.N0000,19.356971,19.706195,19.356971,19.656305,3657760
2024-04-03,JKH.N0000,19.556527,19.830917,19.556527,19.830917,5290680
2024-04-04,JKH.N0000,19.830917,19.930695,19.805973,19.805973,8347140
2024-04-05,JKH.N0000,19.905751,19.905751,19.781028,19.855862,1956620
2024-04-08,JKH.N0000,19.880806,20.055418,19.855862,19.855862,10371950
2024-04-09,JKH.N0000,19.880806,19.95564,19.756084,19.95564,1954430
2024-04-10,JKH.N0000,19.95564,20.055418,19.95564,19.980585,2280470
2024-04-15,JKH.N0000,20.005529,20.254975,20.005529,20.23003,4250960
2024-04-16,JKH.N0000,20.254975,20.354753,20.055418,20.080363,1546150
2024-04-17,JKH.N0000,19.95564,20.254975,19.95564,20.180141,908640
2024-04-18,JKH.N0000,20.254975,20.354753,20.254975,20.354753,4300150
2024-04-19,JKH.N0000,20.354753,20.354753,19.781028,20.354753,1165700
2024-04-22,JKH.N0000,20.254975,20.454531,20.254975,20.454531,1461290
2024-04-24,JKH.N0000,20.429586,20.454531,20.429586,20.454531,1915170
2024-04-25,JKH.N0000,20.454531,20.953422,20.354753,20.953422,6163060
2024-04-26,JKH.N0000,20.953422,20.953422,20.703977,20.803755,8206670
2024-04-29,JKH.N0000,20.753866,20.878588,20.703977,20.878588,9161330
2024-04-30,JKH.N0000,20.903533,21.003311,20.828699,20.903533,10937450
2024-05-02,JKH.N0000,21.452313,21.751648,20.828699,20.853644,11577790
2024-05-03,JKH.N0000,20.828699,20.928477,20.454531,20.454531,5996860
2024-05-06,JKH.N0000,20.454531,20.654087,20.205086,20.205086,5096970
2024-05-07,JKH.N0000,20.254975,20.304864,19.95564,20.205086,12235420
2024-05-08,JKH.N0000,20.23003,20.50442,20.205086,20.454531,3639090
2024-05-09,JKH.N0000,20.454531,20.629143,20.354753,20.554309,3752130
2024-05-10,JKH.N0000,20.554309,20.853644,20.554309,20.853644,7955120
2024-05-13,JKH.N0000,20.903533,20.928477,20.579254,20.703977,3428550
2024-05-14,JKH.N0000,20.753866,20.753866,20.155196,20.429586,14709040
2024-05-15,JKH.N0000,20.429586,20.604198,20.130252,20.155196,6913350
2024-05-16,JKH.N0000,20.155196,20.304864,20.055418,20.304864,12097230
2024-05-17,JKH.N0000,20.254975,20.703977,20.155196,20.629143,1785820
2024-05-20,JKH.N0000,20.454531,20.654087,20.254975,20.554309,538870
2024-05-21,JKH.N0000,20.454531,20.679032,20.454531,20.604198,4106430
2024-05-22,JKH.N0000,20.803755,20.853644,20.654087,20.853644,3888700
2024-05-27,JKH.N0000,20.803755,20.928477,20.753866,20.828699,796940
2024-05-28,JKH.N0000,20.853644,20.953422,20.629143,20.679032,613850
2024-05-29,JKH.N0000,20.753866,20.753866,20.479476,20.50442,1926460
2024-05-30,JKH.N0000,20.554309,20.654087,20.554309,20.629143,860110
2024-05-31,JKH.N0000,20.604198,20.803755,20.579254,20.654087,5184240
2024-06-03,JKH.N0000,20.554309,20.554309,20.354753,20.404642,331910
2024-06-04,JKH.N0000,20.354753,20.554309,20.354753,20.354753,223130
2024-06-05,JKH.N0000,20.529365,20.554309,20.180141,20.23003,2849910
2024-06-06,JKH.N0000,20.23003,20.554309,20.23003,20.429586,520860
2024-06-07,JKH.N0000,20.454531,20.654087,20.454531,20.554309,1693220
2024-06-10,JKH.N0000,20.753866,20.753866,20.329808,20.329808,8826650
2024-06-11,JKH.N0000,20.329808,20.454531,20.329808,20.354753,6857670
2024-06-12,JKH.N0000,20.354753,20.354753,20.254975,20.354753,2779960
2024-06-13,JKH.N0000,20.354753,20.354753,20.254975,20.254975,1476120
2024-06-14,JKH.N0000,20.205086,20.50442,20.180141,20.454531,2517340
2024-06-18,JKH.N0000,20.354753,20.654087,20.304864,20.354753,20684610
2024-06-19,JKH.N0000,20.404642,20.454531,20.254975,20.254975,1046780
2024-06-20,JKH.N0000,20.254975,20.454531,20.055418,20.180141,7631310
2024-06-24,JKH.N0000,20.254975,20.728921,20.254975,20.50442,9217200
2024-06-25,JKH.N0000,20.50442,20.604198,20.454531,20.554309,7416670
2024-06-26,JKH.N0000,20.604198,20.604198,20.454531,20.50442,2897220
2024-06-27,JKH.N0000,20.579254,20.579254,20.254975,20.254975,241990
2024-06-28,JKH.N0000,20.554309,20.554309,20.279919,20.354753,1688170
2024-07-01,JKH.N0000,20.254975,20.454531,20.254975,20.354753,283710
2024-07-02,JKH.N0000,20.454531,20.529365,20.354753,20.454531,1444490
2024-07-03,JKH.N0000,20.454531,20.479476,20.304864,20.304864,1065120
2024-07-04,JKH.N0000,20.404642,20.529365,20.304864,20.304864,2144040
2024-07-05,JKH.N0000,20.279919,20.454531,20.279919,20.304864,201670
2024-07-08,JKH.N0000,20.404642,20.404642,20.155196,20.155196,271270
2024-07-09,JKH.N0000,20.105307,20.304864,19.930695,19.930695,3013510
2024-07-10,JKH.N0000,19.95564,20.005529,19.781028,19.855862,1526650
2024-07-11,JKH.N0000,19.95564,19.95564,19.356971,19.456749,4687200
2024-07-12,JKH.N0000,19.356971,19.556527,19.356971,19.456749,3774390
2024-07-15,JKH.N0000,19.381915,19.456749,19.332026,19.40686,8176690
2024-07-16,JKH.N0000,19.381915,19.756084,19.381915,19.456749,1602640
2024-07-17,JKH.N0000,19.68125,19.756084,19.356971,19.356971,810730
2024-07-18,JKH.N0000,19.556527,19.656305,19.332026,19.356971,10663030
2024-07-19,JKH.N0000,19.381915,19.556527,19.332026,19.356971,345370
2024-07-22,JKH.N0000,19.332026,19.431804,19.057636,19.157414,4145220
2024-07-23,JKH.N0000,19.157414,19.157414,18.982803,19.032692,1254680
2024-07-24,JKH.N0000,19.207304,19.556527,19.057636,19.356971,1374750
2024-07-25,JKH.N0000,19.556527,19.556527,19.13247,19.207304,714160
2024-07-26,JKH.N0000,19.257193,19.257193,19.007747,19.107525,2394560
2024-07-29,JKH.N0000,19.157414,19.157414,19.007747,19.082581,1811450
2024-07-30,JKH.N0000,19.082581,19.082581,18.808191,18.833135,3042880
2024-07-31,JKH.N0000,18.359189,18.359189,17.062072,17.087017,21215170
2024-08-01,JKH.N0000,17.16185,17.660741,17.136906,17.461185,9467520
2024-08-02,JKH.N0000,17.511074,18.134688,17.511074,18.059854,9183790
2024-08-05,JKH.N0000,18.059854,18.059854,17.710631,17.735575,3006940
2024-08-06,JKH.N0000,17.76052,18.059854,17.76052,17.935131,8985620
2024-08-07,JKH.N0000,17.935131,17.935131,17.860298,17.860298,2959810
2024-08-08,JKH.N0000,17.910187,17.960076,17.810409,17.960076,5170140
2024-08-09,JKH.N0000,17.960076,17.960076,17.910187,17.935131,2405640
2024-08-12,JKH.N0000,17.960076,17.960076,17.76052,17.860298,736370
2024-08-13,JKH.N0000,17.76052,17.935131,17.76052,17.910187,4297770
2024-08-14,JKH.N0000,17.910187,18.009965,17.910187,18.009965,16203520
2024-08-15,JKH.N0000,18.03491,18.259411,18.03491,18.159632,847070
2024-08-16,JKH.N0000,18.159632,18.159632,17.960076,18.059854,1164130
2024-08-20,JKH.N0000,18.059854,18.284355,18.059854,18.234466,4702910
2024-08-21,JKH.N0000,18.259411,18.259411,18.159632,18.159632,1298330
2024-08-22,JKH.N0000,18.259411,18.259411,18.059854,18.059854,920490
2024-08-23,JKH.N0000,18.159632,18.159632,17.910187,17.960076,2963170
2024-08-26,JKH.N0000,17.960076,17.960076,17.660741,17.710631,954700
2024-08-27,JKH.N0000,17.710631,17.735575,17.361407,17.411296,2715210
2024-08-28,JKH.N0000,17.461185,17.461185,17.236684,17.261629,1668980
2024-08-29,JKH.N0000,17.361407,17.43624,17.136906,17.16185,1194570
2024-08-30,JKH.N0000,17.16185,17.16185,16.862516,16.862516,2876860
2024-09-02,JKH.N0000,16.837571,16.837571,16.662959,16.687904,5661090
2024-09-03,JKH.N0000,16.712849,16.712849,16.563181,16.662959,4854810
2024-09-04,JKH.N0000,16.837571,16.837571,16.563181,16.662959,4881730
2024-09-05,JKH.N0000,16.962294,17.76052,16.563181,16.61307,1635140
2024-09-06,JKH.N0000,16.712849,16.712849,16.463403,16.563181,2876180
2024-09-09,JKH.N0000,16.762738,16.762738,16.313736,16.363625,4004610
2024-09-10,JKH.N0000,16.4,16.4,15.9,16.275,5692130
2024-09-11,JKH.N0000,16.45,16.45,16,16.1,9834920
2024-09-12,JKH.N0000,16.45,16.45,16,16,6916330
2024-09-13,JKH.N0000,16.3,16.3,16,16.275,11420170
2024-09-18,JKH.N0000,16.4,16.5,16.325,16.45,1067510
2024-09-19,JKH.N0000,16.5,16.9,16.5,16.5,1430780
2024-09-20,JKH.N0000,16.875,16.95,16.575,16.8,1983940
2024-09-23,JKH.N0000,16.65,16.95,16.5,16.875,1189290
2024-09-24,JKH.N0000,16.9,17,16.8,16.9,6836950
2024-09-25,JKH.N0000,16.9,17.3,16.75,17,11775630
2024-09-26,JKH.N0000,17.15,17.65,17.1,17.125,2439300
2024-09-27,JKH.N0000,17.2,17.3,17,17.3,10398700
2024-09-30,JKH.N0000,17.3,18.05,17.3,17.9,8711390
2024-10-01,JKH.N0000,18,18.5,18,18.4,5779570
2024-10-02,JKH.N0000,18.4,18.4,18,18.125,2104580
2024-10-03,JKH.N0000,18.125,18.175,17.95,18.1,2342010
2024-10-04,JKH.N0000,18.05,18.7,18,18.65,6632190
2024-10-07,JKH.N0000,18.65,19,18.65,18.9,5310060
2024-10-08,JKH.N0000,19.075,19.6,18.6,19.6,5897110
2024-10-09,JKH.N0000,19.5,19.9,19.5,19.85,18454350
2024-10-10,JKH.N0000,19.875,19.9,19.525,19.75,6122730
2024-10-11,JKH.N0000,19.8,19.8,19.6,19.7,5593980
2024-10-14,JKH.N0000,19.725,19.8,19.7,19.7,2570450
2024-10-15,JKH.N0000,19.75,19.85,19.6,19.6,4250190
2024-10-16,JKH.N0000,19.65,19.7,19.55,19.6,1103800
2024-10-18,JKH.N0000,19.6,19.75,19.575,19.7,1844690
2024-10-21,JKH.N0000,19.6,19.75,19.6,19.7,4042400
2024-10-22,JKH.N0000,19.8,20,19.7,19.9,24253820
2024-10-23,JKH.N0000,19.95,20.35,19.95,20.35,20301650
2024-10-24,JKH.N0000,20.35,21.1,20.275,21.075,25542200
2024-10-25,JKH.N0000,21.075,21.6,21.075,21.4,20639140
2024-10-28,JKH.N0000,21.5,21.675,21.025,21.25,12791430
2024-11-06,JKH.N0000,21.5,21.9,20.6,21.3,47791392
2024-11-07,JKH.N0000,21.4,21.9,21.4,21.5,24499227
2024-11-08,JKH.N0000,21.6,21.6,21.1,21.1,5870648
2024-11-11,JKH.N0000,21.2,21.2,20.9,20.9,7702034
2024-11-12,JKH.N0000,21,21.4,20.9,21.3,5347420
2024-11-13,JKH.N0000,21.4,21.7,21.3,21.6,10579170
2024-11-14,JKH.N0000,21.7,21.7,21.4,21.5,6800338
2024-11-18,JKH.N0000,21.3,21.9,21.1,21.3,18559148
2024-11-19,JKH.N0000,21.2,21.2,20.4,20.7,53606929
2024-11-20,JKH.N0000,20.9,21,20.5,20.7,10268328
2024-11-21,JKH.N0000,20.6,20.6,19.8,20,23124918
2024-11-22,JKH.N0000,19.9,20,19.8,19.9,4385177
2024-11-25,JKH.N0000,19.9,19.9,19.1,19.3,16876087
2024-11-26,JKH.N0000,19.1,20,19.1,19.9,5511501
2024-11-27,JKH.N0000,19.8,20,19.6,19.9,3276977
2024-11-28,JKH.N0000,19.9,20.3,19.8,20,9192126
2024-11-29,JKH.N0000,20,20.1,19.7,19.8,7491186
2024-12-02,JKH.N0000,19.7,19.9,19.6,19.9,3927502
2024-12-03,JKH.N0000,19.9,20,19.8,20,3832565
2024-12-04,JKH.N0000,20,20.7,19.9,20.6,8596838
2024-12-05,JKH.N0000,20.8,21,20.7,20.8,6513198
2024-12-06,JKH.N0000,20.8,21,20.7,20.8,7719798
2024-12-09,JKH.N0000,20.8,20.9,20.7,20.8,5046921
2024-12-10,JKH.N0000,20.9,21.2,20.7,21,9420467
2024-12-11,JKH.N0000,21.1,21.2,20.9,21.2,24090524
2024-12-12,JKH.N0000,21.1,21.5,21,21.4,31975329
2024-12-13,JKH.N0000,21.5,21.6,21.3,21.5,7808627
2024-12-16,JKH.N0000,21.5,21.9,21.4,21.8,15740274
2024-12-17,JKH.N0000,21.9,22.6,21.8,22.3,25499707
2024-12-18,JKH.N0000,22.4,22.5,22,22.5,11000895
2024-12-19,JKH.N0000,22.4,22.7,22.4,22.6,16916259
2024-12-20,JKH.N0000,22.6,22.7,22.4,22.5,11034917
2024-12-23,JKH.N0000,22.5,22.6,22.3,22.4,6517961
2024-12-24,JKH.N0000,22.4,22.5,22.3,22.4,6628564
2024-12-26,JKH.N0000,22.4,22.4,22.1,22.3,7103263
2024-12-27,JKH.N0000,22.3,22.4,22.2,22.3,10082428
2024-12-30,JKH.N0000,22.3,22.7,22.3,22.7,22130283
2024-12-31,JKH.N0000,22.6,22.8,22.5,22.6,10771499
2025-01-02,JKH.N0000,22.6,23.7,22.5,23.7,28712730
2025-01-03,JKH.N0000,23.7,24.4,23.6,24,36656278
2025-01-06,JKH.N0000,24,24.5,23.5,23.8,33480877
2025-01-07,JKH.N0000,23.9,24,23.4,23.9,8086657
2025-01-08,JKH.N0000,23.8,24,23.8,24,12300418
2025-01-09,JKH.N0000,24,24.2,23.7,23.8,17832514
2025-01-10,JKH.N0000,23.7,24,23.6,23.9,7429437
2025-01-15,JKH.N0000,24,24.1,23.9,24.1,10065533
2025-01-16,JKH.N0000,24,24,23.9,24,9709337
2025-01-17,JKH.N0000,23.9,24.1,23.8,24,8822574
2025-01-20,JKH.N0000,24,24,23.8,23.9,3771421
2025-01-21,JKH.N0000,23.9,23.9,23.6,23.7,7809073
2025-01-22,JKH.N0000,23.8,24.1,23.7,24,17255666
2025-01-23,JKH.N0000,24,24.1,23.9,24,7006933
2025-01-24,JKH.N0000,23.9,23.9,23.4,23.6,12861164
2025-01-27,JKH.N0000,23.5,23.6,22.8,23.1,19584982
2025-01-28,JKH.N0000,23.1,23.1,22.8,22.9,16984151
2025-01-29,JKH.N0000,22.9,23,22.5,22.7,17594371
2025-01-30,JKH.N0000,22.6,22.9,22.6,22.7,39164432
2025-01-31,JKH.N0000,22.8,23,22.7,22.9,4908822
2025-02-03,JKH.N0000,22.7,22.7,22.5,22.7,14043942
2025-02-05,JKH.N0000,22.6,22.6,21.9,22.1,22174251
2025-02-06,JKH.N0000,22,22.4,22,22.3,4511388
2025-02-07,JKH.N0000,22.3,22.8,22.2,22.8,2151403
2025-02-10,JKH.N0000,22.8,22.9,22.4,22.6,2266035
2025-02-11,JKH.N0000,22.5,22.6,22.3,22.5,3014623
2025-02-13,JKH.N0000,22.4,22.6,22.2,22.5,7688736
2025-02-14,JKH.N0000,22.5,23,22.4,22.9,6576175
2025-02-17,JKH.N0000,22.9,22.9,22.6,22.7,1553698
2025-02-18,JKH.N0000,22.6,22.8,22.2,22.2,9238830
2025-02-19,JKH.N0000,22.3,22.4,22.1,22.2,4730460
2025-02-20,JKH.N0000,22.2,22.4,22.1,22.3,7383126
2025-02-21,JKH.N0000,22.3,22.4,22.2,22.4,5605223
2025-02-24,JKH.N0000,22.3,22.4,22.2,22.3,4348410
2025-02-25,JKH.N0000,22.2,22.3,21.9,22.1,3418677
2025-02-27,JKH.N0000,22,22,21.1,21.4,5243635
2025-02-28,JKH.N0000,21.4,21.8,21.2,21.3,3520788
2025-03-03,JKH.N0000,21.5,21.6,21,21.1,3411584
2025-03-04,JKH.N0000,21,21.2,20.9,21,4607791
2025-03-05,JKH.N0000,21,21.1,20.9,21,4989213
2025-03-06,JKH.N0000,21,21.1,20.9,21,10933706
2025-03-07,JKH.N0000,21,21.1,20.9,21,4474180
2025-03-10,JKH.N0000,21,21,20.8,20.9,900211
2025-03-11,JKH.N0000,20.9,20.9,20.5,20.6,2375440
2025-03-12,JKH.N0000,20.5,20.8,20.5,20.7,7207362
2025-03-14,JKH.N0000,20.8,20.8,20.6,20.6,705626
2025-03-17,JKH.N0000,20.9,20.9,20.3,20.5,3600836
2025-03-18,JKH.N0000,20.5,20.5,20.1,20.2,3676755
2025-03-19,JKH.N0000,20.2,20.2,20,20.2,1835017
2025-03-20,JKH.N0000,20.2,20.7,20.1,20.5,3919720
2025-03-21,JKH.N0000,20.5,20.6,20.4,20.6,3480425
2025-03-24,JKH.N0000,20.6,20.6,20.3,20.5,1418056
2025-03-25,JKH.N0000,20.5,20.5,20.2,20.4,2928551
2025-03-26,JKH.N0000,20.4,20.4,20.1,20.2,2660659
2025-03-27,JKH.N0000,20.1,20.3,19.9,20.3,4637644
2025-03-28,JKH.N0000,20.3,20.5,20.1,20.2,8494513
2025-04-01,JKH.N0000,20.3,20.4,20.2,20.4,3368976
2025-04-02,JKH.N0000,20.4,20.5,20.1,20.2,14936000
2025-04-03,JKH.N0000,20.2,20.2,19.9,20,14031323
2025-04-04,JKH.N0000,20,20,19.5,19.6,11257544
2025-04-07,JKH.N0000,19.5,19.5,18.3,18.8,39320184
2025-04-08,JKH.N0000,18.8,19.8,18.8,19.6,7117015
2025-04-09,JKH.N0000,19.7,19.7,19.1,19.3,30609724
2025-04-10,JKH.N0000,19.5,20.5,19.5,20.1,17342645
2025-04-11,JKH.N0000,20.1,20.1,19.9,20,2124511
2025-04-16,JKH.N0000,20.1,20.2,20,20,1298763
2025-04-17,JKH.N0000,20.3,20.3,19.9,20.1,1421364
2025-04-21,JKH.N0000,20.3,20.3,19.9,19.9,2007506
2025-04-22,JKH.N0000,20,20,19.6,19.7,5994259
2025-04-23,JKH.N0000,19.6,20,19.6,20,2368878
2025-04-24,JKH.N0000,20,20.1,19.9,20,2001104
2025-04-25,JKH.N0000,20.1,20.2,19.9,20.1,6174992
2025-04-28,JKH.N0000,20.1,20.7,20.1,20.7,5756710
2025-04-29,JKH.N0000,20.7,20.9,20.6,20.8,2642815
2025-04-30,JKH.N0000,20.8,20.9,20.7,20.7,8309777
2025-05-02,JKH.N0000,20.7,20.8,20.2,20.4,3297924
2025-05-05,JKH.N0000,20.4,20.8,20.4,20.7,13686127
2025-05-06,JKH.N0000,20.8,20.8,20.6,20.6,513725
2025-05-07,JKH.N0000,20.6,20.6,20.1,20.1,7647345
2025-05-08,JKH.N0000,20.2,20.3,20.1,20.2,2729235
2025-05-09,JKH.N0000,20.3,20.4,20.1,20.2,2302452
2025-05-14,JKH.N0000,20.3,20.6,20.2,20.5,7274579
2025-05-15,JKH.N0000,20.5,20.7,20.3,20.6,8525368
2025-05-16,JKH.N0000,20.6,21.2,20.6,21.2,10084655
2025-05-19,JKH.N0000,21.2,21.5,21.1,21.3,5323828
2025-05-20,JKH.N0000,21.4,21.4,21,21.1,4412423
2025-05-21,JKH.N0000,21.1,21.3,21.1,21.2,3325351
2025-05-22,JKH.N0000,21.3,21.9,21.3,21.6,9043485
2025-05-23,JKH.N0000,21.5,21.5,21.1,21.3,2541405
2025-05-26,JKH.N0000,21.4,21.5,21,21.2,2899314
2025-05-27,JKH.N0000,21.5,21.6,21.1,21.2,3790651
2025-05-28,JKH.N0000,21.2,21.2,20.7,20.8,6945949
2025-05-29,JKH.N0000,20.9,21.2,20.8,21.2,2381105
2025-05-30,JKH.N0000,21,21.1,20.8,21,9536172
2025-06-02,JKH.N0000,21,21.2,20.9,21,4005217
2025-06-03,JKH.N0000,21.1,21.5,21.1,21.2,6432303
2025-06-04,JKH.N0000,21.3,21.5,21.3,21.5,6962613
2025-06-05,JKH.N0000,21.5,21.8,21.4,21.8,8478135
2025-06-06,JKH.N0000,21.8,22,21.7,21.8,8880375
2025-06-09,JKH.N0000,22,22,21.7,21.9,2814562
2025-06-11,JKH.N0000,21.9,22.5,21.9,22.5,7835679
2025-06-12,JKH.N0000,22.5,22.6,22.3,22.4,5148870
2025-06-13,JKH.N0000,22,22.3,21.6,22,8083167
2025-06-16,JKH.N0000,21.7,22.1,21.1,21.9,8547070
2025-06-17,JKH.N0000,21.8,22.1,21.7,21.7,11449217
2025-06-18,JKH.N0000,21.7,21.8,21.5,21.5,6159332
2025-06-19,JKH.N0000,21.5,21.7,21.3,21.4,4373229
2025-06-20,JKH.N0000,21.3,21.6,21.3,21.5,3258166
2025-06-23,JKH.N0000,21.1,21.4,21,21.2,4624124
2025-06-24,JKH.N0000,21.6,21.9,21.5,21.6,14931949
2025-06-25,JKH.N0000,21.7,22.1,21.7,22,19950194
2025-06-26,JKH.N0000,22,22,21.8,21.8,3585064
2025-06-27,JKH.N0000,21.9,22.2,21.9,22.2,26037098
2025-06-30,JKH.N0000,22.2,22.8,22.1,22.4,16504357
2025-07-01,JKH.N0000,22.7,23,22.5,22.9,12765492
2025-07-02,JKH.N0000,22.9,23.1,22.8,23,14557276
2025-07-03,JKH.N0000,23.1,23.8,23.1,23.4,25915392
2025-07-04,JKH.N0000,23.5,23.7,23,23.6,15646002
2025-07-07,JKH.N0000,23.7,23.8,23.4,23.6,6099963
2025-07-08,JKH.N0000,23.6,23.6,23.1,23.3,12369943
2025-07-09,JKH.N0000,23.3,23.5,23.3,23.5,3840679
2025-07-11,JKH.N0000,23.3,24.2,23.2,24.2,20348970
2025-07-14,JKH.N0000,24.2,25.5,24.1,25.2,29424724
2025-07-15,JKH.N0000,25.5,26.1,25.3,26,34616923
2025-07-16,JKH.N0000,26,26,25.4,25.7,12013534
2025-07-17,JKH.N0000,25.7,25.7,24.9,25.3,12118102
2025-07-18,JKH.N0000,25.3,25.7,25,25.5,10823279
2025-07-21,JKH.N0000,25.5,25.6,25.2,25.3,3882114
2025-07-22,JKH.N0000,25.3,25.3,24.9,25.1,13160233
2025-07-23,JKH.N0000,25.1,25.1,24.9,24.9,8944413
2025-07-24,JKH.N0000,25,25.1,24.9,25.1,10473170
2025-07-25,JKH.N0000,25,25.1,24.9,25.1,9521713
2025-07-28,JKH.N0000,25,25.1,24.9,25,6386049
2025-07-29,JKH.N0000,24.9,24.9,24.3,24.5,18897748
2025-07-30,JKH.N0000,24.5,24.7,24,24.3,16189493
2025-07-31,JKH.N0000,24,24,23.5,23.9,15692262
2025-08-01,JKH.N0000,23.8,24.7,23.8,24.6,13016859
2025-08-04,JKH.N0000,24.8,24.8,23.9,24,9815785
2025-08-05,JKH.N0000,24,24,23.5,23.7,11754160
2025-08-06,JKH.N0000,23.5,24,23.4,23.7,9198999
2025-08-07,JKH.N0000,23.5,23.7,23.4,23.5,7622160
2025-08-11,JKH.N0000,23.5,23.7,23.3,23.4,4090531
2025-08-12,JKH.N0000,23.4,23.4,22.9,23,8507391
2025-08-13,JKH.N0000,22.9,23,22.5,22.9,6893668
2025-08-14,JKH.N0000,22.9,23,22.6,22.9,3798074
2025-08-15,JKH.N0000,22.9,23.1,22.7,23.1,11083563
2025-08-18,JKH.N0000,23.1,23.6,22.9,23.5,3794402
2025-08-19,JKH.N0000,23.6,23.6,23,23.1,8603374
2025-08-20,JKH.N0000,23.2,23.8,23.2,23.8,8043278
2025-08-21,JKH.N0000,23.8,23.9,23.7,23.9,6643869
2025-08-22,JKH.N0000,23.8,24,23.7,23.9,4453351
2025-08-25,JKH.N0000,23.8,23.8,23.4,23.6,3416392
2025-08-26,JKH.N0000,23.5,23.9,23.2,23.5,4196374
2025-08-27,JKH.N0000,23.5,23.6,23,23.2,8188540
2025-08-28,JKH.N0000,23.1,23.1,22.9,23.1,4773830
2025-08-29,JKH.N0000,23.1,23.5,23,23.4,5760710
2025-09-01,JKH.N0000,23.4,23.4,22.9,22.9,6369636
2025-09-02,JKH.N0000,23,23,22.7,22.7,6841908
2025-09-03,JKH.N0000,22.8,22.9,22.7,22.7,6335168
2025-09-04,JKH.N0000,22.7,22.9,22.7,22.7,3113454
2025-09-08,JKH.N0000,22.8,22.8,22.4,22.5,7414475
2025-09-09,JKH.N0000,22.5,22.5,22,22.2,6541553
2025-09-10,JKH.N0000,22.1,22.3,22,22.3,7418684
2025-09-11,JKH.N0000,22.3,22.4,21.9,22,6827773
2025-09-12,JKH.N0000,22.1,22.1,21.9,22,5539581
2025-09-15,JKH.N0000,22,22,21.8,22,6999235
2025-09-16,JKH.N0000,22,22.1,21.9,22.1,7205334
2025-09-17,JKH.N0000,22.1,22.1,21.9,22,8507074
2025-09-18,JKH.N0000,22,22.6,22,22.6,3986643
2025-09-19,JKH.N0000,22.6,22.9,22.6,22.9,10915399
2025-09-22,JKH.N0000,23,23.5,22.9,23.4,11536179
2025-09-23,JKH.N0000,23.4,23.4,22.9,23,4792689
2025-09-24,JKH.N0000,23,23,22.3,22.5,9437076
2025-09-25,JKH.N0000,22.5,22.5,22.1,22.2,8830968
2025-09-26,JKH.N0000,22.2,22.2,22,22.2,10926207
2025-09-29,JKH.N0000,22.2,22.4,22.1,22.4,3277834
2025-09-30,JKH.N0000,22.4,22.5,22.1,22.1,5954525
2025-10-01,JKH.N0000,22.2,22.4,22.1,22.3,3121223
2025-10-02,JKH.N0000,22.3,22.4,22,22.1,3500428
2025-10-03,JKH.N0000,22.2,22.2,21.9,21.9,12495339
2025-10-07,JKH.N0000,21.9,21.9,21.6,21.7,9561616
2025-10-08,JKH.N0000,21.7,21.7,21.3,21.5,12397599
2025-10-09,JKH.N0000,21.4,21.5,20.9,21,18731818
2025-10-10,JKH.N0000,20.9,21.9,20.9,21.8,12556997
2025-10-13,JKH.N0000,21.8,21.9,21.6,21.8,3428717
2025-10-14,JKH.N0000,21.6,21.8,21.4,21.7,3677821
2025-10-15,JKH.N0000,21.6,21.7,21.5,21.6,5292112
2025-10-16,JKH.N0000,21.6,21.6,21.4,21.6,3356267
2025-10-17,JKH.N0000,21.6,21.8,21.6,21.7,5569387
2025-10-21,JKH.N0000,21.8,21.9,21.5,21.6,3981572
2025-10-22,JKH.N0000,21.6,21.9,21.3,21.4,7263886
2025-10-23,JKH.N0000,21.4,21.7,21.2,21.3,5919523
2025-10-24,JKH.N0000,21.3,21.5,21.2,21.4,5653323
2025-10-27,JKH.N0000,21.5,21.5,21.2,21.3,6038440
2025-10-28,JKH.N0000,21.4,21.4,20.8,21,13521393
2025-10-29,JKH.N0000,21,21,20.7,20.8,7947321
2025-10-30,JKH.N0000,21,21,20.5,20.7,17921542
2025-10-31,JKH.N0000,20.7,21.1,20.6,21.1,8937730
2025-11-03,JKH.N0000,21.3,21.5,21.1,21.5,7889347
2025-11-04,JKH.N0000,21.5,21.5,21.2,21.5,6404475
2025-11-06,JKH.N0000,21.7,21.9,21.6,21.7,11973740
2025-11-07,JKH.N0000,21.7,22.2,21.5,22.1,10938363
2025-11-10,JKH.N0000,22.2,22.4,22.1,22.4,7045088
2025-11-11,JKH.N0000,22.3,22.5,22.1,22.5,10861997
2025-11-12,JKH.N0000,22.5,23,22.5,22.8,15465544
2025-11-13,JKH.N0000,22.9,23,22.3,22.5,7599450
2025-11-14,JKH.N0000,22.5,22.6,22.1,22.5,3352156
2025-11-17,JKH.N0000,22.6,22.7,22.2,22.5,1633702
2025-11-18,JKH.N0000,22.5,22.9,22.5,22.6,6466493
2025-11-19,JKH.N0000,22.7,22.8,22.2,22.8,8377927
2025-11-20,JKH.N0000,22.8,22.9,22.7,22.9,8293604
2025-11-21,JKH.N0000,22.9,22.9,22.7,22.9,5538674
2025-11-24,JKH.N0000,22.9,22.9,22.4,22.6,8417296
2025-11-25,JKH.N0000,22.5,22.6,22.3,22.5,4018731
2025-11-26,JKH.N0000,22.4,22.5,22.3,22.5,1408754
2025-11-27,JKH.N0000,22.4,22.4,22.2,22.4,3213431
2025-11-28,JKH.N0000,22.1,22.2,22,22.2,9473832
2025-12-01,JKH.N0000,21.9,22,21.6,21.9,6277710
2025-12-02,JKH.N0000,21.7,21.9,21.6,21.9,4335546
2025-12-03,JKH.N0000,21.9,21.9,21.4,21.6,5828335
2025-12-05,JKH.N0000,21.5,21.7,20.8,21,5594013
2025-12-08,JKH.N0000,21,21.3,20.7,20.9,2687108
2025-12-09,JKH.N0000,20.9,21.1,20.7,21.1,3550852
2025-12-10,JKH.N0000,21.2,21.2,20.8,20.9,5379703
2025-12-11,JKH.N0000,21,21.2,20.8,21.1,22392960
2025-12-12,JKH.N0000,21.1,21.5,21,21.3,6155799
2025-12-15,JKH.N0000,21.4,21.4,21,21.2,3086559
2025-12-16,JKH.N0000,21,21.2,20.9,21.1,1643733
2025-12-17,JKH.N0000,21.1,21.3,21,21.1,5201280
2025-12-18,JKH.N0000,21.2,21.3,20.9,21.3,2474205
2025-12-19,JKH.N0000,21.3,21.3,21,21.2,4286241
2025-12-22,JKH.N0000,21.2,21.3,20.9,21,4149134
2025-12-23,JKH.N0000,21,21.1,20.9,21,7172477
2025-12-24,JKH.N0000,21,21.2,20.8,21.1,13503435
2025-12-26,JKH.N0000,21.1,21.2,21,21.1,1214105
2025-12-29,JKH.N0000,21.1,21.1,20.8,21,4080538
2025-12-30,JKH.N0000,21,21.2,20.9,21.2,3354003
2025-12-31,JKH.N0000,21.2,21.9,21,21.6,3574843
2026-01-02,JKH.N0000,21.9,21.9,21.3,21.5,1616287
2026-01-05,JKH.N0000,21.4,21.9,21.4,21.6,2714528
2026-01-06,JKH.N0000,21.6,22.2,21.6,22.1,4271638
2026-01-07,JKH.N0000,22.2,22.3,22.1,22.3,140610
2026-01-08,JKH.N0000,22.3,22.7,22.2,22.5,4692341
2026-01-09,JKH.N0000,22.5,22.8,22.4,22.8,5400248
2026-01-12,JKH.N0000,22.9,23.1,22.7,22.8,6107803
2026-01-13,JKH.N0000,22.8,22.9,21.9,22.4,1659201
2026-01-14,JKH.N0000,22.5,22.7,22.1,22.7,2181040
2026-01-16,JKH.N0000,22.6,22.7,22.1,22.3,1481041
2026-01-19,JKH.N0000,22.2,22.4,22,22.4,4258346
2026-01-20,JKH.N0000,22.3,22.4,22,22.1,1926258
2026-01-21,JKH.N0000,22,22.1,21.8,22,5037279
2026-01-22,JKH.N0000,21.9,22.1,21.9,22,3842745
2026-01-23,JKH.N0000,22,22.2,22,22.1,1479652
2026-01-26,JKH.N0000,22.1,22.2,22,22.1,1990624
2026-01-27,JKH.N0000,22.2,22.8,22.1,22.7,6134838
2026-01-28,JKH.N0000,22.7,23.4,22.7,22.9,28307333
2026-01-29,JKH.N0000,23,23.2,22.5,22.7,2824707
2026-01-30,JKH.N0000,22.8,22.8,22.6,22.7,2089194
2026-02-02,JKH.N0000,22.7,22.7,22.4,22.5,2468555
2026-02-03,JKH.N0000,22.5,22.6,22.4,22.5,3407636
2026-02-05,JKH.N0000,22.5,22.9,22.4,22.7,4905341
2026-02-06,JKH.N0000,22.7,22.9,22.6,22.8,6467917
2026-02-09,JKH.N0000,22.7,22.7,22.1,22.3,3893129
2026-02-10,JKH.N0000,22.2,22.6,22.1,22.5,2847760
2026-02-11,JKH.N0000,22.4,22.7,22.3,22.5,2954469
2026-02-12,JKH.N0000,22.5,22.6,22.3,22.3,1914041
2026-02-13,JKH.N0000,22.3,22.4,22.1,22.1,1647892
2026-02-16,JKH.N0000,22.1,22.4,22,22.4,2723901
2026-02-17,JKH.N0000,22.3,22.5,22.3,22.5,3291461
2026-02-18,JKH.N0000,22.5,22.6,22.5,22.6,5094853
2026-02-19,JKH.N0000,22.6,23.1,22.6,22.7,10849064
2026-02-20,JKH.N0000,22.8,22.9,22.5,22.7,1846182
2026-02-23,JKH.N0000,22.7,22.8,22.5,22.7,1133031
2026-02-24,JKH.N0000,22.6,22.7,22.1,22.1,4188751
2026-02-25,JKH.N0000,22.1,22.5,22.1,22.5,1830781
2026-02-26,JKH.N0000,22.6,22.9,22.6,22.8,8423848
2026-02-27,JKH.N0000,22.8,22.8,22,22.3,9044860
2026-03-03,JKH.N0000,21.5,21.7,20.9,21.1,11295085
2026-03-04,JKH.N0000,21,21.3,20.9,21.2,4505094
2026-03-05,JKH.N0000,21.3,21.7,21.2,21.6,1807138
2026-03-06,JKH.N0000,21.5,21.7,21,21,4286447
2026-03-09,JKH.N0000,20.5,20.5,19.9,20.1,10817802
2026-03-10,JKH.N0000,20.5,20.9,20.4,20.7,5056496
2026-03-11,JKH.N0000,20.7,21,20.5,20.6,2138678
2026-03-12,JKH.N0000,20.5,20.5,20,20.2,7811985
2026-03-13,JKH.N0000,20.1,20.1,19.9,20,4869947
2026-03-16,JKH.N0000,19.8,19.8,19,19.3,20514813
2026-03-17,JKH.N0000,19.2,19.3,18.9,18.9,8856912
2026-03-18,JKH.N0000,19,19,18.3,18.9,13581314
2026-03-19,JKH.N0000,18.5,18.5,17.9,17.9,26183352
2026-03-20,JKH.N0000,18,18.6,17.9,18.1,29185599
2026-03-23,JKH.N0000,18,18.1,17.8,18.1,8569975
2026-03-24,JKH.N0000,18.5,18.8,18.5,18.8,11473454
2026-03-25,JKH.N0000,18.9,19.5,18.9,19.3,12895211
2026-03-26,JKH.N0000,19.5,19.5,18.8,19.1,4454024
2026-03-27,JKH.N0000,19,19,18.3,18.4,10735453
2026-03-30,JKH.N0000,18.4,18.4,17.9,18,16559615
2026-03-31,JKH.N0000,18.1,18.4,17.9,18.3,37717138
2026-04-02,JKH.N0000,18.6,18.6,18.2,18.5,4798990
2026-04-06,JKH.N0000,18.5,19,18.3,18.7,13236590
2026-04-07,JKH.N0000,19,19,18.4,18.6,2642368
2026-04-08,JKH.N0000,19.9,19.9,19.5,19.8,18436256
2026-04-09,JKH.N0000,19.7,19.7,19.2,19.7,7989681
2026-04-10,JKH.N0000,19.7,20.3,19.7,20.1,11196500
2026-04-15,JKH.N0000,20,20.2,19.9,20.2,3515006
2026-04-16,JKH.N0000,20.1,20.5,20.1,20.5,3766575
2026-04-17,JKH.N0000,20.4,20.5,20.3,20.5,2753047
2026-04-20,JKH.N0000,20.5,20.5,20.1,20.4,6744539
2026-04-21,JKH.N0000,20.5,20.5,20.2,20.3,3839305
2026-04-22,JKH.N0000,20.3,20.4,20.1,20.2,1293286
2026-04-23,JKH.N0000,20.2,20.2,20,20.1,3306503
2026-04-24,JKH.N0000,20,20.3,20,20.2,1016365
2026-04-27,JKH.N0000,20.2,20.4,20.2,20.4,1927337
2026-04-28,JKH.N0000,20.4,20.6,20.3,20.5,5861871
2026-04-29,JKH.N0000,20.5,20.8,20.5,20.6,5533466
2026-04-30,JKH.N0000,20.6,20.6,20.3,20.4,10589366
2026-05-04,JKH.N0000,20.5,20.5,20.3,20.4,1401383
2026-05-05,JKH.N0000,20.4,20.4,20.3,20.4,1911630
2026-05-06,JKH.N0000,20.4,20.7,20.4,20.6,6166755
2026-05-07,JKH.N0000,20.6,20.8,20.6,20.7,6268465
2026-05-08,JKH.N0000,20.7,20.8,20.5,20.6,1284988
2026-05-11,JKH.N0000,20.6,20.7,20.5,20.5,933266
2026-05-12,JKH.N0000,20.6,20.8,20.5,20.7,1333063
2026-05-13,JKH.N0000,20.6,20.7,20.4,20.6,3068366
2026-05-14,JKH.N0000,20.6,20.8,20.5,20.8,4910206
2026-05-15,JKH.N0000,20.8,20.8,20.6,20.7,2367933
2026-05-18,JKH.N0000,20.6,20.6,20.2,20.3,6133401
2026-05-19,JKH.N0000,20.3,20.4,20.3,20.4,2233251
2026-05-20,JKH.N0000,20.4,20.4,19.8,19.9,6624555
2026-05-21,JKH.N0000,19.8,20.3,19.8,20,2668583
2026-05-22,JKH.N0000,19.8,20.2,19.8,20.2,11317183
2026-05-25,JKH.N0000,20.3,20.5,20.2,20.4,1558659
2026-05-26,JKH.N0000,20.5,20.5,20,20.4,2287455
2026-05-27,JKH.N0000,20.4,20.4,20,20.2,3238861
2026-05-29,JKH.N0000,20.2,20.2,19.9,20.2,5444023
2026-06-01,JKH.N0000,20.1,20.2,19.9,20,2684952
2026-06-02,JKH.N0000,20,20.1,19.9,20.1,1121000
2026-06-03,JKH.N0000,20.1,20.2,20,20.1,4048446
2026-06-04,JKH.N0000,20.1,20.1,19.9,19.9,3709528
2026-06-05,JKH.N0000,20,20.1,19.9,20,5310339
2026-06-08,JKH.N0000,20,20,19.7,19.9,4074960
2026-06-09,JKH.N0000,19.8,19.9,19.7,19.8,2692447
2026-06-10,JKH.N0000,19.8,19.9,19.7,19.8,2853578
2026-06-11,JKH.N0000,19.7,19.8,19.6,19.7,2884685
2026-06-12,JKH.N0000,19.7,20,19.7,20,3163380
2026-06-15,JKH.N0000,20.2,20.7,20.2,20.5,3624133
2026-06-16,JKH.N0000,20.5,20.6,20.4,20.5,3260678
2026-06-17,JKH.N0000,20.5,20.6,20.3,20.4,910670
2026-06-18,JKH.N0000,20.5,20.5,20.3,20.5,1790522
2026-06-19,JKH.N0000,20.5,20.5,20.3,20.4,3053730
2026-06-22,JKH.N0000,20.3,20.5,20.2,20.3,1204598
2026-06-23,JKH.N0000,20.3,20.3,20,20.2,2952961
2026-06-24,JKH.N0000,20.2,20.3,20,20.2,718232
2026-06-25,JKH.N0000,20.3,20.6,20.2,20.6,3081621
2026-06-26,JKH.N0000,20.5,20.5,20.3,20.5,1809426
2026-06-30,JKH.N0000,20.5,20.5,20.1,20.3,2113732
2026-07-01,JKH.N0000,20.2,20.4,20.2,20.3,747346
2026-07-02,JKH.N0000,20.4,20.4,20.2,20.4,2258944
2026-07-03,JKH.N0000,20.3,20.4,20.2,20.2,1680208
2026-07-06,JKH.N0000,20.2,20.3,20,20.2,2172802
2026-07-07,JKH.N0000,20.1,20.1,20,20.1,2133161
2026-07-08,JKH.N0000,20,20.1,19.9,20,2598095
2026-07-09,JKH.N0000,20,20,19.8,19.8,1619632
2026-07-10,JKH.N0000,20,20.2,19.9,20,3052893
2026-07-13,JKH.N0000,20,20,19.8,20,1089506
2026-07-14,JKH.N0000,19.9,20,19.8,19.9,947538
2026-07-15,JKH.N0000,19.9,20,19.8,20,2838312
2026-07-16,JKH.N0000,20,20.2,19.9,20,1819037
2026-07-17,JKH.N0000,20,20,19.8,20,1631636
2026-07-20,JKH.N0000,19.9,20,19.7,19.8,5524178
2026-07-21,JKH.N0000,19.9,19.9,19.7,19.8,489792
2026-07-22,JKH.N0000,19.8,19.8,19.6,19.7,714166
2026-07-23,JKH.N0000,19.7,19.8,19.6,19.7,2444719
2026-07-24,JKH.N0000,19.6,19.8,19.6,19.7,1208744
2026-07-27,JKH.N0000,19.7,19.9,19.7,19.9,2659192
