date,ticker,open,high,low,close,volume
2012-02-23,LFIN.N0000,18.237499,18.875,18,18.2125,59098400
2012-02-24,LFIN.N0000,18.237499,18.737499,17.5,17.512501,4840
2012-02-27,LFIN.N0000,18.237499,18.737499,17.5,17.5,7376
2012-03-05,LFIN.N0000,17.862499,17.862499,17.862499,17.862499,8
2012-03-06,LFIN.N0000,17.862499,17.862499,17.862499,17.862499,0
2012-03-08,LFIN.N0000,17.25,17.25,17.25,17.25,1248
2012-03-09,LFIN.N0000,17.0875,17.5,16.875,17.0875,19216
2012-03-13,LFIN.N0000,17.174999,17.4375,16.887501,17.174999,16960
2012-03-14,LFIN.N0000,17.25,17.25,16.875,17.25,32000
2012-03-15,LFIN.N0000,16.950001,16.950001,16.9375,16.950001,4000
2012-03-16,LFIN.N0000,16.875,17.5,16.875,16.875,416800
2012-03-19,LFIN.N0000,16.875,17.625,16.875,16.875,13600
2012-03-20,LFIN.N0000,17.5,17.625,16.987499,17.5,138152
2012-03-21,LFIN.N0000,16.887501,17.5,16.875,16.887501,32048
2012-03-22,LFIN.N0000,16.5375,16.875,16.512501,16.5375,3280
2012-03-26,LFIN.N0000,17.200001,17.5,16.875,17.200001,14400
2012-03-27,LFIN.N0000,17.200001,17.200001,17.200001,17.200001,2408
2012-03-28,LFIN.N0000,16.875,16.875,16.625,16.875,3920
2012-03-29,LFIN.N0000,17.125,17.125,17.125,17.125,1600
2012-03-30,LFIN.N0000,16.862499,16.887501,16.862499,16.862499,3208
2012-04-02,LFIN.N0000,16.5625,16.762501,16.25,16.5625,19888
2012-04-03,LFIN.N0000,16.262501,16.862499,16.125,16.262501,24256
2012-04-04,LFIN.N0000,15.9375,16.875,15.625,15.9375,29040
2012-04-09,LFIN.N0000,15.625,15.625,15.625,15.625,800
2012-04-10,LFIN.N0000,15.625,15.625,15.625,15.625,800
2012-04-17,LFIN.N0000,15.625,15.625,15.625,15.625,25680
2012-04-18,LFIN.N0000,15.625,16,15.0625,15.625,7872
2012-04-20,LFIN.N0000,15.5,15.5,15.5,15.5,4000
2012-04-23,LFIN.N0000,14.6375,14.65,14.5,14.6375,2000
2012-04-24,LFIN.N0000,14.625,14.8125,14.625,14.625,10080
2012-04-25,LFIN.N0000,14.625,14.6375,14.625,14.625,41520
2012-04-26,LFIN.N0000,14.8125,14.875,14.6375,14.8125,36000
2012-04-27,LFIN.N0000,15.175,15.6,14.875,15.175,21760
2012-04-30,LFIN.N0000,14.5,14.75,14.5,14.5,10200
2012-05-02,LFIN.N0000,14.6375,14.75,14.425,14.6375,2200
2012-05-03,LFIN.N0000,14.75,15,14.75,14.75,2576
2012-05-04,LFIN.N0000,14.4375,14.4375,14.4375,14.4375,400
2012-05-08,LFIN.N0000,14.375,14.4375,14.3125,14.375,33360
2012-05-09,LFIN.N0000,14.2625,15,14.25,14.2625,14608
2012-05-10,LFIN.N0000,14.25,14.375,14,14.25,8000
2012-05-11,LFIN.N0000,14.3625,14.375,14,14.3625,24000
2012-05-14,LFIN.N0000,14.2875,14.2875,14.25,14.2875,3200
2012-05-15,LFIN.N0000,14.3125,14.3125,14.2875,14.3125,4800
2012-05-16,LFIN.N0000,14.375,14.625,14.375,14.375,163560
2012-05-17,LFIN.N0000,14.9875,14.9875,14.375,14.9875,4232
2012-05-18,LFIN.N0000,14.625,14.9875,14.625,14.625,2648
2012-05-22,LFIN.N0000,14,14.375,14,14,6400
2012-05-23,LFIN.N0000,13.75,14,13.75,13.75,24880
2012-05-24,LFIN.N0000,13.9375,13.9375,13.375,13.9375,40000
2012-05-28,LFIN.N0000,13.75,13.7625,13.75,13.75,8120
2012-05-29,LFIN.N0000,12.775,13.625,12.75,12.775,28440
2012-05-30,LFIN.N0000,13.375,13.75,12.875,13.375,27680
2012-05-31,LFIN.N0000,12.6125,13.125,12.5,12.6125,8080
2012-06-01,LFIN.N0000,13.125,13.125,12.625,13.125,7104
2012-06-05,LFIN.N0000,12.5375,12.75,12.5,12.5375,16000
2012-06-06,LFIN.N0000,12.462499,12.4875,11.875,12.462499,41688
2012-06-07,LFIN.N0000,12.5,12.5,12.5,12.5,27472
2012-06-08,LFIN.N0000,13,13.25,12.5,13,78392
2012-06-11,LFIN.N0000,12.875,13.125,12.75,12.875,5456
2012-06-12,LFIN.N0000,13.125,13.125,12.875,13.125,15592
2012-06-13,LFIN.N0000,13.125,13.125,13.125,13.125,1576
2012-06-14,LFIN.N0000,13,13.4375,12.95,13,25296
2012-06-15,LFIN.N0000,13.725,13.75,13.725,13.725,408
2012-06-18,LFIN.N0000,14.9,15.375,13.3875,14.9,330440
2012-06-19,LFIN.N0000,15,15.125,14.9875,15,19280
2012-06-20,LFIN.N0000,15,15.0125,14.775,15,208440
2012-06-21,LFIN.N0000,14.2625,14.775,14.25,14.2625,10600
2012-06-22,LFIN.N0000,14.0625,14.075,14.0125,14.0625,9696
2012-06-25,LFIN.N0000,14.375,14.375,14.1375,14.375,197336
2012-06-26,LFIN.N0000,15,15.125,14.375,15,120008
2012-06-27,LFIN.N0000,14.575,14.575,14.5625,14.575,1056
2012-06-28,LFIN.N0000,15.45,15.55,14.375,15.45,26312
2012-06-29,LFIN.N0000,15.15,15.5,14.5125,15.15,15256
2012-07-04,LFIN.N0000,15.1125,15.1125,15.1125,15.1125,824
2012-07-05,LFIN.N0000,14.2625,14.2625,14.2625,14.2625,800
2012-07-10,LFIN.N0000,14.4375,14.6875,14.375,14.4375,500408
2012-07-11,LFIN.N0000,13.6875,13.75,13.5125,13.6875,4392
2012-07-13,LFIN.N0000,14.3625,14.3625,14.3625,14.3625,1880
2012-07-16,LFIN.N0000,14.375,14.375,14.375,14.375,258328
2012-07-17,LFIN.N0000,13.75,13.7625,13.6125,13.75,25608
2012-07-18,LFIN.N0000,14.375,14.375,13.7625,14.375,1640
2012-07-19,LFIN.N0000,14.625,14.625,14.625,14.625,16
2012-07-23,LFIN.N0000,13.875,13.875,13.7625,13.875,2520
2012-07-25,LFIN.N0000,14.25,14.9625,13.7625,14.25,1760
2012-07-26,LFIN.N0000,14.75,14.75,14.75,14.75,8
2012-07-27,LFIN.N0000,14.375,14.375,14.375,14.375,40000
2012-07-31,LFIN.N0000,14.7875,14.7875,14.7875,14.7875,8
2012-08-03,LFIN.N0000,14.75,14.75,14.75,14.75,8
2012-08-07,LFIN.N0000,13.6625,14.7375,13.625,13.6625,304
2012-08-08,LFIN.N0000,14.75,14.75,14.75,14.75,8
2012-08-09,LFIN.N0000,14.6875,14.6875,13.75,14.6875,816
2012-08-10,LFIN.N0000,14.5,14.625,14.5,14.5,4296
2012-08-13,LFIN.N0000,14.5,14.5,14.5,14.5,3040
2012-08-14,LFIN.N0000,14.7875,14.8125,14.375,14.7875,58336
2012-08-15,LFIN.N0000,14.5,14.7875,14.5,14.5,16008
2012-08-16,LFIN.N0000,14.625,14.625,14.5,14.625,16000
2012-08-17,LFIN.N0000,14.725,14.75,14.625,14.725,59368
2012-08-20,LFIN.N0000,14.1875,14.5,13.575,14.1875,4784
2012-08-21,LFIN.N0000,14.625,14.6875,14,14.625,45056
2012-08-22,LFIN.N0000,15,15.4875,14.4,15,62368
2012-08-23,LFIN.N0000,15,15,15,15,10592
2012-08-24,LFIN.N0000,14.875,14.875,14.625,14.875,56088
2012-08-27,LFIN.N0000,14.875,14.875,14.625,14.875,47928
2012-08-28,LFIN.N0000,14.9375,15.125,14.875,14.9375,20000
2012-08-29,LFIN.N0000,15.1875,15.1875,14.75,15.1875,15760
2012-08-30,LFIN.N0000,15.0625,15.6125,14.7625,15.0625,1776
2012-09-03,LFIN.N0000,16.237499,16.237499,15.9875,16.237499,21192
2012-09-04,LFIN.N0000,15.7875,16.25,15.625,15.7875,31952
2012-09-05,LFIN.N0000,16.25,16.262501,16.237499,16.25,19600
2012-09-06,LFIN.N0000,16.5,16.862499,16.5,16.5,98016
2012-09-07,LFIN.N0000,16.775,16.8125,16.5,16.775,16000
2012-09-10,LFIN.N0000,17.1625,17.625,16.8125,17.1625,101992
2012-09-11,LFIN.N0000,16.275,17.5,16.25,16.275,170080
2012-09-12,LFIN.N0000,16.237499,16.25,15.875,16.237499,1720
2012-09-13,LFIN.N0000,17,17,16.375,17,35200
2012-09-14,LFIN.N0000,17.625,17.75,17,17.625,149744
2012-09-17,LFIN.N0000,18.049999,18.125,17.5,18.049999,56008
2012-09-18,LFIN.N0000,18.5875,19,17.637501,18.5875,155800
2012-09-19,LFIN.N0000,18.125,18.875,17.387501,18.125,259216
2012-09-20,LFIN.N0000,19.174999,19.362499,18,19.174999,264552
2012-09-21,LFIN.N0000,20,20.625,19.375,20,78248
2012-09-25,LFIN.N0000,19.35,19.625,18.875,19.35,29136
2012-09-26,LFIN.N0000,18.825001,19.375,18.5,18.825001,1952
2012-09-27,LFIN.N0000,18.75,18.75,18.75,18.75,1600
2012-09-28,LFIN.N0000,18.799999,19.1875,18.75,18.799999,27072
2012-10-01,LFIN.N0000,18.737499,19.125,18.625,18.737499,109184
2012-10-02,LFIN.N0000,20.049999,20.375,18.637501,20.049999,1638560
2012-10-03,LFIN.N0000,20.9125,21.5,20.4375,20.9125,491792
2012-10-04,LFIN.N0000,20.424999,21.25,20.3125,20.424999,320008
2012-10-05,LFIN.N0000,21.225,21.487499,20.424999,21.225,248032
2012-10-08,LFIN.N0000,20.25,21.5,20.25,20.25,18088
2012-10-09,LFIN.N0000,20.4,20.8125,20.25,20.4,27392
2012-10-10,LFIN.N0000,20,20.4375,20,20,161888
2012-10-11,LFIN.N0000,19.875,20.625,19.8125,19.875,30648
2012-10-12,LFIN.N0000,20.424999,20.612499,19.4,20.424999,15760
2012-10-15,LFIN.N0000,19.387501,20.6,19.375,19.387501,119776
2012-10-16,LFIN.N0000,18.737499,20.125,18.5375,18.737499,108224
2012-10-17,LFIN.N0000,18.625,19.375,18.625,18.625,88736
2012-10-18,LFIN.N0000,19.5625,20,18.75,19.5625,153920
2012-10-19,LFIN.N0000,19.512501,19.75,19.375,19.512501,25600
2012-10-22,LFIN.N0000,19.9625,19.987499,19.875,19.9625,2000
2012-10-23,LFIN.N0000,19.5875,19.625,19,19.5875,313792
2012-10-24,LFIN.N0000,20,20.625,19.25,20,121576
2012-10-25,LFIN.N0000,20,20,19.375,20,8960
2012-10-26,LFIN.N0000,19.512501,20.225,19.5,19.512501,59184
2012-10-30,LFIN.N0000,19.15,19.375,19.137501,19.15,3016
2012-10-31,LFIN.N0000,19.137501,19.5,19.125,19.137501,2752
2012-11-01,LFIN.N0000,19.4125,19.75,19.375,19.4125,88
2012-11-02,LFIN.N0000,19.375,19.612499,19.375,19.375,216192
2012-11-05,LFIN.N0000,19.125,19.75,19.125,19.125,180208
2012-11-06,LFIN.N0000,19.137501,19.137501,19.137501,19.137501,496
2012-11-07,LFIN.N0000,19.125,19.375,19.125,19.125,28840
2012-11-08,LFIN.N0000,18.9,19.362499,18.75,18.9,90440
2012-11-09,LFIN.N0000,19.362499,19.375,18.5,19.362499,808
2012-11-12,LFIN.N0000,19.375,19.75,19.125,19.375,51448
2012-11-14,LFIN.N0000,19,19.012501,19,19,8000
2012-11-15,LFIN.N0000,18.674999,18.975,18.5625,18.674999,19856
2012-11-16,LFIN.N0000,18.737499,18.737499,18.125,18.737499,2408
2012-11-19,LFIN.N0000,18.6625,18.75,18.112499,18.6625,43320
2012-11-20,LFIN.N0000,18.424999,18.975,18.125,18.424999,17608
2012-11-21,LFIN.N0000,17.75,18.125,17.0625,17.75,32808
2012-11-22,LFIN.N0000,18.375,18.5,18.112499,18.375,25600
2012-11-23,LFIN.N0000,18.125,18.125,17.5,18.125,11616
2012-11-26,LFIN.N0000,17.5,17.5,17.5,17.5,1160
2012-11-28,LFIN.N0000,17.5,18.362499,17.5,17.5,81592
2012-11-29,LFIN.N0000,17.512501,17.512501,17.512501,17.512501,8
2012-11-30,LFIN.N0000,17.875,18.112499,17.512501,17.875,60400
2012-12-03,LFIN.N0000,18.737499,18.75,18.125,18.737499,347256
2012-12-07,LFIN.N0000,18.737499,18.75,18.25,18.737499,76072
2012-12-10,LFIN.N0000,18.6875,18.6875,18.6875,18.6875,8
2012-12-12,LFIN.N0000,18.725,18.75,17.762501,18.725,185192
2012-12-13,LFIN.N0000,18.5,18.875,18.5,18.5,24280
2012-12-14,LFIN.N0000,18.75,18.875,18.512501,18.75,8816
2012-12-17,LFIN.N0000,18.75,18.75,18.75,18.75,56
2012-12-19,LFIN.N0000,18.125,18.137501,18.125,18.125,6480
2012-12-20,LFIN.N0000,18.125,18.125,18.125,18.125,3240
2012-12-21,LFIN.N0000,18.6,18.625,18.112499,18.6,187408
2012-12-28,LFIN.N0000,18.5,18.5,18.5,18.5,4000
2012-12-31,LFIN.N0000,18.5,18.5,18.5,18.5,848
2013-01-02,LFIN.N0000,19,19,19,19,8
2013-01-03,LFIN.N0000,18.137501,19,18.125,18.137501,24072
2013-01-04,LFIN.N0000,18.75,18.75,18.625,18.75,83744
2013-01-07,LFIN.N0000,18.75,19,18.5,18.75,69256
2013-01-08,LFIN.N0000,18.75,19.125,18.75,18.75,9032
2013-01-09,LFIN.N0000,18.262501,19.125,18.25,18.262501,80024
2013-01-10,LFIN.N0000,18.75,18.75,18.1875,18.75,16808
2013-01-11,LFIN.N0000,18.75,18.75,18.75,18.75,12040
2013-01-15,LFIN.N0000,18.5,18.625,18.5,18.5,39200
2013-01-16,LFIN.N0000,18.6875,18.75,18.6875,18.6875,216
2013-01-17,LFIN.N0000,18.5875,18.674999,18.125,18.5875,243168
2013-01-18,LFIN.N0000,18.875,19.362499,18.625,18.875,207408
2013-01-21,LFIN.N0000,18.512501,19.112499,18.512501,18.512501,18384
2013-01-22,LFIN.N0000,18.625,18.75,18.612499,18.625,49040
2013-01-28,LFIN.N0000,18.6,18.6,18.125,18.6,21440
2013-01-29,LFIN.N0000,18.125,18.5,18.125,18.125,10016
2013-01-30,LFIN.N0000,18.25,18.5,18.25,18.25,2920
2013-01-31,LFIN.N0000,18,18.5,18,18,48144
2013-02-05,LFIN.N0000,17.575001,18.4375,17.512501,17.575001,16816
2013-02-06,LFIN.N0000,17.75,17.75,17.5625,17.75,19856
2013-02-07,LFIN.N0000,18.125,18.25,17.5,18.125,82248
2013-02-08,LFIN.N0000,17.8375,18.125,17.700001,17.8375,14456
2013-02-11,LFIN.N0000,17.987499,18,17.6875,17.987499,31568
2013-02-12,LFIN.N0000,17.875,18.075001,17.6875,17.875,4728
2013-02-13,LFIN.N0000,18,18.125,17.6875,18,70920
2013-02-14,LFIN.N0000,17.700001,17.875,17.700001,17.700001,1600
2013-02-15,LFIN.N0000,17.987499,18,17.700001,17.987499,8848
2013-02-18,LFIN.N0000,18.125,18.125,17.625,18.125,73728
2013-02-19,LFIN.N0000,18.525,18.5875,18.4375,18.525,17608
2013-02-20,LFIN.N0000,18.362499,18.362499,18.362499,18.362499,48976
2013-02-26,LFIN.N0000,18.112499,18.112499,17.625,18.112499,4016
2013-02-27,LFIN.N0000,18.325001,18.375,17.5,18.325001,27456
2013-02-28,LFIN.N0000,18.35,18.35,18.35,18.35,96000
2013-03-04,LFIN.N0000,18.3375,18.3375,18.3375,18.3375,8
2013-03-05,LFIN.N0000,16.775,18.299999,16.375,16.775,4816
2013-03-06,LFIN.N0000,16.75,16.75,16.700001,16.75,5600
2013-03-07,LFIN.N0000,17.75,17.75,17.75,17.75,1600
2013-03-08,LFIN.N0000,17.762501,18.0875,17.7125,17.762501,12160
2013-03-11,LFIN.N0000,17.525,18.1,16.950001,17.525,8016
2013-03-12,LFIN.N0000,16.924999,17.5,16.875,16.924999,98816
2013-03-13,LFIN.N0000,17.375,17.375,17.375,17.375,816
2013-03-14,LFIN.N0000,17.362499,17.375,17.362499,17.362499,8080
2013-03-15,LFIN.N0000,17.375,17.375,17.375,17.375,800
2013-03-18,LFIN.N0000,17.375,17.375,17.375,17.375,8
2013-03-19,LFIN.N0000,17.1875,17.375,16.5,17.1875,77816
2013-03-20,LFIN.N0000,16.637501,17.125,16.575001,16.637501,38432
2013-03-21,LFIN.N0000,17.049999,17.125,16.875,17.049999,30072
2013-03-22,LFIN.N0000,17.0375,17.125,17,17.0375,121232
2013-03-25,LFIN.N0000,16.75,17.125,16.75,16.75,6160
2013-03-27,LFIN.N0000,17,17,16.725,17,4816
2013-03-28,LFIN.N0000,16.5875,17.125,16.5875,16.5875,23712
2013-04-01,LFIN.N0000,16.875,16.875,16.5,16.875,1136
2013-04-03,LFIN.N0000,16.5,16.987499,16.5,16.5,12480
2013-04-04,LFIN.N0000,16.625,17,16.4625,16.625,17608
2013-04-05,LFIN.N0000,16.625,16.875,16.387501,16.625,11200
2013-04-08,LFIN.N0000,16.862499,16.875,16.75,16.862499,12000
2013-04-09,LFIN.N0000,16.6875,16.6875,16.5,16.6875,1792
2013-04-10,LFIN.N0000,16.5,16.875,16.375,16.5,21576
2013-04-11,LFIN.N0000,16.75,16.75,16.5,16.75,10344
2013-04-12,LFIN.N0000,17.125,17.125,17.125,17.125,800
2013-04-16,LFIN.N0000,16.5,16.5,16.5,16.5,24000
2013-04-17,LFIN.N0000,16.387501,16.875,16.375,16.387501,16016
2013-04-18,LFIN.N0000,16.3125,16.799999,16.25,16.3125,21288
2013-04-19,LFIN.N0000,16.25,16.375,16.25,16.25,8288
2013-04-22,LFIN.N0000,16.25,16.25,16.25,16.25,1216
2013-04-23,LFIN.N0000,16.2125,16.237499,16.1875,16.2125,5048
2013-04-24,LFIN.N0000,16.625,16.625,16.625,16.625,8
2013-04-26,LFIN.N0000,16.237499,16.5875,16.1875,16.237499,12256
2013-04-29,LFIN.N0000,15.975,16.137501,15.9375,15.975,45208
2013-04-30,LFIN.N0000,15.7875,15.9375,15.75,15.7875,59384
2013-05-02,LFIN.N0000,16.0875,16.737499,15.8125,16.0875,227640
2013-05-03,LFIN.N0000,16.262501,16.5,16.25,16.262501,25936
2013-05-06,LFIN.N0000,16.225,16.5625,16.15,16.225,598000
2013-05-07,LFIN.N0000,16.9375,17.0625,16.125,16.9375,2695336
2013-05-08,LFIN.N0000,17.15,17.299999,16.637501,17.15,221352
2013-05-09,LFIN.N0000,17.225,17.5,17.125,17.225,193608
2013-05-10,LFIN.N0000,17.362499,17.5,17.362499,17.362499,187960
2013-05-13,LFIN.N0000,16.875,17.1,16.825001,16.875,149208
2013-05-14,LFIN.N0000,16.8125,16.9375,16.8125,16.8125,880
2013-05-15,LFIN.N0000,16.3125,16.5625,16.25,16.3125,56000
2013-05-16,LFIN.N0000,16.625,16.625,16.625,16.625,64000
2013-05-17,LFIN.N0000,16.5875,16.625,16.262501,16.5875,51080
2013-05-20,LFIN.N0000,15.9375,16.5,15.9375,15.9375,187864
2013-05-21,LFIN.N0000,15.875,16.112499,15.875,15.875,57360
2013-05-22,LFIN.N0000,16.012501,16.112499,15.875,16.012501,114040
2013-05-23,LFIN.N0000,16.0875,16.25,16.012501,16.0875,6544
2013-05-27,LFIN.N0000,16.112499,16.262501,16.075001,16.112499,101064
2013-05-28,LFIN.N0000,16.174999,16.25,16,16.174999,22456
2013-05-29,LFIN.N0000,16.137501,16.25,16,16.137501,33624
2013-05-30,LFIN.N0000,16.237499,16.25,15.975,16.237499,162760
2013-05-31,LFIN.N0000,16.237499,16.237499,16.237499,16.237499,36008
2013-06-03,LFIN.N0000,16.799999,16.987499,16.25,16.799999,205728
2013-06-04,LFIN.N0000,16.450001,16.8375,16.375,16.450001,26696
2013-06-05,LFIN.N0000,16.737499,16.737499,16.4375,16.737499,26424
2013-06-06,LFIN.N0000,16.5625,16.6875,16.5,16.5625,51968
2013-06-07,LFIN.N0000,16.5625,16.674999,16.5,16.5625,196232
2013-06-10,LFIN.N0000,16.5,16.6875,16.4,16.5,149088
2013-06-11,LFIN.N0000,16.25,16.4,16.237499,16.25,239048
2013-06-12,LFIN.N0000,16.65,16.875,16,16.65,874664
2013-06-13,LFIN.N0000,16.4375,16.987499,16.2875,16.4375,216608
2013-06-14,LFIN.N0000,16.85,16.85,16.85,16.85,1600
2013-06-17,LFIN.N0000,16.5,16.75,16.5,16.5,34400
2013-06-18,LFIN.N0000,16.3125,16.6875,16.25,16.3125,36200
2013-06-19,LFIN.N0000,16.275,16.6875,16.25,16.275,20640
2013-06-20,LFIN.N0000,16.725,16.75,16.3125,16.725,22336
2013-06-21,LFIN.N0000,16,16.737499,16,16,80528
2013-06-24,LFIN.N0000,15.6875,16.237499,15.625,15.6875,153088
2013-06-25,LFIN.N0000,15.875,16.125,15.7,15.875,311104
2013-06-26,LFIN.N0000,15.8,16,15.7625,15.8,49008
2013-06-27,LFIN.N0000,15.9,16,15.875,15.9,26416
2013-06-28,LFIN.N0000,15.8875,15.925,15.875,15.8875,169656
2013-07-01,LFIN.N0000,15.375,15.6875,15.35,15.375,31840
2013-07-02,LFIN.N0000,15.875,15.9375,15.1,15.875,151600
2013-07-03,LFIN.N0000,15.8,16,15.625,15.8,67616
2013-07-04,LFIN.N0000,15.75,16.25,15.75,15.75,1488472
2013-07-05,LFIN.N0000,15.75,16.15,15.75,15.75,4008
2013-07-08,LFIN.N0000,15.75,15.8125,15.625,15.75,27760
2013-07-09,LFIN.N0000,15.8125,15.8125,15.8125,15.8125,3200
2013-07-10,LFIN.N0000,15.5,15.5,15.5,15.5,2440
2013-07-11,LFIN.N0000,15.4375,15.75,15.425,15.4375,67472
2013-07-12,LFIN.N0000,15.55,15.75,15.425,15.55,41448
2013-07-15,LFIN.N0000,15.2625,15.625,15.25,15.2625,7128
2013-07-16,LFIN.N0000,15.0625,15.25,15.025,15.0625,20800
2013-07-17,LFIN.N0000,15.4375,15.6,15.25,15.4375,3640
2013-07-18,LFIN.N0000,15.1375,15.1375,15.1375,15.1375,3200
2013-07-19,LFIN.N0000,15.1125,15.25,15,15.1125,78928
2013-07-23,LFIN.N0000,15,15.2875,15,15,10400
2013-07-24,LFIN.N0000,15.0125,15.0125,15,15.0125,3200
2013-07-25,LFIN.N0000,14.975,15.125,14.8875,14.975,50224
2013-07-26,LFIN.N0000,14.6625,15.125,14.375,14.6625,44024
2013-07-29,LFIN.N0000,14.975,14.975,14.975,14.975,16
2013-07-30,LFIN.N0000,14.5375,14.875,14.525,14.5375,6568
2013-07-31,LFIN.N0000,14.4,14.625,14.375,14.4,37176
2013-08-01,LFIN.N0000,14.4625,14.5,14.35,14.4625,13600
2013-08-02,LFIN.N0000,14.5,14.625,14.5,14.5,608
2013-08-05,LFIN.N0000,14.375,14.5625,14.375,14.375,3920
2013-08-06,LFIN.N0000,14.375,14.5,14.35,14.375,25360
2013-08-07,LFIN.N0000,14.375,14.3875,14.3625,14.375,43840
2013-08-08,LFIN.N0000,14.2625,14.3625,14.25,14.2625,10568
2013-08-12,LFIN.N0000,14.25,14.25,14.2125,14.25,6408
2013-08-13,LFIN.N0000,14.2125,14.3625,14.2125,14.2125,352
2013-08-14,LFIN.N0000,14.125,14.2125,14.125,14.125,17944
2013-08-15,LFIN.N0000,14.1375,14.175,14.075,14.1375,184
2013-08-16,LFIN.N0000,14.175,14.175,14.0375,14.175,1120
2013-08-19,LFIN.N0000,14.0125,14.175,14,14.0125,488
2013-08-21,LFIN.N0000,13.75,14.1875,13.75,13.75,47032
2013-08-22,LFIN.N0000,13.125,13.75,13.125,13.125,45368
2013-08-23,LFIN.N0000,13.025,13.25,13.025,13.025,15416
2013-08-26,LFIN.N0000,13.4875,13.75,13,13.4875,12800
2013-08-27,LFIN.N0000,13.125,13.25,13.125,13.125,8000
2013-08-28,LFIN.N0000,13.175,14.1625,12.875,13.175,458200
2013-08-29,LFIN.N0000,13.7625,14.2125,13.1875,13.7625,316656
2013-08-30,LFIN.N0000,13.6,14.3625,13.4,13.6,1825776
2013-09-02,LFIN.N0000,14.2375,14.2375,14.2375,14.2375,8
2013-09-03,LFIN.N0000,13.425,13.5125,13.25,13.425,6488
2013-09-04,LFIN.N0000,13.225,13.2625,13.2125,13.225,6800
2013-09-05,LFIN.N0000,13.1375,13.6125,13.125,13.1375,18200
2013-09-06,LFIN.N0000,13.025,13.125,13,13.025,7496
2013-09-09,LFIN.N0000,12.875,12.8875,12.875,12.875,13120
2013-09-10,LFIN.N0000,12.8875,13.5,12.8875,12.8875,2928
2013-09-11,LFIN.N0000,13.125,13.125,13.1125,13.125,1000
2013-09-12,LFIN.N0000,13.1125,13.75,13.025,13.1125,35840
2013-09-13,LFIN.N0000,13.125,13.75,13.125,13.125,8024
2013-09-16,LFIN.N0000,13.125,13.1875,13.125,13.125,8008
2013-09-17,LFIN.N0000,13.125,13.125,13.125,13.125,152
2013-09-18,LFIN.N0000,12.9625,13.125,12.9375,12.9625,4360
2013-09-20,LFIN.N0000,13.5,13.75,13.5,13.5,93920
2013-09-23,LFIN.N0000,13.75,14,13.75,13.75,10616
2013-09-24,LFIN.N0000,13.125,13.125,13.125,13.125,6400
2013-09-25,LFIN.N0000,13.6375,13.7375,13.6,13.6375,5936
2013-09-26,LFIN.N0000,13.3125,13.375,13.3125,13.3125,25280
2013-09-27,LFIN.N0000,13.425,13.75,13.375,13.425,47216
2013-09-30,LFIN.N0000,13.7375,14.3,13.375,13.7375,155680
2013-10-01,LFIN.N0000,13.625,13.625,13.625,13.625,8088
2013-10-02,LFIN.N0000,13.7375,13.7375,13.7375,13.7375,40
2013-10-03,LFIN.N0000,13.25,13.6875,13.25,13.25,12152
2013-10-04,LFIN.N0000,13.25,13.25,13.25,13.25,1616
2013-10-07,LFIN.N0000,13.7125,13.75,13.625,13.7125,182032
2013-10-09,LFIN.N0000,13.3875,13.5625,13.2625,13.3875,168
2013-10-10,LFIN.N0000,13.3125,13.5625,13.3125,13.3125,41000
2013-10-11,LFIN.N0000,13.375,13.55,13.3125,13.375,28240
2013-10-14,LFIN.N0000,13.175,13.375,13.125,13.175,73432
2013-10-15,LFIN.N0000,13.5,13.5,13.5,13.5,2184
2013-10-17,LFIN.N0000,13.3125,13.3125,13.3125,13.3125,7920
2013-10-21,LFIN.N0000,13.125,13.5,13.025,13.125,27336
2013-10-22,LFIN.N0000,13.125,13.125,13.125,13.125,480
2013-10-23,LFIN.N0000,12.9125,13.375,12.75,12.9125,44960
2013-10-24,LFIN.N0000,13.1125,13.3125,12.775,13.1125,56288
2013-10-25,LFIN.N0000,13,13.125,12.875,13,46360
2013-10-28,LFIN.N0000,12.875,12.9,12.875,12.875,11832
2013-10-29,LFIN.N0000,13.125,13.125,12.9,13.125,8752
2013-10-30,LFIN.N0000,13.1125,13.125,13.1125,13.1125,88
2013-11-01,LFIN.N0000,13.0625,13.0625,12.8875,13.0625,4568
2013-11-04,LFIN.N0000,13.2375,13.7375,13.0625,13.2375,51152
2013-11-05,LFIN.N0000,13.1,13.1,13.1,13.1,80
2013-11-06,LFIN.N0000,13.0625,13.075,13.0625,13.0625,8000
2013-11-07,LFIN.N0000,12.875,13.0625,12.875,12.875,130048
2013-11-11,LFIN.N0000,12.875,12.875,12.875,12.875,1600
2013-11-12,LFIN.N0000,12.875,12.875,12.875,12.875,800
2013-11-13,LFIN.N0000,13.125,13.125,13.125,13.125,8
2013-11-14,LFIN.N0000,12.8625,12.875,12.825,12.8625,936
2013-11-18,LFIN.N0000,12.6375,12.7625,12.625,12.6375,101304
2013-11-20,LFIN.N0000,12.625,13,12.5875,12.625,1768
2013-11-21,LFIN.N0000,12.6375,12.6375,12.6375,12.6375,1789208
2013-11-22,LFIN.N0000,12.875,12.9375,12.875,12.875,400048
2013-11-25,LFIN.N0000,12.5125,12.65,12.5,12.5125,5440
2013-11-26,LFIN.N0000,12.399999,12.5,12.3875,12.399999,86168
2013-11-27,LFIN.N0000,12.274999,12.375,12.25,12.274999,5920
2013-11-28,LFIN.N0000,12.1875,12.25,12.125,12.1875,640
2013-11-29,LFIN.N0000,12.399999,12.399999,12.1875,12.399999,1352
2013-12-02,LFIN.N0000,12.375,12.375,12.175,12.375,984
2013-12-03,LFIN.N0000,12.6,12.625,12.25,12.6,208800
2013-12-05,LFIN.N0000,12.6,12.6,12.6,12.6,189488
2013-12-06,LFIN.N0000,12.1875,12.1875,12.1875,12.1875,8
2013-12-09,LFIN.N0000,12.5,12.5,12.5,12.5,8
2013-12-10,LFIN.N0000,12.1875,12.25,12.1875,12.1875,4080
2013-12-11,LFIN.N0000,12.1875,12.1875,12.1875,12.1875,14456
2013-12-12,LFIN.N0000,12.1875,12.1875,12.1875,12.1875,9664
2013-12-17,LFIN.N0000,12.1875,12.1875,12.1875,12.1875,8144
2013-12-18,LFIN.N0000,12.1875,12.1875,12.1875,12.1875,5360
2013-12-19,LFIN.N0000,12.4875,12.5,12.3625,12.4875,5064
2013-12-20,LFIN.N0000,12.75,12.75,12.4875,12.75,143200
2013-12-23,LFIN.N0000,12.625,12.625,12.625,12.625,32
2013-12-24,LFIN.N0000,12.75,12.75,12.5625,12.75,80
2013-12-26,LFIN.N0000,12.75,12.75,12.575,12.75,1216
2013-12-27,LFIN.N0000,12.5625,12.575,12.5625,12.5625,784
2013-12-30,LFIN.N0000,12.575,12.575,12.575,12.575,200
2013-12-31,LFIN.N0000,12.85,13.125,12.575,12.85,117944
2014-01-02,LFIN.N0000,13.1125,13.1125,13.075,13.1125,15856
2014-01-03,LFIN.N0000,13.125,13.125,13.125,13.125,8
2014-01-06,LFIN.N0000,12.75,12.875,12.75,12.75,14536
2014-01-07,LFIN.N0000,12.75,12.75,12.575,12.75,408
2014-01-08,LFIN.N0000,12.85,13.0125,12.5,12.85,79560
2014-01-09,LFIN.N0000,12.5625,13,12.5,12.5625,30536
2014-01-10,LFIN.N0000,12.85,12.9875,12.5125,12.85,82632
2014-01-13,LFIN.N0000,13.1875,13.6125,12.7375,13.1875,259280
2014-01-16,LFIN.N0000,13.4875,13.6875,13.4875,13.4875,25600
2014-01-17,LFIN.N0000,13.3625,13.5,13.125,13.3625,31496
2014-01-20,LFIN.N0000,12.9375,12.9375,12.9375,12.9375,8
2014-01-21,LFIN.N0000,13,13.35,12.95,13,26576
2014-01-22,LFIN.N0000,12.8125,13.1125,12.75,12.8125,114280
2014-01-23,LFIN.N0000,13.1,13.125,12.75,13.1,110120
2014-01-24,LFIN.N0000,12.85,13,12.8125,12.85,8560
2014-01-27,LFIN.N0000,12.75,12.8125,12.625,12.75,17040
2014-01-28,LFIN.N0000,12.625,12.75,12.6,12.625,64176
2014-01-29,LFIN.N0000,12.7375,12.8625,12.5,12.7375,70008
2014-01-30,LFIN.N0000,12.625,12.875,12.625,12.625,21400
2014-01-31,LFIN.N0000,12.8125,13,12.625,12.8125,95472
2014-02-03,LFIN.N0000,12.625,12.75,12.625,12.625,1048
2014-02-05,LFIN.N0000,12.625,12.625,12.5625,12.625,8224
2014-02-06,LFIN.N0000,12.525,12.75,12.5125,12.525,64976
2014-02-10,LFIN.N0000,12.5,12.625,12.5,12.5,69944
2014-02-11,LFIN.N0000,12.4875,12.4875,12.4875,12.4875,1520
2014-02-12,LFIN.N0000,12.375,12.399999,12.375,12.375,1392
2014-02-13,LFIN.N0000,12.375,12.375,12.375,12.375,80
2014-02-17,LFIN.N0000,12.287501,12.3125,12.25,12.287501,38792
2014-02-18,LFIN.N0000,12.125,12.25,12.125,12.125,11848
2014-02-19,LFIN.N0000,12.3,12.3,12.3,12.3,800
2014-02-20,LFIN.N0000,12.375,12.5,12.075,12.375,179152
2014-02-21,LFIN.N0000,12.149999,12.25,12.1375,12.149999,81136
2014-02-24,LFIN.N0000,12.1375,12.1375,12.1375,12.1375,80
2014-02-25,LFIN.N0000,12.024999,12.149999,12,12.024999,10824
2014-02-26,LFIN.N0000,12.125,12.125,12.0125,12.125,8520
2014-02-28,LFIN.N0000,12.2375,12.25,12.125,12.2375,44288
2014-03-04,LFIN.N0000,12.3125,12.3125,12.3125,12.3125,800
2014-03-05,LFIN.N0000,12.45,12.5,12.3625,12.45,41112
2014-03-06,LFIN.N0000,12.5,12.5,12.3125,12.5,80200
2014-03-07,LFIN.N0000,12.6875,12.875,12.5,12.6875,47936
2014-03-10,LFIN.N0000,12.55,12.5625,12.5375,12.55,8000
2014-03-11,LFIN.N0000,12.375,12.5375,12.375,12.375,52000
2014-03-12,LFIN.N0000,12.6125,12.625,12.5,12.6125,111208
2014-03-13,LFIN.N0000,12.625,12.625,12.625,12.625,9992
2014-03-14,LFIN.N0000,12.5,12.625,12.5,12.5,137344
2014-03-17,LFIN.N0000,12.5,12.625,12.5,12.5,66104
2014-03-18,LFIN.N0000,12.6125,12.625,12.5,12.6125,49496
2014-03-19,LFIN.N0000,12.6,12.625,12.5625,12.6,24000
2014-03-20,LFIN.N0000,12.8625,13.125,12.55,12.8625,32088
2014-03-21,LFIN.N0000,12.55,12.6375,12.5375,12.55,96224
2014-03-24,LFIN.N0000,12.5,12.5625,12.5,12.5,14440
2014-03-25,LFIN.N0000,12.625,12.65,12.5,12.625,525200
2014-03-26,LFIN.N0000,12.625,12.6375,12.625,12.625,17240
2014-03-27,LFIN.N0000,12.625,12.625,12.5,12.625,21680
2014-03-28,LFIN.N0000,12.6,12.625,12.5625,12.6,1440
2014-03-31,LFIN.N0000,12.5125,12.6,12.5125,12.5125,27528
2014-04-02,LFIN.N0000,12.6375,12.7375,12.625,12.6375,33512
2014-04-03,LFIN.N0000,12.625,12.8125,12.6125,12.625,96400
2014-04-04,LFIN.N0000,12.625,12.75,12.5625,12.625,63840
2014-04-07,LFIN.N0000,12.6875,12.95,12.6625,12.6875,6304
2014-04-08,LFIN.N0000,12.9375,12.975,12.6875,12.9375,5800
2014-04-09,LFIN.N0000,13.125,13.2375,13,13.125,40024
2014-04-10,LFIN.N0000,13.2375,13.2375,13.2375,13.2375,32
2014-04-11,LFIN.N0000,13.2375,13.25,13,13.2375,4208
2014-04-16,LFIN.N0000,13.3625,13.4875,13.25,13.3625,130264
2014-04-17,LFIN.N0000,13.7375,14.0625,13.1375,13.7375,97208
2014-04-21,LFIN.N0000,13.6625,13.8125,13.625,13.6625,59208
2014-04-22,LFIN.N0000,13.7875,14.1875,13.625,13.7875,152984
2014-04-23,LFIN.N0000,13.75,13.75,13.5625,13.75,2408
2014-04-24,LFIN.N0000,13.6875,13.75,13.275,13.6875,16000
2014-04-25,LFIN.N0000,13.75,13.75,13.625,13.75,24440
2014-04-28,LFIN.N0000,13.7625,13.7625,13.6875,13.7625,6344
2014-04-29,LFIN.N0000,14.375,14.5,13.7875,14.375,273600
2014-04-30,LFIN.N0000,14.375,14.4375,14.375,14.375,48136
2014-05-02,LFIN.N0000,14.375,14.5,14.25,14.375,102992
2014-05-05,LFIN.N0000,14.55,14.725,14.4125,14.55,4480
2014-05-06,LFIN.N0000,14.4375,14.6875,14.0875,14.4375,56688
2014-05-07,LFIN.N0000,14.575,14.625,14.4375,14.575,33208
2014-05-08,LFIN.N0000,14.7125,14.8125,14.5,14.7125,135784
2014-05-09,LFIN.N0000,14.8125,14.875,14.6125,14.8125,204816
2014-05-12,LFIN.N0000,14.4875,14.8625,14.475,14.4875,4952
2014-05-13,LFIN.N0000,14.4625,14.5,14.4625,14.4625,71200
2014-05-16,LFIN.N0000,14.475,14.75,14.375,14.475,320
2014-05-19,LFIN.N0000,14.375,14.375,14.375,14.375,27840
2014-05-20,LFIN.N0000,14.375,14.7,14.35,14.375,510424
2014-05-21,LFIN.N0000,14.1875,14.2,14.175,14.1875,48400
2014-05-22,LFIN.N0000,14.2,14.375,14.1875,14.2,10808
2014-05-23,LFIN.N0000,14.375,14.375,14.2,14.375,4848
2014-05-26,LFIN.N0000,14.4875,14.625,14.375,14.4875,22256
2014-05-27,LFIN.N0000,14.5,14.8625,14.35,14.5,147904
2014-05-28,LFIN.N0000,14.375,14.375,14.375,14.375,4000
2014-05-29,LFIN.N0000,14.375,14.5,14.375,14.375,61992
2014-05-30,LFIN.N0000,14.5,14.5,14.375,14.5,51552
2014-06-02,LFIN.N0000,14.5125,14.6875,14.45,14.5125,176016
2014-06-03,LFIN.N0000,14.675,15,14.5125,14.675,86312
2014-06-04,LFIN.N0000,14.9875,15,14.75,14.9875,356120
2014-06-05,LFIN.N0000,14.9,15,14.9,14.9,5088
2014-06-06,LFIN.N0000,14.875,14.975,14.875,14.875,12200
2014-06-09,LFIN.N0000,14.8125,14.925,14.8125,14.8125,80848
2014-06-10,LFIN.N0000,14.8625,14.8625,14.75,14.8625,42760
2014-06-11,LFIN.N0000,14.875,14.875,14.75,14.875,17928
2014-06-13,LFIN.N0000,14.8875,14.9625,14.875,14.8875,26288
2014-06-16,LFIN.N0000,14.8875,14.9375,14.875,14.8875,35192
2014-06-17,LFIN.N0000,14.75,14.8875,14.75,14.75,78776
2014-06-18,LFIN.N0000,14.8625,14.875,14.8625,14.8625,8008
2014-06-19,LFIN.N0000,14.9875,15,14.875,14.9875,60832
2014-06-20,LFIN.N0000,14.8875,15.125,14.875,14.8875,63736
2014-06-23,LFIN.N0000,15.5875,15.625,15,15.5875,600320
2014-06-24,LFIN.N0000,15.375,15.5,15.375,15.375,2048
2014-06-25,LFIN.N0000,15.3875,15.475,15.375,15.3875,11240
2014-06-26,LFIN.N0000,15.3875,15.4875,15.375,15.3875,73664
2014-06-27,LFIN.N0000,16,16.237499,15.3875,16,281360
2014-06-30,LFIN.N0000,16.075001,16.25,15.875,16.075001,612608
2014-07-01,LFIN.N0000,15.475,15.75,15.225,15.475,53960
2014-07-02,LFIN.N0000,15.7875,15.8125,15.2125,15.7875,43960
2014-07-03,LFIN.N0000,15.625,15.75,15.625,15.625,43072
2014-07-04,LFIN.N0000,15.5,15.625,15.5,15.5,9600
2014-07-07,LFIN.N0000,15.75,15.75,15.5,15.75,47736
2014-07-08,LFIN.N0000,15.8625,15.8625,15.75,15.8625,5896
2014-07-09,LFIN.N0000,15.75,15.875,15.75,15.75,34440
2014-07-10,LFIN.N0000,16.2875,16.5,15.75,16.2875,99432
2014-07-11,LFIN.N0000,16.4375,16.5,16.125,16.4375,56136
2014-07-14,LFIN.N0000,16.137501,16.25,15.875,16.137501,237664
2014-07-15,LFIN.N0000,16.7875,16.9375,16.25,16.7875,284936
2014-07-16,LFIN.N0000,17.8375,18.375,16.8125,17.8375,732200
2014-07-17,LFIN.N0000,17.8375,18.737499,17.575001,17.8375,274040
2014-07-18,LFIN.N0000,18.0875,18.125,17.5375,18.0875,33168
2014-07-21,LFIN.N0000,18.75,18.75,18.125,18.75,650776
2014-07-22,LFIN.N0000,19.325001,19.375,18.625,19.325001,135016
2014-07-23,LFIN.N0000,19.3375,19.862499,19.25,19.3375,126072
2014-07-24,LFIN.N0000,19.112499,19.3125,18.375,19.112499,13672
2014-07-25,LFIN.N0000,18.725,19.3125,18.5,18.725,110856
2014-07-28,LFIN.N0000,18.5625,18.75,18.512501,18.5625,44000
2014-07-30,LFIN.N0000,18.75,18.75,18.5,18.75,27832
2014-07-31,LFIN.N0000,18.75,18.75,18.75,18.75,652968
2014-08-01,LFIN.N0000,18.625,18.875,18.625,18.625,9496
2014-08-04,LFIN.N0000,18.5875,18.8125,18.5,18.5875,944000
2014-08-05,LFIN.N0000,19.275,19.375,18.75,19.275,18688
2014-08-06,LFIN.N0000,18.9125,19.375,18.75,18.9125,31056
2014-08-07,LFIN.N0000,19.25,19.375,19.25,19.25,6640
2014-08-08,LFIN.N0000,19.6,19.975,18.887501,19.6,208512
2014-08-11,LFIN.N0000,20,20,19.625,20,101744
2014-08-12,LFIN.N0000,19.75,20.5,19.375,19.75,33896
2014-08-13,LFIN.N0000,19.987499,20,19.75,19.987499,1376
2014-08-14,LFIN.N0000,19.799999,20,19.75,19.799999,76960
2014-08-15,LFIN.N0000,19.5,19.775,19.5,19.5,9600
2014-08-18,LFIN.N0000,20,20.25,19.75,20,2180656
2014-08-19,LFIN.N0000,19.512501,20.0875,19.512501,19.512501,26896
2014-08-20,LFIN.N0000,20,20,19.512501,20,29672
2014-08-21,LFIN.N0000,19.987499,20,19.75,19.987499,200176
2014-08-22,LFIN.N0000,19.875,20,19.875,19.875,4720
2014-08-25,LFIN.N0000,19.825001,19.875,19.75,19.825001,14176
2014-08-26,LFIN.N0000,19.924999,20,19.375,19.924999,144152
2014-08-27,LFIN.N0000,19.8125,19.987499,19.8125,19.8125,12992
2014-08-28,LFIN.N0000,19.825001,19.825001,19.825001,19.825001,80
2014-08-29,LFIN.N0000,19.862499,19.862499,19.0625,19.862499,8776
2014-09-01,LFIN.N0000,19.8125,19.862499,19.8125,19.8125,1240
2014-09-02,LFIN.N0000,21.225,21.25,19.85,21.225,1441504
2014-09-03,LFIN.N0000,21.25,21.862499,20.75,21.25,74912
2014-09-04,LFIN.N0000,21.25,21.700001,21.125,21.25,63536
2014-09-05,LFIN.N0000,21.25,21.700001,20.75,21.25,78920
2014-09-09,LFIN.N0000,20.887501,21.700001,20.875,20.887501,148392
2014-09-10,LFIN.N0000,20.75,21.25,20.75,20.75,46464
2014-09-11,LFIN.N0000,21.674999,22.1875,21.25,21.674999,67600
2014-09-12,LFIN.N0000,21.25,21.75,21.25,21.25,120880
2014-09-15,LFIN.N0000,21.25,21.25,21.25,21.25,4000
2014-09-16,LFIN.N0000,21.25,21.875,21.125,21.25,98360
2014-09-17,LFIN.N0000,21.625,21.85,21,21.625,44352
2014-09-18,LFIN.N0000,21.25,21.625,21,21.25,24160
2014-09-19,LFIN.N0000,20.924999,21.5,20,20.924999,11360
2014-09-22,LFIN.N0000,21,21.25,21,21,47352
2014-09-23,LFIN.N0000,21.137501,21.25,20.75,21.137501,171184
2014-09-24,LFIN.N0000,21.25,21.25,20.75,21.25,4356296
2014-09-25,LFIN.N0000,21.25,22.5,21.125,21.25,5518552
2014-09-26,LFIN.N0000,21.5,22.475,21.5,21.5,31648
2014-09-29,LFIN.N0000,21.8125,22.375,20.762501,21.8125,97648
2014-09-30,LFIN.N0000,21.625,22.25,20.775,21.625,7208
2014-10-01,LFIN.N0000,21.875,21.875,21.875,21.875,256
2014-10-02,LFIN.N0000,21.674999,21.875,21.25,21.674999,185920
2014-10-03,LFIN.N0000,21.25,21.375,21.25,21.25,167504
2014-10-07,LFIN.N0000,21.700001,21.737499,20.887501,21.700001,14112
2014-10-09,LFIN.N0000,21.6875,21.725,21.012501,21.6875,8376
2014-10-13,LFIN.N0000,20.875,21.025,20.75,20.875,14176
2014-10-14,LFIN.N0000,20.9375,21.25,20.549999,20.9375,52024
2014-10-15,LFIN.N0000,21.25,21.25,21.049999,21.25,81600
2014-10-16,LFIN.N0000,21.0625,21.125,21.0625,21.0625,3360
2014-10-17,LFIN.N0000,20.700001,20.762501,20.625,20.700001,20832
2014-10-20,LFIN.N0000,20.0375,20.5,20,20.0375,143200
2014-10-21,LFIN.N0000,20.487499,20.487499,20,20.487499,976
2014-10-23,LFIN.N0000,20.9375,20.9375,20.5625,20.9375,58440
2014-10-24,LFIN.N0000,20.1875,20.9375,20.1875,20.1875,808
2014-10-27,LFIN.N0000,20.225,20.225,20.225,20.225,3784
2014-10-28,LFIN.N0000,20.0875,20.1875,20,20.0875,43136
2014-10-29,LFIN.N0000,20.625,20.625,20,20.625,20784
2014-10-30,LFIN.N0000,20.5625,20.575001,20.5625,20.5625,2840
2014-10-31,LFIN.N0000,20.15,20.5625,20.125,20.15,23336
2014-11-03,LFIN.N0000,20.887501,21.237499,20.275,20.887501,161160
2014-11-04,LFIN.N0000,21,21,21,21,52000
2014-11-05,LFIN.N0000,21,21,20.125,21,24032
2014-11-07,LFIN.N0000,21.075001,21.075001,21.075001,21.075001,968
2014-11-10,LFIN.N0000,20.549999,20.862499,20.25,20.549999,5240
2014-11-11,LFIN.N0000,20.625,20.875,20.625,20.625,11696
2014-11-12,LFIN.N0000,21.9375,22.612499,21.012501,21.9375,434200
2014-11-13,LFIN.N0000,22.125,22.125,21.625,22.125,220328
2014-11-14,LFIN.N0000,22.1625,22.25,21.75,22.1625,87048
2014-11-17,LFIN.N0000,22.487499,22.875,21.75,22.487499,25688
2014-11-18,LFIN.N0000,21.8125,21.8125,21.762501,21.8125,7248
2014-11-19,LFIN.N0000,21.625,21.875,21.625,21.625,3048
2014-11-20,LFIN.N0000,21.875,21.875,21.75,21.875,16792
2014-11-21,LFIN.N0000,21.0625,21.5,20.15,21.0625,52928
2014-11-24,LFIN.N0000,20.25,20.9375,19.262501,20.25,67992
2014-11-25,LFIN.N0000,20.25,20.75,20.25,20.25,8496
2014-11-26,LFIN.N0000,19.85,20.3125,19.75,19.85,20136
2014-11-27,LFIN.N0000,19.275,19.762501,18.950001,19.275,112032
2014-11-28,LFIN.N0000,19.4125,20.612499,19.375,19.4125,33552
2014-12-01,LFIN.N0000,20.0875,20.5,19.875,20.0875,25992
2014-12-02,LFIN.N0000,20,20.049999,20,20,16048
2014-12-03,LFIN.N0000,21.2125,21.237499,20.625,21.2125,44592
2014-12-04,LFIN.N0000,20.5,20.612499,20.5,20.5,1504
2014-12-05,LFIN.N0000,19.75,20.450001,19.75,19.75,31816
2014-12-08,LFIN.N0000,20,20,19.875,20,4800
2014-12-09,LFIN.N0000,19.887501,20.375,19.637501,19.887501,24680
2014-12-10,LFIN.N0000,20.375,20.375,20.375,20.375,8
2014-12-11,LFIN.N0000,19.775,20.375,19.6625,19.775,80776
2014-12-12,LFIN.N0000,19.875,19.875,19.875,19.875,2400
2014-12-15,LFIN.N0000,20,20,19.875,20,13728
2014-12-16,LFIN.N0000,20.75,20.75,20.75,20.75,8
2014-12-17,LFIN.N0000,19.875,20,19.875,19.875,18640
2014-12-22,LFIN.N0000,20.75,20.75,20,20.75,40712
2014-12-23,LFIN.N0000,20.75,20.75,20.625,20.75,8024
2014-12-24,LFIN.N0000,20.700001,20.8125,20.700001,20.700001,264
2014-12-29,LFIN.N0000,20.6875,20.6875,20.625,20.6875,5688
2014-12-31,LFIN.N0000,20.75,20.75,20.75,20.75,2160
2015-01-02,LFIN.N0000,20.762501,20.762501,20.75,20.762501,34400
2015-01-06,LFIN.N0000,21.5,21.5,20.75,21.5,16784
2015-01-07,LFIN.N0000,21.625,21.625,21.375,21.625,137424
2015-01-08,LFIN.N0000,21.7125,21.799999,21.625,21.7125,9600
2015-01-09,LFIN.N0000,21.875,22.125,21.737499,21.875,61224
2015-01-12,LFIN.N0000,21.875,21.875,21.875,21.875,8
2015-01-13,LFIN.N0000,21.25,21.25,20.875,21.25,9608
2015-01-16,LFIN.N0000,20.875,20.887501,20.875,20.875,800
2015-01-19,LFIN.N0000,20.487499,20.875,20.375,20.487499,9384
2015-01-20,LFIN.N0000,20.375,20.375,20.375,20.375,22360
2015-01-21,LFIN.N0000,20.375,20.375,20.375,20.375,8000
2015-01-22,LFIN.N0000,20.25,20.25,20.25,20.25,800
2015-01-23,LFIN.N0000,20.25,20.25,20.25,20.25,800
2015-01-26,LFIN.N0000,20.75,21.012501,20.4125,21,235616
2015-01-27,LFIN.N0000,21,21.25,21,21.25,143328
2015-01-28,LFIN.N0000,21.275,21.487499,21.25,21.487499,26488
2015-01-29,LFIN.N0000,21.262501,21.262501,21,21.25,233864
2015-01-30,LFIN.N0000,20.5,20.85,20.5,20.85,17600
2015-02-02,LFIN.N0000,20.525,20.525,20,20,108312
2015-02-05,LFIN.N0000,20.475,21.25,19.875,20,86488
2015-02-06,LFIN.N0000,20.5,20.5,20,20,25360
2015-02-09,LFIN.N0000,20.5,20.625,20.5,20.625,504
2015-02-10,LFIN.N0000,20.625,20.625,20.0625,20.0625,12000
2015-02-11,LFIN.N0000,20.5,20.5,20.012501,20.5,97296
2015-02-12,LFIN.N0000,20.15,20.25,20.137501,20.137501,39640
2015-02-13,LFIN.N0000,20.25,20.625,20.1875,20.1875,13720
2015-02-16,LFIN.N0000,20.25,20.5625,20.25,20.5625,119792
2015-02-18,LFIN.N0000,20.5625,20.625,20.5,20.5,44776
2015-02-19,LFIN.N0000,20.637501,21.25,20.637501,20.775,21272
2015-02-23,LFIN.N0000,21,21,21,21,16
2015-02-24,LFIN.N0000,21,21,20.625,20.625,288
2015-02-26,LFIN.N0000,20.512501,20.9625,20.5,20.9625,120400
2015-03-02,LFIN.N0000,20.387501,20.387501,20.387501,20.387501,15280
2015-03-03,LFIN.N0000,20.512501,20.525,20.375,20.375,36560
2015-03-06,LFIN.N0000,20.5,20.5,20.125,20.125,5200
2015-03-10,LFIN.N0000,20.25,20.25,20.012501,20.125,87480
2015-03-11,LFIN.N0000,20.125,20.125,20.125,20.125,4840
2015-03-12,LFIN.N0000,20.125,20.125,20,20,88176
2015-03-13,LFIN.N0000,20,20.200001,19.875,19.9,10120
2015-03-16,LFIN.N0000,19.762501,19.762501,19.762501,19.762501,7264
2015-03-17,LFIN.N0000,20.075001,20.125,20,20,45680
2015-03-18,LFIN.N0000,19.875,19.875,19.875,19.875,16
2015-03-19,LFIN.N0000,19.875,20,19.875,19.875,40840
2015-03-20,LFIN.N0000,19.625,19.862499,18.887501,19.200001,115216
2015-03-23,LFIN.N0000,19.862499,19.862499,19.75,19.75,21280
2015-03-24,LFIN.N0000,19.625,19.625,19.3125,19.375,11600
2015-03-26,LFIN.N0000,19.25,19.375,19.25,19.375,104960
2015-03-30,LFIN.N0000,19.375,19.375,18.75,18.75,51848
2015-03-31,LFIN.N0000,18.7125,19.25,18.7125,18.762501,119792
2015-04-01,LFIN.N0000,18.7875,19.375,18.7875,19.375,2936
2015-04-02,LFIN.N0000,19.375,20.862499,19.375,19.424999,10024
2015-04-06,LFIN.N0000,19.4375,19.4375,19.375,19.375,12840
2015-04-08,LFIN.N0000,19.625,19.625,19.375,19.375,104
2015-04-10,LFIN.N0000,19.375,19.625,19.375,19.625,2440
2015-04-15,LFIN.N0000,19.625,19.625,19.387501,19.4,5592
2015-04-16,LFIN.N0000,20.549999,20.75,20.375,20.75,356648
2015-04-17,LFIN.N0000,20.75,20.75,20.137501,20.625,350800
2015-04-20,LFIN.N0000,20.1875,20.625,20,20.625,2456
2015-04-23,LFIN.N0000,20.625,21.125,20.625,21.0375,287256
2015-04-24,LFIN.N0000,21.125,21.875,21.125,21.25,173208
2015-04-27,LFIN.N0000,21.875,21.875,21.3125,21.65,491976
2015-04-29,LFIN.N0000,21.799999,21.875,21.75,21.875,420520
2015-04-30,LFIN.N0000,21.75,21.862499,21.5,21.862499,89768
2015-05-05,LFIN.N0000,21.9375,21.9375,21.875,21.887501,76448
2015-05-06,LFIN.N0000,21.875,21.875,21.762501,21.875,84040
2015-05-07,LFIN.N0000,21.875,22,21.875,22,334832
2015-05-08,LFIN.N0000,21.887501,21.887501,21.75,21.875,113976
2015-05-11,LFIN.N0000,21.6875,21.9375,21.6875,21.9375,8160
2015-05-12,LFIN.N0000,22.3125,23.0375,22.3125,22.75,521408
2015-05-13,LFIN.N0000,22.987499,22.987499,22.7125,22.75,101680
2015-05-14,LFIN.N0000,22.9375,23.125,22.8125,22.9,53856
2015-05-15,LFIN.N0000,23.1875,23.737499,23.125,23.375,271448
2015-05-18,LFIN.N0000,23.25,23.25,23,23.237499,138648
2015-05-19,LFIN.N0000,23.237499,23.237499,23.237499,23.237499,3240
2015-05-20,LFIN.N0000,23.475,26.0625,23.475,24.875,1804800
2015-05-21,LFIN.N0000,25,25.5,25,25.25,1041312
2015-05-22,LFIN.N0000,26,26.85,25.75,26,476560
2015-05-25,LFIN.N0000,26.1625,26.625,26.012501,26.012501,149552
2015-05-26,LFIN.N0000,26.012501,26.25,25.9375,25.9375,38216
2015-05-27,LFIN.N0000,26.0375,26.237499,26,26.125,55768
2015-05-28,LFIN.N0000,26.0625,26.125,25.875,25.875,69056
2015-05-29,LFIN.N0000,25.875,26,25.375,25.375,189264
2015-06-01,LFIN.N0000,25.6875,25.825001,25.625,25.825001,17160
2015-06-03,LFIN.N0000,25.625,25.700001,24.387501,24.387501,189136
2015-06-04,LFIN.N0000,25.25,25.25,25.25,25.25,18728
2015-06-05,LFIN.N0000,25.262501,25.5,25.25,25.5,120360
2015-06-08,LFIN.N0000,25.375,25.5,25.375,25.5,78336
2015-06-09,LFIN.N0000,25.4375,25.4375,25.375,25.375,93856
2015-06-10,LFIN.N0000,25.3125,25.4375,25.3125,25.375,57528
2015-06-11,LFIN.N0000,25.387501,25.387501,25.375,25.375,64800
2015-06-12,LFIN.N0000,25.5,25.5625,25.375,25.5,172880
2015-06-15,LFIN.N0000,25.625,26.1875,25.5,25.9375,750688
2015-06-16,LFIN.N0000,26.25,26.75,26.1,26.75,1156432
2015-06-17,LFIN.N0000,26.8375,27.625,26.8375,27.625,788912
2015-06-18,LFIN.N0000,27.625,29.375,27.625,29,777168
2015-06-19,LFIN.N0000,29.375,29.875,29,29.125,351496
2015-06-22,LFIN.N0000,29.25,29.25,28.6875,28.75,128400
2015-06-23,LFIN.N0000,28.987499,28.987499,28.625,28.625,69832
2015-06-24,LFIN.N0000,28.75,29,28.75,29,76680
2015-06-25,LFIN.N0000,29.25,29.75,28.75,29.75,399656
2015-06-26,LFIN.N0000,29.737499,29.75,29.512501,29.625,106712
2015-06-29,LFIN.N0000,29.75,29.75,29.0875,29.725,45488
2015-06-30,LFIN.N0000,29.737499,29.75,29.5,29.75,338136
2015-07-02,LFIN.N0000,28.75,28.75,27.887501,28.0375,250072
2015-07-03,LFIN.N0000,28.125,28.875,28.125,28.875,195896
2015-07-06,LFIN.N0000,28.325001,29.25,28.325001,28.5,41400
2015-07-07,LFIN.N0000,29,29,28.5,28.6875,333504
2015-07-08,LFIN.N0000,28.625,28.737499,28.25,28.5,94648
2015-07-14,LFIN.N0000,29.25,29.25,27.5,28.625,840844
2015-07-15,LFIN.N0000,29,29,28.25,28.25,359768
2015-07-16,LFIN.N0000,28.725,29.1,28.65,28.85,114120
2015-07-17,LFIN.N0000,28.875,29,28.75,28.85,88188
2015-07-20,LFIN.N0000,28.8,28.925,28.5,28.75,95984
2015-07-21,LFIN.N0000,28.925,29.75,28.75,29.75,671256
2015-07-22,LFIN.N0000,29.725,30.225,29.725,30,518760
2015-07-23,LFIN.N0000,30.25,30.5,30,30.375,356920
2015-07-24,LFIN.N0000,30.25,30.975,30.25,30.7,456064
2015-07-27,LFIN.N0000,30.875,30.875,30.575,30.75,152180
2015-07-28,LFIN.N0000,30.85,30.875,30.525,30.525,248532
2015-07-29,LFIN.N0000,30.525,31,30.5,31,447404
2015-07-30,LFIN.N0000,31,31.125,31,31.125,267344
2015-08-03,LFIN.N0000,31.275,32.375,31.125,32.375,1104484
2015-08-04,LFIN.N0000,32.400003,33.474998,32.375,33.25,863288
2015-08-05,LFIN.N0000,33.625,33.625,33.25,33.25,751564
2015-08-06,LFIN.N0000,33.25,33.3,32.5,32.95,171772
2015-08-07,LFIN.N0000,32.8,33,32,32.525003,439340
2015-08-10,LFIN.N0000,32.525003,32.875,32,32.25,493416
2015-08-11,LFIN.N0000,32.25,33.974998,32.25,33.8,778188
2015-08-12,LFIN.N0000,34,34,33.5,33.625,289500
2015-08-13,LFIN.N0000,33.75,33.75,33,33,252704
2015-08-14,LFIN.N0000,33.375,33.375,33.025003,33.125,199796
2015-08-18,LFIN.N0000,33.375,33.724998,32.5,32.75,168056
2015-08-19,LFIN.N0000,33.7,33.7,32.5,32.5,213644
2015-08-20,LFIN.N0000,32.5,32.75,32.175,32.175,169796
2015-08-21,LFIN.N0000,32.5,32.5,32.175,32.45,101604
2015-08-24,LFIN.N0000,32.25,32.25,31.2,31.25,307188
2015-08-25,LFIN.N0000,31.5,31.5,30,30.875,34228
2015-08-26,LFIN.N0000,30.9,31.85,30.9,31.5,164112
2015-08-27,LFIN.N0000,31.625,32.25,31.625,32.125,150516
2015-08-28,LFIN.N0000,32.2,32.425,32,32.25,312164
2015-08-31,LFIN.N0000,32.474998,32.474998,31.975,32,46512
2015-09-01,LFIN.N0000,32.25,32.25,32.025003,32.125,33840
2015-09-02,LFIN.N0000,32.224998,32.224998,31.65,32,222932
2015-09-03,LFIN.N0000,32,32,31.775,31.775,288
2015-09-04,LFIN.N0000,31.875,31.875,31.5,31.75,43812
2015-09-07,LFIN.N0000,31.75,31.75,30.275,30.875,199568
2015-09-08,LFIN.N0000,30.5,30.75,30.5,30.525,32280
2015-09-09,LFIN.N0000,31,31.25,30.875,31.25,100488
2015-09-10,LFIN.N0000,31.275,31.275,31,31.125,34196
2015-09-11,LFIN.N0000,31.2,31.2,30.95,31,87660
2015-09-14,LFIN.N0000,31.25,31.25,30.95,30.975,33460
2015-09-15,LFIN.N0000,30.95,31,30.625,30.65,578120
2015-09-16,LFIN.N0000,30.75,30.75,30,30.275,313692
2015-09-17,LFIN.N0000,30.325,30.375,28.75,28.75,197804
2015-09-18,LFIN.N0000,29,30,28.75,30,173664
2015-09-21,LFIN.N0000,29.375,30.375,29.25,29.5,17684
2015-09-22,LFIN.N0000,29.5,30,29.325,30,147672
2015-09-23,LFIN.N0000,29.5,30,29.5,29.5,105228
2015-09-25,LFIN.N0000,29.5,30,29.5,29.5,22404
2015-09-28,LFIN.N0000,29.5,29.625,29.5,29.5,444
2015-09-29,LFIN.N0000,29.375,29.375,29.15,29.15,21276
2015-09-30,LFIN.N0000,29.275,29.275,28.75,28.75,29348
2015-10-01,LFIN.N0000,29.325,29.35,28.75,29.25,49368
2015-10-02,LFIN.N0000,29.25,30.65,29.25,30.25,288200
2015-10-05,LFIN.N0000,30.5,30.875,30.25,30.25,91544
2015-10-06,LFIN.N0000,30.275,30.725,29.625,29.9,19632
2015-10-07,LFIN.N0000,30,30,29.875,29.875,26496
2015-10-08,LFIN.N0000,29.875,30.125,29.1,29.6,85588
2015-10-09,LFIN.N0000,29.75,30.525,29.625,30.475,192600
2015-10-12,LFIN.N0000,29.75,30,29.75,30,65380
2015-10-13,LFIN.N0000,30.5,30.725,30.5,30.5,94836
2015-10-14,LFIN.N0000,30.525,31,30.375,30.725,166036
2015-10-15,LFIN.N0000,30.025,30.5,30,30,113892
2015-10-16,LFIN.N0000,29.775,30.225,29.775,30.025,14800
2015-10-19,LFIN.N0000,30.6,30.6,30,30.275,97548
2015-10-20,LFIN.N0000,30.125,32,30.125,31.75,784312
2015-10-21,LFIN.N0000,31.25,31.85,31.25,31.25,104584
2015-10-22,LFIN.N0000,31.625,31.75,31.3,31.5,248096
2015-10-23,LFIN.N0000,31.275,31.575,31,31.575,122084
2015-10-26,LFIN.N0000,31.5,31.5,31,31.125,22008
2015-10-28,LFIN.N0000,31.575,31.625,31,31,177200
2015-10-29,LFIN.N0000,31.25,31.25,30.775,31.05,43600
2015-10-30,LFIN.N0000,30.775,30.775,30.775,30.775,5472
2015-11-02,LFIN.N0000,31,31.25,30.65,30.65,39356
2015-11-04,LFIN.N0000,30.75,31,30.5,30.5,92628
2015-11-05,LFIN.N0000,30.75,30.75,30.5,30.75,4716
2015-11-06,LFIN.N0000,30.75,30.75,30.5,30.55,2028
2015-11-09,LFIN.N0000,30.625,30.625,30.5,30.5,3736
2015-11-11,LFIN.N0000,30.45,30.45,29.4,30,35128
2015-11-13,LFIN.N0000,29.875,29.975,29.5,29.5,129248
2015-11-17,LFIN.N0000,29.175,29.45,29.125,29.25,48372
2015-11-18,LFIN.N0000,29.9,29.9,29.375,29.875,152172
2015-11-19,LFIN.N0000,29.9,30.65,29.9,30.65,122648
2015-11-20,LFIN.N0000,30.625,30.625,30.25,30.5,25288
2015-11-23,LFIN.N0000,30.625,31.25,30.625,31.25,90756
2015-11-24,LFIN.N0000,31.25,31.25,30.75,30.75,82956
2015-11-26,LFIN.N0000,31,31.125,31,31,1580
2015-11-27,LFIN.N0000,30.75,30.75,30.55,30.625,44016
2015-11-30,LFIN.N0000,30.575,30.575,30.45,30.5,54440
2015-12-01,LFIN.N0000,30.625,30.75,30,30.625,4304
2015-12-02,LFIN.N0000,30.5,30.5,29.9,29.9,12400
2015-12-03,LFIN.N0000,30.625,30.625,29.75,30.375,11804
2015-12-04,LFIN.N0000,29.75,29.75,29.55,29.575,8884
2015-12-08,LFIN.N0000,29.525,29.75,29.5,29.525,70000
2015-12-10,LFIN.N0000,29.625,29.625,29.4,29.425,93664
2015-12-11,LFIN.N0000,29.5,29.5,29.425,29.5,14840
2015-12-14,LFIN.N0000,29.75,29.75,29.425,29.5,9232
2015-12-15,LFIN.N0000,29.5,29.55,29.5,29.525,43068
2015-12-16,LFIN.N0000,29.525,29.625,29.525,29.625,32800
2015-12-17,LFIN.N0000,29.875,29.975,29.625,29.65,45520
2015-12-18,LFIN.N0000,29.875,29.875,29.75,29.75,836
2015-12-21,LFIN.N0000,29.875,30,29.875,30,10004
2015-12-23,LFIN.N0000,29.875,30,29.875,30,2208
2015-12-28,LFIN.N0000,30,30,29.8,29.875,7664
2015-12-29,LFIN.N0000,30,30,29.825,29.925,10400
2015-12-30,LFIN.N0000,29.925,30,29.925,29.95,2496
2015-12-31,LFIN.N0000,29.825,30,29.825,29.825,3768
2016-01-04,LFIN.N0000,30.125,30.125,30.075,30.075,644
2016-01-05,LFIN.N0000,29.875,30,29.775,29.875,16192
2016-01-06,LFIN.N0000,29.875,29.875,29.525,29.75,5100
2016-01-07,LFIN.N0000,29.6,29.6,29.5,29.5,111396
2016-01-08,LFIN.N0000,29.475,29.475,29.025,29.125,58656
2016-01-11,LFIN.N0000,29.05,29.05,27.6,27.775,122340
2016-01-12,LFIN.N0000,27.75,28.125,26.5,26.5,176824
2016-01-13,LFIN.N0000,27,28.125,27,28.125,42840
2016-01-14,LFIN.N0000,27.8,27.8,26.75,27,291028
2016-01-18,LFIN.N0000,26.875,26.875,25.625,25.625,241088
2016-01-19,LFIN.N0000,25.5,25.75,25,25.75,234984
2016-01-20,LFIN.N0000,26.25,26.25,25.625,26,73220
2016-01-21,LFIN.N0000,26.225,27,26.225,27,49776
2016-01-22,LFIN.N0000,27,27.375,26.525,26.875,38040
2016-01-26,LFIN.N0000,27.5,28.425,27.25,27.25,130588
2016-01-27,LFIN.N0000,27.825,27.825,27.25,27.625,135104
2016-01-28,LFIN.N0000,27.75,27.9,27.3,27.4,9048
2016-01-29,LFIN.N0000,27.925,27.925,27.5,27.55,279428
2016-02-01,LFIN.N0000,28,28.2,27.625,28,63784
2016-02-02,LFIN.N0000,28.25,29.5,28.25,29.5,379808
2016-02-03,LFIN.N0000,29.25,29.375,29,29.375,34480
2016-02-05,LFIN.N0000,29.35,29.5,29.25,29.5,54612
2016-02-09,LFIN.N0000,29,29,28.5,28.925,14840
2016-02-10,LFIN.N0000,29,29,28.875,28.875,8
2016-02-12,LFIN.N0000,28.425,28.5,28.25,28.45,14100
2016-02-15,LFIN.N0000,28.25,28.25,27.875,28,122340
2016-02-17,LFIN.N0000,28.25,28.25,27.525,27.775,7276
2016-02-18,LFIN.N0000,27.525,27.525,27.525,27.525,800
2016-02-19,LFIN.N0000,28.175,28.25,27.375,28.225,54244
2016-02-23,LFIN.N0000,27.5,28.1,27.5,28.1,1756
2016-02-24,LFIN.N0000,28.125,28.125,27.5,27.5,66452
2016-02-25,LFIN.N0000,28.125,28.125,27.75,27.75,2732
2016-02-29,LFIN.N0000,28,28.125,28,28.125,18636
2016-03-02,LFIN.N0000,27.575,27.575,27.45,27.5,24884
2016-03-03,LFIN.N0000,26.275,27,25.825,25.825,78440
2016-03-04,LFIN.N0000,26.025,27,25.875,27,27356
2016-03-08,LFIN.N0000,26.025,26.025,25.025,25.025,540528
2016-03-09,LFIN.N0000,24.65,25.25,24.375,24.9,213892
2016-03-10,LFIN.N0000,25,25.5,25,25.5,34000
2016-03-11,LFIN.N0000,25.75,26.225,25.175,25.95,12096
2016-03-14,LFIN.N0000,25.5,25.75,25,25.5,66516
2016-03-15,LFIN.N0000,25.5,25.5,25.375,25.375,13380
2016-03-16,LFIN.N0000,25.75,26.25,25.75,25.75,9368
2016-03-17,LFIN.N0000,26.225,26.35,25.75,26.35,7104
2016-03-18,LFIN.N0000,26.35,26.35,25.525,26.25,1520
2016-03-21,LFIN.N0000,26.25,26.5,26,26.475,18464
2016-03-23,LFIN.N0000,26.475,26.475,26.475,26.475,880
2016-03-24,LFIN.N0000,26.5,27.25,26,26,225852
2016-03-28,LFIN.N0000,26.5,26.55,26.5,26.5,868
2016-03-29,LFIN.N0000,27.45,27.45,26.25,27,1344
2016-03-30,LFIN.N0000,26.25,27,26.25,26.5,14060
2016-03-31,LFIN.N0000,26.95,26.95,26.25,26.25,123824
2016-04-01,LFIN.N0000,26.5,27.25,26.275,27.25,12400
2016-04-04,LFIN.N0000,26.75,27.125,26.525,26.55,42872
2016-04-05,LFIN.N0000,27,27.225,26.625,27.225,16492
2016-04-06,LFIN.N0000,26.675,27.5,26.5,27.5,21588
2016-04-08,LFIN.N0000,28.2,28.75,28.2,28.725,77436
2016-04-11,LFIN.N0000,28.75,29.2,28,29.125,90940
2016-04-12,LFIN.N0000,29.25,29.925,29,29.725,103172
2016-04-15,LFIN.N0000,30,31.375,30,31.125,159788
2016-04-18,LFIN.N0000,31.125,31.25,30,31,1069840
2016-04-19,LFIN.N0000,31.2,31.25,30.975,31.125,404868
2016-04-20,LFIN.N0000,31.125,31.125,30.875,31,30860
2016-04-22,LFIN.N0000,30.75,31,30.5,30.975,148
2016-04-25,LFIN.N0000,30.75,30.875,30.5,30.5,67440
2016-04-26,LFIN.N0000,30.625,30.75,30.525,30.75,96008
2016-04-27,LFIN.N0000,30.45,30.725,30.45,30.725,10760
2016-04-29,LFIN.N0000,30.975,31.275,30.975,31.25,367836
2016-05-03,LFIN.N0000,31.25,31.875,31.225,31.75,473252
2016-05-04,LFIN.N0000,32,32,31.55,31.75,228292
2016-05-05,LFIN.N0000,31.75,31.75,31.375,31.625,176964
2016-05-06,LFIN.N0000,31.375,31.625,31.375,31.625,6304
2016-05-09,LFIN.N0000,31.9,32.25,31.9,32.125,703684
2016-05-10,LFIN.N0000,32.349998,32.5,32.125,32.25,869112
2016-05-11,LFIN.N0000,32.5,32.75,32.025003,32.5,483132
2016-05-12,LFIN.N0000,32.625,32.625,32.25,32.5,115648
2016-05-13,LFIN.N0000,32.5,32.5,32.25,32.5,660188
2016-05-16,LFIN.N0000,32.5,33.5,32.5,33.349998,1721312
2016-05-17,LFIN.N0000,33.5,33.5,32.875,33.25,214344
2016-05-18,LFIN.N0000,33.3,33.375,33.2,33.2,147136
2016-05-19,LFIN.N0000,33.25,33.25,32.95,33.224998,70840
2016-05-20,LFIN.N0000,33.150003,33.224998,32.875,33.224998,65724
2016-05-24,LFIN.N0000,32.925,32.925,32.650003,32.875,40748
2016-05-25,LFIN.N0000,33.25,33.5,32.925,33.125,208236
2016-05-26,LFIN.N0000,33.125,33.125,32.875,33,60572
2016-05-27,LFIN.N0000,33,33,32.5,32.625,151880
2016-05-30,LFIN.N0000,32.625,32.625,32.375,32.5,155524
2016-05-31,LFIN.N0000,32.599998,32.599998,32.25,32.5,273624
2016-06-01,LFIN.N0000,32.25,33,32.25,33,204848
2016-06-02,LFIN.N0000,32.75,32.75,32.375,32.5,126080
2016-06-03,LFIN.N0000,32.75,33,32.5,33,24064
2016-06-06,LFIN.N0000,33,33,32.75,32.974998,10936
2016-06-07,LFIN.N0000,32.974998,33,32.75,33,40040
2016-06-08,LFIN.N0000,32.650003,33.224998,32.650003,33.224998,69940
2016-06-09,LFIN.N0000,33.025003,33.2,33.025003,33.125,2000
2016-06-10,LFIN.N0000,33,33,32.8,32.974998,86944
2016-06-13,LFIN.N0000,33,33.474998,32.75,33.474998,107500
2016-06-14,LFIN.N0000,33,33.25,33,33,154240
2016-06-15,LFIN.N0000,33.25,33.25,32.75,32.75,40716
2016-06-16,LFIN.N0000,32.625,32.974998,32.5,32.5,513352
2016-06-17,LFIN.N0000,32.5,32.875,32.25,32.875,222876
2016-06-20,LFIN.N0000,32.625,32.825,32.5,32.5,241564
2016-06-21,LFIN.N0000,32.5,32.724998,32.5,32.5,201072
2016-06-23,LFIN.N0000,32.375,32.375,32.25,32.25,4792
2016-06-24,LFIN.N0000,32.25,32.25,32.150003,32.25,13588
2016-06-27,LFIN.N0000,32.150003,32.175,31.8,31.8,38940
2016-06-28,LFIN.N0000,32.45,32.474998,32,32.474998,112572
2016-06-29,LFIN.N0000,32.125,32.25,32.125,32.125,78360
2016-06-30,LFIN.N0000,32.25,32.25,31.875,32,643796
2016-07-01,LFIN.N0000,30.5,30.5,29.75,29.8,59376
2016-07-04,LFIN.N0000,29.9,29.95,29.25,29.3,22028
2016-07-05,LFIN.N0000,29.25,29.95,29,29.95,54704
2016-07-07,LFIN.N0000,29.25,30,29.25,29.75,26068
2016-07-08,LFIN.N0000,29.75,30,29.75,30,35668
2016-07-12,LFIN.N0000,30.5,31.225,30.475,30.5,221084
2016-07-13,LFIN.N0000,30.5,30.75,30.5,30.55,86912
2016-07-14,LFIN.N0000,30.525,30.75,30.5,30.525,35872
2016-07-15,LFIN.N0000,30.5,31.25,30.5,31.25,489864
2016-07-18,LFIN.N0000,31.25,31.25,30.4,30.55,7376
2016-07-20,LFIN.N0000,31,31,30.65,30.65,56
2016-07-21,LFIN.N0000,31,31,30.675,30.75,16544
2016-07-22,LFIN.N0000,30.675,30.875,30.675,30.875,63236
2016-07-25,LFIN.N0000,30.7,30.875,30.7,30.75,8700
2016-07-26,LFIN.N0000,30.625,30.875,30.625,30.75,32648
2016-07-27,LFIN.N0000,30.75,30.925,30.625,30.925,7720
2016-07-28,LFIN.N0000,30.875,31.5,30.525,31.5,1066504
2016-07-29,LFIN.N0000,31.25,31.75,31.25,31.625,129184
2016-08-01,LFIN.N0000,31.25,31.275,31.25,31.25,116500
2016-08-02,LFIN.N0000,31.25,31.25,31,31.05,64400
2016-08-03,LFIN.N0000,31.25,31.25,31.025,31.125,70316
2016-08-04,LFIN.N0000,31.125,31.5,31.125,31.15,25204
2016-08-05,LFIN.N0000,31.25,31.5,31.225,31.275,160944
2016-08-08,LFIN.N0000,31.725,31.825,31.5,31.825,268376
2016-08-09,LFIN.N0000,31.875,31.875,31.25,31.25,154712
2016-08-10,LFIN.N0000,31.35,31.375,31.25,31.375,23408
2016-08-11,LFIN.N0000,31.25,31.375,31,31.25,24300
2016-08-12,LFIN.N0000,31.25,31.25,31.125,31.125,5640
2016-08-15,LFIN.N0000,31.025,31.25,31,31.25,59204
2016-08-16,LFIN.N0000,31.275,31.5,31.25,31.5,90936
2016-08-18,LFIN.N0000,31.75,31.75,31.25,31.25,33476
2016-08-19,LFIN.N0000,31.275,31.275,31.125,31.125,53316
2016-08-22,LFIN.N0000,31.25,31.5,31.25,31.375,147604
2016-08-23,LFIN.N0000,31.25,31.25,31,31.225,240308
2016-08-24,LFIN.N0000,31.25,31.25,31.25,31.25,195844
2016-08-25,LFIN.N0000,31.25,31.25,31,31.025,32920
2016-08-29,LFIN.N0000,31.2,31.2,30.8,30.8,6400
2016-08-30,LFIN.N0000,31.225,31.225,31,31,33576
2016-08-31,LFIN.N0000,31.025,31.1,30.875,31.075,56048
2016-09-01,LFIN.N0000,31,31,30.9,31,52020
2016-09-02,LFIN.N0000,30.975,31.25,30.975,31.25,120400
2016-09-06,LFIN.N0000,31,31,30.875,30.875,112000
2016-09-07,LFIN.N0000,31.125,31.25,31.125,31.25,92000
2016-09-08,LFIN.N0000,31.25,31.75,31.125,31.125,128084
2016-09-09,LFIN.N0000,31.125,31.5,31.125,31.375,6800
2016-09-13,LFIN.N0000,31.7,31.75,31.5,31.6,108496
2016-09-15,LFIN.N0000,31.3,31.525,31.3,31.375,31380
2016-09-19,LFIN.N0000,31.4,31.4,31.375,31.375,23860
2016-09-20,LFIN.N0000,31.375,31.5,31.375,31.375,117456
2016-09-21,LFIN.N0000,31.5,31.725,31.5,31.5,64236
2016-09-23,LFIN.N0000,31.5,31.625,31.5,31.5,17300
2016-09-26,LFIN.N0000,32,32,31.875,31.875,5000
2016-09-27,LFIN.N0000,31.875,31.875,31.55,31.55,40680
2016-09-28,LFIN.N0000,31.625,31.625,31.275,31.375,103316
2016-09-29,LFIN.N0000,31.375,31.625,31.275,31.275,197192
2016-09-30,LFIN.N0000,31.3,31.75,31.3,31.725,17520
2016-10-03,LFIN.N0000,31.625,31.625,31.625,31.625,40040
2016-10-04,LFIN.N0000,31.625,31.75,31.525,31.525,744140
2016-10-05,LFIN.N0000,31.55,31.875,31.5,31.525,12232
2016-10-06,LFIN.N0000,31.525,31.75,31.5,31.75,262712
2016-10-07,LFIN.N0000,31.75,31.75,31.725,31.75,821312
2016-10-10,LFIN.N0000,31.75,31.85,31.75,31.75,21364
2016-10-11,LFIN.N0000,31.625,31.75,31.625,31.65,33344
2016-10-12,LFIN.N0000,31.75,31.75,31.625,31.75,917724
2016-10-13,LFIN.N0000,31.675,32,31.675,31.75,45240
2016-10-14,LFIN.N0000,31.75,32,31.75,31.75,20272
2016-10-18,LFIN.N0000,31.625,32,31.625,32,70520
2016-10-19,LFIN.N0000,32,32.025003,32,32,33404
2016-10-20,LFIN.N0000,32,32.075,32,32.075,21472
2016-10-21,LFIN.N0000,32.075,32.5,32.025003,32.5,41932
2016-10-24,LFIN.N0000,32,32.25,32,32.125,88600
2016-10-25,LFIN.N0000,32.5,32.5,32.25,32.5,63444
2016-10-26,LFIN.N0000,32.5,32.625,32.5,32.5,77404
2016-10-27,LFIN.N0000,32.5,32.575,32.5,32.575,122904
2016-10-28,LFIN.N0000,32.5,32.5,32.25,32.25,51628
2016-11-01,LFIN.N0000,32.375,32.375,32,32,1208
2016-11-02,LFIN.N0000,32,32.3,31.775,32.25,10352
2016-11-03,LFIN.N0000,32,32,32,32,18720
2016-11-04,LFIN.N0000,31.775,31.975,31.675,31.975,2660
2016-11-07,LFIN.N0000,31.725,32.2,31.675,31.75,19916
2016-11-08,LFIN.N0000,31.75,31.75,31.75,31.75,2016
2016-11-10,LFIN.N0000,31.325,32.425,31.325,32.025003,324
2016-11-15,LFIN.N0000,31.55,31.625,31.55,31.625,400
2016-11-16,LFIN.N0000,31.525,31.525,31.375,31.475,20492
2016-11-17,LFIN.N0000,31.325,31.375,31.125,31.125,77992
2016-11-18,LFIN.N0000,31.25,31.25,31,31,28992
2016-11-21,LFIN.N0000,31.025,31.025,30.25,30.375,86100
2016-11-22,LFIN.N0000,30.5,30.5,30,30.025,201456
2016-11-23,LFIN.N0000,30.25,30.25,30.05,30.25,49320
2016-11-25,LFIN.N0000,30.5,30.5,30.125,30.25,221092
2016-11-28,LFIN.N0000,30.175,30.175,29.975,29.975,408584
2016-11-29,LFIN.N0000,30.25,30.25,30,30.25,268208
2016-12-01,LFIN.N0000,30.875,30.875,30.875,30.875,2960
2016-12-05,LFIN.N0000,31,31.25,31,31.25,15408
2016-12-06,LFIN.N0000,31,31.5,30.25,31.5,14528
2016-12-07,LFIN.N0000,30.25,31.5,30.25,31.5,84
2016-12-08,LFIN.N0000,31.5,31.5,31.5,31.5,8
2016-12-13,LFIN.N0000,31.5,31.5,30.45,30.45,4004
2016-12-15,LFIN.N0000,30.5,31.5,30.5,31.45,14512
2016-12-16,LFIN.N0000,31.25,31.5,31.25,31.25,90644
2016-12-20,LFIN.N0000,30.5,30.975,30.5,30.975,6056
2016-12-21,LFIN.N0000,30.5,31.375,30.5,30.75,16400
2016-12-22,LFIN.N0000,30.525,30.75,30.5,30.75,30968
2016-12-26,LFIN.N0000,31.25,31.25,31.25,31.25,24000
2016-12-28,LFIN.N0000,31.375,31.5,31.25,31.475,99608
2016-12-30,LFIN.N0000,31.275,31.7,31.25,31.7,2008
2017-01-03,LFIN.N0000,31.025,31.25,31.025,31.25,404
2017-01-05,LFIN.N0000,30.5,30.5,30.375,30.375,6188
2017-01-06,LFIN.N0000,30.35,30.375,30.325,30.375,19812
2017-01-09,LFIN.N0000,30.3,30.3,30,30.125,41724
2017-01-11,LFIN.N0000,30.225,30.375,30.225,30.375,9528
2017-01-13,LFIN.N0000,30.375,30.375,30.375,30.375,200
2017-01-16,LFIN.N0000,30.85,30.85,30,30,8240
2017-01-17,LFIN.N0000,30,30.125,30,30.025,4400
2017-01-18,LFIN.N0000,30,30.25,30,30,5748
2017-01-19,LFIN.N0000,30.25,30.5,30,30.025,184408
2017-01-23,LFIN.N0000,30,30,29.95,30,49008
2017-01-24,LFIN.N0000,30.5,30.5,30,30,15532
2017-01-25,LFIN.N0000,30.5,30.5,29.95,29.95,46192
2017-01-26,LFIN.N0000,30.05,30.05,29.925,29.925,1684
2017-01-30,LFIN.N0000,30,30.025,30,30,73344
2017-01-31,LFIN.N0000,29.7,30,29.7,30,19740
2017-02-02,LFIN.N0000,30.25,30.25,30,30,221016
2017-02-03,LFIN.N0000,30,30.025,30,30,66332
2017-02-06,LFIN.N0000,30,30,30,30,22840
2017-02-07,LFIN.N0000,30.025,30.375,30.025,30.05,70260
2017-02-08,LFIN.N0000,30.375,30.375,30.375,30.375,800
2017-02-13,LFIN.N0000,30.5,30.625,30.5,30.625,9416
2017-02-14,LFIN.N0000,31.2,31.2,30.5,30.5,1748
2017-02-16,LFIN.N0000,31.225,31.225,30.5,30.5,21348
2017-02-20,LFIN.N0000,30.5,30.75,30.5,30.75,4860
2017-02-21,LFIN.N0000,30.375,30.5,30.375,30.5,968
2017-02-22,LFIN.N0000,30.5,30.5,30.375,30.5,91000
2017-02-28,LFIN.N0000,30.5,30.5,30.25,30.275,24084
2017-03-01,LFIN.N0000,30.7,30.875,30.2,30.5,11296
2017-03-02,LFIN.N0000,30.75,30.75,30.375,30.625,4820
2017-03-03,LFIN.N0000,30.625,30.75,30.5,30.5,19480
2017-03-06,LFIN.N0000,30.5,30.5,30.45,30.5,45364
2017-03-07,LFIN.N0000,30.525,30.525,30.5,30.5,17600
2017-03-08,LFIN.N0000,30.625,30.625,30.45,30.5,10600
2017-03-09,LFIN.N0000,30.75,30.75,30.425,30.5,9412
2017-03-13,LFIN.N0000,30.75,31.425,30.75,31,35832
2017-03-14,LFIN.N0000,31.1,31.25,31.1,31.125,73724
2017-03-15,LFIN.N0000,30.9,31,30.875,31,200820
2017-03-16,LFIN.N0000,30.9,30.9,30.9,30.9,200
2017-03-17,LFIN.N0000,31,31,31,31,9344
2017-03-20,LFIN.N0000,30.975,31.25,30.975,31.225,32316
2017-03-21,LFIN.N0000,30.5,30.5,29.75,29.95,88908
2017-03-22,LFIN.N0000,29.75,29.75,29.55,29.55,5220
2017-03-23,LFIN.N0000,29.6,29.75,29.55,29.675,12284
2017-03-24,LFIN.N0000,29.675,29.85,29.625,29.75,234172
2017-03-28,LFIN.N0000,29.55,29.625,29.55,29.6,7108
2017-03-29,LFIN.N0000,29.625,29.625,29.625,29.625,2032
2017-03-30,LFIN.N0000,29.5,29.75,29.5,29.625,26504
2017-03-31,LFIN.N0000,29.625,29.875,29.5,29.5,27432
2017-04-03,LFIN.N0000,29.85,29.85,29.55,29.75,13436
2017-04-04,LFIN.N0000,29.575,30,29.575,30,78136
2017-04-05,LFIN.N0000,30.7,30.7,30,30.5,53060
2017-04-06,LFIN.N0000,30,30.5,30,30.5,89236
2017-04-07,LFIN.N0000,30.525,30.875,30.525,30.75,21068
2017-04-11,LFIN.N0000,30.975,30.975,30.975,30.975,200
2017-04-12,LFIN.N0000,31,31.625,31,31.5,823724
2017-04-17,LFIN.N0000,31.275,31.275,30.5,30.5,8460
2017-04-18,LFIN.N0000,31,31,30.75,31,1640
2017-04-19,LFIN.N0000,31,31,31,31,11964
2017-04-20,LFIN.N0000,31.125,31.475,31.125,31.325,153448
2017-04-21,LFIN.N0000,31,31.5,31,31.25,305072
2017-04-24,LFIN.N0000,31,31,31,31,18668
2017-04-25,LFIN.N0000,31,31,30.75,30.75,14696
2017-04-26,LFIN.N0000,31.125,31.125,30.75,30.75,28964
2017-04-27,LFIN.N0000,31.225,31.25,31.225,31.25,19492
2017-04-28,LFIN.N0000,31.25,31.25,31,31.25,64312
2017-05-02,LFIN.N0000,31,31,31,31,2240
2017-05-03,LFIN.N0000,31.2,31.2,31,31,15240
2017-05-04,LFIN.N0000,31.2,32,31.025,31.75,266192
2017-05-05,LFIN.N0000,31.975,32.25,31.75,32.150003,15656
2017-05-08,LFIN.N0000,32.175,33.5,32.175,33,1486224
2017-05-09,LFIN.N0000,33.125,33.25,32.525003,33.25,26580
2017-05-12,LFIN.N0000,32.55,32.75,32.25,32.25,195176
2017-05-16,LFIN.N0000,32.5,32.75,32.5,32.5,122284
2017-05-17,LFIN.N0000,32.5,33,32.5,32.525003,58704
2017-05-18,LFIN.N0000,32.5,32.875,32,32.75,121660
2017-05-19,LFIN.N0000,32.625,32.75,32.5,32.75,28456
2017-05-22,LFIN.N0000,32.525003,32.75,32.5,32.75,4648
2017-05-23,LFIN.N0000,32.625,32.625,32.5,32.525003,180084
2017-05-24,LFIN.N0000,32.75,32.875,32.75,32.875,16304
2017-05-25,LFIN.N0000,32.875,33.25,32.75,33.25,10100
2017-05-29,LFIN.N0000,32.75,32.75,32.55,32.55,568
2017-05-31,LFIN.N0000,32.625,32.625,32.5,32.625,8028
2017-06-01,LFIN.N0000,32.75,33.099998,32.5,33,33264
2017-06-02,LFIN.N0000,33.224998,33.224998,32.525003,32.525003,4132
2017-06-06,LFIN.N0000,33,33.95,32.974998,33.75,1698160
2017-06-07,LFIN.N0000,33.75,35,33.75,35,119952
2017-06-08,LFIN.N0000,35,36.25,35,36,119952
2017-06-12,LFIN.N0000,35.5,35.75,35.400003,35.75,21216
2017-06-13,LFIN.N0000,35.375,35.375,35,35,94252
2017-06-14,LFIN.N0000,35.25,35.25,34.75,35,10580
2017-06-15,LFIN.N0000,35,35.25,34.925,34.925,7980
2017-06-16,LFIN.N0000,35,35,34.5,34.875,130024
2017-06-20,LFIN.N0000,34.25,34.5,34.125,34.474998,88692
2017-06-21,LFIN.N0000,34.349998,34.349998,34.075,34.224998,360
2017-06-22,LFIN.N0000,34.025003,34.25,34.025003,34.25,3160
2017-06-23,LFIN.N0000,34.25,34.25,34,34,9304
2017-06-27,LFIN.N0000,34.025003,35,34,35,3948
2017-06-28,LFIN.N0000,34.25,34.25,34.25,34.25,16
2017-06-29,LFIN.N0000,34,34.25,34,34.25,16
2017-06-30,LFIN.N0000,33.875,34,33.75,33.974998,128020
2017-07-03,LFIN.N0000,33.724998,33.724998,33.724998,33.724998,160
2017-07-04,LFIN.N0000,33.775003,33.775003,33.5,33.5,2860
2017-07-06,LFIN.N0000,33.025003,33.575,33,33.525003,386664
2017-07-10,LFIN.N0000,33.400003,33.400003,33.25,33.25,11444
2017-07-11,LFIN.N0000,33.125,33.25,33.025003,33.25,5000
2017-07-12,LFIN.N0000,33.224998,33.25,33.175,33.25,7920
2017-07-13,LFIN.N0000,33.349998,33.400003,33.150003,33.375,392460
2017-07-14,LFIN.N0000,33.275003,34.95,33.275003,34.175,320060
2017-07-17,LFIN.N0000,33.8,33.8,33.375,33.45,28440
2017-07-19,LFIN.N0000,33.45,33.474998,33.400003,33.474998,9252
2017-07-21,LFIN.N0000,33.25,33.375,33.075,33.125,24824
2017-07-24,LFIN.N0000,33.075,33.2,33.075,33.075,5504
2017-07-25,LFIN.N0000,33.125,33.25,33.125,33.224998,2824
2017-07-27,LFIN.N0000,33.075,34.375,33.075,33.75,2497888
2017-07-31,LFIN.N0000,34.025003,34.125,33.75,34,22584
2017-08-01,LFIN.N0000,34,34,33.8,33.8,14840
2017-08-02,LFIN.N0000,33.775003,33.775003,33.275003,33.275003,21244
2017-08-03,LFIN.N0000,33.55,33.7,33.55,33.7,12
2017-08-04,LFIN.N0000,33.724998,34,33.724998,33.775003,13644
2017-08-08,LFIN.N0000,33.775003,33.775003,33.75,33.75,4944
2017-08-10,LFIN.N0000,33.3,33.3,33.150003,33.25,2868
2017-08-14,LFIN.N0000,32.75,32.75,32.5,32.5,42000
2017-08-16,LFIN.N0000,32.55,33.474998,32.525003,33.474998,24012
2017-08-17,LFIN.N0000,32.525003,32.525003,32.525003,32.525003,120
2017-08-18,LFIN.N0000,33.675,33.675,33.25,33.25,200840
2017-08-22,LFIN.N0000,33,33,33,33,4144
2017-08-23,LFIN.N0000,32.625,33,32.625,33,808
2017-08-24,LFIN.N0000,32.625,32.625,32.625,32.625,3988
2017-08-28,LFIN.N0000,32.599998,32.650003,32.599998,32.650003,44
2017-08-29,LFIN.N0000,32.625,32.675,32.625,32.625,4176
2017-08-30,LFIN.N0000,32.650003,32.650003,32.625,32.625,6040
2017-09-04,LFIN.N0000,32.525003,32.599998,32.525003,32.599998,58000
2017-09-06,LFIN.N0000,32.599998,32.599998,32.525003,32.525003,12020
2017-09-07,LFIN.N0000,33.575,33.575,33.575,33.575,24
2017-09-11,LFIN.N0000,33.25,33.25,32.55,32.55,7696
2017-09-13,LFIN.N0000,32.55,32.55,32.525003,32.525003,1600
2017-09-15,LFIN.N0000,32.525003,32.525003,32.5,32.525003,10060
2017-09-18,LFIN.N0000,32.849998,32.849998,32.5,32.5,41620
2017-09-19,LFIN.N0000,32.25,32.875,32.25,32.5,420
2017-09-20,LFIN.N0000,32.75,32.75,32.5,32.5,737600
2017-09-22,LFIN.N0000,32.375,32.375,32.3,32.3,1800
2017-09-25,LFIN.N0000,32.125,32.125,32.125,32.125,248
2017-09-27,LFIN.N0000,32.125,32.25,32.125,32.25,18080
2017-09-28,LFIN.N0000,32.25,32.25,32.25,32.25,7200
2017-09-29,LFIN.N0000,32.400003,33.7,32.400003,33.7,4152
2017-10-02,LFIN.N0000,32.5,32.5,32.25,32.474998,97680
2017-10-03,LFIN.N0000,32.175,32.75,32.175,32.5,5220
2017-10-06,LFIN.N0000,32.474998,32.5,32.474998,32.5,160152
2017-10-10,LFIN.N0000,32.5,32.5,32,32,9976
2017-10-12,LFIN.N0000,32.5,33.5,32.5,32.625,176240
2017-10-16,LFIN.N0000,32.5,32.5,32.5,32.5,2000
2017-10-17,LFIN.N0000,32.599998,32.599998,32.5,32.5,8432
2017-10-19,LFIN.N0000,32.5,33.25,32.5,32.5,4240
2017-10-23,LFIN.N0000,32.75,32.75,32.275003,32.275003,15528
2017-10-24,LFIN.N0000,32.275003,32.5,32.275003,32.5,3584
2017-10-26,LFIN.N0000,32.5,32.5,32.5,32.5,1248
2017-10-27,LFIN.N0000,32.375,32.5,31.575,32.5,14856
2017-10-30,LFIN.N0000,31.875,32.25,31.875,32.25,2184
2017-10-31,LFIN.N0000,32.25,32.25,32.25,32.25,14196
2017-11-02,LFIN.N0000,32.25,32.375,32.25,32.375,220288
2017-11-06,LFIN.N0000,32.25,32.25,32.025003,32.25,1252
2017-11-07,LFIN.N0000,31.9,31.9,31.5,31.5,17200
2017-11-13,LFIN.N0000,31.5,31.5,31.475,31.475,11288
2017-11-15,LFIN.N0000,31.475,31.475,31.475,31.475,80
2017-11-17,LFIN.N0000,31.5,31.5,31.5,31.5,2348
2017-11-21,LFIN.N0000,31.3,31.3,31,31,6968
2017-11-23,LFIN.N0000,31.375,31.375,31.25,31.25,8972
2017-11-27,LFIN.N0000,31.375,31.375,31.25,31.25,8908
2017-11-28,LFIN.N0000,31.375,31.375,31.25,31.275,4128
2017-11-29,LFIN.N0000,31.25,31.5,31.25,31.5,19468
2017-12-04,LFIN.N0000,31.3,31.3,31.25,31.25,16000
2017-12-06,LFIN.N0000,31.5,31.5,31.3,31.325,57256
2017-12-07,LFIN.N0000,31.375,31.375,31.25,31.25,12000
2017-12-08,LFIN.N0000,31.5,31.5,31.3,31.3,400020
2017-12-12,LFIN.N0000,31.25,32,31.25,31.25,151116
2017-12-14,LFIN.N0000,31.25,31.25,31.25,31.25,197500
2017-12-15,LFIN.N0000,31.25,31.25,31.25,31.25,7600
2017-12-18,LFIN.N0000,31.75,31.75,31.75,31.75,4
2017-12-19,LFIN.N0000,31.25,31.25,30.75,30.75,6000
2017-12-20,LFIN.N0000,30.75,31.25,30.5,30.5,239520
2017-12-25,LFIN.N0000,30.5,31,30.5,31,144
2017-12-27,LFIN.N0000,30.625,30.625,30.5,30.5,38200
2017-12-29,LFIN.N0000,30.55,30.55,30.55,30.55,4
2018-01-02,LFIN.N0000,30.75,31.25,30.75,31.25,9240
2018-01-05,LFIN.N0000,31.75,31.75,31.725,31.75,13428
2018-01-08,LFIN.N0000,30.875,31.75,30.75,31.725,1220
2018-01-10,LFIN.N0000,31.975,31.975,31.75,31.75,820
2018-01-16,LFIN.N0000,31.25,31.25,31.025,31.025,2420
2018-01-19,LFIN.N0000,31,31,31,31,20
2018-01-23,LFIN.N0000,31,31.025,31,31,14720
2018-01-24,LFIN.N0000,31.75,31.75,31.225,31.225,14980
2018-01-25,LFIN.N0000,31.375,31.9,31.375,31.9,4704
2018-01-26,LFIN.N0000,32,32.5,31.275,32.45,54960
2018-02-02,LFIN.N0000,31.775,31.775,31.5,31.7,2404
2018-02-06,LFIN.N0000,31.725,31.725,31.425,31.425,72200
2018-02-08,LFIN.N0000,31.45,31.45,31.425,31.425,3652
2018-02-09,LFIN.N0000,31.45,31.625,31.375,31.625,5680
2018-02-12,LFIN.N0000,31.5,32.099998,31.5,31.75,17112
2018-02-14,LFIN.N0000,31.525,31.525,31.525,31.525,2860
2018-02-16,LFIN.N0000,31.8,32,31.75,31.775,1180
2018-02-19,LFIN.N0000,32.5,33,32.25,32.25,330272
2018-02-20,LFIN.N0000,32.224998,32.474998,32.125,32.25,211432
2018-02-21,LFIN.N0000,32.25,32.325,32.25,32.25,51472
2018-02-22,LFIN.N0000,32.25,32.349998,32.2,32.25,172728
2018-02-23,LFIN.N0000,32.25,32.25,32.2,32.2,19420
2018-02-26,LFIN.N0000,32.25,32.25,31.975,32,366732
2018-02-27,LFIN.N0000,31.475,31.475,30.125,30.375,58380
2018-02-28,LFIN.N0000,30.3,30.5,30.3,30.5,1484
2018-03-01,LFIN.N0000,30.5,30.5,30.4,30.5,3624
2018-03-06,LFIN.N0000,30.45,30.5,30.4,30.4,1152
2018-03-07,LFIN.N0000,30.4,30.75,30.375,30.5,25772
2018-03-08,LFIN.N0000,30.375,30.5,30.375,30.5,1276
2018-03-09,LFIN.N0000,30.475,30.5,30,30,25180
2018-03-12,LFIN.N0000,30.5,30.5,30.25,30.25,1152
2018-03-13,LFIN.N0000,30.5,30.5,30.375,30.375,11024
2018-03-14,LFIN.N0000,30.4,30.5,30.4,30.5,103980
2018-03-15,LFIN.N0000,30.5,30.5,30.4,30.5,176
2018-03-16,LFIN.N0000,30.5,30.5,30.25,30.275,29780
2018-03-19,LFIN.N0000,30.5,30.5,30.475,30.475,600
2018-03-20,LFIN.N0000,30.25,30.475,29.625,30.025,5300
2018-03-21,LFIN.N0000,29.775,30.475,29.5,30.475,50348
2018-03-22,LFIN.N0000,30.25,30.25,29.65,29.65,2432
2018-03-23,LFIN.N0000,29.65,30.25,29.65,30.25,804
2018-03-26,LFIN.N0000,29.75,30,29.75,29.975,14204
2018-03-27,LFIN.N0000,29.75,29.75,29.625,29.625,22608
2018-03-28,LFIN.N0000,29.75,29.75,29.65,29.725,15000
2018-03-29,LFIN.N0000,29.725,29.725,29.675,29.725,24940
2018-04-02,LFIN.N0000,29.625,29.725,29.625,29.725,16892
2018-04-03,LFIN.N0000,29.725,29.75,29.725,29.75,9172
2018-04-04,LFIN.N0000,30,30,30,30,1620
2018-04-06,LFIN.N0000,30.025,30.75,30,30.75,300
2018-04-09,LFIN.N0000,30.75,30.75,30.5,30.5,1000
2018-04-10,LFIN.N0000,30.5,31,29.625,31,400132
2018-04-11,LFIN.N0000,29.775,30.95,29.625,30.95,580980
2018-04-17,LFIN.N0000,30,31,30,30,92132
2018-04-18,LFIN.N0000,30.15,30.15,30,30.025,78556
2018-04-19,LFIN.N0000,30.05,30.95,30,30.95,49244
2018-04-23,LFIN.N0000,30.175,30.325,30.175,30.325,48188
2018-04-24,LFIN.N0000,30.325,30.325,30.3,30.3,4800
2018-04-25,LFIN.N0000,30.625,30.625,30.625,30.625,40
2018-04-26,LFIN.N0000,30.55,30.625,30.3,30.375,4640
2018-04-27,LFIN.N0000,30.625,31.25,30.625,30.775,4528
2018-05-01,LFIN.N0000,30.775,30.775,30.775,30.775,1220
2018-05-03,LFIN.N0000,30.625,31,30.25,31,218044
2018-05-08,LFIN.N0000,31.225,31.225,30.55,31,584
2018-05-09,LFIN.N0000,31,31,31,31,400
2018-05-10,LFIN.N0000,30.675,30.675,30.5,30.575,7600
2018-05-11,LFIN.N0000,30.575,30.65,30.5,30.5,77180
2018-05-14,LFIN.N0000,30.85,30.85,30.525,30.525,11920
2018-05-15,LFIN.N0000,30.75,31,30.625,30.65,12152
2018-05-16,LFIN.N0000,30.675,31.25,30.675,31.25,161224
2018-05-18,LFIN.N0000,30.725,30.725,30.625,30.625,4000
2018-05-21,LFIN.N0000,30.75,31.15,30.75,31,620
2018-05-22,LFIN.N0000,31,31,30.25,30.25,904
2018-05-24,LFIN.N0000,30.5,30.725,30.25,30.25,29088
2018-05-25,LFIN.N0000,30.25,30.25,30.25,30.25,4012
2018-05-30,LFIN.N0000,30.2,30.675,30,30.675,4628
2018-05-31,LFIN.N0000,30,30.475,30,30.475,8764
2018-06-01,LFIN.N0000,30.05,30.25,30.05,30.25,1320
2018-06-04,LFIN.N0000,30.25,30.325,30.25,30.325,5728
2018-06-05,LFIN.N0000,30.475,30.625,30.375,30.375,24544
2018-06-06,LFIN.N0000,30.45,30.45,30.25,30.375,13620
2018-06-07,LFIN.N0000,30.375,30.6,30.375,30.6,1824
2018-06-08,LFIN.N0000,30.6,30.625,30.4,30.4,3044
2018-06-11,LFIN.N0000,30.625,30.875,30.625,30.875,260888
2018-06-13,LFIN.N0000,30.75,30.875,30.75,30.85,90412
2018-06-18,LFIN.N0000,30.775,30.875,30.75,30.875,316884
2018-06-19,LFIN.N0000,30.875,30.875,30.75,30.75,9740
2018-06-20,LFIN.N0000,30.75,30.75,30.675,30.675,192
2018-06-21,LFIN.N0000,30.725,30.75,30.725,30.75,8176
2018-06-22,LFIN.N0000,30.5,30.5,30.375,30.375,808
2018-06-26,LFIN.N0000,30.275,30.725,30,30,25872
2018-06-28,LFIN.N0000,30.375,30.375,30,30.375,1252
2018-06-29,LFIN.N0000,30.375,30.375,30,30,2248
2018-07-02,LFIN.N0000,29.65,29.75,29.5,29.5,3392
2018-07-03,LFIN.N0000,29,29,28.75,28.75,22760
2018-07-04,LFIN.N0000,28.75,28.75,28.75,28.75,1800
2018-07-05,LFIN.N0000,29.2,29.2,29.2,29.2,200
2018-07-06,LFIN.N0000,28.75,29.25,28.75,29.25,32392
2018-07-09,LFIN.N0000,29,29,28.825,29,47148
2018-07-11,LFIN.N0000,29.15,29.2,29.15,29.2,4944
2018-07-13,LFIN.N0000,29.025,29.2,29,29,7352
2018-07-16,LFIN.N0000,29.25,29.25,29.25,29.25,12
2018-07-18,LFIN.N0000,29.25,29.25,29.05,29.175,6640
2018-07-19,LFIN.N0000,29.95,30,29.95,30,400
2018-07-23,LFIN.N0000,29.375,29.375,29.125,29.125,3600
2018-07-25,LFIN.N0000,29.725,30,29.175,29.175,43920
2018-07-30,LFIN.N0000,30,30,28.8,28.8,4480
2018-07-31,LFIN.N0000,29.5,29.5,29,29,8400
2018-08-01,LFIN.N0000,29.5,29.5,29.075,29.25,12124
2018-08-02,LFIN.N0000,29.5,29.5,29.25,29.25,4024
2018-08-03,LFIN.N0000,29.5,29.75,29.5,29.75,34456
2018-08-07,LFIN.N0000,29.45,29.45,29.075,29.075,2480
2018-08-08,LFIN.N0000,29.35,29.375,28.775,28.775,37908
2018-08-13,LFIN.N0000,29.1,29.1,29.1,29.1,160
2018-08-15,LFIN.N0000,28.875,28.925,28.875,28.925,180
2018-08-17,LFIN.N0000,29.375,29.375,29.375,29.375,120
2018-08-20,LFIN.N0000,29,29,29,29,168000
2018-08-21,LFIN.N0000,29,29,29,29,80428
2018-08-23,LFIN.N0000,29.25,29.25,29.225,29.225,808
2018-08-24,LFIN.N0000,29,29.5,29,29.5,34424
2018-08-27,LFIN.N0000,29.95,29.95,29,29,8600
2018-08-28,LFIN.N0000,29.025,29.025,29.025,29.025,600
2018-08-29,LFIN.N0000,29.25,29.25,29.25,29.25,2312
2018-08-30,LFIN.N0000,29.025,29.025,28.75,28.775,240
2018-09-04,LFIN.N0000,29.25,29.625,29.25,29.5,5904
2018-09-05,LFIN.N0000,29.5,29.5,29.5,29.5,4160
2018-09-06,LFIN.N0000,29.5,29.5,29.5,29.5,920
2018-09-07,LFIN.N0000,29.5,29.85,29.5,29.85,26492
2018-09-10,LFIN.N0000,29.725,29.75,29.725,29.75,4080
2018-09-12,LFIN.N0000,29.5,29.5,28.775,29.25,15996
2018-09-13,LFIN.N0000,29.25,29.25,29,29.025,6376
2018-09-18,LFIN.N0000,29.475,29.475,28.75,29,34824
2018-09-19,LFIN.N0000,28.75,28.875,28.75,28.875,339408
2018-09-20,LFIN.N0000,28.875,28.875,28.75,28.775,45568
2018-09-21,LFIN.N0000,28.75,28.85,28.625,28.85,6808
2018-09-25,LFIN.N0000,28.875,28.875,28.25,28.25,8804
2018-09-26,LFIN.N0000,28.5,28.5,28.5,28.5,26736
2018-09-27,LFIN.N0000,28.75,28.75,28.75,28.75,36912
2018-09-28,LFIN.N0000,28.75,28.75,28.75,28.75,4404
2018-10-01,LFIN.N0000,28.75,29,28.25,28.75,385592
2018-10-02,LFIN.N0000,28.75,28.75,28.75,28.75,92616
2018-10-03,LFIN.N0000,28.75,29,28.75,29,154000
2018-10-05,LFIN.N0000,29,29.5,29,29.5,37116
2018-10-08,LFIN.N0000,29.125,29.125,29.125,29.125,1256
2018-10-10,LFIN.N0000,29.125,29.125,29,29,2000
2018-10-15,LFIN.N0000,29,29,29,29,18000
2018-10-16,LFIN.N0000,29,29.075,27.5,29.075,76144
2018-10-19,LFIN.N0000,28.3,28.75,28.25,28.25,992212
2018-10-22,LFIN.N0000,28.275,28.5,28.25,28.5,639320
2018-10-25,LFIN.N0000,28.925,28.925,28.925,28.925,4
2018-10-30,LFIN.N0000,30.85,31.25,29.9,30,14184
2018-10-31,LFIN.N0000,29.725,29.725,28.75,29.375,4140
2018-11-01,LFIN.N0000,30,31.25,30,31.25,141052
2018-11-02,LFIN.N0000,31.75,31.975,30.575,30.575,14328
2018-11-05,LFIN.N0000,30.55,30.75,30,30,130404
2018-11-07,LFIN.N0000,30,30,29.5,30,1641648
2018-11-08,LFIN.N0000,30,30.5,29.525,30.5,125720
2018-11-09,LFIN.N0000,30.5,31,29.525,31,564
2018-11-12,LFIN.N0000,31,31,29.975,29.975,496
2018-11-13,LFIN.N0000,29.625,30.625,29.625,30.625,84
2018-11-14,LFIN.N0000,30.6,30.6,30.6,30.6,200
2018-11-15,LFIN.N0000,30.6,30.6,29.75,29.75,600
2018-11-20,LFIN.N0000,29.75,29.75,29.75,29.75,4000
2018-11-23,LFIN.N0000,29.75,29.875,29.75,29.75,11644
2018-11-26,LFIN.N0000,30.225,30.225,29.775,29.775,10240
2018-11-28,LFIN.N0000,29.75,30.5,29.75,30,200544
2018-11-30,LFIN.N0000,30.5,30.5,30,30,8848
2018-12-05,LFIN.N0000,30,30,30,30,2080
2018-12-07,LFIN.N0000,30.5,30.5,30.275,30.5,26296
2018-12-10,LFIN.N0000,30.7,30.7,30.25,30.5,23516
2018-12-11,LFIN.N0000,30.5,30.5,30.375,30.5,46076
2018-12-14,LFIN.N0000,30.375,30.4,30.375,30.4,604
2018-12-17,LFIN.N0000,30.4,30.5,30.4,30.5,138368
2018-12-18,LFIN.N0000,30.5,30.5,30.5,30.5,21200
2018-12-20,LFIN.N0000,30.5,30.5,30.5,30.5,680
2018-12-21,LFIN.N0000,30.525,30.525,30.525,30.525,400
2018-12-24,LFIN.N0000,30.625,30.625,30.25,30.25,8160
2018-12-26,LFIN.N0000,30.05,30.05,30.05,30.05,76
2018-12-28,LFIN.N0000,30.75,30.75,30.75,30.75,4528
2019-01-02,LFIN.N0000,30.75,30.875,30.75,30.875,10596
2019-01-03,LFIN.N0000,31.225,31.225,30.55,31.125,124
2019-01-07,LFIN.N0000,31,31.075,30.5,30.5,75588
2019-01-09,LFIN.N0000,30.5,30.5,30.5,30.5,4
2019-01-10,LFIN.N0000,30.625,30.625,30.5,30.5,488
2019-01-14,LFIN.N0000,30.5,30.5,30.5,30.5,4208
2019-01-16,LFIN.N0000,30.5,30.5,30.5,30.5,23452
2019-01-17,LFIN.N0000,30.5,30.75,30.5,30.75,52784
2019-01-18,LFIN.N0000,30.525,31.35,30,31.35,808
2019-01-21,LFIN.N0000,31.375,31.475,30.5,31.25,12652
2019-01-23,LFIN.N0000,30.525,30.875,30.1,30.5,2812
2019-01-25,LFIN.N0000,30.4,30.75,30.4,30.75,29524
2019-01-29,LFIN.N0000,30.375,30.975,30.275,30.3,1124
2019-01-30,LFIN.N0000,31,31,31,31,4664
2019-01-31,LFIN.N0000,30.525,31,30.525,31,4600
2019-02-01,LFIN.N0000,31.5,31.5,30.575,31.45,4228
2019-02-04,LFIN.N0000,31.425,31.45,31.425,31.45,800
2019-02-06,LFIN.N0000,31.25,31.5,31.25,31.25,2020
2019-02-08,LFIN.N0000,31.75,31.75,31.275,31.275,1852
2019-02-11,LFIN.N0000,31.25,31.725,31.25,31.725,244
2019-02-12,LFIN.N0000,31.3,32,31.275,32,17964
2019-02-13,LFIN.N0000,31.875,31.875,31.5,31.5,2596
2019-02-14,LFIN.N0000,31.75,32.474998,31.55,32.474998,20384
2019-02-18,LFIN.N0000,32,32,31.75,32,12944
2019-02-20,LFIN.N0000,32,32.25,32,32,2324
2019-02-21,LFIN.N0000,31.775,32.349998,31.75,31.75,5208
2019-02-22,LFIN.N0000,31.65,31.65,31,31.25,10580
2019-02-25,LFIN.N0000,31.525,31.525,30.75,30.75,12800
2019-02-26,LFIN.N0000,30.75,30.75,30.75,30.75,200
2019-02-28,LFIN.N0000,31.225,31.225,30.75,30.75,40012
2019-03-01,LFIN.N0000,30.5,30.75,30.4,30.725,4256
2019-03-05,LFIN.N0000,30.725,30.75,30.725,30.75,1888
2019-03-06,LFIN.N0000,30.75,30.75,30.475,30.475,35316
2019-03-08,LFIN.N0000,30.75,30.75,30.45,30.5,6832
2019-03-11,LFIN.N0000,30.5,30.725,30.5,30.5,4084
2019-03-12,LFIN.N0000,30.5,30.725,30.25,30.725,2000428
2019-03-14,LFIN.N0000,30.05,30.475,30.05,30.475,44
2019-03-15,LFIN.N0000,30.475,30.475,29.5,29.775,1628
2019-03-18,LFIN.N0000,30,30,30,30,12
2019-03-19,LFIN.N0000,30,30,30,30,4108
2019-03-21,LFIN.N0000,30.725,30.725,30,30,2004
2019-03-25,LFIN.N0000,30.55,30.55,30.05,30.05,76
2019-03-26,LFIN.N0000,32,32,32,32,4
2019-03-27,LFIN.N0000,30.025,30.025,30,30,3780
2019-03-28,LFIN.N0000,30,31.225,30,31.225,32
2019-04-01,LFIN.N0000,30.25,30.25,30,30,8000
2019-04-03,LFIN.N0000,31.225,31.25,31.225,31.25,5368
2019-04-04,LFIN.N0000,32,32.25,31.525,32.25,88860
2019-04-05,LFIN.N0000,32.025003,32.25,32,32,18348
2019-04-08,LFIN.N0000,32.125,32.125,31.9,32,9748
2019-04-09,LFIN.N0000,32.075,32.125,31.75,32.125,32864
2019-04-10,LFIN.N0000,31.75,31.75,31.625,31.75,22544
2019-04-11,LFIN.N0000,31.6,31.75,31.6,31.725,18072
2019-04-16,LFIN.N0000,30.225,30.725,30.225,30.475,7804
2019-04-17,LFIN.N0000,30.475,30.475,30.05,30.05,2772
2019-04-18,LFIN.N0000,30.05,30.75,30.025,30.025,5652
2019-04-23,LFIN.N0000,29.975,29.975,29.5,29.5,2148
2019-04-24,LFIN.N0000,28.5,29.725,28.5,29.5,11396
2019-04-26,LFIN.N0000,29.625,29.625,29.5,29.5,6936
2019-04-30,LFIN.N0000,29.525,30,29.525,30,89988
2019-05-01,LFIN.N0000,30.5,30.5,30.5,30.5,20
2019-05-03,LFIN.N0000,30.5,30.5,29.525,29.625,12
2019-05-07,LFIN.N0000,29.875,30.25,29.875,30,157864
2019-05-08,LFIN.N0000,29.625,30,29.625,30,114188
2019-05-09,LFIN.N0000,30,30,30,30,22824
2019-05-10,LFIN.N0000,30,30.225,30,30,74916
2019-05-13,LFIN.N0000,30,30.225,30,30,30712
2019-05-14,LFIN.N0000,30,30,29.625,29.625,153008
2019-05-15,LFIN.N0000,29.875,29.875,29.5,29.5,16144
2019-05-16,LFIN.N0000,29.95,29.95,29.75,29.75,30116
2019-05-17,LFIN.N0000,30.125,30.5,29.525,30.5,162044
2019-05-22,LFIN.N0000,30.75,31.25,30.25,30.25,480
2019-05-23,LFIN.N0000,29.75,30.225,29.75,30.225,1932
2019-05-24,LFIN.N0000,30.2,30.225,29.75,29.75,824
2019-05-27,LFIN.N0000,30.25,30.875,30,30,13396
2019-05-28,LFIN.N0000,30,30,30,30,12300
2019-05-29,LFIN.N0000,30.875,30.875,30.875,30.875,4600
2019-05-30,LFIN.N0000,30.5,30.75,30.5,30.75,5280
2019-06-03,LFIN.N0000,31,31,30.875,30.875,40
2019-06-06,LFIN.N0000,30.75,31,30.5,31,1844
2019-06-07,LFIN.N0000,31,31,31,31,13028
2019-06-10,LFIN.N0000,31,31,31,31,12
2019-06-11,LFIN.N0000,31,31,30.875,30.875,4200
2019-06-12,LFIN.N0000,30.875,30.875,30.75,30.75,4224
2019-06-13,LFIN.N0000,30.875,30.875,30.55,30.55,2612
2019-06-14,LFIN.N0000,30.575,30.575,30.15,30.15,2420
2019-06-17,LFIN.N0000,30.5,30.5,30.2,30.2,15104
2019-06-18,LFIN.N0000,30.375,30.375,30.375,30.375,2000
2019-06-19,LFIN.N0000,30.375,30.375,30.375,30.375,1664
2019-06-20,LFIN.N0000,30.375,30.375,30.375,30.375,14536
2019-06-24,LFIN.N0000,30.4,30.4,30.375,30.375,4016
2019-06-26,LFIN.N0000,31,31.25,30.5,31.25,6596
2019-06-27,LFIN.N0000,31.225,31.75,31.125,31.25,126460
2019-06-28,LFIN.N0000,30.25,30.25,30,30,10976
2019-07-01,LFIN.N0000,30.25,30.25,30.25,30.25,312
2019-07-03,LFIN.N0000,30.975,31,30.975,31,44
2019-07-04,LFIN.N0000,30.075,31.25,30.05,31.25,41540
2019-07-08,LFIN.N0000,31.25,31.25,30.625,31,1180
2019-07-10,LFIN.N0000,30.375,31.175,30.25,31.175,87296
2019-07-11,LFIN.N0000,30.625,31.225,30.5,30.5,12188
2019-07-12,LFIN.N0000,30.5,31,30.5,31,820
2019-07-15,LFIN.N0000,31.125,31.125,31.125,31.125,204
2019-07-16,LFIN.N0000,31.125,31.125,31.125,31.125,1680
2019-07-17,LFIN.N0000,31.125,31.125,31.1,31.125,20696
2019-07-19,LFIN.N0000,31.125,31.125,31,31,1900
2019-07-22,LFIN.N0000,31.125,31.25,31.125,31.25,27048
2019-07-23,LFIN.N0000,31.175,31.175,31,31,14596
2019-07-24,LFIN.N0000,31.15,31.75,31.1,31.75,68208
2019-07-26,LFIN.N0000,32.25,32.25,31.75,31.875,18788
2019-07-29,LFIN.N0000,32,32.525003,31.625,32.025003,33796
2019-07-30,LFIN.N0000,32.75,33.75,31.7,33,101160
2019-07-31,LFIN.N0000,33.224998,34.349998,33.224998,33.95,190944
2019-08-01,LFIN.N0000,33.95,34.5,33.75,34,75904
2019-08-02,LFIN.N0000,33.775003,34.5,32.5,34.5,41720
2019-08-05,LFIN.N0000,34.25,34.25,33.45,33.45,144
2019-08-06,LFIN.N0000,32.025003,34.2,32.025003,33.25,4420
2019-08-07,LFIN.N0000,33.5,34.2,32.75,32.75,844
2019-08-09,LFIN.N0000,33.75,33.75,32.900003,33.625,376
2019-08-13,LFIN.N0000,33.625,34.175,33.625,33.675,83500
2019-08-15,LFIN.N0000,33.5,33.5,33.5,33.5,2200
2019-08-16,LFIN.N0000,32.75,33.675,32.599998,32.75,13388
2019-08-19,LFIN.N0000,32.75,32.775003,32.525003,32.75,23604
2019-08-20,LFIN.N0000,33.650003,33.650003,33.650003,33.650003,36
2019-08-22,LFIN.N0000,33,33.05,33,33.05,40148
2019-08-26,LFIN.N0000,32.925,32.925,32.900003,32.900003,2440
2019-08-28,LFIN.N0000,32.625,32.650003,32.625,32.625,360
2019-08-29,LFIN.N0000,33.25,33.25,32.625,32.75,8612
2019-08-30,LFIN.N0000,32.75,33.25,32.625,33,7640
2019-09-02,LFIN.N0000,33.224998,33.325,32.75,32.75,6372
2019-09-03,LFIN.N0000,32.650003,32.75,32.55,32.75,8400
2019-09-04,LFIN.N0000,32.75,33.55,32.75,33.55,13224
2019-09-05,LFIN.N0000,32.55,32.875,32.125,32.125,8800
2019-09-10,LFIN.N0000,32.05,32.5,32.025003,32.5,12764
2019-09-11,LFIN.N0000,32.25,32.75,32.25,32.5,125716
2019-09-12,LFIN.N0000,32.875,32.875,32.5,32.875,6220
2019-09-17,LFIN.N0000,32.525003,32.724998,32.5,32.5,12092
2019-09-18,LFIN.N0000,32.5,32.5,32.5,32.5,27944
2019-09-23,LFIN.N0000,32.25,32.474998,32.25,32.474998,84
2019-09-24,LFIN.N0000,32.25,32.375,32.25,32.375,424
2019-09-25,LFIN.N0000,32.375,32.375,32.375,32.375,2600
2019-09-26,LFIN.N0000,32.375,32.5,32.375,32.375,3528
2019-10-01,LFIN.N0000,32.75,32.75,32.5,32.5,596
2019-10-03,LFIN.N0000,32.400003,32.400003,32.05,32.25,11696
2019-10-07,LFIN.N0000,33.75,33.75,32.5,32.5,1404
2019-10-09,LFIN.N0000,32.375,33.5,32.375,33.5,10448
2019-10-11,LFIN.N0000,32.75,33.125,32.75,32.75,308
2019-10-14,LFIN.N0000,33.125,33.474998,32.75,33.474998,7212
2019-10-15,LFIN.N0000,32.775003,33.125,32.5,33.125,28000
2019-10-16,LFIN.N0000,33.45,33.45,32.5,32.5,2140
2019-10-17,LFIN.N0000,32.5,32.5,32.5,32.5,4004
2019-10-18,LFIN.N0000,32.5,33,32.5,33,8200
2019-10-21,LFIN.N0000,33,33,32.5,32.5,67616
2019-10-22,LFIN.N0000,32.525003,33.25,32.525003,33.25,47020
2019-10-23,LFIN.N0000,33.25,34,33.025003,33.75,68404
2019-10-24,LFIN.N0000,34,34.125,33.8,34,266024
2019-10-25,LFIN.N0000,34.025003,34.125,34,34,12044
2019-10-28,LFIN.N0000,34.175,34.25,34.075,34.075,13960
2019-10-29,LFIN.N0000,34.075,34.625,34.075,34.625,84396
2019-10-30,LFIN.N0000,34.625,34.625,34.625,34.625,16248
2019-10-31,LFIN.N0000,34.75,36.224998,34.75,35.5,108100
2019-11-01,LFIN.N0000,35.75,35.75,35.075,35.375,2016
2019-11-04,LFIN.N0000,35.675,35.75,35.125,35.75,18412
2019-11-06,LFIN.N0000,36,36.75,35.75,35.75,769800
2019-11-07,LFIN.N0000,35.75,37.125,35.75,36.75,357204
2019-11-08,LFIN.N0000,36.25,37.125,35.75,37.125,91660
2019-11-13,LFIN.N0000,37,37,36.75,37,57228
2019-11-14,LFIN.N0000,36.75,37.5,36.75,37.45,90728
2019-11-15,LFIN.N0000,37.45,37.45,37.425,37.425,11420
2019-11-18,LFIN.N0000,37.5,39.95,37.5,38.5,62880
2019-11-19,LFIN.N0000,38.5,38.5,37.75,38.400003,18180
2019-11-21,LFIN.N0000,38.474998,39.75,38.474998,38.75,318528
2019-11-22,LFIN.N0000,38.75,39.25,38.75,38.775003,13448
2019-11-25,LFIN.N0000,38.75,39.25,38.75,39.25,14268
2019-11-26,LFIN.N0000,39,39.2,39,39.2,61092
2019-11-27,LFIN.N0000,39.2,39.2,39.125,39.125,168
2019-11-29,LFIN.N0000,38.8,39.5,38.8,39.025003,1512
2019-12-02,LFIN.N0000,39.25,39.275003,39,39,10608
2019-12-03,LFIN.N0000,39,39.125,38.974998,39.125,40460
2019-12-04,LFIN.N0000,39.25,39.25,39.025003,39.025003,1824
2019-12-05,LFIN.N0000,39.025003,39.025003,38.8,38.8,1160
2019-12-09,LFIN.N0000,38.875,38.875,36.375,38.875,6920
2019-12-10,LFIN.N0000,38.425,38.45,36.7,38.45,144
2019-12-12,LFIN.N0000,38.875,38.875,38.5,38.5,2820
2019-12-13,LFIN.N0000,38.5,38.525003,38.5,38.5,816
2019-12-17,LFIN.N0000,38.325,38.375,37.5,38.375,3372
2019-12-19,LFIN.N0000,38.25,38.25,38.25,38.25,820
2019-12-20,LFIN.N0000,37.75,38.375,37.5,38.25,8744
2019-12-23,LFIN.N0000,38,38.25,38,38.25,440
2019-12-26,LFIN.N0000,38.25,38.5,38.099998,38.25,632
2019-12-30,LFIN.N0000,38.75,39.25,38.75,38.75,1572
2019-12-31,LFIN.N0000,38.75,38.75,38.25,38.525003,1000
2020-01-02,LFIN.N0000,38.75,38.75,38.75,38.75,160
2020-01-03,LFIN.N0000,38.5,40,38.5,40,871396
2020-01-06,LFIN.N0000,41.224998,41.224998,39.375,39.400003,413988
2020-01-07,LFIN.N0000,39.375,40,39.375,40,936084
2020-01-08,LFIN.N0000,39.275003,40,38.75,39.25,11428
2020-01-14,LFIN.N0000,39,39,39,39,480
2020-01-15,LFIN.N0000,39.25,39.25,39.25,39.25,20
2020-01-20,LFIN.N0000,38.875,39.224998,38.5,39.125,14396
2020-01-22,LFIN.N0000,39.25,39.25,38.375,38.375,4620
2020-01-23,LFIN.N0000,39,39,38.375,38.375,14032
2020-01-24,LFIN.N0000,39.25,40.5,39.25,40.3,593108
2020-01-27,LFIN.N0000,40,40,39.7,39.75,14540
2020-01-28,LFIN.N0000,39.75,39.75,39.375,39.375,20608
2020-01-29,LFIN.N0000,39.375,39.75,39.375,39.5,10580
2020-01-31,LFIN.N0000,40.5,40.5,40,40,26656
2020-02-03,LFIN.N0000,40,40,39.625,40,11232
2020-02-05,LFIN.N0000,40.25,40.25,39.75,39.75,7456
2020-02-06,LFIN.N0000,40.25,40.25,40,40.25,3036
2020-02-07,LFIN.N0000,40.025003,40.5,40.025003,40.5,17744
2020-02-10,LFIN.N0000,40.25,40.974998,40.25,40.974998,47128
2020-02-11,LFIN.N0000,41.075,41.25,41.075,41.175,12176
2020-02-12,LFIN.N0000,41.125,41.5,41,41,28192
2020-02-13,LFIN.N0000,41,41.25,41,41.025003,29212
2020-02-17,LFIN.N0000,41.75,41.75,40.75,40.75,33200
2020-02-18,LFIN.N0000,41.875,41.875,40.275003,41.375,5164
2020-02-19,LFIN.N0000,41.625,41.75,40.525003,41.224998,6072
2020-02-24,LFIN.N0000,40.875,40.900003,40.5,40.5,2564
2020-02-25,LFIN.N0000,40.5,40.5,40,40.25,11996
2020-02-26,LFIN.N0000,40.25,40.25,39.5,39.5,38100
2020-02-27,LFIN.N0000,39.5,40.5,39.5,39.5,6448
2020-03-02,LFIN.N0000,39.5,40,39.5,40,1900
2020-03-04,LFIN.N0000,39.75,39.75,38.75,39.75,15684
2020-03-05,LFIN.N0000,39.75,39.75,38.75,38.75,6372
2020-03-06,LFIN.N0000,40.875,40.875,38.275003,38.275003,7352
2020-03-10,LFIN.N0000,38.25,38.25,37,37.125,59600
2020-03-11,LFIN.N0000,37.5,38.2,37,38.2,20320
2020-03-12,LFIN.N0000,36.525003,37.474998,36.25,36.25,6460
2020-03-13,LFIN.N0000,35.275003,35.275003,33.25,35,293368
2020-03-19,LFIN.N0000,32.5,32.5,29.75,30.125,102184
2020-05-12,LFIN.N0000,28.7,32.2,28.7,31.85,12260
2020-05-14,LFIN.N0000,34.5,34.5,33.5,33.75,2200
2020-05-15,LFIN.N0000,33.875,34.474998,33.875,34.474998,8324
2020-05-18,LFIN.N0000,34.625,35,34.5,34.5,7220
2020-05-19,LFIN.N0000,34.7,35,33.25,33.75,59652
2020-05-20,LFIN.N0000,34.974998,34.974998,33.349998,33.75,3032
2020-05-21,LFIN.N0000,33.75,35,33.625,35,2688
2020-05-22,LFIN.N0000,35,35,33.75,33.75,16252
2020-05-26,LFIN.N0000,32.5,33.75,32.25,33.75,38608
2020-05-27,LFIN.N0000,33,35,33,33,14416
2020-05-28,LFIN.N0000,33,34.95,33,34.75,1756
2020-05-29,LFIN.N0000,34.025003,35.5,34.025003,34.25,18304
2020-06-01,LFIN.N0000,35,35,34.25,34.25,14280
2020-06-02,LFIN.N0000,34.5,34.875,34.25,34.25,7588
2020-06-03,LFIN.N0000,34.849998,34.849998,34.75,34.75,4260
2020-06-04,LFIN.N0000,34.825,34.825,34.5,34.75,792
2020-06-08,LFIN.N0000,34.5,35,34.5,34.849998,752
2020-06-09,LFIN.N0000,34.849998,35,34.5,35,19184
2020-06-10,LFIN.N0000,35,35.25,34.8,35,45204
2020-06-11,LFIN.N0000,34.875,34.974998,34.5,34.724998,9200
2020-06-12,LFIN.N0000,34.575,34.724998,34.474998,34.5,18232
2020-06-15,LFIN.N0000,34.5,34.5,34.45,34.474998,15432
2020-06-16,LFIN.N0000,34.75,35.275003,34.75,34.974998,1316
2020-06-17,LFIN.N0000,34.5,34.724998,34.5,34.724998,3748
2020-06-19,LFIN.N0000,34.974998,35,34.974998,34.974998,10164
2020-06-22,LFIN.N0000,35,35,34.5,34.974998,47536
2020-06-23,LFIN.N0000,34.75,35,34.425,34.5,56856
2020-06-24,LFIN.N0000,34.55,34.75,34.375,34.375,20488
2020-06-25,LFIN.N0000,34.75,35,34.5,35,10020
2020-06-26,LFIN.N0000,35,35,34.775003,34.974998,2328
2020-06-29,LFIN.N0000,35,35,34.55,35,83232
2020-06-30,LFIN.N0000,34.974998,35,34.575,35,117456
2020-07-01,LFIN.N0000,38.5,38.5,34.8,34.974998,8368
2020-07-02,LFIN.N0000,34.925,36.2,34.925,35.849998,67288
2020-07-03,LFIN.N0000,35,35,34.75,34.75,9776
2020-07-06,LFIN.N0000,34.625,34.625,34.400003,34.5,22512
2020-07-07,LFIN.N0000,34.625,35,34.375,34.625,9428
2020-07-08,LFIN.N0000,34.75,35,34.5,34.5,37460
2020-07-09,LFIN.N0000,34.5,34.75,34.25,34.25,499484
2020-07-10,LFIN.N0000,34.125,34.5,33.875,33.875,30188
2020-07-13,LFIN.N0000,33.5,33.75,32,33.474998,49392
2020-07-14,LFIN.N0000,34.25,34.25,33.25,33.5,117252
2020-07-15,LFIN.N0000,33,33.75,32.775003,33.75,5396
2020-07-16,LFIN.N0000,34.2,34.25,33.75,33.75,18396
2020-07-17,LFIN.N0000,34.25,34.45,33.75,33.75,26220
2020-07-20,LFIN.N0000,34.45,34.45,33.75,33.75,15672
2020-07-21,LFIN.N0000,33.75,33.75,33.724998,33.75,47384
2020-07-22,LFIN.N0000,33.724998,33.724998,33.474998,33.474998,18532
2020-07-23,LFIN.N0000,33.5,33.5,33.5,33.5,19400
2020-07-24,LFIN.N0000,33.5,33.55,33.5,33.5,28308
2020-07-27,LFIN.N0000,33.5,33.625,33.45,33.5,168588
2020-07-28,LFIN.N0000,33.5,33.5,33,33.375,107228
2020-07-29,LFIN.N0000,33.25,33.25,32.900003,32.95,47460
2020-07-30,LFIN.N0000,33,33,32.125,32.25,277136
2020-07-31,LFIN.N0000,33.724998,33.724998,32.25,32.474998,94704
2020-08-04,LFIN.N0000,32.724998,33.724998,32.474998,32.5,716188
2020-08-06,LFIN.N0000,33.400003,33.400003,33,33.325,28664
2020-08-07,LFIN.N0000,33.75,33.75,32.5,33.5,76528
2020-08-10,LFIN.N0000,33.7,33.75,33.25,33.625,77824
2020-08-11,LFIN.N0000,33.875,34.25,33.625,34.025003,78788
2020-08-12,LFIN.N0000,34.05,34.25,33.75,33.775003,149660
2020-08-13,LFIN.N0000,33.95,33.95,33.75,33.75,29756
2020-08-14,LFIN.N0000,33.75,33.974998,33.5,33.974998,298408
2020-08-17,LFIN.N0000,33.7,33.7,32.75,33.025003,93212
2020-08-18,LFIN.N0000,33,33.5,33,33.45,39484
2020-08-19,LFIN.N0000,33.525003,34,33.125,33.474998,77520
2020-08-20,LFIN.N0000,33.75,33.75,33.224998,33.474998,22640
2020-08-21,LFIN.N0000,33.5,33.724998,33.25,33.55,113888
2020-08-24,LFIN.N0000,33.724998,34,33.525003,33.75,441104
2020-08-25,LFIN.N0000,34.5,34.5,33.75,34,57552
2020-08-26,LFIN.N0000,34,34.425,33.75,34.349998,68392
2020-08-27,LFIN.N0000,34.45,34.5,34,34.25,27036
2020-08-28,LFIN.N0000,34.375,34.375,34.125,34.375,29592
2020-08-31,LFIN.N0000,34.325,34.375,34.025003,34.099998,62184
2020-09-02,LFIN.N0000,34,34.3,34,34.25,20388
2020-09-03,LFIN.N0000,34.25,34.25,34,34.224998,17748
2020-09-04,LFIN.N0000,34.125,34.2,34.125,34.150003,1744
2020-09-07,LFIN.N0000,34.025003,34.325,34.025003,34.05,6308
2020-09-08,LFIN.N0000,34,34.349998,34,34.25,83644
2020-09-09,LFIN.N0000,34.3,34.3,34.2,34.2,51688
2020-09-10,LFIN.N0000,34.3,34.474998,34.25,34.375,85576
2020-09-11,LFIN.N0000,34.474998,34.5,34.25,34.375,21984
2020-09-14,LFIN.N0000,34.5,34.5,34.224998,34.25,56372
2020-09-15,LFIN.N0000,34.25,34.25,34,34.25,153672
2020-09-16,LFIN.N0000,34.25,34.25,33.75,33.75,111692
2020-09-17,LFIN.N0000,33.75,34.25,33.75,34,249696
2020-09-18,LFIN.N0000,34.25,34.650003,34.125,34.5,517220
2020-09-21,LFIN.N0000,34.5,34.7,34.125,34.349998,103964
2020-09-22,LFIN.N0000,34.5,34.724998,34.375,34.5,158628
2020-09-23,LFIN.N0000,34.724998,34.75,34.5,34.5,76888
2020-09-24,LFIN.N0000,34.5,34.575,34.375,34.575,213420
2020-09-25,LFIN.N0000,34.75,35,34.5,34.7,40316
2020-09-28,LFIN.N0000,34.75,35.125,34.625,35.125,226632
2020-09-29,LFIN.N0000,35.125,36.25,35,36.125,202132
2020-09-30,LFIN.N0000,36.25,36.25,35.8,35.974998,161140
2020-10-02,LFIN.N0000,36,36,35.650003,35.95,118516
2020-10-05,LFIN.N0000,35.25,35.25,32.5,33.75,88060
2020-10-06,LFIN.N0000,33,34.175,32.474998,33.275003,155048
2020-10-07,LFIN.N0000,33.025003,34,33.025003,33.425,31992
2020-10-08,LFIN.N0000,33.5,33.75,33.5,33.625,37652
2020-10-09,LFIN.N0000,34.325,34.974998,33.95,34,39016
2020-10-12,LFIN.N0000,34.925,34.925,33.75,33.75,27620
2020-10-13,LFIN.N0000,33.849998,34.25,33.5,33.75,22632
2020-10-14,LFIN.N0000,33.849998,33.849998,33.5,33.625,35308
2020-10-15,LFIN.N0000,33.5,34.724998,33.5,34.375,20524
2020-10-16,LFIN.N0000,34.5,34.5,33.75,33.75,80888
2020-10-19,LFIN.N0000,34.474998,34.7,33.8,34.125,35320
2020-10-20,LFIN.N0000,34.125,34.5,33.75,34,39796
2020-10-21,LFIN.N0000,33.825,33.825,32.25,33.224998,106148
2020-10-22,LFIN.N0000,32.625,33.474998,32.5,33.075,24140
2020-10-23,LFIN.N0000,35,36,33.900003,34,100008
2020-10-26,LFIN.N0000,33.75,34,33.25,33.55,36132
2020-10-27,LFIN.N0000,33.75,33.75,33.5,33.675,28632
2020-10-28,LFIN.N0000,33.974998,33.974998,33,33.375,18736
2020-10-29,LFIN.N0000,33.375,34,33.175,33.75,42712
2020-11-02,LFIN.N0000,33.75,33.900003,33.625,33.75,84612
2020-11-03,LFIN.N0000,33.75,33.925,33.724998,33.875,46832
2020-11-04,LFIN.N0000,33.849998,33.849998,33.7,33.75,36552
2020-11-05,LFIN.N0000,33.75,33.75,33.3,33.724998,62080
2020-11-06,LFIN.N0000,33.724998,34.224998,33.724998,34.224998,51536
2020-11-09,LFIN.N0000,34.25,34.5,34.25,34.25,42604
2020-11-10,LFIN.N0000,34.5,34.974998,34.45,34.974998,41300
2020-11-11,LFIN.N0000,34.95,35,34.525003,35,99900
2020-11-12,LFIN.N0000,35,35,33.775003,34.25,120700
2020-11-13,LFIN.N0000,34.925,34.974998,34.375,34.974998,6444
2020-11-16,LFIN.N0000,34.375,34.974998,33.75,34.974998,56736
2020-11-17,LFIN.N0000,34.95,34.95,33.8,34.275003,76920
2020-11-18,LFIN.N0000,34.525003,34.75,34.125,34.175,7364
2020-11-19,LFIN.N0000,34.175,34.5,34,34.5,30440
2020-11-20,LFIN.N0000,34.5,34.75,34.375,34.375,17588
2020-11-23,LFIN.N0000,34.625,35,34.375,34.45,68896
2020-11-24,LFIN.N0000,34.425,34.925,34.425,34.925,3580
2020-11-25,LFIN.N0000,34.75,34.75,34.375,34.7,22500
2020-11-26,LFIN.N0000,34.400003,35.125,34.400003,34.724998,49964
2020-11-27,LFIN.N0000,34.75,35,34.5,34.525003,117760
2020-11-30,LFIN.N0000,34.7,34.7,34.5,34.5,31572
2020-12-01,LFIN.N0000,34.5,35.724998,34.45,35.05,569160
2020-12-02,LFIN.N0000,35.25,35.5,34.5,35.025002,34220
2020-12-03,LFIN.N0000,35.5,35.5,34.5,35,223120
2020-12-04,LFIN.N0000,34.95,35.625,34.325,35,1150680
2020-12-07,LFIN.N0000,35.625,36.25,35.05,36.224998,1634516
2020-12-08,LFIN.N0000,36.25,37.25,36.25,37.175,257440
2020-12-09,LFIN.N0000,37.5,37.974998,37,37.5,249296
2020-12-10,LFIN.N0000,37.724998,37.724998,36.75,37.099998,74596
2020-12-11,LFIN.N0000,36.75,37.5,36.75,37.025002,31100
2020-12-14,LFIN.N0000,37,37.45,36.3,37.349998,34408
2020-12-15,LFIN.N0000,37.025002,37.25,37,37,317740
2020-12-16,LFIN.N0000,37.400002,37.400002,37,37,77864
2020-12-17,LFIN.N0000,36.825,37,36.025002,36.25,83476
2020-12-18,LFIN.N0000,36.25,36.25,35.75,36,25920
2020-12-21,LFIN.N0000,35.5,35.974998,35.2,35.5,11488
2020-12-22,LFIN.N0000,36,36,35.650002,35.650002,19568
2020-12-23,LFIN.N0000,35.5,36,35.25,36,45816
2020-12-24,LFIN.N0000,35.5,35.75,35.5,35.75,52252
2020-12-28,LFIN.N0000,35.75,36.224998,35.75,35.900002,129268
2020-12-30,LFIN.N0000,36.224998,36.224998,36.125,36.2,31388
2020-12-31,LFIN.N0000,36.5,36.5,36.375,36.5,22588
2021-01-04,LFIN.N0000,36.875,38,36.875,37.75,846352
2021-01-05,LFIN.N0000,37.75,38,36.875,37.525002,104440
2021-01-07,LFIN.N0000,37.95,38.5,37.599998,37.724998,93432
2021-01-08,LFIN.N0000,37.5,38.25,37.5,38.125,52196
2021-01-11,LFIN.N0000,38.25,38.75,37.5625,38.75,234580
2021-01-12,LFIN.N0000,38.125,38.25,37.625,38.25,83160
2021-01-13,LFIN.N0000,37.8125,39.75,37.8125,39,176464
2021-01-15,LFIN.N0000,39.9375,39.9375,37.5,39.5,558476
2021-01-18,LFIN.N0000,38.75,41.25,38.75,40.25,361908
2021-01-19,LFIN.N0000,40.375,41.25,39.5,41,644940
2021-01-20,LFIN.N0000,40.75,48.5,40.75,46.25,537816
2021-01-21,LFIN.N0000,50,56.25,49.125,55.625,1438472
2021-01-22,LFIN.N0000,56.625,58.75,56.5,58,614904
2021-01-25,LFIN.N0000,60,61.25,57.5,57.875,485852
2021-01-26,LFIN.N0000,57.75,59,57.75,57.875,245284
2021-01-27,LFIN.N0000,58.75,87.1875,58.75,79.5,4170108
2021-01-29,LFIN.N0000,83.8125,84.5,67.5,76.25,1823736
2021-02-01,LFIN.N0000,76.25,77.5,73.75,75,926312
2021-02-02,LFIN.N0000,72,72,60,62.5,1955236
2021-02-03,LFIN.N0000,63.75,67,56.25,64.5,1968460
2021-02-05,LFIN.N0000,66,66,63.5,63.75,351000
2021-02-08,LFIN.N0000,65,65,57.5,58.75,362576
2021-02-09,LFIN.N0000,58.9375,59,54,56.25,397668
2021-02-10,LFIN.N0000,56.25,56.25,51.25,51.25,382740
2021-02-11,LFIN.N0000,51.25,55.5,46.25,54.75,403084
2021-02-12,LFIN.N0000,55,62.25,55,60,334620
2021-02-15,LFIN.N0000,60,61.25,55.75,57.125,200788
2021-02-16,LFIN.N0000,57.125,58.75,52.5,55.5,246228
2021-02-17,LFIN.N0000,54.75,57.5,51.75,57.5,108576
2021-02-18,LFIN.N0000,57.375,57.375,54,55,84224
2021-02-19,LFIN.N0000,56.125,56.25,53.8125,55,166412
2021-02-22,LFIN.N0000,55,55,53.0625,53.75,32628
2021-02-23,LFIN.N0000,53.75,53.75,50.0625,51.25,65844
2021-02-24,LFIN.N0000,51.25,53.625,51.25,52.1875,156820
2021-02-25,LFIN.N0000,52.4375,52.5,51.25,52,156412
2021-03-01,LFIN.N0000,52.5,52.5,51.8125,51.8125,19880
2021-03-02,LFIN.N0000,52.5,52.5,50.0625,51.25,66036
2021-03-03,LFIN.N0000,51.3125,51.3125,48.75,49.25,87348
2021-03-04,LFIN.N0000,49.25,50,44.75,45,262576
2021-03-05,LFIN.N0000,46.25,46.25,42,44.6875,213676
2021-03-08,LFIN.N0000,45,48.25,45,48.125,174084
2021-03-09,LFIN.N0000,48.75,49.9375,47,48.0625,324596
2021-03-10,LFIN.N0000,48.75,48.75,46.25,46.3125,34708
2021-03-17,LFIN.N0000,47.400002,49.900002,44.799999,44.900002,116464
2021-03-18,LFIN.N0000,46,46,43.299999,44,317339
2021-03-19,LFIN.N0000,44.299999,44.299999,42.700001,43.099998,96827
2021-03-22,LFIN.N0000,44,46,44,45,24190
2021-03-23,LFIN.N0000,45,45,44.200001,44.5,58370
2021-03-24,LFIN.N0000,42.599998,49.5,42.599998,48,117588
2021-03-25,LFIN.N0000,48.5,51,46,48,181447
2021-03-26,LFIN.N0000,48.5,48.5,46,47.799999,70889
2021-03-29,LFIN.N0000,48,48,47,47,32814
2021-03-30,LFIN.N0000,48,48,47,47.5,18670
2021-03-31,LFIN.N0000,47.5,47.799999,47.099998,47.299999,7643
2021-04-01,LFIN.N0000,47.799999,48,47.5,47.700001,44153
2021-04-05,LFIN.N0000,48,51.5,48,49.700001,100503
2021-04-06,LFIN.N0000,49.900002,50.799999,49.599998,50,1158713
2021-04-07,LFIN.N0000,51,52.700001,49.900002,52.099998,1019839
2021-04-08,LFIN.N0000,52.400002,53.900002,52.099998,53.400002,58378
2021-04-09,LFIN.N0000,53.700001,63,53.700001,56.799999,452716
2021-04-12,LFIN.N0000,57,59.799999,57,59.5,462441
2021-04-15,LFIN.N0000,60,62.400002,59.700001,61.900002,666755
2021-04-16,LFIN.N0000,62,62.200001,59.099998,61.599998,263710
2021-04-19,LFIN.N0000,62,63.5,60,62,471154
2021-04-20,LFIN.N0000,62.5,62.5,57.700001,59,230116
2021-04-21,LFIN.N0000,59,59,56.599998,59,314876
2021-04-22,LFIN.N0000,58.599998,58.599998,50,56.5,497906
2021-04-23,LFIN.N0000,55,57,53.400002,54,167457
2021-04-27,LFIN.N0000,52.599998,53.799999,50.5,51.5,468056
2021-04-28,LFIN.N0000,51,55.900002,51,54.900002,205839
2021-04-29,LFIN.N0000,56,56,52.5,54.299999,95938
2021-05-03,LFIN.N0000,54,54,52.099998,53,64313
2021-05-04,LFIN.N0000,54,54,52.099998,52.5,91187
2021-05-05,LFIN.N0000,52.5,53.799999,52.200001,53.799999,52584
2021-05-06,LFIN.N0000,53.5,54.200001,52.900002,53.900002,82172
2021-05-07,LFIN.N0000,53.900002,54.5,52.200001,54.5,84833
2021-05-10,LFIN.N0000,54.599998,54.599998,51.900002,52.099998,160677
2021-05-11,LFIN.N0000,52.299999,54,52.299999,53.5,16380
2021-05-12,LFIN.N0000,53.5,53.900002,53.200001,53.299999,27213
2021-05-13,LFIN.N0000,52.200001,54,52.200001,53.700001,125005
2021-05-17,LFIN.N0000,54,55.900002,54,55.599998,126968
2021-05-18,LFIN.N0000,55.599998,55.700001,54.700001,55.200001,59742
2021-05-19,LFIN.N0000,55.5,57.900002,55.5,57,247630
2021-05-20,LFIN.N0000,58,58,56.299999,57.5,192669
2021-05-21,LFIN.N0000,57.599998,57.599998,54.099998,57,232204
2021-05-24,LFIN.N0000,56.5,56.799999,55.099998,56,76632
2021-05-25,LFIN.N0000,57,57,55.5,56.799999,10834
2021-05-28,LFIN.N0000,57.5,58.900002,56.5,58.400002,138169
2021-05-31,LFIN.N0000,58.700001,61.900002,58.700001,61.900002,593826
2021-06-01,LFIN.N0000,61,63.5,57.099998,63.5,716408
2021-06-02,LFIN.N0000,63.5,68.400002,62.700001,65,2063528
2021-06-03,LFIN.N0000,65.800003,66,64.300003,64.800003,680537
2021-06-04,LFIN.N0000,65.199997,65.199997,64.300003,64.900002,390083
2021-06-07,LFIN.N0000,65,65.5,64.599998,64.800003,345367
2021-06-08,LFIN.N0000,64.800003,65.300003,64.5,65,118861
2021-06-09,LFIN.N0000,64.800003,65.099998,64.5,65,239403
2021-06-10,LFIN.N0000,65,66.900002,64.699997,66.5,450401
2021-06-11,LFIN.N0000,66.5,67,65.699997,66.300003,375247
2021-06-14,LFIN.N0000,66.400002,66.5,65.5,65.800003,208980
2021-06-15,LFIN.N0000,65.800003,65.900002,65.5,65.699997,253328
2021-06-16,LFIN.N0000,65.699997,66.5,65.199997,65.900002,519785
2021-06-17,LFIN.N0000,66,66.300003,65.300003,66,529829
2021-06-18,LFIN.N0000,66,69.599998,65.699997,69.199997,1433224
2021-06-21,LFIN.N0000,69.5,70.800003,69,70.400002,632066
2021-06-22,LFIN.N0000,70.599998,70.699997,69.5,69.5,324519
2021-06-23,LFIN.N0000,69.5,69.5,68,68.900002,159571
2021-06-25,LFIN.N0000,69.400002,69.699997,69.099998,69.400002,111891
2021-06-28,LFIN.N0000,69.599998,69.599998,68.800003,69.5,265480
2021-06-29,LFIN.N0000,69.199997,69.199997,67.800003,68.199997,373698
2021-06-30,LFIN.N0000,67.900002,68.5,67,68.5,776109
2021-07-01,LFIN.N0000,62,63.599998,61.5,62.599998,491445
2021-07-02,LFIN.N0000,63,63,61,62,8180372
2021-07-05,LFIN.N0000,61.799999,62.900002,61.799999,61.799999,169462
2021-07-06,LFIN.N0000,62,62,61,61.400002,225145
2021-07-07,LFIN.N0000,61.5,61.900002,61.099998,61.599998,68167
2021-07-08,LFIN.N0000,61.5,61.900002,61.400002,61.5,31967
2021-07-09,LFIN.N0000,61.400002,62.400002,61.400002,62,49588
2021-07-12,LFIN.N0000,62.200001,62.400002,61.400002,62.200001,77968
2021-07-13,LFIN.N0000,62.400002,63,62,62.900002,155166
2021-07-14,LFIN.N0000,63,64.400002,62.799999,64.300003,847055
2021-07-15,LFIN.N0000,64,66.300003,64,65.199997,703314
2021-07-16,LFIN.N0000,66,66,64.5,64.599998,214097
2021-07-19,LFIN.N0000,65,65.099998,64.300003,65,195756
2021-07-20,LFIN.N0000,65,65.300003,64.5,65.099998,257660
2021-07-22,LFIN.N0000,65.099998,65.099998,63.799999,64.400002,2175146
2021-07-26,LFIN.N0000,64.800003,65,63.5,63.5,289584
2021-07-27,LFIN.N0000,63.5,64.699997,63.299999,63.900002,99677
2021-07-28,LFIN.N0000,64,64,63.5,63.700001,165196
2021-07-29,LFIN.N0000,63.599998,64,63.400002,63.799999,163112
2021-07-30,LFIN.N0000,63.799999,64,62.900002,63.900002,493293
2021-08-02,LFIN.N0000,64.400002,64.5,63.599998,63.900002,344835
2021-08-03,LFIN.N0000,63.799999,65.5,63.5,65.400002,484356
2021-08-04,LFIN.N0000,65.5,65.699997,64,64.800003,349703
2021-08-05,LFIN.N0000,64.099998,64.800003,63,63.5,287096
2021-08-06,LFIN.N0000,63,64.900002,62.5,64,95277
2021-08-09,LFIN.N0000,64.099998,64.099998,63,63.900002,32735
2021-08-10,LFIN.N0000,63,63.700001,62.5,62.900002,218199
2021-08-11,LFIN.N0000,63,63,62,62.299999,125256
2021-08-12,LFIN.N0000,62.299999,64,62,62.5,139158
2021-08-13,LFIN.N0000,62.799999,63.5,60,61.5,221532
2021-08-16,LFIN.N0000,60.5,62.900002,60.5,62.299999,11231
2021-08-17,LFIN.N0000,62.799999,62.799999,61.700001,61.700001,111677
2021-08-18,LFIN.N0000,63,63,61.599998,62.5,190886
2021-08-19,LFIN.N0000,62.599998,62.599998,60,61,465197
2021-08-20,LFIN.N0000,61,61.5,60,60.099998,184435
2021-08-23,LFIN.N0000,60.5,62.900002,59.900002,61.400002,1075512
2021-08-24,LFIN.N0000,61.799999,63,61.299999,61.599998,118835
2021-08-25,LFIN.N0000,61.700001,62.700001,61,61.900002,100240
2021-08-26,LFIN.N0000,61.200001,63.700001,60.5,63,489947
2021-08-27,LFIN.N0000,63,63.5,61,62.5,246569
2021-08-30,LFIN.N0000,61.700001,63.5,60.599998,62.400002,1645834
2021-08-31,LFIN.N0000,62.799999,63.400002,62,62.900002,228360
2021-09-01,LFIN.N0000,62.5,63.5,62.5,63,965382
2021-09-02,LFIN.N0000,63.700001,67,63.700001,66.300003,658629
2021-09-03,LFIN.N0000,66.5,67.099998,65.099998,66,352046
2021-09-06,LFIN.N0000,66,66.400002,63.5,64,249000
2021-09-07,LFIN.N0000,64,64,62,62.900002,227739
2021-09-08,LFIN.N0000,62.5,63,60,61.099998,508266
2021-09-09,LFIN.N0000,61.799999,63.599998,60.5,63,152826
2021-09-10,LFIN.N0000,61.099998,63.900002,61.099998,62,146398
2021-09-13,LFIN.N0000,63.400002,63.400002,61,62,201290
2021-09-14,LFIN.N0000,63.700001,63.700001,62.299999,62.5,127268
2021-09-15,LFIN.N0000,62.5,63.5,62,63.299999,96243
2021-09-16,LFIN.N0000,63,63.299999,62.099998,62.5,70975
2021-09-17,LFIN.N0000,62,62.5,60,61.700001,452314
2021-09-21,LFIN.N0000,61.799999,61.799999,60,60.5,117595
2021-09-22,LFIN.N0000,61,61.799999,60.5,61.5,54487
2021-09-23,LFIN.N0000,61.799999,61.799999,61.5,61.5,46813
2021-09-24,LFIN.N0000,61.5,62,61.099998,62,24584
2021-09-27,LFIN.N0000,61.900002,62.5,61.599998,61.700001,56536
2021-09-28,LFIN.N0000,61.900002,62,61,61.5,99941
2021-09-29,LFIN.N0000,61.5,61.5,61.299999,61.5,139824
2021-09-30,LFIN.N0000,61.5,62,60.799999,61,422089
2021-10-01,LFIN.N0000,61,61.5,60.5,61.5,622391
2021-10-04,LFIN.N0000,60.799999,62,60.5,61,77030
2021-10-05,LFIN.N0000,61,62,61,61.799999,68134
2021-10-06,LFIN.N0000,61.599998,66.199997,61.5,65.900002,1152125
2021-10-07,LFIN.N0000,66,67,64,65.5,858083
2021-10-08,LFIN.N0000,66.5,66.699997,63,64.800003,173465
2021-10-11,LFIN.N0000,64.800003,65.800003,64,65.099998,248003
2021-10-12,LFIN.N0000,65,66.400002,65,66,270686
2021-10-13,LFIN.N0000,65.699997,65.699997,64,64.900002,128601
2021-10-14,LFIN.N0000,65,65.699997,64.5,65,41910
2021-10-15,LFIN.N0000,65.699997,66,65.5,65.599998,126976
2021-10-18,LFIN.N0000,66,66.099998,65.300003,65.300003,21237
2021-10-21,LFIN.N0000,65.5,65.599998,65.099998,65.400002,178426
2021-10-22,LFIN.N0000,65.400002,65.900002,65,65.699997,523401
2021-10-25,LFIN.N0000,66.099998,68.300003,66.099998,68.199997,410378
2021-10-26,LFIN.N0000,68.199997,69,67.099998,68,620251
2021-10-27,LFIN.N0000,68,68.599998,67.5,68.400002,267417
2021-10-28,LFIN.N0000,68.800003,69.5,67.800003,68.5,341433
2021-10-29,LFIN.N0000,68.5,68.5,67.699997,68.5,168028
2021-11-01,LFIN.N0000,68.5,68.5,67,67.5,235692
2021-11-02,LFIN.N0000,67,67.800003,66.5,66.5,98339
2021-11-03,LFIN.N0000,66.699997,68,66.5,66.5,94199
2021-11-05,LFIN.N0000,66.199997,66.199997,64.199997,65.699997,88705
2021-11-08,LFIN.N0000,65,66.599998,64.199997,65.099998,72991
2021-11-09,LFIN.N0000,65.5,65.5,60.099998,62.799999,527611
2021-11-10,LFIN.N0000,62.799999,64.900002,62.799999,64.5,54938
2021-11-11,LFIN.N0000,64.900002,65,63.099998,64,132288
2021-11-12,LFIN.N0000,65,65,63.5,63.900002,30273
2021-11-15,LFIN.N0000,61,63,60.5,62.099998,626380
2021-11-16,LFIN.N0000,62.5,62.799999,62,62.5,148297
2021-11-17,LFIN.N0000,62.799999,64,62,64,58446
2021-11-19,LFIN.N0000,64,64,61.799999,62.599998,154143
2021-11-22,LFIN.N0000,63.799999,63.799999,63,63.5,91124
2021-11-23,LFIN.N0000,63.099998,63.5,62,63.5,80531
2021-11-24,LFIN.N0000,63.599998,63.700001,62.099998,62.5,42710
2021-11-25,LFIN.N0000,62.5,63.900002,62.299999,63.799999,113676
2021-11-26,LFIN.N0000,63.900002,63.900002,63,63.200001,53939
2021-11-29,LFIN.N0000,63.799999,63.799999,63.099998,63.599998,95872
2021-11-30,LFIN.N0000,63.599998,64.699997,63.599998,63.900002,83285
2021-12-01,LFIN.N0000,64,64.5,63.799999,63.799999,227815
2021-12-02,LFIN.N0000,64.5,66,64,64.199997,446645
2021-12-03,LFIN.N0000,65,65.5,63.5,63.799999,136873
2021-12-06,LFIN.N0000,63.700001,65.199997,63,64.5,483792
2021-12-07,LFIN.N0000,64.5,64.800003,63.5,64,145337
2021-12-08,LFIN.N0000,64,64.5,63.700001,63.900002,88742
2021-12-09,LFIN.N0000,64.5,64.5,63.5,64.300003,126087
2021-12-10,LFIN.N0000,64.5,64.5,63,64,135655
2021-12-13,LFIN.N0000,64.699997,65,63.5,64.900002,156851
2021-12-14,LFIN.N0000,64,64.800003,63.5,64,83993
2021-12-15,LFIN.N0000,64,67,63.700001,66.099998,243945
2021-12-16,LFIN.N0000,67,67.900002,65,66.699997,207330
2021-12-17,LFIN.N0000,66,66,64.099998,65.5,106974
2021-12-20,LFIN.N0000,64.699997,64.699997,63.700001,64,117397
2021-12-21,LFIN.N0000,64.699997,65.5,64.5,65,295770
2021-12-22,LFIN.N0000,65,67.699997,64.5,67,228589
2021-12-23,LFIN.N0000,66.199997,66.699997,64.5,66.199997,76236
2021-12-27,LFIN.N0000,64.5,68,64.5,67.699997,394894
2021-12-28,LFIN.N0000,67.5,68,66.5,68,146578
2021-12-29,LFIN.N0000,68,69.5,67.5,69,384750
2021-12-30,LFIN.N0000,69.300003,69.300003,67.5,67.699997,28921
2021-12-31,LFIN.N0000,68.400002,69,67.599998,67.900002,242979
2022-01-03,LFIN.N0000,68,68.300003,67.099998,68.300003,351796
2022-01-04,LFIN.N0000,68.300003,70,68.300003,68.400002,279644
2022-01-05,LFIN.N0000,69.800003,71,69.199997,70,1396794
2022-01-06,LFIN.N0000,70.5,75.400002,69,75,1270875
2022-01-07,LFIN.N0000,75.5,76.5,72.5,72.5,287284
2022-01-10,LFIN.N0000,73.5,73.5,69.800003,71.800003,1038816
2022-01-11,LFIN.N0000,70,78.5,69.300003,76.900002,1298920
2022-01-12,LFIN.N0000,78,80,76,76,331827
2022-01-13,LFIN.N0000,76.5,78,74,75.099998,161792
2022-01-18,LFIN.N0000,79,91,79,87.699997,1073933
2022-01-19,LFIN.N0000,90,92.099998,87.5,89,623103
2022-01-20,LFIN.N0000,89.900002,90,85,86,360931
2022-01-21,LFIN.N0000,85.699997,85.699997,82,84,161940
2022-01-24,LFIN.N0000,84.800003,85.699997,81,83.199997,135522
2022-01-25,LFIN.N0000,83.5,83.5,80.300003,80.800003,143445
2022-01-26,LFIN.N0000,80.699997,82,80.099998,81.300003,161579
2022-01-27,LFIN.N0000,83,83.5,77.900002,79.099998,367827
2022-01-28,LFIN.N0000,79.099998,79.699997,76,77.099998,120159
2022-01-31,LFIN.N0000,78,78,74.5,75,204335
2022-02-01,LFIN.N0000,75.199997,78,72.300003,72.599998,130982
2022-02-02,LFIN.N0000,73.5,80,73.5,74.300003,144180
2022-02-03,LFIN.N0000,74.699997,77.800003,72,74.699997,93555
2022-02-07,LFIN.N0000,75,75,73.300003,75,104878
2022-02-08,LFIN.N0000,74.699997,75,71.800003,73.599998,88159
2022-02-09,LFIN.N0000,74,74,65.099998,70,140056
2022-02-10,LFIN.N0000,70,72,67,70,128660
2022-02-11,LFIN.N0000,71,73,71,73,55650
2022-02-14,LFIN.N0000,73.5,74.900002,72,72.900002,221309
2022-02-15,LFIN.N0000,72.099998,74,70,71,280243
2022-02-17,LFIN.N0000,70.099998,72.5,70.099998,70.5,324945
2022-02-18,LFIN.N0000,71.699997,71.699997,69.900002,70,138018
2022-02-21,LFIN.N0000,71,71,67.5,70,78115
2022-02-22,LFIN.N0000,69,70,68,69.5,59909
2022-02-23,LFIN.N0000,70,70,64,66.5,173409
2022-02-24,LFIN.N0000,69,69,63.799999,63.900002,297590
2022-02-25,LFIN.N0000,63.900002,66.900002,63.900002,66.599998,140183
2022-02-28,LFIN.N0000,66.400002,68.5,66.400002,68.400002,41557
2022-03-02,LFIN.N0000,68.900002,68.900002,66.900002,67.199997,30764
2022-03-03,LFIN.N0000,66.900002,66.900002,64.699997,64.699997,62661
2022-03-04,LFIN.N0000,64.199997,66.900002,64,64,155492
2022-03-07,LFIN.N0000,64.199997,65.900002,62,63,87985
2022-03-08,LFIN.N0000,63,63.5,57.5,60,155426
2022-03-09,LFIN.N0000,59.900002,62,58,59.5,102852
2022-03-10,LFIN.N0000,60,64.900002,58,62.900002,47172
2022-03-11,LFIN.N0000,64.900002,64.900002,60,60,90144
2022-03-14,LFIN.N0000,59.5,60,57.599998,59,70168
2022-03-15,LFIN.N0000,62.900002,62.900002,57,58.099998,30565
2022-03-16,LFIN.N0000,58.099998,58.099998,54.5,56.799999,82024
2022-03-18,LFIN.N0000,56.900002,58.5,55.900002,58,213582
2022-03-21,LFIN.N0000,59.5,60.900002,57,60.5,206999
2022-03-22,LFIN.N0000,61.799999,61.799999,60,61,143191
2022-03-23,LFIN.N0000,55,62.400002,55,62,152031
2022-03-24,LFIN.N0000,62.200001,64.300003,61,64,196093
2022-03-25,LFIN.N0000,64,65.400002,60,65.300003,112534
2022-03-28,LFIN.N0000,65.199997,65.300003,62.5,65.199997,297325
2022-03-29,LFIN.N0000,65,65.099998,59.599998,59.900002,835564
2022-03-30,LFIN.N0000,59.799999,62.799999,58,60,641071
2022-03-31,LFIN.N0000,50,50,50,50,43850
2022-04-04,LFIN.N0000,56,61.700001,55.099998,61.5,21020
2022-04-05,LFIN.N0000,61.099998,61.099998,58,61,48622
2022-04-06,LFIN.N0000,60,60,58.5,58.5,19988
2022-04-07,LFIN.N0000,58,58,56,56,12553
2022-04-25,LFIN.N0000,49.900002,49.900002,46,46.099998,25468
2022-04-26,LFIN.N0000,45,50.900002,45,50.400002,35269
2022-04-27,LFIN.N0000,50.900002,50.900002,48,49.900002,57209
2022-04-28,LFIN.N0000,50,50,49.599998,50,36191
2022-05-04,LFIN.N0000,49.5,49.5,47.5,49,14293
2022-05-05,LFIN.N0000,47.5,48.5,47.099998,47.900002,30620
2022-05-11,LFIN.N0000,44,48,44,47.200001,38910
2022-05-12,LFIN.N0000,49.900002,53,49.900002,50,180832
2022-05-17,LFIN.N0000,53,53,50,50,25342
2022-05-18,LFIN.N0000,52.900002,52.900002,48.5,48.5,10777
2022-05-19,LFIN.N0000,46.900002,48,45,47,114428
2022-05-23,LFIN.N0000,49,49,47,47,39439
2022-05-24,LFIN.N0000,48,48,46,47.099998,16753
2022-05-25,LFIN.N0000,48,48,46.400002,46.5,15997
2022-05-26,LFIN.N0000,46.5,46.5,44.099998,44.099998,88150
2022-05-30,LFIN.N0000,45,46.400002,45,45,14681
2022-05-31,LFIN.N0000,46.400002,46.900002,45,46.900002,56749
2022-06-01,LFIN.N0000,46.900002,46.900002,45,46,53249
2022-06-02,LFIN.N0000,46,46.5,45,45.900002,14148
2022-06-06,LFIN.N0000,46.5,46.5,43.900002,44,29780
2022-06-07,LFIN.N0000,44.299999,45,44.099998,45,24752
2022-06-08,LFIN.N0000,46.5,48,45.900002,46.099998,314264
2022-06-09,LFIN.N0000,47.900002,47.900002,47.799999,47.900002,19815
2022-06-15,LFIN.N0000,47,47.200001,46.200001,46.200001,495
2022-06-16,LFIN.N0000,47,47,44.900002,46,64731
2022-06-20,LFIN.N0000,44.5,45.400002,44,44,5276
2022-06-21,LFIN.N0000,45,45.5,44.799999,44.799999,5136
2022-06-22,LFIN.N0000,45,46,45,45,23395
2022-06-23,LFIN.N0000,46,46,45,45.5,3752
2022-06-27,LFIN.N0000,44.5,44.5,43,43.099998,8246
2022-06-28,LFIN.N0000,43.200001,45,43,43.099998,19147
2022-06-29,LFIN.N0000,43,43.400002,42.700001,43.400002,24898
2022-06-30,LFIN.N0000,42,42,41.599998,41.900002,36616
2022-07-04,LFIN.N0000,40,40,39.700001,40,5134
2022-07-05,LFIN.N0000,40,40,38.799999,38.900002,13979
2022-07-06,LFIN.N0000,38.900002,39.599998,38,39,14827
2022-07-07,LFIN.N0000,38.099998,38.5,37.5,38.200001,44852
2022-07-11,LFIN.N0000,38.700001,39,38.700001,38.900002,10568
2022-07-14,LFIN.N0000,39.400002,39.900002,39.400002,39.900002,6677
2022-07-18,LFIN.N0000,42,42,39.900002,41,49918
2022-07-19,LFIN.N0000,42,42,40.099998,40.799999,11378
2022-07-20,LFIN.N0000,42.099998,45,41.099998,42,42303
2022-07-21,LFIN.N0000,42.900002,43.900002,42,42,29703
2022-07-25,LFIN.N0000,42,42.5,42,42,23426
2022-07-26,LFIN.N0000,42.5,42.5,41.799999,41.900002,21810
2022-07-27,LFIN.N0000,41.900002,43,41.599998,42.900002,15894
2022-07-28,LFIN.N0000,43,43,40,42.799999,56614
2022-08-01,LFIN.N0000,40.700001,41.900002,40.700001,40.700001,10212
2022-08-02,LFIN.N0000,41,41.700001,40.299999,41.400002,22991
2022-08-03,LFIN.N0000,42,42.400002,41,42.099998,19289
2022-08-04,LFIN.N0000,42.5,44,42.5,43.700001,5161
2022-08-08,LFIN.N0000,41.200001,42.5,41.099998,42.400002,18137
2022-08-09,LFIN.N0000,42.5,44.400002,41.200001,43.5,32741
2022-08-15,LFIN.N0000,44.400002,44.400002,42,42.200001,23312
2022-08-16,LFIN.N0000,44,44,42,42.599998,16346
2022-08-17,LFIN.N0000,42.5,42.900002,42,42,6704
2022-08-18,LFIN.N0000,41.700001,43,40.599998,41.5,12844
2022-08-22,LFIN.N0000,44,44,42.099998,42.5,35253
2022-08-23,LFIN.N0000,42.5,44,42.099998,43,78969
2022-08-24,LFIN.N0000,44,44,42.599998,42.799999,15295
2022-08-25,LFIN.N0000,42.799999,43,42.099998,42.700001,51646
2022-08-29,LFIN.N0000,42.5,43,42,42.5,25375
2022-08-30,LFIN.N0000,43,43.099998,42.5,42.599998,23856
2022-08-31,LFIN.N0000,42.5,44,42.5,43.5,9538
2022-09-01,LFIN.N0000,44.5,47.5,44.5,46,66857
2022-09-05,LFIN.N0000,46.900002,47,43,44,33599
2022-09-06,LFIN.N0000,44,46.5,43,43.099998,53086
2022-09-07,LFIN.N0000,43.099998,45.299999,43.099998,43.599998,30213
2022-09-08,LFIN.N0000,44,45,43.200001,44,26696
2022-09-12,LFIN.N0000,46,46.5,41.5,45.599998,204476
2022-09-13,LFIN.N0000,45.700001,46.200001,45,46,88852
2022-09-14,LFIN.N0000,46.5,49.5,46.5,48.900002,94873
2022-09-15,LFIN.N0000,52,52,48.099998,49,43088
2022-09-19,LFIN.N0000,47.599998,49,46.200001,46.5,12029
2022-09-20,LFIN.N0000,46.5,48,46.099998,47,178057
2022-09-21,LFIN.N0000,47,49,46.200001,48.400002,24402
2022-09-22,LFIN.N0000,48.5,48.5,46,47,142690
2022-09-26,LFIN.N0000,46,47,45.599998,47,30306
2022-09-27,LFIN.N0000,46,48.700001,46,48,131604
2022-09-28,LFIN.N0000,49,49,47.5,47.5,110710
2022-09-29,LFIN.N0000,47,48.5,47,47.700001,8046
2022-10-03,LFIN.N0000,45.200001,46,43.5,44.5,82917
2022-10-04,LFIN.N0000,45,46,43.599998,45,133016
2022-10-05,LFIN.N0000,45.5,46,44.099998,44.099998,64340
2022-10-06,LFIN.N0000,44.5,44.900002,43.599998,43.599998,5539
2022-10-11,LFIN.N0000,42,42,39.599998,40.200001,33250
2022-10-12,LFIN.N0000,42,42,40.099998,41.900002,19905
2022-10-13,LFIN.N0000,42,42.099998,41,42,3364
2022-10-17,LFIN.N0000,41.599998,42.299999,40.299999,40.299999,28710
2022-10-18,LFIN.N0000,40.5,42,40.5,40.5,90428
2022-10-19,LFIN.N0000,42,42,40.5,40.5,53573
2022-10-20,LFIN.N0000,41.799999,41.799999,40.400002,40.400002,36768
2022-10-25,LFIN.N0000,40.400002,40.599998,40.400002,40.5,39643
2022-10-26,LFIN.N0000,41,41.599998,40.400002,40.400002,48073
2022-10-27,LFIN.N0000,40.400002,40.5,40.299999,40.299999,8820
2022-10-31,LFIN.N0000,40.400002,40.5,40,40.5,2226
2022-11-02,LFIN.N0000,40.5,41,40.200001,40.799999,2972
2022-11-03,LFIN.N0000,41,41.5,40,40.5,16396
2022-11-08,LFIN.N0000,40.900002,41,39,39.900002,8561
2022-11-09,LFIN.N0000,39.900002,40.5,39.5,40.5,942
2022-11-10,LFIN.N0000,40.599998,41,39.599998,40.900002,9148
2022-11-14,LFIN.N0000,40,40,39.299999,39.5,27713
2022-11-15,LFIN.N0000,40,40,39.099998,39.099998,17864
2022-11-16,LFIN.N0000,39.099998,39.099998,38.5,38.5,7050
2022-11-17,LFIN.N0000,38.5,38.5,37,37,19758
2022-11-21,LFIN.N0000,39,39.799999,38.799999,39.799999,30315
2022-11-22,LFIN.N0000,38.099998,40,38,38,16534
2022-11-23,LFIN.N0000,38.700001,39,38,39,645
2022-11-24,LFIN.N0000,39.900002,39.900002,38,38,7525
2022-11-28,LFIN.N0000,39.5,39.5,38.200001,39,2975
2022-11-29,LFIN.N0000,39.799999,39.900002,38.599998,39,47203
2022-11-30,LFIN.N0000,39.900002,39.900002,38.5,38.900002,32238
2022-12-01,LFIN.N0000,38.599998,38.599998,37,38,195437
2022-12-06,LFIN.N0000,38.900002,41,38,40,57352
2022-12-08,LFIN.N0000,40,41.5,38.200001,38.200001,27859
2022-12-09,LFIN.N0000,41,41,38.700001,38.700001,6637
2022-12-12,LFIN.N0000,40,40,38.700001,39,19147
2022-12-13,LFIN.N0000,39,40,39,39,32913
2022-12-14,LFIN.N0000,39.299999,40.299999,39,39.5,9866
2022-12-15,LFIN.N0000,40.799999,40.799999,39.299999,40,86513
2022-12-16,LFIN.N0000,39.200001,40.5,39.200001,40,2031
2022-12-19,LFIN.N0000,39.099998,40,38.099998,39,17466
2022-12-20,LFIN.N0000,38.900002,40.700001,38.900002,39.799999,4946
2022-12-21,LFIN.N0000,40,40,38.5,38.700001,7278
2022-12-22,LFIN.N0000,40,40,38.5,38.5,11155
2022-12-23,LFIN.N0000,39,40,39,40,21353
2022-12-27,LFIN.N0000,40,40.400002,40,40.400002,12546
2022-12-28,LFIN.N0000,40.200001,40.200001,40,40,2355
2022-12-29,LFIN.N0000,40.200001,40.200001,39.599998,40,21187
2022-12-30,LFIN.N0000,38,40.200001,38,40,200768
2023-01-02,LFIN.N0000,40,40,38.599998,38.599998,13186
2023-01-03,LFIN.N0000,39,39.900002,38.5,38.5,241515
2023-01-04,LFIN.N0000,39,39.099998,38,39.099998,67300
2023-01-05,LFIN.N0000,39.099998,40,38.5,39.5,17688
2023-01-09,LFIN.N0000,39,39,38.099998,38.5,25315
2023-01-10,LFIN.N0000,38.599998,39,38.400002,38.5,11350
2023-01-11,LFIN.N0000,39.5,40,39.200001,40,1097
2023-01-12,LFIN.N0000,40,40,38,39,51038
2023-01-13,LFIN.N0000,39,39,37.900002,38,56601
2023-01-17,LFIN.N0000,38,38.5,37.900002,37.900002,58151
2023-01-18,LFIN.N0000,38.5,39,38,38.5,170501
2023-01-19,LFIN.N0000,39,39.400002,38.700001,38.799999,30575
2023-01-20,LFIN.N0000,38.799999,42,38.799999,40,214898
2023-01-23,LFIN.N0000,41.900002,43,40.599998,42,89148
2023-01-24,LFIN.N0000,42.5,43.400002,42,42,94293
2023-01-25,LFIN.N0000,42.5,42.5,41.599998,42.200001,19370
2023-01-26,LFIN.N0000,42.099998,42.599998,42.099998,42.5,11974
2023-01-27,LFIN.N0000,42.599998,46.400002,42.599998,45.5,159705
2023-01-30,LFIN.N0000,45,45.200001,43.200001,45,26923
2023-01-31,LFIN.N0000,45,45.5,43.200001,44.900002,13504
2023-02-01,LFIN.N0000,44.099998,45.5,43,45.5,777079
2023-02-02,LFIN.N0000,44.200001,47.799999,44.200001,46.299999,99627
2023-02-03,LFIN.N0000,47,47.5,46.200001,47.099998,6404
2023-02-06,LFIN.N0000,46.5,47.299999,45.200001,46.299999,234197
2023-02-07,LFIN.N0000,46.299999,48.299999,46.299999,47.5,134418
2023-02-08,LFIN.N0000,46.5,48,46.5,48,265337
2023-02-09,LFIN.N0000,48,49,47.599998,47.900002,23167
2023-02-10,LFIN.N0000,47.799999,47.799999,47,47,19857
2023-02-13,LFIN.N0000,46.700001,47.5,46.5,46.799999,25310
2023-02-14,LFIN.N0000,46.5,46.5,45,46,49151
2023-02-15,LFIN.N0000,46,46.400002,45,46,18710
2023-02-16,LFIN.N0000,46.400002,46.799999,45.5,45.5,3042
2023-02-17,LFIN.N0000,46.799999,47,46,46,21909
2023-02-20,LFIN.N0000,47.400002,47.799999,47,47.599998,15971
2023-02-21,LFIN.N0000,47.900002,48,47,48,24638
2023-02-22,LFIN.N0000,47.5,48.900002,47.5,48,59917
2023-02-23,LFIN.N0000,48,48,47,47.799999,20945
2023-02-24,LFIN.N0000,47.799999,48.299999,47.700001,48,82439
2023-02-27,LFIN.N0000,48.400002,48.900002,48,48.099998,30851
2023-02-28,LFIN.N0000,48,48,47.700001,47.700001,6190
2023-03-01,LFIN.N0000,47.700001,48.799999,47.700001,48.599998,85926
2023-03-02,LFIN.N0000,48.5,48.799999,48.099998,48.799999,7305
2023-03-03,LFIN.N0000,48.5,52.799999,48.5,52.400002,130281
2023-03-07,LFIN.N0000,52.5,56.099998,52.400002,55.5,737359
2023-03-08,LFIN.N0000,55,56.5,54.900002,56,576539
2023-03-09,LFIN.N0000,55,56.400002,54,55.299999,123385
2023-03-10,LFIN.N0000,55,55.400002,53.900002,55,159363
2023-03-13,LFIN.N0000,53.200001,54.900002,53,53.200001,62704
2023-03-14,LFIN.N0000,52.700001,53.5,52.299999,53.5,37026
2023-03-15,LFIN.N0000,53.599998,54,53,53,11669
2023-03-16,LFIN.N0000,53,54.099998,53,53.5,70193
2023-03-17,LFIN.N0000,53.200001,54,53,54,11995
2023-03-20,LFIN.N0000,53.5,55,53.5,55,43324
2023-03-21,LFIN.N0000,55,55.299999,54,54,28045
2023-03-22,LFIN.N0000,54,54.5,52.700001,52.700001,8911
2023-03-23,LFIN.N0000,52.599998,53.200001,51.5,53,6045
2023-03-24,LFIN.N0000,52.599998,53,52.099998,52.5,7364
2023-03-27,LFIN.N0000,52.099998,52.400002,52.099998,52.099998,26000
2023-03-28,LFIN.N0000,52.200001,52.200001,50.099998,51.5,26036
2023-03-29,LFIN.N0000,51.900002,51.900002,51.099998,51.099998,7744
2023-03-30,LFIN.N0000,51.099998,53,51.099998,52.799999,18407
2023-03-31,LFIN.N0000,53,55.400002,53,55,251882
2023-04-03,LFIN.N0000,55.799999,55.799999,53.799999,54,38963
2023-04-04,LFIN.N0000,54,54.5,53.799999,54.5,19974
2023-04-06,LFIN.N0000,53.099998,56,53.099998,55,80735
2023-04-10,LFIN.N0000,55.5,57,53.099998,55,136613
2023-04-11,LFIN.N0000,57,57,55.099998,57,28334
2023-04-12,LFIN.N0000,56.5,57.799999,56.5,56.700001,22940
2023-04-17,LFIN.N0000,57.299999,58,55.099998,56.599998,41659
2023-04-18,LFIN.N0000,56.5,57,54.599998,56,28780
2023-04-19,LFIN.N0000,55,56,55,55.099998,140487
2023-04-20,LFIN.N0000,54.099998,56,54.099998,55,27763
2023-04-21,LFIN.N0000,55,55,54.400002,55,28347
2023-04-24,LFIN.N0000,55,55,53.799999,53.799999,72547
2023-04-25,LFIN.N0000,54,54,50,51.700001,100402
2023-04-26,LFIN.N0000,53.400002,53.400002,51.5,52,10208
2023-04-27,LFIN.N0000,51.900002,53,50.299999,52,33869
2023-04-28,LFIN.N0000,52,52,51,51,21892
2023-05-02,LFIN.N0000,50.700001,52,49.900002,50.200001,85131
2023-05-03,LFIN.N0000,50,51.900002,50,51,6078
2023-05-04,LFIN.N0000,51,52,51,52,1846
2023-05-08,LFIN.N0000,51.200001,53.400002,51.200001,51.200001,3500
2023-05-09,LFIN.N0000,51.200001,53,50.200001,51,21445
2023-05-10,LFIN.N0000,50.299999,52,50.299999,52,11667
2023-05-11,LFIN.N0000,50.799999,52,50.799999,52,9780
2023-05-12,LFIN.N0000,50.900002,52.099998,50.799999,52,22624
2023-05-15,LFIN.N0000,52.200001,52.200001,50.799999,51.200001,12149
2023-05-16,LFIN.N0000,52,52,50.799999,51,54229
2023-05-17,LFIN.N0000,51.5,51.5,51,51,7000
2023-05-18,LFIN.N0000,52,52.200001,50.799999,52.200001,35693
2023-05-19,LFIN.N0000,52,52,51,51.099998,24180
2023-05-22,LFIN.N0000,51,51.900002,50.900002,50.900002,2520
2023-05-23,LFIN.N0000,51,51,50.799999,50.799999,27779
2023-05-24,LFIN.N0000,50.799999,52,50.799999,52,15058
2023-05-25,LFIN.N0000,51.099998,52,51.099998,52,7213
2023-05-26,LFIN.N0000,52.5,52.5,52,52,20473
2023-05-29,LFIN.N0000,51.200001,52.400002,51.200001,51.5,6859
2023-05-30,LFIN.N0000,51.200001,51.799999,50,50,385200
2023-05-31,LFIN.N0000,50,51.200001,50,51.200001,1303
2023-06-01,LFIN.N0000,50.099998,53,50.099998,53,12857
2023-06-02,LFIN.N0000,52.900002,53,50.700001,53,6109
2023-06-05,LFIN.N0000,53,54,51.099998,54,5712
2023-06-06,LFIN.N0000,54.799999,55,54,55,43574
2023-06-07,LFIN.N0000,54.099998,55.5,54,55.299999,29793
2023-06-08,LFIN.N0000,55,55.299999,54.599998,54.700001,963606
2023-06-09,LFIN.N0000,54.799999,54.799999,53.900002,54,112423
2023-06-12,LFIN.N0000,54.5,55,54.5,55,257150
2023-06-13,LFIN.N0000,55,55,54,54.099998,233427
2023-06-14,LFIN.N0000,55,56.5,53.700001,56.099998,1700236
2023-06-15,LFIN.N0000,56.400002,57.5,56.400002,56.900002,37527
2023-06-16,LFIN.N0000,56.900002,58,56.900002,57.5,131623
2023-06-19,LFIN.N0000,56.599998,57.900002,56.599998,57,304928
2023-06-20,LFIN.N0000,57,57.5,56.599998,57,140158
2023-06-21,LFIN.N0000,57,57,56.900002,57,244748
2023-06-22,LFIN.N0000,56.599998,57.200001,56.599998,57,249637
2023-06-23,LFIN.N0000,57.400002,57.5,56.799999,56.900002,126044
2023-06-26,LFIN.N0000,57,57,56,57,96257
2023-06-27,LFIN.N0000,57.5,57.900002,56.799999,57.5,31503
2023-06-28,LFIN.N0000,57,58.5,57,58,25658
2023-07-04,LFIN.N0000,60,62.900002,58.099998,62.799999,905111
2023-07-05,LFIN.N0000,62,62.299999,60,61.900002,801329
2023-07-06,LFIN.N0000,62.099998,62.099998,60.700001,62,310229
2023-07-07,LFIN.N0000,62,62.5,60.799999,61,456866
2023-07-10,LFIN.N0000,60.900002,62.900002,60.900002,62,69116
2023-07-11,LFIN.N0000,62,62,61.5,61.5,216742
2023-07-12,LFIN.N0000,61.299999,64.199997,61.200001,63.200001,82500
2023-07-13,LFIN.N0000,63.400002,64,62,63,108396
2023-07-14,LFIN.N0000,63,64,62.299999,64,26344
2023-07-17,LFIN.N0000,64.199997,65.400002,62.5,65,35674
2023-07-18,LFIN.N0000,63.200001,66,63.099998,65.5,53854
2023-07-19,LFIN.N0000,65.900002,68.5,65,67,129438
2023-07-20,LFIN.N0000,67,67,64.599998,65.099998,116399
2023-07-21,LFIN.N0000,65.099998,65.400002,64,64.5,109012
2023-07-24,LFIN.N0000,64.5,65.400002,64.5,65,193270
2023-07-25,LFIN.N0000,65,65.400002,64.099998,65,48265
2023-07-26,LFIN.N0000,65,66,65,65.099998,67074
2023-07-27,LFIN.N0000,66.400002,68.099998,64.800003,67.800003,190016
2023-07-28,LFIN.N0000,67.800003,68.900002,67.699997,68,279712
2023-07-31,LFIN.N0000,67.900002,68,67,68,50758
2023-08-02,LFIN.N0000,67.900002,68.400002,67.900002,68.400002,195336
2023-08-03,LFIN.N0000,68,68.5,67.599998,68,588362
2023-08-04,LFIN.N0000,68.099998,69.099998,67.699997,68.099998,212385
2023-08-07,LFIN.N0000,68.099998,70.699997,68,69.300003,300995
2023-08-08,LFIN.N0000,69,70.099998,68.599998,68.900002,113659
2023-08-09,LFIN.N0000,68.800003,70,68,69.900002,38663
2023-08-10,LFIN.N0000,69.699997,70,69.400002,70,207580
2023-08-11,LFIN.N0000,70,70,68.099998,68.900002,28570
2023-08-14,LFIN.N0000,68.900002,70.099998,67.699997,69.900002,1153484
2023-08-15,LFIN.N0000,70,70,68,68.099998,30500
2023-08-16,LFIN.N0000,68.099998,70.5,68.099998,70,491710
2023-08-17,LFIN.N0000,70.300003,72.5,70.300003,72,535254
2023-08-18,LFIN.N0000,72.300003,73,71,72.800003,501426
2023-08-21,LFIN.N0000,72.800003,73,70.900002,71.599998,101555
2023-08-22,LFIN.N0000,72,72,70,70,57534
2023-08-23,LFIN.N0000,70,72,68.5,70,50551
2023-08-24,LFIN.N0000,69,70,65,67.400002,95099
2023-08-25,LFIN.N0000,68,69,67.5,68,17760
2023-08-28,LFIN.N0000,68,70,67.400002,68.199997,78825
2023-08-29,LFIN.N0000,68,68.800003,67.599998,67.599998,16809
2023-08-31,LFIN.N0000,67.400002,67.900002,66,66.900002,75232
2023-09-01,LFIN.N0000,66.199997,67,66.099998,67,22526
2023-09-04,LFIN.N0000,67.199997,68.800003,66.099998,68,29121
2023-09-05,LFIN.N0000,68,69,67.699997,68.099998,61464
2023-09-06,LFIN.N0000,68.199997,69,67.5,68.5,23176
2023-09-07,LFIN.N0000,68.300003,69,67,67.300003,28439
2023-09-08,LFIN.N0000,68,68,67.5,68,4565
2023-09-11,LFIN.N0000,67.699997,68,67.5,67.599998,7817
2023-09-12,LFIN.N0000,68,68,67,67,25297
2023-09-13,LFIN.N0000,67,67.900002,66.5,66.699997,58772
2023-09-14,LFIN.N0000,66.599998,68.5,66.5,68.5,69824
2023-09-15,LFIN.N0000,66.699997,68,66.5,67,92328
2023-09-18,LFIN.N0000,67.5,68.599998,66.5,66.5,6555
2023-09-19,LFIN.N0000,66.400002,67,66,66.099998,20974
2023-09-20,LFIN.N0000,66,67.699997,65.900002,66.5,2967
2023-09-21,LFIN.N0000,67,67.199997,66.599998,66.599998,5750
2023-09-22,LFIN.N0000,66.099998,67,66.099998,67,24500
2023-09-25,LFIN.N0000,67.5,67.5,65.599998,65.900002,9867
2023-09-26,LFIN.N0000,66,66.900002,66,66.400002,10792
2023-09-27,LFIN.N0000,66.400002,67.900002,65,67,12580
2023-10-02,LFIN.N0000,66.699997,66.699997,65,66.5,4542
2023-10-03,LFIN.N0000,66.099998,66.5,65,65,30108
2023-10-04,LFIN.N0000,64.800003,65.900002,64,65.599998,12155
2023-10-05,LFIN.N0000,65.900002,66,65.400002,65.400002,3447
2023-10-06,LFIN.N0000,65.400002,65.900002,65,65,8409
2023-10-09,LFIN.N0000,64.599998,64.599998,62,63.799999,43808
2023-10-10,LFIN.N0000,62.900002,66,62.5,63.099998,15563
2023-10-11,LFIN.N0000,65.400002,65.5,63.5,64,4404
2023-10-12,LFIN.N0000,64,64,62,63.299999,3889
2023-10-13,LFIN.N0000,63.099998,63.5,62.700001,63,13457
2023-10-16,LFIN.N0000,63,63,61.799999,61.900002,22519
2023-10-17,LFIN.N0000,62,62.5,61,61,12840
2023-10-18,LFIN.N0000,60.799999,63.400002,60.700001,61.099998,276968
2023-10-19,LFIN.N0000,62.299999,63,61,61,899905
2023-10-20,LFIN.N0000,61,63.099998,61,63,359080
2023-10-23,LFIN.N0000,63,66.400002,62.5,62.5,41222
2023-10-24,LFIN.N0000,63,63,62,62,12849
2023-10-25,LFIN.N0000,62,62,60.099998,60.099998,51400
2023-10-26,LFIN.N0000,63,63,60,62,16620
2023-10-27,LFIN.N0000,62,62.900002,61.799999,61.799999,7141
2023-10-30,LFIN.N0000,62.099998,63,61.200001,62.400002,4910
2023-10-31,LFIN.N0000,62,62.799999,61.700001,62.099998,3241
2023-11-01,LFIN.N0000,63,63.400002,62.200001,63.400002,9255
2023-11-02,LFIN.N0000,63.400002,64,63.400002,64,5392
2023-11-03,LFIN.N0000,64,64.300003,62.5,62.5,1357
2023-11-06,LFIN.N0000,62.900002,64.5,62.5,64.5,2881
2023-11-07,LFIN.N0000,63,64.900002,62,62.900002,16602
2023-11-08,LFIN.N0000,62.900002,62.900002,61.799999,62.099998,42716
2023-11-09,LFIN.N0000,62.099998,63.5,62.099998,63,11703
2023-11-10,LFIN.N0000,63,63,62.599998,62.799999,635
2023-11-13,LFIN.N0000,63.900002,64,63.099998,63.299999,4066
2023-11-14,LFIN.N0000,64,64,62.799999,62.799999,2532
2023-11-15,LFIN.N0000,62.799999,63,61.900002,63,3400
2023-11-16,LFIN.N0000,63,63,62,63,22648
2023-11-17,LFIN.N0000,63,63,62.5,62.599998,1292
2023-11-20,LFIN.N0000,62.299999,62.299999,60.5,61,5876
2023-11-21,LFIN.N0000,60.299999,61.599998,60.099998,61.599998,15579
2023-11-22,LFIN.N0000,61.400002,63.400002,60,63.400002,8248
2023-11-23,LFIN.N0000,62.5,62.5,62,62,108
2023-11-24,LFIN.N0000,60.5,63.5,60.5,61.200001,3565
2023-11-27,LFIN.N0000,61.200001,62,61,61,6884
2023-11-28,LFIN.N0000,61.5,61.5,60.700001,61,4003
2023-11-29,LFIN.N0000,61,62.299999,61,62.200001,11256
2023-11-30,LFIN.N0000,62.5,65,62,63,3535
2023-12-01,LFIN.N0000,63.900002,65,63.099998,65,15833
2023-12-04,LFIN.N0000,64.599998,68.5,64,64.199997,23843
2023-12-05,LFIN.N0000,64.599998,65,64.400002,64.400002,4322
2023-12-06,LFIN.N0000,64.400002,64.400002,63.900002,63.900002,18217
2023-12-07,LFIN.N0000,63.5,64.199997,63.5,64,18521
2023-12-08,LFIN.N0000,64.199997,64.5,63.299999,64.5,184878
2023-12-11,LFIN.N0000,64,64,63,64,32981
2023-12-12,LFIN.N0000,65.400002,65.400002,62.599998,65.199997,6585
2023-12-13,LFIN.N0000,63.5,64.300003,63.5,63.5,624
2023-12-14,LFIN.N0000,64,64,60.099998,63.5,10485
2023-12-15,LFIN.N0000,61.200001,63.5,61.200001,63.5,770
2023-12-18,LFIN.N0000,64.300003,64.5,62,62.599998,1444
2023-12-19,LFIN.N0000,63,63.900002,62.400002,62.599998,15565
2023-12-20,LFIN.N0000,64.699997,64.699997,62,63,7133
2023-12-21,LFIN.N0000,63,63,62,62,15885
2023-12-22,LFIN.N0000,62.5,62.5,62,62,3563
2023-12-27,LFIN.N0000,62,62.5,61.900002,62.099998,1353
2023-12-28,LFIN.N0000,62,62.299999,61.900002,62.299999,2602
2023-12-29,LFIN.N0000,62.5,62.5,62.299999,62.5,12634
2024-01-02,LFIN.N0000,62.400002,63.099998,62.200001,62.900002,1716
2024-01-03,LFIN.N0000,62.400002,63,62.400002,62.799999,4224
2024-01-04,LFIN.N0000,62.599998,63.5,62.5,63,4130
2024-01-05,LFIN.N0000,63,63.900002,61.900002,62,29973
2024-01-08,LFIN.N0000,62.5,63.900002,62,62,47117
2024-01-09,LFIN.N0000,63,63,58,62.5,31178
2024-01-10,LFIN.N0000,61,62.900002,60.200001,61.200001,16860
2024-01-11,LFIN.N0000,62.5,62.5,60.400002,60.5,2547
2024-01-12,LFIN.N0000,62,62,60.5,61.5,758
2024-01-16,LFIN.N0000,62.299999,62.299999,60.200001,62,74386
2024-01-17,LFIN.N0000,61.5,62,60.200001,60.200001,13417
2024-01-18,LFIN.N0000,62.299999,62.299999,61,61.599998,6553
2024-01-19,LFIN.N0000,61.599998,63,61.599998,62.900002,1463
2024-01-22,LFIN.N0000,62.900002,62.900002,61.5,62,10741
2024-01-23,LFIN.N0000,62,62,60.799999,60.900002,4084
2024-01-24,LFIN.N0000,61.5,62.900002,61,62.5,48716
2024-01-26,LFIN.N0000,62.5,62.5,62,62,5463
2024-01-29,LFIN.N0000,61.900002,62,60.700001,61,120772
2024-01-30,LFIN.N0000,60.900002,61.5,60.700001,60.700001,133688
2024-01-31,LFIN.N0000,62,62.5,60.400002,62.5,10830
2024-02-01,LFIN.N0000,61,62.400002,60.5,61,633508
2024-02-02,LFIN.N0000,61,62.400002,60.400002,61,1318144
2024-02-06,LFIN.N0000,61,62.400002,61,61.5,395144
2024-02-07,LFIN.N0000,61.200001,61.900002,60.900002,61.900002,304726
2024-02-08,LFIN.N0000,61.900002,61.900002,60.900002,60.900002,626238
2024-02-09,LFIN.N0000,62,62.200001,60,60.5,397054
2024-02-12,LFIN.N0000,62.200001,62.400002,61,62,21979
2024-02-13,LFIN.N0000,62.5,62.5,61.5,62,7513
2024-02-14,LFIN.N0000,62.5,62.5,61.5,62,1781
2024-02-15,LFIN.N0000,62,62,61,61.400002,153460
2024-02-16,LFIN.N0000,62,62,61.299999,61.900002,18931
2024-02-19,LFIN.N0000,61.799999,62,61.599998,61.799999,33677
2024-02-20,LFIN.N0000,62,62,61.099998,61.200001,89445
2024-02-21,LFIN.N0000,61.400002,62.400002,61,61,220724
2024-02-22,LFIN.N0000,62.400002,62.799999,60.900002,62.400002,14090
2024-02-26,LFIN.N0000,62.5,62.900002,61.200001,62.900002,20657
2024-02-27,LFIN.N0000,62.099998,62.5,61,61.900002,4356283
2024-02-28,LFIN.N0000,61.900002,62.900002,61.900002,62.799999,492252
2024-02-29,LFIN.N0000,62.5,62.900002,62,62,116744
2024-03-01,LFIN.N0000,62,63.299999,62,63,130732
2024-03-04,LFIN.N0000,62.200001,63.5,62.200001,63.5,193535
2024-03-05,LFIN.N0000,63.5,64,63,63.200001,37179
2024-03-06,LFIN.N0000,64.5,64.5,63.400002,64,113491
2024-03-07,LFIN.N0000,64,64.5,63.5,64.5,127298
2024-03-11,LFIN.N0000,65,65.400002,64,64.300003,125421
2024-03-12,LFIN.N0000,64.900002,64.900002,64,64.099998,49954
2024-03-13,LFIN.N0000,64.5,64.5,63.900002,64,55577
2024-03-14,LFIN.N0000,64,64.5,63.900002,63.900002,92361
2024-03-15,LFIN.N0000,64.199997,64.400002,63.799999,64,325879
2024-03-18,LFIN.N0000,64,64.5,63.900002,64,438924
2024-03-19,LFIN.N0000,63.5,63.5,61.599998,62,36426
2024-03-20,LFIN.N0000,62,62.700001,61.900002,62.5,15602
2024-03-21,LFIN.N0000,62.099998,62.200001,61.799999,61.900002,58473
2024-03-22,LFIN.N0000,61.799999,62.299999,61.700001,62.299999,65367
2024-03-25,LFIN.N0000,62.400002,62.799999,62.299999,62.799999,64085
2024-03-26,LFIN.N0000,62.200001,63,62.200001,62.900002,144470
2024-03-27,LFIN.N0000,63,63,62.799999,62.900002,218007
2024-03-28,LFIN.N0000,63,63,62.700001,62.799999,114536
2024-04-01,LFIN.N0000,62.5,63.5,62.5,63.5,600380
2024-04-02,LFIN.N0000,63.5,64.900002,63.5,64.5,181394
2024-04-03,LFIN.N0000,64.800003,64.800003,64.5,64.800003,216923
2024-04-04,LFIN.N0000,64.800003,64.800003,64,64.599998,320828
2024-04-05,LFIN.N0000,64.599998,65.800003,64.099998,65.099998,103794
2024-04-08,LFIN.N0000,65.5,67.5,65.5,67.300003,255747
2024-04-09,LFIN.N0000,67.5,68,67,67.5,192828
2024-04-10,LFIN.N0000,66.5,68.900002,66.5,68.5,274958
2024-04-15,LFIN.N0000,68,69.400002,66.900002,69.199997,548906
2024-04-16,LFIN.N0000,67.599998,69,66.900002,67.5,252613
2024-04-17,LFIN.N0000,66.800003,67.5,65.099998,67.5,105721
2024-04-18,LFIN.N0000,67.300003,67.300003,65,65.099998,63949
2024-04-19,LFIN.N0000,65.300003,65.300003,64.699997,65,364617
2024-04-22,LFIN.N0000,64.699997,66.800003,64.699997,66.699997,203809
2024-04-24,LFIN.N0000,66.800003,67,65.5,66.5,23698
2024-04-25,LFIN.N0000,66.5,67.199997,66.400002,67,64060
2024-04-26,LFIN.N0000,67,68.400002,67,68,282748
2024-04-29,LFIN.N0000,68,70.5,68,70.199997,301620
2024-04-30,LFIN.N0000,71,72.699997,71,71.5,1419342
2024-05-02,LFIN.N0000,71.5,72,71,71.5,359278
2024-05-03,LFIN.N0000,71,73.5,71,72.5,1401859
2024-05-06,LFIN.N0000,72,73.099998,71.5,72.199997,553122
2024-05-07,LFIN.N0000,72.400002,72.800003,71.699997,71.900002,217107
2024-05-08,LFIN.N0000,72,72.5,71.400002,71.5,258618
2024-05-09,LFIN.N0000,71.5,71.699997,70.900002,71.599998,569484
2024-05-10,LFIN.N0000,71.199997,72.400002,71.199997,72.400002,297011
2024-05-13,LFIN.N0000,72,72.5,71,71.800003,397568
2024-05-14,LFIN.N0000,72,72,70.699997,71,60449
2024-05-15,LFIN.N0000,71,71.900002,70.099998,70.400002,47209
2024-05-16,LFIN.N0000,70.5,71.900002,67,70.699997,362525
2024-05-17,LFIN.N0000,70.099998,70.900002,70,70.599998,56579
2024-05-20,LFIN.N0000,70.099998,70.699997,69.199997,70,101695
2024-05-21,LFIN.N0000,69.599998,70,68.5,70,25106
2024-05-22,LFIN.N0000,70.900002,71,70.099998,71,37161
2024-05-27,LFIN.N0000,70.800003,71,70.300003,70.599998,309351
2024-05-28,LFIN.N0000,71,72,71,71.099998,85357
2024-05-29,LFIN.N0000,71.5,71.800003,70.699997,71.199997,74667
2024-05-30,LFIN.N0000,71.199997,71.5,70.599998,70.699997,17849
2024-05-31,LFIN.N0000,71,71,70.699997,70.900002,62007
2024-06-03,LFIN.N0000,70.699997,70.699997,69.900002,70.400002,25089
2024-06-04,LFIN.N0000,70,70.900002,69.5,70.900002,52716
2024-06-05,LFIN.N0000,70.800003,70.900002,70.400002,70.900002,2397
2024-06-06,LFIN.N0000,70.900002,71.900002,70.5,71.900002,29569
2024-06-07,LFIN.N0000,72,72,71.400002,71.5,55806
2024-06-10,LFIN.N0000,71.900002,72,71.099998,72,165621
2024-06-11,LFIN.N0000,71.5,71.900002,70.400002,71.5,281609
2024-06-12,LFIN.N0000,71.599998,71.599998,71,71.300003,81541
2024-06-13,LFIN.N0000,72,72,71.400002,71.5,424827
2024-06-14,LFIN.N0000,71.5,72,71.5,71.800003,118590
2024-06-18,LFIN.N0000,72,72,71.099998,71.900002,397105
2024-06-19,LFIN.N0000,72,72,71.300003,71.900002,97923
2024-06-20,LFIN.N0000,72,72,71.300003,71.599998,12901
2024-06-24,LFIN.N0000,71.5,72,71.400002,71.800003,100855
2024-06-25,LFIN.N0000,71.5,72.599998,71.5,72.599998,847165
2024-06-26,LFIN.N0000,73,73.800003,72.599998,73,371830
2024-06-27,LFIN.N0000,72.800003,73,72,72.300003,34497
2024-06-28,LFIN.N0000,72.5,73.699997,72.400002,72.699997,159762
2024-07-01,LFIN.N0000,71.5,71.5,69.099998,69.5,28596
2024-07-02,LFIN.N0000,69.5,69.5,69.199997,69.400002,24661
2024-07-03,LFIN.N0000,69.400002,69.5,68.099998,68.5,33615
2024-07-04,LFIN.N0000,68,68.5,67,67,42668
2024-07-05,LFIN.N0000,67.5,67.5,66,67,42260
2024-07-08,LFIN.N0000,69.599998,69.599998,66.5,67,17485
2024-07-09,LFIN.N0000,68,68,66.599998,68,11568
2024-07-10,LFIN.N0000,67,68.5,67,68.5,470059
2024-07-11,LFIN.N0000,68,68.5,67.5,68,7158
2024-07-12,LFIN.N0000,67.5,68.5,67.5,68.300003,10544
2024-07-15,LFIN.N0000,68,69.5,68,69.400002,3095
2024-07-16,LFIN.N0000,69.400002,69.400002,67.800003,68,108734
2024-07-17,LFIN.N0000,68.099998,68.099998,67.900002,68,50979
2024-07-18,LFIN.N0000,68,68,66.599998,66.599998,112393
2024-07-19,LFIN.N0000,66.599998,66.900002,66,66.699997,125129
2024-07-22,LFIN.N0000,67,67,65,66,110888
2024-07-23,LFIN.N0000,65.5,66.800003,65.5,66,36466
2024-07-24,LFIN.N0000,66.5,66.5,66,66.099998,125115
2024-07-25,LFIN.N0000,66.800003,66.900002,65.900002,66.5,449226
2024-07-26,LFIN.N0000,67,67.099998,66.699997,67,71007
2024-07-29,LFIN.N0000,67,67,66.099998,66.699997,201532
2024-07-30,LFIN.N0000,66.599998,66.599998,66,66.199997,30858
2024-07-31,LFIN.N0000,66,66,65.699997,65.900002,305666
2024-08-01,LFIN.N0000,65.900002,66.5,65.800003,65.800003,159276
2024-08-02,LFIN.N0000,66,67.5,66,66,97692
2024-08-05,LFIN.N0000,66.099998,66.099998,64.5,65,142261
2024-08-06,LFIN.N0000,65.099998,66,65.099998,65.900002,150186
2024-08-07,LFIN.N0000,65.5,66,65.5,65.900002,113413
2024-08-08,LFIN.N0000,66.699997,66.699997,65.599998,65.699997,3235
2024-08-09,LFIN.N0000,66,66,65.5,65.5,90445
2024-08-12,LFIN.N0000,66.5,66.5,65.800003,66,5011
2024-08-13,LFIN.N0000,66,66.599998,65.800003,66.599998,6999
2024-08-14,LFIN.N0000,66.599998,66.800003,66.5,66.800003,68185
2024-08-15,LFIN.N0000,67,67,66.5,67,76741
2024-08-16,LFIN.N0000,67,67,66.199997,66.900002,12202
2024-08-20,LFIN.N0000,66.099998,66.099998,65.699997,66.099998,58065
2024-08-21,LFIN.N0000,65.800003,66.900002,65.800003,66.900002,402
2024-08-22,LFIN.N0000,67,67,66,66,5504
2024-08-23,LFIN.N0000,66.5,66.5,65.699997,65.699997,37593
2024-08-26,LFIN.N0000,66.199997,66.400002,65,65,47369
2024-08-27,LFIN.N0000,66,66,63.799999,64,80816
2024-08-28,LFIN.N0000,63.599998,65.5,63.599998,63.799999,39918
2024-08-29,LFIN.N0000,63.900002,64,63.599998,63.599998,9482
2024-08-30,LFIN.N0000,63.700001,64,63,63.700001,57619
2024-09-02,LFIN.N0000,63.900002,63.900002,62.700001,63,17367
2024-09-03,LFIN.N0000,62.799999,63.599998,62,63.599998,39601
2024-09-04,LFIN.N0000,63,65,63,64.3,26369
2024-09-05,LFIN.N0000,64.300003,65.5,63.599998,64,4736
2024-09-06,LFIN.N0000,63.599998,64.5,63.599998,64.5,2473
2024-09-09,LFIN.N0000,63.700001,65.800003,63.5,63.5,13355
2024-09-10,LFIN.N0000,64,64,63,63.6,16356
2024-09-11,LFIN.N0000,63.2,63.2,62.5,62.5,21350
2024-09-12,LFIN.N0000,62.6,64,62.6,63.5,74076
2024-09-13,LFIN.N0000,63.7,63.7,63.4,63.5,204894
2024-09-18,LFIN.N0000,63.7,65.9,63.7,64,45968
2024-09-19,LFIN.N0000,64,64,63.5,63.5,121757
2024-09-20,LFIN.N0000,65,65,63.7,63.7,82310
2024-09-23,LFIN.N0000,63.6,65,62.7,64,252097
2024-09-24,LFIN.N0000,63.8,66,63.7,65,347896
2024-09-25,LFIN.N0000,65.5,67.8,65.2,67.5,258443
2024-09-26,LFIN.N0000,67.8,69.1,66,66.7,133549
2024-09-27,LFIN.N0000,66.7,67.5,66,67,31979
2024-09-30,LFIN.N0000,67.5,69.1,67.5,68.9,62766
2024-10-01,LFIN.N0000,68,70,68,69,448772
2024-10-02,LFIN.N0000,69,70.2,68,69.5,176798
2024-10-03,LFIN.N0000,69.9,69.9,68.5,69,41230
2024-10-04,LFIN.N0000,69,69.3,68.1,68.6,19621
2024-10-07,LFIN.N0000,69.3,70,69.2,69.7,106253
2024-10-08,LFIN.N0000,69.8,69.8,68.5,69.5,23106
2024-10-09,LFIN.N0000,69,69,68.7,68.8,313772
2024-10-10,LFIN.N0000,68.8,69.8,68.1,69.8,123128
2024-10-11,LFIN.N0000,68.1,70.4,68.1,70.2,293311
2024-10-14,LFIN.N0000,70.1,70.2,69.5,69.6,62977
2024-10-15,LFIN.N0000,70,70.5,69.5,70.1,44298
2024-10-16,LFIN.N0000,70.4,71.1,70,71.1,115930
2024-10-18,LFIN.N0000,71.3,73.7,71.3,73.2,1584995
2024-10-21,LFIN.N0000,73.5,73.7,71,72,80354
2024-10-22,LFIN.N0000,71.8,72.3,71.8,72.1,57195
2024-10-23,LFIN.N0000,72,72.4,71.7,72.4,104826
2024-10-24,LFIN.N0000,72.4,73,72,72.1,116282
2024-10-25,LFIN.N0000,72.6,73.3,72.1,73,113974
2024-10-28,LFIN.N0000,73,73.5,72.9,73.5,108652
2024-10-29,LFIN.N0000,73.4,74.8,73.4,74.5,757741
2024-10-30,LFIN.N0000,74.2,75.5,73.6,74.4,481866
2024-11-01,LFIN.N0000,73.8,75.3,72.2,75,511290
2024-11-04,LFIN.N0000,74,75.3,73.7,75,238410
2024-11-05,LFIN.N0000,75.3,76,74,76,844659
2024-11-06,LFIN.N0000,76,76,73.8,74.6,36717
2024-11-07,LFIN.N0000,74,75.4,74,74.5,266591
2024-11-08,LFIN.N0000,75,76.2,75,76.2,599994
2024-11-11,LFIN.N0000,75.1,77,75.1,76.3,87215
2024-11-12,LFIN.N0000,76.2,77.1,76.2,76.7,591290
2024-11-13,LFIN.N0000,75.5,77.4,75.5,76.9,309381
2024-11-14,LFIN.N0000,77,77.3,76.4,77.2,209737
2024-11-18,LFIN.N0000,78.4,78.5,77.3,78.4,728025
2024-11-19,LFIN.N0000,77.9,81.9,77.5,80.1,882385
2024-11-20,LFIN.N0000,80.1,80.2,79,79.2,350259
2024-11-21,LFIN.N0000,78.2,78.8,77.8,78.8,581823
2024-11-22,LFIN.N0000,77.8,78.9,77.7,78.8,211192
2024-11-25,LFIN.N0000,79,79,77.5,78,19107
2024-11-26,LFIN.N0000,78,78.3,77.5,78,142259
2024-11-27,LFIN.N0000,78,78.6,77.6,78.6,249380
2024-11-28,LFIN.N0000,78.3,80,78.3,79.9,1147164
2024-11-29,LFIN.N0000,79.8,80.2,79.6,80.2,218008
2024-12-02,LFIN.N0000,79.9,80.5,79,80.1,32710
2024-12-03,LFIN.N0000,80,81,79.5,80,260507
2024-12-04,LFIN.N0000,81,81.7,80,81.4,153043
2024-12-05,LFIN.N0000,81.7,82.5,80.9,81,646719
2024-12-06,LFIN.N0000,81,82,80,80,477866
2024-12-09,LFIN.N0000,80,80.4,79.5,80.1,278039
2024-12-10,LFIN.N0000,80,81,80,81,136980
2024-12-11,LFIN.N0000,80.7,82,80.2,82,58966
2024-12-12,LFIN.N0000,82,82.5,81.6,82,493870
2024-12-13,LFIN.N0000,82,84.5,82,84.2,1085597
2024-12-16,LFIN.N0000,84.4,85.5,83.4,83.4,438584
2024-12-17,LFIN.N0000,83.9,85,82.5,83.7,432032
2024-12-18,LFIN.N0000,82,84.5,81.8,83.5,393308
2024-12-19,LFIN.N0000,84.3,84.5,82.7,84,197906
2024-12-20,LFIN.N0000,83.2,83.5,82.3,82.5,364234
2024-12-23,LFIN.N0000,82.7,83,82.4,82.9,519530
2024-12-24,LFIN.N0000,83,83.5,82.7,83.5,181515
2024-12-26,LFIN.N0000,83.9,84.2,83,83.5,260570
2024-12-27,LFIN.N0000,84,84.2,82,83,270106
2024-12-30,LFIN.N0000,83,85.8,82.8,85.8,2372366
2024-12-31,LFIN.N0000,85.4,91.5,85.4,89.5,1025121
2025-01-02,LFIN.N0000,89.5,90,87.6,88.5,691971
2025-01-03,LFIN.N0000,88.8,90,85,87.4,791442
2025-01-06,LFIN.N0000,86,88.5,84.1,88,612783
2025-01-07,LFIN.N0000,85.3,85.9,82.6,85.5,157556
2025-01-08,LFIN.N0000,85,92.5,85,91.8,1767741
2025-01-09,LFIN.N0000,92,93.6,90.9,91.5,2545287
2025-01-10,LFIN.N0000,91.5,92,89,91.5,179691
2025-01-15,LFIN.N0000,91.4,92.8,90,92.3,203831
2025-01-16,LFIN.N0000,92.3,95.2,92.3,95,453598
2025-01-17,LFIN.N0000,94,95,93.5,94,419052
2025-01-20,LFIN.N0000,94,94.4,92.5,93.1,227566
2025-01-21,LFIN.N0000,93.5,95,92.5,94,715866
2025-01-22,LFIN.N0000,94.1,95,94.1,94.5,262702
2025-01-23,LFIN.N0000,94.4,95,92.9,93,1118236
2025-01-24,LFIN.N0000,93.9,94,91,91.8,207502
2025-01-27,LFIN.N0000,91.9,92.8,90.2,92.8,729338
2025-01-28,LFIN.N0000,92.8,94,91.5,93,153567
2025-01-29,LFIN.N0000,93,93.5,92.2,93.4,140857
2025-01-30,LFIN.N0000,93.2,93.5,92.3,93.3,178055
2025-01-31,LFIN.N0000,93.3,93.3,91,92,234524
2025-02-03,LFIN.N0000,93,93,89.8,90.5,84617
2025-02-05,LFIN.N0000,91,91,80.6,87.5,177645
2025-02-06,LFIN.N0000,84,91,83.7,88.5,1681988
2025-02-07,LFIN.N0000,90.5,91.4,86,90,298358
2025-02-10,LFIN.N0000,90.1,90.1,89.1,89.1,13419
2025-02-11,LFIN.N0000,89.2,90,87.7,88,235991
2025-02-13,LFIN.N0000,87.6,91.5,87.6,91.3,47702
2025-02-14,LFIN.N0000,91.5,92.1,90.2,91.9,58004
2025-02-17,LFIN.N0000,92,93,90,92,155126
2025-02-18,LFIN.N0000,91.7,93,91.5,92.1,185953
2025-02-19,LFIN.N0000,92.1,92.1,90,90,148741
2025-02-20,LFIN.N0000,91.5,92,88.4,88.9,112267
2025-02-21,LFIN.N0000,90,90,89.5,90,48045
2025-02-24,LFIN.N0000,88.2,88.5,87.5,87.7,161213
2025-02-25,LFIN.N0000,88.5,88.5,84.7,86.2,105871
2025-02-27,LFIN.N0000,86.2,87.5,85,87,133780
2025-02-28,LFIN.N0000,87.4,89.5,87.4,88.5,121060
2025-03-03,LFIN.N0000,87.9,88.2,86,87.6,8295
2025-03-04,LFIN.N0000,87,87,84.9,85,123425
2025-03-05,LFIN.N0000,84.9,87.8,84.5,87.7,95376
2025-03-06,LFIN.N0000,87.6,87.9,85.6,86,18977
2025-03-07,LFIN.N0000,86,89,85.8,87.8,101910
2025-03-10,LFIN.N0000,86.1,88.9,86.1,87,6425
2025-03-11,LFIN.N0000,87.7,87.7,85.9,86,114561
2025-03-12,LFIN.N0000,86.7,87.4,85.6,87.4,54414
2025-03-14,LFIN.N0000,87.4,87.4,86.5,86.6,15574
2025-03-17,LFIN.N0000,86.6,88,85.8,85.8,6148
2025-03-18,LFIN.N0000,86,86,84,84.3,97149
2025-03-19,LFIN.N0000,85,85,84,84,215418
2025-03-20,LFIN.N0000,84.5,86.8,84,86,27060
2025-03-21,LFIN.N0000,85.1,86.9,85.1,86.9,47353
2025-03-24,LFIN.N0000,86.9,87,86.6,87,20825
2025-03-25,LFIN.N0000,87,87,86,86.5,26052
2025-03-26,LFIN.N0000,86.4,87,86.4,86.4,51079
2025-03-27,LFIN.N0000,86,87.9,86,86.3,5490
2025-03-28,LFIN.N0000,86.4,87.8,85.4,86.5,47781
2025-04-01,LFIN.N0000,85.7,87,85.6,86.1,17812
2025-04-02,LFIN.N0000,87,90.9,86.8,89.8,436864
2025-04-03,LFIN.N0000,87,88,86.2,86.2,177804
2025-04-04,LFIN.N0000,87,87,84.9,85.8,44887
2025-04-07,LFIN.N0000,84.6,84.6,77,81.1,225476
2025-04-08,LFIN.N0000,81,85.8,80.2,85.2,49792
2025-04-09,LFIN.N0000,89.9,89.9,84.5,85,83787
2025-04-10,LFIN.N0000,87,89,87,87.5,49695
2025-04-11,LFIN.N0000,87.2,89,86.9,88.5,45857
2025-04-16,LFIN.N0000,87.6,90,87.6,90,197933
2025-04-17,LFIN.N0000,88.5,92,88,92,115489
2025-04-21,LFIN.N0000,91,93.2,90.8,92,168529
2025-04-22,LFIN.N0000,92,92.4,91.5,92.4,34922
2025-04-23,LFIN.N0000,93,94,91.7,93,563361
2025-04-24,LFIN.N0000,93,93.8,92,93,671996
2025-04-25,LFIN.N0000,93,93.8,92.8,93.5,322444
2025-04-28,LFIN.N0000,93.8,94.9,93,94.9,318691
2025-04-29,LFIN.N0000,94.9,95.4,94.9,95,200308
2025-04-30,LFIN.N0000,95,95,94.2,95,54088
2025-05-02,LFIN.N0000,95.2,95.2,92.6,93.4,50515
2025-05-05,LFIN.N0000,93.4,94.6,93.4,94,58053
2025-05-06,LFIN.N0000,94.4,94.4,93.6,94,16731
2025-05-07,LFIN.N0000,93.4,94,93.2,93.5,18732
2025-05-08,LFIN.N0000,93.5,95.5,93.2,95,543643
2025-05-09,LFIN.N0000,95,96,94.5,95.1,26243
2025-05-14,LFIN.N0000,95.3,99.5,95.3,99.5,475778
2025-05-15,LFIN.N0000,98.6,100,98.5,100,1392055
2025-05-16,LFIN.N0000,100,101,99.1,99.3,296222
2025-05-19,LFIN.N0000,99.2,99.7,97.1,98.1,64304
2025-05-20,LFIN.N0000,98,99,97.5,98,35350
2025-05-21,LFIN.N0000,97.5,100.5,97.5,100,603935
2025-05-22,LFIN.N0000,100,101.25,100,100.25,759487
2025-05-23,LFIN.N0000,101,101,100,101,69322
2025-05-26,LFIN.N0000,100.5,101,100.5,101,245743
2025-05-27,LFIN.N0000,101,101,100,100.25,36745
2025-05-28,LFIN.N0000,101,102,100.5,100.75,586509
2025-05-29,LFIN.N0000,100,101.25,100,101.25,500828
2025-05-30,LFIN.N0000,101,106,100.25,106,749540
2025-06-02,LFIN.N0000,106,110,105.5,109,746456
2025-06-03,LFIN.N0000,109,111,109,109.5,925795
2025-06-04,LFIN.N0000,110,110,107,107,434685
2025-06-05,LFIN.N0000,106.75,113.5,106.75,112.5,1743285
2025-06-06,LFIN.N0000,112.5,113.25,110.75,110.75,443415
2025-06-09,LFIN.N0000,111.25,113,110.5,113,137371
2025-06-11,LFIN.N0000,113,115,111,115,694790
2025-06-12,LFIN.N0000,114.5,121,114,119.75,1362753
2025-06-13,LFIN.N0000,118,120,115.5,117.5,344694
2025-06-16,LFIN.N0000,116,117,113,116,693947
2025-06-17,LFIN.N0000,116.5,122,116.5,120,1784454
2025-06-18,LFIN.N0000,120,120,116.75,119.25,1741509
2025-06-19,LFIN.N0000,118,119.75,115,115.5,459453
2025-06-20,LFIN.N0000,115.5,119,115.5,119,91090
2025-06-23,LFIN.N0000,113,118,112.75,114,149751
2025-06-24,LFIN.N0000,117,120.5,117,119,342273
2025-06-25,LFIN.N0000,119.5,123,119.5,123,918945
2025-06-26,LFIN.N0000,123.5,126,123.25,125.5,311492
2025-06-27,LFIN.N0000,125.5,126,124,125,144643
2025-06-30,LFIN.N0000,125.25,130,125,130,919288
2025-07-01,LFIN.N0000,127,128,125,128,407671
2025-07-02,LFIN.N0000,128,129.5,127,129,254306
2025-07-03,LFIN.N0000,128.75,129,125,126.5,272672
2025-07-04,LFIN.N0000,126.75,126.75,123,125.75,246578
2025-07-07,LFIN.N0000,125.75,129.75,123,127.75,164376
2025-07-08,LFIN.N0000,126.5,134,125,130,823630
2025-07-09,LFIN.N0000,131.5,137,131.5,136,974471
2025-07-11,LFIN.N0000,136,141,135,138.5,1162492
2025-07-14,LFIN.N0000,138.5,138.5,135.75,136,339062
2025-07-15,LFIN.N0000,137,137,133,134.5,193231
2025-07-16,LFIN.N0000,134,134,130,130.25,272029
2025-07-17,LFIN.N0000,131.75,132.75,127.25,131,439278
2025-07-18,LFIN.N0000,130.75,134.75,130.75,133,237705
2025-07-21,LFIN.N0000,134.75,139,123,130,416440
2025-07-22,LFIN.N0000,135,137,126,135,406536
2025-07-23,LFIN.N0000,136,136,134,134,315319
2025-07-24,LFIN.N0000,135,137,133.75,134.75,457696
2025-07-25,LFIN.N0000,135,137,133.75,136,913062
2025-07-28,LFIN.N0000,136,141,136,140,1415561
2025-07-29,LFIN.N0000,140.5,141.5,139,140,313434
2025-07-30,LFIN.N0000,143,143,138.5,140,30325
2025-07-31,LFIN.N0000,141,141,138.25,138.5,23827
2025-08-01,LFIN.N0000,138,139.5,136,138,215216
2025-08-04,LFIN.N0000,138,139.5,135,136,146026
2025-08-05,LFIN.N0000,135.25,138,134.5,137,126699
2025-08-06,LFIN.N0000,137.75,137.75,135,135.5,39643
2025-08-07,LFIN.N0000,136.5,137,135,136,567419
2025-08-11,LFIN.N0000,136.5,137,135,135,332818
2025-08-12,LFIN.N0000,137,137,134.75,135.5,109174
2025-08-13,LFIN.N0000,137,137,135.25,136,25573
2025-08-14,LFIN.N0000,136.5,136.5,133.5,135,43344
2025-08-15,LFIN.N0000,136.5,138.5,135,138,472848
2025-08-18,LFIN.N0000,138,139,136.75,139,207725
2025-08-19,LFIN.N0000,139,140.5,138,139,311850
2025-08-20,LFIN.N0000,139,145,138.75,142,994729
2025-08-21,LFIN.N0000,142,143,139,142.25,597594
2025-08-22,LFIN.N0000,142,145,141.5,142,249484
2025-08-25,LFIN.N0000,141.5,142,140,140,212659
2025-08-26,LFIN.N0000,140.5,143,140.5,141.75,229613
2025-08-27,LFIN.N0000,141.5,144.25,140.75,140.75,129822
2025-08-28,LFIN.N0000,142.5,142.5,139,139.5,149686
2025-08-29,LFIN.N0000,139.5,140,139,139,147816
2025-09-01,LFIN.N0000,142,142,139.5,139.75,278665
2025-09-02,LFIN.N0000,142,142,138.75,139,183077
2025-09-03,LFIN.N0000,139.25,141,138,139.75,55632
2025-09-04,LFIN.N0000,138,139,137.5,138.75,62106
2025-09-08,LFIN.N0000,139.5,139.75,136.75,137.5,18475
2025-09-09,LFIN.N0000,138,138,134,134,135530
2025-09-10,LFIN.N0000,134,137,133,135,309395
2025-09-11,LFIN.N0000,136,137.5,135,136,119392
2025-09-12,LFIN.N0000,135.5,136.75,134.75,135,239488
2025-09-15,LFIN.N0000,135,136.5,134,134,44904
2025-09-16,LFIN.N0000,135,136,134.5,135.5,178392
2025-09-17,LFIN.N0000,135.75,137.5,135.75,137.5,221777
2025-09-18,LFIN.N0000,138,138.5,136.75,138,264431
2025-09-19,LFIN.N0000,138.75,142.25,138.75,140,372331
2025-09-22,LFIN.N0000,142,142.5,138.5,142,324338
2025-09-23,LFIN.N0000,142,142.5,141,142,1249247
2025-09-24,LFIN.N0000,142,151,142,151,1487575
2025-09-25,LFIN.N0000,150.25,154.5,149.5,153,1357475
2025-09-26,LFIN.N0000,154,154.5,152.5,152.75,53042
2025-09-29,LFIN.N0000,159,159,152.5,154,841115
2025-09-30,LFIN.N0000,154.25,155,150.25,151.5,236336
2025-10-01,LFIN.N0000,151,153,149.5,151,455419
2025-10-02,LFIN.N0000,152.25,152.25,150.25,150.5,154568
2025-10-03,LFIN.N0000,151.5,151.5,149,149,183265
2025-10-07,LFIN.N0000,149,153,149,152,348045
2025-10-08,LFIN.N0000,152.5,153.5,151,152.5,716335
2025-10-09,LFIN.N0000,151.75,157,151.75,156,362412
2025-10-10,LFIN.N0000,158.5,167,156.25,166,851793
2025-10-13,LFIN.N0000,165.5,167,160,162,183948
2025-10-14,LFIN.N0000,161.5,165.5,161.5,165,203155
2025-10-15,LFIN.N0000,165,166,164,165,855569
2025-10-16,LFIN.N0000,166,173,165.75,169,464410
2025-10-17,LFIN.N0000,170,172,170,170.75,250404
2025-10-21,LFIN.N0000,171.25,173,171.25,172.75,233172
2025-10-22,LFIN.N0000,173,174,169,171,210876
2025-10-23,LFIN.N0000,171.25,172.5,166,168.75,102008
2025-10-24,LFIN.N0000,168.75,169.75,165,167,78747
2025-10-27,LFIN.N0000,167.5,168,165,165,592098
2025-10-28,LFIN.N0000,165,166,162,165,177506
2025-10-29,LFIN.N0000,165,166,163,163.5,83788
2025-10-30,LFIN.N0000,163.5,165,160.25,162,259715
2025-10-31,LFIN.N0000,166,166,160.25,163,107379
2025-11-03,LFIN.N0000,163,170,163,167.25,71779
2025-11-04,LFIN.N0000,168.25,170.75,165.5,166,85785
2025-11-06,LFIN.N0000,166,169,164,168,120044
2025-11-07,LFIN.N0000,166,168,165,166.5,22449
2025-11-10,LFIN.N0000,168,168,164,167.5,106207
2025-11-11,LFIN.N0000,167.75,168,166.25,166.5,171576
2025-11-12,LFIN.N0000,167.25,167.25,161.5,164.75,171742
2025-11-13,LFIN.N0000,164,164,161.5,162.5,360889
2025-11-14,LFIN.N0000,163,166.75,160,163.5,104674
2025-11-17,LFIN.N0000,165,167,161,162.25,29737
2025-11-18,LFIN.N0000,164.75,164.75,159.25,160.75,132374
2025-11-19,LFIN.N0000,160.5,160.5,157.75,159,80630
2025-11-20,LFIN.N0000,158,160,157.5,158.5,28094
2025-11-21,LFIN.N0000,158,160,157.75,158,24713
2025-11-24,LFIN.N0000,159,159,153,157,111942
2025-11-25,LFIN.N0000,156.25,157,156,156,167987
2025-11-26,LFIN.N0000,157,160,156.5,157,233382
2025-11-27,LFIN.N0000,159,159,155,155,195173
2025-11-28,LFIN.N0000,155,155,154.25,155,73066
2025-12-01,LFIN.N0000,152,154,149,150,256170
2025-12-02,LFIN.N0000,150,153,149.5,149.75,397683
2025-12-03,LFIN.N0000,150,150,145,147.5,83157
2025-12-05,LFIN.N0000,148.25,149.75,140.25,146,169707
2025-12-08,LFIN.N0000,145,145,139.5,139.75,296407
2025-12-09,LFIN.N0000,140,145,136.5,143,197326
2025-12-10,LFIN.N0000,144,149,143.75,148.75,235972
2025-12-11,LFIN.N0000,149.5,153.5,144.75,152.25,156464
2025-12-12,LFIN.N0000,153,155,153,153.5,197769
2025-12-15,LFIN.N0000,153.75,157.5,153.75,154.25,297867
2025-12-16,LFIN.N0000,154.5,155,153.25,153.25,56549
2025-12-17,LFIN.N0000,154.5,155,153,154,12653
2025-12-18,LFIN.N0000,155.25,155.25,150.5,153.75,17610
2025-12-19,LFIN.N0000,153.75,153.75,149,150,56155
2025-12-22,LFIN.N0000,150,150,148,149.25,9297
2025-12-23,LFIN.N0000,149,150,145,150,124558
2025-12-24,LFIN.N0000,148.5,150,147.75,148,69104
2025-12-26,LFIN.N0000,150,152,149.5,149.5,16575
2025-12-29,LFIN.N0000,152.75,152.75,147,148,41214
2025-12-30,LFIN.N0000,152.75,154,148,153,29664
2025-12-31,LFIN.N0000,154,157,153,157,21306
2026-01-02,LFIN.N0000,157.25,160,157.25,159.75,54026
2026-01-05,LFIN.N0000,159.75,160,155,155.25,123487
2026-01-06,LFIN.N0000,155.5,160.75,155.5,160.75,74822
2026-01-07,LFIN.N0000,162.25,162.5,160.5,161.75,3297
2026-01-08,LFIN.N0000,162,162.5,158.25,161,217009
2026-01-09,LFIN.N0000,161.5,164.75,161,163.25,37128
2026-01-12,LFIN.N0000,164.75,164.75,162.5,164,26471
2026-01-13,LFIN.N0000,164.5,164.5,161,164,183786
2026-01-14,LFIN.N0000,164,164,161,164,18945
2026-01-16,LFIN.N0000,163.75,164.5,161,163,185341
2026-01-19,LFIN.N0000,162.5,164.25,160,160.75,296611
2026-01-20,LFIN.N0000,162,163,160,161,71154
2026-01-21,LFIN.N0000,164,165,160.75,163,141712
2026-01-22,LFIN.N0000,163.5,166,161.5,162,65063
2026-01-23,LFIN.N0000,163.5,170,163,166.5,110736
2026-01-26,LFIN.N0000,167,169.75,165.5,166,106913
2026-01-27,LFIN.N0000,166.75,169.25,165.5,168,49509
2026-01-28,LFIN.N0000,167.25,168.5,167,168,85179
2026-01-29,LFIN.N0000,167.25,168,165.25,168,67587
2026-01-30,LFIN.N0000,168,169,166,167,21459
2026-02-02,LFIN.N0000,166,167,163,166,27553
2026-02-03,LFIN.N0000,167,167,163.25,165.25,9581
2026-02-05,LFIN.N0000,165,167,163.75,165.25,45533
2026-02-06,LFIN.N0000,166.5,166.5,163.5,164.5,15746
2026-02-09,LFIN.N0000,164.5,165,163,163.75,138907
2026-02-10,LFIN.N0000,164,166.5,163,163.75,72069
2026-02-11,LFIN.N0000,164,165.75,162.75,165,43772
2026-02-12,LFIN.N0000,165,165.5,162.5,163,600795
2026-02-13,LFIN.N0000,163,164,159.75,164,244760
2026-02-16,LFIN.N0000,164,165.5,163,164.25,20346
2026-02-17,LFIN.N0000,164.5,165.25,163.5,164.5,19100
2026-02-18,LFIN.N0000,163.75,164.5,159.25,164.5,62694
2026-02-19,LFIN.N0000,164.5,164.5,162,164,36803
2026-02-20,LFIN.N0000,162.5,164.5,160.25,164,29004
2026-02-23,LFIN.N0000,164.5,164.5,160,160.75,89483
2026-02-24,LFIN.N0000,163.5,163.5,159.5,162.25,105111
2026-02-25,LFIN.N0000,161,161,159.75,160,60377
2026-02-26,LFIN.N0000,162,162,159.75,161.5,17132
2026-02-27,LFIN.N0000,161.5,162,160,161.5,184113
2026-03-03,LFIN.N0000,155,157.5,150,153,382825
2026-03-04,LFIN.N0000,153.5,155,152.5,152.5,307292
2026-03-05,LFIN.N0000,155,157,152,153,59765
2026-03-06,LFIN.N0000,153.75,153.75,151.5,152,60156
2026-03-09,LFIN.N0000,150,152,147,150,153652
2026-03-10,LFIN.N0000,149,151,149,150.5,35998
2026-03-11,LFIN.N0000,150.75,153.75,150,150.5,35149
2026-03-12,LFIN.N0000,149.75,149.75,146.75,146.75,215676
2026-03-13,LFIN.N0000,147,149.5,145.5,147,615317
2026-03-16,LFIN.N0000,146,146,135,144.25,305643
2026-03-17,LFIN.N0000,140,144,135,139,61687
2026-03-18,LFIN.N0000,136.5,139,134.75,137.5,132772
2026-03-19,LFIN.N0000,136,137.75,133.5,134.25,177228
2026-03-20,LFIN.N0000,135,138,135,137.75,52751
2026-03-23,LFIN.N0000,136,141,130,136,80660
2026-03-24,LFIN.N0000,145.25,145.25,138.25,142,41629
2026-03-25,LFIN.N0000,145,145.5,142.75,143.25,82089
2026-03-26,LFIN.N0000,144,144,140,142.5,315441
2026-03-27,LFIN.N0000,144,144,142,143,27354
2026-03-30,LFIN.N0000,145,145,140,143.5,14396
2026-03-31,LFIN.N0000,142,142.5,140.25,141.75,4746
2026-04-02,LFIN.N0000,142,144,140,141,30403
2026-04-06,LFIN.N0000,144,144,139,140,67363
2026-04-07,LFIN.N0000,143,143,138.25,140,28450
2026-04-08,LFIN.N0000,142,145,139.5,140.75,272489
2026-04-09,LFIN.N0000,145,145,140,142,72617
2026-04-10,LFIN.N0000,144,155,142,152,53475
2026-04-15,LFIN.N0000,151.75,153,150,151.5,175692
2026-04-16,LFIN.N0000,152,161.75,152,157,182434
2026-04-17,LFIN.N0000,157,162,154.75,160,81838
2026-04-20,LFIN.N0000,160,160,154.5,154.5,26162
2026-04-21,LFIN.N0000,153.75,160,151.75,154,43928
2026-04-22,LFIN.N0000,160,160,152.5,154.5,6713
2026-04-23,LFIN.N0000,153.25,155,151.5,154,9668
2026-04-24,LFIN.N0000,154,155,152.25,153.5,8987
2026-04-27,LFIN.N0000,153.5,155,152,153.5,11481
2026-04-28,LFIN.N0000,155,155,153.5,153.5,37420
2026-04-29,LFIN.N0000,155,155.25,152.5,154.5,4554
2026-04-30,LFIN.N0000,152.5,155,152.5,153,29545
2026-05-04,LFIN.N0000,152.75,155.25,152.75,155.25,34818
2026-05-05,LFIN.N0000,154,156,152,155.25,421090
2026-05-06,LFIN.N0000,155.5,159.75,155.5,157.5,12614
2026-05-07,LFIN.N0000,157.75,165,157.75,165,193112
2026-05-08,LFIN.N0000,165.75,170,163,169,242558
2026-05-11,LFIN.N0000,169,169,160.5,167,47670
2026-05-12,LFIN.N0000,167,175.25,166.75,168.25,176334
2026-05-13,LFIN.N0000,170,170,163,166,13418
2026-05-14,LFIN.N0000,165,167.75,165,165.25,13535
2026-05-15,LFIN.N0000,165.25,165.25,164,164,15461
2026-05-18,LFIN.N0000,163,163.25,157,161,163143
2026-05-19,LFIN.N0000,160,162,157,160,95172
2026-05-20,LFIN.N0000,159,159.5,154,159,46944
2026-05-21,LFIN.N0000,156.75,161,153,159.75,123108
2026-05-22,LFIN.N0000,158.25,166.25,158.25,163.5,94475
2026-05-25,LFIN.N0000,163,167,162,167,69499
2026-05-26,LFIN.N0000,167,167,160.75,163.25,40248
2026-05-27,LFIN.N0000,162,166,162,163,17842
2026-05-29,LFIN.N0000,165,166,164,166,54678
2026-06-01,LFIN.N0000,166,166.5,163.75,165,15833
2026-06-02,LFIN.N0000,166,166,164.5,165.25,28925
2026-06-03,LFIN.N0000,166,166,164,164.5,8711
2026-06-04,LFIN.N0000,164.5,164.5,161.5,162,39346
2026-06-05,LFIN.N0000,162.25,162.5,159.25,162.5,11564
2026-06-08,LFIN.N0000,161.5,161.5,158.5,160,30515
2026-06-09,LFIN.N0000,160,166,160,161.75,6347
2026-06-10,LFIN.N0000,165.75,165.75,162,164.75,32398
2026-06-11,LFIN.N0000,163.5,164,162,162.75,38260
2026-06-12,LFIN.N0000,163.75,165,162.5,162.5,10704
2026-06-15,LFIN.N0000,164.5,168,163,168,119183
2026-06-16,LFIN.N0000,168,168,166.5,166.5,24655
2026-06-17,LFIN.N0000,167,167.75,166.5,166.5,122029
2026-06-18,LFIN.N0000,167,171,166.75,170.25,291583
2026-06-19,LFIN.N0000,170.25,174.5,170,172.75,65756
2026-06-22,LFIN.N0000,173.25,173.25,170.5,171.25,14375
2026-06-23,LFIN.N0000,172.25,179,171.25,176.5,161925
2026-06-24,LFIN.N0000,178,179,175,176.75,342944
2026-06-25,LFIN.N0000,177,178.5,175.5,177,48271
2026-06-26,LFIN.N0000,177,177,174.75,175,43257
2026-06-30,LFIN.N0000,175,175,172,173,79694
2026-07-01,LFIN.N0000,172.5,172.5,168,169,33832
2026-07-02,LFIN.N0000,168,169,167,168,67376
2026-07-03,LFIN.N0000,167.75,167.75,166,167.5,15890
2026-07-06,LFIN.N0000,169,169,166.5,166.5,16036
2026-07-07,LFIN.N0000,167,167.5,165.75,166.5,18055
2026-07-08,LFIN.N0000,166,168,164.25,165,11983
2026-07-09,LFIN.N0000,164.5,164.75,161,162,11873
2026-07-10,LFIN.N0000,162,163,160.5,162.75,12638
2026-07-13,LFIN.N0000,162.75,162.75,158,160,104662
2026-07-14,LFIN.N0000,159.5,161.75,157.75,160.75,21554
2026-07-15,LFIN.N0000,161.25,161.25,159.75,161,2829
2026-07-16,LFIN.N0000,159.75,160.75,158.5,160.25,33228
2026-07-17,LFIN.N0000,161.25,161.75,160,161.5,39982
2026-07-20,LFIN.N0000,160,162,159,162,58713
2026-07-21,LFIN.N0000,161,161.75,159,160.25,4792
2026-07-22,LFIN.N0000,160.25,162.5,160,161,3541
2026-07-23,LFIN.N0000,162.5,163,161.25,162.5,34529
2026-07-24,LFIN.N0000,162.5,163,160.5,161.75,19615
2026-07-27,LFIN.N0000,161.5,162.5,160,160,16307
2026-07-28,LFIN.N0000,161,161,159.5,160,57001
