date,ticker,open,high,low,close,volume
2012-02-23,LOFC.N0000,5.6,5.8,5.5,5.6,279100
2012-02-24,LOFC.N0000,5.6,5.9,5.6,5.7,146502
2012-02-27,LOFC.N0000,5.6,5.7,5.4,5.5,99607
2012-03-05,LOFC.N0000,5,5.1,5,5,18801
2012-03-06,LOFC.N0000,5,5,5,5,71698
2012-03-08,LOFC.N0000,5.1,5.1,4.9,5.1,24101
2012-03-09,LOFC.N0000,5,5.2,4.9,5,30504
2012-03-13,LOFC.N0000,5,5.1,4.9,5,131742
2012-03-14,LOFC.N0000,4.8,5.1,4.8,4.8,28019
2012-03-15,LOFC.N0000,4.8,4.9,4.7,4.8,23243
2012-03-16,LOFC.N0000,5,5,4.8,5,63015
2012-03-19,LOFC.N0000,5,5.2,5,5,6901
2012-03-20,LOFC.N0000,5,5,4.8,5,16715
2012-03-21,LOFC.N0000,4.8,5,4.7,4.8,222886
2012-03-22,LOFC.N0000,4.7,4.9,4.7,4.7,43502
2012-03-23,LOFC.N0000,4.9,5,4.7,4.9,183801
2012-03-26,LOFC.N0000,4.9,5,4.8,4.9,3500
2012-03-27,LOFC.N0000,4.6,5,4.6,4.6,146401
2012-03-28,LOFC.N0000,4.7,4.8,4.5,4.7,22905
2012-03-29,LOFC.N0000,4.6,4.8,4.5,4.6,49255
2012-03-30,LOFC.N0000,4.5,4.7,4.5,4.5,143802
2012-04-02,LOFC.N0000,4.3,4.5,4.3,4.3,43850
2012-04-03,LOFC.N0000,4.4,4.4,4.3,4.4,19523
2012-04-04,LOFC.N0000,4,4.5,4,4,249650
2012-04-05,LOFC.N0000,4,4.2,4,4,323251
2012-04-09,LOFC.N0000,4,4.2,4,4,18809
2012-04-10,LOFC.N0000,4.1,4.1,3.9,4.1,17022
2012-04-11,LOFC.N0000,4,4.1,4,4,33151
2012-04-16,LOFC.N0000,4.2,4.2,4,4.2,347000
2012-04-17,LOFC.N0000,4,4.1,4,4,22401
2012-04-18,LOFC.N0000,4,4.2,4,4,93060
2012-04-19,LOFC.N0000,4.1,4.2,4,4.1,58700
2012-04-20,LOFC.N0000,4.1,4.3,4.1,4.1,45749
2012-04-23,LOFC.N0000,4,4.2,4,4,10401
2012-04-24,LOFC.N0000,4,4.2,4,4,22801
2012-04-25,LOFC.N0000,4,4.2,3.9,4,73241
2012-04-26,LOFC.N0000,3.9,4,3.9,3.9,50501
2012-04-27,LOFC.N0000,3.9,3.9,3.8,3.9,72400
2012-04-30,LOFC.N0000,3.9,4.1,3.9,3.9,99951
2012-05-02,LOFC.N0000,3.9,4,3.8,3.9,50100
2012-05-03,LOFC.N0000,3.9,4,3.8,3.9,154002
2012-05-04,LOFC.N0000,3.8,3.9,3.7,3.8,51450
2012-05-08,LOFC.N0000,3.7,3.8,3.6,3.7,21100
2012-05-09,LOFC.N0000,3.7,3.7,3.6,3.7,14150
2012-05-10,LOFC.N0000,3.4,3.6,3.3,3.4,45196
2012-05-11,LOFC.N0000,3.3,3.7,3.2,3.3,27152
2012-05-14,LOFC.N0000,3.3,3.6,3.2,3.3,66228
2012-05-15,LOFC.N0000,3.3,3.3,3.2,3.3,36000
2012-05-16,LOFC.N0000,3.6,3.6,3.2,3.6,52021
2012-05-17,LOFC.N0000,3.5,3.7,3.4,3.5,86471
2012-05-18,LOFC.N0000,3.5,3.6,3.5,3.5,2995
2012-05-21,LOFC.N0000,3.5,3.6,3.5,3.5,99095
2012-05-22,LOFC.N0000,3.3,3.7,3.2,3.3,51790
2012-05-23,LOFC.N0000,3.2,3.5,3.1,3.2,152458
2012-05-24,LOFC.N0000,3.1,3.2,3,3.1,59301
2012-05-25,LOFC.N0000,3.2,3.3,3.2,3.2,13356
2012-05-28,LOFC.N0000,3,3.2,3,3,100530
2012-05-29,LOFC.N0000,3,3.1,2.8,3,209800
2012-05-30,LOFC.N0000,3,3.1,3,3,9501
2012-05-31,LOFC.N0000,2.9,3,2.8,2.9,45900
2012-06-01,LOFC.N0000,3.1,3.1,2.9,3.1,37655
2012-06-05,LOFC.N0000,3,3,3,3,3601
2012-06-06,LOFC.N0000,2.8,2.9,2.8,2.8,27003
2012-06-07,LOFC.N0000,2.8,2.9,2.8,2.8,114310
2012-06-08,LOFC.N0000,2.8,2.9,2.7,2.8,38500
2012-06-11,LOFC.N0000,2.9,3,2.8,2.9,99650
2012-06-12,LOFC.N0000,2.9,3,2.8,2.9,7401
2012-06-13,LOFC.N0000,3,3.2,2.8,3,337152
2012-06-14,LOFC.N0000,3.8,3.9,3.1,3.8,1087311
2012-06-15,LOFC.N0000,4,4.2,3.8,4,853877
2012-06-18,LOFC.N0000,4,4.1,3.8,4,154020
2012-06-19,LOFC.N0000,4,4.1,4,4,60658
2012-06-20,LOFC.N0000,4,4.1,3.8,4,331201
2012-06-21,LOFC.N0000,3.7,3.9,3.6,3.7,484900
2012-06-22,LOFC.N0000,3.5,3.8,3.5,3.5,471922
2012-06-25,LOFC.N0000,3.3,3.6,3.3,3.3,194601
2012-06-26,LOFC.N0000,3.2,3.4,3.2,3.2,108187
2012-06-27,LOFC.N0000,3.4,3.5,3.3,3.4,62752
2012-06-28,LOFC.N0000,3.4,3.4,3.3,3.4,31320
2012-06-29,LOFC.N0000,3.5,3.5,3.3,3.5,13595
2012-07-02,LOFC.N0000,3.4,3.5,3.3,3.4,42954
2012-07-04,LOFC.N0000,3.4,3.4,3.3,3.4,21650
2012-07-05,LOFC.N0000,3.4,3.5,3.4,3.4,231522
2012-07-06,LOFC.N0000,3.4,3.4,3.2,3.4,273200
2012-07-09,LOFC.N0000,3.4,3.4,3.3,3.4,189800
2012-07-10,LOFC.N0000,3.3,3.4,3.2,3.3,269100
2012-07-11,LOFC.N0000,3.3,3.3,3.2,3.3,64387
2012-07-12,LOFC.N0000,3.2,3.3,3.2,3.2,918713
2012-07-13,LOFC.N0000,3.3,3.4,3.1,3.3,482614
2012-07-16,LOFC.N0000,3.1,3.3,3.1,3.1,1752220
2012-07-17,LOFC.N0000,3.2,3.2,3.1,3.2,327990
2012-07-18,LOFC.N0000,3.1,3.2,3,3.1,378034
2012-07-19,LOFC.N0000,3.2,3.3,3.1,3.2,510581
2012-07-20,LOFC.N0000,3.1,3.2,3.1,3.1,367522
2012-07-23,LOFC.N0000,3.2,3.2,3.1,3.2,15150
2012-07-24,LOFC.N0000,3.2,3.2,3,3.2,103550
2012-07-25,LOFC.N0000,3.2,3.2,3.1,3.2,11261
2012-07-26,LOFC.N0000,3.1,3.3,3.1,3.1,5320
2012-07-27,LOFC.N0000,3.2,3.3,3.1,3.2,122063
2012-07-30,LOFC.N0000,3.3,3.3,3.2,3.3,403080
2012-07-31,LOFC.N0000,3.3,3.4,3.2,3.3,338506
2012-08-02,LOFC.N0000,3.4,3.4,3.3,3.4,500949
2012-08-03,LOFC.N0000,3.3,3.4,3.2,3.3,107827
2012-08-06,LOFC.N0000,3.3,3.3,3.2,3.3,47524
2012-08-07,LOFC.N0000,3.2,3.3,3.2,3.2,16526
2012-08-08,LOFC.N0000,3.3,3.3,3.2,3.3,12500
2012-08-09,LOFC.N0000,3.1,3.3,3.1,3.1,276324
2012-08-10,LOFC.N0000,3.3,3.3,3.1,3.3,149230
2012-08-13,LOFC.N0000,3.3,3.3,3.1,3.3,158052
2012-08-14,LOFC.N0000,3.3,3.3,3.3,3.3,57350
2012-08-15,LOFC.N0000,3.3,3.3,3.2,3.3,22600
2012-08-16,LOFC.N0000,3.3,3.3,3.3,3.3,5201
2012-08-17,LOFC.N0000,3.4,3.4,3.3,3.4,292602
2012-08-20,LOFC.N0000,3.4,3.4,3.3,3.4,308308
2012-08-21,LOFC.N0000,3.3,3.3,3.3,3.3,110
2012-08-22,LOFC.N0000,3.6,3.7,3.4,3.6,1864343
2012-08-23,LOFC.N0000,3.6,3.8,3.5,3.6,990705
2012-08-24,LOFC.N0000,3.5,3.6,3.5,3.5,56201
2012-08-27,LOFC.N0000,3.6,3.6,3.5,3.6,35600
2012-08-28,LOFC.N0000,3.6,3.7,3.6,3.6,265864
2012-08-29,LOFC.N0000,3.6,3.7,3.6,3.6,75100
2012-08-30,LOFC.N0000,3.6,3.7,3.5,3.6,123196
2012-09-03,LOFC.N0000,3.8,3.8,3.6,3.8,1010144
2012-09-04,LOFC.N0000,3.8,3.8,3.7,3.8,425061
2012-09-05,LOFC.N0000,4,4.1,3.7,4,1757756
2012-09-06,LOFC.N0000,4.4,4.5,3.8,4.4,3587778
2012-09-07,LOFC.N0000,4.7,4.8,4.5,4.7,2282645
2012-09-10,LOFC.N0000,4.9,5.1,4.8,4.9,1902663
2012-09-11,LOFC.N0000,4.8,5,4.7,4.8,317422
2012-09-12,LOFC.N0000,4.8,4.9,4.7,4.8,231000
2012-09-13,LOFC.N0000,4.9,4.9,4.8,4.9,544691
2012-09-14,LOFC.N0000,4.9,5,4.8,4.9,614598
2012-09-17,LOFC.N0000,4.8,5,4.7,4.8,209568
2012-09-18,LOFC.N0000,4.8,5.4,4.7,4.8,3941540
2012-09-19,LOFC.N0000,4.8,5,4.7,4.8,818171
2012-09-20,LOFC.N0000,4.8,5,4.7,4.8,188194
2012-09-21,LOFC.N0000,4.8,4.9,4.7,4.8,173950
2012-09-24,LOFC.N0000,4.7,4.8,4.7,4.7,164310
2012-09-25,LOFC.N0000,4.7,4.8,4.6,4.7,114124
2012-09-26,LOFC.N0000,4.6,4.7,4.6,4.6,91500
2012-09-27,LOFC.N0000,4.6,4.8,4.6,4.6,115499
2012-09-28,LOFC.N0000,4.6,4.7,4.6,4.6,214724
2012-10-01,LOFC.N0000,4.6,4.7,4.5,4.6,48907
2012-10-02,LOFC.N0000,4.6,4.7,4.5,4.6,176809
2012-10-03,LOFC.N0000,4.6,4.7,4.5,4.6,195002
2012-10-04,LOFC.N0000,4.4,4.6,4.3,4.4,741568
2012-10-05,LOFC.N0000,4.5,4.6,4.4,4.5,684926
2012-10-08,LOFC.N0000,4.5,4.5,4.3,4.5,133250
2012-10-09,LOFC.N0000,4.3,4.5,4.3,4.3,643256
2012-10-10,LOFC.N0000,4.3,4.5,4.2,4.3,181221
2012-10-11,LOFC.N0000,4.2,4.3,4,4.2,299500
2012-10-12,LOFC.N0000,4.1,4.3,4.1,4.1,48261
2012-10-15,LOFC.N0000,4,4.1,4,4,33083
2012-10-16,LOFC.N0000,4,4.1,3.8,4,97173
2012-10-17,LOFC.N0000,3.8,4,3.7,3.8,187780
2012-10-18,LOFC.N0000,3.9,3.9,3.6,3.9,431875
2012-10-19,LOFC.N0000,3.8,4,3.8,3.8,138851
2012-10-22,LOFC.N0000,3.7,3.8,3.7,3.7,61901
2012-10-23,LOFC.N0000,3.7,3.7,3.6,3.7,234000
2012-10-24,LOFC.N0000,3.7,3.8,3.7,3.7,90317
2012-10-25,LOFC.N0000,3.9,4,3.6,3.9,1328412
2012-10-26,LOFC.N0000,3.9,4,3.9,3.9,75650
2012-10-30,LOFC.N0000,3.8,3.9,3.7,3.8,134700
2012-10-31,LOFC.N0000,3.7,3.8,3.6,3.7,65762
2012-11-01,LOFC.N0000,3.8,3.9,3.7,3.8,95119
2012-11-02,LOFC.N0000,3.8,3.9,3.8,3.8,136106
2012-11-05,LOFC.N0000,3.7,3.8,3.7,3.7,7509
2012-11-06,LOFC.N0000,3.8,3.8,3.8,3.8,43996
2012-11-07,LOFC.N0000,3.8,3.8,3.8,3.8,100
2012-11-08,LOFC.N0000,3.9,3.9,3.8,3.9,16800
2012-11-09,LOFC.N0000,3.8,3.9,3.8,3.8,30000
2012-11-12,LOFC.N0000,3.8,3.9,3.8,3.8,64750
2012-11-14,LOFC.N0000,3.7,3.8,3.7,3.7,168100
2012-11-15,LOFC.N0000,3.7,3.8,3.6,3.7,5200
2012-11-16,LOFC.N0000,3.8,3.8,3.7,3.8,123590
2012-11-19,LOFC.N0000,3.8,3.9,3.6,3.8,714016
2012-11-20,LOFC.N0000,3.5,3.9,3.4,3.5,358938
2012-11-21,LOFC.N0000,3.4,3.5,3.4,3.4,179427
2012-11-22,LOFC.N0000,3.5,3.6,3.4,3.5,151800
2012-11-23,LOFC.N0000,3.5,3.5,3.4,3.5,47488
2012-11-26,LOFC.N0000,3.4,3.5,3.4,3.4,39450
2012-11-28,LOFC.N0000,3.3,3.6,3.3,3.3,115015
2012-11-29,LOFC.N0000,3.3,3.5,3.3,3.3,22900
2012-11-30,LOFC.N0000,3.4,3.4,3.3,3.4,10501
2012-12-03,LOFC.N0000,3.3,3.4,3.2,3.3,27300
2012-12-04,LOFC.N0000,3.3,3.4,3.3,3.3,22110
2012-12-05,LOFC.N0000,3.3,3.4,3.3,3.3,16425
2012-12-06,LOFC.N0000,3.4,3.6,3.4,3.4,112243
2012-12-07,LOFC.N0000,3.5,3.6,3.4,3.5,21549
2012-12-10,LOFC.N0000,3.4,3.5,3.4,3.4,2570
2012-12-11,LOFC.N0000,3.5,3.5,3.4,3.5,5670
2012-12-12,LOFC.N0000,3.7,3.7,3.5,3.7,156620
2012-12-13,LOFC.N0000,3.9,4,3.8,3.9,552037
2012-12-14,LOFC.N0000,3.7,3.8,3.7,3.7,5300
2012-12-17,LOFC.N0000,3.7,3.8,3.6,3.7,2513
2012-12-18,LOFC.N0000,3.7,3.7,3.6,3.7,36511
2012-12-19,LOFC.N0000,3.7,3.8,3.7,3.7,30958
2012-12-20,LOFC.N0000,3.8,3.8,3.8,3.8,158237
2012-12-21,LOFC.N0000,3.8,3.9,3.7,3.8,5002
2012-12-24,LOFC.N0000,3.7,3.8,3.6,3.7,223265
2012-12-26,LOFC.N0000,3.7,3.8,3.7,3.7,37121
2012-12-28,LOFC.N0000,3.8,3.8,3.8,3.8,86141
2012-12-31,LOFC.N0000,3.8,3.8,3.7,3.8,89304
2013-01-02,LOFC.N0000,3.9,3.9,3.7,3.9,173985
2013-01-03,LOFC.N0000,4,4.2,3.8,4,694214
2013-01-04,LOFC.N0000,3.9,4.1,3.8,3.9,114149
2013-01-07,LOFC.N0000,3.9,3.9,3.8,3.9,53582
2013-01-08,LOFC.N0000,4,4,3.8,4,157754
2013-01-09,LOFC.N0000,3.9,4.1,3.9,3.9,81581
2013-01-10,LOFC.N0000,4,4,3.9,4,19463
2013-01-11,LOFC.N0000,3.9,3.9,3.8,3.9,50546
2013-01-15,LOFC.N0000,3.8,3.9,3.8,3.8,30651
2013-01-16,LOFC.N0000,3.9,4,3.9,3.9,115479
2013-01-17,LOFC.N0000,4,4,3.8,4,93951
2013-01-18,LOFC.N0000,4.1,4.3,4,4.1,2219034
2013-01-21,LOFC.N0000,4.1,4.3,4.1,4.1,1241773
2013-01-22,LOFC.N0000,4,4.1,4,4,137825
2013-01-23,LOFC.N0000,4,4.2,3.9,4,226992
2013-01-24,LOFC.N0000,3.9,4,3.9,3.9,41401
2013-01-28,LOFC.N0000,3.8,4,3.8,3.8,435202
2013-01-29,LOFC.N0000,3.6,3.9,3.6,3.6,1142104
2013-01-30,LOFC.N0000,3.5,3.8,3.5,3.5,738800
2013-01-31,LOFC.N0000,3.6,3.7,3.5,3.6,195400
2013-02-01,LOFC.N0000,3.6,3.6,3.6,3.6,171001
2013-02-05,LOFC.N0000,3.6,3.7,3.5,3.6,58508
2013-02-06,LOFC.N0000,3.4,3.6,3.4,3.4,937665
2013-02-07,LOFC.N0000,3.5,3.6,3.4,3.5,452069
2013-02-08,LOFC.N0000,3.5,3.6,3.4,3.5,115501
2013-02-11,LOFC.N0000,3.5,3.6,3.4,3.5,110551
2013-02-12,LOFC.N0000,3.5,3.6,3.5,3.5,158530
2013-02-13,LOFC.N0000,3.5,3.5,3.5,3.5,35000
2013-02-14,LOFC.N0000,3.5,3.6,3.5,3.5,5601
2013-02-15,LOFC.N0000,3.5,3.6,3.5,3.5,83600
2013-02-18,LOFC.N0000,3.4,3.5,3.4,3.4,147807
2013-02-19,LOFC.N0000,3.4,3.4,3.3,3.4,151590
2013-02-20,LOFC.N0000,3.3,3.4,3.3,3.3,151320
2013-02-21,LOFC.N0000,3.3,3.4,3.3,3.3,149880
2013-02-22,LOFC.N0000,3.4,3.4,3.3,3.4,29420
2013-02-26,LOFC.N0000,3.2,3.5,3.2,3.2,33477
2013-02-27,LOFC.N0000,3.3,3.4,3.3,3.3,87361
2013-02-28,LOFC.N0000,3.3,3.4,3.3,3.3,58650
2013-03-01,LOFC.N0000,3.3,3.3,3.2,3.3,45261
2013-03-04,LOFC.N0000,3.2,3.3,3.2,3.2,209200
2013-03-05,LOFC.N0000,3.2,3.3,3.2,3.2,35971
2013-03-06,LOFC.N0000,3.3,3.3,3.2,3.3,5427
2013-03-07,LOFC.N0000,3.3,3.3,3.2,3.3,46600
2013-03-08,LOFC.N0000,3.3,3.3,3.2,3.3,24801
2013-03-12,LOFC.N0000,3.2,3.3,3.2,3.2,60136
2013-03-13,LOFC.N0000,3.2,3.3,3.2,3.2,5291
2013-03-14,LOFC.N0000,3.3,3.3,3.2,3.3,157161
2013-03-15,LOFC.N0000,3.2,3.3,3.2,3.2,194456
2013-03-18,LOFC.N0000,3.2,3.4,3.2,3.2,54713
2013-03-19,LOFC.N0000,3.2,3.3,3.2,3.2,45490
2013-03-20,LOFC.N0000,3.2,3.3,3.2,3.2,26212
2013-03-21,LOFC.N0000,3.4,3.5,3.3,3.4,124064
2013-03-22,LOFC.N0000,3.3,3.4,3.3,3.3,78487
2013-03-25,LOFC.N0000,3.4,3.4,3.4,3.4,6
2013-03-27,LOFC.N0000,3.3,3.4,3.2,3.3,127878
2013-03-28,LOFC.N0000,3.3,3.3,3.2,3.3,43900
2013-04-01,LOFC.N0000,3.2,3.3,3.2,3.2,3823
2013-04-02,LOFC.N0000,3.2,3.4,3.2,3.2,53714
2013-04-03,LOFC.N0000,3.2,3.4,3.2,3.2,41064
2013-04-04,LOFC.N0000,3.3,3.4,3.2,3.3,116819
2013-04-05,LOFC.N0000,3.3,3.4,3.2,3.3,93432
2013-04-08,LOFC.N0000,3.3,3.4,3.3,3.3,10224
2013-04-09,LOFC.N0000,3.3,3.4,3.2,3.3,16401
2013-04-10,LOFC.N0000,3.3,3.4,3.3,3.3,22001
2013-04-11,LOFC.N0000,3.3,3.4,3.2,3.3,13001
2013-04-12,LOFC.N0000,3.5,3.5,3.3,3.5,139891
2013-04-16,LOFC.N0000,3.4,3.5,3.4,3.4,31053
2013-04-17,LOFC.N0000,3.4,3.5,3.4,3.4,25723
2013-04-18,LOFC.N0000,3.5,3.6,3.5,3.5,177856
2013-04-19,LOFC.N0000,3.4,3.6,3.4,3.4,189700
2013-04-22,LOFC.N0000,3.4,3.5,3.3,3.4,222834
2013-04-23,LOFC.N0000,3.4,3.5,3.3,3.4,33386
2013-04-24,LOFC.N0000,3.5,3.6,3.4,3.5,294934
2013-04-26,LOFC.N0000,3.6,3.7,3.5,3.6,669799
2013-04-29,LOFC.N0000,3.5,3.6,3.5,3.5,131776
2013-04-30,LOFC.N0000,3.4,3.5,3.4,3.4,43897
2013-05-02,LOFC.N0000,3.4,3.5,3.4,3.4,20501
2013-05-03,LOFC.N0000,3.5,3.5,3.4,3.5,38897
2013-05-06,LOFC.N0000,3.4,3.6,3.4,3.4,143540
2013-05-07,LOFC.N0000,3.4,3.6,3.3,3.4,285766
2013-05-08,LOFC.N0000,3.4,3.5,3.4,3.4,189175
2013-05-09,LOFC.N0000,3.7,3.8,3.5,3.7,1963225
2013-05-10,LOFC.N0000,3.7,3.9,3.6,3.7,1111384
2013-05-13,LOFC.N0000,3.6,3.7,3.5,3.6,359545
2013-05-14,LOFC.N0000,3.5,3.6,3.5,3.5,105546
2013-05-15,LOFC.N0000,3.6,3.7,3.5,3.6,693576
2013-05-16,LOFC.N0000,3.7,3.8,3.5,3.7,1928172
2013-05-17,LOFC.N0000,3.7,3.8,3.7,3.7,375561
2013-05-20,LOFC.N0000,3.6,3.8,3.6,3.6,83033
2013-05-21,LOFC.N0000,3.5,3.7,3.5,3.5,89258
2013-05-22,LOFC.N0000,3.6,3.6,3.5,3.6,25913
2013-05-23,LOFC.N0000,3.5,3.6,3.5,3.5,5923
2013-05-27,LOFC.N0000,3.5,3.6,3.4,3.5,161451
2013-05-28,LOFC.N0000,3.4,3.5,3.4,3.4,784439
2013-05-29,LOFC.N0000,3.4,3.5,3.4,3.4,371379
2013-05-30,LOFC.N0000,3.4,3.5,3.4,3.4,123664
2013-05-31,LOFC.N0000,3.4,3.5,3.4,3.4,76563
2013-06-03,LOFC.N0000,3.4,3.5,3.4,3.4,168367
2013-06-04,LOFC.N0000,3.4,3.5,3.4,3.4,342838
2013-06-05,LOFC.N0000,3.4,3.5,3.3,3.4,332874
2013-06-06,LOFC.N0000,3.4,3.5,3.3,3.4,35997
2013-06-07,LOFC.N0000,3.4,3.4,3.3,3.4,82000
2013-06-10,LOFC.N0000,3.4,3.4,3.4,3.4,69880
2013-06-11,LOFC.N0000,3.4,3.4,3.3,3.4,15450
2013-06-12,LOFC.N0000,3.3,3.4,3.3,3.3,642708
2013-06-13,LOFC.N0000,3.2,3.3,3.2,3.2,36650
2013-06-14,LOFC.N0000,3.3,3.3,3.2,3.3,53191
2013-06-17,LOFC.N0000,3.3,3.4,3.3,3.3,9301
2013-06-18,LOFC.N0000,3.2,3.3,3.2,3.2,92350
2013-06-19,LOFC.N0000,3.2,3.3,3.2,3.2,159303
2013-06-20,LOFC.N0000,3.2,3.3,3.2,3.2,37603
2013-06-21,LOFC.N0000,3.1,3.2,3.1,3.1,324378
2013-06-24,LOFC.N0000,3.2,3.2,3.1,3.2,19901
2013-06-25,LOFC.N0000,3.1,3.2,3.1,3.1,126401
2013-06-26,LOFC.N0000,3.2,3.2,3.1,3.2,103495
2013-06-27,LOFC.N0000,3.1,3.3,3.1,3.1,729714
2013-06-28,LOFC.N0000,3.1,3.2,3.1,3.1,100140
2013-07-01,LOFC.N0000,3.1,3.1,3.1,3.1,6000
2013-07-02,LOFC.N0000,3.1,3.2,3.1,3.1,49320
2013-07-03,LOFC.N0000,3,3.1,3,3,526562
2013-07-04,LOFC.N0000,3.1,3.1,3,3.1,71140
2013-07-05,LOFC.N0000,3,3,2.9,3,261803
2013-07-08,LOFC.N0000,2.9,3,2.9,2.9,219900
2013-07-09,LOFC.N0000,3,3,3,3,9900
2013-07-10,LOFC.N0000,3,3.1,3,3,12714
2013-07-11,LOFC.N0000,3.1,3.1,3.1,3.1,6700
2013-07-12,LOFC.N0000,3,3.1,2.9,3,28495
2013-07-15,LOFC.N0000,2.9,3.1,2.9,2.9,28601
2013-07-16,LOFC.N0000,3,3,2.9,3,44810
2013-07-17,LOFC.N0000,3,3,3,3,64750
2013-07-18,LOFC.N0000,3,3,3,3,17895
2013-07-19,LOFC.N0000,3,3.1,3,3,5692
2013-07-23,LOFC.N0000,3,3.1,3,3,28200
2013-07-24,LOFC.N0000,3,3.1,3,3,87800
2013-07-25,LOFC.N0000,3,3.1,3,3,3910
2013-07-26,LOFC.N0000,3,3,2.9,3,31331
2013-07-29,LOFC.N0000,3,3.1,3,3,138528
2013-07-30,LOFC.N0000,3,3,3,3,70448
2013-07-31,LOFC.N0000,3,3.1,3,3,436224
2013-08-01,LOFC.N0000,3.1,3.1,3,3.1,22200
2013-08-02,LOFC.N0000,3,3.1,3,3,76870
2013-08-05,LOFC.N0000,3,3.1,3,3,430956
2013-08-06,LOFC.N0000,3,3,3,3,226980
2013-08-07,LOFC.N0000,3,3.1,3,3,37003
2013-08-08,LOFC.N0000,2.9,3,2.9,2.9,22102
2013-08-12,LOFC.N0000,2.9,3,2.9,2.9,134801
2013-08-13,LOFC.N0000,3.1,3.1,2.9,3.1,109036
2013-08-14,LOFC.N0000,3,3,3,3,84729
2013-08-15,LOFC.N0000,3,3.1,3,3,20902
2013-08-16,LOFC.N0000,3,3,2.9,3,41756
2013-08-19,LOFC.N0000,3,3.1,3,3,125319
2013-08-21,LOFC.N0000,3,3,3,3,152900
2013-08-22,LOFC.N0000,3,3,3,3,125369
2013-08-23,LOFC.N0000,3,3.1,3,3,238138
2013-08-26,LOFC.N0000,2.9,3,2.9,2.9,102085
2013-08-27,LOFC.N0000,2.9,3,2.9,2.9,79662
2013-08-28,LOFC.N0000,2.8,2.9,2.8,2.8,79500
2013-08-29,LOFC.N0000,2.9,2.9,2.8,2.9,9024
2013-08-30,LOFC.N0000,2.8,3,2.8,2.8,12635
2013-09-02,LOFC.N0000,2.7,2.9,2.7,2.7,331760
2013-09-03,LOFC.N0000,2.7,2.8,2.6,2.7,103002
2013-09-04,LOFC.N0000,2.6,2.7,2.6,2.6,86711
2013-09-05,LOFC.N0000,2.6,2.7,2.6,2.6,23370
2013-09-06,LOFC.N0000,2.7,2.7,2.7,2.7,63347
2013-09-09,LOFC.N0000,2.7,2.8,2.7,2.7,11201
2013-09-10,LOFC.N0000,2.7,2.8,2.7,2.7,10756
2013-09-11,LOFC.N0000,2.8,2.8,2.8,2.8,35700
2013-09-12,LOFC.N0000,2.8,2.9,2.7,2.8,35805
2013-09-13,LOFC.N0000,2.8,2.8,2.8,2.8,14190
2013-09-16,LOFC.N0000,2.8,2.9,2.8,2.8,1731
2013-09-17,LOFC.N0000,2.7,2.8,2.7,2.7,1835
2013-09-18,LOFC.N0000,2.6,2.8,2.6,2.6,25936
2013-09-20,LOFC.N0000,2.9,2.9,2.7,2.9,7200
2013-09-23,LOFC.N0000,2.9,2.9,2.9,2.9,5500
2013-09-24,LOFC.N0000,2.9,3,2.8,2.9,204676
2013-09-25,LOFC.N0000,2.9,3,2.9,2.9,37600
2013-09-26,LOFC.N0000,2.8,2.9,2.8,2.8,394900
2013-09-27,LOFC.N0000,3.1,3.2,2.9,3.1,878892
2013-09-30,LOFC.N0000,3,3.1,3,3,106107
2013-10-01,LOFC.N0000,2.9,3,2.9,2.9,125141
2013-10-02,LOFC.N0000,2.9,3,2.9,2.9,18000
2013-10-03,LOFC.N0000,2.9,3,2.9,2.9,98613
2013-10-04,LOFC.N0000,2.9,2.9,2.9,2.9,63310
2013-10-07,LOFC.N0000,3,3.1,2.9,3,201577
2013-10-08,LOFC.N0000,3,3.1,3,3,1341
2013-10-09,LOFC.N0000,3.1,3.2,3,3.1,331881
2013-10-10,LOFC.N0000,3.1,3.2,3.1,3.1,93365
2013-10-11,LOFC.N0000,3,3.2,3,3,137100
2013-10-14,LOFC.N0000,3,3.1,3,3,115682
2013-10-15,LOFC.N0000,3,3.2,3,3,16668
2013-10-17,LOFC.N0000,3,3.1,3,3,6900
2013-10-21,LOFC.N0000,3,3.1,3,3,403416
2013-10-22,LOFC.N0000,3,3.1,3,3,312519
2013-10-23,LOFC.N0000,3,3.1,3,3,62001
2013-10-24,LOFC.N0000,3,3,3,3,13000
2013-10-25,LOFC.N0000,3,3,2.9,3,6500
2013-10-28,LOFC.N0000,2.9,3,2.9,2.9,25020
2013-10-29,LOFC.N0000,2.9,3,2.9,2.9,13193
2013-10-30,LOFC.N0000,3,3.1,2.9,3,105420
2013-10-31,LOFC.N0000,2.9,3.1,2.9,2.9,131540
2013-11-01,LOFC.N0000,3,3,2.9,3,7032
2013-11-04,LOFC.N0000,2.9,3.1,2.9,2.9,3350
2013-11-05,LOFC.N0000,3,3.1,2.9,3,40201
2013-11-06,LOFC.N0000,3,3,2.9,3,11569
2013-11-07,LOFC.N0000,2.9,3,2.9,2.9,17771
2013-11-08,LOFC.N0000,2.9,3,2.9,2.9,10800
2013-11-11,LOFC.N0000,2.9,2.9,2.9,2.9,30
2013-11-12,LOFC.N0000,2.9,3,2.9,2.9,8300
2013-11-13,LOFC.N0000,2.9,3,2.9,2.9,23101
2013-11-14,LOFC.N0000,2.9,2.9,2.9,2.9,250870
2013-11-15,LOFC.N0000,2.8,3,2.8,2.8,6269
2013-11-18,LOFC.N0000,3,3,3,3,1
2013-11-19,LOFC.N0000,2.9,2.9,2.8,2.9,36551
2013-11-20,LOFC.N0000,2.8,2.9,2.8,2.8,44200
2013-11-21,LOFC.N0000,2.9,2.9,2.8,2.9,11636
2013-11-22,LOFC.N0000,2.8,2.9,2.8,2.8,18338
2013-11-25,LOFC.N0000,2.8,3,2.8,2.8,13905
2013-11-26,LOFC.N0000,2.8,2.9,2.8,2.8,56276
2013-11-27,LOFC.N0000,2.7,2.8,2.7,2.7,29960
2013-11-28,LOFC.N0000,2.8,2.9,2.7,2.8,164113
2013-11-29,LOFC.N0000,2.8,2.9,2.7,2.8,6501
2013-12-02,LOFC.N0000,3,3.1,2.8,3,478700
2013-12-03,LOFC.N0000,3,3.1,3,3,169543
2013-12-04,LOFC.N0000,2.9,3,2.8,2.9,154742
2013-12-05,LOFC.N0000,2.8,2.9,2.8,2.8,20500
2013-12-06,LOFC.N0000,2.8,3,2.8,2.8,138149
2013-12-09,LOFC.N0000,2.8,2.8,2.7,2.8,54497
2013-12-10,LOFC.N0000,2.7,2.8,2.7,2.7,45111
2013-12-11,LOFC.N0000,2.8,2.8,2.8,2.8,10100
2013-12-12,LOFC.N0000,2.7,2.9,2.7,2.7,31757
2013-12-13,LOFC.N0000,2.9,2.9,2.7,2.9,88440
2013-12-17,LOFC.N0000,2.8,2.9,2.7,2.8,25880
2013-12-18,LOFC.N0000,2.8,2.8,2.8,2.8,108510
2013-12-19,LOFC.N0000,2.9,2.9,2.8,2.9,8216
2013-12-20,LOFC.N0000,2.8,2.9,2.7,2.8,17790
2013-12-23,LOFC.N0000,2.8,2.8,2.8,2.8,8040
2013-12-24,LOFC.N0000,2.7,2.8,2.7,2.7,3502
2013-12-26,LOFC.N0000,2.7,2.8,2.7,2.7,6362
2013-12-27,LOFC.N0000,2.8,2.8,2.7,2.8,172400
2013-12-30,LOFC.N0000,2.8,2.8,2.8,2.8,17700
2013-12-31,LOFC.N0000,2.8,2.8,2.7,2.8,33930
2014-01-02,LOFC.N0000,2.8,2.9,2.7,2.8,32069
2014-01-03,LOFC.N0000,2.9,3,2.9,2.9,544540
2014-01-06,LOFC.N0000,2.9,3,2.9,2.9,298755
2014-01-07,LOFC.N0000,3,3,2.9,3,2200
2014-01-08,LOFC.N0000,3,3,2.9,3,90483
2014-01-09,LOFC.N0000,3.2,3.3,3.1,3.2,1452586
2014-01-10,LOFC.N0000,3.2,3.3,3.1,3.2,311563
2014-01-13,LOFC.N0000,3.2,3.2,3.1,3.2,266909
2014-01-16,LOFC.N0000,3.3,3.3,3.2,3.3,1069718
2014-01-17,LOFC.N0000,3.3,3.4,3.2,3.3,2588860
2014-01-20,LOFC.N0000,3.7,3.9,3.2,3.7,2304690
2014-01-21,LOFC.N0000,3.5,3.8,3.5,3.5,376789
2014-01-22,LOFC.N0000,3.6,3.7,3.6,3.6,116455
2014-01-23,LOFC.N0000,3.6,3.7,3.6,3.6,292926
2014-01-24,LOFC.N0000,3.6,3.6,3.5,3.6,40588
2014-01-27,LOFC.N0000,3.5,3.6,3.5,3.5,20436
2014-01-28,LOFC.N0000,3.6,3.7,3.5,3.6,35870
2014-01-29,LOFC.N0000,3.6,3.8,3.5,3.6,1223147
2014-01-30,LOFC.N0000,3.6,3.8,3.6,3.6,275993
2014-01-31,LOFC.N0000,3.6,3.7,3.6,3.6,123302
2014-02-03,LOFC.N0000,3.6,3.7,3.6,3.6,34317
2014-02-05,LOFC.N0000,3.6,3.7,3.6,3.6,378802
2014-02-06,LOFC.N0000,3.6,3.7,3.6,3.6,255071
2014-02-07,LOFC.N0000,3.6,3.8,3.6,3.6,798760
2014-02-10,LOFC.N0000,3.7,3.8,3.6,3.7,662957
2014-02-11,LOFC.N0000,3.7,3.8,3.6,3.7,621801
2014-02-12,LOFC.N0000,3.7,3.8,3.7,3.7,135792
2014-02-13,LOFC.N0000,3.7,3.8,3.7,3.7,268665
2014-02-17,LOFC.N0000,3.7,3.8,3.7,3.7,282786
2014-02-18,LOFC.N0000,3.7,3.8,3.7,3.7,394011
2014-02-19,LOFC.N0000,3.7,3.8,3.7,3.7,457770
2014-02-20,LOFC.N0000,3.7,3.8,3.7,3.7,1250609
2014-02-21,LOFC.N0000,3.8,3.8,3.7,3.8,1514064
2014-02-24,LOFC.N0000,3.7,3.7,3.7,3.7,32544
2014-02-25,LOFC.N0000,3.7,3.7,3.6,3.7,293750
2014-02-26,LOFC.N0000,3.7,3.8,3.6,3.7,40908
2014-02-28,LOFC.N0000,3.8,3.9,3.7,3.8,1109340
2014-03-03,LOFC.N0000,3.8,4,3.8,3.8,23552
2014-03-04,LOFC.N0000,3.8,3.8,3.7,3.8,36111
2014-03-05,LOFC.N0000,3.8,3.8,3.7,3.8,6700
2014-03-06,LOFC.N0000,3.8,3.8,3.7,3.8,9131
2014-03-07,LOFC.N0000,3.8,3.8,3.7,3.8,4000
2014-03-10,LOFC.N0000,3.7,3.8,3.7,3.7,29500
2014-03-11,LOFC.N0000,3.8,3.8,3.6,3.8,25949
2014-03-12,LOFC.N0000,3.7,3.8,3.7,3.7,4000
2014-03-13,LOFC.N0000,3.7,3.7,3.6,3.7,18049
2014-03-14,LOFC.N0000,3.6,3.7,3.6,3.6,14300
2014-03-17,LOFC.N0000,3.6,3.7,3.6,3.6,11300
2014-03-18,LOFC.N0000,3.6,3.6,3.6,3.6,2825
2014-03-19,LOFC.N0000,3.6,3.6,3.6,3.6,1500
2014-03-20,LOFC.N0000,3.6,3.7,3.6,3.6,4801
2014-03-21,LOFC.N0000,3.6,3.7,3.6,3.6,4700
2014-03-24,LOFC.N0000,3.6,3.7,3.6,3.6,19424
2014-03-25,LOFC.N0000,3.5,3.6,3.5,3.5,7100
2014-03-26,LOFC.N0000,3.5,3.6,3.5,3.5,5020
2014-03-27,LOFC.N0000,3.5,3.6,3.5,3.5,81205
2014-03-28,LOFC.N0000,3.4,3.5,3.4,3.4,15375
2014-03-31,LOFC.N0000,3.4,3.4,3.4,3.4,17300
2014-04-01,LOFC.N0000,3.5,3.5,3.3,3.5,3801
2014-04-02,LOFC.N0000,3.5,3.5,3.5,3.5,8350
2014-04-03,LOFC.N0000,3.4,3.4,3.4,3.4,71961
2014-04-04,LOFC.N0000,3.4,3.5,3.4,3.4,1100
2014-04-08,LOFC.N0000,3.5,3.5,3.4,3.5,3000
2014-04-09,LOFC.N0000,3.5,3.5,3.4,3.5,50101
2014-04-10,LOFC.N0000,3.4,3.5,3.4,3.4,4199
2014-04-16,LOFC.N0000,3.4,3.4,3.4,3.4,50
2014-04-17,LOFC.N0000,3.5,3.5,3.5,3.5,3000
2014-04-21,LOFC.N0000,3.5,3.6,3.4,3.5,15100
2014-04-22,LOFC.N0000,3.5,3.7,3.5,3.5,12042
2014-04-23,LOFC.N0000,3.5,3.6,3.4,3.5,14952
2014-04-24,LOFC.N0000,3.5,3.5,3.4,3.5,4116
2014-04-25,LOFC.N0000,3.5,3.5,3.5,3.5,6000
2014-04-28,LOFC.N0000,3.4,3.6,3.4,3.4,59301
2014-04-29,LOFC.N0000,3.5,3.5,3.5,3.5,50000
2014-04-30,LOFC.N0000,3.6,3.7,3.5,3.6,79757
2014-05-02,LOFC.N0000,3.6,3.6,3.5,3.6,20101
2014-05-05,LOFC.N0000,3.5,3.6,3.5,3.5,38921
2014-05-06,LOFC.N0000,3.6,3.7,3.6,3.6,83531
2014-05-07,LOFC.N0000,3.6,3.7,3.5,3.6,2611
2014-05-08,LOFC.N0000,3.6,3.7,3.6,3.6,7100
2014-05-09,LOFC.N0000,3.6,3.7,3.5,3.6,2201
2014-05-12,LOFC.N0000,3.6,3.6,3.6,3.6,36400
2014-05-13,LOFC.N0000,3.6,3.7,3.5,3.6,60919
2014-05-16,LOFC.N0000,3.6,3.7,3.6,3.6,2102
2014-05-19,LOFC.N0000,3.6,3.7,3.5,3.6,3201
2014-05-20,LOFC.N0000,3.6,3.6,3.5,3.6,21600
2014-05-21,LOFC.N0000,3.6,3.6,3.5,3.6,1550
2014-05-22,LOFC.N0000,3.5,3.6,3.5,3.5,107101
2014-05-23,LOFC.N0000,3.6,3.6,3.5,3.6,19143
2014-05-26,LOFC.N0000,3.6,3.6,3.5,3.6,54872
2014-05-27,LOFC.N0000,3.7,3.7,3.6,3.7,75219
2014-05-28,LOFC.N0000,3.6,3.7,3.5,3.6,66220
2014-05-29,LOFC.N0000,3.7,3.7,3.5,3.7,67001
2014-05-30,LOFC.N0000,3.6,3.6,3.6,3.6,13300
2014-06-02,LOFC.N0000,3.7,3.8,3.6,3.7,169896
2014-06-03,LOFC.N0000,3.7,3.7,3.7,3.7,10300
2014-06-04,LOFC.N0000,3.7,3.7,3.6,3.7,24700
2014-06-05,LOFC.N0000,3.6,3.8,3.6,3.6,29752
2014-06-06,LOFC.N0000,3.6,3.8,3.6,3.6,5342
2014-06-09,LOFC.N0000,3.8,3.8,3.6,3.8,89212
2014-06-10,LOFC.N0000,3.8,3.9,3.7,3.8,50850
2014-06-11,LOFC.N0000,3.9,4,3.9,3.9,524497
2014-06-13,LOFC.N0000,3.8,4,3.7,3.8,52408
2014-06-16,LOFC.N0000,4,4.1,3.9,4,1282063
2014-06-17,LOFC.N0000,3.9,4,3.9,3.9,21150
2014-06-18,LOFC.N0000,3.9,4,3.8,3.9,74112
2014-06-19,LOFC.N0000,3.8,4,3.8,3.8,26601
2014-06-20,LOFC.N0000,3.8,4,3.8,3.8,16636
2014-06-23,LOFC.N0000,3.7,3.8,3.7,3.7,1800
2014-06-24,LOFC.N0000,3.8,3.8,3.8,3.8,85396
2014-06-25,LOFC.N0000,3.9,4,3.9,3.9,19508
2014-06-26,LOFC.N0000,3.8,3.8,3.8,3.8,11100
2014-06-27,LOFC.N0000,3.7,3.8,3.7,3.7,7961
2014-06-30,LOFC.N0000,3.7,3.8,3.7,3.7,52855
2014-07-01,LOFC.N0000,3.7,3.7,3.7,3.7,3100
2014-07-02,LOFC.N0000,3.3,3.8,3.2,3.3,606565
2014-07-03,LOFC.N0000,3.7,3.8,3.7,3.7,4000
2014-07-04,LOFC.N0000,3.7,3.8,3.7,3.7,11001
2014-07-07,LOFC.N0000,3.8,3.8,3.8,3.8,501
2014-07-08,LOFC.N0000,3.7,3.8,3.5,3.7,55332
2014-07-09,LOFC.N0000,3.7,3.7,3.7,3.7,103988
2014-07-10,LOFC.N0000,3.7,3.8,3.7,3.7,125254
2014-07-11,LOFC.N0000,3.8,3.9,3.8,3.8,161000
2014-07-14,LOFC.N0000,3.8,3.8,3.8,3.8,607526
2014-07-15,LOFC.N0000,3.8,3.8,3.8,3.8,12500
2014-07-16,LOFC.N0000,3.9,3.9,3.8,3.9,51937
2014-07-17,LOFC.N0000,3.8,3.9,3.8,3.8,11372
2014-07-18,LOFC.N0000,3.8,3.9,3.8,3.8,37610
2014-07-21,LOFC.N0000,3.8,3.9,3.8,3.8,26053
2014-07-22,LOFC.N0000,3.9,3.9,3.8,3.9,13994
2014-07-23,LOFC.N0000,3.9,3.9,3.8,3.9,48331
2014-07-25,LOFC.N0000,3.8,3.9,3.8,3.8,6913
2014-07-28,LOFC.N0000,3.8,3.8,3.8,3.8,434755
2014-07-30,LOFC.N0000,3.7,3.8,3.7,3.7,5010
2014-07-31,LOFC.N0000,3.8,3.9,3.7,3.8,237127
2014-08-01,LOFC.N0000,3.8,3.8,3.8,3.8,12851
2014-08-04,LOFC.N0000,3.8,3.9,3.8,3.8,5631
2014-08-05,LOFC.N0000,3.9,3.9,3.8,3.9,36546
2014-08-06,LOFC.N0000,3.9,3.9,3.8,3.9,36088
2014-08-07,LOFC.N0000,4.1,4.2,3.9,4.1,2127212
2014-08-08,LOFC.N0000,4.3,4.5,4.1,4.3,3190628
2014-08-11,LOFC.N0000,4.3,4.4,4.2,4.3,393271
2014-08-12,LOFC.N0000,4.2,4.3,4.2,4.2,134487
2014-08-13,LOFC.N0000,4.1,4.3,4.1,4.1,236115
2014-08-14,LOFC.N0000,4.1,4.2,4,4.1,89387
2014-08-15,LOFC.N0000,4.1,4.2,4.1,4.1,10108
2014-08-18,LOFC.N0000,4.1,4.2,4.1,4.1,60707
2014-08-19,LOFC.N0000,4,4.1,4,4,6535
2014-08-20,LOFC.N0000,4,4.1,3.9,4,298716
2014-08-21,LOFC.N0000,3.9,4.1,3.9,3.9,50155
2014-08-22,LOFC.N0000,4,4.1,4,4,124970
2014-08-25,LOFC.N0000,3.9,4.1,3.9,3.9,93160
2014-08-26,LOFC.N0000,4.1,4.3,3.9,4.1,564233
2014-08-27,LOFC.N0000,4.1,4.1,4,4.1,50710
2014-08-28,LOFC.N0000,4.1,4.2,4,4.1,16798
2014-08-29,LOFC.N0000,4,4.2,3.9,4,194824
2014-09-01,LOFC.N0000,4.1,4.2,4,4.1,24959
2014-09-02,LOFC.N0000,4.1,4.1,4,4.1,83864
2014-09-03,LOFC.N0000,4.1,4.2,4,4.1,34792
2014-09-04,LOFC.N0000,4,4.1,4,4,65297
2014-09-05,LOFC.N0000,4.1,4.2,4.1,4.1,49228
2014-09-09,LOFC.N0000,4.1,4.1,4,4.1,87711
2014-09-10,LOFC.N0000,4,4.1,4,4,20302
2014-09-11,LOFC.N0000,4.1,4.4,4.1,4.1,437462
2014-09-12,LOFC.N0000,4.1,4.2,4.1,4.1,66129
2014-09-15,LOFC.N0000,4,4.1,4,4,143592
2014-09-16,LOFC.N0000,4.1,4.2,4,4.1,33510
2014-09-17,LOFC.N0000,4.2,4.3,4,4.2,145250
2014-09-18,LOFC.N0000,4.1,4.2,4,4.1,14300
2014-09-19,LOFC.N0000,4.2,4.3,4.1,4.2,139742
2014-09-22,LOFC.N0000,4.3,4.5,4.2,4.3,613325
2014-09-23,LOFC.N0000,4.2,4.3,4.2,4.2,431732
2014-09-24,LOFC.N0000,4.2,4.2,4.2,4.2,44226
2014-09-25,LOFC.N0000,4.2,4.3,4.2,4.2,48642
2014-09-26,LOFC.N0000,4.2,4.3,4.2,4.2,365005
2014-09-29,LOFC.N0000,4.2,4.2,4.1,4.2,72951
2014-09-30,LOFC.N0000,4.2,4.2,4.1,4.2,13376
2014-10-01,LOFC.N0000,4.2,4.3,4.2,4.2,111694
2014-10-02,LOFC.N0000,4.3,4.5,4.3,4.3,895685
2014-10-03,LOFC.N0000,4.4,4.5,4.3,4.4,608956
2014-10-07,LOFC.N0000,4.3,4.4,4.3,4.3,33968
2014-10-09,LOFC.N0000,4.4,4.4,4.3,4.4,186137
2014-10-10,LOFC.N0000,4.3,4.4,4.3,4.3,519266
2014-10-13,LOFC.N0000,4.2,4.4,4.2,4.2,488731
2014-10-14,LOFC.N0000,4.3,4.4,4.1,4.3,62543
2014-10-15,LOFC.N0000,4.3,4.4,4.3,4.3,473042
2014-10-16,LOFC.N0000,4.3,4.3,4.3,4.3,101600
2014-10-17,LOFC.N0000,4.3,4.4,4.3,4.3,54749
2014-10-20,LOFC.N0000,4.3,4.4,4.2,4.3,107600
2014-10-21,LOFC.N0000,4.2,4.3,4.2,4.2,395939
2014-10-23,LOFC.N0000,4.2,4.3,4.2,4.2,84550
2014-10-24,LOFC.N0000,4.3,4.4,4.3,4.3,29330
2014-10-27,LOFC.N0000,4.2,4.3,4.2,4.2,14200
2014-10-28,LOFC.N0000,4.3,4.3,4.2,4.3,117471
2014-10-29,LOFC.N0000,4.2,4.2,4.2,4.2,10000
2014-10-30,LOFC.N0000,4.2,4.3,4.2,4.2,20449
2014-10-31,LOFC.N0000,4.1,4.2,4.1,4.1,56710
2014-11-03,LOFC.N0000,4.2,4.3,4.1,4.2,154400
2014-11-04,LOFC.N0000,4.1,4.2,4.1,4.1,15400
2014-11-05,LOFC.N0000,4.2,4.3,4.1,4.2,6200
2014-11-07,LOFC.N0000,4.1,4.3,4.1,4.1,6200
2014-11-10,LOFC.N0000,4.1,4.3,4.1,4.1,125285
2014-11-11,LOFC.N0000,4.2,4.2,4.1,4.2,15275
2014-11-12,LOFC.N0000,4.2,4.3,4.1,4.2,98445
2014-11-13,LOFC.N0000,4.1,4.2,4.1,4.1,248900
2014-11-14,LOFC.N0000,4.2,4.3,4.1,4.2,516658
2014-11-17,LOFC.N0000,4.2,4.4,4.2,4.2,239708
2014-11-18,LOFC.N0000,4.2,4.2,4.1,4.2,366970
2014-11-19,LOFC.N0000,4.2,4.3,4.1,4.2,564071
2014-11-20,LOFC.N0000,4.2,4.2,4.1,4.2,67200
2014-11-21,LOFC.N0000,4.1,4.4,4.1,4.1,950582
2014-11-24,LOFC.N0000,4,4.1,3.9,4,421568
2014-11-25,LOFC.N0000,4,4.1,4,4,125615
2014-11-26,LOFC.N0000,3.9,4.1,3.9,3.9,107510
2014-11-27,LOFC.N0000,4,4.1,3.9,4,145125
2014-11-28,LOFC.N0000,4.1,4.1,4,4.1,4000
2014-12-01,LOFC.N0000,4,4.1,3.9,4,483114
2014-12-02,LOFC.N0000,4.1,4.1,4.1,4.1,5890
2014-12-03,LOFC.N0000,4.1,4.2,4,4.1,130396
2014-12-04,LOFC.N0000,4.1,4.2,4,4.1,60607
2014-12-05,LOFC.N0000,4,4.1,4,4,117306
2014-12-08,LOFC.N0000,4.1,4.2,4,4.1,211402
2014-12-09,LOFC.N0000,4.1,4.2,4,4.1,2421
2014-12-10,LOFC.N0000,4.2,4.2,4.1,4.2,1800
2014-12-11,LOFC.N0000,4.2,4.2,4.1,4.2,31250
2014-12-12,LOFC.N0000,4.1,4.1,4.1,4.1,5450
2014-12-15,LOFC.N0000,4.1,4.1,4.1,4.1,76100
2014-12-16,LOFC.N0000,4,4,4,4,3450
2014-12-17,LOFC.N0000,4,4,4,4,10
2014-12-18,LOFC.N0000,4.1,4.1,4,4.1,21700
2014-12-19,LOFC.N0000,4.1,4.1,4.1,4.1,10
2014-12-22,LOFC.N0000,4.1,4.1,4.1,4.1,3000
2014-12-24,LOFC.N0000,4.2,4.3,4.1,4.2,27105
2014-12-26,LOFC.N0000,4.2,4.2,4,4.2,1401
2014-12-29,LOFC.N0000,4,4,4,4,100
2014-12-30,LOFC.N0000,4.1,4.2,4.1,4.1,220
2014-12-31,LOFC.N0000,4.1,4.2,4,4.1,5700
2015-01-02,LOFC.N0000,4.1,4.1,4.1,4.1,314
2015-01-06,LOFC.N0000,4.3,4.3,4.1,4.3,234903
2015-01-07,LOFC.N0000,4.3,4.4,4.3,4.3,81160
2015-01-08,LOFC.N0000,4.3,4.3,4.3,4.3,55750
2015-01-09,LOFC.N0000,4.2,4.4,4.2,4.2,113803
2015-01-12,LOFC.N0000,4.2,4.4,4.2,4.2,79000
2015-01-13,LOFC.N0000,4.2,4.2,4.2,4.2,12200
2015-01-16,LOFC.N0000,4.2,4.3,4.2,4.2,47201
2015-01-19,LOFC.N0000,4.1,4.2,4.1,4.1,13875
2015-01-20,LOFC.N0000,4.1,4.1,4.1,4.1,50000
2015-01-21,LOFC.N0000,4.1,4.1,4.1,4.1,3800
2015-01-22,LOFC.N0000,4,4.1,4,4,85325
2015-01-23,LOFC.N0000,4,4,4,4,16600
2015-01-26,LOFC.N0000,4,4,3.9,4,13910
2015-01-28,LOFC.N0000,4,4.2,4,4.2,118901
2015-01-30,LOFC.N0000,4.1,4.2,4,4,2425
2015-02-04,LOFC.N0000,3.9,3.9,3.9,3.9,50
2015-02-06,LOFC.N0000,4.2,4.2,4,4,6030
2015-02-09,LOFC.N0000,4.2,4.2,4,4,2475
2015-02-11,LOFC.N0000,4.1,4.1,4,4,104000
2015-02-12,LOFC.N0000,4,4,3.9,4,20600
2015-02-13,LOFC.N0000,4.1,4.2,4,4.1,160400
2015-02-17,LOFC.N0000,4.1,4.1,4,4,6000
2015-02-19,LOFC.N0000,4,4,4,4,60400
2015-02-20,LOFC.N0000,4.1,4.2,4.1,4.2,453273
2015-02-23,LOFC.N0000,4.2,4.2,4,4,146360
2015-02-24,LOFC.N0000,4.2,4.2,4,4,4229
2015-02-26,LOFC.N0000,4.1,4.1,4,4,12010
2015-02-27,LOFC.N0000,4,4,4,4,457
2015-03-02,LOFC.N0000,4,4.1,3.9,4.1,135384
2015-03-04,LOFC.N0000,3.9,4,3.9,4,1989
2015-03-05,LOFC.N0000,4,4,3.9,3.9,28727
2015-03-10,LOFC.N0000,3.9,3.9,3.9,3.9,17000
2015-03-11,LOFC.N0000,3.9,3.9,3.9,3.9,5100
2015-03-12,LOFC.N0000,3.8,3.8,3.8,3.8,10000
2015-03-13,LOFC.N0000,3.8,3.8,3.8,3.8,30125
2015-03-16,LOFC.N0000,3.7,3.9,3.6,3.6,226438
2015-03-17,LOFC.N0000,3.7,3.8,3.7,3.8,42364
2015-03-19,LOFC.N0000,3.7,3.8,3.7,3.8,2014
2015-03-20,LOFC.N0000,3.9,3.9,3.7,3.7,17335
2015-03-23,LOFC.N0000,3.8,3.9,3.8,3.8,65719
2015-03-24,LOFC.N0000,3.8,3.9,3.8,3.9,1001
2015-03-25,LOFC.N0000,3.7,3.7,3.7,3.7,66101
2015-03-26,LOFC.N0000,3.8,3.8,3.7,3.7,3600
2015-03-30,LOFC.N0000,3.7,3.8,3.7,3.8,95667
2015-03-31,LOFC.N0000,3.7,3.8,3.7,3.7,68826
2015-04-01,LOFC.N0000,3.8,3.8,3.7,3.7,23660
2015-04-02,LOFC.N0000,3.7,3.8,3.7,3.8,25570
2015-04-06,LOFC.N0000,3.9,3.9,3.8,3.8,25979
2015-04-08,LOFC.N0000,3.7,3.7,3.7,3.7,51
2015-04-10,LOFC.N0000,3.8,3.8,3.8,3.8,10247
2015-04-15,LOFC.N0000,3.8,4,3.8,4,1201
2015-04-16,LOFC.N0000,3.9,3.9,3.9,3.9,19090
2015-04-17,LOFC.N0000,3.9,4.2,3.9,4.1,89263
2015-04-20,LOFC.N0000,3.9,4.1,3.9,4,94934
2015-04-21,LOFC.N0000,4.1,4.1,3.9,4,221870
2015-04-22,LOFC.N0000,3.9,4.1,3.9,4.1,116128
2015-04-24,LOFC.N0000,4.1,4.1,4,4.1,3300
2015-04-27,LOFC.N0000,4,4.1,4,4,15476
2015-04-28,LOFC.N0000,4.1,4.1,4,4,52486
2015-04-29,LOFC.N0000,4.1,4.3,4.1,4.2,248183
2015-04-30,LOFC.N0000,4.2,4.3,4.2,4.2,76700
2015-05-05,LOFC.N0000,4.3,4.4,4.2,4.3,463485
2015-05-06,LOFC.N0000,4.3,4.3,4.2,4.3,26890
2015-05-07,LOFC.N0000,4.3,4.3,4.3,4.3,95000
2015-05-08,LOFC.N0000,4.3,4.3,4.2,4.3,133300
2015-05-11,LOFC.N0000,4.3,4.3,4.2,4.3,134327
2015-05-12,LOFC.N0000,4.3,4.5,4.3,4.4,271948
2015-05-13,LOFC.N0000,4.5,4.5,4.3,4.4,11433
2015-05-14,LOFC.N0000,4.4,4.6,4.4,4.6,686100
2015-05-15,LOFC.N0000,4.6,4.8,4.6,4.7,661178
2015-05-18,LOFC.N0000,4.7,4.7,4.6,4.7,363352
2015-05-19,LOFC.N0000,4.5,4.6,4.5,4.5,60300
2015-05-20,LOFC.N0000,4.5,4.6,4.5,4.6,55890
2015-05-21,LOFC.N0000,4.5,4.7,4.5,4.6,314706
2015-05-22,LOFC.N0000,4.6,4.7,4.6,4.6,113550
2015-05-25,LOFC.N0000,4.7,4.7,4.5,4.6,76710
2015-05-26,LOFC.N0000,4.7,4.7,4.5,4.5,391957
2015-05-27,LOFC.N0000,4.5,4.5,4.4,4.4,90750
2015-05-28,LOFC.N0000,4.4,4.5,4.4,4.4,62139
2015-05-29,LOFC.N0000,4.5,4.6,4.5,4.5,52250
2015-06-01,LOFC.N0000,4.5,4.5,4.4,4.5,73911
2015-06-03,LOFC.N0000,4.4,4.4,4.4,4.4,115
2015-06-05,LOFC.N0000,4.3,4.4,4.2,4.2,39904
2015-06-08,LOFC.N0000,4.2,4.2,4.2,4.2,11302
2015-06-10,LOFC.N0000,4.4,4.4,4.2,4.2,200
2015-06-11,LOFC.N0000,4.2,4.3,4.2,4.3,11500
2015-06-12,LOFC.N0000,4.3,4.3,4.2,4.3,7180
2015-06-15,LOFC.N0000,4.3,4.3,4.3,4.3,1099
2015-06-16,LOFC.N0000,4.3,4.3,4.2,4.2,67500
2015-06-17,LOFC.N0000,4.2,4.2,4.1,4.2,58001
2015-06-18,LOFC.N0000,4.2,4.4,4.2,4.4,900
2015-06-19,LOFC.N0000,4.4,4.4,4.2,4.2,73738
2015-06-22,LOFC.N0000,4.5,4.5,4.4,4.4,20500
2015-06-23,LOFC.N0000,4.5,4.5,4.2,4.4,19400
2015-06-24,LOFC.N0000,4.2,4.2,4.2,4.2,3350
2015-06-25,LOFC.N0000,4.2,4.3,4.1,4.2,71610
2015-06-29,LOFC.N0000,4.1,4.3,4.1,4.3,9100
2015-06-30,LOFC.N0000,4.1,4.2,4.1,4.2,26700
2015-07-02,LOFC.N0000,4.3,4.3,4.2,4.2,750
2015-07-06,LOFC.N0000,4.3,4.3,4.1,4.1,96666
2015-07-07,LOFC.N0000,4.2,4.2,4.1,4.1,25225
2015-07-08,LOFC.N0000,4.1,4.1,4,4,48500
2015-07-09,LOFC.N0000,4.1,4.1,4,4,125429
2015-07-10,LOFC.N0000,4.2,4.2,4.2,4.2,890
2015-07-14,LOFC.N0000,4.2,4.3,4.1,4.1,2359
2015-07-15,LOFC.N0000,4.2,4.3,4.2,4.3,34400
2015-07-17,LOFC.N0000,4.2,4.3,4.1,4.3,11970
2015-07-20,LOFC.N0000,4.3,4.3,4.3,4.3,1700
2015-07-21,LOFC.N0000,4.3,4.3,4.3,4.3,300
2015-07-22,LOFC.N0000,4.2,4.3,4.2,4.3,125100
2015-07-24,LOFC.N0000,4.2,4.3,4.2,4.3,15100
2015-07-27,LOFC.N0000,4.3,4.3,4.2,4.2,10850
2015-07-28,LOFC.N0000,4.4,4.5,4.2,4.5,525300
2015-07-29,LOFC.N0000,4.4,4.4,4.3,4.3,3095
2015-07-30,LOFC.N0000,4.4,4.4,4.2,4.4,258906
2015-08-03,LOFC.N0000,4.4,4.4,4.4,4.4,25100
2015-08-04,LOFC.N0000,4.4,4.4,4.3,4.3,36300
2015-08-05,LOFC.N0000,4.4,4.7,4.4,4.6,187841
2015-08-06,LOFC.N0000,4.5,4.6,4.4,4.5,372480
2015-08-07,LOFC.N0000,4.6,4.6,4.5,4.5,28920
2015-08-10,LOFC.N0000,4.6,4.6,4.5,4.5,45200
2015-08-11,LOFC.N0000,4.4,4.5,4.4,4.5,17900
2015-08-12,LOFC.N0000,4.4,4.6,4.4,4.4,65851
2015-08-13,LOFC.N0000,4.6,4.6,4.4,4.6,10575
2015-08-14,LOFC.N0000,4.3,4.5,4.3,4.4,384530
2015-08-18,LOFC.N0000,4.6,4.6,4.4,4.5,109267
2015-08-19,LOFC.N0000,4.5,4.5,4.4,4.5,86450
2015-08-20,LOFC.N0000,4.6,4.6,4.3,4.4,20805
2015-08-21,LOFC.N0000,4.4,4.5,4.4,4.5,2116
2015-08-24,LOFC.N0000,4.4,4.4,4,4,549728
2015-08-25,LOFC.N0000,4.4,4.4,4.1,4.3,11220
2015-08-26,LOFC.N0000,4.3,4.3,4.1,4.2,11105
2015-08-27,LOFC.N0000,4.1,4.3,4.1,4.3,43835
2015-08-28,LOFC.N0000,4.3,4.3,4.1,4.3,26845
2015-08-31,LOFC.N0000,4.3,4.3,4.1,4.3,19812
2015-09-01,LOFC.N0000,4.1,4.3,4.1,4.3,400
2015-09-03,LOFC.N0000,4.3,4.3,4.1,4.1,700
2015-09-04,LOFC.N0000,4.3,4.3,4.1,4.1,5010
2015-09-07,LOFC.N0000,4.3,4.3,4.1,4.3,38401
2015-09-09,LOFC.N0000,4.3,4.3,4,4.1,191700
2015-09-10,LOFC.N0000,4.2,4.3,4.1,4.1,38981
2015-09-11,LOFC.N0000,4.3,4.3,4,4.1,2666
2015-09-14,LOFC.N0000,4.2,4.3,4.1,4.3,1643
2015-09-15,LOFC.N0000,4.3,4.3,4.2,4.2,71100
2015-09-16,LOFC.N0000,4.2,4.2,4.1,4.1,162
2015-09-17,LOFC.N0000,4.2,4.2,4,4.2,76453
2015-09-18,LOFC.N0000,4,4.2,4,4.2,87657
2015-09-21,LOFC.N0000,4,4.2,4,4.1,11600
2015-09-22,LOFC.N0000,4,4.1,4,4,47841
2015-09-23,LOFC.N0000,4,4.2,4,4.2,12810
2015-09-24,LOFC.N0000,4,4.1,4,4.1,9950
2015-09-28,LOFC.N0000,4.1,4.1,4.1,4.1,2200
2015-09-30,LOFC.N0000,4.2,4.2,4,4,6625
2015-10-01,LOFC.N0000,4.2,4.2,4,4,352682
2015-10-02,LOFC.N0000,3.9,4,3.9,4,41636
2015-10-05,LOFC.N0000,3.9,3.9,3.9,3.9,300
2015-10-07,LOFC.N0000,3.9,4,3.9,3.9,28935
2015-10-08,LOFC.N0000,3.8,4.1,3.8,3.9,36430
2015-10-09,LOFC.N0000,3.9,4,3.9,4,28511
2015-10-12,LOFC.N0000,4.2,4.2,3.9,4,4510
2015-10-13,LOFC.N0000,4.1,4.1,3.6,3.8,3078950
2015-10-14,LOFC.N0000,3.8,3.9,3.7,3.8,349071
2015-10-15,LOFC.N0000,3.9,3.9,3.7,3.8,148425
2015-10-16,LOFC.N0000,3.8,3.8,3.7,3.7,123512
2015-10-19,LOFC.N0000,3.8,3.8,3.7,3.7,101416
2015-10-20,LOFC.N0000,3.8,3.9,3.8,3.8,354015
2015-10-21,LOFC.N0000,3.8,3.9,3.7,3.8,181238
2015-10-22,LOFC.N0000,3.8,3.9,3.7,3.8,151463
2015-10-23,LOFC.N0000,3.8,3.9,3.7,3.9,281743
2015-10-26,LOFC.N0000,3.9,3.9,3.7,3.7,10080
2015-10-27,LOFC.N0000,3.8,3.8,3.8,3.8,4500
2015-10-29,LOFC.N0000,3.7,3.8,3.7,3.8,8010
2015-10-30,LOFC.N0000,3.8,3.8,3.7,3.7,103117
2015-11-02,LOFC.N0000,3.7,3.8,3.7,3.8,5000
2015-11-03,LOFC.N0000,3.9,3.9,3.7,3.7,29531
2015-11-04,LOFC.N0000,3.7,3.8,3.7,3.8,39210
2015-11-05,LOFC.N0000,3.8,3.8,3.7,3.7,91700
2015-11-06,LOFC.N0000,3.7,3.8,3.7,3.8,101575
2015-11-09,LOFC.N0000,3.8,3.8,3.7,3.8,13000
2015-11-10,LOFC.N0000,3.8,3.8,3.7,3.7,5001
2015-11-11,LOFC.N0000,3.7,3.7,3.7,3.7,27660
2015-11-13,LOFC.N0000,3.7,3.8,3.7,3.7,3194
2015-11-17,LOFC.N0000,3.7,3.7,3.6,3.7,26356
2015-11-18,LOFC.N0000,3.6,3.7,3.6,3.7,139
2015-11-19,LOFC.N0000,3.7,3.8,3.7,3.7,4800
2015-11-20,LOFC.N0000,3.8,3.8,3.8,3.8,1001
2015-11-23,LOFC.N0000,3.9,3.9,3.8,3.8,383146
2015-11-24,LOFC.N0000,3.8,4,3.8,3.9,138403
2015-11-26,LOFC.N0000,3.8,3.8,3.7,3.7,38220
2015-11-27,LOFC.N0000,3.7,3.8,3.7,3.8,59118
2015-11-30,LOFC.N0000,3.8,3.9,3.5,3.7,229892
2015-12-02,LOFC.N0000,3.7,3.7,3.6,3.7,105160
2015-12-03,LOFC.N0000,3.7,3.7,3.7,3.7,30015
2015-12-07,LOFC.N0000,3.6,3.6,3.6,3.6,3500
2015-12-08,LOFC.N0000,3.6,3.8,3.5,3.5,100139
2015-12-09,LOFC.N0000,3.6,3.6,3.5,3.6,16430
2015-12-10,LOFC.N0000,3.5,3.6,3.5,3.5,11000
2015-12-11,LOFC.N0000,3.7,3.7,3.6,3.7,30592
2015-12-14,LOFC.N0000,3.7,3.7,3.5,3.5,1049
2015-12-15,LOFC.N0000,3.7,3.7,3.6,3.6,129492
2015-12-16,LOFC.N0000,3.7,3.8,3.6,3.8,10300
2015-12-18,LOFC.N0000,3.8,3.8,3.7,3.7,22350
2015-12-21,LOFC.N0000,3.8,3.8,3.7,3.7,16278
2015-12-22,LOFC.N0000,3.7,3.7,3.6,3.7,17524
2015-12-23,LOFC.N0000,3.7,3.7,3.7,3.7,11875
2015-12-28,LOFC.N0000,3.6,3.6,3.6,3.6,23247
2015-12-29,LOFC.N0000,3.5,3.8,3.5,3.6,18830
2015-12-31,LOFC.N0000,3.8,3.8,3.6,3.6,18049
2016-01-04,LOFC.N0000,3.8,3.8,3.6,3.7,20261
2016-01-05,LOFC.N0000,3.5,3.7,3.5,3.5,27200
2016-01-06,LOFC.N0000,3.5,3.5,3.5,3.5,6000
2016-01-08,LOFC.N0000,3.4,3.7,3.4,3.4,8431
2016-01-11,LOFC.N0000,3.4,3.4,3.4,3.4,5331
2016-01-12,LOFC.N0000,3.4,3.4,3.3,3.3,20410
2016-01-14,LOFC.N0000,3.3,3.3,3.2,3.2,88150
2016-01-18,LOFC.N0000,3.2,3.2,3,3,7787
2016-01-19,LOFC.N0000,3,3.2,2.9,3.1,192790
2016-01-20,LOFC.N0000,3.3,3.3,3,3,42350
2016-01-22,LOFC.N0000,3.1,3.2,3.1,3.1,116383
2016-01-26,LOFC.N0000,3.2,3.2,3.1,3.1,27095
2016-01-27,LOFC.N0000,3.1,3.2,3,3,64467
2016-01-28,LOFC.N0000,3.2,3.2,3.1,3.1,5014
2016-02-01,LOFC.N0000,3.3,3.3,3.1,3.2,14610
2016-02-03,LOFC.N0000,3.3,3.3,3.2,3.3,20400
2016-02-04,LOFC.N0000,3.3,3.4,3.2,3.4,63340
2016-02-08,LOFC.N0000,3.3,3.3,3.2,3.2,125
2016-02-10,LOFC.N0000,3.4,3.4,3.3,3.3,14010
2016-02-11,LOFC.N0000,3.2,3.2,3.2,3.2,80200
2016-02-12,LOFC.N0000,3.2,3.2,3.1,3.1,129426
2016-02-15,LOFC.N0000,3.2,3.2,3.1,3.1,10500
2016-02-16,LOFC.N0000,3,3,2.9,2.9,162770
2016-02-18,LOFC.N0000,3,3,2.8,2.8,213225
2016-02-22,LOFC.N0000,2.9,2.9,2.9,2.9,1510
2016-02-24,LOFC.N0000,2.8,2.9,2.8,2.8,41100
2016-02-25,LOFC.N0000,2.9,3,2.8,2.9,88400
2016-02-29,LOFC.N0000,2.8,2.8,2.8,2.8,501099
2016-03-02,LOFC.N0000,3,3,2.9,2.9,2006
2016-03-03,LOFC.N0000,2.8,2.8,2.8,2.8,2208
2016-03-04,LOFC.N0000,2.9,3,2.9,3,3270
2016-03-07,LOFC.N0000,2.9,3,2.7,2.7,82500
2016-03-09,LOFC.N0000,2.6,2.7,2.5,2.6,498483
2016-03-10,LOFC.N0000,2.7,2.8,2.6,2.7,245303
2016-03-11,LOFC.N0000,2.8,2.8,2.7,2.7,18000
2016-03-14,LOFC.N0000,2.7,2.7,2.6,2.6,2500
2016-03-15,LOFC.N0000,2.7,2.7,2.7,2.7,88757
2016-03-16,LOFC.N0000,2.7,2.9,2.7,2.9,125500
2016-03-18,LOFC.N0000,3,3,2.9,2.9,2730
2016-03-23,LOFC.N0000,2.9,3,2.9,2.9,355100
2016-03-24,LOFC.N0000,2.8,2.9,2.8,2.8,125140
2016-03-28,LOFC.N0000,2.8,2.8,2.8,2.8,2500
2016-03-29,LOFC.N0000,2.7,2.7,2.7,2.7,8529
2016-03-31,LOFC.N0000,2.7,2.8,2.7,2.8,12500
2016-04-01,LOFC.N0000,2.9,3.3,2.9,2.9,456979
2016-04-04,LOFC.N0000,3.2,3.2,2.9,2.9,65646
2016-04-05,LOFC.N0000,3,3,2.9,2.9,58171
2016-04-06,LOFC.N0000,3,3,2.9,3,190155
2016-04-07,LOFC.N0000,3,3.1,3,3,1147184
2016-04-08,LOFC.N0000,3,3.1,3,3,249495
2016-04-11,LOFC.N0000,3,3,2.9,2.9,2200
2016-04-12,LOFC.N0000,3,3.2,3,3.1,469964
2016-04-15,LOFC.N0000,3.1,3.2,3.1,3.1,217807
2016-04-18,LOFC.N0000,3.1,3.1,3,3.1,91140
2016-04-19,LOFC.N0000,3.1,3.1,3,3.1,8057
2016-04-20,LOFC.N0000,3,3.1,3,3.1,7600
2016-04-22,LOFC.N0000,3,3,3,3,1500
2016-04-25,LOFC.N0000,3,3,3,3,8010
2016-04-27,LOFC.N0000,3.1,3.1,3.1,3.1,50716
2016-04-28,LOFC.N0000,3,3,3,3,8794
2016-04-29,LOFC.N0000,3.1,3.1,3,3.1,60620
2016-05-02,LOFC.N0000,3.1,3.1,3.1,3.1,23700
2016-05-04,LOFC.N0000,3.1,3.3,3.1,3.1,757920
2016-05-05,LOFC.N0000,3.1,3.2,3.1,3.2,221988
2016-05-06,LOFC.N0000,3.2,3.5,3.1,3.4,1431173
2016-05-09,LOFC.N0000,3.5,3.5,3.3,3.3,117610
2016-05-10,LOFC.N0000,3.3,3.4,3.2,3.3,86300
2016-05-11,LOFC.N0000,3.4,3.4,3.2,3.4,39211
2016-05-12,LOFC.N0000,3.2,3.3,3.2,3.3,79000
2016-05-13,LOFC.N0000,3.3,3.5,3.3,3.3,179011
2016-05-16,LOFC.N0000,3.2,3.3,3.2,3.2,9200
2016-05-17,LOFC.N0000,3.2,3.2,3.2,3.2,45670
2016-05-18,LOFC.N0000,3.1,3.2,3.1,3.2,55000
2016-05-19,LOFC.N0000,3.3,3.3,3.2,3.3,21305
2016-05-20,LOFC.N0000,3.2,3.2,3.2,3.2,4005
2016-05-23,LOFC.N0000,3.3,3.3,3.1,3.1,3200
2016-05-24,LOFC.N0000,3.1,3.1,3.1,3.1,8950
2016-05-25,LOFC.N0000,3.1,3.1,3.1,3.1,20750
2016-05-27,LOFC.N0000,3.1,3.2,3,3,62996
2016-05-30,LOFC.N0000,3,3,2.9,2.9,53351
2016-05-31,LOFC.N0000,3,3,2.7,2.8,411395
2016-06-01,LOFC.N0000,2.9,2.9,2.9,2.9,7100
2016-06-02,LOFC.N0000,2.9,3,2.9,2.9,53010
2016-06-03,LOFC.N0000,2.9,3,2.9,3,261731
2016-06-06,LOFC.N0000,2.9,3,2.9,3,58240
2016-06-07,LOFC.N0000,3,3,2.9,3,200512
2016-06-08,LOFC.N0000,3,3,2.9,2.9,68982
2016-06-09,LOFC.N0000,3.1,3.1,2.9,3,22115
2016-06-10,LOFC.N0000,2.9,3,2.9,3,127642
2016-06-14,LOFC.N0000,2.9,3,2.9,2.9,19257
2016-06-15,LOFC.N0000,2.9,2.9,2.9,2.9,6840
2016-06-16,LOFC.N0000,2.8,2.9,2.8,2.8,11452
2016-06-17,LOFC.N0000,2.8,2.9,2.8,2.9,2002
2016-06-21,LOFC.N0000,2.9,2.9,2.9,2.9,100
2016-06-22,LOFC.N0000,2.8,2.9,2.8,2.8,67615
2016-06-23,LOFC.N0000,2.9,2.9,2.8,2.8,10000
2016-06-24,LOFC.N0000,2.8,2.8,2.7,2.8,100485
2016-06-27,LOFC.N0000,2.7,2.8,2.6,2.7,25510
2016-06-28,LOFC.N0000,2.9,2.9,2.7,2.8,11060
2016-06-29,LOFC.N0000,2.7,2.8,2.7,2.8,5725
2016-07-01,LOFC.N0000,2.7,2.8,2.7,2.8,3851
2016-07-05,LOFC.N0000,2.7,2.8,2.7,2.8,3400
2016-07-07,LOFC.N0000,2.9,2.9,2.8,2.9,33065
2016-07-08,LOFC.N0000,2.9,3,2.8,3,56795
2016-07-11,LOFC.N0000,3,3,2.9,2.9,75030
2016-07-12,LOFC.N0000,3,3,2.9,2.9,105487
2016-07-13,LOFC.N0000,2.9,2.9,2.9,2.9,23018
2016-07-14,LOFC.N0000,2.9,2.9,2.9,2.9,9700
2016-07-15,LOFC.N0000,2.9,3,2.9,2.9,31910
2016-07-18,LOFC.N0000,2.9,3,2.8,3,9800
2016-07-20,LOFC.N0000,3,3,2.9,3,8512
2016-07-21,LOFC.N0000,3,3,2.9,3,45540
2016-07-22,LOFC.N0000,3,3.1,3,3,115368
2016-07-25,LOFC.N0000,3,3.1,3,3,60235
2016-07-26,LOFC.N0000,3,3,3,3,4910
2016-07-27,LOFC.N0000,3,3,2.9,2.9,272300
2016-08-01,LOFC.N0000,3,3,2.9,2.9,402
2016-08-02,LOFC.N0000,2.9,2.9,2.9,2.9,400
2016-08-03,LOFC.N0000,3,3.1,3,3.1,127200
2016-08-04,LOFC.N0000,3.1,3.1,3,3.1,15135
2016-08-05,LOFC.N0000,3,3.1,3,3,15330
2016-08-08,LOFC.N0000,3,3,2.9,2.9,125000
2016-08-09,LOFC.N0000,2.9,2.9,2.9,2.9,797
2016-08-10,LOFC.N0000,3,3.2,3,3.1,1804069
2016-08-11,LOFC.N0000,3.2,3.2,3,3,119915
2016-08-12,LOFC.N0000,3,3.2,3,3.1,52696
2016-08-15,LOFC.N0000,3.1,3.1,3,3,46680
2016-08-16,LOFC.N0000,3,3.1,3,3,119542
2016-08-18,LOFC.N0000,3,3.1,3,3.1,57510
2016-08-19,LOFC.N0000,3,3.1,3,3.1,17212
2016-08-22,LOFC.N0000,3,3.1,3,3,55530
2016-08-23,LOFC.N0000,3,3.1,2.9,3,189919
2016-08-25,LOFC.N0000,3,3.1,3,3.1,37483
2016-08-26,LOFC.N0000,3,3.1,3,3.1,115280
2016-08-29,LOFC.N0000,3.1,3.1,3,3.1,119602
2016-08-30,LOFC.N0000,3,3,3,3,304000
2016-08-31,LOFC.N0000,3.1,3.1,3,3,40095
2016-09-01,LOFC.N0000,3,3.1,3,3,4237
2016-09-02,LOFC.N0000,3,3.1,3,3,50200
2016-09-05,LOFC.N0000,2.9,3,2.9,3,600
2016-09-06,LOFC.N0000,2.9,3,2.9,3,1405
2016-09-07,LOFC.N0000,3,3,2.9,2.9,238494
2016-09-09,LOFC.N0000,2.9,3.1,2.9,3.1,10310
2016-09-13,LOFC.N0000,3.1,3.1,3.1,3.1,180
2016-09-14,LOFC.N0000,3,3,3,3,5000
2016-09-19,LOFC.N0000,3,3.1,2.9,3.1,2601
2016-09-20,LOFC.N0000,2.9,3.1,2.9,3,12606
2016-09-21,LOFC.N0000,3,3,2.9,3,262479
2016-09-22,LOFC.N0000,2.9,3,2.9,3,6700
2016-09-23,LOFC.N0000,3,3,3,3,4600
2016-09-26,LOFC.N0000,3,3.1,3,3.1,91746
2016-09-27,LOFC.N0000,3,3,2.9,3,58862
2016-09-28,LOFC.N0000,2.9,3,2.9,3,11461
2016-09-29,LOFC.N0000,3,3,2.9,3,1260
2016-09-30,LOFC.N0000,2.9,3,2.9,3,13100
2016-10-03,LOFC.N0000,3,3,3,3,22310
2016-10-04,LOFC.N0000,3,3.1,3,3.1,30970
2016-10-05,LOFC.N0000,3,3.1,3,3.1,50826
2016-10-06,LOFC.N0000,3,3.1,3,3.1,8050
2016-10-07,LOFC.N0000,3,3.1,3,3,42300
2016-10-10,LOFC.N0000,2.9,3,2.9,3,1200
2016-10-12,LOFC.N0000,2.9,3,2.9,2.9,5750
2016-10-13,LOFC.N0000,3,3,2.9,3,15200
2016-10-17,LOFC.N0000,2.9,3,2.9,2.9,84430
2016-10-18,LOFC.N0000,2.9,3,2.9,3,38310
2016-10-20,LOFC.N0000,2.9,2.9,2.9,2.9,24780
2016-10-24,LOFC.N0000,2.9,2.9,2.8,2.8,207350
2016-10-25,LOFC.N0000,2.8,2.9,2.8,2.9,25000
2016-10-26,LOFC.N0000,2.9,2.9,2.9,2.9,360
2016-10-27,LOFC.N0000,2.8,2.9,2.8,2.9,111942
2016-10-28,LOFC.N0000,2.8,2.9,2.8,2.9,23500
2016-10-31,LOFC.N0000,2.9,2.9,2.8,2.8,35927
2016-11-01,LOFC.N0000,2.9,2.9,2.8,2.8,110
2016-11-02,LOFC.N0000,2.8,2.9,2.8,2.9,76200
2016-11-03,LOFC.N0000,2.9,2.9,2.8,2.8,30000
2016-11-04,LOFC.N0000,2.8,2.8,2.8,2.8,253
2016-11-07,LOFC.N0000,2.9,2.9,2.8,2.8,37939
2016-11-09,LOFC.N0000,2.9,2.9,2.9,2.9,100
2016-11-10,LOFC.N0000,2.9,2.9,2.8,2.9,2600
2016-11-14,LOFC.N0000,2.9,2.9,2.9,2.9,300
2016-11-17,LOFC.N0000,2.8,2.9,2.8,2.9,118202
2016-11-21,LOFC.N0000,2.8,2.8,2.7,2.8,20450
2016-11-22,LOFC.N0000,2.8,2.8,2.7,2.8,46100
2016-11-24,LOFC.N0000,2.8,2.8,2.8,2.8,27291
2016-11-25,LOFC.N0000,2.7,2.8,2.6,2.8,130190
2016-11-28,LOFC.N0000,2.6,2.7,2.6,2.6,60550
2016-11-30,LOFC.N0000,2.7,2.8,2.7,2.8,20653
2016-12-01,LOFC.N0000,2.8,2.8,2.8,2.8,300
2016-12-02,LOFC.N0000,2.7,2.8,2.7,2.8,65050
2016-12-05,LOFC.N0000,2.8,2.8,2.7,2.7,40811
2016-12-06,LOFC.N0000,2.8,2.8,2.7,2.7,3875
2016-12-07,LOFC.N0000,2.7,2.8,2.6,2.8,49877
2016-12-09,LOFC.N0000,2.8,2.8,2.7,2.7,600
2016-12-14,LOFC.N0000,2.7,2.8,2.6,2.8,5600
2016-12-15,LOFC.N0000,2.6,2.8,2.6,2.8,184
2016-12-16,LOFC.N0000,2.6,2.7,2.6,2.7,190700
2016-12-19,LOFC.N0000,2.7,2.7,2.6,2.6,16825
2016-12-20,LOFC.N0000,2.6,2.7,2.6,2.6,6460
2016-12-22,LOFC.N0000,2.6,2.7,2.5,2.6,64500
2016-12-23,LOFC.N0000,2.6,2.7,2.5,2.6,3597651
2016-12-27,LOFC.N0000,2.6,2.6,2.6,2.6,216793
2016-12-28,LOFC.N0000,2.7,2.7,2.6,2.6,84911
2016-12-29,LOFC.N0000,2.6,2.7,2.5,2.6,173028
2016-12-30,LOFC.N0000,2.6,2.6,2.5,2.6,96130
2017-01-02,LOFC.N0000,2.6,2.6,2.4,2.5,201008
2017-01-04,LOFC.N0000,2.6,2.7,2.4,2.6,2068199
2017-01-06,LOFC.N0000,2.6,2.7,2.6,2.7,8130
2017-01-09,LOFC.N0000,2.5,2.5,2.5,2.5,79000
2017-01-10,LOFC.N0000,2.6,2.6,2.5,2.5,180391
2017-01-11,LOFC.N0000,2.5,2.6,2.4,2.5,88324
2017-01-12,LOFC.N0000,2.6,2.7,2.5,2.5,2792
2017-01-16,LOFC.N0000,2.5,2.5,2.5,2.5,69198
2017-01-17,LOFC.N0000,2.5,2.6,2.5,2.5,30570
2017-01-18,LOFC.N0000,2.6,2.6,2.4,2.5,130210
2017-01-19,LOFC.N0000,2.5,2.5,2.4,2.5,17352
2017-01-23,LOFC.N0000,2.3,2.5,2.3,2.4,6700
2017-01-25,LOFC.N0000,2.4,2.5,2.3,2.3,49601
2017-01-26,LOFC.N0000,2.5,2.5,2.3,2.4,41018
2017-01-31,LOFC.N0000,2.4,2.5,2.4,2.5,530
2017-02-02,LOFC.N0000,2.4,2.4,2.4,2.4,200
2017-02-06,LOFC.N0000,2.4,2.4,2.3,2.4,23626
2017-02-07,LOFC.N0000,2.4,2.4,2.3,2.4,1625
2017-02-08,LOFC.N0000,2.4,2.4,2.3,2.4,88100
2017-02-09,LOFC.N0000,2.3,2.4,2.3,2.4,142490
2017-02-13,LOFC.N0000,2.4,2.4,2.4,2.4,5200
2017-02-14,LOFC.N0000,2.4,2.4,2.4,2.4,1300
2017-02-16,LOFC.N0000,2.4,2.4,2.3,2.4,47362
2017-02-20,LOFC.N0000,2.4,2.4,2.3,2.4,25389
2017-02-22,LOFC.N0000,2.4,2.4,2.3,2.4,52101
2017-02-23,LOFC.N0000,2.4,2.4,2.4,2.4,100
2017-02-28,LOFC.N0000,2.4,2.4,2.3,2.4,7601
2017-03-01,LOFC.N0000,2.3,2.4,2.3,2.3,4410
2017-03-02,LOFC.N0000,2.4,2.4,2.2,2.3,3830
2017-03-06,LOFC.N0000,2.2,2.2,2.2,2.2,111296
2017-03-07,LOFC.N0000,2.2,2.2,2.1,2.2,5700
2017-03-08,LOFC.N0000,2.1,2.2,2.1,2.1,18110
2017-03-09,LOFC.N0000,2.2,2.2,2,2.1,125634
2017-03-13,LOFC.N0000,2.1,2.2,2.1,2.2,3414
2017-03-14,LOFC.N0000,2.1,2.1,1.9,1.9,434933
2017-03-15,LOFC.N0000,1.9,1.9,1.9,1.9,5000
2017-03-16,LOFC.N0000,2,2,1.9,2,3571
2017-03-20,LOFC.N0000,1.9,2,1.9,1.9,242293
2017-03-21,LOFC.N0000,2,2.2,2,2.2,115470
2017-03-22,LOFC.N0000,2.1,2.2,2,2,104529
2017-03-23,LOFC.N0000,2,2.1,2,2,60349
2017-03-24,LOFC.N0000,2.1,2.2,2,2.1,13502
2017-03-28,LOFC.N0000,2,2.2,2,2,208916
2017-03-29,LOFC.N0000,2,2.2,2,2.1,57401
2017-03-30,LOFC.N0000,2.1,2.2,2.1,2.2,33103
2017-04-03,LOFC.N0000,2.2,2.3,2.1,2.2,195238
2017-04-04,LOFC.N0000,2.3,2.6,2.3,2.4,726840
2017-04-06,LOFC.N0000,2.7,2.7,2.5,2.6,169497
2017-04-07,LOFC.N0000,2.6,2.8,2.6,2.7,883020
2017-04-11,LOFC.N0000,2.7,2.8,2.7,2.7,44135
2017-04-12,LOFC.N0000,2.7,2.8,2.6,2.7,501464
2017-04-17,LOFC.N0000,2.8,2.8,2.6,2.6,217738
2017-04-18,LOFC.N0000,2.7,2.7,2.6,2.6,183454
2017-04-19,LOFC.N0000,2.7,2.7,2.6,2.6,106601
2017-04-20,LOFC.N0000,2.7,2.8,2.7,2.7,207963
2017-04-21,LOFC.N0000,2.7,2.8,2.6,2.7,429604
2017-04-24,LOFC.N0000,2.7,2.7,2.6,2.7,553847
2017-04-26,LOFC.N0000,2.6,2.7,2.6,2.7,15600
2017-04-27,LOFC.N0000,2.6,2.7,2.6,2.7,26526
2017-04-28,LOFC.N0000,2.7,2.8,2.7,2.7,192965
2017-05-02,LOFC.N0000,2.7,2.8,2.7,2.8,163671
2017-05-03,LOFC.N0000,2.7,2.7,2.6,2.6,22825
2017-05-04,LOFC.N0000,2.6,2.8,2.6,2.7,83365
2017-05-05,LOFC.N0000,2.8,2.8,2.8,2.8,555274
2017-05-08,LOFC.N0000,2.8,2.8,2.8,2.8,171151
2017-05-09,LOFC.N0000,2.8,2.9,2.7,2.8,209283
2017-05-12,LOFC.N0000,2.7,2.8,2.7,2.7,34575
2017-05-15,LOFC.N0000,2.7,2.8,2.7,2.7,14100
2017-05-16,LOFC.N0000,2.8,3.3,2.8,3.2,2902662
2017-05-17,LOFC.N0000,3.1,3.3,3.1,3.2,177737
2017-05-18,LOFC.N0000,3.1,3.3,3.1,3.2,605293
2017-05-19,LOFC.N0000,3.3,3.4,3.3,3.4,930297
2017-05-22,LOFC.N0000,3.4,3.4,3.3,3.3,209374
2017-05-23,LOFC.N0000,3.4,3.4,3.2,3.3,431368
2017-05-24,LOFC.N0000,3.3,3.4,3.2,3.2,88935
2017-05-25,LOFC.N0000,3.4,3.4,3.3,3.4,18442
2017-05-26,LOFC.N0000,3.3,3.5,3.3,3.5,1463896
2017-05-29,LOFC.N0000,3.4,3.5,3.3,3.3,336041
2017-05-30,LOFC.N0000,3.4,3.4,3.3,3.4,237072
2017-05-31,LOFC.N0000,3.4,3.4,3.3,3.4,421984
2017-06-01,LOFC.N0000,3.4,3.6,3.4,3.5,1437478
2017-06-02,LOFC.N0000,3.5,3.6,3.5,3.5,654622
2017-06-05,LOFC.N0000,3.5,3.6,3.4,3.5,245500
2017-06-06,LOFC.N0000,3.6,3.6,3.4,3.5,25610
2017-06-07,LOFC.N0000,3.5,3.6,3.4,3.6,188885
2017-06-09,LOFC.N0000,3.5,3.5,3.5,3.5,66351
2017-06-12,LOFC.N0000,3.5,3.6,3.5,3.5,180642
2017-06-13,LOFC.N0000,3.5,3.5,3.4,3.5,2812
2017-06-14,LOFC.N0000,3.5,3.6,3.5,3.5,544778
2017-06-15,LOFC.N0000,3.5,3.8,3.5,3.8,3406144
2017-06-16,LOFC.N0000,3.6,3.9,3.6,3.8,17262
2017-06-19,LOFC.N0000,3.8,3.9,3.7,3.8,332042
2017-06-20,LOFC.N0000,3.7,3.7,3.6,3.6,107530
2017-06-21,LOFC.N0000,3.7,3.8,3.7,3.8,44335
2017-06-22,LOFC.N0000,3.7,3.8,3.7,3.7,81716
2017-06-23,LOFC.N0000,3.7,3.8,3.6,3.7,124215
2017-06-27,LOFC.N0000,3.7,3.7,3.6,3.6,6270
2017-06-28,LOFC.N0000,3.8,3.8,3.7,3.7,6550
2017-06-29,LOFC.N0000,3.7,3.8,3.7,3.8,207950
2017-06-30,LOFC.N0000,3.8,4,3.7,4,1816577
2017-07-03,LOFC.N0000,3.9,4.2,3.9,4,2762261
2017-07-04,LOFC.N0000,4.1,4.2,4,4.1,679307
2017-07-05,LOFC.N0000,4,4.1,4,4,168378
2017-07-06,LOFC.N0000,4,4.1,4,4.1,193470
2017-07-07,LOFC.N0000,4,4.1,4,4.1,301564
2017-07-10,LOFC.N0000,4,4,3.9,4,154800
2017-07-12,LOFC.N0000,3.9,3.9,3.8,3.8,229730
2017-07-13,LOFC.N0000,3.8,3.9,3.8,3.8,265637
2017-07-14,LOFC.N0000,3.9,4,3.8,3.9,82700
2017-07-17,LOFC.N0000,3.9,3.9,3.8,3.8,79062
2017-07-18,LOFC.N0000,3.9,4.1,3.9,4,1599703
2017-07-19,LOFC.N0000,4,4.1,4,4,402715
2017-07-20,LOFC.N0000,4,4.1,4,4,955911
2017-07-21,LOFC.N0000,4,4.1,4,4,53250
2017-07-24,LOFC.N0000,4,4,3.9,4,289898
2017-07-25,LOFC.N0000,4,4,3.9,4,91954
2017-07-26,LOFC.N0000,3.9,4.1,3.9,4.1,1499356
2017-07-27,LOFC.N0000,4,4.2,4,4.1,652123
2017-07-31,LOFC.N0000,4.2,4.2,4,4,370338
2017-08-01,LOFC.N0000,4.1,4.1,4,4,123000
2017-08-03,LOFC.N0000,4,4.1,4,4.1,226531
2017-08-08,LOFC.N0000,4,4,3.9,3.9,124470
2017-08-09,LOFC.N0000,3.9,3.9,3.9,3.9,67500
2017-08-10,LOFC.N0000,4,4.1,4,4,925147
2017-08-11,LOFC.N0000,4,4.1,4,4,70700
2017-08-14,LOFC.N0000,4,4,3.9,4,86200
2017-08-15,LOFC.N0000,4,4,3.9,3.9,19900
2017-08-16,LOFC.N0000,4,4,3.8,3.8,244579
2017-08-17,LOFC.N0000,3.8,4,3.8,3.9,537719
2017-08-18,LOFC.N0000,4,4.1,3.9,4,1453280
2017-08-21,LOFC.N0000,4.1,4.1,4,4,160917
2017-08-22,LOFC.N0000,4,4,3.9,3.9,74540
2017-08-23,LOFC.N0000,3.9,4,3.9,4,101065
2017-08-24,LOFC.N0000,3.9,4,3.8,3.9,51601
2017-08-25,LOFC.N0000,4,4,3.8,4,33780
2017-08-28,LOFC.N0000,3.9,4,3.9,3.9,15433
2017-08-29,LOFC.N0000,3.9,4,3.8,4,47691
2017-08-30,LOFC.N0000,3.9,4,3.8,4,67110
2017-08-31,LOFC.N0000,4,4,3.9,3.9,87335
2017-09-04,LOFC.N0000,3.9,3.9,3.9,3.9,2465
2017-09-06,LOFC.N0000,4,4,3.7,3.7,102056
2017-09-07,LOFC.N0000,3.8,4.1,3.7,4,503915
2017-09-08,LOFC.N0000,4,4,4,4,216494
2017-09-11,LOFC.N0000,4,4.1,4,4,16906
2017-09-12,LOFC.N0000,3.9,3.9,3.9,3.9,40163
2017-09-13,LOFC.N0000,3.9,4,3.9,4,6501
2017-09-14,LOFC.N0000,4,4,3.9,3.9,3254
2017-09-18,LOFC.N0000,3.9,4,3.9,3.9,16020
2017-09-19,LOFC.N0000,4,4,3.9,4,15601
2017-09-20,LOFC.N0000,3.9,4,3.9,3.9,17350
2017-09-21,LOFC.N0000,3.9,3.9,3.8,3.9,22362
2017-09-22,LOFC.N0000,3.8,3.9,3.8,3.9,11982
2017-09-25,LOFC.N0000,3.8,3.8,3.7,3.8,52298
2017-09-27,LOFC.N0000,3.9,4,3.9,4,48702
2017-09-28,LOFC.N0000,4,4.1,3.9,4,137088
2017-10-02,LOFC.N0000,4,4.2,3.9,4,2030172
2017-10-03,LOFC.N0000,4,4.2,4,4,236587
2017-10-04,LOFC.N0000,4,4.3,4,4.1,4844942
2017-10-06,LOFC.N0000,4.2,4.2,4,4.1,552314
2017-10-09,LOFC.N0000,4,4.1,4,4,92401
2017-10-10,LOFC.N0000,4,4.1,3.9,3.9,165322
2017-10-11,LOFC.N0000,4,4.3,4,4.2,7311715
2017-10-12,LOFC.N0000,4.2,4.3,4.2,4.2,2545690
2017-10-13,LOFC.N0000,4.3,4.3,4.1,4.1,214501
2017-10-16,LOFC.N0000,4.1,4.2,4,4.1,527374
2017-10-17,LOFC.N0000,4.1,4.1,4.1,4.1,28063
2017-10-19,LOFC.N0000,4.1,4.1,4,4,295391
2017-10-20,LOFC.N0000,4,4.1,4,4.1,201301
2017-10-23,LOFC.N0000,4,4.1,3.9,4.1,768762
2017-10-25,LOFC.N0000,4.1,4.1,4,4,287521
2017-10-26,LOFC.N0000,4,4.1,4,4.1,243028
2017-10-27,LOFC.N0000,4,4,3.9,4,111213
2017-10-30,LOFC.N0000,4,4,3.9,4,311271
2017-10-31,LOFC.N0000,4,4,3.9,3.9,17001
2017-11-01,LOFC.N0000,3.9,4.2,3.9,4.1,298510
2017-11-02,LOFC.N0000,4.1,4.1,4,4,35995
2017-11-06,LOFC.N0000,4,4.1,4,4,83055
2017-11-07,LOFC.N0000,4,4.1,4,4,181847
2017-11-09,LOFC.N0000,3.9,4.1,3.9,4.1,2150
2017-11-10,LOFC.N0000,3.9,3.9,3.9,3.9,800
2017-11-13,LOFC.N0000,4,4,3.9,4,46602
2017-11-14,LOFC.N0000,3.9,3.9,3.7,3.7,291415
2017-11-15,LOFC.N0000,3.9,3.9,3.8,3.9,65391
2017-11-16,LOFC.N0000,3.8,3.8,3.7,3.8,187577
2017-11-20,LOFC.N0000,3.8,3.8,3.8,3.8,34750
2017-11-21,LOFC.N0000,3.8,3.8,3.7,3.8,141200
2017-11-22,LOFC.N0000,3.8,3.8,3.8,3.8,36500
2017-11-24,LOFC.N0000,3.7,3.7,3.6,3.6,475096
2017-11-27,LOFC.N0000,3.6,3.6,3.4,3.6,270336
2017-11-29,LOFC.N0000,3.6,3.6,3.5,3.6,49805
2017-12-05,LOFC.N0000,3.5,3.5,3.5,3.5,1070318
2017-12-06,LOFC.N0000,3.5,3.5,3.4,3.4,177290
2017-12-07,LOFC.N0000,3.4,3.4,3.3,3.3,20726
2017-12-12,LOFC.N0000,3.4,3.6,3.4,3.6,131465
2017-12-13,LOFC.N0000,3.5,3.7,3.5,3.6,12444
2017-12-15,LOFC.N0000,3.5,3.5,3.4,3.5,523611
2017-12-18,LOFC.N0000,3.5,3.6,3.4,3.6,96644
2017-12-20,LOFC.N0000,3.5,3.6,3.3,3.5,26404
2017-12-21,LOFC.N0000,3.3,3.4,3.2,3.4,103479
2017-12-26,LOFC.N0000,3.4,3.9,3.4,3.7,1077512
2017-12-27,LOFC.N0000,3.7,3.8,3.7,3.7,242566
2017-12-28,LOFC.N0000,3.7,3.8,3.7,3.8,67007
2017-12-29,LOFC.N0000,3.7,3.8,3.7,3.8,119117
2018-01-02,LOFC.N0000,3.8,4,3.8,3.9,364378
2018-01-04,LOFC.N0000,3.9,3.9,3.8,3.9,5502
2018-01-05,LOFC.N0000,3.8,3.9,3.8,3.9,7410
2018-01-08,LOFC.N0000,3.8,3.9,3.8,3.8,252763
2018-01-09,LOFC.N0000,3.8,3.8,3.7,3.8,153301
2018-01-10,LOFC.N0000,3.7,3.7,3.7,3.7,26899
2018-01-12,LOFC.N0000,3.7,3.8,3.7,3.8,17810
2018-01-15,LOFC.N0000,3.7,3.8,3.7,3.7,33966
2018-01-17,LOFC.N0000,3.8,3.8,3.7,3.7,11400
2018-01-19,LOFC.N0000,3.6,3.8,3.6,3.8,18510
2018-01-22,LOFC.N0000,3.7,3.7,3.6,3.6,109524
2018-01-23,LOFC.N0000,3.5,3.6,3.5,3.5,211701
2018-01-24,LOFC.N0000,3.5,3.5,3.4,3.4,39050
2018-01-25,LOFC.N0000,3.5,3.6,3.5,3.5,606
2018-01-26,LOFC.N0000,3.6,3.6,3.5,3.5,89200
2018-01-29,LOFC.N0000,3.7,3.7,3.5,3.7,62800
2018-01-30,LOFC.N0000,3.6,3.8,3.6,3.7,196599
2018-02-01,LOFC.N0000,3.8,3.8,3.7,3.8,53405
2018-02-02,LOFC.N0000,3.8,3.8,3.6,3.8,104257
2018-02-06,LOFC.N0000,3.8,4.1,3.8,3.9,3947150
2018-02-07,LOFC.N0000,4,4,3.9,4,75410
2018-02-08,LOFC.N0000,4,4,3.8,3.8,120172
2018-02-12,LOFC.N0000,3.8,4.1,3.8,4,1366634
2018-02-14,LOFC.N0000,3.9,3.9,3.9,3.9,174701
2018-02-15,LOFC.N0000,4,4,3.8,3.8,108645
2018-02-16,LOFC.N0000,3.9,4,3.8,3.9,195881
2018-02-19,LOFC.N0000,3.9,3.9,3.8,3.9,121696
2018-02-20,LOFC.N0000,3.8,3.9,3.8,3.9,140450
2018-02-21,LOFC.N0000,3.9,4,3.8,3.8,186225
2018-02-22,LOFC.N0000,3.9,3.9,3.8,3.9,44333
2018-02-23,LOFC.N0000,3.8,3.9,3.8,3.8,311810
2018-02-26,LOFC.N0000,3.9,3.9,3.8,3.9,446003
2018-02-27,LOFC.N0000,3.9,3.9,3.8,3.8,131426
2018-02-28,LOFC.N0000,3.9,3.9,3.7,3.7,28491
2018-03-02,LOFC.N0000,3.7,3.8,3.7,3.7,134390
2018-03-05,LOFC.N0000,3.7,4,3.7,3.8,1677479
2018-03-06,LOFC.N0000,3.8,3.8,3.7,3.8,84999
2018-03-07,LOFC.N0000,3.8,3.8,3.7,3.7,182180
2018-03-08,LOFC.N0000,3.8,3.9,3.8,3.8,223368
2018-03-09,LOFC.N0000,3.9,3.9,3.7,3.7,676038
2018-03-12,LOFC.N0000,3.8,3.9,3.7,3.9,119443
2018-03-13,LOFC.N0000,3.9,3.9,3.8,3.9,131103
2018-03-14,LOFC.N0000,3.8,3.9,3.8,3.8,52900
2018-03-15,LOFC.N0000,3.9,3.9,3.7,3.7,332325
2018-03-16,LOFC.N0000,3.8,3.9,3.7,3.7,40603
2018-03-19,LOFC.N0000,3.8,3.8,3.7,3.7,75501
2018-03-20,LOFC.N0000,3.7,3.8,3.7,3.7,7099
2018-03-21,LOFC.N0000,3.8,3.8,3.7,3.7,7988
2018-03-22,LOFC.N0000,3.8,3.8,3.7,3.8,24650
2018-03-23,LOFC.N0000,3.7,3.7,3.7,3.7,64450
2018-03-26,LOFC.N0000,3.6,3.7,3.6,3.7,8010
2018-03-27,LOFC.N0000,3.7,3.9,3.7,3.9,45500
2018-03-28,LOFC.N0000,3.8,3.9,3.7,3.8,55081
2018-03-29,LOFC.N0000,3.8,4,3.8,3.9,1352921
2018-04-02,LOFC.N0000,3.8,3.9,3.8,3.9,33298
2018-04-03,LOFC.N0000,3.8,3.9,3.8,3.8,92938
2018-04-04,LOFC.N0000,3.9,4,3.9,3.9,477849
2018-04-05,LOFC.N0000,3.9,4.1,3.9,4,1259504
2018-04-06,LOFC.N0000,4,4,4,4,2101
2018-04-09,LOFC.N0000,3.9,3.9,3.9,3.9,45000
2018-04-10,LOFC.N0000,3.9,4.1,3.9,4,864534
2018-04-11,LOFC.N0000,4,4,4,4,61100
2018-04-12,LOFC.N0000,4.1,4.2,4,4.1,1136341
2018-04-16,LOFC.N0000,4.1,4.1,4,4,18516
2018-04-17,LOFC.N0000,4,4.1,4,4,15517
2018-04-18,LOFC.N0000,4.1,4.1,4,4,915972
2018-04-19,LOFC.N0000,4,4.1,3.9,4.1,120851
2018-04-23,LOFC.N0000,3.9,4.1,3.9,4,116910
2018-04-24,LOFC.N0000,4,4,3.9,3.9,48541
2018-04-26,LOFC.N0000,3.9,3.9,3.9,3.9,3000
2018-04-27,LOFC.N0000,4,4.1,4,4,412953
2018-04-30,LOFC.N0000,3.9,4,3.9,4,757000
2018-05-02,LOFC.N0000,3.9,4,3.9,3.9,132706
2018-05-03,LOFC.N0000,4,4,4,4,1
2018-05-08,LOFC.N0000,3.9,3.9,3.9,3.9,121000
2018-05-09,LOFC.N0000,4,4,3.8,3.8,59310
2018-05-10,LOFC.N0000,3.9,4,3.9,3.9,130001
2018-05-14,LOFC.N0000,3.9,3.9,3.8,3.9,917500
2018-05-15,LOFC.N0000,3.9,3.9,3.8,3.8,79110
2018-05-17,LOFC.N0000,3.8,3.9,3.8,3.9,107180
2018-05-18,LOFC.N0000,3.9,3.9,3.9,3.9,46610
2018-05-21,LOFC.N0000,3.9,4,3.8,3.9,293964
2018-05-22,LOFC.N0000,3.9,3.9,3.8,3.8,95200
2018-05-24,LOFC.N0000,3.8,3.9,3.8,3.8,5025
2018-05-25,LOFC.N0000,3.8,3.9,3.8,3.8,130653
2018-05-28,LOFC.N0000,3.8,3.9,3.8,3.8,3100
2018-05-30,LOFC.N0000,3.9,3.9,3.8,3.8,47756
2018-05-31,LOFC.N0000,3.8,3.9,3.7,3.8,650
2018-06-04,LOFC.N0000,3.7,3.7,3.7,3.7,159700
2018-06-05,LOFC.N0000,3.6,3.7,3.6,3.6,18810
2018-06-06,LOFC.N0000,3.6,3.6,3.6,3.6,181750
2018-06-07,LOFC.N0000,3.6,3.6,3.5,3.5,79643
2018-06-08,LOFC.N0000,3.5,3.5,3.5,3.5,281900
2018-06-11,LOFC.N0000,3.5,3.6,3.5,3.6,23134
2018-06-13,LOFC.N0000,3.7,3.7,3.5,3.5,102400
2018-06-18,LOFC.N0000,3.5,3.5,3.4,3.5,12160
2018-06-19,LOFC.N0000,3.5,3.6,3.4,3.5,44130
2018-06-20,LOFC.N0000,3.5,3.5,3.4,3.5,20701
2018-06-21,LOFC.N0000,3.4,3.5,3.4,3.5,31700
2018-06-22,LOFC.N0000,3.4,3.6,3.4,3.5,116347
2018-06-25,LOFC.N0000,3.6,3.6,3.5,3.5,3101
2018-06-28,LOFC.N0000,3.5,3.5,3.4,3.4,16010
2018-06-29,LOFC.N0000,3.5,3.5,3.5,3.5,100
2018-07-02,LOFC.N0000,3.4,3.4,3.3,3.3,50500
2018-07-03,LOFC.N0000,3.4,3.5,3.3,3.3,41953
2018-07-04,LOFC.N0000,3.2,3.3,3,3.3,652803
2018-07-05,LOFC.N0000,3,3.2,3,3.2,97454
2018-07-06,LOFC.N0000,3.2,3.3,3.2,3.2,288770
2018-07-10,LOFC.N0000,3.3,3.3,3.1,3.2,5267
2018-07-11,LOFC.N0000,3.2,3.3,3.2,3.3,50157
2018-07-12,LOFC.N0000,3.2,3.3,3.2,3.3,950
2018-07-13,LOFC.N0000,3.3,3.4,3.3,3.4,143874
2018-07-16,LOFC.N0000,3.3,3.4,3.2,3.2,188498
2018-07-17,LOFC.N0000,3.3,3.5,3.3,3.5,367636
2018-07-18,LOFC.N0000,3.4,3.5,3.4,3.5,113250
2018-07-19,LOFC.N0000,3.5,3.5,3.4,3.5,87766
2018-07-20,LOFC.N0000,3.5,3.5,3.4,3.4,8120
2018-07-23,LOFC.N0000,3.5,3.5,3.4,3.4,20341
2018-07-24,LOFC.N0000,3.4,3.4,3.2,3.2,80207
2018-07-25,LOFC.N0000,3.2,3.2,3.1,3.2,160200
2018-07-30,LOFC.N0000,3.2,3.2,3.1,3.1,12000
2018-07-31,LOFC.N0000,3.2,3.2,3.2,3.2,67850
2018-08-01,LOFC.N0000,3.2,3.2,3.2,3.2,41749
2018-08-03,LOFC.N0000,3.3,3.3,3.2,3.2,3100
2018-08-07,LOFC.N0000,3.2,3.3,3.2,3.2,2010
2018-08-08,LOFC.N0000,3.3,3.3,3.2,3.2,637914
2018-08-10,LOFC.N0000,3.2,3.2,3.2,3.2,200
2018-08-14,LOFC.N0000,3.2,3.2,3.1,3.1,17001
2018-08-15,LOFC.N0000,3,3,3,3,400
2018-08-16,LOFC.N0000,3.2,3.2,3.2,3.2,72270
2018-08-20,LOFC.N0000,3.1,3.3,3.1,3.3,2003
2018-08-21,LOFC.N0000,3.1,3.2,3,3.1,73805
2018-08-23,LOFC.N0000,3.2,3.2,3.1,3.2,3725
2018-08-28,LOFC.N0000,3.1,3.2,3,3.1,112210
2018-08-29,LOFC.N0000,3.2,3.2,3.1,3.1,12674
2018-08-30,LOFC.N0000,3.2,3.4,3.2,3.4,54245
2018-08-31,LOFC.N0000,3.5,3.5,3.3,3.3,389725
2018-09-03,LOFC.N0000,3.4,3.4,3.3,3.4,5033
2018-09-04,LOFC.N0000,3.3,3.3,3.2,3.3,35267
2018-09-05,LOFC.N0000,3.3,3.4,3.3,3.4,43718
2018-09-06,LOFC.N0000,3.5,3.8,3.4,3.7,1939278
2018-09-07,LOFC.N0000,3.8,3.9,3.6,3.8,519935
2018-09-11,LOFC.N0000,3.8,3.9,3.8,3.8,121821
2018-09-12,LOFC.N0000,3.8,3.9,3.7,3.8,1078238
2018-09-13,LOFC.N0000,3.7,3.7,3.5,3.6,2200910
2018-09-14,LOFC.N0000,3.8,3.8,3.6,3.7,60701
2018-09-17,LOFC.N0000,3.6,3.9,3.6,3.7,728377
2018-09-18,LOFC.N0000,3.9,3.9,3.7,3.8,5798171
2018-09-19,LOFC.N0000,3.7,3.9,3.7,3.9,3711997
2018-09-20,LOFC.N0000,3.9,3.9,3.7,3.8,1762027
2018-09-21,LOFC.N0000,3.8,3.8,3.8,3.8,10102
2018-09-25,LOFC.N0000,3.7,3.7,3.6,3.7,829505
2018-09-26,LOFC.N0000,3.7,3.8,3.7,3.8,11000
2018-09-27,LOFC.N0000,3.7,3.7,3.7,3.7,7501
2018-09-28,LOFC.N0000,3.6,3.8,3.6,3.6,399258
2018-10-01,LOFC.N0000,3.7,3.7,3.6,3.6,5340
2018-10-02,LOFC.N0000,3.7,3.7,3.6,3.6,2460
2018-10-03,LOFC.N0000,3.6,3.8,3.6,3.8,54286
2018-10-04,LOFC.N0000,3.7,3.8,3.7,3.7,124381
2018-10-05,LOFC.N0000,3.7,3.8,3.7,3.8,320060
2018-10-08,LOFC.N0000,3.7,3.8,3.7,3.7,104224
2018-10-09,LOFC.N0000,3.8,3.8,3.6,3.6,23150
2018-10-10,LOFC.N0000,3.6,3.6,3.6,3.6,2247
2018-10-12,LOFC.N0000,3.7,3.7,3.6,3.6,10460
2018-10-15,LOFC.N0000,3.6,3.7,3.5,3.6,43331
2018-10-16,LOFC.N0000,3.6,3.6,3.6,3.6,10577
2018-10-18,LOFC.N0000,3.6,3.6,3.5,3.5,10500
2018-10-19,LOFC.N0000,3.5,3.7,3.5,3.7,119653
2018-10-23,LOFC.N0000,3.5,3.6,3.4,3.6,101100
2018-10-24,LOFC.N0000,3.5,3.6,3.5,3.5,10021
2018-10-26,LOFC.N0000,3.6,3.7,3.6,3.7,75980
2018-10-29,LOFC.N0000,3.8,3.8,3.6,3.6,70106
2018-10-30,LOFC.N0000,3.7,3.9,3.6,3.6,115930
2018-10-31,LOFC.N0000,3.7,3.7,3.5,3.7,20211
2018-11-01,LOFC.N0000,3.7,3.8,3.7,3.8,112084
2018-11-02,LOFC.N0000,3.8,3.9,3.7,3.8,9903
2018-11-05,LOFC.N0000,3.8,3.8,3.6,3.6,25200
2018-11-06,LOFC.N0000,3.6,3.6,3.5,3.6,19111
2018-11-07,LOFC.N0000,3.6,3.6,3.5,3.6,216884
2018-11-09,LOFC.N0000,3.4,3.7,3.4,3.7,8201
2018-11-13,LOFC.N0000,3.7,3.7,3.5,3.7,29710
2018-11-14,LOFC.N0000,3.4,3.7,3.4,3.7,56400
2018-11-15,LOFC.N0000,3.5,3.7,3.5,3.6,7756
2018-11-16,LOFC.N0000,3.7,3.8,3.6,3.6,240169
2018-11-19,LOFC.N0000,3.7,3.7,3.5,3.5,2002
2018-11-21,LOFC.N0000,3.6,3.6,3.5,3.5,1900
2018-11-22,LOFC.N0000,3.6,3.7,3.5,3.7,13750
2018-11-26,LOFC.N0000,3.7,3.7,3.5,3.7,13304
2018-11-27,LOFC.N0000,3.7,3.7,3.6,3.7,6436
2018-11-28,LOFC.N0000,3.7,3.7,3.6,3.6,1153
2018-11-30,LOFC.N0000,3.6,3.7,3.6,3.7,5006
2018-12-03,LOFC.N0000,3.7,3.7,3.7,3.7,3
2018-12-04,LOFC.N0000,3.6,3.7,3.6,3.7,200308
2018-12-06,LOFC.N0000,3.6,3.8,3.6,3.8,630727
2018-12-10,LOFC.N0000,3.7,3.7,3.7,3.7,17594
2018-12-11,LOFC.N0000,3.8,3.8,3.7,3.8,8902
2018-12-13,LOFC.N0000,3.8,3.8,3.6,3.7,2400
2018-12-14,LOFC.N0000,3.6,3.8,3.6,3.6,55215
2018-12-17,LOFC.N0000,3.6,3.7,3.5,3.7,54000
2018-12-18,LOFC.N0000,3.5,3.5,3.5,3.5,125080
2018-12-19,LOFC.N0000,3.6,3.7,3.5,3.7,3100
2018-12-20,LOFC.N0000,3.5,3.7,3.5,3.7,60350
2018-12-24,LOFC.N0000,3.5,3.7,3.5,3.7,2
2018-12-25,LOFC.N0000,3.7,3.7,3.7,3.7,100
2018-12-26,LOFC.N0000,3.6,3.6,3.6,3.6,1000
2018-12-27,LOFC.N0000,3.5,3.5,3.5,3.5,3100
2018-12-31,LOFC.N0000,3.5,3.6,3.4,3.4,431861
2019-01-02,LOFC.N0000,3.4,3.5,3.4,3.5,60505
2019-01-03,LOFC.N0000,3.4,4,3.4,4,1470177
2019-01-04,LOFC.N0000,3.8,3.9,3.7,3.7,9825
2019-01-07,LOFC.N0000,3.8,3.8,3.5,3.5,31993
2019-01-08,LOFC.N0000,3.6,3.6,3.5,3.5,2685
2019-01-09,LOFC.N0000,3.6,3.6,3.6,3.6,23035
2019-01-10,LOFC.N0000,3.6,3.6,3.5,3.6,10000
2019-01-15,LOFC.N0000,3.6,3.7,3.6,3.7,9392
2019-01-17,LOFC.N0000,3.7,3.7,3.6,3.6,23791
2019-01-21,LOFC.N0000,3.7,3.7,3.6,3.6,5301
2019-01-23,LOFC.N0000,3.7,3.7,3.6,3.6,1002
2019-01-24,LOFC.N0000,3.6,3.7,3.5,3.7,44522
2019-01-28,LOFC.N0000,3.6,3.7,3.6,3.6,7700
2019-01-29,LOFC.N0000,3.6,3.7,3.6,3.7,12559
2019-01-31,LOFC.N0000,3.6,3.7,3.6,3.7,10780
2019-02-05,LOFC.N0000,3.6,3.6,3.5,3.5,24001
2019-02-06,LOFC.N0000,3.4,4.1,3.4,3.7,1319249
2019-02-07,LOFC.N0000,3.7,3.7,3.6,3.6,16150
2019-02-12,LOFC.N0000,3.7,3.7,3.7,3.7,152931
2019-02-13,LOFC.N0000,3.7,3.7,3.7,3.7,126364
2019-02-15,LOFC.N0000,3.7,3.7,3.6,3.6,895
2019-02-20,LOFC.N0000,3.6,3.7,3.6,3.7,24643
2019-02-21,LOFC.N0000,3.5,3.6,3.5,3.5,68101
2019-02-26,LOFC.N0000,3.5,3.6,3.5,3.5,41431
2019-02-27,LOFC.N0000,3.6,3.6,3.5,3.5,82247
2019-03-01,LOFC.N0000,3.5,3.5,3.4,3.4,470001
2019-03-05,LOFC.N0000,3.5,3.6,3.5,3.5,17705
2019-03-07,LOFC.N0000,3.4,3.5,3.3,3.3,76750
2019-03-11,LOFC.N0000,3.4,3.4,3.3,3.4,17547
2019-03-12,LOFC.N0000,3.3,3.4,3.3,3.3,42548
2019-03-14,LOFC.N0000,3.3,3.4,3.3,3.4,18970
2019-03-15,LOFC.N0000,3.4,3.4,3.2,3.4,170711
2019-03-18,LOFC.N0000,3.4,3.4,3.3,3.3,26937
2019-03-19,LOFC.N0000,3.3,3.3,3.3,3.3,7450
2019-03-21,LOFC.N0000,3.3,3.3,3.2,3.3,87498
2019-03-22,LOFC.N0000,3.2,3.2,3,3.1,296090
2019-03-25,LOFC.N0000,3.1,3.2,3.1,3.2,133852
2019-03-26,LOFC.N0000,3,3.1,3,3,103390
2019-03-27,LOFC.N0000,3,3.1,3,3.1,53002
2019-03-28,LOFC.N0000,3.1,3.2,3.1,3.2,48932
2019-03-29,LOFC.N0000,3.3,3.3,3,3.1,122747
2019-04-01,LOFC.N0000,3.1,3.3,3,3.1,48463
2019-04-03,LOFC.N0000,3.3,3.3,3.2,3.2,13101
2019-04-04,LOFC.N0000,3.3,3.3,3.2,3.3,18707
2019-04-05,LOFC.N0000,3.3,3.4,3.2,3.4,59970
2019-04-08,LOFC.N0000,3.3,3.4,3.3,3.4,34700
2019-04-09,LOFC.N0000,3.3,3.3,3.2,3.3,23409
2019-04-10,LOFC.N0000,3.3,3.6,3.3,3.4,1061521
2019-04-11,LOFC.N0000,3.5,3.7,3.5,3.6,150543
2019-04-16,LOFC.N0000,3.5,3.6,3.4,3.5,27270
2019-04-17,LOFC.N0000,3.6,3.6,3.4,3.5,153920
2019-04-18,LOFC.N0000,3.5,3.5,3.3,3.3,47650
2019-04-23,LOFC.N0000,3.3,3.3,3.1,3.3,77423
2019-04-24,LOFC.N0000,3.4,3.4,3.2,3.2,378521
2019-04-25,LOFC.N0000,3.2,3.2,3.1,3.1,295019
2019-04-26,LOFC.N0000,3.1,3.2,3,3.2,41072
2019-04-29,LOFC.N0000,3.2,3.2,3.1,3.2,1828
2019-04-30,LOFC.N0000,3.2,3.3,3.1,3.3,35897
2019-05-02,LOFC.N0000,3.2,3.2,3.2,3.2,600
2019-05-03,LOFC.N0000,3.2,3.2,3.1,3.1,25312
2019-05-06,LOFC.N0000,3.1,3.2,3,3,222743
2019-05-09,LOFC.N0000,3,3,2.9,3,603385
2019-05-10,LOFC.N0000,3,3.1,2.9,3,10033
2019-05-13,LOFC.N0000,3.1,3.1,3,3,10020
2019-05-14,LOFC.N0000,2.9,3,2.9,3,216800
2019-05-15,LOFC.N0000,3,3,2.8,2.9,722650
2019-05-16,LOFC.N0000,2.9,2.9,2.8,2.8,369244
2019-05-17,LOFC.N0000,2.9,3.7,2.9,3.5,2363344
2019-05-21,LOFC.N0000,3.6,3.7,3.4,3.5,274640
2019-05-22,LOFC.N0000,3.5,3.6,3.2,3.3,1272222
2019-05-23,LOFC.N0000,3.5,3.5,3.3,3.3,131505
2019-05-27,LOFC.N0000,3.3,3.3,3.2,3.3,88619
2019-05-28,LOFC.N0000,3.3,3.3,3.2,3.2,43071
2019-05-29,LOFC.N0000,3.2,3.6,3.2,3.4,371905
2019-05-30,LOFC.N0000,3.4,3.5,3.4,3.4,74952
2019-05-31,LOFC.N0000,3.5,3.5,3.4,3.4,100673
2019-06-03,LOFC.N0000,3.6,3.6,3.3,3.4,238837
2019-06-04,LOFC.N0000,3.5,3.5,3.3,3.3,189876
2019-06-06,LOFC.N0000,3.4,3.4,3.4,3.4,1450
2019-06-07,LOFC.N0000,3.3,3.4,3.3,3.4,1324
2019-06-10,LOFC.N0000,3.4,3.4,3.4,3.4,13777
2019-06-12,LOFC.N0000,3.4,3.6,3.4,3.5,264185
2019-06-13,LOFC.N0000,3.6,3.6,3.5,3.6,87664
2019-06-14,LOFC.N0000,3.6,3.7,3.5,3.6,812890
2019-06-17,LOFC.N0000,3.6,3.9,3.6,3.7,1142710
2019-06-18,LOFC.N0000,3.7,3.7,3.6,3.7,41468
2019-06-19,LOFC.N0000,3.7,3.9,3.6,3.7,66711
2019-06-20,LOFC.N0000,3.8,4.1,3.8,4,2785686
2019-06-21,LOFC.N0000,4,4.1,3.8,3.9,852400
2019-06-24,LOFC.N0000,3.8,4,3.8,3.9,165105
2019-06-25,LOFC.N0000,4,4,3.8,3.8,45060
2019-06-26,LOFC.N0000,3.8,3.9,3.7,3.9,113204
2019-06-27,LOFC.N0000,3.8,3.9,3.8,3.9,181186
2019-06-28,LOFC.N0000,3.9,3.9,3.7,3.8,479622
2019-07-01,LOFC.N0000,3.8,3.8,3.7,3.7,426581
2019-07-02,LOFC.N0000,3.8,3.9,3.7,3.7,80016
2019-07-03,LOFC.N0000,3.7,3.9,3.7,3.8,170341
2019-07-04,LOFC.N0000,3.9,4,3.7,3.8,1177457
2019-07-05,LOFC.N0000,3.8,3.9,3.8,3.8,153932
2019-07-08,LOFC.N0000,3.8,3.8,3.8,3.8,726121
2019-07-09,LOFC.N0000,3.9,3.9,3.7,3.8,661542
2019-07-10,LOFC.N0000,3.9,3.9,3.7,3.8,1005505
2019-07-11,LOFC.N0000,3.8,3.9,3.8,3.8,301209
2019-07-12,LOFC.N0000,3.8,3.9,3.8,3.8,178171
2019-07-15,LOFC.N0000,3.8,3.9,3.4,3.7,205969879000000
2019-07-17,LOFC.N0000,3.7,3.9,3.7,3.9,546485
2019-07-18,LOFC.N0000,3.9,4,3.7,3.8,2988476
2019-07-19,LOFC.N0000,3.8,3.9,3.7,3.8,447526
2019-07-22,LOFC.N0000,3.9,3.9,3.8,3.9,39121
2019-07-23,LOFC.N0000,3.8,3.9,3.7,3.9,26203
2019-07-24,LOFC.N0000,3.9,3.9,3.8,3.9,279807
2019-07-25,LOFC.N0000,3.9,3.9,3.8,3.8,122007
2019-07-26,LOFC.N0000,3.8,3.8,3.7,3.7,408403
2019-07-29,LOFC.N0000,3.8,3.9,3.7,3.8,1110565
2019-07-30,LOFC.N0000,3.9,3.9,3.7,3.8,181299
2019-07-31,LOFC.N0000,3.7,3.9,3.7,3.8,236758
2019-08-01,LOFC.N0000,3.8,3.9,3.7,3.8,1875545
2019-08-02,LOFC.N0000,3.9,4.1,3.7,3.9,3521588
2019-08-05,LOFC.N0000,4,4.1,4,4,2227466
2019-08-06,LOFC.N0000,4,4,3.9,3.9,297884
2019-08-07,LOFC.N0000,3.9,4,3.8,3.9,270561
2019-08-08,LOFC.N0000,3.9,4,3.8,3.9,71208
2019-08-09,LOFC.N0000,3.8,4,3.7,4,1340151
2019-08-13,LOFC.N0000,4,4,3.8,3.9,1397270
2019-08-15,LOFC.N0000,3.8,3.9,3.8,3.8,280074
2019-08-16,LOFC.N0000,3.8,3.9,3.8,3.9,53392
2019-08-19,LOFC.N0000,3.8,3.9,3.8,3.9,114354
2019-08-20,LOFC.N0000,3.9,3.9,3.7,3.9,10502
2019-08-21,LOFC.N0000,3.8,3.9,3.8,3.9,273838
2019-08-22,LOFC.N0000,3.8,3.9,3.7,3.7,116310
2019-08-23,LOFC.N0000,3.9,3.9,3.8,3.8,55661
2019-08-26,LOFC.N0000,3.8,3.8,3.7,3.8,20494
2019-08-27,LOFC.N0000,3.8,3.8,3.7,3.8,15649
2019-08-28,LOFC.N0000,3.7,3.8,3.7,3.8,3233
2019-08-29,LOFC.N0000,3.8,3.8,3.7,3.8,167243
2019-08-30,LOFC.N0000,3.8,3.8,3.7,3.8,420475
2019-09-02,LOFC.N0000,3.7,3.9,3.7,3.7,479896
2019-09-03,LOFC.N0000,3.8,3.9,3.7,3.8,154488
2019-09-04,LOFC.N0000,3.9,3.9,3.7,3.7,98499
2019-09-05,LOFC.N0000,3.7,3.7,3.6,3.6,248514
2019-09-06,LOFC.N0000,3.7,3.8,3.6,3.7,296850
2019-09-09,LOFC.N0000,3.6,3.7,3.6,3.6,260386
2019-09-10,LOFC.N0000,3.6,3.7,3.6,3.6,158901
2019-09-11,LOFC.N0000,3.6,3.7,3.6,3.7,30599
2019-09-12,LOFC.N0000,3.6,3.8,3.6,3.8,228313
2019-09-16,LOFC.N0000,3.7,3.7,3.7,3.7,243611
2019-09-17,LOFC.N0000,3.6,3.7,3.6,3.7,24555
2019-09-18,LOFC.N0000,3.6,3.8,3.6,3.8,4240
2019-09-19,LOFC.N0000,3.8,3.8,3.6,3.8,135210
2019-09-20,LOFC.N0000,3.7,3.8,3.6,3.8,76000
2019-09-23,LOFC.N0000,3.7,3.7,3.6,3.7,12791
2019-09-24,LOFC.N0000,3.6,3.7,3.5,3.7,182703
2019-09-25,LOFC.N0000,3.6,3.8,3.6,3.8,28710
2019-09-26,LOFC.N0000,3.7,3.8,3.6,3.7,29434
2019-09-30,LOFC.N0000,3.7,3.8,3.6,3.8,346512
2019-10-01,LOFC.N0000,3.8,3.8,3.6,3.7,143509
2019-10-02,LOFC.N0000,3.7,3.7,3.6,3.7,23000
2019-10-03,LOFC.N0000,3.6,3.7,3.6,3.6,202086
2019-10-04,LOFC.N0000,3.7,3.7,3.6,3.6,3950
2019-10-07,LOFC.N0000,3.7,3.7,3.6,3.7,101711
2019-10-08,LOFC.N0000,3.8,3.8,3.6,3.7,803
2019-10-09,LOFC.N0000,3.7,3.7,3.6,3.7,475088
2019-10-10,LOFC.N0000,3.7,3.8,3.6,3.7,121195
2019-10-11,LOFC.N0000,3.7,3.7,3.6,3.6,412395
2019-10-14,LOFC.N0000,3.7,3.9,3.7,3.9,851424
2019-10-15,LOFC.N0000,3.9,3.9,3.7,3.8,32724
2019-10-16,LOFC.N0000,3.8,3.8,3.8,3.8,20138
2019-10-17,LOFC.N0000,3.8,3.8,3.7,3.8,47270
2019-10-18,LOFC.N0000,3.8,3.8,3.7,3.8,292218
2019-10-21,LOFC.N0000,3.8,3.8,3.7,3.8,31000
2019-10-22,LOFC.N0000,3.7,3.8,3.7,3.8,31741
2019-10-23,LOFC.N0000,3.8,3.8,3.7,3.8,88446
2019-10-24,LOFC.N0000,3.8,3.9,3.8,3.8,28452
2019-10-25,LOFC.N0000,3.7,3.8,3.7,3.8,154538
2019-10-28,LOFC.N0000,3.9,3.9,3.7,3.9,65580
2019-10-29,LOFC.N0000,3.9,3.9,3.7,3.9,139500
2019-10-30,LOFC.N0000,3.8,3.9,3.7,3.9,50485
2019-10-31,LOFC.N0000,3.9,3.9,3.8,3.9,359022
2019-11-01,LOFC.N0000,3.9,4.2,3.9,4,3179316
2019-11-04,LOFC.N0000,4,4,3.8,4,483993
2019-11-05,LOFC.N0000,3.9,4,3.9,4,50548
2019-11-06,LOFC.N0000,3.9,4,3.9,4,295873
2019-11-07,LOFC.N0000,4,4,3.8,3.9,204658
2019-11-08,LOFC.N0000,3.9,4.1,3.8,4,1034640
2019-11-13,LOFC.N0000,4.1,4.1,3.9,3.9,793342
2019-11-14,LOFC.N0000,4,4.1,3.9,4,102011
2019-11-15,LOFC.N0000,3.9,4,3.9,3.9,30415
2019-11-18,LOFC.N0000,4.1,4.1,3.8,3.9,1029626
2019-11-19,LOFC.N0000,4.1,4.1,3.9,4,168098
2019-11-20,LOFC.N0000,4,4,3.8,4,650082
2019-11-21,LOFC.N0000,4,4,3.9,4,62300
2019-11-22,LOFC.N0000,3.9,4,3.8,3.8,65037
2019-11-25,LOFC.N0000,3.9,4,3.8,4,53383
2019-11-26,LOFC.N0000,3.9,4,3.8,3.9,107202
2019-11-27,LOFC.N0000,3.9,3.9,3.8,3.8,2361
2019-11-28,LOFC.N0000,3.9,4,3.8,3.9,116651
2019-11-29,LOFC.N0000,3.9,4,3.8,4,835030
2019-12-02,LOFC.N0000,4,4.1,3.9,4,2272453
2019-12-03,LOFC.N0000,4,4,3.8,3.9,607650
2019-12-04,LOFC.N0000,3.9,4,3.8,3.8,246331
2019-12-05,LOFC.N0000,3.9,3.9,3.8,3.9,15978
2019-12-06,LOFC.N0000,3.9,3.9,3.8,3.9,4816
2019-12-09,LOFC.N0000,3.9,3.9,3.7,3.8,568126
2019-12-10,LOFC.N0000,3.8,3.8,3.7,3.8,126912
2019-12-11,LOFC.N0000,3.8,4,3.8,3.9,253253
2019-12-13,LOFC.N0000,3.9,3.9,3.8,3.8,170189
2019-12-16,LOFC.N0000,3.8,3.9,3.6,3.8,322059
2019-12-17,LOFC.N0000,3.7,3.8,3.7,3.8,11841
2019-12-19,LOFC.N0000,3.8,3.8,3.7,3.8,3592
2019-12-20,LOFC.N0000,3.8,3.8,3.7,3.8,19666
2019-12-23,LOFC.N0000,3.8,3.9,3.7,3.8,316876
2019-12-24,LOFC.N0000,3.8,3.9,3.8,3.9,179950
2019-12-26,LOFC.N0000,3.8,3.9,3.8,3.9,127006
2019-12-27,LOFC.N0000,3.9,4,3.8,3.9,139961
2019-12-30,LOFC.N0000,3.9,4.1,3.9,4,3219249
2019-12-31,LOFC.N0000,4,4,3.8,3.9,626225
2020-01-02,LOFC.N0000,3.9,4,3.8,3.9,365373
2020-01-03,LOFC.N0000,3.9,4.4,3.9,4.2,9200580
2020-01-06,LOFC.N0000,4.3,4.3,4,4,1003260
2020-01-07,LOFC.N0000,4.1,4.1,3.9,3.9,1019262
2020-01-08,LOFC.N0000,3.9,3.9,3.7,3.8,846096
2020-01-09,LOFC.N0000,3.8,4.1,3.8,4,1488508
2020-01-13,LOFC.N0000,4,4.1,3.9,4,384803
2020-01-14,LOFC.N0000,4,4,3.9,4,380107
2020-01-16,LOFC.N0000,3.9,3.9,3.8,3.9,180244
2020-01-20,LOFC.N0000,3.9,3.9,3.8,3.8,80500
2020-01-21,LOFC.N0000,3.8,3.8,3.8,3.8,423961
2020-01-22,LOFC.N0000,3.8,3.9,3.8,3.9,141000
2020-01-23,LOFC.N0000,3.9,3.9,3.8,3.9,115937
2020-01-24,LOFC.N0000,3.9,3.9,3.7,3.8,237952
2020-01-28,LOFC.N0000,3.7,3.8,3.7,3.7,115603
2020-01-29,LOFC.N0000,3.8,4,3.8,3.9,371091
2020-01-30,LOFC.N0000,3.9,3.9,3.7,3.8,80396
2020-01-31,LOFC.N0000,3.8,3.9,3.7,3.9,91635
2020-02-03,LOFC.N0000,3.7,3.8,3.7,3.8,265945
2020-02-05,LOFC.N0000,3.8,3.8,3.7,3.8,2610
2020-02-06,LOFC.N0000,3.8,3.8,3.7,3.8,136125
2020-02-07,LOFC.N0000,3.7,3.8,3.7,3.8,104890
2020-02-10,LOFC.N0000,3.7,3.7,3.6,3.7,658831
2020-02-11,LOFC.N0000,3.6,3.7,3.6,3.7,165049
2020-02-12,LOFC.N0000,3.6,3.6,3.6,3.6,340540
2020-02-13,LOFC.N0000,3.6,3.7,3.6,3.7,55890
2020-02-14,LOFC.N0000,3.6,3.7,3.6,3.7,147044
2020-02-17,LOFC.N0000,3.7,3.7,3.5,3.7,155237
2020-02-18,LOFC.N0000,3.7,3.7,3.6,3.6,7905
2020-02-19,LOFC.N0000,3.6,3.7,3.6,3.7,80600
2020-02-20,LOFC.N0000,3.7,3.7,3.6,3.7,18801
2020-02-24,LOFC.N0000,3.6,3.6,3.5,3.6,295069
2020-02-25,LOFC.N0000,3.6,3.6,3.4,3.5,317967
2020-02-26,LOFC.N0000,3.5,3.5,3.3,3.4,506675
2020-02-27,LOFC.N0000,3.4,3.5,3.4,3.4,80256
2020-02-28,LOFC.N0000,3.5,3.5,3.2,3.4,527154
2020-03-02,LOFC.N0000,3.4,3.7,3.3,3.6,453270
2020-03-03,LOFC.N0000,3.6,3.7,3.4,3.5,73616
2020-03-05,LOFC.N0000,3.4,3.4,3.2,3.3,161231
2020-03-06,LOFC.N0000,3.3,3.3,3.1,3.1,163739
2020-03-10,LOFC.N0000,3.1,3.2,2.8,3,847401
2020-03-11,LOFC.N0000,3,3.3,3,3.3,388539
2020-03-12,LOFC.N0000,3.2,3.2,2.8,2.9,240676
2020-03-13,LOFC.N0000,2.9,2.9,2.4,2.7,915231
2020-03-19,LOFC.N0000,2.4,2.4,2.2,2.3,335930
2020-05-12,LOFC.N0000,2.3,2.6,2.2,2.6,72960
2020-05-13,LOFC.N0000,2.6,2.8,2.6,2.8,140418
2020-05-14,LOFC.N0000,2.8,2.8,2.7,2.8,88669
2020-05-15,LOFC.N0000,2.9,3,2.9,3,151371
2020-05-18,LOFC.N0000,3.2,3.2,2.9,3.1,78186
2020-05-19,LOFC.N0000,3,3.2,3,3.1,136210
2020-05-20,LOFC.N0000,3.3,3.3,2.9,3.1,250504
2020-05-21,LOFC.N0000,3.1,3.2,3.1,3.1,85256
2020-05-26,LOFC.N0000,3,3,2.9,2.9,133181
2020-05-27,LOFC.N0000,3.2,3.2,3,3,40772
2020-05-28,LOFC.N0000,3,3,2.9,3,125641
2020-05-29,LOFC.N0000,3,3.1,2.9,2.9,124168
2020-06-01,LOFC.N0000,2.9,3,2.8,2.9,78394
2020-06-02,LOFC.N0000,2.9,3,2.9,3,20059
2020-06-03,LOFC.N0000,3,3.1,2.9,3,46109
2020-06-04,LOFC.N0000,3.1,3.1,3,3,36351
2020-06-08,LOFC.N0000,3.1,3.2,3,3.1,64084
2020-06-09,LOFC.N0000,3.2,3.4,3.2,3.4,886336
2020-06-10,LOFC.N0000,3.4,3.6,3.1,3.4,510773
2020-06-11,LOFC.N0000,3.5,3.6,3.4,3.4,552202
2020-06-12,LOFC.N0000,3.4,3.5,3.4,3.5,165126
2020-06-15,LOFC.N0000,3.5,3.5,3.4,3.4,120979
2020-06-16,LOFC.N0000,3.5,3.6,3.4,3.5,369756
2020-06-17,LOFC.N0000,3.5,3.7,3.4,3.6,827655
2020-06-18,LOFC.N0000,3.6,3.8,3.6,3.6,705151
2020-06-19,LOFC.N0000,3.6,3.7,3.5,3.6,172936
2020-06-22,LOFC.N0000,3.7,3.7,3.6,3.7,267883
2020-06-23,LOFC.N0000,3.7,3.8,3.5,3.6,834930
2020-06-24,LOFC.N0000,3.6,3.7,3.4,3.5,1289775
2020-06-25,LOFC.N0000,3.5,3.6,3.4,3.5,245301
2020-06-26,LOFC.N0000,3.5,3.5,3.4,3.5,488929
2020-06-29,LOFC.N0000,3.4,3.5,3.4,3.4,106252
2020-06-30,LOFC.N0000,3.4,3.5,3.4,3.5,77526
2020-07-01,LOFC.N0000,3.5,3.5,3.4,3.4,150537
2020-07-02,LOFC.N0000,3.4,3.4,3.3,3.4,84156
2020-07-03,LOFC.N0000,3.3,3.4,3.3,3.3,530826
2020-07-06,LOFC.N0000,3.3,3.4,3.3,3.3,19526
2020-07-07,LOFC.N0000,3.3,3.4,3.3,3.3,61808
2020-07-08,LOFC.N0000,3.3,3.4,3.3,3.4,973317
2020-07-09,LOFC.N0000,3.4,3.5,3.3,3.5,1919567
2020-07-10,LOFC.N0000,3.4,3.4,3.3,3.3,610728
2020-07-13,LOFC.N0000,3.2,3.4,2.9,3.1,591211
2020-07-14,LOFC.N0000,3.2,3.4,3.1,3.2,1069608
2020-07-15,LOFC.N0000,3.2,3.3,3.1,3.2,643867
2020-07-16,LOFC.N0000,3.2,3.3,3.2,3.3,98701
2020-07-17,LOFC.N0000,3.3,3.3,3.2,3.2,38065
2020-07-20,LOFC.N0000,3.3,3.5,3.3,3.3,1785439
2020-07-21,LOFC.N0000,3.4,3.4,3.2,3.3,827754
2020-07-22,LOFC.N0000,3.3,3.4,3.2,3.3,1796893
2020-07-23,LOFC.N0000,3.3,3.4,3.2,3.3,317347
2020-07-24,LOFC.N0000,3.3,3.4,3.2,3.4,1045913
2020-07-27,LOFC.N0000,3.4,3.5,3.4,3.5,835597
2020-07-28,LOFC.N0000,3.5,3.5,3.3,3.4,1117071
2020-07-29,LOFC.N0000,3.4,3.4,3.3,3.4,34135
2020-07-30,LOFC.N0000,3.4,3.6,3.4,3.5,2080675
2020-07-31,LOFC.N0000,3.5,3.6,3.5,3.6,603134
2020-08-04,LOFC.N0000,3.6,3.7,3.5,3.6,1672723
2020-08-06,LOFC.N0000,3.6,3.6,3.5,3.6,690330
2020-08-07,LOFC.N0000,3.6,3.6,3.4,3.5,661194
2020-08-10,LOFC.N0000,3.5,3.5,3.4,3.5,163606
2020-08-11,LOFC.N0000,3.5,3.6,3.5,3.6,552376
2020-08-12,LOFC.N0000,3.5,3.6,3.5,3.5,125901
2020-08-13,LOFC.N0000,3.5,3.5,3.4,3.4,149220
2020-08-14,LOFC.N0000,3.4,3.4,3.3,3.4,59967
2020-08-17,LOFC.N0000,3.4,3.4,3.3,3.4,115238
2020-08-18,LOFC.N0000,3.4,3.8,3.4,3.8,4091941
2020-08-19,LOFC.N0000,3.8,4.1,3.8,4,12832685
2020-08-20,LOFC.N0000,4,4,3.8,3.9,3151035
2020-08-21,LOFC.N0000,3.9,4,3.8,3.9,692807
2020-08-24,LOFC.N0000,3.9,4,3.7,3.8,491187
2020-08-25,LOFC.N0000,3.7,3.9,3.6,3.8,442754
2020-08-26,LOFC.N0000,3.8,3.8,3.6,3.7,667453
2020-08-27,LOFC.N0000,3.6,3.6,3.5,3.6,262215
2020-08-28,LOFC.N0000,3.6,3.6,3.5,3.6,106071
2020-08-31,LOFC.N0000,3.5,3.6,3.5,3.5,96458
2020-09-02,LOFC.N0000,3.5,3.7,3.5,3.7,334743
2020-09-03,LOFC.N0000,3.5,3.6,3.5,3.6,34605
2020-09-04,LOFC.N0000,3.6,3.6,3.5,3.6,104056
2020-09-07,LOFC.N0000,3.5,3.6,3.5,3.5,25802
2020-09-08,LOFC.N0000,3.6,3.6,3.5,3.5,173453
2020-09-09,LOFC.N0000,3.6,3.6,3.5,3.6,213555
2020-09-10,LOFC.N0000,3.5,3.6,3.4,3.5,639444
2020-09-11,LOFC.N0000,3.4,3.6,3.4,3.5,295453
2020-09-14,LOFC.N0000,3.5,3.6,3.4,3.6,927608
2020-09-15,LOFC.N0000,3.6,3.7,3.5,3.6,209342
2020-09-16,LOFC.N0000,3.6,3.6,3.4,3.5,571819
2020-09-17,LOFC.N0000,3.6,3.6,3.5,3.6,93323
2020-09-18,LOFC.N0000,3.6,3.7,3.5,3.7,895610
2020-09-21,LOFC.N0000,3.7,3.8,3.6,3.7,459570
2020-09-22,LOFC.N0000,3.7,3.7,3.6,3.6,202523
2020-09-23,LOFC.N0000,3.7,3.7,3.5,3.6,386822
2020-09-24,LOFC.N0000,3.6,3.7,3.6,3.6,537321
2020-09-25,LOFC.N0000,3.6,3.7,3.6,3.6,377440
2020-09-28,LOFC.N0000,3.7,3.7,3.6,3.7,372626
2020-09-29,LOFC.N0000,3.6,3.7,3.6,3.7,844210
2020-09-30,LOFC.N0000,3.7,3.9,3.6,3.8,1038517
2020-10-02,LOFC.N0000,3.8,4.1,3.8,4,3503466
2020-10-05,LOFC.N0000,3.8,3.8,3.4,3.6,1840016
2020-10-06,LOFC.N0000,3.4,3.7,3.2,3.5,493751
2020-10-07,LOFC.N0000,3.4,3.6,3.4,3.6,210437
2020-10-08,LOFC.N0000,3.6,3.7,3.5,3.6,317573
2020-10-09,LOFC.N0000,3.7,3.8,3.7,3.7,932804
2020-10-12,LOFC.N0000,3.8,3.9,3.7,3.8,675958
2020-10-13,LOFC.N0000,3.8,3.9,3.6,3.8,1883608
2020-10-14,LOFC.N0000,3.9,3.9,3.7,3.8,917459
2020-10-15,LOFC.N0000,3.9,3.9,3.7,3.8,227607
2020-10-16,LOFC.N0000,3.8,3.9,3.7,3.7,373303
2020-10-19,LOFC.N0000,3.8,3.8,3.6,3.6,497385
2020-10-20,LOFC.N0000,3.7,3.8,3.6,3.7,456906
2020-10-21,LOFC.N0000,3.8,3.8,3.5,3.6,881636
2020-10-22,LOFC.N0000,3.5,3.6,3.4,3.6,183171
2020-10-23,LOFC.N0000,3.6,3.7,3.6,3.6,47790
2020-10-26,LOFC.N0000,3.5,3.6,3.4,3.5,66090
2020-10-27,LOFC.N0000,3.6,3.6,3.4,3.5,148922
2020-10-28,LOFC.N0000,3.5,3.5,3.4,3.5,60737
2020-10-29,LOFC.N0000,3.4,3.7,3.4,3.7,277061
2020-11-02,LOFC.N0000,3.7,3.7,3.5,3.5,266249
2020-11-03,LOFC.N0000,3.5,3.7,3.5,3.7,337966
2020-11-04,LOFC.N0000,3.7,3.7,3.6,3.7,188599
2020-11-05,LOFC.N0000,3.7,3.7,3.6,3.7,320372
2020-11-06,LOFC.N0000,3.7,3.7,3.6,3.7,52622
2020-11-09,LOFC.N0000,3.6,3.7,3.5,3.6,370873
2020-11-10,LOFC.N0000,3.6,3.6,3.5,3.6,318141
2020-11-11,LOFC.N0000,3.6,3.6,3.5,3.5,402602
2020-11-12,LOFC.N0000,3.6,3.6,3.5,3.6,71051
2020-11-13,LOFC.N0000,3.6,3.6,3.5,3.6,331341
2020-11-16,LOFC.N0000,3.5,3.6,3.4,3.5,295502
2020-11-17,LOFC.N0000,3.5,3.6,3.4,3.5,1365431
2020-11-18,LOFC.N0000,3.4,3.5,3.3,3.4,956400
2020-11-19,LOFC.N0000,3.4,3.5,3.4,3.4,41506
2020-11-20,LOFC.N0000,3.4,3.5,3.3,3.4,79622
2020-11-23,LOFC.N0000,3.4,3.5,3.4,3.5,374122
2020-11-24,LOFC.N0000,3.4,3.5,3.4,3.4,473190
2020-11-25,LOFC.N0000,3.4,3.5,3.4,3.4,179681
2020-11-26,LOFC.N0000,3.5,3.5,3.4,3.5,590467
2020-11-27,LOFC.N0000,3.5,3.5,3.4,3.5,480300
2020-11-30,LOFC.N0000,3.4,3.5,3.3,3.4,50401
2020-12-01,LOFC.N0000,3.5,3.5,3.3,3.5,760655
2020-12-02,LOFC.N0000,3.5,3.5,3.4,3.5,164734
2020-12-03,LOFC.N0000,3.5,3.6,3.5,3.5,960459
2020-12-04,LOFC.N0000,3.6,3.6,3.5,3.6,130832
2020-12-07,LOFC.N0000,3.6,3.6,3.5,3.6,118993
2020-12-08,LOFC.N0000,3.6,3.7,3.5,3.7,1039743
2020-12-09,LOFC.N0000,3.7,3.9,3.7,3.9,5924150
2020-12-10,LOFC.N0000,3.9,4,3.8,3.9,6146297
2020-12-11,LOFC.N0000,3.8,3.9,3.7,3.8,568510
2020-12-14,LOFC.N0000,3.8,3.9,3.7,3.8,705092
2020-12-15,LOFC.N0000,3.8,3.9,3.7,3.8,1260743
2020-12-16,LOFC.N0000,3.7,3.8,3.7,3.8,188057
2020-12-17,LOFC.N0000,3.8,3.9,3.7,3.7,962707
2020-12-18,LOFC.N0000,3.7,3.8,3.7,3.7,60387
2020-12-21,LOFC.N0000,3.7,3.8,3.6,3.8,213209
2020-12-22,LOFC.N0000,3.7,3.7,3.7,3.7,121400
2020-12-23,LOFC.N0000,3.6,3.7,3.6,3.6,143500
2020-12-24,LOFC.N0000,3.6,3.7,3.6,3.6,283346
2020-12-28,LOFC.N0000,3.7,3.7,3.6,3.7,137546
2020-12-30,LOFC.N0000,3.7,3.7,3.6,3.7,270779
2020-12-31,LOFC.N0000,3.7,3.7,3.6,3.6,257418
2021-01-04,LOFC.N0000,3.6,3.8,3.6,3.7,268066
2021-01-05,LOFC.N0000,3.7,3.7,3.6,3.7,425375
2021-01-06,LOFC.N0000,3.7,3.8,3.6,3.7,618178
2021-01-07,LOFC.N0000,3.8,4.4,3.7,4.4,23898635
2021-01-08,LOFC.N0000,4.8,5.2,4.7,4.9,20076913
2021-01-11,LOFC.N0000,4.9,5.1,4.6,4.8,4757526
2021-01-12,LOFC.N0000,5,5.8,5,5.8,28082123
2021-01-13,LOFC.N0000,6.2,6.8,6.2,6.8,9530451
2021-01-15,LOFC.N0000,7.8,8.1,7.8,8.1,3607839
2021-01-18,LOFC.N0000,9.7,9.7,8.2,9.4,25533246
2021-01-19,LOFC.N0000,9.3,9.6,7.6,7.6,10846112
2021-01-20,LOFC.N0000,7.8,8.7,6.4,7.9,13046232
2021-01-21,LOFC.N0000,7.8,8.7,7.1,8.5,12973551
2021-01-22,LOFC.N0000,8.8,9.5,8.4,9,16921350
2021-01-25,LOFC.N0000,9.3,9.5,8.5,8.6,8753874
2021-01-26,LOFC.N0000,8.6,9,8.1,8.4,3791110
2021-01-27,LOFC.N0000,8.4,8.8,8.1,8.2,4577164
2021-01-29,LOFC.N0000,8.6,8.7,7.5,7.7,3140070
2021-02-01,LOFC.N0000,7.6,8,7.1,7.2,1032357
2021-02-02,LOFC.N0000,7.3,7.5,6.2,6.8,2160166
2021-02-03,LOFC.N0000,6.5,7.2,6.4,7,1521742
2021-02-05,LOFC.N0000,7,7.3,6.9,7.1,912156
2021-02-08,LOFC.N0000,7.2,7.3,6.2,6.6,1689591
2021-02-09,LOFC.N0000,6.6,6.6,6,6.2,1634088
2021-02-10,LOFC.N0000,6.3,7.4,6.2,6.9,5577731
2021-02-11,LOFC.N0000,6.8,6.9,5.9,6.5,2742435
2021-02-12,LOFC.N0000,6.6,7.8,6.6,7.5,4901033
2021-02-15,LOFC.N0000,7.5,7.7,6.9,7,1544640
2021-02-16,LOFC.N0000,7.3,7.5,6.6,6.8,719701
2021-02-17,LOFC.N0000,6.9,7,6.1,6.9,1259696
2021-02-18,LOFC.N0000,6.9,7.4,6.7,7.3,1543261
2021-02-19,LOFC.N0000,7.3,7.7,6.9,7.4,3791329
2021-02-22,LOFC.N0000,7.2,7.5,6.9,7,308856
2021-02-23,LOFC.N0000,6.9,7.1,6.5,6.5,876105
2021-02-24,LOFC.N0000,6.5,6.9,6.3,6.5,725945
2021-02-25,LOFC.N0000,6.5,6.9,6.5,6.8,427599
2021-03-01,LOFC.N0000,6.9,7,6.6,6.6,271715
2021-03-02,LOFC.N0000,6.8,6.8,6.2,6.3,1185096
2021-03-03,LOFC.N0000,6.3,6.4,6.1,6.2,1021456
2021-03-04,LOFC.N0000,6.2,6.3,5.8,5.8,945908
2021-03-05,LOFC.N0000,6,6.2,5.6,6,1127049
2021-03-08,LOFC.N0000,6.2,6.6,5.9,6.6,1357594
2021-03-09,LOFC.N0000,6.6,6.9,6.2,6.2,945466
2021-03-10,LOFC.N0000,6.4,6.4,6,6.1,311016
2021-03-12,LOFC.N0000,6.1,6.3,6,6.1,112164
2021-03-15,LOFC.N0000,6.3,6.3,5.9,6,239760
2021-03-16,LOFC.N0000,6.1,6.1,5.8,6,1053364
2021-03-17,LOFC.N0000,6,6,5.8,5.9,286371
2021-03-18,LOFC.N0000,5.9,6,5.7,5.8,222590
2021-03-19,LOFC.N0000,5.8,5.8,5.6,5.7,179773
2021-03-22,LOFC.N0000,5.7,6,5.7,5.8,402543
2021-03-23,LOFC.N0000,5.9,6,5.6,5.9,69163
2021-03-24,LOFC.N0000,5.6,6.1,5.5,6.1,592493
2021-03-25,LOFC.N0000,6.1,6.3,5.8,6,798960
2021-03-26,LOFC.N0000,6,6,5.7,5.9,89961
2021-03-29,LOFC.N0000,5.8,6.1,5.8,6.1,126437
2021-03-30,LOFC.N0000,6,6,5.8,5.8,19977
2021-03-31,LOFC.N0000,5.9,5.9,5.6,5.6,554131
2021-04-01,LOFC.N0000,5.7,6.1,5.7,6.1,1611700
2021-04-05,LOFC.N0000,6.2,6.2,5.8,5.9,423053
2021-04-06,LOFC.N0000,6,6.1,5.8,6,271693
2021-04-07,LOFC.N0000,6.1,6.2,5.9,6.1,664745
2021-04-08,LOFC.N0000,6.1,6.3,5.9,6.3,2018504
2021-04-09,LOFC.N0000,6.4,6.6,6.2,6.3,1341775
2021-04-12,LOFC.N0000,6.2,6.5,6.2,6.3,305433
2021-04-15,LOFC.N0000,6.5,6.8,6.3,6.6,1724878
2021-04-16,LOFC.N0000,6.6,6.6,6.2,6.4,761976
2021-04-19,LOFC.N0000,6.4,6.5,6.1,6.3,299922
2021-04-20,LOFC.N0000,6.3,6.4,5.9,6,1069557
2021-04-21,LOFC.N0000,6,6.3,5.9,6.3,354801
2021-04-22,LOFC.N0000,6,6.2,6,6.1,283411
2021-04-23,LOFC.N0000,6,6.2,6,6.2,704899
2021-04-27,LOFC.N0000,6,6.2,5.8,5.9,670622
2021-04-28,LOFC.N0000,6,6.5,6,6.4,778157
2021-04-29,LOFC.N0000,6.5,6.6,6.3,6.3,718052
2021-05-03,LOFC.N0000,6.3,6.7,6.3,6.5,1709160
2021-05-04,LOFC.N0000,6.5,6.5,6.3,6.3,221778
2021-05-05,LOFC.N0000,6.4,6.5,6.2,6.4,152114
2021-05-06,LOFC.N0000,6.4,6.7,6.4,6.4,679953
2021-05-07,LOFC.N0000,6.5,6.6,6.3,6.5,500654
2021-05-10,LOFC.N0000,6.4,6.4,6.2,6.2,834476
2021-05-11,LOFC.N0000,6,6.5,6,6.3,179187
2021-05-12,LOFC.N0000,6.3,6.5,6.3,6.3,592835
2021-05-13,LOFC.N0000,6.4,6.6,6.3,6.4,544785
2021-05-17,LOFC.N0000,6.5,6.7,6.5,6.7,764061
2021-05-18,LOFC.N0000,6.7,6.7,6.5,6.5,1034212
2021-05-19,LOFC.N0000,6.7,6.7,6.4,6.6,235441
2021-05-20,LOFC.N0000,6.5,6.5,6.3,6.4,145966
2021-05-21,LOFC.N0000,6.5,6.5,6.3,6.4,162656
2021-05-24,LOFC.N0000,6.3,6.5,6.3,6.3,271687
2021-05-25,LOFC.N0000,6.5,6.6,6.3,6.4,319365
2021-05-28,LOFC.N0000,6.5,6.5,6.4,6.5,139557
2021-05-31,LOFC.N0000,6.4,6.5,6.3,6.4,339419
2021-06-01,LOFC.N0000,6.3,6.8,6.3,6.6,1702102
2021-06-02,LOFC.N0000,6.7,6.7,6.4,6.5,532425
2021-06-03,LOFC.N0000,6.4,6.6,6.3,6.5,463140
2021-06-04,LOFC.N0000,6.5,6.9,6.3,6.7,4080935
2021-06-07,LOFC.N0000,6.8,6.8,6.5,6.6,512261
2021-06-08,LOFC.N0000,6.7,6.7,6.4,6.6,264162
2021-06-09,LOFC.N0000,6.6,6.6,6.4,6.5,53045
2021-06-10,LOFC.N0000,6.6,6.7,6.4,6.5,320358
2021-06-11,LOFC.N0000,6.6,6.8,6.4,6.7,2381402
2021-06-14,LOFC.N0000,6.7,6.7,6.5,6.7,271807
2021-06-15,LOFC.N0000,6.6,7.1,6.6,6.9,4510550
2021-06-16,LOFC.N0000,7,7.1,6.8,6.9,1844789
2021-06-17,LOFC.N0000,6.8,6.8,6.7,6.8,268331
2021-06-18,LOFC.N0000,6.8,7,6.7,6.8,778404
2021-06-21,LOFC.N0000,6.9,6.9,6.6,6.7,650266
2021-06-22,LOFC.N0000,6.6,6.8,6.6,6.6,161477
2021-06-23,LOFC.N0000,6.6,6.7,6.4,6.7,123583
2021-06-25,LOFC.N0000,6.7,6.9,6.6,6.7,527980
2021-06-28,LOFC.N0000,6.8,6.9,6.6,6.7,147092
2021-06-29,LOFC.N0000,6.7,6.8,6.5,6.5,540110
2021-06-30,LOFC.N0000,6.7,6.7,6.3,6.4,362806
2021-07-01,LOFC.N0000,6.4,6.6,6.4,6.4,61804
2021-07-02,LOFC.N0000,6.5,6.6,6.4,6.5,921523
2021-07-05,LOFC.N0000,6.5,6.5,6.3,6.5,339001
2021-07-06,LOFC.N0000,6.4,7.4,6.4,7.1,8537970
2021-07-07,LOFC.N0000,7.2,7.3,6.6,6.8,3278657
2021-07-08,LOFC.N0000,6.8,6.9,6.6,6.7,874302
2021-07-09,LOFC.N0000,6.6,6.9,6.6,6.9,268417
2021-07-12,LOFC.N0000,6.9,6.9,6.7,6.9,188770
2021-07-13,LOFC.N0000,6.8,6.9,6.7,6.8,185651
2021-07-14,LOFC.N0000,6.9,7,6.7,6.9,710709
2021-07-15,LOFC.N0000,6.7,7,6.7,6.9,366725
2021-07-16,LOFC.N0000,6.9,7,6.7,6.7,412402
2021-07-19,LOFC.N0000,6.9,7.1,6.7,6.9,1763863
2021-07-20,LOFC.N0000,7,7.1,6.9,7,750652
2021-07-22,LOFC.N0000,7,7.2,6.9,7,749751
2021-07-26,LOFC.N0000,7,7.1,6.8,6.9,434156
2021-07-27,LOFC.N0000,7,7,6.8,6.9,38248
2021-07-28,LOFC.N0000,6.9,7,6.8,7,181689
2021-07-29,LOFC.N0000,6.9,7,6.8,7,262775
2021-07-30,LOFC.N0000,7,7,6.8,6.8,117970
2021-08-02,LOFC.N0000,6.9,7.1,6.7,6.9,480111
2021-08-03,LOFC.N0000,7,7.1,6.8,7,435764
2021-08-04,LOFC.N0000,6.9,7.1,6.8,6.9,384423
2021-08-05,LOFC.N0000,6.8,6.9,6.6,6.7,978629
2021-08-06,LOFC.N0000,6.5,6.9,6.4,6.8,551968
2021-08-09,LOFC.N0000,6.8,6.8,6.6,6.7,785829
2021-08-10,LOFC.N0000,6.6,6.9,6.6,6.7,330224
2021-08-11,LOFC.N0000,6.6,6.8,6.6,6.6,478488
2021-08-12,LOFC.N0000,6.8,6.9,6.4,6.6,1473444
2021-08-13,LOFC.N0000,6.7,7.2,6.6,6.8,3673688
2021-08-16,LOFC.N0000,6.7,6.9,6.6,6.7,381080
2021-08-17,LOFC.N0000,6.8,8.1,6.8,8.1,27760783
2021-08-18,LOFC.N0000,8.7,10,8.5,10,31653196
2021-08-19,LOFC.N0000,11.1,12.4,10,10.6,61463503
2021-08-20,LOFC.N0000,10.9,11.4,9.9,10,20571996
2021-08-23,LOFC.N0000,10.2,11.2,10,11.2,26029894
2021-08-24,LOFC.N0000,11.6,13.2,11.6,12.7,86348140
2021-08-25,LOFC.N0000,12.4,13,11.3,11.5,60497171
2021-08-26,LOFC.N0000,11.7,11.7,10.2,10.5,31526819
2021-08-27,LOFC.N0000,10.8,11.8,10.5,10.9,80657529
2021-08-30,LOFC.N0000,11.6,11.9,10.5,10.7,19360564
2021-08-31,LOFC.N0000,10.9,11,10.2,10.4,8755746
2021-09-01,LOFC.N0000,10.4,10.7,9.9,10.1,24611501
2021-09-02,LOFC.N0000,10.2,10.9,10,10.5,15687388
2021-09-03,LOFC.N0000,10.6,10.7,10.1,10.2,5198043
2021-09-06,LOFC.N0000,10.2,10.2,9.7,9.8,6493218
2021-09-07,LOFC.N0000,9.8,9.9,8.9,9.3,10555727
2021-09-08,LOFC.N0000,9.5,9.5,8,8.3,9062608
2021-09-09,LOFC.N0000,8.4,9.2,8.2,9,9947344
2021-09-10,LOFC.N0000,9.2,9.2,8.4,8.7,3524158
2021-09-13,LOFC.N0000,8.5,8.6,7.9,8,2967620
2021-09-14,LOFC.N0000,8.2,8.5,8,8.2,3122580
2021-09-15,LOFC.N0000,8.4,8.8,8,8.8,58222197
2021-09-16,LOFC.N0000,8.5,9.1,8.4,8.6,21525061
2021-09-17,LOFC.N0000,8.4,8.7,8.3,8.4,2646708
2021-09-21,LOFC.N0000,8.3,8.4,8.1,8.3,2334464
2021-09-22,LOFC.N0000,8.3,8.4,8,8.2,1811871
2021-09-23,LOFC.N0000,8.3,8.4,8.1,8.1,1584098
2021-09-24,LOFC.N0000,8.1,8.4,8.1,8.3,1990907
2021-09-27,LOFC.N0000,9,10,8.9,9.9,43703065
2021-09-28,LOFC.N0000,10.2,10.4,9.6,9.8,37443724
2021-09-29,LOFC.N0000,9.9,9.9,9.3,9.4,13371299
2021-09-30,LOFC.N0000,9.5,9.7,9.3,9.6,5156451
2021-10-01,LOFC.N0000,9.6,9.7,9.3,9.4,4350845
2021-10-04,LOFC.N0000,9.4,9.7,9.2,9.6,4780836
2021-10-05,LOFC.N0000,9.6,9.8,9.4,9.5,4147504
2021-10-06,LOFC.N0000,9.6,9.6,9.3,9.5,1843839
2021-10-07,LOFC.N0000,9.5,9.5,9.3,9.4,2457820
2021-10-08,LOFC.N0000,9.5,9.7,9.3,9.5,2064324
2021-10-11,LOFC.N0000,9.6,9.6,9.3,9.5,765656
2021-10-12,LOFC.N0000,9.4,9.6,9.4,9.5,1727010
2021-10-13,LOFC.N0000,9.5,9.5,9.1,9.2,3058142
2021-10-14,LOFC.N0000,9.3,9.5,9.2,9.4,1076712
2021-10-15,LOFC.N0000,9.5,9.5,9.2,9.4,902224
2021-10-18,LOFC.N0000,9.4,9.8,9.3,9.7,6077569
2021-10-21,LOFC.N0000,9.8,10.3,9.8,10.1,14981332
2021-10-22,LOFC.N0000,10.3,10.3,9.7,9.8,5869802
2021-10-25,LOFC.N0000,9.8,9.8,9.4,9.5,2988655
2021-10-26,LOFC.N0000,9.6,9.7,9.4,9.7,3197373
2021-10-27,LOFC.N0000,9.7,9.7,9.5,9.6,1635157
2021-10-28,LOFC.N0000,9.6,9.6,9.4,9.5,1063874
2021-10-29,LOFC.N0000,9.5,9.6,9.2,9.5,3495214
2021-11-01,LOFC.N0000,9.4,9.6,9.3,9.4,1902408
2021-11-02,LOFC.N0000,9.4,10,9.3,10,8562881
2021-11-03,LOFC.N0000,10,10.9,10,10.2,31820674
2021-11-05,LOFC.N0000,10.5,12.8,10.3,12.8,86141805
2021-11-08,LOFC.N0000,14,21.5,13.6,21.5,182412874
2021-11-09,LOFC.N0000,24.700001,31.299999,16.6,17.1,160270322
2021-11-10,LOFC.N0000,18.1,22.5,17.5,20.200001,39826961
2021-11-11,LOFC.N0000,20.5,30,20.299999,24.9,80232941
2021-11-12,LOFC.N0000,26,27.5,25,26.1,51597533
2021-11-15,LOFC.N0000,24.1,32,23,31.799999,74657958
2021-11-16,LOFC.N0000,33.5,37.700001,32.700001,37.700001,101267969
2021-11-17,LOFC.N0000,39.799999,39.900002,32.900002,35.400002,95795137
2021-11-19,LOFC.N0000,35.5,36,19,27.9,91203449
2021-11-22,LOFC.N0000,23,29.4,22,27.4,90745232
2021-11-23,LOFC.N0000,29,29,25.5,26.4,20119931
2021-11-24,LOFC.N0000,26.5,26.799999,24,24.299999,14498304
2021-11-25,LOFC.N0000,24.299999,25.799999,22.5,24.299999,13873174
2021-11-26,LOFC.N0000,25,27.799999,25,27.1,14289200
2021-11-29,LOFC.N0000,27.5,27.5,26,26.700001,7197532
2021-11-30,LOFC.N0000,26.799999,28.4,26.299999,28.1,10195876
2021-12-01,LOFC.N0000,28.799999,29.4,25.5,26.6,23993450
2021-12-02,LOFC.N0000,25.5,27.1,25,25.5,11010998
2021-12-03,LOFC.N0000,25,25.4,23,23.5,14851520
2021-12-06,LOFC.N0000,23.6,25,22.6,24.4,4857346
2021-12-07,LOFC.N0000,25.1,25.4,23.4,23.799999,2611993
2021-12-08,LOFC.N0000,24,24,19.700001,21.4,10409880
2021-12-09,LOFC.N0000,20.700001,24.9,19.5,24.799999,16937322
2021-12-10,LOFC.N0000,25.299999,26,23.799999,23.9,10514239
2021-12-13,LOFC.N0000,24.5,24.9,22.799999,23,5036039
2021-12-14,LOFC.N0000,23,24.700001,22.1,23,5364984
2021-12-15,LOFC.N0000,23.5,23.5,21.799999,22,5259170
2021-12-16,LOFC.N0000,22.700001,22.700001,21,21.4,2849154
2021-12-17,LOFC.N0000,21.5,22.6,21,21.6,2548017
2021-12-20,LOFC.N0000,22.5,22.5,21,21.1,2213004
2021-12-21,LOFC.N0000,21.299999,21.299999,19.799999,21,2205117
2021-12-22,LOFC.N0000,21,23,20.700001,22.200001,4107169
2021-12-23,LOFC.N0000,22.200001,22.5,20.9,21.4,2252307
2021-12-27,LOFC.N0000,21.700001,22.1,20.799999,21,2512552
2021-12-28,LOFC.N0000,21.5,21.5,20.299999,20.700001,1887851
2021-12-29,LOFC.N0000,20.9,20.9,19.9,20,4184086
2021-12-30,LOFC.N0000,20.200001,20.700001,19.299999,20.1,4295717
2021-12-31,LOFC.N0000,20.299999,20.6,19.6,20,4456934
2022-01-03,LOFC.N0000,20.1,27.299999,19.9,26.799999,35708875
2022-01-04,LOFC.N0000,28.1,30.799999,27.200001,30.299999,60358047
2022-01-05,LOFC.N0000,31.5,32,27,27.299999,35170668
2022-01-06,LOFC.N0000,30.799999,32.200001,29,29.200001,40782055
2022-01-07,LOFC.N0000,29.5,30,28.200001,28.799999,9473896
2022-01-10,LOFC.N0000,29.5,29.5,27.799999,28.1,5422598
2022-01-11,LOFC.N0000,27.9,30.4,27.5,29.9,13635239
2022-01-12,LOFC.N0000,30.4,30.6,28.4,28.6,24491509
2022-01-13,LOFC.N0000,29.1,29.4,28.299999,28.700001,8242866
2022-01-18,LOFC.N0000,28.9,29.4,28.200001,28.4,4444752
2022-01-19,LOFC.N0000,28.700001,28.799999,28.1,28.6,3580420
2022-01-20,LOFC.N0000,28.799999,30.4,28.5,28.5,24921851
2022-01-21,LOFC.N0000,28.700001,29,28,28.299999,8119115
2022-01-24,LOFC.N0000,29,29,27.799999,28.1,6119297
2022-01-25,LOFC.N0000,28.4,28.5,27,27,4705402
2022-01-26,LOFC.N0000,27,27.5,26.200001,26.4,6297613
2022-01-27,LOFC.N0000,26.9,27,23.9,25.4,8025342
2022-01-28,LOFC.N0000,25,26.5,24.1,25,4080770
2022-01-31,LOFC.N0000,25.4,26.200001,24.1,25.9,5778975
2022-02-01,LOFC.N0000,26.700001,27.5,25.4,25.6,5886068
2022-02-02,LOFC.N0000,27,29.4,25.799999,25.9,20317369
2022-02-03,LOFC.N0000,26.9,28,24.799999,27.4,6462513
2022-02-07,LOFC.N0000,28.1,29.200001,26.9,27.9,16581099
2022-02-08,LOFC.N0000,27.799999,28.6,26.700001,27.5,8684719
2022-02-09,LOFC.N0000,27.200001,27.700001,25,25.799999,9923941
2022-02-10,LOFC.N0000,25.5,26.4,24.799999,25.299999,4585462
2022-02-11,LOFC.N0000,26,26.200001,25.200001,25.700001,3013366
2022-02-14,LOFC.N0000,25.9,25.9,25.299999,25.700001,1949098
2022-02-15,LOFC.N0000,26,27.6,25.799999,26.5,17222376
2022-02-17,LOFC.N0000,27,28.200001,26.700001,27.1,25623318
2022-02-18,LOFC.N0000,26.5,26.5,24.700001,24.799999,116407122
2022-02-21,LOFC.N0000,25,25,22,22.700001,11402237
2022-02-22,LOFC.N0000,22.6,23.5,21.4,22.5,5144608
2022-02-23,LOFC.N0000,23,23,18.6,19.9,8415220
2022-02-24,LOFC.N0000,20,21,18,18,8914350
2022-02-25,LOFC.N0000,17.5,21.700001,17.4,21.4,13120956
2022-02-28,LOFC.N0000,21.4,24.4,20.6,23.6,12214065
2022-03-02,LOFC.N0000,23.6,24,21.5,22.9,7465070
2022-03-03,LOFC.N0000,23,23.299999,21.6,22,3931158
2022-03-04,LOFC.N0000,21.6,22.5,21,22.200001,5302184
2022-03-07,LOFC.N0000,22,22.799999,19,19.5,10329382
2022-03-08,LOFC.N0000,20,20.799999,15.9,16.4,10605790
2022-03-09,LOFC.N0000,16.6,17.200001,13.5,14.2,10225408
2022-03-10,LOFC.N0000,14.8,19.200001,14.5,18.799999,10612983
2022-03-11,LOFC.N0000,19.9,20,16.700001,17.4,8484039
2022-03-14,LOFC.N0000,17.5,18.299999,16.6,17.1,2876298
2022-03-15,LOFC.N0000,18,18,15.9,16,3900784
2022-03-16,LOFC.N0000,16.1,16.1,14.4,15.8,10445470
2022-03-18,LOFC.N0000,16,17.799999,15.3,17.5,5744246
2022-03-21,LOFC.N0000,17.5,18.1,16.9,17.700001,4494051
2022-03-22,LOFC.N0000,17.6,18,16,16.4,3138457
2022-03-23,LOFC.N0000,16.9,16.9,15.4,16.200001,2744877
2022-03-24,LOFC.N0000,16.5,16.5,15,15.5,4195044
2022-03-25,LOFC.N0000,15.9,15.9,14.9,15,5105734
2022-03-28,LOFC.N0000,15,15.6,12.9,13.3,13931782
2022-03-29,LOFC.N0000,13.4,13.4,10.8,10.8,14106052
2022-03-30,LOFC.N0000,11,13.5,8.3,13.3,19379024
2022-03-31,LOFC.N0000,11.4,11.4,8.3,8.3,227752
2022-04-04,LOFC.N0000,10,11.5,10,11,3570325
2022-04-05,LOFC.N0000,11.4,11.5,9.3,9.4,11565415
2022-04-06,LOFC.N0000,9.5,9.5,8,8.1,13221959
2022-04-07,LOFC.N0000,8,8.4,7.4,7.9,5707626
2022-04-25,LOFC.N0000,5.5,5.5,5,5.1,2499061
2022-04-26,LOFC.N0000,4.5,6.6,4.3,6.4,14181327
2022-04-27,LOFC.N0000,6.5,7.2,5.6,6.9,14092942
2022-04-28,LOFC.N0000,7,7.4,6.5,6.8,10627263
2022-05-04,LOFC.N0000,6.9,6.9,6,6.1,2651202
2022-05-05,LOFC.N0000,6,6.1,5.5,5.7,3607339
2022-05-11,LOFC.N0000,6.5,7.3,6.2,7.1,12419492
2022-05-12,LOFC.N0000,7.5,8.4,7.3,8,18153344
2022-05-17,LOFC.N0000,10.9,12,9,9.5,49538812
2022-05-18,LOFC.N0000,10,10.2,8.9,8.9,13910561
2022-05-19,LOFC.N0000,8.6,9.8,8.6,9.5,12262527
2022-05-23,LOFC.N0000,10.6,10.7,9.7,9.9,19352927
2022-05-25,LOFC.N0000,9.8,10.1,9.4,9.7,8192105
2022-05-26,LOFC.N0000,10.1,10.1,9.6,9.8,10181687
2022-05-30,LOFC.N0000,9.9,9.9,8.6,9,14951667
2022-05-31,LOFC.N0000,9,9.1,8.4,8.7,5963543
2022-06-01,LOFC.N0000,8.8,9,8.5,8.6,4037772
2022-06-02,LOFC.N0000,8.7,8.9,8.4,8.6,4430831
2022-06-06,LOFC.N0000,7.5,7.6,6.9,7.5,7500553
2022-06-07,LOFC.N0000,7.6,8,7.6,7.8,6257861
2022-06-08,LOFC.N0000,7.9,8.1,7.8,8,2953322
2022-06-09,LOFC.N0000,8.1,8.3,7.9,8.1,4634803
2022-06-15,LOFC.N0000,7.5,7.7,7.1,7.3,2040398
2022-06-16,LOFC.N0000,7.3,7.3,6.6,6.7,6269156
2022-06-20,LOFC.N0000,7.2,7.3,6.8,6.8,4573251
2022-06-21,LOFC.N0000,7.2,7.2,6.8,7,2006547
2022-06-22,LOFC.N0000,7,7.2,6.9,7.2,2683859
2022-06-23,LOFC.N0000,7.3,7.6,7.1,7.4,5740076
2022-06-27,LOFC.N0000,6.5,6.7,6.3,6.5,3273882
2022-06-28,LOFC.N0000,6.6,6.8,6.5,6.6,2413116
2022-06-29,LOFC.N0000,6.7,6.7,6.4,6.5,2442828
2022-06-30,LOFC.N0000,6.5,6.9,6.5,6.9,4190507
2022-07-04,LOFC.N0000,6.5,6.6,6.1,6.2,3702897
2022-07-05,LOFC.N0000,6.2,6.4,5.9,5.9,9925563
2022-07-06,LOFC.N0000,6,6.3,5.7,6,3541806
2022-07-07,LOFC.N0000,5.9,6.4,5.9,6.2,2733266
2022-07-11,LOFC.N0000,7.5,8,7.2,7.4,13932765
2022-07-14,LOFC.N0000,7.5,7.9,7.4,7.6,9194442
2022-07-18,LOFC.N0000,7.5,7.7,7.4,7.6,4139453
2022-07-19,LOFC.N0000,7.8,7.8,7.5,7.6,2831806
2022-07-20,LOFC.N0000,7.7,7.8,7.2,7.5,3798263
2022-07-21,LOFC.N0000,7.1,7.4,7.1,7.4,1978149
2022-07-25,LOFC.N0000,7,7.1,6.8,7,2273985
2022-07-26,LOFC.N0000,6.9,7.1,6.7,6.9,1582567
2022-07-27,LOFC.N0000,6.9,6.9,6.7,6.9,2740485
2022-07-28,LOFC.N0000,6.8,6.9,6.6,6.6,2896825
2022-08-01,LOFC.N0000,7,7.4,6.9,7.3,5496724
2022-08-02,LOFC.N0000,7.4,8.5,7.3,8.5,22122259
2022-08-03,LOFC.N0000,9,9.7,8.7,9.2,36017265
2022-08-04,LOFC.N0000,9.3,9.3,8.3,8.5,12286786
2022-08-08,LOFC.N0000,9,9.4,8.5,8.8,9849882
2022-08-09,LOFC.N0000,8.9,9,8.4,8.7,7008394
2022-08-15,LOFC.N0000,8.8,9,8.2,8.5,7617583
2022-08-16,LOFC.N0000,8.7,8.7,7.9,8.1,7778916
2022-08-17,LOFC.N0000,8.2,8.3,7.9,8,4985978
2022-08-18,LOFC.N0000,8.2,8.5,7.9,8.3,5452766
2022-08-22,LOFC.N0000,8.3,8.3,7.8,8,4016942
2022-08-23,LOFC.N0000,7.9,8.1,7.6,7.8,3475233
2022-08-25,LOFC.N0000,8.1,8.5,7.9,8,10848396
2022-08-29,LOFC.N0000,7.2,7.5,7,7.3,2852661
2022-08-30,LOFC.N0000,7.5,7.5,7.2,7.2,3748788
2022-08-31,LOFC.N0000,7.4,7.8,7.4,7.6,5778091
2022-09-01,LOFC.N0000,7.7,9,7.5,9,32709095
2022-09-06,LOFC.N0000,10.4,10.4,9.2,9.4,26542923
2022-09-07,LOFC.N0000,9.2,10.4,8.9,10,21265769
2022-09-09,LOFC.N0000,10.2,10.3,9.4,9.7,11759795
2022-09-12,LOFC.N0000,9.6,9.7,9.2,9.3,4940535
2022-09-13,LOFC.N0000,9.2,9.3,9,9.1,4957763
2022-09-14,LOFC.N0000,9.1,9.6,8.9,9.3,6331981
2022-09-15,LOFC.N0000,9.4,9.5,9,9.2,3706075
2022-09-19,LOFC.N0000,9,9.2,8.6,8.9,5431865
2022-09-20,LOFC.N0000,9,9,8.4,8.7,3109550
2022-09-21,LOFC.N0000,8.7,9.3,8.5,8.8,6299950
2022-09-22,LOFC.N0000,8.6,9,8.6,8.8,2368599
2022-09-26,LOFC.N0000,8.8,8.9,8.6,8.7,3547851
2022-09-27,LOFC.N0000,8.8,8.9,8.5,8.6,2626036
2022-09-28,LOFC.N0000,8.6,8.6,8.3,8.4,8096369
2022-09-29,LOFC.N0000,8.8,9.1,8.5,8.7,9333425
2022-10-03,LOFC.N0000,8.2,8.3,7.6,8,6253024
2022-10-04,LOFC.N0000,8,8.3,7.9,8,4466556
2022-10-05,LOFC.N0000,8.1,8.1,7.4,7.5,2596632
2022-10-06,LOFC.N0000,7.7,7.7,7,7.5,2068044
2022-10-11,LOFC.N0000,7,7.4,6.8,7.4,5032452
2022-10-12,LOFC.N0000,7.4,8,7.2,8,5259464
2022-10-13,LOFC.N0000,8,8.2,7.4,7.5,5166253
2022-10-17,LOFC.N0000,7.1,7.3,6.9,7.1,2252330
2022-10-18,LOFC.N0000,7.2,7.4,7,7,1945264
2022-10-19,LOFC.N0000,7,7.1,6.9,7,3241121
2022-10-20,LOFC.N0000,6.9,7.1,6.9,7,1657570
2022-10-25,LOFC.N0000,6.8,7,6.7,6.9,2339705
2022-10-26,LOFC.N0000,6.9,7.3,6.8,7.2,4097762
2022-10-27,LOFC.N0000,7.1,7.2,6.9,6.9,1246882
2022-11-01,LOFC.N0000,6.9,7.1,6.8,6.9,2365931
2022-11-02,LOFC.N0000,6.9,7.1,6.9,7,1342678
2022-11-03,LOFC.N0000,6.9,7,6.9,6.9,1333028
2022-11-04,LOFC.N0000,7,7,6.8,6.9,2276043
2022-11-08,LOFC.N0000,6.6,6.8,6.4,6.6,2781073
2022-11-09,LOFC.N0000,6.6,6.8,6.6,6.7,702269
2022-11-10,LOFC.N0000,6.7,6.9,6.6,6.8,840173
2022-11-14,LOFC.N0000,7.1,7.2,6.7,6.7,3186998
2022-11-15,LOFC.N0000,6.7,6.7,6.3,6.5,7292861
2022-11-16,LOFC.N0000,6.5,6.6,6.3,6.4,1437686
2022-11-17,LOFC.N0000,6.3,6.3,5.8,5.8,3400167
2022-11-21,LOFC.N0000,5.6,6.1,5.6,5.9,1622936
2022-11-22,LOFC.N0000,6.2,6.4,6,6.1,2641987
2022-11-23,LOFC.N0000,6.1,6.1,5.7,5.9,1655295
2022-11-24,LOFC.N0000,5.9,6.2,5.8,6.1,1990558
2022-11-28,LOFC.N0000,6.8,7,6.4,6.5,3706300
2022-11-29,LOFC.N0000,6.6,7.9,6.5,7.8,21213459
2022-11-30,LOFC.N0000,8.1,8.8,7.7,8,21382238
2022-12-01,LOFC.N0000,8,8.3,7.5,7.8,6903223
2022-12-06,LOFC.N0000,8,8.6,7.8,8.6,13865304
2022-12-08,LOFC.N0000,8.5,8.8,7.9,8.1,11346483
2022-12-09,LOFC.N0000,8.1,8.3,7.8,8.1,3787270
2022-12-12,LOFC.N0000,8.2,8.3,7.9,8,2175288
2022-12-13,LOFC.N0000,7.9,8.1,7.8,8.1,3653308
2022-12-14,LOFC.N0000,8.2,8.8,8.2,8.4,17590874
2022-12-15,LOFC.N0000,8.5,8.8,8.3,8.4,8095955
2022-12-16,LOFC.N0000,8.4,8.5,8.1,8.2,4421422
2022-12-19,LOFC.N0000,8.3,8.3,7.7,7.8,5173966
2022-12-20,LOFC.N0000,7.8,8.2,7.3,7.5,3434050
2022-12-21,LOFC.N0000,7.5,7.8,7.3,7.6,3523432
2022-12-22,LOFC.N0000,7.5,7.9,7.4,7.6,1825492
2022-12-23,LOFC.N0000,7.6,7.8,7.3,7.8,2943956
2022-12-27,LOFC.N0000,7.6,8,7.4,7.6,4134541
2022-12-28,LOFC.N0000,7.6,7.8,7.5,7.7,1697698
2022-12-29,LOFC.N0000,7.6,8.5,7.6,8.4,8801600
2022-12-30,LOFC.N0000,8.5,8.7,8,8.1,9337261
2023-01-02,LOFC.N0000,8.2,8.5,7.9,8,9842810
2023-01-03,LOFC.N0000,8,8.2,7.8,8.1,5626476
2023-01-04,LOFC.N0000,8.1,8.1,7.8,7.9,6447833
2023-01-05,LOFC.N0000,8.1,8.4,7.8,7.8,13915041
2023-01-09,LOFC.N0000,7.8,7.9,7.6,7.7,4075643
2023-01-10,LOFC.N0000,7.7,7.8,7.3,7.5,4227153
2023-01-11,LOFC.N0000,7.5,7.8,7.2,7.4,6039114
2023-01-12,LOFC.N0000,7.3,7.5,6.8,7.1,8195397
2023-01-13,LOFC.N0000,6.9,7.1,6.6,7,3510663
2023-01-17,LOFC.N0000,6.9,7.9,6.9,7.4,15099358
2023-01-18,LOFC.N0000,7.5,7.6,6.8,6.9,8620358
2023-01-19,LOFC.N0000,6.9,7.3,6.7,6.9,10239668
2023-01-20,LOFC.N0000,7,7.2,6.8,7,4512283
2023-01-23,LOFC.N0000,7,7.3,6.8,7,8373693
2023-01-24,LOFC.N0000,6.9,7,6.7,6.7,5823530
2023-01-25,LOFC.N0000,6.7,6.9,6.5,6.8,6159839
2023-01-26,LOFC.N0000,6.6,6.9,6.6,6.8,1724301
2023-01-27,LOFC.N0000,6.7,6.8,6.6,6.7,5277144
2023-01-30,LOFC.N0000,6.7,7.2,6.6,6.8,10945183
2023-01-31,LOFC.N0000,6.9,7.1,6.7,6.7,15818808
2023-02-01,LOFC.N0000,6.7,6.9,6.6,6.6,2814875
2023-02-02,LOFC.N0000,6.8,6.8,6.4,6.5,4912011
2023-02-03,LOFC.N0000,6.5,6.6,6.4,6.5,2670079
2023-02-06,LOFC.N0000,6.5,6.5,6,6.2,8101928
2023-02-07,LOFC.N0000,6.1,6.2,6,6.1,1942055
2023-02-08,LOFC.N0000,6.1,6.4,6,6.2,3665226
2023-02-09,LOFC.N0000,6.3,6.3,6.1,6.2,1451855
2023-02-10,LOFC.N0000,6.1,6.3,6,6.2,1230182
2023-02-13,LOFC.N0000,6.2,6.4,6,6.1,1775105
2023-02-14,LOFC.N0000,6.1,6.1,5.8,5.9,3093057
2023-02-15,LOFC.N0000,5.9,6,5.5,5.6,3849740
2023-02-16,LOFC.N0000,5.8,7,5.8,6.6,10269106
2023-02-17,LOFC.N0000,6.7,6.8,6.2,6.2,2339633
2023-02-20,LOFC.N0000,6.5,6.7,6.2,6.4,1890088
2023-02-21,LOFC.N0000,6.4,6.5,6.1,6.3,1425006
2023-02-22,LOFC.N0000,6.3,6.6,6.1,6.3,2619438
2023-02-23,LOFC.N0000,6.3,6.4,6.1,6.4,1404894
2023-02-24,LOFC.N0000,6.4,6.5,6.2,6.2,979845
2023-02-27,LOFC.N0000,6.4,6.4,6.1,6.2,1385117
2023-02-28,LOFC.N0000,6.3,6.3,6,6.1,1317930
2023-03-01,LOFC.N0000,6.1,6.3,6,6.2,860242
2023-03-02,LOFC.N0000,6.2,6.3,6,6.1,864152
2023-03-03,LOFC.N0000,6.2,6.3,6,6.2,1996281
2023-03-07,LOFC.N0000,6.2,6.5,6.1,6.4,4915659
2023-03-08,LOFC.N0000,6.5,6.7,6.4,6.4,8154305
2023-03-09,LOFC.N0000,6.5,6.5,6.2,6.3,2041334
2023-03-10,LOFC.N0000,6.3,6.3,6.1,6.2,1534930
2023-03-13,LOFC.N0000,6.2,6.3,6.1,6.1,998691
2023-03-14,LOFC.N0000,6.1,6.2,6,6.1,1334623
2023-03-15,LOFC.N0000,6.1,6.5,6,6.5,7045880
2023-03-16,LOFC.N0000,6.6,6.7,6.3,6.4,4609491
2023-03-17,LOFC.N0000,6.4,6.5,6.3,6.5,2401170
2023-03-20,LOFC.N0000,6.5,7.1,6.4,7,10999766
2023-03-21,LOFC.N0000,7,7.1,6.6,6.7,5056053
2023-03-22,LOFC.N0000,6.6,6.8,6.5,6.7,3452702
2023-03-23,LOFC.N0000,6.5,6.7,6.3,6.4,7248960
2023-03-24,LOFC.N0000,6.4,6.6,6.2,6.4,1906017
2023-03-27,LOFC.N0000,6.3,6.4,6.1,6.2,3990275
2023-03-28,LOFC.N0000,6.1,6.3,6.1,6.1,1459427
2023-03-29,LOFC.N0000,6.1,6.4,6,6.1,3102771
2023-03-30,LOFC.N0000,6.2,6.3,5.9,6,3701667
2023-03-31,LOFC.N0000,6.2,6.2,5.9,5.9,4565433
2023-04-03,LOFC.N0000,6.2,6.2,5.9,6.1,1008168
2023-04-04,LOFC.N0000,6,6.1,5.9,6,1187846
2023-04-06,LOFC.N0000,6,6,5.8,5.9,996980
2023-04-10,LOFC.N0000,5.9,6,5.8,6,1970741
2023-04-11,LOFC.N0000,5.9,6.2,5.8,6.1,1085620
2023-04-12,LOFC.N0000,6,6.1,6,6.1,946818
2023-04-17,LOFC.N0000,6.1,6.2,5.9,6,1239841
2023-04-18,LOFC.N0000,6.1,6.1,5.9,6,421587
2023-04-19,LOFC.N0000,6,6.1,5.8,5.9,2668012
2023-04-20,LOFC.N0000,5.9,6,5.8,5.8,2457105
2023-04-21,LOFC.N0000,5.8,5.9,5.7,5.8,2437786
2023-04-24,LOFC.N0000,5.8,6,5.7,5.8,978871
2023-04-25,LOFC.N0000,5.8,5.9,5.7,5.8,1991318
2023-04-26,LOFC.N0000,5.7,5.9,5.7,5.8,1823046
2023-04-27,LOFC.N0000,5.7,5.7,5.6,5.7,1964624
2023-04-28,LOFC.N0000,5.7,5.7,5.4,5.5,3707997
2023-05-02,LOFC.N0000,5.5,5.6,5.2,5.2,2956076
2023-05-03,LOFC.N0000,5.2,5.5,5.2,5.4,1956244
2023-05-04,LOFC.N0000,5.5,5.5,5.3,5.5,401205
2023-05-08,LOFC.N0000,5.5,5.6,5.4,5.5,2709686
2023-05-09,LOFC.N0000,5.5,5.5,5.2,5.3,2316556
2023-05-10,LOFC.N0000,5.4,5.5,5.3,5.4,824960
2023-05-11,LOFC.N0000,5.4,5.5,5.3,5.4,674269
2023-05-12,LOFC.N0000,5.4,5.4,5.2,5.3,1794074
2023-05-15,LOFC.N0000,5.3,5.4,5.2,5.2,1319813
2023-05-16,LOFC.N0000,5.3,5.4,5,5.2,2395327
2023-05-17,LOFC.N0000,5.1,5.2,4.9,5.1,2272848
2023-05-18,LOFC.N0000,5.1,5.2,5,5.1,827001
2023-05-19,LOFC.N0000,5,5.1,4.9,5.1,2805447
2023-05-22,LOFC.N0000,5.1,5.1,4.8,5,2978297
2023-05-23,LOFC.N0000,4.9,5,4.8,4.9,676428
2023-05-24,LOFC.N0000,5,5.1,4.8,5,1421858
2023-05-25,LOFC.N0000,5,5.1,4.9,4.9,453669
2023-05-26,LOFC.N0000,5,5.1,4.8,4.9,900037
2023-05-29,LOFC.N0000,5,5,4.7,4.8,1223276
2023-05-30,LOFC.N0000,4.9,4.9,4.6,4.7,1605153
2023-05-31,LOFC.N0000,4.7,4.9,4.6,4.7,5377516
2023-06-01,LOFC.N0000,4.7,5,4.6,4.8,4942110
2023-06-02,LOFC.N0000,4.9,5.4,4.9,5.2,12100126
2023-06-05,LOFC.N0000,5.2,5.3,5,5.2,4702409
2023-06-06,LOFC.N0000,5.2,5.2,4.9,5,3054734
2023-06-07,LOFC.N0000,5.1,5.1,4.9,4.9,2962420
2023-06-08,LOFC.N0000,4.9,5,4.9,5,818055
2023-06-09,LOFC.N0000,5,5.2,5,5.1,6406833
2023-06-12,LOFC.N0000,5.1,5.8,5.1,5.7,25766811
2023-06-13,LOFC.N0000,5.8,6.1,5.5,6.1,25872952
2023-06-14,LOFC.N0000,6.1,6.6,6,6.1,37464229
2023-06-15,LOFC.N0000,6.2,6.3,5.7,5.9,10415606
2023-06-16,LOFC.N0000,5.8,5.8,5.5,5.8,4345775
2023-06-19,LOFC.N0000,5.8,5.8,5.5,5.6,3311584
2023-06-20,LOFC.N0000,5.6,6,5.5,5.7,5627272
2023-06-21,LOFC.N0000,5.7,5.8,5.5,5.6,5102004
2023-06-22,LOFC.N0000,5.7,5.8,5.5,5.5,2694670
2023-06-23,LOFC.N0000,5.5,5.7,5.3,5.5,3337715
2023-06-26,LOFC.N0000,5.4,5.5,5.2,5.4,4349394
2023-06-27,LOFC.N0000,5.3,5.6,5.2,5.3,4378759
2023-06-28,LOFC.N0000,5.2,5.6,5.2,5.4,27349862
2023-07-04,LOFC.N0000,5.4,6.2,5.4,6.2,41138136
2023-07-05,LOFC.N0000,6.2,6.4,5.8,5.9,16681953
2023-07-06,LOFC.N0000,6,6.1,5.8,5.9,6255761
2023-07-07,LOFC.N0000,6,6,5.8,6,6370675
2023-07-10,LOFC.N0000,5.9,6.1,5.8,6.1,6610132
2023-07-11,LOFC.N0000,6.1,6.1,5.9,6,4081482
2023-07-12,LOFC.N0000,6,6.4,6,6.3,14208320
2023-07-13,LOFC.N0000,6.3,6.3,6,6.2,3613101
2023-07-14,LOFC.N0000,6.1,6.2,6,6.1,3255430
2023-07-17,LOFC.N0000,6.1,6.2,6,6,5742292
2023-07-18,LOFC.N0000,6.1,6.1,5.9,6,4829755
2023-07-19,LOFC.N0000,6,6.1,5.8,6.1,5112006
2023-07-20,LOFC.N0000,6.1,6.1,5.9,6,2665368
2023-07-21,LOFC.N0000,6,6.1,5.9,5.9,4049497
2023-07-24,LOFC.N0000,6.1,6.1,5.9,6,3727294
2023-07-25,LOFC.N0000,6,6.1,5.9,6,3257078
2023-07-26,LOFC.N0000,6,6,5.9,5.9,1819693
2023-07-27,LOFC.N0000,5.9,6.1,5.9,6.1,2673750
2023-07-28,LOFC.N0000,6.1,6.3,6,6.1,6505047
2023-07-31,LOFC.N0000,6.2,6.2,5.9,6.1,5597000
2023-08-02,LOFC.N0000,6,6.1,5.9,6,3043441
2023-08-03,LOFC.N0000,6,6.1,5.9,6,8043523
2023-08-04,LOFC.N0000,6.1,6.1,5.8,5.8,5331441
2023-08-07,LOFC.N0000,5.9,6,5.8,5.8,2799605
2023-08-08,LOFC.N0000,5.9,6,5.8,5.9,3523477
2023-08-09,LOFC.N0000,5.9,5.9,5.7,5.8,1969430
2023-08-10,LOFC.N0000,5.8,5.9,5.7,5.9,1404454
2023-08-11,LOFC.N0000,5.9,5.9,5.7,5.8,1329039
2023-08-14,LOFC.N0000,5.8,5.9,5.6,5.7,3083255
2023-08-15,LOFC.N0000,5.6,5.8,5.6,5.6,3356151
2023-08-16,LOFC.N0000,5.5,5.8,5.5,5.6,4300486
2023-08-17,LOFC.N0000,5.6,5.7,5.5,5.7,5139370
2023-08-18,LOFC.N0000,5.6,5.6,5.4,5.6,2775174
2023-08-21,LOFC.N0000,5.6,5.7,5.4,5.4,4331624
2023-08-22,LOFC.N0000,5.5,5.5,5.3,5.4,2309456
2023-08-23,LOFC.N0000,5.4,5.5,5.3,5.5,1708127
2023-08-24,LOFC.N0000,5.5,5.5,5.2,5.4,3800804
2023-08-25,LOFC.N0000,5.4,5.4,5.3,5.4,918127
2023-08-28,LOFC.N0000,5.4,5.5,5.3,5.4,577572
2023-08-29,LOFC.N0000,5.3,5.5,5.2,5.4,2765328
2023-08-31,LOFC.N0000,5.3,5.4,5.3,5.4,1264435
2023-09-01,LOFC.N0000,5.4,5.4,5.3,5.4,1511674
2023-09-04,LOFC.N0000,5.4,5.5,5.3,5.3,2315184
2023-09-05,LOFC.N0000,5.4,5.4,5.3,5.4,1398531
2023-09-06,LOFC.N0000,5.4,5.4,5.2,5.3,1928599
2023-09-07,LOFC.N0000,5.4,5.4,5.2,5.2,1687103
2023-09-08,LOFC.N0000,5.3,5.3,5.2,5.2,1150966
2023-09-11,LOFC.N0000,5.3,5.3,5.1,5.3,998293
2023-09-12,LOFC.N0000,5.3,5.3,5.1,5.3,1246574
2023-09-13,LOFC.N0000,5.2,5.3,5.2,5.2,344605
2023-09-14,LOFC.N0000,5.3,5.3,5.1,5.2,1384361
2023-09-15,LOFC.N0000,5.3,5.3,5.2,5.3,946545
2023-09-18,LOFC.N0000,5.3,5.3,5.1,5.2,1051343
2023-09-19,LOFC.N0000,5.2,5.3,5.1,5.2,1138101
2023-09-20,LOFC.N0000,5.2,5.3,5.1,5.2,523526
2023-09-21,LOFC.N0000,5.1,5.2,5.1,5.2,686561
2023-09-22,LOFC.N0000,5.1,5.2,5,5.1,1135491
2023-09-25,LOFC.N0000,5.2,5.2,5,5.1,950783
2023-09-26,LOFC.N0000,5.2,5.2,5,5,3947015
2023-09-27,LOFC.N0000,5.1,5.2,5,5.1,1081834
2023-10-02,LOFC.N0000,5,5.1,4.9,5,1500966
2023-10-03,LOFC.N0000,5,5.1,4.9,5,1483770
2023-10-04,LOFC.N0000,5,5.1,4.9,5.1,1047378
2023-10-05,LOFC.N0000,5.1,5.1,4.9,4.9,934341
2023-10-06,LOFC.N0000,5,5.1,4.9,4.9,419334
2023-10-09,LOFC.N0000,5,5,4.8,4.9,3165859
2023-10-10,LOFC.N0000,4.9,5,4.9,4.9,634498
2023-10-11,LOFC.N0000,4.9,5,4.7,4.8,3046025
2023-10-12,LOFC.N0000,4.8,4.9,4.8,4.9,635062
2023-10-13,LOFC.N0000,4.9,4.9,4.7,4.8,2162915
2023-10-16,LOFC.N0000,4.8,4.9,4.7,4.8,346813
2023-10-17,LOFC.N0000,4.7,4.8,4.6,4.7,1876217
2023-10-18,LOFC.N0000,4.7,4.8,4.6,4.7,1537973
2023-10-19,LOFC.N0000,4.6,4.7,4.5,4.7,1623127
2023-10-20,LOFC.N0000,4.6,4.9,4.6,4.8,1785339
2023-10-23,LOFC.N0000,4.9,5,4.7,4.8,1235611
2023-10-24,LOFC.N0000,4.8,4.8,4.6,4.8,1109791
2023-10-25,LOFC.N0000,4.8,4.8,4.6,4.7,1756425
2023-10-26,LOFC.N0000,4.7,4.8,4.6,4.6,1029833
2023-10-27,LOFC.N0000,4.6,4.7,4.6,4.7,2019336
2023-10-30,LOFC.N0000,4.7,4.8,4.6,4.7,640260
2023-10-31,LOFC.N0000,4.6,4.8,4.6,4.7,1426451
2023-11-01,LOFC.N0000,4.8,4.8,4.7,4.8,494955
2023-11-02,LOFC.N0000,4.8,4.8,4.6,4.8,475769
2023-11-03,LOFC.N0000,4.8,4.8,4.6,4.7,724042
2023-11-06,LOFC.N0000,4.6,4.7,4.6,4.6,370352
2023-11-07,LOFC.N0000,4.6,5.2,4.6,5,4296869
2023-11-08,LOFC.N0000,5.1,5.2,5,5,2389942
2023-11-09,LOFC.N0000,5,5,4.8,4.9,427782
2023-11-10,LOFC.N0000,5,5,4.8,4.9,410483
2023-11-13,LOFC.N0000,4.8,5,4.8,4.9,764893
2023-11-14,LOFC.N0000,4.8,4.9,4.8,4.9,1139732
2023-11-15,LOFC.N0000,4.9,4.9,4.7,4.8,436351
2023-11-16,LOFC.N0000,4.7,4.8,4.6,4.7,1302549
2023-11-17,LOFC.N0000,4.7,4.8,4.6,4.7,307173
2023-11-20,LOFC.N0000,4.7,4.7,4.6,4.7,596887
2023-11-21,LOFC.N0000,4.7,4.7,4.5,4.7,1953263
2023-11-22,LOFC.N0000,4.6,4.7,4.6,4.7,472338
2023-11-23,LOFC.N0000,4.7,4.7,4.5,4.6,615076
2023-11-24,LOFC.N0000,4.6,4.7,4.5,4.6,505542
2023-11-27,LOFC.N0000,4.6,4.7,4.5,4.6,723914
2023-11-28,LOFC.N0000,4.6,4.7,4.6,4.6,702972
2023-11-29,LOFC.N0000,4.6,4.7,4.6,4.6,1315650
2023-11-30,LOFC.N0000,4.6,4.8,4.6,4.6,821615
2023-12-01,LOFC.N0000,4.7,4.8,4.6,4.8,765201
2023-12-04,LOFC.N0000,4.7,4.8,4.6,4.8,468506
2023-12-05,LOFC.N0000,4.8,4.8,4.6,4.6,585277
2023-12-06,LOFC.N0000,4.7,4.7,4.5,4.6,1807231
2023-12-07,LOFC.N0000,4.7,4.7,4.5,4.6,463148
2023-12-08,LOFC.N0000,4.6,4.7,4.5,4.6,986334
2023-12-11,LOFC.N0000,4.6,4.7,4.5,4.5,1355550
2023-12-12,LOFC.N0000,4.6,4.7,4.5,4.6,518034
2023-12-13,LOFC.N0000,4.6,4.7,4.5,4.6,949775
2023-12-14,LOFC.N0000,4.6,4.6,4.5,4.6,557119
2023-12-15,LOFC.N0000,4.6,4.6,4.5,4.5,987279
2023-12-18,LOFC.N0000,4.6,4.6,4.4,4.4,2268819
2023-12-19,LOFC.N0000,4.6,4.6,4.4,4.5,413269
2023-12-20,LOFC.N0000,4.5,4.5,4.4,4.5,653812
2023-12-21,LOFC.N0000,4.5,4.5,4.4,4.4,797976
2023-12-22,LOFC.N0000,4.4,4.5,4.4,4.4,800588
2023-12-27,LOFC.N0000,4.4,4.5,4.4,4.5,387131
2023-12-28,LOFC.N0000,4.5,4.5,4.4,4.4,690013
2023-12-29,LOFC.N0000,4.4,4.7,4.4,4.7,1409343
2024-01-02,LOFC.N0000,4.6,4.7,4.5,4.6,648229
2024-01-03,LOFC.N0000,4.6,4.7,4.5,4.6,948401
2024-01-04,LOFC.N0000,4.7,4.7,4.5,4.7,970909
2024-01-05,LOFC.N0000,4.6,4.6,4.5,4.6,1014687
2024-01-08,LOFC.N0000,4.5,4.7,4.5,4.6,374628
2024-01-09,LOFC.N0000,4.6,4.9,4.6,4.9,3306987
2024-01-10,LOFC.N0000,4.9,5.1,4.8,4.9,2085405
2024-01-11,LOFC.N0000,4.9,5,4.8,4.8,675173
2024-01-12,LOFC.N0000,4.8,4.9,4.6,4.7,1221891
2024-01-16,LOFC.N0000,4.6,4.8,4.6,4.7,1172432
2024-01-17,LOFC.N0000,4.7,4.7,4.6,4.6,1659065
2024-01-18,LOFC.N0000,4.5,4.7,4.5,4.6,1547767
2024-01-19,LOFC.N0000,4.5,4.7,4.5,4.6,762022
2024-01-22,LOFC.N0000,4.6,4.6,4.4,4.5,1043327
2024-01-23,LOFC.N0000,4.4,4.5,4.3,4.4,613977
2024-01-24,LOFC.N0000,4.4,4.4,4.2,4.3,2231777
2024-01-26,LOFC.N0000,4.3,4.4,4.2,4.3,1306376
2024-01-29,LOFC.N0000,4.2,4.3,4.1,4.2,437784
2024-01-30,LOFC.N0000,4.2,4.3,4.1,4.1,822311
2024-01-31,LOFC.N0000,4.2,4.3,4.1,4.2,1124116
2024-02-01,LOFC.N0000,4.2,4.2,4.1,4.2,736409
2024-02-02,LOFC.N0000,4.2,4.3,4.1,4.2,1365448
2024-02-06,LOFC.N0000,4.2,4.4,4.2,4.3,1535212
2024-02-07,LOFC.N0000,4.3,4.3,4.2,4.2,160522
2024-02-08,LOFC.N0000,4.3,4.3,4.2,4.3,648578
2024-02-09,LOFC.N0000,4.3,4.3,4.1,4.2,1444330
2024-02-12,LOFC.N0000,4.3,4.3,4.1,4.1,387045
2024-02-13,LOFC.N0000,4.3,4.3,4.1,4.2,302679
2024-02-14,LOFC.N0000,4.1,4.2,4.1,4.1,1163165
2024-02-15,LOFC.N0000,4.3,4.3,4.1,4.2,620495
2024-02-16,LOFC.N0000,4.1,4.3,4.1,4.2,722786
2024-02-19,LOFC.N0000,4.2,4.2,4.1,4.2,754286
2024-02-20,LOFC.N0000,4.2,4.2,4,4.1,2893543
2024-02-21,LOFC.N0000,4.2,4.2,4,4.1,949103
2024-02-22,LOFC.N0000,4.1,4.1,4,4.1,1146143
2024-02-26,LOFC.N0000,4.1,4.1,4,4.1,1207352
2024-02-27,LOFC.N0000,4,4.1,4,4,3661971
2024-02-28,LOFC.N0000,4,4.1,4,4.1,1265527
2024-02-29,LOFC.N0000,4.1,4.1,3.9,4,1946178
2024-03-01,LOFC.N0000,4,4.4,4,4.4,4119334
2024-03-04,LOFC.N0000,4.4,4.9,4.4,4.7,17403558
2024-03-05,LOFC.N0000,4.7,4.8,4.5,4.7,3917422
2024-03-06,LOFC.N0000,4.7,4.9,4.5,4.8,7557436
2024-03-07,LOFC.N0000,4.8,5.7,4.7,5.7,28069035
2024-03-11,LOFC.N0000,5.7,6.1,5.6,5.8,28699146
2024-03-12,LOFC.N0000,5.8,6,5.5,5.9,15247620
2024-03-13,LOFC.N0000,5.9,6.2,5.8,6,14986467
2024-03-14,LOFC.N0000,6,6.1,5.6,5.7,7403188
2024-03-15,LOFC.N0000,5.7,5.8,5.6,5.7,4351899
2024-03-18,LOFC.N0000,5.6,5.8,5.4,5.5,6176263
2024-03-19,LOFC.N0000,5.6,5.8,5.4,5.5,10282453
2024-03-20,LOFC.N0000,5.5,5.7,5.4,5.5,4292984
2024-03-21,LOFC.N0000,5.5,5.5,5.3,5.4,2020105
2024-03-22,LOFC.N0000,5.3,5.6,5.3,5.4,1547104
2024-03-25,LOFC.N0000,5.6,5.6,5.3,5.4,1740862
2024-03-26,LOFC.N0000,5.4,5.8,5.4,5.8,9044080
2024-03-27,LOFC.N0000,5.8,5.9,5.7,5.8,7226136
2024-03-28,LOFC.N0000,5.8,5.9,5.4,5.6,7771367
2024-04-01,LOFC.N0000,5.5,5.6,5.3,5.5,1763053
2024-04-02,LOFC.N0000,5.5,5.6,5.2,5.3,3668714
2024-04-03,LOFC.N0000,5.4,5.5,5.3,5.4,1682359
2024-04-04,LOFC.N0000,5.4,5.5,5.3,5.4,1928405
2024-04-05,LOFC.N0000,5.4,5.6,5.3,5.5,3913594
2024-04-08,LOFC.N0000,5.6,5.8,5.5,5.6,5931737
2024-04-09,LOFC.N0000,5.7,5.8,5.5,5.6,4026400
2024-04-10,LOFC.N0000,5.6,5.9,5.5,5.9,4952150
2024-04-15,LOFC.N0000,5.9,6.2,5.7,6.1,27016462
2024-04-16,LOFC.N0000,6.1,6.1,5.8,6,10973956
2024-04-17,LOFC.N0000,5.9,6.1,5.8,6.1,5547869
2024-04-18,LOFC.N0000,6.1,6.2,5.9,6.2,8036641
2024-04-19,LOFC.N0000,5.9,6.5,5.9,6.3,27047967
2024-04-22,LOFC.N0000,6.4,7.2,6.4,7.2,33908638
2024-04-24,LOFC.N0000,7.1,7.5,6.9,7.3,44040060
2024-04-25,LOFC.N0000,7.4,7.4,7,7.2,25197209
2024-04-26,LOFC.N0000,7.2,7.5,7.1,7.2,22399080
2024-04-29,LOFC.N0000,7.2,7.3,6.9,7,4794659
2024-04-30,LOFC.N0000,7,7.1,6.8,7,5851339
2024-05-02,LOFC.N0000,7,7.2,7,7,3143364
2024-05-03,LOFC.N0000,7,7.1,6.9,7.1,2199541
2024-05-06,LOFC.N0000,7.1,7.5,7,7.4,17337010
2024-05-07,LOFC.N0000,7.4,7.5,7.3,7.4,5305493
2024-05-08,LOFC.N0000,7.4,7.4,7,7.1,7481773
2024-05-09,LOFC.N0000,7.1,7.2,6.9,7.2,6905744
2024-05-10,LOFC.N0000,7.2,7.3,7.1,7.1,5847169
2024-05-13,LOFC.N0000,7.2,7.2,6.9,7,5135825
2024-05-14,LOFC.N0000,7,7.1,6.6,6.7,7663284
2024-05-15,LOFC.N0000,6.8,7,6.5,6.5,9011587
2024-05-16,LOFC.N0000,6.6,6.8,6.5,6.5,3049807
2024-05-17,LOFC.N0000,6.6,6.7,6.5,6.7,779519
2024-05-20,LOFC.N0000,6.7,6.7,6.3,6.4,3980742
2024-05-21,LOFC.N0000,6.4,6.5,6.1,6.5,7686082
2024-05-22,LOFC.N0000,6.5,6.8,6.5,6.8,5805139
2024-05-27,LOFC.N0000,6.7,6.8,6.6,6.7,1428013
2024-05-28,LOFC.N0000,6.6,6.7,6.4,6.5,2389760
2024-05-29,LOFC.N0000,6.6,6.6,6.4,6.4,1061018
2024-05-30,LOFC.N0000,6.5,6.6,6.3,6.5,1881906
2024-05-31,LOFC.N0000,6.5,6.5,6.3,6.5,6415425
2024-06-03,LOFC.N0000,6.5,6.5,6.2,6.4,1517849
2024-06-04,LOFC.N0000,6.4,6.6,6.3,6.5,3605903
2024-06-05,LOFC.N0000,6.6,6.6,6.4,6.6,2034231
2024-06-06,LOFC.N0000,6.6,6.7,6.5,6.6,2879066
2024-06-07,LOFC.N0000,6.7,6.7,6.5,6.5,920396
2024-06-10,LOFC.N0000,6.6,6.7,6.5,6.6,2902073
2024-06-11,LOFC.N0000,6.6,6.8,6.5,6.5,7035569
2024-06-12,LOFC.N0000,6.6,6.7,6.5,6.7,2545855
2024-06-13,LOFC.N0000,6.6,6.7,6.5,6.6,742719
2024-06-14,LOFC.N0000,6.6,6.6,6.3,6.5,1343156
2024-06-18,LOFC.N0000,6.4,6.5,6.3,6.5,847497
2024-06-19,LOFC.N0000,6.5,6.5,6.3,6.5,1550522
2024-06-20,LOFC.N0000,6.4,6.5,6.3,6.4,490491
2024-06-24,LOFC.N0000,6.3,6.5,6.2,6.4,1685506
2024-06-25,LOFC.N0000,6.4,6.4,6.2,6.2,1158759
2024-06-26,LOFC.N0000,6.3,6.3,6.1,6.3,540416
2024-06-27,LOFC.N0000,6.2,6.3,6,6.1,1432355
2024-06-28,LOFC.N0000,6.1,6.3,6.1,6.2,805772
2024-07-01,LOFC.N0000,6.1,6.2,6,6.2,1222471
2024-07-02,LOFC.N0000,6.1,6.2,6,6.1,373011
2024-07-03,LOFC.N0000,6,6.2,5.9,6,1194252
2024-07-04,LOFC.N0000,6,6.1,5.8,6.1,2445508
2024-07-05,LOFC.N0000,6.1,6.1,5.9,6,657130
2024-07-08,LOFC.N0000,6,6.1,5.7,5.7,4289084
2024-07-09,LOFC.N0000,5.8,5.9,5.6,5.7,1958694
2024-07-10,LOFC.N0000,5.7,5.9,5.7,5.9,2008606
2024-07-11,LOFC.N0000,5.9,5.9,5.7,5.9,1976236
2024-07-12,LOFC.N0000,5.9,6.1,5.8,6.1,2938856
2024-07-15,LOFC.N0000,6.1,6.2,6,6.2,3782873
2024-07-16,LOFC.N0000,6.2,6.4,6.1,6.2,3613013
2024-07-17,LOFC.N0000,6.1,6.3,6,6.2,2662061
2024-07-18,LOFC.N0000,6.2,6.2,6,6.2,1580351
2024-07-19,LOFC.N0000,6.1,6.2,5.9,6.1,1266230
2024-07-22,LOFC.N0000,5.9,6,5.8,6,2550547
2024-07-23,LOFC.N0000,6,6.2,5.9,6.1,2159633
2024-07-24,LOFC.N0000,6,6.2,6,6.2,1606501
2024-07-25,LOFC.N0000,6.1,6.2,5.9,6.1,364630
2024-07-26,LOFC.N0000,6.1,6.1,5.9,6,876764
2024-07-29,LOFC.N0000,6,6,5.9,6,154545
2024-07-30,LOFC.N0000,6,6,5.7,5.9,3770495
2024-07-31,LOFC.N0000,5.8,5.9,5.6,5.6,2469057
2024-08-01,LOFC.N0000,5.7,5.9,5.6,5.6,1202606
2024-08-02,LOFC.N0000,5.6,5.8,5.6,5.6,579095
2024-08-05,LOFC.N0000,5.6,5.7,5.4,5.5,3220185
2024-08-06,LOFC.N0000,5.5,5.6,5.4,5.5,745694
2024-08-07,LOFC.N0000,5.5,5.5,5.4,5.5,147885
2024-08-08,LOFC.N0000,5.5,5.6,5.4,5.5,1254589
2024-08-09,LOFC.N0000,5.5,5.6,5.5,5.6,114002
2024-08-12,LOFC.N0000,5.5,5.6,5.5,5.5,392383
2024-08-13,LOFC.N0000,5.5,5.7,5.4,5.6,1983650
2024-08-14,LOFC.N0000,5.7,5.8,5.6,5.7,1420443
2024-08-15,LOFC.N0000,5.7,5.9,5.7,5.8,1598758
2024-08-16,LOFC.N0000,5.8,5.8,5.6,5.8,228878
2024-08-20,LOFC.N0000,5.7,5.8,5.5,5.6,1586424
2024-08-21,LOFC.N0000,5.6,5.6,5.5,5.5,138586
2024-08-22,LOFC.N0000,5.5,5.6,5.4,5.5,1254453
2024-08-23,LOFC.N0000,5.6,5.6,5.4,5.5,104449
2024-08-26,LOFC.N0000,5.4,5.5,5.2,5.3,1784957
2024-08-27,LOFC.N0000,5.3,5.3,5.1,5.2,1353054
2024-08-28,LOFC.N0000,5.2,5.3,5,5.1,2001485
2024-08-29,LOFC.N0000,5.2,5.2,5,5.1,741225
2024-08-30,LOFC.N0000,5,5.1,5,5,2188576
2024-09-02,LOFC.N0000,5,5.1,4.8,4.9,3737412
2024-09-03,LOFC.N0000,5,5,4.8,4.9,3399335
2024-09-04,LOFC.N0000,4.9,5.3,4.9,5.3,2365428
2024-09-05,LOFC.N0000,5.4,5.4,5,5.1,2997472
2024-09-06,LOFC.N0000,5,5.2,5,5.1,113788
2024-09-09,LOFC.N0000,5.1,5.2,4.9,5.1,605802
2024-09-10,LOFC.N0000,5,5.1,4.9,5,781121
2024-09-11,LOFC.N0000,4.9,5.1,4.9,5,967069
2024-09-12,LOFC.N0000,5.1,5.1,5,5.1,879157
2024-09-13,LOFC.N0000,5.1,5.2,5,5.1,7572094
2024-09-18,LOFC.N0000,5.2,5.4,5.1,5.2,4353874
2024-09-19,LOFC.N0000,5.2,5.5,5.2,5.5,5972206
2024-09-20,LOFC.N0000,5.5,5.6,5.3,5.5,6989040
2024-09-23,LOFC.N0000,5.6,5.8,5.2,5.6,9902002
2024-09-24,LOFC.N0000,5.6,5.8,5.6,5.7,4348407
2024-09-25,LOFC.N0000,5.7,6.4,5.7,6.4,17617902
2024-09-26,LOFC.N0000,6.4,6.7,6.1,6.4,22642415
2024-09-27,LOFC.N0000,6.4,6.4,6.1,6.4,10217258
2024-09-30,LOFC.N0000,6.4,6.5,6.3,6.4,10031588
2024-10-01,LOFC.N0000,6.4,6.4,6.2,6.4,2912079
2024-10-02,LOFC.N0000,6.3,6.4,6.1,6.2,2684359
2024-10-03,LOFC.N0000,6.3,6.3,6,6.1,2907719
2024-10-04,LOFC.N0000,6.1,6.3,6,6.2,2753378
2024-10-07,LOFC.N0000,6.2,6.3,6,6.1,2529646
2024-10-08,LOFC.N0000,6,6.1,6,6,1724120
2024-10-09,LOFC.N0000,6,6.1,5.9,6,3558046
2024-10-10,LOFC.N0000,6,6,5.8,6,2040694
2024-10-11,LOFC.N0000,6,6.2,5.9,6.1,6265910
2024-10-14,LOFC.N0000,6.1,6.1,6,6.1,768469
2024-10-15,LOFC.N0000,6,6.2,6,6.1,2279010
2024-10-16,LOFC.N0000,6.1,6.2,6,6.2,1957746
2024-10-18,LOFC.N0000,6.1,6.2,6,6.1,2888708
2024-10-21,LOFC.N0000,6,6.1,6,6.1,1693952
2024-10-22,LOFC.N0000,6,6.1,5.9,6,2781618
2024-10-23,LOFC.N0000,6,6.1,5.9,5.9,2819444
2024-10-24,LOFC.N0000,6.1,6.1,5.9,6,1996099
2024-10-25,LOFC.N0000,6,6.2,6,6.1,2564179
2024-10-28,LOFC.N0000,6.1,6.5,6.1,6.4,13032132
2024-10-29,LOFC.N0000,6.5,6.6,6.2,6.3,3979782
2024-10-30,LOFC.N0000,6.3,6.4,6.2,6.2,1808918
2024-11-01,LOFC.N0000,6.3,6.4,6.1,6.3,6010523
2024-11-04,LOFC.N0000,6.3,6.4,6.2,6.3,1494376
2024-11-05,LOFC.N0000,6.3,6.4,6.2,6.3,2917215
2024-11-06,LOFC.N0000,6.3,6.3,6.1,6.3,1499370
2024-11-07,LOFC.N0000,6.2,6.4,6.1,6.2,4238508
2024-11-08,LOFC.N0000,6.2,6.3,6.2,6.2,463922
2024-11-11,LOFC.N0000,6.3,6.3,6.2,6.3,2484987
2024-11-12,LOFC.N0000,6.2,6.5,6.2,6.5,7182098
2024-11-13,LOFC.N0000,6.5,6.6,6.4,6.5,4056205
2024-11-14,LOFC.N0000,6.6,6.7,6.4,6.6,2893686
2024-11-18,LOFC.N0000,6.4,6.7,6.4,6.4,7529117
2024-11-19,LOFC.N0000,6.4,6.5,6.2,6.3,2059593
2024-11-20,LOFC.N0000,6.3,6.3,6,6.2,2983484
2024-11-21,LOFC.N0000,6.1,6.2,6,6.2,3561603
2024-11-22,LOFC.N0000,6.1,6.2,6,6,3546105
2024-11-25,LOFC.N0000,6,6.1,5.8,5.9,2733501
2024-11-26,LOFC.N0000,5.8,6.1,5.8,5.9,1142841
2024-11-27,LOFC.N0000,6,6.1,5.9,6,1187688
2024-11-28,LOFC.N0000,6,6.2,5.9,6,2812889
2024-11-29,LOFC.N0000,5.9,6,5.8,5.9,4201208
2024-12-02,LOFC.N0000,6,6.1,5.9,6,1444811
2024-12-03,LOFC.N0000,5.9,6,5.9,6,1429657
2024-12-04,LOFC.N0000,5.9,6.1,5.9,6,3136543
2024-12-05,LOFC.N0000,6,6.1,5.9,6.1,3356573
2024-12-06,LOFC.N0000,5.9,6.2,5.9,6.2,3757585
2024-12-09,LOFC.N0000,6.1,6.2,6,6.2,4416009
2024-12-10,LOFC.N0000,6.2,6.8,6.2,6.8,24374554
2024-12-11,LOFC.N0000,6.8,6.9,6.5,6.6,21748489
2024-12-12,LOFC.N0000,6.6,6.7,6.3,6.4,5859032
2024-12-13,LOFC.N0000,6.4,6.7,6.3,6.5,2181104
2024-12-16,LOFC.N0000,6.6,6.7,6.5,6.7,4611690
2024-12-17,LOFC.N0000,6.7,6.8,6.4,6.5,7067908
2024-12-18,LOFC.N0000,6.5,6.6,6.4,6.6,3172831
2024-12-19,LOFC.N0000,6.6,6.8,6.5,6.6,5310363
2024-12-20,LOFC.N0000,6.6,6.7,6.4,6.6,4709327
2024-12-23,LOFC.N0000,6.5,7,6.5,6.8,21638440
2024-12-24,LOFC.N0000,6.8,6.9,6.6,6.8,8023512
2024-12-26,LOFC.N0000,6.9,7.1,6.8,7,18551012
2024-12-27,LOFC.N0000,7,7.1,6.7,6.8,16416913
2024-12-30,LOFC.N0000,6.8,6.9,6.6,6.8,5468588
2024-12-31,LOFC.N0000,6.8,6.8,6.6,6.7,4870224
2025-01-02,LOFC.N0000,6.6,7.4,6.6,7.3,59559856
2025-01-03,LOFC.N0000,7.3,7.4,6.8,7,23918995
2025-01-06,LOFC.N0000,7,7.2,6.6,6.9,9481396
2025-01-07,LOFC.N0000,6.8,6.9,6.7,6.8,5465623
2025-01-08,LOFC.N0000,6.7,6.9,6.6,6.8,3269673
2025-01-09,LOFC.N0000,6.8,6.8,6.5,6.6,3468611
2025-01-10,LOFC.N0000,6.5,6.8,6.5,6.7,5043658
2025-01-15,LOFC.N0000,6.8,6.9,6.7,6.8,2097420
2025-01-16,LOFC.N0000,6.9,6.9,6.7,6.8,6109955
2025-01-17,LOFC.N0000,6.8,6.8,6.5,6.5,11563400
2025-01-20,LOFC.N0000,6.5,6.7,6.4,6.6,6064123
2025-01-21,LOFC.N0000,6.6,6.7,6.4,6.6,11214516
2025-01-22,LOFC.N0000,6.6,6.9,6.5,6.8,18585482
2025-01-23,LOFC.N0000,6.8,7,6.8,6.8,14810841
2025-01-24,LOFC.N0000,6.9,6.9,6.6,6.7,8728781
2025-01-27,LOFC.N0000,6.8,6.8,6.6,6.7,2780556
2025-01-28,LOFC.N0000,6.8,7.1,6.6,7,17598444
2025-01-29,LOFC.N0000,7,7.1,6.8,7,15077336
2025-01-30,LOFC.N0000,7,7.1,6.7,6.7,11392829
2025-01-31,LOFC.N0000,6.9,7,6.7,6.9,3232423
2025-02-03,LOFC.N0000,6.9,7,6.7,6.8,3394062
2025-02-05,LOFC.N0000,6.9,6.9,6.4,6.4,10775487
2025-02-06,LOFC.N0000,6.5,6.7,6.4,6.4,6397443
2025-02-07,LOFC.N0000,6.5,6.6,6.4,6.6,3366149
2025-02-10,LOFC.N0000,6.6,6.6,6.4,6.5,1519354
2025-02-11,LOFC.N0000,6.6,6.6,6.4,6.5,2603160
2025-02-13,LOFC.N0000,6.4,6.6,6.4,6.5,934027
2025-02-14,LOFC.N0000,6.5,6.6,6.4,6.5,3218549
2025-02-17,LOFC.N0000,6.6,6.7,6.4,6.6,4345416
2025-02-18,LOFC.N0000,6.7,6.7,6.5,6.6,1240154
2025-02-19,LOFC.N0000,6.6,6.6,6.4,6.5,1161984
2025-02-20,LOFC.N0000,6.5,6.6,6.2,6.4,4566861
2025-02-21,LOFC.N0000,6.3,6.5,6.3,6.3,2276351
2025-02-24,LOFC.N0000,6.2,6.3,6,6.1,4712049
2025-02-25,LOFC.N0000,6.1,6.2,6,6.1,1371840
2025-02-27,LOFC.N0000,6,6.2,6,6.1,528181
2025-02-28,LOFC.N0000,6.1,6.2,6,6.1,1018508
2025-03-03,LOFC.N0000,6.2,6.2,6,6.1,1509678
2025-03-04,LOFC.N0000,6,6.1,5.8,6,3334771
2025-03-05,LOFC.N0000,5.9,6.2,5.9,6.1,1230048
2025-03-06,LOFC.N0000,6.1,6.2,6,6,778499
2025-03-07,LOFC.N0000,6.1,6.1,5.9,6,539769
2025-03-10,LOFC.N0000,6,6.1,5.9,5.9,427832
2025-03-11,LOFC.N0000,5.9,6,5.8,5.8,3883600
2025-03-12,LOFC.N0000,5.9,6,5.8,5.9,498010
2025-03-14,LOFC.N0000,6,6,5.8,5.8,477428
2025-03-17,LOFC.N0000,5.9,5.9,5.7,5.7,531495
2025-03-18,LOFC.N0000,5.7,5.8,5.5,5.6,3752144
2025-03-19,LOFC.N0000,5.6,5.8,5.6,5.7,926619
2025-03-20,LOFC.N0000,5.7,5.9,5.6,5.9,706244
2025-03-21,LOFC.N0000,5.9,6,5.8,5.9,1253504
2025-03-24,LOFC.N0000,5.9,6,5.8,5.9,522398
2025-03-25,LOFC.N0000,6,6.1,5.9,6.1,1719910
2025-03-26,LOFC.N0000,6.2,6.2,5.9,6.1,622228
2025-03-27,LOFC.N0000,6.1,6.1,5.9,6,569757
2025-03-28,LOFC.N0000,6,6.1,5.9,6,1262229
2025-04-01,LOFC.N0000,6,6.1,5.9,6,1570982
2025-04-02,LOFC.N0000,6,6.2,6,6,430542
2025-04-03,LOFC.N0000,6,6,5.8,5.9,4009152
2025-04-04,LOFC.N0000,5.8,5.9,5.7,5.8,2141708
2025-04-07,LOFC.N0000,5.7,5.8,5.4,5.5,5030634
2025-04-08,LOFC.N0000,5.5,5.9,5.5,5.9,1464226
2025-04-09,LOFC.N0000,5.9,5.9,5.6,5.7,1318437
2025-04-10,LOFC.N0000,5.9,6,5.8,5.9,3538904
2025-04-11,LOFC.N0000,5.8,5.9,5.7,5.8,712491
2025-04-16,LOFC.N0000,5.8,6,5.8,6,1416153
2025-04-17,LOFC.N0000,5.9,6,5.8,6,539659
2025-04-21,LOFC.N0000,5.9,6.1,5.9,6,1734527
2025-04-22,LOFC.N0000,6.1,6.1,5.9,6,804105
2025-04-23,LOFC.N0000,6,6.1,6,6,288693
2025-04-24,LOFC.N0000,6.1,6.1,6,6.1,299306
2025-04-25,LOFC.N0000,6.1,6.2,6,6.2,1298013
2025-04-28,LOFC.N0000,6.1,6.3,6.1,6.1,2509483
2025-04-29,LOFC.N0000,6.2,6.3,6.1,6.2,1120388
2025-04-30,LOFC.N0000,6.1,6.2,6,6,1583392
2025-05-02,LOFC.N0000,6.1,6.2,6.1,6.1,627323
2025-05-05,LOFC.N0000,6.2,6.3,6,6.1,2320385
2025-05-06,LOFC.N0000,6.2,6.2,6.1,6.2,456035
2025-05-07,LOFC.N0000,6.2,6.2,6,6,1236810
2025-05-08,LOFC.N0000,6.1,6.1,5.9,6,3679775
2025-05-09,LOFC.N0000,6.1,6.1,5.8,6,4412412
2025-05-14,LOFC.N0000,6,6.1,5.9,6.1,2020014
2025-05-15,LOFC.N0000,6.1,6.1,5.9,6.1,1385519
2025-05-16,LOFC.N0000,6,6.1,5.9,6,1685220
2025-05-19,LOFC.N0000,6,6.1,5.9,6.1,2430821
2025-05-20,LOFC.N0000,6.1,6.1,5.9,5.9,219607
2025-05-21,LOFC.N0000,5.9,6.1,5.9,6.1,2790005
2025-05-22,LOFC.N0000,6.1,6.2,6.1,6.2,4169849
2025-05-23,LOFC.N0000,6.2,6.3,6.1,6.2,3814488
2025-05-26,LOFC.N0000,6.3,6.5,6.2,6.4,9952328
2025-05-27,LOFC.N0000,6.4,6.5,6.3,6.4,3896285
2025-05-28,LOFC.N0000,6.4,6.5,6.3,6.4,3579245
2025-05-29,LOFC.N0000,6.4,6.4,6.2,6.3,1497254
2025-05-30,LOFC.N0000,6.3,6.4,6.1,6.3,1419556
2025-06-02,LOFC.N0000,6.3,6.3,6,6.1,2868914
2025-06-03,LOFC.N0000,6.1,6.2,6,6.2,2634785
2025-06-04,LOFC.N0000,6.2,6.3,6.1,6.3,1960381
2025-06-05,LOFC.N0000,6.3,6.4,6.2,6.4,3781039
2025-06-06,LOFC.N0000,6.4,6.4,6.2,6.2,1643361
2025-06-09,LOFC.N0000,6.2,6.3,6.2,6.2,1020364
2025-06-11,LOFC.N0000,6.3,6.3,6.1,6.3,2220313
2025-06-12,LOFC.N0000,6.2,6.2,6,6.1,7009718
2025-06-13,LOFC.N0000,6,6.1,5.9,6,5994644
2025-06-16,LOFC.N0000,5.9,6,5.8,6,2768498
2025-06-17,LOFC.N0000,6,6,5.8,5.9,3119914
2025-06-18,LOFC.N0000,5.9,6,5.7,5.9,4183550
2025-06-19,LOFC.N0000,5.8,5.9,5.7,5.8,1988394
2025-06-20,LOFC.N0000,5.8,5.9,5.7,5.9,1357602
2025-06-23,LOFC.N0000,5.8,5.8,5.7,5.8,1524327
2025-06-24,LOFC.N0000,5.8,5.9,5.7,5.8,3026100
2025-06-25,LOFC.N0000,5.9,5.9,5.8,5.9,2372068
2025-06-26,LOFC.N0000,5.9,6,5.8,6,3591795
2025-06-27,LOFC.N0000,6,6,5.9,5.9,1473519
2025-06-30,LOFC.N0000,5.9,6.1,5.8,6,4164200
2025-07-01,LOFC.N0000,6,6.1,5.9,5.9,1062649
2025-07-02,LOFC.N0000,5.9,6,5.8,5.9,7515328
2025-07-03,LOFC.N0000,5.8,6,5.8,5.9,2691360
2025-07-04,LOFC.N0000,6,6,5.8,6,3806067
2025-07-07,LOFC.N0000,6,6,5.8,6,3134601
2025-07-08,LOFC.N0000,6,6,5.8,6,1651614
2025-07-09,LOFC.N0000,6,6.1,5.8,6,2168766
2025-07-11,LOFC.N0000,6,6.2,5.8,6,5959821
2025-07-14,LOFC.N0000,6,6.2,6,6.1,3553479
2025-07-15,LOFC.N0000,6.1,6.3,5.9,6.3,6720917
2025-07-16,LOFC.N0000,6.2,6.3,6.1,6.2,3945679
2025-07-17,LOFC.N0000,6.1,6.2,6,6.1,1525597
2025-07-18,LOFC.N0000,6,6.2,5.9,6,2621583
2025-07-21,LOFC.N0000,6,6.1,5.9,6.1,1385267
2025-07-22,LOFC.N0000,6.1,6.1,5.9,6,1288661
2025-07-23,LOFC.N0000,5.9,6.1,5.9,6.1,2522852
2025-07-24,LOFC.N0000,6.1,6.1,5.9,6,2275402
2025-07-25,LOFC.N0000,6,6.1,5.9,6,594594
2025-07-28,LOFC.N0000,6,6.1,5.9,6,2347396
2025-07-29,LOFC.N0000,6.1,6.1,5.9,6,1262562
2025-07-30,LOFC.N0000,6,6.1,5.9,6,3674210
2025-07-31,LOFC.N0000,6,6.1,5.9,6.1,2342292
2025-08-01,LOFC.N0000,6.1,6.1,5.9,6.1,3875979
2025-08-04,LOFC.N0000,6.1,6.1,6,6.1,1393392
2025-08-05,LOFC.N0000,6.1,6.1,6,6,813729
2025-08-06,LOFC.N0000,6.1,6.1,5.9,6,3007873
2025-08-07,LOFC.N0000,5.9,6.1,5.9,6,1185412
2025-08-11,LOFC.N0000,6,6.1,5.9,6,1693490
2025-08-12,LOFC.N0000,6,6.1,5.9,6,2108792
2025-08-13,LOFC.N0000,5.9,6,5.9,6,1393845
2025-08-14,LOFC.N0000,6,6.1,5.8,6,4159419
2025-08-15,LOFC.N0000,5.9,6,5.8,6,5004508
2025-08-18,LOFC.N0000,6,6.2,6,6.1,3568911
2025-08-19,LOFC.N0000,6,6.1,5.9,6,3282275
2025-08-20,LOFC.N0000,6,6.1,5.9,5.9,2377452
2025-08-21,LOFC.N0000,6,6,5.9,6,836918
2025-08-22,LOFC.N0000,5.9,6,5.9,6,2073640
2025-08-25,LOFC.N0000,5.9,6,5.9,6,1347096
2025-08-26,LOFC.N0000,6,6,5.8,5.9,2845295
2025-08-27,LOFC.N0000,5.9,6,5.8,5.9,1261050
2025-08-28,LOFC.N0000,5.9,6,5.8,5.9,1752094
2025-08-29,LOFC.N0000,5.9,6,5.8,6,4283733
2025-09-01,LOFC.N0000,6,6,5.9,6,1640994
2025-09-02,LOFC.N0000,6,6,5.8,6,3728427
2025-09-03,LOFC.N0000,5.9,6,5.8,6,2887304
2025-09-04,LOFC.N0000,5.9,6,5.8,5.9,2566600
2025-09-08,LOFC.N0000,5.9,6,5.8,5.9,3678451
2025-09-09,LOFC.N0000,6,6,5.8,5.9,2902681
2025-09-10,LOFC.N0000,5.8,6,5.8,5.9,4149464
2025-09-11,LOFC.N0000,6,6,5.8,5.9,1050362
2025-09-12,LOFC.N0000,5.9,5.9,5.8,5.9,465279
2025-09-15,LOFC.N0000,5.8,6,5.8,5.9,1790074
2025-09-16,LOFC.N0000,5.9,6,5.8,5.8,2717490
2025-09-17,LOFC.N0000,5.8,5.9,5.7,5.9,1545703
2025-09-18,LOFC.N0000,5.8,5.9,5.7,5.9,2383356
2025-09-19,LOFC.N0000,5.9,5.9,5.7,5.8,3937921
2025-09-22,LOFC.N0000,5.8,5.9,5.7,5.8,2078062
2025-09-23,LOFC.N0000,5.8,6,5.8,6,2655221
2025-09-24,LOFC.N0000,5.9,6,5.8,5.8,1718414
2025-09-25,LOFC.N0000,5.9,5.9,5.8,5.9,3298159
2025-09-26,LOFC.N0000,5.9,5.9,5.7,5.8,5032275
2025-09-29,LOFC.N0000,5.8,5.9,5.7,5.8,1710306
2025-09-30,LOFC.N0000,5.8,5.9,5.7,5.9,1705007
2025-10-01,LOFC.N0000,5.9,5.9,5.7,5.8,3002286
2025-10-02,LOFC.N0000,5.8,5.9,5.7,5.8,1112081
2025-10-03,LOFC.N0000,5.8,5.9,5.6,5.8,5825486
2025-10-07,LOFC.N0000,5.8,5.9,5.7,5.8,1769734
2025-10-08,LOFC.N0000,5.8,5.9,5.7,5.8,1815778
2025-10-09,LOFC.N0000,5.9,5.9,5.6,5.8,13040734
2025-10-10,LOFC.N0000,5.9,5.9,5.7,5.8,1399803
2025-10-13,LOFC.N0000,5.8,5.9,5.7,5.8,2605371
2025-10-14,LOFC.N0000,5.7,5.8,5.7,5.8,1380078
2025-10-15,LOFC.N0000,5.8,5.8,5.7,5.8,647433
2025-10-16,LOFC.N0000,5.7,5.9,5.7,5.9,3895080
2025-10-17,LOFC.N0000,5.8,5.9,5.7,5.8,2154258
2025-10-21,LOFC.N0000,5.8,5.9,5.7,5.9,4821289
2025-10-22,LOFC.N0000,5.8,5.9,5.7,5.8,3096170
2025-10-23,LOFC.N0000,5.7,6.8,5.7,6.8,30921332
2025-10-24,LOFC.N0000,6.8,7.2,6.6,6.7,53367415
2025-10-27,LOFC.N0000,6.8,6.9,6.6,6.7,5394894
2025-10-28,LOFC.N0000,6.7,6.7,6.4,6.5,7358212
2025-10-29,LOFC.N0000,6.5,6.5,6.2,6.3,4756324
2025-10-30,LOFC.N0000,6.4,6.4,6.2,6.4,2586786
2025-10-31,LOFC.N0000,6.3,6.4,6.2,6.3,3068374
2025-11-03,LOFC.N0000,6.4,6.4,6.2,6.3,1312316
2025-11-04,LOFC.N0000,6.3,6.4,6.2,6.3,1820916
2025-11-06,LOFC.N0000,6.2,6.3,6.1,6.2,2187194
2025-11-07,LOFC.N0000,6.1,6.4,6.1,6.3,2914376
2025-11-10,LOFC.N0000,6.3,6.7,6.2,6.6,19413789
2025-11-11,LOFC.N0000,6.7,6.8,6.3,6.4,7667287
2025-11-12,LOFC.N0000,6.4,6.6,6.2,6.6,5147370
2025-11-13,LOFC.N0000,6.6,6.6,6.3,6.4,1621263
2025-11-14,LOFC.N0000,6.4,6.6,6.3,6.5,5695433
2025-11-17,LOFC.N0000,6.5,6.6,6.3,6.5,3233900
2025-11-18,LOFC.N0000,6.5,6.6,6.3,6.4,4335396
2025-11-19,LOFC.N0000,6.4,6.4,6.3,6.3,1253456
2025-11-20,LOFC.N0000,6.4,6.4,6.2,6.4,2672063
2025-11-21,LOFC.N0000,6.2,6.4,6.2,6.4,3006443
2025-11-24,LOFC.N0000,6.4,6.4,6.1,6.2,2999948
2025-11-25,LOFC.N0000,6.2,6.3,6.1,6.3,3855204
2025-11-26,LOFC.N0000,6.3,6.4,6,6.2,2682944
2025-11-27,LOFC.N0000,6.2,6.2,6.1,6.2,861353
2025-11-28,LOFC.N0000,6.2,6.2,6,6.1,577671
2025-12-01,LOFC.N0000,5.8,6,5.8,5.9,3820519
2025-12-02,LOFC.N0000,5.8,6.1,5.8,6,2249818
2025-12-03,LOFC.N0000,6,6,5.7,5.8,1597528
2025-12-05,LOFC.N0000,5.8,5.9,5.5,5.7,8305370
2025-12-08,LOFC.N0000,5.6,5.8,5.6,5.7,966772
2025-12-09,LOFC.N0000,5.7,5.9,5.6,5.9,1319964
2025-12-10,LOFC.N0000,5.9,5.9,5.7,5.8,5203117
2025-12-11,LOFC.N0000,5.7,5.9,5.7,5.8,850725
2025-12-12,LOFC.N0000,5.8,5.8,5.7,5.8,698171
2025-12-15,LOFC.N0000,5.7,5.8,5.6,5.8,376768
2025-12-16,LOFC.N0000,5.7,5.8,5.6,5.8,976179
2025-12-17,LOFC.N0000,5.7,6.3,5.7,6.2,10207528
2025-12-18,LOFC.N0000,6.1,6.2,5.9,6,1815411
2025-12-19,LOFC.N0000,5.9,6,5.8,5.9,164728
2025-12-22,LOFC.N0000,5.9,6,5.7,5.8,2111097
2025-12-23,LOFC.N0000,5.9,5.9,5.7,5.8,1285954
2025-12-24,LOFC.N0000,5.7,5.9,5.7,5.9,1073637
2025-12-26,LOFC.N0000,5.8,5.9,5.8,5.9,253053
2025-12-29,LOFC.N0000,5.9,5.9,5.7,5.8,1472843
2025-12-30,LOFC.N0000,5.8,5.9,5.6,5.8,3673729
2025-12-31,LOFC.N0000,5.7,5.9,5.6,5.8,2200468
2026-01-02,LOFC.N0000,5.8,5.9,5.6,5.8,7110327
2026-01-05,LOFC.N0000,5.8,5.9,5.7,5.9,756325
2026-01-06,LOFC.N0000,5.9,5.9,5.7,5.9,888430
2026-01-07,LOFC.N0000,5.9,5.9,5.8,5.9,117897
2026-01-08,LOFC.N0000,5.8,5.9,5.7,5.9,1906627
2026-01-09,LOFC.N0000,5.9,6.4,5.7,6.2,14096999
2026-01-12,LOFC.N0000,6.3,6.4,6,6.1,5311300
2026-01-13,LOFC.N0000,6.2,6.2,6,6.2,2174067
2026-01-14,LOFC.N0000,6.2,6.2,6,6.1,2426209
2026-01-16,LOFC.N0000,6.1,6.2,6,6.2,2498886
2026-01-19,LOFC.N0000,6.1,6.2,5.9,6,1863768
2026-01-20,LOFC.N0000,6.1,6.1,5.9,6,617431
2026-01-21,LOFC.N0000,6,6.1,5.8,6,2112014
2026-01-22,LOFC.N0000,6,6.1,5.9,5.9,1351554
2026-01-23,LOFC.N0000,6,6.4,5.8,6.3,8388849
2026-01-26,LOFC.N0000,6.3,6.5,6.1,6.2,3369719
2026-01-27,LOFC.N0000,6.3,6.3,6,6.2,1592012
2026-01-28,LOFC.N0000,6.2,6.2,6,6.2,1640002
2026-01-29,LOFC.N0000,6.2,6.2,5.9,6.1,5325504
2026-01-30,LOFC.N0000,6,6.2,6,6.1,1702774
2026-02-02,LOFC.N0000,5.9,6.2,5.9,6,1870855
2026-02-03,LOFC.N0000,6,6.1,5.9,6,1539746
2026-02-05,LOFC.N0000,5.9,6,5.8,6,1325097
2026-02-06,LOFC.N0000,6,6,5.8,6,2472873
2026-02-09,LOFC.N0000,6,6,5.9,5.9,694783
2026-02-10,LOFC.N0000,6,6,5.9,6,374268
2026-02-11,LOFC.N0000,6,6,5.9,6,489622
2026-02-12,LOFC.N0000,5.9,6,5.8,5.9,937882
2026-02-13,LOFC.N0000,5.9,6,5.8,5.9,506359
2026-02-16,LOFC.N0000,5.9,5.9,5.8,5.9,2578532
2026-02-17,LOFC.N0000,5.8,5.9,5.8,5.9,264655
2026-02-18,LOFC.N0000,5.8,5.9,5.8,5.9,2357717
2026-02-19,LOFC.N0000,5.7,5.9,5.7,5.9,1892403
2026-02-20,LOFC.N0000,5.7,5.9,5.7,5.8,1135901
2026-02-23,LOFC.N0000,5.8,5.9,5.7,5.9,810293
2026-02-24,LOFC.N0000,5.9,5.9,5.7,5.9,1308546
2026-02-25,LOFC.N0000,5.9,5.9,5.7,5.9,1532095
2026-02-26,LOFC.N0000,5.8,5.9,5.7,5.9,759292
2026-02-27,LOFC.N0000,5.8,5.9,5.7,5.9,2082276
2026-03-03,LOFC.N0000,5.6,5.7,5.4,5.6,6277755
2026-03-04,LOFC.N0000,5.6,5.7,5.4,5.6,3581214
2026-03-05,LOFC.N0000,5.7,5.7,5.5,5.6,1490719
2026-03-06,LOFC.N0000,5.6,5.7,5.5,5.7,954551
2026-03-09,LOFC.N0000,5.5,5.5,5.4,5.5,3479100
2026-03-10,LOFC.N0000,5.5,5.7,5.5,5.6,1284002
2026-03-11,LOFC.N0000,5.6,5.7,5.5,5.6,943777
2026-03-12,LOFC.N0000,5.6,5.6,5.4,5.5,1464575
2026-03-13,LOFC.N0000,5.4,5.5,5.3,5.5,1225465
2026-03-16,LOFC.N0000,5.4,5.4,5.1,5.2,2533012
2026-03-17,LOFC.N0000,5.2,5.4,5,5.1,2107718
2026-03-18,LOFC.N0000,5.1,5.3,5,5.2,2310172
2026-03-19,LOFC.N0000,5.1,5.2,5,5.1,2194310
2026-03-20,LOFC.N0000,5.1,5.2,5,5.2,1088583
2026-03-23,LOFC.N0000,5.1,5.1,4.9,5.1,1629538
2026-03-24,LOFC.N0000,5.1,5.4,5.1,5.3,2783927
2026-03-25,LOFC.N0000,5.4,5.5,5.3,5.5,1207853
2026-03-26,LOFC.N0000,5.4,5.4,5.2,5.3,2051066
2026-03-27,LOFC.N0000,5.3,5.4,5.2,5.3,2021764
2026-03-30,LOFC.N0000,5.3,5.6,5.2,5.3,2977363
2026-03-31,LOFC.N0000,5.4,5.5,5.2,5.2,619244
2026-04-02,LOFC.N0000,5.4,5.4,5.2,5.3,414159
2026-04-06,LOFC.N0000,5.3,5.4,5.1,5.4,662498
2026-04-07,LOFC.N0000,5.2,5.4,5.2,5.4,501965
2026-04-08,LOFC.N0000,5.4,5.7,5.4,5.6,4767818
2026-04-09,LOFC.N0000,5.5,5.6,5.4,5.5,1686911
2026-04-10,LOFC.N0000,5.6,5.7,5.4,5.6,2239932
2026-04-15,LOFC.N0000,5.5,5.7,5.5,5.6,502084
2026-04-16,LOFC.N0000,5.6,5.6,5.5,5.5,1850376
2026-04-17,LOFC.N0000,5.6,5.8,5.5,5.6,3799682
2026-04-20,LOFC.N0000,5.7,5.8,5.6,5.7,1832852
2026-04-21,LOFC.N0000,5.7,5.7,5.5,5.6,455059
2026-04-22,LOFC.N0000,5.6,5.7,5.5,5.6,453016
2026-04-23,LOFC.N0000,5.6,5.7,5.5,5.5,1042854
2026-04-24,LOFC.N0000,5.5,5.6,5.5,5.6,514895
2026-04-27,LOFC.N0000,5.6,5.6,5.5,5.6,528148
2026-04-28,LOFC.N0000,5.6,5.6,5.5,5.5,1231627
2026-04-29,LOFC.N0000,5.5,5.6,5.5,5.6,301524
2026-04-30,LOFC.N0000,5.5,5.6,5.4,5.5,348110
2026-05-04,LOFC.N0000,5.5,5.7,5.5,5.7,490612
2026-05-05,LOFC.N0000,5.6,5.7,5.5,5.5,429988
2026-05-06,LOFC.N0000,5.5,5.6,5.5,5.5,1554581
2026-05-07,LOFC.N0000,5.6,5.7,5.5,5.6,634500
2026-05-08,LOFC.N0000,5.6,5.7,5.5,5.6,1802955
2026-05-11,LOFC.N0000,5.6,5.7,5.5,5.6,214615
2026-05-12,LOFC.N0000,5.6,5.7,5.5,5.7,294314
2026-05-13,LOFC.N0000,5.7,5.7,5.5,5.6,330890
2026-05-14,LOFC.N0000,5.5,5.6,5.5,5.6,295960
2026-05-15,LOFC.N0000,5.6,5.6,5.5,5.6,598489
2026-05-18,LOFC.N0000,5.5,5.5,5.3,5.3,1550463
2026-05-19,LOFC.N0000,5.4,5.5,5.3,5.3,449228
2026-05-20,LOFC.N0000,5.4,5.5,5.3,5.4,1720830
2026-05-21,LOFC.N0000,5.4,5.6,5.2,5.3,899678
2026-05-22,LOFC.N0000,5.4,5.5,5.3,5.4,750537
2026-05-25,LOFC.N0000,5.4,5.7,5.4,5.6,1634791
2026-05-26,LOFC.N0000,5.5,5.5,5.3,5.4,1503938
2026-05-27,LOFC.N0000,5.4,5.5,5.4,5.5,381754
2026-05-29,LOFC.N0000,5.6,5.6,5.4,5.5,616018
2026-06-01,LOFC.N0000,5.5,5.6,5.4,5.4,286542
2026-06-02,LOFC.N0000,5.4,5.5,5.3,5.4,852105
2026-06-03,LOFC.N0000,5.4,5.5,5.3,5.3,584825
2026-06-04,LOFC.N0000,5.3,5.4,5.3,5.4,1287431
2026-06-05,LOFC.N0000,5.3,5.4,5.2,5.4,652526
2026-06-08,LOFC.N0000,5.3,5.4,5.2,5.4,644059
2026-06-09,LOFC.N0000,5.5,5.5,5.2,5.3,176327
2026-06-10,LOFC.N0000,5.2,5.4,5.2,5.3,646832
2026-06-11,LOFC.N0000,5.4,5.4,5.2,5.3,88108
2026-06-12,LOFC.N0000,5.2,5.4,5.2,5.3,663624
2026-06-15,LOFC.N0000,5.4,5.5,5.4,5.5,574774
2026-06-16,LOFC.N0000,5.5,5.5,5.4,5.4,2056722
2026-06-17,LOFC.N0000,5.5,5.5,5.3,5.4,306081
2026-06-18,LOFC.N0000,5.4,5.5,5.3,5.4,400627
2026-06-19,LOFC.N0000,5.4,5.5,5.3,5.4,2938091
2026-06-22,LOFC.N0000,5.3,5.4,5.3,5.4,110131
2026-06-23,LOFC.N0000,5.3,5.4,5.2,5.2,400318
2026-06-24,LOFC.N0000,5.2,5.3,5.2,5.3,832107
2026-06-25,LOFC.N0000,5.3,5.3,5.2,5.3,269624
2026-06-26,LOFC.N0000,5.3,5.3,5.2,5.3,193748
2026-06-30,LOFC.N0000,5.2,5.3,5.1,5.2,1612348
2026-07-01,LOFC.N0000,5.1,5.3,5.1,5.3,398464
2026-07-02,LOFC.N0000,5.2,5.3,5.1,5.3,559525
2026-07-03,LOFC.N0000,5.2,5.3,5.2,5.2,406315
2026-07-06,LOFC.N0000,5.2,5.3,5.2,5.3,606087
2026-07-07,LOFC.N0000,5.2,5.3,5.1,5.1,560888
2026-07-08,LOFC.N0000,5.2,5.2,5,5.2,3975858
2026-07-09,LOFC.N0000,5.2,5.2,5,5.1,865613
2026-07-10,LOFC.N0000,5,5.2,5,5.2,391889
2026-07-13,LOFC.N0000,5.2,5.2,4.9,5,2424819
2026-07-14,LOFC.N0000,5,5,4.9,5,824459
2026-07-15,LOFC.N0000,5,5.1,4.9,5.1,1015724
2026-07-16,LOFC.N0000,5.1,5.1,4.9,5,290467
2026-07-17,LOFC.N0000,5,5.1,4.9,5,1204236
2026-07-20,LOFC.N0000,5,5.1,4.9,5,1741369
2026-07-21,LOFC.N0000,5,5,4.9,5,957321
2026-07-22,LOFC.N0000,5,5,4.9,5,1153996
2026-07-23,LOFC.N0000,4.9,5,4.9,4.9,175752
2026-07-24,LOFC.N0000,5.4,5.7,5.2,5.4,11781431
2026-07-27,LOFC.N0000,5.4,5.6,5.3,5.4,1473884
