date,ticker,open,high,low,close,volume
2012-02-22,LOLC.N0000,59.900002,60,56,59.900002,115500
2012-02-23,LOLC.N0000,59.900002,60,58,59.900002,297400
2012-02-24,LOLC.N0000,59.900002,61.900002,59.900002,60.099998,26510
2012-02-27,LOLC.N0000,59.900002,61,58.099998,58.200001,186704
2012-03-05,LOLC.N0000,55.700001,58.099998,55,55.700001,107306
2012-03-06,LOLC.N0000,56,57.700001,55,56,66340
2012-03-08,LOLC.N0000,56.900002,57.900002,56,56.900002,67360
2012-03-09,LOLC.N0000,57,57,55,57,54551
2012-03-13,LOLC.N0000,54,54.900002,54,54,14840
2012-03-14,LOLC.N0000,52.400002,53.5,51,52.400002,5800
2012-03-15,LOLC.N0000,54,55,53,54,16225
2012-03-16,LOLC.N0000,55.099998,56,55,55.099998,15100
2012-03-19,LOLC.N0000,55,56.799999,55,55,196209
2012-03-20,LOLC.N0000,55.099998,56.5,55,55.099998,82109
2012-03-21,LOLC.N0000,55,56,53.200001,55,27266
2012-03-22,LOLC.N0000,55,55.900002,55,55,266980
2012-03-23,LOLC.N0000,56.099998,57,55,56.099998,1831
2012-03-26,LOLC.N0000,56.099998,56.099998,56.099998,56.099998,1000
2012-03-27,LOLC.N0000,55,56.099998,54,55,67900
2012-03-28,LOLC.N0000,56,56,55,56,36710
2012-03-29,LOLC.N0000,55,55.299999,55,55,14011
2012-03-30,LOLC.N0000,54,55,54,54,3246
2012-04-02,LOLC.N0000,55,55.5,53.900002,55,1620
2012-04-03,LOLC.N0000,54.5,54.5,54,54.5,221
2012-04-04,LOLC.N0000,50,54.5,50,50,37342
2012-04-05,LOLC.N0000,53,53,50,53,188801
2012-04-09,LOLC.N0000,53,53,52,53,29574
2012-04-10,LOLC.N0000,53.099998,53.5,50.099998,53.099998,13008
2012-04-11,LOLC.N0000,53.200001,53.5,52.5,53.200001,2914
2012-04-16,LOLC.N0000,53,53.5,52.599998,53,15743
2012-04-17,LOLC.N0000,53,53.5,52.599998,53,8176
2012-04-18,LOLC.N0000,52.200001,53,52,52.200001,2100
2012-04-19,LOLC.N0000,52.099998,53.5,52,52.099998,12721
2012-04-20,LOLC.N0000,54,54.5,53.5,54,9889
2012-04-23,LOLC.N0000,52.099998,54,52,52.099998,7132
2012-04-24,LOLC.N0000,51,54,51,51,4001
2012-04-25,LOLC.N0000,50.599998,52,50.099998,50.599998,1700
2012-04-26,LOLC.N0000,50.200001,51.5,49.900002,50.200001,28460
2012-04-27,LOLC.N0000,49.700001,52,49.700001,49.700001,200
2012-04-30,LOLC.N0000,49.599998,50,49.5,49.599998,6002
2012-05-02,LOLC.N0000,48.200001,50,48.099998,48.200001,3084
2012-05-03,LOLC.N0000,48.400002,50,48,48.400002,500
2012-05-04,LOLC.N0000,48,48.200001,48,48,2103
2012-05-08,LOLC.N0000,45.700001,48,45.5,45.700001,5930
2012-05-09,LOLC.N0000,40.799999,45.200001,40.200001,40.799999,7907
2012-05-10,LOLC.N0000,40.299999,43.5,40.200001,40.299999,12028
2012-05-11,LOLC.N0000,39.599998,42.900002,38.700001,39.599998,15300
2012-05-14,LOLC.N0000,38.200001,40,36.099998,38.200001,36610
2012-05-15,LOLC.N0000,38,38.900002,37,38,10690
2012-05-16,LOLC.N0000,39,39,38.099998,39,31977
2012-05-17,LOLC.N0000,38,39.799999,38,38,41929
2012-05-18,LOLC.N0000,38,38,37.099998,38,49190
2012-05-21,LOLC.N0000,36.5,38,36,36.5,34868
2012-05-22,LOLC.N0000,35.900002,36.599998,35.900002,35.900002,19921
2012-05-23,LOLC.N0000,34.900002,35,33.099998,34.900002,7382
2012-05-24,LOLC.N0000,32,34,31.700001,32,26226
2012-05-25,LOLC.N0000,31.9,33,31.5,31.9,17053
2012-05-28,LOLC.N0000,29.299999,31.200001,28.1,29.299999,26494
2012-05-29,LOLC.N0000,27.299999,29.299999,26.5,27.299999,25561
2012-05-30,LOLC.N0000,27.6,28.799999,27.5,27.6,8103
2012-05-31,LOLC.N0000,28.299999,28.5,28,28.299999,17294
2012-06-01,LOLC.N0000,28.700001,30,28,28.700001,163937
2012-06-05,LOLC.N0000,28.6,30.5,28.5,28.6,150590
2012-06-06,LOLC.N0000,28.299999,29,27.700001,28.299999,56597
2012-06-07,LOLC.N0000,29.799999,30.9,28.9,29.799999,233164
2012-06-08,LOLC.N0000,29.9,30.4,29,29.9,50000
2012-06-11,LOLC.N0000,30.6,31.200001,29.9,30.6,100934
2012-06-12,LOLC.N0000,32.400002,32.900002,31,32.400002,17305
2012-06-13,LOLC.N0000,35,35.599998,31.700001,35,89821
2012-06-14,LOLC.N0000,38.5,38.599998,35.799999,38.5,99647
2012-06-15,LOLC.N0000,40.200001,41.5,38.099998,40.200001,110241
2012-06-18,LOLC.N0000,40,41.5,37.900002,40,41739
2012-06-19,LOLC.N0000,40.099998,41.200001,40,40.099998,27994
2012-06-20,LOLC.N0000,39.299999,40,39,39.299999,29312
2012-06-21,LOLC.N0000,36.400002,39.5,36.099998,36.400002,28719
2012-06-22,LOLC.N0000,36.799999,38,35.5,36.799999,4306
2012-06-25,LOLC.N0000,36.5,36.900002,34.799999,36.5,15508
2012-06-26,LOLC.N0000,35.900002,36,35.099998,35.900002,11306
2012-06-27,LOLC.N0000,37,37,36,37,19131
2012-06-28,LOLC.N0000,36.5,37,35.799999,36.5,5860
2012-06-29,LOLC.N0000,37,37,36.599998,37,2940
2012-07-02,LOLC.N0000,36.900002,37,36.099998,36.900002,11100
2012-07-04,LOLC.N0000,36,39,35.599998,36,10204
2012-07-05,LOLC.N0000,36.799999,37,36,36.799999,17025
2012-07-06,LOLC.N0000,37.099998,37.400002,37,37.099998,1000
2012-07-09,LOLC.N0000,37,37.099998,36.5,37,214100
2012-07-10,LOLC.N0000,37.299999,37.5,36.799999,37.299999,243480
2012-07-11,LOLC.N0000,36.599998,37.900002,36,36.599998,40011
2012-07-12,LOLC.N0000,37,37,36,37,8050
2012-07-13,LOLC.N0000,36.200001,37.799999,36,36.200001,3435
2012-07-16,LOLC.N0000,37.200001,38,36.200001,37.200001,43881
2012-07-17,LOLC.N0000,37,37.400002,36.799999,37,56318
2012-07-18,LOLC.N0000,37,37.299999,37,37,8385
2012-07-19,LOLC.N0000,38.5,38.5,37.099998,38.5,61177
2012-07-20,LOLC.N0000,38.299999,39,38,38.299999,5459
2012-07-23,LOLC.N0000,38,38.5,38,38,6261
2012-07-24,LOLC.N0000,38,38,37.799999,38,8993
2012-07-25,LOLC.N0000,38.599998,39.799999,38.299999,38.599998,3395
2012-07-26,LOLC.N0000,38.900002,39.5,38.599998,38.900002,2242
2012-07-27,LOLC.N0000,40,40.799999,39,40,22901
2012-07-30,LOLC.N0000,39.900002,40.400002,39,39.900002,19945
2012-07-31,LOLC.N0000,40.299999,41.5,40,40.299999,26169
2012-08-02,LOLC.N0000,41.5,42.900002,41.099998,41.5,12542
2012-08-03,LOLC.N0000,39.599998,41,39.5,39.599998,18618
2012-08-06,LOLC.N0000,40,40,39.599998,40,6600
2012-08-07,LOLC.N0000,39.5,40,39.5,39.5,5804
2012-08-08,LOLC.N0000,38.900002,39.5,38.5,38.900002,840
2012-08-09,LOLC.N0000,39.099998,39.299999,38,39.099998,6982
2012-08-10,LOLC.N0000,38.099998,38.099998,38,38.099998,101
2012-08-13,LOLC.N0000,37.799999,38.099998,37.599998,37.799999,6185
2012-08-14,LOLC.N0000,38.400002,38.5,38,38.400002,1600
2012-08-15,LOLC.N0000,39.700001,39.799999,38.5,39.700001,7795
2012-08-16,LOLC.N0000,38.099998,38.700001,38.099998,38.099998,5340
2012-08-17,LOLC.N0000,40,40,38.200001,40,223570
2012-08-20,LOLC.N0000,39.900002,40,38.700001,39.900002,216082
2012-08-21,LOLC.N0000,39.900002,40,39.099998,39.900002,205618
2012-08-22,LOLC.N0000,40.799999,41,40,40.799999,412515
2012-08-23,LOLC.N0000,42.200001,43.900002,41,42.200001,125277
2012-08-24,LOLC.N0000,42,43,41.700001,42,6286
2012-08-27,LOLC.N0000,42.299999,43,40.200001,42.299999,8985
2012-08-28,LOLC.N0000,43.900002,44.5,43,43.900002,46134
2012-08-29,LOLC.N0000,44,44.5,43.900002,44,13985
2012-08-30,LOLC.N0000,45.599998,45.700001,43.799999,45.599998,88203
2012-09-03,LOLC.N0000,51.099998,52,45.900002,51.099998,166022
2012-09-04,LOLC.N0000,52.799999,53.5,49.5,52.799999,126801
2012-09-05,LOLC.N0000,54.299999,55,52.5,54.299999,232417
2012-09-06,LOLC.N0000,53.900002,54.900002,51.799999,53.900002,88411
2012-09-07,LOLC.N0000,54.400002,54.900002,53.900002,54.400002,42884
2012-09-10,LOLC.N0000,54.599998,54.799999,53.900002,54.599998,100659
2012-09-11,LOLC.N0000,54.200001,55.5,53.700001,54.200001,85081
2012-09-12,LOLC.N0000,53.099998,54.900002,52.5,53.099998,25422
2012-09-13,LOLC.N0000,56,56.400002,53.900002,56,240767
2012-09-14,LOLC.N0000,57.200001,57.5,55.200001,57.200001,233535
2012-09-17,LOLC.N0000,58,58,56,58,133290
2012-09-18,LOLC.N0000,57,58,57,57,69131
2012-09-19,LOLC.N0000,54,57.799999,51,54,95739
2012-09-20,LOLC.N0000,54.5,55,52,54.5,49246
2012-09-21,LOLC.N0000,52.599998,54.5,52.5,52.599998,37622
2012-09-24,LOLC.N0000,51.799999,53.099998,51,51.799999,32860
2012-09-25,LOLC.N0000,52.599998,53.200001,51.200001,52.599998,42241
2012-09-26,LOLC.N0000,51.900002,52.900002,51.799999,51.900002,11470
2012-09-27,LOLC.N0000,50.400002,52.900002,50,50.400002,373903
2012-09-28,LOLC.N0000,50.5,52,50.099998,50.5,181045
2012-10-01,LOLC.N0000,50.700001,51.5,50.5,50.700001,2251732
2012-10-02,LOLC.N0000,50.599998,51.400002,50.299999,50.599998,2091534
2012-10-03,LOLC.N0000,51,51.5,50.5,51,2112573
2012-10-04,LOLC.N0000,52.900002,53.5,50.599998,52.900002,2567033
2012-10-05,LOLC.N0000,57.099998,57.700001,52.5,57.099998,2480917
2012-10-08,LOLC.N0000,56.700001,58,55.599998,56.700001,239188
2012-10-09,LOLC.N0000,55.299999,58,55,55.299999,106741
2012-10-10,LOLC.N0000,54.200001,55.700001,54,54.200001,181065
2012-10-11,LOLC.N0000,54.099998,55.299999,52.5,54.099998,151690
2012-10-12,LOLC.N0000,53.900002,54.900002,53.099998,53.900002,42192
2012-10-15,LOLC.N0000,52.099998,53.099998,51.5,52.099998,81358
2012-10-16,LOLC.N0000,52,53.5,51.599998,52,159024
2012-10-17,LOLC.N0000,52,53,51.5,52,340765
2012-10-18,LOLC.N0000,52.799999,53,51,52.799999,25246
2012-10-19,LOLC.N0000,52.599998,53.200001,52.5,52.599998,31589
2012-10-22,LOLC.N0000,52,52.900002,51.099998,52,61576
2012-10-23,LOLC.N0000,51.900002,52.5,50.700001,51.900002,16385
2012-10-24,LOLC.N0000,51.700001,51.900002,51.200001,51.700001,10894
2012-10-25,LOLC.N0000,52.599998,53,51.900002,52.599998,154311
2012-10-26,LOLC.N0000,52,53,52,52,21580
2012-10-30,LOLC.N0000,50.5,51.5,50.099998,50.5,18520
2012-10-31,LOLC.N0000,50.200001,51.400002,50.099998,50.200001,28810
2012-11-01,LOLC.N0000,50,51,50,50,55633
2012-11-02,LOLC.N0000,50,50.5,48.5,50,288941
2012-11-05,LOLC.N0000,50.099998,52,50,50.099998,27099
2012-11-06,LOLC.N0000,51.400002,51.5,50.900002,51.400002,10163
2012-11-07,LOLC.N0000,51.5,51.799999,51,51.5,116319
2012-11-08,LOLC.N0000,51.099998,51.900002,51,51.099998,36055
2012-11-09,LOLC.N0000,51.200001,51.799999,50.299999,51.200001,97960
2012-11-12,LOLC.N0000,51.5,51.799999,51.200001,51.5,25562
2012-11-14,LOLC.N0000,51.5,51.900002,51.099998,51.5,88613
2012-11-15,LOLC.N0000,51.5,51.700001,51,51.5,247020
2012-11-16,LOLC.N0000,50.5,50.5,50,50.5,106154
2012-11-19,LOLC.N0000,50,51.5,50,50,21801
2012-11-20,LOLC.N0000,49.900002,50.5,49.799999,49.900002,53941
2012-11-21,LOLC.N0000,48.5,50.5,48,48.5,14002
2012-11-22,LOLC.N0000,48.400002,50,47.099998,48.400002,10391
2012-11-23,LOLC.N0000,47.400002,49,47,47.400002,6161
2012-11-26,LOLC.N0000,47,47,47,47,4405
2012-11-28,LOLC.N0000,47,47,46.099998,47,20273
2012-11-29,LOLC.N0000,47.299999,47.599998,47,47.299999,14711
2012-11-30,LOLC.N0000,49.099998,49.200001,47,49.099998,5760
2012-12-03,LOLC.N0000,50,50.5,49,50,41330
2012-12-04,LOLC.N0000,50.400002,51,50,50.400002,63142
2012-12-05,LOLC.N0000,50.900002,51,50.200001,50.900002,10279
2012-12-06,LOLC.N0000,52.299999,52.299999,51,52.299999,69818
2012-12-07,LOLC.N0000,52,52.599998,52,52,21950
2012-12-10,LOLC.N0000,51.5,51.5,50,51.5,8395
2012-12-11,LOLC.N0000,51.599998,51.700001,51.5,51.599998,8661
2012-12-12,LOLC.N0000,53.700001,54.400002,51.799999,53.700001,13900
2012-12-13,LOLC.N0000,52.5,54.5,52.5,52.5,10282
2012-12-14,LOLC.N0000,52.5,52.599998,52.5,52.5,19671
2012-12-17,LOLC.N0000,52.5,52.5,52.5,52.5,31842
2012-12-18,LOLC.N0000,52.5,52.799999,52.099998,52.5,71341
2012-12-19,LOLC.N0000,52.700001,53,52,52.700001,89590
2012-12-20,LOLC.N0000,52.700001,53,52.5,52.700001,14891
2012-12-21,LOLC.N0000,52.5,53,52.5,52.5,71194
2012-12-24,LOLC.N0000,52.599998,52.599998,52.5,52.599998,3173
2012-12-26,LOLC.N0000,53.5,53.799999,52.799999,53.5,2700
2012-12-28,LOLC.N0000,53.900002,54.099998,53,53.900002,18596
2012-12-31,LOLC.N0000,53.799999,54,53.5,53.799999,16107
2013-01-02,LOLC.N0000,54.700001,54.900002,53.799999,54.700001,25863
2013-01-03,LOLC.N0000,56,56.5,55,56,63198
2013-01-04,LOLC.N0000,55,55,54.799999,55,2921
2013-01-07,LOLC.N0000,55.900002,56,55,55.900002,174761
2013-01-08,LOLC.N0000,59,60,55.5,59,1499348
2013-01-09,LOLC.N0000,60.099998,60.400002,57.400002,60.099998,284764
2013-01-10,LOLC.N0000,60,60.5,58,60,109665
2013-01-11,LOLC.N0000,60,60,60,60,20511
2013-01-15,LOLC.N0000,60,60.200001,60,60,40490
2013-01-16,LOLC.N0000,60.099998,60.200001,59.5,60.099998,19301
2013-01-17,LOLC.N0000,61,61,60,61,53882
2013-01-18,LOLC.N0000,66.699997,67.900002,61,66.699997,508862
2013-01-21,LOLC.N0000,70,71.400002,65,70,679905
2013-01-22,LOLC.N0000,70,70.5,66.699997,70,465901
2013-01-23,LOLC.N0000,71.5,71.900002,68.099998,71.5,124999
2013-01-24,LOLC.N0000,70,71.900002,69,70,43658
2013-01-28,LOLC.N0000,67.599998,70,67,67.599998,28418
2013-01-29,LOLC.N0000,69.300003,70.5,67.699997,69.300003,3670658
2013-01-30,LOLC.N0000,69.099998,71,67.800003,69.099998,5217742
2013-01-31,LOLC.N0000,67.5,69,67,67.5,7020
2013-02-01,LOLC.N0000,68,68.900002,67.900002,68,9812
2013-02-05,LOLC.N0000,65.900002,68,65,65.900002,27907
2013-02-06,LOLC.N0000,65.400002,67,65.099998,65.400002,38573
2013-02-07,LOLC.N0000,67.800003,68,66,67.800003,1421957
2013-02-08,LOLC.N0000,67.5,67.5,65.800003,67.5,36916
2013-02-11,LOLC.N0000,65.099998,67.5,65,65.099998,24028
2013-02-12,LOLC.N0000,63.099998,65,63,63.099998,12751
2013-02-13,LOLC.N0000,62.099998,64.900002,62,62.099998,3368
2013-02-14,LOLC.N0000,62,62.5,61.700001,62,14010
2013-02-15,LOLC.N0000,62,62.799999,61.5,62,18608
2013-02-18,LOLC.N0000,60,62,60,60,3355
2013-02-19,LOLC.N0000,58.799999,60,58,58.799999,20704
2013-02-20,LOLC.N0000,59.200001,61.900002,57.5,59.200001,25939
2013-02-21,LOLC.N0000,60,60.099998,60,60,32136
2013-02-22,LOLC.N0000,60.5,60.5,60,60.5,1305
2013-02-26,LOLC.N0000,59.599998,60.5,57.900002,59.599998,19222
2013-02-27,LOLC.N0000,60,60,57.900002,60,12147
2013-02-28,LOLC.N0000,58,58.099998,58,58,1550
2013-03-01,LOLC.N0000,56.700001,59,56.5,56.700001,5290
2013-03-04,LOLC.N0000,56.700001,59.900002,56.700001,56.700001,16583
2013-03-05,LOLC.N0000,56.700001,57,56.5,56.700001,2010
2013-03-06,LOLC.N0000,58,59.900002,56.5,58,40793
2013-03-07,LOLC.N0000,56.799999,57.099998,56.799999,56.799999,26637
2013-03-08,LOLC.N0000,56.599998,56.900002,56.599998,56.599998,56119
2013-03-11,LOLC.N0000,55.299999,57,55,55.299999,42881
2013-03-12,LOLC.N0000,53.900002,54.5,53.5,53.900002,40192
2013-03-13,LOLC.N0000,55,55,53.599998,55,30469
2013-03-14,LOLC.N0000,58,58.5,55,58,603585
2013-03-15,LOLC.N0000,58,58.5,56.200001,58,121610
2013-03-18,LOLC.N0000,57.700001,58,56.5,57.700001,14005
2013-03-19,LOLC.N0000,57.799999,57.799999,56.5,57.799999,751
2013-03-20,LOLC.N0000,56.599998,57,56.200001,56.599998,1001
2013-03-21,LOLC.N0000,58.099998,58.900002,56.299999,58.099998,28081
2013-03-22,LOLC.N0000,57,57.099998,57,57,10005
2013-03-25,LOLC.N0000,58,58.299999,57,58,527
2013-03-27,LOLC.N0000,57,58.900002,57,57,1499
2013-03-28,LOLC.N0000,57,58,57,57,11486
2013-04-01,LOLC.N0000,55.299999,57,55,55.299999,7240
2013-04-02,LOLC.N0000,54.5,55.099998,54,54.5,65032
2013-04-03,LOLC.N0000,54.900002,56.5,54.299999,54.900002,32140
2013-04-04,LOLC.N0000,55,56.5,55,55,7474
2013-04-05,LOLC.N0000,55.299999,56,55,55.299999,5150
2013-04-08,LOLC.N0000,55.099998,56,55,55.099998,5407
2013-04-09,LOLC.N0000,54.5,56.5,54.5,54.5,23751
2013-04-11,LOLC.N0000,55.400002,55.5,54.799999,55.400002,7214
2013-04-12,LOLC.N0000,54.099998,55.099998,54,54.099998,6170
2013-04-16,LOLC.N0000,55,55,54.5,55,3210
2013-04-17,LOLC.N0000,55.400002,56.5,55,55.400002,52853
2013-04-18,LOLC.N0000,54.900002,56,54.400002,54.900002,37170
2013-04-19,LOLC.N0000,55,56,54.799999,55,15534
2013-04-22,LOLC.N0000,54.799999,55.099998,54.700001,54.799999,3909
2013-04-23,LOLC.N0000,54.900002,55,54.5,54.900002,20517
2013-04-24,LOLC.N0000,56,56,54.5,56,13807
2013-04-26,LOLC.N0000,58,59,55.5,58,272652
2013-04-29,LOLC.N0000,57.599998,59,57,57.599998,14263
2013-04-30,LOLC.N0000,57.5,57.900002,56.200001,57.5,90716
2013-05-02,LOLC.N0000,56.5,57.5,56,56.5,8800
2013-05-03,LOLC.N0000,57.900002,58,56.200001,57.900002,18931
2013-05-06,LOLC.N0000,58,59,57.900002,58,29280
2013-05-07,LOLC.N0000,57.900002,58,56,57.900002,9570
2013-05-08,LOLC.N0000,57.700001,58.599998,56,57.700001,12562
2013-05-09,LOLC.N0000,58.799999,59.200001,56.5,58.799999,37000
2013-05-10,LOLC.N0000,60,61.900002,59,60,87268
2013-05-13,LOLC.N0000,60.599998,61,59.700001,60.599998,28353
2013-05-14,LOLC.N0000,60,61,59.5,60,78195
2013-05-15,LOLC.N0000,59.400002,60,58.5,59.400002,1601
2013-05-16,LOLC.N0000,62.200001,62.5,59.5,62.200001,90837
2013-05-17,LOLC.N0000,64,65,62.5,64,193356
2013-05-20,LOLC.N0000,64,64.199997,63.200001,64,63596
2013-05-21,LOLC.N0000,63,64.800003,63,63,56239
2013-05-22,LOLC.N0000,61,64,61,61,9924
2013-05-23,LOLC.N0000,62.700001,63,62,62.700001,10840
2013-05-27,LOLC.N0000,62.5,62.900002,61,62.5,24467
2013-05-28,LOLC.N0000,60.299999,62.5,59.299999,60.299999,28467
2013-05-29,LOLC.N0000,61,61.900002,60,61,22083
2013-05-30,LOLC.N0000,60.900002,62,60.599998,60.900002,7965
2013-05-31,LOLC.N0000,60.700001,61,60.099998,60.700001,3426
2013-06-03,LOLC.N0000,60.700001,61.099998,60,60.700001,14013
2013-06-04,LOLC.N0000,60,61,60,60,39547
2013-06-05,LOLC.N0000,60,60.5,59.799999,60,26897
2013-06-06,LOLC.N0000,59.5,59.599998,59.099998,59.5,927
2013-06-07,LOLC.N0000,58.799999,59.099998,58.5,58.799999,6938
2013-06-10,LOLC.N0000,58.799999,60,58.5,58.799999,68556
2013-06-11,LOLC.N0000,60,60,58.599998,60,268114
2013-06-12,LOLC.N0000,60,60.099998,60,60,35480
2013-06-13,LOLC.N0000,60,60,59.799999,60,70105
2013-06-14,LOLC.N0000,60.200001,61,59.799999,60.200001,114015
2013-06-17,LOLC.N0000,60.099998,60.200001,59.900002,60.099998,15183
2013-06-19,LOLC.N0000,60,60,60,60,30000
2013-06-20,LOLC.N0000,60,60,58.299999,60,12866
2013-06-21,LOLC.N0000,59.700001,60,57,59.700001,222835
2013-06-24,LOLC.N0000,60,60,59,60,20620
2013-06-25,LOLC.N0000,60,60.5,59.099998,60,69591
2013-06-26,LOLC.N0000,59.099998,60.099998,59.099998,59.099998,7197
2013-06-27,LOLC.N0000,60.200001,60.5,59.5,60.200001,19770
2013-06-28,LOLC.N0000,60,60.5,60,60,30533
2013-07-01,LOLC.N0000,60,60.5,60,60,370
2013-07-02,LOLC.N0000,60,60.400002,59.5,60,4404
2013-07-03,LOLC.N0000,60.200001,60.5,60,60.200001,7865
2013-07-04,LOLC.N0000,59.599998,60,59,59.599998,2300
2013-07-05,LOLC.N0000,59.900002,59.900002,59.900002,59.900002,100
2013-07-08,LOLC.N0000,57.5,59.900002,57.5,57.5,4264
2013-07-09,LOLC.N0000,57.099998,58,57,57.099998,2250
2013-07-10,LOLC.N0000,58.5,58.5,58.5,58.5,302
2013-07-11,LOLC.N0000,57.900002,57.900002,57.900002,57.900002,50
2013-07-12,LOLC.N0000,57.099998,57.900002,56,57.099998,3575
2013-07-15,LOLC.N0000,56.599998,57.099998,55,56.599998,8450
2013-07-16,LOLC.N0000,57.900002,58,55,57.900002,31054
2013-07-17,LOLC.N0000,58.400002,58.5,57.900002,58.400002,15000
2013-07-18,LOLC.N0000,56.200001,56.200001,56.099998,56.200001,200
2013-07-19,LOLC.N0000,56,56.099998,56,56,10031
2013-07-23,LOLC.N0000,57.299999,57.700001,55.5,57.299999,22287
2013-07-24,LOLC.N0000,58,58,57,58,6010
2013-07-25,LOLC.N0000,56.700001,58.400002,56.5,56.700001,160
2013-07-26,LOLC.N0000,57.900002,58,56.700001,57.900002,1115
2013-07-29,LOLC.N0000,56,56.5,56,56,3221
2013-07-30,LOLC.N0000,56,56.5,55.200001,56,4434
2013-07-31,LOLC.N0000,56.400002,57,56,56.400002,10190
2013-08-01,LOLC.N0000,56.099998,57.700001,56,56.099998,1123
2013-08-02,LOLC.N0000,56,56.5,56,56,2925
2013-08-05,LOLC.N0000,55,55.900002,54,55,22406
2013-08-06,LOLC.N0000,54.799999,55,54.799999,54.799999,3941
2013-08-07,LOLC.N0000,54.099998,54.200001,54,54.099998,41297
2013-08-08,LOLC.N0000,54.5,54.5,54.5,54.5,102
2013-08-12,LOLC.N0000,53.299999,54.5,53.299999,53.299999,463
2013-08-13,LOLC.N0000,53.299999,54.5,53.200001,53.299999,10500
2013-08-14,LOLC.N0000,54,54,54,54,300
2013-08-15,LOLC.N0000,52,53.5,52,52,6110
2013-08-16,LOLC.N0000,52,53,52,52,3890
2013-08-19,LOLC.N0000,52.099998,52.900002,52,52.099998,4323
2013-08-21,LOLC.N0000,52.400002,52.5,52,52.400002,4360
2013-08-22,LOLC.N0000,50,51,49.5,50,27300
2013-08-23,LOLC.N0000,50.5,51,50,50.5,39567
2013-08-26,LOLC.N0000,50.900002,52,50.099998,50.900002,10807
2013-08-27,LOLC.N0000,50,50.5,50,50,11078
2013-08-28,LOLC.N0000,50,51.099998,50,50,13650
2013-08-29,LOLC.N0000,50.099998,50.5,50,50.099998,31690
2013-08-30,LOLC.N0000,50.099998,51,50,50.099998,32960
2013-09-02,LOLC.N0000,50,51,50,50,51283
2013-09-03,LOLC.N0000,50,50.900002,50,50,7100
2013-09-04,LOLC.N0000,50,50.400002,50,50,12674
2013-09-05,LOLC.N0000,50,50.099998,50,50,19421
2013-09-06,LOLC.N0000,50,50.099998,50,50,5500
2013-09-09,LOLC.N0000,50.099998,50.099998,50,50.099998,35290
2013-09-10,LOLC.N0000,50,50.799999,50,50,85933
2013-09-11,LOLC.N0000,50.5,50.599998,50.5,50.5,7006
2013-09-12,LOLC.N0000,50,50.700001,50,50,31600
2013-09-13,LOLC.N0000,50.200001,50.5,50,50.200001,7930
2013-09-16,LOLC.N0000,50.200001,51,50,50.200001,20977
2013-09-17,LOLC.N0000,51,51,51,51,9
2013-09-18,LOLC.N0000,52,52,50,52,8691
2013-09-20,LOLC.N0000,53,54,51,53,6587
2013-09-23,LOLC.N0000,51.099998,53,51,51.099998,3101
2013-09-24,LOLC.N0000,54.099998,54.5,51.200001,54.099998,10800
2013-09-25,LOLC.N0000,54.099998,57.299999,51.200001,54.099998,6660
2013-09-26,LOLC.N0000,55.299999,56,54.099998,55.299999,51188
2013-09-27,LOLC.N0000,59,59,55.900002,59,40252
2013-09-30,LOLC.N0000,58.200001,59.599998,57,58.200001,117892
2013-10-01,LOLC.N0000,58.799999,59,56,58.799999,41588
2013-10-02,LOLC.N0000,59,59,56.599998,59,25731
2013-10-03,LOLC.N0000,59,59,57,59,75647
2013-10-04,LOLC.N0000,61,61,59,61,111749
2013-10-07,LOLC.N0000,60,60,59.900002,60,77504
2013-10-08,LOLC.N0000,60,60.099998,60,60,68560
2013-10-09,LOLC.N0000,60.299999,60.400002,60,60.299999,11077
2013-10-10,LOLC.N0000,60,60.799999,60,60,96848
2013-10-11,LOLC.N0000,60,60.700001,60,60,3431
2013-10-14,LOLC.N0000,60,60.5,60,60,30271
2013-10-15,LOLC.N0000,60,60.5,60,60,1680
2013-10-17,LOLC.N0000,60,60,60,60,9725
2013-10-21,LOLC.N0000,60,60,60,60,5500
2013-10-22,LOLC.N0000,58.799999,60,58.099998,58.799999,8938
2013-10-23,LOLC.N0000,60,60,58.599998,60,22765
2013-10-24,LOLC.N0000,60,60.099998,60,60,10611
2013-10-25,LOLC.N0000,60,60.200001,60,60,46289
2013-10-28,LOLC.N0000,60,60,60,60,40869
2013-10-29,LOLC.N0000,60,60,60,60,22500
2013-10-30,LOLC.N0000,65,65,60,65,2937540
2013-10-31,LOLC.N0000,63,63,63,63,710
2013-11-01,LOLC.N0000,61,61.099998,61,61,7828
2013-11-04,LOLC.N0000,65,65.5,61,65,996996
2013-11-05,LOLC.N0000,65,65.400002,65,65,111374
2013-11-06,LOLC.N0000,65,65,64.800003,65,30675
2013-11-07,LOLC.N0000,65,65,62.099998,65,46280
2013-11-08,LOLC.N0000,63.099998,65.099998,63,63.099998,3600
2013-11-11,LOLC.N0000,63,64,63,63,2552
2013-11-12,LOLC.N0000,62.200001,63,62.200001,62.200001,3720
2013-11-13,LOLC.N0000,62,62.700001,61.900002,62,30601
2013-11-14,LOLC.N0000,63,63.799999,62,63,31710
2013-11-15,LOLC.N0000,63.099998,63.5,63,63.099998,11500
2013-11-18,LOLC.N0000,63.5,63.599998,63.099998,63.5,32821
2013-11-19,LOLC.N0000,63.5,63.5,63,63.5,8235
2013-11-20,LOLC.N0000,64,64,63.200001,64,12670
2013-11-21,LOLC.N0000,63.5,64,63,63.5,14565
2013-11-22,LOLC.N0000,63,63.099998,63,63,26581
2013-11-25,LOLC.N0000,63,63.099998,63,63,8200
2013-11-26,LOLC.N0000,63.099998,63.700001,62.400002,63.099998,26159
2013-11-27,LOLC.N0000,64.199997,64.199997,63.200001,64.199997,126467
2013-11-28,LOLC.N0000,64.400002,65.199997,64.099998,64.400002,98357
2013-11-29,LOLC.N0000,65,65.5,65,65,218601
2013-12-02,LOLC.N0000,70,70.5,65,70,289275
2013-12-03,LOLC.N0000,75,76,70.5,75,556820
2013-12-04,LOLC.N0000,77.5,80.5,74.400002,77.5,2408503
2013-12-05,LOLC.N0000,74,78,73,74,4021932
2013-12-06,LOLC.N0000,69.5,73,69,69.5,101448
2013-12-09,LOLC.N0000,70.400002,71.5,69.5,70.400002,18332
2013-12-10,LOLC.N0000,70,70,70,70,9200
2013-12-11,LOLC.N0000,71.199997,72,68.099998,71.199997,34629
2013-12-12,LOLC.N0000,71.5,71.599998,70,71.5,34352
2013-12-13,LOLC.N0000,75,75,71.5,75,80996
2013-12-17,LOLC.N0000,75,75.5,75,75,140259
2013-12-18,LOLC.N0000,76.300003,76.5,72,76.300003,58345
2013-12-19,LOLC.N0000,75.5,76,75,75.5,13790
2013-12-20,LOLC.N0000,72.800003,73.900002,72,72.800003,4330
2013-12-23,LOLC.N0000,72.800003,74.900002,72.099998,72.800003,1718
2013-12-24,LOLC.N0000,74.800003,75,72,74.800003,1052
2013-12-26,LOLC.N0000,74.199997,75,72,74.199997,1413
2013-12-27,LOLC.N0000,75,75,74.5,75,5586
2013-12-30,LOLC.N0000,71.199997,74.900002,71.199997,71.199997,810
2013-12-31,LOLC.N0000,72.599998,73,72.5,72.599998,210
2014-01-02,LOLC.N0000,73,73,73,73,400
2014-01-03,LOLC.N0000,72,72.900002,72,72,2532
2014-01-06,LOLC.N0000,71.900002,73,70.599998,71.900002,2704
2014-01-07,LOLC.N0000,72,72,71,72,7701
2014-01-08,LOLC.N0000,71.199997,72.5,71,71.199997,5130
2014-01-09,LOLC.N0000,72,72,71.5,72,9250
2014-01-10,LOLC.N0000,71.5,72,71,71.5,1441
2014-01-13,LOLC.N0000,72.400002,72.5,72,72.400002,5339
2014-01-16,LOLC.N0000,72,73,72,72,49501
2014-01-17,LOLC.N0000,72.5,72.5,72,72.5,2255
2014-01-20,LOLC.N0000,73.5,75,73,73.5,92111
2014-01-21,LOLC.N0000,74.099998,75,73.5,74.099998,1123
2014-01-23,LOLC.N0000,73.5,75,73,73.5,7895
2014-01-24,LOLC.N0000,73.300003,74,73.199997,73.300003,8003
2014-01-27,LOLC.N0000,75,75,73.300003,75,92575
2014-01-28,LOLC.N0000,73.599998,74,73.300003,73.599998,6651
2014-01-29,LOLC.N0000,75,75.5,74.5,75,83372
2014-01-30,LOLC.N0000,74.5,75,74.5,74.5,5100
2014-01-31,LOLC.N0000,74.5,75,74.400002,74.5,1813
2014-02-03,LOLC.N0000,75,75,73.5,75,109905
2014-02-05,LOLC.N0000,75,75.099998,75,75,31081
2014-02-06,LOLC.N0000,75,75.300003,75,75,56742
2014-02-07,LOLC.N0000,75,75,75,75,24995
2014-02-10,LOLC.N0000,74.599998,75,74,74.599998,18760
2014-02-11,LOLC.N0000,75,75,74.199997,75,26565
2014-02-12,LOLC.N0000,75,75,75,75,6996
2014-02-13,LOLC.N0000,75,75,75,75,6200
2014-02-17,LOLC.N0000,75,75.199997,74,75,15300
2014-02-18,LOLC.N0000,75,75,70.199997,75,6550
2014-02-19,LOLC.N0000,74.300003,75,74,74.300003,37473
2014-02-20,LOLC.N0000,74.099998,75,74,74.099998,12499
2014-02-21,LOLC.N0000,74.199997,75,74.199997,74.199997,3006
2014-02-24,LOLC.N0000,75,75,74,75,6301
2014-02-25,LOLC.N0000,74.5,75,74.5,74.5,47010
2014-02-26,LOLC.N0000,75.099998,75.099998,74.199997,75.099998,5540
2014-02-28,LOLC.N0000,78.900002,78.900002,75.099998,78.900002,502992
2014-03-03,LOLC.N0000,76,78.5,75,76,8500
2014-03-04,LOLC.N0000,75.400002,77.699997,75,75.400002,1763
2014-03-05,LOLC.N0000,77,77,76,77,91021
2014-03-06,LOLC.N0000,77,77,77,77,41500
2014-03-07,LOLC.N0000,75.199997,75.199997,75.199997,75.199997,5
2014-03-10,LOLC.N0000,75.199997,75.199997,75.199997,75.199997,100
2014-03-11,LOLC.N0000,76.900002,77,75.099998,76.900002,31007
2014-03-13,LOLC.N0000,77,77,76,77,21131
2014-03-14,LOLC.N0000,77,77,76.699997,77,8802
2014-03-17,LOLC.N0000,77,77,77,77,4000
2014-03-18,LOLC.N0000,75,76.5,75,75,5200
2014-03-19,LOLC.N0000,76.800003,77,76,76.800003,22251
2014-03-20,LOLC.N0000,76,77,75,76,32080
2014-03-21,LOLC.N0000,75,75.099998,75,75,6390
2014-03-24,LOLC.N0000,75,75,75,75,428
2014-03-25,LOLC.N0000,76,76,75.599998,76,2450
2014-03-26,LOLC.N0000,75.5,75.5,75.5,75.5,289
2014-03-27,LOLC.N0000,75.5,75.800003,75.5,75.5,6800
2014-03-28,LOLC.N0000,75.900002,76,75.5,75.900002,400
2014-03-31,LOLC.N0000,75,76,75,75,4502
2014-04-01,LOLC.N0000,76.300003,76.300003,75,76.300003,1900
2014-04-02,LOLC.N0000,75,76.699997,75,75,3807
2014-04-03,LOLC.N0000,78,78,75,78,108147
2014-04-04,LOLC.N0000,78,78,78,78,2
2014-04-07,LOLC.N0000,75.099998,75.199997,75.099998,75.099998,91
2014-04-08,LOLC.N0000,77,77,76,77,20800
2014-04-09,LOLC.N0000,77,77,75.199997,77,11010
2014-04-10,LOLC.N0000,77,77.300003,76,77,39500
2014-04-11,LOLC.N0000,77,77,77,77,1
2014-04-16,LOLC.N0000,77.400002,77.400002,77,77.400002,7005
2014-04-17,LOLC.N0000,76.099998,76.199997,76.099998,76.099998,15290
2014-04-21,LOLC.N0000,76.5,77,76.099998,76.5,33354
2014-04-22,LOLC.N0000,76.400002,77,76.199997,76.400002,20000
2014-04-23,LOLC.N0000,75,77,75,75,66055
2014-04-24,LOLC.N0000,76,77,76,76,501
2014-04-25,LOLC.N0000,75,76.099998,75,75,9003
2014-04-28,LOLC.N0000,75.5,76,75.199997,75.5,10709
2014-04-29,LOLC.N0000,76.099998,78,75.199997,76.099998,23303
2014-04-30,LOLC.N0000,77,77,77,77,100
2014-05-02,LOLC.N0000,76.099998,77,75.800003,76.099998,32624
2014-05-05,LOLC.N0000,77.900002,78,76,77.900002,17079
2014-05-06,LOLC.N0000,80,81,78.5,80,34143
2014-05-07,LOLC.N0000,78.099998,80,78,78.099998,9910
2014-05-08,LOLC.N0000,80,80.099998,79.900002,80,16575
2014-05-09,LOLC.N0000,80,80,80,80,8691
2014-05-12,LOLC.N0000,80,80.099998,80,80,7300
2014-05-13,LOLC.N0000,80,80,80,80,7401
2014-05-16,LOLC.N0000,80,80,80,80,47228
2014-05-19,LOLC.N0000,80,80,80,80,40580
2014-05-20,LOLC.N0000,80,80,80,80,1510
2014-05-21,LOLC.N0000,80,80,79,80,21881
2014-05-22,LOLC.N0000,80,80,80,80,10600
2014-05-23,LOLC.N0000,80,80.5,80,80,4602
2014-05-26,LOLC.N0000,80,80,80,80,1510
2014-05-27,LOLC.N0000,80.5,80.5,80,80.5,8749
2014-05-28,LOLC.N0000,80.099998,80.099998,80.099998,80.099998,3908
2014-05-29,LOLC.N0000,80,80.099998,80,80,12750
2014-05-30,LOLC.N0000,79.699997,80.5,79.5,79.699997,45700
2014-06-02,LOLC.N0000,80,81,79.699997,80,4896
2014-06-03,LOLC.N0000,80,80,80,80,541
2014-06-04,LOLC.N0000,80,80,80,80,1125
2014-06-05,LOLC.N0000,80,80.800003,80,80,721
2014-06-06,LOLC.N0000,80,80,80,80,7000
2014-06-09,LOLC.N0000,80.5,80.699997,80,80.5,12310
2014-06-10,LOLC.N0000,85,85.300003,80,85,35259
2014-06-11,LOLC.N0000,87.300003,88.199997,85,87.300003,45287
2014-06-13,LOLC.N0000,90.800003,91,86.099998,90.800003,21753
2014-06-16,LOLC.N0000,91.199997,91.5,90.699997,91.199997,14536
2014-06-17,LOLC.N0000,91.5,92,91.099998,91.5,32825
2014-06-18,LOLC.N0000,91.800003,93,91,91.800003,109029
2014-06-19,LOLC.N0000,92,92,90,92,7465
2014-06-20,LOLC.N0000,91,91.800003,91,91,607
2014-06-23,LOLC.N0000,90,91,90,90,18160
2014-06-24,LOLC.N0000,90,91,90,90,2606
2014-06-25,LOLC.N0000,91.900002,91.900002,90,91.900002,14137
2014-06-26,LOLC.N0000,92,92.400002,91.599998,92,37734
2014-06-27,LOLC.N0000,92,92,92,92,4400
2014-06-30,LOLC.N0000,91.800003,92,91.599998,91.800003,4109
2014-07-01,LOLC.N0000,92,92.099998,92,92,1566
2014-07-02,LOLC.N0000,93,93,92,93,8701
2014-07-03,LOLC.N0000,93,93.099998,92,93,54992
2014-07-04,LOLC.N0000,93,93.599998,93,93,3910
2014-07-07,LOLC.N0000,93,93,93,93,37820
2014-07-08,LOLC.N0000,93,93,93,93,2600
2014-07-09,LOLC.N0000,95,95,94,95,29985
2014-07-10,LOLC.N0000,94.599998,95.800003,94.599998,94.599998,804
2014-07-11,LOLC.N0000,94,95,93.5,94,1910
2014-07-14,LOLC.N0000,93.5,94,93,93.5,8600
2014-07-15,LOLC.N0000,93.099998,94,93.099998,93.099998,704
2014-07-16,LOLC.N0000,93,93.099998,93,93,4100
2014-07-17,LOLC.N0000,93,93.400002,93,93,3550
2014-07-18,LOLC.N0000,93,94,93,93,19101
2014-07-21,LOLC.N0000,93,93,93,93,15855
2014-07-22,LOLC.N0000,93.900002,93.900002,93,93.900002,7622
2014-07-23,LOLC.N0000,93,93.5,93,93,15588
2014-07-24,LOLC.N0000,94,94,93,94,8110
2014-07-25,LOLC.N0000,94,94,93,94,14840
2014-07-28,LOLC.N0000,94,94,94,94,810
2014-07-30,LOLC.N0000,93.099998,95,93,93.099998,503
2014-07-31,LOLC.N0000,93,94.5,93,93,1210
2014-08-01,LOLC.N0000,93,93.5,93,93,4600
2014-08-04,LOLC.N0000,93,94,93,93,2751
2014-08-05,LOLC.N0000,93,93,93,93,16100
2014-08-06,LOLC.N0000,94,94,93,94,83078
2014-08-07,LOLC.N0000,94.800003,94.800003,94.800003,94.800003,1
2014-08-08,LOLC.N0000,94,94.800003,94,94,12750
2014-08-11,LOLC.N0000,94,94,93,94,90814
2014-08-12,LOLC.N0000,93,94,92,93,1790
2014-08-13,LOLC.N0000,92.699997,93.5,92,92.699997,706
2014-08-14,LOLC.N0000,91.900002,93.800003,91.199997,91.900002,2482
2014-08-15,LOLC.N0000,92,92,92,92,900
2014-08-18,LOLC.N0000,91.5,92,91.5,91.5,3000
2014-08-19,LOLC.N0000,92,92,91,92,22014
2014-08-20,LOLC.N0000,92,92,92,92,13
2014-08-21,LOLC.N0000,91.5,92,89.5,91.5,302
2014-08-22,LOLC.N0000,91.699997,91.800003,91,91.699997,10004
2014-08-25,LOLC.N0000,90,91.699997,90,90,424
2014-08-26,LOLC.N0000,90,90,88,90,1425
2014-08-27,LOLC.N0000,90,92,90,90,3610
2014-08-28,LOLC.N0000,88.900002,90,88.900002,88.900002,5269
2014-08-29,LOLC.N0000,90,90,89.599998,90,10806
2014-09-01,LOLC.N0000,89.900002,92,89,89.900002,551
2014-09-02,LOLC.N0000,89.900002,89.900002,89.900002,89.900002,20
2014-09-03,LOLC.N0000,88.5,90,88.099998,88.5,4320
2014-09-04,LOLC.N0000,89.800003,89.800003,88.099998,89.800003,1557
2014-09-05,LOLC.N0000,89.5,89.800003,87.5,89.5,14076
2014-09-09,LOLC.N0000,87,89,86.599998,87,1036
2014-09-10,LOLC.N0000,86.199997,88.400002,84.900002,86.199997,6467
2014-09-11,LOLC.N0000,86.900002,88.400002,84.099998,86.900002,10571
2014-09-12,LOLC.N0000,88,89,86.900002,88,20531
2014-09-15,LOLC.N0000,88.099998,89,87.5,88.099998,8590
2014-09-16,LOLC.N0000,87.599998,88.900002,87.5,87.599998,20563
2014-09-17,LOLC.N0000,87.5,88,87.099998,87.5,2990
2014-09-18,LOLC.N0000,87.699997,88,87.199997,87.699997,3026
2014-09-19,LOLC.N0000,87.800003,89,87.5,87.800003,8660
2014-09-22,LOLC.N0000,87.900002,89,87,87.900002,40315
2014-09-23,LOLC.N0000,86.5,87.900002,85.300003,86.5,1500
2014-09-24,LOLC.N0000,87.5,88.5,85.199997,87.5,12523
2014-09-25,LOLC.N0000,87.5,87.5,87.5,87.5,10
2014-09-26,LOLC.N0000,86.699997,87.5,85.5,86.699997,224
2014-09-29,LOLC.N0000,86.099998,86.699997,86,86.099998,14464
2014-09-30,LOLC.N0000,85.400002,85.800003,85.300003,85.400002,12535
2014-10-01,LOLC.N0000,87.300003,87.699997,85.300003,87.300003,2004
2014-10-02,LOLC.N0000,90.099998,92,87.900002,90.099998,48484
2014-10-03,LOLC.N0000,91.099998,92,89.099998,91.099998,2226
2014-10-07,LOLC.N0000,90.099998,91.099998,90.099998,90.099998,1136
2014-10-09,LOLC.N0000,89.699997,90,89.699997,89.699997,3000
2014-10-10,LOLC.N0000,88,90,88,88,10689
2014-10-13,LOLC.N0000,85.199997,86,85,85.199997,14482
2014-10-14,LOLC.N0000,86,88,80,86,19510
2014-10-15,LOLC.N0000,88,89,87,88,2725
2014-10-16,LOLC.N0000,86,86,86,86,500
2014-10-20,LOLC.N0000,86.099998,86.099998,86,86.099998,17400
2014-10-21,LOLC.N0000,84.800003,85.5,84,84.800003,670
2014-10-23,LOLC.N0000,85,85.099998,84,85,1117
2014-10-24,LOLC.N0000,84,85.099998,84,84,11
2014-10-27,LOLC.N0000,84.900002,86,84,84.900002,18000
2014-10-28,LOLC.N0000,87.199997,89.800003,84,87.199997,33047
2014-10-29,LOLC.N0000,90,91,89.800003,90,68555
2014-10-30,LOLC.N0000,88.099998,90.900002,88,88.099998,2615
2014-11-03,LOLC.N0000,88,89,88,88,2955
2014-11-07,LOLC.N0000,89,90,88,89,4730
2014-11-10,LOLC.N0000,88,88,88,88,1115
2014-11-11,LOLC.N0000,86,86,86,86,1525
2014-11-12,LOLC.N0000,87.900002,88,86,87.900002,21251
2014-11-13,LOLC.N0000,88,90,87.5,88,31670
2014-11-14,LOLC.N0000,93,95,90,93,59903
2014-11-17,LOLC.N0000,92.5,93.5,92,92.5,62948
2014-11-18,LOLC.N0000,92.300003,93,92.099998,92.300003,27227
2014-11-19,LOLC.N0000,95.599998,96,93,95.599998,92577
2014-11-20,LOLC.N0000,97.300003,98.5,95,97.300003,41240
2014-11-21,LOLC.N0000,96.300003,102,94,96.300003,167681
2014-11-24,LOLC.N0000,92.199997,95,90,92.199997,25604
2014-11-25,LOLC.N0000,93.199997,101,93,93.199997,97090
2014-11-26,LOLC.N0000,92.199997,95,91,92.199997,12458
2014-11-27,LOLC.N0000,90,92,86,90,10972
2014-11-28,LOLC.N0000,89.900002,92,87.5,89.900002,7452
2014-12-01,LOLC.N0000,94.5,95,89.900002,94.5,13470
2014-12-02,LOLC.N0000,91,93,91,91,1104
2014-12-03,LOLC.N0000,90,93,90,90,1006
2014-12-04,LOLC.N0000,88.699997,91.5,88.5,88.699997,3103
2014-12-05,LOLC.N0000,90,90,88.699997,90,7300
2014-12-08,LOLC.N0000,90,90,88.900002,90,11100
2014-12-09,LOLC.N0000,90.599998,90.599998,90.599998,90.599998,20000
2014-12-10,LOLC.N0000,90,90,89.400002,90,405
2014-12-11,LOLC.N0000,90.099998,94,90.099998,90.099998,71313
2014-12-12,LOLC.N0000,90,90.099998,90,90,10400
2014-12-15,LOLC.N0000,89.599998,91.5,89,89.599998,10650
2014-12-16,LOLC.N0000,88.900002,89.900002,88.900002,88.900002,4700
2014-12-17,LOLC.N0000,88,88.5,88,88,28800
2014-12-18,LOLC.N0000,90,90,90,90,8100
2014-12-19,LOLC.N0000,90,93.5,90,90,18145
2014-12-22,LOLC.N0000,88.300003,88.5,88.300003,88.300003,490
2014-12-23,LOLC.N0000,90,90.5,88.5,90,5941
2014-12-24,LOLC.N0000,90,90,89.900002,90,2000
2014-12-26,LOLC.N0000,88.599998,88.699997,88.5,88.599998,4600
2014-12-30,LOLC.N0000,88.599998,89,88.5,88.599998,3000
2014-12-31,LOLC.N0000,88,89,88,88,3994
2015-01-02,LOLC.N0000,90.199997,90.699997,88,90.199997,21809
2015-01-06,LOLC.N0000,92.699997,92.699997,90.199997,92.699997,9380
2015-01-07,LOLC.N0000,92,94.900002,91.900002,92,40721
2015-01-08,LOLC.N0000,93.699997,93.900002,93,93.699997,8299
2015-01-09,LOLC.N0000,95,95.800003,92.5,95,71777
2015-01-12,LOLC.N0000,92.5,95,92,92.5,16480
2015-01-13,LOLC.N0000,95,97,92.599998,95,69721
2015-01-16,LOLC.N0000,94,95,94,94,648
2015-01-19,LOLC.N0000,91,94,91,91,3137
2015-01-20,LOLC.N0000,90.099998,91,90,90.099998,4615
2015-01-22,LOLC.N0000,90,90,87,90,18700
2015-01-27,LOLC.N0000,90,90.099998,90,90,12393
2015-01-28,LOLC.N0000,87.5,90,87.5,90,6302
2015-01-29,LOLC.N0000,90,90,88.699997,89.900002,11551
2015-01-30,LOLC.N0000,88.5,88.5,87.099998,88,4150
2015-02-02,LOLC.N0000,84.099998,84.099998,84,84,3397
2015-02-06,LOLC.N0000,87.800003,89,85.199997,86,3023
2015-02-10,LOLC.N0000,87,89.900002,87,89.900002,2013
2015-02-12,LOLC.N0000,88,89,87.5,87.5,12434
2015-02-13,LOLC.N0000,89,90,88,90,11912
2015-02-17,LOLC.N0000,89.5,89.5,89.5,89.5,112
2015-02-19,LOLC.N0000,88,89,87.400002,87.400002,2660
2015-02-20,LOLC.N0000,88,88.5,88,88.5,3494
2015-02-23,LOLC.N0000,88,88,88,88,1
2015-02-24,LOLC.N0000,87.099998,88.300003,84,84,305
2015-02-26,LOLC.N0000,86.5,86.5,84.199997,86.5,3932
2015-03-02,LOLC.N0000,84.099998,85,83,83,1696
2015-03-03,LOLC.N0000,85,85,82.199997,82.400002,1060
2015-03-04,LOLC.N0000,82.599998,84,82.5,82.5,11431
2015-03-06,LOLC.N0000,84,84,82.300003,82.300003,607
2015-03-09,LOLC.N0000,82.199997,82.300003,82,82.300003,2320
2015-03-10,LOLC.N0000,82,82,80.900002,80.900002,47932
2015-03-11,LOLC.N0000,80.900002,80.900002,79.099998,79.099998,901
2015-03-12,LOLC.N0000,79.099998,80,76.099998,80,16224
2015-03-17,LOLC.N0000,77.099998,77.099998,77,77,1000
2015-03-18,LOLC.N0000,77,77.099998,77,77.099998,6752
2015-03-19,LOLC.N0000,79,79,78,78,270
2015-03-20,LOLC.N0000,79,80,78,78,2290
2015-03-23,LOLC.N0000,78.400002,78.400002,78,78.400002,398
2015-03-24,LOLC.N0000,77.099998,77.099998,77,77,7300
2015-03-25,LOLC.N0000,78.400002,80,76.099998,80,5549
2015-03-26,LOLC.N0000,76.199997,76.199997,76.199997,76.199997,100
2015-03-27,LOLC.N0000,79.800003,79.900002,76,76.099998,8319
2015-03-30,LOLC.N0000,76,76.099998,75,76.099998,4289
2015-04-01,LOLC.N0000,76,81,76,81,1765
2015-04-02,LOLC.N0000,82.900002,82.900002,77.599998,80,252529
2015-04-06,LOLC.N0000,80,80,78.5,78.5,300850
2015-04-08,LOLC.N0000,77.300003,78,77.199997,78,300526
2015-04-10,LOLC.N0000,78.5,79,78,79,523570
2015-04-15,LOLC.N0000,78,80,78,80,221621
2015-04-16,LOLC.N0000,83,83,81,81,6522
2015-04-17,LOLC.N0000,81,81.199997,80,81.199997,3000
2015-04-20,LOLC.N0000,79.099998,81.199997,79.099998,81,3677
2015-04-22,LOLC.N0000,80,90,79.900002,87,20640
2015-04-23,LOLC.N0000,83.300003,89,83.300003,85.800003,3144
2015-04-24,LOLC.N0000,86,90,85.5,88,31619
2015-04-27,LOLC.N0000,89,90,87,89.800003,8225
2015-04-28,LOLC.N0000,90,92,89,89.5,3390
2015-04-29,LOLC.N0000,92,92,90,90,453
2015-04-30,LOLC.N0000,86.5,92.5,86.5,90,45570
2015-05-05,LOLC.N0000,90,90.699997,90,90,18521
2015-05-06,LOLC.N0000,90.699997,90.699997,90,90,6100
2015-05-07,LOLC.N0000,92,92.699997,91.900002,92,17003
2015-05-08,LOLC.N0000,92.5,93.5,92,93.5,10640
2015-05-11,LOLC.N0000,92.5,94.5,91.5,91.5,12249
2015-05-12,LOLC.N0000,91.599998,100,91.5,98,577657
2015-05-13,LOLC.N0000,98,100,97,98,13926
2015-05-15,LOLC.N0000,98,99.800003,94.5,95,46704
2015-05-18,LOLC.N0000,93,95,92.5,95,18143
2015-05-20,LOLC.N0000,93,97.400002,93,96.699997,41093
2015-05-21,LOLC.N0000,96.900002,107,96.099998,107,224260
2015-05-22,LOLC.N0000,107,110.5,107,108,213374
2015-05-25,LOLC.N0000,107.5,107.5,103.5,105,30656
2015-05-26,LOLC.N0000,105,106.9,104.1,106.9,58740
2015-05-27,LOLC.N0000,105,110,105,109.5,73711
2015-05-28,LOLC.N0000,109.5,111,108.5,108.5,94870
2015-05-29,LOLC.N0000,108,112.9,108,112.5,226130
2015-06-01,LOLC.N0000,113,113,110,112.7,38740
2015-06-03,LOLC.N0000,110.5,110.5,108,109,36412
2015-06-04,LOLC.N0000,108.5,108.5,104,108,8477
2015-06-05,LOLC.N0000,104,106.8,104,106,33753
2015-06-09,LOLC.N0000,100.1,105,100.1,104,4924
2015-06-10,LOLC.N0000,100.5,100.5,100.5,100.5,1
2015-06-12,LOLC.N0000,100,103,100,103,43600
2015-06-15,LOLC.N0000,101.1,101.1,100,100,1777
2015-06-16,LOLC.N0000,99.099998,99.099998,99,99,4550
2015-06-17,LOLC.N0000,98,102.5,98,102.5,4300
2015-06-18,LOLC.N0000,98.099998,98.5,98,98.5,4300
2015-06-19,LOLC.N0000,99.800003,99.800003,97.099998,97.099998,3400
2015-06-22,LOLC.N0000,97.099998,98,96,98,5608
2015-06-23,LOLC.N0000,98,99,96,99,115657
2015-06-24,LOLC.N0000,98,98,96.5,96.5,15138
2015-06-25,LOLC.N0000,97.5,97.900002,97.5,97.900002,1751
2015-06-26,LOLC.N0000,96.099998,97.5,96,97.400002,11643
2015-06-29,LOLC.N0000,97.900002,100,97.5,97.5,6499
2015-06-30,LOLC.N0000,97.400002,99.699997,97.400002,99.699997,921
2015-07-02,LOLC.N0000,97.400002,98.300003,97.400002,98.300003,1300
2015-07-03,LOLC.N0000,98.400002,98.400002,97,97,7132
2015-07-07,LOLC.N0000,98,98,98,98,1300
2015-07-08,LOLC.N0000,97.199997,97.199997,97,97,3906
2015-07-09,LOLC.N0000,95,98,95,98,7302
2015-07-10,LOLC.N0000,95.099998,99.800003,95.099998,99.800003,2230
2015-07-13,LOLC.N0000,99.800003,100,99.300003,99.300003,11540
2015-07-14,LOLC.N0000,100.9,102,100.5,100.5,17967
2015-07-15,LOLC.N0000,100,103,100,103,10126
2015-07-16,LOLC.N0000,102,107,100,106,53321
2015-07-17,LOLC.N0000,107.5,107.5,106,107.5,55563
2015-07-20,LOLC.N0000,107,107,101,106,1662
2015-07-22,LOLC.N0000,105.4,107.5,105.4,107,19646
2015-07-23,LOLC.N0000,107.4,109.5,105,105,3113
2015-07-24,LOLC.N0000,108.6,108.6,106,106,537341
2015-07-27,LOLC.N0000,109,109.8,106,106.5,18793
2015-07-28,LOLC.N0000,106.5,107,105,105.1,22850
2015-07-29,LOLC.N0000,106,107.2,105.6,107,103013
2015-07-30,LOLC.N0000,106,107,105.8,106,42171
2015-08-03,LOLC.N0000,107,108,106,108,26985
2015-08-04,LOLC.N0000,106,106.5,106,106,6480
2015-08-05,LOLC.N0000,106,108,106,108,46603
2015-08-06,LOLC.N0000,107,108.7,106.5,106.5,13843
2015-08-07,LOLC.N0000,106.2,108,106,108,22848
2015-08-10,LOLC.N0000,108.5,111.9,106.2,110,74212
2015-08-11,LOLC.N0000,111.4,115,110,113,106100
2015-08-12,LOLC.N0000,114.5,115.9,110,111,44463
2015-08-13,LOLC.N0000,111.5,114.9,108.5,110,44101
2015-08-14,LOLC.N0000,113.9,115.9,111,114,149855
2015-08-18,LOLC.N0000,115,116,114.3,114.5,49048
2015-08-19,LOLC.N0000,115,115.4,113.6,114.5,63612
2015-08-20,LOLC.N0000,113.6,113.6,112,112.9,38498
2015-08-21,LOLC.N0000,111.5,114,111.5,114,7503
2015-08-24,LOLC.N0000,114.9,114.9,109.9,110,35355
2015-08-25,LOLC.N0000,105.5,109.9,105.5,109,102
2015-08-27,LOLC.N0000,108.5,110,108,108,1900
2015-08-28,LOLC.N0000,107,109,107,108,36440
2015-09-01,LOLC.N0000,108,108.1,106,108,55192
2015-09-02,LOLC.N0000,106.4,106.4,105.6,105.6,155
2015-09-03,LOLC.N0000,105.6,106.1,105,105.5,61439
2015-09-04,LOLC.N0000,102.1,106,102.1,103.5,1250
2015-09-07,LOLC.N0000,102.6,102.6,100,101,61540
2015-09-09,LOLC.N0000,102,104,102,104,1145
2015-09-10,LOLC.N0000,104,104,101.5,101.5,27240
2015-09-14,LOLC.N0000,103.9,107.3,103.9,107,2200
2015-09-16,LOLC.N0000,100,104.8,100,100,74630
2015-09-17,LOLC.N0000,100,103,98,98,32360
2015-09-18,LOLC.N0000,98,98,97,97,524
2015-09-21,LOLC.N0000,97,98,96.5,98,30600
2015-09-22,LOLC.N0000,100,104,100,104,1675
2015-09-25,LOLC.N0000,98.5,99.900002,98.5,99.900002,551
2015-09-28,LOLC.N0000,98.5,100,96,96,82341
2015-09-29,LOLC.N0000,96,96,95,95,30850
2015-10-01,LOLC.N0000,98,99,95,95,4100
2015-10-02,LOLC.N0000,96,98,95.300003,98,10805
2015-10-05,LOLC.N0000,98,102.5,97,100,24514
2015-10-06,LOLC.N0000,99.800003,99.800003,96,99,199
2015-10-08,LOLC.N0000,97,98.699997,96.099998,96.099998,2210
2015-10-09,LOLC.N0000,97.5,99,96,97.5,3170
2015-10-12,LOLC.N0000,97.5,99.800003,96,96,11410
2015-10-13,LOLC.N0000,96,98,96,98,1290
2015-10-14,LOLC.N0000,96,96,95,95,5091
2015-10-19,LOLC.N0000,94,95,93.599998,95,1577
2015-10-21,LOLC.N0000,95,96,95,95,48745
2015-10-22,LOLC.N0000,95.099998,95.199997,95.099998,95.099998,1801
2015-10-23,LOLC.N0000,97.900002,98,95,95,3540
2015-10-26,LOLC.N0000,97.900002,97.900002,95.599998,95.599998,500
2015-10-28,LOLC.N0000,95.599998,97.900002,95.599998,95.699997,2010
2015-10-29,LOLC.N0000,96.5,97.699997,96.5,97.099998,3712
2015-10-30,LOLC.N0000,95.199997,97,95.199997,97,1471
2015-11-02,LOLC.N0000,95.5,95.5,95.199997,95.199997,15344
2015-11-03,LOLC.N0000,95.199997,95.300003,95.199997,95.199997,10701
2015-11-04,LOLC.N0000,95,95,94,94,1200
2015-11-05,LOLC.N0000,92,95,92,95,16978
2015-11-09,LOLC.N0000,94,94.699997,92,94.699997,6672
2015-11-11,LOLC.N0000,95.5,95.5,91.699997,92,7703
2015-11-13,LOLC.N0000,91.300003,91.300003,90.099998,90.5,5335
2015-11-16,LOLC.N0000,93,93,91.099998,91.099998,8445
2015-11-17,LOLC.N0000,91.5,95,91.5,94.900002,9019
2015-11-18,LOLC.N0000,94,95,94,95,4795
2015-11-19,LOLC.N0000,95,97.900002,94,97.900002,9008
2015-11-20,LOLC.N0000,95,96.5,94.5,96.5,8650
2015-11-23,LOLC.N0000,98,100,96.5,97,21255
2015-11-24,LOLC.N0000,97,97,95.199997,96,4150
2015-11-26,LOLC.N0000,95.199997,96,95,95,11701
2015-11-27,LOLC.N0000,95.5,95.5,94.5,94.5,1100
2015-12-01,LOLC.N0000,92.5,94.199997,91.5,92,53419
2015-12-04,LOLC.N0000,93.099998,93.900002,92.5,93.900002,5640
2015-12-07,LOLC.N0000,93.900002,93.900002,92.099998,92.099998,3422
2015-12-08,LOLC.N0000,93.400002,93.400002,91.599998,92.400002,7558
2015-12-09,LOLC.N0000,91.699997,93.5,91.699997,92,9405
2015-12-10,LOLC.N0000,91.800003,92,91.800003,92,2900
2015-12-11,LOLC.N0000,92,92,92,92,1200
2015-12-14,LOLC.N0000,92,92,91.5,91.5,500
2015-12-15,LOLC.N0000,92,92,91,91,1450
2015-12-17,LOLC.N0000,93.599998,93.599998,93.599998,93.599998,1
2015-12-22,LOLC.N0000,92,92,91.5,91.599998,515
2015-12-28,LOLC.N0000,91.5,94,91,94,16501
2015-12-30,LOLC.N0000,92,94,92,94,4495
2015-12-31,LOLC.N0000,94.699997,94.699997,91.5,91.5,5310
2016-01-04,LOLC.N0000,94.5,94.5,91.800003,91.900002,18153
2016-01-05,LOLC.N0000,91.800003,91.800003,91,91.5,12400
2016-01-06,LOLC.N0000,91.5,92,91,91,22611
2016-01-07,LOLC.N0000,91,91,90,90.5,58431
2016-01-08,LOLC.N0000,91,91,90,90,732
2016-01-11,LOLC.N0000,88.5,88.5,84.099998,88,2791
2016-01-12,LOLC.N0000,86,87,84,84,14673
2016-01-13,LOLC.N0000,84,85.5,83,84.300003,50702
2016-01-14,LOLC.N0000,83.099998,83.099998,80,80,4024
2016-01-18,LOLC.N0000,80,80,75,75.099998,7341
2016-01-19,LOLC.N0000,75,76.900002,65,76.5,34550
2016-01-20,LOLC.N0000,77.900002,78,70,71,4340
2016-01-21,LOLC.N0000,71.099998,78,71.099998,77,1310
2016-01-22,LOLC.N0000,77,78.900002,77,78.900002,135909
2016-01-25,LOLC.N0000,79,79,75,75,13801
2016-01-27,LOLC.N0000,78,78,75,75,1561
2016-01-28,LOLC.N0000,76,79.599998,76,79.599998,12924
2016-01-29,LOLC.N0000,80,80,79.900002,80,7959
2016-02-01,LOLC.N0000,79.699997,82,79.099998,81.699997,13210
2016-02-02,LOLC.N0000,81.900002,83,81.5,82,11217
2016-02-05,LOLC.N0000,80,80.099998,78,78,23000
2016-02-08,LOLC.N0000,77,81,77,81,710
2016-02-09,LOLC.N0000,77.5,80.5,77.5,80.5,175
2016-02-11,LOLC.N0000,77.5,78,77,78,1236
2016-02-12,LOLC.N0000,77.5,77.5,77,77,3978
2016-02-16,LOLC.N0000,79,79.900002,76,76,5028
2016-02-17,LOLC.N0000,75.199997,76.300003,74.5,76.300003,2402
2016-02-18,LOLC.N0000,76.699997,76.699997,75,75,415
2016-02-19,LOLC.N0000,75.5,77,74.5,75.5,2865
2016-02-23,LOLC.N0000,76,76,73,73,5726
2016-02-24,LOLC.N0000,72.099998,74,72,74,593
2016-02-25,LOLC.N0000,74,75,72.099998,73,8605
2016-02-26,LOLC.N0000,74.900002,75.599998,73.099998,75.599998,2354
2016-02-29,LOLC.N0000,75,75,75,75,49926
2016-03-01,LOLC.N0000,77,77,73.5,73.5,1032
2016-03-02,LOLC.N0000,73.5,73.5,72.099998,72.099998,5131
2016-03-03,LOLC.N0000,70,70.900002,69.099998,70.900002,8548
2016-03-08,LOLC.N0000,66.099998,68.199997,66,68.199997,4525
2016-03-10,LOLC.N0000,69.900002,72,69,70,43510
2016-03-11,LOLC.N0000,72.400002,72.800003,70,71.5,6594
2016-03-14,LOLC.N0000,71.300003,72.699997,70.199997,70.199997,2260
2016-03-15,LOLC.N0000,68.599998,69,68.599998,69,295
2016-03-16,LOLC.N0000,69,75,69,74.5,3861
2016-03-17,LOLC.N0000,74,76.699997,74,76.699997,558
2016-03-23,LOLC.N0000,75,76.699997,75,76.599998,602
2016-03-24,LOLC.N0000,76,76,74,76,5429
2016-03-28,LOLC.N0000,74.199997,74.199997,74,74,6624
2016-03-29,LOLC.N0000,72,75,71,75,1087
2016-03-30,LOLC.N0000,71.599998,73.5,70,71,22303
2016-03-31,LOLC.N0000,72,72.5,72,72,1550
2016-04-04,LOLC.N0000,71.099998,71.5,71.099998,71.5,450
2016-04-05,LOLC.N0000,71.5,76,71.5,76,4480
2016-04-06,LOLC.N0000,74,74,74,74,825
2016-04-07,LOLC.N0000,75,79,75,75.099998,9842
2016-04-08,LOLC.N0000,78.800003,84,77,77,12052
2016-04-11,LOLC.N0000,79.5,84.400002,78,84,16007
2016-04-12,LOLC.N0000,84.900002,88.5,82.400002,87.900002,22117
2016-04-14,LOLC.N0000,88.5,90,88.5,90,9541
2016-04-18,LOLC.N0000,90,90,85,88,5360
2016-04-19,LOLC.N0000,89.900002,89.900002,88,89.800003,895
2016-04-20,LOLC.N0000,89.900002,90,88,90,5400
2016-04-22,LOLC.N0000,86.5,90.900002,86.5,90,12494
2016-04-25,LOLC.N0000,89,89,89,89,1
2016-04-26,LOLC.N0000,86.199997,89.5,86.199997,86.300003,827
2016-04-27,LOLC.N0000,89.900002,89.900002,89.800003,89.800003,4
2016-04-29,LOLC.N0000,89.800003,89.900002,86,89.400002,2398
2016-05-03,LOLC.N0000,89.900002,92,89.5,89.5,10262
2016-05-04,LOLC.N0000,90,91.5,89.099998,90,20584
2016-05-05,LOLC.N0000,91.400002,91.400002,88.5,91,1802
2016-05-06,LOLC.N0000,90.800003,91,88.5,90,376
2016-05-09,LOLC.N0000,91,91,88,88,1007
2016-05-10,LOLC.N0000,90,90.5,89,90.5,2708
2016-05-11,LOLC.N0000,90.5,92.900002,90.5,92.699997,11117
2016-05-12,LOLC.N0000,92.800003,92.800003,90,92.5,431
2016-05-13,LOLC.N0000,90,90,90,90,810
2016-05-16,LOLC.N0000,92.900002,93,89,92.5,1686
2016-05-17,LOLC.N0000,89,91.900002,88.599998,88.900002,7800
2016-05-18,LOLC.N0000,91.400002,91.5,90,90.400002,6250
2016-05-19,LOLC.N0000,91,91,88.5,88.5,1177
2016-05-20,LOLC.N0000,88.599998,89,88,89,4055
2016-05-24,LOLC.N0000,89,89,87,87,6000
2016-05-25,LOLC.N0000,86.800003,90,86.800003,88,20238
2016-05-30,LOLC.N0000,89,90,88.599998,88.599998,870
2016-05-31,LOLC.N0000,88.599998,88.599998,88.599998,88.599998,3500
2016-06-02,LOLC.N0000,86,86,86,86,1780
2016-06-03,LOLC.N0000,88,89.900002,86.5,87.099998,49067
2016-06-06,LOLC.N0000,86.599998,86.599998,86.5,86.5,300
2016-06-08,LOLC.N0000,88,89.900002,87.5,87.5,8011
2016-06-09,LOLC.N0000,87,87.5,87,87,2005
2016-06-14,LOLC.N0000,85,85,85,85,175
2016-06-16,LOLC.N0000,87.900002,87.900002,85,85,3800
2016-06-17,LOLC.N0000,85,85,85,85,4100
2016-06-21,LOLC.N0000,83.099998,83.099998,81,82.199997,9738
2016-06-23,LOLC.N0000,80.800003,81,80,80,3314
2016-06-24,LOLC.N0000,78,80,78,79.900002,7801
2016-06-27,LOLC.N0000,77.800003,81.900002,77,81.900002,1910
2016-06-28,LOLC.N0000,80,82,79,79,8725
2016-06-29,LOLC.N0000,77,79.5,77,79.5,206
2016-06-30,LOLC.N0000,79.5,80,76,76,1100
2016-07-01,LOLC.N0000,79,79,79,79,2
2016-07-05,LOLC.N0000,78,85,78,85,18019
2016-07-07,LOLC.N0000,80.5,85,80.5,85,6300
2016-07-11,LOLC.N0000,84,84,82.5,82.5,1540
2016-07-12,LOLC.N0000,84.900002,87,84.900002,85.5,601
2016-07-14,LOLC.N0000,81.199997,85,81.199997,85,310
2016-07-15,LOLC.N0000,84.900002,84.900002,84.5,84.5,115
2016-07-18,LOLC.N0000,84,84.5,81.099998,82.199997,233819
2016-07-20,LOLC.N0000,83,84.099998,82,84,345222
2016-07-21,LOLC.N0000,82,83,81.5,82,354524
2016-07-22,LOLC.N0000,82,82,82,82,20500
2016-07-25,LOLC.N0000,82,83,81,81,208100
2016-07-26,LOLC.N0000,80.599998,80.599998,80,80,2000
2016-07-27,LOLC.N0000,80.099998,80.099998,80.099998,80.099998,205000
2016-07-28,LOLC.N0000,80,82.5,80,81.300003,328051
2016-08-01,LOLC.N0000,81,81,81,81,410000
2016-08-02,LOLC.N0000,81.800003,87.900002,81,87.900002,436078
2016-08-03,LOLC.N0000,86.5,86.5,84,85,488663
2016-08-04,LOLC.N0000,86,87.900002,85.300003,85.5,17375
2016-08-05,LOLC.N0000,86,89.900002,86,89.900002,511434
2016-08-08,LOLC.N0000,89.900002,90,85.099998,85.099998,8245
2016-08-09,LOLC.N0000,89,89,86,89,372580
2016-08-10,LOLC.N0000,90,90,87.099998,88,310855
2016-08-11,LOLC.N0000,90,92,87,87,2105
2016-08-12,LOLC.N0000,87,87.099998,87,87.099998,415087
2016-08-15,LOLC.N0000,87,87.099998,87,87,419398
2016-08-16,LOLC.N0000,88,89.900002,86.699997,87,412326
2016-08-18,LOLC.N0000,89,89,87,87,450500
2016-08-19,LOLC.N0000,88.5,88.5,86.699997,86.699997,2995
2016-08-22,LOLC.N0000,86.900002,88,86.699997,86.699997,2213
2016-08-23,LOLC.N0000,87,88.5,86,87.099998,28205
2016-08-24,LOLC.N0000,87.5,90,87.5,88.5,52919
2016-08-25,LOLC.N0000,89.900002,89.900002,86,88.5,11855
2016-08-26,LOLC.N0000,87.900002,87.900002,86,86,700
2016-08-29,LOLC.N0000,85.400002,85.800003,85.099998,85.800003,1402
2016-08-31,LOLC.N0000,86.800003,86.800003,85,85,8617
2016-09-02,LOLC.N0000,86,86,84.699997,84.699997,1085
2016-09-05,LOLC.N0000,85.900002,85.900002,84.5,84.5,1392
2016-09-06,LOLC.N0000,82,83,80,83,8800
2016-09-07,LOLC.N0000,83.5,83.900002,80.199997,83,6925
2016-09-08,LOLC.N0000,81,83.199997,81,83.199997,835
2016-09-09,LOLC.N0000,82.800003,82.800003,81.199997,81.199997,100
2016-09-13,LOLC.N0000,81.199997,85.800003,81.199997,85.800003,6277
2016-09-14,LOLC.N0000,84,84,84,84,7747
2016-09-15,LOLC.N0000,84,84,82.699997,84,4232
2016-09-19,LOLC.N0000,84.099998,84.099998,82.599998,82.599998,251
2016-09-20,LOLC.N0000,82.400002,83.800003,82,82,1714
2016-09-22,LOLC.N0000,82,86,82,82,18510
2016-09-23,LOLC.N0000,82,82,81,81,9050
2016-09-26,LOLC.N0000,81.099998,82,81,81.099998,6738
2016-09-27,LOLC.N0000,81.199997,82,80.5,80.699997,12095
2016-09-28,LOLC.N0000,80.900002,81.5,80,80,251163
2016-09-29,LOLC.N0000,80,84,80,82,35700
2016-09-30,LOLC.N0000,82,83,82,82,5750
2016-10-03,LOLC.N0000,82,83.5,82,83.5,1600
2016-10-04,LOLC.N0000,83,83.900002,83,83.400002,3001
2016-10-05,LOLC.N0000,83.5,83.5,83,83,3844
2016-10-06,LOLC.N0000,81.5,82,81.5,81.5,6029
2016-10-07,LOLC.N0000,82,83,81.699997,82.900002,59920
2016-10-10,LOLC.N0000,83,83.900002,82.5,83,12189
2016-10-11,LOLC.N0000,82,83,82,82,19427
2016-10-12,LOLC.N0000,82.900002,83.5,82,82,18765
2016-10-13,LOLC.N0000,82.900002,82.900002,81.099998,81.099998,1630
2016-10-17,LOLC.N0000,81.199997,81.199997,80,80,7867
2016-10-18,LOLC.N0000,80,82,80,81.800003,9700
2016-10-19,LOLC.N0000,81.300003,81.300003,80,81,4780
2016-10-20,LOLC.N0000,80.199997,80.199997,79.5,79.5,4300
2016-10-21,LOLC.N0000,80,81,80,81,10470
2016-10-24,LOLC.N0000,81,81,80.900002,81,357493
2016-10-25,LOLC.N0000,81,81.099998,81,81.099998,77600
2016-10-27,LOLC.N0000,81.099998,81.099998,80.699997,81,2080
2016-10-28,LOLC.N0000,80.199997,80.199997,80,80,1250
2016-10-31,LOLC.N0000,80,80,79,79,2588
2016-11-01,LOLC.N0000,79,80,79,79,5674
2016-11-03,LOLC.N0000,79,80,79,80,3416
2016-11-04,LOLC.N0000,79,80,79,80,603
2016-11-07,LOLC.N0000,79.900002,80.300003,79.5,80,14200
2016-11-09,LOLC.N0000,79.5,79.5,79.099998,79.099998,67
2016-11-10,LOLC.N0000,79,79.5,78.5,79.5,1771
2016-11-11,LOLC.N0000,80,80,78.099998,78.099998,440
2016-11-14,LOLC.N0000,78.099998,78.099998,78.099998,78.099998,30
2016-11-16,LOLC.N0000,78.300003,78.300003,77,77,3256
2016-11-17,LOLC.N0000,77,78,77,78,741
2016-11-21,LOLC.N0000,76,76,76,76,2687
2016-11-22,LOLC.N0000,75.099998,75.099998,75.099998,75.099998,1000
2016-11-24,LOLC.N0000,75.199997,77,75.099998,77,1144
2016-11-29,LOLC.N0000,79.300003,79.300003,79.300003,79.300003,100
2016-11-30,LOLC.N0000,79.300003,79.300003,73.099998,79,9455
2016-12-01,LOLC.N0000,76,78.5,76,77.699997,1950
2016-12-02,LOLC.N0000,77.699997,77.699997,76.800003,77,5500
2016-12-05,LOLC.N0000,78.5,79.400002,78,79,1015
2016-12-06,LOLC.N0000,79.5,79.5,77,78.900002,800
2016-12-09,LOLC.N0000,78.900002,78.900002,76,78.900002,254
2016-12-13,LOLC.N0000,76,78.900002,75.5,76,765
2016-12-15,LOLC.N0000,78,78,76.099998,76.099998,600011
2016-12-19,LOLC.N0000,76,76,76,76,251
2016-12-21,LOLC.N0000,74,74.5,74,74.5,2116
2016-12-22,LOLC.N0000,73.099998,73.099998,73,73,1000
2016-12-23,LOLC.N0000,72.099998,72.099998,72,72,100
2016-12-27,LOLC.N0000,73,75,73,75,2019
2016-12-28,LOLC.N0000,73,73,72.5,72.5,11650
2016-12-30,LOLC.N0000,72.5,72.5,72.5,72.5,4802
2017-01-03,LOLC.N0000,74,74,71.199997,72,4007
2017-01-04,LOLC.N0000,72.5,72.5,72.5,72.5,401
2017-01-05,LOLC.N0000,72,72.5,72,72.5,365
2017-01-06,LOLC.N0000,72.5,72.5,72.5,72.5,50
2017-01-09,LOLC.N0000,71.5,72.5,71.5,72.5,8509
2017-01-10,LOLC.N0000,74.5,79,72.5,72.5,671
2017-01-11,LOLC.N0000,72.5,72.5,72.5,72.5,6830
2017-01-12,LOLC.N0000,73,73,72.900002,73,540
2017-01-16,LOLC.N0000,72.300003,72.300003,72.300003,72.300003,10
2017-01-17,LOLC.N0000,72.5,72.5,72,72,405
2017-01-19,LOLC.N0000,71,71,70.5,70.5,5212
2017-01-24,LOLC.N0000,70.300003,70.300003,68,70,9142
2017-01-26,LOLC.N0000,68,68,68,68,1
2017-01-31,LOLC.N0000,69.900002,70,69,69,14033
2017-02-01,LOLC.N0000,70,70,68.5,69.5,2354
2017-02-03,LOLC.N0000,68.099998,68.099998,65,65,2067
2017-02-06,LOLC.N0000,65.099998,65.099998,65,65.099998,300
2017-02-07,LOLC.N0000,65.199997,67,65,67,2930
2017-02-13,LOLC.N0000,65.800003,68,65.800003,68,1324
2017-02-14,LOLC.N0000,66.5,66.5,66,66,13412
2017-02-15,LOLC.N0000,66,66,65,65,9497
2017-02-16,LOLC.N0000,65.900002,66.699997,65,65,18934
2017-02-20,LOLC.N0000,65,65,62.5,64.099998,13958
2017-02-21,LOLC.N0000,62.400002,64.400002,62.099998,62.5,710
2017-02-22,LOLC.N0000,62.599998,64.900002,62.5,64.900002,3254
2017-02-27,LOLC.N0000,64,64,62.799999,62.799999,1208
2017-03-01,LOLC.N0000,63,63,62.700001,62.700001,1323
2017-03-02,LOLC.N0000,62.700001,63.5,62.700001,63,3803
2017-03-03,LOLC.N0000,62.599998,63,62,62,7334
2017-03-06,LOLC.N0000,63.099998,63.099998,60.5,60.5,16657
2017-03-07,LOLC.N0000,60.200001,61,59,59,13724
2017-03-08,LOLC.N0000,62.5,62.5,61,62.5,43
2017-03-09,LOLC.N0000,60.799999,62.5,60.799999,62,1860
2017-03-13,LOLC.N0000,61.5,61.5,60.900002,61,2158
2017-03-14,LOLC.N0000,60.299999,60.299999,60.200001,60.200001,3400
2017-03-15,LOLC.N0000,60.200001,60.200001,60,60,9522
2017-03-16,LOLC.N0000,60,60,59.5,59.5,4580
2017-03-17,LOLC.N0000,60,61.299999,60,61.299999,5054
2017-03-20,LOLC.N0000,61.900002,62.700001,61.5,61.5,10964
2017-03-21,LOLC.N0000,62,63,62,62.900002,40780
2017-03-22,LOLC.N0000,62.799999,62.799999,61.5,61.5,82449
2017-03-23,LOLC.N0000,61.5,61.5,60,60,6082
2017-03-24,LOLC.N0000,60,61,60,60,3031
2017-03-27,LOLC.N0000,60,60,60,60,2990
2017-03-28,LOLC.N0000,60,60,59.900002,60,27186
2017-03-29,LOLC.N0000,60.200001,61.5,60,61,20607
2017-03-30,LOLC.N0000,60.099998,62.900002,60,60.099998,2900
2017-03-31,LOLC.N0000,60.099998,62.400002,60,62.400002,20547
2017-04-03,LOLC.N0000,62,62,60.5,60.5,4350
2017-04-04,LOLC.N0000,62,63,61,63,15854
2017-04-05,LOLC.N0000,63.799999,66,63.799999,66,19898
2017-04-06,LOLC.N0000,66.5,69,65,68,34656
2017-04-07,LOLC.N0000,67.599998,71.800003,67.599998,68.699997,5330
2017-04-11,LOLC.N0000,69.900002,71.400002,69.900002,71.400002,7935
2017-04-12,LOLC.N0000,71.800003,73.5,71.5,72.199997,58448
2017-04-17,LOLC.N0000,73.900002,74,72.5,73,43447
2017-04-18,LOLC.N0000,73,74.900002,73,74.5,20728
2017-04-19,LOLC.N0000,74.900002,77,74.900002,77,29705
2017-04-20,LOLC.N0000,77,83,77,82.5,285723
2017-04-21,LOLC.N0000,82,87.099998,82,85.5,104894
2017-04-24,LOLC.N0000,85.099998,85.900002,82,84.5,48138
2017-04-26,LOLC.N0000,84.5,86.900002,82.099998,86.900002,38699
2017-04-27,LOLC.N0000,86.800003,86.800003,84,85.099998,51790
2017-04-28,LOLC.N0000,85.400002,88.400002,85,88.300003,188777
2017-05-02,LOLC.N0000,88.400002,88.400002,86,87.699997,28860
2017-05-03,LOLC.N0000,85.5,89.900002,83,84.099998,30962
2017-05-04,LOLC.N0000,84,85.5,83.5,85,49160
2017-05-05,LOLC.N0000,85,85,80.099998,85,4011
2017-05-08,LOLC.N0000,85.5,88.300003,85,88,13275
2017-05-09,LOLC.N0000,88,90,87.900002,90,122077
2017-05-12,LOLC.N0000,90,91,90,90,75152
2017-05-15,LOLC.N0000,90,94,90,93.300003,16803
2017-05-16,LOLC.N0000,93.400002,97.199997,93.400002,97,107053
2017-05-17,LOLC.N0000,97,97.199997,95.5,96,37611
2017-05-18,LOLC.N0000,96.800003,97.400002,95,96.5,160199
2017-05-19,LOLC.N0000,96.900002,98.900002,96.400002,98.5,82289
2017-05-22,LOLC.N0000,100,102.5,100,102,87935
2017-05-23,LOLC.N0000,102,102,101.4,101.5,26436
2017-05-24,LOLC.N0000,101.5,102.3,101,102,40756
2017-05-25,LOLC.N0000,102,102.5,100.6,102.5,46134
2017-05-26,LOLC.N0000,103,105.6,103,105.5,129831
2017-05-29,LOLC.N0000,104,105.9,104,104,29853
2017-05-30,LOLC.N0000,104,104,102.1,102.2,13740
2017-05-31,LOLC.N0000,102.9,104.5,102.9,103,6108
2017-06-01,LOLC.N0000,105,109.9,104.6,105,125011
2017-06-02,LOLC.N0000,105,105,101,101,79533
2017-06-05,LOLC.N0000,103.3,104,99.5,100,50896
2017-06-06,LOLC.N0000,100.3,100.3,97.5,100,59259
2017-06-07,LOLC.N0000,100,103.9,99,103.5,199879
2017-06-09,LOLC.N0000,103.5,103.5,102,102.2,6920
2017-06-12,LOLC.N0000,103.5,104.9,102.7,104.8,105610
2017-06-13,LOLC.N0000,104.5,104.5,102.1,102.5,44297
2017-06-14,LOLC.N0000,103.3,104.5,103,104,43816
2017-06-15,LOLC.N0000,104.5,109.5,104.5,108.4,193926
2017-06-16,LOLC.N0000,108,110,108,108.5,64224
2017-06-19,LOLC.N0000,109,109.5,106,106,16444
2017-06-20,LOLC.N0000,105.1,108.6,105,107.6,12750
2017-06-21,LOLC.N0000,107.6,108.4,106.2,107,10085
2017-06-22,LOLC.N0000,106.5,109.5,106.5,107,98831
2017-06-23,LOLC.N0000,107.4,108.5,107,108.5,19367
2017-06-27,LOLC.N0000,107,108.9,106.7,107,21699
2017-06-28,LOLC.N0000,107,107,106.9,107,76042
2017-06-29,LOLC.N0000,107,108.8,107,108.8,53283
2017-06-30,LOLC.N0000,109,114,109,113.4,110179
2017-07-03,LOLC.N0000,113,118.9,112.9,117.7,240939
2017-07-04,LOLC.N0000,117.6,117.7,116,117,25938
2017-07-05,LOLC.N0000,116.9,116.9,113.1,115,30488
2017-07-06,LOLC.N0000,115,117,115,117,85883
2017-07-07,LOLC.N0000,117,117,116,116,22624
2017-07-10,LOLC.N0000,116,116.8,116,116,22759
2017-07-11,LOLC.N0000,116,116,114.5,115,110994
2017-07-12,LOLC.N0000,114.5,115,113.7,114.9,7351
2017-07-13,LOLC.N0000,114,115,113.7,113.7,1121
2017-07-14,LOLC.N0000,113.7,115,113.7,113.9,18215
2017-07-17,LOLC.N0000,114,114,112,112,17592
2017-07-18,LOLC.N0000,111.9,112.5,110.6,110.6,55895
2017-07-19,LOLC.N0000,111.9,111.9,110,110,116913
2017-07-20,LOLC.N0000,111.9,111.9,109.7,109.7,181405
2017-07-21,LOLC.N0000,110,110,107.1,107.1,67800
2017-07-24,LOLC.N0000,107.2,112.5,107.2,110.2,108170
2017-07-25,LOLC.N0000,110.5,111.9,110,111.5,7263
2017-07-26,LOLC.N0000,110.5,110.5,109.9,110,75895
2017-07-27,LOLC.N0000,111,111.9,110,110,10295
2017-07-28,LOLC.N0000,112,112,109,110,25730
2017-07-31,LOLC.N0000,110,111.5,110,111.5,3046
2017-08-01,LOLC.N0000,110,110,110,110,72571
2017-08-02,LOLC.N0000,109,109,109,109,5804
2017-08-03,LOLC.N0000,109,109.9,109,109,7233
2017-08-04,LOLC.N0000,108,108,108,108,11071
2017-08-08,LOLC.N0000,109,109,108,108,14208
2017-08-09,LOLC.N0000,108,108.5,108,108,6107
2017-08-11,LOLC.N0000,107.9,109,107.9,108,9195
2017-08-14,LOLC.N0000,108,108.5,108,108.5,10959
2017-08-15,LOLC.N0000,108.3,109.5,108.3,108.3,16204
2017-08-16,LOLC.N0000,109,109.5,108,108.1,12487
2017-08-17,LOLC.N0000,109,115.9,108,113.5,178837
2017-08-18,LOLC.N0000,114,118.7,114,118,266804
2017-08-21,LOLC.N0000,118.5,120,118.1,118.9,73180
2017-08-22,LOLC.N0000,118.9,118.9,116,116.5,3722
2017-08-23,LOLC.N0000,115.8,116.9,115.7,116.9,11206
2017-08-24,LOLC.N0000,118,118,116,116,6927
2017-08-25,LOLC.N0000,118,121,116.1,120,366545
2017-08-28,LOLC.N0000,120,121,119,120,149310
2017-08-29,LOLC.N0000,120,120.3,119,120,88183
2017-08-30,LOLC.N0000,119.9,121,119.9,121,96135
2017-08-31,LOLC.N0000,120,121,120,121,41505
2017-09-04,LOLC.N0000,121,121.9,120.1,120.4,11179
2017-09-06,LOLC.N0000,120.1,120.5,120,120.5,59379
2017-09-07,LOLC.N0000,121,129.5,121,129.5,291594
2017-09-08,LOLC.N0000,130,130,126.6,128,23973
2017-09-11,LOLC.N0000,128,128,128,128,20228
2017-09-12,LOLC.N0000,126.7,128,126,128,51899
2017-09-13,LOLC.N0000,127,127.5,125,125.2,47658
2017-09-14,LOLC.N0000,125.2,126,124.3,124.3,11061
2017-09-15,LOLC.N0000,124.6,127,124.6,127,38876
2017-09-18,LOLC.N0000,125.5,125.5,125,125.5,10802
2017-09-19,LOLC.N0000,125.5,127,125,127,64802
2017-09-20,LOLC.N0000,127,127.5,126,127.5,33834
2017-09-21,LOLC.N0000,126,126.9,125.1,126,5660
2017-09-22,LOLC.N0000,126,126,125.3,125.5,2242
2017-09-25,LOLC.N0000,125.3,126,125.1,125.1,33043
2017-09-26,LOLC.N0000,125.1,126.5,125.1,125.2,14357
2017-09-27,LOLC.N0000,125.3,127.1,125.3,126.9,172573
2017-09-28,LOLC.N0000,126.5,128,126.5,127.5,14701
2017-09-29,LOLC.N0000,127.5,127.5,127,127,393
2017-10-02,LOLC.N0000,127,135,127,132,299891
2017-10-03,LOLC.N0000,132.10001,135,132.10001,133,53201
2017-10-04,LOLC.N0000,133,139.89999,133,138.5,182622
2017-10-06,LOLC.N0000,138.5,138.89999,137.5,138.89999,52177
2017-10-09,LOLC.N0000,138,138,137,137.5,97585
2017-10-10,LOLC.N0000,136.5,138,136.5,138,69634
2017-10-11,LOLC.N0000,138,142.5,138,141.5,246755
2017-10-12,LOLC.N0000,141.5,145,141,141,52184
2017-10-13,LOLC.N0000,141,142,139,139,14749
2017-10-16,LOLC.N0000,139.7,140,138.10001,139,13702
2017-10-17,LOLC.N0000,138.5,139.5,138,139,24179
2017-10-19,LOLC.N0000,139,140,138,139,54663
2017-10-20,LOLC.N0000,138,139,133.5,133.5,104714
2017-10-23,LOLC.N0000,135,135,133,133,10012
2017-10-24,LOLC.N0000,134,134,133,134,9150
2017-10-25,LOLC.N0000,133.5,134,133,133.5,18511
2017-10-26,LOLC.N0000,132.5,133.5,132.2,133.5,5221
2017-10-27,LOLC.N0000,132.2,133,132.2,133,39062
2017-10-30,LOLC.N0000,132.10001,133,130,130,68154
2017-10-31,LOLC.N0000,130.10001,132,130.10001,130.5,17705
2017-11-01,LOLC.N0000,130.5,137,130.5,137,39339
2017-11-02,LOLC.N0000,137,139,137,137,14147
2017-11-06,LOLC.N0000,137,140,137,138,47252
2017-11-07,LOLC.N0000,138,138,137.5,138,4036
2017-11-08,LOLC.N0000,137,138,137,138,18474
2017-11-09,LOLC.N0000,138,138,137,137,4986
2017-11-10,LOLC.N0000,138,138,137,137,2223
2017-11-13,LOLC.N0000,138,138,136.60001,136.60001,200
2017-11-14,LOLC.N0000,132.89999,132.89999,131,131.2,606
2017-11-15,LOLC.N0000,131.10001,131.5,131,131,13817
2017-11-16,LOLC.N0000,130.60001,130.60001,129,129,11160
2017-11-17,LOLC.N0000,127.1,130.5,127,130,3750
2017-11-20,LOLC.N0000,129,129,127,127,42282
2017-11-21,LOLC.N0000,125.4,126,124.6,125,9760
2017-11-23,LOLC.N0000,125,126,122,123,21734
2017-11-24,LOLC.N0000,122.2,124,121,121,18567
2017-11-27,LOLC.N0000,125,125,118,118.5,11140
2017-11-28,LOLC.N0000,118,118,118,118,3000
2017-11-30,LOLC.N0000,118.1,119.5,118.1,119.5,110
2017-12-04,LOLC.N0000,119.5,120,119.4,120,3200
2017-12-06,LOLC.N0000,119,119,118.1,118.5,1562
2017-12-07,LOLC.N0000,118.5,119.1,118.5,119,2435
2017-12-08,LOLC.N0000,118.6,119,118.5,119,2150
2017-12-11,LOLC.N0000,119,119,117,117,26600
2017-12-12,LOLC.N0000,116.5,116.5,115.5,115.5,6802
2017-12-14,LOLC.N0000,115.2,115.5,115,115.1,7000
2017-12-15,LOLC.N0000,115.1,115.1,112,115,25324
2017-12-19,LOLC.N0000,116,116,112.1,114,919
2017-12-20,LOLC.N0000,114,114,112.1,112.1,3117
2017-12-21,LOLC.N0000,113.5,114,113.5,114,1005
2017-12-25,LOLC.N0000,117.9,117.9,117.9,117.9,10
2017-12-26,LOLC.N0000,117.9,118,115,115,2623
2017-12-29,LOLC.N0000,115.7,115.7,115,115,5500
2018-01-01,LOLC.N0000,117.9,120,114.5,114.5,1433
2018-01-03,LOLC.N0000,118.4,123.8,118.3,123.8,5883
2018-01-04,LOLC.N0000,117,120,116,120,1205
2018-01-05,LOLC.N0000,120,123,115,120,30063
2018-01-08,LOLC.N0000,120,123,116.3,123,5428
2018-01-09,LOLC.N0000,122.9,123,120.4,120.4,1583
2018-01-10,LOLC.N0000,120.4,122.9,120.4,122,2838
2018-01-12,LOLC.N0000,121,121,119,119,2570
2018-01-16,LOLC.N0000,119,120.2,119,120,14556
2018-01-17,LOLC.N0000,120,121,120,120,4668
2018-01-18,LOLC.N0000,120,120,119.9,119.9,10517
2018-01-22,LOLC.N0000,119,119,115.5,115.5,5001
2018-01-24,LOLC.N0000,115.1,115.1,115.1,115.1,689
2018-01-25,LOLC.N0000,115.2,115.5,115.2,115.5,1804
2018-01-26,LOLC.N0000,116.9,116.9,116.9,116.9,2000
2018-01-30,LOLC.N0000,117,124.4,117,120,29250
2018-01-31,LOLC.N0000,117,117,117,117,86
2018-02-02,LOLC.N0000,123,123,117,117,6265
2018-02-06,LOLC.N0000,123.7,126.2,123,124.5,28414
2018-02-07,LOLC.N0000,124.5,125,123,124,3907
2018-02-08,LOLC.N0000,124,124.9,123,123.5,25287
2018-02-14,LOLC.N0000,120,120.1,119,120,12350
2018-02-16,LOLC.N0000,122.5,122.5,120,120,14567
2018-02-20,LOLC.N0000,120.8,120.8,119.1,120,5957
2018-02-21,LOLC.N0000,119,119,119,119,1500
2018-02-22,LOLC.N0000,118.1,118.1,118.1,118.1,193
2018-02-23,LOLC.N0000,118.1,119.5,118,119.5,11200
2018-02-26,LOLC.N0000,120,120,118,118,22858
2018-02-27,LOLC.N0000,119.8,119.8,116.7,116.7,12378
2018-02-28,LOLC.N0000,116.7,118,116,116,21996
2018-03-01,LOLC.N0000,115.1,115.1,115.1,115.1,80
2018-03-06,LOLC.N0000,116.1,116.1,114.4,115,132848
2018-03-07,LOLC.N0000,115,115,114.5,114.5,3300
2018-03-09,LOLC.N0000,113.6,113.6,111.5,113.5,159607
2018-03-13,LOLC.N0000,113,116,113,113.5,19960
2018-03-14,LOLC.N0000,114.5,114.5,112,112,10035
2018-03-15,LOLC.N0000,115,115,111.9,111.9,1115
2018-03-16,LOLC.N0000,115.6,115.6,111.8,111.8,202
2018-03-19,LOLC.N0000,111.9,111.9,111.6,111.6,3601
2018-03-20,LOLC.N0000,112,115,112,115,866
2018-03-21,LOLC.N0000,113,113,112,112,3356
2018-03-22,LOLC.N0000,111.6,113,111,111.1,8316
2018-03-23,LOLC.N0000,112,112,111.1,112,4240
2018-03-26,LOLC.N0000,113.5,113.5,111.2,111.2,30832
2018-03-27,LOLC.N0000,112,112,111,111,917
2018-03-28,LOLC.N0000,110.2,120,90,118,142670882
2018-03-29,LOLC.N0000,120,122,118,118,41832
2018-04-02,LOLC.N0000,118,118.1,117.1,118.1,70674
2018-04-03,LOLC.N0000,118.1,119.5,118.1,118.5,8284
2018-04-04,LOLC.N0000,118.5,121.1,118.5,121,16289
2018-04-05,LOLC.N0000,121.9,125,121.9,123.8,75313
2018-04-06,LOLC.N0000,124.9,125,123.8,123.8,16817
2018-04-09,LOLC.N0000,123.6,123.8,123.6,123.6,2776
2018-04-10,LOLC.N0000,124,129,124,129,111823
2018-04-11,LOLC.N0000,129.2,131,129,130.10001,43618
2018-04-12,LOLC.N0000,132,138,132,134.5,139021
2018-04-16,LOLC.N0000,134.5,135.5,133,133.5,13900
2018-04-17,LOLC.N0000,133,133,130.5,132,28314
2018-04-18,LOLC.N0000,131.5,131.60001,131,131.5,5250
2018-04-19,LOLC.N0000,131,131,127.5,127.5,39179
2018-04-23,LOLC.N0000,131,131,128.60001,130,17476
2018-04-24,LOLC.N0000,128.5,130.2,128.5,130,30611
2018-04-25,LOLC.N0000,130,132,129,129,3987
2018-04-26,LOLC.N0000,133,133,124,125,28738
2018-04-27,LOLC.N0000,128.3,130,127,127,5970
2018-05-01,LOLC.N0000,127,127,126,126,2551
2018-05-02,LOLC.N0000,126,126,126,126,10
2018-05-03,LOLC.N0000,126,126,125,125,3788
2018-05-04,LOLC.N0000,124,125.5,121.6,121.6,4595
2018-05-08,LOLC.N0000,124,124,119.1,119.1,19912
2018-05-09,LOLC.N0000,119.2,120,119,119,3227
2018-05-10,LOLC.N0000,119.5,119.5,116.5,116.5,5652
2018-05-14,LOLC.N0000,116.4,118.5,115,115.1,72865
2018-05-15,LOLC.N0000,115.1,119,115,117.9,11471
2018-05-16,LOLC.N0000,118,122,117,120,11934
2018-05-17,LOLC.N0000,123.9,123.9,118.9,118.9,9174
2018-05-18,LOLC.N0000,117.3,119,117,119,15509
2018-05-21,LOLC.N0000,117,117.1,115,115.1,20655
2018-05-23,LOLC.N0000,118,118,116,116,270
2018-05-24,LOLC.N0000,115.5,117.9,115.5,116,10453
2018-05-25,LOLC.N0000,117,117,115.1,115.1,7217
2018-05-28,LOLC.N0000,115.1,116,115.1,115.1,1855
2018-05-30,LOLC.N0000,115.1,115.5,115.1,115.5,250
2018-05-31,LOLC.N0000,115.1,116.1,115.1,115.5,42696
2018-06-01,LOLC.N0000,116,116,115,115,21
2018-06-05,LOLC.N0000,114.5,115,114.5,114.8,13708
2018-06-07,LOLC.N0000,114,114,110,110,107774
2018-06-08,LOLC.N0000,110,112,110,110,51044
2018-06-12,LOLC.N0000,110,110,105.1,109,3615
2018-06-13,LOLC.N0000,109,109,105,105,17888
2018-06-14,LOLC.N0000,105,105,105,105,6367
2018-06-18,LOLC.N0000,103.1,103.1,100,103,27440
2018-06-19,LOLC.N0000,101,103,100,103,2621
2018-06-20,LOLC.N0000,100,100,99.099998,99.099998,2848
2018-06-21,LOLC.N0000,100,100,96,100,953
2018-06-22,LOLC.N0000,96.5,100,96.5,100,244
2018-06-25,LOLC.N0000,100,105,100,100,36932
2018-06-26,LOLC.N0000,100,104,100,100,13557
2018-06-27,LOLC.N0000,100,100,100,100,600
2018-06-29,LOLC.N0000,98.5,98.599998,98,98,2700
2018-07-03,LOLC.N0000,97,97,92.900002,92.900002,5543
2018-07-04,LOLC.N0000,92.900002,92.900002,90,90,28957
2018-07-05,LOLC.N0000,90,96,90,96,12873
2018-07-06,LOLC.N0000,95,95,92,93,6313
2018-07-09,LOLC.N0000,93.099998,93.099998,90,90,11502
2018-07-10,LOLC.N0000,90,94.900002,90,94,693
2018-07-11,LOLC.N0000,91,94,91,94,7332
2018-07-12,LOLC.N0000,95,105,95,95,5128
2018-07-13,LOLC.N0000,94.5,96.5,94.5,96.5,1088
2018-07-16,LOLC.N0000,95.5,95.599998,92,93,12515
2018-07-17,LOLC.N0000,94,96,94,94,738
2018-07-18,LOLC.N0000,94.099998,94.099998,94,94,551
2018-07-20,LOLC.N0000,92.699997,95,92.599998,95,11686
2018-07-24,LOLC.N0000,93,97.400002,93,93.199997,10197
2018-07-26,LOLC.N0000,92.5,94.800003,92.099998,92.300003,621
2018-07-30,LOLC.N0000,94.800003,94.800003,92,92,803
2018-07-31,LOLC.N0000,91.900002,92,91.900002,92,2097
2018-08-01,LOLC.N0000,90.5,90.5,90,90,7442
2018-08-03,LOLC.N0000,90.199997,92,90.199997,92,204
2018-08-07,LOLC.N0000,92,92,91,91,400
2018-08-08,LOLC.N0000,90,90.099998,88,88,8409
2018-08-09,LOLC.N0000,90,91.800003,89.900002,91,5115
2018-08-10,LOLC.N0000,90,90,90,90,1530
2018-08-13,LOLC.N0000,89.900002,89.900002,88,88,163
2018-08-14,LOLC.N0000,91.900002,91.900002,85.5,86,27130
2018-08-15,LOLC.N0000,86,86,86,86,5
2018-08-16,LOLC.N0000,88,88,88,88,500
2018-08-17,LOLC.N0000,88,88,87.400002,87.400002,700
2018-08-20,LOLC.N0000,87.400002,87.400002,87.400002,87.400002,1
2018-08-23,LOLC.N0000,87,89.900002,87,89.900002,7028
2018-08-24,LOLC.N0000,87,87,87,87,511
2018-08-28,LOLC.N0000,87,88,87,88,22675
2018-08-29,LOLC.N0000,90,90,90,90,751
2018-08-30,LOLC.N0000,88.5,90,88.5,90,9120
2018-09-03,LOLC.N0000,87.599998,90,87.199997,90,18466
2018-09-04,LOLC.N0000,89.5,89.5,89.5,89.5,1500
2018-09-05,LOLC.N0000,89.400002,96,89.400002,96,26621
2018-09-10,LOLC.N0000,91,91,89,89,600
2018-09-12,LOLC.N0000,91,91,88.300003,89,7132
2018-09-13,LOLC.N0000,88.400002,90.900002,88.400002,90,10725
2018-09-17,LOLC.N0000,89,89,88.5,88.5,14982
2018-09-19,LOLC.N0000,88,88.900002,87,87,9132
2018-09-20,LOLC.N0000,87,87,86,86,5130
2018-09-21,LOLC.N0000,87,88,87,88,6466
2018-09-25,LOLC.N0000,87,87,86,86,11724
2018-09-26,LOLC.N0000,86.5,89,86.5,89,14770
2018-09-27,LOLC.N0000,87.5,87.599998,87.5,87.5,2534
2018-09-28,LOLC.N0000,87.5,87.5,85,86.099998,12626
2018-10-01,LOLC.N0000,85.099998,86,85,86,28986
2018-10-02,LOLC.N0000,88,88,86.099998,86.099998,730
2018-10-03,LOLC.N0000,86.099998,86.5,85.099998,86.5,365
2018-10-05,LOLC.N0000,86.199997,90,86.199997,90,7346
2018-10-08,LOLC.N0000,90,90,90,90,1161
2018-10-10,LOLC.N0000,90,90,90,90,380
2018-10-12,LOLC.N0000,89,89,87.400002,87.400002,503
2018-10-15,LOLC.N0000,85.300003,85.599998,85.199997,85.599998,1400
2018-10-16,LOLC.N0000,85.599998,86,85.599998,86,1884
2018-10-17,LOLC.N0000,88,88,85,85,252
2018-10-19,LOLC.N0000,85,85,82.400002,84.900002,5840
2018-10-23,LOLC.N0000,83.099998,86,82.5,86,2307
2018-10-25,LOLC.N0000,86.900002,87,86.900002,87,115
2018-10-26,LOLC.N0000,86.900002,86.900002,86.900002,86.900002,215
2018-10-29,LOLC.N0000,92,92,88.199997,90,5240
2018-10-30,LOLC.N0000,88.5,90.099998,88.5,90.099998,1784
2018-10-31,LOLC.N0000,90.5,92,90.5,92,745
2018-11-01,LOLC.N0000,94,100,94,100,22072
2018-11-05,LOLC.N0000,98,98,95,97.900002,33561
2018-11-07,LOLC.N0000,94.5,94.5,91,94,3872
2018-11-09,LOLC.N0000,93,97.5,93,97.5,431
2018-11-12,LOLC.N0000,90.699997,97,90.599998,92,227284
2018-11-13,LOLC.N0000,91.099998,91.099998,87,88,1024
2018-11-14,LOLC.N0000,90,90,90,90,2415
2018-11-16,LOLC.N0000,90,90,87.5,88.099998,40681
2018-11-20,LOLC.N0000,89.900002,90,89.900002,90,111
2018-11-23,LOLC.N0000,88,88,88,88,1115
2018-11-26,LOLC.N0000,88,88,88,88,800
2018-11-27,LOLC.N0000,90,90,90,90,15
2018-11-28,LOLC.N0000,90,90,88,88.099998,2212
2018-11-29,LOLC.N0000,90,90,88.300003,88.300003,2812
2018-11-30,LOLC.N0000,90,91,88,89.900002,4060
2018-12-04,LOLC.N0000,86.599998,89.5,86.099998,89,23166
2018-12-05,LOLC.N0000,87,88.900002,86,88.900002,4062
2018-12-06,LOLC.N0000,88.300003,93,88.300003,93,20992
2018-12-07,LOLC.N0000,88.300003,91.800003,88.300003,91.800003,1301
2018-12-10,LOLC.N0000,91,91,91,91,111
2018-12-12,LOLC.N0000,90,90,90,90,412
2018-12-13,LOLC.N0000,90,90,90,90,1308
2018-12-14,LOLC.N0000,89,89,88.599998,88.599998,1400
2018-12-18,LOLC.N0000,88.599998,90,88.5,90,32015
2018-12-19,LOLC.N0000,87.5,87.5,87,87,200
2018-12-21,LOLC.N0000,87,87,87,87,200
2018-12-24,LOLC.N0000,90,90,90,90,1111
2018-12-25,LOLC.N0000,87.099998,89.900002,87.099998,89.900002,329
2018-12-27,LOLC.N0000,88.5,88.5,88.5,88.5,1026
2018-12-31,LOLC.N0000,89.900002,90,89.900002,90,411
2019-01-01,LOLC.N0000,88.699997,88.699997,88.599998,88.599998,300
2019-01-03,LOLC.N0000,89,89,89,89,122
2019-01-07,LOLC.N0000,89,89,88.699997,88.699997,3311
2019-01-09,LOLC.N0000,89.099998,89.099998,88.699997,89,5017
2019-01-11,LOLC.N0000,88.5,89,88,89,56432
2019-01-14,LOLC.N0000,88.5,89,88.5,89,11401
2019-01-16,LOLC.N0000,89,89,88.5,88.5,4681
2019-01-17,LOLC.N0000,88.5,88.599998,88.5,88.5,9470
2019-01-21,LOLC.N0000,91.900002,91.900002,88,88,2471
2019-01-22,LOLC.N0000,89,89,88,88,278215
2019-01-23,LOLC.N0000,88.5,90,88.5,90,113
2019-01-24,LOLC.N0000,88.099998,89,88,88,1289
2019-01-29,LOLC.N0000,89,92.900002,89,91.800003,133
2019-01-30,LOLC.N0000,90,90,89,89,382
2019-01-31,LOLC.N0000,89,91.5,89,91.5,510
2019-02-01,LOLC.N0000,91.5,91.5,91.199997,91.199997,111
2019-02-05,LOLC.N0000,90.900002,91.199997,90.900002,91.199997,109
2019-02-07,LOLC.N0000,91.199997,91.199997,91.199997,91.199997,110
2019-02-08,LOLC.N0000,91,91.199997,91,91.199997,7092
2019-02-11,LOLC.N0000,91.199997,91.199997,91,91,5809
2019-02-12,LOLC.N0000,91.400002,91.5,89,89,6427
2019-02-13,LOLC.N0000,90,91.5,90,91.5,1225
2019-02-14,LOLC.N0000,91.5,93,91,93,55786
2019-02-20,LOLC.N0000,88,88,88,88,4803
2019-02-21,LOLC.N0000,87.199997,91,87.199997,89,5135
2019-02-25,LOLC.N0000,88.099998,94.5,88.099998,94,13331
2019-02-26,LOLC.N0000,94,94.5,89,92,460
2019-02-27,LOLC.N0000,89.5,90.5,88.5,88.5,25221
2019-02-28,LOLC.N0000,88.199997,90.5,88.199997,89,9245
2019-03-01,LOLC.N0000,89,97.099998,89,94.400002,23009
2019-03-05,LOLC.N0000,94.400002,99.400002,94.400002,98.900002,38576
2019-03-06,LOLC.N0000,96,100,95,96.5,26589
2019-03-07,LOLC.N0000,96.800003,96.800003,96.800003,96.800003,300
2019-03-12,LOLC.N0000,92,92,92,92,112
2019-03-13,LOLC.N0000,92,92,90,90,1634
2019-03-14,LOLC.N0000,93,93,93,93,10
2019-03-18,LOLC.N0000,90.199997,90.199997,90,90,1269
2019-03-19,LOLC.N0000,92.800003,95,92.800003,93,37
2019-03-21,LOLC.N0000,90,93,89,93,152
2019-03-25,LOLC.N0000,89,90,88.800003,88.800003,405
2019-03-26,LOLC.N0000,89,90.699997,88.800003,90.699997,4983
2019-03-28,LOLC.N0000,90,90.699997,90,90.699997,901
2019-03-29,LOLC.N0000,90,90,88.800003,90,636
2019-04-01,LOLC.N0000,88.900002,90.699997,88.800003,90.699997,1145
2019-04-02,LOLC.N0000,89,92,88.800003,90,436893
2019-04-03,LOLC.N0000,90,90,90,90,20200
2019-04-08,LOLC.N0000,92,95,90,90,30459
2019-04-09,LOLC.N0000,90,90,90,90,7006
2019-04-10,LOLC.N0000,90,94.900002,90,90,39220
2019-04-11,LOLC.N0000,90,94.900002,90,90,39704
2019-04-15,LOLC.N0000,94,94,94,94,75
2019-04-17,LOLC.N0000,94,98.099998,94,94,259
2019-04-18,LOLC.N0000,90.199997,93.900002,90,90,12257
2019-04-23,LOLC.N0000,88,88,88,88,5344
2019-04-24,LOLC.N0000,87,87,86,86,3340
2019-04-25,LOLC.N0000,87,87,86,86,11659
2019-04-26,LOLC.N0000,89.5,89.5,89.5,89.5,1
2019-04-29,LOLC.N0000,86,89.5,86,89.5,326
2019-04-30,LOLC.N0000,89.5,90,89.5,89.900002,211
2019-05-02,LOLC.N0000,90,90,86,89.800003,3508
2019-05-03,LOLC.N0000,89.5,89.5,86,86,613
2019-05-06,LOLC.N0000,88.5,88.5,86,86.099998,17340
2019-05-07,LOLC.N0000,88.300003,88.699997,86.199997,86.199997,4281
2019-05-08,LOLC.N0000,88.599998,88.599998,86.199997,87,1172
2019-05-09,LOLC.N0000,87.199997,88,86.199997,86.199997,1842
2019-05-10,LOLC.N0000,88.5,94.5,87.099998,87.5,11017
2019-05-13,LOLC.N0000,90,92.5,87.5,87.5,10761
2019-05-14,LOLC.N0000,87.5,88.599998,87.5,87.5,16138
2019-05-15,LOLC.N0000,87.5,92,87.5,88,22328
2019-05-16,LOLC.N0000,89.5,89.5,87.5,88,745
2019-05-17,LOLC.N0000,88,88.5,88,88,10114
2019-05-21,LOLC.N0000,88.5,90,88.5,89,2473
2019-05-22,LOLC.N0000,90,90,88,88,4451
2019-05-23,LOLC.N0000,89.5,89.5,89.5,89.5,182
2019-05-24,LOLC.N0000,89,89,88.5,88.5,327
2019-05-27,LOLC.N0000,88.199997,88.199997,88,88,4827
2019-05-28,LOLC.N0000,90,90,88.199997,90,3500
2019-05-29,LOLC.N0000,90,90,90,90,165
2019-05-30,LOLC.N0000,90,90,88.900002,88.900002,601
2019-06-03,LOLC.N0000,90,90,88.599998,89.5,736
2019-06-04,LOLC.N0000,89.900002,89.900002,88.400002,88.400002,4000
2019-06-05,LOLC.N0000,92,92,91.5,91.900002,432
2019-06-06,LOLC.N0000,91.900002,91.900002,91.900002,91.900002,300
2019-06-10,LOLC.N0000,90,90,90,90,709
2019-06-12,LOLC.N0000,90,93.400002,89,93.400002,5379
2019-06-13,LOLC.N0000,90,91,90,91,1800
2019-06-18,LOLC.N0000,89.699997,90,89.699997,89.699997,611
2019-06-19,LOLC.N0000,91.5,92,90,92,2063
2019-06-20,LOLC.N0000,92.5,92.5,90,90,112
2019-06-21,LOLC.N0000,90,90,89.599998,89.599998,608
2019-06-25,LOLC.N0000,90,90.400002,90,90,1112
2019-06-27,LOLC.N0000,90,91.300003,90,91.300003,3680
2019-06-28,LOLC.N0000,91,91,90,91,485
2019-07-01,LOLC.N0000,91,91.300003,90.5,91.300003,187
2019-07-02,LOLC.N0000,91.300003,92,90,91,229
2019-07-03,LOLC.N0000,91,93.800003,90.300003,90.300003,440
2019-07-04,LOLC.N0000,93.199997,93.300003,93.199997,93.300003,107
2019-07-05,LOLC.N0000,93.300003,93.800003,91.099998,93.800003,3514
2019-07-08,LOLC.N0000,90.099998,94.400002,90.099998,93.800003,3016
2019-07-09,LOLC.N0000,93.800003,95,93.300003,95,2180
2019-07-10,LOLC.N0000,95,100,95,97.099998,7199
2019-07-11,LOLC.N0000,97.099998,104.9,97.099998,102,33278
2019-07-12,LOLC.N0000,102,105,101.5,103.5,2510
2019-07-15,LOLC.N0000,103.5,104.4,103.5,104,3067
2019-07-17,LOLC.N0000,103.9,105.3,102.5,104,13203
2019-07-18,LOLC.N0000,104,107,104,104,5443
2019-07-19,LOLC.N0000,103.5,103.7,103.5,103.7,3999
2019-07-22,LOLC.N0000,102.1,103.7,100.5,103.7,2977
2019-07-23,LOLC.N0000,100.3,104,100.2,104,2731
2019-07-24,LOLC.N0000,102,102,101.5,102,21739
2019-07-25,LOLC.N0000,104.9,105,101,101,16995
2019-07-26,LOLC.N0000,104,105,101.5,105,4838
2019-07-29,LOLC.N0000,102,105.5,102,105.5,25012
2019-07-30,LOLC.N0000,105.5,109.8,103.6,106,59176
2019-07-31,LOLC.N0000,107.5,109,105,109,8266
2019-08-01,LOLC.N0000,109,114.8,108,110,44763
2019-08-02,LOLC.N0000,110,125,110,122.2,124047
2019-08-05,LOLC.N0000,124,128,123.1,127,84514
2019-08-06,LOLC.N0000,127,127,120,123,27075
2019-08-07,LOLC.N0000,123,125.9,120.3,123,8646
2019-08-08,LOLC.N0000,123,124,122,124,1806
2019-08-09,LOLC.N0000,124,125.5,121,125,45896
2019-08-13,LOLC.N0000,125,127,125,126,62002
2019-08-15,LOLC.N0000,126.9,129.8,126,126,46262
2019-08-16,LOLC.N0000,127,127.9,125,125,25006
2019-08-19,LOLC.N0000,127,127,123,124.5,880
2019-08-20,LOLC.N0000,126.8,127,124,127,81315
2019-08-21,LOLC.N0000,128,131,128,129.5,80952
2019-08-22,LOLC.N0000,129,129,128.10001,128.89999,1446
2019-08-23,LOLC.N0000,128,129.89999,125.7,128,12716
2019-08-26,LOLC.N0000,126,126,125.6,125.6,953
2019-08-27,LOLC.N0000,125.6,126,125,125.5,940
2019-08-28,LOLC.N0000,125.5,125.5,125,125,5092
2019-08-29,LOLC.N0000,122.1,126,122.1,125,2399
2019-08-30,LOLC.N0000,125.5,130,125,129.10001,99320
2019-09-02,LOLC.N0000,130,131,128,128,49793
2019-09-03,LOLC.N0000,129,130,128.89999,129,26150
2019-09-04,LOLC.N0000,128,128,126,126,4885
2019-09-05,LOLC.N0000,126,127,125,125.1,23452
2019-09-06,LOLC.N0000,125,126,123,125,9036
2019-09-09,LOLC.N0000,125.1,130,125.1,129.10001,112012
2019-09-10,LOLC.N0000,128,128,127,127,1035
2019-09-11,LOLC.N0000,127,127.1,127,127,6965
2019-09-12,LOLC.N0000,129.39999,129.39999,126.4,129,20607
2019-09-16,LOLC.N0000,127.2,129.5,127.2,129.5,276
2019-09-17,LOLC.N0000,126.4,126.4,126.3,126.3,458
2019-09-18,LOLC.N0000,125.5,128,125.1,128,755
2019-09-19,LOLC.N0000,125.2,125.2,125.2,125.2,100
2019-09-23,LOLC.N0000,125.2,127.4,125,125,13610
2019-09-24,LOLC.N0000,126.9,126.9,122.2,122.2,186
2019-09-25,LOLC.N0000,125,127,124.5,125,51981
2019-09-26,LOLC.N0000,127,127,125,127,200
2019-10-01,LOLC.N0000,126,126,120.1,125,5250
2019-10-02,LOLC.N0000,125,125,121.1,121.1,113
2019-10-03,LOLC.N0000,123.2,127,123,125,86047
2019-10-07,LOLC.N0000,125,127,120.2,127,515
2019-10-08,LOLC.N0000,127,127,123,127,2149
2019-10-09,LOLC.N0000,127,128,123,127.5,25382
2019-10-10,LOLC.N0000,125,125,122,122,6001
2019-10-11,LOLC.N0000,123.5,129.8,123.5,129.8,2589
2019-10-14,LOLC.N0000,128.89999,129,124.1,125,45465
2019-10-15,LOLC.N0000,124.1,127.5,120,120.5,97821
2019-10-16,LOLC.N0000,124.9,124.9,118.1,122.9,51249
2019-10-17,LOLC.N0000,122,124.9,120,121,92641
2019-10-18,LOLC.N0000,123.9,124,118,118,87838
2019-10-21,LOLC.N0000,122.9,122.9,115.7,118.5,50412
2019-10-22,LOLC.N0000,116,118,114,114,53993
2019-10-23,LOLC.N0000,117.5,117.5,114,116.9,15349
2019-10-24,LOLC.N0000,114.2,114.5,114,114.5,440
2019-10-25,LOLC.N0000,117,117,114.1,117,6612
2019-10-28,LOLC.N0000,114,117.8,113,117,9222
2019-10-29,LOLC.N0000,120,120,115.5,119.8,9796
2019-10-30,LOLC.N0000,118.9,118.9,118.9,118.9,2514
2019-10-31,LOLC.N0000,119.9,120,119.5,120,6905
2019-11-01,LOLC.N0000,120,123.8,119,120,17461
2019-11-04,LOLC.N0000,119,120,118,118,3394
2019-11-05,LOLC.N0000,120,120,118,118,2628
2019-11-07,LOLC.N0000,120,120,118,118,2280
2019-11-08,LOLC.N0000,121,121,117,117.5,3073
2019-11-12,LOLC.N0000,118,118,117.9,118,2200
2019-11-14,LOLC.N0000,118,118.1,117.9,118.1,1210
2019-11-15,LOLC.N0000,119,119,116,119,10251
2019-11-18,LOLC.N0000,120,123,120,122,62779
2019-11-19,LOLC.N0000,122,122,119,121.8,399
2019-11-20,LOLC.N0000,119.1,120,119,119,31660
2019-11-21,LOLC.N0000,119,121,117.6,117.6,1463
2019-11-25,LOLC.N0000,118.7,118.7,113.6,113.6,1101
2019-11-26,LOLC.N0000,119.4,119.4,119.4,119.4,8
2019-11-28,LOLC.N0000,115,117.5,114,116,6102
2019-12-02,LOLC.N0000,115,115.1,115,115,350
2019-12-04,LOLC.N0000,115.2,117.3,114,117.3,14824
2019-12-05,LOLC.N0000,117.3,117.3,117,117.3,540
2019-12-10,LOLC.N0000,114.5,114.5,114,114,12559
2019-12-12,LOLC.N0000,116.8,129,116.8,129,327956
2019-12-13,LOLC.N0000,129,133.89999,127.6,128,87381
2019-12-16,LOLC.N0000,128,129,126.3,126.6,33488
2019-12-17,LOLC.N0000,126.1,126.1,123.5,124.7,4656
2019-12-18,LOLC.N0000,124.8,126.5,124.7,126,2420
2019-12-19,LOLC.N0000,125,127.9,125,127.9,6453
2019-12-20,LOLC.N0000,128,128,125.3,127,34961
2019-12-23,LOLC.N0000,128,128,126,126,995
2019-12-24,LOLC.N0000,127.5,127.8,126.1,127,980
2019-12-26,LOLC.N0000,126.1,132,126.1,132,7785
2019-12-27,LOLC.N0000,127.1,148.89999,127.1,146,1062380
2019-12-30,LOLC.N0000,150,182.10001,150,180.2,1400539
2019-12-31,LOLC.N0000,185,194.89999,175.89999,178,1731020
2020-01-02,LOLC.N0000,180.60001,182.60001,165,169,404781
2020-01-03,LOLC.N0000,170,178.5,165.10001,170,716272
2020-01-06,LOLC.N0000,172,173,167.60001,169,122575
2020-01-07,LOLC.N0000,175,178,163,165,306427
2020-01-08,LOLC.N0000,166.8,166.8,151,155,137817
2020-01-09,LOLC.N0000,158,169.5,158,166.39999,157709
2020-01-13,LOLC.N0000,169.5,169.89999,160.2,162,94515
2020-01-14,LOLC.N0000,165,165,161,163.7,3628
2020-01-16,LOLC.N0000,162.3,162.3,159,160,19319
2020-01-17,LOLC.N0000,159.10001,162,159.10001,159.5,17893
2020-01-20,LOLC.N0000,160,161.8,159,159.2,17160
2020-01-21,LOLC.N0000,159.2,160,159,160,26787
2020-01-22,LOLC.N0000,160,160.5,158.3,158.5,154703
2020-01-23,LOLC.N0000,158.5,160,158.3,159,97679
2020-01-24,LOLC.N0000,160,160,155,155.10001,11497
2020-01-27,LOLC.N0000,157,157,152,153,57068
2020-01-28,LOLC.N0000,152.10001,152.5,151.10001,152.5,101673
2020-01-29,LOLC.N0000,152,157.3,152,156.89999,49671
2020-01-30,LOLC.N0000,158,158,153.10001,155,12185
2020-01-31,LOLC.N0000,154,155,153.3,154.2,10858
2020-02-03,LOLC.N0000,153.3,153.39999,152,152.5,23720
2020-02-05,LOLC.N0000,152,153.3,152,153.3,18944
2020-02-06,LOLC.N0000,152.39999,152.39999,150,150,35649
2020-02-07,LOLC.N0000,149.89999,150.5,149,150,7412
2020-02-10,LOLC.N0000,149.89999,149.89999,147.5,147.5,5596
2020-02-11,LOLC.N0000,146.60001,147,145.7,146.39999,8298
2020-02-12,LOLC.N0000,146.2,146.39999,142.2,145,6330
2020-02-13,LOLC.N0000,144.10001,147.8,144.10001,147,22689
2020-02-14,LOLC.N0000,147.5,147.5,145.10001,145.2,10047
2020-02-17,LOLC.N0000,146.3,148.89999,143,143,56870
2020-02-18,LOLC.N0000,143,144.7,142.5,142.5,8455
2020-02-19,LOLC.N0000,148,148,143.7,146,12732
2020-02-20,LOLC.N0000,147.8,147.8,143.60001,143.60001,5223
2020-02-24,LOLC.N0000,143.60001,144,141.3,141.3,5757
2020-02-25,LOLC.N0000,143,143,135.5,138.89999,30493
2020-02-26,LOLC.N0000,135,138,131.10001,132.5,27942
2020-02-27,LOLC.N0000,134.7,140,131.3,133,132072
2020-02-28,LOLC.N0000,133,136,129.2,129.5,29224
2020-03-02,LOLC.N0000,131.5,135.8,130,134.89999,12963
2020-03-03,LOLC.N0000,135.89999,138,133,133,19806
2020-03-04,LOLC.N0000,132,132,128.10001,129,35252
2020-03-05,LOLC.N0000,130,132,125,127,48943
2020-03-06,LOLC.N0000,126.7,126.7,122.1,122.5,36823
2020-03-10,LOLC.N0000,121,121,113.8,118,81449
2020-03-11,LOLC.N0000,116,124,116,122,17036
2020-03-12,LOLC.N0000,122,122,105,113,72350
2020-03-13,LOLC.N0000,110,110,95,105,156109
2020-03-19,LOLC.N0000,99.400002,99.400002,88,90,117224
2020-05-12,LOLC.N0000,90,90,86.099998,89,115569
2020-05-13,LOLC.N0000,90.099998,100,90.099998,97,99983
2020-05-14,LOLC.N0000,100,100.1,93.5,94,168991
2020-05-15,LOLC.N0000,100,103,93.5,95.900002,72724
2020-05-18,LOLC.N0000,95,105,93,103.5,295142
2020-05-19,LOLC.N0000,107,116,101,105,179835
2020-05-20,LOLC.N0000,106,110,101.1,107.5,150325
2020-05-21,LOLC.N0000,108,118,108,118,147732
2020-05-22,LOLC.N0000,118,122,111.2,115,501537
2020-05-26,LOLC.N0000,116.9,117,112,112.5,45524
2020-05-27,LOLC.N0000,112,115,109.8,112,36928
2020-05-28,LOLC.N0000,113,115.3,111.2,115.3,76301
2020-05-29,LOLC.N0000,115,119.8,113.5,114,231677
2020-06-01,LOLC.N0000,114.6,114.7,110,114,16223
2020-06-02,LOLC.N0000,114.8,114.8,110.6,113.5,4327
2020-06-03,LOLC.N0000,112,114,110.8,111,16408
2020-06-04,LOLC.N0000,114,114,110.6,111,9162
2020-06-08,LOLC.N0000,114.9,114.9,110.7,113.5,21531
2020-06-09,LOLC.N0000,115,115,111.5,112.5,69247
2020-06-10,LOLC.N0000,112.1,118.5,112,115.2,2512515
2020-06-11,LOLC.N0000,118.5,120.5,116.6,117.9,3258168
2020-06-12,LOLC.N0000,118.5,120.6,116.8,119.9,3349046
2020-06-15,LOLC.N0000,120,121,117,118.6,3895662
2020-06-16,LOLC.N0000,120,121.5,119.2,119.3,475404
2020-06-17,LOLC.N0000,119.9,123,119,123,1954946
2020-06-18,LOLC.N0000,124,126.5,122,122,511004
2020-06-19,LOLC.N0000,122.1,124.9,121,123.9,429157
2020-06-22,LOLC.N0000,124,130,124,128.5,825617
2020-06-23,LOLC.N0000,131,132.5,125,129,569471
2020-06-24,LOLC.N0000,129,129,125,126.7,348940
2020-06-25,LOLC.N0000,127,127,123.8,124.9,443808
2020-06-26,LOLC.N0000,124,126,122.5,124.5,1358660
2020-06-29,LOLC.N0000,125,127,123.6,124.4,91429
2020-06-30,LOLC.N0000,126,126,123,124,207165
2020-07-01,LOLC.N0000,123.5,124.4,122.5,123.5,104825
2020-07-02,LOLC.N0000,123.5,123.5,121,122,209547
2020-07-03,LOLC.N0000,121.9,122,119.5,120,266507
2020-07-06,LOLC.N0000,120,123.4,119,121.9,79021
2020-07-07,LOLC.N0000,122,122.9,120,121.9,39240
2020-07-08,LOLC.N0000,121,122,119.8,120,216896
2020-07-09,LOLC.N0000,120,126,120,125.9,1703974
2020-07-10,LOLC.N0000,125,125,120,122.1,823905
2020-07-13,LOLC.N0000,119,122.1,111,119.5,539942
2020-07-14,LOLC.N0000,116,126.7,116,123,873201
2020-07-15,LOLC.N0000,125,125,120,123.7,263824
2020-07-16,LOLC.N0000,124,126,124,125.5,227371
2020-07-17,LOLC.N0000,125.5,127.5,125.5,126,223360
2020-07-20,LOLC.N0000,126,127,124.6,125.4,153056
2020-07-21,LOLC.N0000,125.6,125.9,123,125.5,55024
2020-07-22,LOLC.N0000,125,125.4,124,124,81752
2020-07-23,LOLC.N0000,124.9,125,124.2,124.5,29300
2020-07-24,LOLC.N0000,124.5,124.9,123.5,124.5,210415
2020-07-27,LOLC.N0000,125.5,126,124.5,125,424779
2020-07-28,LOLC.N0000,125,126.5,124,124.4,77367
2020-07-29,LOLC.N0000,124.5,126.4,124.5,126.3,497695
2020-07-30,LOLC.N0000,126.3,131.39999,125.9,129,870499
2020-07-31,LOLC.N0000,130,135.5,129.5,135.5,877318
2020-08-04,LOLC.N0000,136,138.89999,135.8,136.5,443634
2020-08-06,LOLC.N0000,137,138,135.2,136.89999,200492
2020-08-07,LOLC.N0000,139,139,135.7,138,634803
2020-08-10,LOLC.N0000,134,139.7,130.2,139,734650
2020-08-11,LOLC.N0000,140,144.7,139.89999,142.39999,1223398
2020-08-12,LOLC.N0000,143.89999,146,143.89999,144.2,681086
2020-08-13,LOLC.N0000,144.2,144.39999,140.10001,141.10001,111124
2020-08-14,LOLC.N0000,141,144.5,140.2,143.89999,271591
2020-08-17,LOLC.N0000,144,145,141,143,100175
2020-08-18,LOLC.N0000,144.5,157,142.89999,156,980905
2020-08-19,LOLC.N0000,158,167.5,158,166.10001,892193
2020-08-20,LOLC.N0000,168,169,160.60001,163.60001,1323789
2020-08-21,LOLC.N0000,165,165,158.8,159,652577
2020-08-24,LOLC.N0000,163,163,156.3,157.89999,536329
2020-08-25,LOLC.N0000,158,158,153,154,1238238
2020-08-26,LOLC.N0000,150,150,138,143.10001,1702440
2020-08-27,LOLC.N0000,143.2,143.2,136.89999,140.5,955482
2020-08-28,LOLC.N0000,141,141.39999,136,139,530182
2020-08-31,LOLC.N0000,140,140,137.60001,140,112571
2020-09-02,LOLC.N0000,140,143.7,139.2,142.5,130225
2020-09-03,LOLC.N0000,143.2,143.5,141.60001,141.8,70722
2020-09-04,LOLC.N0000,142,142,137.89999,138.60001,149232
2020-09-07,LOLC.N0000,138.7,138.89999,137,137.10001,105699
2020-09-08,LOLC.N0000,137.2,138.5,136.5,136.89999,225748
2020-09-09,LOLC.N0000,137,139.89999,134.60001,135.5,117430
2020-09-10,LOLC.N0000,136,139,134,136.39999,634137
2020-09-11,LOLC.N0000,137.5,138.89999,136.7,137,25125
2020-09-14,LOLC.N0000,138.39999,138.39999,136.7,137.5,65192
2020-09-15,LOLC.N0000,137.5,138.5,134.89999,135.60001,306229
2020-09-16,LOLC.N0000,135.60001,137,135,136,120233
2020-09-17,LOLC.N0000,136.5,137,133.7,134.89999,660493
2020-09-18,LOLC.N0000,136,139.89999,134.3,138,285950
2020-09-21,LOLC.N0000,140,140,137,137.10001,98143
2020-09-22,LOLC.N0000,137.5,137.8,135,135.89999,197624
2020-09-23,LOLC.N0000,136,136,133.89999,135,90918
2020-09-24,LOLC.N0000,135.3,135.3,133,134,117606
2020-09-25,LOLC.N0000,134,134.5,133,133.10001,51895
2020-09-28,LOLC.N0000,133,133.3,130,133.3,286738
2020-09-29,LOLC.N0000,132.10001,132.5,129.89999,130,450063
2020-09-30,LOLC.N0000,130,133.39999,128.7,129,173088
2020-10-02,LOLC.N0000,131,134.8,131,132.60001,354061
2020-10-05,LOLC.N0000,129,129,120,122.1,316537
2020-10-06,LOLC.N0000,119.3,128,117.1,120,343332
2020-10-07,LOLC.N0000,119.7,124,119.7,120,468249
2020-10-08,LOLC.N0000,123,124.5,122,123,53011
2020-10-09,LOLC.N0000,124.5,124.8,122.5,122.6,181646
2020-10-12,LOLC.N0000,124,124,121,121.5,136409
2020-10-13,LOLC.N0000,122,122,119.5,119.8,143060
2020-10-14,LOLC.N0000,120,127.7,120,126.1,168956
2020-10-15,LOLC.N0000,126.5,127,124,125,140883
2020-10-16,LOLC.N0000,125.7,136.5,123,131.5,474990
2020-10-19,LOLC.N0000,133,134.8,131,131.5,65638
2020-10-20,LOLC.N0000,134.8,134.8,128.5,129,78669
2020-10-21,LOLC.N0000,128.7,132.8,121.8,121.8,168808
2020-10-22,LOLC.N0000,121.6,125,119,123,148220
2020-10-23,LOLC.N0000,125,127,122.4,122.4,43758
2020-10-26,LOLC.N0000,118,124,118,120.1,64620
2020-10-27,LOLC.N0000,122,122.6,119.8,121,44341
2020-10-28,LOLC.N0000,122,122.7,118,119.9,244965
2020-10-29,LOLC.N0000,118.1,123.5,118.1,123.5,16421
2020-11-02,LOLC.N0000,122,123,119.9,121,704674
2020-11-03,LOLC.N0000,120.1,123.2,120.1,123.2,17126
2020-11-04,LOLC.N0000,121.8,128,120,127,292807
2020-11-05,LOLC.N0000,126.2,135.89999,126.2,135.2,626712
2020-11-06,LOLC.N0000,136.5,139,135,135,504493
2020-11-09,LOLC.N0000,136.2,136.2,130.2,132.89999,212107
2020-11-10,LOLC.N0000,132.89999,134,131,131.5,62002
2020-11-11,LOLC.N0000,132,132.39999,130,132,67412
2020-11-12,LOLC.N0000,131.10001,131.89999,129,131.7,43167
2020-11-13,LOLC.N0000,129.89999,134,129.89999,133.5,167250
2020-11-16,LOLC.N0000,136,138,132.39999,132.39999,123955
2020-11-17,LOLC.N0000,133,133.5,131,132.89999,121166
2020-11-18,LOLC.N0000,132.5,132.60001,130.10001,130.60001,41340
2020-11-19,LOLC.N0000,130.10001,130.5,129.8,129.89999,27618
2020-11-20,LOLC.N0000,130,131.89999,130,131,19769
2020-11-23,LOLC.N0000,130.10001,131,128.39999,129.89999,23552
2020-11-24,LOLC.N0000,130,131,129,129.10001,66063
2020-11-25,LOLC.N0000,130,130,129.10001,129.2,25966
2020-11-26,LOLC.N0000,129.2,132,129,132,437331
2020-11-27,LOLC.N0000,132,135.3,132,132.89999,35481
2020-11-30,LOLC.N0000,133,133,130.2,131,37704
2020-12-01,LOLC.N0000,131,134,131,133.89999,165657
2020-12-02,LOLC.N0000,134,135.2,133,133.8,107646
2020-12-03,LOLC.N0000,134,134.5,131.5,132.60001,50390
2020-12-04,LOLC.N0000,133,133.89999,133,133.10001,32376
2020-12-07,LOLC.N0000,134,136.60001,133,136,210908
2020-12-08,LOLC.N0000,136.5,140,136.5,138.5,258220
2020-12-09,LOLC.N0000,139.8,146.7,136.60001,145,1443610
2020-12-10,LOLC.N0000,147,148.5,140.60001,141,639943
2020-12-11,LOLC.N0000,142,142,136,137.5,142987
2020-12-14,LOLC.N0000,140,140.5,137.89999,138,101115
2020-12-15,LOLC.N0000,140,140,137.8,137.89999,251952
2020-12-16,LOLC.N0000,140,141.3,137.89999,140,331795
2020-12-17,LOLC.N0000,142.5,145,136,138.89999,677880
2020-12-18,LOLC.N0000,139.5,140,137.5,138.3,57772
2020-12-21,LOLC.N0000,139,139,136,136,504270
2020-12-22,LOLC.N0000,136.2,139,135.2,136,259033
2020-12-23,LOLC.N0000,135.39999,137,134.8,134.8,448770
2020-12-24,LOLC.N0000,137.5,137.7,134,137,151173
2020-12-28,LOLC.N0000,137.8,137.8,135.10001,135.5,46194
2020-12-30,LOLC.N0000,135.5,137,135.5,135.7,186484
2020-12-31,LOLC.N0000,136,137.60001,134.89999,135,122146
2021-01-04,LOLC.N0000,136,141,136,139,459626
2021-01-05,LOLC.N0000,140.5,143.89999,139,142.5,723008
2021-01-06,LOLC.N0000,142.5,147.5,140,147,799562
2021-01-07,LOLC.N0000,148,158.5,145,158,2986626
2021-01-08,LOLC.N0000,160.5,164,154,155,1202240
2021-01-11,LOLC.N0000,155,161,154,160,1050371
2021-01-12,LOLC.N0000,162,171,160,170,1397385
2021-01-13,LOLC.N0000,181,191.5,178,182.5,3681331
2021-01-15,LOLC.N0000,185,226.75,185,226.75,5646934
2021-01-18,LOLC.N0000,263,283.25,248.5,267.75,4955508
2021-01-19,LOLC.N0000,262,270.25,225,230,2336541
2021-01-20,LOLC.N0000,230,244.25,220,235,1499331
2021-01-21,LOLC.N0000,236,289.5,235,288,3012627
2021-01-22,LOLC.N0000,310,351.25,305.75,351.25,5410995
2021-01-25,LOLC.N0000,395,399.5,371,380,4260334
2021-01-26,LOLC.N0000,385,437,363,435,4560243
2021-01-27,LOLC.N0000,460,521.5,455,521.5,4999560
2021-01-29,LOLC.N0000,562,574,498.25,520,3830005
2021-02-01,LOLC.N0000,510,545,485,506,2699110
2021-02-02,LOLC.N0000,515,525,392.5,466,1815660
2021-02-03,LOLC.N0000,481,510,460,484.75,1837371
2021-02-05,LOLC.N0000,489,495,465,470,681854
2021-02-08,LOLC.N0000,480,480,430,438,666508
2021-02-09,LOLC.N0000,440,440,404,418.5,1166384
2021-02-10,LOLC.N0000,425,437.75,402,406,779657
2021-02-11,LOLC.N0000,417.5,424.75,325,401,1051038
2021-02-12,LOLC.N0000,415,445,390,445,1168714
2021-02-15,LOLC.N0000,455,480,425,425.75,1235492
2021-02-16,LOLC.N0000,415,415,350,355,1967550
2021-02-17,LOLC.N0000,351,359.75,300,344,1372828
2021-02-18,LOLC.N0000,359.75,412,340,405,1580704
2021-02-19,LOLC.N0000,410,418,370,398,1527778
2021-02-22,LOLC.N0000,405,405,373,377,491398
2021-02-23,LOLC.N0000,389,389,350.25,355,575112
2021-02-24,LOLC.N0000,351,375,351,358,695192
2021-02-25,LOLC.N0000,372,378,352,365.25,209038
2021-03-01,LOLC.N0000,367,375.25,356.25,359.5,83401
2021-03-02,LOLC.N0000,360,360,344,349.5,251037
2021-03-03,LOLC.N0000,350,350,315,332.5,736388
2021-03-04,LOLC.N0000,332,338,296,303.25,1835592
2021-03-05,LOLC.N0000,299.75,310,285,308,526938
2021-03-08,LOLC.N0000,312,330,301.5,330,829496
2021-03-09,LOLC.N0000,331,348,319,320,845453
2021-03-10,LOLC.N0000,329,329,310,318,73790
2021-03-12,LOLC.N0000,326.5,327,315,315,180158
2021-03-15,LOLC.N0000,320,320,303,304,164160
2021-03-16,LOLC.N0000,305,305,289.25,300.25,619768
2021-03-17,LOLC.N0000,310,310,295,299.25,105735
2021-03-18,LOLC.N0000,295.5,298,285,285,268402
2021-03-19,LOLC.N0000,289,289,273,275,316598
2021-03-22,LOLC.N0000,278,294,275,287,164640
2021-03-23,LOLC.N0000,290,292,275.25,288,143505
2021-03-24,LOLC.N0000,280,307.75,280,303,247059
2021-03-25,LOLC.N0000,306,310,293,293,236326
2021-03-26,LOLC.N0000,295,299,288,292.75,64665
2021-03-29,LOLC.N0000,305,305,292,293,65005
2021-03-30,LOLC.N0000,299,305,291.5,292,54384
2021-03-31,LOLC.N0000,296,300,289,290,68217
2021-04-01,LOLC.N0000,298.75,303,292.5,300,351911
2021-04-05,LOLC.N0000,303,304,295.5,298,96332
2021-04-06,LOLC.N0000,303,305,297,298,364193
2021-04-07,LOLC.N0000,300,308,297,303,675979
2021-04-08,LOLC.N0000,305,325,300,324.75,684730
2021-04-09,LOLC.N0000,327,340,322,327,645294
2021-04-12,LOLC.N0000,329.75,340,329.25,333,448855
2021-04-15,LOLC.N0000,335,364,335,356,1320759
2021-04-16,LOLC.N0000,356,356,333,347.5,1017231
2021-04-19,LOLC.N0000,346.5,355,336.5,345,273231
2021-04-20,LOLC.N0000,341.5,348.5,312,317,586525
2021-04-21,LOLC.N0000,315,332,310,330,671766
2021-04-22,LOLC.N0000,330,330,315,319.5,217521
2021-04-23,LOLC.N0000,317.25,317.75,305.25,312,309859
2021-04-27,LOLC.N0000,305,308.5,299.25,302,371142
2021-04-28,LOLC.N0000,298,328,298,326.25,436721
2021-04-29,LOLC.N0000,327,331,312,322.25,308509
2021-05-03,LOLC.N0000,323,338,322,337.5,685985
2021-05-04,LOLC.N0000,339.25,339.75,317,318.75,344887
2021-05-05,LOLC.N0000,319,329,319,321.75,97473
2021-05-06,LOLC.N0000,324,330.5,319,324,164052
2021-05-07,LOLC.N0000,326,329.5,322.75,328,60686
2021-05-10,LOLC.N0000,330,330,316.25,318,149344
2021-05-11,LOLC.N0000,315.25,324.75,315.25,318,70256
2021-05-12,LOLC.N0000,318.5,325,317.25,317.25,50372
2021-05-13,LOLC.N0000,315.25,327.5,315.25,326.5,170660
2021-05-17,LOLC.N0000,329.25,342,329.25,340,558078
2021-05-18,LOLC.N0000,337.25,340,327,335,237496
2021-05-19,LOLC.N0000,340,340,330.25,337.5,102949
2021-05-20,LOLC.N0000,337,337,328,331,89356
2021-05-21,LOLC.N0000,338,338,310,320,338951
2021-05-24,LOLC.N0000,326,327.75,313.5,327,135015
2021-05-25,LOLC.N0000,328,335.5,322.25,332,221365
2021-05-28,LOLC.N0000,332.5,340.5,330,338.5,261243
2021-05-31,LOLC.N0000,340,355,340,354,834600
2021-06-01,LOLC.N0000,361,371,353,355,1725182
2021-06-02,LOLC.N0000,360,364.75,348,352.75,350540
2021-06-03,LOLC.N0000,354.5,368,350,368,684526
2021-06-04,LOLC.N0000,371,388,371,380,1832891
2021-06-07,LOLC.N0000,385,389,380,382.75,496022
2021-06-08,LOLC.N0000,384.75,384.75,375,379.5,258475
2021-06-09,LOLC.N0000,379,379,374.75,375.75,233384
2021-06-10,LOLC.N0000,377,383.75,377,379.75,348239
2021-06-11,LOLC.N0000,382,393.5,375.25,386.75,1151543
2021-06-14,LOLC.N0000,385,392.5,381.25,385,405650
2021-06-15,LOLC.N0000,385.5,407.5,385.5,405,1280080
2021-06-16,LOLC.N0000,410,414.75,406,408.75,691124
2021-06-17,LOLC.N0000,410,410,403.5,406,319894
2021-06-18,LOLC.N0000,406,420.5,406,419,1215639
2021-06-21,LOLC.N0000,419,424,415.25,417,352725
2021-06-22,LOLC.N0000,420,420,406.75,408,354784
2021-06-23,LOLC.N0000,408,410,395,406,257574
2021-06-25,LOLC.N0000,405.5,415,405,412,183015
2021-06-28,LOLC.N0000,412,418.75,411,417.75,361361
2021-06-29,LOLC.N0000,418.5,419.5,399.5,402.5,2585343
2021-06-30,LOLC.N0000,408,408,390.25,392.25,328214
2021-07-01,LOLC.N0000,393.25,398,386,390,210454
2021-07-02,LOLC.N0000,389.5,399.75,380.25,398,395831
2021-07-05,LOLC.N0000,400,404,395,397.5,78997
2021-07-06,LOLC.N0000,398,400,393.25,395,164134
2021-07-07,LOLC.N0000,375,407,375,402.5,458353
2021-07-08,LOLC.N0000,404,409,404,405.5,198762
2021-07-09,LOLC.N0000,408,413,406,410,316092
2021-07-12,LOLC.N0000,410.25,412,408.5,409,107822
2021-07-13,LOLC.N0000,409,415,408,414,387644
2021-07-14,LOLC.N0000,413.75,423,411.25,419.75,442385
2021-07-15,LOLC.N0000,420,427.75,420,425,332051
2021-07-16,LOLC.N0000,426,430,420,423,246343
2021-07-19,LOLC.N0000,425,444,424.5,441.25,1024685
2021-07-20,LOLC.N0000,440,457.25,437,454.25,901257
2021-07-22,LOLC.N0000,453,473,453,468,787975
2021-07-26,LOLC.N0000,470,478,457,459.75,366427
2021-07-27,LOLC.N0000,456,469.75,450,461,288695
2021-07-28,LOLC.N0000,460.5,463.5,456.75,463.25,111843
2021-07-29,LOLC.N0000,463.25,469.75,462.5,467,201454
2021-07-30,LOLC.N0000,469.75,473,462,467,135794
2021-08-02,LOLC.N0000,468,477,462.25,475,468926
2021-08-03,LOLC.N0000,476,487.5,473.75,485,597722
2021-08-04,LOLC.N0000,487,490,475.25,476,311093
2021-08-05,LOLC.N0000,472,477.5,445,448,989754
2021-08-06,LOLC.N0000,446,464,441,457,528295
2021-08-09,LOLC.N0000,460,462,450,459.75,271244
2021-08-10,LOLC.N0000,460,460,448,450,343511
2021-08-11,LOLC.N0000,450,455,446,449,136551
2021-08-12,LOLC.N0000,449.75,450,428,435,575237
2021-08-13,LOLC.N0000,435,442,431,434,198018
2021-08-16,LOLC.N0000,432.5,432.5,422,432,271741
2021-08-17,LOLC.N0000,431.5,459.5,431.5,458.5,433425
2021-08-18,LOLC.N0000,462,479,460,475,558742
2021-08-19,LOLC.N0000,460,480,452,460,485466
2021-08-20,LOLC.N0000,454,467,451,455,293762
2021-08-23,LOLC.N0000,460,500,460,499,1545732
2021-08-24,LOLC.N0000,509,525,504,509.75,1871505
2021-08-25,LOLC.N0000,507.75,514,503,504.5,898776
2021-08-26,LOLC.N0000,510,529,509,528,1254719
2021-08-27,LOLC.N0000,530.5,584.5,530.5,581,1656614
2021-08-30,LOLC.N0000,615,645,589.75,592,1858235
2021-08-31,LOLC.N0000,600,604.75,570,592,1209984
2021-09-01,LOLC.N0000,600,619,599,610,1108600
2021-09-02,LOLC.N0000,615,632,612,629,949714
2021-09-03,LOLC.N0000,628,630,611,617.25,339571
2021-09-06,LOLC.N0000,610,625,595,612,692232
2021-09-07,LOLC.N0000,605.25,612,580,594,635620
2021-09-08,LOLC.N0000,590,605,510.25,545,1119933
2021-09-09,LOLC.N0000,550,565,528,552.25,725849
2021-09-10,LOLC.N0000,567.75,570,530,530,310559
2021-09-13,LOLC.N0000,525,533.25,494,495,636882
2021-09-14,LOLC.N0000,510,519.5,500.25,513,242349
2021-09-15,LOLC.N0000,515,539.75,515,532.75,355051
2021-09-16,LOLC.N0000,538,545,515,520,200691
2021-09-17,LOLC.N0000,520,529,510,515,139020
2021-09-21,LOLC.N0000,518,520,500.75,508,106312
2021-09-22,LOLC.N0000,503.25,518.5,500.25,505,173932
2021-09-23,LOLC.N0000,510,517,509.75,511.75,107694
2021-09-24,LOLC.N0000,512,527,510,526,253345
2021-09-27,LOLC.N0000,535,564,535,562,730592
2021-09-28,LOLC.N0000,570,594.75,562,587,615902
2021-09-29,LOLC.N0000,598,625.25,592,624.75,1193003
2021-09-30,LOLC.N0000,630,637,611,618,824251
2021-10-01,LOLC.N0000,625,625,615,618,270058
2021-10-04,LOLC.N0000,618.25,621,600.25,611,146889
2021-10-05,LOLC.N0000,616,624,600.25,608,135686
2021-10-06,LOLC.N0000,618,623,605,614.75,174387
2021-10-07,LOLC.N0000,610.25,614.75,604,614.75,67782
2021-10-08,LOLC.N0000,612,615,607,610,86658
2021-10-11,LOLC.N0000,615,615,602,609.5,68380
2021-10-12,LOLC.N0000,605.5,609.25,602,608,94544
2021-10-13,LOLC.N0000,605,605,583,590,356354
2021-10-14,LOLC.N0000,600,607,600,606,154985
2021-10-15,LOLC.N0000,606,614.5,605,607,257334
2021-10-18,LOLC.N0000,605.5,609.5,602,605,111661
2021-10-21,LOLC.N0000,615,645.5,615,644.5,913917
2021-10-22,LOLC.N0000,655,665,645.75,649,510286
2021-10-25,LOLC.N0000,645,652.75,642,650,425363
2021-10-26,LOLC.N0000,652.5,658,647.5,651,274203
2021-10-27,LOLC.N0000,650,655.5,645.25,647,84734
2021-10-28,LOLC.N0000,649,650,640,643,99575
2021-10-29,LOLC.N0000,642.75,642.75,620,640.75,286762
2021-11-01,LOLC.N0000,640,645.75,628,638,190993
2021-11-02,LOLC.N0000,626,640,621,630,60286
2021-11-03,LOLC.N0000,630,637,618.25,622,187310
2021-11-05,LOLC.N0000,622,660,613,646,427559
2021-11-08,LOLC.N0000,645,654.75,636,654.75,455425
2021-11-09,LOLC.N0000,660,685,640,641.25,783788
2021-11-10,LOLC.N0000,645,668,640,660,158012
2021-11-11,LOLC.N0000,670,689.25,661.25,679.75,438924
2021-11-12,LOLC.N0000,689.5,700,685,693,321769
2021-11-15,LOLC.N0000,671,739,661,738,480229
2021-11-16,LOLC.N0000,750,769,737,749.75,398356
2021-11-17,LOLC.N0000,755,766,737,741,368487
2021-11-19,LOLC.N0000,749,774.5,735,758,471939
2021-11-22,LOLC.N0000,760,770,755,769,447892
2021-11-23,LOLC.N0000,770,917,770,907,968244
2021-11-24,LOLC.N0000,920,960,906,915,746835
2021-11-25,LOLC.N0000,920,930,900,905,305500
2021-11-26,LOLC.N0000,906,935,895.25,930,371860
2021-11-29,LOLC.N0000,928,928,905,912,133176
2021-11-30,LOLC.N0000,911,990,910,989,613251
2021-12-01,LOLC.N0000,996,1020,975,986.75,658084
2021-12-02,LOLC.N0000,980,994.75,960,980,153362
2021-12-03,LOLC.N0000,986,986,960,969.25,296773
2021-12-06,LOLC.N0000,970,1000,970,999.75,147114
2021-12-07,LOLC.N0000,1000,1005,985,990,87186
2021-12-08,LOLC.N0000,988.25,990,975,984.25,49464
2021-12-09,LOLC.N0000,975,980.25,962.25,977.75,131834
2021-12-10,LOLC.N0000,985,1010,975,1000,311399
2021-12-13,LOLC.N0000,1000,1196.25,1000,1195,543741
2021-12-14,LOLC.N0000,1200,1210,1150.75,1155,273665
2021-12-15,LOLC.N0000,1170,1170,1112,1130,173210
2021-12-16,LOLC.N0000,1129,1140,1105,1118,76497
2021-12-17,LOLC.N0000,1118,1160,1075,1130,138828
2021-12-20,LOLC.N0000,1100,1145,1098.75,1110,97271
2021-12-21,LOLC.N0000,1120,1140,1051,1118,117092
2021-12-22,LOLC.N0000,1116,1170,1116,1144.75,105775
2021-12-23,LOLC.N0000,1140,1180,1140,1150,87357
2021-12-27,LOLC.N0000,1150,1170,1125,1130,112931
2021-12-28,LOLC.N0000,1130,1140,1110,1135,45691
2021-12-29,LOLC.N0000,1140,1150,1110,1125,39491
2021-12-30,LOLC.N0000,1120,1140,1110,1131,100737
2021-12-31,LOLC.N0000,1140,1175,1130.25,1155.25,121450
2022-01-03,LOLC.N0000,1174.5,1239,1174.5,1219,203251
2022-01-04,LOLC.N0000,1180,1300,1180,1290,314575
2022-01-05,LOLC.N0000,1350,1489,1325,1414,552024
2022-01-06,LOLC.N0000,1402,1452,1385,1444,253801
2022-01-07,LOLC.N0000,1455,1455,1400.25,1419,101737
2022-01-10,LOLC.N0000,1420,1429,1345,1370,248976
2022-01-11,LOLC.N0000,1300,1365,1300,1330,189405
2022-01-12,LOLC.N0000,1336.25,1340,1299,1303,101697
2022-01-13,LOLC.N0000,1301,1400,1299.5,1375,237129
2022-01-18,LOLC.N0000,1395,1398,1350,1359,68526
2022-01-19,LOLC.N0000,1359,1370,1330,1349,47310
2022-01-20,LOLC.N0000,1360,1360,1330,1350,46946
2022-01-21,LOLC.N0000,1335,1350,1320,1326,106862
2022-01-24,LOLC.N0000,1332,1358.75,1299.25,1339.75,199392
2022-01-25,LOLC.N0000,1335,1335,1285,1285,118794
2022-01-26,LOLC.N0000,1300,1330,1254,1279.75,173617
2022-01-27,LOLC.N0000,1279.75,1290,1050,1199.5,196561
2022-01-28,LOLC.N0000,1200,1220,1120,1199.75,220286
2022-01-31,LOLC.N0000,1200,1245,1160.25,1215,174684
2022-02-01,LOLC.N0000,1238,1240,1180,1187,53224
2022-02-02,LOLC.N0000,1220,1220,1100.25,1106,181423
2022-02-03,LOLC.N0000,1115,1190,1050.25,1189,256053
2022-02-07,LOLC.N0000,1200,1230,1140.5,1167.75,66531
2022-02-08,LOLC.N0000,1141,1169,1080,1119,111433
2022-02-09,LOLC.N0000,1126.75,1149.75,1025,1049,98540
2022-02-10,LOLC.N0000,1052,1140,1010,1100,158346
2022-02-11,LOLC.N0000,1124.75,1199.5,1119,1196,85075
2022-02-14,LOLC.N0000,1200,1200,1150,1190,68619
2022-02-15,LOLC.N0000,1200,1200,1170,1180,49191
2022-02-17,LOLC.N0000,1170,1180,1121,1160.5,65028
2022-02-18,LOLC.N0000,1175,1175,1102.75,1125,53996
2022-02-21,LOLC.N0000,1128,1128,1003,1025,132353
2022-02-22,LOLC.N0000,1010,1039,990,999,241621
2022-02-23,LOLC.N0000,995.25,1000,810,910,255662
2022-02-24,LOLC.N0000,910,929.5,815,835,239788
2022-02-25,LOLC.N0000,850,910,820,899,227534
2022-02-28,LOLC.N0000,920,1016.5,876,997,225674
2022-03-02,LOLC.N0000,1000,1000,921,969,123755
2022-03-03,LOLC.N0000,955,970,911,929,83516
2022-03-04,LOLC.N0000,910,970,880.25,969,403922
2022-03-07,LOLC.N0000,978,1018,890,900,232480
2022-03-08,LOLC.N0000,970,973,845,850,282534
2022-03-09,LOLC.N0000,880,900,760,784.25,168476
2022-03-10,LOLC.N0000,805,880,805,879.25,205443
2022-03-11,LOLC.N0000,886,900,830,830,94697
2022-03-14,LOLC.N0000,831,860,815,825,98082
2022-03-15,LOLC.N0000,833,850,785,785,93253
2022-03-16,LOLC.N0000,785.75,811,725,779,63493
2022-03-18,LOLC.N0000,800,820,780,803,86259
2022-03-21,LOLC.N0000,808,813.5,800,800,27594
2022-03-22,LOLC.N0000,812,830,785,798,54973
2022-03-23,LOLC.N0000,800,809.5,782,785,28136
2022-03-24,LOLC.N0000,800,815,780,810,200256
2022-03-25,LOLC.N0000,809,858,800,830,137036
2022-03-28,LOLC.N0000,830,830,775,800,59039
2022-03-29,LOLC.N0000,800,800,680,695,259948
2022-03-30,LOLC.N0000,695,695,560,649.75,290265
2022-03-31,LOLC.N0000,550,550,478,478,120551
2022-04-04,LOLC.N0000,445,475,431.5,460,128708
2022-04-05,LOLC.N0000,475,494,449,455,320960
2022-04-06,LOLC.N0000,450,450,390,404,150321
2022-04-07,LOLC.N0000,404,425,381,398,162273
2022-04-25,LOLC.N0000,270,275,260,265,154903
2022-04-26,LOLC.N0000,240,380,240,359.75,135429
2022-04-27,LOLC.N0000,380,450,330,420,289786
2022-04-28,LOLC.N0000,449,469,413,440,501686
2022-05-04,LOLC.N0000,490,493,446,455,64405
2022-05-05,LOLC.N0000,450,457.75,401,420,84539
2022-05-11,LOLC.N0000,440,483,421,469.75,88607
2022-05-12,LOLC.N0000,499.25,510,482,502,118232
2022-05-17,LOLC.N0000,575,613.5,515,580,201406
2022-05-18,LOLC.N0000,588.5,589,525,540,127764
2022-05-19,LOLC.N0000,541,575,541,575,67680
2022-05-23,LOLC.N0000,585,619,585,618,157461
2022-05-24,LOLC.N0000,605,610,590,601,63092
2022-05-25,LOLC.N0000,608,615,585.25,613.75,104449
2022-05-26,LOLC.N0000,611,640,610,630,76484
2022-05-30,LOLC.N0000,621,627.5,580.25,604.75,62352
2022-05-31,LOLC.N0000,620,638,569,600,111014
2022-06-01,LOLC.N0000,600,614.75,599.75,600,30327
2022-06-03,LOLC.N0000,605,609.75,581.75,585,24119
2022-06-06,LOLC.N0000,505,510.75,440,490,139143
2022-06-07,LOLC.N0000,498,509.25,485,499.5,45045
2022-06-08,LOLC.N0000,505,519,501,510,42716
2022-06-09,LOLC.N0000,515,519,500,507,35564
2022-06-15,LOLC.N0000,490,494.75,450,460,28042
2022-06-17,LOLC.N0000,460,460,418,418.5,73115
2022-06-20,LOLC.N0000,425,440,420,426,33350
2022-06-21,LOLC.N0000,426,433.75,416,417.5,22375
2022-06-22,LOLC.N0000,420,430,415,427,54948
2022-06-23,LOLC.N0000,430,449,424.75,430,55354
2022-06-27,LOLC.N0000,409.75,409.75,391,399.5,34253
2022-06-28,LOLC.N0000,400.25,410,395.75,398.75,18381
2022-06-29,LOLC.N0000,400,403,388.25,389.5,45295
2022-06-30,LOLC.N0000,395,410,378,400,70882
2022-07-04,LOLC.N0000,394,396,380.25,381,142344
2022-07-05,LOLC.N0000,380,384,357,359,89913
2022-07-06,LOLC.N0000,357,381,350,354,36248
2022-07-07,LOLC.N0000,358,375,358,364,67846
2022-07-11,LOLC.N0000,420,420,391,403,78413
2022-07-14,LOLC.N0000,409,409,396,405.5,32475
2022-07-18,LOLC.N0000,414,418,410,418,62078
2022-07-19,LOLC.N0000,418,418,403,403,47471
2022-07-20,LOLC.N0000,417,417,400,413.75,29363
2022-07-21,LOLC.N0000,407,407,395,398,10717
2022-07-25,LOLC.N0000,399,399,386,386,11610
2022-07-26,LOLC.N0000,389.25,399,380,398,22345
2022-07-27,LOLC.N0000,397,397,382,382,10632
2022-07-28,LOLC.N0000,384,384,376,381.75,24901
2022-08-01,LOLC.N0000,370,389,370,387,25150
2022-08-02,LOLC.N0000,390,423,390,422.75,188732
2022-08-03,LOLC.N0000,430,499.75,430,499.75,179009
2022-08-04,LOLC.N0000,510,535,480,500,251017
2022-08-08,LOLC.N0000,595,616,553,565,226546
2022-08-09,LOLC.N0000,565,604,550,586.75,260226
2022-08-15,LOLC.N0000,645,645,590,610,230502
2022-08-16,LOLC.N0000,611.5,620,551,583.5,178291
2022-08-17,LOLC.N0000,584,600,572,586,140782
2022-08-18,LOLC.N0000,599,599,581.5,588.5,129552
2022-08-22,LOLC.N0000,615,625,600,609.75,140149
2022-08-23,LOLC.N0000,610,610,585,598,97562
2022-08-24,LOLC.N0000,595,599,555,565,54435
2022-08-25,LOLC.N0000,560,570,544,559,57990
2022-08-29,LOLC.N0000,550,550,535.25,549,17184
2022-08-30,LOLC.N0000,560,567,550,559.75,63367
2022-08-31,LOLC.N0000,580,580,560,564,46688
2022-09-01,LOLC.N0000,580,593,550,580,72100
2022-09-05,LOLC.N0000,609.5,609.5,578.5,579,42251
2022-09-06,LOLC.N0000,578,590,571,580,23289
2022-09-07,LOLC.N0000,590,597.5,575.75,587,54368
2022-09-08,LOLC.N0000,585,595,575,590,90903
2022-09-12,LOLC.N0000,560,569.75,540,550,124236
2022-09-13,LOLC.N0000,550,560,536.25,543,49389
2022-09-14,LOLC.N0000,545,559,540,545,87350
2022-09-15,LOLC.N0000,550,550,535,543,39414
2022-09-19,LOLC.N0000,525,526,500,520,202408
2022-09-20,LOLC.N0000,515,525,501.75,508.25,41527
2022-09-21,LOLC.N0000,520,540,506,534,173708
2022-09-22,LOLC.N0000,510,528.75,508,520,101473
2022-09-26,LOLC.N0000,507,510,501.75,510,81595
2022-09-27,LOLC.N0000,512,512,500,501,86011
2022-09-28,LOLC.N0000,512,512,499.5,500,143960
2022-09-29,LOLC.N0000,500,510,498,504.5,80497
2022-10-03,LOLC.N0000,480,489.75,450,465,59287
2022-10-04,LOLC.N0000,465,475,452,456,69672
2022-10-06,LOLC.N0000,452,453.25,435,437,97812
2022-10-11,LOLC.N0000,380,420,365,419,100167
2022-10-12,LOLC.N0000,421,434,415,432.25,65761
2022-10-13,LOLC.N0000,434,446,422,428,22753
2022-10-17,LOLC.N0000,402,409,386,407,32070
2022-10-18,LOLC.N0000,407,410,400,409,27694
2022-10-19,LOLC.N0000,400,409,396,399,45548
2022-10-20,LOLC.N0000,407,407,393,400,11330
2022-10-25,LOLC.N0000,399,399,380,395,34908
2022-10-26,LOLC.N0000,398,420,398,413.5,33408
2022-10-27,LOLC.N0000,418,420,402.5,408,20749
2022-11-01,LOLC.N0000,400,419.5,395,409,21516
2022-11-02,LOLC.N0000,414,415,395,400,10558
2022-11-03,LOLC.N0000,405,405.25,390,399,28210
2022-11-04,LOLC.N0000,402,405.25,390,400,14409
2022-11-08,LOLC.N0000,380,400,376.25,388,4996
2022-11-09,LOLC.N0000,390,396,386,386,11138
2022-11-10,LOLC.N0000,390,407,390,395.25,27813
2022-11-14,LOLC.N0000,386,395,378.25,385,16305
2022-11-15,LOLC.N0000,376,376,345,355,181514
2022-11-16,LOLC.N0000,350,360,338,344,119902
2022-11-17,LOLC.N0000,350,350,310.5,328.25,43896
2022-11-21,LOLC.N0000,326,330,318,328,37289
2022-11-22,LOLC.N0000,330,335,320,331,186587
2022-11-23,LOLC.N0000,330,330,320,323.75,17200
2022-11-24,LOLC.N0000,325,350,322,345,116567
2022-11-28,LOLC.N0000,380,390,365,380,72024
2022-11-29,LOLC.N0000,377.5,418,377.5,410,174774
2022-11-30,LOLC.N0000,415,438,410,426,138413
2022-12-01,LOLC.N0000,430,437,412,420,45072
2022-12-06,LOLC.N0000,436,477,420,475,261431
2022-12-08,LOLC.N0000,479,484,446,460,138182
2022-12-09,LOLC.N0000,459.25,475.75,452.5,457,45338
2022-12-12,LOLC.N0000,464,474,458,460,24899
2022-12-13,LOLC.N0000,463.5,467,451,457,36153
2022-12-14,LOLC.N0000,462.5,468,450,453,41938
2022-12-15,LOLC.N0000,453.5,460,437,443,37319
2022-12-16,LOLC.N0000,436,449,420,437.5,24615
2022-12-19,LOLC.N0000,437.5,438.25,412,416,15838
2022-12-20,LOLC.N0000,411.5,430,400,409,13802
2022-12-21,LOLC.N0000,407,424.75,390,399.25,22791
2022-12-22,LOLC.N0000,395,403.5,385,398,19909
2022-12-23,LOLC.N0000,396,405,378,405,68034
2022-12-27,LOLC.N0000,400,434.75,400,404,48471
2022-12-28,LOLC.N0000,418.5,418.5,400,409,21407
2022-12-29,LOLC.N0000,400,412.75,395,400,45821
2022-12-30,LOLC.N0000,400,409,395,400,40470
2023-01-02,LOLC.N0000,407,417.75,397,405,45175
2023-01-03,LOLC.N0000,409,410,395.5,399,33828
2023-01-04,LOLC.N0000,399,400,390,392.25,18928
2023-01-05,LOLC.N0000,399,408.75,392.25,394,15395
2023-01-09,LOLC.N0000,394,400,375,390,52771
2023-01-10,LOLC.N0000,393.75,393.75,371,375,25315
2023-01-11,LOLC.N0000,375.5,394.75,375,377,18435
2023-01-12,LOLC.N0000,385,389.5,370,370,22216
2023-01-13,LOLC.N0000,374,380,369.5,370,19383
2023-01-17,LOLC.N0000,374.75,389.5,373.75,375.25,39625
2023-01-18,LOLC.N0000,390,394,373,374,40475
2023-01-19,LOLC.N0000,375,376,370,376,6758
2023-01-20,LOLC.N0000,377,393,370,386,42363
2023-01-23,LOLC.N0000,400,423,398,423,177344
2023-01-24,LOLC.N0000,425,443.75,421,426,131974
2023-01-25,LOLC.N0000,428.75,459,420,451,191037
2023-01-26,LOLC.N0000,459.75,468,447.75,462.25,158650
2023-01-27,LOLC.N0000,462,465,437,443,53076
2023-01-30,LOLC.N0000,440,440,426,428,50216
2023-01-31,LOLC.N0000,426,430,402,410.25,42164
2023-02-01,LOLC.N0000,429,429,410,419.5,13558
2023-02-02,LOLC.N0000,419.5,427,406.25,410,11275
2023-02-03,LOLC.N0000,419.75,419.75,410,418.5,14790
2023-02-06,LOLC.N0000,418,418,395,408,41916
2023-02-07,LOLC.N0000,405,414.75,380,394.75,36055
2023-02-08,LOLC.N0000,390,410,390,401,31069
2023-02-09,LOLC.N0000,410,410,399,400,33502
2023-02-10,LOLC.N0000,400,409.5,398,404,9754
2023-02-13,LOLC.N0000,404,404,394.5,395,14388
2023-02-14,LOLC.N0000,398,398,385,393.75,24103
2023-02-15,LOLC.N0000,390,397,385.25,392.5,8784
2023-02-16,LOLC.N0000,400,405,393,397,27615
2023-02-17,LOLC.N0000,404.25,410,392,399,6750
2023-02-20,LOLC.N0000,405,409.5,400.5,404.25,6811
2023-02-21,LOLC.N0000,400,410,395,400,21133
2023-02-22,LOLC.N0000,405,407,395,395,30930
2023-02-23,LOLC.N0000,400,409,392.5,405,20045
2023-02-24,LOLC.N0000,409.75,409.75,395.75,397,27705
2023-02-27,LOLC.N0000,404,404,391,395.75,9550
2023-02-28,LOLC.N0000,404,404,389.75,390,23451
2023-03-01,LOLC.N0000,390,399,386,397.75,77251
2023-03-02,LOLC.N0000,397.75,399,390.25,399,21106
2023-03-03,LOLC.N0000,400,400,394.5,399.75,19892
2023-03-07,LOLC.N0000,400,408,394,400,225474
2023-03-08,LOLC.N0000,402,409.75,390,393.5,58123
2023-03-09,LOLC.N0000,393.5,393.5,386.25,388.5,37595
2023-03-10,LOLC.N0000,386.25,390,380,385,35799
2023-03-13,LOLC.N0000,375.25,393.5,375.25,385,22700
2023-03-14,LOLC.N0000,390,390,384,385,37750
2023-03-15,LOLC.N0000,383,385,379.5,381,57577
2023-03-16,LOLC.N0000,385,400,385,391,54657
2023-03-17,LOLC.N0000,395,395,388.25,388.5,18588
2023-03-20,LOLC.N0000,390,408.75,389,400,73032
2023-03-21,LOLC.N0000,401,409.75,395,395.25,86802
2023-03-22,LOLC.N0000,401,403,394,395.5,23042
2023-03-23,LOLC.N0000,401,401,388.75,392.25,72873
2023-03-24,LOLC.N0000,392.25,397.75,386,393,5382
2023-03-27,LOLC.N0000,395,400,380.25,381,10356
2023-03-28,LOLC.N0000,388,395.5,377,382.5,14851
2023-03-29,LOLC.N0000,390,398,375,384.75,14351
2023-03-30,LOLC.N0000,380,394,376,379.5,13911
2023-03-31,LOLC.N0000,388.75,390,373.5,375,51117
2023-04-03,LOLC.N0000,377,380,370.25,375,21532
2023-04-04,LOLC.N0000,376,378.75,370,375,10920
2023-04-06,LOLC.N0000,375,377,371.75,375.25,5575
2023-04-10,LOLC.N0000,375,379,370.5,376,10710
2023-04-11,LOLC.N0000,372,394.5,370,390,19810
2023-04-12,LOLC.N0000,390,398.5,375,385,18119
2023-04-17,LOLC.N0000,385,395,381.25,389,7588
2023-04-18,LOLC.N0000,389,389,371,378,19397
2023-04-19,LOLC.N0000,379.75,387.75,373,382.75,10257
2023-04-20,LOLC.N0000,380.75,385,375,379.75,5006
2023-04-21,LOLC.N0000,380.25,381.5,372.5,374.25,5830
2023-04-24,LOLC.N0000,376,380,370,372,20514
2023-04-25,LOLC.N0000,377,377,370,373,6958
2023-04-26,LOLC.N0000,375,379,368.75,368.75,20627
2023-04-27,LOLC.N0000,370,374,360,363.75,21126
2023-04-28,LOLC.N0000,365.25,369.75,358,364.5,9897
2023-05-02,LOLC.N0000,368,368,346,349.5,34414
2023-05-03,LOLC.N0000,360,360,350,354,5226
2023-05-04,LOLC.N0000,355.25,359.75,352,356.5,13059
2023-05-08,LOLC.N0000,357,369.25,352,360,18339
2023-05-09,LOLC.N0000,362,362,354,359,5866
2023-05-10,LOLC.N0000,359,359,352,353.75,12125
2023-05-11,LOLC.N0000,354,355,350,351,32165
2023-05-12,LOLC.N0000,357,357.75,348,353,11435
2023-05-15,LOLC.N0000,351,358,345,350,7806
2023-05-16,LOLC.N0000,350.25,354,342.75,347.5,6276
2023-05-17,LOLC.N0000,347,347,339,344,13371
2023-05-18,LOLC.N0000,345,345,335.5,339,13176
2023-05-19,LOLC.N0000,339,339,328,336,14805
2023-05-22,LOLC.N0000,330,337.5,316,322,20609
2023-05-23,LOLC.N0000,320,325,316,319,18846
2023-05-24,LOLC.N0000,324.75,335,320.25,333,27718
2023-05-25,LOLC.N0000,335,335,326.5,330,11845
2023-05-26,LOLC.N0000,334,334,327.25,330,1951
2023-05-29,LOLC.N0000,330,330,316.5,323.75,20452
2023-05-30,LOLC.N0000,324,324.75,316.25,317.25,7643
2023-05-31,LOLC.N0000,318,322.75,318,319.5,13610
2023-06-01,LOLC.N0000,316.5,323,316.5,319,24443
2023-06-02,LOLC.N0000,323,337.5,320,323.5,28439
2023-06-05,LOLC.N0000,325,326,320,321,17296
2023-06-06,LOLC.N0000,322,323.25,320,320,17265
2023-06-07,LOLC.N0000,321.5,323,316.5,318,10121
2023-06-08,LOLC.N0000,317,323,314,322.5,22828
2023-06-09,LOLC.N0000,322,323,318,321.75,13741
2023-06-12,LOLC.N0000,322,347.25,320,342.5,43049
2023-06-13,LOLC.N0000,343,354,340,342,29898
2023-06-14,LOLC.N0000,345,372.5,345,367.5,71005
2023-06-15,LOLC.N0000,370.75,374,355,360,27457
2023-06-16,LOLC.N0000,356,370,353,362.75,9435
2023-06-19,LOLC.N0000,367,367,350,361.75,33615
2023-06-20,LOLC.N0000,361.75,364,355,360,20615
2023-06-21,LOLC.N0000,360,369.75,360,366.25,101019
2023-06-22,LOLC.N0000,370,370,360,365,41691
2023-06-23,LOLC.N0000,369.75,369.75,357.5,359,25554
2023-06-26,LOLC.N0000,360,360,346,358,18086
2023-06-27,LOLC.N0000,359,364.75,350.5,359,5907
2023-06-28,LOLC.N0000,360,365,355,364.5,46961
2023-07-04,LOLC.N0000,370,416.75,370,416.75,169015
2023-07-05,LOLC.N0000,420,433,406.5,419,118669
2023-07-06,LOLC.N0000,417.5,426.25,412,425.25,155527
2023-07-07,LOLC.N0000,426,445,426,443,164028
2023-07-10,LOLC.N0000,445,448,431.5,439.5,60028
2023-07-11,LOLC.N0000,440,444.75,428.25,438.75,57015
2023-07-12,LOLC.N0000,426,465.5,426,463,249843
2023-07-13,LOLC.N0000,465,468,455,466.25,105126
2023-07-14,LOLC.N0000,468,468,457.25,464,27740
2023-07-17,LOLC.N0000,465,480,465,477,205679
2023-07-18,LOLC.N0000,478.5,478.5,464,473,85289
2023-07-19,LOLC.N0000,473,478,465,465,99287
2023-07-20,LOLC.N0000,462,482.5,462,479,160055
2023-07-21,LOLC.N0000,478,480,470,470,24280
2023-07-24,LOLC.N0000,470,496,470,490,146019
2023-07-25,LOLC.N0000,487.5,494,480.5,488,78916
2023-07-26,LOLC.N0000,490,490,482,484,58600
2023-07-27,LOLC.N0000,485.25,497.5,481,496.75,259365
2023-07-28,LOLC.N0000,497,508,495,499.75,115340
2023-07-31,LOLC.N0000,500,504,490,497,69596
2023-08-02,LOLC.N0000,495,499.75,486,491.25,16630
2023-08-03,LOLC.N0000,490,499,490,498,386479
2023-08-04,LOLC.N0000,500,502,493.25,494,29423
2023-08-07,LOLC.N0000,494,499.5,480,489.5,32568
2023-08-08,LOLC.N0000,482,494.75,480,487,22020
2023-08-09,LOLC.N0000,478.5,490,476.75,480,24703
2023-08-10,LOLC.N0000,480,490,476,480,38510
2023-08-11,LOLC.N0000,480,484.75,471.75,475,28362
2023-08-14,LOLC.N0000,475,485,440,460.25,82445
2023-08-15,LOLC.N0000,455.25,469,440,463.75,13662
2023-08-16,LOLC.N0000,457.5,475,457,474.75,25095
2023-08-17,LOLC.N0000,474,484.5,450,463,92270
2023-08-18,LOLC.N0000,463,465,448.25,455,39105
2023-08-21,LOLC.N0000,455,465.5,442.25,449.75,75318
2023-08-22,LOLC.N0000,442,454.75,436,437,30408
2023-08-23,LOLC.N0000,436,447,435,435,22006
2023-08-24,LOLC.N0000,435.5,438.5,419.5,427,62202
2023-08-25,LOLC.N0000,425,427.5,415,420,52084
2023-08-28,LOLC.N0000,418,435.75,411.25,429,17099
2023-08-29,LOLC.N0000,429,430,420.5,429.75,21942
2023-08-31,LOLC.N0000,434,434,423,428,74694
2023-09-01,LOLC.N0000,427,432,423.25,432,18643
2023-09-04,LOLC.N0000,432,441.5,432,436.5,33727
2023-09-05,LOLC.N0000,436,440,432,439,35918
2023-09-06,LOLC.N0000,439.25,439.25,425,430,32446
2023-09-07,LOLC.N0000,438.75,438.75,421.25,434.75,3664
2023-09-08,LOLC.N0000,425.5,437.25,425,427,19349
2023-09-11,LOLC.N0000,429.75,435,421,421,33180
2023-09-12,LOLC.N0000,425,430,420.75,425,24548
2023-09-13,LOLC.N0000,425,430,425,429.25,3333
2023-09-14,LOLC.N0000,425,433,425,425,12514
2023-09-15,LOLC.N0000,430,430,425,425,15143
2023-09-18,LOLC.N0000,428,429.75,420.5,425,6656
2023-09-19,LOLC.N0000,425,425,420.25,421,11048
2023-09-20,LOLC.N0000,424,424,417.5,420,11446
2023-09-21,LOLC.N0000,420.5,420.5,415.25,416,5977
2023-09-22,LOLC.N0000,420,429.75,415,422,43409
2023-09-25,LOLC.N0000,422.5,422.5,415,415,35557
2023-09-26,LOLC.N0000,419,422.75,414.25,420,33137
2023-09-27,LOLC.N0000,416,422.25,414,422,42890
2023-10-02,LOLC.N0000,423,427.25,412.5,418,8992
2023-10-03,LOLC.N0000,414,420,410,418.5,38069
2023-10-04,LOLC.N0000,420,425,415,415.5,23831
2023-10-05,LOLC.N0000,419,425,410.25,415,10743
2023-10-06,LOLC.N0000,415,416,410,415,22296
2023-10-09,LOLC.N0000,410,410,396.25,405,58342
2023-10-10,LOLC.N0000,409.75,415,398,400,4586
2023-10-11,LOLC.N0000,405,405,391.5,397,5340
2023-10-12,LOLC.N0000,396,400,392.5,398.75,7503
2023-10-13,LOLC.N0000,394.25,399.75,390,398,7802
2023-10-16,LOLC.N0000,398,399.75,396,398,3071
2023-10-17,LOLC.N0000,395,399,390,398,15455
2023-10-18,LOLC.N0000,398,399.25,388,389.5,14240
2023-10-19,LOLC.N0000,392,393,381,387,17987
2023-10-20,LOLC.N0000,390,394,388,392,23056
2023-10-23,LOLC.N0000,392,404,390.25,395.5,10138
2023-10-24,LOLC.N0000,396,396,386,390,6476
2023-10-25,LOLC.N0000,390,394,383,385,31363
2023-10-26,LOLC.N0000,388,388,378,385,27995
2023-10-27,LOLC.N0000,388,390,378,388.75,53984
2023-10-30,LOLC.N0000,389,389,382.25,385,5127
2023-10-31,LOLC.N0000,386.75,389.75,378,388,16768
2023-11-01,LOLC.N0000,390,390,380.25,385,13403
2023-11-02,LOLC.N0000,384.75,385,380,380,20779
2023-11-03,LOLC.N0000,384,389.75,382,382,2231
2023-11-06,LOLC.N0000,385,400,383,388.25,1794
2023-11-07,LOLC.N0000,390,398.75,388,393,242228
2023-11-08,LOLC.N0000,395,399,388,392.75,8483
2023-11-09,LOLC.N0000,390,390,382,383.25,1561
2023-11-10,LOLC.N0000,395.75,395.75,381.25,391.75,15593
2023-11-13,LOLC.N0000,390,390,384,385,2810
2023-11-14,LOLC.N0000,390,390,383,384,23733
2023-11-15,LOLC.N0000,389,389,370,378,34274
2023-11-16,LOLC.N0000,380,380,372,375,21460
2023-11-17,LOLC.N0000,375,379.75,372,377.5,6216
2023-11-20,LOLC.N0000,379.25,380,369.75,374,13932
2023-11-21,LOLC.N0000,374,374,367.25,370,35590
2023-11-22,LOLC.N0000,370,372,370,370,42129
2023-11-23,LOLC.N0000,370,372,365,371,15837
2023-11-24,LOLC.N0000,372,379.75,370,373,37275
2023-11-27,LOLC.N0000,379,380,365,378.75,18226
2023-11-28,LOLC.N0000,379.5,384.75,370,379,3754
2023-11-29,LOLC.N0000,379,379,370.25,378,3837
2023-11-30,LOLC.N0000,378,380,373.25,379,42126
2023-12-01,LOLC.N0000,379.75,380,365.5,374.75,11058
2023-12-04,LOLC.N0000,370.25,380.5,370.25,379,5082
2023-12-05,LOLC.N0000,380,380,375,375,93495
2023-12-06,LOLC.N0000,377.75,378,377,377.25,12377
2023-12-07,LOLC.N0000,378,378,370.75,376,2052
2023-12-08,LOLC.N0000,380,381.5,370,373,18010
2023-12-11,LOLC.N0000,375,379.75,368,375,21041
2023-12-12,LOLC.N0000,375,375,368,374,4730
2023-12-13,LOLC.N0000,372,374,365,366,20459
2023-12-14,LOLC.N0000,371.75,371.75,369.75,370,14738
2023-12-15,LOLC.N0000,370,374,368,372.25,7651
2023-12-18,LOLC.N0000,372,372,366.75,369.75,5441
2023-12-19,LOLC.N0000,368,368.25,363.5,365,5298
2023-12-20,LOLC.N0000,365,369.5,362.5,366,11764
2023-12-21,LOLC.N0000,365,369,362,362,3369
2023-12-22,LOLC.N0000,362.5,365,359.5,362.5,14785
2023-12-27,LOLC.N0000,362.25,364,355.75,359.75,7507
2023-12-28,LOLC.N0000,360,360,350,356,11542
2023-12-29,LOLC.N0000,359.5,360,350,360,35376
2024-01-02,LOLC.N0000,362,363.25,356,358,5310
2024-01-03,LOLC.N0000,359.5,359.5,349,352,7509
2024-01-04,LOLC.N0000,353.25,355,346.5,352.75,8354
2024-01-05,LOLC.N0000,353,355,349,350,20646
2024-01-08,LOLC.N0000,354.75,354.75,346,350,2378
2024-01-09,LOLC.N0000,350,354,340,349.75,9687
2024-01-10,LOLC.N0000,349.75,355,348.25,349.75,15438
2024-01-11,LOLC.N0000,350,350,346,348,1723
2024-01-12,LOLC.N0000,345.25,348,345.25,347.75,1563
2024-01-16,LOLC.N0000,347.75,347.75,339,347.25,32448
2024-01-17,LOLC.N0000,344,346.5,338,340,9703
2024-01-18,LOLC.N0000,342,342,338,339,37547
2024-01-19,LOLC.N0000,338,339,335,337,24772
2024-01-22,LOLC.N0000,337,339.5,335,336.5,5421
2024-01-23,LOLC.N0000,335,339,330,334,13819
2024-01-24,LOLC.N0000,335,335,331.25,334,4225
2024-01-26,LOLC.N0000,337.5,338,334,335,8580
2024-01-29,LOLC.N0000,333,337.5,329,329.75,6435
2024-01-30,LOLC.N0000,330,332.5,320,325,16944
2024-01-31,LOLC.N0000,327.75,327.75,310,320,23638
2024-02-01,LOLC.N0000,321,325,313.75,315,14334
2024-02-02,LOLC.N0000,319,319,310,311,64921
2024-02-06,LOLC.N0000,312,324.5,312,320,34634
2024-02-07,LOLC.N0000,320,324.5,319,320,16554
2024-02-08,LOLC.N0000,320.25,322,315,319,20014
2024-02-09,LOLC.N0000,318.5,319,315.5,318,6690
2024-02-12,LOLC.N0000,318.75,327.5,318.75,319.75,11920
2024-02-13,LOLC.N0000,319.75,319.75,315,319.5,4685
2024-02-14,LOLC.N0000,319.5,319.5,317,319,1640
2024-02-15,LOLC.N0000,319.75,329.75,318.5,318.5,20344
2024-02-16,LOLC.N0000,329,334,320,323,22617
2024-02-19,LOLC.N0000,325,325,322,324.75,12528
2024-02-20,LOLC.N0000,324.75,324.75,322,324.5,9457
2024-02-21,LOLC.N0000,324.75,328,321.75,322,15964
2024-02-22,LOLC.N0000,321,328,320.25,324.5,3782
2024-02-26,LOLC.N0000,324,324.5,319.5,319.75,25269
2024-02-27,LOLC.N0000,323,323,315,317.75,29004
2024-02-28,LOLC.N0000,319.75,319.75,314.75,315,29076
2024-02-29,LOLC.N0000,315,317,313.5,314.5,12860
2024-03-01,LOLC.N0000,315,351.75,314,350,644289
2024-03-04,LOLC.N0000,351.75,380.25,350,374.25,319705
2024-03-05,LOLC.N0000,380,380.25,370,374,43525
2024-03-06,LOLC.N0000,375,375,368.75,373,26856
2024-03-07,LOLC.N0000,374.5,410,373.25,410,128327
2024-03-11,LOLC.N0000,410,420,408,409.75,161480
2024-03-12,LOLC.N0000,409.75,414.75,406.5,406.5,33974
2024-03-13,LOLC.N0000,410,410,398,405,51367
2024-03-14,LOLC.N0000,404.75,404.75,396.25,399.75,25253
2024-03-15,LOLC.N0000,397,400,389,394.75,48034
2024-03-18,LOLC.N0000,398,408,386.5,395,22247
2024-03-19,LOLC.N0000,395,399,384,384,20829
2024-03-20,LOLC.N0000,384.25,389,382,385,13038
2024-03-21,LOLC.N0000,385,390,376.25,384.75,10699
2024-03-22,LOLC.N0000,380,388,380,384,35103
2024-03-25,LOLC.N0000,388,389.75,379,384.75,36626
2024-03-26,LOLC.N0000,389,406.75,380,406.75,117749
2024-03-27,LOLC.N0000,405,417,396.25,404,218412
2024-03-28,LOLC.N0000,404,410,395,400,77664
2024-04-01,LOLC.N0000,400,405,398,402,62842
2024-04-02,LOLC.N0000,405,405,397,400,23619
2024-04-03,LOLC.N0000,400,400,393,397,73693
2024-04-04,LOLC.N0000,393.25,401,391.25,400,102773
2024-04-05,LOLC.N0000,400,405,395,405,58404
2024-04-08,LOLC.N0000,402,409.75,400.25,405,48954
2024-04-09,LOLC.N0000,405.5,408,402,408,137677
2024-04-10,LOLC.N0000,405,415,405,415,453956
2024-04-15,LOLC.N0000,415,434,410,431,250822
2024-04-16,LOLC.N0000,432.75,433,413,419,111245
2024-04-17,LOLC.N0000,419,430,413.75,424,63690
2024-04-18,LOLC.N0000,424,430,420,426.25,17206
2024-04-19,LOLC.N0000,418,428,417,424,68016
2024-04-22,LOLC.N0000,424,434.75,424,434,132979
2024-04-24,LOLC.N0000,434,447.75,431,443,124792
2024-04-25,LOLC.N0000,447,470,442.25,470,165519
2024-04-26,LOLC.N0000,470,479,460,469.75,127390
2024-04-29,LOLC.N0000,468.75,476.75,465,465,123357
2024-04-30,LOLC.N0000,468,475,457.5,474.75,85793
2024-05-02,LOLC.N0000,475,475,466,472.75,65583
2024-05-03,LOLC.N0000,465.25,473,465.25,469.5,21808
2024-05-06,LOLC.N0000,470,483.75,465.25,480,44129
2024-05-07,LOLC.N0000,473,490,473,487,87635
2024-05-08,LOLC.N0000,491,493,483.25,483.25,71977
2024-05-09,LOLC.N0000,485,489.5,470,488.75,45248
2024-05-10,LOLC.N0000,489.5,505.75,489.5,495,159401
2024-05-13,LOLC.N0000,498,500,490,495,35701
2024-05-14,LOLC.N0000,492.5,495.5,470,483,79554
2024-05-15,LOLC.N0000,483.75,494,472.5,480,52797
2024-05-16,LOLC.N0000,475.5,485,465,479,40862
2024-05-17,LOLC.N0000,479.5,480,474,475,55772
2024-05-20,LOLC.N0000,475,475.25,455.25,465,129795
2024-05-21,LOLC.N0000,456.5,470,454.75,469,38868
2024-05-22,LOLC.N0000,475,480,461.25,475,37646
2024-05-27,LOLC.N0000,480,480,465,470,10376
2024-05-28,LOLC.N0000,472,472,464,466.75,32883
2024-05-29,LOLC.N0000,462.25,465,459,460,50243
2024-05-30,LOLC.N0000,465,469.75,456.25,466.5,50998
2024-05-31,LOLC.N0000,464,472,455,460,115760
2024-06-03,LOLC.N0000,450.25,460,446.5,450,73428
2024-06-04,LOLC.N0000,450,460,445,460,34312
2024-06-05,LOLC.N0000,460,469,460,465,66362
2024-06-06,LOLC.N0000,467,477.75,465,475,165435
2024-06-07,LOLC.N0000,473,477.75,465.5,470,42166
2024-06-10,LOLC.N0000,470,490,470,490,77040
2024-06-11,LOLC.N0000,485.25,497.75,484.75,485,96094
2024-06-12,LOLC.N0000,485,487,480,484,24485
2024-06-13,LOLC.N0000,485,488,477,480,26356
2024-06-14,LOLC.N0000,476.75,480,472.25,474.75,25694
2024-06-18,LOLC.N0000,475,475,467.25,470,24993
2024-06-19,LOLC.N0000,470,480,467.5,470,95569
2024-06-20,LOLC.N0000,470,479,465,470,12687
2024-06-24,LOLC.N0000,470,470,463.25,465,23724
2024-06-25,LOLC.N0000,463.5,465,460,464.75,21421
2024-06-26,LOLC.N0000,465,465,454,460,27808
2024-06-27,LOLC.N0000,465,466.75,450,450,21189
2024-06-28,LOLC.N0000,455,455,450,454,14389
2024-07-01,LOLC.N0000,454.75,460,451,454,4331
2024-07-02,LOLC.N0000,454,454,451,453.5,10929
2024-07-03,LOLC.N0000,453,454,445,445,16002
2024-07-04,LOLC.N0000,450,453.75,430.25,435,55774
2024-07-05,LOLC.N0000,439,439.75,430,433,33970
2024-07-08,LOLC.N0000,439,439,429.25,429.75,11913
2024-07-09,LOLC.N0000,429.5,436,425,429,24820
2024-07-10,LOLC.N0000,430,434.5,430,433.75,7387
2024-07-11,LOLC.N0000,430,437,430,436,11856
2024-07-12,LOLC.N0000,437,445,431.5,445,9850
2024-07-15,LOLC.N0000,445,450,445,449,29001
2024-07-16,LOLC.N0000,449.5,455,445,445,13965
2024-07-17,LOLC.N0000,449,449,441,444,8140
2024-07-18,LOLC.N0000,445,445,435.25,435.5,5102
2024-07-19,LOLC.N0000,439,440,437,439.75,1189
2024-07-22,LOLC.N0000,439,439.75,431,434.25,10662
2024-07-23,LOLC.N0000,431.5,435,429.5,433,9064
2024-07-24,LOLC.N0000,435,439,431.25,438.75,3216
2024-07-25,LOLC.N0000,438.5,438.5,426.25,430,2850
2024-07-26,LOLC.N0000,435,435,428.5,430,3736
2024-07-29,LOLC.N0000,430.25,435,426.5,426.5,3786
2024-07-30,LOLC.N0000,429,432,420,424,13808
2024-07-31,LOLC.N0000,424,425,416,418,60543
2024-08-01,LOLC.N0000,420,422,410.5,419.5,15027
2024-08-02,LOLC.N0000,419.5,419.5,413,414.5,5219
2024-08-05,LOLC.N0000,415,417,400,409.75,56007
2024-08-06,LOLC.N0000,403,409,400,405,31021
2024-08-07,LOLC.N0000,406,406,395,400,37956
2024-08-08,LOLC.N0000,399.75,399.75,395,398,13481
2024-08-09,LOLC.N0000,398,413.5,395,402,29324
2024-08-12,LOLC.N0000,401,413.5,401,407,16497
2024-08-13,LOLC.N0000,410,420,407.5,420,36997
2024-08-14,LOLC.N0000,420,422,415,420,25613
2024-08-15,LOLC.N0000,422,425,420,420,5846
2024-08-16,LOLC.N0000,420,422,419,420,25606
2024-08-20,LOLC.N0000,422,424,419.75,419.75,5098
2024-08-21,LOLC.N0000,424.25,424.25,410,419.75,2364
2024-08-22,LOLC.N0000,419.75,423.5,411,418,7615
2024-08-23,LOLC.N0000,419.75,420,410,415,5098
2024-08-26,LOLC.N0000,415,415,390,399.5,16355
2024-08-27,LOLC.N0000,399.5,400,389,390,15436
2024-08-28,LOLC.N0000,395,395,375,389.75,67848
2024-08-29,LOLC.N0000,385,390,380,380,10868
2024-08-30,LOLC.N0000,377,389,377,380,43236
2024-09-02,LOLC.N0000,379,380,364,370,39593
2024-09-03,LOLC.N0000,370,370,355,364,38446
2024-09-04,LOLC.N0000,367,379.75,367,379.75,21851
2024-09-05,LOLC.N0000,385,385,370,377,18862
2024-09-06,LOLC.N0000,378,378,365,370,12057
2024-09-09,LOLC.N0000,378,378,355,364,36640
2024-09-10,LOLC.N0000,366,366,350,359.75,54091
2024-09-11,LOLC.N0000,353.75,366,353.75,364,5156
2024-09-12,LOLC.N0000,365,370,360,370,5528
2024-09-13,LOLC.N0000,360.25,378,360.25,378,8332
2024-09-18,LOLC.N0000,378,385,365,380,48929
2024-09-19,LOLC.N0000,381.75,382,378.5,380,50841
2024-09-20,LOLC.N0000,385,389.75,371,371,43848
2024-09-23,LOLC.N0000,370.25,386.5,359,386.5,51138
2024-09-24,LOLC.N0000,387.5,409.25,387.5,406,50712
2024-09-25,LOLC.N0000,402,425,400,424.5,68377
2024-09-26,LOLC.N0000,425,442,410.5,425,83212
2024-09-27,LOLC.N0000,425,434,420,430,32064
2024-09-30,LOLC.N0000,429.75,438.75,427,431.75,22394
2024-10-01,LOLC.N0000,432,438.25,420,438.25,61516
2024-10-02,LOLC.N0000,438,438,420,430,27202
2024-10-03,LOLC.N0000,430,434,421,421,12884
2024-10-04,LOLC.N0000,424,430,419.25,422,28537
2024-10-07,LOLC.N0000,422,438,422,430,93745
2024-10-08,LOLC.N0000,425,434,425,426,6623
2024-10-09,LOLC.N0000,430,430,421,424.75,18315
2024-10-10,LOLC.N0000,420.25,429.75,412.25,415.75,19954
2024-10-11,LOLC.N0000,420,427.75,420,423,25009
2024-10-14,LOLC.N0000,429.75,429.75,418,425,6175
2024-10-15,LOLC.N0000,424,429,418.5,419.5,25894
2024-10-16,LOLC.N0000,423.5,428.75,419.25,425,19042
2024-10-18,LOLC.N0000,425,425,418.25,424,11572
2024-10-21,LOLC.N0000,420,428.5,419.25,419.25,51265
2024-10-22,LOLC.N0000,423.75,425,418,424.5,13654
2024-10-23,LOLC.N0000,423.75,423.75,415,423,15838
2024-10-24,LOLC.N0000,420,427,420,426.5,78790
2024-10-25,LOLC.N0000,421.25,434.75,420,430,89183
2024-10-28,LOLC.N0000,426.25,464.75,426.25,462.75,210747
2024-10-29,LOLC.N0000,463,469.75,455,459.75,82776
2024-10-30,LOLC.N0000,459.75,460,450,456,33041
2024-11-01,LOLC.N0000,455,462,450,452,49270
2024-11-04,LOLC.N0000,455,460,450,455,64720
2024-11-05,LOLC.N0000,455,455.75,449.75,453,9329
2024-11-06,LOLC.N0000,450,453.5,441.5,448,35228
2024-11-07,LOLC.N0000,450,450.75,445,450.75,16118
2024-11-08,LOLC.N0000,449.5,453,443,448,12600
2024-11-11,LOLC.N0000,449.5,450,445,450,24061
2024-11-12,LOLC.N0000,450,463,445,459,62203
2024-11-13,LOLC.N0000,453,472,453,465,114900
2024-11-14,LOLC.N0000,475,478,461,468,172542
2024-11-18,LOLC.N0000,465,484.5,465,465,230526
2024-11-19,LOLC.N0000,468,470,456,457.25,46642
2024-11-20,LOLC.N0000,455.25,460,450.5,457.5,23323
2024-11-21,LOLC.N0000,460,460,439,448.75,64653
2024-11-22,LOLC.N0000,450,450,435,435,49689
2024-11-25,LOLC.N0000,435,444,430,444,27837
2024-11-26,LOLC.N0000,440,443,436,437,35937
2024-11-27,LOLC.N0000,444,444,433,438,19207
2024-11-28,LOLC.N0000,444,458,441,448,26011
2024-11-29,LOLC.N0000,443,450,439.75,448,134559
2024-12-02,LOLC.N0000,449,449,442,445,6949
2024-12-03,LOLC.N0000,449,464,445,455.25,51040
2024-12-04,LOLC.N0000,459,467,450.5,453,39207
2024-12-05,LOLC.N0000,455.25,463,452.75,463,237471
2024-12-06,LOLC.N0000,463,470,460,469.75,121404
2024-12-09,LOLC.N0000,470,478,468.25,476,286001
2024-12-10,LOLC.N0000,478,530,475,529.25,819068
2024-12-11,LOLC.N0000,540,552,529.5,540,638608
2024-12-12,LOLC.N0000,538,547.75,518.5,525,237601
2024-12-13,LOLC.N0000,525,536,520,534.25,225385
2024-12-16,LOLC.N0000,535,555,534,551,552826
2024-12-17,LOLC.N0000,555,560,544,552.25,274574
2024-12-18,LOLC.N0000,550,560,545.25,559.75,203261
2024-12-19,LOLC.N0000,559.75,563,550,557,129926
2024-12-20,LOLC.N0000,557,559,550,558,105669
2024-12-23,LOLC.N0000,555,622,555,604.5,628619
2024-12-24,LOLC.N0000,615.5,620,600,609,246994
2024-12-26,LOLC.N0000,610,670,610,665,585403
2024-12-27,LOLC.N0000,670,710,666,690,738890
2024-12-30,LOLC.N0000,699,704.75,680,690,218594
2024-12-31,LOLC.N0000,695,695,671,691.75,336337
2025-01-02,LOLC.N0000,691,725,691,713,392895
2025-01-03,LOLC.N0000,719.5,719.5,680,700,437284
2025-01-06,LOLC.N0000,692,699.75,666,671,429848
2025-01-07,LOLC.N0000,670.25,694,662.5,678,242339
2025-01-08,LOLC.N0000,671.75,691.5,671,675,56428
2025-01-09,LOLC.N0000,675.75,684.75,665,666,170090
2025-01-10,LOLC.N0000,661,685,654,683,268057
2025-01-15,LOLC.N0000,686,698,686,693,149479
2025-01-16,LOLC.N0000,692.5,694,685.25,686,71984
2025-01-17,LOLC.N0000,686.75,690,680,681,31243
2025-01-20,LOLC.N0000,689,690,675,680,51926
2025-01-21,LOLC.N0000,680,685,675.5,681,86601
2025-01-22,LOLC.N0000,680,715,676,714.75,665364
2025-01-23,LOLC.N0000,715,730,710,729,221728
2025-01-24,LOLC.N0000,726,732,710,725,461130
2025-01-27,LOLC.N0000,725,730,715,724,67566
2025-01-28,LOLC.N0000,720.5,740,714,733.5,202597
2025-01-29,LOLC.N0000,741,749,733.75,740,103091
2025-01-30,LOLC.N0000,740,745,726.25,733,35403
2025-01-31,LOLC.N0000,730,734,720.5,730,66036
2025-02-03,LOLC.N0000,720,731,708,714.5,93059
2025-02-05,LOLC.N0000,713,714.5,683.25,684.75,133562
2025-02-06,LOLC.N0000,682,695,677.5,690,244928
2025-02-07,LOLC.N0000,690,700,681,685.25,27615
2025-02-10,LOLC.N0000,685,694,667.5,669,107064
2025-02-11,LOLC.N0000,667.5,678.5,651,660,72020
2025-02-13,LOLC.N0000,665,682,662,680,31044
2025-02-14,LOLC.N0000,684,698.75,680,693,214902
2025-02-17,LOLC.N0000,698,699,688,694.5,88538
2025-02-18,LOLC.N0000,689.25,695,688,693,204148
2025-02-19,LOLC.N0000,694,700,681,681,34635
2025-02-20,LOLC.N0000,685,685.5,670.25,680,62265
2025-02-21,LOLC.N0000,678,688.75,675,680,62010
2025-02-24,LOLC.N0000,685,685,665,665.5,22109
2025-02-25,LOLC.N0000,665.25,673.75,649,649,91600
2025-02-27,LOLC.N0000,650.5,669.5,650,661,34778
2025-02-28,LOLC.N0000,661.5,669,652,669,24959
2025-03-03,LOLC.N0000,669,669,645,654,26244
2025-03-04,LOLC.N0000,650,655,631.25,639,65340
2025-03-05,LOLC.N0000,639,649.75,639,642.25,52687
2025-03-06,LOLC.N0000,647.75,659,639,640,12152
2025-03-07,LOLC.N0000,640,640,628,630,16308
2025-03-10,LOLC.N0000,640,649.75,626,626,19214
2025-03-11,LOLC.N0000,626,628,597.25,600,119857
2025-03-12,LOLC.N0000,609.75,620,600,615,126068
2025-03-14,LOLC.N0000,615,625,610,614.5,33274
2025-03-17,LOLC.N0000,619.75,619.75,597,601,26359
2025-03-18,LOLC.N0000,600,612,590,599,13714
2025-03-19,LOLC.N0000,592.5,599,577,589,32849
2025-03-20,LOLC.N0000,590,599.5,587.5,590,40523
2025-03-21,LOLC.N0000,591.5,600,591.5,599.5,103745
2025-03-24,LOLC.N0000,600,608,599,600,19959
2025-03-25,LOLC.N0000,598,600,590.25,591,20736
2025-03-26,LOLC.N0000,595,599.75,594,595,11661
2025-03-27,LOLC.N0000,599.5,599.5,595,596,1463
2025-03-28,LOLC.N0000,595.75,599,585.25,599,21400
2025-04-01,LOLC.N0000,599.5,608,596,606.75,17753
2025-04-02,LOLC.N0000,608.75,614,598,600,28816
2025-04-03,LOLC.N0000,599,599,580.5,594,24472
2025-04-04,LOLC.N0000,580,599.5,566.75,590,25322
2025-04-07,LOLC.N0000,565,570,530,542,97308
2025-04-08,LOLC.N0000,550,560,545,554,57747
2025-04-09,LOLC.N0000,552,558.25,530,538,27913
2025-04-10,LOLC.N0000,559.75,599,559.75,580,95746
2025-04-11,LOLC.N0000,580.25,589.5,570,575,14141
2025-04-16,LOLC.N0000,571.5,590.5,571.5,589,35452
2025-04-17,LOLC.N0000,591,594.75,580,585,6318
2025-04-21,LOLC.N0000,589,594.25,583,587,10122
2025-04-22,LOLC.N0000,587,594,575,578,14999
2025-04-23,LOLC.N0000,590,590,579,584,7184
2025-04-24,LOLC.N0000,584,590,581.5,585,24356
2025-04-25,LOLC.N0000,582,599,582,598,115511
2025-04-28,LOLC.N0000,599.75,603,589,590,29242
2025-04-29,LOLC.N0000,595,595,584,585,63603
2025-04-30,LOLC.N0000,585,585,570,580,52261
2025-05-02,LOLC.N0000,585,590,580,580,1589
2025-05-05,LOLC.N0000,589.75,589.75,578,580,39902
2025-05-06,LOLC.N0000,580.25,589.5,579.25,580,24337
2025-05-07,LOLC.N0000,580.25,589.25,570.25,575,6318
2025-05-08,LOLC.N0000,575,580,572.25,579.5,30367
2025-05-09,LOLC.N0000,579,580,575,577,5813
2025-05-14,LOLC.N0000,578,589,578,584.75,59888
2025-05-15,LOLC.N0000,584.75,608,584,608,475285
2025-05-16,LOLC.N0000,610,611,602.5,610,95171
2025-05-19,LOLC.N0000,611,619.25,600,603,23206
2025-05-20,LOLC.N0000,604,604,595,598,46789
2025-05-21,LOLC.N0000,597.75,600,592,593.5,13695
2025-05-22,LOLC.N0000,592,600,592,600,42363
2025-05-23,LOLC.N0000,600,600,589.5,589.5,67145
2025-05-26,LOLC.N0000,600,600,590,591,96188
2025-05-27,LOLC.N0000,592,620,592,600,196661
2025-05-28,LOLC.N0000,602,610,598,600,174810
2025-05-29,LOLC.N0000,600,627,600,620,594669
2025-05-30,LOLC.N0000,625,627,610,612.5,42762
2025-06-02,LOLC.N0000,616.75,625,615.75,618,17107
2025-06-03,LOLC.N0000,617.5,624,613.75,623,65717
2025-06-04,LOLC.N0000,622,635,618,622,184188
2025-06-05,LOLC.N0000,620,621.5,617,618.25,76492
2025-06-06,LOLC.N0000,619.75,630,615.25,617,108359
2025-06-09,LOLC.N0000,617,629,610,612.5,58320
2025-06-11,LOLC.N0000,625,625,605.25,610,53032
2025-06-12,LOLC.N0000,612,612,597,598,94215
2025-06-13,LOLC.N0000,599,599,582,590,52885
2025-06-16,LOLC.N0000,589.25,589.25,572,581,53650
2025-06-17,LOLC.N0000,580,584.75,565.75,570,146613
2025-06-18,LOLC.N0000,570,570,563,565,92309
2025-06-19,LOLC.N0000,565,569.75,541,549.75,97859
2025-06-20,LOLC.N0000,547.75,567,547.75,557.5,106663
2025-06-23,LOLC.N0000,557.5,557.5,543,544,93882
2025-06-24,LOLC.N0000,560,589,560,565,155392
2025-06-25,LOLC.N0000,581,589.5,576,589.5,89880
2025-06-26,LOLC.N0000,589.75,597,580,584,69597
2025-06-27,LOLC.N0000,585,585,570,575,49555
2025-06-30,LOLC.N0000,575,579.75,570,571.5,29059
2025-07-01,LOLC.N0000,579,579.5,570,574.5,38345
2025-07-02,LOLC.N0000,571,575,559.25,560,97328
2025-07-03,LOLC.N0000,560,564.5,557,559.5,33812
2025-07-04,LOLC.N0000,564.25,564.25,548.75,553,123938
2025-07-07,LOLC.N0000,553,568,548,549.75,63444
2025-07-08,LOLC.N0000,550,555,535,553,108409
2025-07-09,LOLC.N0000,555,555,540,545,36174
2025-07-11,LOLC.N0000,539,555,539,553.75,104151
2025-07-14,LOLC.N0000,554,555,545,554.25,93259
2025-07-15,LOLC.N0000,555,578,553,575,224615
2025-07-16,LOLC.N0000,578.5,590,565.25,569,63100
2025-07-17,LOLC.N0000,569,570,555,560,39283
2025-07-18,LOLC.N0000,564,575,558,558,26952
2025-07-21,LOLC.N0000,560,567,557,559,33642
2025-07-22,LOLC.N0000,560,560,557.5,559.75,26085
2025-07-23,LOLC.N0000,560,567,553.5,557.75,62267
2025-07-24,LOLC.N0000,565,566.75,557,560,76148
2025-07-25,LOLC.N0000,565.75,565.75,558,561.75,27141
2025-07-28,LOLC.N0000,563.5,563.5,552,552.25,82669
2025-07-29,LOLC.N0000,552.25,557,549.75,554.25,60220
2025-07-30,LOLC.N0000,553.5,554.75,549,553,55436
2025-07-31,LOLC.N0000,555,560,552.5,555,63742
2025-08-01,LOLC.N0000,559,579.5,558,564.5,58472
2025-08-04,LOLC.N0000,564.5,569,554.25,554.25,18005
2025-08-05,LOLC.N0000,555,560,550,554.75,29726
2025-08-06,LOLC.N0000,555,555,548,550,29286
2025-08-07,LOLC.N0000,555,560,545,545,28179
2025-08-11,LOLC.N0000,559.5,564.5,545,550,72383
2025-08-12,LOLC.N0000,559,564,552,559,121551
2025-08-13,LOLC.N0000,562,564.75,552,559,53469
2025-08-14,LOLC.N0000,558.5,560.75,549.75,557,66441
2025-08-15,LOLC.N0000,560,590,550,584.75,585785
2025-08-18,LOLC.N0000,586,600,568,570,129924
2025-08-19,LOLC.N0000,572,575,560,571.75,53251
2025-08-20,LOLC.N0000,567,567,555,558,91115
2025-08-21,LOLC.N0000,557.75,561.75,554.75,555,116327
2025-08-22,LOLC.N0000,557.5,564.75,552,556.75,218165
2025-08-25,LOLC.N0000,557.25,563,552,556.5,86307
2025-08-26,LOLC.N0000,557.25,567,550,564.5,305247
2025-08-27,LOLC.N0000,562.75,568.75,550,560.25,52404
2025-08-28,LOLC.N0000,558.5,568.5,555.75,563.75,31182
2025-08-29,LOLC.N0000,564.25,568.5,555.75,565,55785
2025-09-01,LOLC.N0000,565,565,558.5,563.75,138502
2025-09-02,LOLC.N0000,564,564,560,561.5,82265
2025-09-03,LOLC.N0000,561.75,563,560,563,127947
2025-09-04,LOLC.N0000,560,568,560,560.25,118280
2025-09-08,LOLC.N0000,560.5,569.5,559,564.25,209336
2025-09-09,LOLC.N0000,561,564.25,560,561.75,381861
2025-09-10,LOLC.N0000,560.5,579.75,560,565,108326
2025-09-11,LOLC.N0000,575,575,561,561.75,25897
2025-09-12,LOLC.N0000,564,564,560.5,561,178546
2025-09-15,LOLC.N0000,561,564,560,560.5,97153
2025-09-16,LOLC.N0000,561.5,568.75,560.5,562,31273
2025-09-17,LOLC.N0000,567.25,567.5,561,564,38948
2025-09-18,LOLC.N0000,561.5,567.5,560.5,564.75,146780
2025-09-19,LOLC.N0000,565,575,561,562.5,418530
2025-09-22,LOLC.N0000,564,569,562,565,50919
2025-09-23,LOLC.N0000,565,589.75,561,580,177422
2025-09-24,LOLC.N0000,586,589.5,572,580,37586
2025-09-25,LOLC.N0000,575,580,573,575,12433
2025-09-26,LOLC.N0000,575,578.75,570,570,157210
2025-09-29,LOLC.N0000,567,572,565,566.25,32140
2025-09-30,LOLC.N0000,566.25,570,562,570,20167
2025-10-01,LOLC.N0000,570,570,562.75,568.75,17049
2025-10-02,LOLC.N0000,563,565.5,563,564.75,21392
2025-10-03,LOLC.N0000,564.75,569.25,558,567,174588
2025-10-07,LOLC.N0000,567,568.25,561,561,193510
2025-10-08,LOLC.N0000,566,566.75,558,561,131920
2025-10-09,LOLC.N0000,561,572.5,560.25,571.5,213681
2025-10-10,LOLC.N0000,566,572,562,570,37700
2025-10-13,LOLC.N0000,570,570,562,565,118241
2025-10-14,LOLC.N0000,562.25,570,562.25,562.5,11045
2025-10-15,LOLC.N0000,569.5,570,560,567.75,24602
2025-10-16,LOLC.N0000,558,569.5,558,569.5,26037
2025-10-17,LOLC.N0000,569.75,580,560,569.5,45673
2025-10-21,LOLC.N0000,570,570,560.5,561.75,33601
2025-10-22,LOLC.N0000,561.5,565,560.25,561.25,22786
2025-10-23,LOLC.N0000,561.25,579.5,557,578.5,167162
2025-10-24,LOLC.N0000,580,594.5,570,580,220860
2025-10-27,LOLC.N0000,583.75,583.75,575,579,14137
2025-10-28,LOLC.N0000,571,576,562,565,22974
2025-10-29,LOLC.N0000,565.25,567,562,562.25,10554
2025-10-30,LOLC.N0000,550,566,550,561,16673
2025-10-31,LOLC.N0000,565,565,554,560.5,33526
2025-11-03,LOLC.N0000,565,565,558,558,30428
2025-11-04,LOLC.N0000,559.75,561,556,559.75,9918
2025-11-06,LOLC.N0000,562,565,554,558,41000
2025-11-07,LOLC.N0000,556,560,554,555,29878
2025-11-10,LOLC.N0000,555,560,554,555,54231
2025-11-11,LOLC.N0000,560,561,540,553.75,73716
2025-11-12,LOLC.N0000,560,560,552,560,154906
2025-11-13,LOLC.N0000,560,560,550,552,53961
2025-11-14,LOLC.N0000,554,570,554,555,53386
2025-11-17,LOLC.N0000,555,566.75,555,555,90044
2025-11-18,LOLC.N0000,560,560,554,556,99416
2025-11-19,LOLC.N0000,559,559,549,555,38822
2025-11-20,LOLC.N0000,556,556,550,554,41168
2025-11-21,LOLC.N0000,558,558,549.5,557.75,35124
2025-11-24,LOLC.N0000,558,558,545,550,135285
2025-11-25,LOLC.N0000,550.25,554.75,550,552.75,31861
2025-11-26,LOLC.N0000,553,553,550.5,551,16414
2025-11-27,LOLC.N0000,551,552.5,548.75,550,239168
2025-11-28,LOLC.N0000,550,559.5,550,559.5,25397
2025-12-01,LOLC.N0000,549,554,540,550,149729
2025-12-02,LOLC.N0000,550,555,550,553,27579
2025-12-03,LOLC.N0000,554.5,555,548,548,119430
2025-12-05,LOLC.N0000,548,550,539,541,174296
2025-12-08,LOLC.N0000,541,553,540,541,15573
2025-12-09,LOLC.N0000,550,550,539.75,540.5,70310
2025-12-10,LOLC.N0000,540.5,554.5,540.5,545,29520
2025-12-11,LOLC.N0000,550,550,540,550,87199
2025-12-12,LOLC.N0000,554.5,554.5,547.75,547.75,8671
2025-12-15,LOLC.N0000,543.75,553.75,543.75,550,76557
2025-12-16,LOLC.N0000,551,556.75,545.25,556,53691
2025-12-17,LOLC.N0000,554.25,580,554.25,579.25,219633
2025-12-18,LOLC.N0000,579.75,584.5,574,574,105066
2025-12-19,LOLC.N0000,575.25,579.75,560,570,23061
2025-12-22,LOLC.N0000,570,574.5,560.25,569,23040
2025-12-23,LOLC.N0000,561,570,556,560,34063
2025-12-24,LOLC.N0000,570,570,556.25,560,4301
2025-12-26,LOLC.N0000,568,569,556.25,560,13752
2025-12-29,LOLC.N0000,561,569.5,555.25,560,11981
2025-12-30,LOLC.N0000,556.75,565,556.75,565,7925
2025-12-31,LOLC.N0000,562,568.75,555.5,568.75,50529
2026-01-02,LOLC.N0000,568.75,568.75,555,560,9203
2026-01-05,LOLC.N0000,564.75,570,556.25,567.5,11513
2026-01-06,LOLC.N0000,570,576.75,560,572.5,75423
2026-01-07,LOLC.N0000,572.5,572.5,565,572.5,2939
2026-01-08,LOLC.N0000,571.5,576.75,565.75,569,23776
2026-01-09,LOLC.N0000,566.5,580,563.25,575,591279
2026-01-12,LOLC.N0000,580,587.75,573,575,242138
2026-01-13,LOLC.N0000,575.5,575.5,572,574,147744
2026-01-14,LOLC.N0000,575,577.25,570.25,572,125410
2026-01-16,LOLC.N0000,574,574,568,568,122663
2026-01-19,LOLC.N0000,572.5,573.5,565.25,565.25,93507
2026-01-20,LOLC.N0000,565.25,567,555.25,565,74596
2026-01-21,LOLC.N0000,569,569,556.25,563,13026
2026-01-22,LOLC.N0000,569,569,560,565,43939
2026-01-23,LOLC.N0000,562.75,600,562.75,599.5,1632503
2026-01-26,LOLC.N0000,605,640,605,617.5,727534
2026-01-27,LOLC.N0000,620,620,610,614,249113
2026-01-28,LOLC.N0000,614.5,618.5,611.5,614,776936
2026-01-29,LOLC.N0000,618,618.75,610,614,140202
2026-01-30,LOLC.N0000,610.25,614,606,609.5,134294
2026-02-02,LOLC.N0000,606,609.5,595,604,58395
2026-02-03,LOLC.N0000,605,610,600,601.5,36523
2026-02-05,LOLC.N0000,602,605.75,600,600.5,44117
2026-02-06,LOLC.N0000,600.5,604,594.25,596,76430
2026-02-09,LOLC.N0000,599,599.75,593,597.75,19598
2026-02-10,LOLC.N0000,599.25,599.25,586,590,62966
2026-02-11,LOLC.N0000,590,592,585,585.25,29376
2026-02-12,LOLC.N0000,585,589,578,586.75,29724
2026-02-13,LOLC.N0000,582.5,582.5,577,580,32889
2026-02-16,LOLC.N0000,580,590,575.25,580,31009
2026-02-17,LOLC.N0000,580,585,576.75,579,10579
2026-02-18,LOLC.N0000,584.75,587.75,578,580,22606
2026-02-19,LOLC.N0000,587.75,587.75,575,579,50592
2026-02-20,LOLC.N0000,575,579,570.25,574,25151
2026-02-23,LOLC.N0000,574,574,566,572,37230
2026-02-24,LOLC.N0000,574.25,575,569,575,13608
2026-02-25,LOLC.N0000,572,574,561,569,5909
2026-02-26,LOLC.N0000,573.5,575,565,571,135686
2026-02-27,LOLC.N0000,574.5,580,568.25,580,297908
2026-03-03,LOLC.N0000,549,563,535,550,130202
2026-03-04,LOLC.N0000,550,563,550,556,57317
2026-03-05,LOLC.N0000,558.75,575,558.75,569,320150
2026-03-06,LOLC.N0000,570,574.75,564,565,146992
2026-03-09,LOLC.N0000,560,560,542,550,71604
2026-03-10,LOLC.N0000,559.75,560,550,558,70831
2026-03-11,LOLC.N0000,558.75,558.75,550,554.5,40161
2026-03-12,LOLC.N0000,554.5,554.5,551,553.5,177114
2026-03-13,LOLC.N0000,551,551,541,542,14920
2026-03-16,LOLC.N0000,542,542,520,534.5,51413
2026-03-17,LOLC.N0000,530.25,539,515,528,79285
2026-03-18,LOLC.N0000,520,534,516,534,154826
2026-03-19,LOLC.N0000,525,525,508,509,66783
2026-03-20,LOLC.N0000,519,520,505,512,59407
2026-03-23,LOLC.N0000,505,510.25,504,508,22288
2026-03-24,LOLC.N0000,525,528.75,515,523.75,82696
2026-03-25,LOLC.N0000,524.75,545,524.75,537,22034
2026-03-26,LOLC.N0000,532.75,532.75,520,529.75,9885
2026-03-27,LOLC.N0000,520.5,531,520,524,16831
2026-03-30,LOLC.N0000,524,549.5,517.5,522.25,25005
2026-03-31,LOLC.N0000,521.5,539.75,521.5,529.75,3927
2026-04-02,LOLC.N0000,530,530,520.25,520.5,6440
2026-04-06,LOLC.N0000,520.25,530,519.75,530,37131
2026-04-07,LOLC.N0000,535,535,529.25,529.5,14060
2026-04-08,LOLC.N0000,535,559.75,535,540.25,102883
2026-04-09,LOLC.N0000,546.25,554,540,550,8615
2026-04-10,LOLC.N0000,553.75,564.75,553,560,38507
2026-04-15,LOLC.N0000,561,563.75,546.25,563,42982
2026-04-16,LOLC.N0000,563.75,567.75,559,567.75,36997
2026-04-17,LOLC.N0000,561.5,575,561.5,572.75,10550
2026-04-20,LOLC.N0000,565.5,572.5,563,565,54349
2026-04-21,LOLC.N0000,569.25,570,565,565,69728
2026-04-22,LOLC.N0000,569,570,565,565,57950
2026-04-23,LOLC.N0000,565.25,570,560.25,566.75,101036
2026-04-24,LOLC.N0000,565,565,560,561,35051
2026-04-27,LOLC.N0000,565,565,561,561,35804
2026-04-28,LOLC.N0000,565,565,556,560,66133
2026-04-29,LOLC.N0000,565,565,560,560,22638
2026-04-30,LOLC.N0000,565,565,556.5,560,13112
2026-05-04,LOLC.N0000,560,570,560,565.25,15944
2026-05-05,LOLC.N0000,565.75,570,560,565,80112
2026-05-06,LOLC.N0000,562,575,562,570,38085
2026-05-07,LOLC.N0000,565,580,565,579.75,100132
2026-05-08,LOLC.N0000,575,579.75,570.25,573,89271
2026-05-11,LOLC.N0000,573,575,568,568,15096
2026-05-12,LOLC.N0000,566,570,566,570,41678
2026-05-13,LOLC.N0000,570,575,563,570,336528
2026-05-14,LOLC.N0000,575.75,576,565,571.25,1804
2026-05-15,LOLC.N0000,564.25,575,564.25,567,158578
2026-05-18,LOLC.N0000,568,568,551,555,197889
2026-05-19,LOLC.N0000,555,570,555,557.75,37105
2026-05-20,LOLC.N0000,559.75,559.75,540,543,28559
2026-05-21,LOLC.N0000,542,542,537,540,33666
2026-05-22,LOLC.N0000,540,573,540,550,12941
2026-05-25,LOLC.N0000,555,565,555,564,4471
2026-05-26,LOLC.N0000,570,570,550.25,560,207984
2026-05-27,LOLC.N0000,550.25,560,550.25,555.5,7366
2026-05-29,LOLC.N0000,555.5,560,550,560,8436
2026-06-01,LOLC.N0000,540.5,559.5,540,550,30599
2026-06-02,LOLC.N0000,540,540,532,534,11966
2026-06-03,LOLC.N0000,534.5,548,534.5,535.5,2385
2026-06-04,LOLC.N0000,535,539.75,527,530,14390
2026-06-05,LOLC.N0000,528.25,538,525.5,535,14707
2026-06-08,LOLC.N0000,528,540,512,518,13955
2026-06-09,LOLC.N0000,522,530,519,527.5,3509
2026-06-10,LOLC.N0000,529.75,529.75,517,526.75,2846
2026-06-11,LOLC.N0000,526.75,526.75,510,514,25042
2026-06-12,LOLC.N0000,523.75,523.75,515,519,15459
2026-06-15,LOLC.N0000,525,545,523,532,37597
2026-06-16,LOLC.N0000,533,533,519.5,525,12685
2026-06-17,LOLC.N0000,528,528,519.5,522.75,6102
2026-06-18,LOLC.N0000,523,524,518.5,519.25,4152
2026-06-19,LOLC.N0000,522.5,524,519,519,1801
2026-06-22,LOLC.N0000,517,528,516.25,526,7246
2026-06-23,LOLC.N0000,528,528,517,526.5,2874
2026-06-24,LOLC.N0000,525.75,525.75,513.5,515,15000
2026-06-25,LOLC.N0000,516,526.25,516,522,25988
2026-06-26,LOLC.N0000,525,525,519,523,5608
2026-06-30,LOLC.N0000,523,523.75,516.25,518.5,3071
2026-07-01,LOLC.N0000,523.5,523.5,516.5,520,1628
2026-07-02,LOLC.N0000,516.5,520,515.5,515.5,4062
2026-07-03,LOLC.N0000,516,520,515,516.25,10745
2026-07-06,LOLC.N0000,519.75,519.75,510,511.5,9120
2026-07-07,LOLC.N0000,511.25,518.75,502.25,510,17931
2026-07-08,LOLC.N0000,510,510,499,500,18208
2026-07-09,LOLC.N0000,504,506.75,491.75,500,8410
2026-07-10,LOLC.N0000,497.5,500,496,496.25,14297
2026-07-13,LOLC.N0000,495.25,499.75,492.75,492.75,9242
2026-07-14,LOLC.N0000,485,492,485,491.75,25995
2026-07-15,LOLC.N0000,486,494.75,482,493.75,19795
2026-07-16,LOLC.N0000,494,494,484.25,489.75,4674
2026-07-17,LOLC.N0000,494,495.75,480,485,16814
2026-07-20,LOLC.N0000,480,490,478,487.5,20674
2026-07-21,LOLC.N0000,480.75,488,478,480,6953
2026-07-22,LOLC.N0000,480,486,475.5,475.5,59901
2026-07-23,LOLC.N0000,485,485,476.25,478,2038
2026-07-24,LOLC.N0000,482,508,482,495,29254
2026-07-27,LOLC.N0000,499.5,500,490,495,1861
