date,ticker,open,high,low,close,volume
2016-12-30,MELS.N0000,65,65,59,60,716175
2017-01-02,MELS.N0000,59.5,59.5,57.700001,57.700001,33029
2017-01-03,MELS.N0000,58,58,54.900002,54.900002,56624
2017-01-04,MELS.N0000,55,55.900002,55,55.599998,79437
2017-01-05,MELS.N0000,56,57.5,56,57.5,30594
2017-01-06,MELS.N0000,56.200001,58.400002,56,58.400002,9088
2017-01-09,MELS.N0000,58.5,58.5,57,58,28412
2017-01-10,MELS.N0000,58.200001,62.5,58.200001,60.200001,317422
2017-01-11,MELS.N0000,60.200001,65.5,60.200001,65.5,290766
2017-01-13,MELS.N0000,65.5,69.5,65,68.199997,1606235
2017-01-16,MELS.N0000,68.5,68.5,66.5,66.5,51082
2017-01-17,MELS.N0000,66.599998,67,65,65,48284
2017-01-18,MELS.N0000,65.099998,66.5,64.800003,65.5,171451
2017-01-19,MELS.N0000,66.800003,67.900002,65,65.5,75262
2017-01-23,MELS.N0000,65,66.699997,65,65.099998,1452604
2017-01-24,MELS.N0000,65.400002,66,65,65.099998,142605
2017-01-25,MELS.N0000,66,66,65,65,39710
2017-01-26,MELS.N0000,65.099998,65.400002,65,65.099998,136714
2017-01-27,MELS.N0000,65.099998,66,65,65.199997,397970
2017-01-30,MELS.N0000,65.5,65.900002,65.199997,65.5,35742
2017-01-31,MELS.N0000,65.5,65.800003,65,65.400002,224250
2017-02-01,MELS.N0000,65.5,65.900002,65.5,65.599998,17087
2017-02-02,MELS.N0000,65.5,68,65.5,66,8234071
2017-02-03,MELS.N0000,67,68,65.599998,67.199997,1104553
2017-02-06,MELS.N0000,68,68,65,65.099998,253450
2017-02-07,MELS.N0000,65.699997,66,65,65.099998,10806
2017-02-08,MELS.N0000,65.900002,65.900002,65,65.199997,188515
2017-02-09,MELS.N0000,65.099998,65.099998,65,65,2450
2017-02-13,MELS.N0000,65,66.099998,65,66,13835
2017-02-14,MELS.N0000,65.199997,65.199997,65.099998,65.099998,2600
2017-02-15,MELS.N0000,65.800003,65.800003,65,65,131838
2017-02-16,MELS.N0000,65,66,65,65,46172
2017-02-20,MELS.N0000,65,65.5,64.5,65.099998,31914
2017-02-21,MELS.N0000,65,65.199997,65,65,39416
2017-02-22,MELS.N0000,65,65,64,64.5,3765
2017-02-23,MELS.N0000,65,65,65,65,71714
2017-02-27,MELS.N0000,65,65,63.200001,65,202059
2017-02-28,MELS.N0000,65,65.300003,65,65,25060
2017-03-01,MELS.N0000,65,65.300003,64.099998,64.099998,9306
2017-03-02,MELS.N0000,64.099998,64.099998,63.5,63.5,7400
2017-03-06,MELS.N0000,63.5,65,62,65,1166990
2017-03-07,MELS.N0000,63.5,64.900002,63.5,64.699997,114
2017-03-08,MELS.N0000,64.800003,65,63.5,63.5,228360
2017-03-09,MELS.N0000,63.200001,63.200001,62.599998,62.599998,5856
2017-03-13,MELS.N0000,61,64,60.099998,64,7165
2017-03-14,MELS.N0000,60.200001,65,60.200001,64.900002,492094
2017-03-15,MELS.N0000,64.900002,64.900002,62.099998,62.099998,405
2017-03-16,MELS.N0000,62,64,62,64,1304
2017-03-17,MELS.N0000,63.900002,63.900002,61.099998,61.799999,235340
2017-03-21,MELS.N0000,61.900002,61.900002,61.099998,61.099998,1510
2017-03-22,MELS.N0000,61.099998,63.5,61,63.5,4832
2017-03-23,MELS.N0000,61,61,60.5,61,7904
2017-03-24,MELS.N0000,62,62,61.099998,61.099998,302085
2017-03-27,MELS.N0000,61,61,60,60,6741
2017-03-28,MELS.N0000,60,60.099998,59.099998,60,17306
2017-03-29,MELS.N0000,62,62,61,61,609
2017-03-30,MELS.N0000,61.5,61.900002,60,60,2317439
2017-03-31,MELS.N0000,61,61,58.5,59,11235
2017-04-03,MELS.N0000,60,60,60,60,5220
2017-04-04,MELS.N0000,60,61,60,61,1314
2017-04-05,MELS.N0000,61,62,60.400002,60.400002,18490
2017-04-06,MELS.N0000,61.900002,62.200001,61,62,69092
2017-04-07,MELS.N0000,62.5,64,62.5,63.599998,12783
2017-04-11,MELS.N0000,63,64,63,64,4753
2017-04-12,MELS.N0000,64,65.900002,64,65.900002,1082750
2017-04-17,MELS.N0000,65.900002,66,64.400002,65,26764
2017-04-18,MELS.N0000,65,65.599998,65,65,710178
2017-04-19,MELS.N0000,65.5,65.5,65,65.5,13871
2017-04-20,MELS.N0000,65.400002,65.400002,65,65,16011
2017-04-21,MELS.N0000,65,65.5,65,65,46700
2017-04-24,MELS.N0000,65,65.400002,65,65,1312330
2017-04-25,MELS.N0000,65,65.900002,65,65.099998,147164
2017-04-26,MELS.N0000,65,65.5,65,65.099998,268329
2017-04-27,MELS.N0000,65.5,67.5,65.099998,67.099998,550802
2017-04-28,MELS.N0000,67.5,69.5,66.099998,68.699997,643087
2017-05-02,MELS.N0000,69.5,69.5,68.699997,69,538445
2017-05-03,MELS.N0000,68.800003,69,68,68,373603
2017-05-04,MELS.N0000,68,69,68,69,304132
2017-05-05,MELS.N0000,68,69,68,69,150125
2017-05-08,MELS.N0000,69,69,68.5,68.5,166699
2017-05-09,MELS.N0000,68.5,68.900002,68.5,68.900002,60516
2017-05-12,MELS.N0000,68.5,69,68.5,68.900002,7594
2017-05-15,MELS.N0000,68.099998,68.5,67,67,3140
2017-05-16,MELS.N0000,65.199997,68,65.099998,65.599998,8216
2017-05-17,MELS.N0000,66,66.900002,66,66.900002,3776
2017-05-19,MELS.N0000,65.599998,66.5,65.599998,66.5,3262
2017-05-22,MELS.N0000,66.5,66.5,66,66,12632
2017-05-23,MELS.N0000,66,67,66,66.5,9235
2017-05-24,MELS.N0000,66.800003,66.900002,66,66.5,17825
2017-05-25,MELS.N0000,66.900002,66.900002,66.699997,66.699997,5568
2017-05-26,MELS.N0000,66,66,65.800003,65.800003,653
2017-05-29,MELS.N0000,65.900002,66,65.800003,65.800003,23100
2017-05-30,MELS.N0000,65.599998,66,65.599998,66,3488
2017-05-31,MELS.N0000,65.099998,67,65,67,27400
2017-06-01,MELS.N0000,66.099998,67,65.5,66.5,5453
2017-06-02,MELS.N0000,66.099998,66.5,66.099998,66.099998,745
2017-06-05,MELS.N0000,66.5,66.5,66.099998,66.099998,3165
2017-06-06,MELS.N0000,66,66,65.199997,65.199997,2315
2017-06-07,MELS.N0000,65.099998,66,65.099998,65.199997,8392
2017-06-09,MELS.N0000,65.5,65.900002,65.199997,65.5,3014
2017-06-12,MELS.N0000,66,66.400002,65.900002,66.400002,106473
2017-06-13,MELS.N0000,66,67,66,66,140719
2017-06-14,MELS.N0000,66,66.699997,66,66.199997,1935
2017-06-15,MELS.N0000,66,67,65,67,124439
2017-06-16,MELS.N0000,67.5,67.5,66.199997,67,264320
2017-06-20,MELS.N0000,67,67,66.199997,66.5,420
2017-06-21,MELS.N0000,66.5,67.400002,66.5,67.300003,1085496
2017-06-22,MELS.N0000,67.300003,67.5,67,67,6225
2017-06-23,MELS.N0000,67,68,67,68,14560
2017-06-27,MELS.N0000,67.099998,67.900002,67,67,3314
2017-06-28,MELS.N0000,67,67.5,67,67,376818
2017-06-29,MELS.N0000,67.800003,68,67,68,138626
2017-06-30,MELS.N0000,68,69,67.099998,69,20055
2017-07-03,MELS.N0000,69,69,68,68.300003,15910
2017-07-04,MELS.N0000,68.300003,68.5,68.300003,68.300003,760
2017-07-05,MELS.N0000,68.300003,68.300003,67.5,67.5,1929
2017-07-06,MELS.N0000,68,68,67.5,67.5,14013
2017-07-07,MELS.N0000,67.5,68.099998,67.5,68,10962
2017-07-10,MELS.N0000,68,68.5,67.5,68,5244
2017-07-11,MELS.N0000,67.5,67.5,67.199997,67.199997,1085
2017-07-12,MELS.N0000,67.5,68,67.199997,67.5,3805
2017-07-14,MELS.N0000,67.900002,69.5,67.900002,68.5,951145
2017-07-17,MELS.N0000,68,68,67.199997,67.199997,666
2017-07-19,MELS.N0000,67,67,65.5,66,110750
2017-07-20,MELS.N0000,66,66,66,66,24390
2017-07-25,MELS.N0000,66,66,66,66,19238
2017-07-26,MELS.N0000,66.5,66.5,66,66,405
2017-07-27,MELS.N0000,66.5,67,66.5,67,181278
2017-07-28,MELS.N0000,67,67,66.800003,66.800003,202
2017-07-31,MELS.N0000,67,67,66.5,66.5,620
2017-08-01,MELS.N0000,66.400002,67.5,66,66,5143
2017-08-03,MELS.N0000,65.5,65.5,64.599998,64.699997,22130
2017-08-04,MELS.N0000,64.599998,65,64.599998,64.599998,14022
2017-08-07,MELS.N0000,64.599998,65,64,65,1601
2017-08-09,MELS.N0000,64,64.800003,64,64,1111
2017-08-10,MELS.N0000,61.099998,64,61.099998,63,521
2017-08-11,MELS.N0000,63.900002,63.900002,63.900002,63.900002,3
2017-08-14,MELS.N0000,64,64,64,64,1
2017-08-16,MELS.N0000,64,64,61,61,2379
2017-08-17,MELS.N0000,60.400002,61,60,60.200001,122154
2017-08-18,MELS.N0000,61,61,60,60,91994
2017-08-21,MELS.N0000,60.5,60.5,60,60,210
2017-08-22,MELS.N0000,59.5,59.5,59,59,88043
2017-08-23,MELS.N0000,59,59,58,58,4319
2017-08-24,MELS.N0000,58.099998,59,58,58,10333
2017-08-25,MELS.N0000,59,59,58.599998,59,11708
2017-08-28,MELS.N0000,58.599998,58.599998,58.5,58.5,87000
2017-08-29,MELS.N0000,59,59,59,59,10182
2017-08-30,MELS.N0000,59,59,58.299999,59,40236
2017-08-31,MELS.N0000,59,59.5,59,59.5,87856
2017-09-04,MELS.N0000,59.900002,60,59,59,21051
2017-09-06,MELS.N0000,59,59,58.200001,58.200001,7261
2017-09-07,MELS.N0000,59,59,58,59,339645
2017-09-08,MELS.N0000,59,59,59,59,213206
2017-09-11,MELS.N0000,60,60,59,60,2026
2017-09-12,MELS.N0000,59,59,58,58,14116
2017-09-13,MELS.N0000,59,59,58,59,6771
2017-09-14,MELS.N0000,59,59,58,59,2415
2017-09-15,MELS.N0000,58.099998,59,58,59,2003
2017-09-18,MELS.N0000,58,61,58,59,15024
2017-09-20,MELS.N0000,59.099998,61,59.099998,61,23621
2017-09-21,MELS.N0000,60,60.700001,60,60.700001,5007
2017-09-25,MELS.N0000,60.799999,62.200001,60,60,27503
2017-09-26,MELS.N0000,61,61,59,59,15121
2017-09-27,MELS.N0000,60,60,59,59,1609
2017-09-28,MELS.N0000,59.900002,59.900002,59.599998,59.599998,802
2017-09-29,MELS.N0000,58.5,59,58.5,59,277
2017-10-02,MELS.N0000,58.5,59,58.099998,58.099998,3353
2017-10-03,MELS.N0000,58.099998,58.5,58.099998,58.5,17
2017-10-04,MELS.N0000,58.200001,58.5,58.200001,58.5,11444
2017-10-06,MELS.N0000,58.5,58.5,58.200001,58.5,2232
2017-10-09,MELS.N0000,58.5,58.5,58,58,5010
2017-10-11,MELS.N0000,58.5,58.5,58,58,619
2017-10-12,MELS.N0000,57.900002,60,57.799999,58.5,134486
2017-10-13,MELS.N0000,60,61,59.5,59.5,11572
2017-10-16,MELS.N0000,59.5,59.5,59,59,1957
2017-10-17,MELS.N0000,59.099998,60.900002,59,60.900002,4502
2017-10-18,MELS.N0000,60.900002,60.900002,60.900002,60.900002,1
2017-10-19,MELS.N0000,60.799999,60.799999,60.799999,60.799999,1
2017-10-23,MELS.N0000,60,60,59,59.799999,404
2017-10-24,MELS.N0000,59,59,58.900002,58.900002,362
2017-10-25,MELS.N0000,58.900002,60,58,59,106849
2017-10-27,MELS.N0000,60,60,59,60,25
2017-10-30,MELS.N0000,60,60,58.599998,58.700001,4175
2017-10-31,MELS.N0000,58.5,58.5,58,58,8049
2017-11-02,MELS.N0000,58,58,58,58,4799
2017-11-07,MELS.N0000,57.599998,58,57.599998,58,61
2017-11-08,MELS.N0000,57.599998,59.099998,57.599998,59,273336
2017-11-09,MELS.N0000,59,60.5,59,59,43086
2017-11-10,MELS.N0000,58,58,58,58,84
2017-11-13,MELS.N0000,59,59,58.400002,59,28890
2017-11-14,MELS.N0000,58.099998,59.099998,58,59.099998,1622478
2017-11-16,MELS.N0000,57.900002,58,57.900002,58,206
2017-11-17,MELS.N0000,58,58,58,58,286
2017-11-21,MELS.N0000,57.599998,58,57.5,58,17531
2017-11-22,MELS.N0000,58,58,57.099998,57.099998,12913
2017-11-23,MELS.N0000,57.599998,57.599998,57.5,57.5,120
2017-11-24,MELS.N0000,57.599998,57.599998,57.200001,57.200001,1285
2017-11-27,MELS.N0000,57.099998,57.200001,57.099998,57.099998,1675
2017-11-28,MELS.N0000,57.099998,57.599998,57,57.599998,124436
2017-11-29,MELS.N0000,57.5,58,57,57,2372
2017-12-04,MELS.N0000,57.5,57.5,57,57,2829
2017-12-05,MELS.N0000,56.700001,58,56.5,57.5,70320
2017-12-06,MELS.N0000,57.5,57.5,57.5,57.5,11198
2017-12-08,MELS.N0000,57.5,57.5,57.5,57.5,3897
2017-12-11,MELS.N0000,57.5,57.900002,57.5,57.5,5697
2017-12-13,MELS.N0000,57.5,59.5,57.5,59.5,180085
2017-12-15,MELS.N0000,58,58.900002,58,58.900002,244
2017-12-18,MELS.N0000,58,59,57.599998,58,93845
2017-12-19,MELS.N0000,57.599998,58,57.599998,58,1530
2017-12-21,MELS.N0000,58.5,59.5,58.5,59.099998,232115
2017-12-26,MELS.N0000,59.900002,59.900002,59.900002,59.900002,10
2017-12-27,MELS.N0000,59.5,59.5,59.5,59.5,210
2018-01-02,MELS.N0000,59,59,57.599998,57.599998,4050
2018-01-04,MELS.N0000,57.799999,59.400002,57.799999,58.799999,1310
2018-01-05,MELS.N0000,59.400002,61.400002,59.400002,61,115340
2018-01-08,MELS.N0000,60.099998,60.200001,60.099998,60.200001,14994
2018-01-09,MELS.N0000,60.200001,61,60.099998,61,15223
2018-01-10,MELS.N0000,60.599998,61.299999,60.599998,61,26337
2018-01-11,MELS.N0000,61.299999,61.299999,60.599998,60.599998,8801
2018-01-12,MELS.N0000,60.700001,60.900002,60,60,1249236
2018-01-15,MELS.N0000,60,60.5,60,60.5,5810
2018-01-17,MELS.N0000,60,61,60,61,446234
2018-01-18,MELS.N0000,61,61.799999,61,61,532323
2018-01-22,MELS.N0000,61.299999,61.299999,61.200001,61.200001,4801
2018-01-23,MELS.N0000,61.400002,61.799999,61.200001,61.200001,3289
2018-01-24,MELS.N0000,61.5,61.799999,61.200001,61.799999,28951
2018-01-25,MELS.N0000,61.200001,61.700001,61,61.5,33432
2018-01-26,MELS.N0000,61.099998,61.099998,61.099998,61.099998,4600
2018-01-29,MELS.N0000,61.099998,61.200001,61,61.099998,89818
2018-01-30,MELS.N0000,61.400002,61.5,61,61,40990
2018-02-01,MELS.N0000,61.5,61.5,61,61.5,11870
2018-02-02,MELS.N0000,61,61.5,61,61.5,90232
2018-02-06,MELS.N0000,61,61,60,61,14178
2018-02-07,MELS.N0000,61,61.400002,61,61.400002,6110
2018-02-08,MELS.N0000,61.400002,61.5,60.700001,61.5,850593
2018-02-12,MELS.N0000,60.5,60.5,60.5,60.5,20000
2018-02-14,MELS.N0000,61,61,60,60,19811
2018-02-19,MELS.N0000,65,67.5,64.900002,66,122024
2018-02-21,MELS.N0000,65,66,65,65.800003,94990
2018-02-23,MELS.N0000,66,70,66,68,494366
2018-02-26,MELS.N0000,68.900002,71.5,68.900002,70,1982581
2018-02-27,MELS.N0000,68,68,65,66,136760
2018-02-28,MELS.N0000,64.099998,64.900002,60.5,64,4143
2018-03-02,MELS.N0000,64,65,64,64,1245
2018-03-05,MELS.N0000,60.5,64,60.200001,60.299999,554
2018-03-06,MELS.N0000,60.299999,64,60.299999,61,274
2018-03-08,MELS.N0000,63.200001,63.200001,62,62,400324
2018-03-12,MELS.N0000,64,64,60.200001,60.200001,25211
2018-03-13,MELS.N0000,60.200001,62,60.200001,62,45
2018-03-14,MELS.N0000,60.299999,62.5,60.299999,62.5,130
2018-03-15,MELS.N0000,62,62,60,60,1359
2018-03-19,MELS.N0000,60.200001,60.5,60,60.5,743
2018-03-21,MELS.N0000,60,60.099998,60,60.099998,2237
2018-03-22,MELS.N0000,60.099998,60.099998,60,60,9750
2018-03-23,MELS.N0000,60,60,59.5,60,5520
2018-03-26,MELS.N0000,59.900002,60,59.900002,60,3640
2018-03-27,MELS.N0000,60,60,59.599998,59.599998,4375
2018-03-28,MELS.N0000,59.5,60,59,59.900002,189869
2018-03-29,MELS.N0000,59,59,58,58.099998,9081
2018-04-02,MELS.N0000,60,60,59.200001,60,404079
2018-04-03,MELS.N0000,60,61,59,59.5,303012
2018-04-04,MELS.N0000,60,60,59,60,545094
2018-04-05,MELS.N0000,62,62,59,60,28500
2018-04-09,MELS.N0000,59.900002,59.900002,59.900002,59.900002,5020
2018-04-10,MELS.N0000,58.5,60,58.5,59.5,39018
2018-04-11,MELS.N0000,60,60,60,60,3100
2018-04-12,MELS.N0000,59,60,59,60,10058
2018-04-16,MELS.N0000,59,62.900002,59,62.900002,18810
2018-04-18,MELS.N0000,62,62,59.099998,59.099998,1642
2018-04-23,MELS.N0000,59.299999,59.299999,58.900002,59,63100
2018-04-25,MELS.N0000,58.099998,60,58.099998,59,32626
2018-04-26,MELS.N0000,59.5,59.5,58.400002,58.5,50849
2018-04-27,MELS.N0000,59.5,59.5,58,58,22341
2018-05-01,MELS.N0000,59.299999,59.299999,58,58,29447
2018-05-03,MELS.N0000,58,58.799999,58,58,271110
2018-05-08,MELS.N0000,58.700001,58.700001,58.200001,58.200001,4002
2018-05-09,MELS.N0000,58,58,57.599998,58,6805
2018-05-10,MELS.N0000,58,58.200001,57.599998,57.599998,611
2018-05-15,MELS.N0000,57.799999,57.799999,57.5,57.5,4500
2018-05-16,MELS.N0000,58,58,58,58,1050
2018-05-17,MELS.N0000,57.5,58,57.5,58,804
2018-05-18,MELS.N0000,57.900002,57.900002,57.5,57.900002,2314
2018-05-21,MELS.N0000,57.400002,57.400002,57,57,4012
2018-05-22,MELS.N0000,57,57,57,57,10012
2018-05-24,MELS.N0000,56.900002,56.900002,56.400002,56.5,1684
2018-05-25,MELS.N0000,56.5,57,56,57,959043
2018-05-28,MELS.N0000,56.799999,56.799999,56,56,10100
2018-05-30,MELS.N0000,57,57,57,57,100
2018-05-31,MELS.N0000,56,56,55,55,31900
2018-06-05,MELS.N0000,56,57.400002,55,55.200001,58138
2018-06-06,MELS.N0000,57.400002,57.400002,55.200001,55.5,1600
2018-06-08,MELS.N0000,55.200001,55.200001,55,55,32500
2018-06-13,MELS.N0000,55,55,54.700001,54.700001,100926
2018-06-14,MELS.N0000,55.799999,55.799999,54.700001,54.700001,1562
2018-06-18,MELS.N0000,54.099998,54.5,54.099998,54.5,103500
2018-06-19,MELS.N0000,54.099998,54.099998,54,54,13401
2018-06-20,MELS.N0000,54,54,53,53,12214
2018-06-21,MELS.N0000,54,54,54,54,100
2018-06-22,MELS.N0000,53.099998,53.099998,53.099998,53.099998,5000
2018-06-26,MELS.N0000,53.900002,53.900002,52.5,52.5,2503
2018-06-29,MELS.N0000,52.599998,52.599998,52.200001,52.200001,8800
2018-07-02,MELS.N0000,52.200001,52.200001,51,51,2284
2018-07-03,MELS.N0000,50.200001,50.200001,50,50,2311470
2018-07-04,MELS.N0000,50.200001,50.200001,49.5,50,2693
2018-07-05,MELS.N0000,50.200001,54,50.099998,50.099998,1114
2018-07-09,MELS.N0000,50.5,53,50.200001,50.200001,3254
2018-07-11,MELS.N0000,50.5,51.799999,50.200001,51.799999,3201
2018-07-13,MELS.N0000,51.200001,51.200001,50,50,3125
2018-07-16,MELS.N0000,50,50,50,50,90
2018-07-18,MELS.N0000,50.599998,51,50,50,6100
2018-07-19,MELS.N0000,50,50,50,50,3522650
2018-07-23,MELS.N0000,50.5,50.5,50,50,22409
2018-07-24,MELS.N0000,50,50,50,50,251
2018-07-25,MELS.N0000,50,50,50,50,808
2018-07-26,MELS.N0000,50.900002,50.900002,50,50,8565
2018-07-30,MELS.N0000,50,50,50,50,3102
2018-07-31,MELS.N0000,50,50,49.5,49.5,577
2018-08-02,MELS.N0000,48.5,49,48,48,3539
2018-08-03,MELS.N0000,48,51.400002,47.700001,51,3899
2018-08-06,MELS.N0000,51,51,51,51,196
2018-08-07,MELS.N0000,50,52,50,52,6024
2018-08-09,MELS.N0000,50,50,50,50,5400
2018-08-10,MELS.N0000,51,51.900002,50,51.900002,15642
2018-08-13,MELS.N0000,50.099998,51.5,50.099998,51.5,500
2018-08-14,MELS.N0000,50,50.900002,50,50,20275
2018-08-16,MELS.N0000,50.799999,50.900002,50,50,151
2018-08-20,MELS.N0000,50,50.099998,50,50,4998
2018-08-23,MELS.N0000,50,50.5,50,50.400002,2250941
2018-08-27,MELS.N0000,51,52,51,51,5041
2018-08-28,MELS.N0000,51,51,51,51,2015
2018-08-29,MELS.N0000,51,51,50,50,2104
2018-08-30,MELS.N0000,51,51.200001,50.099998,51.200001,3807
2018-08-31,MELS.N0000,50.799999,50.799999,50.799999,50.799999,4
2018-09-03,MELS.N0000,50.799999,50.799999,50,50,1760
2018-09-04,MELS.N0000,50.099998,50.099998,50,50,9351
2018-09-05,MELS.N0000,50,50.799999,50,50,7672
2018-09-07,MELS.N0000,50.5,50.5,50,50.5,5000
2018-09-10,MELS.N0000,50,51,50,50,6502
2018-09-11,MELS.N0000,50,50.5,50,50,21847
2018-09-13,MELS.N0000,50,50.200001,50,50.200001,11013
2018-09-14,MELS.N0000,50.200001,50.200001,50,50,453
2018-09-17,MELS.N0000,50,50.200001,50,50.200001,801
2018-09-18,MELS.N0000,51,51,50,50,19589
2018-09-19,MELS.N0000,50,51.400002,50,51.400002,352939
2018-09-21,MELS.N0000,50,50,50,50,14532
2018-09-25,MELS.N0000,50,51,50,50,371201
2018-09-26,MELS.N0000,50,50.5,50,50.5,328208
2018-09-27,MELS.N0000,50,50,50,50,72000
2018-09-28,MELS.N0000,50,50.099998,50,50,32001
2018-10-01,MELS.N0000,50,50,49.5,50,24250
2018-10-02,MELS.N0000,50,50,50,50,18947
2018-10-03,MELS.N0000,50.299999,50.299999,50.099998,50.099998,4905
2018-10-04,MELS.N0000,50.299999,50.299999,50,50,10065
2018-10-09,MELS.N0000,50.5,50.5,50,50,7000
2018-10-10,MELS.N0000,50,50,50,50,36425
2018-10-11,MELS.N0000,50.099998,50.099998,50.099998,50.099998,1000
2018-10-12,MELS.N0000,50,50.099998,50,50.099998,29650
2018-10-15,MELS.N0000,50,51,50,50.5,134209
2018-10-17,MELS.N0000,50.400002,50.5,50,50.5,45300
2018-10-18,MELS.N0000,51,51,50,50,20266
2018-10-19,MELS.N0000,51,51,49,50,278
2018-10-22,MELS.N0000,49.900002,50,49.900002,50,296238
2018-10-23,MELS.N0000,48.400002,48.5,48.400002,48.5,463
2018-10-26,MELS.N0000,50,50,50,50,747901
2018-10-29,MELS.N0000,50,51.400002,49.099998,50,1650722
2018-10-30,MELS.N0000,50,50,49.5,49.5,889285
2018-10-31,MELS.N0000,51.900002,51.900002,49,49,2800
2018-11-01,MELS.N0000,50,53.900002,50,52,25846
2018-11-02,MELS.N0000,53.5,54.200001,52,54,238062
2018-11-05,MELS.N0000,54.5,59,54,54,129008
2018-11-06,MELS.N0000,52,52,52,52,50
2018-11-07,MELS.N0000,52,52,52,52,568
2018-11-09,MELS.N0000,51.5,52,51,51.200001,529315
2018-11-12,MELS.N0000,51.900002,52,51.900002,51.900002,1101
2018-11-13,MELS.N0000,51.099998,51.099998,51.099998,51.099998,1000
2018-11-15,MELS.N0000,52,52,51.900002,51.900002,2484
2018-11-16,MELS.N0000,52,53,51.5,53,26253
2018-11-19,MELS.N0000,53,53.200001,52,53,6075
2018-11-21,MELS.N0000,53,53.5,51.200001,53.400002,2003
2018-11-22,MELS.N0000,53.5,54,52.5,52.5,2500
2018-11-26,MELS.N0000,54,54,53,53.200001,64960
2018-11-27,MELS.N0000,53.099998,54,53.099998,54,18002
2018-11-30,MELS.N0000,53,53.5,53,53.5,577150
2018-12-03,MELS.N0000,53.5,53.5,52.5,52.5,1239
2018-12-04,MELS.N0000,52,52,52,52,2290
2018-12-07,MELS.N0000,50.099998,50.099998,50,50.099998,14900
2018-12-10,MELS.N0000,50.099998,53.799999,48.5,50.099998,7305
2018-12-12,MELS.N0000,51,51,50,50,250
2018-12-13,MELS.N0000,52,52,52,52,1000
2018-12-17,MELS.N0000,52.299999,52.5,50.599998,50.599998,9500
2018-12-19,MELS.N0000,50.5,51.799999,50.5,51.799999,4670
2018-12-20,MELS.N0000,50.200001,50.200001,50.200001,50.200001,300
2018-12-26,MELS.N0000,49.900002,50.900002,48,50.5,42571
2018-12-27,MELS.N0000,50,50,50,50,203500
2018-12-28,MELS.N0000,49.099998,49.099998,49,49,146924
2018-12-31,MELS.N0000,49,50.299999,48.599998,50.299999,30604
2019-01-02,MELS.N0000,49,50.299999,48,48.5,58601
2019-01-04,MELS.N0000,48.099998,48.5,47.5,47.5,22332
2019-01-07,MELS.N0000,47.200001,48.5,47,47,18765
2019-01-08,MELS.N0000,48,48.299999,48,48,10012
2019-01-10,MELS.N0000,46.599998,47,46.599998,47,5614
2019-01-11,MELS.N0000,46.700001,48,46,47,15021
2019-01-16,MELS.N0000,46.400002,47,46.400002,47,1126
2019-01-18,MELS.N0000,47.099998,48,47,47,9237
2019-01-21,MELS.N0000,47,47,46.5,47,835
2019-01-22,MELS.N0000,46.5,47.900002,46.5,47.900002,57
2019-01-24,MELS.N0000,48,48,46.5,46.5,801
2019-01-29,MELS.N0000,47.900002,47.900002,46.900002,46.900002,22
2019-01-30,MELS.N0000,46.900002,46.900002,46,46,9762
2019-01-31,MELS.N0000,45.599998,45.599998,45,45,46762
2019-02-05,MELS.N0000,45.5,45.599998,44.5,45,28563
2019-02-07,MELS.N0000,45.200001,45.200001,45,45,31856
2019-02-08,MELS.N0000,45,47,45,47,110869
2019-02-11,MELS.N0000,45,47.5,45,46.799999,4235
2019-02-12,MELS.N0000,45.099998,46,45,45,283480
2019-02-13,MELS.N0000,45,46,45,46,621140
2019-02-14,MELS.N0000,46.5,46.5,45.5,46,6552
2019-02-18,MELS.N0000,45.200001,45.299999,45,45.299999,27499
2019-02-19,MELS.N0000,45,45,45,45,12959
2019-02-20,MELS.N0000,45,45,44.5,44.5,2756
2019-02-22,MELS.N0000,45,45,44.5,45,10849
2019-02-26,MELS.N0000,45,45,45,45,50015
2019-02-27,MELS.N0000,45,45,43.900002,44,3348
2019-03-01,MELS.N0000,44.799999,44.799999,44.799999,44.799999,100
2019-03-05,MELS.N0000,44.799999,44.799999,43.400002,43.5,616122
2019-03-06,MELS.N0000,43.200001,43.200001,42.799999,42.799999,3694
2019-03-07,MELS.N0000,42.599998,42.599998,42,42,233080
2019-03-08,MELS.N0000,42,42,40,40,23835132
2019-03-11,MELS.N0000,40,40,40,40,250
2019-03-13,MELS.N0000,40,40,39.099998,40,8000
2019-03-15,MELS.N0000,40,40,40,40,26751
2019-03-18,MELS.N0000,40,40,40,40,709
2019-03-19,MELS.N0000,39.900002,40,39.099998,39.099998,1709
2019-03-21,MELS.N0000,39.900002,39.900002,39.900002,39.900002,16010
2019-03-25,MELS.N0000,39.5,39.5,37.200001,38,143180
2019-03-26,MELS.N0000,38,38,37.200001,38,12140
2019-03-27,MELS.N0000,37,38,37,37,75747
2019-03-28,MELS.N0000,37,37,36,36.200001,530550
2019-03-29,MELS.N0000,36.200001,38,36,36,142063
2019-04-01,MELS.N0000,36,37.5,36,36,7104
2019-04-03,MELS.N0000,37,38.900002,37,38,6805
2019-04-04,MELS.N0000,39.5,39.5,38,38.200001,276
2019-04-08,MELS.N0000,38.299999,39.200001,38.299999,39.200001,470
2019-04-09,MELS.N0000,39.400002,39.400002,38,38,3
2019-04-11,MELS.N0000,38,39,37,37.5,628631
2019-04-15,MELS.N0000,39,39,38.900002,39,610
2019-04-17,MELS.N0000,39,39,39,39,99
2019-04-18,MELS.N0000,40,40,39.799999,39.799999,4501
2019-04-22,MELS.N0000,39,39,37,37.099998,2672
2019-04-24,MELS.N0000,37.099998,37.5,37,37.5,505912
2019-04-25,MELS.N0000,37.5,37.5,37.099998,37.299999,4230
2019-04-26,MELS.N0000,37.299999,37.599998,37,37,12257
2019-04-29,MELS.N0000,36.599998,37.5,36.599998,37.5,57333
2019-04-30,MELS.N0000,37.5,37.900002,37,37,1275
2019-05-01,MELS.N0000,37.799999,39,37.799999,38,158358
2019-05-03,MELS.N0000,38.5,39,38.5,39,20015
2019-05-07,MELS.N0000,38.5,38.5,38.5,38.5,109763
2019-05-08,MELS.N0000,38.5,38.700001,38.099998,38.5,155998
2019-05-09,MELS.N0000,38.5,38.5,38.5,38.5,5003
2019-05-10,MELS.N0000,38.599998,39,38,39,24744
2019-05-13,MELS.N0000,39,39,38.599998,38.599998,640
2019-05-14,MELS.N0000,38.599998,39,37,37.099998,1699
2019-05-15,MELS.N0000,38,38,37.200001,37.200001,23000
2019-05-16,MELS.N0000,37.900002,38.5,37.900002,38.5,8700
2019-05-21,MELS.N0000,38.5,39,38.5,38.5,3864
2019-05-22,MELS.N0000,38.599998,39,38,39,20421
2019-05-23,MELS.N0000,39.900002,39.900002,39.799999,39.799999,204
2019-05-24,MELS.N0000,40,40,39.799999,39.799999,328
2019-05-27,MELS.N0000,43.5,43.5,41,41,955
2019-05-28,MELS.N0000,41,42.799999,40,40,101456
2019-05-29,MELS.N0000,42.799999,42.900002,40,40,153
2019-05-30,MELS.N0000,40,40,38.099998,40,279951
2019-05-31,MELS.N0000,40,40,40,40,1600
2019-06-04,MELS.N0000,40.900002,40.900002,40,40.900002,968
2019-06-06,MELS.N0000,40.900002,40.900002,40,40,1225
2019-06-10,MELS.N0000,38.799999,40,38.799999,40,2549
2019-06-11,MELS.N0000,38.599998,42.599998,38,42.599998,7503
2019-06-12,MELS.N0000,40.5,40.5,40,40,2617
2019-06-14,MELS.N0000,39,41,39,41,274
2019-06-17,MELS.N0000,40.099998,40.099998,40,40,500
2019-06-18,MELS.N0000,40,40,40,40,39
2019-06-19,MELS.N0000,42.599998,42.700001,41,41,1401
2019-06-20,MELS.N0000,40,41,40,41,432
2019-06-21,MELS.N0000,42.200001,42.200001,40.099998,40.099998,981
2019-06-24,MELS.N0000,40.099998,40.5,40,40.299999,25805
2019-06-26,MELS.N0000,40.5,40.5,40,40,189578
2019-06-27,MELS.N0000,40,40.200001,39.5,40,377452
2019-06-28,MELS.N0000,41.900002,42,40,42,2220
2019-07-01,MELS.N0000,40.099998,40.099998,40,40,371
2019-07-02,MELS.N0000,41.799999,41.799999,41.799999,41.799999,74
2019-07-03,MELS.N0000,41.799999,42,41.799999,42,2118
2019-07-04,MELS.N0000,42.099998,42.099998,42,42,615
2019-07-08,MELS.N0000,42.099998,42.099998,42,42.099998,7000
2019-07-09,MELS.N0000,42.299999,44.900002,42,44.799999,7680
2019-07-10,MELS.N0000,42.599998,44.799999,42.599998,44.799999,18
2019-07-11,MELS.N0000,43,44.799999,43,44,92798
2019-07-12,MELS.N0000,44.5,44.599998,44.5,44.599998,247
2019-07-17,MELS.N0000,43.099998,44.599998,43.099998,44.599998,1775
2019-07-18,MELS.N0000,44.799999,45.900002,44.799999,45.900002,38684
2019-07-19,MELS.N0000,45.099998,47,45,46.900002,4470
2019-07-22,MELS.N0000,45.5,47,45,46.799999,14613
2019-07-24,MELS.N0000,45.5,46.5,45.5,46.5,139
2019-07-25,MELS.N0000,46.200001,46.200001,45,45,56343
2019-07-26,MELS.N0000,45,45.5,44.599998,45,249870
2019-07-29,MELS.N0000,45,46.799999,44.900002,46.799999,168847
2019-07-30,MELS.N0000,46.200001,46.799999,45,45,118032
2019-07-31,MELS.N0000,46.799999,47,45,45,36278
2019-08-01,MELS.N0000,45,45,44.5,44.5,2940
2019-08-02,MELS.N0000,44.200001,44.200001,43,43,8155
2019-08-05,MELS.N0000,44.5,45.900002,44,45.900002,7050
2019-08-07,MELS.N0000,43.200001,45.900002,43.200001,45,11110
2019-08-09,MELS.N0000,44.099998,45.599998,44.099998,45,131101
2019-08-13,MELS.N0000,45.099998,45.099998,44.200001,44.200001,18781
2019-08-14,MELS.N0000,45,45,44,44,1058
2019-08-16,MELS.N0000,43.5,45,43.5,43.5,14513
2019-08-19,MELS.N0000,43.599998,44.5,43.5,43.599998,13118
2019-08-20,MELS.N0000,43,44.400002,43,43,2504
2019-08-21,MELS.N0000,44.400002,44.5,43,44,3549
2019-08-23,MELS.N0000,44.700001,44.799999,43,43,28849
2019-08-26,MELS.N0000,43,44.5,43,43.099998,3379
2019-08-27,MELS.N0000,44.5,44.5,43.299999,43.299999,23
2019-08-29,MELS.N0000,44.5,45,43,43,505170
2019-08-30,MELS.N0000,44.799999,44.799999,43.099998,44.599998,1733
2019-09-02,MELS.N0000,43.900002,44.599998,43.099998,43.099998,1667
2019-09-03,MELS.N0000,43.099998,43.099998,43.099998,43.099998,155
2019-09-05,MELS.N0000,43.5,43.5,43.5,43.5,2503
2019-09-06,MELS.N0000,44,44,43.5,44,6920
2019-09-10,MELS.N0000,43.599998,44,43.5,43.5,14710
2019-09-12,MELS.N0000,43.599998,45,43.599998,45,9900
2019-09-16,MELS.N0000,44.900002,45,44.5,45,7115
2019-09-17,MELS.N0000,44.900002,44.900002,44.900002,44.900002,20
2019-09-19,MELS.N0000,44.799999,44.799999,43.5,43.799999,30844
2019-09-20,MELS.N0000,44.400002,44.400002,43.5,43.5,11401
2019-09-23,MELS.N0000,44,44,43,43,38798
2019-09-24,MELS.N0000,43.5,43.5,41.099998,41.099998,50851
2019-09-26,MELS.N0000,45,45,42.099998,42.099998,51
2019-09-27,MELS.N0000,44,44,42.200001,42.200001,946
2019-09-30,MELS.N0000,42,44.799999,42,44.400002,192
2019-10-01,MELS.N0000,44.5,44.5,43,44.400002,60
2019-10-02,MELS.N0000,43.299999,43.299999,43.299999,43.299999,10
2019-10-04,MELS.N0000,43.200001,43.200001,42.200001,42.200001,97
2019-10-07,MELS.N0000,44.5,44.5,43,44,7118
2019-10-09,MELS.N0000,43.099998,43.5,43.099998,43.5,2800
2019-10-10,MELS.N0000,43.400002,43.900002,43.299999,43.900002,1400
2019-10-11,MELS.N0000,43.200001,43.900002,43,43.900002,4653
2019-10-14,MELS.N0000,43.200001,43.799999,43,43,26728
2019-10-16,MELS.N0000,43.599998,43.799999,43,43,20924
2019-10-17,MELS.N0000,43.5,43.799999,43.5,43.5,1193
2019-10-18,MELS.N0000,43.400002,43.400002,43,43,10158
2019-10-21,MELS.N0000,43.5,43.5,43.5,43.5,345
2019-10-22,MELS.N0000,42.900002,43.5,42.799999,43.5,2010
2019-10-23,MELS.N0000,43,43.5,43,43.5,58140
2019-10-24,MELS.N0000,43.5,44,43.5,43.900002,3887
2019-10-25,MELS.N0000,44,44,43.900002,44,3935
2019-10-28,MELS.N0000,43.900002,43.900002,43.900002,43.900002,450
2019-10-29,MELS.N0000,44,44,44,44,530
2019-10-30,MELS.N0000,44,44,43.400002,43.400002,16071
2019-10-31,MELS.N0000,44,45,44,45,20138
2019-11-01,MELS.N0000,44.200001,45,44.200001,45,3253
2019-11-05,MELS.N0000,44.299999,45,44.299999,45,1400
2019-11-06,MELS.N0000,44.299999,44.299999,44.200001,44.200001,2000
2019-11-07,MELS.N0000,44.200001,44.200001,44,44.200001,3330
2019-11-13,MELS.N0000,44,44,44,44,60715
2019-11-14,MELS.N0000,43.700001,44,43.700001,44,27019
2019-11-15,MELS.N0000,44,44,44,44,1
2019-11-18,MELS.N0000,44.5,45,43.799999,44.5,21744
2019-11-19,MELS.N0000,45,46.599998,44,45,558215
2019-11-20,MELS.N0000,45.799999,47,45.700001,45.900002,293762
2019-11-21,MELS.N0000,46,46,44.900002,45,504909
2019-11-22,MELS.N0000,45,45,44.900002,45,494351
2019-11-25,MELS.N0000,45.099998,46.200001,45,45.5,154350
2019-11-26,MELS.N0000,46,46,44,45,89670
2019-11-27,MELS.N0000,45.900002,45.900002,44.900002,44.900002,578220
2019-11-28,MELS.N0000,45.299999,46,44,44.900002,179720
2019-11-29,MELS.N0000,44.900002,45,44.599998,44.599998,201100
2019-12-02,MELS.N0000,44.700001,45,44,44.099998,48311
2019-12-03,MELS.N0000,45,45,43.900002,43.900002,36619
2019-12-04,MELS.N0000,43.900002,43.900002,43,43,317895
2019-12-05,MELS.N0000,43.900002,44.700001,42.900002,42.900002,67510
2019-12-06,MELS.N0000,43,44,43,43.5,2065
2019-12-10,MELS.N0000,42.900002,43.900002,42.200001,43.5,12832
2019-12-12,MELS.N0000,43.5,43.5,42.599998,43,2000
2019-12-13,MELS.N0000,43,43,42.5,42.5,15161
2019-12-16,MELS.N0000,42.799999,42.799999,41,42.400002,17608
2019-12-17,MELS.N0000,42.400002,42.400002,41.599998,42.400002,451
2019-12-18,MELS.N0000,42.799999,42.799999,42,42.799999,10191
2019-12-19,MELS.N0000,42.799999,42.799999,41.200001,42.700001,5480
2019-12-24,MELS.N0000,44,44,42.900002,43.900002,323
2019-12-26,MELS.N0000,43.900002,43.900002,43.900002,43.900002,116
2019-12-27,MELS.N0000,43.900002,43.900002,42.700001,43.900002,659
2019-12-30,MELS.N0000,42.700001,43.900002,42.700001,43.799999,1763
2019-12-31,MELS.N0000,43,43.5,41,43.5,37373
2020-01-02,MELS.N0000,43.5,43.799999,42,43.799999,3700
2020-01-07,MELS.N0000,41.5,41.599998,41,41.5,5697
2020-01-08,MELS.N0000,41,41,40,40,179467
2020-01-09,MELS.N0000,40,42,39.900002,40,88600
2020-01-13,MELS.N0000,40,41.400002,39.799999,40,5994
2020-01-14,MELS.N0000,40,40.099998,40,40,3025
2020-01-16,MELS.N0000,40,40.299999,39.5,40,5005
2020-01-17,MELS.N0000,39.599998,39.599998,39.200001,39.5,46951
2020-01-20,MELS.N0000,39.5,39.5,39,39,31052
2020-01-21,MELS.N0000,39.099998,39.099998,39,39.099998,289
2020-01-22,MELS.N0000,42,42,40,40,53318
2020-01-24,MELS.N0000,40,40.099998,39.5,39.599998,144247
2020-01-28,MELS.N0000,39.400002,40,38.599998,40,45032
2020-01-29,MELS.N0000,39.900002,39.900002,39.599998,39.599998,108
2020-01-30,MELS.N0000,39.5,39.900002,39,39,1446
2020-01-31,MELS.N0000,39,39.900002,38.099998,38.099998,13650
2020-02-03,MELS.N0000,39.900002,39.900002,37.900002,38,30924
2020-02-05,MELS.N0000,38,38.5,38,38.5,13525
2020-02-07,MELS.N0000,38.599998,40,37.099998,37.099998,20500
2020-02-10,MELS.N0000,37.5,39,37.5,39,2
2020-02-11,MELS.N0000,38,38,37.299999,37.299999,85195
2020-02-12,MELS.N0000,37.400002,39,37.299999,38,2960
2020-02-13,MELS.N0000,38,38,37,37,4471
2020-02-14,MELS.N0000,37.5,37.900002,36.900002,37.900002,4984
2020-02-18,MELS.N0000,37.599998,37.799999,37.5,37.5,867
2020-02-19,MELS.N0000,37.5,37.5,36.5,36.5,28929
2020-02-20,MELS.N0000,36.799999,37,36,36,2242341
2020-02-25,MELS.N0000,36.900002,36.900002,36,36.099998,5453
2020-02-26,MELS.N0000,36.099998,36.099998,35.200001,35.200001,20254
2020-02-27,MELS.N0000,35.200001,35.799999,35.200001,35.799999,2654
2020-02-28,MELS.N0000,35.799999,36,34.900002,35,42833
2020-03-02,MELS.N0000,35,35,33,34,100495
2020-03-03,MELS.N0000,34.299999,34.299999,33.400002,33.799999,117054
2020-03-04,MELS.N0000,33.400002,33.400002,33.099998,33.400002,236485
2020-03-05,MELS.N0000,33.299999,33.299999,32.700001,33,255462
2020-03-06,MELS.N0000,32.799999,32.799999,30,30.200001,47194
2020-03-10,MELS.N0000,30.1,30.1,29.5,29.9,29846
2020-03-11,MELS.N0000,29.9,34,29.9,33.5,18072
2020-03-12,MELS.N0000,30.5,30.5,28.299999,28.5,4199
2020-03-13,MELS.N0000,28.5,28.5,26.5,26.799999,74342
2020-03-19,MELS.N0000,25,26,23.5,23.5,34987
2020-05-12,MELS.N0000,20.5,20.5,16,20,79423
2020-05-13,MELS.N0000,20,21.5,19.799999,20.9,933075
2020-05-14,MELS.N0000,20.9,22.4,20,21.9,185341
2020-05-15,MELS.N0000,22,23.9,21.700001,23.9,45176
2020-05-18,MELS.N0000,22,26,22,26,47207
2020-05-19,MELS.N0000,27.299999,30,26,28.5,51349
2020-05-20,MELS.N0000,28.9,28.9,25.4,27,37274
2020-05-21,MELS.N0000,27,28.9,26.6,26.6,31185
2020-05-22,MELS.N0000,27,28,25.5,27,53116
2020-05-26,MELS.N0000,27,27.5,25.799999,27.4,53027
2020-05-27,MELS.N0000,27.799999,28,27.6,28,135535
2020-05-28,MELS.N0000,28,28.5,28,28,9601
2020-05-29,MELS.N0000,28.1,28.1,27.299999,28,4910
2020-06-01,MELS.N0000,28.200001,28.200001,27,27.299999,21245
2020-06-02,MELS.N0000,27.299999,28,27,27.299999,47269
2020-06-03,MELS.N0000,27.200001,27.200001,25,26,587245
2020-06-04,MELS.N0000,26.5,26.6,26.5,26.5,15000
2020-06-08,MELS.N0000,26.700001,28.299999,26.299999,27.6,582849
2020-06-09,MELS.N0000,27.9,28,27.5,27.9,57592
2020-06-10,MELS.N0000,27.9,27.9,27,27.700001,73367
2020-06-11,MELS.N0000,27.700001,28.4,27.700001,28.4,63864
2020-06-12,MELS.N0000,28.299999,28.299999,27.5,28,56431
2020-06-15,MELS.N0000,28,28.4,28,28.299999,1804
2020-06-16,MELS.N0000,28.4,28.4,28,28,24067
2020-06-17,MELS.N0000,28.4,28.5,28,28.5,70845
2020-06-18,MELS.N0000,28.299999,29.700001,28.1,29,63734
2020-06-19,MELS.N0000,29.5,29.5,28.4,28.9,124576
2020-06-22,MELS.N0000,29,31,29,30.299999,80746
2020-06-23,MELS.N0000,30,31.5,30,31.5,79890
2020-06-24,MELS.N0000,31.4,32,30.799999,31,92969
2020-06-25,MELS.N0000,31,31.5,30.9,31,85336
2020-06-26,MELS.N0000,31,31,30.5,31,23760
2020-06-29,MELS.N0000,31,32,30.9,30.9,23321
2020-06-30,MELS.N0000,30.9,31,30.5,31,133129
2020-07-01,MELS.N0000,31.4,31.4,30.799999,31,124436
2020-07-02,MELS.N0000,30.6,30.6,30.1,30.1,49503
2020-07-03,MELS.N0000,30.200001,30.200001,29.5,29.5,25202
2020-07-06,MELS.N0000,29.5,31,29.5,31,10200
2020-07-07,MELS.N0000,30.1,31,29.9,30,70027
2020-07-08,MELS.N0000,31,31,30,30.700001,2883
2020-07-09,MELS.N0000,30.9,30.9,30.6,30.6,211
2020-07-10,MELS.N0000,30.4,30.5,29.299999,29.700001,89261
2020-07-13,MELS.N0000,28.5,29,26.700001,28,64017
2020-07-14,MELS.N0000,27.700001,28.6,27.5,28.1,76151
2020-07-15,MELS.N0000,28,28.4,28,28.4,9005
2020-07-16,MELS.N0000,28.9,28.9,28.5,28.799999,12219
2020-07-17,MELS.N0000,29.299999,29.299999,28.9,29,4894
2020-07-20,MELS.N0000,29.700001,29.799999,29,29,41071
2020-07-21,MELS.N0000,29,29,28.5,29,3358
2020-07-22,MELS.N0000,29,29,28.700001,28.9,8608
2020-07-23,MELS.N0000,29,29,28.6,28.700001,52428
2020-07-24,MELS.N0000,28.6,28.6,27.5,27.5,575593
2020-07-27,MELS.N0000,28.5,29,27.6,28.5,55220
2020-07-28,MELS.N0000,28.5,28.9,28.200001,28.5,126936
2020-07-29,MELS.N0000,28.4,28.5,28.200001,28.4,12265
2020-07-30,MELS.N0000,28.9,28.9,28.4,28.4,24896
2020-07-31,MELS.N0000,28.5,28.5,28.200001,28.299999,62678
2020-08-04,MELS.N0000,28.4,28.4,28,28,145418
2020-08-06,MELS.N0000,27.5,27.6,27.299999,27.4,156713
2020-08-07,MELS.N0000,28,28,27.299999,27.4,300628
2020-08-10,MELS.N0000,27.700001,27.799999,27.200001,27.4,57699
2020-08-11,MELS.N0000,27.9,27.9,27.299999,27.299999,104050
2020-08-12,MELS.N0000,27.9,27.9,27.299999,27.5,99117
2020-08-13,MELS.N0000,27.5,27.9,27.4,27.5,67085
2020-08-14,MELS.N0000,27.5,27.5,27.1,27.1,93382
2020-08-17,MELS.N0000,27.9,27.9,27.200001,27.4,66977
2020-08-18,MELS.N0000,27.299999,27.9,26.9,26.9,157526
2020-08-19,MELS.N0000,27,27.9,26.700001,27.9,46759
2020-08-20,MELS.N0000,27.5,28.1,27.200001,27.5,197556
2020-08-21,MELS.N0000,28,28.200001,27.5,28,122973
2020-08-24,MELS.N0000,28,28.6,27.799999,27.9,1562932
2020-08-25,MELS.N0000,28.1,29,27.9,28.6,11934830
2020-08-26,MELS.N0000,29,29.200001,28.5,28.9,1547547
2020-08-27,MELS.N0000,29,29,28.4,28.6,850408
2020-08-28,MELS.N0000,28.6,28.799999,27.9,28,1753998
2020-08-31,MELS.N0000,28,28,27.4,27.5,579019
2020-09-02,MELS.N0000,27.9,28,27.5,27.799999,432501
2020-09-03,MELS.N0000,28.4,28.4,27.9,28.299999,117992
2020-09-04,MELS.N0000,28,28.299999,27.700001,28,284067
2020-09-07,MELS.N0000,28,28.200001,27.6,27.9,270126
2020-09-08,MELS.N0000,28,28,27.6,27.9,74292
2020-09-09,MELS.N0000,28,28.200001,27.799999,28,278783
2020-09-10,MELS.N0000,28.200001,29,28.200001,29,1357103
2020-09-11,MELS.N0000,29,29.5,29,29.5,1489931
2020-09-14,MELS.N0000,29.6,32.5,29.6,32.099998,3874704
2020-09-15,MELS.N0000,31.5,31.5,30.6,31.299999,2293745
2020-09-16,MELS.N0000,31.5,34.099998,31.299999,34,4699150
2020-09-17,MELS.N0000,34.200001,35.299999,33.5,35.099998,5798120
2020-09-18,MELS.N0000,35.099998,36,34.700001,35,2757223
2020-09-21,MELS.N0000,35,35.400002,34.299999,35.200001,1340885
2020-09-22,MELS.N0000,35.5,35.799999,34.599998,34.900002,709022
2020-09-23,MELS.N0000,34.900002,34.900002,33.900002,34.599998,1467400
2020-09-24,MELS.N0000,35,35,34.299999,34.799999,2115440
2020-09-25,MELS.N0000,35,35,34.299999,34.599998,748784
2020-09-28,MELS.N0000,34.5,35,34.200001,34.5,863789
2020-09-29,MELS.N0000,34,34.5,33.900002,34.299999,774347
2020-09-30,MELS.N0000,34.299999,34.599998,34,34.5,932953
2020-10-02,MELS.N0000,34.700001,35,34.400002,34.400002,314233
2020-10-05,MELS.N0000,33,33.099998,29,30.200001,1135149
2020-10-06,MELS.N0000,29.5,32.799999,29,30.1,1230314
2020-10-07,MELS.N0000,29.6,31,29,30,393120
2020-10-08,MELS.N0000,30,31.5,30,31,1016812
2020-10-09,MELS.N0000,31.1,32.599998,31.1,31.1,580987
2020-10-12,MELS.N0000,32.900002,32.900002,31.200001,31.299999,690908
2020-10-13,MELS.N0000,31.4,32,31,31.5,764542
2020-10-14,MELS.N0000,31.200001,31.9,31,31.9,360350
2020-10-15,MELS.N0000,32,32.5,31.5,32.400002,614723
2020-10-16,MELS.N0000,32.400002,32.900002,31.9,32.5,329312
2020-10-19,MELS.N0000,33,33.599998,32.5,33,691850
2020-10-20,MELS.N0000,33.599998,34.700001,33,34.400002,2446768
2020-10-21,MELS.N0000,35,35,32,32,2469689
2020-10-22,MELS.N0000,31.200001,33.900002,31,32.799999,441233
2020-10-23,MELS.N0000,33,34.099998,32,32.5,299381
2020-10-26,MELS.N0000,31.6,32,30.799999,31.5,146193
2020-10-27,MELS.N0000,32,32.799999,32,32.599998,769101
2020-10-28,MELS.N0000,32,32.700001,31.5,32,830953
2020-10-29,MELS.N0000,31.5,32.700001,31.299999,32.5,61103
2020-11-02,MELS.N0000,32.5,32.599998,31.9,32.400002,91789
2020-11-03,MELS.N0000,32.400002,33.099998,32.200001,33.099998,168889
2020-11-04,MELS.N0000,32.799999,33.799999,32.799999,33.400002,553859
2020-11-05,MELS.N0000,33.5,34,33.400002,33.799999,922094
2020-11-06,MELS.N0000,33.799999,34.200001,33.799999,34.200001,1263284
2020-11-09,MELS.N0000,34.200001,34.599998,33.799999,33.799999,343651
2020-11-10,MELS.N0000,34,34.799999,34,34.200001,1336891
2020-11-11,MELS.N0000,34.5,34.799999,33.5,33.5,429280
2020-11-12,MELS.N0000,33.5,34,33.400002,33.5,156154
2020-11-13,MELS.N0000,33.900002,34,33.099998,33.099998,402533
2020-11-16,MELS.N0000,33.400002,34.200001,33.400002,33.900002,971565
2020-11-17,MELS.N0000,33.799999,34.799999,33.799999,34.799999,1065784
2020-11-18,MELS.N0000,35,36.400002,34.5,35.700001,2449507
2020-11-19,MELS.N0000,35.799999,36.200001,35,35.900002,2331089
2020-11-20,MELS.N0000,36,36.599998,35.900002,36.5,1173494
2020-11-23,MELS.N0000,36.5,37,36.200001,36.700001,1034054
2020-11-24,MELS.N0000,36.900002,36.900002,36,36,377090
2020-11-25,MELS.N0000,38.099998,38.900002,37.599998,38.5,3740406
2020-11-26,MELS.N0000,38.599998,39.200001,38.599998,39,2806883
2020-11-27,MELS.N0000,39.099998,39.900002,39,39.799999,2401125
2020-11-30,MELS.N0000,40,43.099998,39.900002,42.200001,4185531
2020-12-01,MELS.N0000,42.5,44,42.5,43.700001,3116033
2020-12-02,MELS.N0000,44,44.200001,42.700001,42.799999,2462168
2020-12-03,MELS.N0000,42.700001,43.299999,42.099998,42.700001,2996601
2020-12-04,MELS.N0000,40,41.200001,39.5,41,1169801
2020-12-07,MELS.N0000,41,41.200001,39.900002,40,1535991
2020-12-08,MELS.N0000,40,41.5,39.5,41.5,1194765
2020-12-09,MELS.N0000,41,43,41,42.400002,909441
2020-12-10,MELS.N0000,41.099998,42.700001,41.099998,42.599998,1245019
2020-12-11,MELS.N0000,42.700001,48.700001,42.599998,48.5,4643921
2020-12-14,MELS.N0000,49,52.5,49,49.900002,5606442
2020-12-15,MELS.N0000,50,50,48.200001,48.799999,1770509
2020-12-16,MELS.N0000,49.5,51.099998,48.099998,50.5,1030304
2020-12-17,MELS.N0000,50.700001,50.900002,49,49.900002,684507
2020-12-18,MELS.N0000,49.5,51,49.200001,50.200001,773640
2020-12-21,MELS.N0000,50.200001,51.799999,50.099998,51.400002,1511132
2020-12-22,MELS.N0000,51.5,53.599998,51.5,53.099998,2266941
2020-12-23,MELS.N0000,53.5,53.700001,51.299999,52.400002,1610908
2020-12-24,MELS.N0000,52,53.599998,51.599998,53,649908
2020-12-28,MELS.N0000,53.200001,53.200001,51.900002,52.400002,465850
2020-12-30,MELS.N0000,52.599998,52.799999,51.700001,51.799999,445556
2020-12-31,MELS.N0000,51.799999,52.400002,51.400002,52,948315
2021-01-04,MELS.N0000,52,54,52,53.799999,1150248
2021-01-05,MELS.N0000,54,55,54,54.5,1730935
2021-01-06,MELS.N0000,55,55,53.099998,54,511031
2021-01-07,MELS.N0000,53.599998,53.900002,53,53,808070
2021-01-08,MELS.N0000,53,53.5,52,53,553083
2021-01-11,MELS.N0000,53,53,52,52,1024769
2021-01-12,MELS.N0000,52.200001,55.099998,51.700001,54.200001,1737058
2021-01-13,MELS.N0000,55,57.5,55,57.099998,2420968
2021-01-15,MELS.N0000,57,65,56.799999,62.200001,2831991
2021-01-18,MELS.N0000,63.5,66.099998,62,63,3022464
2021-01-19,MELS.N0000,63.599998,63.900002,58,60.200001,1354344
2021-01-20,MELS.N0000,60.200001,61.5,57.5,60,1596623
2021-01-21,MELS.N0000,60,62.099998,59.400002,62,967797
2021-01-22,MELS.N0000,62,67.300003,62,66,2469271
2021-01-25,MELS.N0000,67,78,66,73.5,7700889
2021-01-26,MELS.N0000,74,75.900002,70,70,3998924
2021-01-27,MELS.N0000,71.599998,71.599998,68.099998,68.5,1810707
2021-01-29,MELS.N0000,69.300003,70,66.400002,66.5,2405518
2021-02-01,MELS.N0000,66.5,67,59.900002,63.900002,1364001
2021-02-02,MELS.N0000,60.099998,63.599998,56,60,2570779
2021-02-03,MELS.N0000,63,65,59,62.400002,942393
2021-02-05,MELS.N0000,63.5,64.900002,61,62.299999,151891
2021-02-08,MELS.N0000,62.5,62.5,59.299999,60,482785
2021-02-09,MELS.N0000,60,60,55,58,284397
2021-02-10,MELS.N0000,58,58,51.099998,53,557804
2021-02-11,MELS.N0000,52.5,54,42.099998,53.5,1099623
2021-02-12,MELS.N0000,55,62,54,60,1053706
2021-02-15,MELS.N0000,58,58,52.5,52.799999,1204569
2021-02-16,MELS.N0000,54,54,49,49.900002,355182
2021-02-17,MELS.N0000,49.700001,50.200001,46.400002,50,611869
2021-02-18,MELS.N0000,50,51.700001,49.900002,51.400002,320158
2021-02-19,MELS.N0000,51.5,51.5,50,50.599998,239104
2021-02-22,MELS.N0000,50.5,50.5,49,49.599998,347775
2021-02-23,MELS.N0000,49.900002,49.900002,47,47,173671
2021-02-24,MELS.N0000,47,50.200001,47,48.400002,213778
2021-02-25,MELS.N0000,50,51.200001,48.200001,50.5,599536
2021-03-01,MELS.N0000,51,51,49.5,49.900002,345557
2021-03-02,MELS.N0000,49.900002,49.900002,47.5,47.5,236785
2021-03-03,MELS.N0000,47,47,45,46.099998,544853
2021-03-04,MELS.N0000,47,48,43,44.400002,202022
2021-03-05,MELS.N0000,45.900002,46,42,45.5,123394
2021-03-08,MELS.N0000,44.5,49.400002,44.5,49,320737
2021-03-09,MELS.N0000,50,50.299999,47,48,444392
2021-03-10,MELS.N0000,49.799999,49.799999,46,47,61173
2021-03-12,MELS.N0000,47,48.5,47,47.799999,166985
2021-03-15,MELS.N0000,47.599998,47.599998,46.099998,46.099998,137194
2021-03-16,MELS.N0000,47,47,45,46.099998,62989
2021-03-17,MELS.N0000,46.099998,46.099998,43.599998,44.900002,733756
2021-03-18,MELS.N0000,44,44,42.5,42.599998,122731
2021-03-19,MELS.N0000,42.799999,43.799999,42,42.5,1433197
2021-03-22,MELS.N0000,43.700001,44.900002,42.799999,43.200001,184447
2021-03-23,MELS.N0000,43.900002,43.900002,42.5,43.5,13320
2021-03-24,MELS.N0000,43.5,44.799999,43,44,480710
2021-03-25,MELS.N0000,44.799999,45.299999,43.400002,43.400002,112098
2021-03-26,MELS.N0000,43.200001,44.099998,42.599998,43.200001,64017
2021-03-29,MELS.N0000,44,44.099998,43.200001,44,1019871
2021-03-30,MELS.N0000,44.099998,44.400002,43.5,43.5,455829
2021-03-31,MELS.N0000,43.700001,44,43.5,44,84538
2021-04-01,MELS.N0000,44.5,45,44,44.799999,491936
2021-04-05,MELS.N0000,45.099998,46,44.799999,44.799999,789878
2021-04-06,MELS.N0000,45.900002,47.5,44.700001,47.099998,1619260
2021-04-07,MELS.N0000,47.099998,50.599998,47.099998,49,2198139
2021-04-08,MELS.N0000,49.200001,50,47.599998,49,551366
2021-04-09,MELS.N0000,49.400002,51,48.599998,49,1041613
2021-04-12,MELS.N0000,49.099998,51.900002,49.099998,51.900002,802972
2021-04-15,MELS.N0000,52,52,51,51.900002,455520
2021-04-16,MELS.N0000,51.900002,51.900002,49.099998,51,378753
2021-04-19,MELS.N0000,51,51,48.5,48.900002,328136
2021-04-20,MELS.N0000,49,49.799999,44.099998,46.5,473391
2021-04-21,MELS.N0000,47,48,46,48,122631
2021-04-22,MELS.N0000,47.799999,47.799999,45.200001,45.299999,211816
2021-04-23,MELS.N0000,45.299999,45.900002,43,44.599998,186455
2021-04-27,MELS.N0000,44.599998,44.599998,42,42.900002,364166
2021-04-28,MELS.N0000,42.400002,45,42.400002,45,487165
2021-04-29,MELS.N0000,45,46.099998,43.900002,45.200001,125776
2021-05-03,MELS.N0000,44.5,45.5,44.099998,44.5,41289
2021-05-04,MELS.N0000,44.599998,44.599998,43,43,324716
2021-05-05,MELS.N0000,43.200001,44,43,43.5,424965
2021-05-06,MELS.N0000,43,44.900002,43,44.299999,517624
2021-05-07,MELS.N0000,44.700001,45.299999,44.5,45,213230
2021-05-10,MELS.N0000,45,45,44.299999,44.5,1140920
2021-05-11,MELS.N0000,44.5,46,44.099998,45.299999,295688
2021-05-12,MELS.N0000,45.5,46.5,45.200001,45.200001,1024969
2021-05-13,MELS.N0000,45.5,46.799999,45.099998,46.5,101261
2021-05-17,MELS.N0000,46,47.5,44.900002,47.5,265115
2021-05-18,MELS.N0000,47.400002,47.599998,46.200001,46.799999,61049
2021-05-19,MELS.N0000,47,47.200001,46.5,47,135671
2021-05-20,MELS.N0000,47,47,46,46.900002,654699
2021-05-21,MELS.N0000,47,47,45.599998,46,371764
2021-05-24,MELS.N0000,45.5,47,45,45.799999,20000
2021-05-25,MELS.N0000,45.5,47.099998,45.5,46.5,67619
2021-05-28,MELS.N0000,46,47.200001,46,47,638378
2021-05-31,MELS.N0000,47.5,47.5,46.299999,47,149607
2021-06-01,MELS.N0000,47,47.5,47,47.5,230036
2021-06-02,MELS.N0000,47.5,47.5,46.599998,46.599998,124763
2021-06-03,MELS.N0000,46.799999,47.099998,46.099998,47.099998,157259
2021-06-04,MELS.N0000,47,47.5,46.599998,47,334135
2021-06-07,MELS.N0000,47,47.5,46.799999,47.299999,672929
2021-06-08,MELS.N0000,47.5,47.5,46.799999,47,215397
2021-06-09,MELS.N0000,47,49.599998,47,49,2337498
2021-06-10,MELS.N0000,49.599998,49.700001,48.700001,49,215039
2021-06-11,MELS.N0000,49.099998,49.099998,48.099998,48.099998,153929
2021-06-14,MELS.N0000,48.700001,49.599998,48,49.5,645901
2021-06-15,MELS.N0000,51.5,51.799999,51,51.299999,2674423
2021-06-16,MELS.N0000,51.200001,51.799999,51.200001,51.5,1656960
2021-06-17,MELS.N0000,51.5,51.700001,51.299999,51.599998,576200
2021-06-18,MELS.N0000,51.700001,52,51.5,51.599998,718231
2021-06-21,MELS.N0000,51.799999,51.799999,51,51,559321
2021-06-22,MELS.N0000,51,51.099998,50.5,50.5,1184883
2021-06-23,MELS.N0000,47.299999,49,45,47.5,412228
2021-06-25,MELS.N0000,47.700001,48,47,47.400002,137102
2021-06-28,MELS.N0000,47.599998,47.599998,46.599998,46.799999,141233
2021-06-29,MELS.N0000,46.799999,46.900002,46.400002,46.599998,155740
2021-06-30,MELS.N0000,46.5,46.5,45.799999,46.200001,148807
2021-07-01,MELS.N0000,46.099998,46.799999,45.700001,46,291942
2021-07-02,MELS.N0000,46,46.900002,45,46.5,140853
2021-07-05,MELS.N0000,46.299999,46.700001,45.900002,46,101915
2021-07-06,MELS.N0000,46,46.900002,45.900002,46,109824
2021-07-07,MELS.N0000,46.599998,46.599998,46,46.299999,18936
2021-07-08,MELS.N0000,46.599998,46.599998,46.299999,46.400002,47181
2021-07-09,MELS.N0000,46.400002,48,46.099998,47.5,136728
2021-07-12,MELS.N0000,47.5,48.599998,46.599998,48.400002,332838
2021-07-13,MELS.N0000,48.599998,48.900002,48,48.200001,350568
2021-07-14,MELS.N0000,48.099998,49,48.099998,48.5,77175
2021-07-15,MELS.N0000,48.400002,50.700001,48,50,820158
2021-07-16,MELS.N0000,50,51.400002,49.599998,50.200001,797453
2021-07-19,MELS.N0000,50.900002,51.200001,49.599998,51,419287
2021-07-20,MELS.N0000,51,51.700001,50.799999,51.299999,840233
2021-07-22,MELS.N0000,51.599998,52.799999,51.599998,52.599998,1215710
2021-07-26,MELS.N0000,53,53,51.5,52.099998,485518
2021-07-27,MELS.N0000,51.799999,52,51.099998,51.099998,199266
2021-07-28,MELS.N0000,51.200001,51.400002,50.5,51,159339
2021-07-29,MELS.N0000,51.400002,53,51,52.799999,1295058
2021-07-30,MELS.N0000,52.900002,52.900002,51.400002,52,1073388
2021-08-02,MELS.N0000,52,52.599998,51.799999,52.5,224721
2021-08-03,MELS.N0000,52.799999,52.799999,51.799999,52,617881
2021-08-04,MELS.N0000,52.099998,52.599998,52,52.299999,692791
2021-08-05,MELS.N0000,52.400002,52.400002,50.400002,50.5,510925
2021-08-06,MELS.N0000,50.299999,51.400002,49.5,51.099998,659444
2021-08-09,MELS.N0000,51.5,51.5,50,50.5,392184
2021-08-10,MELS.N0000,50.700001,50.700001,50.099998,50.200001,147368
2021-08-11,MELS.N0000,50.400002,50.400002,49.900002,50,258580
2021-08-12,MELS.N0000,50,50.099998,49.200001,50.099998,199641
2021-08-13,MELS.N0000,49.799999,49.799999,48.400002,48.5,390715
2021-08-16,MELS.N0000,50.5,50.5,48,49.299999,27393
2021-08-17,MELS.N0000,48.799999,49.900002,48.099998,49.799999,73280
2021-08-18,MELS.N0000,49.900002,49.900002,48.799999,49,82562
2021-08-19,MELS.N0000,49.5,49.5,48,48,282227
2021-08-20,MELS.N0000,48.099998,49.200001,48,48.099998,163266
2021-08-23,MELS.N0000,48.700001,48.900002,47.5,48.299999,187845
2021-08-24,MELS.N0000,48.200001,51.200001,48,51,764523
2021-08-25,MELS.N0000,51.299999,53.5,51.299999,52.099998,2166451
2021-08-26,MELS.N0000,52.099998,53.200001,51.200001,53,872082
2021-08-27,MELS.N0000,53,53.200001,51.599998,51.700001,564295
2021-08-30,MELS.N0000,51.5,52,50.5,50.599998,479036
2021-08-31,MELS.N0000,50.5,51,50,50.700001,200624
2021-09-01,MELS.N0000,50.799999,51.900002,50,51.400002,2229572
2021-09-02,MELS.N0000,51.400002,56,51.200001,55.900002,4593077
2021-09-03,MELS.N0000,58.5,59.5,56.5,57.599998,4144199
2021-09-06,MELS.N0000,57.799999,60.099998,55.5,58.299999,3357555
2021-09-07,MELS.N0000,59,59,55.5,56.900002,1342177
2021-09-08,MELS.N0000,56.900002,58,52.099998,55.799999,885945
2021-09-09,MELS.N0000,55.799999,56.5,53.5,56.400002,423142
2021-09-10,MELS.N0000,56.400002,57.099998,55.700001,55.700001,758374
2021-09-13,MELS.N0000,55.799999,55.799999,52.900002,53.200001,674929
2021-09-14,MELS.N0000,53.900002,55.799999,53.299999,55,293400
2021-09-15,MELS.N0000,55.400002,55.799999,54.700001,54.900002,623794
2021-09-16,MELS.N0000,54.900002,55.900002,54,54.799999,118837
2021-09-17,MELS.N0000,54.099998,54.400002,52.900002,53.299999,271612
2021-09-21,MELS.N0000,53,55,52.900002,53.799999,49437
2021-09-22,MELS.N0000,53.900002,53.900002,53,53.5,541516
2021-09-23,MELS.N0000,53.5,55.400002,53.5,55.400002,1789711
2021-09-24,MELS.N0000,55.400002,55.599998,54.5,55.200001,290669
2021-09-27,MELS.N0000,55.200001,57.700001,55.200001,57.400002,1483157
2021-09-28,MELS.N0000,57.799999,59,57,58.099998,1489086
2021-09-29,MELS.N0000,58.5,60.700001,58,60.099998,2373350
2021-09-30,MELS.N0000,60,61.5,59.5,60,651467
2021-10-01,MELS.N0000,60,62.200001,60,61.299999,1413501
2021-10-04,MELS.N0000,62,62,60.200001,61,422422
2021-10-05,MELS.N0000,61,61,58.5,60,456459
2021-10-06,MELS.N0000,59.5,60,58.599998,60,179170
2021-10-07,MELS.N0000,59.900002,61,59.599998,59.599998,554317
2021-10-08,MELS.N0000,60.700001,60.700001,59,59.900002,139847
2021-10-11,MELS.N0000,60,60.400002,59.299999,59.299999,111831
2021-10-12,MELS.N0000,59.200001,59.400002,58.700001,58.799999,104542
2021-10-13,MELS.N0000,58.799999,58.799999,56.5,58,351852
2021-10-14,MELS.N0000,58,58.700001,58,58.299999,116750
2021-10-15,MELS.N0000,58.799999,58.799999,57.799999,57.799999,128413
2021-10-18,MELS.N0000,58.700001,58.700001,57.5,58,91786
2021-10-21,MELS.N0000,57.900002,58.099998,56.400002,56.400002,291240
2021-10-22,MELS.N0000,56.5,57,56.5,56.5,602594
2021-10-25,MELS.N0000,57.200001,57.5,56.5,56.799999,657989
2021-10-26,MELS.N0000,57,57.799999,56.799999,57,850296
2021-10-27,MELS.N0000,57.299999,57.900002,56.900002,57.200001,624746
2021-10-28,MELS.N0000,57.700001,58,57.200001,57.599998,417574
2021-10-29,MELS.N0000,57.599998,58,57.200001,57.5,1103624
2021-11-01,MELS.N0000,57.5,58.299999,56.799999,57,874327
2021-11-02,MELS.N0000,56.700001,58.799999,56.700001,57.700001,1394188
2021-11-03,MELS.N0000,58,58.299999,57,57.099998,264139
2021-11-05,MELS.N0000,57.200001,57.599998,57,57.099998,334427
2021-11-08,MELS.N0000,57.200001,57.200001,56.5,56.5,324868
2021-11-09,MELS.N0000,56.5,56.5,54.5,54.799999,417299
2021-11-10,MELS.N0000,55,57,54,56.799999,252563
2021-11-11,MELS.N0000,58.099998,59.5,57.700001,57.799999,561290
2021-11-12,MELS.N0000,58,58.400002,57.299999,58,397856
2021-11-15,MELS.N0000,56,57,55.799999,57,335621
2021-11-16,MELS.N0000,57.5,57.5,56.299999,56.900002,599200
2021-11-17,MELS.N0000,56.900002,57,56,56,528083
2021-11-19,MELS.N0000,56.200001,56.799999,55.5,55.5,631142
2021-11-22,MELS.N0000,54.5,55.400002,54.400002,54.599998,273159
2021-11-23,MELS.N0000,54.599998,55.5,53.5,55,188736
2021-11-24,MELS.N0000,53.900002,54,52.700001,53,692334
2021-11-25,MELS.N0000,53.200001,54.799999,53,54.799999,243533
2021-11-26,MELS.N0000,54.5,55,53.5,55,269377
2021-11-29,MELS.N0000,54,55,53.900002,54,179337
2021-11-30,MELS.N0000,54,55.5,53.900002,54,939059
2021-12-01,MELS.N0000,54.400002,57.599998,54.400002,56.400002,1653813
2021-12-02,MELS.N0000,57,57.400002,56,57,542048
2021-12-03,MELS.N0000,57,57,54,54.700001,318337
2021-12-06,MELS.N0000,55.5,57,54.5,55,779737
2021-12-07,MELS.N0000,56,58,55.099998,56,1070674
2021-12-08,MELS.N0000,57.5,57.5,55.5,56.099998,217172
2021-12-09,MELS.N0000,56.299999,57.5,56,56.900002,105022
2021-12-10,MELS.N0000,57.5,57.5,56.400002,56.700001,766092
2021-12-13,MELS.N0000,56.5,57.400002,55.900002,56,495994
2021-12-14,MELS.N0000,55.900002,56.900002,55.700001,55.799999,351599
2021-12-15,MELS.N0000,56,56.5,55.700001,55.700001,875335
2021-12-16,MELS.N0000,56.799999,56.900002,55.400002,55.700001,667127
2021-12-17,MELS.N0000,55.799999,55.799999,55.299999,55.599998,402092
2021-12-20,MELS.N0000,55.5,55.5,54.5,54.599998,432914
2021-12-21,MELS.N0000,54.5,55,53.5,54.799999,326837
2021-12-22,MELS.N0000,54,55.599998,54,55.099998,268623
2021-12-23,MELS.N0000,55.5,59.900002,55,58,1292079
2021-12-27,MELS.N0000,58,58,56,56.900002,300353
2021-12-28,MELS.N0000,56.799999,56.900002,56,56.099998,232494
2021-12-29,MELS.N0000,56.900002,57.400002,56,56.299999,189133
2021-12-30,MELS.N0000,57,57,55.799999,56,268134
2021-12-31,MELS.N0000,55.099998,57,55.099998,56,228362
2022-01-03,MELS.N0000,56.5,58.599998,56,58.5,1614992
2022-01-04,MELS.N0000,58.700001,58.900002,57.200001,57.299999,435869
2022-01-05,MELS.N0000,58,58.099998,57.400002,57.599998,464220
2022-01-06,MELS.N0000,57.799999,58,57.299999,58,449598
2022-01-07,MELS.N0000,58,66.699997,58,66.199997,5968703
2022-01-10,MELS.N0000,67,68,63,64,2729794
2022-01-11,MELS.N0000,63.5,64.5,62,63.200001,1000637
2022-01-12,MELS.N0000,62.799999,63.900002,61.700001,63,627405
2022-01-13,MELS.N0000,62,62.5,60,61.5,518510
2022-01-18,MELS.N0000,61.5,63,61.400002,62.400002,342963
2022-01-19,MELS.N0000,63,65.199997,62.099998,64,747641
2022-01-20,MELS.N0000,64,64.199997,63.5,63.700001,462885
2022-01-21,MELS.N0000,63.900002,63.900002,62.900002,62.900002,250955
2022-01-24,MELS.N0000,62.900002,62.900002,61,62,258828
2022-01-25,MELS.N0000,62,62,60.400002,60.900002,368786
2022-01-26,MELS.N0000,60.099998,61,60,60.400002,223954
2022-01-27,MELS.N0000,62,62.5,58.799999,60,409296
2022-01-28,MELS.N0000,60,61,58,61,740265
2022-01-31,MELS.N0000,59.799999,61.799999,59.299999,61.400002,256074
2022-02-01,MELS.N0000,61.5,61.5,60,60,423756
2022-02-02,MELS.N0000,60,60,57.5,57.900002,5731169
2022-02-03,MELS.N0000,58,59,56.700001,58.900002,260060
2022-02-07,MELS.N0000,59.900002,59.900002,58.5,58.5,503551
2022-02-08,MELS.N0000,58.299999,58.299999,57,57.599998,603441
2022-02-09,MELS.N0000,57,58,55,55.299999,1020780
2022-02-10,MELS.N0000,55,56.599998,54,56.599998,147765
2022-02-11,MELS.N0000,57,57.5,56.400002,57,141245
2022-02-14,MELS.N0000,58,58.299999,56.299999,57.799999,264868
2022-02-15,MELS.N0000,58.900002,60,57.5,57.900002,378281
2022-02-17,MELS.N0000,58,58,56.299999,56.299999,143638
2022-02-18,MELS.N0000,57,57,55,55.5,151295
2022-02-21,MELS.N0000,55,55.400002,52.900002,53,969933
2022-02-22,MELS.N0000,54,55,53,53.5,276172
2022-02-23,MELS.N0000,55,55,50,52,603181
2022-02-24,MELS.N0000,51.299999,53.900002,48.900002,49.799999,502321
2022-02-25,MELS.N0000,48.599998,52,48.599998,51.900002,199484
2022-02-28,MELS.N0000,52,55,50.599998,53.400002,146897
2022-03-02,MELS.N0000,52,53.400002,51.5,51.900002,96521
2022-03-03,MELS.N0000,52,52,50,50,44288
2022-03-04,MELS.N0000,50,51.400002,49.599998,51,27546
2022-03-07,MELS.N0000,50.200001,50.200001,49,49.700001,131584
2022-03-08,MELS.N0000,50.5,50.5,47,47,2095760
2022-03-09,MELS.N0000,49,49,43,45.900002,203307
2022-03-10,MELS.N0000,45.799999,49,45.799999,49,93017
2022-03-11,MELS.N0000,49.299999,50,47,47,96454
2022-03-14,MELS.N0000,47,48.5,46.799999,47,131813
2022-03-15,MELS.N0000,46.599998,49.5,45,46.5,49421
2022-03-16,MELS.N0000,49.400002,49.400002,45.200001,47.200001,211552
2022-03-18,MELS.N0000,47.400002,49.900002,47.400002,48,192677
2022-03-21,MELS.N0000,49.299999,49.299999,47.900002,49,63644
2022-03-22,MELS.N0000,48.599998,49.5,48,48.5,525422
2022-03-23,MELS.N0000,48.5,49,47.900002,48,260393
2022-03-24,MELS.N0000,49,49,48,48.5,135780
2022-03-25,MELS.N0000,49,49,47.799999,47.900002,584069
2022-03-28,MELS.N0000,47,47,44,45,282547
2022-03-29,MELS.N0000,45,46,43.5,44.099998,1282498
2022-03-30,MELS.N0000,44,44,39.5,42,1895157
2022-03-31,MELS.N0000,39,39,39,39,500833
2022-04-04,MELS.N0000,40.299999,41.900002,40,41.900002,275141
2022-04-05,MELS.N0000,41.299999,44,39.5,40,1090460
2022-04-06,MELS.N0000,38,41.400002,38,38.5,568173
2022-04-07,MELS.N0000,38.099998,39,37.5,39,358939
2022-04-25,MELS.N0000,33,33,30,32,389928
2022-04-26,MELS.N0000,30,36,29.5,36,342334
2022-04-27,MELS.N0000,36,38,33.5,37,435006
2022-04-28,MELS.N0000,38,38,37,37.900002,86427
2022-05-04,MELS.N0000,37.900002,37.900002,37,37,415137
2022-05-05,MELS.N0000,37.099998,37.099998,36,37,193907
2022-05-11,MELS.N0000,37.5,39.400002,37.5,39.400002,96682
2022-05-12,MELS.N0000,39.5,41.5,39.5,41,639155
2022-05-17,MELS.N0000,43,44,41,42,764046
2022-05-18,MELS.N0000,42.099998,42.099998,40,40,567404
2022-05-19,MELS.N0000,40,42,40,41.5,140847
2022-05-23,MELS.N0000,41.299999,41.900002,40,40.299999,452017
2022-05-24,MELS.N0000,40,41.900002,40,41.5,112856
2022-05-25,MELS.N0000,41,41.5,40.099998,40.5,66764
2022-05-26,MELS.N0000,42,42,40.700001,41,12610
2022-05-30,MELS.N0000,45,45,42.5,44,648019
2022-05-31,MELS.N0000,44,44,43,44,655437
2022-06-01,MELS.N0000,44,44.099998,42.5,43,1163064
2022-06-02,MELS.N0000,43.700001,44,42.099998,43,145464
2022-06-06,MELS.N0000,41.099998,41.099998,39.5,40.5,758829
2022-06-07,MELS.N0000,40.5,41.900002,40.5,41.5,184875
2022-06-08,MELS.N0000,40.400002,41.599998,40.400002,41.599998,12820
2022-06-09,MELS.N0000,41.599998,41.599998,40,40.5,54464
2022-06-15,MELS.N0000,42,42,40,41,18679
2022-06-16,MELS.N0000,41,41,39.5,39.5,43614
2022-06-20,MELS.N0000,39.400002,40,39.400002,40,686
2022-06-21,MELS.N0000,40,40,39.5,39.799999,5604
2022-06-22,MELS.N0000,40,40,38,40,53587
2022-06-23,MELS.N0000,38.5,40,38.5,40,92106
2022-06-27,MELS.N0000,37.099998,37.299999,36,36.900002,185182
2022-06-28,MELS.N0000,36.5,38,36.5,38,533
2022-06-29,MELS.N0000,38,38,35.099998,37,54203
2022-06-30,MELS.N0000,38,38,37,37.900002,14095
2022-07-04,MELS.N0000,38,38.5,37,37,20726
2022-07-05,MELS.N0000,37,38,36,37.900002,44918
2022-07-06,MELS.N0000,36.700001,37.900002,36,36.299999,7807
2022-07-07,MELS.N0000,37,37,35,36,49460
2022-07-11,MELS.N0000,37.799999,37.900002,36.099998,36.400002,108098
2022-07-14,MELS.N0000,37.900002,38.400002,37.400002,37.599998,10499
2022-07-18,MELS.N0000,38.099998,39.700001,38,39.700001,52695
2022-07-19,MELS.N0000,39.900002,41,39.5,39.5,460309
2022-07-20,MELS.N0000,41,41,39.700001,40.900002,39150
2022-07-21,MELS.N0000,40.200001,40.200001,39.900002,40,11500
2022-07-26,MELS.N0000,41.099998,41.400002,39.900002,41,749877
2022-07-27,MELS.N0000,40,40.299999,39.900002,40,130834
2022-07-28,MELS.N0000,40.5,40.5,39.799999,40.099998,89302
2022-08-01,MELS.N0000,40.900002,41.900002,40.700001,40.799999,336881
2022-08-02,MELS.N0000,41,42.900002,40.900002,42.299999,766461
2022-08-03,MELS.N0000,42.400002,43,41,42.400002,2228168
2022-08-04,MELS.N0000,43,46.5,42.5,44,3137497
2022-08-08,MELS.N0000,47,48.099998,46.5,46.900002,966225
2022-08-09,MELS.N0000,47,51,46.299999,50.599998,4768091
2022-08-15,MELS.N0000,58,58.5,53,53.299999,1207033
2022-08-16,MELS.N0000,54,54.900002,51.5,52,572764
2022-08-17,MELS.N0000,53.299999,54,51.299999,52,951172
2022-08-18,MELS.N0000,52,52.099998,50.900002,51.5,250001
2022-08-22,MELS.N0000,50,51,49.200001,49.900002,561988
2022-08-23,MELS.N0000,49.900002,50,49,49.200001,136938
2022-08-24,MELS.N0000,49.200001,49.900002,47.5,48,410515
2022-08-25,MELS.N0000,48,49.900002,45.900002,48,971770
2022-08-29,MELS.N0000,48,48.900002,48,48.5,608067
2022-08-30,MELS.N0000,50,54.200001,49.900002,54.099998,639503
2022-08-31,MELS.N0000,55,58.400002,54.400002,57,4418628
2022-09-01,MELS.N0000,58,58.5,56.700001,57.200001,2849715
2022-09-05,MELS.N0000,56.5,56.900002,54.099998,56,283252
2022-09-06,MELS.N0000,55,56.5,54.5,55.299999,313542
2022-09-07,MELS.N0000,55.099998,57.5,55.099998,57,2851063
2022-09-08,MELS.N0000,58,60.799999,58,58,2798989
2022-09-12,MELS.N0000,59.5,59.700001,58,58.900002,848704
2022-09-13,MELS.N0000,58.599998,58.900002,56.900002,56.900002,454215
2022-09-15,MELS.N0000,57.700001,58.599998,57.700001,58,1633386
2022-09-19,MELS.N0000,57,57.200001,56,56,248608
2022-09-20,MELS.N0000,55.700001,56,55.099998,56,725514
2022-09-21,MELS.N0000,56,56,54.5,54.799999,840153
2022-09-22,MELS.N0000,54.799999,54.799999,53.900002,54,124884
2022-09-26,MELS.N0000,53,54,52.599998,54,282854
2022-09-27,MELS.N0000,55,55,53,54,665493
2022-09-28,MELS.N0000,54.400002,56,54,54.799999,562506
2022-09-29,MELS.N0000,55.5,55.5,54.299999,54.700001,744277
2022-10-03,MELS.N0000,52,53,49.099998,51.5,610397
2022-10-04,MELS.N0000,52,53,50,50.700001,408939
2022-10-05,MELS.N0000,51.5,52,50,50,310510
2022-10-06,MELS.N0000,51.400002,51.400002,49.5,50.200001,238279
2022-10-11,MELS.N0000,47.400002,48.5,43,47.5,234621
2022-10-12,MELS.N0000,47.5,50,46.900002,49.5,469458
2022-10-13,MELS.N0000,49.599998,52,48.099998,48.099998,721509
2022-10-17,MELS.N0000,48,48,46.599998,47.200001,61524
2022-10-18,MELS.N0000,48,48,46.799999,47.400002,42562
2022-10-19,MELS.N0000,47,47.099998,46.200001,46.200001,15748
2022-10-20,MELS.N0000,46.200001,46.5,45,45.799999,73888
2022-10-25,MELS.N0000,45,46,44,46,111553
2022-10-26,MELS.N0000,45.900002,47,45,46.5,115225
2022-10-27,MELS.N0000,46.599998,47,45.599998,46,101313
2022-11-01,MELS.N0000,45.700001,45.900002,44.799999,45,1053058
2022-11-02,MELS.N0000,45,45,43.900002,44,545662
2022-11-03,MELS.N0000,44,46.5,44,46.099998,491261
2022-11-04,MELS.N0000,45.900002,47,44.900002,46,331801
2022-11-08,MELS.N0000,45,45.5,44.5,45.400002,37608
2022-11-09,MELS.N0000,45.400002,46.299999,45.200001,46.299999,48145
2022-11-10,MELS.N0000,46.799999,47.299999,45.599998,46.5,39472
2022-11-14,MELS.N0000,47.299999,47.5,44.5,45,148630
2022-11-15,MELS.N0000,44.5,45.099998,43.5,44.200001,531142
2022-11-16,MELS.N0000,45.400002,45.400002,43.5,44,202219
2022-11-17,MELS.N0000,43.5,44.5,42,42.299999,381183
2022-11-21,MELS.N0000,42.099998,44.700001,42.099998,44.5,143359
2022-11-22,MELS.N0000,44.700001,45.900002,44.5,45.700001,120119
2022-11-23,MELS.N0000,45.099998,45.099998,43,43,208426
2022-11-24,MELS.N0000,43.900002,43.900002,43,43.5,28274
2022-11-28,MELS.N0000,46,48.400002,46,48.400002,1142843
2022-11-29,MELS.N0000,47.700001,48.900002,46,48.5,103851
2022-11-30,MELS.N0000,48,49,48,48.5,373398
2022-12-01,MELS.N0000,48.400002,49.099998,46.099998,48,84344
2022-12-06,MELS.N0000,48,48,46.099998,47.5,84322
2022-12-08,MELS.N0000,47.5,47.900002,46.799999,47,206486
2022-12-09,MELS.N0000,46.700001,47,46,46,97182
2022-12-12,MELS.N0000,46.200001,48,46.200001,46.799999,57057
2022-12-13,MELS.N0000,46.299999,46.5,46,46,446839
2022-12-14,MELS.N0000,46.099998,47.400002,45.900002,46,255567
2022-12-15,MELS.N0000,46.200001,48,46.200001,46.5,137001
2022-12-16,MELS.N0000,47.5,48.099998,46.200001,47,80018
2022-12-19,MELS.N0000,47.5,47.5,45.400002,45.599998,37040
2022-12-20,MELS.N0000,45.299999,46.900002,45,45,517892
2022-12-21,MELS.N0000,45,45.900002,44.599998,45,296338
2022-12-22,MELS.N0000,45.099998,46,45,45,11748
2022-12-23,MELS.N0000,45.099998,46.700001,44.5,45.799999,84866
2022-12-27,MELS.N0000,46.700001,48,45.700001,45.700001,68193
2022-12-28,MELS.N0000,46.599998,48,46,46,48077
2022-12-29,MELS.N0000,46.5,46.5,45.5,45.5,78530
2022-12-30,MELS.N0000,46,48,45.5,47.5,141836
2023-01-02,MELS.N0000,47.400002,47.400002,46,46,42273
2023-01-03,MELS.N0000,46.5,49.299999,45.700001,48.5,562881
2023-01-04,MELS.N0000,48.5,48.5,46,46.799999,97285
2023-01-05,MELS.N0000,46.5,48,46.099998,48,54092
2023-01-09,MELS.N0000,47.799999,48,46.099998,46.599998,876956
2023-01-10,MELS.N0000,47.099998,47.099998,46,46,155729
2023-01-11,MELS.N0000,46,47,45.5,47,359131
2023-01-12,MELS.N0000,47,47,45.5,45.599998,239490
2023-01-13,MELS.N0000,45.599998,47,45.599998,46.400002,598477
2023-01-17,MELS.N0000,46.400002,47.5,46.099998,46.400002,107494
2023-01-18,MELS.N0000,46.099998,46.5,45.5,46.5,189939
2023-01-19,MELS.N0000,46.200001,48.5,46.099998,48.5,379150
2023-01-20,MELS.N0000,48.5,48.5,47.5,48,624072
2023-01-23,MELS.N0000,48.099998,49,48,48.5,169941
2023-01-24,MELS.N0000,48.900002,50,48.5,48.5,96217
2023-01-25,MELS.N0000,48.5,52,48.5,51,842070
2023-01-26,MELS.N0000,50.099998,51.799999,50.099998,51.5,566653
2023-01-27,MELS.N0000,51.400002,52.200001,51,52,614627
2023-01-30,MELS.N0000,50.700001,53.200001,50.599998,52.599998,326417
2023-01-31,MELS.N0000,53.200001,53.5,52,53,717486
2023-02-01,MELS.N0000,53.5,53.5,52.5,53,305067
2023-02-02,MELS.N0000,53,53.700001,53,53.5,838764
2023-02-03,MELS.N0000,53.5,54.700001,53.5,53.799999,585288
2023-02-06,MELS.N0000,53.5,55,53.200001,55,1067403
2023-02-07,MELS.N0000,55,55.200001,53.200001,53.5,301888
2023-02-08,MELS.N0000,53.200001,53.200001,51.099998,51.900002,220829
2023-02-09,MELS.N0000,52,52.900002,52,52.5,148264
2023-02-10,MELS.N0000,51.099998,53.200001,50.5,53,217143
2023-02-13,MELS.N0000,52.099998,52.900002,51,51.200001,1153159
2023-02-14,MELS.N0000,51.099998,51.5,51.099998,51.200001,452698
2023-02-15,MELS.N0000,51.299999,52.5,51.200001,51.5,148931
2023-02-16,MELS.N0000,52.900002,56,52.900002,55.099998,1056424
2023-02-17,MELS.N0000,55.700001,57.400002,55,57.400002,1707596
2023-02-20,MELS.N0000,57.5,58.599998,57.5,58.299999,2022916
2023-02-21,MELS.N0000,58.5,61,57.400002,61,2389449
2023-02-22,MELS.N0000,60.900002,61,58.299999,58.700001,327316
2023-02-23,MELS.N0000,58.599998,59.400002,57.5,59.400002,388409
2023-02-24,MELS.N0000,58.700001,61.299999,58.700001,60.5,863182
2023-02-27,MELS.N0000,60.5,60.599998,58.5,59,91767
2023-02-28,MELS.N0000,59,59,58,59,764017
2023-03-01,MELS.N0000,58,59.5,58,59.299999,423116
2023-03-02,MELS.N0000,58.5,59.400002,58.5,59,1172984
2023-03-03,MELS.N0000,58.900002,60.5,58.900002,60,565168
2023-03-07,MELS.N0000,60,61.400002,59.5,61,615096
2023-03-08,MELS.N0000,61.5,61.599998,59.5,60,390505
2023-03-09,MELS.N0000,59.700001,60.099998,59.099998,59.900002,691753
2023-03-10,MELS.N0000,59.900002,59.900002,57.5,57.700001,694540
2023-03-13,MELS.N0000,58,58,56,58,836202
2023-03-14,MELS.N0000,58,58,56.900002,57,188148
2023-03-15,MELS.N0000,57.200001,58,57,57,490992
2023-03-16,MELS.N0000,56.799999,57.900002,56.599998,56.599998,75364
2023-03-17,MELS.N0000,57,57.5,56.700001,57.400002,76468
2023-03-20,MELS.N0000,57,58,57,57,363040
2023-03-21,MELS.N0000,58,58,56.5,57,205148
2023-03-22,MELS.N0000,57,58,56.5,57.700001,295311
2023-03-23,MELS.N0000,57,57.5,56.599998,56.599998,515243
2023-03-24,MELS.N0000,56.599998,59.400002,56.599998,58.200001,1009363
2023-03-27,MELS.N0000,59,59,56.599998,57.599998,39501
2023-03-28,MELS.N0000,57.5,57.5,54.200001,57,113032
2023-03-29,MELS.N0000,56.900002,57,56,56.200001,20202
2023-03-30,MELS.N0000,55.099998,56.5,54.900002,55.799999,738956
2023-03-31,MELS.N0000,56,56,54.799999,54.799999,338350
2023-04-03,MELS.N0000,54.700001,55,54,54,133393
2023-04-04,MELS.N0000,54.5,55,54,54,852586
2023-04-06,MELS.N0000,54,55,54,55,145841
2023-04-10,MELS.N0000,55,55.099998,53.599998,54.799999,193110
2023-04-11,MELS.N0000,54,55,54,54.5,448780
2023-04-12,MELS.N0000,54.5,54.5,54.200001,54.5,106573
2023-04-17,MELS.N0000,54.299999,55,53.799999,53.799999,196382
2023-04-18,MELS.N0000,53.900002,54,53,53.900002,176250
2023-04-19,MELS.N0000,54.5,54.5,53.299999,53.299999,55197
2023-04-20,MELS.N0000,53.900002,57,53.5,55,318879
2023-04-21,MELS.N0000,55,56.900002,54.099998,56.5,302460
2023-04-24,MELS.N0000,56.5,56.5,54.400002,55.200001,158947
2023-04-25,MELS.N0000,55,55.200001,54.200001,55.200001,260228
2023-04-26,MELS.N0000,54.799999,55.900002,54.200001,54.200001,356508
2023-04-27,MELS.N0000,54.200001,55.900002,53.5,54.200001,188097
2023-04-28,MELS.N0000,54.799999,55,54,55,196641
2023-05-02,MELS.N0000,55.5,55.5,52.5,53,47757
2023-05-03,MELS.N0000,52.200001,54.799999,52.200001,54,59624
2023-05-04,MELS.N0000,54,54.400002,53.900002,54,556898
2023-05-08,MELS.N0000,54.5,54.599998,54.200001,54.599998,192019
2023-05-09,MELS.N0000,54.900002,54.900002,54,54,541938
2023-05-10,MELS.N0000,54.400002,54.400002,53.599998,53.599998,76825
2023-05-11,MELS.N0000,53.599998,54.099998,53.5,54,532524
2023-05-12,MELS.N0000,53.700001,54.5,53.5,54.200001,407583
2023-05-15,MELS.N0000,54.5,55,54,54,188703
2023-05-16,MELS.N0000,54.200001,54.200001,53.599998,53.900002,412926
2023-05-17,MELS.N0000,54,54,53.599998,53.799999,251904
2023-05-18,MELS.N0000,53.900002,54,53.400002,53.400002,473131
2023-05-19,MELS.N0000,53.799999,53.799999,52.900002,53.099998,510204
2023-05-22,MELS.N0000,54,54,52,52,111072
2023-05-23,MELS.N0000,53,54,52,53.900002,64370
2023-05-24,MELS.N0000,52.5,54,52.5,53.900002,43575
2023-05-25,MELS.N0000,53.400002,53.900002,52.5,53,34071
2023-05-26,MELS.N0000,53.099998,53.799999,52.599998,53,18159
2023-05-29,MELS.N0000,53.599998,53.799999,52.5,52.700001,14135
2023-05-30,MELS.N0000,53,53,52.5,53,1092905
2023-05-31,MELS.N0000,54,54,52.5,53,389809
2023-06-01,MELS.N0000,53.900002,54.400002,52.5,54,131610
2023-06-02,MELS.N0000,53.200001,54.799999,53.200001,54,116277
2023-06-05,MELS.N0000,54.5,55,53.200001,54.5,294709
2023-06-06,MELS.N0000,54.299999,55,54,55,239128
2023-06-07,MELS.N0000,55,55,53.900002,54.900002,50285
2023-06-08,MELS.N0000,55.099998,55.099998,54,54,119565
2023-06-09,MELS.N0000,55,55.599998,54.5,55,200760
2023-06-12,MELS.N0000,55.200001,55.200001,54,55,178930
2023-06-13,MELS.N0000,55,55,54.5,55,281042
2023-06-14,MELS.N0000,55,56.799999,54.5,56.5,676730
2023-06-15,MELS.N0000,55.299999,57.5,55,56,358393
2023-06-16,MELS.N0000,56.900002,57.200001,56,56.5,219458
2023-06-19,MELS.N0000,57.5,57.5,56.900002,57.099998,133846
2023-06-20,MELS.N0000,57.200001,57.5,56.799999,57.099998,255306
2023-06-21,MELS.N0000,57.099998,60.200001,57.099998,59.900002,1843012
2023-06-22,MELS.N0000,59.700001,60.200001,59,59.5,278423
2023-06-23,MELS.N0000,59.599998,59.599998,58.599998,58.700001,515835
2023-06-26,MELS.N0000,60,60,58,59,1111597
2023-06-27,MELS.N0000,59,59,56.900002,56.900002,211047
2023-06-28,MELS.N0000,57,58.700001,56.799999,58.599998,259646
2023-07-04,MELS.N0000,61,64.5,60,64.5,2213029
2023-07-05,MELS.N0000,63,65.400002,63,64,1236132
2023-07-06,MELS.N0000,64,65.300003,63.900002,65.300003,734581
2023-07-07,MELS.N0000,65,69.800003,65,69.5,1983300
2023-07-10,MELS.N0000,70,70.5,68,69.900002,2393616
2023-07-11,MELS.N0000,69.900002,69.900002,67.5,69.599998,881099
2023-07-12,MELS.N0000,69.699997,71.699997,69,70,873586
2023-07-13,MELS.N0000,70.900002,71,70,70,341377
2023-07-14,MELS.N0000,70.5,70.5,68.800003,70,788051
2023-07-17,MELS.N0000,70.5,70.800003,69.199997,70,358652
2023-07-18,MELS.N0000,70,71.099998,69.5,71,1001948
2023-07-19,MELS.N0000,71,72.5,70.5,72.5,556519
2023-07-20,MELS.N0000,72.5,76,72.5,75,1608413
2023-07-21,MELS.N0000,75,76.5,74,76,265112
2023-07-24,MELS.N0000,75.5,77,75.5,76,1036915
2023-07-25,MELS.N0000,75.800003,75.800003,72.300003,74.599998,405181
2023-07-26,MELS.N0000,74.699997,74.800003,73,73,127519
2023-07-27,MELS.N0000,73,78.400002,72.400002,77.099998,675517
2023-07-28,MELS.N0000,78,80,77.699997,78,461392
2023-07-31,MELS.N0000,77.699997,78.199997,75.599998,78.099998,316631
2023-08-02,MELS.N0000,78.099998,78.800003,77,78.599998,345726
2023-08-03,MELS.N0000,78.5,82,78.5,82,1061720
2023-08-04,MELS.N0000,81.900002,84,81,82,434537
2023-08-07,MELS.N0000,82,86.5,82,84.5,375355
2023-08-08,MELS.N0000,84.800003,85,82.5,84.300003,237337
2023-08-09,MELS.N0000,83.599998,86.800003,83.599998,86,581680
2023-08-10,MELS.N0000,86,87,86,86.400002,231233
2023-08-11,MELS.N0000,86.400002,86.5,85,86,918993
2023-08-14,MELS.N0000,86,86.599998,85,85.5,1084639
2023-08-15,MELS.N0000,84.400002,85,81.099998,83.199997,277427
2023-08-16,MELS.N0000,81.099998,82.5,78.099998,82,622667
2023-08-17,MELS.N0000,82.599998,82.800003,79.099998,80,314855
2023-08-18,MELS.N0000,79,80.900002,79,80.099998,137125
2023-08-21,MELS.N0000,80.5,81,77.5,80,266096
2023-08-22,MELS.N0000,80,81,78,79,658906
2023-08-23,MELS.N0000,78.099998,80,76.599998,80,553843
2023-08-24,MELS.N0000,78.099998,80,78,78.300003,576583
2023-08-25,MELS.N0000,78.199997,80.900002,78.199997,80.900002,139318
2023-08-28,MELS.N0000,80,80.900002,78.800003,79.599998,256138
2023-08-29,MELS.N0000,80.900002,80.900002,79.699997,79.699997,16691
2023-08-31,MELS.N0000,80,80,78,79,244883
2023-09-01,MELS.N0000,79.800003,79.900002,78.300003,78.5,53089
2023-09-04,MELS.N0000,80,81,78.5,80,344430
2023-09-05,MELS.N0000,80.300003,81.900002,80,80,940532
2023-09-06,MELS.N0000,81,81,80,80.099998,333420
2023-09-07,MELS.N0000,80.400002,81,80,80,476573
2023-09-08,MELS.N0000,80.199997,85,80.199997,84,57501
2023-09-11,MELS.N0000,84.599998,84.599998,83.5,83.5,172792
2023-09-12,MELS.N0000,84,84.199997,82.099998,83,63027
2023-09-13,MELS.N0000,83,87.699997,83,87.599998,522996
2023-09-14,MELS.N0000,87.599998,89,87.099998,88,773284
2023-09-15,MELS.N0000,87.199997,88.099998,86.099998,87,130066
2023-09-18,MELS.N0000,87.199997,87.900002,86.699997,86.800003,138150
2023-09-19,MELS.N0000,87,87.199997,86.5,87,357972
2023-09-20,MELS.N0000,87,88,86.900002,87,254885
2023-09-21,MELS.N0000,86.400002,87.099998,85.099998,85.199997,34570
2023-09-22,MELS.N0000,85.199997,86.300003,85.099998,86,379240
2023-09-25,MELS.N0000,86.099998,87.099998,86,86.099998,14743
2023-09-26,MELS.N0000,86.199997,87.400002,86.199997,86.800003,25937
2023-09-27,MELS.N0000,87,87,85.800003,87,114569
2023-10-02,MELS.N0000,86.900002,86.900002,82,85,13150
2023-10-03,MELS.N0000,85,85,82.199997,83,44060
2023-10-04,MELS.N0000,83,84,82,84,14907
2023-10-05,MELS.N0000,83,85,82.300003,83,27537
2023-10-06,MELS.N0000,83,83.099998,82,82,7441
2023-10-09,MELS.N0000,82,82,77,80,52378
2023-10-10,MELS.N0000,80,82,80,80,78770
2023-10-11,MELS.N0000,80,80,78.199997,78.400002,85033
2023-10-12,MELS.N0000,79,82.300003,79,82,3358
2023-10-13,MELS.N0000,79.900002,82,79,81.900002,22607
2023-10-16,MELS.N0000,81.800003,81.800003,78.5,78.5,22967
2023-10-17,MELS.N0000,80,80,77.5,77.5,103100
2023-10-18,MELS.N0000,77.900002,77.900002,75,77,125137
2023-10-19,MELS.N0000,77.5,77.800003,73.300003,76,203406
2023-10-20,MELS.N0000,76,80,75.5,80,188746
2023-10-23,MELS.N0000,81,81,77,79.800003,22685
2023-10-24,MELS.N0000,78.300003,79.5,78,79,168779
2023-10-25,MELS.N0000,79.400002,79.400002,76.699997,77.900002,484965
2023-10-26,MELS.N0000,76.699997,79.400002,75.800003,77.900002,114109
2023-10-27,MELS.N0000,77.900002,79,76.199997,78,107879
2023-10-30,MELS.N0000,79,79.199997,77,79.199997,168322
2023-10-31,MELS.N0000,78.5,78.5,77.099998,78,130185
2023-11-01,MELS.N0000,78,79,78,78.5,6863
2023-11-02,MELS.N0000,78.5,79,78,78.900002,76834
2023-11-03,MELS.N0000,78.300003,78.900002,78.099998,78.900002,19072
2023-11-06,MELS.N0000,80,83.199997,80,82.599998,417020
2023-11-07,MELS.N0000,82.5,84.199997,82.5,84.199997,197710
2023-11-08,MELS.N0000,84.300003,87.5,84.300003,87,293199
2023-11-09,MELS.N0000,87,87,84.5,85,69385
2023-11-10,MELS.N0000,86.5,86.5,83.800003,83.800003,6805
2023-11-13,MELS.N0000,85.900002,85.900002,83,83.900002,190455
2023-11-14,MELS.N0000,80,83.900002,77.5,78,181008
2023-11-15,MELS.N0000,80,80,77.900002,78,89942
2023-11-16,MELS.N0000,78,79.800003,76.099998,78,72090
2023-11-17,MELS.N0000,79.800003,80.900002,78,80,1676891
2023-11-20,MELS.N0000,80,80,77.5,78,170728
2023-11-21,MELS.N0000,77.900002,77.900002,76.199997,76.300003,7728
2023-11-22,MELS.N0000,77,77.5,75.199997,77.5,341122
2023-11-23,MELS.N0000,76.5,77.900002,76.5,77.599998,16762
2023-11-24,MELS.N0000,77.900002,77.900002,77,77.099998,15662
2023-11-27,MELS.N0000,77.900002,77.900002,77,77.800003,168386
2023-11-28,MELS.N0000,77.5,77.800003,77,77.699997,82709
2023-11-29,MELS.N0000,77.5,79,77.5,79,12728
2023-11-30,MELS.N0000,79.400002,79.5,78.099998,79.5,10062
2023-12-01,MELS.N0000,79.699997,80,79.199997,80,34615
2023-12-04,MELS.N0000,80.199997,80.5,79.599998,80,347327
2023-12-05,MELS.N0000,80.400002,80.400002,79.5,80,231897
2023-12-06,MELS.N0000,79.400002,81,79.400002,81,42793
2023-12-07,MELS.N0000,81.5,82.5,80.5,82.5,316673
2023-12-08,MELS.N0000,82,85.5,81,85,174789
2023-12-11,MELS.N0000,84,85.300003,84,85.199997,52700
2023-12-12,MELS.N0000,85.099998,90,85,90,591769
2023-12-13,MELS.N0000,90,90,86.099998,89.900002,867911
2023-12-14,MELS.N0000,89,89.5,88.300003,89.5,177910
2023-12-15,MELS.N0000,88.5,89.199997,88.5,89,29226
2023-12-18,MELS.N0000,89,89,85.199997,86,18512
2023-12-19,MELS.N0000,86,86.900002,84.300003,86,47615
2023-12-20,MELS.N0000,85,85.099998,84,84.5,79729
2023-12-21,MELS.N0000,84.199997,85,84,84.599998,281605
2023-12-22,MELS.N0000,85,85,84.400002,84.900002,12017
2023-12-27,MELS.N0000,84.400002,85,84.400002,84.800003,410872
2023-12-28,MELS.N0000,85,86,84,85,2745
2023-12-29,MELS.N0000,84.599998,84.800003,84.099998,84.800003,15154
2024-01-02,MELS.N0000,85,86,84.300003,86,22937
2024-01-03,MELS.N0000,86,92.5,86,92,691987
2024-01-04,MELS.N0000,91,92.5,88.5,92.5,505451
2024-01-05,MELS.N0000,92.5,93.699997,92,92.599998,840816
2024-01-08,MELS.N0000,93,94,92,92,224473
2024-01-09,MELS.N0000,92,92.5,91.300003,91.5,7068
2024-01-10,MELS.N0000,91.199997,91.5,87,90,34158
2024-01-11,MELS.N0000,89.900002,89.900002,87.599998,89.800003,31781
2024-01-12,MELS.N0000,88.199997,89.800003,88.199997,89,8308
2024-01-16,MELS.N0000,88.199997,89.400002,84.699997,84.800003,190942
2024-01-17,MELS.N0000,87,87,84,85,10542
2024-01-18,MELS.N0000,84.5,85,82.5,84,34001
2024-01-19,MELS.N0000,82.900002,84,80.5,81.900002,300871
2024-01-22,MELS.N0000,81.300003,81.5,80.800003,80.900002,276550
2024-01-23,MELS.N0000,81,81.5,81,81.099998,5565
2024-01-24,MELS.N0000,80.800003,81,80,80.5,144086
2024-01-26,MELS.N0000,81.400002,81.800003,81.400002,81.800003,5149
2024-01-29,MELS.N0000,82,82,80,80,175261
2024-01-30,MELS.N0000,82,82,80.099998,80.5,205000
2024-01-31,MELS.N0000,82,82,80.5,81,177882
2024-02-01,MELS.N0000,82,83,81,82,8301
2024-02-02,MELS.N0000,82,82,81.099998,82,11675
2024-02-06,MELS.N0000,82,85,82,83.900002,42921
2024-02-07,MELS.N0000,83.900002,84,83.300003,83.5,16965
2024-02-08,MELS.N0000,85,85,83,84,655793
2024-02-09,MELS.N0000,84,84.800003,83,83,52793
2024-02-12,MELS.N0000,83,84.900002,82.199997,84.099998,22512
2024-02-13,MELS.N0000,84.5,84.5,83.5,84,19769
2024-02-14,MELS.N0000,84.400002,84.400002,82,84,131244
2024-02-15,MELS.N0000,83.699997,84.400002,82.5,84,92707
2024-02-16,MELS.N0000,82.599998,82.599998,75.199997,82.199997,96916
2024-02-19,MELS.N0000,83,84.400002,80.5,84,43292
2024-02-20,MELS.N0000,84,87,83.300003,87,119422
2024-02-21,MELS.N0000,87,90.5,87,90,312880
2024-02-22,MELS.N0000,90,90,88,89.099998,61619
2024-02-26,MELS.N0000,89.300003,90,88.5,88.599998,194296
2024-02-27,MELS.N0000,88.900002,89.5,88.900002,89.5,15092
2024-02-28,MELS.N0000,89.900002,89.900002,88,88,12405
2024-02-29,MELS.N0000,87.699997,88.5,87.699997,88.5,162309
2024-03-01,MELS.N0000,88.900002,90,88.900002,89.599998,181610
2024-03-04,MELS.N0000,89,89.800003,88.099998,88.5,4530
2024-03-05,MELS.N0000,86.800003,88.5,86.800003,87.400002,202464
2024-03-06,MELS.N0000,87,87.5,86.599998,87,67209
2024-03-07,MELS.N0000,87,87,86.5,86.800003,108628
2024-03-11,MELS.N0000,87,87,86,86,54046
2024-03-12,MELS.N0000,86,86,85,85.900002,25507
2024-03-13,MELS.N0000,85.900002,88,85.900002,88,14540
2024-03-14,MELS.N0000,86.599998,88,86.599998,87,33428
2024-03-15,MELS.N0000,87.900002,90,87.5,90,192626
2024-03-18,MELS.N0000,90,90,87.5,88.199997,20693
2024-03-19,MELS.N0000,89.599998,89.599998,87.5,88.5,45790
2024-03-20,MELS.N0000,88,88.5,87.699997,87.699997,110929
2024-03-21,MELS.N0000,88,88,87.099998,87.099998,37425
2024-03-22,MELS.N0000,87.5,87.5,87.099998,87.5,15360
2024-03-25,MELS.N0000,87,87.5,86.699997,87,63615
2024-03-26,MELS.N0000,86.800003,87.400002,86.800003,87.099998,7381
2024-03-27,MELS.N0000,87.099998,87.400002,86,87,27284
2024-03-28,MELS.N0000,87,88,87,88,36888
2024-04-01,MELS.N0000,88,89,88,89,156084
2024-04-02,MELS.N0000,88,89.400002,88,88.900002,75989
2024-04-03,MELS.N0000,88.5,90.5,88,90,276532
2024-04-04,MELS.N0000,90,92.5,88.5,90.599998,189064
2024-04-05,MELS.N0000,91.800003,92.400002,90,92,149603
2024-04-08,MELS.N0000,92,92.900002,92,92.900002,95861
2024-04-09,MELS.N0000,92.5,92.5,89.199997,92,107217
2024-04-10,MELS.N0000,92,93.699997,91.099998,93.099998,46374
2024-04-15,MELS.N0000,92.699997,93.300003,91.699997,92,424894
2024-04-16,MELS.N0000,91.699997,91.699997,89.400002,90,118221
2024-04-17,MELS.N0000,89.5,89.5,87.5,89,14462
2024-04-18,MELS.N0000,88,89.5,85,89.5,12130
2024-04-19,MELS.N0000,87.800003,90,87.800003,89.900002,12020
2024-04-22,MELS.N0000,89.900002,90,88.800003,89.800003,28806
2024-04-24,MELS.N0000,89.900002,89.900002,88,89.5,247875
2024-04-25,MELS.N0000,88.199997,90,87.900002,90,100296
2024-04-26,MELS.N0000,88.800003,90,88,89.199997,123149
2024-04-29,MELS.N0000,90,92.5,89,92.5,58338
2024-04-30,MELS.N0000,92,92,91,92,256763
2024-05-02,MELS.N0000,91,93,91,91.300003,83304
2024-05-03,MELS.N0000,91.099998,92.5,90.199997,92.300003,89325
2024-05-06,MELS.N0000,92.5,93,90.599998,92,11868
2024-05-07,MELS.N0000,92.699997,92.699997,92,92.5,158818
2024-05-08,MELS.N0000,92.099998,92.099998,91,91,9184
2024-05-09,MELS.N0000,92,92.400002,91,92,81062
2024-05-10,MELS.N0000,92.300003,92.300003,91.800003,92.199997,177585
2024-05-13,MELS.N0000,92,92,91.800003,92,6941
2024-05-14,MELS.N0000,91.900002,92,91,91,24147
2024-05-15,MELS.N0000,91.099998,91.400002,89.599998,89.599998,120713
2024-05-16,MELS.N0000,90,90,89.199997,89.800003,152601
2024-05-17,MELS.N0000,90,90,89.5,89.5,11451
2024-05-20,MELS.N0000,90,90,88.5,89.199997,9994
2024-05-21,MELS.N0000,89.199997,89.199997,88.5,89.199997,10801
2024-05-22,MELS.N0000,89.800003,90,89.699997,89.699997,16278
2024-05-27,MELS.N0000,90,90,89,89.599998,15559
2024-05-28,MELS.N0000,89,89.5,88.900002,89.5,16708
2024-05-29,MELS.N0000,89.099998,89.099998,88,89,17318
2024-05-30,MELS.N0000,87.599998,90,87.599998,89,9278
2024-05-31,MELS.N0000,88.5,90,87.900002,88,178658
2024-06-03,MELS.N0000,88,88,85,85,45452
2024-06-04,MELS.N0000,87,88.5,86,88.400002,118945
2024-06-05,MELS.N0000,87.699997,88,87.699997,88,556
2024-06-06,MELS.N0000,88,88.5,88,88,28575
2024-06-07,MELS.N0000,88.5,88.5,87.800003,87.900002,28519
2024-06-10,MELS.N0000,87.800003,88,87.199997,88,63881
2024-06-11,MELS.N0000,87.599998,88,87.5,87.5,79097
2024-06-12,MELS.N0000,88,88,87,87,20403
2024-06-13,MELS.N0000,86.900002,88,86.900002,87.300003,48624
2024-06-14,MELS.N0000,88,88,87.199997,87.800003,99478
2024-06-18,MELS.N0000,87.099998,88,87.099998,88,52132
2024-06-19,MELS.N0000,87.5,88,87,87,302116
2024-06-20,MELS.N0000,87.5,88,87,87,303549
2024-06-24,MELS.N0000,87.5,88,87.099998,87.099998,12111
2024-06-25,MELS.N0000,87.199997,87.5,86.900002,86.900002,5844
2024-06-26,MELS.N0000,87,87.199997,86,86,23330
2024-06-27,MELS.N0000,86,86.199997,86,86.199997,9380
2024-06-28,MELS.N0000,86.199997,86.599998,84.900002,84.900002,31017
2024-07-01,MELS.N0000,85,85,84.900002,85,24884
2024-07-02,MELS.N0000,85,85,83.800003,84,7329
2024-07-03,MELS.N0000,84,84,82.800003,82.800003,17831
2024-07-04,MELS.N0000,83,83.099998,80.099998,81.099998,41871
2024-07-05,MELS.N0000,81.900002,81.900002,80.5,81,69243
2024-07-08,MELS.N0000,81.5,81.5,79.900002,79.900002,147030
2024-07-09,MELS.N0000,80,81,79.400002,80.300003,70893
2024-07-10,MELS.N0000,81,82.5,80.5,82,43579
2024-07-11,MELS.N0000,82.5,85,82.5,85,183942
2024-07-12,MELS.N0000,85,85.5,83.099998,85,1229025
2024-07-15,MELS.N0000,85.5,85.5,85,85.400002,5860
2024-07-16,MELS.N0000,85.900002,86,84.099998,85,475360
2024-07-17,MELS.N0000,86,86,84.099998,84.099998,510
2024-07-18,MELS.N0000,85.800003,85.900002,84,85,7751
2024-07-19,MELS.N0000,84.099998,84.099998,84,84.099998,17535
2024-07-22,MELS.N0000,84.300003,84.300003,80,81.5,79976
2024-07-23,MELS.N0000,82.5,83.5,82,83,87177
2024-07-24,MELS.N0000,82.5,83.5,82.5,83,50217
2024-07-25,MELS.N0000,82.599998,83,81.599998,82.900002,2330
2024-07-26,MELS.N0000,82.900002,82.900002,81.699997,81.699997,127227
2024-07-29,MELS.N0000,82,82,81.699997,81.800003,12321
2024-07-30,MELS.N0000,81.900002,81.900002,81.699997,81.900002,5433
2024-07-31,MELS.N0000,81.900002,81.900002,80.099998,80.099998,27694
2024-08-01,MELS.N0000,80.099998,81.099998,80.099998,80.800003,208950
2024-08-02,MELS.N0000,80.199997,80.900002,80,80.900002,372277
2024-08-05,MELS.N0000,80.800003,81,79,79,607970
2024-08-06,MELS.N0000,80,80.400002,78.5,79.199997,8847
2024-08-07,MELS.N0000,80.900002,80.900002,79.900002,80,6455
2024-08-08,MELS.N0000,80.900002,80.900002,79,79,14156
2024-08-09,MELS.N0000,80,80,78.5,79.099998,83008
2024-08-12,MELS.N0000,79.5,80.5,79.5,80.5,2521
2024-08-13,MELS.N0000,81,81,80,81,27890
2024-08-14,MELS.N0000,81,81.5,80,81.5,1159065
2024-08-15,MELS.N0000,81.900002,82.5,81,82.5,924461
2024-08-16,MELS.N0000,82.5,83,81,81.599998,43423
2024-08-20,MELS.N0000,82,82.5,81.300003,82.5,9031
2024-08-21,MELS.N0000,83,83,81.5,81.800003,17294
2024-08-22,MELS.N0000,81.900002,82,81.900002,81.900002,211306
2024-08-23,MELS.N0000,81.900002,81.900002,81,81,121565
2024-08-26,MELS.N0000,81,81,80,80.300003,112213
2024-08-27,MELS.N0000,80.800003,80.800003,77.900002,77.900002,42123
2024-08-28,MELS.N0000,78,78,75.199997,77,200433
2024-08-29,MELS.N0000,79.5,79.5,75,77.800003,186769
2024-08-30,MELS.N0000,77,77.800003,74.699997,75,59063
2024-09-02,MELS.N0000,75.099998,77.5,74.800003,75,18955
2024-09-03,MELS.N0000,75,75,73.599998,74.5,78435
2024-09-04,MELS.N0000,75,77,74.9,76.5,175316
2024-09-05,MELS.N0000,77.300003,77.300003,75,75,28862
2024-09-06,MELS.N0000,75,76.5,74.599998,76.5,1096
2024-09-09,MELS.N0000,76,76,74.5,75,49323
2024-09-10,MELS.N0000,75,77.1,74.3,74.6,59670
2024-09-11,MELS.N0000,77.5,77.5,75,75.9,6057
2024-09-12,MELS.N0000,75.9,76.9,74.4,75,60214
2024-09-13,MELS.N0000,76,76,75.2,75.2,35117
2024-09-18,MELS.N0000,77.4,77.4,75.5,76,196089
2024-09-19,MELS.N0000,77.4,81.5,76.5,78,38377
2024-09-20,MELS.N0000,80,81.2,77,78,30076
2024-09-23,MELS.N0000,78,85,76.9,82.9,23036
2024-09-24,MELS.N0000,83,85,80,83,57922
2024-09-25,MELS.N0000,84.5,85.3,83,85.2,131892
2024-09-26,MELS.N0000,85.5,87,85,85,224637
2024-09-27,MELS.N0000,85.4,85.4,82,84.5,48251
2024-09-30,MELS.N0000,84.5,85.4,83.6,85.2,249112
2024-10-01,MELS.N0000,85,85.8,84.4,85.5,261316
2024-10-02,MELS.N0000,85.4,85.5,85,85.1,106560
2024-10-03,MELS.N0000,85,86,84.5,85,20657
2024-10-04,MELS.N0000,85,87,85,86.4,78270
2024-10-07,MELS.N0000,87,88.2,86.8,87.9,93672
2024-10-08,MELS.N0000,88,88.1,86.9,88,11379
2024-10-09,MELS.N0000,87.1,88.6,87,88.6,174020
2024-10-10,MELS.N0000,88.5,88.5,87.2,88.5,105662
2024-10-11,MELS.N0000,88.4,89.5,88.2,89.2,298382
2024-10-14,MELS.N0000,89,89.4,88,89.3,59633
2024-10-15,MELS.N0000,88.5,90.5,88.5,90,529666
2024-10-16,MELS.N0000,90.1,90.5,89.9,90,72915
2024-10-18,MELS.N0000,90.1,90.3,89.5,89.8,45851
2024-10-21,MELS.N0000,89.9,90.5,89,90,352074
2024-10-22,MELS.N0000,90.2,90.4,89.5,90.4,445929
2024-10-23,MELS.N0000,90.4,90.4,89.6,90,165947
2024-10-24,MELS.N0000,90,90.5,90,90.5,199688
2024-10-25,MELS.N0000,90.5,91.5,90.1,91,130521
2024-10-28,MELS.N0000,90.8,91.5,90.8,91.2,48510
2024-10-29,MELS.N0000,92,93.3,92,93.3,378552
2024-10-30,MELS.N0000,93,96.2,93,96,452785
2024-11-01,MELS.N0000,96,99.7,96,99.6,246756
2024-11-04,MELS.N0000,99.6,105,99.5,104,983328
2024-11-05,MELS.N0000,105,105,100,100,211057
2024-11-06,MELS.N0000,101,102,99.5,101,126611
2024-11-07,MELS.N0000,99.9,103.5,99.9,100.75,81749
2024-11-08,MELS.N0000,102.5,103,100,102,40371
2024-11-11,MELS.N0000,103,104.5,100,104.5,296279
2024-11-12,MELS.N0000,104,105.5,103.5,105,405156
2024-11-13,MELS.N0000,105.5,107.5,105,107,641072
2024-11-14,MELS.N0000,107.25,110,107.25,108,445638
2024-11-18,MELS.N0000,108.75,112.5,108.75,108.75,344209
2024-11-19,MELS.N0000,109,110,109,109.5,1343311
2024-11-20,MELS.N0000,109.25,110,107,109,116014
2024-11-21,MELS.N0000,108.5,108.5,106.5,107.25,160096
2024-11-22,MELS.N0000,106.5,110,106.5,108.25,143956
2024-11-25,MELS.N0000,109.5,109.5,106.75,108,64553
2024-11-26,MELS.N0000,107,109.5,107,108.5,45170
2024-11-27,MELS.N0000,108,108,103.25,106.5,17848
2024-11-28,MELS.N0000,104.25,107,104.25,105.5,6619
2024-11-29,MELS.N0000,105.25,106,104.25,105.75,30940
2024-12-02,MELS.N0000,105,105.5,104,105,13786
2024-12-03,MELS.N0000,104,105.5,104,105,55895
2024-12-04,MELS.N0000,105,106,104,104.75,31981
2024-12-05,MELS.N0000,104.75,107,104.75,106.5,137675
2024-12-06,MELS.N0000,106,107,105,106.75,1646065
2024-12-09,MELS.N0000,106,107.5,106,107,419202
2024-12-10,MELS.N0000,107,107,103.25,106,112142
2024-12-11,MELS.N0000,106,108.25,106,108,372463
2024-12-12,MELS.N0000,107.75,109.5,107,109.5,155692
2024-12-13,MELS.N0000,109.5,112.75,109.5,112.75,611076
2024-12-16,MELS.N0000,113,114,112,113.5,567056
2024-12-17,MELS.N0000,113.75,114,112.5,113,328863
2024-12-18,MELS.N0000,113.75,113.75,113,113.5,1070818
2024-12-19,MELS.N0000,113.5,114,113.5,114,533595
2024-12-20,MELS.N0000,113.75,117,113.75,115.5,301178
2024-12-23,MELS.N0000,115.75,118.75,115,118,175985
2024-12-24,MELS.N0000,118,118.25,117.25,118,173263
2024-12-26,MELS.N0000,118.75,118.75,117.75,118.75,277625
2024-12-27,MELS.N0000,118.75,120.5,117.5,120,396662
2024-12-30,MELS.N0000,120,124,120,122.5,227679
2024-12-31,MELS.N0000,122,125,120.5,123,230273
2025-01-02,MELS.N0000,123,128,122,125,1069583
2025-01-03,MELS.N0000,126.5,127,122,123,612859
2025-01-06,MELS.N0000,123,125,120.5,123,1418439
2025-01-07,MELS.N0000,120.5,124,118,123.5,392970
2025-01-08,MELS.N0000,123.5,127,123,124.5,434709
2025-01-09,MELS.N0000,125,125,122,122,330164
2025-01-10,MELS.N0000,122.25,123,120,123,253813
2025-01-15,MELS.N0000,122,122.5,121.75,121.75,5728
2025-01-16,MELS.N0000,122.5,123.5,122,122,120432
2025-01-17,MELS.N0000,122,123,120.25,122,1787263
2025-01-20,MELS.N0000,121,122.5,120.5,122,165127
2025-01-21,MELS.N0000,121.75,124,121,124,129743
2025-01-22,MELS.N0000,124.25,124.5,121,123,40276
2025-01-23,MELS.N0000,124,124.75,121.5,124,1089005
2025-01-24,MELS.N0000,124.5,129.75,123.5,127.75,1065060
2025-01-27,MELS.N0000,128,140,128,137.5,632964
2025-01-28,MELS.N0000,137,137,135,137,76501
2025-01-29,MELS.N0000,137,137,133,134,181341
2025-01-30,MELS.N0000,133,135,131.5,131.5,217601
2025-01-31,MELS.N0000,134,134,131,131.25,258157
2025-02-03,MELS.N0000,130.5,133.75,126.25,130.5,73686
2025-02-05,MELS.N0000,127.5,127.5,124,124,430199
2025-02-06,MELS.N0000,124,126.75,123,126,1154854
2025-02-07,MELS.N0000,126,130.25,125,130.25,678214
2025-02-10,MELS.N0000,130.25,131,129,130,721835
2025-02-11,MELS.N0000,130,130,125.25,127,408358
2025-02-13,MELS.N0000,126.25,127,126.25,127,102827
2025-02-14,MELS.N0000,127.75,134.25,127.25,132,1167215
2025-02-17,MELS.N0000,134.5,140,129,135.25,95698
2025-02-18,MELS.N0000,140,143,138,140.5,362530
2025-02-19,MELS.N0000,141.75,142,139.5,140,240888
2025-02-20,MELS.N0000,140,141,135.25,138,118959
2025-02-21,MELS.N0000,139,140,139,140,224247
2025-02-24,MELS.N0000,140,140,138,139,292902
2025-02-25,MELS.N0000,140,140,135,135.25,466483
2025-02-27,MELS.N0000,134.75,135,131.5,133.25,51646
2025-02-28,MELS.N0000,132.75,134,132,132.25,323717
2025-03-03,MELS.N0000,134.75,134.75,129,129,125597
2025-03-04,MELS.N0000,129,129,127,128,175350
2025-03-05,MELS.N0000,128,131.25,127.75,129.75,35578
2025-03-06,MELS.N0000,130,131.5,128,128,7691
2025-03-07,MELS.N0000,132,132,128,132,582212
2025-03-10,MELS.N0000,130.75,130.75,128,128,107279
2025-03-11,MELS.N0000,129.25,129.25,127,128,619082
2025-03-12,MELS.N0000,128,129,127,129,142510
2025-03-14,MELS.N0000,129,130,129,129.25,1048
2025-03-17,MELS.N0000,129.5,129.5,125,126,33177
2025-03-18,MELS.N0000,125,125,123,123,75666
2025-03-19,MELS.N0000,123,126,123,124.75,12191
2025-03-20,MELS.N0000,125,127,125,127,16504
2025-03-21,MELS.N0000,125,130,125,130,14172
2025-03-24,MELS.N0000,130,130,127,128,111417
2025-03-25,MELS.N0000,128,128,127,128,650
2025-03-26,MELS.N0000,129.75,130,126,129,4928
2025-03-27,MELS.N0000,129.75,129.75,127,129.25,5147
2025-03-28,MELS.N0000,129.75,129.75,125,127,12631
2025-04-01,MELS.N0000,129.5,132.5,129,132.5,48941
2025-04-02,MELS.N0000,134,135,132.5,132.5,237727
2025-04-03,MELS.N0000,132,132,127,128.5,29990
2025-04-04,MELS.N0000,128,128,125.25,127.5,60774
2025-04-07,MELS.N0000,125.25,125.25,117.5,120,193429
2025-04-08,MELS.N0000,120.25,125.75,120.25,124.5,61770
2025-04-09,MELS.N0000,123.25,125.75,123,123,34937
2025-04-10,MELS.N0000,125,140,125,129,419792
2025-04-11,MELS.N0000,129,129,126.5,128.75,1017
2025-04-16,MELS.N0000,129,129,128.5,129,11733
2025-04-17,MELS.N0000,129,129,126,128.25,21894
2025-04-21,MELS.N0000,128.25,128.5,126.25,127.75,13916
2025-04-22,MELS.N0000,128,128.5,126,128.5,53285
2025-04-23,MELS.N0000,128.5,128.5,126,126,4908
2025-04-24,MELS.N0000,126.5,127.5,126.5,127.5,726
2025-04-25,MELS.N0000,128,128.5,127.5,128.5,12743
2025-04-28,MELS.N0000,129,129,128.5,129,14012
2025-04-29,MELS.N0000,129,131,128,128.25,134425
2025-04-30,MELS.N0000,128.25,132.25,128,132.25,154870
2025-05-02,MELS.N0000,131.5,132.75,131.25,131.75,11066
2025-05-05,MELS.N0000,132.25,132.75,132,132,107114
2025-05-06,MELS.N0000,132,134,132,133.5,10873
2025-05-07,MELS.N0000,134,134,133,133,15261
2025-05-08,MELS.N0000,134,134.75,133,134,374534
2025-05-09,MELS.N0000,134.75,135,134.75,134.75,16323
2025-05-14,MELS.N0000,135,138.5,134,137.75,18125
2025-05-15,MELS.N0000,137.75,141,137.75,140.75,234740
2025-05-16,MELS.N0000,141,143,140,140.75,67297
2025-05-19,MELS.N0000,141.25,142,140.75,140.75,32839
2025-05-20,MELS.N0000,141,141,140,140.5,132721
2025-05-21,MELS.N0000,140,140.5,140,140,45533
2025-05-22,MELS.N0000,140,148,140,145,117821
2025-05-23,MELS.N0000,145,147,144.5,145,858674
2025-05-26,MELS.N0000,146,146,143.25,145.75,178473
2025-05-27,MELS.N0000,145,148,145,146,56348
2025-05-28,MELS.N0000,148,148.75,145.25,147.5,260625
2025-05-29,MELS.N0000,147.5,148.5,145.75,147,68042
2025-05-30,MELS.N0000,148,149,145.5,148.25,121232
2025-06-02,MELS.N0000,149,149,146,147,179209
2025-06-03,MELS.N0000,146,147.5,145,147.5,294038
2025-06-04,MELS.N0000,147,148,145,145.5,36608
2025-06-05,MELS.N0000,145.5,147,145.25,145.5,104926
2025-06-06,MELS.N0000,145.5,146.5,145,146,307874
2025-06-09,MELS.N0000,146,146,144.25,144.5,8483
2025-06-11,MELS.N0000,146,146.5,145,146.25,308194
2025-06-12,MELS.N0000,146,146.5,144.75,145.75,80994
2025-06-13,MELS.N0000,144,144,140,143,182678
2025-06-16,MELS.N0000,141,145,135,143,326455
2025-06-17,MELS.N0000,141.5,145.75,141.5,144.75,472862
2025-06-18,MELS.N0000,142.5,144.5,142.5,144,159104
2025-06-19,MELS.N0000,142.75,144,142,143,283469
2025-06-20,MELS.N0000,144.25,144.25,142,142.75,17659
2025-06-23,MELS.N0000,140,142,139.25,139.25,255740
2025-06-24,MELS.N0000,141,144.5,141,143.75,195164
2025-06-25,MELS.N0000,144,146,144,145.75,428196
2025-06-26,MELS.N0000,145.75,146,145,146,186937
2025-06-27,MELS.N0000,146,147,145,147,92262
2025-06-30,MELS.N0000,146.5,146.5,146,146,20149
2025-07-01,MELS.N0000,146.5,147,146.5,147,15868
2025-07-02,MELS.N0000,147,148,147,148,28949
2025-07-03,MELS.N0000,147.5,148,145,147.75,85696
2025-07-04,MELS.N0000,148.5,150,146,149.75,168909
2025-07-07,MELS.N0000,149.25,149.75,146,147.5,421575
2025-07-08,MELS.N0000,146,149,145.75,145.75,12353
2025-07-09,MELS.N0000,145,148.5,145,147,53172
2025-07-11,MELS.N0000,148,148.75,147,148.75,107542
2025-07-14,MELS.N0000,149,154,147.75,154,193218
2025-07-15,MELS.N0000,155,155,152,153,39709
2025-07-16,MELS.N0000,153,153.5,151,151,9180
2025-07-17,MELS.N0000,151,151,148,148.75,40075
2025-07-18,MELS.N0000,149.5,151,149,150,47878
2025-07-21,MELS.N0000,150,151,149,149.5,30145
2025-07-22,MELS.N0000,150,150,148,148.25,12599
2025-07-23,MELS.N0000,148.75,149.5,148.25,148.75,63215
2025-07-24,MELS.N0000,148.5,149.75,148.5,149.5,85690
2025-07-25,MELS.N0000,149.5,151.5,149,150.5,56367
2025-07-28,MELS.N0000,152,154,150.75,152,144209
2025-07-29,MELS.N0000,152,155.5,152,155,530577
2025-07-30,MELS.N0000,155.5,163,155,159.5,232245
2025-07-31,MELS.N0000,159,162,158.5,159,265228
2025-08-01,MELS.N0000,159,160,158,159.5,92536
2025-08-04,MELS.N0000,160,160,155,156.5,110110
2025-08-05,MELS.N0000,154.25,160,154.25,156,125087
2025-08-06,MELS.N0000,158.5,159,156.5,157,244562
2025-08-07,MELS.N0000,157,159.75,156.5,156.75,29397
2025-08-11,MELS.N0000,158,158.5,157.5,158,343573
2025-08-12,MELS.N0000,158.5,158.5,156.5,158,31598
2025-08-13,MELS.N0000,158.5,159,158,158.5,28118
2025-08-14,MELS.N0000,159,159,158,158,19427
2025-08-15,MELS.N0000,158,161,157.5,160,186440
2025-08-18,MELS.N0000,161,165.5,160,165,530686
2025-08-19,MELS.N0000,165,165.25,163,163,37757
2025-08-20,MELS.N0000,163,165,163,164,78093
2025-08-21,MELS.N0000,164,165,163.5,164,8448
2025-08-22,MELS.N0000,165,165,162,162,221851
2025-08-25,MELS.N0000,162,164.75,160,162.75,39203
2025-08-26,MELS.N0000,162.75,163,161.5,162,10907
2025-08-27,MELS.N0000,162.75,164.75,162,162,30398
2025-08-28,MELS.N0000,162.5,164,161,163,12299
2025-08-29,MELS.N0000,163.5,163.5,160.75,163,19176
2025-09-01,MELS.N0000,163,165,162.75,163,154225
2025-09-02,MELS.N0000,163,165,163,164.5,47303
2025-09-03,MELS.N0000,164,165,163.5,165,194002
2025-09-04,MELS.N0000,165.25,165.25,165,165,50610
2025-09-08,MELS.N0000,164.75,165.25,164.5,164.75,40813
2025-09-09,MELS.N0000,164.75,164.75,163.5,163.5,198042
2025-09-10,MELS.N0000,163.5,163.5,162,162.75,31573
2025-09-11,MELS.N0000,163.5,164.5,160.25,160.25,33618
2025-09-12,MELS.N0000,161.25,161.25,159,159,14935
2025-09-15,MELS.N0000,159,159,156.5,156.5,8125
2025-09-16,MELS.N0000,159,159,155,155.25,12150
2025-09-17,MELS.N0000,158,158,157.5,158,21969
2025-09-18,MELS.N0000,159,159.75,157.75,159.75,12354
2025-09-19,MELS.N0000,160,162.75,159.25,161,68759
2025-09-22,MELS.N0000,162.5,162.75,161.5,162.75,4161
2025-09-23,MELS.N0000,162.75,162.75,161,162,50803
2025-09-24,MELS.N0000,162,166,161,165.25,148329
2025-09-25,MELS.N0000,166,166,163.75,164,768101
2025-09-26,MELS.N0000,165,167,165,165.75,2117836
2025-09-29,MELS.N0000,165.75,169,165.25,169,445467
2025-09-30,MELS.N0000,169,172.5,167,170,405192
2025-10-01,MELS.N0000,171,174,171,174,573498
2025-10-02,MELS.N0000,174.75,182,174.5,182,1279725
2025-10-03,MELS.N0000,182,195.5,182,191.75,353107
2025-10-07,MELS.N0000,192,195,192,193,515038
2025-10-08,MELS.N0000,194,194,189.5,193,501166
2025-10-09,MELS.N0000,189.75,193,189.5,190,155860
2025-10-10,MELS.N0000,191.5,192,188.5,191.75,479477
2025-10-13,MELS.N0000,191.5,192,187,192,253234
2025-10-14,MELS.N0000,191.75,194,191,193,152758
2025-10-15,MELS.N0000,192.75,194.5,191,192.75,377326
2025-10-16,MELS.N0000,193,193,189.75,191,270086
2025-10-17,MELS.N0000,190,191.5,188.25,191,107643
2025-10-21,MELS.N0000,191,191,190,191,134289
2025-10-22,MELS.N0000,190.5,191.5,190.25,191,391361
2025-10-23,MELS.N0000,191.5,194.25,191,192.75,280350
2025-10-24,MELS.N0000,192.75,192.75,190,192,430867
2025-10-27,MELS.N0000,191,192,190.5,192,291868
2025-10-28,MELS.N0000,192,192,190.25,191,191168
2025-10-29,MELS.N0000,191,192,190.75,191,143668
2025-10-30,MELS.N0000,191,192,189,189,334347
2025-10-31,MELS.N0000,190,194.75,188,190,170412
2025-11-03,MELS.N0000,190,192.75,190,191,125785
2025-11-04,MELS.N0000,191,191,189,189.75,186148
2025-11-06,MELS.N0000,189.75,191,188,188,80571
2025-11-07,MELS.N0000,189.75,190,189,190,196430
2025-11-10,MELS.N0000,190,192.75,189,192,830379
2025-11-11,MELS.N0000,192.75,192.75,191,192.5,20431
2025-11-12,MELS.N0000,192.5,192.5,191,191,44976
2025-11-13,MELS.N0000,192,192,191,191,167401
2025-11-14,MELS.N0000,192,192,186.5,186.5,18015
2025-11-17,MELS.N0000,187,190,184,185.25,89588
2025-11-18,MELS.N0000,186,186,185,185,186848
2025-11-19,MELS.N0000,184.75,185,184,185,42799
2025-11-20,MELS.N0000,185.5,185.5,183,184,640316
2025-11-21,MELS.N0000,183,184.25,182.5,182.5,74529
2025-11-24,MELS.N0000,184.25,184.25,181.25,181.25,26292
2025-11-25,MELS.N0000,182,185.5,181,182,373049
2025-11-26,MELS.N0000,190,190,182,183.75,391156
2025-11-27,MELS.N0000,184,184,182.75,183,37710
2025-11-28,MELS.N0000,183,184,182,184,63073
2025-12-01,MELS.N0000,182,183,177.75,180,229501
2025-12-02,MELS.N0000,178,181.25,178,178.75,596963
2025-12-03,MELS.N0000,178,178,174,176,97602
2025-12-05,MELS.N0000,175.25,176,172.75,172.75,126937
2025-12-08,MELS.N0000,175,175,172.5,173.75,51304
2025-12-09,MELS.N0000,174.5,175,173,174.75,119201
2025-12-10,MELS.N0000,175,175,173.5,175,288240
2025-12-11,MELS.N0000,175,175,174,174.5,214738
2025-12-12,MELS.N0000,175,175,173.5,173.5,112806
2025-12-15,MELS.N0000,173.5,174,172,172.75,100303
2025-12-16,MELS.N0000,179.5,179.5,173.5,174,81531
2025-12-17,MELS.N0000,174.75,175,173.25,174,18483
2025-12-18,MELS.N0000,175,175,172,172,77935
2025-12-19,MELS.N0000,175,175,170,171,246556
2025-12-22,MELS.N0000,171,174,169.25,170,261514
2025-12-23,MELS.N0000,170,170,168.5,168.5,60648
2025-12-24,MELS.N0000,170,170,166,169,38174
2025-12-26,MELS.N0000,167,168,166.5,167,103353
2025-12-29,MELS.N0000,167,167,166.25,166.25,70655
2025-12-30,MELS.N0000,167,179.25,165.75,173,75366
2025-12-31,MELS.N0000,178,178,173.5,174,408754
2026-01-02,MELS.N0000,175,177.25,173.5,177.25,590422
2026-01-05,MELS.N0000,177.25,178.25,174.5,174.5,182000
2026-01-06,MELS.N0000,175.75,179,175.75,176.25,102793
2026-01-07,MELS.N0000,178,179.25,178,179.25,476
2026-01-08,MELS.N0000,179.25,179.75,177.5,178,135649
2026-01-09,MELS.N0000,179.75,179.75,175,175,277690
2026-01-12,MELS.N0000,176.5,178,175.5,176,291175
2026-01-13,MELS.N0000,176,178,174.75,176.5,1147284
2026-01-14,MELS.N0000,178,181,176,180,276012
2026-01-16,MELS.N0000,180,180,179,180,179326
2026-01-19,MELS.N0000,183,183,180,180,274939
2026-01-20,MELS.N0000,183,183,180,181,153721
2026-01-21,MELS.N0000,181.5,183,179.25,180,522793
2026-01-22,MELS.N0000,181,181,179.5,180,99973
2026-01-23,MELS.N0000,180,184.5,179.5,181,149582
2026-01-26,MELS.N0000,181.75,186,181.75,185.5,855110
2026-01-27,MELS.N0000,186,186,184.5,185,129311
2026-01-28,MELS.N0000,186.5,186.5,185,186,23635
2026-01-29,MELS.N0000,186,186.5,183.25,184.75,139922
2026-01-30,MELS.N0000,183.5,185,183,184.5,29015
2026-02-02,MELS.N0000,184.25,184.25,180,181.5,36253
2026-02-03,MELS.N0000,181,183,180,180.75,37622
2026-02-05,MELS.N0000,180.75,180.75,179.5,179.5,109239
2026-02-06,MELS.N0000,179.5,180,179,179.5,21531
2026-02-09,MELS.N0000,180,184,179.75,182,41938
2026-02-10,MELS.N0000,181.25,183.75,180.75,181.5,56661
2026-02-11,MELS.N0000,182,182,180.5,181.5,158448
2026-02-12,MELS.N0000,181.5,182,179.5,181,35843
2026-02-13,MELS.N0000,181,182,179.5,182,80322
2026-02-16,MELS.N0000,182.75,182.75,180,181,7441
2026-02-17,MELS.N0000,181,182.5,181,182,92062
2026-02-18,MELS.N0000,183,183,181.75,182,100916
2026-02-19,MELS.N0000,184,185,182.25,182.25,263465
2026-02-20,MELS.N0000,183.5,183.5,180,180,45923
2026-02-23,MELS.N0000,180,184.75,180,184,12044
2026-02-24,MELS.N0000,184,184,180,182,32019
2026-02-25,MELS.N0000,182,184,180.5,183.25,208280
2026-02-26,MELS.N0000,183.5,184,182,183.75,20793
2026-02-27,MELS.N0000,184,184.75,182,184.75,48139
2026-03-03,MELS.N0000,181,181.75,175,175,189552
2026-03-04,MELS.N0000,176.5,176.75,174.5,175,95416
2026-03-05,MELS.N0000,175.5,177,173.5,173.5,27754
2026-03-06,MELS.N0000,174.75,175,172.75,174.5,18316
2026-03-09,MELS.N0000,174,174,160,172,73198
2026-03-10,MELS.N0000,170.25,174,169.75,173.25,16245
2026-03-11,MELS.N0000,173,175,170,170,59862
2026-03-12,MELS.N0000,169.75,170,166.25,166.75,49282
2026-03-13,MELS.N0000,170,170,164,165,47708
2026-03-16,MELS.N0000,164.25,165,158.5,165,31528
2026-03-17,MELS.N0000,164,168,163,163.5,158179
2026-03-18,MELS.N0000,162,167,161,166,89445
2026-03-19,MELS.N0000,165,165,162,162,218995
2026-03-20,MELS.N0000,161.75,166,161.75,166,22809
2026-03-23,MELS.N0000,165,165,162,164,35074
2026-03-24,MELS.N0000,165,171.75,164,165,642768
2026-03-25,MELS.N0000,168,175,168,173.25,152755
2026-03-26,MELS.N0000,172.75,172.75,168,169,43538
2026-03-27,MELS.N0000,172,172,169,170.5,5409
2026-03-30,MELS.N0000,170,170,166.75,167,7683
2026-03-31,MELS.N0000,167,169.5,165.25,168,8490
2026-04-02,MELS.N0000,168,172,167.5,172,91302
2026-04-06,MELS.N0000,173,173.25,167.5,169.5,31448
2026-04-07,MELS.N0000,172,172,167,171,10579
2026-04-08,MELS.N0000,174.75,175.25,172,175.25,19706
2026-04-09,MELS.N0000,174.5,174.5,173,174.5,11341
2026-04-10,MELS.N0000,178.25,179,177,177,8321
2026-04-15,MELS.N0000,179,181,177.5,180,35467
2026-04-16,MELS.N0000,180,180,179.75,180,31832
2026-04-17,MELS.N0000,180.5,180.75,179,179.75,21697
2026-04-20,MELS.N0000,179.5,181,179,180.25,136737
2026-04-21,MELS.N0000,181,182.5,180.5,182.25,58186
2026-04-22,MELS.N0000,182.5,183.5,182.5,183.5,143453
2026-04-23,MELS.N0000,183.5,183.5,182.5,183.25,64480
2026-04-24,MELS.N0000,183.5,183.75,182,182.75,16856
2026-04-27,MELS.N0000,182.75,183.75,182.5,183.25,22118
2026-04-28,MELS.N0000,185,185,183,183,24174
2026-04-29,MELS.N0000,184.25,184.25,183,183.75,84379
2026-04-30,MELS.N0000,184,184,182,182,561216
2026-05-04,MELS.N0000,183,185.75,182.5,185,183016
2026-05-05,MELS.N0000,186,186.75,185,186,39710
2026-05-06,MELS.N0000,186.75,189,186,187.25,25231
2026-05-07,MELS.N0000,187.5,189,187,188.75,72376
2026-05-08,MELS.N0000,188.75,189,187,188.25,198663
2026-05-11,MELS.N0000,188,190.25,187,190.25,68933
2026-05-12,MELS.N0000,190,193.25,188,192,563398
2026-05-13,MELS.N0000,192,192,190,191,13204
2026-05-14,MELS.N0000,190,191.75,190,190,64736
2026-05-15,MELS.N0000,190,191,188,190.5,2422
2026-05-18,MELS.N0000,190,190,188,188,528778
2026-05-19,MELS.N0000,187.75,189.5,187,189.5,316259
2026-05-20,MELS.N0000,190,190,182,182,39063
2026-05-21,MELS.N0000,182,186.5,181.5,184.25,124934
2026-05-22,MELS.N0000,184,188.5,184,186.75,263485
2026-05-25,MELS.N0000,187,188,186.25,187.5,31288
2026-05-26,MELS.N0000,186.5,186.5,185,186,83836
2026-05-27,MELS.N0000,185.5,186.5,185.25,186.5,87722
2026-05-29,MELS.N0000,186.25,189,185,188.5,2755
2026-06-01,MELS.N0000,188.5,189,186.75,188,34928
2026-06-02,MELS.N0000,190,190,186,186,45593
2026-06-03,MELS.N0000,186.25,187,184.5,184.75,34669
2026-06-04,MELS.N0000,185,185,181.5,184,32987
2026-06-05,MELS.N0000,184,184,180,183.25,16357
2026-06-08,MELS.N0000,182.5,183,177,177.5,113253
2026-06-09,MELS.N0000,183.5,183.5,178,179,110833
2026-06-10,MELS.N0000,180,182.75,177,177,14577
2026-06-11,MELS.N0000,183.25,183.25,177.5,178.5,1106
2026-06-12,MELS.N0000,180,181,179.75,179.75,8511
2026-06-15,MELS.N0000,181,188,181,187,44010
2026-06-16,MELS.N0000,187.5,188,185,186,101259
2026-06-17,MELS.N0000,186,186,184.75,185,51358
2026-06-18,MELS.N0000,185.5,187,185,186,70381
2026-06-19,MELS.N0000,186.25,189,186.25,187.75,26353
2026-06-22,MELS.N0000,188,188,186.5,188,5634
2026-06-23,MELS.N0000,188,189,186,186.25,14059
2026-06-24,MELS.N0000,186.25,187.5,185.75,186.75,65315
2026-06-25,MELS.N0000,189,189,186.5,188,140162
2026-06-26,MELS.N0000,189,190,187.5,188.75,64739
2026-06-30,MELS.N0000,189,190,188,189,49940
2026-07-01,MELS.N0000,189.25,191.5,189.25,190.5,6993
2026-07-02,MELS.N0000,191,192,191,191.75,9724
2026-07-03,MELS.N0000,191.5,192,191,191,16459
2026-07-06,MELS.N0000,191,191.75,190,191.25,12482
2026-07-07,MELS.N0000,191,191,188.75,188.75,73831
2026-07-08,MELS.N0000,187.25,189,186,189,17831
2026-07-09,MELS.N0000,189,189,180,183.5,644226
2026-07-10,MELS.N0000,185.75,185.75,185,185,21946
2026-07-13,MELS.N0000,185.25,185.25,182.5,184,11687
2026-07-14,MELS.N0000,182.5,182.5,181,182,19207
2026-07-15,MELS.N0000,181.25,182.5,181.25,182.25,8716
2026-07-16,MELS.N0000,182,185,182,182,7344
2026-07-17,MELS.N0000,184,184,182,182.5,6338
2026-07-20,MELS.N0000,184,184,181.5,182,3647
2026-07-21,MELS.N0000,182,182,181,181.25,6232
2026-07-22,MELS.N0000,182,182,180,181,12505
2026-07-23,MELS.N0000,181,181.5,179.25,181.25,256353
2026-07-24,MELS.N0000,181.25,181.5,180,181.25,5341
2026-07-27,MELS.N0000,181.5,181.5,178,180,105882
