date,usd_lkr,usd_lkr_ret_1,usd_lkr_ret_5,usd_lkr_ret_20,usd_lkr_vol_20
2010-05-07,113.6975,,,,
2010-05-11,113.6292,-0.000601,,,
2010-05-12,113.6854,0.000495,,,
2010-05-13,113.7009,0.000136,,,
2010-05-14,113.6573,-0.000383,,,
2010-06-01,113.8271,0.001494,0.00114,,
2010-06-02,113.7567,-0.000618,0.001122,,
2010-06-14,113.5446,-0.001865,-0.001239,,
2010-06-15,113.572,0.000241,-0.001134,,
2010-06-22,113.4625,-0.000964,-0.001714,,
2010-07-01,113.5897,0.001121,-0.002086,,
2010-07-14,113.1292,-0.004054,-0.005516,,
2010-07-19,112.7252,-0.003571,-0.007217,,
2010-07-30,112.5618,-0.00145,-0.008895,,
2010-08-13,112.3888,-0.001537,-0.009463,,
2010-08-27,112.6058,0.001931,-0.008662,,
2010-08-31,112.6897,0.000745,-0.003885,,
2010-09-14,112.6132,-0.000679,-0.000994,,
2010-09-15,112.5431,-0.000622,-0.000166,,
2010-09-21,112.5442,1e-05,0.001383,,
2010-09-27,112.3064,-0.002113,-0.002659,-0.012235,0.001536
2010-10-13,111.9335,-0.00332,-0.00671,-0.014923,0.001651
2010-11-09,111.5154,-0.003735,-0.009748,-0.019088,0.001751
2010-11-10,111.5843,0.000618,-0.008519,-0.018616,0.00177
2010-11-11,111.6845,0.000898,-0.007639,-0.017357,0.001813
2010-11-12,111.6,-0.000757,-0.00629,-0.019566,0.001727
2010-11-15,111.685,0.000762,-0.00222,-0.018212,0.001769
2010-11-16,111.6964,0.000102,0.001623,-0.016277,0.001768
2010-11-24,111.3637,-0.002979,-0.001977,-0.019444,0.001813
2010-11-25,111.2437,-0.001078,-0.003947,-0.019555,0.001813
2011-01-20,110.8124,-0.003877,-0.007057,-0.02445,0.001851
2011-01-21,110.9594,0.001327,-0.006497,-0.01918,0.001811
2011-01-24,111.0139,0.000491,-0.00611,-0.015181,0.001729
2011-01-25,110.9216,-0.000831,-0.00397,-0.014572,0.001722
2011-01-26,110.9091,-0.000113,-0.003008,-0.013166,0.001716
2011-01-27,111.0493,0.001264,0.002138,-0.013823,0.001669
2011-01-28,111.0536,3.9e-05,0.000849,-0.014519,0.001644
2011-01-31,111.1007,0.000424,0.000782,-0.013431,0.001664
2011-02-07,110.892,-0.001878,-0.000267,-0.014671,0.001686
2011-02-08,110.9812,0.000804,0.00065,-0.013888,0.001713
2011-02-09,110.9969,0.000141,-0.000472,-0.01166,0.001689
2011-02-10,110.9721,-0.000223,-0.000734,-0.008589,0.001563
2011-02-11,110.9815,8.5e-05,-0.001073,-0.004788,0.001357
2011-02-14,111.0387,0.000515,0.001323,-0.00489,0.001354
2011-02-15,111.0909,0.00047,0.000988,-0.005315,0.001339
2011-02-18,111.0037,-0.000785,6.1e-05,-0.005343,0.001339
2011-02-28,110.7909,-0.001917,-0.001633,-0.008006,0.001364
2011-03-07,110.5135,-0.002504,-0.004217,-0.01059,0.001436
2011-03-10,110.007,-0.004583,-0.009291,-0.012183,0.001614
2011-03-11,110.0047,-2.1e-05,-0.009778,-0.011138,0.001615
2011-03-15,110.1845,0.001634,-0.00738,-0.005666,0.001484
2011-03-16,110.3852,0.001821,-0.003662,-0.005175,0.001516
2011-03-17,110.332,-0.000482,-0.001642,-0.006142,0.001506
2011-03-18,110.3397,7e-05,0.003024,-0.005246,0.001503
2011-03-21,110.3638,0.000218,0.003264,-0.004917,0.001507
2011-03-22,110.3873,0.000213,0.001841,-0.005961,0.001469
2011-03-23,110.3683,-0.000172,-0.000153,-0.006171,0.001468
2011-03-24,110.3891,0.000188,0.000518,-0.006405,0.001462
2011-03-25,110.3928,3.4e-05,0.000481,-0.004502,0.001417
2011-03-28,110.3578,-0.000317,-5.4e-05,-0.005617,0.001396
2011-03-29,110.3923,0.000313,4.5e-05,-0.005447,0.001399
2011-03-30,110.3987,5.8e-05,0.000275,-0.005167,0.001401
2011-03-31,110.3929,-5.3e-05,3.4e-05,-0.005304,0.0014
2011-04-01,110.3969,3.6e-05,3.7e-05,-0.00578,0.00139
2011-04-04,110.2816,-0.001044,-0.00069,-0.007285,0.001388
2011-04-05,110.3963,0.00104,3.6e-05,-0.005472,0.001418
2011-04-06,110.3592,-0.000336,-0.000358,-0.003897,0.001365
2011-04-11,110.3789,0.000179,-0.000127,-0.001218,0.001253
2011-04-12,110.3112,-0.000613,-0.000776,0.002765,0.000684
2011-04-18,110.3731,0.000561,0.00083,0.003349,0.00069
2011-04-19,110.3842,0.000101,-0.00011,0.001812,0.000597
2011-04-20,110.3852,9e-06,0.000236,0.0,0.000436
2011-04-21,110.3004,-0.000768,-0.000711,-0.000286,0.000457
2011-04-25,110.2025,-0.000888,-0.000985,-0.001243,0.000496
2011-04-26,110.1952,-6.6e-05,-0.001612,-0.001528,0.000492
2011-04-28,110.1582,-0.000336,-0.002047,-0.002075,0.00049
2011-04-29,109.8512,-0.002787,-0.004838,-0.004685,0.000775
2011-05-03,109.9071,0.000509,-0.003566,-0.004366,0.000788
2011-05-04,109.7815,-0.001143,-0.00382,-0.005537,0.000812
2011-05-05,109.7434,-0.000347,-0.0041,-0.005567,0.000812
2011-05-06,109.713,-0.000277,-0.004041,-0.006154,0.0008
2011-05-09,109.7957,0.000754,-0.000505,-0.005462,0.000831
2011-05-10,109.7751,-0.000188,-0.001201,-0.005596,0.00083
2011-05-11,109.7756,5e-06,-5.4e-05,-0.005628,0.000829
2011-05-12,109.7233,-0.000476,-0.000183,-0.005062,0.000811
2011-05-13,109.7469,0.000215,0.000309,-0.005882,0.000761
2011-05-16,109.7768,0.000272,-0.000172,-0.005277,0.000772
2011-05-19,109.7921,0.000139,0.000155,-0.005316,0.00077
2011-05-20,109.7898,-2.1e-05,0.000129,-0.004727,0.000768
2011-05-23,109.7941,3.9e-05,0.000645,-0.005246,0.000748
2011-05-24,109.8971,0.000938,0.001369,-0.004413,0.000791
2011-05-30,109.8797,-0.000158,0.000937,-0.004579,0.00079
2011-05-31,109.7618,-0.001073,-0.000276,-0.004883,0.000804
2011-06-01,109.6599,-0.000928,-0.001183,-0.004924,0.000805
2011-06-02,109.6835,0.000215,-0.001007,-0.004644,0.000811
2011-06-03,109.7485,0.000593,-0.001352,-0.003719,0.000831
2011-06-06,109.7186,-0.000272,-0.001466,-0.001207,0.000564
2011-06-07,109.6122,-0.00097,-0.001363,-0.002683,0.000582
2011-06-08,109.6026,-8.8e-05,-0.000523,-0.00163,0.000532
2011-06-09,109.4853,-0.00107,-0.001807,-0.002352,0.000574
2011-06-13,109.4892,3.6e-05,-0.002363,-0.00204,0.000573
2011-06-14,109.4597,-0.000269,-0.00236,-0.00306,0.000538
2011-06-16,109.5289,0.000632,-0.00076,-0.002243,0.000565
2011-06-17,109.5673,0.000351,-0.000322,-0.001898,0.000574
2011-06-21,109.5741,6.2e-05,0.000811,-0.00136,0.000568
2011-06-23,109.5713,-2.6e-05,0.00075,-0.0016,0.000564
2011-06-24,109.5992,0.000255,0.001274,-0.001618,0.000564
2011-06-27,109.5917,-6.8e-05,0.000573,-0.001825,0.000561
2011-06-29,109.6954,0.000946,0.001169,-0.00086,0.000608
2011-06-30,109.6071,-0.000805,0.000301,-0.001703,0.00063
2011-07-01,109.5037,-0.000943,-0.000617,-0.00358,0.00061
2011-07-04,109.5021,-1.5e-05,-0.000886,-0.003436,0.000611
2011-07-05,109.4982,-3.6e-05,-0.000853,-0.002402,0.000573
2011-07-06,109.4987,5e-06,-0.001793,-0.00147,0.000541
2011-07-07,109.4998,1e-05,-0.000979,-0.001675,0.000537
2011-07-08,109.5,2e-06,-3.4e-05,-0.002264,0.000514
2011-07-11,109.4995,-5e-06,-2.4e-05,-0.001997,0.000513
2011-07-12,109.5,5e-06,1.6e-05,-0.001024,0.00047
2011-07-13,109.5748,0.000683,0.000695,-0.000254,0.000498
2011-07-15,109.6,0.00023,0.000915,0.001048,0.000433
2011-07-18,109.4967,-0.000943,-3e-05,6.8e-05,0.000487
2011-07-19,109.4981,1.3e-05,-1.3e-05,0.000351,0.000483
2011-07-20,109.4968,-1.2e-05,-2.9e-05,-0.000293,0.000461
2011-07-21,109.496,-7e-06,-0.000719,-0.000651,0.000453
2011-07-22,109.485,-0.0001,-0.001049,-0.000813,0.000452
2011-07-25,109.4642,-0.00019,-0.000297,-0.000977,0.000454
2011-07-26,109.4919,0.000253,-5.7e-05,-0.000979,0.000454
2011-07-27,109.4883,-3.3e-05,-7.8e-05,-0.000944,0.000454
2011-07-28,109.4665,-0.000199,-0.000269,-0.002087,0.000389
2011-07-29,109.4881,0.000197,2.8e-05,-0.001086,0.000358
2011-08-01,109.4789,-8.4e-05,0.000134,-0.000226,0.000291
2011-08-02,109.4944,0.000142,2.3e-05,-7e-05,0.000293
2011-08-03,109.5813,0.000794,0.000849,0.000759,0.000342
2011-08-04,109.6669,0.000781,0.001831,0.001536,0.00038
2011-08-05,109.6625,-4e-05,0.001593,0.001486,0.000381
2011-08-08,109.7149,0.000478,0.002156,0.001963,0.000391
2011-08-09,109.7747,0.000545,0.00256,0.002513,0.000402
2011-08-10,109.7871,0.000113,0.001878,0.002622,0.000401
2011-08-11,109.7393,-0.000435,0.00066,0.001501,0.000398
2011-08-12,109.7137,-0.000233,0.000467,0.001037,0.000402
2011-08-15,109.6805,-0.000303,-0.000314,0.001679,0.00034
2011-08-16,109.8082,0.001164,0.000305,0.002832,0.000416
2011-08-18,109.9,0.000836,0.001028,0.003682,0.000442
2011-08-19,109.9277,0.000252,0.001717,0.003943,0.00044
2011-08-22,109.9716,0.000399,0.002351,0.004444,0.000436
2011-08-23,109.9712,-4e-06,0.00265,0.004632,0.000429
2011-08-24,109.9844,0.00012,0.001605,0.004498,0.00043
2011-08-29,109.9907,5.7e-05,0.000825,0.004589,0.000427
2011-08-30,109.8934,-0.000885,-0.000312,0.0039,0.000487
2011-09-01,109.8998,5.8e-05,-0.000653,0.00376,0.000488
2011-09-05,109.9931,0.000849,0.000199,0.004697,0.000505
2011-09-06,110.089,0.000872,0.000951,0.00543,0.000524
2011-09-07,110.1031,0.000128,0.001022,0.004762,0.00051
2011-09-08,110.1931,0.000817,0.002727,0.004798,0.000512
2011-09-12,110.1116,-0.00074,0.001927,0.004095,0.000554
2011-09-13,110.0893,-0.000203,0.000875,0.003412,0.000557
2011-09-14,110.1,9.7e-05,0.0001,0.002963,0.00055
2011-09-15,110.0783,-0.000197,-0.000225,0.002652,0.000556
2011-09-16,110.0862,7.2e-05,-0.00097,0.003161,0.00054
2011-09-19,110.0936,6.7e-05,-0.000163,0.003463,0.000532
2011-09-20,110.1,5.8e-05,9.7e-05,0.003825,0.000522
2011-09-22,110.1853,0.000775,0.000775,0.003434,0.00049
2011-09-23,110.2953,0.000998,0.001971,0.003597,0.000502
2011-09-26,110.3,4.3e-05,0.001942,0.003387,0.000503
2011-09-28,110.2995,-5e-06,0.00187,0.002982,0.000501
2011-09-29,110.1958,-0.00094,0.00087,0.002042,0.000557
2011-09-30,110.192,-3.4e-05,6.1e-05,0.001888,0.000558
2011-10-03,110.1927,6e-06,-0.00093,0.001837,0.000558
2011-10-04,110.1988,5.5e-05,-0.000917,0.002779,0.000509
2011-10-05,110.1992,4e-06,-0.000909,0.002724,0.000509
2011-10-12,110.1903,-8.1e-05,-5e-05,0.001793,0.000483
2011-10-13,110.1986,7.5e-05,6e-05,0.000996,0.000446
2011-10-17,110.2,1.3e-05,6.6e-05,0.00088,0.000446
2011-10-18,110.1957,-3.9e-05,-2.8e-05,2.4e-05,0.000407
2011-10-19,110.1982,2.3e-05,-9e-06,0.000786,0.000368
2011-10-20,110.1979,-3e-06,6.9e-05,0.000986,0.000364
2011-10-21,110.2,1.9e-05,1.3e-05,0.000908,0.000364
2011-11-09,110.2,0.0,0.0,0.001106,0.000359
2011-11-14,110.2,0.0,3.9e-05,0.001034,0.000359
2011-11-24,114.049,0.034927,0.034944,0.035928,0.007807
2011-12-01,113.8992,-0.001313,0.033588,0.034507,0.007829
2011-12-02,113.9,7e-06,0.033575,0.033713,0.007836
2011-12-05,113.9,0.0,0.033575,0.032682,0.007843
2011-12-06,113.9,0.0,0.033575,0.032638,0.007844
2011-12-07,113.9,0.0,-0.001306,0.032643,0.007844
2011-12-08,113.8997,-3e-06,4e-06,0.033612,0.00783
2011-12-09,113.8976,-1.8e-05,-2.1e-05,0.033629,0.00783
2011-12-12,113.8997,1.8e-05,-3e-06,0.033641,0.00783
2011-12-13,113.8979,-1.6e-05,-1.8e-05,0.033568,0.007831
2011-12-14,113.9006,2.4e-05,5e-06,0.033588,0.007831
2011-12-15,113.9,-5e-06,3e-06,0.033666,0.00783
2011-12-16,113.9,0.0,2.1e-05,0.033588,0.007831
2012-01-02,113.8999,-1e-06,2e-06,0.033574,0.007831
2012-01-03,113.8998,-1e-06,1.7e-05,0.033614,0.00783
2012-01-04,113.9,2e-06,-5e-06,0.033592,0.007831
2012-01-05,113.9,0.0,0.0,0.033595,0.007831
2012-01-06,113.8998,-2e-06,-2e-06,0.033574,0.007831
2012-01-09,113.9,2e-06,1e-06,0.033575,0.007831
2012-01-10,113.9,0.0,2e-06,0.033575,0.007831
2012-01-11,113.9,0.0,0.0,-0.001306,0.000294
2012-01-12,113.8984,-1.4e-05,-1.4e-05,-7e-06,1e-05
2012-01-13,113.9,1.4e-05,2e-06,0.0,1e-05
2012-01-17,113.8987,-1.1e-05,-1.1e-05,-1.1e-05,1e-05
2012-01-18,113.8996,8e-06,-4e-06,-4e-06,1.1e-05
2012-01-19,113.9,4e-06,0.0,0.0,1.1e-05
2012-01-20,113.9025,2.2e-05,3.6e-05,2.5e-05,1.2e-05
2012-01-23,113.9,-2.2e-05,0.0,2.1e-05,1.2e-05
2012-01-24,113.9,0.0,1.1e-05,3e-06,1.1e-05
2012-01-26,113.8988,-1.1e-05,-7e-06,8e-06,1.1e-05
2012-01-27,113.9,1.1e-05,0.0,-5e-06,1e-05
2012-01-30,113.8954,-4e-05,-6.2e-05,-4e-05,1.3e-05
2012-01-31,113.9,4e-05,0.0,0.0,1.6e-05
2012-02-01,113.8997,-3e-06,-3e-06,-2e-06,1.6e-05
2012-02-02,113.8984,-1.1e-05,-4e-06,-1.2e-05,1.6e-05
2012-02-03,113.8996,1.1e-05,-4e-06,-4e-06,1.7e-05
2012-02-06,114.0592,0.001401,0.001438,0.001398,0.000314
2012-02-08,114.2906,0.002029,0.003429,0.003431,0.000538
2012-02-13,114.9382,0.005666,0.009118,0.009115,0.001339
2012-02-14,116.1085,0.010182,0.019404,0.01939,0.002547
2012-02-15,119.1514,0.026207,0.046109,0.046105,0.006178
2012-02-16,119.8908,0.006206,0.051128,0.052612,0.006213
2012-02-17,119.3708,-0.004337,0.04445,0.048032,0.006382
2012-02-21,118.5696,-0.006712,0.031594,0.041009,0.006682
2012-02-22,118.4706,-0.000835,0.020344,0.040132,0.006698
2012-02-23,118.6797,0.001765,-0.003959,0.041964,0.006682
2012-02-24,119.1422,0.003897,-0.006244,0.046002,0.006676
2012-02-27,119.8025,0.005542,0.003616,0.051822,0.006691
2012-02-28,120.5922,0.006592,0.017058,0.058755,0.006721
2012-02-29,121.1198,0.004375,0.022362,0.063398,0.006693
2012-03-01,121.907,0.006499,0.027193,0.070299,0.006693
2012-03-02,122.0764,0.00139,0.024628,0.071829,0.006662
2012-04-04,126.6993,0.037869,0.057568,0.112373,0.010108
2012-06-08,130.1486,0.027224,0.079246,0.14266,0.011126
2012-06-11,130.3868,0.00183,0.076511,0.144764,0.011075
2012-06-13,132.3251,0.014866,0.085459,0.16177,0.011091
2012-06-15,132.0539,-0.002049,0.081732,0.157766,0.011218
2012-06-18,131.7936,-0.001971,0.040208,0.153145,0.011354
2012-06-20,132.4807,0.005213,0.017919,0.152625,0.011358
2012-06-22,132.8614,0.002874,0.018979,0.144287,0.011374
2012-06-25,132.8667,4e-05,0.004093,0.115108,0.010498
2012-06-27,133.1261,0.001952,0.008119,0.110395,0.010526
2012-06-29,133.3044,0.001339,0.011463,0.116725,0.010327
2012-07-02,133.749,0.003335,0.009573,0.128021,0.009934
2012-07-06,133.6876,-0.000459,0.006219,0.128445,0.009921
2012-07-10,133.4704,-0.001625,0.004544,0.124627,0.010027
2012-09-06,132.2999,-0.00877,-0.006206,0.110437,0.010549
2012-09-07,132.3629,0.000476,-0.007063,0.104843,0.010604
2012-09-11,132.294,-0.000521,-0.010879,0.097036,0.010669
2012-09-12,132.2466,-0.000358,-0.010779,0.091866,0.010729
2012-09-13,131.9484,-0.002255,-0.011403,0.082369,0.010819
2012-09-14,131.7911,-0.001192,-0.003846,0.079579,0.010867
2012-09-17,132.1385,0.002636,-0.001695,0.04293,0.007359
2012-09-18,132.003,-0.001025,-0.0022,0.014248,0.004408
2012-09-19,132.0422,0.000297,-0.001546,0.012696,0.004401
2012-09-20,131.5943,-0.003392,-0.002684,-0.005523,0.002949
2012-09-21,131.4845,-0.000834,-0.002326,-0.004312,0.002923
2012-09-24,131.4135,-0.00054,-0.005487,-0.002884,0.002895
2012-09-25,131.1501,-0.002004,-0.006461,-0.010044,0.00263
2012-09-26,130.9657,-0.001406,-0.008153,-0.014268,0.002513
2012-09-27,130.9677,1.5e-05,-0.004762,-0.014293,0.002512
2012-09-28,129.7943,-0.008959,-0.012855,-0.025027,0.003033
2012-10-01,129.2609,-0.00411,-0.01638,-0.030333,0.003032
2012-10-02,129.1083,-0.001181,-0.015568,-0.034697,0.00281
2012-10-03,129.1417,0.000259,-0.013927,-0.034004,0.002832
2012-10-04,129.3008,0.001232,-0.012728,-0.03124,0.002908
2012-10-05,129.702,0.003103,-0.000711,-0.019636,0.002554
2012-10-08,128.4836,-0.009394,-0.006013,-0.029308,0.003142
2012-10-09,128.2126,-0.002109,-0.006938,-0.030851,0.003137
2012-10-10,128.3052,0.000722,-0.006477,-0.029803,0.003168
2012-10-11,128.3627,0.000448,-0.007255,-0.027175,0.003192
2012-10-12,128.5822,0.00171,-0.008634,-0.024348,0.003265
2012-10-15,128.4985,-0.000651,0.000116,-0.027547,0.003141
2012-10-16,128.4349,-0.000495,0.001734,-0.02703,0.003147
2012-10-18,128.6954,0.002028,0.003041,-0.025346,0.003218
2012-10-19,128.9114,0.001678,0.004275,-0.020388,0.003242
2012-10-22,128.9909,0.000617,0.003179,-0.018965,0.003263
2012-10-23,129.6239,0.004907,0.008758,-0.013618,0.003516
2012-10-24,129.926,0.002331,0.01161,-0.009334,0.003564
2012-10-25,130.0182,0.00071,0.010279,-0.007235,0.003566
2012-10-26,130.1585,0.001079,0.009674,-0.006179,0.003579
2012-10-30,129.9543,-0.001569,0.007469,0.001233,0.002968
2012-10-31,130.0272,0.000561,0.003111,0.005928,0.002801
2012-11-01,130.1015,0.000571,0.001351,0.007693,0.00278
2012-11-02,130.3442,0.001865,0.002507,0.009311,0.002799
2012-11-05,130.2943,-0.000383,0.001043,0.007684,0.002799
2012-11-06,130.3408,0.000357,0.002974,0.004925,0.002725
2012-11-07,130.4533,0.000863,0.003277,0.01533,0.001509
2012-11-09,130.967,0.003938,0.006652,0.021483,0.001509
2012-11-12,130.7526,-0.001637,0.003133,0.019075,0.001625
2012-11-14,130.5591,-0.00148,0.002032,0.017111,0.001711
2012-11-15,130.3148,-0.001871,-0.000199,0.013475,0.001801
2012-11-16,130.0545,-0.001997,-0.003057,0.012109,0.001877
2012-11-19,129.9758,-0.000605,-0.007568,0.011998,0.00188
2012-11-20,130.1379,0.001247,-0.004701,0.011209,0.001857
2013-01-01,127.3025,-0.021788,-0.024943,-0.012481,0.005312
2013-01-02,127.6522,0.002747,-0.020432,-0.010378,0.005359
2013-01-03,127.3452,-0.002405,-0.020832,-0.017579,0.005218
2013-01-07,127.3895,0.000348,-0.019898,-0.019523,0.005172
2013-01-08,127.383,-5.1e-05,-0.021169,-0.020268,0.005162
2013-01-09,127.2241,-0.001247,-0.000616,-0.022545,0.005139
2013-01-10,126.2912,-0.007333,-0.010662,-0.028188,0.005323
2013-01-11,126.0354,-0.002025,-0.010285,-0.0307,0.005304
2013-01-15,126.0684,0.000262,-0.010371,-0.031,0.005298
2013-01-16,126.3433,0.002181,-0.008162,-0.030695,0.005309
2013-01-24,126.9609,0.004888,-0.002069,-0.025584,0.005497
2013-01-28,127.0078,0.000369,0.005674,-0.025571,0.005498
2013-01-30,126.6989,-0.002432,0.005264,-0.02878,0.005479
2013-01-31,126.4512,-0.001955,0.003036,-0.03448,0.005331
2013-02-01,126.4532,1.6e-05,0.00087,-0.032882,0.005345
2013-03-08,127.3038,0.006727,0.002701,-0.024934,0.005665
2013-04-05,125.9784,-0.010411,-0.008105,-0.033276,0.006025
2013-05-06,126.2946,0.00251,-0.003191,-0.02891,0.006096
2013-05-08,126.3673,0.000576,-0.000663,-0.027763,0.006111
2013-05-10,126.0029,-0.002884,-0.003561,-0.031774,0.006087
2013-05-13,126.0029,0.0,-0.010219,-0.010209,0.003804
2013-05-20,126.1837,0.001435,0.00163,-0.011504,0.003756
2013-06-06,126.456,0.002158,0.001278,-0.006983,0.003777
2013-06-07,126.4642,6.5e-05,0.000767,-0.007264,0.003775
2013-06-12,127.3273,0.006825,0.010511,-0.000437,0.004103
2013-06-21,128.4449,0.008777,0.019381,0.009596,0.004534
2013-06-25,128.8274,0.002978,0.020951,0.020082,0.00417
2013-07-04,130.5896,0.013679,0.032688,0.036134,0.004971
2013-07-26,131.5009,0.006978,0.039827,0.043092,0.005088
2013-07-29,131.6,0.000754,0.033557,0.041606,0.005097
2013-07-30,131.5714,-0.000217,0.024341,0.036314,0.005076
2013-07-31,131.6,0.000217,0.021522,0.036157,0.005078
2013-08-01,131.5902,-7.4e-05,0.007662,0.038606,0.005002
2013-08-02,131.6,7.4e-05,0.000754,0.040718,0.004939
2013-08-05,131.6,0.0,0.0,0.040701,0.00494
2013-08-06,131.594,-4.6e-05,0.000172,0.0337,0.00483
2013-08-07,131.598,3e-05,-1.5e-05,0.044608,0.003937
2013-08-08,131.6,1.5e-05,7.4e-05,0.042008,0.003966
2013-08-12,131.59,-7.6e-05,-7.6e-05,0.04133,0.003982
2013-08-13,131.6,7.6e-05,0.0,0.04442,0.003842
2013-08-14,131.6,0.0,4.6e-05,0.04442,0.003842
2013-08-15,131.5434,-0.00043,-0.000415,0.042475,0.003883
2013-08-16,131.4389,-0.000794,-0.001224,0.039404,0.003936
2013-08-19,131.5205,0.000621,-0.000528,0.039982,0.003924
2013-08-21,131.6,0.000604,0.0,0.033557,0.003762
2013-08-22,131.75,0.00114,0.00114,0.025732,0.003369
2013-08-23,131.8573,0.000814,0.002386,0.023519,0.003346
2013-08-26,131.9254,0.000516,0.003701,0.010229,0.001589
2013-08-27,132.0,0.000565,0.003646,0.003795,0.000464
2013-08-28,132.5,0.003788,0.006839,0.006839,0.000925
2013-08-29,133.0,0.003774,0.009488,0.010858,0.001191
2013-08-30,133.0575,0.000432,0.009102,0.011075,0.001188
2013-09-02,132.9,-0.001184,0.007388,0.009954,0.001244
2013-09-03,133.0,0.000752,0.007576,0.010638,0.001241
2013-09-04,133.0,0.0,0.003774,0.010638,0.001241
2013-09-05,132.9972,-2.1e-05,-2.1e-05,0.010663,0.00124
2013-09-06,132.955,-0.000317,-0.00077,0.010312,0.00125
2013-09-09,132.9667,8.8e-05,0.000502,0.010385,0.001249
2013-09-10,132.9,-0.000502,-0.000752,0.009955,0.001263
2013-09-11,132.88,-0.00015,-0.000902,0.009726,0.001268
2013-09-12,132.4238,-0.003433,-0.004311,0.00626,0.00154
2013-09-13,132.2558,-0.001269,-0.005259,0.005416,0.001573
2013-09-16,132.0965,-0.001204,-0.006544,0.005003,0.00159
2013-09-17,132.2218,0.000949,-0.005103,0.005332,0.001595
2013-09-18,132.25,0.000213,-0.004741,0.004939,0.001593
2013-09-20,132.25,0.0,-0.001312,0.003795,0.00158
2013-09-23,132.1387,-0.000842,-0.000885,0.002134,0.001589
2013-09-24,132.06,-0.000596,-0.000276,0.00102,0.001594
2013-09-25,132.1579,0.000741,-0.000483,0.001196,0.001597
2013-09-26,131.9833,-0.001321,-0.002017,-0.0039,0.001361
2013-09-27,131.9617,-0.000164,-0.00218,-0.007807,0.000991
2013-09-30,131.9809,0.000145,-0.001194,-0.008091,0.00098
2013-10-01,131.9963,0.000117,-0.000482,-0.0068,0.000969
2013-10-02,131.7903,-0.001561,-0.002782,-0.009095,0.00097
2013-10-03,131.4078,-0.002902,-0.00436,-0.011971,0.001105
2013-10-04,131.3159,-0.000699,-0.004894,-0.012642,0.001097
2013-10-07,131.2483,-0.000515,-0.005551,-0.012837,0.001095
2013-10-08,131.1187,-0.000987,-0.006649,-0.013898,0.001083
2013-10-09,131.1787,0.000458,-0.004641,-0.012952,0.001113
2013-10-10,131.1366,-0.000321,-0.002064,-0.01312,0.00111
2013-10-11,131.173,0.000278,-0.001088,-0.009445,0.000915
2013-10-14,131.036,-0.001044,-0.001618,-0.009223,0.000906
2013-10-15,130.8956,-0.001071,-0.001702,-0.009091,0.000901
2013-10-17,130.9614,0.000503,-0.001657,-0.009532,0.000869
2013-10-21,131.0545,0.000711,-0.000626,-0.00904,0.000897
2013-10-22,130.9642,-0.000689,-0.001592,-0.009722,0.000892
2013-10-23,130.9472,-0.00013,-0.000678,-0.009017,0.000891
2013-10-24,130.7628,-0.001408,-0.001015,-0.009823,0.000916
2013-10-25,130.5886,-0.001332,-0.002847,-0.011874,0.000886
2013-10-28,130.4857,-0.000788,-0.00434,-0.011347,0.000871
2013-10-29,130.8812,0.003031,-0.000634,-0.008188,0.001185
2013-10-30,131.0783,0.001506,0.001001,-0.006839,0.001256
2013-10-31,131.0065,-0.000548,0.001864,-0.007499,0.001252
2013-11-01,130.8638,-0.001089,0.002107,-0.00703,0.001233
2013-11-04,130.8982,0.000263,0.003161,-0.003878,0.001082
2013-11-05,131.0876,0.001447,0.001577,-0.001739,0.001134
2013-11-06,131.1,9.5e-05,0.000166,-0.00113,0.00113
2013-11-07,131.0689,-0.000237,0.000476,-0.00038,0.00111
2013-11-08,131.1,0.000237,0.001805,-0.0006,0.001106
2013-11-11,131.1,0.0,0.001542,-0.000279,0.001104
2013-11-12,131.0836,-0.000125,-3.1e-05,-0.000682,0.001102
2013-11-13,131.0833,-2e-06,-0.000127,0.000361,0.001076
2013-11-14,131.0645,-0.000143,-3.4e-05,0.00129,0.001046
2013-11-15,131.1,0.000271,0.0,0.001058,0.001043
2013-11-18,131.1,0.0,0.0,0.000347,0.001031
2013-11-19,131.07,-0.000229,-0.000104,0.000808,0.00102
2013-11-20,131.1,0.000229,0.000127,0.001167,0.001019
2013-11-21,131.1,0.0,0.000271,0.002579,0.00096
2013-11-22,131.1,0.0,0.0,0.003916,0.000897
2013-11-25,131.1,0.0,0.0,0.004708,0.000869
2013-11-26,131.1107,8.2e-05,0.000311,0.001753,0.000567
2013-11-27,131.15,0.0003,0.000381,0.000547,0.000463
2013-11-28,131.1528,2.1e-05,0.000403,0.001117,0.000442
2013-11-29,131.2,0.00036,0.000763,0.002569,0.000355
2013-12-02,131.1951,-3.7e-05,0.000725,0.002268,0.000355
2013-12-03,131.1522,-0.000327,0.000317,0.000493,0.000186
2013-12-04,130.8791,-0.002082,-0.002066,-0.001685,0.000505
2013-12-05,130.8437,-0.00027,-0.002357,-0.001718,0.000506
2013-12-06,130.8336,-7.7e-05,-0.002793,-0.002032,0.0005
2013-12-09,130.8036,-0.000229,-0.002984,-0.002261,0.000501
2013-12-10,130.7863,-0.000132,-0.00279,-0.002268,0.000501
2013-12-11,130.8164,0.00023,-0.000479,-0.002036,0.000506
2013-12-12,130.838,0.000165,-4.4e-05,-0.001728,0.000509
2013-12-13,130.85,9.2e-05,0.000125,-0.001907,0.000504
2013-12-17,130.8548,3.7e-05,0.000391,-0.00187,0.000505
2013-12-18,130.7972,-0.00044,8.3e-05,-0.002081,0.00051
2013-12-19,130.7705,-0.000204,-0.000351,-0.002513,0.000504
2013-12-20,130.7619,-6.6e-05,-0.000582,-0.002579,0.000503
2013-12-23,130.7413,-0.000158,-0.000831,-0.002736,0.000503
2013-12-24,130.7185,-0.000174,-0.001042,-0.00291,0.000502
2013-12-26,130.7089,-7.3e-05,-0.000675,-0.003065,0.000499
2013-12-27,130.7007,-6.3e-05,-0.000534,-0.003426,0.000488
2013-12-30,130.75,0.000377,-9.1e-05,-0.003071,0.000502
2013-12-31,130.753,2.3e-05,8.9e-05,-0.003407,0.000489
2014-01-01,130.75,-2.3e-05,0.000241,-0.003393,0.000489
2014-01-02,130.7051,-0.000343,-2.9e-05,-0.003409,0.00049
2014-01-03,130.7035,-1.2e-05,2.1e-05,-0.001342,0.000194
2014-01-06,130.6811,-0.000171,-0.000527,-0.001243,0.00019
2014-01-07,130.695,0.000106,-0.000444,-0.001059,0.000193
2014-01-08,130.741,0.000352,-6.9e-05,-0.000479,0.000208
2014-01-09,130.8059,0.000496,0.000771,0.00015,0.000237
2014-01-10,130.7314,-0.00057,0.000213,-0.00065,0.000263
2014-01-13,130.7029,-0.000218,0.000167,-0.001033,0.000262
2014-01-16,130.7117,6.7e-05,0.000128,-0.001057,0.000261
2014-01-17,130.6629,-0.000373,-0.000597,-0.001467,0.00027
2014-01-20,130.7202,0.000439,-0.000655,-0.000589,0.000278
2014-01-21,130.7368,0.000127,4.1e-05,-0.000258,0.000277
2014-01-22,130.7477,8.3e-05,0.000343,-0.000109,0.000278
2014-01-23,130.7787,0.000237,0.000513,0.000286,0.00028
2014-01-24,130.8216,0.000328,0.001215,0.000789,0.000285
2014-01-27,130.6575,-0.001254,-0.00048,-0.000393,0.000406
2014-01-28,130.7494,0.000703,9.6e-05,0.000373,0.000437
2014-01-29,130.7849,0.000272,0.000285,0.000267,0.000433
2014-01-30,130.7339,-0.00039,-0.000343,-0.000146,0.000442
2014-01-31,130.6957,-0.000292,-0.000962,-0.000415,0.000447
2014-02-03,130.7555,0.000458,0.00075,0.000386,0.000452
2014-02-05,130.7284,-0.000207,-0.000161,0.000191,0.000455
2014-02-06,130.6522,-0.000583,-0.001015,-0.000221,0.000473
2014-02-07,130.6471,-3.9e-05,-0.000664,-0.000367,0.000472
2014-02-10,130.6831,0.000276,-9.6e-05,-0.000443,0.000469
2014-02-11,130.7142,0.000238,-0.000316,-0.000701,0.000457
2014-02-12,130.8003,0.000659,0.00055,0.000527,0.000464
2014-02-13,130.8357,0.000271,0.001404,0.001016,0.000464
2014-02-17,130.8373,1.2e-05,0.001456,0.000961,0.000464
2014-02-18,130.8167,-0.000157,0.001022,0.001177,0.000456
2014-02-19,130.7998,-0.000129,0.000655,0.000609,0.000449
2014-02-20,130.85,0.000384,0.00038,0.000866,0.000455
2014-02-21,130.8485,-1.1e-05,9.8e-05,0.000771,0.000455
2014-02-24,130.9393,0.000694,0.00078,0.001228,0.000477
2014-02-25,131.0184,0.000604,0.001542,0.001504,0.000489
2014-02-26,131.0197,1e-05,0.001681,0.002772,0.000376
2014-02-28,131.0008,-0.000144,0.001152,0.001923,0.000357
2014-03-03,130.9191,-0.000624,0.00054,0.001026,0.000388
2014-03-04,130.6341,-0.002177,-0.002331,-0.000763,0.000627
2014-03-05,130.6055,-0.000219,-0.003151,-0.00069,0.000626
2014-03-06,130.6001,-4.1e-05,-0.003203,-0.001188,0.000615
2014-03-07,130.5646,-0.000272,-0.00333,-0.001253,0.000616
2014-03-10,130.5483,-0.000125,-0.002832,-0.000795,0.000604
2014-03-11,130.5548,5e-05,-0.000607,-0.000706,0.000604
2014-03-12,130.5025,-0.000401,-0.000789,-0.001382,0.000605
2014-03-13,130.567,0.000494,-0.000253,-0.001126,0.000615
2014-03-14,130.6357,0.000526,0.000545,-0.001258,0.000607
2014-03-17,130.6067,-0.000222,0.000447,-0.00175,0.000603
2014-03-18,130.5836,-0.000177,0.000221,-0.001939,0.000603
2014-03-19,130.5675,-0.000123,0.000498,-0.001905,0.000603
2014-03-20,130.5903,0.000175,0.000178,-0.001602,0.000605
2014-03-21,130.6474,0.000437,9e-05,-0.001548,0.000608
2014-03-24,130.6484,8e-06,0.000319,-0.001529,0.000608
2014-03-25,130.6497,1e-05,0.000506,-0.002212,0.000581
2014-03-26,130.6932,0.000333,0.000963,-0.002482,0.000566
2014-03-27,130.6866,-5e-05,0.000737,-0.002542,0.000566
2014-03-28,130.6917,3.9e-05,0.000339,-0.00236,0.000567
2014-03-31,130.6949,2.4e-05,0.000356,-0.001713,0.000555
2014-04-01,130.7,3.9e-05,0.000385,0.000504,0.000256
2014-04-02,130.6895,-8e-05,-2.8e-05,0.000643,0.000251
2014-04-03,130.689,-4e-06,1.8e-05,0.000681,0.00025
2014-04-04,130.6804,-6.6e-05,-8.6e-05,0.000887,0.000241
2014-04-07,130.5624,-0.000903,-0.001014,0.000108,0.00032
2014-04-08,130.7,0.001054,0.0,0.001112,0.000397
2014-04-09,130.589,-0.000849,-0.000769,0.000663,0.000435
2014-04-10,130.5891,1e-06,-0.000764,0.000169,0.000421
2014-04-11,130.5726,-0.000126,-0.000825,-0.000483,0.000404
2014-04-16,130.5973,0.000189,0.000267,-7.2e-05,0.000404
2014-04-17,130.6113,0.000107,-0.000679,0.000212,0.000402
2014-04-21,130.6,-8.7e-05,8.4e-05,0.000249,0.000402
2014-04-22,130.6082,6.3e-05,0.000146,0.000137,0.0004
2014-04-23,130.5973,-8.3e-05,0.000189,-0.000383,0.000387
2014-04-24,130.6191,0.000167,0.000167,-0.000224,0.000389
2014-04-25,130.6182,-7e-06,5.3e-05,-0.000241,0.000389
2014-04-28,130.604,-0.000109,3.1e-05,-0.000683,0.000381
2014-04-29,130.5982,-4.4e-05,-7.7e-05,-0.000676,0.000381
2014-04-30,130.5962,-1.5e-05,-8e-06,-0.000731,0.000381
2014-05-02,130.625,0.000221,4.5e-05,-0.000535,0.000385
2014-05-05,130.5957,-0.000224,-0.000172,-0.000798,0.000387
2014-05-06,130.6,3.3e-05,-3.1e-05,-0.000685,0.000387
2014-05-07,130.6,0.0,1.4e-05,-0.000681,0.000387
2014-05-08,130.6,0.0,2.9e-05,-0.000615,0.000387
2014-05-09,130.5403,-0.000457,-0.000648,-0.000169,0.000345
2014-05-12,130.4841,-0.000431,-0.000855,-0.001652,0.000252
2014-05-13,130.3587,-0.000961,-0.001848,-0.001764,0.00027
2014-05-16,130.3608,1.6e-05,-0.001832,-0.001748,0.00027
2014-05-19,130.3561,-3.6e-05,-0.001868,-0.001658,0.00027
2014-05-20,130.3515,-3.5e-05,-0.001446,-0.001882,0.000263
2014-05-21,130.3742,0.000174,-0.000842,-0.001815,0.000266
2014-05-22,130.3732,-8e-06,0.000111,-0.001737,0.000267
2014-05-23,130.3525,-0.000159,-6.4e-05,-0.001958,0.000265
2014-05-26,130.3717,0.000147,0.00012,-0.001727,0.000271
2014-05-27,130.4152,0.000334,0.000489,-0.001561,0.000281
2014-05-28,130.3865,-0.00022,9.4e-05,-0.001774,0.000282
2014-05-29,130.4359,0.000379,0.000481,-0.001287,0.000301
2014-05-30,130.4631,0.000209,0.000848,-0.001034,0.000307
2014-06-02,130.3863,-0.000589,0.000112,-0.001607,0.00033
2014-06-03,130.3526,-0.000258,-0.00048,-0.002085,0.000324
2014-06-04,130.3518,-6e-06,-0.000266,-0.001868,0.000323
2014-06-05,130.3164,-0.000272,-0.000916,-0.002172,0.000324
2014-06-06,130.2841,-0.000248,-0.001372,-0.002419,0.000325
2014-06-09,130.2566,-0.000211,-0.000995,-0.002629,0.000324
2014-06-10,130.2603,2.8e-05,-0.000708,-0.002145,0.000316
2014-06-11,130.26,-2e-06,-0.000704,-0.001717,0.000308
2014-06-13,130.253,-5.4e-05,-0.000487,-0.000811,0.000228
2014-06-16,130.2476,-4.1e-05,-0.00028,-0.000868,0.000228
2014-06-17,130.2355,-9.3e-05,-0.000162,-0.000925,0.000228
2014-06-18,130.2298,-4.4e-05,-0.000234,-0.000934,0.000228
2014-06-19,130.2381,6.4e-05,-0.000168,-0.001044,0.000224
2014-06-20,130.2652,0.000208,9.4e-05,-0.000828,0.000231
2014-06-23,130.2927,0.000211,0.000346,-0.000459,0.000236
2014-06-24,130.2741,-0.000143,0.000296,-0.000749,0.000234
2014-06-25,130.2904,0.000125,0.000465,-0.000957,0.000221
2014-06-26,130.3144,0.000184,0.000586,-0.000553,0.000223
2014-06-27,130.3359,0.000165,0.000543,-0.000767,0.000207
2014-06-30,130.3018,-0.000262,7e-05,-0.001236,0.000204
2014-07-01,130.3256,0.000183,0.000395,-0.000466,0.000169
2014-07-02,130.301,-0.000189,8.1e-05,-0.000396,0.000165
2014-07-03,130.2807,-0.000156,-0.000259,-0.000545,0.000167
2014-07-04,130.2691,-8.9e-05,-0.000513,-0.000363,0.000158
2014-07-07,130.2573,-9.1e-05,-0.000342,-0.000206,0.00015
2014-07-08,130.2561,-9e-06,-0.000533,-4e-06,0.000142
2014-07-09,130.2504,-4.4e-05,-0.000388,-7.6e-05,0.000142
2014-07-10,130.2207,-0.000228,-0.000461,-0.000302,0.000151
2014-07-11,130.2233,2e-05,-0.000352,-0.000228,0.000151
2014-07-14,130.2,-0.000179,-0.00044,-0.000365,0.000155
2014-07-15,130.1974,-2e-05,-0.000451,-0.000293,0.000154
2014-07-16,130.18,-0.000134,-0.00054,-0.000382,0.000156
2014-07-17,130.1865,5e-05,-0.000263,-0.000396,0.000156
2014-07-18,130.2,0.000104,-0.000179,-0.000501,0.00015
2014-07-21,130.25,0.000384,0.000384,-0.000328,0.000168
2014-07-22,130.287,0.000284,0.000688,9.9e-05,0.000178
2014-07-23,130.2659,-0.000162,0.00066,-0.000188,0.000179
2014-07-24,130.2598,-4.7e-05,0.000563,-0.000419,0.000173
2014-07-25,130.2297,-0.000231,0.000228,-0.000815,0.000174
2014-07-28,130.227,-2.1e-05,-0.000177,-0.000574,0.000166
2014-07-30,130.2086,-0.000141,-0.000602,-0.000898,0.00016
2014-07-31,130.2102,1.2e-05,-0.000428,-0.000697,0.000156
2014-08-01,130.2067,-2.7e-05,-0.000408,-0.000568,0.000154
2014-08-04,130.2303,0.000181,5e-06,-0.000298,0.00016
2014-08-05,130.2255,-3.7e-05,-1.2e-05,-0.000244,0.000159
2014-08-06,130.2104,-0.000116,1.4e-05,-0.000351,0.000161
2014-08-07,130.1933,-0.000131,-0.00013,-0.000438,0.000163
2014-08-08,130.1862,-5.5e-05,-0.000157,-0.000265,0.000156
2014-08-11,130.1711,-0.000116,-0.000455,-0.000401,0.000157
2014-08-12,130.16,-8.5e-05,-0.000503,-0.000307,0.000153
2014-08-13,130.19,0.00023,-0.000157,-5.7e-05,0.000163
2014-08-14,130.2306,0.000312,0.000286,0.000389,0.000174
2014-08-15,130.1646,-0.000507,-0.000166,-0.000168,0.00021
2014-08-18,130.1609,-2.8e-05,-7.8e-05,-0.0003,0.000208
2014-08-19,130.1518,-7e-05,-6.3e-05,-0.000754,0.000186
2014-08-20,130.13,-0.000167,-0.000461,-0.001205,0.000172
2014-08-21,130.2078,0.000598,-0.000175,-0.000446,0.000224
2014-08-22,130.2014,-4.9e-05,0.000283,-0.000448,0.000224
2014-08-25,130.1763,-0.000193,0.000118,-0.00041,0.000222
2014-08-26,130.1934,0.000131,0.00032,-0.000258,0.000225
2014-08-27,130.184,-7.2e-05,0.000415,-0.000189,0.000223
2014-08-28,130.188,3.1e-05,-0.000152,-0.00017,0.000224
2014-08-29,130.1962,6.3e-05,-4e-05,-8.1e-05,0.000224
2014-09-01,130.2045,6.4e-05,0.000217,-0.000198,0.00022
2014-09-02,130.1913,-0.000101,-1.6e-05,-0.000263,0.000221
2014-09-03,130.205,0.000105,0.000161,-4.1e-05,0.000221
2014-09-04,130.2037,-1e-05,0.000121,8e-05,0.000219
2014-09-05,130.1987,-3.8e-05,1.9e-05,9.6e-05,0.000219
2014-09-09,130.2,1e-05,-3.5e-05,0.000222,0.000217
2014-09-10,130.2027,2.1e-05,8.8e-05,0.000328,0.000216
2014-09-11,130.23,0.00021,0.000192,0.000307,0.000215
2014-09-12,130.2717,0.00032,0.000522,0.000316,0.000216
2014-09-15,130.28,6.4e-05,0.000624,0.000887,0.000177
2014-09-16,130.28,0.0,0.000614,0.000915,0.000177
2014-09-17,130.2759,-3.1e-05,0.000562,0.000954,0.000176
2014-09-18,130.2813,4.1e-05,0.000394,0.001163,0.000168
2014-09-19,130.275,-4.8e-05,2.5e-05,0.000516,0.000112
2014-09-22,130.28,3.8e-05,0.0,0.000604,0.00011
2014-09-23,130.2712,-6.8e-05,-6.8e-05,0.000729,0.0001
2014-09-24,130.2855,0.00011,7.4e-05,0.000707,9.9e-05
2014-09-25,130.3067,0.000163,0.000195,0.000943,9.9e-05
2014-09-26,130.3071,3e-06,0.000246,0.000915,0.0001
2014-09-29,130.35,0.000329,0.000537,0.001181,0.000118
2014-09-30,130.3707,0.000159,0.000764,0.001276,0.00012
2014-10-01,130.43,0.000455,0.001109,0.001833,0.000143
2014-10-02,130.4982,0.000523,0.00147,0.002252,0.000172
2014-10-03,130.4946,-2.8e-05,0.001439,0.002234,0.000173
2014-10-07,130.3529,-0.001086,2.2e-05,0.001184,0.000318
2014-10-09,130.3127,-0.000308,-0.000445,0.000866,0.000329
2014-10-10,130.3461,0.000256,-0.000643,0.001101,0.000332
2014-10-13,130.3815,0.000272,-0.000894,0.001163,0.000334
2014-10-14,130.55,0.001292,0.000425,0.002136,0.000431
2014-10-15,130.55,0.0,0.001512,0.002072,0.000431
2014-10-16,130.5659,0.000122,0.001943,0.002195,0.000431
2014-10-17,130.6,0.000261,0.001948,0.002488,0.00043
2014-10-20,130.6,0.0,0.001676,0.002446,0.000431
2014-10-21,130.6348,0.000266,0.00065,0.002762,0.00043
2014-10-23,130.75,0.000882,0.001532,0.003608,0.00046
2014-10-24,130.7667,0.000128,0.001538,0.003804,0.000457
2014-10-27,130.8175,0.000388,0.001665,0.004083,0.000458
2014-10-28,130.83,9.6e-05,0.001761,0.004016,0.000459
2014-10-29,130.8155,-0.000111,0.001383,0.003902,0.000462
2014-10-30,130.85,0.000264,0.000765,0.003836,0.000461
2014-10-31,130.8436,-4.9e-05,0.000588,0.003627,0.000465
2014-11-03,130.8367,-5.3e-05,0.000147,0.003118,0.000463
2014-11-04,130.85,0.000102,0.000153,0.002696,0.000455
2014-11-05,130.85,0.0,0.000264,0.002723,0.000454
2014-11-07,130.85,0.0,0.0,0.003813,0.000354
2014-11-10,130.8656,0.000119,0.000168,0.004243,0.000335
2014-11-11,130.874,6.4e-05,0.000285,0.00405,0.000336
2014-11-12,130.9,0.000199,0.000382,0.003977,0.000336
2014-11-13,130.8925,-5.7e-05,0.000325,0.002624,0.00022
2014-11-14,130.95,0.000439,0.000764,0.003064,0.000228
2014-11-17,130.95,0.0,0.000645,0.002942,0.000231
2014-11-18,130.9861,0.000276,0.000857,0.002956,0.000231
2014-11-19,130.9902,3.1e-05,0.000689,0.002988,0.00023
2014-11-20,131.0,7.5e-05,0.000821,0.002796,0.000229
2014-11-21,131.0,0.0,0.000382,0.001912,0.00015
2014-11-24,131.0,0.0,0.000382,0.001784,0.000151
2014-11-25,130.9967,-2.5e-05,8.1e-05,0.00137,0.000136
2014-11-26,131.0,2.5e-05,7.5e-05,0.001299,0.000136
2014-11-27,131.0136,0.000104,0.000104,0.001514,0.00013
2014-11-28,131.0082,-4.1e-05,6.3e-05,0.001209,0.000124
2014-12-01,131.05,0.000319,0.000382,0.001577,0.000134
2014-12-02,131.05,0.0,0.000407,0.00163,0.000132
2014-12-03,131.0,-0.000382,0.0,0.001146,0.000167
2014-12-04,131.0,0.0,-0.000104,0.001146,0.000167
2014-12-05,131.0182,0.000139,7.6e-05,0.001285,0.000168
2014-12-08,131.02,1.4e-05,-0.000229,0.00118,0.000168
2014-12-09,131.0,-0.000153,-0.000382,0.000963,0.000174
2014-12-10,131.01,7.6e-05,7.6e-05,0.00084,0.000171
2014-12-11,131.0071,-2.2e-05,5.4e-05,0.000876,0.00017
2014-12-12,131.0225,0.000118,3.3e-05,0.000554,0.000144
2014-12-15,131.0,-0.000172,-0.000153,0.000382,0.00015
2014-12-16,130.9917,-6.3e-05,-6.3e-05,4.3e-05,0.000139
2014-12-17,131.0434,0.000395,0.000255,0.000406,0.000164
2014-12-18,131.0158,-0.000211,6.6e-05,0.000121,0.000171
2014-12-19,131.0128,-2.3e-05,-7.4e-05,9.8e-05,0.000171
2014-12-22,131.0348,0.000168,0.000266,0.000266,0.000175
2014-12-23,131.0004,-0.000263,6.6e-05,2.8e-05,0.000186
2014-12-24,130.9978,-2e-05,-0.000348,-1.7e-05,0.000186
2014-12-26,131.005,5.5e-05,-8.2e-05,-6.6e-05,0.000185
2014-12-29,131.0689,0.000488,0.000428,0.000463,0.000214
2014-12-30,131.0778,6.8e-05,0.000328,0.000212,0.000203
2014-12-31,131.0486,-0.000223,0.000368,-1.1e-05,0.00021
2015-01-01,131.091,0.000324,0.000711,0.000695,0.000202
2015-01-02,131.0125,-0.000599,5.7e-05,9.5e-05,0.000246
2015-01-06,131.02,5.7e-05,-0.000373,1.4e-05,0.000245
2015-01-07,131.015,-3.8e-05,-0.000479,-3.8e-05,0.000245
2015-01-08,131.25,0.001794,0.001537,0.001908,0.000468
2015-01-09,131.25,0.0,0.001213,0.001832,0.000468
2015-01-12,131.245,-3.8e-05,0.001775,0.001816,0.000468
2015-01-13,131.22,-0.00019,0.001526,0.001507,0.000472
2015-01-16,131.0889,-0.000999,0.000564,0.000679,0.000528
2015-01-19,131.5,0.003136,0.001905,0.00388,0.000871
2015-01-20,131.7054,0.001562,0.00347,0.005052,0.000922
2015-01-21,131.7433,0.000288,0.003797,0.005553,0.000916
2015-01-22,131.9,0.001189,0.005182,0.006772,0.000935
2015-01-23,131.85,-0.000379,0.005806,0.006221,0.000948
2015-01-26,132.0,0.001138,0.003802,0.007631,0.000955
2015-01-27,132.0817,0.000619,0.002857,0.008274,0.000952
2015-01-28,132.0975,0.00012,0.002689,0.008339,0.00095
2015-01-29,132.194,0.000731,0.002229,0.008584,0.000953
2015-01-30,132.2,4.5e-05,0.002655,0.008561,0.000953
2015-02-02,132.2,0.0,0.001515,0.008786,0.000947
2015-02-05,132.2,0.0,0.000896,0.00846,0.000952
2015-02-06,132.2,0.0,0.000776,0.009064,0.000927
2015-02-09,132.8,0.004539,0.004584,0.013586,0.001295
2015-02-10,132.8,0.0,0.004539,0.013624,0.001294
2015-02-11,132.7987,-1e-05,0.004529,0.0118,0.001275
2015-02-12,132.8,1e-05,0.004539,0.01181,0.001275
2015-02-13,132.8,0.0,0.004539,0.011848,0.001274
2015-02-16,132.8,0.0,0.0,0.012041,0.001268
2015-02-18,132.8,0.0,0.0,0.013053,0.001221
2015-02-19,132.8,0.0,1e-05,0.009886,0.001077
2015-02-20,132.9,0.000753,0.000753,0.00907,0.00105
2015-02-23,132.9,0.0,0.000753,0.00878,0.001054
2015-02-24,132.9,0.0,0.000753,0.007582,0.001043
2015-02-25,132.8991,-7e-06,0.000746,0.007957,0.001032
2015-02-26,132.9,7e-06,0.000753,0.006818,0.001021
2015-02-27,132.9,0.0,0.0,0.006195,0.001021
2015-03-02,132.9,0.0,0.0,0.006075,0.001023
2015-03-03,132.9,0.0,0.0,0.005341,0.001019
2015-03-04,132.8986,-1.1e-05,-4e-06,0.005284,0.00102
2015-03-06,132.9,1.1e-05,0.0,0.005295,0.00102
2015-03-09,132.9,0.0,0.0,0.005295,0.00102
2015-03-10,132.9,0.0,0.0,0.005295,0.00102
2015-03-11,132.9,0.0,0.0,0.000753,0.000168
2015-03-12,132.9,0.0,1.1e-05,0.000753,0.000168
2015-03-13,132.9,0.0,0.0,0.000763,0.000168
2015-03-16,132.9,0.0,0.0,0.000753,0.000168
2015-03-17,132.9,0.0,0.0,0.000753,0.000168
2015-03-18,132.9,0.0,0.0,0.000753,0.000168
2015-03-19,132.9,0.0,0.0,0.000753,0.000168
2015-03-20,132.9,0.0,0.0,0.000753,0.000168
2015-03-23,132.9,0.0,0.0,0.0,4e-06
2015-03-24,132.9,0.0,0.0,0.0,4e-06
2015-03-25,132.9,0.0,0.0,0.0,4e-06
2015-03-26,132.9,0.0,0.0,7e-06,4e-06
2015-03-27,132.9,0.0,0.0,0.0,4e-06
2015-03-30,132.8794,-0.000155,-0.000155,-0.000155,3.5e-05
2015-03-31,132.9,0.000155,0.0,0.0,5e-05
2015-04-01,132.9,0.0,0.0,0.0,5e-05
2015-04-02,132.9,0.0,0.0,1.1e-05,5e-05
2015-04-06,132.8984,-1.2e-05,-1.2e-05,-1.2e-05,5e-05
2015-04-07,132.9,1.2e-05,0.000155,0.0,5e-05
2015-04-08,132.9,0.0,0.0,0.0,5e-05
2015-04-09,132.9,0.0,0.0,0.0,5e-05
2015-04-10,132.9,0.0,0.0,0.0,5e-05
2015-04-15,132.8983,-1.3e-05,-1e-06,-1.3e-05,5.1e-05
2015-04-16,132.9,1.3e-05,0.0,0.0,5.1e-05
2015-04-17,132.9,0.0,0.0,0.0,5.1e-05
2015-04-20,132.9,0.0,0.0,0.0,5.1e-05
2015-04-21,132.8964,-2.7e-05,-2.7e-05,-2.7e-05,5.1e-05
2015-04-22,132.8981,1.3e-05,-2e-06,-1.4e-05,5.1e-05
2015-04-23,132.8983,2e-06,-1.3e-05,-1.3e-05,5.1e-05
2015-04-24,132.8994,8e-06,-5e-06,-5e-06,5.1e-05
2015-04-27,132.9,5e-06,0.0,0.0,5.1e-05
2015-04-28,132.897,-2.3e-05,5e-06,-2.3e-05,5.1e-05
2015-04-29,132.9,2.3e-05,1.4e-05,0.0,5.2e-05
2015-04-30,132.9,0.0,1.3e-05,0.000155,3.7e-05
2015-05-05,133.0714,0.00129,0.001294,0.00129,0.000289
2015-05-06,133.1,0.000215,0.001505,0.001505,0.00029
2015-05-07,133.3,0.001503,0.003032,0.00301,0.00043
2015-05-08,133.3,0.0,0.00301,0.003022,0.00043
2015-05-11,133.3,0.0,0.00301,0.00301,0.00043
2015-05-12,133.4412,0.001059,0.002779,0.004072,0.000474
2015-05-13,133.5,0.000441,0.003005,0.004515,0.000474
2015-05-14,133.4,-0.000749,0.00075,0.003762,0.00052
2015-05-15,133.4,0.0,0.00075,0.003775,0.00052
2015-05-18,133.3125,-0.000656,9.4e-05,0.003104,0.000552
2015-05-19,133.3,-9.4e-05,-0.001058,0.00301,0.000554
2015-05-20,133.4994,0.001496,-4e-06,0.00451,0.000629
2015-05-21,133.7,0.001503,0.002249,0.006047,0.000687
2015-05-22,133.7,0.0,0.002249,0.006034,0.000687
2015-05-25,133.7,0.0,0.002907,0.006032,0.000687
2015-05-26,133.7,0.0,0.003001,0.006024,0.000687
2015-05-27,133.9,0.001496,0.003001,0.007524,0.000733
2015-05-28,133.9,0.0,0.001496,0.007547,0.000732
2015-05-29,133.9,0.0,0.001496,0.007524,0.000733
2015-06-01,133.9,0.0,0.001496,0.007524,0.000733
2015-06-03,133.9,0.0,0.001496,0.006227,0.000704
2015-06-04,133.9,0.0,0.0,0.006011,0.000708
2015-06-05,133.9,0.0,0.0,0.004501,0.000651
2015-06-08,133.8966,-2.5e-05,-2.5e-05,0.004476,0.000651
2015-06-09,133.8979,1e-05,-1.6e-05,0.004485,0.000651
2015-06-10,133.8,-0.000731,-0.000747,0.002689,0.000653
2015-06-11,133.7985,-1.1e-05,-0.000758,0.002236,0.00065
2015-06-12,133.7973,-9e-06,-0.000767,0.002978,0.000618
2015-06-15,134.0,0.001515,0.000772,0.004498,0.000688
2015-06-16,133.9987,-1e-05,0.000753,0.005147,0.000659
2015-06-17,133.9995,6e-06,0.001491,0.005248,0.000657
2015-06-18,133.9986,-7e-06,0.001496,0.003739,0.000591
2015-06-19,134.2,0.001503,0.00301,0.00374,0.000591
2015-06-22,134.1,-0.000745,0.000746,0.002992,0.000626
2015-06-23,133.9,-0.001491,-0.000737,0.001496,0.000725
2015-06-24,133.9,0.0,-0.000743,0.001496,0.000725
2015-06-25,133.8,-0.000747,-0.001482,-0.000747,0.000665
2015-06-26,133.7126,-0.000653,-0.003632,-0.0014,0.000679
2015-06-29,133.7,-9.4e-05,-0.002983,-0.001494,0.000679
2015-06-30,133.7,0.0,-0.001494,-0.001494,0.000679
2015-07-02,133.7,0.0,-0.001494,-0.001494,0.000679
2015-07-03,133.6,-0.000748,-0.001495,-0.00224,0.000695
2015-07-06,133.6,0.0,-0.000842,-0.00224,0.000695
2015-07-07,133.6,0.0,-0.000748,-0.002215,0.000695
2015-07-08,133.6,0.0,-0.000748,-0.002225,0.000695
2015-07-09,133.6,0.0,-0.000748,-0.001495,0.00068
2015-07-10,133.6,0.0,0.0,-0.001484,0.00068
2015-07-13,133.6,0.0,0.0,-0.001475,0.00068
2015-07-14,133.8,0.001497,0.001497,-0.001493,0.000677
2015-07-15,133.8,0.0,0.001497,-0.001483,0.000678
2015-07-16,133.7992,-6e-06,0.001491,-0.001495,0.000677
2015-07-17,133.8,6e-06,0.001497,-0.001482,0.000678
2015-07-20,133.7994,-4e-06,0.001493,-0.002985,0.000568
2015-07-21,133.8,4e-06,0.0,-0.002237,0.000551
2015-07-22,133.7,-0.000747,-0.000747,-0.001494,0.000472
2015-07-23,133.6988,-9e-06,-0.00075,-0.001503,0.000472
2015-07-24,133.6971,-1.3e-05,-0.000769,-0.000769,0.000445
2015-07-27,133.6976,4e-06,-0.000761,-0.000112,0.000421
2015-07-28,133.7,1.8e-05,-0.000747,0.0,0.00042
2015-07-29,133.6,-0.000748,-0.000748,-0.000748,0.000453
2015-07-30,133.6,0.0,-0.000739,-0.000748,0.000453
2015-08-03,133.6,0.0,-0.000726,0.0,0.00042
2015-08-04,133.5,-0.000749,-0.001478,-0.000749,0.000453
2015-08-05,133.4993,-5e-06,-0.001501,-0.000754,0.000453
2015-08-06,133.4927,-4.9e-05,-0.000803,-0.000803,0.000453
2015-08-07,133.75,0.001927,0.001123,0.001123,0.000631
2015-08-10,133.75,0.0,0.001123,0.001123,0.000631
2015-08-11,133.75,0.0,0.001873,0.001123,0.000631
2015-08-12,133.75,0.0,0.001878,-0.000374,0.000533
2015-08-13,133.8,0.000374,0.002302,0.0,0.00054
2015-08-14,133.9,0.000747,0.001121,0.000753,0.000565
2015-08-17,133.9,0.0,0.001121,0.000747,0.000565
2015-08-18,134.0,0.000747,0.001869,0.001499,0.000587
2015-08-19,134.0,0.0,0.001869,0.001495,0.000587
2015-08-20,133.8967,-0.000771,0.000723,0.001471,0.000588
2015-08-21,133.9,2.5e-05,0.0,0.001505,0.000588
2015-08-24,134.0,0.000747,0.000747,0.002266,0.000606
2015-08-25,134.1,0.000746,0.000746,0.00301,0.000622
2015-08-26,134.2496,0.001116,0.001863,0.004111,0.000657
2015-08-27,134.15,-0.000742,0.001892,0.004117,0.000657
2015-08-28,134.15,0.0,0.001867,0.004117,0.000657
2015-08-31,134.3,0.001118,0.002239,0.00524,0.000685
2015-09-01,134.5,0.001489,0.002983,0.007491,0.000694
2015-09-02,134.5,0.0,0.001865,0.007496,0.000694
2015-09-03,134.5,0.0,0.002609,0.007546,0.000693
2015-09-04,134.75,0.001859,0.004473,0.007477,0.000685
2015-09-07,137.875,0.023191,0.02662,0.030841,0.005143
2015-09-08,137.4985,-0.002731,0.022294,0.028026,0.005221
2015-09-09,138.1655,0.004851,0.027253,0.033013,0.005266
2015-09-10,138.7796,0.004445,0.031819,0.037217,0.005293
2015-09-11,138.936,0.001127,0.031065,0.03761,0.005289
2015-09-14,139.0345,0.000709,0.00841,0.038346,0.005279
2015-09-15,139.7679,0.005275,0.016505,0.043044,0.005324
2015-09-16,139.9898,0.001588,0.013204,0.0447,0.005302
2015-09-17,140.6358,0.004615,0.013375,0.050331,0.00528
2015-09-18,140.7891,0.00109,0.013338,0.05145,0.005259
2015-09-21,140.5167,-0.001935,0.010661,0.048632,0.005341
2015-09-22,140.8342,0.00226,0.007629,0.050218,0.005327
2015-09-23,140.951,0.000829,0.006866,0.049917,0.005331
2015-09-25,140.9578,4.8e-05,0.00229,0.050748,0.005309
2015-09-28,140.9568,-7e-06,0.001191,0.05074,0.005309
2015-09-29,141.2438,0.002036,0.005174,0.051704,0.005301
2015-09-30,141.2335,-7.3e-05,0.002835,0.050063,0.005328
2015-10-01,141.2334,-1e-06,0.002004,0.050062,0.005328
2015-10-02,141.2575,0.000171,0.002126,0.050242,0.005324
2015-10-05,141.2601,1.8e-05,0.002152,0.048312,0.005351
2015-10-06,141.2243,-0.000253,-0.000138,0.024292,0.002179
2015-10-07,141.0307,-0.001371,-0.001436,0.025689,0.002068
2015-10-08,140.5995,-0.003057,-0.004488,0.017617,0.002103
2015-10-09,140.5457,-0.000383,-0.005039,0.012726,0.001943
2015-10-12,140.338,-0.001478,-0.006528,0.010091,0.001995
2015-10-13,140.3209,-0.000122,-0.006397,0.009252,0.001999
2015-10-14,140.4809,0.00114,-0.003898,0.005101,0.00166
2015-10-15,140.6841,0.001446,0.000602,0.00496,0.001654
2015-10-16,140.9312,0.001756,0.002743,0.0021,0.001353
2015-10-19,140.9554,0.000172,0.004399,0.001181,0.001334
2015-10-20,140.9672,8.4e-05,0.004606,0.003206,0.001248
2015-10-21,140.9901,0.000162,0.003625,0.001107,0.001147
2015-10-22,141.0126,0.00016,0.002335,0.000437,0.001133
2015-10-23,141.0638,0.000363,0.000941,0.000752,0.001135
2015-10-26,141.0489,-0.000106,0.000663,0.000653,0.001136
2015-10-28,141.1087,0.000424,0.001004,-0.000957,0.001039
2015-10-29,140.8772,-0.001641,-0.000801,-0.002523,0.001098
2015-10-30,140.8543,-0.000163,-0.001123,-0.002684,0.001098
2015-11-02,140.9668,0.000799,-0.000688,-0.002058,0.001116
2015-11-03,140.9771,7.3e-05,-0.000509,-0.002003,0.001116
2015-11-04,141.0487,0.000508,-0.000425,-0.001243,0.001124
2015-11-05,141.2663,0.001543,0.002762,0.001671,0.001134
2015-11-06,141.562,0.002093,0.005024,0.006846,0.000954
2015-11-09,141.5214,-0.000287,0.003934,0.006942,0.00095
2015-11-11,141.901,0.002682,0.006554,0.011137,0.000984
2015-11-12,141.929,0.000197,0.006241,0.01146,0.000975
2015-11-13,141.9633,0.000242,0.004934,0.010552,0.000968
2015-11-16,142.0599,0.00068,0.003517,0.009779,0.000945
2015-11-17,142.1384,0.000553,0.00436,0.008566,0.000897
2015-11-18,142.2944,0.001098,0.002772,0.009499,0.000907
2015-11-19,142.2797,-0.000103,0.002471,0.009311,0.000912
2015-11-20,142.3063,0.000187,0.002416,0.009335,0.000912
2015-11-23,142.4662,0.001124,0.00286,0.010308,0.00092
2015-11-24,142.6267,0.001127,0.003435,0.011079,0.00093
2015-11-26,142.8892,0.00184,0.00418,0.013047,0.000958
2015-11-27,143.0667,0.001242,0.005531,0.013876,0.000966
2015-11-30,143.2074,0.000983,0.006332,0.016541,0.000796
2015-12-01,143.239,0.000221,0.005424,0.01693,0.000775
2015-12-02,143.2327,-4.4e-05,0.004249,0.016074,0.0008
2015-12-03,143.2318,-6e-06,0.002398,0.015993,0.000804
2015-12-04,143.2498,0.000126,0.00128,0.015605,0.000816
2015-12-07,143.2529,2.2e-05,0.000318,0.014063,0.000811
2015-12-08,143.2426,-7.2e-05,2.5e-05,0.011872,0.000758
2015-12-09,143.2214,-0.000148,-7.9e-05,0.012012,0.00075
2015-12-10,143.178,-0.000303,-0.000376,0.008999,0.000594
2015-12-11,143.2196,0.000291,-0.000211,0.009093,0.000593
2015-12-14,143.276,0.000394,0.000161,0.009247,0.000591
2015-12-15,143.4938,0.00152,0.001754,0.010094,0.000635
2015-12-16,143.4583,-0.000247,0.001654,0.009286,0.000657
2015-12-17,143.5647,0.000742,0.002701,0.008927,0.000643
2015-12-18,143.5606,-2.9e-05,0.002381,0.009003,0.00064
2015-12-21,143.5406,-0.000139,0.001847,0.008674,0.000651
2015-12-22,143.5415,6e-06,0.000332,0.007548,0.000637
2015-12-23,143.5859,0.000309,0.000889,0.006725,0.000612
2015-12-28,143.6286,0.000297,0.000445,0.005175,0.000499
2015-12-29,143.6861,0.0004,0.000874,0.004329,0.000444
2015-12-30,143.8484,0.00113,0.002144,0.004476,0.000458
2015-12-31,144.0623,0.001487,0.003628,0.005748,0.000538
2016-01-01,144.0716,6.5e-05,0.003383,0.005857,0.000535
2016-01-04,144.2333,0.001122,0.00421,0.006992,0.000561
2016-01-05,144.1833,-0.000347,0.00346,0.006517,0.000581
2016-01-06,144.2318,0.000336,0.002665,0.006833,0.000576
2016-01-07,144.0106,-0.001534,-0.000359,0.005362,0.000709
2016-01-08,143.9415,-0.00048,-0.000903,0.005028,0.000723
2016-01-11,143.8175,-0.000861,-0.002883,0.004466,0.000755
2016-01-12,143.7993,-0.000127,-0.002663,0.004048,0.000759
2016-01-13,143.745,-0.000378,-0.003375,0.003273,0.000768
2016-01-14,143.8047,0.000415,-0.00143,0.002167,0.000703
2016-01-18,143.8161,7.9e-05,-0.000871,0.002494,0.000698
2016-01-19,143.9308,0.000798,0.000788,0.00255,0.0007
2016-01-20,143.9169,-9.7e-05,0.000818,0.002482,0.000701
2016-01-21,143.8858,-0.000216,0.00098,0.002405,0.000703
2016-01-22,143.9,9.9e-05,0.000663,0.002498,0.000703
2016-01-25,143.9,0.0,0.000583,0.002188,0.000702
2016-01-26,143.9089,6.2e-05,-0.000152,0.001952,0.0007
2016-01-27,143.89,-0.000131,-0.000187,0.001419,0.000698
2016-01-28,143.8972,5e-05,7.9e-05,0.000339,0.000653
2016-01-29,143.9208,0.000164,0.000145,-0.000982,0.000556
2016-02-01,143.9,-0.000145,0.0,-0.001191,0.000555
2016-02-02,143.9071,4.9e-05,-1.3e-05,-0.002262,0.000482
2016-02-03,143.9,-4.9e-05,6.9e-05,-0.001965,0.000479
2016-02-05,143.9296,0.000206,0.000225,-0.002095,0.000474
2016-02-08,143.9046,-0.000174,-0.000113,-0.000736,0.000335
2016-02-09,143.9091,3.1e-05,6.3e-05,-0.000225,0.000319
2016-02-10,143.9,-6.3e-05,-4.9e-05,0.000574,0.000249
2016-02-11,143.9,0.0,0.0,0.0007,0.000246
2016-02-12,143.897,-2.1e-05,-0.000226,0.001057,0.000227
2016-02-15,143.8989,1.3e-05,-4e-05,0.000655,0.000211
2016-02-16,143.9207,0.000151,8.1e-05,0.000727,0.000212
2016-02-17,143.9004,-0.000141,3e-06,-0.000211,0.000117
2016-02-18,143.9,-3e-06,0.0,-0.000117,0.000115
2016-02-19,143.93,0.000208,0.000229,0.000307,0.000114
2016-02-23,143.9192,-7.5e-05,0.000141,0.000133,0.000114
2016-02-24,143.8943,-0.000173,-0.000183,-4e-05,0.000121
2016-02-25,143.883,-7.9e-05,-0.000121,-0.00018,0.000121
2016-02-26,143.9,0.000118,0.0,6.9e-05,0.00012
2016-02-29,144.354,0.003155,0.002946,0.003174,0.000715
2016-03-01,143.9165,-0.003031,-1.9e-05,-3e-05,0.00101
2016-03-02,143.9108,-4e-05,0.000115,7.5e-05,0.00101
2016-03-03,144.2556,0.002396,0.00259,0.002422,0.001143
2016-03-04,144.1154,-0.000972,0.001497,0.001497,0.001168
2016-03-08,143.9,-0.001495,-0.003145,-0.000206,0.001219
2016-03-09,143.9089,6.2e-05,-5.3e-05,3e-05,0.001219
2016-03-10,144.0067,0.00068,0.000666,0.000678,0.001228
2016-03-11,144.3571,0.002433,0.000704,0.003177,0.001339
2016-03-14,143.9,-0.003166,-0.001495,0.0,0.001532
2016-03-15,143.9,0.0,0.0,2.1e-05,0.001532
2016-03-16,143.898,-1.4e-05,-7.6e-05,-6e-06,0.001532
2016-03-17,143.9,1.4e-05,-0.000741,-0.000144,0.001532
2016-03-18,143.9,0.0,-0.003166,-3e-06,0.001532
2016-03-21,143.9,0.0,0.0,0.0,0.001532
2016-03-23,143.93,0.000208,0.000208,0.0,0.001532
2016-03-24,143.9035,-0.000184,3.8e-05,-0.000109,0.001532
2016-03-28,143.895,-5.9e-05,-3.5e-05,5e-06,0.001532
2016-03-29,143.9,3.5e-05,0.0,0.000118,0.001532
2016-03-30,143.89,-6.9e-05,-6.9e-05,-6.9e-05,0.001531
2016-03-31,143.9,6.9e-05,-0.000208,-0.003145,0.00134
2016-04-01,143.9,0.0,-2.4e-05,-0.000115,0.001157
2016-04-04,143.9,0.0,3.5e-05,-7.5e-05,0.001157
2016-04-05,143.9,0.0,0.0,-0.002465,0.00101
2016-04-06,143.9,0.0,6.9e-05,-0.001495,0.00099
2016-04-07,143.9,0.0,0.0,0.0,0.000932
2016-04-08,143.9,0.0,0.0,-6.2e-05,0.000932
2016-04-11,143.9,0.0,0.0,-0.000741,0.000918
2016-04-12,143.9,0.0,0.0,-0.003166,0.000711
2016-04-15,143.9,0.0,0.0,0.0,6.9e-05
2016-04-18,143.9,0.0,0.0,0.0,6.9e-05
2016-04-19,143.9,0.0,0.0,1.4e-05,6.9e-05
2016-04-20,143.9,0.0,0.0,0.0,6.9e-05
2016-04-22,143.9,0.0,0.0,0.0,6.9e-05
2016-04-25,143.9024,1.7e-05,1.7e-05,1.7e-05,6.9e-05
2016-04-26,143.9,-1.7e-05,0.0,-0.000208,4.9e-05
2016-04-27,143.9,0.0,0.0,-2.4e-05,2.8e-05
2016-04-28,143.9,0.0,0.0,3.5e-05,2.4e-05
2016-04-29,143.9,0.0,0.0,0.0,2.3e-05
2016-05-03,143.9,0.0,-1.7e-05,6.9e-05,1.6e-05
2016-05-04,145.73,0.012717,0.012717,0.012717,0.002844
2016-05-05,145.73,0.0,0.012717,0.012717,0.002844
2016-05-06,145.73,0.0,0.012717,0.012717,0.002844
2016-05-09,145.7617,0.000218,0.012937,0.012937,0.002841
2016-05-10,145.715,-0.00032,0.012613,0.012613,0.002846
2016-05-11,145.7327,0.000121,1.9e-05,0.012736,0.002845
2016-05-12,145.75,0.000119,0.000137,0.012856,0.002844
2016-05-13,145.75,0.0,0.000137,0.012856,0.002844
2016-05-16,145.74,-6.9e-05,-0.000149,0.012787,0.002844
2016-05-17,145.74,0.0,0.000172,0.012787,0.002844
2016-05-18,145.725,-0.000103,-5.3e-05,0.012682,0.002846
2016-05-19,145.75,0.000172,0.0,0.012856,0.002844
2016-05-20,145.75,0.0,0.0,0.012856,0.002844
2016-05-24,145.75,0.0,6.9e-05,0.012856,0.002844
2016-05-25,145.75,0.0,6.9e-05,0.012839,0.002844
2016-05-26,145.75,0.0,0.000172,0.012856,0.002844
2016-05-27,145.75,0.0,0.0,0.012856,0.002844
2016-05-30,145.75,0.0,0.0,0.012856,0.002844
2016-05-31,145.75,0.0,0.0,0.012856,0.002844
2016-06-01,145.955,0.001407,0.001407,0.014281,0.002845
2016-06-02,145.908,-0.000322,0.001084,0.001221,0.000343
2016-06-03,145.95,0.000288,0.001372,0.00151,0.000346
2016-06-06,145.925,-0.000171,0.001201,0.001338,0.00035
2016-06-07,145.9,-0.000171,0.001029,0.000949,0.000352
2016-06-08,145.75,-0.001028,-0.001405,0.00024,0.00042
2016-06-09,145.7458,-2.9e-05,-0.001112,9e-05,0.000419
2016-06-10,145.548,-0.001357,-0.002754,-0.001386,0.000517
2016-06-13,145.0131,-0.003675,-0.006249,-0.005056,0.000957
2016-06-14,144.7474,-0.001832,-0.0079,-0.006811,0.001018
2016-06-15,144.725,-0.000155,-0.007033,-0.006964,0.001016
2016-06-16,144.75,0.000173,-0.006832,-0.006691,0.001021
2016-06-17,144.5893,-0.00111,-0.006587,-0.007964,0.001028
2016-06-20,144.5,-0.000618,-0.003538,-0.008576,0.001025
2016-06-21,144.5385,0.000266,-0.001443,-0.008312,0.001032
2016-06-22,145.1935,0.004532,0.003237,-0.003818,0.001514
2016-06-23,145.25,0.000389,0.003454,-0.003431,0.001519
2016-06-24,145.25,0.0,0.004569,-0.003431,0.001519
2016-06-27,145.25,0.0,0.00519,-0.003431,0.001519
2016-06-28,145.25,0.0,0.004923,-0.003431,0.001519
2016-06-29,145.25,0.0,0.000389,-0.00483,0.001474
2016-06-30,145.25,0.0,0.0,-0.00451,0.001475
2016-07-01,145.25,0.0,0.0,-0.004796,0.001471
2016-07-04,145.25,0.0,0.0,-0.004626,0.001472
2016-07-05,145.246,-2.8e-05,-2.8e-05,-0.004483,0.001472
2016-07-07,145.246,0.0,-2.8e-05,-0.003458,0.001461
2016-07-08,145.25,2.8e-05,0.0,-0.003402,0.001461
2016-07-11,145.25,0.0,0.0,-0.002047,0.001434
2016-07-12,145.25,0.0,0.0,0.001634,0.001162
2016-07-13,145.2477,-1.6e-05,1.2e-05,0.003456,0.001072
2016-07-14,145.25,1.6e-05,2.8e-05,0.003628,0.00107
2016-07-15,145.25,0.0,0.0,0.003454,0.001071
2016-07-18,145.25,0.0,0.0,0.004569,0.001029
2016-07-20,145.25,0.0,0.0,0.00519,0.001011
2016-07-21,145.25,0.0,1.6e-05,0.004923,0.001013
2016-07-22,145.75,0.003442,0.003442,0.003833,0.00077
2016-07-25,145.75,0.0,0.003442,0.003442,0.00077
2016-07-26,145.75,0.0,0.003442,0.003442,0.00077
2016-07-27,145.75,0.0,0.003442,0.003442,0.00077
2016-07-28,145.7466,-2.3e-05,0.003419,0.003419,0.00077
2016-07-29,145.7466,0.0,-2.3e-05,0.003419,0.00077
2016-08-01,145.75,2.3e-05,0.0,0.003442,0.00077
2016-08-02,145.75,0.0,0.0,0.003442,0.00077
2016-08-03,145.745,-3.4e-05,-3.4e-05,0.003408,0.00077
2016-08-04,145.7471,1.4e-05,3e-06,0.00345,0.00077
2016-08-05,145.6167,-0.000895,-0.000891,0.002552,0.000805
2016-08-08,145.6,-0.000115,-0.001029,0.00241,0.000807
2016-08-09,145.6,0.0,-0.001029,0.00241,0.000807
2016-08-10,145.6,0.0,-0.000995,0.00241,0.000807
2016-08-11,145.6,0.0,-0.001009,0.002426,0.000807
2016-08-12,145.5,-0.000687,-0.000801,0.001721,0.000827
2016-08-15,145.5,0.0,-0.000687,0.001721,0.000827
2016-08-16,145.5,0.0,-0.000687,0.001721,0.000827
2016-08-18,145.5,0.0,-0.000687,0.001721,0.000827
2016-08-19,145.5,0.0,-0.000687,0.001721,0.000827
2016-08-22,145.5,0.0,0.0,-0.001715,0.000245
2016-08-23,145.5,0.0,0.0,-0.001715,0.000245
2016-08-24,145.5,0.0,0.0,-0.001715,0.000245
2016-08-25,145.5111,7.6e-05,7.6e-05,-0.001639,0.000247
2016-08-26,145.8525,0.002346,0.002423,0.000727,0.000597
2016-08-29,145.6,-0.001731,0.000687,-0.001006,0.000716
2016-08-30,145.6286,0.000196,0.000884,-0.000833,0.000718
2016-08-31,145.62,-5.9e-05,0.000825,-0.000892,0.000718
2016-09-01,145.5564,-0.000437,0.000311,-0.001294,0.000723
2016-09-02,145.5118,-0.000306,-0.002336,-0.001614,0.000725
2016-09-05,145.4911,-0.000142,-0.000748,-0.000863,0.0007
2016-09-06,145.4175,-0.000506,-0.00145,-0.001253,0.000707
2016-09-07,145.4175,0.0,-0.001391,-0.001253,0.000707
2016-09-08,145.4333,0.000109,-0.000846,-0.001145,0.000708
2016-09-09,145.4214,-8.2e-05,-0.000621,-0.001227,0.000708
2016-09-13,145.1558,-0.001826,-0.002305,-0.002366,0.000801
2016-09-14,145.2978,0.000978,-0.000823,-0.00139,0.000837
2016-09-15,145.5983,0.002068,0.001243,0.000676,0.000964
2016-09-19,145.8126,0.001472,0.002608,0.002148,0.001016
2016-09-20,145.75,-0.000429,0.00226,0.001718,0.001023
2016-09-21,145.7706,0.000141,0.004235,0.00186,0.001023
2016-09-22,146.022,0.001725,0.004984,0.003588,0.001086
2016-09-23,145.9,-0.000835,0.002072,0.002749,0.001109
2016-09-26,146.2704,0.002539,0.00314,0.005218,0.001232
2016-09-27,146.3273,0.000389,0.003961,0.003255,0.001131
2016-09-28,146.3385,7.7e-05,0.003896,0.005072,0.00104
2016-09-29,146.4824,0.000983,0.003153,0.005863,0.001053
2016-09-30,146.7229,0.001642,0.00564,0.007574,0.001091
2016-10-03,146.8753,0.001039,0.004135,0.009061,0.001082
2016-10-04,146.7257,-0.001019,0.002723,0.008342,0.00112
2016-10-05,146.6698,-0.000381,0.002264,0.008102,0.001127
2016-10-06,146.753,0.000567,0.001847,0.009184,0.001107
2016-10-07,146.7414,-7.9e-05,0.000126,0.009104,0.001109
2016-10-10,146.8469,0.000719,-0.000193,0.00972,0.001107
2016-10-11,146.85,2.1e-05,0.000847,0.009824,0.001105
2016-10-12,146.9,0.00034,0.00157,0.012016,0.000963
2016-10-13,146.9,0.0,0.001002,0.011027,0.000967
2016-10-14,146.9,0.0,0.001081,0.00894,0.000905
2016-10-17,146.8976,-1.6e-05,0.000345,0.007441,0.000877
2016-10-18,146.8778,-0.000135,0.000189,0.007738,0.000865
2016-10-19,146.9,0.000151,0.0,0.007748,0.000865
2016-10-20,146.9,0.0,0.0,0.006013,0.000809
2016-10-21,146.9,0.0,0.0,0.006854,0.000768
2016-10-24,146.9,0.0,1.6e-05,0.004304,0.000569
2016-10-25,146.9,0.0,0.000151,0.003914,0.00057
2016-10-26,146.9,0.0,0.0,0.003837,0.000571
2016-10-27,146.9,0.0,0.0,0.002851,0.000541
2016-10-28,146.9667,0.000454,0.000454,0.001662,0.000419
2016-10-31,147.1136,0.001,0.001454,0.001622,0.000414
2016-11-01,147.3963,0.001922,0.003378,0.00457,0.000513
2016-11-02,147.3963,0.0,0.003378,0.004953,0.000496
2016-11-03,147.4,2.5e-05,0.003404,0.004409,0.000493
2016-11-04,147.73,0.002239,0.005194,0.006737,0.000662
2016-11-07,147.7283,-1.2e-05,0.004178,0.006002,0.00066
2016-11-08,147.7085,-0.000134,0.002118,0.005846,0.000664
2016-11-09,147.7471,0.000261,0.00238,0.005767,0.000664
2016-11-10,147.7471,0.0,0.002355,0.005767,0.000664
2016-11-11,147.75,2e-05,0.000135,0.005786,0.000664
2016-11-15,147.75,0.0,0.000147,0.005803,0.000664
2016-11-16,147.7475,-1.7e-05,0.000264,0.005921,0.00066
2016-11-17,147.746,-1e-05,-7e-06,0.005759,0.000663
2016-11-18,147.747,7e-06,-1e-06,0.005766,0.000663
2016-11-21,147.95,0.001374,0.001354,0.007148,0.000701
2016-11-22,147.95,0.0,0.001354,0.007148,0.000701
2016-11-23,147.95,0.0,0.001371,0.007148,0.000701
2016-11-24,147.9481,-1.3e-05,0.001368,0.007135,0.000702
2016-11-25,147.9481,0.0,0.001361,0.007135,0.000702
2016-11-28,147.95,1.3e-05,0.0,0.006691,0.000705
2016-11-29,147.95,0.0,0.0,0.005685,0.000691
2016-11-30,147.95,0.0,0.0,0.003757,0.000575
2016-12-01,147.95,0.0,1.3e-05,0.003757,0.000575
2016-12-02,147.964,9.5e-05,0.000107,0.003826,0.000574
2016-12-05,148.1,0.000919,0.001014,0.002505,0.000364
2016-12-06,148.3,0.00135,0.002366,0.00387,0.000453
2016-12-07,148.3,0.0,0.002366,0.004005,0.000449
2016-12-08,148.6548,0.002392,0.004764,0.006144,0.000665
2016-12-09,148.6929,0.000256,0.004926,0.006401,0.000661
2016-12-14,148.6874,-3.7e-05,0.003966,0.006345,0.000663
2016-12-15,148.6874,0.0,0.002612,0.006345,0.000663
2016-12-16,149.095,0.002741,0.005361,0.00912,0.00085
2016-12-19,149.0933,-1.1e-05,0.00295,0.009119,0.00085
2016-12-20,149.08,-8.9e-05,0.002603,0.009022,0.000853
2016-12-21,149.0425,-0.000252,0.002388,0.007384,0.000838
2016-12-22,149.295,0.001694,0.004086,0.009091,0.000883
2016-12-23,149.295,0.0,0.001341,0.009091,0.000883
2016-12-27,149.4231,0.000858,0.002212,0.00997,0.00088
2016-12-28,149.5,0.000515,0.002817,0.010489,0.000873
2016-12-29,149.7975,0.00199,0.005066,0.012487,0.000922
2016-12-30,149.8,1.7e-05,0.003383,0.012504,0.000922
2017-01-02,149.9747,0.001166,0.004553,0.013685,0.000917
2017-01-03,150.0,0.000169,0.003861,0.013856,0.000911
2017-01-04,150.0,0.0,0.003344,0.01376,0.000915
2017-01-05,149.9992,-5e-06,0.001346,0.012824,0.000926
2017-01-06,150.0,5e-06,0.001335,0.011463,0.00092
2017-01-09,149.9983,-1.1e-05,0.000157,0.011452,0.00092
2017-01-10,150.0,1.1e-05,0.0,0.009049,0.000821
2017-01-11,149.9828,-0.000115,-0.000115,0.008675,0.00083
2017-01-13,150.0,0.000115,5e-06,0.008828,0.000826
2017-01-16,150.0402,0.000268,0.000268,0.009098,0.000821
2017-01-17,150.1222,0.000547,0.000826,0.00689,0.000621
2017-01-18,150.1363,9.4e-05,0.000909,0.006996,0.000618
2017-01-19,150.15,9.1e-05,0.001115,0.007177,0.000613
2017-01-20,150.1424,-5.1e-05,0.000949,0.00738,0.000604
2017-01-23,150.15,5.1e-05,0.000732,0.005727,0.00052
2017-01-24,150.1478,-1.5e-05,0.000171,0.005712,0.00052
2017-01-25,150.15,1.5e-05,9.1e-05,0.004865,0.000505
2017-01-26,150.2494,0.000662,0.000662,0.005013,0.000511
2017-01-27,150.25,4e-06,0.000717,0.003021,0.000307
2017-01-30,150.25,0.0,0.000666,0.003004,0.000308
2017-01-31,150.2429,-4.7e-05,0.000633,0.001788,0.000196
2017-02-01,150.3246,0.000544,0.001163,0.002164,0.00022
2017-02-02,150.5,0.001167,0.001668,0.003333,0.000322
2017-02-03,150.5,0.0,0.001664,0.003339,0.000321
2017-02-06,150.5,0.0,0.001664,0.003333,0.000322
2017-02-07,150.75,0.001661,0.003375,0.005011,0.00046
2017-02-08,150.75,0.0,0.00283,0.005,0.000461
2017-02-09,150.75,0.0,0.001661,0.005115,0.000457
2017-02-13,150.7474,-1.7e-05,0.001644,0.004983,0.00046
2017-02-14,150.7306,-0.000111,0.001532,0.004601,0.000467
2017-02-15,150.7456,0.0001,-2.9e-05,0.004153,0.000461
2017-02-16,150.7416,-2.7e-05,-5.6e-05,0.004032,0.000464
2017-02-17,150.7482,4.4e-05,-1.2e-05,0.003984,0.000464
2017-02-20,150.8214,0.000486,0.000491,0.004522,0.000465
2017-02-21,151.1245,0.00201,0.002613,0.00649,0.00061
2017-02-22,151.2426,0.000781,0.003297,0.007291,0.000612
2017-02-23,151.235,-5e-05,0.003273,0.007226,0.000614
2017-02-27,151.25,9.9e-05,0.003329,0.00666,0.000613
2017-02-28,151.25,0.0,0.002842,0.006656,0.000613
2017-03-01,151.25,0.0,0.00083,0.006656,0.000613
2017-03-02,151.2476,-1.6e-05,3.3e-05,0.006687,0.000612
2017-03-03,151.25,1.6e-05,9.9e-05,0.006156,0.000614
2017-03-06,151.25,0.0,0.0,0.004983,0.000582
2017-03-07,151.2371,-8.5e-05,-8.5e-05,0.004898,0.000585
2017-03-08,151.2534,0.000108,2.2e-05,0.005006,0.000583
2017-03-09,151.35,0.000639,0.000677,0.00398,0.00049
2017-03-10,151.35,0.0,0.000661,0.00398,0.00049
2017-03-13,151.35,0.0,0.000661,0.00398,0.00049
2017-03-14,151.3494,-4e-06,0.000743,0.003993,0.00049
2017-03-15,151.35,4e-06,0.000639,0.004109,0.000486
2017-03-16,151.3469,-2e-05,-2e-05,0.003989,0.000489
2017-03-17,151.308,-0.000257,-0.000278,0.003757,0.000497
2017-03-20,151.3138,3.8e-05,-0.000239,0.003752,0.000497
2017-03-21,151.3939,0.000529,0.000294,0.003796,0.000498
2017-03-22,151.6083,0.001416,0.001707,0.003201,0.00039
2017-03-23,151.6,-5.5e-05,0.001672,0.002363,0.000364
2017-03-24,151.6,0.0,0.00193,0.002413,0.000363
2017-03-27,151.6,0.0,0.001891,0.002314,0.000364
2017-03-28,151.6943,0.000622,0.001984,0.002938,0.00038
2017-03-29,151.6943,0.0,0.000567,0.002938,0.00038
2017-03-30,151.7,3.8e-05,0.00066,0.002991,0.000379
2017-03-31,151.7354,0.000233,0.000893,0.003209,0.000378
2017-04-03,151.6,-0.000892,0.0,0.002314,0.000444
2017-04-04,151.6,0.0,-0.000622,0.0024,0.000443
2017-04-05,151.6,0.0,-0.000622,0.002292,0.000444
2017-04-06,151.6,0.0,-0.000659,0.001652,0.000427
2017-04-07,151.6,0.0,-0.000892,0.001652,0.000427
2017-04-11,151.6,0.0,0.0,0.001652,0.000427
2017-04-12,151.6133,8.8e-05,8.8e-05,0.001744,0.000426
2017-04-17,151.6,-8.8e-05,0.0,0.001652,0.000428
2017-04-18,151.9,0.001979,0.001979,0.003655,0.000601
2017-04-19,151.9,0.0,0.001979,0.003913,0.000594
2017-04-20,151.9,0.0,0.001979,0.003874,0.000594
2017-04-21,151.9,0.0,0.001891,0.003343,0.00059
2017-04-24,151.9,0.0,0.001979,0.001924,0.000512
2017-04-25,151.8985,-1e-05,-1e-05,0.001969,0.000512
2017-04-26,151.9,1e-05,0.0,0.001979,0.000512
2017-04-27,151.9,0.0,0.0,0.001979,0.000512
2017-04-28,151.9,0.0,0.0,0.001356,0.000497
2017-05-02,151.9,0.0,0.0,0.001356,0.000497
2017-05-03,151.9,0.0,1e-05,0.001318,0.000497
2017-05-04,152.0391,0.000916,0.000916,0.002002,0.000531
2017-05-05,152.0455,4.2e-05,0.000958,0.002939,0.000478
2017-05-08,152.3154,0.001775,0.002735,0.004719,0.000599
2017-05-09,152.3154,0.0,0.002735,0.004719,0.000599
2017-05-12,152.3,-0.000101,0.002633,0.004617,0.000601
2017-05-15,152.3769,0.000505,0.002222,0.005125,0.000602
2017-05-16,152.3,-0.000505,0.001674,0.004617,0.000623
2017-05-17,152.3667,0.000438,0.000337,0.004969,0.000624
2017-05-18,152.3295,-0.000244,9.3e-05,0.004812,0.000629
2017-05-19,152.5,0.001119,0.001313,0.00395,0.000525
2017-05-22,152.5,0.0,0.000808,0.00395,0.000525
2017-05-23,152.5,0.0,0.001313,0.00395,0.000525
2017-05-24,152.5,0.0,0.000875,0.00395,0.000525
2017-05-25,152.5,0.0,0.001119,0.00395,0.000525
2017-05-26,152.5,0.0,0.0,0.00396,0.000525
2017-05-29,152.5,0.0,0.0,0.00395,0.000525
2017-05-30,152.5,0.0,0.0,0.00395,0.000525
2017-05-31,152.5,0.0,0.0,0.00395,0.000525
2017-06-01,152.5,0.0,0.0,0.00395,0.000525
2017-06-02,152.5,0.0,0.0,0.00395,0.000525
2017-06-05,152.5,0.0,0.0,0.003031,0.000498
2017-06-06,152.4966,-2.2e-05,-2.2e-05,0.002967,0.000499
2017-06-07,152.4786,-0.000118,-0.00014,0.001071,0.000323
2017-06-09,152.5,0.00014,0.0,0.001212,0.000323
2017-06-12,152.5,0.0,0.0,0.001313,0.000321
2017-06-13,152.5,0.0,0.0,0.000808,0.000304
2017-06-14,152.5,0.0,2.2e-05,0.001313,0.000276
2017-06-15,152.5,0.0,0.00014,0.000875,0.000262
2017-06-16,152.5,0.0,0.0,0.001119,0.000254
2017-06-19,152.85,0.002295,0.002295,0.002295,0.000515
2017-06-20,153.0236,0.001136,0.003433,0.003433,0.000562
2017-06-21,153.2658,0.001583,0.005022,0.005022,0.000642
2017-06-22,153.3313,0.000427,0.005451,0.005451,0.000641
2017-06-23,153.3453,9.1e-05,0.005543,0.005543,0.000639
2017-06-27,153.2334,-0.00073,0.002508,0.004809,0.000675
2017-06-28,153.2668,0.000218,0.001589,0.005028,0.000673
2017-06-29,153.313,0.000301,0.000308,0.005331,0.000671
2017-06-30,153.51,0.001285,0.001165,0.006623,0.000704
2017-07-03,153.51,0.0,0.001074,0.006623,0.000704
2017-07-04,153.5427,0.000213,0.002018,0.006837,0.000701
2017-07-05,153.6163,0.000479,0.00228,0.00732,0.000697
2017-07-06,153.7243,0.000703,0.002683,0.008051,0.000694
2017-07-07,153.7096,-9.6e-05,0.0013,0.008073,0.000694
2017-07-10,153.6625,-0.000306,0.000993,0.007623,0.000709
2017-07-11,153.7217,0.000385,0.001166,0.008011,0.000704
2017-07-12,153.6652,-0.000368,0.000318,0.007641,0.000719
2017-07-13,153.7047,0.000257,-0.000128,0.0079,0.000714
2017-07-14,153.7125,5.1e-05,1.9e-05,0.007951,0.000713
2017-07-17,153.7303,0.000116,0.000441,0.008068,0.00071
2017-07-18,153.7026,-0.00018,-0.000124,0.005578,0.000563
2017-07-19,153.7072,3e-05,0.000273,0.004467,0.000528
2017-07-20,153.751,0.000285,0.000301,0.003166,0.000421
2017-07-21,153.6808,-0.000457,-0.000206,0.002279,0.000437
2017-07-24,153.7052,0.000159,-0.000163,0.002347,0.000437
2017-07-25,153.581,-0.000808,-0.000791,0.002268,0.000446
2017-07-26,153.5212,-0.000389,-0.00121,0.00166,0.000459
2017-07-27,153.5738,0.000343,-0.001153,0.001701,0.00046
2017-07-28,153.7357,0.001054,0.000357,0.00147,0.00043
2017-07-31,153.7278,-5.1e-05,0.000147,0.001419,0.00043
2017-08-01,153.6111,-0.000759,0.000196,0.000445,0.000467
2017-08-02,153.5068,-0.000679,-9.4e-05,-0.000713,0.000479
2017-08-03,153.4864,-0.000133,-0.000569,-0.001548,0.000447
2017-08-04,153.4948,5.5e-05,-0.001567,-0.001397,0.000447
2017-08-08,153.3579,-0.000892,-0.002406,-0.001982,0.000482
2017-08-09,153.326,-0.000208,-0.001856,-0.002574,0.000468
2017-08-10,153.2262,-0.000651,-0.001828,-0.002857,0.00048
2017-08-11,153.1871,-0.000255,-0.00195,-0.003367,0.000471
2017-08-14,153.0729,-0.000745,-0.002749,-0.004161,0.000485
2017-08-15,153.12,0.000308,-0.001551,-0.00397,0.000494
2017-08-16,153.208,0.000575,-0.00077,-0.003218,0.000523
2017-08-17,153.2016,-4.2e-05,-0.000161,-0.003289,0.000522
2017-08-18,153.315,0.00074,0.000835,-0.002836,0.000552
2017-08-21,153.3472,0.00021,0.001792,-0.002171,0.000552
2017-08-22,153.3,-0.000308,0.001176,-0.002636,0.00055
2017-08-23,153.15,-0.000978,-0.000379,-0.002806,0.000562
2017-08-24,152.9127,-0.001549,-0.001886,-0.003964,0.000643
2017-08-25,152.944,0.000205,-0.00242,-0.004101,0.000638
2017-08-28,152.9633,0.000126,-0.002503,-0.005024,0.000571
2017-08-29,152.9208,-0.000278,-0.002474,-0.00525,0.00057
2017-08-30,152.7582,-0.001063,-0.002558,-0.005552,0.000587
2017-08-31,152.835,0.000503,-0.000508,-0.004376,0.000604
2017-09-04,152.7656,-0.000454,-0.001166,-0.004696,0.000606
2017-09-06,152.5028,-0.00172,-0.003011,-0.006463,0.000686
2017-09-07,152.5607,0.00038,-0.002355,-0.005198,0.000689
2017-09-08,152.7098,0.000977,-0.000317,-0.004019,0.000743
2017-09-11,152.8017,0.000602,-0.000218,-0.00277,0.000756
2017-09-12,152.849,0.00031,0.000546,-0.002207,0.000762
2017-09-13,152.8371,-7.8e-05,0.002192,-0.00154,0.000747
2017-09-14,152.9124,0.000493,0.002305,-0.001356,0.000753
2017-09-15,153.1269,0.001403,0.002731,-0.000529,0.000811
2017-09-18,152.9684,-0.001035,0.001091,-0.001522,0.000842
2017-09-19,152.9692,5e-06,0.000786,-0.002255,0.00082
2017-09-20,153.1959,0.001482,0.002348,-0.000987,0.000892
2017-09-21,153.0503,-0.00095,0.000902,-0.001629,0.000913
2017-09-22,152.8252,-0.001471,-0.00197,-0.002121,0.000945
2017-09-25,152.8067,-0.000121,-0.001057,-0.000693,0.000882
2017-09-26,152.9434,0.000895,-0.000169,-4e-06,0.000905
2017-09-27,153.0245,0.00053,-0.001119,0.0004,0.000913
2017-09-28,153.1024,0.000509,0.00034,0.001188,0.000916
2017-09-29,153.0983,-2.7e-05,0.001787,0.002226,0.000878
2017-10-02,153.1072,5.8e-05,0.001967,0.001781,0.000873
2017-10-03,153.1394,0.00021,0.001282,0.002447,0.000864
2017-10-04,153.2121,0.000475,0.001226,0.004651,0.000749
2017-10-06,153.3286,0.00076,0.001477,0.005033,0.000758
2017-10-09,153.2603,-0.000445,0.001058,0.003605,0.000753
2017-10-10,153.2885,0.000184,0.001184,0.003186,0.000746
2017-10-11,153.3903,0.000664,0.001638,0.003541,0.000754
2017-10-12,153.465,0.000487,0.001651,0.004108,0.000755
2017-10-13,153.6258,0.001048,0.001938,0.004665,0.000776
2017-10-16,153.7464,0.000785,0.003172,0.004046,0.000738
2017-10-17,153.6527,-0.000609,0.002376,0.004473,0.000706
2017-10-19,153.619,-0.000219,0.001491,0.004248,0.000711
2017-10-20,153.6976,0.000512,0.001516,0.003275,0.000651
2017-10-23,153.6467,-0.000331,0.000136,0.003897,0.000608
2017-10-24,153.7473,0.000655,6e-06,0.006034,0.000472
2017-10-25,153.7845,0.000242,0.000858,0.006399,0.000462
2017-10-26,153.8586,0.000482,0.00156,0.005984,0.000444
2017-10-27,153.8,-0.000381,0.000666,0.005068,0.000465
2017-10-30,153.5628,-0.001542,-0.000546,0.003007,0.000609
2017-10-31,153.5903,0.000179,-0.001021,0.003214,0.000608
2017-11-01,153.5915,8e-06,-0.001255,0.003163,0.000609
2017-11-02,153.698,0.000693,-0.001044,0.003648,0.00062
2017-11-06,153.6598,-0.000249,-0.000912,0.002922,0.000623
2017-11-07,153.6279,-0.000208,0.000424,0.001952,0.000611
2017-11-08,153.4353,-0.001254,-0.001009,0.001142,0.000672
2017-11-09,153.3588,-0.000499,-0.001515,0.000459,0.000683
2017-11-10,153.5123,0.001001,-0.001208,0.000795,0.000703
2017-11-13,153.6339,0.000792,-0.000169,0.001101,0.000717
2017-11-14,153.6184,-0.000101,-6.2e-05,-4.8e-05,0.000678
2017-11-15,153.6061,-8e-05,0.001113,-0.000913,0.000652
2017-11-16,153.7806,0.001136,0.00275,0.000832,0.000688
2017-11-17,153.792,7.4e-05,0.001822,0.001126,0.000686
2017-11-20,153.6468,-0.000944,8.4e-05,-0.000331,0.000712
2017-11-21,153.7552,0.000706,0.000891,0.000706,0.000725
2017-11-22,153.8167,0.0004,0.001371,0.000451,0.000716
2017-11-23,153.776,-0.000265,-3e-05,-5.5e-05,0.000717
2017-11-24,153.6767,-0.000646,-0.00075,-0.001182,0.000721
2017-11-27,153.7513,0.000485,0.00068,-0.000317,0.000726
2017-11-28,153.6152,-0.000885,-0.000911,0.000341,0.000666
2017-11-29,153.7396,0.00081,-0.000501,0.000972,0.000689
2017-11-30,153.7652,0.000167,-7e-05,0.001131,0.000689
2017-12-04,153.6882,-0.000501,7.5e-05,-6.4e-05,0.000683
2017-12-05,153.6153,-0.000474,-0.000885,-0.00029,0.000689
2017-12-06,153.3869,-0.001487,-0.001486,-0.001569,0.000763
2017-12-07,153.3314,-0.000362,-0.002655,-0.000677,0.000715
2017-12-08,153.3593,0.000182,-0.00264,3e-06,0.000708
2017-12-11,153.17,-0.001234,-0.003372,-0.00223,0.000718
2017-12-12,153.0573,-0.000736,-0.003632,-0.003753,0.000698
2017-12-13,153.0136,-0.000286,-0.002434,-0.003937,0.000698
2017-12-14,153.1463,0.000867,-0.001207,-0.002993,0.000738
2017-12-15,153.3441,0.001292,-9.9e-05,-0.002838,0.000753
2017-12-18,153.2297,-0.000746,0.00039,-0.003656,0.000762
2017-12-19,153.1593,-0.000459,0.000666,-0.003173,0.000744
2017-12-20,153.1487,-6.9e-05,0.000883,-0.003945,0.000717
2017-12-21,153.0594,-0.000583,-0.000567,-0.004923,0.000707
2017-12-22,152.9524,-0.000699,-0.002554,-0.005356,0.000715
2017-12-26,152.942,-6.8e-05,-0.001878,-0.004781,0.00071
2017-12-27,152.7775,-0.001076,-0.002493,-0.006334,0.000712
2017-12-28,152.6243,-0.001003,-0.003424,-0.006451,0.000717
2017-12-29,152.8548,0.00151,-0.001337,-0.005755,0.000789
2018-01-02,153.4697,0.004023,0.003382,-0.001922,0.001245
2018-01-03,153.6377,0.001095,0.004549,-0.000329,0.001269
2018-01-04,153.7699,0.00086,0.006496,0.001006,0.001279
2018-01-05,153.6506,-0.000776,0.006724,0.001719,0.001243
2018-01-08,153.5567,-0.000611,0.004592,0.001469,0.001249
2018-01-09,153.8052,0.001618,0.002186,0.002908,0.001296
2018-01-10,153.8203,9.8e-05,0.001189,0.004246,0.001255
2018-01-11,153.7661,-0.000352,-2.5e-05,0.004631,0.001242
2018-01-12,153.781,9.7e-05,0.000849,0.005015,0.001237
2018-01-16,153.91,0.000839,0.002301,0.004987,0.001236
2018-01-17,153.9215,7.5e-05,0.000756,0.003765,0.001212
2018-01-18,153.8569,-0.00042,0.000238,0.004093,0.001201
2018-01-19,153.8803,0.000152,0.000743,0.004708,0.001191
2018-01-22,153.9447,0.000419,0.001065,0.005198,0.001189
2018-01-23,154.0135,0.000447,0.000672,0.006234,0.001173
2018-01-24,154.0688,0.000359,0.000957,0.007299,0.001149
2018-01-25,153.9389,-0.000843,0.000533,0.006518,0.001177
2018-01-26,153.7388,-0.0013,-0.00092,0.006292,0.001192
2018-01-29,153.7329,-3.8e-05,-0.001376,0.007264,0.001155
2018-01-30,153.7682,0.00023,-0.001593,0.005976,0.001123
2018-02-01,153.9449,0.001149,-0.000804,0.003096,0.000739
2018-02-02,154.1543,0.00136,0.001399,0.003362,0.000759
2018-02-06,154.2579,0.000672,0.003377,0.003174,0.000751
2018-02-07,154.5527,0.001911,0.005333,0.005871,0.000813
2018-02-08,154.5862,0.000217,0.00532,0.006704,0.000785
2018-02-09,154.4876,-0.000638,0.003525,0.004437,0.000752
2018-02-12,154.3075,-0.001166,0.000994,0.003167,0.000814
2018-02-14,154.7384,0.002792,0.003115,0.006323,0.000994
2018-02-15,155.5955,0.005539,0.006747,0.011799,0.001531
2018-02-16,155.3239,-0.001746,0.004772,0.009187,0.001615
2018-02-19,155.0773,-0.001588,0.003817,0.007509,0.001678
2018-02-20,155.2901,0.001372,0.006368,0.009315,0.001681
2018-02-21,155.3787,0.000571,0.004138,0.009737,0.001679
2018-02-22,155.3944,0.000101,-0.001292,0.009417,0.001681
2018-02-23,155.2255,-0.001087,-0.000634,0.007869,0.001717
2018-02-26,155.2474,0.000141,0.001097,0.00765,0.001718
2018-02-27,155.0075,-0.001545,-0.00182,0.006942,0.001751
2018-02-28,154.8718,-0.000875,-0.003262,0.00737,0.001733
2018-03-02,154.978,0.000686,-0.00268,0.008099,0.001731
2018-03-05,155.2269,0.001606,9e-06,0.009486,0.001751
2018-03-06,155.1488,-0.000503,-0.000635,0.00782,0.001757
2018-03-07,155.0849,-0.000412,0.000499,0.006037,0.00175
2018-03-08,155.2665,0.001171,0.002549,0.006538,0.001759
2018-03-09,155.5392,0.001756,0.003621,0.006383,0.001752
2018-03-12,155.478,-0.000393,0.001618,0.005769,0.001759
2018-03-13,155.6067,0.000828,0.002951,0.007244,0.001749
2018-03-14,155.7566,0.000963,0.004331,0.009391,0.001716
2018-03-15,155.8155,0.000378,0.003536,0.006961,0.001626
2018-03-16,155.9768,0.001035,0.002813,0.002451,0.001094
2018-03-19,156.0808,0.000667,0.003877,0.004873,0.001007
2018-03-20,156.1535,0.000466,0.003514,0.00694,0.00091
2018-03-21,156.1578,2.8e-05,0.002576,0.005588,0.00088
2018-03-22,155.9482,-0.001342,0.000852,0.003665,0.000948
2018-03-23,156.0539,0.000678,0.000494,0.004244,0.000954
2018-03-26,156.1428,0.00057,0.000397,0.005909,0.000906
2018-03-27,156.1261,-0.000107,-0.000175,0.00566,0.00091
2018-03-28,156.0632,-0.000403,-0.000606,0.006811,0.00082
2018-03-29,155.9725,-0.000581,0.000156,0.007107,0.0008
2018-04-02,155.8286,-0.000923,-0.001444,0.005489,0.000844
2018-04-03,155.3218,-0.003252,-0.005258,0.000611,0.001101
2018-04-04,155.4869,0.001063,-0.004094,0.002179,0.001116
2018-04-05,156.0464,0.003598,-0.000108,0.0062,0.001353
2018-04-06,155.5234,-0.003352,-0.002879,0.001655,0.001563
2018-04-09,155.5327,6e-05,-0.001899,-4.2e-05,0.001513
2018-04-10,155.5146,-0.000116,0.001241,0.000235,0.00151
2018-04-11,155.5679,0.000343,0.000521,-0.000249,0.0015
2018-04-12,155.7097,0.000911,-0.002158,-0.000301,0.001499
2018-04-16,155.7456,0.000231,0.001429,-0.000449,0.001497
2018-04-17,155.9267,0.001163,0.002533,-0.000321,0.001502
2018-04-18,156.3307,0.002591,0.005248,0.001601,0.001606
2018-04-19,156.422,0.000584,0.00549,0.001719,0.001608
2018-04-20,156.2545,-0.001071,0.003499,0.000619,0.001628
2018-04-23,156.3441,0.000573,0.003843,0.002539,0.001599
2018-04-24,156.7727,0.002741,0.005426,0.004606,0.0017
2018-04-25,157.1356,0.002315,0.005149,0.006358,0.001762
2018-04-26,157.4628,0.002082,0.006654,0.008562,0.001802
2018-04-27,157.6459,0.001163,0.008905,0.010141,0.001798
2018-05-01,157.4737,-0.001092,0.007225,0.009625,0.001818
2018-05-02,157.7642,0.001845,0.006324,0.012421,0.00181
2018-05-03,157.7781,8.8e-05,0.004089,0.015814,0.001573
2018-05-04,157.8326,0.000345,0.002348,0.015086,0.001575
2018-05-08,157.7261,-0.000675,0.000509,0.010764,0.001453
2018-05-09,157.5276,-0.001259,0.000342,0.012887,0.001214
2018-05-10,157.7914,0.001675,0.000172,0.014522,0.001227
2018-05-11,157.8791,0.000556,0.00064,0.015204,0.001212
2018-05-14,157.8822,2e-05,0.000314,0.014876,0.00122
2018-05-15,157.9215,0.000249,0.001239,0.014205,0.001224
2018-05-16,158.0362,0.000726,0.003229,0.014707,0.001219
2018-05-17,158.5077,0.002983,0.00454,0.016553,0.001317
2018-05-18,158.0664,-0.002784,0.001186,0.011103,0.001476
2018-05-21,157.8118,-0.001611,-0.000446,0.008885,0.001553
2018-05-22,157.8376,0.000163,-0.000531,0.010132,0.001514
2018-05-23,157.8943,0.000359,-0.000898,0.009915,0.001514
2018-05-24,157.9682,0.000468,-0.003404,0.007626,0.001419
2018-05-25,158.0561,0.000556,-6.5e-05,0.005858,0.001345
2018-05-28,158.0433,-8.1e-05,0.001467,0.003687,0.001279
2018-05-30,157.9986,-0.000283,0.00102,0.002237,0.001261
2018-05-31,158.09,0.000578,0.001239,0.003914,0.001232
2018-06-01,158.1255,0.000225,0.000996,0.00229,0.00117
2018-06-04,158.5905,0.002941,0.003381,0.005149,0.00133
2018-06-05,158.5126,-0.000491,0.002969,0.004308,0.00134
2018-06-06,158.5708,0.000367,0.003622,0.005355,0.001323
2018-06-07,158.636,0.000411,0.003454,0.007036,0.001274
2018-06-08,158.8323,0.001237,0.00447,0.006597,0.001253
2018-06-11,158.9143,0.000516,0.002042,0.006557,0.001253
2018-06-12,159.1135,0.001254,0.003791,0.007799,0.001267
2018-06-13,159.6587,0.003426,0.006861,0.011,0.001437
2018-06-14,159.6003,-0.000366,0.006079,0.009897,0.00145
2018-06-18,159.8809,0.001758,0.006602,0.008663,0.001363
2018-06-19,159.8239,-0.000357,0.005724,0.011119,0.001153
2018-06-20,159.8939,0.000438,0.004905,0.013194,0.001036
2018-06-21,160.0279,0.000838,0.002312,0.013877,0.00103
2018-06-22,159.6106,-0.002608,6.5e-05,0.01087,0.001267
2018-06-25,158.9913,-0.00388,-0.005564,0.006477,0.001607
2018-06-26,158.6426,-0.002193,-0.007391,0.003711,0.001701
2018-06-28,158.6676,0.000158,-0.007669,0.00395,0.0017
2018-06-29,158.2569,-0.002588,-0.011067,0.001635,0.001809
2018-07-02,158.3634,0.000673,-0.007814,0.001729,0.001811
2018-07-03,158.4435,0.000506,-0.003445,0.002011,0.001813
2018-07-04,158.4355,-5e-05,-0.001305,-0.000977,0.001685
2018-07-05,158.5859,0.000949,-0.000515,0.000462,0.001696
2018-07-06,158.8105,0.001416,0.003498,0.001512,0.001723
2018-07-09,159.0784,0.001687,0.004515,0.002789,0.001759
2018-07-10,159.2333,0.000974,0.004985,0.002525,0.001752
2018-07-11,159.3281,0.000595,0.005634,0.002604,0.001753
2018-07-12,159.3652,0.000233,0.004914,0.001582,0.001733
2018-07-13,159.3721,4.3e-05,0.003536,-0.001795,0.001544
2018-07-16,159.4635,0.000574,0.002421,-0.000857,0.001549
2018-07-17,159.82,0.002236,0.003685,-0.000381,0.001582
2018-07-18,159.8951,0.00047,0.003559,0.000445,0.001584
2018-07-19,160.01,0.000719,0.004046,0.000726,0.001589
2018-07-20,159.9869,-0.000144,0.003858,-0.000256,0.001578
2018-07-23,160.0312,0.000277,0.00356,0.002635,0.001455
2018-07-24,159.5204,-0.003192,-0.001875,0.003328,0.00136
2018-07-25,159.4795,-0.000256,-0.002599,0.005275,0.001248
2018-07-26,159.5434,0.000401,-0.002916,0.00552,0.001248
2018-07-30,159.612,0.00043,-0.002343,0.008563,0.00105
2018-07-31,159.7087,0.000606,-0.002015,0.008495,0.001049
2018-08-01,159.7491,0.000253,0.001434,0.00824,0.00105
2018-08-02,159.5855,-0.001024,0.000665,0.007258,0.001094
2018-08-03,159.6628,0.000484,0.000748,0.006791,0.001086
2018-08-06,159.8111,0.000929,0.001247,0.006301,0.001065
2018-08-07,159.859,0.0003,0.000941,0.004907,0.001015
2018-08-08,159.8027,-0.000352,0.000336,0.003576,0.001008
2018-08-09,159.8744,0.000449,0.00181,0.003429,0.001006
2018-08-10,160.0374,0.00102,0.002346,0.004218,0.001024
2018-08-13,160.0429,3.4e-05,0.00145,0.004209,0.001024
2018-08-14,160.0946,0.000323,0.001474,0.003958,0.001021
2018-08-15,160.1096,9.4e-05,0.00192,0.001812,0.000901
2018-08-16,160.1768,0.00042,0.001891,0.001762,0.0009
2018-08-17,160.4394,0.001639,0.002512,0.002684,0.000955
2018-08-20,160.466,0.000166,0.002644,0.002995,0.000953
2018-08-21,160.596,0.00081,0.003132,0.003529,0.000964
2018-08-23,160.6166,0.000128,0.003167,0.006872,0.000551
2018-08-24,160.8,0.001142,0.003891,0.00828,0.00056
2018-08-27,160.8731,0.000455,0.002703,0.008334,0.00056
2018-08-28,161.0916,0.001358,0.003899,0.00927,0.000598
2018-08-29,161.2647,0.001075,0.004164,0.009743,0.000613
2018-08-30,161.3587,0.000583,0.00462,0.010076,0.000611
2018-08-31,161.473,0.000708,0.004185,0.011828,0.000495
2018-09-03,161.4909,0.000111,0.00384,0.01145,0.000506
2018-09-04,161.5684,0.00048,0.00296,0.010996,0.000499
2018-09-05,161.8671,0.001849,0.003735,0.012562,0.000574
2018-09-06,162.0424,0.001083,0.004237,0.014015,0.000533
2018-09-07,161.9807,-0.000381,0.003144,0.013175,0.000584
2018-09-10,161.7706,-0.001297,0.001732,0.01083,0.000721
2018-09-11,162.3613,0.003651,0.004908,0.014486,0.000991
2018-09-12,162.2853,-0.000468,0.002584,0.013684,0.001023
2018-09-13,162.5011,0.00133,0.002831,0.014937,0.001023
2018-09-14,162.805,0.00187,0.005089,0.016408,0.00105
2018-09-17,163.1284,0.001986,0.008393,0.01676,0.001067
2018-09-18,164.4062,0.007833,0.012595,0.024555,0.001882
2018-09-19,165.6326,0.00746,0.020626,0.031362,0.002338
2018-09-20,166.4663,0.005033,0.024401,0.03642,0.002437
2018-09-21,168.0316,0.009403,0.032103,0.044973,0.002964
2018-09-25,168.642,0.003633,0.033799,0.048292,0.00295
2018-09-26,168.803,0.000955,0.026744,0.04787,0.002959
2018-09-27,168.8687,0.000389,0.019538,0.047152,0.002978
2018-09-28,169.2383,0.002189,0.016652,0.048833,0.002951
2018-10-01,169.2762,0.000224,0.007407,0.048325,0.002967
2018-10-02,169.1966,-0.00047,0.003289,0.047716,0.002993
2018-10-03,169.2425,0.000271,0.002604,0.047498,0.003
2018-10-04,169.5961,0.002089,0.004307,0.047749,0.002999
2018-10-05,170.0072,0.002424,0.004543,0.049153,0.002984
2018-10-08,170.2896,0.001661,0.005987,0.051296,0.002918
2018-10-09,170.6859,0.002327,0.008802,0.055111,0.002778
2018-10-10,170.9457,0.001522,0.010064,0.052872,0.00278
2018-10-11,171.3034,0.002092,0.010067,0.055569,0.00269
2018-10-12,171.3456,0.000246,0.007873,0.054427,0.00273
2018-10-15,170.9078,-0.002555,0.00363,0.04977,0.002966
2018-10-16,170.3548,-0.003236,-0.00194,0.044299,0.003226
2018-10-17,170.9227,0.003334,-0.000135,0.039637,0.002956
2018-10-18,170.9331,6.1e-05,-0.002162,0.032002,0.002681
2018-10-19,171.2367,0.001776,-0.000636,0.028657,0.002556
2018-10-22,171.6692,0.002526,0.004455,0.021648,0.001765
2018-10-23,172.1625,0.002874,0.010611,0.020876,0.001715
2018-10-25,172.7322,0.003309,0.010587,0.023277,0.001788
2018-10-26,172.8276,0.000552,0.011083,0.023444,0.001785
2018-10-29,172.9639,0.000789,0.010087,0.022014,0.00177
2018-10-30,173.9718,0.005827,0.013413,0.027739,0.002047
2018-10-31,174.3762,0.002325,0.012858,0.030613,0.00201
2018-11-01,175.3557,0.005617,0.015188,0.036121,0.002184
2018-11-02,174.4937,-0.004916,0.00964,0.028878,0.002645
2018-11-05,174.342,-0.000869,0.007968,0.025498,0.002682
2018-11-07,174.5314,0.001086,0.003217,0.024909,0.00268
2018-11-08,174.8183,0.001644,0.002535,0.024211,0.00267
2018-11-09,175.1377,0.001827,-0.001243,0.024522,0.002673
2018-11-12,175.2614,0.000706,0.0044,0.023105,0.002667
2018-11-13,175.5942,0.001899,0.007182,0.024796,0.002663
2018-11-14,176.0527,0.002611,0.008716,0.030103,0.002524
2018-11-15,176.2254,0.000981,0.008049,0.034461,0.002272
2018-11-16,176.4816,0.001454,0.007673,0.032523,0.002239
2018-11-19,176.5966,0.000652,0.007618,0.033133,0.002222
2018-11-21,177.1682,0.003237,0.008964,0.034639,0.00225
2018-11-23,178.3986,0.006945,0.013325,0.0392,0.002534
2018-11-26,179.4631,0.005967,0.018372,0.042405,0.002685
2018-11-27,180.1114,0.003612,0.020568,0.04272,0.002693
2018-11-28,180.3916,0.001556,0.02149,0.043766,0.002672
2018-11-29,180.0474,-0.001908,0.016251,0.040954,0.002809
2018-11-30,179.6722,-0.002084,0.007139,0.032766,0.0028
2018-12-03,179.6165,-0.00031,0.000855,0.030052,0.002827
2018-12-04,178.8232,-0.004417,-0.007152,0.019774,0.002943
2018-12-05,178.9267,0.000579,-0.008121,0.025405,0.0026
2018-12-06,179.1033,0.000987,-0.005244,0.02731,0.002553
2018-12-07,179.1104,4e-05,-0.003127,0.026236,0.002569
2018-12-10,178.8155,-0.001646,-0.00446,0.022865,0.00265
2018-12-11,178.8981,0.000462,0.000419,0.021471,0.002649
2018-12-12,179.1527,0.001423,0.001263,0.022203,0.002648
2018-12-13,179.4668,0.001753,0.00203,0.022054,0.002646
2018-12-14,179.6566,0.001058,0.00305,0.020471,0.002622
2018-12-17,179.8685,0.001179,0.005889,0.020673,0.002622
2018-12-18,179.8466,-0.000122,0.005302,0.019067,0.002633
2018-12-19,180.0312,0.001026,0.004904,0.019449,0.002632
2018-12-20,180.4,0.002049,0.0052,0.018241,0.002591
2018-12-21,180.7979,0.002206,0.006353,0.013449,0.002196
2018-12-24,181.2244,0.002359,0.007538,0.009814,0.001861
2018-12-26,181.472,0.001366,0.009038,0.007554,0.001725
2018-12-27,181.7208,0.001371,0.009385,0.007368,0.001719
2018-12-28,182.2783,0.003068,0.010412,0.012391,0.001732
2018-12-31,182.7499,0.002587,0.010797,0.01713,0.001663
2019-01-01,182.9113,0.000883,0.009308,0.018344,0.00164
2019-01-02,182.5464,-0.001995,0.00592,0.020821,0.001275
2019-01-03,182.8568,0.0017,0.006251,0.021965,0.001278
2019-01-04,182.8783,0.000118,0.003292,0.021077,0.001296
2019-01-07,182.8278,-0.000276,0.000426,0.020755,0.001311
2019-01-08,182.5069,-0.001755,-0.002211,0.020644,0.001323
2019-01-09,182.4676,-0.000215,-0.000432,0.019953,0.001347
2019-01-10,182.6258,0.000867,-0.001263,0.019386,0.001343
2019-01-11,182.292,-0.001828,-0.003206,0.015742,0.001465
2019-01-14,181.8156,-0.002613,-0.005536,0.012017,0.001647
2019-01-16,182.2205,0.002227,-0.001569,0.013076,0.001683
2019-01-17,182.385,0.000903,-0.000453,0.014114,0.001674
2019-01-18,182.3121,-0.0004,-0.001718,0.012669,0.00169
2019-01-21,181.7405,-0.003135,-0.003025,0.007431,0.001851
2019-01-22,181.7506,5.6e-05,-0.000358,0.005269,0.0018
2019-01-23,181.85,0.000547,-0.002033,0.003452,0.001734
2019-01-24,182.263,0.002271,-0.000669,0.004359,0.001778
2019-01-25,181.8987,-0.001999,-0.002268,0.000979,0.001822
2019-01-28,181.6262,-0.001498,-0.000629,-0.003577,0.001706
2019-01-29,181.6271,5e-06,-0.00068,-0.006144,0.001579
2019-01-30,181.5259,-0.000557,-0.001782,-0.007574,0.001554
2019-01-31,179.8821,-0.009055,-0.013063,-0.014595,0.002472
2019-02-01,178.7208,-0.006456,-0.017471,-0.022619,0.002711
2019-02-05,177.5497,-0.006553,-0.022444,-0.029137,0.002948
2019-02-06,177.824,0.001545,-0.020939,-0.027369,0.003014
2019-02-07,178.0456,0.001246,-0.019172,-0.024445,0.003069
2019-02-08,177.5755,-0.00264,-0.012823,-0.026811,0.003074
2019-02-11,177.9469,0.002092,-0.00433,-0.02562,0.003133
2019-02-12,177.7812,-0.000931,0.001304,-0.024745,0.003131
2019-02-13,178.2212,0.002475,0.002234,-0.019769,0.00322
2019-02-14,178.5202,0.001678,0.002666,-0.020307,0.003193
2019-02-15,178.6319,0.000626,0.005949,-0.020578,0.003185
2019-02-18,178.7021,0.000393,0.004244,-0.019801,0.003198
2019-02-20,179.6789,0.005466,0.010674,-0.011344,0.003462
2019-02-21,179.6042,-0.000416,0.00776,-0.01181,0.00346
2019-02-22,179.5583,-0.000256,0.005815,-0.012602,0.00345
2019-02-25,179.482,-0.000425,0.004759,-0.015258,0.003383
2019-02-26,179.7118,0.00128,0.00565,-0.012023,0.003399
2019-02-27,179.8414,0.000721,0.000904,-0.009827,0.003405
2019-02-28,179.7994,-0.000234,0.001087,-0.010063,0.003403
2019-03-01,180.1021,0.001684,0.003029,-0.007844,0.003438
2019-03-05,179.6806,-0.00234,0.001107,-0.00112,0.002819
2019-03-06,179.5852,-0.000531,-0.000704,0.004837,0.00239
2019-03-07,178.5012,-0.006036,-0.007452,0.005359,0.002314
2019-03-08,178.4507,-0.000283,-0.007501,0.003524,0.002297
2019-03-11,178.3794,-0.0004,-0.009565,0.001875,0.002286
2019-03-12,178.5096,0.00073,-0.006517,0.00526,0.002196
2019-03-13,178.7689,0.001453,-0.004545,0.004619,0.002173
2019-03-14,178.9307,0.000905,0.002406,0.006466,0.00216
2019-03-15,178.88,-0.000283,0.002406,0.003697,0.002102
2019-03-18,178.7486,-0.000735,0.00207,0.001279,0.002081
2019-03-19,178.408,-0.001905,-0.000569,-0.001253,0.002122
2019-03-21,178.4624,0.000305,-0.001715,-0.001341,0.002121
2019-03-22,178.1267,-0.001881,-0.004493,-0.008639,0.001709
2019-03-25,178.0969,-0.000167,-0.004378,-0.008392,0.00171
2019-03-26,178.156,0.000332,-0.003315,-0.00781,0.001718
2019-03-27,177.8233,-0.001867,-0.003277,-0.009242,0.00175
2019-03-28,176.4251,-0.007863,-0.011416,-0.018289,0.002359
2019-03-29,176.13,-0.001673,-0.011209,-0.020637,0.002332
2019-04-01,175.555,-0.003265,-0.014273,-0.023606,0.002375
2019-04-02,174.7519,-0.004575,-0.019107,-0.029706,0.002388
2019-04-03,174.5033,-0.001423,-0.01867,-0.028814,0.00238
2019-04-04,174.6211,0.000675,-0.010225,-0.027642,0.00242
2019-04-05,174.7415,0.000689,-0.007883,-0.021063,0.002199
2019-04-08,174.844,0.000587,-0.00405,-0.020211,0.002223
2019-04-09,174.7209,-0.000704,-0.000177,-0.02051,0.00222
2019-04-10,174.7282,4.2e-05,0.001289,-0.021183,0.002196
2019-04-11,174.7157,-7.2e-05,0.000542,-0.022673,0.00213
2019-04-12,174.6648,-0.000291,-0.000439,-0.023841,0.002085
2019-04-16,174.6152,-0.000284,-0.001309,-0.023842,0.002085
2019-04-17,174.6477,0.000186,-0.000419,-0.022942,0.002106
2019-04-18,174.6659,0.000104,-0.000357,-0.020975,0.002117
2019-04-22,174.4335,-0.001331,-0.001615,-0.022576,0.002093
2019-04-23,174.7604,0.001874,0.000547,-0.018898,0.002189
2019-04-24,174.59,-0.000975,-0.000144,-0.019691,0.002181
2019-04-25,174.7458,0.000892,0.000562,-0.019142,0.002203
2019-04-26,175.0153,0.001542,0.002,-0.015791,0.00226
2019-04-29,175.24,0.001284,0.004624,-0.006717,0.001576
2019-04-30,175.4635,0.001275,0.004023,-0.003784,0.001582
2019-05-02,175.9381,0.002705,0.007722,0.002182,0.001534
2019-05-03,176.8017,0.004909,0.011765,0.01173,0.001474
2019-05-06,176.939,0.000777,0.010992,0.013958,0.001396
2019-05-07,177.62,0.003849,0.013581,0.017174,0.001564
2019-05-08,177.2202,-0.002251,0.010012,0.014185,0.001712
2019-05-09,176.103,-0.006304,0.000937,0.007201,0.002322
2019-05-10,175.529,-0.003259,-0.007198,0.004625,0.00245
2019-05-13,176.1648,0.003622,-0.004376,0.008222,0.002564
2019-05-14,176.5361,0.002108,-0.006102,0.010419,0.002588
2019-05-15,176.7966,0.001476,-0.00239,0.012205,0.002589
2019-05-16,176.4147,-0.00216,0.00177,0.010306,0.002656
2019-05-17,176.2791,-0.000769,0.004273,0.009341,0.002671
2019-05-21,175.8892,-0.002212,-0.001564,0.007004,0.002737
2019-05-22,176.1838,0.001675,-0.001996,0.010034,0.002722
2019-05-23,176.662,0.002714,-0.000761,0.010881,0.002751
2019-05-24,176.6843,0.000126,0.001528,0.011996,0.00273
2019-05-27,176.4884,-0.001109,0.001187,0.009972,0.002755
2019-05-28,176.1232,-0.002069,0.00133,0.00633,0.002801
2019-05-29,176.3195,0.001115,0.00077,0.00616,0.002798
2019-05-30,176.2329,-0.000491,-0.002429,0.004385,0.002794
2019-05-31,176.4128,0.001021,-0.001537,0.002698,0.00274
2019-06-03,176.4889,0.000431,3e-06,-0.001769,0.002503
2019-06-04,176.5159,0.000153,0.00223,-0.002391,0.002495
2019-06-06,176.4209,-0.000538,0.000575,-0.006751,0.002315
2019-06-07,176.4107,-5.8e-05,0.001009,-0.004568,0.002271
2019-06-10,176.4305,0.000112,0.0001,0.00186,0.001763
2019-06-11,176.4789,0.000274,-5.7e-05,0.005412,0.001577
2019-06-12,176.4514,-0.000156,-0.000365,0.001627,0.001366
2019-06-13,176.4977,0.000262,0.000435,-0.000218,0.001282
2019-06-14,176.6075,0.000622,0.001116,-0.00107,0.001244
2019-06-17,176.7413,0.000758,0.001762,0.001851,0.001151
2019-06-18,176.8799,0.000784,0.002272,0.003408,0.001142
2019-06-19,176.8237,-0.000318,0.00211,0.005313,0.001005
2019-06-20,176.765,-0.000332,0.001514,0.003299,0.000955
2019-06-21,176.6842,-0.000457,0.000434,0.000126,0.000752
2019-06-24,176.7773,0.000527,0.000204,0.000526,0.00076
2019-06-25,176.6818,-0.00054,-0.00112,0.001096,0.000725
2019-06-26,176.4128,-0.001523,-0.002324,0.001644,0.000647
2019-06-27,176.5776,0.000934,-0.00106,0.001464,0.000633
2019-06-28,176.5424,-0.000199,-0.000803,0.001756,0.000623
2019-07-01,176.5246,-0.000101,-0.001429,0.000634,0.000584
2019-07-02,176.3296,-0.001105,-0.001993,-0.000903,0.000628
2019-07-03,176.3445,8.5e-05,-0.000387,-0.000971,0.000627
2019-07-04,176.0964,-0.001407,-0.002725,-0.001839,0.000689
2019-07-05,176.0788,-0.0001,-0.002626,-0.001881,0.000689
2019-07-08,176.1646,0.000487,-0.002039,-0.001507,0.0007
2019-07-09,176.1689,2.4e-05,-0.000911,-0.001757,0.000696
2019-07-10,175.9131,-0.001452,-0.002446,-0.003051,0.00076
2019-07-11,175.5204,-0.002232,-0.003271,-0.005537,0.000883
2019-07-12,175.4623,-0.000331,-0.003501,-0.006484,0.000857
2019-07-15,175.5101,0.000272,-0.003715,-0.006966,0.000831
2019-07-17,175.6066,0.00055,-0.003192,-0.007199,0.000816
2019-07-18,175.6897,0.000473,-0.00127,-0.006413,0.000837
2019-07-19,175.6818,-4.5e-05,0.00092,-0.006128,0.00084
2019-07-22,175.8185,0.000778,0.00203,-0.0049,0.000873
2019-07-23,175.8648,0.000263,0.002021,-0.005162,0.000862
2019-07-24,176.0787,0.001216,0.002688,-0.003413,0.00092
2019-07-25,176.1681,0.000508,0.002723,-0.001387,0.000873
2019-07-26,176.1621,-3.4e-05,0.002734,-0.002353,0.000841
2019-07-29,176.1722,5.7e-05,0.002012,-0.002097,0.000842
2019-07-30,176.186,7.8e-05,0.001826,-0.001918,0.000843
2019-07-31,176.242,0.000318,0.000927,-0.000497,0.000813
2019-08-01,176.3463,0.000592,0.001012,1e-05,0.000824
2019-08-02,176.4103,0.000363,0.001409,0.001783,0.000757
2019-08-05,176.5943,0.001043,0.002396,0.002928,0.000785
2019-08-06,176.8192,0.001274,0.003594,0.003716,0.000822
2019-08-07,177.2986,0.002711,0.005995,0.006413,0.000995
2019-08-08,177.5744,0.001556,0.006964,0.009444,0.000939
2019-08-09,177.3123,-0.001476,0.005113,0.010209,0.000834
2019-08-13,176.8472,-0.002623,0.001432,0.007893,0.001077
2019-08-15,176.9031,0.000316,0.000474,0.007937,0.001077
2019-08-16,177.043,0.000791,-0.001442,0.00818,0.00108
2019-08-19,177.0103,-0.000185,-0.003177,0.007517,0.001088
2019-08-20,177.3646,0.002002,0.000295,0.009579,0.001141
2019-08-21,177.7501,0.002173,0.005106,0.010986,0.001202
2019-08-22,178.3839,0.003566,0.008371,0.014324,0.001375
2019-08-23,179.4669,0.006071,0.013691,0.019243,0.001824
2019-08-26,179.9776,0.002846,0.016763,0.021624,0.001868
2019-08-27,179.8292,-0.000825,0.013896,0.020817,0.001901
2019-08-28,179.6824,-0.000816,0.010871,0.019925,0.001934
2019-08-29,180.0718,0.002167,0.009462,0.022055,0.001939
2019-08-30,180.7243,0.003624,0.007006,0.025433,0.002009
2019-09-02,180.0171,-0.003913,0.000219,0.020816,0.002317
2019-09-03,179.6846,-0.001847,-0.000804,0.018561,0.002401
2019-09-04,180.2128,0.00294,0.002952,0.02049,0.002444
2019-09-05,180.5399,0.001815,0.0026,0.021042,0.00245
2019-09-06,180.6611,0.000671,-0.00035,0.018965,0.002419
2019-09-09,180.8506,0.001049,0.00463,0.01845,0.002415
2019-09-10,180.5674,-0.001566,0.004913,0.018358,0.002419
2019-09-11,180.3981,-0.000938,0.001028,0.020079,0.002317
2019-09-12,180.3541,-0.000244,-0.001029,0.019508,0.002329
2019-09-16,180.3466,-4.2e-05,-0.001741,0.01866,0.00234
2019-09-17,180.4781,0.000729,-0.00206,0.019591,0.002326
2019-09-18,180.6267,0.000823,0.000328,0.018392,0.002313
2019-09-19,180.8088,0.001008,0.002277,0.017208,0.002294
2019-09-20,180.9846,0.000972,0.003496,0.014579,0.002205
2019-09-23,181.0995,0.000635,0.004175,0.009097,0.001811
2019-09-24,181.2799,0.000996,0.004443,0.007236,0.001728
2019-09-25,181.4365,0.000864,0.004483,0.008938,0.001708
2019-09-26,181.4791,0.000235,0.003707,0.009999,0.001683
2019-09-27,181.7509,0.001498,0.004234,0.009325,0.001655
2019-09-30,181.9272,0.00097,0.00457,0.006656,0.001486
2019-10-01,181.9427,8.5e-05,0.003656,0.010697,0.001104
2019-10-02,182.3272,0.002113,0.004909,0.014707,0.001006
2019-10-03,182.119,-0.001142,0.003526,0.010577,0.000946
2019-10-04,181.6494,-0.002579,-0.000558,0.006145,0.001125
2019-10-07,181.457,-0.001059,-0.002585,0.004405,0.001161
2019-10-08,181.0633,-0.00217,-0.004833,0.001176,0.001259
2019-10-09,180.6316,-0.002384,-0.0093,0.000356,0.001326
2019-10-10,180.4535,-0.000986,-0.009145,0.000307,0.001328
2019-10-11,180.6293,0.000974,-0.005616,0.001526,0.001344
2019-10-14,180.6777,0.000268,-0.004295,0.001836,0.001344
2019-10-15,180.7469,0.000383,-0.001747,0.001489,0.001337
2019-10-16,181.7571,0.005589,0.006231,0.006258,0.001817
2019-10-17,181.8746,0.000646,0.007875,0.005895,0.001811
2019-10-18,182.0273,0.00084,0.00774,0.005761,0.001809
2019-10-21,181.9793,-0.000264,0.007204,0.004858,0.001811
2019-10-22,181.8116,-0.000922,0.005891,0.002933,0.00182
2019-10-23,181.6278,-0.001011,-0.000711,0.001054,0.001829
2019-10-24,181.4849,-0.000787,-0.002143,3.2e-05,0.001838
2019-10-25,181.1849,-0.001653,-0.004628,-0.003114,0.001838
2019-10-28,181.3109,0.000695,-0.003673,-0.003388,0.00183
2019-10-29,181.4573,0.000807,-0.001949,-0.002668,0.001843
2019-10-30,181.5614,0.000574,-0.000366,-0.0042,0.001775
2019-10-31,181.6011,0.000219,0.00064,-0.002844,0.001763
2019-11-01,181.3352,-0.001464,0.00083,-0.00173,0.001699
2019-11-04,181.2844,-0.00028,-0.000146,-0.000951,0.001684
2019-11-05,180.7581,-0.002903,-0.003853,-0.001686,0.00174
2019-11-06,180.0088,-0.004145,-0.008551,-0.003448,0.001899
2019-11-07,180.5518,0.003017,-0.005778,0.000545,0.002016
2019-11-08,180.9083,0.001975,-0.002354,0.001545,0.002053
2019-11-13,180.6983,-0.001161,-0.003233,0.000114,0.002071
2019-11-14,180.1982,-0.002768,-0.003098,-0.003036,0.002159
2019-11-15,180.2548,0.000314,0.001367,-0.008265,0.001693
2019-11-18,180.2128,-0.000233,-0.001878,-0.009137,0.001675
2019-11-19,179.9096,-0.001682,-0.00552,-0.011634,0.001667
2019-11-20,179.2694,-0.003558,-0.007908,-0.014891,0.001792
2019-11-21,179.1466,-0.000685,-0.005836,-0.014658,0.001792
2019-11-22,179.4674,0.001791,-0.004368,-0.011895,0.001877
2019-11-25,179.9723,0.002813,-0.001335,-0.008335,0.002024
2019-11-26,180.491,0.002882,0.003232,-0.00383,0.00213
2019-11-27,181.1855,0.003848,0.010688,-0.000692,0.002308
2019-11-28,181.001,-0.001018,0.010351,-0.002515,0.002309
2019-11-29,180.4323,-0.003142,0.005376,-0.006219,0.002398
2019-12-02,180.8879,0.002525,0.005087,-0.003927,0.002479
2019-12-03,180.9742,0.000477,0.002677,-0.001991,0.002464
2019-12-04,181.4671,0.002724,0.001554,0.001008,0.002543
2019-12-05,181.3196,-0.000813,0.00176,0.003106,0.002456
2019-12-06,181.2836,-0.000199,0.004718,0.007082,0.002242
2019-12-09,181.4231,0.00077,0.002959,0.004826,0.002156
2019-12-10,181.2534,-0.000935,0.001543,0.001908,0.002131
2019-12-12,181.1914,-0.000342,-0.001519,0.002729,0.002113
2019-12-13,180.8635,-0.00181,-0.002515,0.003692,0.002054
2019-12-16,181.0586,0.001079,-0.001241,0.004459,0.002063
2019-12-17,181.2795,0.00122,-0.000792,0.005919,0.002072
2019-12-18,181.1156,-0.000904,-0.00076,0.006703,0.00204
2019-12-19,181.1935,0.00043,1.2e-05,0.010733,0.001823
2019-12-20,181.3295,0.000751,0.002577,0.012185,0.0018
2019-12-23,181.3806,0.000282,0.001778,0.01066,0.001779
2019-12-24,181.294,-0.000477,8e-05,0.007344,0.001708
2019-12-26,181.3985,0.000576,0.001562,0.005028,0.001604
2019-12-27,181.3709,-0.000152,0.000979,0.001023,0.001363
2019-12-30,181.3597,-6.2e-05,0.000167,0.001982,0.00134
2019-12-31,181.634,0.001512,0.001397,0.00666,0.001137
2020-01-01,181.5011,-0.000732,0.001142,0.00339,0.001035
2020-01-02,181.028,-0.002607,-0.002042,0.000297,0.001203
2020-01-03,181.3687,0.001882,-1.2e-05,-0.000542,0.001114
2020-01-06,181.3198,-0.00027,-0.00022,1e-06,0.001101
2020-01-07,181.4523,0.000731,-0.001,0.000931,0.001111
2020-01-08,181.3102,-0.000783,-0.001052,-0.000622,0.001112
2020-01-09,181.4217,0.000615,0.002175,0.000929,0.0011
2020-01-13,181.4054,-9e-05,0.000202,0.001181,0.001097
2020-01-14,181.3012,-0.000574,-0.000103,0.00242,0.001018
2020-01-16,181.5279,0.00125,0.000417,0.002592,0.001027
2020-01-17,181.3814,-0.000807,0.000393,0.000562,0.001014
2020-01-20,181.3097,-0.000395,-0.000617,0.001072,0.000995
2020-01-21,181.3382,0.000157,-0.00037,0.000799,0.000992
2020-01-22,181.3344,-2.1e-05,0.000183,2.7e-05,0.000978
2020-01-23,181.4718,0.000758,-0.000309,0.000503,0.00099
2020-01-24,181.4156,-0.00031,0.000189,0.000671,0.000987
2020-01-27,181.4427,0.000149,0.000734,0.000244,0.000979
2020-01-28,181.5275,0.000467,0.001044,0.000863,0.000983
2020-01-29,181.5348,4e-05,0.001105,0.000965,0.000983
2020-01-30,181.4984,-0.000201,0.000147,-0.000747,0.000921
2020-01-31,181.5857,0.000481,0.000938,0.000466,0.000913
2020-02-03,181.4017,-0.001013,-0.000226,0.002064,0.000721
2020-02-05,181.4781,0.000421,-0.000272,0.000603,0.000594
2020-02-06,181.3973,-0.000445,-0.000757,0.000427,0.0006
2020-02-07,181.3408,-0.000311,-0.000868,-0.000614,0.00058
2020-02-10,181.3709,0.000166,-0.001183,0.000335,0.000553
2020-02-11,181.4241,0.000293,0.000123,1.3e-05,0.000539
2020-02-12,181.424,-1e-06,-0.000298,0.000103,0.000539
2020-02-13,181.4481,0.000133,0.00028,0.00081,0.000522
2020-02-14,181.4571,5e-05,0.000641,-0.00039,0.000438
2020-02-17,181.4757,0.000103,0.000578,0.00052,0.000397
2020-02-18,181.5334,0.000318,0.000602,0.001234,0.000389
2020-02-19,181.6199,0.000476,0.00108,0.001553,0.0004
2020-02-20,181.8976,0.001529,0.002477,0.003106,0.000514
2020-02-24,181.8423,-0.000304,0.002123,0.002042,0.000503
2020-02-25,181.7795,-0.000345,0.001674,0.002006,0.000504
2020-02-26,181.7458,-0.000185,0.00117,0.00167,0.000508
2020-02-27,181.687,-0.000324,0.000369,0.000879,0.000507
2020-02-28,181.8071,0.000661,-0.000498,0.0015,0.000526
2020-03-02,181.9261,0.000655,0.000461,0.002356,0.000537
2020-03-03,182.0821,0.000857,0.001665,0.002734,0.000557
2020-03-04,182.1086,0.000146,0.001996,0.003897,0.000486
2020-03-05,182.0347,-0.000406,0.001914,0.003067,0.000501
2020-03-06,181.9223,-0.000617,0.000634,0.002894,0.000513
2020-03-10,181.8312,-0.000501,-0.000522,0.002704,0.000524
2020-03-11,182.4495,0.0034,0.002018,0.005947,0.000899
2020-03-12,182.4348,-8.1e-05,0.001791,0.005571,0.000903
2020-03-13,182.8203,0.002113,0.004316,0.007696,0.000988
2020-03-17,183.6968,0.004794,0.009754,0.012393,0.001393
2020-03-18,185.0854,0.007559,0.017897,0.019995,0.002076
2020-03-19,184.9298,-0.000841,0.013594,0.019033,0.002108
2020-03-20,186.9384,0.010861,0.024686,0.029774,0.00305
2020-03-23,187.0,0.00033,0.022862,0.029623,0.003053
2020-03-24,187.0,0.0,0.017982,0.028051,0.003071
2020-03-25,189.25,0.012032,0.022501,0.040737,0.003852
2020-03-26,189.25,0.0,0.023361,0.041096,0.003842
2020-03-27,189.25,0.0,0.012366,0.04129,0.003836
2020-03-30,190.5,0.006605,0.018717,0.048506,0.003924
2020-03-31,188.6236,-0.00985,0.008682,0.037493,0.004778
2020-04-01,190.1563,0.008126,0.004789,0.045239,0.004967
2020-04-02,190.0,-0.000822,0.003963,0.043485,0.005006
2020-04-03,191.0,0.005263,0.009247,0.048825,0.005029
2020-04-06,194.8023,0.019907,0.022584,0.070138,0.006319
2020-04-08,198.4216,0.018579,0.051945,0.090694,0.007086
2020-04-09,199.7543,0.006717,0.050474,0.09857,0.007008
2020-04-15,192.9366,-0.03413,0.015456,0.057479,0.011172
2020-04-16,191.6919,-0.006451,0.003623,0.050742,0.011349
2020-04-17,192.6776,0.005142,-0.010907,0.053918,0.011363
2020-04-20,191.7233,-0.004953,-0.033758,0.043694,0.011477
2020-04-21,194.8458,0.016286,-0.024573,0.052735,0.011851
2020-04-22,192.6909,-0.01106,-0.001273,0.041968,0.012223
2020-04-23,192.72,0.000151,0.005363,0.030928,0.012054
2020-04-24,192.0,-0.003736,-0.003517,0.026738,0.012111
2020-04-27,192.0,0.0,0.001443,0.026738,0.012111
2020-04-28,192.5,0.002604,-0.012039,0.017173,0.011856
2020-04-29,192.7667,0.001385,0.000393,0.018582,0.011854
2020-04-30,192.85,0.000432,0.000675,0.019022,0.011852
2020-05-04,191.9692,-0.004567,-0.00016,0.007712,0.011838
2020-05-05,190.1281,-0.009591,-0.009749,0.007976,0.011826
2020-05-06,188.952,-0.006186,-0.018431,-0.006333,0.011771
2020-05-11,188.3479,-0.003197,-0.022923,-0.008695,0.011789
2020-05-12,188.1075,-0.001276,-0.024592,-0.015144,0.011715
2020-05-13,188.4262,0.001694,-0.018456,-0.032731,0.010693
2020-05-14,188.1954,-0.001225,-0.010165,-0.051538,0.009584
2020-05-15,188.0186,-0.000939,-0.00494,-0.058751,0.009343
2020-05-18,187.9868,-0.000169,-0.001917,-0.025655,0.005796
2020-05-19,187.59,-0.002111,-0.002751,-0.021398,0.005673
2020-05-20,187.6121,0.000118,-0.004321,-0.02629,0.005492
2020-05-21,187.2876,-0.00173,-0.004824,-0.023136,0.005426
2020-05-22,186.9062,-0.002036,-0.005916,-0.040748,0.003548
2020-05-26,185.6954,-0.006478,-0.012189,-0.036304,0.00305
2020-05-27,186.081,0.002077,-0.008044,-0.034449,0.003145
2020-05-28,186.1153,0.000184,-0.007978,-0.030649,0.003137
2020-05-29,186.2865,0.00092,-0.005345,-0.029758,0.003167
2020-06-01,186.1456,-0.000756,-0.004069,-0.03301,0.003024
2020-06-02,186.1136,-0.000172,0.002252,-0.034514,0.00296
2020-06-03,185.8628,-0.001348,-0.001173,-0.036231,0.002918
2020-06-04,185.7939,-0.000371,-0.001727,-0.032168,0.002862
2020-06-08,185.4808,-0.001685,-0.004325,-0.024443,0.002165
2020-06-09,185.0714,-0.002207,-0.005771,-0.020537,0.001846
2020-06-10,185.0856,7.7e-05,-0.005524,-0.017321,0.001788
2020-06-11,185.1107,0.000136,-0.004047,-0.015931,0.001799
2020-06-12,185.1677,0.000308,-0.00337,-0.017293,0.001723
2020-06-15,185.1799,6.6e-05,-0.001622,-0.016023,0.001733
2020-06-16,185.6585,0.002585,0.003172,-0.012552,0.001891
2020-06-17,185.9544,0.001594,0.004694,-0.010811,0.001954
2020-06-18,186.6082,0.003516,0.00809,-0.005234,0.002114
2020-06-19,186.5611,-0.000252,0.007525,-0.005602,0.002112
2020-06-22,186.5972,0.000194,0.007654,-0.003686,0.002086
2020-06-23,186.603,3.1e-05,0.005087,-0.001622,0.002041
2020-06-24,186.6693,0.000355,0.003844,0.005245,0.001377
2020-06-25,186.5942,-0.000402,-7.5e-05,0.002758,0.001315
2020-06-26,186.44,-0.000826,-0.000649,0.001745,0.001333
2020-06-29,186.1179,-0.001728,-0.002569,-0.000905,0.001376
2020-06-30,186.2292,0.000598,-0.002003,0.000449,0.001373
2020-07-01,186.2067,-0.000121,-0.002478,0.0005,0.001372
2020-07-02,186.2482,0.000223,-0.001854,0.002074,0.001334
2020-07-03,186.0915,-0.000841,-0.001869,0.001602,0.001347
2020-07-06,185.9691,-0.000658,-0.000799,0.002633,0.001295
2020-07-07,185.8686,-0.00054,-0.001936,0.004308,0.001185
2020-07-08,185.8464,-0.000119,-0.001935,0.004111,0.001187
2020-07-09,185.8278,-0.0001,-0.002257,0.003874,0.001189
2020-07-10,185.7142,-0.000611,-0.002027,0.002951,0.001202
2020-07-13,185.8664,0.00082,-0.000552,0.003707,0.001211
2020-07-14,185.9109,0.000239,0.000228,0.001359,0.001072
2020-07-15,185.8384,-0.00039,-4.3e-05,-0.000624,0.001014
2020-07-16,185.8084,-0.000161,-0.000104,-0.004286,0.000576
2020-07-17,185.8043,-2.2e-05,0.000485,-0.004057,0.000577
2020-07-20,185.7792,-0.000135,-0.000469,-0.004384,0.00057
2020-07-21,185.7477,-0.00017,-0.000878,-0.004584,0.000567
2020-07-22,185.776,0.000152,-0.000336,-0.004785,0.000558
2020-07-23,185.7909,8e-05,-9.4e-05,-0.004305,0.000561
2020-07-24,185.7495,-0.000223,-0.000295,-0.003704,0.000542
2020-07-27,185.7681,0.0001,-6e-05,-0.001879,0.000405
2020-07-28,185.7498,-9.9e-05,1.1e-05,-0.002574,0.000371
2020-07-29,185.7586,4.7e-05,-9.4e-05,-0.002406,0.000373
2020-07-30,185.7224,-0.000195,-0.000369,-0.002823,0.000365
2020-07-31,185.6769,-0.000245,-0.000391,-0.002228,0.000327
2020-08-04,185.6137,-0.00034,-0.000831,-0.001911,0.000306
2020-08-05,185.5532,-0.000326,-0.001058,-0.001697,0.000293
2020-08-06,185.5025,-0.000273,-0.001379,-0.00185,0.000296
2020-08-07,185.4435,-0.000318,-0.001502,-0.002068,0.0003
2020-08-10,185.3294,-0.000615,-0.001872,-0.002072,0.0003
2020-08-11,184.8127,-0.002788,-0.004315,-0.005669,0.000625
2020-08-12,184.2772,-0.002898,-0.006877,-0.008788,0.000842
2020-08-13,183.4614,-0.004427,-0.011003,-0.012791,0.001226
2020-08-14,182.645,-0.00445,-0.015091,-0.017025,0.001485
2020-08-17,182.8155,0.000934,-0.013564,-0.016086,0.001528
2020-08-18,183.3052,0.002679,-0.008157,-0.013317,0.001712
2020-08-19,184.0783,0.004218,-0.001079,-0.008987,0.002031
2020-08-20,185.2732,0.006491,0.009876,-0.002706,0.002556
2020-08-21,186.0642,0.004269,0.01872,0.001471,0.00274
2020-08-24,184.1213,-0.010442,0.007143,-0.008766,0.003612
2020-08-25,184.7242,0.003274,0.007741,-0.005619,0.003706
2020-08-26,186.1231,0.007573,0.011108,0.00201,0.004101
2020-08-27,186.3253,0.001086,0.005679,0.003051,0.004107
2020-08-28,186.2504,-0.000402,0.001001,0.002843,0.004108
2020-08-31,186.1578,-0.000497,0.011061,0.00259,0.004109
2020-09-02,186.1004,-0.000308,0.00745,0.002622,0.004109
2020-09-03,185.4189,-0.003662,-0.003784,-0.000724,0.004196
2020-09-04,185.2317,-0.00101,-0.005869,-0.00146,0.004201
2020-09-07,185.2125,-0.000104,-0.005573,-0.001246,0.004201
2020-09-08,184.7814,-0.002328,-0.007394,-0.002957,0.00423
2020-09-09,184.3959,-0.002086,-0.009159,-0.002255,0.00421
2020-09-10,184.3531,-0.000232,-0.005748,0.000412,0.004159
2020-09-11,184.736,0.002077,-0.002676,0.006948,0.004045
2020-09-14,184.5487,-0.001014,-0.003584,0.010423,0.003901
2020-09-15,184.2087,-0.001842,-0.003099,0.007621,0.003934
2020-09-16,184.4109,0.001098,8.1e-05,0.006032,0.003902
2020-09-17,184.8888,0.002591,0.002906,0.004403,0.003832
2020-09-18,184.9621,0.000396,0.001224,-0.001679,0.003539
2020-09-21,185.3935,0.002332,0.004578,-0.003605,0.003439
2020-09-22,185.5337,0.000756,0.007193,0.007671,0.002448
2020-09-23,185.3808,-0.000824,0.005259,0.003554,0.002364
2020-09-24,185.0959,-0.001537,0.00112,-0.005519,0.001627
2020-09-25,185.0175,-0.000424,0.0003,-0.007019,0.001595
2020-09-28,185.1969,0.00097,-0.00106,-0.005656,0.001622
2020-09-29,185.2765,0.00043,-0.001386,-0.004734,0.001629
2020-09-30,185.5224,0.001327,0.000764,-0.003106,0.001666
2020-10-02,184.9467,-0.003103,-0.000806,-0.002547,0.001607
2020-10-05,184.5675,-0.00205,-0.002432,-0.003586,0.001654
2020-10-06,184.7631,0.00106,-0.002342,-0.002426,0.001677
2020-10-07,184.7127,-0.000273,-0.003043,-0.000372,0.001595
2020-10-08,184.4723,-0.001301,-0.00566,0.000414,0.001551
2020-10-09,184.1916,-0.001522,-0.004083,-0.000876,0.001588
2020-10-12,184.1909,-4e-06,-0.00204,-0.002951,0.001508
2020-10-13,184.1919,5e-06,-0.003092,-0.001933,0.001495
2020-10-14,184.2721,0.000435,-0.002385,0.000344,0.00144
2020-10-15,184.6039,0.001801,0.000713,0.001047,0.001476
2020-10-16,184.6942,0.000489,0.002729,-0.001053,0.001356
2020-10-19,184.3203,-0.002024,0.000703,-0.00347,0.00142
2020-10-20,184.3122,-4.4e-05,0.000653,-0.005832,0.001293
2020-10-21,184.4198,0.000584,0.000802,-0.006004,0.001287
2020-10-22,184.3514,-0.000371,-0.001368,-0.005553,0.001281
2020-10-23,184.3012,-0.000272,-0.002128,-0.004293,0.001246
2020-10-26,184.5397,0.001294,0.00119,-0.002582,0.001289
2020-10-27,184.3315,-0.001128,0.000105,-0.004673,0.001281
2020-10-28,184.2983,-0.00018,-0.000659,-0.00528,0.001271
2020-10-29,184.2769,-0.000116,-0.000404,-0.006713,0.001216
2020-11-02,184.2938,9.2e-05,-4e-05,-0.00353,0.001029
2020-11-03,184.4256,0.000715,-0.000618,-0.000769,0.000946
2020-11-04,184.431,2.9e-05,0.00054,-0.001797,0.000911
2020-11-05,184.3855,-0.000247,0.000473,-0.001771,0.00091
2020-11-06,184.437,0.000279,0.000869,-0.000191,0.000867
2020-11-09,184.4664,0.000159,0.000937,0.001492,0.000791
2020-11-10,184.6113,0.000786,0.001007,0.002282,0.000806
2020-11-11,184.5183,-0.000504,0.000473,0.001772,0.000818
2020-11-12,184.5985,0.000435,0.001155,0.001771,0.000818
2020-11-13,184.6036,2.8e-05,0.000903,-2e-06,0.000712
2020-11-16,184.6106,3.8e-05,0.000782,-0.000453,0.000703
2020-11-17,185.0098,0.002162,0.002159,0.003741,0.000699
2020-11-18,184.9,-0.000593,0.002069,0.003189,0.000719
2020-11-19,184.9321,0.000174,0.001807,0.002778,0.000712
2020-11-20,184.6405,-0.001577,0.0002,0.001568,0.000802
2020-11-23,185.1174,0.002583,0.002745,0.004429,0.000973
2020-11-24,185.4844,0.001983,0.002565,0.005119,0.001024
2020-11-25,185.4,-0.000455,0.002704,0.005797,0.000986
2020-11-26,185.5071,0.000578,0.003109,0.006559,0.000982
2020-11-27,185.2192,-0.001552,0.003134,0.005114,0.001065
2020-11-30,184.9601,-0.001399,-0.00085,0.003615,0.001127
2020-12-01,185.8,0.004541,0.001701,0.007452,0.001489
2020-12-02,185.6,-0.001076,0.001079,0.006338,0.001523
2020-12-03,186.8761,0.006876,0.00738,0.013508,0.002105
2020-12-04,186.5279,-0.001863,0.007066,0.011337,0.00218
2020-12-07,185.4773,-0.005632,0.002796,0.00548,0.002584
2020-12-08,186.2349,0.004085,0.002341,0.008795,0.00272
2020-12-09,186.1692,-0.000353,0.003067,0.008947,0.002717
2020-12-10,185.9231,-0.001322,-0.0051,0.007176,0.002746
2020-12-11,185.9087,-7.7e-05,-0.00332,0.00707,0.002747
2020-12-14,186.02,0.000599,0.002926,0.007634,0.002746
2020-12-15,186.7323,0.003829,0.002671,0.00931,0.002827
2020-12-16,187.8877,0.006187,0.009231,0.016158,0.003088
2020-12-17,188.0686,0.000963,0.01154,0.01696,0.003084
2020-12-18,187.878,-0.001013,0.010593,0.017534,0.003063
2020-12-21,187.86,-9.6e-05,0.009891,0.014815,0.003043
2020-12-22,187.7,-0.000852,0.005182,0.011945,0.003048
2020-12-23,189.2842,0.00844,0.007433,0.02095,0.003502
2020-12-24,190.2188,0.004938,0.011433,0.025399,0.003605
2020-12-28,190.2846,0.000346,0.012809,0.027348,0.003552
2020-12-30,187.9667,-0.012181,0.000568,0.016255,0.004643
2020-12-31,186.4082,-0.008291,-0.006882,0.003273,0.004976
2021-01-01,185.3906,-0.005459,-0.02057,-0.001128,0.005128
2021-01-04,185.275,-0.000624,-0.02599,-0.008568,0.004863
2021-01-05,185.0,-0.001484,-0.027772,-0.008191,0.004858
2021-01-06,185.0,0.0,-0.015783,-0.002573,0.004699
2021-01-07,185.0,0.0,-0.007554,-0.006631,0.004594
2021-01-08,185.5,0.002703,0.00059,-0.003595,0.004644
2021-01-11,187.5251,0.010917,0.012145,0.008616,0.005251
2021-01-12,187.0,-0.0028,0.010811,0.00587,0.0053
2021-01-13,186.994,-3.2e-05,0.010778,0.005236,0.0053
2021-01-15,191.0367,0.021619,0.032631,0.023051,0.007111
2021-01-18,192.7447,0.008941,0.039055,0.025851,0.007239
2021-01-19,193.6458,0.004675,0.032639,0.029655,0.007277
2021-01-20,194.798,0.00595,0.041701,0.036832,0.007318
2021-01-21,194.798,0.0,0.041734,0.036932,0.007317
2021-01-22,196.425,0.008352,0.028206,0.046484,0.007427
2021-01-25,196.8017,0.001918,0.021049,0.039715,0.007285
2021-01-26,196.1519,-0.003302,0.012942,0.031191,0.007341
2021-01-27,195.863,-0.001473,0.005467,0.029316,0.007369
2021-01-29,194.3948,-0.007496,-0.00207,0.034198,0.006976
2021-02-01,190.9824,-0.017554,-0.027708,0.024539,0.007918
2021-02-02,192.5656,0.00829,-0.021525,0.038702,0.007903
2021-02-03,194.0008,0.007453,-0.010967,0.047096,0.007971
2021-02-05,194.4118,0.002119,-0.007409,0.050875,0.007921
2021-02-08,193.7369,-0.003471,-0.003384,0.047226,0.008016
2021-02-09,194.358,0.003206,0.017675,0.050584,0.007999
2021-02-10,194.309,-0.000252,0.009054,0.047488,0.008023
2021-02-11,194.5,0.000983,0.002573,0.037194,0.007768
2021-02-12,194.625,0.000643,0.001097,0.040775,0.007697
2021-02-15,193.9717,-0.003357,0.001212,0.037315,0.007779
2021-02-16,193.9717,0.0,-0.001988,0.015364,0.006239
2021-02-17,194.958,0.005085,0.00334,0.011483,0.00603
2021-02-18,194.85,-0.000554,0.001799,0.006219,0.005956
2021-02-19,194.85,0.0,0.001156,0.000267,0.005807
2021-02-22,194.8257,-0.000125,0.004403,0.000142,0.005807
2021-02-23,194.2126,-0.003147,0.001242,-0.011263,0.005501
2021-02-24,194.056,-0.000806,-0.004627,-0.013952,0.00547
2021-02-25,194.0119,-0.000227,-0.004301,-0.01091,0.005436
2021-03-01,194.0149,1.5e-05,-0.004286,-0.009436,0.005432
2021-03-02,194.5,0.0025,-0.001672,0.000541,0.005206
2021-03-03,195.6288,0.005804,0.007292,0.024329,0.003335
2021-03-04,195.2692,-0.001838,0.006252,0.01404,0.00295
2021-03-05,195.3636,0.000483,0.006967,0.007025,0.002485
2021-03-08,195.5,0.000698,0.007655,0.005597,0.002452
2021-03-09,195.5,0.0,0.005141,0.0091,0.00229
2021-03-10,195.9905,0.002509,0.001849,0.008399,0.002251
2021-03-12,196.5333,0.00277,0.006474,0.011447,0.002304
2021-03-15,196.0383,-0.002519,0.003454,0.007909,0.002403
2021-03-16,196.775,0.003758,0.006522,0.011047,0.002518
2021-03-17,198.4945,0.008738,0.015317,0.023317,0.002945
2021-03-18,197.45,-0.005262,0.007447,0.017932,0.003271
2021-03-19,199.2803,0.00927,0.013977,0.02217,0.003664
2021-03-22,197.4667,-0.009101,0.007286,0.013429,0.004309
2021-03-23,197.7692,0.001532,0.005052,0.014982,0.00431
2021-03-24,198.953,0.005986,0.00231,0.021185,0.004458
2021-03-25,198.0,-0.00479,0.002786,0.019501,0.004554
2021-03-26,198.445,0.002247,-0.004192,0.022617,0.004542
2021-03-29,198.1705,-0.001383,0.003564,0.021435,0.004568
2021-03-30,199.4353,0.006382,0.008424,0.027938,0.00471
2021-03-31,199.0377,-0.001994,0.000426,0.02333,0.004761
2021-04-01,199.2153,0.000892,0.006138,0.018333,0.004634
2021-04-05,199.375,0.000802,0.004686,0.021026,0.004589
2021-04-06,199.75,0.001881,0.00797,0.022452,0.00459
2021-04-07,199.005,-0.00373,-0.002158,0.017928,0.004717
2021-04-08,200.0184,0.005092,0.004927,0.023112,0.004802
2021-04-09,199.8744,-0.00072,0.003308,0.019817,0.004809
2021-04-12,199.91,0.000178,0.002683,0.017181,0.004793
2021-04-15,200.0,0.00045,0.001252,0.020209,0.004729
2021-04-16,199.9346,-0.000327,0.004671,0.016057,0.004692
2021-04-19,194.4485,-0.027439,-0.027847,-0.020383,0.007566
2021-04-20,191.9721,-0.012736,-0.039536,-0.027743,0.007962
2021-04-21,191.881,-0.000475,-0.040163,-0.03713,0.007565
2021-04-22,192.0,0.00062,-0.04,-0.027684,0.007385
2021-04-23,191.9368,-0.000329,-0.040002,-0.029491,0.007358
2021-04-27,197.5,0.028985,0.015693,-0.007303,0.009932
2021-04-28,197.5,0.0,0.028795,-0.002525,0.009876
2021-04-29,199.75,0.011392,0.04101,0.006576,0.010196
2021-04-30,199.5437,-0.001033,0.03929,0.006929,0.010193
2021-05-03,199.2275,-0.001585,0.037985,-0.001042,0.010102
2021-05-04,199.6915,0.002329,0.011096,0.003285,0.010103
2021-05-05,199.5872,-0.000522,0.010568,0.001867,0.010103
2021-05-06,199.5887,8e-06,-0.000808,0.001072,0.010102
2021-05-07,199.5155,-0.000367,-0.000141,-0.001174,0.010094
2021-05-10,199.5062,-4.7e-05,0.001399,0.002519,0.010056
2021-05-11,199.5817,0.000378,-0.00055,-0.002183,0.00999
2021-05-12,199.5695,-6.1e-05,-8.9e-05,-0.001525,0.009988
2021-05-13,199.5,-0.000348,-0.000444,-0.002051,0.009989
2021-05-17,199.5,0.0,-7.8e-05,-0.0025,0.009988
2021-05-18,199.7873,0.00144,0.001409,-0.000737,0.009993
2021-05-19,199.6716,-0.000579,0.00045,0.026861,0.007637
2021-05-20,199.6625,-4.6e-05,0.000466,0.04006,0.006897
2021-05-21,199.9,0.00119,0.002005,0.041792,0.006875
2021-05-24,199.6668,-0.001167,0.000836,0.039931,0.006907
2021-05-25,199.5057,-0.000807,-0.001409,0.039434,0.006916
2021-05-28,199.5632,0.000288,-0.000543,0.010447,0.002714
2021-05-31,199.5,-0.000317,-0.000814,0.010127,0.002718
2021-06-01,199.5,0.0,-0.002001,-0.001252,0.000907
2021-06-02,199.5,0.0,-0.000835,-0.000219,0.000878
2021-06-03,199.5342,0.000171,0.000143,0.001539,0.000796
2021-06-04,199.6853,0.000757,0.000612,-3.1e-05,0.00062
2021-06-07,199.6853,0.0,0.000929,0.000492,0.000608
2021-06-08,199.695,4.9e-05,0.000977,0.000533,0.000608
2021-06-09,199.825,0.000651,0.001629,0.001551,0.000616
2021-06-10,199.6761,-0.000745,0.000711,0.000852,0.000642
2021-06-11,199.7609,0.000425,0.000379,0.000898,0.000644
2021-06-14,199.8891,0.000642,0.001021,0.001601,0.000657
2021-06-15,199.5,-0.001947,-0.000976,0.0,0.000794
2021-06-16,199.7238,0.001122,-0.000506,0.001122,0.000833
2021-06-17,199.8643,0.000703,0.000943,0.000385,0.000783
2021-06-18,199.8265,-0.000189,0.000328,0.000776,0.000773
2021-06-21,199.8743,0.000239,-7.4e-05,0.001061,0.000774
2021-06-22,199.9083,0.00017,0.002047,4.2e-05,0.000727
2021-06-23,199.8938,-7.3e-05,0.000851,0.001137,0.000673
2021-06-25,199.8664,-0.000137,1.1e-05,0.001808,0.000644
2021-06-28,199.8904,0.00012,0.00032,0.00164,0.000643
2021-06-29,199.9005,5.1e-05,0.000131,0.002008,0.000636
2021-06-30,201.1381,0.006191,0.006152,0.008211,0.001502
2021-07-01,200.78,-0.00178,0.004433,0.006416,0.001578
2021-07-02,200.5222,-0.001284,0.003281,0.004952,0.001618
2021-07-05,199.9079,-0.003064,8.8e-05,0.001115,0.001773
2021-07-06,199.9,-4e-05,-3e-06,0.001075,0.001773
2021-07-07,199.9,0.0,-0.006155,0.001027,0.001773
2021-07-08,199.9,0.0,-0.004383,0.000375,0.001768
2021-07-09,199.9,0.0,-0.003103,0.001121,0.001759
2021-07-12,199.9056,2.8e-05,-1.2e-05,0.000724,0.001757
2021-07-13,199.9,-2.8e-05,0.0,5.5e-05,0.001751
2021-07-14,199.9,0.0,0.0,0.002005,0.00169
2021-07-15,199.8998,-1e-06,-1e-06,0.000881,0.001673
2021-07-16,199.9,1e-06,0.0,0.000179,0.001665
2021-07-19,199.8942,-2.9e-05,-5.7e-05,0.000339,0.001665
2021-07-20,199.9019,3.9e-05,1e-05,0.000138,0.001664
2021-07-22,199.9,-1e-05,0.0,-4.2e-05,0.001664
2021-07-26,199.9329,0.000165,0.000166,0.000196,0.001664
2021-07-27,199.9076,-0.000127,3.8e-05,0.000206,0.001664
2021-07-28,199.9,-3.8e-05,2.9e-05,4.8e-05,0.001664
2021-07-29,199.9033,1.7e-05,7e-06,1.4e-05,0.001664
2021-07-30,199.9,-1.7e-05,0.0,-0.006155,0.000806
2021-08-02,199.9,0.0,-0.000165,-0.004383,0.00073
2021-08-03,199.9,0.0,-3.8e-05,-0.003103,0.000687
2021-08-04,199.9,0.0,0.0,-4e-05,5.2e-05
2021-08-05,199.9,0.0,-1.7e-05,0.0,5.1e-05
2021-08-06,199.9,0.0,0.0,0.0,5.1e-05
2021-08-09,199.9075,3.8e-05,3.8e-05,3.8e-05,5.2e-05
2021-08-10,199.9,-3.8e-05,0.0,0.0,5.2e-05
2021-08-11,199.916,8e-05,8e-05,5.2e-05,5.5e-05
2021-08-12,199.916,0.0,8e-05,8e-05,5.5e-05
2021-08-13,199.916,0.0,8e-05,8e-05,5.5e-05
2021-08-16,199.98,0.00032,0.000363,0.000401,8.9e-05
2021-08-17,199.9217,-0.000292,0.000109,0.000109,0.000113
2021-08-18,199.9,-0.000109,-8e-05,2.9e-05,0.000116
2021-08-19,199.9,0.0,-8e-05,-1e-05,0.000116
2021-08-20,199.9,0.0,-8e-05,0.0,0.000116
2021-08-23,199.9,0.0,-0.0004,-0.000165,0.000109
2021-08-24,199.9,0.0,-0.000109,-3.8e-05,0.000105
2021-08-25,199.9,0.0,0.0,0.0,0.000105
2021-08-26,199.95,0.00025,0.00025,0.000234,0.000119
2021-08-27,200.0,0.00025,0.0005,0.0005,0.00013
2021-08-30,202.6164,0.013082,0.013589,0.013589,0.002922
2021-08-31,210.0,0.036441,0.050525,0.050525,0.008505
2021-09-01,210.0,0.0,0.050525,0.050525,0.008505
2021-09-02,210.0,0.0,0.050263,0.050525,0.008505
2021-09-03,207.3455,-0.01264,0.036728,0.037246,0.009146
2021-09-06,207.3455,0.0,0.02334,0.037207,0.009146
2021-09-07,207.3455,0.0,-0.01264,0.037246,0.009146
2021-09-08,199.95,-0.035668,-0.047857,0.00017,0.012421
2021-09-09,199.9815,0.000158,-0.047707,0.000328,0.012421
2021-09-10,200.0,9.3e-05,-0.035426,0.00042,0.012421
2021-09-13,200.0,0.0,-0.035426,0.0001,0.012421
2021-09-14,200.0,0.0,-0.035426,0.000392,0.01242
2021-09-15,200.0,0.0,0.00025,0.0005,0.01242
2021-09-16,200.0063,3.1e-05,0.000124,0.000532,0.01242
2021-09-17,200.0,-3.1e-05,0.0,0.0005,0.01242
2021-09-21,199.933,-0.000335,-0.000335,0.000165,0.012421
2021-09-22,199.6314,-0.001509,-0.001843,-0.001344,0.012426
2021-09-23,199.9,0.001345,-0.0005,0.0,0.012429
2021-09-24,200.2591,0.001796,0.001264,0.001546,0.012435
2021-09-27,200.0,-0.001294,0.0,0.0,0.01244
2021-09-28,200.0335,0.000168,0.000503,-0.012748,0.012058
2021-09-29,199.9857,-0.000239,0.001775,-0.047687,0.008352
2021-09-30,199.9857,0.0,0.000429,-0.047687,0.008352
2021-10-01,200.6959,0.003551,0.002181,-0.044305,0.008443
2021-10-04,200.14,-0.00277,0.0007,-0.034751,0.008083
2021-10-05,200.0,-0.0007,-0.000167,-0.035426,0.008077
2021-10-06,200.06,0.0003,0.000372,-0.035137,0.008081
2021-10-07,200.035,-0.000125,0.000247,0.000425,0.001258
2021-10-08,202.98,0.014722,0.011381,0.014994,0.003521
2021-10-11,202.4,-0.002857,0.011292,0.012,0.003611
2021-10-12,202.4,0.0,0.012,0.012,0.003611
2021-10-13,200.0,-0.011858,-0.0003,0.0,0.004563
2021-10-14,200.0018,9e-06,-0.000166,9e-06,0.004563
2021-10-15,201.25,0.006241,-0.008523,0.006218,0.004771
2021-10-18,200.093,-0.005749,-0.011398,0.000465,0.004961
2021-10-21,200.5117,0.002093,-0.00933,0.002894,0.004981
2021-10-22,201.0455,0.002662,0.005227,0.007084,0.004995
2021-10-25,201.9836,0.004666,0.009909,0.010423,0.005083
2021-10-26,203.0,0.005032,0.008696,0.013687,0.005176
2021-10-27,202.2092,-0.003896,0.010576,0.011046,0.005261
2021-10-28,200.0311,-0.010772,-0.002397,-1.2e-05,0.005841
2021-10-29,201.8705,0.009196,0.004104,0.009425,0.00619
2021-11-01,201.95,0.000394,-0.000166,0.009822,0.006189
2021-11-02,202.4998,0.002722,-0.002464,0.008988,0.00617
2021-11-03,202.5566,0.00028,0.001718,0.012075,0.006124
2021-11-05,202.6244,0.000335,0.012964,0.013122,0.006116
2021-11-08,200.3103,-0.011421,-0.007729,0.001251,0.006688
2021-11-09,202.0549,0.008709,0.000519,0.010098,0.00696
2021-11-10,202.3848,0.001633,-0.000568,-0.002932,0.006119
2021-11-11,201.4145,-0.004794,-0.005638,-0.004869,0.00618
2021-11-12,202.3478,0.004634,-0.001365,-0.000258,0.006275
2021-11-15,202.05,-0.001472,0.008685,0.01025,0.005639
2021-11-16,202.05,0.0,-2.4e-05,0.010241,0.005639
2021-11-17,201.3428,-0.0035,-0.005149,0.000461,0.005539
2021-11-19,202.192,0.004218,0.00386,0.01049,0.005438
2021-11-22,202.2,4e-05,-0.00073,0.00842,0.005427
2021-11-23,202.4167,0.001072,0.001815,0.00682,0.005404
2021-11-24,200.7778,-0.008097,-0.006296,-0.00597,0.005617
2021-11-25,200.9721,0.000968,-0.001841,-0.00999,0.005487
2021-11-26,201.2131,0.001199,-0.004841,-0.004926,0.005439
2021-11-29,201.7582,0.002709,-0.002185,0.008634,0.004869
2021-11-30,202.0474,0.001433,-0.001824,0.000876,0.004424
2021-12-01,202.0474,0.0,0.006323,0.000482,0.004423
2021-12-02,201.9333,-0.000565,0.004783,-0.002798,0.004379
2021-12-03,200.4453,-0.007369,-0.003816,-0.010423,0.004665
2021-12-06,202.25,0.009003,0.002438,-0.001848,0.005128
2021-12-07,200.01,-0.011075,-0.010084,-0.001499,0.005088
2021-12-08,201.5945,0.007922,-0.002242,-0.002279,0.005019
2021-12-09,201.2222,-0.001847,-0.003521,-0.005745,0.005016
2021-12-10,201.0603,-0.000805,0.003068,-0.001759,0.004905
2021-12-13,201.3297,0.00134,-0.00455,-0.005031,0.004793
2021-12-14,201.873,0.002699,0.009315,-0.000876,0.004827
2021-12-15,201.873,0.0,0.001381,-0.000876,0.004827
2021-12-16,200.6717,-0.005951,-0.002736,-0.003333,0.004949
2021-12-17,201.5384,0.004319,0.002378,-0.003233,0.004954
2021-12-20,203.0,0.007252,0.008296,0.003956,0.005224
2021-12-21,201.51,-0.00734,-0.001798,-0.004479,0.005483
2021-12-22,201.3214,-0.000936,-0.002732,0.002707,0.005166
2021-12-23,200.7232,-0.002971,0.000257,-0.001238,0.005208
2021-12-24,200.918,0.00097,-0.003078,-0.001467,0.005205
2021-12-27,200.918,0.0,-0.010256,-0.004164,0.005164
2021-12-28,201.5032,0.002913,-3.4e-05,-0.002693,0.005199
2021-12-29,201.0,-0.002497,-0.001596,-0.005184,0.005226
2021-12-30,203.0,0.00995,0.011343,0.005282,0.0057
2021-12-31,200.4338,-0.012641,-0.00241,-5.7e-05,0.006174
2022-01-03,200.4338,0.0,-0.00241,-0.00898,0.005801
2022-01-04,200.0,-0.002164,-0.00746,-5e-05,0.005258
2022-01-05,201.7081,0.008541,0.003523,0.000564,0.005309
2022-01-06,201.048,-0.003273,-0.009616,-0.000866,0.005345
2022-01-07,201.3347,0.001426,0.004495,0.001365,0.005351
2022-01-10,201.9011,0.002813,0.007321,0.002838,0.005379
2022-01-11,200.945,-0.004735,0.004725,-0.004597,0.005451
2022-01-12,200.9798,0.000173,-0.003611,-0.004425,0.005451
2022-01-13,201.7844,0.004003,0.003663,0.005545,0.005353
2022-01-18,201.9442,0.000792,0.003027,0.002014,0.00527
2022-01-19,201.9442,0.0,0.000213,-0.005201,0.004996
2022-01-20,201.053,-0.004413,0.000537,-0.002268,0.004817
2022-01-21,202.75,0.008441,0.008808,0.007096,0.005174
2022-01-24,202.0,-0.003699,0.001068,0.006361,0.005202
2022-01-25,202.0323,0.00016,0.000436,0.005546,0.0052
2022-01-26,201.5882,-0.002198,-0.001763,0.003336,0.005229
2022-01-27,202.0,0.002043,0.00471,0.002465,0.005209
2022-01-28,201.191,-0.004005,-0.007689,0.00095,0.00526
2022-01-31,201.191,0.0,-0.004005,-0.008911,0.004718
2022-02-01,201.97,0.003872,-0.000308,0.007664,0.003831
2022-02-02,201.4205,-0.002721,-0.000832,0.004923,0.003893
2022-02-03,201.5833,0.000808,-0.002063,0.007917,0.003853
2022-02-07,202.0,0.002067,0.004021,0.001447,0.003375
2022-02-08,202.4091,0.002025,0.006054,0.00677,0.003306
2022-02-09,202.0659,-0.001696,0.000475,0.003632,0.003325
2022-02-10,201.9637,-0.000506,0.002697,0.00031,0.00327
2022-02-11,202.0,0.00018,0.002067,0.00525,0.003072
2022-02-14,201.0142,-0.00488,-0.00488,0.000171,0.003281
2022-02-15,201.0,-7.1e-05,-0.006962,-0.003887,0.003144
2022-02-17,202.0123,0.005036,-0.000265,0.000337,0.00335
2022-02-18,202.1141,0.000504,0.000745,0.000841,0.003352
2022-02-21,201.9298,-0.000912,-0.000348,0.004361,0.003194
2022-02-22,202.0,0.000348,0.004904,-0.003699,0.002545
2022-02-23,201.1908,-0.004006,0.000949,-0.004006,0.002568
2022-02-24,201.1908,0.0,-0.004067,-0.004165,0.002567
2022-02-25,202.33,0.005662,0.001068,0.00368,0.002834
2022-02-28,201.0571,-0.006291,-0.004322,-0.004668,0.003143
2022-03-02,201.8979,0.004182,-0.000505,0.003514,0.003158
2022-03-03,202.0,0.000506,0.004022,0.004021,0.003159
2022-03-04,201.6305,-0.001829,0.002185,-0.001681,0.003066
2022-03-07,202.04,0.002031,-0.001433,0.003076,0.003035
2022-03-08,202.0909,0.000252,0.005142,0.002518,0.003031
2022-03-09,229.5,0.135628,0.136713,0.136139,0.030469
2022-03-10,229.3358,-0.000715,0.135326,0.133031,0.030498
2022-03-11,251.9685,0.098688,0.249655,0.246962,0.036682
2022-03-14,251.9685,0.0,0.247122,0.247593,0.036673
2022-03-15,263.33,0.045091,0.303027,0.303614,0.037299
2022-03-16,267.8621,0.017211,0.167155,0.332553,0.037038
2022-03-18,267.8769,5.5e-05,0.168055,0.332721,0.037035
2022-03-21,275.0,0.026591,0.091406,0.361303,0.037041
2022-03-22,280.0,0.018182,0.11125,0.385356,0.036859
2022-03-23,280.42,0.0015,0.0649,0.3887,0.036801
2022-03-24,280.0,-0.001498,0.045314,0.386139,0.036848
2022-03-25,290.0,0.035714,0.082587,0.441418,0.036722
2022-03-28,294.9843,0.017187,0.07267,0.466192,0.036453
2022-03-29,294.9843,0.0,0.053515,0.457937,0.036592
2022-03-30,306.0796,0.037613,0.091504,0.522352,0.036271
2022-03-31,299.0,-0.02313,0.067857,0.480947,0.037464
2022-04-01,299.0,0.0,0.031034,0.480198,0.037478
2022-04-04,310.8571,0.039656,0.053809,0.541717,0.037329
2022-04-05,307.7891,-0.009869,0.043408,0.523407,0.037765
2022-04-06,307.7891,0.0,0.005585,0.523023,0.037773
2022-04-07,299.8125,-0.025916,0.002717,0.306373,0.028242
2022-04-08,299.0,-0.00271,0.0,0.303765,0.0283
2022-04-11,311.675,0.042391,0.002631,0.23696,0.02135
2022-04-12,313.67,0.006401,0.019107,0.244878,0.021225
2022-04-18,313.67,0.0,0.019107,0.191167,0.019785
2022-04-19,310.0,-0.0117,0.03398,0.157312,0.020202
2022-04-20,310.0,0.0,0.036789,0.157248,0.020203
2022-04-21,335.0,0.080645,0.074838,0.218182,0.025745
2022-04-22,334.8,-0.000597,0.067364,0.195714,0.025781
2022-04-25,334.8,0.0,0.067364,0.193923,0.025807
2022-04-26,340.465,0.016921,0.098274,0.215946,0.025734
2022-04-27,337.9,-0.007534,0.09,0.165172,0.025284
2022-04-28,341.85,0.01169,0.020448,0.158875,0.025208
2022-04-29,341.85,0.0,0.021057,0.158875,0.025208
2022-05-04,340.0,-0.005412,0.015532,0.110822,0.024341
2022-05-05,349.9,0.029118,0.027712,0.170234,0.023902
2022-05-06,358.5686,0.024775,0.061168,0.199226,0.024098
2022-05-09,364.76,0.017267,0.067018,0.173401,0.023119
2022-05-10,364.76,0.0,0.067018,0.185097,0.022814
2022-05-11,364.76,0.0,0.072824,0.185097,0.022814
2022-05-12,360.0,-0.01305,0.028865,0.20075,0.02195
2022-05-13,360.0,0.0,0.003992,0.204013,0.02188
2022-05-17,359.75,-0.000694,-0.013735,0.154247,0.020556
2022-05-18,359.65,-0.000278,-0.014009,0.146587,0.020627
2022-05-19,359.55,-0.000278,-0.014283,0.146268,0.020633
2022-05-20,359.475,-0.000209,-0.001458,0.159597,0.020239
2022-05-23,359.4373,-0.000105,-0.001563,0.159475,0.020242
2022-05-24,359.3764,-0.000169,-0.001038,0.072765,0.010724
2022-05-25,359.3764,0.0,-0.000761,0.073406,0.010712
2022-05-26,359.7079,0.000922,0.000439,0.074396,0.010698
2022-05-27,359.25,-0.001273,-0.000626,0.055175,0.010275
2022-05-30,360.76,0.004203,0.00368,0.067653,0.009989
2022-05-31,360.76,0.0,0.00385,0.055317,0.009814
2022-06-01,360.1114,-0.001798,0.002045,0.053419,0.009849
2022-06-02,360.6,0.001357,0.00248,0.060588,0.009672
2022-06-03,360.3,-0.000832,0.002923,0.029723,0.007485
2022-06-06,360.2773,-6.3e-05,-0.001338,0.004765,0.005098
2022-06-07,360.2773,0.0,-0.001338,-0.012289,0.003157
2022-06-08,360.0255,-0.000699,-0.000239,-0.01298,0.003154
2022-06-09,360.0255,0.0,-0.001593,-0.01298,0.003154
2022-06-10,359.8,-0.000626,-0.001388,-0.000556,0.001203
2022-06-13,359.8338,9.4e-05,-0.001231,-0.000462,0.001203
2022-06-15,359.85,4.5e-05,-0.001186,0.000278,0.001193
2022-06-16,359.85,0.0,-0.000487,0.000556,0.001191
2022-06-17,359.75,-0.000278,-0.000765,0.000556,0.001191
2022-06-20,360.75,0.00278,0.00264,0.003547,0.001338
2022-06-21,361.75,0.002772,0.005325,0.006434,0.001455
2022-06-22,360.9,-0.00235,0.002918,0.00424,0.001571
2022-06-23,360.9,0.0,0.002918,0.00424,0.001571
2022-06-24,360.3,-0.001663,0.001529,0.001646,0.001615
2022-06-27,360.3,0.0,-0.001247,0.002923,0.001584
2022-06-28,359.9,-0.00111,-0.005114,-0.002384,0.001285
2022-06-29,359.72,-0.0005,-0.00327,-0.002883,0.001288
2022-06-30,359.8782,0.00044,-0.002831,-0.000648,0.001233
2022-07-01,359.55,-0.000912,-0.002082,-0.002912,0.001202
2022-07-04,359.7941,0.000679,-0.001404,-0.001404,0.001204
2022-07-05,359.7941,0.0,-0.000294,-0.001341,0.001204
2022-07-06,359.8167,6.3e-05,0.000269,-0.001278,0.001204
2022-07-07,360.82,0.002788,0.002617,0.002207,0.001351
2022-07-08,360.3497,-0.001303,0.002224,0.0009,0.001388
2022-07-11,361.35,0.002776,0.004324,0.004308,0.001504
2022-07-12,360.9048,-0.001232,0.003087,0.002976,0.001539
2022-07-14,361.9,0.002758,0.00579,0.005697,0.001645
2022-07-15,361.24,-0.001824,0.001164,0.003863,0.001711
2022-07-18,361.0331,-0.000573,0.001896,0.003567,0.001717
2022-07-19,361.1657,0.000367,-0.00051,0.001152,0.001605
2022-07-20,361.87,0.00195,0.002674,0.000332,0.001541
2022-07-21,361.67,-0.000553,-0.000636,0.002134,0.001446
2022-07-22,361.3,-0.001023,0.000166,0.001108,0.001468
2022-07-25,361.09,-0.000581,0.000158,0.002193,0.00142
2022-07-26,361.0,-0.000249,-0.000459,0.001943,0.001422
2022-07-27,361.0,0.0,-0.002404,0.003056,0.001394
2022-07-28,361.0,0.0,-0.001853,0.003558,0.001386
2022-07-29,360.8,-0.000554,-0.001384,0.002561,0.001394
2022-08-01,361.0,0.000554,-0.000249,0.004033,0.001375
2022-08-02,361.0,0.0,0.0,0.003352,0.001371
2022-08-03,360.9254,-0.000207,-0.000207,0.003144,0.001373
2022-08-04,360.9254,0.0,-0.000207,0.003081,0.001373
2022-08-05,360.8,-0.000347,0.0,-5.5e-05,0.001228
2022-08-08,360.8,0.0,-0.000554,0.00125,0.001189
2022-08-09,360.94,0.000388,-0.000166,-0.001135,0.001009
2022-08-10,360.94,0.0,4e-05,9.8e-05,0.00097
2022-08-12,360.85,-0.000249,-0.000209,-0.002901,0.000722
2022-08-15,360.92,0.000194,0.000333,-0.000886,0.000607
2022-08-16,360.9733,0.000148,0.00048,-0.000166,0.000595
2022-08-17,360.96,-3.7e-05,5.5e-05,-0.00057,0.000589
2022-08-18,360.9733,3.7e-05,9.2e-05,-0.002478,0.000362
2022-08-19,361.0,7.4e-05,0.000416,-0.001853,0.00035
2022-08-22,360.9467,-0.000148,7.4e-05,-0.000978,0.000274
2022-08-23,361.0,0.000148,7.4e-05,-0.000249,0.000247
2022-08-24,361.0,0.0,0.000111,0.0,0.000241
2022-08-25,361.0,0.0,7.4e-05,0.0,0.000241
2022-08-26,361.4,0.001108,0.001108,0.001108,0.000345
2022-08-29,361.17,-0.000636,0.000619,0.001025,0.000353
2022-08-30,361.29,0.000332,0.000803,0.000803,0.00034
2022-08-31,361.148,-0.000393,0.00041,0.00041,0.000354
2022-09-01,361.0786,-0.000192,0.000218,0.000424,0.000353
2022-09-02,361.45,0.001029,0.000138,0.001453,0.000419
2022-09-05,361.45,0.0,0.000775,0.001802,0.000407
2022-09-06,361.45,0.0,0.000443,0.001802,0.000407
2022-09-07,361.8056,0.000984,0.001821,0.002398,0.00045
2022-09-08,361.9,0.000261,0.002275,0.00266,0.00045
2022-09-09,362.0,0.000276,0.001522,0.003187,0.000442
2022-09-12,362.2,0.000552,0.002075,0.003546,0.000451
2022-09-13,362.2824,0.000227,0.002303,0.003627,0.000451
2022-09-14,362.45,0.000463,0.001781,0.004128,0.000452
2022-09-15,362.45,0.0,0.00152,0.004091,0.000453
2022-09-16,362.9,0.001242,0.002486,0.005263,0.000507
2022-09-19,362.9,0.0,0.001933,0.005412,0.000502
2022-09-20,362.9,0.0,0.001705,0.005263,0.000505
2022-09-21,362.9,0.0,0.001242,0.005263,0.000505
2022-09-22,362.9,0.0,0.001242,0.005263,0.000505
2022-09-23,362.9,0.0,0.0,0.004151,0.000466
2022-09-26,362.9,0.0,0.0,0.00479,0.000426
2022-09-27,362.9,0.0,0.0,0.004456,0.000428
2022-09-28,362.9,0.0,0.0,0.004851,0.000407
2022-09-29,362.9,0.0,0.0,0.005044,0.000399
2022-09-30,362.9,0.0,0.0,0.004012,0.000357
2022-10-03,362.9,0.0,0.0,0.004012,0.000357
2022-10-04,362.9,0.0,0.0,0.004012,0.000357
2022-10-05,362.9,0.0,0.0,0.003025,0.000308
2022-10-06,362.9,0.0,0.0,0.002763,0.000309
2022-10-07,362.9,0.0,0.0,0.002486,0.000308
2022-10-11,362.9,0.0,0.0,0.001933,0.000292
2022-10-12,362.9,0.0,0.0,0.001705,0.000291
2022-10-13,362.9,0.0,0.0,0.001242,0.000278
2022-10-14,363.14,0.000661,0.000661,0.001904,0.000308
2022-10-17,363.38,0.000661,0.001323,0.001323,0.000203
2022-10-18,363.38,0.0,0.001323,0.001323,0.000203
2022-10-19,363.38,0.0,0.001323,0.001323,0.000203
2022-10-20,363.38,0.0,0.001323,0.001323,0.000203
2022-10-21,363.38,0.0,0.000661,0.001323,0.000203
2022-10-25,363.38,0.0,0.0,0.001323,0.000203
2022-10-26,363.3,-0.00022,-0.00022,0.001102,0.000213
2022-10-27,363.3,0.0,-0.00022,0.001102,0.000213
2022-10-28,363.3,0.0,-0.00022,0.001102,0.000213
2022-10-31,363.3,0.0,-0.00022,0.001102,0.000213
2022-11-01,363.3,0.0,-0.00022,0.001102,0.000213
2022-11-02,363.3,0.0,0.0,0.001102,0.000213
2022-11-03,363.3,0.0,0.0,0.001102,0.000213
2022-11-04,363.5,0.000551,0.000551,0.001653,0.000239
2022-11-08,363.5,0.0,0.000551,0.001653,0.000239
2022-11-09,363.5,0.0,0.000551,0.001653,0.000239
2022-11-10,363.5,0.0,0.000551,0.001653,0.000239
2022-11-11,363.5,0.0,0.000551,0.001653,0.000239
2022-11-14,363.5,0.0,0.0,0.001653,0.000239
2022-11-15,363.5,0.0,0.0,0.000991,0.000197
2022-11-16,363.5,0.0,0.0,0.00033,0.000135
2022-11-17,363.5,0.0,0.0,0.00033,0.000135
2022-11-18,363.5,0.0,0.0,0.00033,0.000135
2022-11-21,363.5,0.0,0.0,0.00033,0.000135
2022-11-22,363.5,0.0,0.0,0.00033,0.000135
2022-11-23,363.5,0.0,0.0,0.00033,0.000135
2022-11-24,363.5,0.0,0.0,0.000551,0.000123
2022-11-25,363.0,-0.001376,-0.001376,-0.000826,0.000337
2022-11-28,363.0,0.0,-0.001376,-0.000826,0.000337
2022-11-29,363.1875,0.000517,-0.00086,-0.00031,0.00036
2022-11-30,363.1875,0.0,-0.00086,-0.00031,0.00036
2022-12-01,363.19,7e-06,-0.000853,-0.000303,0.00036
2022-12-02,363.19,0.0,0.000523,-0.000303,0.00036
2022-12-05,363.1767,-3.7e-05,0.000487,-0.000889,0.000334
2022-12-06,363.18,9e-06,-2.1e-05,-0.00088,0.000334
2022-12-08,363.18,0.0,-2.1e-05,-0.00088,0.000334
2022-12-09,363.18,0.0,-2.8e-05,-0.00088,0.000334
2022-12-12,363.18,0.0,-2.8e-05,-0.00088,0.000334
2022-12-13,363.18,0.0,9e-06,-0.00088,0.000334
2022-12-14,363.18,0.0,0.0,-0.00088,0.000334
2022-12-15,363.18,0.0,0.0,-0.00088,0.000334
2022-12-16,363.18,0.0,0.0,-0.00088,0.000334
2022-12-19,363.18,0.0,0.0,-0.00088,0.000334
2022-12-20,363.1612,-5.2e-05,-5.2e-05,-0.000932,0.000334
2022-12-21,363.16,-3e-06,-5.5e-05,-0.000935,0.000334
2022-12-22,363.16,0.0,-5.5e-05,-0.000935,0.000334
2022-12-23,363.1733,3.7e-05,-1.8e-05,-0.000899,0.000335
2022-12-27,363.1,-0.000202,-0.00022,0.000275,0.000128
2022-12-28,363.1326,9e-05,-7.9e-05,0.000365,0.000129
2022-12-29,363.13,-7e-06,-8.3e-05,-0.000158,5.3e-05
2022-12-30,363.11,-5.5e-05,-0.000138,-0.000213,5.4e-05
2023-01-02,363.11,0.0,-0.000174,-0.00022,5.4e-05
2023-01-03,363.11,0.0,2.8e-05,-0.00022,5.4e-05
2023-01-04,363.11,0.0,-6.2e-05,-0.000184,5.4e-05
2023-01-05,363.11,0.0,-5.5e-05,-0.000193,5.3e-05
2023-01-09,363.0917,-5e-05,-5e-05,-0.000243,5.4e-05
2023-01-10,362.2446,-0.002333,-0.002383,-0.002576,0.000522
2023-01-11,362.24,-1.3e-05,-0.002396,-0.002588,0.000521
2023-01-12,362.24,0.0,-0.002396,-0.002588,0.000521
2023-01-13,362.24,0.0,-0.002396,-0.002588,0.000521
2023-01-17,362.24,0.0,-0.002346,-0.002588,0.000521
2023-01-18,362.24,0.0,-1.3e-05,-0.002588,0.000521
2023-01-19,362.2698,8.2e-05,8.2e-05,-0.002506,0.000523
2023-01-20,362.1694,-0.000277,-0.000195,-0.002731,0.000524
2023-01-23,362.16,-2.6e-05,-0.000221,-0.002754,0.000523
2023-01-24,362.16,0.0,-0.000221,-0.002754,0.000523
2023-01-25,362.16,0.0,-0.000221,-0.00279,0.000523
2023-01-26,362.14,-5.5e-05,-0.000358,-0.002644,0.000523
2023-01-27,362.14,0.0,-8.1e-05,-0.002733,0.000521
2023-01-30,362.14,0.0,-5.5e-05,-0.002726,0.000521
2023-01-31,362.14,0.0,-5.5e-05,-0.002671,0.000522
2023-02-01,362.14,0.0,-5.5e-05,-0.002671,0.000522
2023-02-02,362.14,0.0,0.0,-0.002671,0.000522
2023-02-03,361.9686,-0.000473,-0.000473,-0.003143,0.000526
2023-02-06,361.9589,-2.7e-05,-0.0005,-0.00317,0.000526
2023-02-07,361.96,3e-06,-0.000497,-0.003117,0.000527
2023-02-08,361.96,0.0,-0.000497,-0.000786,0.000122
2023-02-09,361.9226,-0.000103,-0.0006,-0.000876,0.000122
2023-02-10,361.9226,0.0,-0.000127,-0.000876,0.000122
2023-02-13,361.92,-7e-06,-0.000107,-0.000883,0.000122
2023-02-14,361.92,0.0,-0.000111,-0.000883,0.000122
2023-02-15,361.92,0.0,-0.000111,-0.000883,0.000122
2023-02-16,361.92,0.0,-7e-06,-0.000966,0.000119
2023-02-17,361.92,0.0,-7e-06,-0.000689,0.000106
2023-02-20,361.92,0.0,0.0,-0.000663,0.000107
2023-02-21,361.92,0.0,0.0,-0.000663,0.000107
2023-02-22,361.6615,-0.000714,-0.000714,-0.001376,0.000185
2023-02-23,361.66,-4e-06,-0.000718,-0.001325,0.000186
2023-02-24,362.668,0.002787,0.002067,0.001458,0.000665
2023-02-27,362.4983,-0.000468,0.001598,0.000989,0.000676
2023-02-28,361.6318,-0.00239,-0.000796,-0.001403,0.000869
2023-03-01,358.4593,-0.008773,-0.008854,-0.010164,0.00213
2023-03-02,353.6543,-0.013405,-0.022136,-0.023432,0.003579
2023-03-03,346.1724,-0.021156,-0.045484,-0.04364,0.005715
2023-03-07,337.6693,-0.024563,-0.068494,-0.067106,0.007557
2023-03-08,326.6337,-0.032682,-0.096778,-0.097597,0.009934
2023-03-09,319.5585,-0.021661,-0.108522,-0.117144,0.010516
2023-03-10,318.633,-0.002896,-0.099027,-0.11961,0.010449
2023-03-13,319.105,0.001481,-0.078191,-0.118306,0.010501
2023-03-14,322.9615,0.012085,-0.043557,-0.107644,0.011203
2023-03-15,327.0617,0.012696,0.00131,-0.096315,0.011877
2023-03-16,337.2877,0.031266,0.05548,-0.06806,0.014365
2023-03-17,336.8,-0.001446,0.057015,-0.069408,0.01435
2023-03-20,335.2842,-0.004501,0.050702,-0.073596,0.014328
2023-03-21,335.0815,-0.000605,0.037528,-0.074156,0.01432
2023-03-22,321.8906,-0.039366,-0.015811,-0.110603,0.016341
2023-03-23,317.3116,-0.014225,-0.059226,-0.122628,0.016402
2023-03-24,318.6334,0.004166,-0.053939,-0.11897,0.016514
2023-03-27,320.5985,0.006167,-0.043801,-0.116,0.016628
2023-03-28,319.9778,-0.001936,-0.045075,-0.117298,0.016605
2023-03-29,322.6667,0.008403,0.002411,-0.107748,0.016904
2023-03-30,325.6324,0.009191,0.026223,-0.091578,0.017198
2023-03-31,327.2857,0.005077,0.027154,-0.07456,0.0172
2023-04-03,327.5,0.000655,0.021527,-0.05394,0.016721
2023-04-04,323.7837,-0.011347,0.011894,-0.041122,0.016057
2023-04-06,321.1748,-0.008058,-0.004624,-0.016713,0.014441
2023-04-10,319.9741,-0.003738,-0.017376,0.001301,0.013607
2023-04-11,319.833,-0.000441,-0.022771,0.003766,0.013589
2023-04-12,319.85,5.3e-05,-0.023359,0.002335,0.013586
2023-04-17,319.5718,-0.00087,-0.013008,-0.010496,0.013295
2023-04-18,319.9261,0.001109,-0.003888,-0.021817,0.012941
2023-04-19,320.83,0.002825,0.002675,-0.048794,0.010547
2023-04-20,320.7155,-0.000357,0.002759,-0.047757,0.010555
2023-04-21,321.1373,0.001315,0.004025,-0.042194,0.010574
2023-04-24,321.6512,0.0016,0.006507,-0.040081,0.010602
2023-04-25,321.8,0.000463,0.005857,-0.000281,0.005917
2023-04-26,321.7598,-0.000125,0.002898,0.014018,0.004882
2023-04-27,321.6324,-0.000396,0.002859,0.009412,0.004818
2023-04-28,321.65,5.5e-05,0.001597,0.00328,0.004629
2023-05-02,321.4389,-0.000656,-0.00066,0.004566,0.004607
2023-05-03,320.9014,-0.001672,-0.002792,-0.005471,0.0042
2023-05-04,319.9665,-0.002913,-0.005573,-0.0174,0.003594
2023-05-08,319.4428,-0.001637,-0.006808,-0.023963,0.003311
2023-05-09,318.5233,-0.002878,-0.009721,-0.02741,0.003301
2023-05-10,318.0867,-0.001371,-0.010429,-0.017595,0.002326
2023-05-11,316.6797,-0.004423,-0.013156,-0.013996,0.001824
2023-05-12,313.654,-0.009554,-0.019729,-0.019752,0.002622
2023-05-15,313.2454,-0.001303,-0.019401,-0.020597,0.002619
2023-05-16,312.639,-0.001936,-0.018474,-0.022545,0.002614
2023-05-17,310.4042,-0.007148,-0.024152,-0.028687,0.002937
2023-05-18,307.3664,-0.009787,-0.029409,-0.039258,0.00341
2023-05-19,305.7839,-0.005149,-0.025092,-0.046897,0.00328
2023-05-22,307.0783,0.004233,-0.019688,-0.042521,0.003577
2023-05-23,305.8837,-0.00389,-0.021607,-0.047499,0.0035
2023-05-24,304.707,-0.003847,-0.018354,-0.052679,0.00338
2023-05-25,303.2681,-0.004722,-0.013334,-0.057588,0.003323
2023-05-26,303.05,-0.000719,-0.008941,-0.058148,0.003299
2023-05-29,299.1118,-0.012995,-0.025943,-0.07002,0.003922
2023-05-30,296.6888,-0.008101,-0.03006,-0.077604,0.003945
2023-05-31,295.5211,-0.003936,-0.030147,-0.080631,0.003865
2023-06-01,292.4557,-0.010373,-0.035653,-0.088643,0.004052
2023-06-02,292.2778,-0.000608,-0.035546,-0.086536,0.004135
2023-06-05,292.3145,0.000126,-0.022725,-0.084924,0.004217
2023-06-06,291.5413,-0.002645,-0.01735,-0.08471,0.004222
2023-06-07,291.2115,-0.001131,-0.014583,-0.08449,0.004231
2023-06-08,290.9686,-0.000834,-0.005085,-0.08119,0.004306
2023-06-09,293.2079,0.007696,0.003182,-0.065187,0.004871
2023-06-12,296.2449,0.010358,0.013446,-0.054272,0.005748
2023-06-13,300.4257,0.014113,0.030474,-0.039065,0.00688
2023-06-14,303.2095,0.009266,0.0412,-0.023178,0.007201
2023-06-15,308.4828,0.017392,0.060193,0.003632,0.008004
2023-06-16,313.8245,0.017316,0.070314,0.026295,0.008753
2023-06-19,309.2,-0.014736,0.043731,0.006909,0.009425
2023-06-20,305.9231,-0.010598,0.018299,0.000129,0.0097
2023-06-21,306.125,0.00066,0.009615,0.004654,0.009657
2023-06-22,306.9052,0.002549,-0.005114,0.011993,0.009596
2023-06-23,306.9543,0.00016,-0.021892,0.012883,0.009591
2023-06-26,307.0,0.000149,-0.007115,0.026372,0.009039
2023-06-27,308.1212,0.003652,0.007185,0.038533,0.008771
2023-06-28,308.83,0.0023,0.008836,0.045035,0.008662
2023-07-04,308.1162,-0.002311,0.003946,0.053548,0.00822
2023-07-05,306.2611,-0.006021,-0.002258,0.047842,0.00842
2023-07-06,306.9852,0.002364,-4.8e-05,0.050188,0.008403
2023-07-07,308.1957,0.003943,0.000242,0.057125,0.00832
2023-07-10,311.5068,0.010743,0.008668,0.069693,0.008446
2023-07-11,312.7857,0.004106,0.015155,0.074981,0.008388
2023-07-12,313.9049,0.003578,0.024958,0.070588,0.008334
2023-07-13,314.5869,0.002173,0.024762,0.061915,0.008176
2023-07-14,316.3556,0.005622,0.026476,0.053024,0.007782
2023-07-17,319.1206,0.00874,0.024442,0.052476,0.007759
2023-07-18,322.8065,0.01155,0.032037,0.046433,0.007267
2023-07-19,322.5265,-0.000867,0.027466,0.027729,0.006371
2023-07-20,324.25,0.005344,0.030717,0.048674,0.005164
2023-07-21,325.2204,0.002993,0.028022,0.063079,0.004162
2023-07-24,326.75,0.004703,0.023908,0.067374,0.004137
2023-07-25,329.0,0.006886,0.019186,0.071992,0.00421
2023-07-26,329.4167,0.001267,0.021363,0.073178,0.004171
2023-07-27,329.3811,-0.000108,0.015825,0.072903,0.004182
2023-07-28,329.2804,-0.000306,0.012484,0.068672,0.004269
2023-07-31,329.3566,0.000231,0.007977,0.066466,0.00432
2023-08-02,324.6497,-0.014291,-0.013223,0.05366,0.00573
2023-08-03,314.0972,-0.032504,-0.046505,0.025586,0.009593
2023-08-04,318.4438,0.013838,-0.033206,0.037326,0.009994
2023-08-07,318.4438,0.0,-0.03291,0.033252,0.00999
2023-08-08,321.496,0.009585,-0.023867,0.032067,0.009938
2023-08-09,321.0833,-0.001284,-0.010985,0.026528,0.00994
2023-08-10,320.2591,-0.002567,0.019618,0.020242,0.009963
2023-08-11,320.0006,-0.000807,0.004889,0.017209,0.009968
2023-08-14,319.9817,-5.9e-05,0.004829,0.011462,0.009907
2023-08-15,320.9366,0.002984,-0.00174,0.005691,0.009741
2023-08-16,321.1804,0.00076,0.000302,-0.005037,0.009378
2023-08-17,321.0863,-0.000293,0.002583,-0.004465,0.009377
2023-08-18,321.8596,0.002408,0.005809,-0.007372,0.009309
2023-08-21,323.2519,0.004326,0.01022,-0.006053,0.009339
2023-08-22,323.935,0.002113,0.009343,-0.008615,0.009284
2023-08-23,323.935,0.0,0.008576,-0.015395,0.009126
2023-08-24,323.9704,0.000109,0.008982,-0.016533,0.009117
2023-08-25,324.05,0.000246,0.006805,-0.016185,0.009118
2023-08-28,323.8714,-0.000551,0.001916,-0.016427,0.009118
2023-08-29,323.9093,0.000117,-7.9e-05,-0.016539,0.009117
2023-08-31,322.6634,-0.003846,-0.003925,-0.006118,0.008587
2023-09-01,319.6472,-0.009348,-0.013344,0.01767,0.004688
2023-09-04,319.257,-0.001221,-0.014791,0.002554,0.003576
2023-09-05,320.3778,0.003511,-0.010787,0.006073,0.003655
2023-09-06,321.9978,0.005057,-0.005901,0.001561,0.003156
2023-09-07,321.995,-9e-06,-0.002072,0.002839,0.00314
2023-09-08,322.3871,0.001218,0.008572,0.006645,0.003081
2023-09-11,321.6556,-0.002269,0.007513,0.005172,0.003127
2023-09-12,322.2833,0.001951,0.005948,0.007193,0.003148
2023-09-13,322.3823,0.000307,0.001194,0.004505,0.003087
2023-09-14,323.3778,0.003088,0.004294,0.006842,0.003151
2023-09-15,323.3731,-1.5e-05,0.003058,0.007122,0.003149
2023-09-18,323.375,6e-06,0.005345,0.004708,0.003112
2023-09-19,323.7088,0.001032,0.004423,0.001413,0.002969
2023-09-20,324.0,0.0009,0.005018,0.000201,0.002937
2023-09-21,324.7013,0.002165,0.004093,0.002366,0.002976
2023-09-22,324.6121,-0.000275,0.003831,0.001981,0.002977
2023-09-25,324.4375,-0.000538,0.003286,0.001196,0.002981
2023-09-26,324.5999,0.000501,0.002753,0.002249,0.002978
2023-09-27,324.4478,-0.000469,0.001382,0.001663,0.002981
2023-10-02,323.5166,-0.00287,-0.003649,0.002644,0.002921
2023-10-03,323.8,0.000876,-0.002502,0.012992,0.001885
2023-10-04,323.7654,-0.000107,-0.002072,0.014122,0.001842
2023-10-05,323.7722,2.1e-05,-0.00255,0.010595,0.001724
2023-10-06,323.6946,-0.00024,-0.002321,0.00527,0.00136
2023-10-09,323.6117,-0.000256,0.000294,0.005021,0.001364
2023-10-10,323.6026,-2.8e-05,-0.00061,0.00377,0.001346
2023-10-11,323.8082,0.000635,0.000132,0.006692,0.001217
2023-10-12,323.848,0.000123,0.000234,0.004855,0.001156
2023-10-13,323.7977,-0.000155,0.000319,0.00439,0.00116
2023-10-16,323.86,0.000192,0.000767,0.001491,0.000943
2023-10-17,323.9143,0.000168,0.000963,0.001674,0.000943
2023-10-18,324.1357,0.000684,0.001011,0.002352,0.000952
2023-10-19,324.38,0.000754,0.001643,0.002073,0.00094
2023-10-20,324.9747,0.001833,0.003635,0.003008,0.001003
2023-10-23,325.0,7.8e-05,0.00352,0.00092,0.000884
2023-10-24,325.9017,0.002774,0.006136,0.003973,0.001069
2023-10-25,327.1063,0.003696,0.009165,0.008226,0.001308
2023-10-26,326.5647,-0.001656,0.006735,0.006053,0.001387
2023-10-27,326.5,-0.000198,0.004694,0.006325,0.00138
2023-10-30,327.13,0.00193,0.006554,0.011169,0.001203
2023-10-31,327.3817,0.000769,0.004541,0.011061,0.001202
2023-11-01,327.6173,0.00072,0.001562,0.011897,0.001192
2023-11-02,328.0343,0.001273,0.0045,0.013164,0.001193
2023-11-03,329.0615,0.003131,0.007845,0.01658,0.001294
2023-11-06,328.9773,-0.000256,0.005647,0.01658,0.001294
2023-11-07,327.736,-0.003773,0.001082,0.012773,0.001647
2023-11-08,327.1236,-0.001869,-0.001507,0.010239,0.001739
2023-11-09,328.41,0.003932,0.001145,0.014087,0.001896
2023-11-10,328.461,0.000155,-0.001825,0.014402,0.00189
2023-11-13,327.193,-0.00386,-0.005424,0.010291,0.002149
2023-11-14,326.894,-0.000914,-0.002569,0.009199,0.002171
2023-11-15,327.3643,0.001439,0.000736,0.009961,0.002182
2023-11-16,328.6449,0.003912,0.000715,0.013148,0.002312
2023-11-17,328.0732,-0.00174,-0.001181,0.009535,0.002354
2023-11-20,327.9164,-0.000478,0.002211,0.008974,0.002362
2023-11-21,328.0918,0.000535,0.003664,0.00672,0.002298
2023-11-22,328.3919,0.000915,0.003139,0.00393,0.002165
2023-11-23,328.4842,0.000281,-0.000489,0.005878,0.00212
2023-11-24,328.7214,0.000722,0.001976,0.006804,0.002119
2023-11-27,328.7498,8.6e-05,0.002542,0.004952,0.002086
2023-11-28,329.0036,0.000772,0.002779,0.004954,0.002086
2023-11-29,329.509,0.001536,0.003402,0.005774,0.002104
2023-11-30,329.0423,-0.001416,0.001699,0.003073,0.002123
2023-12-01,327.5552,-0.004519,-0.003548,-0.004578,0.002245
2023-12-04,327.9839,0.001309,-0.00233,-0.00302,0.002271
2023-12-05,328.0314,0.000145,-0.002955,0.000901,0.002104
2023-12-06,328.0175,-4.2e-05,-0.004526,0.002733,0.002056
2023-12-07,327.1342,-0.002693,-0.005799,-0.003885,0.001943
2023-12-08,326.59,-0.001664,-0.002947,-0.005696,0.001969
2023-12-11,326.9314,0.001045,-0.003209,-0.0008,0.001798
2023-12-12,327.1808,0.000763,-0.002593,0.000877,0.001794
2023-12-13,327.0966,-0.000257,-0.002807,-0.000818,0.001764
2023-12-14,326.7793,-0.00097,-0.001085,-0.005677,0.001508
2023-12-15,326.7231,-0.000172,0.000408,-0.004115,0.001468
2023-12-18,326.9856,0.000803,0.000166,-0.002839,0.001484
2023-12-19,326.9249,-0.000186,-0.000782,-0.003557,0.001475
2023-12-20,326.9605,0.000109,-0.000416,-0.004359,0.001455
2023-12-21,326.9669,2e-05,0.000574,-0.004619,0.001451
2023-12-22,326.3519,-0.001881,-0.001136,-0.007208,0.001478
2023-12-27,325.7409,-0.001872,-0.003807,-0.009153,0.001511
2023-12-28,324.2268,-0.004648,-0.008253,-0.014519,0.001746
2023-12-29,323.9233,-0.000936,-0.009289,-0.016952,0.001663
2024-01-01,323.9902,0.000207,-0.009104,-0.015354,0.001674
2024-01-02,323.1861,-0.002482,-0.009701,-0.013339,0.001485
2024-01-03,321.12,-0.006393,-0.014186,-0.020928,0.001889
2024-01-04,322.2375,0.00348,-0.006136,-0.017663,0.002132
2024-01-05,322.4275,0.00059,-0.004618,-0.017042,0.00215
2024-01-08,322.4406,4.1e-05,-0.004783,-0.014348,0.002113
2024-01-09,322.4136,-8.4e-05,-0.00239,-0.012788,0.002106
2024-01-10,322.6356,0.000689,0.00472,-0.01314,0.002092
2024-01-11,322.83,0.000603,0.001839,-0.013298,0.002087
2024-01-12,322.6884,-0.000439,0.000809,-0.013477,0.002085
2024-01-16,322.2038,-0.001502,-0.000734,-0.014002,0.002093
2024-01-17,321.7534,-0.001398,-0.002048,-0.015211,0.002094
2024-01-18,321.2243,-0.001644,-0.004374,-0.017619,0.002069
2024-01-19,320.8826,-0.001064,-0.006032,-0.018482,0.002063
2024-01-22,320.5246,-0.001116,-0.006706,-0.019684,0.002048
2024-01-23,320.0536,-0.001469,-0.006673,-0.021144,0.002037
2024-01-24,319.9412,-0.000351,-0.005632,-0.019644,0.002033
2024-01-26,319.1591,-0.002445,-0.006429,-0.020206,0.00205
2024-01-29,317.5185,-0.00514,-0.010484,-0.02069,0.002099
2024-01-30,317.9432,0.001338,-0.008054,-0.018461,0.002165
2024-01-31,317.4089,-0.00168,-0.008263,-0.020313,0.002154
2024-02-01,316.1275,-0.004037,-0.01192,-0.021841,0.002236
2024-02-02,314.0218,-0.006661,-0.016096,-0.022105,0.00227
2024-02-05,311.4132,-0.008307,-0.019228,-0.033591,0.00253
2024-02-06,312.2364,0.002643,-0.017949,-0.031607,0.002666
2024-02-07,314.0343,0.005758,-0.010632,-0.026071,0.003119
2024-02-08,313.2212,-0.002589,-0.009193,-0.028511,0.003117
2024-02-09,313.5869,0.001168,-0.001385,-0.028046,0.003136
2024-02-12,313.0338,-0.001764,0.005204,-0.030345,0.0031
2024-02-13,313.2487,0.000687,0.003242,-0.029253,0.003131
2024-02-14,313.4241,0.00056,-0.001943,-0.027249,0.003164
2024-02-15,313.1705,-0.000809,-0.000162,-0.026675,0.003167
2024-02-16,312.8934,-0.000885,-0.002212,-0.025935,0.003168
2024-02-19,312.4391,-0.001452,-0.0019,-0.026313,0.003167
2024-02-20,312.2604,-0.000572,-0.003155,-0.025783,0.003172
2024-02-21,312.0305,-0.000736,-0.004446,-0.025068,0.003174
2024-02-22,311.6802,-0.001123,-0.004759,-0.02582,0.003167
2024-02-26,311.1185,-0.001802,-0.005673,-0.025193,0.003158
2024-02-27,310.7593,-0.001155,-0.005376,-0.021288,0.003024
2024-02-28,310.7494,-3.2e-05,-0.004839,-0.022626,0.002981
2024-02-29,310.1532,-0.001919,-0.006016,-0.022859,0.002984
2024-03-01,309.8946,-0.000834,-0.005729,-0.019716,0.002906
2024-03-04,309.1297,-0.002468,-0.006392,-0.015579,0.002612
2024-03-05,308.1077,-0.003306,-0.008533,-0.010615,0.002028
2024-03-06,307.9685,-0.000452,-0.008949,-0.013669,0.001886
2024-03-07,307.8186,-0.000487,-0.007527,-0.019793,0.001127
2024-03-11,307.5613,-0.000836,-0.007529,-0.01807,0.001063
2024-03-12,307.0298,-0.001728,-0.006793,-0.02091,0.000957
2024-03-13,306.5707,-0.001495,-0.004989,-0.020647,0.000948
2024-03-14,306.2613,-0.001009,-0.005543,-0.022306,0.000857
2024-03-15,305.6448,-0.002013,-0.007062,-0.02482,0.00078
2024-03-18,305.2394,-0.001326,-0.007549,-0.025325,0.000773
2024-03-19,304.637,-0.001974,-0.007793,-0.026387,0.000782
2024-03-20,303.9755,-0.002171,-0.008465,-0.027089,0.000804
2024-03-21,304.3412,0.001203,-0.006269,-0.025361,0.000976
2024-03-22,303.9446,-0.001303,-0.005563,-0.025914,0.000968
2024-03-25,303.5486,-0.001303,-0.005539,-0.02609,0.000967
2024-03-26,302.751,-0.002628,-0.006191,-0.026895,0.001005
2024-03-27,302.0263,-0.002394,-0.006412,-0.028102,0.00103
2024-03-28,301.1837,-0.00279,-0.010375,-0.030783,0.001018
2024-04-01,300.4081,-0.002575,-0.011635,-0.03142,0.00104
2024-04-02,300.1378,-0.0009,-0.011236,-0.031484,0.001038
2024-04-03,299.9632,-0.000582,-0.009208,-0.029653,0.00104
2024-04-04,299.8867,-0.000255,-0.007084,-0.026682,0.000984
2024-04-05,299.8185,-0.000227,-0.004533,-0.026464,0.000996
2024-04-08,299.3771,-0.001472,-0.003432,-0.027424,0.000976
2024-04-09,298.9576,-0.001401,-0.003932,-0.027974,0.000967
2024-04-10,298.6751,-0.000945,-0.004294,-0.027211,0.00097
2024-04-15,298.4963,-0.000599,-0.004636,-0.026338,0.000985
2024-04-16,298.9094,0.001384,-0.003032,-0.024005,0.001157
2024-04-17,299.8253,0.003064,0.001497,-0.01904,0.001483
2024-04-18,300.9111,0.003621,0.006534,-0.01418,0.001798
2024-04-19,301.2744,0.001207,0.008703,-0.011038,0.001821
2024-04-22,302.0,0.002408,0.011738,-0.006499,0.001893
2024-04-24,301.4613,-0.001784,0.008537,-0.009463,0.001884
2024-04-25,298.7161,-0.009106,-0.003699,-0.017202,0.002697
2024-04-26,297.1631,-0.005199,-0.012456,-0.021036,0.002866
2024-04-29,296.2033,-0.00323,-0.016832,-0.021627,0.002887
2024-04-30,296.8561,0.002204,-0.017033,-0.017118,0.002959
2024-05-02,297.602,0.002513,-0.012802,-0.011892,0.003014
2024-05-03,296.7992,-0.002698,-0.006417,-0.012013,0.003019
2024-05-06,297.1335,0.001126,-0.0001,-0.01001,0.003042
2024-05-07,297.7495,0.002073,0.00522,-0.00738,0.003096
2024-05-08,299.6247,0.006298,0.009326,-0.000874,0.003436
2024-05-09,298.7068,-0.003063,0.003712,-0.003708,0.003502
2024-05-10,298.6317,-0.000251,0.006174,-0.00249,0.003489
2024-05-13,298.7882,0.000524,0.005569,-0.000567,0.003478
2024-05-14,299.8957,0.003707,0.007208,0.004087,0.003568
2024-05-15,300.834,0.003129,0.004036,0.007832,0.00362
2024-05-16,302.2475,0.004699,0.011853,0.011168,0.003742
2024-05-17,301.3081,-0.003108,0.008962,0.004946,0.003779
2024-05-20,299.8755,-0.004755,0.003639,-0.003442,0.00385
2024-05-21,299.8265,-0.000163,-0.000231,-0.004806,0.003836
2024-05-22,299.7458,-0.000269,-0.003617,-0.007464,0.003785
2024-05-27,299.9863,0.000802,-0.007481,-0.004893,0.003779
2024-05-28,300.4217,0.001451,-0.002942,0.00571,0.003162
2024-05-29,301.2717,0.002829,0.004656,0.013826,0.002929
2024-05-30,301.51,0.000791,0.005615,0.017916,0.00278
2024-05-31,301.8883,0.001255,0.007148,0.016952,0.002765
2024-06-03,301.8946,2.1e-05,0.006361,0.014424,0.002741
2024-06-04,301.9524,0.000191,0.005095,0.017363,0.002626
2024-06-05,302.1706,0.000723,0.002984,0.016952,0.002625
2024-06-06,302.2895,0.000393,0.002585,0.015248,0.00261
2024-06-07,302.7081,0.001385,0.002716,0.010291,0.002271
2024-06-10,302.6971,-3.6e-05,0.002658,0.013359,0.002116
2024-06-11,303.031,0.001103,0.003572,0.014732,0.002106
2024-06-12,303.4547,0.001398,0.00425,0.015618,0.002111
2024-06-13,303.738,0.000934,0.004792,0.012812,0.001996
2024-06-14,303.8309,0.000306,0.003709,0.009962,0.001909
2024-06-18,303.95,0.000392,0.004139,0.005633,0.001633
2024-06-19,304.4205,0.001548,0.004585,0.01033,0.001445
2024-06-20,305.2787,0.002819,0.006011,0.018018,0.000869
2024-06-24,305.4303,0.000497,0.005572,0.01869,0.000839
2024-06-25,305.3208,-0.000359,0.004904,0.018599,0.000846
2024-06-26,305.4034,0.000271,0.004782,0.018058,0.000858
2024-06-27,305.3403,-0.000207,0.003021,0.016372,0.000881
2024-06-28,305.7065,0.001199,0.001401,0.01472,0.000751
2024-07-01,306.0182,0.00102,0.001925,0.014952,0.000753
2024-07-02,305.8234,-0.000637,0.001646,0.013035,0.000803
2024-07-03,303.5236,-0.00752,-0.006155,0.005396,0.001996
2024-07-04,304.0552,0.001751,-0.004209,0.006964,0.002023
2024-07-05,304.5391,0.001591,-0.003819,0.007838,0.002041
2024-07-08,304.8833,0.00113,-0.003709,0.008581,0.002048
2024-07-09,304.4737,-0.001343,-0.004413,0.005833,0.002071
2024-07-10,304.2056,-0.000881,0.002247,0.004984,0.002087
2024-07-11,303.7568,-0.001475,-0.000981,0.002395,0.002111
2024-07-12,303.3297,-0.001406,-0.003971,-0.000412,0.002115
2024-07-15,302.1929,-0.003748,-0.008824,-0.005087,0.002258
2024-07-16,301.4954,-0.002308,-0.009782,-0.007687,0.002299
2024-07-17,303.3236,0.006064,-0.002899,-0.002061,0.002713
2024-07-18,303.8416,0.001708,0.000279,-0.001902,0.002718
2024-07-19,303.9906,0.00049,0.002179,-0.004219,0.002635
2024-07-22,303.6956,-0.00097,0.004973,-0.00568,0.002635
2024-07-23,303.7287,0.000109,0.007407,-0.005215,0.002637
2024-07-24,303.8705,0.000467,0.001803,-0.005019,0.002639
2024-07-25,303.5644,-0.001007,-0.000912,-0.005816,0.002644
2024-07-26,303.62,0.000183,-0.001219,-0.006825,0.002624
2024-07-29,303.1957,-0.001397,-0.001646,-0.009223,0.002614
2024-07-30,302.8885,-0.001013,-0.002766,-0.009597,0.002616
2024-07-31,302.3706,-0.00171,-0.004936,-0.003799,0.002056
2024-08-01,302.445,0.000246,-0.003688,-0.005296,0.002008
2024-08-02,302.4975,0.000174,-0.003697,-0.006704,0.001964
2024-08-05,302.0889,-0.001351,-0.00365,-0.009165,0.001945
2024-08-06,302.2113,0.000405,-0.002236,-0.007431,0.001942
2024-08-07,302.3394,0.000424,-0.000103,-0.006135,0.001946
2024-08-08,301.8515,-0.001614,-0.001962,-0.006272,0.001951
2024-08-09,301.2378,-0.002033,-0.004164,-0.006896,0.001974
2024-08-12,300.4007,-0.002779,-0.005588,-0.005931,0.001897
2024-08-13,299.6647,-0.00245,-0.008427,-0.006072,0.001905
2024-08-14,299.228,-0.001457,-0.010291,-0.013502,0.00119
2024-08-15,299.2783,0.000168,-0.008525,-0.015019,0.001071
2024-08-16,298.9042,-0.00125,-0.007747,-0.016732,0.001035
2024-08-20,298.6809,-0.000747,-0.005725,-0.016512,0.001035
2024-08-21,299.2525,0.001914,-0.001376,-0.014737,0.001188
2024-08-22,299.9863,0.002452,0.002534,-0.012782,0.001364
2024-08-23,301.1343,0.003827,0.006202,-0.008005,0.001687
2024-08-26,300.5002,-0.002106,0.00534,-0.010275,0.001722
2024-08-27,300.6037,0.000344,0.006438,-0.008549,0.001719
2024-08-28,300.7178,0.00038,0.004897,-0.007167,0.001722
2024-08-29,300.6837,-0.000113,0.002325,-0.005579,0.001693
2024-08-30,300.3276,-0.001184,-0.002679,-0.007001,0.0017
2024-09-02,299.6011,-0.002419,-0.002992,-0.009575,0.001756
2024-09-03,299.0072,-0.001982,-0.005311,-0.010201,0.001778
2024-09-04,299.1715,0.000549,-0.005142,-0.010059,0.001782
2024-09-05,298.9385,-0.000779,-0.005804,-0.011249,0.00177
2024-09-06,298.8696,-0.00023,-0.004855,-0.009879,0.001753
2024-09-09,298.6949,-0.000585,-0.003025,-0.008442,0.001716
2024-09-10,300.0746,0.004619,0.00357,-0.001086,0.001961
2024-09-11,300.7295,0.002182,0.005208,0.003553,0.001936
2024-09-12,300.7654,0.000119,0.006111,0.005138,0.001898
2024-09-13,301.7977,0.003432,0.009797,0.008418,0.002026
2024-09-18,301.1969,-0.001991,0.008376,0.00767,0.002064
2024-09-19,303.9177,0.009033,0.012807,0.017533,0.002807
2024-09-20,304.5504,0.002082,0.012705,0.017704,0.002811
2024-09-23,304.8847,0.001098,0.013696,0.016329,0.002787
2024-09-24,304.4214,-0.00152,0.008694,0.010916,0.002739
2024-09-25,303.9075,-0.001688,0.008999,0.011339,0.002719
2024-09-26,301.7592,-0.007069,-0.007102,0.003844,0.003212
2024-09-27,300.2152,-0.005117,-0.014235,-0.001671,0.003423
2024-09-30,299.3565,-0.00286,-0.018132,-0.004414,0.00348
2024-10-01,297.1955,-0.007219,-0.023737,-0.010429,0.003814
2024-10-02,295.6217,-0.005296,-0.027264,-0.013282,0.003941
2024-10-03,294.9272,-0.002349,-0.022641,-0.013645,0.003949
2024-10-04,295.4684,0.001835,-0.015811,-0.012378,0.00398
2024-10-07,293.7819,-0.005708,-0.018622,-0.01725,0.00414
2024-10-08,293.5476,-0.000798,-0.012274,-0.017807,0.004137
2024-10-09,293.361,-0.000636,-0.007647,-0.017857,0.004137
2024-10-10,292.9175,-0.001512,-0.006814,-0.023851,0.003929
2024-10-11,293.1156,0.000676,-0.007963,-0.025318,0.003875
2024-10-14,292.8558,-0.000886,-0.003152,-0.026298,0.003863
2024-10-15,292.8871,0.000107,-0.00225,-0.029525,0.003716
2024-10-16,293.6853,0.002725,0.001105,-0.024939,0.00383
2024-10-18,292.9995,-0.002335,0.00028,-0.035925,0.00297
2024-10-21,292.8693,-0.000444,-0.00084,-0.038355,0.002847
2024-10-22,293.0992,0.000785,0.000831,-0.038656,0.00283
2024-10-23,293.2637,0.000561,0.001286,-0.036652,0.002885
2024-10-24,293.2756,4.1e-05,-0.001395,-0.034984,0.002916
2024-10-25,293.6754,0.001363,0.002307,-0.026789,0.002713
2024-10-28,293.6867,3.8e-05,0.002791,-0.021746,0.002578
2024-10-29,293.5354,-0.000515,0.001488,-0.019445,0.002546
2024-10-30,293.7185,0.000624,0.001551,-0.011699,0.002099
2024-11-01,293.4102,-0.00105,0.000459,-0.007481,0.00179
2024-11-04,292.9776,-0.001474,-0.002376,-0.00661,0.001749
2024-11-05,293.0869,0.000373,-0.002042,-0.00806,0.001683
2024-11-06,293.1073,7e-05,-0.001458,-0.002296,0.00113
2024-11-07,292.9412,-0.000567,-0.002646,-0.002066,0.001124
2024-11-08,292.6902,-0.000857,-0.002454,-0.002287,0.00113
2024-11-11,292.6497,-0.000138,-0.001119,-0.000914,0.001082
2024-11-12,292.594,-0.00019,-0.001682,-0.00178,0.001068
2024-11-13,292.5977,1.3e-05,-0.001739,-0.000881,0.001052
2024-11-14,292.2986,-0.001022,-0.002194,-0.002009,0.001074
2024-11-18,292.1947,-0.000355,-0.001693,-0.005076,0.000843
2024-11-19,291.5886,-0.002074,-0.003626,-0.004815,0.000811
2024-11-20,290.917,-0.002303,-0.005731,-0.006666,0.000933
2024-11-21,290.9755,0.000201,-0.005544,-0.007246,0.000904
2024-11-22,290.9942,6.4e-05,-0.004463,-0.007739,0.000884
2024-11-25,290.9399,-0.000187,-0.004294,-0.007964,0.00088
2024-11-26,291.0625,0.000421,-0.001804,-0.008897,0.000802
2024-11-27,291.1471,0.000291,0.000791,-0.008647,0.000812
2024-11-28,291.0933,-0.000185,0.000405,-0.00832,0.000814
2024-11-29,290.9179,-0.000603,-0.000262,-0.009535,0.000777
2024-12-02,290.6996,-0.00075,-0.000826,-0.009238,0.000768
2024-12-03,290.6498,-0.000171,-0.001418,-0.007945,0.000732
2024-12-04,290.5357,-0.000393,-0.0021,-0.008705,0.000709
2024-12-05,290.5201,-5.4e-05,-0.001969,-0.008827,0.000705
2024-12-06,290.4005,-0.000412,-0.001779,-0.008673,0.000705
2024-12-09,290.3415,-0.000203,-0.001232,-0.008025,0.000699
2024-12-10,290.3607,6.6e-05,-0.000995,-0.007822,0.000705
2024-12-11,290.3096,-0.000176,-0.000778,-0.007807,0.000705
2024-12-12,290.2963,-4.6e-05,-0.00077,-0.007865,0.000703
2024-12-13,290.2596,-0.000126,-0.000485,-0.006976,0.00069
2024-12-16,290.323,0.000218,-6.4e-05,-0.006406,0.000701
2024-12-17,290.7605,0.001507,0.001377,-0.00284,0.000687
2024-12-18,290.9406,0.000619,0.002174,8.1e-05,0.000484
2024-12-19,291.2826,0.001175,0.003398,0.001055,0.00055
2024-12-20,292.6811,0.004801,0.008343,0.005797,0.001196
2024-12-23,293.1667,0.001659,0.009795,0.007654,0.001228
2024-12-24,295.6109,0.008337,0.016682,0.015627,0.002162
2024-12-26,296.4816,0.002945,0.019045,0.018322,0.002211
2024-12-27,294.3343,-0.007243,0.010477,0.011134,0.002863
2024-12-30,292.7528,-0.005373,0.000245,0.006307,0.003149
2024-12-31,292.5833,-0.000579,-0.00199,0.00648,0.003146
2025-01-01,293.0027,0.001433,-0.008823,0.008095,0.003153
2025-01-02,293.4147,0.001406,-0.010344,0.009909,0.003155
2025-01-03,293.2654,-0.000509,-0.003632,0.00945,0.00316
2025-01-06,293.5577,0.000997,0.002749,0.010872,0.003155
2025-01-07,294.9314,0.004679,0.008025,0.015809,0.003281
2025-01-08,296.1507,0.004134,0.010744,0.019941,0.003359
2025-01-09,296.0915,-0.0002,0.009123,0.019916,0.003359
2025-01-10,295.5931,-0.001683,0.007937,0.018246,0.003405
2025-01-15,294.5963,-0.003372,0.003538,0.014941,0.003532
2025-01-16,295.221,0.002121,0.000982,0.016871,0.003543
2025-01-17,296.5135,0.004378,0.001225,0.019786,0.003628
2025-01-20,296.6599,0.000494,0.00192,0.019658,0.003629
2025-01-21,296.8545,0.000656,0.004267,0.019129,0.003629
2025-01-22,297.4952,0.002158,0.00984,0.016448,0.003529
2025-01-23,298.6584,0.00391,0.011643,0.018732,0.003592
2025-01-24,298.8605,0.000677,0.007915,0.010993,0.003141
2025-01-27,298.411,-0.001504,0.005903,0.006508,0.003121
2025-01-28,298.4691,0.000195,0.005439,0.014048,0.002564
2025-01-29,297.899,-0.00191,0.001357,0.017579,0.002227
2025-01-30,296.5464,-0.00454,-0.007072,0.013545,0.00252
2025-01-31,297.5797,0.003484,-0.004286,0.015621,0.002593
2025-02-03,297.6367,0.000192,-0.002595,0.014389,0.002592
2025-02-05,299.1413,0.005055,0.002252,0.020036,0.002747
2025-02-06,298.9288,-0.00071,0.003457,0.018297,0.002774
2025-02-07,298.4908,-0.001465,0.006557,0.012069,0.002673
2025-02-10,297.6589,-0.002787,0.000266,0.005093,0.002639
2025-02-11,297.5176,-0.000475,-0.0004,0.004816,0.002643
2025-02-13,297.0173,-0.001682,-0.0071,0.004818,0.002643
2025-02-14,296.556,-0.001553,-0.007938,0.006652,0.002541
2025-02-17,295.5232,-0.003483,-0.009942,0.001024,0.002641
2025-02-18,295.3468,-0.000597,-0.007768,-0.003935,0.002439
2025-02-19,295.8921,0.001846,-0.005464,-0.002588,0.002477
2025-02-20,296.6271,0.002484,-0.001314,-0.000766,0.00254
2025-02-21,296.4754,-0.000511,-0.000272,-0.003428,0.002489
2025-02-24,295.8829,-0.001998,0.001217,-0.009293,0.002324
2025-02-25,295.749,-0.000453,0.001362,-0.010411,0.002309
2025-02-27,295.7164,-0.00011,-0.000594,-0.00903,0.002299
2025-02-28,295.4981,-0.000738,-0.003806,-0.009954,0.002294
2025-03-03,295.368,-0.00044,-0.003735,-0.008496,0.00227
2025-03-04,295.347,-7.1e-05,-0.001811,-0.004045,0.002053
2025-03-05,295.2061,-0.000477,-0.001836,-0.007976,0.001861
2025-03-06,295.2296,8e-05,-0.001646,-0.008087,0.001859
2025-03-07,295.5809,0.00119,0.00028,-0.011902,0.001408
2025-03-10,295.468,-0.000382,0.000339,-0.011577,0.001409
2025-03-11,295.4696,5e-06,0.000415,-0.010122,0.001398
2025-03-12,295.5014,0.000108,0.001,-0.007248,0.001296
2025-03-14,295.4196,-0.000277,0.000644,-0.007052,0.001296
2025-03-17,295.8118,0.001328,0.000781,-0.004059,0.001308
2025-03-18,296.2915,0.001622,0.002787,-0.000892,0.001328
2025-03-19,296.04,-0.000849,0.00193,0.001749,0.001076
2025-03-20,296.2133,0.000585,0.002409,0.002934,0.001069
2025-03-21,296.6034,0.001317,0.004007,0.002404,0.00103
2025-03-24,296.5901,-4.5e-05,0.002631,-0.000125,0.000867
2025-03-25,296.7237,0.00045,0.001459,0.000838,0.000864
2025-03-26,296.6087,-0.000388,0.001921,0.002453,0.000729
2025-03-27,296.4517,-0.000529,0.000805,0.002376,0.000732
2025-03-28,296.3472,-0.000353,-0.000864,0.002133,0.000738
2025-04-01,296.3198,-9.2e-05,-0.000911,0.002781,0.000713
2025-04-02,296.1931,-0.000428,-0.001788,0.002793,0.000712
2025-04-03,296.0638,-0.000437,-0.001837,0.002427,0.000723
2025-04-04,296.8985,0.002819,0.001507,0.005733,0.000926
2025-04-07,296.7552,-0.000483,0.001377,0.005168,0.000941
2025-04-08,297.5237,0.00259,0.004063,0.006573,0.001059
2025-04-09,298.6051,0.003635,0.008143,0.010617,0.001276
2025-04-10,301.2049,0.008706,0.017365,0.019411,0.002221
2025-04-11,298.8721,-0.007745,0.006647,0.011407,0.002954
2025-04-16,298.138,-0.002456,0.00466,0.009202,0.003026
2025-04-17,298.6186,0.001612,0.00368,0.009488,0.003031
2025-04-21,299.0786,0.00154,0.001586,0.009407,0.003029
2025-04-22,299.2328,0.000516,-0.006547,0.010785,0.003013
2025-04-23,299.7194,0.001626,0.002835,0.011836,0.003023
2025-04-24,299.8285,0.000364,0.00567,0.010873,0.003019
2025-04-25,300.0608,0.000775,0.00483,0.011702,0.003016
2025-04-28,299.6968,-0.001213,0.002067,0.01002,0.003042
2025-04-29,299.6612,-0.000119,0.001432,0.010291,0.003039
2025-04-30,299.6218,-0.000131,-0.000326,0.010693,0.003033
2025-05-02,299.5698,-0.000174,-0.000863,0.010874,0.003031
2025-05-05,299.478,-0.000306,-0.001942,0.010658,0.003033
2025-05-06,299.5246,0.000156,-0.000575,0.011248,0.003026
2025-05-07,299.4952,-9.8e-05,-0.000554,0.01159,0.003021
2025-05-08,299.4917,-1.2e-05,-0.000434,0.008734,0.002977
2025-05-09,299.2985,-0.000645,-0.000906,0.00857,0.00298
2025-05-14,298.9213,-0.00126,-0.001859,0.004697,0.002957
2025-05-15,298.6897,-0.000775,-0.002787,0.000283,0.002853
2025-05-16,298.5101,-0.000601,-0.003289,-0.008947,0.00199
2025-05-19,298.8165,0.001026,-0.002254,-0.000186,0.001034
2025-05-20,299.547,0.002445,0.00083,0.004726,0.001004
2025-05-21,300.565,0.003398,0.005499,0.006518,0.001194
2025-05-22,299.8469,-0.002389,0.003874,0.002569,0.001302
2025-05-23,299.4119,-0.001451,0.003021,0.000599,0.001345
2025-05-26,299.336,-0.000253,0.001739,-0.001279,0.001292
2025-05-27,299.569,0.000778,7.3e-05,-0.000865,0.001303
2025-05-28,299.6855,0.000389,-0.002926,-0.001251,0.001293
2025-05-29,299.6736,-4e-05,-0.000578,-7.7e-05,0.001264
2025-05-30,299.4393,-0.000782,9.2e-05,-0.000741,0.001276
2025-06-02,299.4211,-6.1e-05,0.000284,-0.00067,0.001276
2025-06-03,299.5516,0.000436,-5.8e-05,-6.1e-05,0.00128
2025-06-04,299.5189,-0.000109,-0.000556,0.000137,0.001278
2025-06-05,299.3602,-0.00053,-0.001046,-0.000549,0.001283
2025-06-06,299.2745,-0.000286,-0.00055,-0.000737,0.001284
2025-06-09,299.1426,-0.000441,-0.00093,-0.001166,0.001287
2025-06-11,299.1087,-0.000113,-0.001479,-0.000634,0.00128
2025-06-12,298.9831,-0.00042,-0.001789,0.000207,0.001251
2025-06-13,299.0231,0.000134,-0.001126,0.001116,0.001237
2025-06-16,299.4377,0.001387,0.000545,0.003107,0.001261
2025-06-17,300.7861,0.004503,0.005494,0.006591,0.001586
2025-06-18,300.8465,0.000201,0.00581,0.004338,0.001505
2025-06-19,300.7094,-0.000456,0.005774,0.00048,0.001311
2025-06-20,300.6511,-0.000194,0.005444,0.002682,0.001184
2025-06-23,300.4493,-0.000671,0.003378,0.003465,0.001141
2025-06-24,301.1214,0.002237,0.001115,0.005965,0.001225
2025-06-25,300.4861,-0.00211,-0.001198,0.003061,0.001331
2025-06-26,300.2152,-0.000902,-0.001643,0.001768,0.00135
2025-06-27,299.9734,-0.000805,-0.002254,0.001,0.001365
2025-06-30,299.9674,-2e-05,-0.001604,0.001764,0.001351
2025-07-01,299.9523,-5e-05,-0.003882,0.001774,0.001351
2025-07-02,300.0253,0.000243,-0.001534,0.001581,0.001349
2025-07-03,299.9991,-8.7e-05,-0.00072,0.001603,0.001349
2025-07-04,300.0015,8e-06,9.4e-05,0.002142,0.001341
2025-07-07,300.2223,0.000736,0.00085,0.003167,0.001345
2025-07-08,300.5654,0.001143,0.002044,0.004756,0.001354
2025-07-09,300.9139,0.001159,0.002962,0.006035,0.001367
2025-07-11,300.7097,-0.000679,0.002369,0.005775,0.001375
2025-07-14,300.7031,-2.2e-05,0.002339,0.005618,0.001376
2025-07-15,300.9579,0.000847,0.00245,0.005077,0.001359
2025-07-16,300.955,-1e-05,0.001296,0.000562,0.00092
2025-07-17,301.3045,0.001161,0.001298,0.001522,0.000954
2025-07-18,301.5145,0.000697,0.002676,0.002677,0.000955
2025-07-21,301.5995,0.000282,0.002981,0.003154,0.000952
2025-07-22,301.8496,0.000829,0.002963,0.004661,0.000942
2025-07-23,301.7347,-0.000381,0.002591,0.002037,0.000824
2025-07-24,301.7688,0.000113,0.001541,0.004269,0.000639
2025-07-25,301.8293,0.0002,0.001044,0.005376,0.000583
2025-07-28,301.8716,0.00014,0.000902,0.006328,0.000527
2025-07-29,301.9502,0.00026,0.000333,0.00661,0.000521
2025-07-30,302.042,0.000304,0.001018,0.006967,0.000513
2025-07-31,302.2079,0.000549,0.001455,0.007275,0.000515
2025-08-01,302.1856,-7.4e-05,0.00118,0.007288,0.000514
2025-08-04,301.6126,-0.001896,-0.000858,0.00537,0.000719
2025-08-05,301.0039,-0.002018,-0.003134,0.002603,0.000872
2025-08-06,300.9112,-0.000308,-0.003744,0.00115,0.000843
2025-08-07,300.766,-0.000483,-0.004771,-0.000492,0.000809
2025-08-11,300.8113,0.000151,-0.004548,0.000338,0.000795
2025-08-12,300.6705,-0.000468,-0.003124,-0.000108,0.000803
2025-08-13,301.017,0.001152,4.4e-05,0.000196,0.000822
2025-08-14,300.9333,-0.000278,7.3e-05,-7.2e-05,0.000825
2025-08-15,301.0335,0.000333,0.000889,-0.000899,0.000783
2025-08-18,301.1502,0.000388,0.001127,-0.001208,0.000771
2025-08-19,301.1936,0.000144,0.00174,-0.001346,0.000768
2025-08-20,301.5355,0.001135,0.001722,-0.001041,0.000789
2025-08-21,301.8375,0.001002,0.003005,0.000341,0.000819
2025-08-22,301.8311,-2.1e-05,0.00265,0.000206,0.000819
2025-08-25,301.9848,0.000509,0.002771,0.000515,0.000826
2025-08-26,302.2301,0.000812,0.003441,0.001188,0.000844
2025-08-27,302.302,0.000238,0.002542,0.001165,0.000844
2025-08-28,302.3261,8e-05,0.001619,0.000941,0.000842
2025-08-29,302.4465,0.000398,0.002039,0.00079,0.000838
2025-09-01,302.2931,-0.000507,0.001021,0.000356,0.000846
2025-09-02,301.9727,-0.00106,-0.000852,0.001194,0.000763
2025-09-03,302.136,0.000541,-0.000549,0.003761,0.000592
2025-09-04,302.136,0.0,-0.000629,0.00407,0.000582
2025-09-08,302.0218,-0.000378,-0.001404,0.004175,0.000576
2025-09-09,302.0123,-3.1e-05,-0.000929,0.003993,0.000579
2025-09-10,301.9019,-0.000366,-0.000234,0.004096,0.000573
2025-09-11,302.0173,0.000382,-0.000393,0.003323,0.00053
2025-09-12,301.9126,-0.000347,-0.000739,0.003254,0.000533
2025-09-15,301.8134,-0.000329,-0.00069,0.002591,0.000543
2025-09-16,302.1169,0.001006,0.000346,0.00321,0.000575
2025-09-17,302.1078,-3e-05,0.000682,0.003035,0.000576
2025-09-18,301.9777,-0.000431,-0.000131,0.001466,0.000541
2025-09-19,302.0652,0.00029,0.000505,0.000754,0.000498
2025-09-22,302.3706,0.001011,0.001846,0.001787,0.000543
2025-09-23,302.4124,0.000138,0.000978,0.001416,0.000535
2025-09-24,302.5314,0.000394,0.001402,0.000997,0.000512
2025-09-25,302.5733,0.000138,0.001972,0.000897,0.00051
2025-09-26,302.5248,-0.00016,0.001522,0.000657,0.000512
2025-09-29,302.5988,0.000245,0.000755,0.000504,0.000508
2025-09-30,302.6097,3.6e-05,0.000652,0.001047,0.000492
2025-10-01,302.6158,2e-05,0.000279,0.00213,0.000417
2025-10-02,302.5171,-0.000326,-0.000186,0.001261,0.000415
2025-10-03,302.5219,1.6e-05,-1e-05,0.001277,0.000414
2025-10-07,302.4794,-0.00014,-0.000395,0.001515,0.000404
2025-10-08,302.4906,3.7e-05,-0.000394,0.001584,0.000404
2025-10-09,302.618,0.000421,7e-06,0.002372,0.000396
2025-10-10,302.7339,0.000383,0.000717,0.002373,0.000396
2025-10-13,302.6837,-0.000166,0.000535,0.002554,0.000387
2025-10-14,302.602,-0.00027,0.000405,0.002613,0.000384
2025-10-15,302.7268,0.000412,0.000781,0.002019,0.000332
2025-10-16,302.9654,0.000788,0.001148,0.002839,0.000364
2025-10-17,302.9869,7.1e-05,0.000836,0.003342,0.000339
2025-10-21,303.0311,0.000146,0.001148,0.003198,0.000337
2025-10-22,303.1106,0.000262,0.001681,0.002447,0.000273
2025-10-23,303.2568,0.000482,0.001751,0.002792,0.000285
2025-10-24,303.6082,0.001159,0.002122,0.003559,0.000362
2025-10-27,303.774,0.000546,0.002598,0.003968,0.000371
2025-10-28,304.0209,0.000813,0.003266,0.004945,0.000385
2025-10-29,304.2329,0.000697,0.003703,0.0054,0.000398
2025-10-30,304.3424,0.00036,0.00358,0.005726,0.000395
2025-10-31,304.4223,0.000263,0.002681,0.00597,0.00039
2025-11-03,304.4913,0.000227,0.002361,0.006526,0.000362
2025-11-04,304.5367,0.000149,0.001697,0.00666,0.000357
2025-11-06,304.6238,0.000286,0.001285,0.007089,0.000339
2025-11-07,304.9541,0.001084,0.00201,0.008144,0.000368
2025-11-10,304.9548,2e-06,0.001749,0.007722,0.000379
2025-11-11,304.391,-0.001849,-0.000329,0.005474,0.000627
2025-11-12,304.2775,-0.000373,-0.000851,0.005266,0.000636
2025-11-13,304.5194,0.000795,-0.000343,0.006336,0.000634
2025-11-14,305.2173,0.002292,0.000863,0.008227,0.000773
2025-11-17,306.3737,0.003789,0.004653,0.01125,0.00108
2025-11-18,307.8955,0.004967,0.011513,0.016201,0.001454
2025-11-19,307.7857,-0.000357,0.01153,0.01569,0.00147
2025-11-20,308.4745,0.002238,0.012988,0.017696,0.0015
2025-11-21,308.2526,-0.000719,0.009945,0.016474,0.00154
2025-11-24,307.9781,-0.000891,0.005237,0.014393,0.001583
2025-11-25,307.8585,-0.000388,-0.00012,0.013446,0.001602
2025-11-26,307.9064,0.000156,0.000392,0.01278,0.001606
2025-11-27,308.075,0.000548,-0.001295,0.012629,0.001606
2025-11-28,308.0262,-0.000158,-0.000734,0.012104,0.001615
2025-12-01,308.071,0.000145,0.000302,0.011986,0.001616
2025-12-02,308.5126,0.001433,0.002125,0.013207,0.001624
2025-12-03,308.8268,0.001018,0.002989,0.014087,0.001622
2025-12-05,308.8479,6.8e-05,0.002509,0.013867,0.001625
2025-12-08,308.6553,-0.000624,0.002042,0.012137,0.001648
2025-12-09,308.6083,-0.000152,0.001744,0.01198,0.001651
2025-12-10,308.6494,0.000133,0.000443,0.01399,0.001554
2025-12-11,308.748,0.000319,-0.000255,0.014692,0.001536
2025-12-12,309.0255,0.000899,0.000575,0.014797,0.001536
2025-12-15,309.1486,0.000398,0.001598,0.01288,0.001493
2025-12-16,309.2557,0.000346,0.002098,0.009407,0.001297
2025-12-17,309.5379,0.000913,0.002879,0.005334,0.000764
2025-12-18,309.6458,0.000349,0.002908,0.006043,0.00075
2025-12-19,309.7162,0.000227,0.002235,0.004025,0.000596
2025-12-22,309.5238,-0.000621,0.001214,0.004124,0.000588
2025-12-23,309.5453,6.9e-05,0.000936,0.005089,0.00053
2025-12-24,309.658,0.000364,0.000388,0.005845,0.000509
2025-12-26,309.7074,0.00016,0.000199,0.005849,0.000508
2025-12-29,309.7101,9e-06,-2e-05,0.005307,0.000508
2025-12-30,309.8309,0.00039,0.000992,0.005859,0.000499
2025-12-31,309.9944,0.000528,0.001451,0.006243,0.000501
2026-01-01,309.9809,-4.4e-05,0.001043,0.004759,0.00043
2026-01-02,309.5365,-0.001434,-0.000552,0.002298,0.000533
2026-01-05,309.7548,0.000705,0.000144,0.002936,0.000549
2026-01-06,309.8535,0.000319,7.3e-05,0.003882,0.000519
2026-01-07,310.026,0.000557,0.000102,0.004594,0.000518
2026-01-08,310.1421,0.000374,0.00052,0.004836,0.000519
2026-01-09,309.7183,-0.001366,0.000587,0.003143,0.00063
2026-01-12,309.3752,-0.001108,-0.001225,0.001132,0.000665
2026-01-13,309.0476,-0.001059,-0.002601,-0.000327,0.000704
2026-01-14,309.1127,0.000211,-0.002946,-0.000462,0.000701
2026-01-16,309.3336,0.000715,-0.002607,-0.00066,0.000689
2026-01-19,309.6601,0.001055,-0.000188,4.6e-05,0.000726
2026-01-20,309.7416,0.000263,0.001184,8.2e-05,0.000727
2026-01-21,309.8507,0.000352,0.002599,0.001056,0.000715
2026-01-22,309.6825,-0.000543,0.001843,0.000443,0.000728
2026-01-23,309.7973,0.000371,0.001499,0.00045,0.000728
2026-01-26,309.8033,1.9e-05,0.000462,0.00031,0.000727
2026-01-27,309.5593,-0.000788,-0.000589,-0.000487,0.000749
2026-01-28,309.6089,0.00016,-0.00078,-0.000717,0.000744
2026-01-29,309.6525,0.000141,-9.7e-05,-0.001103,0.000734
2026-01-30,309.4993,-0.000495,-0.000962,-0.001554,0.00074
2026-02-02,309.2494,-0.000807,-0.001788,-0.000928,0.000691
2026-02-03,309.4545,0.000663,-0.000339,-0.000969,0.000689
2026-02-05,309.5079,0.000173,-0.000326,-0.001115,0.000686
2026-02-06,309.4614,-0.00015,-0.000617,-0.001821,0.00067
2026-02-09,309.3805,-0.000261,-0.000384,-0.002456,0.000662
2026-02-10,309.449,0.000221,0.000645,-0.000869,0.000597
2026-02-11,309.4591,3.3e-05,1.5e-05,0.000271,0.000542
2026-02-12,309.3864,-0.000235,-0.000393,0.001096,0.000485
2026-02-13,309.3532,-0.000107,-0.00035,0.000778,0.000484
2026-02-16,309.2053,-0.000478,-0.000566,-0.000415,0.00047
2026-02-17,309.2197,4.7e-05,-0.000741,-0.001422,0.000397
2026-02-18,309.3161,0.000312,-0.000462,-0.001374,0.000399
2026-02-19,309.378,0.0002,-2.7e-05,-0.001526,0.000392
2026-02-20,309.3069,-0.00023,-0.00015,-0.001213,0.000379
2026-02-23,309.3762,0.000224,0.000553,-0.001359,0.000371
2026-02-24,309.3789,9e-06,0.000515,-0.00137,0.000371
2026-02-25,309.3711,-2.5e-05,0.000178,-0.000608,0.00033
2026-02-26,309.3486,-7.3e-05,-9.5e-05,-0.000841,0.000327
2026-02-27,309.3091,-0.000128,7e-06,-0.001109,0.000325
2026-03-03,309.2363,-0.000235,-0.000452,-0.00085,0.000311
2026-03-04,310.1116,0.002831,0.002368,0.002788,0.000683
2026-03-05,310.295,0.000591,0.002986,0.002716,0.00068
2026-03-06,310.9029,0.001959,0.005024,0.004507,0.000793
2026-03-09,311.3373,0.001397,0.006557,0.006062,0.000829
2026-03-10,311.7288,0.001257,0.00806,0.00759,0.000844
2026-03-11,311.1244,-0.001939,0.003266,0.005414,0.000991
2026-03-12,310.9475,-0.000569,0.002103,0.00481,0.001007
2026-03-13,311.0653,0.000379,0.000522,0.005427,0.001001
2026-03-16,311.133,0.000218,-0.000656,0.005753,0.000998
2026-03-17,311.3783,0.000788,-0.001124,0.007028,0.000986
2026-03-18,311.3138,-0.000207,0.000609,0.006772,0.000992
2026-03-19,311.3,-4.4e-05,0.001134,0.006414,0.000996
2026-03-20,311.408,0.000347,0.001102,0.006562,0.000996
2026-03-23,311.7473,0.00109,0.001974,0.00789,0.001
2026-03-24,312.964,0.003903,0.005093,0.011597,0.00127
2026-03-25,314.2167,0.004003,0.009325,0.015637,0.001473
2026-03-26,313.5091,-0.002252,0.007096,0.013376,0.001614
2026-03-27,314.386,0.002797,0.009563,0.016284,0.001672
2026-03-30,314.8755,0.001557,0.010034,0.017996,0.001665
2026-03-31,315.1909,0.001002,0.007116,0.019256,0.001643
2026-04-02,315.21,6.1e-05,0.003161,0.016441,0.001593
2026-04-06,315.3833,0.00055,0.005978,0.016398,0.001593
2026-04-07,315.45,0.000211,0.003384,0.014625,0.001575
2026-04-08,315.4524,8e-06,0.001832,0.013217,0.001574
2026-04-09,315.2174,-0.000745,8.4e-05,0.011191,0.001598
2026-04-10,315.55,0.001055,0.001079,0.014225,0.001488
2026-04-15,315.5893,0.000125,0.000653,0.014928,0.001465
2026-04-16,315.545,-0.00014,0.000301,0.014401,0.001476
2026-04-17,315.7222,0.000562,0.000855,0.01475,0.001472
2026-04-20,316.44,0.002274,0.003879,0.016256,0.001512
2026-04-21,316.4443,1.4e-05,0.002834,0.01648,0.001505
2026-04-22,316.4625,5.8e-05,0.002767,0.016584,0.001502
2026-04-23,316.7792,0.001001,0.003911,0.017248,0.001498
2026-04-24,317.1708,0.001236,0.004588,0.017397,0.0015
2026-04-27,317.75,0.001826,0.00414,0.015292,0.001342
2026-04-28,317.9173,0.000527,0.004655,0.011777,0.001103
2026-04-29,318.6939,0.002443,0.007051,0.016538,0.000958
2026-04-30,319.3492,0.002056,0.008113,0.015787,0.000889
2026-05-04,319.9322,0.001826,0.008706,0.016059,0.000903
2026-05-05,319.5189,-0.001292,0.005567,0.013731,0.001015
2026-05-06,319.7857,0.000835,0.005877,0.014516,0.001004
2026-05-07,320.4515,0.002082,0.005515,0.01607,0.001048
2026-05-08,321.6318,0.003683,0.007148,0.019597,0.001219
2026-05-11,321.8718,0.000746,0.006063,0.02035,0.0012
2026-05-12,322.028,0.000485,0.007853,0.021606,0.001135
2026-05-13,322.2773,0.000774,0.007791,0.021319,0.001137
2026-05-14,323.9586,0.005217,0.010944,0.02652,0.001445
2026-05-15,324.7184,0.002345,0.009597,0.029072,0.001421
2026-05-18,325.6208,0.002779,0.011647,0.031352,0.001436
2026-05-19,326.9212,0.003994,0.015195,0.033122,0.00153
2026-05-20,328.1968,0.003902,0.018368,0.037139,0.00156
2026-05-21,329.6367,0.004387,0.017527,0.04163,0.001602
2026-05-22,333.9925,0.013214,0.02856,0.054338,0.002947
2026-05-25,336.8818,0.008651,0.034583,0.062146,0.003214
2026-05-26,325.1144,-0.03493,-0.005527,0.023177,0.009084
2026-05-27,323.0195,-0.006444,-0.015775,0.016049,0.009243
2026-05-29,327.8205,0.014863,-0.00551,0.028638,0.009759
2026-06-01,329.2241,0.004282,-0.014277,0.030922,0.009779
2026-06-02,331.5775,0.007148,-0.015745,0.036399,0.009858
2026-06-03,332.1604,0.001758,0.021672,0.039564,0.009831
2026-06-04,334.6149,0.00739,0.035897,0.046372,0.009899
2026-06-05,336.163,0.004627,0.025448,0.049029,0.009913
2026-06-08,336.3944,0.000688,0.021779,0.045899,0.009916
2026-06-09,336.8227,0.001273,0.015819,0.04645,0.009912
2026-06-10,337.6325,0.002404,0.016474,0.048457,0.009902
2026-06-11,330.9995,-0.019646,-0.010805,0.027064,0.011065
2026-06-12,333.3901,0.007222,-0.008249,0.029113,0.011111
2026-06-15,336.1886,0.008394,-0.000612,0.035324,0.011217
2026-06-16,331.589,-0.013682,-0.015538,0.018329,0.011733
2026-06-17,334.5835,0.009031,-0.009031,0.023438,0.011855
2026-06-18,333.9788,-0.001807,0.009001,0.017617,0.011856
2026-06-19,334.2827,0.00091,0.002677,0.014094,0.011828
2026-06-22,333.7646,-0.00155,-0.00721,-0.000682,0.011465
2026-06-23,334.5438,0.002335,0.008911,-0.00694,0.011301
2026-06-24,334.7745,0.00069,0.000571,0.029713,0.007827
2026-06-25,336.5667,0.005353,0.007749,0.041939,0.007639
2026-06-26,337.0431,0.001415,0.008258,0.028133,0.007022
2026-06-30,336.6623,-0.00113,0.008682,0.022593,0.00701
2026-07-01,336.1698,-0.001463,0.00486,0.01385,0.006885
2026-07-02,336.2879,0.000351,0.004521,0.012426,0.006881
2026-07-03,336.0313,-0.000763,-0.001591,0.004233,0.006699
2026-07-06,335.2555,-0.002309,-0.005304,-0.0027,0.006639
2026-07-07,334.9494,-0.000913,-0.005088,-0.004296,0.006639
2026-07-08,334.7128,-0.000706,-0.004334,-0.006264,0.00663
2026-07-09,335.4585,0.002228,-0.002466,-0.006439,0.006627
2026-07-10,336.4034,0.002817,0.001107,0.016326,0.004838
2026-07-13,335.759,-0.001916,0.001502,0.007105,0.004628
2026-07-14,336.2222,0.00138,0.0038,0.0001,0.004237
2026-07-15,336.2814,0.000176,0.004686,0.014151,0.002753
2026-07-16,336.3953,0.000339,0.002793,0.005415,0.001933
2026-07-17,336.3055,-0.000267,-0.000291,0.006967,0.001876
2026-07-20,336.2321,-0.000218,0.001409,0.005832,0.001875
2026-07-21,336.2674,0.000105,0.000134,0.007499,0.001825
2026-07-22,336.3526,0.000253,0.000212,0.005407,0.001766
2026-07-23,336.4163,0.000189,6.2e-05,0.004904,0.001763
2026-07-24,336.2576,-0.000472,-0.000142,-0.000918,0.001294
2026-07-27,336.2533,-1.3e-05,6.3e-05,-0.002343,0.001248
2026-07-28,336.2512,-6e-06,-4.8e-05,-0.001221,0.001225
2026-07-30,336.1785,-0.000216,-0.000518,2.6e-05,0.001181
2026-07-31,336.0466,-0.000392,-0.001099,-0.000718,0.001181
