date,actual,naive_1s,naive_ms,arima_1s,arima_ms,lstm_1s,lstm_ms,hybrid_1s,hybrid_ms
2019-06-19,2515.3401,2512.24,2512.24,2512.141054744553,2512.1493069680578,2584.3748,2584.374730602039,2508.6675587843174,2508.7260065625965
2019-06-20,2513.96,2515.3401,2512.24,2516.037395263493,2512.1306074555896,2588.8887,2593.0049897967033,2512.5466320760847,2508.653116048368
2019-06-21,2493.8799,2513.96,2512.24,2513.6495786609635,2512.126751836226,2592.7334,2603.929237968104,2510.1224406661972,2508.594622951431
2019-06-24,2488.98,2493.8799,2512.24,2489.363349365996,2512.125956850064,2594.6277,2616.023475497959,2485.710395979689,2508.545701593297
2019-06-25,2489.6201,2488.98,2512.24,2487.8778816613685,2512.1257929325698,2594.8252,2628.54529073375,2484.179036990119,2508.5057083126826
2019-06-26,2482.0801,2489.6201,2512.24,2489.76407558084,2512.125759134562,2594.0017,2641.037992322099,2486.062442842727,2508.4737142877525
2019-06-27,2479.9199,2482.0801,2512.24,2480.3841526799974,2512.125752165779,2592.2012,2653.234837041461,2476.650884895879,2508.448444229237
2019-06-28,2477.76,2479.9199,2512.24,2479.434013342086,2512.1257507288915,2589.841,2664.990229369111,2475.698793863479,2508.428704840798
2019-07-01,2496.5601,2477.76,2512.24,2477.2741808200967,2512.1257504326218,2587.2378,2676.2377017838044,2473.540782859434,2508.4133941447863
2019-07-02,2505.0701,2496.5601,2512.24,2500.788744457664,2512.1257503715333,2585.83,2686.9497777691645,2497.162184484901,2508.401525268345
2019-07-03,2524.75,2505.0701,2512.24,2506.98422621926,2512.1257503589377,2585.828,2697.1267847514046,2503.414338104331,2508.39237250159
2019-07-04,2542.3201,2524.75,2512.24,2529.1765349685575,2512.1257503563406,2587.8745,2706.7882045901997,2525.706496077719,2508.385414917579
2019-07-05,2587.8401,2542.3201,2512.24,2546.272084616337,2512.1257503558054,2592.0781,2715.9573936887455,2542.8801297175028,2508.3800758104508
2019-07-08,2594.4399,2587.8401,2512.24,2598.0787633960913,2512.125750355696,2600.004,2724.6644206876053,2594.8866001671026,2508.3760389248687
2019-07-09,2580.0901,2594.4399,2512.24,2595.9243712364128,2512.1257503556735,2610.0347,2732.9397907956254,2592.7292714057853,2508.373006609952
2019-07-10,2600.74,2580.0901,2512.24,2576.8624468365283,2512.125750355669,2619.6172,2740.811880951269,2573.5344870606036,2508.3707184214077
2019-07-11,2594.6001,2600.74,2512.24,2605.3847138678148,2512.125750355669,2629.2964,2748.3077311026273,2602.0850991999223,2508.3690069307927
2019-07-12,2613.99,2594.6001,2512.24,2593.2190725530395,2512.125750355669,2637.828,2755.451707217054,2589.8303332055816,2508.367704709672
2019-07-15,2627.1899,2613.99,2512.24,2618.35130622548,2512.125750355669,2646.0981,2762.2663744177294,2615.0024731413737,2508.3667373454114
2019-07-16,2643.02,2627.1899,2512.24,2630.158909950836,2512.125750355669,2654.356,2768.774979965779,2626.828626785858,2508.366011822216
2019-07-18,2694.53,2643.02,2512.24,2646.580612157875,2512.125750355669,2662.9292,2774.9976605733036,2643.2817780724104,2508.3655095369268
2019-07-19,2740.1499,2694.53,2512.24,2706.115974330683,2512.125750355669,2674.302,2780.9524519675374,2703.0178426740363,2508.365118870591
2019-07-22,2762.04,2740.1499,2512.24,2750.4110335734476,2512.125750355669,2689.5386,2786.655698173614,2747.481318655311,2508.3648026168903
2019-07-23,2724.76,2762.04,2512.24,2766.9636679614846,2512.125750355669,2707.4612,2792.1213148055863,2764.064398619062,2508.3646165853015
2019-07-24,2749.55,2724.76,2512.24,2716.374732614098,2512.125750355669,2723.0767,2797.360925494018,2713.184353709755,2508.3644305537127
2019-07-25,2810.0601,2749.55,2512.24,2755.125932899585,2512.125750355669,2737.4775,2802.387600001912,2751.9361488495974,2508.364281728442
2019-07-26,2880.54,2810.0601,2512.24,2823.6704371257433,2512.125750355669,2754.0361,2807.2138623819155,2820.684199361385,2508.364170109489
2019-07-29,2925.48,2880.54,2512.24,2896.3928113420516,2512.125750355669,2775.5996,2811.850081130776,2893.6734083135634,2508.3640956968534
2019-07-30,3050.8201,2925.48,2512.24,2935.588205909937,2512.125750355669,2801.9045,2816.308016306643,2932.993280029505,2508.3640770936945
2019-07-31,3024.99,3050.8201,2512.24,3079.012435103964,2512.125750355669,2838.3706,2820.5952532834526,3076.8793033614866,2508.3640398873767
2019-08-01,2983.45,3024.99,2512.24,3019.1801208394686,2512.125750355669,2876.6477,2824.721123708276,3016.759076489798,2508.364021284218
2019-08-02,2927.8999,2983.45,2512.24,2974.1065448709655,2512.125750355669,2909.6777,2828.6857640087023,2971.258687157266,2508.364021284218
2019-08-05,2906.6799,2927.8999,2512.24,2915.405199307574,2512.125750355669,2932.0918,2832.5049179284733,2912.0643029395474,2508.364021284218
2019-08-06,2896.52,2906.6799,2512.24,2901.9069554203634,2512.125750355669,2944.0427,2836.1852431339216,2898.304038225997,2508.3639840779
2019-08-07,2859.98,2896.52,2512.24,2894.2347672179712,2512.125750355669,2947.5112,2839.7329607230945,2890.502131243087,2508.364021284218
2019-08-08,2898.1001,2859.98,2512.24,2851.761178372294,2512.125750355669,2942.5852,2843.154073509897,2847.822040913493,2508.3639840779
2019-08-09,2885.79,2898.1001,2512.24,2906.674328306796,2512.125750355669,2935.813,2846.4544751661642,2902.9264697824733,2508.3639840779
2019-08-12,2955.3701,2885.79,2512.24,2883.02112982706,2512.125750355669,2927.6675,2849.639513653375,2879.246654729404,2508.3639840779
2019-08-14,2960.5801,2955.3701,2512.24,2971.0205222971526,2512.125750355669,2924.7705,2852.7143459343847,2967.608363331088,2508.3639840779
2019-08-16,2904.5901,2960.5801,2512.24,2961.751968108384,2512.125750355669,2925.9585,2855.6838834023893,2958.384901248185,2508.3639840779
2019-08-19,2905.8101,2904.5901,2512.24,2891.9964540521273,2512.125750355669,2925.435,2858.5527645954057,2888.33075004021,2508.3639840779
2019-08-20,2896.1399,2905.8101,2512.24,2906.084510574324,2512.125750355669,2923.9236,2861.3252460542035,2902.3811864948107,2508.3639840779
2019-08-21,2914.5801,2896.1399,2512.24,2893.9648138230914,2512.125750355669,2921.1453,2864.0054751774815,2890.199966782915,2508.3639840779
2019-08-22,2918.03,2914.5801,2512.24,2918.7277933382384,2512.125750355669,2919.202,2866.597353794278,2915.059951665341,2508.3639840779
2019-08-23,2898.29,2918.03,2512.24,2918.8059746232466,2512.125750355669,2918.2437,2869.1044563074183,2915.171608110948,2508.3639840779
2019-08-26,2902.8,2898.29,2512.24,2893.8499469367566,2512.125750355669,2916.5215,2871.5303844052464,2890.126604518086,2508.3639840779
2019-08-27,2891.72,2902.8,2512.24,2903.814419418198,2512.125750355669,2914.793,2873.8783032078204,2900.1134556826178,2508.3639840779
2019-08-28,2921.5901,2891.72,2512.24,2889.2278121610566,2512.125750355669,2912.37,2876.1513778352005,2885.4798978467866,2508.3639840779
2019-08-29,2928.7,2921.5901,2512.24,2928.3086830296043,2512.125750355669,2911.968,2878.352609694339,2924.717234007311,2508.3639840779
2019-08-30,2924.6499,2928.7,2512.24,2930.2992063462184,2512.125750355669,2913.4395,2880.4847000514937,2926.757514566128,2508.3639840779
2019-09-02,2908.4399,2924.6499,2512.24,2923.738924371254,2512.125750355669,2915.6812,2882.550486600511,2920.1772516837236,2508.3639840779
2019-09-03,2888.3401,2908.4399,2512.24,2904.793838188694,2512.125750355669,2916.9678,2884.5523158959163,2901.1383010602453,2508.3639840779
2019-09-04,2887.05,2888.3401,2512.24,2883.8191183100007,2512.125750355669,2915.9849,2886.4926982053444,2880.0491226206086,2508.3639840779
2019-09-05,2878.99,2887.05,2512.24,2886.7598220639875,2512.125750355669,2913.5273,2888.3739255122855,2882.9798266225507,2508.3639840779
2019-09-06,2859.9399,2878.99,2512.24,2877.177090795859,2512.125750355669,2909.75,2890.1982352291957,2873.371129186972,2508.3639840779
2019-09-09,2817.76,2859.9399,2512.24,2855.6550238672694,2512.125750355669,2904.0457,2891.9675373423174,2851.7755506578883,2508.3639840779
2019-09-10,2831.3999,2817.76,2512.24,2808.2726142754664,2512.125750355669,2894.492,2893.6839601220354,2804.207048212539,2508.3639840779
2019-09-11,2815.3,2831.3999,2512.24,2834.467877698953,2512.125750355669,2884.361,2895.349468125628,2830.503201795633,2508.3639840779
2019-09-12,2805.53,2815.3,2512.24,2811.678702618394,2512.125750355669,2873.6123,2896.9657530551954,2807.692131306443,2508.3639840779
2019-09-13,2815.05,2805.53,2512.24,2803.332466138405,2512.125750355669,2862.7373,2898.5345611838743,2799.354407561821,2508.3639840779
2019-09-17,2807.96,2815.05,2512.24,2817.191302186529,2512.125750355669,2853.467,2900.0576114992828,2813.31536067156,2508.3639840779
2019-09-18,2786.6001,2807.96,2512.24,2806.3652696951167,2512.125750355669,2845.5337,2901.5363774193793,2802.509290490939,2508.3639840779
2019-09-19,2778.05,2786.6001,2512.24,2781.7956881749965,2512.125750355669,2837.6104,2902.9725779317823,2777.8772380578853,2508.3639840779
2019-09-20,2786.95,2778.05,2512.24,2776.126854220059,2512.125750355669,2829.7502,2904.3674135992733,2772.2021031767395,2508.3639840779
2019-09-23,2766.0601,2786.95,2512.24,2788.9518476323638,2512.125750355669,2823.229,2905.722412410846,2785.1127267674956,2508.3639840779
2019-09-24,2759.75,2766.0601,2512.24,2761.3614037241214,2512.125750355669,2816.6475,2907.038993213424,2757.4641986097567,2508.3639840779
2019-09-25,2746.9199,2759.75,2512.24,2758.330690028654,2512.125750355669,2810.1296,2908.318247427717,2754.438912274824,2508.3639840779
2019-09-26,2741.3899,2746.9199,2512.24,2744.034067942922,2512.125750355669,2803.3105,2909.561539329612,2740.1173835538075,2508.3639840779
2019-09-27,2754.9099,2741.3899,2512.24,2740.1460553475313,2512.125750355669,2796.4895,2910.770014910856,2736.242697841733,2508.3639840779
2019-09-30,2764.01,2754.9099,2512.24,2757.9509089875914,2512.125750355669,2791.2039,2911.944711021122,2754.1577537942626,2508.3639840779
2019-10-01,2759.72,2764.01,2512.24,2766.0568554650877,2512.125750355669,2787.9966,2913.086882794228,2762.3521745454404,2508.3639840779
2019-10-02,2760.9199,2759.72,2512.24,2758.75506445586,2512.125750355669,2786.0764,2914.1974033667416,2755.0601415318183,2508.3639840779
2019-10-03,2746.8201,2760.9199,2512.24,2761.1897895476486,2512.125750355669,2785.1936,2915.277364159372,2757.516278996196,2508.3639840779
2019-10-04,2744.78,2746.8201,2512.24,2743.6486785115944,2512.125750355669,2784.0334,2916.32774745076,2739.914722889875,2508.3639840779
2019-10-07,2759.29,2744.78,2512.24,2744.3211270387883,2512.125750355669,2782.6228,2917.3494263774724,2740.5832682665105,2508.3639840779
2019-10-08,2778.22,2759.29,2512.24,2762.5536864208543,2512.125750355669,2782.1646,2918.343383218148,2758.8990416931474,2508.3639840779
2019-10-09,2793.5601,2778.22,2512.24,2782.477862436028,2512.125750355669,2783.6663,2919.310381967285,2778.9317098443225,2508.3639840779
2019-10-10,2862.05,2793.5601,2512.24,2797.010498074745,2512.125750355669,2787.3633,2920.251295761451,2793.5467417518844,2508.3639840779
2019-10-11,2864.77,2862.05,2512.24,2877.455207208523,2512.125750355669,2796.9517,2921.1668885951426,2874.3143626250117,2508.3639840779
2019-10-14,2866.4399,2864.77,2512.24,2865.3818006247225,2512.125750355669,2809.7268,2922.0579244628575,2862.2310864657106,2508.3639840779
2019-10-15,2900.26,2866.4399,2512.24,2866.8155050967734,2512.125750355669,2823.5442,2922.9251673590925,2863.6095874999564,2508.3639840779
2019-10-16,2878.0,2900.26,2512.24,2907.867043495654,2512.125750355669,2839.2551,2923.769326707309,2904.746663332461,2508.3639840779
2019-10-17,2881.0601,2878.0,2512.24,2872.993131652087,2512.125750355669,2853.1912,2924.5911119309694,2869.688368334979,2508.3639840779
2019-10-18,2887.8601,2881.0601,2512.24,2881.748398195483,2512.125750355669,2864.9807,2925.3911233114627,2878.3773537981288,2508.3639840779
2019-10-21,2905.27,2887.8601,2512.24,2889.389601561806,2512.125750355669,2874.87,2926.170070272252,2885.986605975411,2508.3639840779
2019-10-22,2912.6599,2905.27,2512.24,2909.1859513589548,2512.125750355669,2884.0093,2926.9286076657622,2905.8194421598123,2508.3639840779
2019-10-23,2926.77,2912.6599,2512.24,2914.322085822293,2512.125750355669,2892.475,2927.667172060278,2910.9505767471283,2508.3639840779
2019-10-24,2922.3501,2926.77,2512.24,2929.943738233418,2512.125750355669,2900.8713,2928.386527450296,2926.59782339272,2508.3639840779
2019-10-25,2932.3601,2922.3501,2512.24,2921.355946477496,2512.125750355669,2908.1968,2929.0871104041007,2917.943248685443,2508.3639840779
2019-10-28,2935.3101,2932.3601,2512.24,2934.611616269659,2512.125750355669,2914.9817,2929.769466632047,2931.20025672109,2508.3639840779
2019-10-29,2940.8601,2935.3101,2512.24,2935.9736337657837,2512.125750355669,2921.074,2930.4341964155255,2932.535025596228,2508.3639840779
2019-10-30,2951.3899,2940.8601,2512.24,2942.1084431864742,2512.125750355669,2926.6443,2931.0817363228202,2938.658608362866,2508.3639840779
2019-10-31,2950.3301,2951.3899,2512.24,2953.7583331684573,2512.125750355669,2932.227,2931.71257749325,2950.324966631363,2508.3639840779
2019-11-01,2980.1101,2950.3301,2512.24,2950.0917226830584,2512.125750355669,2937.2732,2932.3272110661355,2946.620419935332,2508.3639840779
2019-11-04,2990.3401,2980.1101,2512.24,2986.80841713391,2512.125750355669,2943.8523,2932.9260736097604,2983.4490080400533,2508.3639840779
2019-11-05,2981.8101,2990.3401,2512.24,2992.6411001437173,2512.125750355669,2951.6643,2933.5095471213726,2989.3018395655617,2508.3639840779
2019-11-06,2981.1001,2981.8101,2512.24,2979.8914752467344,2512.125750355669,2958.945,2934.078286453399,2976.4695396884154,2508.3639840779
2019-11-07,2958.23,2981.1001,2512.24,2980.9404020428115,2512.125750355669,2965.1968,2934.6324553189456,2977.466218244975,2508.3639840779
2019-11-08,2935.3201,2958.23,2512.24,2953.085903872255,2512.125750355669,2968.4492,2935.172544857332,2949.4569091689623,2508.3639840779
2019-11-11,2951.99,2935.3201,2512.24,2930.1670517895845,2512.125750355669,2967.7136,2935.6989916368425,2926.392613646808,2508.3639840779
2019-11-14,2969.5701,2951.99,2512.24,2955.7395056007576,2512.125750355669,2965.8086,2936.212013941619,2952.0352335689736,2508.3639840779
2019-11-15,2964.78,2969.5701,2512.24,2973.5243338833398,2512.125750355669,2964.7253,2936.7122120530516,2969.9190375099724,2508.3639840779
2019-11-18,2986.52,2964.78,2512.24,2963.702578613058,2512.125750355669,2963.9395,2937.1996405421764,2960.0866318433436,2508.3639840779
2019-11-19,3046.04,2986.52,2512.24,2991.409906463775,2512.125750355669,2965.1384,2937.674954261419,2987.8996640016167,2508.3639840779
2019-11-20,3062.9099,3046.04,2512.24,3059.4276371998103,2512.125750355669,2972.182,2938.1383169238866,3056.201924423626,2508.3639840779
2019-11-21,3036.1599,3062.9099,2512.24,3066.704390940811,2512.125750355669,2983.7327,2938.590001384756,3063.546279130127,2508.3639840779
2019-11-22,3028.3501,3036.1599,2512.24,3030.1431107678945,2512.125750355669,2995.0637,2939.0304442123115,3026.800820366436,2508.3639840779
2019-11-25,3022.0,3028.3501,2512.24,3026.5934674562654,2512.125750355669,3004.6028,2939.459863690695,3023.1373503030977,2508.3639840779
2019-11-26,3003.95,3022.0,2512.24,3020.5716929606433,2512.125750355669,3011.5903,2939.8786418171553,3017.0245738200183,2508.3639840779
2019-11-27,3011.1001,3003.95,2512.24,2999.8900730602054,2512.125750355669,3014.8755,2940.28705144687,2996.2156703464298,2508.3639840779
2019-11-28,3021.24,3011.1001,2512.24,3012.7083483995693,2512.125750355669,3016.0854,2940.685256292945,3009.0476256670254,2508.3639840779
2019-11-29,3069.23,3021.24,2512.24,3023.520734248023,2512.125750355669,3016.6897,2941.073474639523,3019.907352623801,2508.3639840779
2019-12-02,3072.1499,3069.23,2512.24,3080.024232345748,2512.125750355669,3020.759,2941.4522521969584,3076.6478719293355,2508.3639840779
2019-12-03,3053.3401,3072.1499,2512.24,3072.8066634721054,2512.125750355669,3026.967,2941.821588965252,3069.4425148553146,2508.3639840779
2019-12-04,3049.48,3053.3401,2512.24,3049.1092737533436,2512.125750355669,3032.5173,2942.1818669416516,3045.62128003615,2508.3639840779
2019-12-05,3031.77,3049.48,2512.24,3048.6117604443048,2512.125750355669,3036.8367,2942.5331952682286,3045.0597344109033,2508.3639840779
2019-12-06,3000.02,3031.77,2512.24,3027.7865481382955,2512.125750355669,3038.5315,2942.8759013711956,3024.1139111525167,2508.3639840779
2019-12-09,3000.4299,3000.02,2512.24,2992.8785772665665,2512.125750355669,3035.8313,2943.210203534695,2989.028397117488,2508.3639840779
2019-12-10,2974.47,3000.4299,2512.24,3000.522097454439,2512.125750355669,3030.6138,2943.5362654718338,2996.6712111095294,2508.3639840779
2019-12-11,2945.24,2974.47,2512.24,2968.630925353774,2512.125750355669,3022.1895,2943.8544146088243,2964.6738700234973,2508.3639840779
2019-12-13,2955.22,2945.24,2512.24,2938.6653925512355,2512.125750355669,3010.2024,2944.1647600877372,2934.5952912900966,2508.3639840779
2019-12-16,2958.71,2955.22,2512.24,2957.4647684686506,2512.125750355669,2997.8423,2944.4675201927153,2953.4886615865553,2508.3639840779
2019-12-17,2936.1699,2958.71,2512.24,2959.4949941839272,2512.125750355669,2986.646,2944.762858636865,2955.5988671983773,2508.3639840779
2019-12-18,2945.29,2936.1699,2512.24,2931.1000296833427,2512.125750355669,2975.467,2945.050993704328,2927.150706506005,2508.3639840779
2019-12-19,2953.1001,2945.29,2512.24,2947.3413539990925,2512.125750355669,2966.0098,2945.332143679246,2943.482512341454,2508.3639840779
2019-12-20,2946.3401,2953.1001,2512.24,2954.8568000217447,2512.125750355669,2959.0815,2945.606417703691,2951.0837745090494,2508.3639840779
2019-12-23,2945.8899,2946.3401,2512.24,2944.819595506204,2512.125750355669,2953.8506,2945.874034061804,2941.0533172392975,2508.3639840779
2019-12-24,2927.6899,2945.8899,2512.24,2945.7886379995407,2512.125750355669,2950.1067,2946.135211037728,2942.046504143721,2508.3639840779
2019-12-25,2948.45,2927.6899,2512.24,2923.5962340551655,2512.125750355669,2946.2095,2946.3900032024976,2919.7847521024983,2508.3639840779
2019-12-27,2965.3401,2948.45,2512.24,2953.1195007901842,2512.125750355669,2944.1196,2946.638683411291,2949.427551899498,2508.3639840779
2019-12-30,2972.0901,2965.3401,2512.24,2969.1391344601566,2512.125750355669,2944.6348,2946.881251664108,2965.554469638532,2508.3639840779
2019-12-31,2958.27,2972.0901,2512.24,2973.608355226793,2512.125750355669,2947.284,2947.118089958197,2970.0718492892165,2508.3639840779
2020-01-01,2936.96,2958.27,2512.24,2955.161490509659,2512.125750355669,2949.9817,2947.3490891514866,2951.553685019165,2508.3639840779
2020-01-03,2929.0901,2936.96,2512.24,2932.1668120173395,2512.125750355669,2950.7861,2947.5745766701907,2928.4386742857873,2508.3639840779
2020-01-06,2928.5,2929.0901,2512.24,2927.3199493615793,2512.125750355669,2949.6614,2947.794607085344,2923.5430021016764,2508.3639840779
2020-01-07,2893.79,2928.5,2512.24,2928.367270754173,2512.125750355669,2947.349,2948.0093986810894,2924.5943382247237,2508.3639840779
2020-01-08,2857.99,2893.79,2512.24,2885.98279423378,2512.125750355669,2941.8362,2948.2189514574256,2882.0555152382663,2508.3639840779
2020-01-09,2782.45,2857.99,2512.24,2849.9376241304903,2512.125750355669,2932.0652,2948.423483698496,2845.8524858095675,2508.3639840779
2020-01-10,2830.76,2782.45,2512.24,2765.4590370619344,2512.125750355669,2914.819,2948.623104546371,2761.0306155645894,2508.3639840779
2020-01-14,2816.98,2830.76,2512.24,2841.626208889833,2512.125750355669,2898.0198,2948.8179231431213,2837.4960714462904,2508.3639840779
2020-01-15,2829.96,2816.98,2512.24,2813.8805100703394,2512.125750355669,2882.043,2949.0081577728897,2809.789628245846,2508.3639840779
2020-01-17,2807.22,2829.96,2512.24,2832.879548569448,2512.125750355669,2869.0217,2949.19375386464,2828.946693678625,2508.3639840779
2020-01-20,2791.0601,2807.22,2512.24,2802.105166835959,2512.125750355669,2857.3862,2949.374875131479,2798.13519351023,2508.3639840779
2020-01-21,2784.6599,2791.0601,2512.24,2787.4253070163777,2512.125750355669,2846.4805,2949.5517398575485,2783.430780391698,2508.3639840779
2020-01-22,2826.23,2784.6599,2512.24,2783.22032413296,2512.125750355669,2836.507,2949.724402613884,2779.2459829788613,2508.3639840779
2020-01-23,2849.29,2826.23,2512.24,2835.5802254227124,2512.125750355669,2830.9373,2949.892863400486,2831.8656188991986,2508.3639840779
2020-01-24,2876.8999,2849.29,2512.24,2854.4768097081255,2512.125750355669,2830.3032,2950.057340501496,2850.931642261989,2508.3639840779
2020-01-27,2883.01,2876.8999,2512.24,2883.110103701664,2512.125750355669,2834.8464,2950.21788848795,2879.727535342289,2508.3639840779
2020-01-28,2843.4299,2883.01,2512.24,2884.384324631293,2512.125750355669,2842.7073,2950.3746165019184,2881.0273133130863,2508.3639840779
2020-01-29,2817.73,2843.4299,2512.24,2834.5272787108165,2512.125750355669,2849.0627,2950.5276336854727,2830.940978337739,2508.3639840779
2020-01-30,2830.2,2817.73,2512.24,2811.9494062958433,2512.125750355669,2851.935,2950.6769400386124,2808.1903769074156,2508.3639840779
2020-01-31,2833.6599,2830.2,2512.24,2833.004835952312,2512.125750355669,2853.1772,2950.82275384548,2829.2852853427235,2508.3639840779
2020-02-03,2835.04,2833.6599,2512.24,2834.4381238902492,2512.125750355669,2853.5305,2950.9650751060753,2830.744539209692,2508.3639840779
2020-02-04,2839.1299,2835.04,2512.24,2835.3504213390365,2512.125750355669,2853.4204,2951.104067533505,2831.6778587398544,2508.3639840779
2020-02-06,2840.99,2839.1299,2512.24,2840.049827711416,2512.125750355669,2853.3396,2951.2397311277687,2836.4071344302424,2508.3639840779
2020-02-07,2839.5601,2840.99,2512.24,2841.408386155164,2512.125750355669,2853.4353,2951.372175030938,2837.780673905408,2508.3639840779
2020-02-10,2835.3501,2839.5601,2512.24,2839.2384773112904,2512.125750355669,2853.5413,2951.501508385083,2835.60511454121,2508.3639840779
2020-02-11,2824.0601,2835.3501,2512.24,2834.403158591882,2512.125750355669,2853.339,2951.627676619169,2830.747138427392,2508.3639840779
2020-02-12,2801.8501,2824.0601,2512.24,2821.5206775540014,2512.125750355669,2852.1375,2951.750898017338,2817.806628691544,2508.3639840779
2020-02-13,2784.8301,2801.8501,2512.24,2796.8544779871004,2512.125750355669,2848.7876,2951.871336292696,2793.030542716791,2508.3639840779
2020-02-14,2767.8999,2784.8301,2512.24,2781.0018475614793,2512.125750355669,2843.1394,2951.988773161101,2777.101259525896,2508.3639840779
2020-02-17,2773.26,2767.8999,2512.24,2764.091845979163,2512.125750355669,2835.3328,2952.103426906696,2760.1301066774813,2508.3639840779
2020-02-18,2768.8501,2773.26,2512.24,2774.465629606094,2512.125750355669,2827.2556,2952.215461242586,2770.567513732757,2508.3639840779
2020-02-19,2783.6599,2768.8501,2512.24,2767.8581957444985,2512.125750355669,2819.4443,2952.3247670267015,2763.986529074653,2508.3639840779
2020-02-20,2807.1101,2783.6599,2512.24,2786.9910194455942,2512.125750355669,2813.557,2952.4315079721478,2783.2370457231364,2508.3639840779
2020-02-21,2788.3101,2807.1101,2512.24,2812.384676106569,2512.125750355669,2811.076,2952.5357386499613,2808.784993060228,2508.3639840779
2020-02-25,2771.3,2788.3101,2512.24,2784.0814780350065,2512.125750355669,2809.6577,2952.637568202212,2780.4134878273344,2508.3639840779
2020-02-26,2731.3899,2771.3,2512.24,2767.473974335812,2512.125750355669,2807.799,2952.7369420578657,2763.7231603747828,2508.3639840779
2020-02-27,2670.97,2731.3899,2512.24,2722.413052899729,2512.125750355669,2802.9797,2952.8339693589924,2718.4637297223912,2508.3639840779
2020-02-28,2675.4099,2670.97,2512.24,2657.3799512626206,2512.125750355669,2792.4697,2952.928704676628,2653.139741683153,2508.3639840779
2020-03-02,2631.99,2675.4099,2512.24,2676.4085520565095,2512.125750355669,2779.6135,2953.0212025818078,2672.22878730889,2508.3639840779
2020-03-03,2646.97,2631.99,2512.24,2622.2237051671364,2512.125750355669,2763.5483,2953.1115722166032,2617.907270306907,2508.3639840779
2020-03-04,2656.75,2646.97,2512.24,2650.339401969979,2512.125750355669,2747.9648,2953.199759009978,2646.186439762185,2508.3639840779
2020-03-05,2586.3101,2656.75,2512.24,2658.949783128598,2512.125750355669,2734.782,2953.2859266750393,2654.947784704068,2508.3639840779
2020-03-06,2548.3101,2586.3101,2512.24,2570.466285725959,2512.125750355669,2719.7,2953.3700206407516,2566.2014298642953,2508.3639840779
2020-03-09,2479.6101,2548.3101,2512.24,2539.7628853899064,2512.125750355669,2702.2842,2953.4521500491855,2535.3745930772843,2508.3639840779
2020-03-11,2361.75,2479.6101,2512.24,2464.1576356917512,2512.125750355669,2680.6462,2953.532369471377,2459.510779860605,2508.3639840779
2020-03-12,2405.8,2361.75,2512.24,2335.240116614023,2512.125750355669,2651.1987,2953.6106789073256,2330.1071734606417,2508.3639840779
2020-03-13,2293.6899,2405.8,2512.24,2415.708021146701,2512.125750355669,2622.345,2953.6871329280675,2410.9415020770293,2508.3639840779
2020-03-16,2205.97,2293.6899,2512.24,2268.47334514055,2512.125750355669,2590.2654,2953.7617861046374,2263.3496583500837,2508.3639840779
2020-03-23,1947.42,2205.97,2512.24,2186.239452345369,2512.125750355669,2554.437,2953.8347475791065,2180.872443182466,2508.3639840779
2020-05-12,1760.53,1947.42,2512.24,1889.2652016463219,2512.125750355669,2506.501,2953.905908209404,1882.7660771193443,2508.3639840779
2020-05-13,1685.45,1760.53,2512.24,1718.4934489873567,2512.125750355669,2447.6245,2953.9755408507076,1711.2967732099214,2508.3639840779
2020-05-14,1729.15,1685.45,2512.24,1668.5625033440567,2512.125750355669,2385.821,2954.043427218875,1661.4032244744278,2508.3639840779
2020-05-15,1707.02,1729.15,2512.24,1738.9792968016081,2512.125750355669,2331.0588,2954.1096764559775,1732.5900961141997,2508.3639840779
2020-05-18,1755.51,1707.02,2512.24,1702.0423721231216,2512.125750355669,2285.4434,2954.174452275121,1696.1220468438858,2508.3639840779
2020-05-19,1847.71,1755.51,2512.24,1766.4166956958802,2512.125750355669,2251.3225,2954.2377001052705,1761.2303710994752,2508.3639840779
2020-05-20,1886.65,1847.71,2512.24,1868.448241764491,2512.125750355669,2230.317,2954.299529088497,1864.1133871616773,2508.3639840779
2020-05-21,1904.14,1886.65,2512.24,1895.4086457083436,2512.125750355669,2220.2476,2954.3598300827293,1891.5632611105652,2508.3639840779
2020-05-22,2037.04,1904.14,2512.24,1908.073967987646,2512.125750355669,2217.9565,2954.418766801074,1904.4827418867244,2508.3639840779
2020-05-25,2034.38,2037.04,2512.24,2066.932758465302,2512.125750355669,2225.195,2954.4762846724957,2064.0415560155034,2508.3639840779
2020-05-27,1997.2,2034.38,2512.24,2033.7816949772935,2512.125750355669,2237.6648,2954.532492839065,2030.8912545132737,2508.3639840779
2020-05-28,2014.36,1997.2,2512.24,1988.8372252841243,2512.125750355669,2250.5803,2954.587391300782,1985.6845408339748,2508.3639840779
2020-05-29,2057.7,2014.36,2512.24,2018.219742176558,2512.125750355669,2263.088,2954.640925486612,2015.0330806947006,2508.3639840779
2020-06-01,2016.08,2057.7,2512.24,2067.448323189512,2512.125750355669,2276.0286,2954.6932591096606,2064.3811575763375,2508.3639840779
2020-06-02,1962.2,2016.08,2512.24,2006.7185507349448,2512.125750355669,2286.4978,2954.7443921699282,2003.3693831495718,2508.3639840779
2020-06-03,1972.78,1962.2,2512.24,1950.080949389688,2512.125750355669,2292.1958,2954.794324667415,1946.3754504558958,2508.3639840779
2020-06-04,1952.34,1972.78,2512.24,1975.1597244888103,2512.125750355669,2294.8435,2954.843002031085,1971.4423484950817,2508.3639840779
2020-06-05,1954.5699,1952.34,2512.24,1947.7424982465704,2512.125750355669,2294.6887,2954.8905879740446,1943.9125221647223,2508.3639840779
2020-06-09,2002.3101,1954.5699,2512.24,1955.0714640489223,2512.125750355669,2292.9866,2954.93713706733,1951.2619151940944,2508.3639840779
2020-06-10,2041.9,2002.3101,2512.24,2013.048145656021,2512.125750355669,2292.531,2954.982594739905,2009.4953018468932,2508.3639840779
2020-06-11,2039.0699,2041.9,2512.24,2050.8048255708463,2512.125750355669,2294.652,2955.0269064207346,2047.4732599523313,2508.3639840779
2020-06-12,2055.0601,2039.0699,2512.24,2038.4333349455783,2512.125750355669,2298.1067,2955.070235822925,2035.0874387015292,2508.3639840779
2020-06-15,2054.96,2055.0601,2512.24,2058.6567229225875,2512.125750355669,2302.6802,2955.1125829464763,2055.3511790230514,2508.3639840779
2020-06-16,2047.22,2054.96,2512.24,2054.9374848373036,2512.125750355669,2307.529,2955.1538386493175,2051.582871294747,2508.3639840779
2020-06-17,2079.1201,2047.22,2512.24,2045.4790673399439,2512.125750355669,2311.7593,2955.1942212155905,2042.0331730986109,2508.3639840779
2020-06-18,2130.6699,2079.1201,2512.24,2086.295284231144,2512.125750355669,2316.5754,2955.233566932189,2082.9557447032507,2508.3639840779
2020-06-19,2140.51,2130.6699,2512.24,2142.2648264133527,2512.125750355669,2323.645,2955.2720940832555,2139.1394463741376,2508.3639840779
2020-06-22,2156.53,2140.51,2512.24,2142.723301223284,2512.125750355669,2332.0234,2955.309693526718,2139.603143981463,2508.3639840779
2020-06-23,2221.3501,2156.53,2512.24,2160.1333257382557,2512.125750355669,2341.1821,2955.346365262577,2157.0198785489247,2508.3639840779
2020-06-24,2257.5701,2221.3501,2512.24,2235.929871203888,2512.125750355669,2352.9868,2955.3822730039387,2233.0462893271333,2508.3639840779
2020-06-25,2275.45,2257.5701,2512.24,2265.716945083621,2512.125750355669,2367.2505,2955.417253037697,2262.925331743243,2508.3639840779
2020-06-26,2287.5601,2275.45,2512.24,2279.4716669080794,2512.125750355669,2382.731,2955.451523647994,2276.6577490327895,2508.3639840779
2020-06-29,2290.8501,2287.5601,2512.24,2290.2839848328867,2512.125750355669,2398.2375,2955.484975692758,2287.3969642449656,2508.3639840779
2020-06-30,2277.3201,2290.8501,2512.24,2291.590108843874,2512.125750355669,2412.5947,2955.517554600954,2288.5829791746846,2508.3639840779
2020-07-01,2268.77,2277.3201,2512.24,2274.276841745406,2512.125750355669,2424.3232,2955.549369514653,2271.0749760723406,2508.3639840779
2020-07-02,2258.72,2268.77,2512.24,2266.846854220059,2512.125750355669,2432.9553,2955.5804750048906,2263.4909768206144,2508.3639840779
2020-07-03,2229.3201,2258.72,2512.24,2256.45948666233,2512.125750355669,2438.4287,2955.6109256427017,2252.9694668640514,2508.3639840779
2020-07-06,2190.75,2229.3201,2512.24,2222.7072775048605,2512.125750355669,2440.0295,2955.640721428087,2219.013600079476,2508.3639840779
2020-07-07,2188.5601,2190.75,2512.24,2182.0745546780845,2512.125750355669,2437.1978,2955.6696440769047,2178.1538555585166,2508.3639840779
2020-07-08,2212.7,2188.5601,2512.24,2188.0675330190884,2512.125750355669,2431.8196,2955.698021015367,2184.130681756042,2508.3639840779
2020-07-09,2195.6799,2212.7,2512.24,2218.129708051742,2512.125750355669,2426.657,2955.725633959332,2214.3425564766535,2508.3639840779
2020-07-10,2205.6599,2195.6799,2512.24,2191.851625068809,2512.125750355669,2421.3787,2955.7526466219065,2188.0251992780222,2508.3639840779
2020-07-13,2140.1899,2205.6599,2512.24,2207.904668468651,2512.125750355669,2416.9841,2955.779059003091,2204.1577948514787,2508.3639840779
2020-07-14,2072.1001,2140.1899,2512.24,2125.463948933609,2512.125750355669,2410.3994,2955.8048165318487,2121.4155013246614,2508.3639840779
2020-07-15,2113.51,2072.1001,2512.24,2056.7848859642536,2512.125750355669,2399.7617,2955.830082921287,2052.4137311790973,2508.3639840779
2020-07-16,2095.95,2113.51,2512.24,2122.82419216533,2512.125750355669,2389.5117,2955.854639887264,2118.7048722495583,2508.3639840779
2020-07-17,2126.6299,2095.95,2512.24,2092.0002871433353,2512.125750355669,2379.7847,2955.878651142886,2087.89278897439,2508.3639840779
2020-07-20,2153.5,2126.6299,2512.24,2133.5306286714795,2512.125750355669,2372.6548,2955.902116688153,2129.6637017629864,2508.3639840779
2020-07-21,2181.1299,2153.5,2512.24,2159.5438029288075,2512.125750355669,2369.0251,2955.925036523065,2155.8862399576924,2508.3639840779
2020-07-22,2173.6101,2181.1299,2512.24,2187.3446022356693,2512.125750355669,2369.1277,2955.9474106476214,2183.872816213483,2508.3639840779
2020-07-23,2158.6101,2173.6101,2512.24,2171.9186961993423,2512.125750355669,2371.1428,2955.969293632859,2168.425349269792,2508.3639840779
2020-07-24,2159.6299,2158.6101,2512.24,2155.2361994960156,2512.125750355669,2373.3604,2955.9906854787764,2151.6520179488507,2508.3639840779
2020-07-27,2161.8899,2159.6299,2512.24,2159.8592802489306,2512.125750355669,2375.4636,2956.011477043304,2156.255359312346,2508.3639840779
2020-07-28,2178.1699,2161.8899,2512.24,2162.3982343426005,2512.125750355669,2377.398,2956.031886610582,2158.7912652244822,2508.3639840779
2020-07-29,2171.4299,2178.1699,2512.24,2181.8317066803243,2512.125750355669,2379.8164,2956.0518050385413,2178.297579921749,2508.3639840779
2020-07-30,2163.0901,2171.4299,2512.24,2169.91389404021,2512.125750355669,2382.0332,2956.071232327181,2166.340753180606,2508.3639840779
2020-07-31,2153.3999,2163.0901,2512.24,2161.2142563051243,2512.125750355669,2383.5144,2956.090168476501,2157.585986394312,2508.3639840779
2020-08-03,2179.6499,2153.3999,2512.24,2151.220315289086,2512.125750355669,2383.9426,2956.1088317706435,2147.5304852243125,2508.3639840779
2020-08-05,2215.0801,2179.6499,2512.24,2185.554225881973,2512.125750355669,2384.911,2956.12684021236,2181.987256010452,2508.3639840779
2020-08-06,2209.6699,2215.0801,2512.24,2223.0492979757514,2512.125750355669,2387.8655,2956.1445757988986,2219.6599082224097,2508.3639840779
2020-08-07,2219.54,2209.6699,2512.24,2208.4530015662226,2512.125750355669,2391.5933,2956.1618748171536,2205.03140050917,2508.3639840779
2020-08-10,2227.1899,2219.54,2512.24,2221.7600490242917,2512.125750355669,2395.8984,2956.178682696089,2218.355566659637,2508.3639840779
2020-08-11,2210.48,2227.1899,2512.24,2228.910566764362,2512.125750355669,2400.5457,2956.195217719847,2225.5062701277807,2508.3639840779
2020-08-12,2231.78,2210.48,2512.24,2206.7214973312316,2512.125750355669,2404.1863,2956.2113161753205,2203.1961808544097,2508.3639840779
2020-08-13,2277.2,2231.78,2512.24,2236.570938715658,2512.125750355669,2407.8774,2956.227032633546,2233.1107882353876,2508.3639840779
2020-08-14,2297.1201,2277.2,2512.24,2287.4161707260646,2512.125750355669,2413.5513,2956.242421665558,2284.151815543417,2508.3639840779
2020-08-17,2320.1001,2297.1201,2512.24,2301.6006623619614,2512.125750355669,2421.0413,2956.257483271357,2298.4079414719163,2508.3639840779
2020-08-18,2316.99,2320.1001,2512.24,2325.268915572104,2512.125750355669,2430.1794,2956.2721083088722,2322.13846127027,2508.3639840779
2020-08-19,2331.1399,2316.99,2512.24,2316.2904554695037,2512.125750355669,2439.4072,2956.286351349139,2313.076080688849,2508.3639840779
2020-08-20,2370.29,2331.1399,2512.24,2334.3225903160887,2512.125750355669,2448.576,2956.3003761052637,2331.0973794110137,2508.3639840779
2020-08-21,2371.8701,2370.29,2512.24,2379.0959028080692,2512.125750355669,2458.9639,2956.3140188641396,2375.9873625115147,2508.3639840779
2020-08-24,2394.1799,2371.8701,2512.24,2372.22550667909,2512.125750355669,2469.378,2956.3274433388738,2369.0560568728765,2508.3639840779
2020-08-25,2398.98,2394.1799,2512.24,2399.1979696975864,2512.125750355669,2480.0889,2956.340431245324,2396.0567720161594,2508.3639840779
2020-08-26,2379.6699,2398.98,2512.24,2400.059670653945,2512.125750355669,2490.36,2956.3530917255607,2396.8617641598044,2508.3639840779
2020-08-27,2364.9099,2379.6699,2512.24,2375.3265429252006,2512.125750355669,2498.4258,2956.3655884926916,2371.951892685256,2508.3639840779
2020-08-28,2353.27,2364.9099,2512.24,2361.5899819040797,2512.125750355669,2503.5767,2956.377757833609,2358.06535302644,2508.3639840779
2020-08-31,2360.3799,2353.27,2512.24,2350.651875701578,2512.125750355669,2505.837,2956.3896543193487,2347.0147211224153,2508.3639840779
2020-09-01,2359.75,2360.3799,2512.24,2361.9791063462185,2512.125750355669,2506.5212,2956.401223378876,2358.3476952706264,2508.3639840779
2020-09-03,2348.3601,2359.75,2512.24,2359.6083186715027,2512.125750355669,2506.2048,2956.4125741542607,2355.9652534573456,2508.3639840779
2020-09-04,2343.8101,2348.3601,2512.24,2345.7982073766443,2512.125750355669,2504.7268,2956.4235975034326,2342.0957754594538,2508.3639840779
2020-09-07,2321.5701,2343.8101,2512.24,2342.7866835137916,2512.125750355669,2502.4329,2956.4344025684622,2339.060069753797,2508.3639840779
2020-09-08,2307.8899,2321.5701,2512.24,2316.5677301860924,2512.125750355669,2498.6697,2956.44498934935,2312.7360069728966,2508.3639840779
2020-09-09,2307.6399,2307.8899,2512.24,2304.8128577550265,2512.125750355669,2493.6013,2956.455248704025,2300.9243699391695,2508.3639840779
2020-09-10,2334.76,2307.6399,2512.24,2307.5836683249336,2512.125750355669,2488.182,2956.4652897745577,2303.7181540465217,2508.3639840779
2020-09-11,2342.8501,2334.76,2512.24,2340.8600346038743,2512.125750355669,2484.492,2956.4751125609487,2337.1639222095414,2508.3639840779
2020-09-14,2359.24,2342.8501,2512.24,2344.669779497819,2512.125750355669,2482.687,2956.484771634233,2341.050933319764,2508.3639840779
2020-09-15,2382.77,2359.24,2512.24,2362.9265261246833,2512.125750355669,2483.0732,2956.494103281304,2359.406358297077,2508.3639840779
2020-09-16,2389.3301,2382.77,2512.24,2388.0625252572504,2512.125750355669,2486.0317,2956.5033803573397,2384.6588978616205,2508.3639840779
2020-09-17,2406.3601,2389.3301,2512.24,2390.805641646413,2512.125750355669,2490.6821,2956.512275436127,2387.420396800069,2508.3639840779
2020-09-18,2480.0701,2406.3601,2512.24,2410.1906017055235,2512.125750355669,2496.8647,2956.521061372843,2406.856991409274,2508.3639840779
2020-09-21,2512.3999,2480.0701,2512.24,2496.6494470765792,2512.125750355669,2507.5032,2956.529574454382,2493.632410638591,2508.3639840779
2020-09-22,2511.72,2512.3999,2512.24,2519.6717352342475,2512.125750355669,2521.953,2956.5379238228143,2516.7666482400764,2508.3639840779
2020-09-23,2492.3501,2511.72,2512.24,2511.567072336489,2512.125750355669,2537.5508,2956.546054907104,2508.575704519564,2508.3639840779
2020-09-24,2486.01,2492.3501,2512.24,2487.993292308525,2512.125750355669,2551.3594,2956.554022278288,2484.7932853467023,2508.3639840779
2020-09-25,2481.9199,2486.01,2512.24,2484.5839422276463,2512.125750355669,2562.4053,2956.5617713653296,2481.241224341675,2508.3639840779
2020-09-28,2482.0801,2481.9199,2512.24,2480.999927303243,2512.125750355669,2570.5066,2956.5694113103,2477.5523414820914,2508.3639840779
2020-09-29,2495.72,2482.0801,2512.24,2482.116133257383,2512.125750355669,2576.0935,2956.5768329711286,2478.6112065758643,2508.3639840779
2020-09-30,2476.1101,2495.72,2512.24,2498.787977698953,2512.125750355669,2580.468,2956.5841454898864,2495.3113219772886,2508.3639840779
2020-10-01,2465.79,2476.1101,2512.24,2471.699309900461,2512.125750355669,2582.6199,2956.5911305824307,2468.098511532007,2508.3639840779
2020-10-05,2454.4299,2465.79,2512.24,2463.468733960589,2512.125750355669,2582.6,2956.5980065329045,2459.7896658720574,2508.3639840779
2020-10-06,2288.51,2454.4299,2512.24,2451.8747101923127,2512.125750355669,2580.5889,2956.6048279123424,2448.124416699042,2508.3639840779
2020-10-07,2272.22,2288.51,2512.24,2251.190184384597,2512.125750355669,2568.0354,2956.611431007638,2246.588067322982,2508.3639840779
2020-10-08,2272.8899,2272.22,2512.24,2268.5559440526727,2512.125750355669,2549.1567,2956.617870389828,2263.881505099273,2508.3639840779
2020-10-09,2317.1499,2272.8899,2512.24,2273.040578396508,2512.125750355669,2528.3677,2956.6242006299462,2268.478144676873,2508.3639840779
2020-10-12,2348.5,2317.1499,2512.24,2327.1051557537567,2512.125750355669,2510.8777,2956.630312585923,2322.9208558079254,2508.3639840779
2020-10-13,2334.71,2348.5,2512.24,2355.5514745459973,2512.125750355669,2498.8145,2956.6363153998286,2351.6770941958844,2508.3639840779
2020-10-14,2308.96,2334.71,2512.24,2331.608260803337,2512.125750355669,2490.4753,2956.6421545006274,2327.775106363411,2508.3639840779
2020-10-15,2346.8301,2308.96,2512.24,2303.1681374681602,2512.125750355669,2483.7178,2956.647993601426,2299.262828506292,2508.3639840779
2020-10-16,2366.1399,2346.8301,2512.24,2355.3480966317293,2512.125750355669,2480.4001,2956.6535598470477,2351.662281297409,2508.3639840779
2020-10-19,2370.4299,2366.1399,2512.24,2370.4831895967895,2512.125750355669,2480.5288,2956.659016950598,2366.932260288852,2508.3639840779
2020-10-20,2382.72,2370.4299,2512.24,2371.3948355441394,2512.125750355669,2482.9802,2956.6643649120774,2367.8852806811633,2508.3639840779
2020-10-21,2387.5601,2382.72,2512.24,2385.484371638935,2512.125750355669,2487.2515,2956.669603731486,2382.0295555359535,2508.3639840779
2020-10-22,2287.6001,2387.5601,2512.24,2388.6487677219557,2512.125750355669,2492.5027,2956.6747334088236,2385.199732315843,2508.3639840779
2020-10-23,2294.8899,2287.6001,2512.24,2265.116427041448,2512.125750355669,2492.5012,2956.679590230983,2261.135208703435,2508.3639840779
2020-10-26,2297.8799,2294.8899,2512.24,2296.5295706595966,2512.125750355669,2489.4517,2956.6845016241787,2292.5506943072864,2508.3639840779
2020-10-27,2258.3401,2297.8799,2512.24,2298.552430833794,2512.125750355669,2485.021,2956.689249304268,2294.613720859505,2508.3639840779
2020-10-28,2260.97,2258.3401,2512.24,2249.4465432568372,2512.125750355669,2478.148,2956.693942413321,2245.3630032940687,2508.3639840779
2020-10-29,2238.97,2260.97,2512.24,2261.561534729028,2512.125750355669,2470.5208,2956.698417238232,2257.540688838983,2508.3639840779
2020-10-30,2282.2,2238.97,2512.24,2234.021612594156,2512.125750355669,2462.0513,2956.7028374921083,2229.954856822519,2508.3639840779
2020-11-03,2262.9399,2282.2,2512.24,2291.923581252483,2512.125750355669,2456.0254,2956.7072031749485,2288.1323591569935,2508.3639840779
2020-11-04,2294.3899,2262.9399,2512.24,2258.607789260214,2512.125750355669,2451.1506,2956.7114051446824,2254.7874412358456,2508.3639840779
2020-11-05,2317.8301,2294.3899,2512.24,2301.463844723354,2512.125750355669,2448.9553,2956.715552543381,2297.8362440534934,2508.3639840779
2020-11-06,2347.3999,2317.8301,2512.24,2323.1024268395663,2512.125750355669,2449.8262,2956.7195362289726,2319.618540836072,2508.3639840779
2020-11-09,2370.3,2347.3999,2512.24,2354.0509375415145,2512.125750355669,2454.0342,2956.7235199145643,2350.720617183238,2508.3639840779
2020-11-10,2379.6899,2370.3,2512.24,2375.4508439287533,2512.125750355669,2461.1345,2956.727394458085,2372.2165998205533,2508.3639840779
2020-11-11,2411.6001,2379.6899,2512.24,2381.801939222824,2512.125750355669,2469.8948,2956.7311052884993,2378.572973701965,2508.3639840779
2020-11-12,2432.55,2411.6001,2512.24,2418.7775559908164,2512.125750355669,2480.592,2956.7347615478784,2415.644573736788,2508.3639840779
2020-11-13,2403.5701,2432.55,2512.24,2437.262191877895,2512.125750355669,2492.7344,2956.738308665186,2434.1660677056843,2508.3639840779
2020-11-16,2401.3701,2403.5701,2512.24,2397.051746718972,2512.125750355669,2503.1562,2956.741855782494,2393.734771840661,2508.3639840779
2020-11-17,2386.6899,2401.3701,2512.24,2400.8752612594158,2512.125750355669,2511.3916,2956.745239186695,2397.459905338624,2508.3639840779
2020-11-18,2395.71,2386.6899,2512.24,2383.3879310547604,2512.125750355669,2516.7341,2956.7485680198606,2379.8340649067654,2508.3639840779
2020-11-19,2397.26,2395.71,2512.24,2397.738861329066,2512.125750355669,2520.3203,2956.7518968530267,2394.1854784555308,2508.3639840779
2020-11-20,2387.8799,2397.26,2512.24,2397.608636385412,2512.125750355669,2522.6418,2956.755061973086,2394.03977060935,2508.3639840779
2020-11-23,2390.27,2387.8799,2512.24,2385.770065058838,2512.125750355669,2523.4993,2956.758117951074,2382.138914097916,2508.3639840779
2020-11-24,2388.54,2390.27,2512.24,2390.807597306305,2512.125750355669,2523.5212,2956.7611739290624,2387.1742531328737,2508.3639840779
2020-11-25,2399.98,2388.54,2512.24,2388.1508768085405,2512.125750355669,2522.963,2956.764175336015,2384.502681541817,2508.3639840779
2020-11-26,2416.1799,2399.98,2512.24,2402.5531614510387,2512.125750355669,2522.7505,2956.767067600897,2398.9586826054424,2508.3639840779
2020-11-27,2423.6599,2416.1799,2512.24,2419.823690051633,2512.125750355669,2523.705,2956.7699052947432,2416.3085035034,2508.3639840779
2020-11-30,2433.6299,2423.6599,2512.24,2425.342351717987,2512.125750355669,2525.7446,2956.7726884175536,2421.8587258291627,2508.3639840779
2020-12-01,2453.8701,2433.6299,2512.24,2435.872419201648,2512.125750355669,2528.8389,2956.775416969329,2432.4213763110993,2508.3639840779
2020-12-02,2497.9199,2453.8701,2512.24,2458.4226613987166,2512.125750355669,2533.4548,2956.7779818079975,2455.046895836659,2508.3639840779
2020-12-03,2512.55,2497.9199,2512.24,2507.8278761613606,2512.125750355669,2541.1328,2956.780601217702,2504.6377948034046,2508.3639840779
2020-12-04,2518.8301,2512.55,2512.24,2515.8407001175565,2512.125750355669,2550.965,2956.783111485335,2512.6838893570584,2508.3639840779
2020-12-07,2534.74,2518.8301,2512.24,2520.2426621703385,2512.125750355669,2561.6655,2956.7856217529684,2517.053919055867,2508.3639840779
2020-12-08,2582.75,2534.74,2512.24,2538.3185613085557,2512.125750355669,2572.891,2956.7880228785307,2535.131063454323,2508.3639840779
2020-12-09,2642.5,2582.75,2512.24,2593.548730879753,2512.125750355669,2586.344,2956.7903148620217,2590.5194268521955,2508.3639840779
2020-12-10,2641.72,2642.5,2512.24,2655.9393703408714,2512.125750355669,2603.7632,2956.7926614165485,2653.1265863843437,2508.3639840779
2020-12-11,2628.49,2641.72,2512.24,2641.5445571737923,2512.125750355669,2622.2727,2956.794898829004,2638.6379831629433,2508.3639840779
2020-12-14,2627.8101,2628.49,2512.24,2625.5142197554856,2512.125750355669,2639.0422,2956.797081670424,2622.4194338267594,2508.3639840779
2020-12-15,2634.8401,2627.8101,2512.24,2627.6571723364896,2512.125750355669,2653.1714,2956.7992645118443,2624.4334670447415,2508.3639840779
2020-12-16,2607.8701,2634.8401,2512.24,2636.421334702867,2512.125750355669,2664.8623,2956.801283640158,2633.131292302507,2508.3639840779
2020-12-17,2602.6899,2607.8701,2512.24,2601.8038268938362,2512.125750355669,2672.3093,2956.8033573395073,2598.302822197944,2508.3639840779
2020-12-18,2583.01,2602.6899,2512.24,2601.5247347072836,2512.125750355669,2676.1091,2956.8053764678207,2597.9349770263907,2508.3639840779
2020-12-21,2572.95,2583.01,2512.24,2578.5834650314428,2512.125750355669,2676.076,2956.807341025099,2574.859602145014,2508.3639840779
2020-12-22,2580.21,2572.95,2512.24,2570.6872373953274,2512.125750355669,2673.0525,2956.809196440306,2566.897706641238,2508.3639840779
2020-12-23,2584.6299,2580.21,2512.24,2581.8429678439284,2512.125750355669,2668.9456,2956.811051855513,2578.093510723033,2508.3639840779
2020-12-24,2574.73,2584.6299,2512.24,2585.624053522504,2512.125750355669,2664.8774,2956.8129072707206,2581.9151905025606,2508.3639840779
2020-12-25,2599.6699,2574.73,2512.24,2572.5032481600406,2512.125750355669,2660.6267,2956.8146535438564,2568.763809387839,2508.3639840779
2020-12-29,2614.8401,2599.6699,2512.24,2605.2795494119546,2512.125750355669,2658.218,2956.8163998169925,2601.6747735063454,2508.3639840779
2020-12-31,2631.53,2614.8401,2512.24,2618.2522830283697,2512.125750355669,2658.1697,2956.818036948058,2614.7359811580236,2508.3639840779
2021-01-01,2638.1001,2631.53,2512.24,2635.2840041347636,2512.125750355669,2660.679,2956.8197286501586,2631.850748939146,2508.3639840779
2021-01-05,2687.45,2638.1001,2512.24,2639.577890913415,2512.125750355669,2664.994,2956.821311210188,2636.161791603494,2508.3639840779
2021-01-06,2707.6399,2687.45,2512.24,2698.5501101654386,2512.125750355669,2673.2095,2956.8229483412533,2695.345121924243,2508.3639840779
2021-01-07,2703.1899,2707.6399,2512.24,2712.181147585693,2512.125750355669,2684.537,2956.824421759212,2709.040228615585,2508.3639840779
2021-01-08,2692.5601,2703.1899,2512.24,2702.188976183818,2512.125750355669,2696.5713,2956.8260043192413,2698.967055216716,2508.3639840779
2021-01-11,2704.8701,2692.5601,2512.24,2690.169174161517,2512.125750355669,2707.265,2956.8274231661644,2686.817051377856,2508.3639840779
2021-01-12,2730.8501,2704.8701,2512.24,2707.63894768027,2512.125750355669,2716.9534,2956.8288420130875,2704.2739254978055,2508.3639840779
2021-01-13,2742.4099,2730.8501,2512.24,2736.693695672901,2512.125750355669,2726.9136,2956.830206288975,2733.4010325755194,2508.3639840779
2021-01-14,2782.1699,2742.4099,2512.24,2745.010007669731,2512.125750355669,2737.0137,2956.8316797069338,2741.7278090022046,2508.3639840779
2021-01-18,2902.98,2782.1699,2512.24,2791.1129856025614,2512.125750355669,2749.071,2956.832989411786,2787.9715278064646,2508.3639840779
2021-01-19,3003.3,2902.98,2512.24,2930.1534171517606,2512.125750355669,2769.8005,2956.8342991166382,2927.5308523591275,2508.3639840779
2021-01-20,3059.03,3003.3,2512.24,3025.864646570648,2512.125750355669,2801.7551,2956.8355542504546,3023.6512748169553,2508.3639840779
2021-01-21,3096.3501,3059.03,2512.24,3071.565165005804,2512.125750355669,2842.6748,2956.8368093842714,3069.4891509639033,2508.3639840779
2021-01-22,3196.73,3096.3501,2512.24,3104.7443869465833,2512.125750355669,2889.0115,2956.838064518088,3102.6452322358136,2508.3639840779
2021-01-25,3312.3501,3196.73,2512.24,3219.308119679994,2512.125750355669,2943.0242,2956.8392105098337,3217.444425012178,2508.3639840779
2021-01-26,3500.8201,3312.3501,2512.24,3338.3561475773818,2512.125750355669,3007.245,2956.8404110726146,3336.7943614026076,2508.3639840779
2021-01-27,3504.05,3500.8201,2512.24,3543.212035199063,2512.125750355669,3089.3374,2956.8415024933247,3542.2555530866553,2508.3639840779
2021-01-28,3505.3301,3504.05,2512.24,3504.7764907491883,2512.125750355669,3177.1406,2956.84264848507,3503.525181831189,2508.3639840779
2021-02-01,3514.1799,3505.3301,2512.24,3505.61802866901,2512.125750355669,3261.5994,2956.8437399057802,3503.9740879818305,2508.3639840779
2021-02-02,3439.1499,3514.1799,2512.24,3516.1704563120106,2512.125750355669,3337.3247,2956.844776755455,3514.165853641341,2508.3639840779
2021-02-03,3187.3799,3439.1499,2512.24,3422.2736496790703,2512.125750355669,3393.3892,2956.8458136051295,3419.54441426838,2508.3639840779
2021-02-04,3293.45,3187.3799,2512.24,3130.7501046741227,2512.125750355669,3407.8625,2956.846850454804,3126.420919188283,2508.3639840779
2021-02-08,3304.3,3293.45,2512.24,3317.307997589845,2512.125750355669,3404.8784,2956.847778162408,3313.2852557952588,2508.3639840779
2021-02-09,3227.6599,3304.3,2512.24,3306.7404546978823,2512.125750355669,3391.6943,2956.8488150120825,3302.781522059714,2508.3639840779
2021-02-10,3169.9199,3227.6599,2512.24,3210.4214951989725,2512.125750355669,3366.4475,2956.8497427196858,3206.1421043870523,2508.3639840779
2021-02-11,3087.7,3169.9199,2512.24,3156.9326323266623,2512.125750355669,3331.0488,2956.8506704272895,3152.4131716485617,2508.3639840779
2021-02-12,3039.28,3087.7,2512.24,3069.2065491968297,2512.125750355669,3285.4412,2956.8515435638574,3064.353637724509,2508.3639840779
2021-02-15,3180.24,3039.28,2512.24,3028.389049173139,2512.125750355669,3233.7021,2956.8524167004257,3023.419913411878,2508.3639840779
2021-02-16,3163.5901,3180.24,2512.24,3211.9456676694426,2512.125750355669,3195.0405,2956.8532898369936,3207.8289503308806,2508.3639840779
2021-02-17,3032.21,3163.5901,2512.24,3159.845092933247,2512.125750355669,3166.6929,2956.854162973562,3155.8503617454267,2508.3639840779
2021-02-18,3027.6599,3032.21,2512.24,3002.6591076264317,2512.125750355669,3136.6284,2956.854926968059,2998.11777013635,2508.3639840779
2021-02-19,3086.04,3027.6599,2512.24,3026.6364610211217,2512.125750355669,3107.9377,2956.8557455335913,3022.135271312412,2508.3639840779
2021-02-22,3098.1201,3086.04,2512.24,3099.171243254177,2512.125750355669,3087.3674,2956.856454957053,3095.071904722683,2508.3639840779
2021-02-23,3029.79,3098.1201,2512.24,3100.837237031879,2512.125750355669,3074.7407,2956.85721895155,3096.9385820941347,2508.3639840779
2021-02-24,2898.4299,3029.79,2512.24,3014.4207360781797,2512.125750355669,3062.7253,2956.858092088118,3010.2769186534056,2508.3639840779
2021-02-25,2899.0,2898.4299,2512.24,2868.8835061604373,2512.125750355669,3041.5627,2956.8587469405443,2864.124403339087,2508.3639840779
2021-02-26,2966.6299,2899.0,2512.24,2899.1282307118213,2512.125750355669,3016.5242,2956.859456364006,2894.4402977436816,2508.3639840779
2021-03-02,2964.3,2966.6299,2512.24,2981.841670246294,2512.125750355669,2996.502,2956.8601657874674,2977.6331145478994,2508.3639840779
2021-03-03,2909.77,2964.3,2512.24,2963.7759432810512,2512.125750355669,2981.2783,2956.860820639893,2959.7289271372524,2508.3639840779
2021-03-04,2836.75,2909.77,2512.24,2897.5047470345153,2512.125750355669,2966.2566,2956.861475492319,2893.3042393936767,2508.3639840779
2021-03-05,2768.8799,2836.75,2512.24,2820.325852346604,2512.125750355669,2947.0647,2956.8621303447453,2815.8339747907567,2508.3639840779
2021-03-08,2791.5701,2768.8799,2512.24,2753.614102360302,2512.125750355669,2921.8247,2956.8627851971714,2748.863810059124,2508.3639840779
2021-03-09,2906.6899,2791.5701,2512.24,2796.673731814367,2512.125750355669,2896.7231,2956.863385478562,2792.1588807210746,2508.3639840779
2021-03-10,2909.98,2906.6899,2512.24,2932.583416749239,2512.125750355669,2882.411,2956.8639857599524,2928.7902057659626,2508.3639840779
2021-03-11,2867.8201,2909.98,2512.24,2910.720031336544,2512.125750355669,2876.4956,2956.864586041343,2907.098173931835,2508.3639840779
2021-03-15,2893.4399,2867.8201,2512.24,2858.337212809471,2512.125750355669,2873.3145,2956.8651863227337,2854.571306237129,2508.3639840779
2021-03-16,2862.8101,2893.4399,2512.24,2899.202477075465,2512.125750355669,2873.8943,2956.8657320330885,2895.5698021429853,2508.3639840779
2021-03-17,2845.51,2862.8101,2512.24,2855.920640156204,2512.125750355669,2874.4863,2956.866277743444,2852.1486927723236,2508.3639840779
2021-03-18,2816.9199,2845.51,2512.24,2841.6187455927347,2512.125750355669,2873.6726,2956.8668234537986,2837.7665953909373,2508.3639840779
2021-03-19,2774.78,2816.9199,2512.24,2810.4892231467356,2512.125750355669,2869.8643,2956.8673145931184,2806.5093244555583,2508.3639840779
2021-03-22,2757.45,2774.78,2512.24,2765.301611343477,2512.125750355669,2861.4028,2956.867860303473,2761.1409167443253,2508.3639840779
2021-03-23,2786.1201,2757.45,2512.24,2753.5520202843963,2512.125750355669,2849.5225,2956.868351442793,2749.3534085480987,2508.3639840779
2021-03-24,2801.79,2786.1201,2512.24,2792.568770989286,2512.125750355669,2838.5605,2956.868897153148,2788.585507973539,2508.3639840779
2021-03-25,2871.0801,2801.79,2512.24,2805.314578900492,2512.125750355669,2830.3389,2956.8693882924676,2801.497056136286,2508.3639840779
2021-03-26,2854.25,2871.0801,2512.24,2886.6652935540756,2512.125750355669,2829.583,2956.869770289716,2883.251963714369,2508.3639840779
2021-03-29,2866.6599,2854.25,2512.24,2850.4644611418594,2512.125750355669,2832.4724,2956.8702614290355,2847.006875568663,2508.3639840779
2021-03-30,2884.1399,2866.6599,2512.24,2869.4512178576265,2512.125750355669,2838.288,2956.8706979973194,2866.0397467291627,2508.3639840779
2021-03-31,2881.6699,2884.1399,2512.24,2888.0716187206435,2512.125750355669,2846.6704,2956.8711891366393,2884.715034886949,2508.3639840779
2021-04-01,2850.1201,2881.6699,2512.24,2881.1143310503435,2512.125750355669,2855.7185,2956.871625704923,2877.710629268117,2508.3639840779
2021-04-02,2867.72,2850.1201,2512.24,2843.0237075919595,2512.125750355669,2862.0632,2956.872062273207,2839.420176946589,2508.3639840779
2021-04-06,2874.3,2867.72,2512.24,2871.6786874320046,2512.125750355669,2867.3875,2956.87238969942,2868.1199329878823,2508.3639840779
2021-04-07,2934.48,2874.3,2512.24,2875.780017687748,2512.125750355669,2872.0608,2956.872826267704,2872.2360955018503,2508.3639840779
2021-04-08,2954.9399,2934.48,2512.24,2948.0160888219857,2512.125750355669,2880.4,2956.873153693917,2944.752718784907,2508.3639840779
2021-04-09,3002.71,2954.9399,2512.24,2959.5418777947643,2512.125750355669,2891.9678,2956.873590262201,2956.3643239026287,2508.3639840779
2021-04-12,3020.5701,3002.71,2512.24,3013.4547709643593,2512.125750355669,2908.2942,2956.873917688414,3010.4637934386483,2508.3639840779
2021-04-13,3064.6499,3020.5701,2512.24,3024.587313359414,2512.125750355669,2927.6978,2956.8742451146272,3021.6146625930414,2508.3639840779
2021-04-16,3079.8601,3064.6499,2512.24,3074.564623962369,2512.125750355669,2950.8645,2956.874681682911,3071.71122730824,2508.3639840779
2021-04-19,3071.5,3079.8601,2512.24,3083.28128009638,2512.125750355669,2975.6938,2956.874954538089,3080.3958023150844,2508.3639840779
2021-04-20,3042.1499,3071.5,2512.24,3069.6195902931095,2512.125750355669,2998.8118,2956.8753365353373,3066.5713462936283,2508.3639840779
2021-04-21,2955.5601,3042.1499,2512.24,3035.5482788545337,2512.125750355669,3016.4443,2956.875609390515,3032.2291293603625,2508.3639840779
2021-04-22,2977.3201,2955.5601,2512.24,2936.0837420093394,2512.125750355669,3022.0066,2956.8759913877634,2932.221220122514,2508.3639840779
2021-04-23,2931.5901,2977.3201,2512.24,2982.21450499778,2512.125750355669,3021.126,2956.8762096719056,2978.3879304337997,2508.3639840779
2021-04-26,2879.1699,2931.5901,2512.24,2921.3042019968525,2512.125750355669,3012.5938,2956.8765370981187,2917.2517956858173,2508.3639840779
2021-04-28,2802.0601,2879.1699,2512.24,2867.379197386736,2512.125750355669,2995.969,2956.8768645243317,2863.0920927801076,2508.3639840779
2021-04-29,2878.8,2802.0601,2512.24,2784.7160471278576,2512.125750355669,2969.9243,2956.877137379509,2780.0929640132335,2508.3639840779
2021-04-30,2862.3201,2878.8,2512.24,2896.0608524857143,2512.125750355669,2946.2742,2956.8774102346865,2891.9005484161953,2508.3639840779
2021-05-03,2869.25,2862.3201,2512.24,2858.6133304722925,2512.125750355669,2925.107,2956.8776285188287,2854.509047616305,2508.3639840779
2021-05-04,2850.0901,2869.25,2512.24,2870.808719540171,2512.125750355669,2908.039,2956.877955945042,2866.8457163816015,2508.3639840779
2021-05-05,2815.9399,2850.0901,2512.24,2845.7805269155806,2512.125750355669,2893.6787,2956.878228800219,2841.8014274034804,2508.3639840779
2021-05-06,2832.6699,2815.9399,2512.24,2808.2586082005887,2512.125750355669,2879.7761,2956.8785016553966,2804.1687673116116,2508.3639840779
2021-05-07,2838.96,2832.6699,2512.24,2836.4329236954436,2512.125750355669,2868.5662,2956.8787199395388,2832.4797903507933,2508.3639840779
2021-05-10,2875.6399,2838.96,2512.24,2840.374811437341,2512.125750355669,2860.4678,2956.8789382236805,2836.5201332833494,2508.3639840779
2021-05-11,2838.1899,2875.6399,2512.24,2883.8901888730734,2512.125750355669,2857.692,2956.8791565078227,2880.27374023225,2508.3639840779
2021-05-12,2843.3999,2838.1899,2512.24,2829.766395075052,2512.125750355669,2855.788,2956.8794839340358,2826.004652006357,2508.3639840779
2021-05-13,2850.4299,2843.3999,2512.24,2844.571768108384,2512.125750355669,2854.9016,2956.879702218178,2840.8443923626105,2508.3639840779
2021-05-14,2869.52,2850.4299,2512.24,2852.0111347028674,2512.125750355669,2855.196,2956.8799205023197,2848.330951292223,2508.3639840779
2021-05-18,2941.0701,2869.52,2512.24,2873.813873200741,2512.125750355669,2857.5737,2956.880138786462,2870.243204503384,2508.3639840779
2021-05-19,2956.04,2941.0701,2512.24,2957.1636278966757,2512.125750355669,2866.33,2956.8803570706036,2953.949383292565,2508.3639840779
2021-05-20,2953.6799,2956.04,2512.24,2959.4071302103066,2512.125750355669,2879.5747,2956.880575354746,2956.262289492991,2508.3639840779
2021-05-21,2926.78,2953.6799,2512.24,2953.1490504947033,2512.125750355669,2894.3828,2956.880793638888,2949.943727752241,2508.3639840779
2021-05-24,2900.3401,2926.78,2512.24,2920.729494255525,2512.125750355669,2906.813,2956.8810119230297,2917.3146588024915,2508.3639840779
2021-05-25,2900.6101,2900.3401,2512.24,2894.3930605376468,2512.125750355669,2914.5613,2956.881230207172,2890.771835180591,2508.3639840779
2021-05-26,2925.8701,2900.6101,2512.24,2900.6708302090715,2512.125750355669,2918.6104,2956.881339349243,2897.001427371318,2508.3639840779
2021-05-31,2955.71,2925.8701,2512.24,2931.55174844871,2512.125750355669,2921.8794,2956.881557633385,2927.990614825587,2508.3639840779
2021-06-01,2978.8101,2955.71,2512.24,2962.4217902432565,2512.125750355669,2926.6921,2956.8817759175267,2959.0079027424936,2508.3639840779
2021-06-02,3002.3101,2978.8101,2512.24,2984.005929268806,2512.125750355669,2933.9143,2956.8819396306335,2980.6979689969708,2508.3639840779
2021-06-03,3000.9199,3002.3101,2512.24,3007.5958774562423,2512.125750355669,2943.912,2956.88210334374,3004.3742537971084,2508.3639840779
2021-06-04,3025.76,3000.9199,2512.24,3000.6072069012907,2512.125750355669,2954.742,2956.8822670568466,2997.3304727875975,2508.3639840779
2021-06-07,3046.47,3025.76,2512.24,3031.3472017272684,2512.125750355669,2967.1187,2956.882430769953,3028.1281990035745,2508.3639840779
2021-06-08,3055.1399,3046.47,2512.24,3051.128231962501,2512.125750355669,2981.058,2956.882649054095,3047.948466261207,2508.3639840779
2021-06-09,3033.01,3055.1399,2512.24,3057.089991998633,2512.125750355669,2995.5103,2956.882758196166,3053.8870298385227,2508.3639840779
2021-06-10,3042.47,3033.01,2512.24,3028.032394615792,2512.125750355669,3007.2544,2956.8829219092727,3024.6463875452505,2508.3639840779
2021-06-11,3074.1001,3042.47,2512.24,3044.5978065845125,2512.125750355669,3017.001,2956.8830310513436,3041.184495341455,2508.3639840779
2021-06-14,3067.03,3074.1001,2512.24,3081.214554022072,2512.125750355669,3027.173,2956.88319476445,3077.9035083754047,2508.3639840779
2021-06-15,3054.9399,3067.03,2512.24,3065.439745736452,2512.125750355669,3036.1924,2956.883303906521,3062.0539060357532,2508.3639840779
2021-06-16,3051.52,3054.9399,2512.24,3052.2205137011183,2512.125750355669,3042.7175,2956.8834676196275,3048.7253266569746,2508.3639840779
2021-06-17,3072.6699,3051.52,2512.24,3050.7507731777614,2512.125750355669,3046.821,2956.8836313327342,3047.191888557095,2508.3639840779
2021-06-18,3079.5901,3072.6699,2512.24,3077.427077217948,2512.125750355669,3050.754,2956.883740474805,3073.940737648856,2508.3639840779
2021-06-21,3083.3799,3079.5901,2512.24,3081.146637751178,2512.125750355669,3054.8303,2956.883849616876,3077.676301552371,2508.3639840779
2021-06-22,3064.45,3083.3799,2512.24,3084.2323272086664,2512.125750355669,3058.9973,2956.8840133299827,3080.7583851672694,2508.3639840779
2021-06-23,3026.0801,3064.45,2512.24,3060.1921600566416,2512.125750355669,3061.3188,2956.884067901018,3056.5966219172983,2508.3639840779
2021-06-24,3029.6001,3026.0801,2512.24,3017.449685003478,2512.125750355669,3059.1323,2956.8842316141245,3013.6341325304097,2508.3639840779
2021-06-28,3042.6299,3029.6001,2512.24,3030.391841984935,2512.125750355669,3054.5552,2956.884340756196,3026.5779250633195,2508.3639840779
2021-06-29,3037.78,3042.6299,2512.24,3045.560649919121,2512.125750355669,3049.932,2956.8844498982667,3041.826062488167,2508.3639840779
2021-06-30,3002.96,3037.78,2512.24,3036.689127996382,2512.125750355669,3045.325,2956.884613611373,3032.957384183821,2508.3639840779
2021-07-01,2968.26,3002.96,2512.24,2995.128052296751,2512.125750355669,3038.3606,2956.884668182409,2991.241553368681,2508.3639840779
2021-07-02,2956.1201,2968.26,2512.24,2960.4550435007827,2512.125750355669,3027.75,2956.8847227534443,2956.4094211519973,2508.3639840779
2021-07-05,2970.75,2956.1201,2512.24,2953.3895123514453,2512.125750355669,3014.8003,2956.8848864665506,2949.3140395197192,2508.3639840779
2021-07-06,2952.96,2970.75,2512.24,2974.040655132216,2512.125750355669,3002.6965,2956.884941037586,2970.0935625991046,2508.3639840779
2021-07-07,2931.3101,2952.96,2512.24,2948.9585540022745,2512.125750355669,2990.8386,2956.8850501796574,2944.9914245333566,2508.3639840779
2021-07-08,2936.4099,2931.3101,2512.24,2926.4404594319194,2512.125750355669,2978.537,2956.8852138927637,2922.422029675755,2508.3639840779
2021-07-09,2955.8799,2936.4099,2512.24,2937.5569811860146,2512.125750355669,2967.4404,2956.885268463799,2933.615650514704,2508.3639840779
2021-07-12,2979.01,2955.8799,2512.24,2960.2592228541716,2512.125750355669,2959.5825,2956.8853776058704,2956.472182858978,2508.3639840779
2021-07-13,2987.75,2979.01,2512.24,2984.2125770698144,2512.125750355669,2956.262,2956.8854867479413,2980.5924110065057,2508.3639840779
2021-07-14,3002.27,2987.75,2512.24,2989.7158593603217,2512.125750355669,2956.796,2956.8855413189767,2986.1717514463508,2508.3639840779
2021-07-15,3012.1699,3002.27,2512.24,3005.5359356878566,2512.125750355669,2960.852,2956.8856504610476,3002.0698187826442,2508.3639840779
2021-07-16,3031.3201,3012.1699,2512.24,3014.3966518399598,2512.125750355669,2967.5415,2956.8858141741543,3010.968545293558,2508.3639840779
2021-07-19,3030.27,3031.3201,2512.24,3035.627491295427,2512.125750355669,2976.8079,2956.8858141741543,3032.2697737813887,2508.3639840779
2021-07-20,3081.9399,3030.27,2512.24,3030.033804472051,2512.125750355669,2986.7996,2956.885923316225,3026.6389501648764,2508.3639840779
2021-07-21,3095.0901,3081.9399,2512.24,3093.5618401100546,2512.125750355669,3000.4888,2956.886032458296,3090.376238160363,2508.3639840779
2021-07-23,3092.3101,3095.0901,2512.24,3098.047931093833,2512.125750355669,3016.425,2956.886087029332,3094.885525602958,2508.3639840779
2021-07-27,3077.95,3092.3101,2512.24,3091.6848037732616,2512.125750355669,3032.2166,2956.886196171403,3088.446043063499,2508.3639840779
2021-07-28,3048.22,3077.95,2512.24,3074.720030091515,2512.125750355669,3045.3403,2956.8863053134737,3071.3336327297598,2508.3639840779
2021-07-29,3050.99,3048.22,2512.24,3041.532929201103,2512.125750355669,3053.1367,2956.886359884509,3037.9280045223004,2508.3639840779
2021-07-30,3071.54,3050.99,2512.24,3051.6130469597356,2512.125750355669,3057.0574,2956.8864144555446,3047.970558003284,2508.3639840779
2021-08-02,3062.1699,3071.54,2512.24,3076.1622436904586,2512.125750355669,3059.844,2956.886523597616,3072.6015003585494,2508.3639840779
2021-08-03,3072.3799,3062.1699,2512.24,3060.062314325841,2512.125750355669,3060.9321,2956.8865781686513,3056.4518135133103,2508.3639840779
2021-08-04,3111.1499,3072.3799,2512.24,3074.676401609712,2512.125750355669,3061.729,2956.886632739687,3071.106253141694,2508.3639840779
2021-08-05,3109.97,3111.1499,2512.24,3119.870308169299,2512.125750355669,3065.4875,2956.886687310722,3116.4813273038203,2508.3639840779
2021-08-06,3037.6101,3109.97,2512.24,3109.704608986356,2512.125750355669,3070.7483,2956.8867964527935,3106.299754688718,2508.3639840779
2021-08-09,3056.02,3037.6101,2512.24,3021.334426461449,2512.125750355669,3070.58,2956.8867964527935,3017.53452426075,2508.3639840779
2021-08-10,3044.05,3056.02,2512.24,3060.16087805922,2512.125750355669,3068.485,2956.8869055948644,3056.4098411768196,2508.3639840779
2021-08-11,3032.24,3044.05,2512.24,3041.3576273978206,2512.125750355669,3064.315,2956.8869055948644,3037.549900060937,2508.3639840779
2021-08-12,3041.1699,3032.24,2512.24,3029.583615669863,2512.125750355669,3058.2656,2956.8870147369353,3025.735517391817,2508.3639840779
2021-08-13,2989.02,3041.1699,2512.24,3043.178472940702,2512.125750355669,3052.3125,2956.8870147369353,3039.3977896616643,2508.3639840779
2021-08-16,2990.9099,2989.02,2512.24,2977.2900950738176,2512.125750355669,3042.7542,2956.887123879006,2973.278765899776,2508.3639840779
2021-08-17,2988.0601,2990.9099,2512.24,2991.334988970832,2512.125750355669,3031.9463,2956.887123879006,2987.357636828498,2508.3639840779
2021-08-18,3033.98,2988.0601,2512.24,2987.4191038895833,2512.125750355669,3021.0684,2956.8872330210775,2983.4747808266866,2508.3639840779
2021-08-19,3086.0,3033.98,2512.24,3044.3086115835276,2512.125750355669,3014.7937,2956.8872330210775,3040.644115638551,2508.3639840779
2021-08-20,3053.0,3086.0,2512.24,3097.7006869478178,2512.125750355669,3016.1997,2956.8872330210775,3094.341501013751,2508.3639840779
2021-08-23,3048.6399,3053.0,2512.24,3045.577418891234,2512.125750355669,3019.776,2956.8873421631483,3042.074016419692,2508.3639840779
2021-08-24,3148.1599,3048.6399,2512.24,3047.659197094172,2512.125750355669,3024.0623,2956.887451305219,3044.104922058314,2508.3639840779
2021-08-25,3176.3999,3148.1599,2512.24,3170.5446052104353,2512.125750355669,3036.443,2956.887451305219,3167.4387414008497,2508.3639840779
2021-08-26,3189.22,3176.3999,2512.24,3182.751830015501,2512.125750355669,3055.2812,2956.887451305219,3179.7672278025952,2508.3639840779
2021-08-27,3341.2,3189.22,2512.24,3192.103582790075,2512.125750355669,3077.7808,2956.8875604472905,3189.120337417303,2508.3639840779
2021-08-30,3355.0901,3341.2,2512.24,3375.3843599063703,2512.125750355669,3113.6426,2956.887615018326,3373.0196526748487,2508.3639840779
2021-08-31,3303.0901,3355.0901,2512.24,3358.2143543593593,2512.125750355669,3156.372,2956.8876695893614,3355.812491738052,2508.3639840779
2021-09-01,3375.73,3303.0901,2512.24,3291.393911586187,2512.125750355669,3195.375,2956.8876695893614,3288.5612394670466,2508.3639840779
2021-09-02,3440.5,3375.73,2512.24,3392.0686530146254,2512.125750355669,3235.0547,2956.887724160397,3389.3811267885817,2508.3639840779
2021-09-03,3501.74,3440.5,2512.24,3455.068502376205,2512.125750355669,3277.4746,2956.8877787314323,3452.5382592178644,2508.3639840779
2021-09-06,3497.05,3501.74,2512.24,3515.514511124267,2512.125750355669,3323.6648,2956.8877787314323,3513.1330571333306,2508.3639840779
2021-09-07,3455.23,3497.05,2512.24,3495.9950937757544,2512.125750355669,3367.804,2956.8878333024677,3493.4203719625525,2508.3639840779
2021-09-08,3417.6899,3455.23,2512.24,3445.8235653948914,2512.125750355669,3402.7607,2956.8878878735036,3442.843851478113,2508.3639840779
2021-09-09,3335.98,3417.6899,2512.24,3409.246129179358,2512.125750355669,3425.1038,2956.8878878735036,3405.8931139949555,2508.3639840779
2021-09-10,3379.8301,3335.98,2512.24,3317.6012618139657,2512.125750355669,3429.557,2956.8879970155745,3313.7034804418954,2508.3639840779
2021-09-13,3330.1201,3379.8301,2512.24,3389.693158299318,2512.125750355669,3426.457,2956.8879970155745,3385.937511832109,2508.3639840779
2021-09-14,3214.1201,3330.1201,2512.24,3318.9389937297956,2512.125750355669,3414.0222,2956.8879970155745,3314.941660441603,2508.3639840779
2021-09-15,3265.4099,3214.1201,2512.24,3188.0286027691873,2512.125750355669,3386.283,2956.8881061576453,3183.4631950161966,2508.3639840779
2021-09-16,3335.1699,3265.4099,2512.24,3276.946345471284,2512.125750355669,3356.3784,2956.8881061576453,3272.6726976860973,2508.3639840779
2021-09-17,3306.6699,3335.1699,2512.24,3350.86078661053,2512.125750355669,3334.0547,2956.8881061576453,3347.042966538356,2508.3639840779
2021-09-20,3292.0601,3306.6699,2512.24,3300.2594890424293,2512.125750355669,3316.0557,2956.8881607286808,3296.415108186869,2508.3639840779
2021-09-22,3268.55,3292.0601,2512.24,3288.7739658944593,2512.125750355669,3301.323,2956.8882152997166,3284.9098642461286,2508.3639840779
2021-09-23,3295.1599,3268.55,2512.24,3263.2619507840855,2512.125750355669,3287.9434,2956.888269870752,3259.312627606748,2508.3639840779
2021-09-24,3317.4399,3295.1599,2512.24,3301.145177001398,2512.125750355669,3279.0437,2956.888269870752,3297.360832089823,2508.3639840779
2021-09-27,3358.75,3317.4399,2512.24,3322.451266881918,2512.125750355669,3275.7495,2956.888269870752,3318.822253581976,2508.3639840779
2021-09-28,3427.4299,3358.75,2512.24,3368.041744480643,2512.125750355669,3280.0828,2956.8883244417875,3364.6475591760013,2508.3639840779
2021-09-29,3453.3501,3427.4299,2512.24,3442.8778432815734,2512.125750355669,3295.1501,2956.8883244417875,3439.824915310687,2508.3639840779
2021-09-30,3511.2,3453.3501,2512.24,3459.1802450562254,2512.125750355669,3318.161,2956.888379012823,3456.229378118588,2508.3639840779
2021-10-01,3553.3899,3511.2,2512.24,3524.2119871176965,2512.125750355669,3349.671,2956.888379012823,3521.4668410815484,2508.3639840779
2021-10-04,3540.9199,3553.3899,2512.24,3562.879534991537,2512.125750355669,3387.7964,2956.8884335838584,3560.2361343224393,2508.3639840779
2021-10-05,3547.3,3540.9199,2512.24,3538.115064047687,2512.125750355669,3425.57,2956.8884335838584,3535.2779311169315,2508.3639840779
2021-10-06,3543.02,3547.3,2512.24,3548.735054840365,2512.125750355669,3460.3164,2956.8884335838584,3545.7729428904445,2508.3639840779
2021-10-07,3615.95,3543.02,2512.24,3542.057313722863,2512.125750355669,3489.3992,2956.8885427259293,3538.9322867815636,2508.3639840779
2021-10-08,3616.95,3615.95,2512.24,3632.353904250372,2512.125750355669,3519.2805,2956.8885427259293,3629.4624600441343,2508.3639840779
2021-10-11,3610.9199,3616.95,2512.24,3617.1749267002656,2512.125750355669,3546.806,2956.8885427259293,3614.1945623776032,2508.3639840779
2021-10-12,3577.78,3610.9199,2512.24,3609.563569504728,2512.125750355669,3569.706,2956.888597296965,3606.4423343725107,2508.3639840779
2021-10-13,3574.8401,3577.78,2512.24,3570.3259516458675,2512.125750355669,3584.2622,2956.888597296965,3566.926431963937,2508.3639840779
2021-10-14,3516.98,3574.8401,2512.24,3574.178837993889,2512.125750355669,3591.9116,2956.888597296965,3570.669394710808,2508.3639840779
2021-10-15,3547.53,3516.98,2512.24,3503.965718629961,2512.125750355669,3588.6208,2956.8886518680006,3500.10907042325,2508.3639840779
2021-10-18,3549.1699,3547.53,2512.24,3554.4015106931147,2512.125750355669,3581.8423,2956.888706439036,3550.663335777801,2508.3639840779
2021-10-19,3557.1799,3549.1699,2512.24,3549.5387572957657,2512.125750355669,3573.4644,2956.888706439036,3545.822385044255,2508.3639840779
2021-10-22,3578.6799,3557.1799,2512.24,3558.9815628691276,2512.125750355669,3565.709,2956.8887610100714,3555.324167267855,2508.3639840779
2021-10-25,3604.95,3578.6799,2512.24,3583.515824055711,2512.125750355669,3561.2168,2956.8887610100714,3579.9766044378675,2508.3639840779
2021-10-26,3652.6101,3604.95,2512.24,3610.858846908648,2512.125750355669,3561.7974,2956.8887610100714,3607.4534909783197,2508.3639840779
2021-10-27,3662.6799,3652.6101,2512.24,3663.33012902733,2512.125750355669,3570.2773,2956.8887610100714,3660.1468504666914,2508.3639840779
2021-10-28,3695.73,3662.6799,2512.24,3664.944866886335,2512.125750355669,3583.9336,2956.8887610100714,3661.7807142641122,2508.3639840779
2021-10-29,3692.5801,3695.73,2512.24,3703.163849936449,2512.125750355669,3603.0217,2956.8887610100714,3700.099286423647,2508.3639840779
2021-11-01,3711.8501,3692.5801,2512.24,3691.8716033868336,2512.125750355669,3623.4358,2956.8887610100714,3688.715945141747,2508.3639840779
2021-11-02,3677.6499,3711.8501,2512.24,3716.1844375141186,2512.125750355669,3644.711,2956.8887610100714,3713.0343182094616,2508.3639840779
2021-11-03,3684.4299,3677.6499,2512.24,3669.9573618655754,2512.125750355669,3660.9707,2956.888815581107,3666.553065228994,2508.3639840779
2021-11-04,3660.1201,3684.4299,2512.24,3685.9549030278013,2512.125750355669,3673.3047,2956.888815581107,3682.5024475071714,2508.3639840779
2021-11-08,3640.27,3660.1201,2512.24,3654.6521769018827,2512.125750355669,3679.377,2956.8888701521423,3651.025245234555,2508.3639840779
2021-11-09,3649.9099,3640.27,2512.24,3635.805182507057,2512.125750355669,3678.9316,2956.8888701521423,3632.0439227128218,2508.3639840779
2021-11-10,3590.0701,3649.9099,2512.24,3652.0781708978907,2512.125750355669,3675.3352,2956.8888701521423,3648.3509067320124,2508.3639840779
2021-11-11,3636.8899,3590.0701,2512.24,3576.6105312414447,2512.125750355669,3663.976,2956.8888701521423,3572.593216807393,2508.3639840779
2021-11-12,3623.3601,3636.8899,2512.24,3647.4209231210966,2512.125750355669,3653.656,2956.8888701521423,3643.6450911833067,2508.3639840779
2021-11-15,3621.25,3623.3601,2512.24,3620.316886730746,2512.125750355669,3643.3508,2956.8888701521423,3616.517486401156,2508.3639840779
2021-11-16,3608.3601,3621.25,2512.24,3620.7753821697697,2512.125750355669,3633.9592,2956.8888701521423,3616.9981190052495,2508.3639840779
2021-11-17,3621.22,3608.3601,2512.24,3605.460817326246,2512.125750355669,3624.77,2956.8888701521423,3601.643815029798,2508.3639840779
2021-11-18,3657.8701,3621.22,2512.24,3624.1125348727455,2512.125750355669,3617.9224,2956.8888701521423,3620.3811443965187,2508.3639840779
2021-11-22,3691.03,3657.8701,2512.24,3666.1136860574056,2512.125750355669,3616.837,2956.888924723178,3662.5880350793173,2508.3639840779
2021-11-23,3707.6499,3691.03,2512.24,3698.4885468881384,2512.125750355669,3622.7627,2956.8888701521423,3695.1448624532477,2508.3639840779
2021-11-24,3755.74,3707.6499,2512.24,3711.3881592657444,2512.125750355669,3634.2703,2956.8888701521423,3708.1195478346226,2508.3639840779
2021-11-25,3747.3,3755.74,2512.24,3766.556747508444,2512.125750355669,3653.1123,2956.8888701521423,3763.4848793272154,2508.3639840779
2021-11-26,3767.1001,3747.3,2512.24,3745.4016186497583,2512.125750355669,3673.92,2956.8888701521423,3742.232949425973,2508.3639840779
2021-11-29,3828.9099,3767.1001,2512.24,3771.55367115793,2512.125750355669,3696.1228,2956.8888701521423,3768.4001503354048,2508.3639840779
2021-11-30,3836.4199,3828.9099,2512.24,3842.812574358078,2512.125750355669,3723.325,2956.8888701521423,3839.8773762894593,2508.3639840779
2021-12-01,3900.02,3836.4199,2512.24,3838.1090995189948,2512.125750355669,3751.6165,2956.8888701521423,3835.1326197502417,2508.3639840779
2021-12-02,3909.3401,3900.02,2512.24,3914.325360629564,2512.125750355669,3784.5044,2956.8888701521423,3911.5538583731704,2508.3639840779
2021-12-03,3916.3301,3909.3401,2512.24,3911.4364393391456,2512.125750355669,3817.7512,2956.8888701521423,3908.601350847706,2508.3639840779
2021-12-06,3887.1001,3916.3301,2512.24,3917.902337634857,2512.125750355669,3848.7039,2956.8888701521423,3914.970801198776,2508.3639840779
2021-12-07,3966.3701,3887.1001,2512.24,3880.525492551236,2512.125750355669,3871.987,2956.8888701521423,3877.313998820691,2508.3639840779
2021-12-08,3966.47,3966.3701,2512.24,3984.2000395300565,2512.125750355669,3896.4875,2956.8888701521423,3981.2476672175108,2508.3639840779
2021-12-09,3966.1499,3966.47,2512.24,3966.492470177356,2512.125750355669,3918.719,2956.8888701521423,3963.453538092319,2508.3639840779
2021-12-10,3995.74,3966.1499,2512.24,3966.0779009632447,2512.125750355669,3937.2705,2956.8888701521423,3962.9369264416077,2508.3639840779
2021-12-13,4082.51,3995.74,2512.24,4002.39560355353,2512.125750355669,3954.693,2956.8888701521423,3999.295557395693,2508.3639840779
2021-12-14,4200.29,4082.51,2512.24,4102.026889782049,2512.125750355669,3978.555,2956.8888701521423,4099.2562982846275,2508.3639840779
2021-12-15,4241.8901,4200.29,2512.24,4226.781866757286,2512.125750355669,4016.061,2956.8888701521423,4224.487808672798,2508.3639840779
2021-12-16,4242.0601,4241.8901,2512.24,4251.24707322372,2512.125750355669,4062.1072,2956.8888701521423,4249.034779360423,2508.3639840779
2021-12-17,4222.9902,4242.0601,2512.24,4242.098337539045,2512.125750355669,4108.668,2956.8888701521423,4239.697348483412,2508.3639840779
2021-12-20,4258.0801,4222.9902,2512.24,4218.700870318605,2512.125750355669,4148.6094,2956.8888701521423,4215.978920979692,2508.3639840779
2021-12-21,4190.9502,4258.0801,2512.24,4265.972755419651,2512.125750355669,4184.0005,2956.8888701521423,4263.207981573978,2508.3639840779
2021-12-22,4185.2402,4190.9502,2512.24,4175.850893103839,2512.125750355669,4204.969,2956.8888701521423,4172.580701672793,2508.3639840779
2021-12-23,4217.96,4185.2402,2512.24,4183.955868541483,2512.125750355669,4214.4517,2956.8888701521423,4180.507539331202,2508.3639840779
2021-12-24,4251.5298,4217.96,2512.24,4225.319556647351,2512.125750355669,4218.907,2956.8888701521423,4221.940668517163,2508.3639840779
2021-12-28,4214.3101,4251.5298,2512.24,4259.080544342577,2512.125750355669,4222.653,2956.8888701521423,4255.820928921282,2508.3639840779
2021-12-29,4214.4902,4214.3101,2512.24,4205.938395694123,2512.125750355669,4221.027,2956.8888701521423,4202.452149108277,2508.3639840779
2021-12-30,4210.7598,4214.4902,2512.24,4214.530709298718,2512.125750355669,4216.4067,2956.8888701521423,4210.986694367993,2508.3639840779
2021-12-31,4225.23,4210.7598,2512.24,4209.920733437329,2512.125750355669,4209.74,2956.8888701521423,4206.318466648846,2508.3639840779
2022-01-03,4232.02,4225.23,2512.24,4228.484734338183,2512.125750355669,4203.8975,2956.8888701521423,4224.931909125705,2508.3639840779
2022-01-04,4348.2402,4232.02,2512.24,4233.547252294804,2512.125750355669,4199.656,2956.8888701521423,4230.016842958714,2508.3639840779
2022-01-05,4394.8501,4348.2402,2512.24,4374.381226090211,2512.125750355669,4209.303,2956.8888701521423,4371.393854407091,2508.3639840779
2022-01-06,4453.6802,4394.8501,2512.24,4405.333911006711,2512.125750355669,4230.6753,2956.8888701521423,4402.556999986432,2508.3639840779
2022-01-07,4527.0601,4453.6802,2512.24,4466.912660269297,2512.125750355669,4263.333,2956.8888701521423,4464.345354704416,2508.3639840779
2022-01-10,4568.6401,4527.0601,2512.24,4543.5651987728215,2512.125750355669,4307.1553,2956.8888701521423,4541.226215952311,2508.3639840779
2022-01-11,4531.4502,4568.6401,2512.24,4577.9925521970445,2512.125750355669,4357.069,2956.8888701521423,4575.695799028938,2508.3639840779
2022-01-12,4525.8599,4531.4502,2512.24,4523.085198509792,2512.125750355669,4400.8633,2956.8888701521423,4520.407746422389,2508.3639840779
2022-01-13,4497.21,4525.8599,2512.24,4524.602492267505,2512.125750355669,4435.8315,2956.8888701521423,4521.680342370883,2508.3639840779
2022-01-14,4565.3901,4497.21,2512.24,4490.76587253006,2512.125750355669,4458.0835,2956.8888701521423,4487.522297672348,2508.3639840779
2022-01-19,4618.4502,4565.3901,2512.24,4580.72562491678,2512.125750355669,4477.3604,2956.8888701521423,4577.678403017748,2508.3639840779
2022-01-20,4632.2202,4618.4502,2512.24,4630.384833208765,2512.125750355669,4497.031,2956.8888701521423,4627.511418453897,2508.3639840779
2022-01-21,4609.9102,4632.2202,2512.24,4635.317440662658,2512.125750355669,4515.236,2956.8888701521423,4632.42408195523,2508.3639840779
2022-01-24,4612.29,4609.9102,2512.24,4604.892085317074,2512.125750355669,4527.5396,2956.8888701521423,4601.7719838652,2508.3639840779
2022-01-25,4635.2598,4612.29,2512.24,4612.825280561292,2512.125750355669,4535.04,2956.8888701521423,4609.59181703552,2508.3639840779
2022-01-26,4515.9399,4635.2598,2512.24,4640.426321319761,2512.125750355669,4540.7153,2956.8888701521423,4637.205905965986,2508.3639840779
2022-01-27,4487.0,4515.9399,2512.24,4489.101668616976,2512.125750355669,4531.031,2956.8888701521423,4485.200355788912,2508.3639840779
2022-01-28,4400.1802,4487.0,2512.24,4480.490643786982,2512.125750355669,4510.9614,2956.8888701521423,4476.371807384089,2508.3639840779
2022-01-31,4396.8799,4400.1802,2512.24,4380.652108868278,2512.125750355669,4477.001,2956.8888701521423,4376.096552570976,2508.3639840779
2022-02-01,4395.9199,4396.8799,2512.24,4396.137574411113,2512.125750355669,4438.348,2956.8888701521423,4391.62709114619,2508.3639840779
2022-02-02,4338.3599,4395.9199,2512.24,4395.703970367745,2512.125750355669,4400.409,2956.8888701521423,4391.312220985726,2508.3639840779
2022-02-03,4193.0298,4338.3599,2512.24,4325.413119132711,2512.125750355669,4360.701,2956.8888701521423,4320.873584563924,2508.3639840779
2022-02-04,4351.8501,4193.0298,2512.24,4160.341180157727,2512.125750355669,4309.26,2956.8888701521423,4155.185077977246,2508.3639840779
2022-02-08,4280.8599,4351.8501,2512.24,4387.573026014196,2512.125750355669,4274.582,2956.8888701521423,4383.305790735113,2508.3639840779
2022-02-09,4174.1602,4280.8599,2512.24,4264.892308562804,2512.125750355669,4244.9043,2956.8888701521423,4260.469723552275,2508.3639840779
2022-02-10,4052.5801,4174.1602,2512.24,4150.160588559667,2512.125750355669,4211.499,2956.8888701521423,4145.34027892069,2508.3639840779
2022-02-11,4117.5298,4052.5801,2512.24,4025.2334892890353,2512.125750355669,4167.733,2956.8888701521423,4019.912687554111,2508.3639840779
2022-02-14,4238.8999,4117.5298,2512.24,4132.138721704243,2512.125750355669,4130.2197,2956.8888701521423,4127.305215120075,2508.3639840779
2022-02-15,4233.5498,4238.8999,2512.24,4266.19927610391,2512.125750355669,4113.0137,2956.8888701521423,4262.196404113706,2508.3639840779
2022-02-16,4218.46,4233.5498,2512.24,4232.346419660908,2512.125750355669,4109.4644,2956.8888701521423,4228.5372610972945,2508.3639840779
2022-02-18,4222.6499,4218.46,2512.24,4215.065901078332,2512.125750355669,4114.1475,2956.8888701521423,4211.289269723046,2508.3639840779
2022-02-21,4144.3301,4222.6499,2512.24,4223.592320381444,2512.125750355669,4124.673,2956.8888701521423,4219.877639471333,2508.3639840779
2022-02-22,3936.6699,4144.3301,2512.24,4126.713885820536,2512.125750355669,4129.6353,2956.8888701521423,4122.6304388410135,2508.3639840779
2022-02-23,3933.8401,3936.6699,2512.24,3889.9615764374994,2512.125750355669,4109.406,2956.8888701521423,3884.8196744675897,2508.3639840779
2022-02-24,3767.9299,3933.8401,2512.24,3933.203602423588,2512.125750355669,4076.768,2956.8888701521423,3928.098428358952,2508.3639840779
2022-02-25,3594.1201,3767.9299,2512.24,3730.61226617359,2512.125750355669,4021.8027,2956.8888701521423,3724.8360458519346,2508.3639840779
2022-02-28,3751.5601,3594.1201,2512.24,3555.0256352121714,2512.125750355669,3941.547,2956.8888701521423,3548.5902085001353,2508.3639840779
2022-03-01,3946.73,3751.5601,2512.24,3786.97255968982,2512.125750355669,3870.3403,2956.8888701521423,3781.606647252381,2508.3639840779
2022-03-03,3875.9399,3946.73,2512.24,3990.628921598173,2512.125750355669,3830.5645,2956.8888701521423,3986.6004920899636,2508.3639840779
2022-03-04,3783.0901,3875.9399,2512.24,3860.017316395526,2512.125750355669,3806.9343,2956.8888701521423,3855.968051010852,2508.3639840779
2022-03-07,3820.9099,3783.0901,2512.24,3762.205700865676,2512.125750355669,3787.5142,2956.8888701521423,3757.825326910903,2508.3639840779
2022-03-08,3702.6001,3820.9099,2512.24,3829.416582818706,2512.125750355669,3777.3242,2956.8888701521423,3825.28748631068,2508.3639840779
2022-03-09,3593.3899,3702.6001,2512.24,3675.9890670769137,2512.125750355669,3761.8784,2956.8888701521423,3671.3593111030978,2508.3639840779
2022-03-10,3434.3501,3593.3899,2512.24,3568.8256100786507,2512.125750355669,3734.3557,2956.8888701521423,3563.7335957659066,2508.3639840779
2022-03-11,3763.5701,3434.3501,2512.24,3398.5778025750947,2512.125750355669,3686.4324,2956.8888701521423,3392.805429852469,2508.3639840779
2022-03-14,3658.73,3763.5701,2512.24,3837.6204682614502,2512.125750355669,3663.3904,2956.8888701521423,3833.5392519261536,2508.3639840779
2022-03-15,3613.49,3658.73,2512.24,3635.1486622514817,2512.125750355669,3646.6113,2956.8888701521423,3630.815053147325,2508.3639840779
2022-03-16,3512.5,3613.49,2512.24,3603.3143160799827,2512.125750355669,3631.8977,2956.8888701521423,3598.9006898859825,2508.3639840779
2022-03-17,3517.96,3512.5,2512.24,3489.784652540174,2512.125750355669,3610.18,2956.8888701521423,3484.956053087202,2508.3639840779
2022-03-21,3588.1101,3517.96,2512.24,3519.1880997834505,2512.125750355669,3586.871,2956.8888701521423,3514.5029920754732,2508.3639840779
2022-03-22,3615.3,3588.1101,2512.24,3603.888730516304,2512.125750355669,3571.444,2956.8888701521423,3599.717608919014,2508.3639840779
2022-03-23,3611.1799,3615.3,2512.24,3621.4157344875525,2512.125750355669,3564.9966,2956.8888701521423,3617.557413297672,2508.3639840779
2022-03-24,3596.6899,3611.1799,2512.24,3610.2531795022355,2512.125750355669,3564.6182,2956.8888701521423,3606.492793273674,2508.3639840779
2022-03-25,3616.1499,3596.6899,2512.24,3593.430712113151,2512.125750355669,3566.6858,2956.8888701521423,3589.6548243854136,2508.3639840779
2022-03-28,3649.9299,3616.1499,2512.24,3620.526973587169,2512.125750355669,3572.2268,2956.8888701521423,3616.8743547021286,2508.3639840779
2022-03-29,3533.6599,3649.9299,2512.24,3657.527923934973,2512.125750355669,3582.7532,2956.8888701521423,3654.0643533401853,2508.3639840779
2022-03-30,3351.6101,3533.6599,2512.24,3507.5076725601157,2512.125750355669,3583.908,2956.8888701521423,3503.4646709083518,2508.3639840779
2022-03-31,3182.1799,3351.6101,2512.24,3310.662239201982,2512.125750355669,3561.5083,2956.8888701521423,3305.6629368147446,2508.3639840779
2022-04-01,2974.98,3182.1799,2512.24,3144.070524188655,2512.125750355669,3510.5725,2956.8888701521423,3138.233227225917,2508.3639840779
2022-04-04,2716.2,2974.98,2512.24,2928.375210197632,2512.125750355669,3427.9463,2956.8888701521423,2921.6324662286684,2508.3639840779
2022-04-05,2788.97,2716.2,2512.24,2657.9934685052604,2512.125750355669,3311.8132,2956.8888701521423,2650.2089974702567,2508.3639840779
2022-04-06,2872.3999,2788.97,2512.24,2805.3379159783294,2512.125750355669,3193.3113,2956.8888701521423,2798.384822926419,2508.3639840779
2022-04-07,2786.8101,2872.3999,2512.24,2891.1655121104914,2512.125750355669,3091.4558,2956.8888701521423,2885.245261217852,2508.3639840779
2022-04-08,2674.71,2786.8101,2512.24,2767.558668709605,2512.125750355669,3003.3806,2956.8888701521423,2761.7853108414106,2508.3639840779
2022-04-11,2621.51,2674.71,2512.24,2649.495694407553,2512.125750355669,2924.2732,2956.8888701521423,2643.5824692336028,2508.3639840779
2022-04-26,2292.3201,2621.51,2512.24,2609.543899545869,2512.125750355669,2854.6301,2956.8888701521423,2603.725003729066,2508.3639840779
2022-04-27,2122.9399,2292.3201,2512.24,2218.2765020322277,2512.125750355669,2775.8164,2956.8888701521423,2211.075346846528,2508.3639840779
2022-04-28,2413.4199,2122.9399,2512.24,2084.8417705236675,2512.125750355669,2689.3413,2956.8888701521423,2077.1316288648845,2508.3639840779
2022-04-29,2532.52,2413.4199,2512.24,2478.7566078931595,2512.125750355669,2623.806,2956.8888701521423,2472.909106615236,2508.3639840779
2022-05-02,2488.21,2532.52,2512.24,2559.3087924943065,2512.125750355669,2584.2122,2956.8888701521423,2554.6546877846813,2508.3639840779
2022-05-05,2516.0601,2488.21,2512.24,2478.24349791123,2512.125750355669,2561.525,2956.8888701521423,2473.8283663423213,2508.3639840779
2022-05-06,2478.6699,2516.0601,2512.24,2522.324331095068,2512.125750355669,2552.3408,2956.8888701521423,2518.2813666366023,2508.3639840779
2022-05-09,2411.3999,2478.6699,2512.24,2470.259845691728,2512.125750355669,2549.866,2956.8888701521423,2466.17600865941,2508.3639840779
2022-05-10,2436.8701,2411.3999,2512.24,2396.269080873131,2512.125750355669,2547.544,2956.8888701521423,2391.9379622894517,2508.3639840779
2022-05-13,2536.6399,2436.8701,2512.24,2442.5990280411056,2512.125750355669,2546.6047,2956.8888701521423,2438.4685749313644,2508.3639840779
2022-05-16,2669.73,2536.6399,2512.24,2559.080791900162,2512.125750355669,2552.1284,2956.8888701521423,2555.5352341628113,2508.3639840779
2022-05-18,2819.5,2669.73,2512.24,2699.6655170310223,2512.125750355669,2569.2239,2956.8888701521423,2696.850260912248,2508.3639840779
2022-05-19,2802.05,2819.5,2512.24,2853.1872718987834,2512.125750355669,2601.6516,2956.8888701521423,2851.1047709641825,2508.3639840779
2022-05-20,2700.6299,2802.05,2512.24,2798.125029080365,2512.125750355669,2640.5027,2956.8888701521423,2795.874724858258,2508.3639840779
2022-05-23,2800.6399,2700.6299,2512.24,2677.8178115663895,2512.125750355669,2673.488,2956.8888701521423,2674.851666289366,2508.3639840779
2022-05-24,2856.8999,2800.6399,2512.24,2823.1348192935657,2512.125750355669,2706.2627,2956.8888701521423,2820.4090409522723,2508.3639840779
2022-05-25,2805.6201,2856.8999,2512.24,2869.554276156944,2512.125750355669,2740.1423,2956.8888701521423,2866.9509302859724,2508.3639840779
2022-05-26,2776.7,2805.6201,2512.24,2794.085903795719,2512.125750355669,2768.443,2956.8888701521423,2791.090056332111,2508.3639840779
2022-05-27,2744.9399,2776.7,2512.24,2770.195097335648,2512.125750355669,2788.6682,2956.8888701521423,2766.892136939835,2508.3639840779
2022-05-30,2729.1899,2744.9399,2512.24,2737.7962055068933,2512.125750355669,2799.7249,2956.8888701521423,2734.206410632702,2508.3639840779
2022-05-31,2715.1299,2729.1899,2512.24,2725.6473044708164,2512.125750355669,2802.9321,2956.8888701521423,2721.9037579849155,2508.3639840779
2022-06-01,2686.3101,2715.1299,2512.24,2711.9674305942654,2512.125750355669,2800.0347,2956.8888701521423,2708.1273062255977,2508.3639840779
2022-06-02,2656.9199,2686.3101,2512.24,2679.8277574836848,2512.125750355669,2791.6877,2956.8888701521423,2675.8496431171534,2508.3639840779
2022-06-03,2674.6101,2656.9199,2512.24,2650.309259293853,2512.125750355669,2778.7703,2956.8888701521423,2646.209418652831,2508.3639840779
2022-06-06,2646.5601,2674.6101,2512.24,2678.589098313039,2512.125750355669,2765.456,2956.8888701521423,2674.621801712697,2508.3639840779
2022-06-07,2515.01,2646.5601,2512.24,2640.2509060575494,2512.125750355669,2751.3257,2956.8888701521423,2636.210079260064,2508.3639840779
2022-06-08,2513.53,2515.01,2512.24,2485.420870087387,2512.125750355669,2729.3428,2956.8888701521423,2480.767564556839,2508.3639840779
2022-06-09,2528.73,2513.53,2512.24,2513.197108483607,2512.125750355669,2704.3994,2956.8888701521423,2508.5948426487985,2508.3639840779
2022-06-10,2585.3701,2528.73,2512.24,2532.1488858440375,2512.125750355669,2680.9731,2956.8888701521423,2527.7525454738593,2508.3639840779
2022-06-13,2556.9399,2585.3701,2512.24,2598.1099707957155,2512.125750355669,2664.249,2956.8888701521423,2594.1477854128725,2508.3639840779
2022-06-14,2543.8,2556.9399,2512.24,2550.545188926108,2512.125750355669,2651.5122,2956.8888701521423,2546.5760336145236,2508.3639840779
2022-06-16,2480.3701,2543.8,2512.24,2540.84448565118,2512.125750355669,2641.531,2956.8888701521423,2536.8866125451773,2508.3639840779
2022-06-17,2460.54,2480.3701,2512.24,2466.1030218948213,2512.125750355669,2630.189,2956.8888701521423,2461.880841528305,2508.3639840779
2022-06-20,2365.49,2460.54,2512.24,2456.0796810410625,2512.125750355669,2617.6614,2956.8888701521423,2451.8101412079936,2508.3639840779
2022-06-21,2391.4099,2365.49,2512.24,2344.1107171397516,2512.125750355669,2599.916,2956.8888701521423,2339.4403675418207,2508.3639840779
2022-06-22,2408.2,2391.4099,2512.24,2397.239977578215,2512.125750355669,2582.0188,2956.8888701521423,2392.7960173883957,2508.3639840779
2022-06-23,2418.0601,2408.2,2512.24,2411.97654179013,2512.125750355669,2566.6995,2956.8888701521423,2407.7616660920403,2508.3639840779
2022-06-24,2449.29,2418.0601,2512.24,2420.277899757289,2512.125750355669,2554.9697,2956.8888701521423,2416.2542472037308,2508.3639840779
2022-06-27,2478.97,2449.29,2512.24,2456.3144383566255,2512.125750355669,2548.257,2956.8888701521423,2452.551561369168,2508.3639840779
2022-06-28,2377.25,2478.97,2512.24,2485.6458244638834,2512.125750355669,2546.9067,2956.8888701521423,2482.1029246168528,2508.3639840779
2022-06-29,2344.3301,2377.25,2512.24,2354.370456048981,2512.125750355669,2543.2192,2956.8888701521423,2350.348829576508,2508.3639840779
2022-06-30,2361.98,2344.3301,2512.24,2336.9255355199257,2512.125750355669,2536.3286,2956.8888701521423,2332.7344516118446,2508.3639840779
2022-07-01,2339.28,2361.98,2512.24,2365.949933767018,2512.125750355669,2528.9807,2956.8888701521423,2361.8821928498123,2508.3639840779
2022-07-04,2389.29,2339.28,2512.24,2334.1741639039706,2512.125750355669,2520.8425,2956.8888701521423,2330.0725017450045,2508.3639840779
2022-07-05,2345.9199,2389.29,2512.24,2400.538584280284,2512.125750355669,2515.6653,2956.8888701521423,2396.757176208766,2508.3639840779
2022-07-06,2289.5,2345.9199,2512.24,2336.1648065168097,2512.125750355669,2510.494,2956.8888701521423,2332.2400182801916,2508.3639840779
2022-07-07,2242.4099,2289.5,2512.24,2276.8096580636834,2512.125750355669,2502.668,2956.8888701521423,2272.6415662896966,2508.3639840779
2022-07-08,2231.25,2242.4099,2512.24,2231.8180791918217,2512.125750355669,2491.3496,2956.8888701521423,2227.453020769733,2508.3639840779
2022-07-11,2247.3601,2231.25,2512.24,2228.7398405177055,2512.125750355669,2478.3267,2956.8888701521423,2224.3913431269584,2508.3639840779
2022-07-12,2361.4199,2247.3601,2512.24,2250.983691633949,2512.125750355669,2466.334,2956.8888701521423,2246.8217706096266,2508.3639840779
2022-07-13,2366.74,2361.4199,2512.24,2387.0749944469576,2512.125750355669,2461.9653,2956.8888701521423,2383.5773724338655,2508.3639840779
2022-07-15,2350.0801,2366.74,2512.24,2367.936632538083,2512.125750355669,2463.163,2956.8888701521423,2364.560922765973,2508.3639840779
2022-07-18,2399.1399,2350.0801,2512.24,2346.332843666245,2512.125750355669,2466.7488,2956.8888701521423,2342.8889752675786,2508.3639840779
2022-07-19,2418.73,2399.1399,2512.24,2410.174758929692,2512.125750355669,2473.9402,2956.8888701521423,2406.9347713179213,2508.3639840779
2022-07-20,2474.1101,2418.73,2512.24,2423.1363365508737,2512.125750355669,2483.8225,2956.8888701521423,2419.957593188447,2508.3639840779
2022-07-21,2466.6899,2474.1101,2512.24,2486.5665631533802,2512.125750355669,2497.533,2956.8888701521423,2483.6036520243824,2508.3639840779
2022-07-22,2486.6799,2466.6899,2512.24,2465.0208988986888,2512.125750355669,2512.1304,2956.8888701521423,2461.951818784324,2508.3639840779
2022-07-25,2468.8,2486.6799,2512.24,2491.17618473831,2512.125750355669,2527.0818,2956.8888701521423,2488.106677139433,2508.3639840779
2022-07-26,2446.6899,2468.8,2512.24,2464.778333091921,2512.125750355669,2539.952,2956.8888701521423,2461.522026205248,2508.3639840779
2022-07-27,2426.26,2446.6899,2512.24,2441.7167481644565,2512.125750355669,2549.0845,2956.8888701521423,2438.256393121045,2508.3639840779
2022-07-28,2428.6599,2426.26,2512.24,2421.6647700062435,2512.125750355669,2553.8914,2956.8888701521423,2418.028953908984,2508.3639840779
2022-07-29,2441.01,2428.6599,2512.24,2429.1997015879674,2512.125750355669,2555.7324,2956.8888701521423,2425.5331240103765,2508.3639840779
2022-08-01,2446.1299,2441.01,2512.24,2443.7878672409506,2512.125750355669,2556.3506,2956.8888701521423,2440.169913225219,2508.3639840779
2022-08-02,2438.8799,2446.1299,2512.24,2447.2815022126897,2512.125750355669,2556.5312,2956.8888701521423,2443.689607109235,2508.3639840779
2022-08-03,2512.8201,2438.8799,2512.24,2437.2491814230743,2512.125750355669,2556.068,2956.8888701521423,2433.619108590967,2508.3639840779
2022-08-04,2607.5601,2512.8201,2512.24,2529.4512252029804,2512.125750355669,2559.497,2956.8888701521423,2526.1713499245075,2508.3639840779
2022-08-05,2706.04,2607.5601,2512.24,2628.8696555831657,2512.125750355669,2570.751,2956.8888701521423,2626.0419833400474,2508.3639840779
2022-08-08,2721.29,2706.04,2512.24,2728.190758949489,2512.125750355669,2592.1067,2956.8888701521423,2725.797892576427,2508.3639840779
2022-08-09,2814.1399,2721.29,2512.24,2724.720132179051,2512.125750355669,2619.241,2956.8888701521423,2722.299440927296,2508.3639840779
2022-08-10,2784.6599,2814.1399,2512.24,2835.0243216269937,2512.125750355669,2653.7627,2956.8888701521423,2832.8716176265207,2508.3639840779
2022-08-11,2962.74,2784.6599,2512.24,2778.0290608761693,2512.125750355669,2688.3809,2956.8888701521423,2775.534244572916,2508.3639840779
2022-08-15,3088.46,2962.74,2512.24,3002.794969275973,2512.125750355669,2732.309,2956.8888701521423,3000.900624588511,2508.3639840779
2022-08-16,3097.5,3088.46,2512.24,3116.737784757395,2512.125750355669,2788.1514,2956.8888701521423,3115.237075462122,2508.3639840779
2022-08-17,3037.0701,3097.5,2512.24,3099.533337370401,2512.125750355669,2848.3704,2956.8888701521423,3097.8312752404267,2508.3639840779
2022-08-18,2980.6699,3037.0701,2512.24,3023.477801995618,2512.125750355669,2901.9138,2956.8888701521423,3021.1532799771853,2508.3639840779
2022-08-19,2969.3601,2980.6699,2512.24,2967.9839891196784,2512.125750355669,2942.0525,2956.8888701521423,2965.0497761966285,2508.3639840779
2022-08-22,2984.75,2969.3601,2512.24,2966.8162240053357,2512.125750355669,2969.0842,2956.8888701521423,2963.5729836488904,2508.3639840779
2022-08-23,3030.22,2984.75,2512.24,2988.211599424418,2512.125750355669,2986.596,2956.8888701521423,2984.8907769470775,2508.3639840779
2022-08-24,2995.1599,3030.22,2512.24,3040.447417061078,2512.125750355669,3000.2422,2956.8888701521423,3037.262484113919,2508.3639840779
2022-08-25,2944.72,2995.1599,2512.24,2987.2739473960173,2512.125750355669,3007.5864,2956.8888701521423,2983.8544837615264,2508.3639840779
2022-08-26,2858.5701,2944.72,2512.24,2933.3747197312714,2512.125750355669,3006.3875,2956.8888701521423,2929.632251374185,2508.3639840779
2022-08-29,2871.8899,2858.5701,2512.24,2839.192687264786,2512.125750355669,2993.1995,2956.8888701521423,2834.9632208264925,2508.3639840779
2022-08-30,2834.72,2871.8899,2512.24,2874.885878662198,2512.125750355669,2974.777,2956.8888701521423,2870.716541389554,2508.3639840779
2022-08-31,2861.3601,2834.72,2512.24,2826.359497043796,2512.125750355669,2951.9844,2956.8888701521423,2822.069864723392,2508.3639840779
2022-09-01,2938.6699,2861.3601,2512.24,2867.3521697877463,2512.125750355669,2930.6655,2956.8888701521423,2863.2792618630942,2508.3639840779
2022-09-02,3008.98,2938.6699,2512.24,2956.0589382121957,2512.125750355669,2918.0881,2956.8888701521423,2952.459385342399,2508.3639840779
2022-09-05,3005.76,3008.98,2512.24,3024.7946187883463,2512.125750355669,2917.5984,2956.8888701521423,3021.6179384618845,2508.3639840779
2022-09-06,3029.3799,3005.76,2512.24,3005.035736025145,2512.125750355669,2924.7046,2956.8888701521423,3001.864446104338,2508.3639840779
2022-09-07,3011.98,3029.3799,2512.24,3034.692646167604,2512.125750355669,2937.8652,2956.8888701521423,3031.5861133554854,2508.3639840779
2022-09-08,3028.1699,3011.98,2512.24,3008.066297908048,2512.125750355669,2952.3457,2956.8888701521423,3004.7991546585363,2508.3639840779
2022-09-09,3082.74,3028.1699,2512.24,3031.8114407846306,2512.125750355669,2967.607,2956.8888701521423,3028.539948303399,2508.3639840779
2022-09-12,3152.4299,3082.74,2512.24,3095.014272526165,2512.125750355669,2986.322,2956.8888701521423,3091.9390214237173,2508.3639840779
2022-09-13,3160.6001,3152.4299,2512.24,3168.105019248842,2512.125750355669,3011.2917,2956.8888701521423,3165.3072721136796,2508.3639840779
2022-09-14,3152.53,3160.6001,2512.24,3162.4377961265104,2512.125750355669,3038.895,2956.8888701521423,3159.60055161586,2508.3639840779
2022-09-15,3193.0901,3152.53,2512.24,3150.7148190361863,2512.125750355669,3065.1836,2956.8888701521423,3147.7166112286454,2508.3639840779
2022-09-16,3251.21,3193.0901,2512.24,3202.2131494554437,2512.125750355669,3091.7207,2956.8888701521423,3199.2792154821313,2508.3639840779
2022-09-19,3253.4399,3251.21,2512.24,3264.2827173267683,2512.125750355669,3121.0583,2956.8888701521423,3261.516865352281,2508.3639840779
2022-09-20,3224.25,3253.4399,2512.24,3253.941464048922,2512.125750355669,3149.8936,2956.8888701521423,3251.074833494723,2508.3639840779
2022-09-21,3205.22,3224.25,2512.24,3217.6844121119166,2512.125750355669,3173.4053,2956.8888701521423,3214.539385428109,2508.3639840779
2022-09-22,3216.8401,3205.22,2512.24,3200.9396448939447,2512.125750355669,3189.7488,2956.8888701521423,3197.5669647067193,2508.3639840779
2022-09-23,3229.78,3216.8401,2512.24,3219.4537707497566,2512.125750355669,3201.0676,2956.8888701521423,3216.0397344758003,2508.3639840779
2022-09-26,3212.1499,3229.78,2512.24,3232.6905290087675,2512.125750355669,3209.2678,2956.8888701521423,3229.281269689462,2508.3639840779
2022-09-27,3168.22,3212.1499,2512.24,3208.1844197816467,2512.125750355669,3213.2493,2956.8888701521423,3204.646185309372,2508.3639840779
2022-09-28,3181.8799,3168.22,2512.24,3158.338992550001,2512.125750355669,3210.4294,2956.8888701521423,3154.5419342061136,2508.3639840779
2022-09-29,3187.22,3181.8799,2512.24,3184.952376232958,2512.125750355669,3204.8025,2956.8888701521423,3181.1962464912895,2508.3639840779
2022-09-30,3168.8999,3187.22,2512.24,3188.4211310720884,2512.125750355669,3198.3594,2956.8888701521423,3184.7004651403868,2508.3639840779
2022-10-03,3162.1201,3168.8999,2512.24,3164.7792203584636,2512.125750355669,3190.4429,2956.8888701521423,3160.986325518223,2508.3639840779
2022-10-04,3009.3101,3162.1201,2512.24,3160.595141957539,2512.125750355669,3181.7793,2956.8888701521423,3156.7822473747906,2508.3639840779
2022-10-05,2894.9199,3009.3101,2512.24,2974.93905093241,2512.125750355669,3160.4119,2956.8888701521423,2970.3630860047365,2508.3639840779
2022-10-06,2908.79,2894.9199,2512.24,2869.1904897712743,2512.125750355669,3123.656,2956.8888701521423,2864.056320192722,2508.3639840779
2022-10-07,2802.6499,2908.79,2512.24,2911.9097558253543,2512.125750355669,3081.8416,2956.8888701521423,2906.955768226935,2508.3639840779
2022-10-10,2795.6399,2802.6499,2512.24,2778.776157541136,2512.125750355669,3032.417,2956.8888701521423,2773.490949792723,2508.3639840779
2022-10-12,2639.6001,2795.6399,2512.24,2794.0631638311384,2512.125750355669,2982.5374,2956.8888701521423,2788.9648485921857,2508.3639840779
2022-10-13,2732.6001,2639.6001,2512.24,2604.5025826758915,2512.125750355669,2925.6262,2956.8888701521423,2598.8511740035588,2508.3639840779
2022-10-14,2810.1499,2732.6001,2512.24,2753.5182831247034,2512.125750355669,2876.5315,2956.8888701521423,2748.562028165597,2508.3639840779
2022-10-17,2788.28,2810.1499,2512.24,2827.5929206202595,2512.125750355669,2842.3074,2956.8888701521423,2823.3108719180195,2508.3639840779
2022-10-18,2725.0901,2788.28,2512.24,2783.360875557861,2512.125750355669,2818.9873,2956.8888701521423,2779.220403622589,2508.3639840779
2022-10-19,2690.3601,2725.0901,2512.24,2710.877004302885,2512.125750355669,2800.1062,2956.8888701521423,2706.563729442503,2508.3639840779
2022-10-20,2672.3301,2690.3601,2512.24,2682.5483956997746,2512.125750355669,2783.0847,2956.8888701521423,2678.153114861762,2508.3639840779
2022-10-21,2616.8101,2672.3301,2512.24,2668.2746715942108,2512.125750355669,2767.3423,2956.8888701521423,2663.891788045474,2508.3639840779
2022-10-24,2605.3401,2616.8101,2512.24,2604.3221696012524,2512.125750355669,2749.9668,2956.8888701521423,2599.780646144679,2508.3639840779
2022-10-26,2550.8,2605.3401,2512.24,2602.760190747953,2512.125750355669,2732.2688,2956.8888701521423,2598.285078786588,2508.3639840779
2022-10-27,2626.1699,2550.8,2512.24,2538.532475274843,2512.125750355669,2712.3848,2956.8888701521423,2533.9234812677323,2508.3639840779
2022-10-28,2677.3401,2626.1699,2512.24,2643.12260290635,2512.125750355669,2697.7212,2956.8888701521423,2639.0199927951135,2508.3639840779
2022-10-31,2636.1101,2677.3401,2512.24,2688.8496442379324,2512.125750355669,2690.9692,2956.8888701521423,2685.148792082247,2508.3639840779
2022-11-01,2590.73,2636.1101,2512.24,2626.8363721480478,2512.125750355669,2687.1362,2956.8888701521423,2623.0338306536783,2508.3639840779
2022-11-02,2631.6001,2590.73,2512.24,2580.522803849276,2512.125750355669,2682.4192,2956.8888701521423,2576.5270877543053,2508.3639840779
2022-11-03,2606.8899,2631.6001,2512.24,2640.7928767325266,2512.125750355669,2680.0232,2956.8888701521423,2637.01866174954,2508.3639840779
2022-11-04,2594.78,2606.8899,2512.24,2601.3319162510966,2512.125750355669,2677.7131,2956.8888701521423,2597.481940665159,2508.3639840779
2022-11-07,2594.05,2594.78,2512.24,2592.0561601524532,2512.125750355669,2674.827,2956.8888701521423,2588.1796423797787,2508.3639840779
2022-11-09,2517.42,2594.05,2512.24,2593.8858035088065,2512.125750355669,2671.7366,2956.8888701521423,2590.0366456985953,2508.3639840779
2022-11-10,2545.38,2517.42,2512.24,2500.183866958645,2512.125750355669,2663.9587,2956.8888701521423,2495.9855150985986,2508.3639840779
2022-11-11,2565.66,2545.38,2512.24,2551.668950539427,2512.125750355669,2655.617,2956.8888701521423,2547.641896706419,2508.3639840779
2022-11-14,2579.68,2565.66,2512.24,2570.221513481387,2512.125750355669,2648.9858,2956.8888701521423,2566.3658873751247,2508.3639840779
2022-11-15,2570.49,2579.68,2512.24,2582.833472337724,2512.125750355669,2644.9292,2956.8888701521423,2579.118085231782,2508.3639840779
2022-11-16,2551.15,2570.49,2512.24,2568.4229236245587,2512.125750355669,2642.2878,2956.8888701521423,2564.7072206139997,2508.3639840779
2022-11-17,2483.05,2551.15,2512.24,2546.799917616863,2512.125750355669,2639.5312,2956.8888701521423,2543.008361020107,2508.3639840779
2022-11-18,2473.16,2483.05,2512.24,2467.732491711911,2512.125750355669,2632.7214,2956.8888701521423,2463.6110718052946,2508.3639840779
2022-11-21,2389.2,2473.16,2512.24,2470.935474934373,2512.125750355669,2623.3281,2956.8888701521423,2466.7844644210672,2508.3639840779
2022-11-22,2379.83,2389.2,2512.24,2370.3151542456976,2512.125750355669,2608.217,2956.8888701521423,2365.7996155532232,2508.3639840779
2022-11-23,2464.87,2379.83,2512.24,2377.722436818511,2512.125750355669,2590.3918,2956.8888701521423,2373.239927205474,2508.3639840779
2022-11-24,2513.46,2464.87,2512.24,2483.997766590589,2512.125750355669,2577.501,2956.8888701521423,2480.0508597855505,2508.3639840779
2022-11-25,2456.91,2513.46,2512.24,2524.389188365907,2512.125750355669,2571.79,2956.8888701521423,2520.8174415397352,2508.3639840779
2022-11-28,2550.79,2456.91,2512.24,2444.1903950999786,2512.125750355669,2567.8455,2956.8888701521423,2440.4159941505004,2508.3639840779
2022-11-29,2639.21,2550.79,2512.24,2571.9061186209374,2512.125750355669,2570.5925,2956.8888701521423,2568.591429938381,2508.3639840779
2022-11-30,2655.9,2639.21,2512.24,2659.098018837487,2512.125750355669,2582.6199,2956.8888701521423,2656.2214257245414,2508.3639840779
2022-12-01,2721.52,2655.9,2512.24,2659.6540266274333,2512.125750355669,2600.6208,2956.8888701521423,2656.83343613137,2508.3639840779
2022-12-02,2743.42,2721.52,2512.24,2736.2796900714307,2512.125750355669,2624.9307,2956.8888701521423,2733.6791880572705,2508.3639840779
2022-12-05,2766.55,2743.42,2512.24,2748.345894735817,2512.125750355669,2652.68,2956.8888701521423,2745.725839298729,2508.3639840779
2022-12-06,2811.64,2766.55,2512.24,2771.752554577144,2512.125750355669,2681.804,2956.8888701521423,2769.090120714458,2508.3639840779
2022-12-07,2853.12,2811.64,2512.24,2821.781944914977,2512.125750355669,2712.392,2956.8888701521423,2819.17341343991,2508.3639840779
2022-12-09,2837.26,2853.12,2512.24,2862.449959527018,2512.125750355669,2744.2703,2956.8888701521423,2859.8828585252786,2508.3639840779
2022-12-12,2830.39,2837.26,2512.24,2833.6926625337874,2512.125750355669,2773.2625,2956.8888701521423,2830.882982548741,2508.3639840779
2022-12-13,2820.31,2830.39,2512.24,2828.844753569175,2512.125750355669,2797.424,2956.8888701521423,2825.8275125680457,2508.3639840779
2022-12-14,2824.78,2820.31,2512.24,2818.0427388613225,2512.125750355669,2815.6973,2956.8888701521423,2814.8252601091863,2508.3639840779
2022-12-15,2838.3,2824.78,2512.24,2825.7854223501877,2512.125750355669,2828.9941,2956.8888701521423,2822.4741165888504,2508.3639840779
2022-12-16,2805.63,2838.3,2512.24,2841.3410089875915,2512.125750355669,2839.0215,2956.8888701521423,2838.0136068727234,2508.3639840779
2022-12-19,2806.16,2805.63,2512.24,2798.281644702322,2512.125750355669,2843.8142,2956.8888701521423,2794.7301019433803,2508.3639840779
2022-12-20,2741.55,2806.16,2512.24,2806.2792111511408,2512.125750355669,2844.9702,2956.8888701521423,2802.6751972313104,2508.3639840779
2022-12-21,2688.37,2741.55,2512.24,2727.017485895838,2512.125750355669,2839.1458,2956.8888701521423,2723.0597429663794,2508.3639840779
2022-12-22,2661.41,2688.37,2512.24,2676.4083980798737,2512.125750355669,2825.7297,2956.8888701521423,2672.171645569803,2508.3639840779
2022-12-23,2638.84,2661.41,2512.24,2655.3459761608383,2512.125750355669,2806.964,2956.8888701521423,2651.0050623882553,2508.3639840779
2022-12-26,2642.97,2638.84,2512.24,2633.763404375005,2512.125750355669,2785.115,2956.8888701521423,2629.389368539739,2508.3639840779
2022-12-28,2642.43,2642.97,2512.24,2643.898947272097,2512.125750355669,2763.719,2956.8888701521423,2639.652046236788,2508.3639840779
2022-12-29,2636.11,2642.43,2512.24,2642.308539581856,2512.125750355669,2744.5996,2956.8888701521423,2638.1757070546955,2508.3639840779
2022-12-30,2631.7,2636.11,2512.24,2634.6884632543215,2512.125750355669,2728.257,2956.8888701521423,2630.629421277393,2508.3639840779
2023-01-02,2649.39,2631.7,2512.24,2630.7080732518284,2512.125750355669,2714.8237,2956.8888701521423,2626.713676803693,2508.3639840779
2023-01-03,2652.2,2649.39,2512.24,2653.368953327699,2512.125750355669,2705.5266,2956.8888701521423,2649.53416333632,2508.3639840779
2023-01-04,2658.3,2652.2,2512.24,2652.832044027746,2512.125750355669,2699.7944,2956.8888701521423,2649.072865866125,2508.3639840779
2023-01-05,2636.93,2658.3,2512.24,2659.6720528716205,2512.125750355669,2697.1526,2956.8888701521423,2655.9840629214405,2508.3639840779
2023-01-06,2619.88,2636.93,2512.24,2632.123316415323,2512.125750355669,2695.234,2956.8888701521423,2628.353580840601,2508.3639840779
2023-01-10,2577.92,2619.88,2512.24,2616.0449997604715,2512.125750355669,2692.7378,2956.8888701521423,2612.2023474396096,2508.3639840779
2023-01-11,2566.97,2577.92,2512.24,2568.4820756568542,2512.125750355669,2687.3398,2956.8888701521423,2564.446601833307,2508.3639840779
2023-01-12,2560.83,2566.97,2512.24,2564.507052632091,2512.125750355669,2679.8572,2956.8888701521423,2560.445631237743,2508.3639840779
2023-01-13,2550.2,2560.83,2512.24,2559.448950060369,2512.125750355669,2671.3372,2956.8888701521423,2555.410502203466,2508.3639840779
2023-01-16,2531.54,2550.2,2512.24,2547.809029176176,2512.125750355669,2662.2864,2956.8888701521423,2543.7842613005046,2508.3639840779
2023-01-18,2603.12,2531.54,2512.24,2527.3428677730435,2512.125750355669,2652.5737,2956.8888701521423,2523.291223447787,2508.3639840779
2023-01-19,2613.69,2603.12,2512.24,2619.2202532050137,2512.125750355669,2647.73,2956.8888701521423,2615.5790838953976,2508.3639840779
2023-01-20,2661.73,2613.69,2512.24,2616.067475221808,2512.125750355669,2647.1155,2956.8888701521423,2612.5437756997894,2508.3639840779
2023-01-23,2725.39,2661.73,2512.24,2672.5354786807607,2512.125750355669,2652.212,2956.8888701521423,2669.268465607793,2508.3639840779
2023-01-24,2832.37,2725.39,2512.24,2739.7088337389096,2512.125750355669,2664.5444,2956.8888701521423,2736.740272089587,2508.3639840779
2023-01-25,2786.38,2832.37,2512.24,2856.4326583944166,2512.125750355669,2687.4817,2956.8888701521423,2853.931801279625,2508.3639840779
2023-01-26,2809.95,2786.38,2512.24,2776.0356210547843,2512.125750355669,2712.3457,2956.8888701521423,2773.2173353511253,2508.3639840779
2023-01-27,2804.44,2809.95,2512.24,2815.2515223252603,2512.125750355669,2737.8052,2956.8888701521423,2812.387772821171,2508.3639840779
2023-01-30,2822.91,2804.44,2512.24,2803.2006538815367,2512.125750355669,2761.0469,2956.8888701521423,2800.159231276022,2508.3639840779
2023-01-31,2786.72,2822.91,2512.24,2827.064396153906,2512.125750355669,2782.1428,2956.8888701521423,2823.9825282206325,2508.3639840779
2023-02-01,2764.96,2786.72,2512.24,2778.5799027173866,2512.125750355669,2797.5112,2956.8888701521423,2775.2099176137795,2508.3639840779
2023-02-02,2809.8,2764.96,2512.24,2760.06559500222,2512.125750355669,2806.3494,2956.8888701521423,2756.491933674858,2508.3639840779
2023-02-03,2815.41,2809.8,2512.24,2819.885713239911,2512.125750355669,2813.473,2956.8888701521423,2816.469019075635,2508.3639840779
2023-02-06,2865.82,2815.41,2512.24,2816.67183878849,2512.125750355669,2819.408,2956.8888701521423,2813.258248595695,2508.3639840779
2023-02-07,2843.47,2865.82,2512.24,2877.1585549603906,2512.125750355669,2827.7866,2956.8888701521423,2873.9603509198632,2508.3639840779
2023-02-08,2792.8,2843.47,2512.24,2838.442888249063,2512.125750355669,2835.4763,2956.8888701521423,2835.09637855401,2508.3639840779
2023-02-09,2783.46,2792.8,2512.24,2781.402964097541,2512.125750355669,2838.4133,2956.8888701521423,2777.7411074462348,2508.3639840779
2023-02-10,2769.6,2783.46,2512.24,2781.359184619519,2512.125750355669,2837.3723,2956.8888701521423,2777.593036290738,2508.3639840779
2023-02-13,2766.94,2769.6,2512.24,2766.482515934318,2512.125750355669,2832.9304,2956.8888701521423,2762.631555202812,2508.3639840779
2023-02-14,2689.57,2766.94,2512.24,2766.3416949772936,2512.125750355669,2826.5952,2956.8888701521423,2762.490028049956,2508.3639840779
2023-02-15,2652.75,2689.57,2512.24,2672.1674212004486,2512.125750355669,2814.24,2956.8888701521423,2667.9540141608063,2508.3639840779
2023-02-16,2664.17,2652.75,2512.24,2644.4681988962193,2512.125750355669,2796.6929,2956.8888701521423,2640.102861524393,2508.3639840779
2023-02-17,2721.26,2664.17,2512.24,2666.7386629170337,2512.125750355669,2778.311,2956.8888701521423,2662.502375323192,2508.3639840779
2023-02-20,2719.79,2721.26,2512.24,2734.1010653181647,2512.125750355669,2765.0127,2956.8888701521423,2730.2517217798804,2508.3639840779
2023-02-21,2786.28,2719.79,2512.24,2719.45935775061,2512.125750355669,2756.094,2956.8888701521423,2715.70616461058,2508.3639840779
2023-02-22,2813.36,2786.28,2512.24,2801.2353763006618,2512.125750355669,2755.233,2956.8888701521423,2797.8600010298182,2508.3639840779
2023-02-23,2795.35,2813.36,2512.24,2819.4510150431934,2512.125750355669,2761.4346,2956.8888701521423,2816.233722257549,2508.3639840779
2023-02-24,2827.85,2795.35,2512.24,2791.299070128216,2512.125750355669,2770.313,2956.8888701521423,2787.971333273663,2508.3639840779
2023-02-27,2838.78,2827.85,2512.24,2835.1601177586326,2512.125750355669,2782.2876,2956.8888701521423,2831.931877268673,2508.3639840779
2023-02-28,2810.88,2838.78,2512.24,2841.2384488339035,2512.125750355669,2795.9324,2956.8888701521423,2838.0078849548904,2508.3639840779
2023-03-01,2799.32,2810.88,2512.24,2804.6045450625893,2512.125750355669,2807.446,2956.8888701521423,2801.173743432569,2508.3639840779
2023-03-02,2817.24,2799.32,2512.24,2796.7198473449293,2512.125750355669,2815.698,2956.8888701521423,2793.164456986958,2508.3639840779
2023-03-03,2836.14,2817.24,2512.24,2821.27068646876,2512.125750355669,2822.4087,2956.8888701521423,2817.7574516150153,2508.3639840779
2023-03-06,2842.44,2836.14,2512.24,2840.39111463502,2512.125750355669,2828.936,2956.8888701521423,2836.9488448329266,2508.3639840779
2023-03-08,2873.65,2842.44,2512.24,2843.8570382116736,2512.125750355669,2835.2803,2956.8888701521423,2840.426478099674,2508.3639840779
2023-03-09,2863.61,2873.65,2512.24,2880.6699623152904,2512.125750355669,2843.2502,2956.8888701521423,2877.3630801722697,2508.3639840779
2023-03-10,2865.25,2863.61,2512.24,2861.3517359293332,2512.125750355669,2850.89,2956.8888701521423,2857.9613238371244,2508.3639840779
2023-03-13,2829.26,2865.25,2512.24,2865.6188797884356,2512.125750355669,2857.7744,2956.8888701521423,2862.187762253798,2508.3639840779
2023-03-14,2797.94,2829.26,2512.24,2821.1648880574403,2512.125750355669,2860.938,2956.8888701521423,2817.508495959967,2508.3639840779
2023-03-15,2790.56,2797.94,2512.24,2790.8952957476804,2512.125750355669,2859.1582,2956.8888701521423,2787.0446695174405,2508.3639840779
2023-03-16,2809.98,2790.56,2512.24,2788.9000409520395,2512.125750355669,2853.877,2956.8888701521423,2785.001590577436,2508.3639840779
2023-03-17,2812.78,2809.98,2512.24,2814.3480765191584,2512.125750355669,2848.2922,2956.8888701521423,2810.567114528802,2508.3639840779
2023-03-20,2845.5,2812.78,2512.24,2813.409794760744,2512.125750355669,2843.2725,2956.8888701521423,2809.6806346903245,2508.3639840779
2023-03-21,2855.86,2845.5,2512.24,2852.8596016326915,2512.125750355669,2841.4653,2956.8888701521423,2849.319136754609,2508.3639840779
2023-03-22,2793.83,2855.86,2512.24,2858.190240614752,2512.125750355669,2842.6414,2956.8888701521423,2854.717971318106,2508.3639840779
2023-03-23,2776.18,2793.83,2512.24,2779.877796782523,2512.125750355669,2841.1433,2956.8888701521423,2776.0884519949254,2508.3639840779
2023-03-24,2721.47,2776.18,2512.24,2772.2100437403114,2512.125750355669,2836.7563,2956.8888701521423,2768.3079872846993,2508.3639840779
2023-03-27,2730.62,2721.47,2512.24,2709.1642602284674,2512.125750355669,2827.0027,2956.8888701521423,2704.9938262303594,2508.3639840779
2023-03-28,2673.87,2730.62,2512.24,2732.6780793074304,2512.125750355669,2815.383,2956.8888701521423,2728.587086379879,2508.3639840779
2023-03-29,2666.11,2673.87,2512.24,2661.1054097599254,2512.125750355669,2799.7324,2956.8888701521423,2656.8000713772044,2508.3639840779
2023-03-30,2681.15,2666.11,2512.24,2664.364568805939,2512.125750355669,2782.478,2956.8888701521423,2660.096459961182,2508.3639840779
2023-03-31,2676.2,2681.15,2512.24,2684.532897571995,2512.125750355669,2766.8289,2956.8888701521423,2680.435454945042,2508.3639840779
2023-04-03,2680.5,2676.2,2512.24,2675.0866128336847,2512.125750355669,2753.3013,2956.8888701521423,2671.0678488146723,2508.3639840779
2023-04-04,2693.74,2680.5,2512.24,2681.4671848111425,2512.125750355669,2742.6003,2956.8888701521423,2677.553362875489,2508.3639840779
2023-04-05,2670.59,2693.74,2512.24,2696.7180295115168,2512.125750355669,2735.492,2956.8888701521423,2692.9359707956964,2508.3639840779
2023-04-07,2698.87,2670.59,2512.24,2665.3829468888507,2512.125750355669,2729.6975,2956.8888701521423,2661.5364655656085,2508.3639840779
2023-04-11,2732.71,2698.87,2512.24,2705.2309270835117,2512.125750355669,2727.046,2956.8888701521423,2701.5535503363803,2508.3639840779
2023-04-12,2775.23,2732.71,2512.24,2740.321519536989,2512.125750355669,2728.845,2956.8888701521423,2736.840886039751,2508.3639840779
2023-04-13,2756.64,2775.23,2512.24,2784.7938832952946,2512.125750355669,2736.158,2956.8888701521423,2781.5368513777225,2508.3639840779
2023-04-18,2774.94,2756.64,2512.24,2752.458612642062,2512.125750355669,2745.0813,2956.8888701521423,2749.096006593478,2508.3639840779
2023-04-19,2744.33,2774.94,2512.24,2779.056158614861,2512.125750355669,2755.4272,2956.8888701521423,2775.7334774262777,2508.3639840779
2023-04-20,2721.51,2744.33,2512.24,2737.444993704869,2512.125750355669,2763.6292,2956.8888701521423,2733.919658631398,2508.3639840779
2023-04-21,2722.2,2721.51,2512.24,2716.3771726999385,2512.125750355669,2768.1128,2956.8888701521423,2712.687658539782,2508.3639840779
2023-04-24,2716.64,2722.2,2512.24,2722.355199423183,2512.125750355669,2769.8584,2956.8888701521423,2718.638511267055,2508.3639840779
2023-04-25,2684.84,2716.64,2512.24,2715.389407546523,2512.125750355669,2769.361,2956.8888701521423,2711.6428314757377,2508.3639840779
2023-04-26,2673.94,2684.84,2512.24,2677.6873309315533,2512.125750355669,2765.3552,2956.8888701521423,2673.7919101418347,2508.3639840779
2023-04-27,2647.34,2673.94,2512.24,2671.4882989671046,2512.125750355669,2758.7776,2956.8888701521423,2667.553157880526,2508.3639840779
2023-04-28,2624.85,2647.34,2512.24,2641.3569497729345,2512.125750355669,2749.4172,2956.8888701521423,2637.321550335984,2508.3639840779
2023-05-01,2623.97,2624.85,2512.24,2619.791398511026,2512.125750355669,2737.6902,2956.8888701521423,2615.688398346994,2508.3639840779
2023-05-03,2524.71,2623.97,2512.24,2623.772064503766,2512.125750355669,2725.5083,2956.8888701521423,2619.7226503458987,2508.3639840779
2023-05-04,2544.0,2524.71,2512.24,2502.3837757316337,2512.125750355669,2707.7546,2956.8888701521423,2497.901860734533,2508.3639840779
2023-05-05,2560.69,2544.0,2512.24,2548.338836048124,2512.125750355669,2689.3474,2956.8888701521423,2544.018869731901,2508.3639840779
2023-05-09,2612.5,2560.69,2512.24,2564.4440266274332,2512.125750355669,2673.3203,2956.8888701521423,2560.3192979477762,2508.3639840779
2023-05-10,2607.4,2612.5,2512.24,2624.153452340762,2512.125750355669,2663.5142,2956.8888701521423,2620.399738732974,2508.3639840779
2023-05-11,2587.71,2607.4,2512.24,2606.2528738286455,2512.125750355669,2658.201,2956.8888701521423,2602.564419200655,2508.3639840779
2023-05-12,2608.24,2587.71,2512.24,2583.2811932717696,2512.125750355669,2654.8804,2956.8888701521423,2579.534505621089,2508.3639840779
2023-05-15,2598.71,2608.24,2512.24,2612.8577451564533,2512.125750355669,2654.2722,2956.8888701521423,2609.224140868352,2508.3639840779
2023-05-16,2574.15,2598.71,2512.24,2596.5664485464686,2512.125750355669,2654.7842,2956.8888701521423,2592.9002426634424,2508.3639840779
2023-05-17,2545.6,2574.15,2512.24,2568.625800241476,2512.125750355669,2654.3447,2956.8888701521423,2564.8426264419613,2508.3639840779
2023-05-18,2535.18,2545.6,2512.24,2539.178342707416,2512.125750355669,2651.5002,2956.8888701521423,2535.255822069904,2508.3639840779
2023-05-19,2514.09,2535.18,2512.24,2532.836263783232,2512.125750355669,2646.7056,2956.8888701521423,2528.878483660475,2508.3639840779
2023-05-22,2483.25,2514.09,2512.24,2509.3462958913983,2512.125750355669,2639.8245,2956.8888701521423,2505.32139831602,2508.3639840779
2023-05-23,2439.88,2483.25,2512.24,2476.313260563808,2512.125750355669,2630.3916,2956.8888701521423,2472.183606633144,2508.3639840779
2023-05-24,2466.78,2439.88,2512.24,2430.1249290094797,2512.125750355669,2617.6255,2956.8888701521423,2425.8367276773874,2508.3639840779
2023-05-25,2506.92,2466.78,2512.24,2472.8305282371457,2512.125750355669,2605.5432,2956.8888701521423,2468.7477879302915,2508.3639840779
2023-05-26,2493.82,2506.92,2512.24,2515.9485577486626,2512.125750355669,2597.4233,2956.8888701521423,2512.1590641878715,2508.3639840779
2023-05-29,2485.22,2493.82,2512.24,2490.8734602265204,2512.125750355669,2591.7844,2956.8888701521423,2487.1018659405554,2508.3639840779
2023-05-30,2438.93,2485.22,2512.24,2483.2856303777153,2512.125750355669,2587.6301,2956.8888701521423,2479.5121401872093,2508.3639840779
2023-05-31,2432.34,2438.93,2512.24,2428.5181430447037,2512.125750355669,2581.9993,2956.8888701521423,2424.536162720912,2508.3639840779
2023-06-01,2429.58,2432.34,2512.24,2430.85773304525,2512.125750355669,2575.4773,2956.8888701521423,2426.8639126164016,2508.3639840779
2023-06-02,2477.53,2429.58,2512.24,2428.959202307267,2512.125750355669,2568.8108,2956.8888701521423,2424.9959204373786,2508.3639840779
2023-06-05,2499.32,2477.53,2512.24,2488.315235277737,2512.125750355669,2565.4128,2956.8888701521423,2484.6427096334346,2508.3639840779
2023-06-06,2494.26,2499.32,2512.24,2504.2211527987884,2512.125750355669,2565.6792,2956.8888701521423,2500.710520045416,2508.3639840779
2023-06-07,2477.87,2494.26,2512.24,2493.121870896656,2512.125750355669,2567.917,2956.8888701521423,2489.6079853986093,2508.3639840779
2023-06-08,2468.44,2477.87,2512.24,2474.183451382646,2512.125750355669,2570.1707,2956.8888701521423,2470.57690974904,2508.3639840779
2023-06-09,2479.87,2468.44,2512.24,2466.318941216495,2512.125750355669,2571.6128,2956.8888701521423,2462.6449101972844,2508.3639840779
2023-06-12,2492.35,2479.87,2512.24,2482.440912184036,2512.125750355669,2573.0454,2956.8888701521423,2478.812214788711,2508.3639840779
2023-06-13,2556.31,2492.35,2512.24,2495.157085219315,2512.125750355669,2575.091,2956.8888701521423,2491.591304818085,2508.3639840779
2023-06-14,2573.8,2556.31,2512.24,2570.6963117489895,2512.125750355669,2581.123,2956.8888701521423,2567.4415846238217,2508.3639840779
2023-06-15,2653.1,2573.8,2512.24,2577.733967987646,2512.125750355669,2590.2788,2956.8888701521423,2574.557083336462,2508.3639840779
2023-06-16,2645.33,2653.1,2512.24,2670.936687331064,2512.125750355669,2605.4363,2956.8888701521423,2668.0971380280093,2508.3639840779
2023-06-19,2639.56,2645.33,2512.24,2643.582319538936,2512.125750355669,2622.724,2956.8888701521423,2640.6351144722553,2508.3639840779
2023-06-20,2611.51,2639.56,2512.24,2638.2621729394673,2512.125750355669,2639.4626,2956.8888701521423,2635.1743943711995,2508.3639840779
2023-06-21,2615.6,2611.51,2512.24,2605.2008060575495,2512.125750355669,2652.5725,2956.8888701521423,2601.8551885248194,2508.3639840779
2023-06-22,2662.08,2615.6,2512.24,2616.5199502040864,2512.125750355669,2662.4536,2956.8888701521423,2613.09481769104,2508.3639840779
2023-06-23,2668.14,2662.08,2512.24,2672.534593028346,2512.125750355669,2672.4397,2956.8888701521423,2669.2726728146467,2508.3639840779
2023-06-26,2674.34,2668.14,2512.24,2669.5030558036096,2512.125750355669,2682.131,2956.8888701521423,2666.2300763057,2508.3639840779
2023-06-27,2731.84,2674.34,2512.24,2675.734545541647,2512.125750355669,2691.2515,2956.8888701521423,2672.438146425131,2508.3639840779
2023-06-28,2695.25,2731.84,2512.24,2744.773285265274,2512.125750355669,2703.03,2956.8888701521423,2741.69504177124,2508.3639840779
2023-06-29,2718.82,2695.25,2512.24,2687.019932037281,2512.125750355669,2713.1506,2956.8888701521423,2683.701303010868,2508.3639840779
2023-07-05,2992.82,2718.82,2512.24,2724.121522325261,2512.125750355669,2722.8787,2956.8888701521423,2720.8360151231127,2508.3639840779
2023-07-06,3009.09,2992.82,2512.24,3054.449915872782,2512.125750355669,2750.3276,2956.8888701521423,3052.344720350474,2508.3639840779
2023-07-07,3013.82,3009.09,2512.24,3012.749557413322,2512.125750355669,2788.6646,2956.8888701521423,3010.663599409324,2508.3639840779
2023-07-10,3028.63,3013.82,2512.24,3014.8839032922565,2512.125750355669,2831.409,2956.8888701521423,3012.636535910207,2508.3639840779
2023-07-11,3001.79,3028.63,2512.24,3031.961164430934,2512.125750355669,2874.537,2956.8888701521423,3029.536123947459,2508.3639840779
2023-07-12,3008.58,3001.79,2512.24,2995.7529673648705,2512.125750355669,2912.1729,2956.8888701521423,2992.958008296572,2508.3639840779
2023-07-13,3066.11,3008.58,2512.24,3010.1072522948034,2512.125750355669,2943.527,2956.8888701521423,3007.1357168505438,2508.3639840779
2023-07-14,3068.73,3066.11,2512.24,3079.0500330662817,2512.125750355669,2972.7036,2956.8888701521423,3076.198197815427,2508.3639840779
2023-07-17,3119.2,3068.73,2512.24,3069.319307954696,2512.125750355669,2998.2805,2956.8888701521423,3066.359853895095,2508.3639840779
2023-07-18,3164.36,3119.2,2512.24,3130.552050562406,2512.125750355669,3023.5398,2956.8888701521423,3127.7138209061864,2508.3639840779
2023-07-19,3172.0,3164.36,2512.24,3174.517689783996,2512.125750355669,3050.2393,2956.8888701521423,3171.781781514114,2508.3639840779
2023-07-20,3190.28,3172.0,2512.24,3173.7184399900293,2512.125750355669,3076.3137,2956.8888701521423,3170.894856863961,2508.3639840779
2023-07-21,3217.81,3190.28,2512.24,3194.391660080856,2512.125750355669,3101.3591,2956.8888701521423,3191.514806614822,2508.3639840779
2023-07-24,3230.39,3217.81,2512.24,3224.0022320583125,2512.125750355669,3125.9644,2956.8888701521423,3221.120936377313,2508.3639840779
2023-07-25,3211.75,3230.39,2512.24,3233.2195778893415,2512.125750355669,3149.2776,2956.8888701521423,3230.2712389038984,2508.3639840779
2023-07-26,3190.38,3211.75,2512.24,3207.5573663070486,2512.125750355669,3168.1523,2956.8888701521423,3204.3912805869863,2508.3639840779
2023-07-27,3169.63,3190.38,2512.24,3185.5733164153235,2512.125750355669,3180.6924,2956.8888701521423,3182.182551225199,2508.3639840779
2023-07-28,3287.63,3169.63,2512.24,3164.9627709694882,2512.125750355669,3186.2795,2956.8888701521423,3161.377046615698,2508.3639840779
2023-07-31,3279.98,3287.63,2512.24,3314.1713506313445,2512.125750355669,3197.2588,2956.8888701521423,3311.0938691230895,2508.3639840779
2023-08-01,3314.23,3279.98,2512.24,3278.259310742968,2512.125750355669,3210.0508,2956.8888701521423,3275.120882531756,2508.3639840779
2023-08-03,3330.43,3314.23,2512.24,3321.9337394840977,2512.125750355669,3226.0872,2956.8888701521423,3318.8952906735203,2508.3639840779
2023-08-04,3385.82,3330.43,2512.24,3334.073812544303,2512.125750355669,3244.276,2956.8888701521423,3331.0297134518196,2508.3639840779
2023-08-07,3406.05,3385.82,2512.24,3398.2786899277135,2512.125750355669,3267.288,2956.8888701521423,3395.4093084999486,2508.3639840779
2023-08-08,3456.95,3406.05,2512.24,3410.600267146374,2512.125750355669,3293.2207,2956.8888701521423,3407.732800219799,2508.3639840779
2023-08-09,3482.29,3456.95,2512.24,3468.39876904352,2512.125750355669,3323.489,2956.8888701521423,3465.6622661577017,2508.3639840779
2023-08-10,3449.49,3482.29,2512.24,3487.989642584731,2512.125750355669,3356.2058,2956.8888701521423,3485.252191746642,2508.3639840779
2023-08-11,3450.87,3449.49,2512.24,3442.112404231287,2512.125750355669,3384.5034,2956.8888701521423,3439.072189692713,2508.3639840779
2023-08-14,3425.08,3450.87,2512.24,3451.1803988463666,2512.125750355669,3407.5894,2956.8888701521423,3447.9981240279462,2508.3639840779
2023-08-15,3305.78,3425.08,2512.24,3419.279140400149,2512.125750355669,3422.701,2956.8888701521423,3415.8524836771267,2508.3639840779
2023-08-16,3264.67,3305.78,2512.24,3278.946244658311,2512.125750355669,3420.0967,2956.8888701521423,3274.8283562076886,2508.3639840779
2023-08-17,3329.95,3264.67,2512.24,3255.42326335208,2512.125750355669,3402.83,2956.8888701521423,3251.0474059988696,2508.3639840779
2023-08-18,3306.06,3329.95,2512.24,3344.63321499334,2512.125750355669,3383.8115,2956.8888701521423,3340.613038105828,2508.3639840779
2023-08-21,3269.65,3306.06,2512.24,3300.686501130654,2512.125750355669,3363.1565,2956.8888701521423,3296.647960290505,2508.3639840779
2023-08-22,3229.84,3269.65,2512.24,3261.4604188433286,2512.125750355669,3340.2388,2956.8888701521423,3257.3183857432005,2508.3639840779
2023-08-23,3209.48,3229.84,2512.24,3220.8856680624253,2512.125750355669,3314.5088,2956.8888701521423,3216.607485079027,2508.3639840779
2023-08-24,3253.42,3209.48,2512.24,3204.900492382592,2512.125750355669,3287.6155,2956.8888701521423,3200.5953399663626,2508.3639840779
2023-08-25,3193.66,3253.42,2512.24,3263.303279209672,2512.125750355669,3266.3542,2956.8888701521423,3259.308919954835,2508.3639840779
2023-08-28,3167.73,3193.66,2512.24,3180.2183803921257,2512.125750355669,3245.2825,2956.8888701521423,3176.0296382313286,2508.3639840779
2023-08-29,3152.86,3167.73,2512.24,3161.8976506621125,2512.125750355669,3224.1235,2956.8888701521423,3157.6530546576264,2508.3639840779
2023-08-30,3155.96,3152.86,2512.24,3149.5153399670503,2512.125750355669,3203.5059,2956.8888701521423,3145.276078339853,2508.3639840779
2023-09-01,3134.06,3155.96,2512.24,3156.6572727708235,2512.125750355669,3185.346,2956.8888701521423,3152.5281018762007,2508.3639840779
2023-09-04,3182.36,3134.06,2512.24,3129.134105264183,2512.125750355669,3168.502,2956.8888701521423,3124.99409824514,2508.3639840779
2023-09-05,3234.63,3182.36,2512.24,3193.22395962283,2512.125750355669,3158.1326,2956.8888701521423,3189.4057864527404,2508.3639840779
2023-09-06,3277.29,3234.63,2512.24,3246.3869186228844,2512.125750355669,3157.2383,2956.8888701521423,3242.905709106359,2508.3639840779
2023-09-07,3223.16,3277.29,2512.24,3286.8853730333317,2512.125750355669,3166.19,2956.8888701521423,3283.6605152261723,2508.3639840779
2023-09-08,3224.01,3223.16,2512.24,3210.984717714621,2512.125750355669,3175.9846,2956.8888701521423,3207.484809505774,2508.3639840779
2023-09-11,3252.22,3224.01,2512.24,3224.201187695226,2512.125750355669,3185.521,2956.8888701521423,3220.6515222441762,2508.3639840779
2023-09-12,3228.9,3252.22,2512.24,3258.5651822144932,2512.125750355669,3196.3887,2956.8888701521423,3255.116369729752,2508.3639840779
2023-09-13,3209.59,3228.9,2512.24,3223.6547093498057,2512.125750355669,3204.9895,2956.8888701521423,3220.071680318052,2508.3639840779
2023-09-14,3239.86,3209.59,2512.24,3205.2466654178706,2512.125750355669,3209.7075,2956.8888701521423,3201.5416497585384,2508.3639840779
2023-09-15,3266.41,3239.86,2512.24,3246.668531217041,2512.125750355669,3214.139,2956.8888701521423,3243.0947211164857,2508.3639840779
2023-09-18,3248.25,3266.41,2512.24,3272.381803892052,2512.125750355669,3220.2908,2956.8888701521423,3268.9412998179555,2508.3639840779
2023-09-19,3216.89,3248.25,2512.24,3244.165331123176,2512.125750355669,3225.3994,2956.8888701521423,3240.6304795721203,2508.3639840779
2023-09-20,3179.69,3216.89,2512.24,3209.8362986796697,2512.125750355669,3226.6682,2956.8888701521423,3206.1196105235417,2508.3639840779
2023-09-21,3177.62,3179.69,2512.24,3171.322726750119,2512.125750355669,3222.0986,2956.8888701521423,3167.3971393344236,2508.3639840779
2023-09-22,3158.74,3177.62,2512.24,3177.15440173045,2512.125750355669,3214.0474,2956.8888701521423,3173.2194091786464,2508.3639840779
2023-09-25,3179.53,3158.74,2512.24,3154.4933838989846,2512.125750355669,3202.861,2956.8888701521423,3150.498243823301,2508.3639840779
2023-09-26,3165.32,3179.53,2512.24,3184.2062260985226,2512.125750355669,3192.5261,2956.8888701521423,3180.3593730807156,2508.3639840779
2023-09-27,3177.95,3165.32,2512.24,3162.1237915892257,2512.125750355669,3182.447,2956.8888701521423,3158.2603031534804,2508.3639840779
2023-09-28,3203.89,3177.95,2512.24,3180.7908242243548,2512.125750355669,3174.6013,2956.8888701521423,3177.0302892226,2508.3639840779
2023-10-03,3153.32,3203.89,2512.24,3209.72459860489,2512.125750355669,3171.0964,2956.8888701521423,3206.1268672530377,2508.3639840779
2023-10-04,3113.09,3153.32,2512.24,3141.9454567675675,2512.125750355669,3166.3079,2956.8888701521423,3138.119570041188,2508.3639840779
2023-10-05,3125.94,3113.09,2512.24,3104.041198848314,2512.125750355669,3157.7512,2956.8888701521423,3100.0155760036178,2508.3639840779
2023-10-06,3119.34,3125.94,2512.24,3128.8303080984133,2512.125750355669,3148.6233,2956.8888701521423,3124.885334391214,2508.3639840779
2023-10-09,3099.5,3119.34,2512.24,3117.855483778247,2512.125750355669,3139.3442,2956.8888701521423,3113.9284651358216,2508.3639840779
2023-10-10,3049.85,3099.5,2512.24,3095.03745426673,2512.125750355669,3129.1443,2956.8888701521423,3091.064971823874,2508.3639840779
2023-10-11,3040.24,3049.85,2512.24,3038.6823893318115,2512.125750355669,3115.1206,2956.8888701521423,3034.508795333856,2508.3639840779
2023-10-12,3005.64,3040.24,2512.24,3038.078454410447,2512.125750355669,3099.1704,2956.8888701521423,3033.9080204123393,2508.3639840779
2023-10-13,3047.12,3005.64,2512.24,2997.857536170809,2512.125750355669,3080.5676,2956.8888701521423,2993.589631889193,2508.3639840779
2023-10-16,3047.35,3047.12,2512.24,3056.449959527018,2512.125750355669,3065.3557,2956.8888701521423,3052.4707300767923,2508.3639840779
2023-10-17,3006.22,3047.35,2512.24,3047.401733141061,2512.125750355669,3053.6572,2956.8888701521423,3043.5204198170863,2508.3639840779
2023-10-18,2975.13,3006.22,2512.24,2996.9687648180743,2512.125750355669,3041.9475,2956.8888701521423,2992.9526586893817,2508.3639840779
2023-10-19,2949.11,2975.13,2512.24,2968.137028888742,2512.125750355669,3028.758,2956.8888701521423,2964.0107762375274,2508.3639840779
2023-10-20,2959.4,2949.11,2512.24,2943.2574072590883,2512.125750355669,3013.6956,2956.8888701521423,2939.055264066797,2508.3639840779
2023-10-23,3059.0,2959.4,2512.24,2961.7144957457335,2512.125750355669,2999.5757,2956.8888701521423,2957.635955897406,2508.3639840779
2023-10-24,3057.8,3059.0,2512.24,3081.4026993464568,2512.125750355669,2995.1648,2956.8888701521423,3077.892103786383,2508.3639840779
2023-10-25,3018.71,3057.8,2512.24,3057.5300879596816,2512.125750355669,2997.2576,2956.8888701521423,3054.09187008134,2508.3639840779
2023-10-26,2982.72,3018.71,2512.24,3009.9176152866166,2512.125750355669,3000.2314,2956.8888701521423,3006.2954605739396,2508.3639840779
2023-10-27,2970.77,2982.72,2512.24,2974.62488805744,2512.125750355669,3000.575,2956.8888701521423,2970.795358295172,2508.3639840779
2023-10-30,3022.22,2970.77,2512.24,2968.082125931826,2512.125750355669,2998.1655,2956.8888701521423,2964.179623395052,2508.3639840779
2023-10-31,3019.81,3022.22,2512.24,3033.7924787286665,2512.125750355669,2998.2253,2956.8888701521423,3030.159915137663,2508.3639840779
2023-11-01,2998.84,3019.81,2512.24,3019.2679266523596,2512.125750355669,2999.6658,2956.8888701521423,3015.661700923371,2508.3639840779
2023-11-02,3045.94,2998.84,2512.24,2994.12328709543,2512.125750355669,3000.2295,2956.8888701521423,2990.4261895555283,2508.3639840779
2023-11-03,3049.36,3045.94,2512.24,3056.534047582511,2512.125750355669,3003.9214,2956.8888701521423,3053.0626146582404,2508.3639840779
2023-11-06,3032.29,3049.36,2512.24,3050.1292493149085,2512.125750355669,3009.552,2956.8888701521423,3046.678633908872,2508.3639840779
2023-11-07,3055.96,3032.29,2512.24,3028.450501226466,2512.125750355669,3014.5693,2956.8888701521423,3024.89953472523,2508.3639840779
2023-11-08,3078.83,3055.96,2512.24,3061.2840149952876,2512.125750355669,3020.6418,2956.8888701521423,3057.8192921235072,2508.3639840779
2023-11-09,3110.17,3078.83,2512.24,3083.974073635075,2512.125750355669,3028.6807,2956.8888701521423,3080.6012263164257,2508.3639840779
2023-11-10,3091.7,3110.17,2512.24,3117.219202786325,2512.125750355669,3039.8508,2956.8888701521423,3113.9755907353147,2508.3639840779
2023-11-13,3079.02,3091.7,2512.24,3087.5456038460934,2512.125750355669,3050.552,2956.8888701521423,3084.172347639581,2508.3639840779
2023-11-14,3089.3,3079.02,2512.24,3076.1679294406317,2512.125750355669,3058.9727,2956.8888701521423,3072.6736903487586,2508.3639840779
2023-11-15,3047.04,3089.3,2512.24,3091.612246478731,2512.125750355669,3066.0256,2956.8888701521423,3088.1173383843247,2508.3639840779
2023-11-16,3034.59,3047.04,2512.24,3037.5345976467743,2512.125750355669,3068.086,2956.8888701521423,3033.796980392517,2508.3639840779
2023-11-17,3011.74,3034.59,2512.24,3031.789662581693,2512.125750355669,3065.771,2956.8888701521423,3027.964500647794,2508.3639840779
2023-11-20,3011.04,3011.74,2512.24,3006.60042489893,2512.125750355669,3059.015,2956.8888701521423,3002.66292323,2508.3639840779
2023-11-21,2982.5,3011.04,2512.24,3010.882551309814,2512.125750355669,3050.0225,2956.8888701521423,3006.964826223602,2508.3639840779
2023-11-22,2976.88,2982.5,2512.24,2976.080591974419,2512.125750355669,3038.1553,2956.8888701521423,2972.061679182213,2508.3639840779
2023-11-23,2979.64,2976.88,2512.24,2975.6159119445074,2512.125750355669,3025.1245,2956.8888701521423,2971.613783343433,2508.3639840779
2023-11-24,2979.02,2979.64,2512.24,2980.260797692733,2512.125750355669,3012.7705,2956.8888701521423,2976.327663852172,2508.3639840779
2023-11-27,2984.08,2979.02,2512.24,2978.880545445835,2512.125750355669,3001.916,2956.8888701521423,2975.003172704136,2508.3639840779
2023-11-28,2975.95,2984.08,2512.24,2985.218129103344,2512.125750355669,2993.4038,2956.8888701521423,2981.416832869213,2508.3639840779
2023-11-29,2972.22,2975.95,2512.24,2974.12134592684,2512.125750355669,2986.5046,2956.8888701521423,2970.321387936194,2508.3639840779
2023-11-30,2991.8,2972.22,2512.24,2971.3810234080092,2512.125750355669,2980.9355,2956.8888701521423,2967.592812300755,2508.3639840779
2023-12-01,3021.15,2991.8,2512.24,2996.2040647912013,2512.125750355669,2978.2102,2956.8888701521423,2992.53823060274,2508.3639840779
2023-12-04,3060.51,3021.15,2512.24,3027.7515986527965,2512.125750355669,2979.816,2956.8888701521423,3024.2545714940593,2508.3639840779
2023-12-05,3068.51,3060.51,2512.24,3069.363114922455,2512.125750355669,2987.145,2956.8888701521423,3066.069782584122,2508.3639840779
2023-12-06,3058.96,3068.51,2512.24,3070.3094136021255,2512.125750355669,2998.16,2956.8888701521423,3067.0426608822463,2508.3639840779
2023-12-07,3058.67,3058.96,2512.24,3056.811950012463,2512.125750355669,3009.8032,2956.8888701521423,3053.4534888708768,2508.3639840779
2023-12-08,3069.96,3058.67,2512.24,3058.604771256923,2512.125750355669,3020.7603,2956.8888701521423,3055.185697913646,2508.3639840779
2023-12-11,3112.31,3069.96,2512.24,3072.499422445999,2512.125750355669,3031.1833,2956.8888701521423,3069.084568396316,2508.3639840779
2023-12-12,3143.65,3112.31,2512.24,3121.8356457562495,2512.125750355669,3043.7827,2956.8888701521423,3118.5875914902736,2508.3639840779
2023-12-13,3145.64,3143.65,2512.24,3150.699202786325,2512.125750355669,3059.2896,2956.8888701521423,3147.568079243539,2508.3639840779
2023-12-14,3135.31,3145.64,2512.24,3146.0876041335287,2512.125750355669,3075.5222,2956.8888701521423,3142.911760417861,2508.3639840779
2023-12-15,3122.32,3135.31,2512.24,3132.986507186256,2512.125750355669,3089.944,2956.8888701521423,3129.6829149812083,2508.3639840779
2023-12-18,3099.18,3122.32,2512.24,3119.3982021635497,2512.125750355669,3100.8413,2956.8888701521423,3115.951359969946,2508.3639840779
2023-12-19,3076.49,3099.18,2512.24,3093.975196155853,2512.125750355669,3106.565,2956.8888701521423,3090.3500674098204,2508.3639840779
2023-12-20,3050.77,3076.49,2512.24,3071.3864131709724,2512.125750355669,3106.5718,2956.8888701521423,3067.607235505262,2508.3639840779
2023-12-21,3049.37,3050.77,2512.24,3044.984885269168,2512.125750355669,3100.8105,2956.8888701521423,3041.063554101947,2508.3639840779
2023-12-22,3059.93,3049.37,2512.24,3049.055102619628,2512.125750355669,3091.819,2956.8888701521423,3045.13897589157,2508.3639840779
2023-12-25,3044.56,3059.93,2512.24,3062.305225954805,2512.125750355669,3082.5005,2956.8888701521423,3058.47757326201,2508.3639840779
2023-12-28,3053.67,3044.56,2512.24,3041.1028766169175,2512.125750355669,3072.6,2956.8888701521423,3037.2426037325486,2508.3639840779
2023-12-29,3058.57,3053.67,2512.24,3055.71908223942,2512.125750355669,3064.0115,2956.8888701521423,3051.937841299326,2508.3639840779
2024-01-01,3077.01,3058.57,2512.24,3059.672140831302,2512.125750355669,3057.4482,2956.8888701521423,3055.948612684558,2508.3639840779
2024-01-03,3085.98,3077.01,2512.24,3081.1576483528984,2512.125750355669,3054.2764,2956.8888701521423,3077.5513110440147,2508.3639840779
2024-01-04,3098.91,3085.98,2512.24,3087.9975925013828,2512.125750355669,3054.2883,2956.8888701521423,3084.452220730524,2508.3639840779
2024-01-05,3093.66,3098.91,2512.24,3101.818302234434,2512.125750355669,3057.3894,2956.8888701521423,3098.3374272191754,2508.3639840779
2024-01-08,3097.32,3093.66,2512.24,3092.4791348236054,2512.125750355669,3061.7517,2956.8888701521423,3088.960490967557,2508.3639840779
2024-01-09,3078.61,3097.32,2512.24,3098.1432317229724,2512.125750355669,3066.8137,2956.8888701521423,3094.6199782821154,2508.3639840779
2024-01-10,3076.09,3078.61,2512.24,3074.4016214380304,2512.125750355669,3070.298,2956.8888701521423,3070.7634633550683,2508.3639840779
2024-01-11,3057.27,3076.09,2512.24,3075.523184715331,2512.125750355669,3072.2395,2956.8888701521423,3071.852332054198,2508.3639840779
2024-01-12,3031.96,3057.27,2512.24,3053.036879501001,2512.125750355669,3071.4473,2956.8888701521423,3049.2652666183867,2508.3639840779
2024-01-15,3028.3,3031.96,2512.24,3026.267105216277,2512.125750355669,3066.9087,2956.8888701521423,3022.371535653365,2508.3639840779
2024-01-17,3003.03,3028.3,2512.24,3027.476768277028,2512.125750355669,3060.0945,2956.8888701521423,3023.577834627965,2508.3639840779
2024-01-18,2976.76,3003.03,2512.24,2997.346102284288,2512.125750355669,3050.392,2956.8888701521423,2993.3549771774765,2508.3639840779
2024-01-19,2956.58,2976.76,2512.24,2970.8511755840223,2512.125750355669,3037.6387,2956.8888701521423,2966.7698290721814,2508.3639840779
2024-01-22,2955.63,2956.58,2512.24,2952.0409791886395,2512.125750355669,3022.504,2956.8888701521423,2947.910470288951,2508.3639840779
2024-01-23,2922.48,2955.63,2512.24,2955.4163196347477,2512.125750355669,3007.1692,2956.8888701521423,2951.3470733426334,2508.3639840779
2024-01-24,2904.36,2922.48,2512.24,2915.0236798861943,2512.125750355669,2990.5085,2956.8888701521423,2910.8654390910588,2508.3639840779
2024-01-25,2903.32,2904.36,2512.24,2900.284328191187,2512.125750355669,2973.1223,2956.8888701521423,2896.108429639246,2508.3639840779
2024-01-29,2927.49,2903.32,2512.24,2903.086076231724,2512.125750355669,2956.753,2956.8888701521423,2898.9844140727578,2508.3639840779
2024-01-30,2911.85,2927.49,2512.24,2932.92647834542,2512.125750355669,2944.3303,2956.8888701521423,2929.0296821189186,2508.3639840779
2024-01-31,2901.81,2911.85,2512.24,2908.3321464078454,2512.125750355669,2934.3252,2956.8888701521423,2904.4370787160424,2508.3639840779
2024-02-01,2905.31,2901.81,2512.24,2899.551735929333,2512.125750355669,2925.9663,2956.8888701521423,2895.6600325621,2508.3639840779
2024-02-02,2943.53,2905.31,2512.24,2906.0972434509295,2512.125750355669,2919.6094,2956.8888701521423,2902.2650183666246,2508.3639840779
2024-02-05,2954.18,2943.53,2512.24,2952.1266984841527,2512.125750355669,2917.933,2956.8888701521423,2948.5229077241124,2508.3639840779
2024-02-07,2994.71,2954.18,2512.24,2956.5754693578288,2512.125750355669,2920.1802,2956.8888701521423,2953.0593720506236,2508.3639840779
2024-02-08,2999.59,2994.71,2512.24,3003.826279161766,2512.125750355669,2927.8171,2956.8888701521423,3000.51541948159,2508.3639840779
2024-02-09,3015.99,2999.59,2512.24,3000.6876422972964,2512.125750355669,2938.5981,2956.8888701521423,2997.3869680972384,2508.3639840779
2024-02-12,3025.54,3015.99,2512.24,3019.678797884356,2512.125750355669,2951.6995,2956.8888701521423,3016.4167474941123,2508.3639840779
2024-02-13,3031.93,3025.54,2512.24,3027.688049987537,2512.125750355669,2965.86,2956.8888701521423,3024.4191596066776,2508.3639840779
2024-02-14,3024.9,3031.93,2512.24,3033.3672816146973,2512.125750355669,2979.9502,2956.8888701521423,3030.0704178203705,2508.3639840779
2024-02-15,3029.37,3024.9,2512.24,3023.318765297133,2512.125750355669,2992.1826,2956.8888701521423,3019.926197185713,2508.3639840779
2024-02-16,3038.93,3029.37,2512.24,3030.3754223501874,2512.125750355669,3002.4978,2956.8888701521423,3026.946683756132,2508.3639840779
2024-02-19,3055.2,3038.93,2512.24,3041.080299254539,2512.125750355669,3011.4421,2956.8888701521423,3037.652155514839,2508.3639840779
2024-02-20,3066.59,3055.2,2512.24,3058.8595574133215,2512.125750355669,3020.057,2956.8888701521423,3055.473866485816,2508.3639840779
2024-02-21,3070.3,3066.59,2512.24,3069.151915116026,2512.125750355669,3028.6584,2956.8888701521423,3065.7869115302105,2508.3639840779
2024-02-22,3074.13,3070.3,2512.24,3071.1344780579857,2512.125750355669,3036.836,2956.8888701521423,3067.747783388262,2508.3639840779
2024-02-23,3070.15,3074.13,2512.24,3074.9914692620173,2512.125750355669,3044.3604,2956.8888701521423,3071.579031584634,2508.3639840779
2024-02-27,3058.61,3070.15,2512.24,3069.254791732943,2512.125750355669,3050.5005,2956.8888701521423,3065.7791583501457,2508.3639840779
2024-02-28,3053.94,3058.61,2512.24,3056.014345878935,2512.125750355669,3054.2834,2956.8888701521423,3052.4417812770366,2508.3639840779
2024-02-29,3063.78,3053.94,2512.24,3052.8895923097593,2512.125750355669,3055.8606,2956.8888701521423,3049.2622703512175,2508.3639840779
2024-03-01,3045.4,3063.78,2512.24,3065.993278730614,2512.125750355669,3056.7114,2956.8888701521423,3062.396699655754,2508.3639840779
2024-03-04,3054.79,3045.4,2512.24,3041.2658472491185,2512.125750355669,3055.5417,2956.8888701521423,3037.571574969379,2508.3639840779
2024-03-05,3088.85,3054.79,2512.24,3056.9020617154943,2512.125750355669,3053.9917,2956.8888701521423,3053.2471008447515,2508.3639840779
2024-03-06,3096.95,3088.85,2512.24,3096.511003411047,2512.125750355669,3055.1326,2956.8888701521423,3093.0254630210325,2508.3639840779
2024-03-07,3107.07,3096.95,2512.24,3098.771906272151,2512.125750355669,3058.5867,2956.8888701521423,3095.329952374675,2508.3639840779
2024-03-08,3162.73,3107.07,2512.24,3109.3462582066886,2512.125750355669,3064.083,2956.8888701521423,3105.9377236798637,2508.3639840779
2024-03-12,3177.03,3162.73,2512.24,3175.249420136785,2512.125750355669,3075.0308,2956.8888701521423,3172.081680268621,2508.3639840779
2024-03-13,3186.74,3177.03,2512.24,3180.2464518137986,2512.125750355669,3089.7266,2956.8888701521423,3177.1133024283463,2508.3639840779
2024-03-14,3224.2,3186.74,2512.24,3188.924038259579,2512.125750355669,3106.3984,2956.8888701521423,3185.77495965202,2508.3639840779
2024-03-15,3232.24,3224.2,2512.24,3232.6257541919504,2512.125750355669,3126.0642,2956.8888701521423,3229.5792387271676,2508.3639840779
2024-03-18,3250.1,3232.24,2512.24,3234.0484106701356,2512.125750355669,3146.6238,2956.8888701521423,3230.9606878918153,2508.3639840779
2024-03-19,3236.14,3250.1,2512.24,3254.117190866744,2512.125750355669,3167.52,2956.8888701521423,3251.0255646994465,2508.3639840779
2024-03-20,3214.42,3236.14,2512.24,3233.000023264292,2512.125750355669,3185.5608,2956.8888701521423,3229.746894735697,2508.3639840779
2024-03-21,3208.8,3214.42,2512.24,3209.5345920702307,2512.125750355669,3198.267,2956.8888701521423,3206.082657017359,2508.3639840779
2024-03-22,3189.95,3208.8,2512.24,3207.5359119445075,2512.125750355669,3205.9297,2956.8888701521423,3203.9825290709723,2508.3639840779
2024-03-25,3224.25,3189.95,2512.24,3185.7101316999924,2512.125750355669,3208.0178,2956.8888701521423,3182.019428069545,2508.3639840779
2024-03-26,3227.68,3224.25,2512.24,3231.964985819111,2512.125750355669,3209.408,2956.8888701521423,3228.4202272608377,2508.3639840779
2024-03-27,3277.4,3227.68,2512.24,3228.451498581911,2512.125750355669,3210.5308,2956.8888701521423,3224.9226506490954,2508.3639840779
2024-03-28,3302.01,3277.4,2512.24,3288.5833555372074,2512.125750355669,3215.8352,2956.8888701521423,3285.2874025018527,2508.3639840779
2024-03-29,3326.28,3302.01,2512.24,3307.5454460935375,2512.125750355669,3225.545,2956.8888701521423,3304.352688010194,2508.3639840779
2024-04-02,3334.43,3326.28,2512.24,3331.738971015447,2512.125750355669,3239.4514,2956.8888701521423,3328.6214161124167,2508.3639840779
2024-04-03,3351.6,3334.43,2512.24,3336.2631526071646,2512.125750355669,3255.575,2956.8888701521423,3333.1189067442037,2508.3639840779
2024-04-04,3404.94,3351.6,2512.24,3355.4619914435607,2512.125750355669,3273.2566,2956.8888701521423,3352.320719375537,2508.3639840779
2024-04-05,3433.68,3404.94,2512.24,3416.9375901921685,2512.125750355669,3295.2166,2956.8888701521423,3413.9732478364404,2508.3639840779
2024-04-08,3490.34,3433.68,2512.24,3440.1443933656346,2512.125750355669,3320.5955,2956.8888701521423,3437.239771049274,2508.3639840779
2024-04-09,3542.49,3490.34,2512.24,3503.0843468370504,2512.125750355669,3351.2354,2956.8888701521423,3500.3545723619527,2508.3639840779
2024-04-10,3550.44,3542.49,2512.24,3554.2199274188524,2512.125750355669,3387.441,2956.8888701521423,3551.628272879744,2508.3639840779
2024-04-11,3580.64,3550.44,2512.24,3552.228167267112,2512.125750355669,3424.7498,2956.8888701521423,3549.5381316855232,2508.3639840779
2024-04-16,3565.91,3580.64,2512.24,3587.4327863480216,2512.125750355669,3462.357,2956.8888701521423,3584.7272120739585,2508.3639840779
2024-04-17,3472.53,3565.91,2512.24,3562.596829705087,2512.125750355669,3495.2156,2956.8888701521423,3559.6583047436156,2508.3639840779
2024-04-18,3488.71,3472.53,2512.24,3451.526344729196,2512.125750355669,3512.9087,2956.8888701521423,3447.9624974258054,2508.3639840779
2024-04-19,3482.51,3488.71,2512.24,3492.349314010298,2512.125750355669,3521.018,2956.8888701521423,3488.7333672405834,2508.3639840779
2024-04-22,3456.94,3482.51,2512.24,3481.1154544583533,2512.125750355669,3521.451,2956.8888701521423,3477.41839411175,2508.3639840779
2024-04-23,3493.85,3456.94,2512.24,3451.188624274208,2512.125750355669,3514.4973,2956.8888701521423,3447.3529979104537,2508.3639840779
2024-04-25,3492.99,3493.85,2512.24,3502.152044506804,2512.125750355669,3507.1438,2956.8888701521423,3498.499332638518,2508.3639840779
2024-04-26,3599.66,3492.99,2512.24,3492.796563037771,2512.125750355669,3500.0444,2956.8888701521423,3489.161341556448,2508.3639840779
2024-04-29,3643.48,3599.66,2512.24,3623.6529311173344,2512.125750355669,3504.163,2956.8888701521423,3620.5390750401402,2508.3639840779
2024-04-30,3686.89,3643.48,2512.24,3653.3362880056397,2512.125750355669,3519.1875,2956.8888701521423,3650.4362566774385,2508.3639840779
2024-05-01,3691.66,3686.89,2512.24,3696.654068058531,2512.125750355669,3544.213,2956.8888701521423,3693.9088662324352,2508.3639840779
2024-05-03,3681.41,3691.66,2512.24,3692.7329003602667,2512.125750355669,3573.8289,2956.8888701521423,3689.904986599128,2508.3639840779
2024-05-06,3668.99,3681.41,2512.24,3679.104501322277,2512.125750355669,3602.6694,2956.8888701521423,3676.0893791470603,2508.3639840779
2024-05-07,3648.93,3668.99,2512.24,3666.196410382701,2512.125750355669,3627.0598,2956.8888701521423,3662.9828164228925,2508.3639840779
2024-05-08,3647.47,3648.93,2512.24,3644.417970392671,2512.125750355669,3644.2573,2956.8888701521423,3640.99153659102,2508.3639840779
2024-05-09,3645.57,3647.47,2512.24,3647.141607017612,2512.125750355669,3655.0745,2956.8888701521423,3643.6256582451815,2508.3639840779
2024-05-10,3683.85,3645.57,2512.24,3645.1426392694957,2512.125750355669,3660.5208,2956.8888701521423,3641.5687922140605,2508.3639840779
2024-05-13,3735.66,3683.85,2512.24,3692.460194086168,2512.125750355669,3665.8455,2956.8888701521423,3689.0462693921068,2508.3639840779
2024-05-14,3726.33,3735.66,2512.24,3747.313452340762,2512.125750355669,3675.6409,2956.8888701521423,3744.136586286227,2508.3639840779
2024-05-15,3681.28,3726.33,2512.24,3724.2314338865217,2512.125750355669,3686.2883,2956.8888701521423,3720.979532021516,2508.3639840779
2024-05-16,3637.03,3681.28,2512.24,3671.1470521530337,2512.125750355669,3692.0146,2956.8888701521423,3667.6071077427096,2508.3639840779
2024-05-17,3639.29,3637.03,2512.24,3627.076993513246,2512.125750355669,3689.7537,2956.8888701521423,3623.247147607942,2508.3639840779
2024-05-20,3646.08,3639.29,2512.24,3639.7983343426004,2512.125750355669,3682.9197,2956.8888701521423,3635.9451432052865,2508.3639840779
2024-05-21,3615.02,3646.08,2512.24,3647.6072522948034,2512.125750355669,3674.3914,2956.8888701521423,3643.8005101034887,2508.3639840779
2024-05-22,3622.01,3615.02,2512.24,3608.0337766897496,2512.125750355669,3662.4368,2956.8888701521423,3604.103672672492,2508.3639840779
2024-05-23,3667.64,3622.01,2512.24,3623.582237634857,2512.125750355669,3650.262,2956.8888701521423,3619.7146786787107,2508.3639840779
2024-05-28,3652.44,3667.64,2512.24,3677.9034053331206,2512.125750355669,3643.609,2956.8888701521423,3674.298480654318,2508.3639840779
2024-05-29,3623.48,3652.44,2512.24,3649.0211141559626,2512.125750355669,3639.455,2956.8888701521423,3645.380130812838,2508.3639840779
2024-05-30,3550.12,3623.48,2512.24,3616.9661227603074,2512.125750355669,3634.57,2956.8888701521423,3613.1889523406144,2508.3639840779
2024-05-31,3595.21,3550.12,2512.24,3533.6193772685133,2512.125750355669,3622.5322,2956.8888701521423,3529.4710432421766,2508.3639840779
2024-06-03,3575.46,3595.21,2512.24,3605.351944914977,2512.125750355669,3611.7483,2956.8888701521423,3601.4367103492423,2508.3639840779
2024-06-04,3561.9,3575.46,2512.24,3571.017697669754,2512.125750355669,3600.5803,2956.8888701521423,3567.0649546163177,2508.3639840779
2024-06-05,3569.92,3561.9,2512.24,3558.849993944398,2512.125750355669,3589.048,2956.8888701521423,3554.8853924276746,2508.3639840779
2024-06-06,3605.94,3569.92,2512.24,3571.7239121361304,2512.125750355669,3579.1665,2956.8888701521423,3567.847710268073,2508.3639840779
2024-06-07,3648.34,3605.94,2512.24,3614.041859743568,2512.125750355669,3574.787,2956.8888701521423,3610.393776056739,2508.3639840779
2024-06-10,3662.18,3648.34,2512.24,3657.876892091263,2512.125750355669,3578.451,2956.8888701521423,3654.4795284285433,2508.3639840779
2024-06-11,3690.83,3662.18,2512.24,3665.292985531676,2512.125750355669,3588.2314,2956.8888701521423,3661.9784828156116,2508.3639840779
2024-06-12,3683.44,3690.83,2512.24,3697.2741499626104,2512.125750355669,3603.9365,2956.8888701521423,3694.0752955161993,2508.3639840779
2024-06-13,3692.43,3683.44,2512.24,3681.777791685037,2512.125750355669,3621.1306,2956.8888701521423,3678.4952027262966,2508.3639840779
2024-06-14,3675.87,3692.43,2512.24,3694.4520910353876,2512.125750355669,3638.6392,2956.8888701521423,3691.1482384772517,2508.3639840779
2024-06-17,3651.51,3675.87,2512.24,3672.145213843601,2512.125750355669,3652.9573,2956.8888701521423,3668.6966989052466,2508.3639840779
2024-06-19,3620.65,3651.51,2512.24,3646.0307855815295,2512.125750355669,3661.468,2956.8888701521423,3642.4043743819598,2508.3639840779
2024-06-20,3612.86,3620.65,2512.24,3613.708762029803,2512.125750355669,3662.3884,2956.8888701521423,3609.888469795382,2508.3639840779
2024-06-21,3616.0,3612.86,2512.24,3611.107821004931,2512.125750355669,3657.636,2956.8888701521423,3607.235206382815,2508.3639840779
2024-06-25,3632.21,3616.0,2512.24,3616.706269838834,2512.125750355669,3649.9824,2956.8888701521423,3612.8663126015904,2508.3639840779
2024-06-26,3633.33,3632.21,2512.24,3635.856061811306,2512.125750355669,3642.7725,2956.8888701521423,3632.1293553064843,2508.3639840779
2024-06-27,3632.16,3633.33,2512.24,3633.5819179042974,2512.125750355669,3636.5889,2956.8888701521423,3629.89409532396,2508.3639840779
2024-06-28,3595.81,3632.16,2512.24,3631.896835760689,2512.125750355669,3631.5532,2956.8888701521423,3628.2226373716358,2508.3639840779
2024-07-01,3602.64,3595.81,2512.24,3587.6339144453445,2512.125750355669,3624.1353,2956.8888701521423,3583.7877678617874,2508.3639840779
2024-07-02,3568.75,3602.64,2512.24,3604.176249362814,2512.125750355669,3616.7358,2956.8888701521423,3600.3688007372493,2508.3639840779
2024-07-03,3575.12,3568.75,2512.24,3561.127234127998,2512.125750355669,3606.637,2956.8888701521423,3557.174156573295,2508.3639840779
2024-07-04,3540.05,3575.12,2512.24,3576.552783080692,2512.125750355669,3596.5244,2956.8888701521423,3572.6588865009494,2508.3639840779
2024-07-05,3512.39,3540.05,2512.24,3532.161820621685,2512.125750355669,3583.835,2956.8888701521423,3528.1353985979117,2508.3639840779
2024-07-08,3508.02,3512.39,2512.24,3506.1685274706524,2512.125750355669,3568.122,2956.8888701521423,3502.047441826884,2508.3639840779
2024-07-09,3471.42,3508.02,2512.24,3507.037070319839,2512.125750355669,3551.604,2956.8888701521423,3502.9495902516323,2508.3639840779
2024-07-10,3440.29,3471.42,2512.24,3463.187682770278,2512.125750355669,3532.5496,2956.8888701521423,3458.9896098599693,2508.3639840779
2024-07-11,3452.34,3440.29,2512.24,3433.288031820731,2512.125750355669,3510.7751,2956.8888701521423,3429.0084922356173,2508.3639840779
2024-07-12,3440.71,3452.34,2512.24,3455.050366738201,2512.125750355669,3490.5366,2956.8888701521423,3450.915043690563,2508.3639840779
2024-07-15,3463.39,3440.71,2512.24,3438.094102475911,2512.125750355669,3472.0034,2956.8888701521423,3434.0003214814956,2508.3639840779
2024-07-16,3477.65,3463.39,2512.24,3468.4913375620245,2512.125750355669,3458.5156,2956.8888701521423,3464.5974037889837,2508.3639840779
2024-07-17,3475.33,3477.65,2512.24,3480.857454745788,2512.125750355669,3450.7744,2956.8888701521423,3477.110618321914,2508.3639840779
2024-07-18,3459.36,3475.33,2512.24,3474.8081700553835,2512.125750355669,3447.2466,2956.8888701521423,3471.1026897182405,2508.3639840779
2024-07-19,3438.0,3459.36,2512.24,3455.767920596758,2512.125750355669,3445.2588,2956.8888701521423,3452.0095232559834,2508.3639840779
2024-07-22,3430.19,3438.0,2512.24,3433.195565682326,2512.125750355669,3442.4285,2956.8888701521423,3429.344326239501,2508.3639840779
2024-07-23,3367.57,3430.19,2512.24,3428.4333224709253,2512.125750355669,3438.5742,2956.8888701521423,3424.559722941659,2508.3639840779
2024-07-24,3377.46,3367.57,2512.24,3353.4850900293673,2512.125750355669,3428.4739,2956.8888701521423,3349.326105845102,2508.3639840779
2024-07-25,3414.06,3377.46,2512.24,3379.684525065627,2512.125750355669,3416.363,2956.8888701521423,3375.6099257995747,2508.3639840779
2024-07-26,3394.37,3414.06,2512.24,3422.292317229722,2512.125750355669,3407.4023,2956.8888701521423,3418.4660027804116,2508.3639840779
2024-07-29,3388.66,3394.37,2512.24,3389.94119327177,2512.125750355669,3399.3882,2956.8888701521423,3386.091385055675,2508.3639840779
2024-07-30,3369.28,3388.66,2512.24,3387.3756685414833,2512.125750355669,3392.2747,2956.8888701521423,3383.541194454722,2508.3639840779
2024-07-31,3340.37,3369.28,2512.24,3364.9209205488523,2512.125750355669,3384.5884,2956.8888701521423,3361.0233065466246,2508.3639840779
2024-08-01,3267.43,3340.37,2512.24,3333.8673690953206,2512.125750355669,3374.581,2956.8888701521423,3329.8576010861348,2508.3639840779
2024-08-02,3283.05,3267.43,2512.24,3251.023846482625,2512.125750355669,3357.3186,2956.8888701521423,3246.684995507588,2508.3639840779
2024-08-05,3293.73,3283.05,2512.24,3286.563355058149,2512.125750355669,3338.5278,2956.8888701521423,3282.3544646200694,2508.3639840779
2024-08-06,3216.49,3293.73,2512.24,3296.1322171588367,2512.125750355669,3321.3435,2956.8888701521423,3292.0714466472095,2508.3639840779
2024-08-07,3235.1,3216.49,2512.24,3199.1166616714827,2512.125750355669,3299.8035,2956.8888701521423,3194.7649117744795,2508.3639840779
2024-08-08,3221.14,3235.1,2512.24,3239.285885891943,2512.125750355669,3279.275,2956.8888701521423,3235.101140103369,2508.3639840779
2024-08-09,3215.11,3221.14,2512.24,3218.000023264292,2512.125750355669,3259.9326,2956.8888701521423,3213.845630068186,2508.3639840779
2024-08-12,3229.89,3215.11,2512.24,3213.7536919973986,2512.125750355669,3242.6218,2956.8888701521423,3209.6659701727526,2508.3639840779
2024-08-13,3234.69,3229.89,2512.24,3233.214416629926,2512.125750355669,3229.46,2956.8888701521423,3229.2856508561526,2508.3639840779
2024-08-14,3249.4,3234.69,2512.24,3235.769648161275,2512.125750355669,3220.542,2956.8888701521423,3231.9416051772664,2508.3639840779
2024-08-15,3278.74,3249.4,2512.24,3252.7086717609077,2512.125750355669,3216.413,2956.8888701521423,3249.009418201795,2508.3639840779
2024-08-16,3309.98,3278.74,2512.24,3285.3393493857934,2512.125750355669,3218.2856,2956.8888701521423,3281.8213003840997,2508.3639840779
2024-08-19,3307.36,3309.98,2512.24,3317.006710116298,2512.125750355669,3226.57,2956.8888701521423,3313.659642998607,2508.3639840779
2024-08-21,3307.38,3307.36,2512.24,3306.7706920453043,2512.125750355669,3237.976,2956.8888701521423,3303.4022311516733,2508.3639840779
2024-08-22,3306.21,3307.38,2512.24,3307.3844985340056,2512.125750355669,3250.375,2956.8888701521423,3303.9787334773955,2508.3639840779
2024-08-23,3286.61,3306.21,2512.24,3305.9468357606893,2512.125750355669,3262.1492,2956.8888701521423,3302.4904584928518,2508.3639840779
2024-08-26,3256.59,3286.61,2512.24,3282.201436674794,2512.125750355669,3270.646,2956.8888701521423,3278.6072925688827,2508.3639840779
2024-08-27,3196.03,3256.59,2512.24,3249.837700458026,2512.125750355669,3273.5674,2956.8888701521423,3246.060753198123,2508.3639840779
2024-08-28,3154.73,3196.03,2512.24,3182.4084390319135,2512.125750355669,3267.2256,2956.8888701521423,3178.311535230949,2508.3639840779
2024-08-29,3107.97,3154.73,2512.24,3145.4405272790295,2512.125750355669,3251.9453,2956.8888701521423,3141.147716362129,2508.3639840779
2024-08-30,3083.92,3107.97,2512.24,3097.452427495579,2512.125750355669,3228.3171,2956.8888701521423,3092.9809027801552,2508.3639840779
2024-09-02,3063.75,3083.92,2512.24,3078.510512858612,2512.125750355669,3199.5642,2956.8888701521423,3074.013189345581,2508.3639840779
2024-09-03,3005.01,3063.75,2512.24,3059.2132284556424,2512.125750355669,3168.5452,2956.8888701521423,3054.740254155258,2508.3639840779
2024-09-04,2996.61,3005.01,2512.24,2991.7978056263973,2512.125750355669,3134.0933,2956.8888701521423,2987.1668418240597,2508.3639840779
2024-09-05,3058.22,2996.61,2512.24,2994.720615717769,2512.125750355669,3100.0513,2956.8888701521423,2990.184501025081,2508.3639840779
2024-09-06,3041.65,3058.22,2512.24,3072.077734003365,2512.125750355669,3074.3699,2956.8888701521423,3067.995551119149,2508.3639840779
2024-09-09,3021.57,3041.65,2512.24,3037.9229645765986,2512.125750355669,3054.9448,2956.8888701521423,3033.908977512237,2508.3639840779
2024-09-10,2964.35,3021.57,2512.24,3017.0534718586664,2512.125750355669,3039.6614,2956.8888701521423,3013.036956603692,2508.3639840779
2024-09-11,2937.53,2964.35,2512.24,2951.4796942108005,2512.125750355669,3023.7449,2956.8888701521423,2947.242384278092,2508.3639840779
2024-09-12,2928.36,2937.53,2512.24,2931.4974658988763,2512.125750355669,3006.6663,2956.8888701521423,2927.1876667045403,2508.3639840779
2024-09-13,2928.74,2928.36,2512.24,2926.297422158564,2512.125750355669,2989.5889,2956.8888701521423,2922.028068291987,2508.3639840779
2024-09-16,2987.77,2928.74,2512.24,2928.8254721461008,2512.125750355669,2974.038,2956.8888701521423,2924.6634395418832,2508.3639840779
2024-09-19,3048.02,2987.77,2512.24,3001.04742311668,2512.125750355669,2965.3704,2956.8888701521423,2997.2786540908774,2508.3639840779
2024-09-20,3061.9,3048.02,2512.24,3061.571833691004,2512.125750355669,2966.5383,2956.8888701521423,3058.188651880625,2508.3639840779
2024-09-23,3103.55,3061.9,2512.24,3065.021982599687,2512.125750355669,2975.0242,2956.8888701521423,3061.751865555238,2508.3639840779
2024-09-24,3168.09,3103.55,2512.24,3112.918197066064,2512.125750355669,2990.7432,2956.8888701521423,3109.832797676797,2508.3639840779
2024-09-25,3236.79,3168.09,2512.24,3182.606769235144,2512.125750355669,3014.949,2956.8888701521423,3179.78283301116,2508.3639840779
2024-09-26,3383.76,3236.79,2512.24,3252.2424643082486,2512.125750355669,3048.2473,2956.8888701521423,3249.673467401968,2508.3639840779
2024-09-27,3399.44,3383.76,2512.24,3416.8174771380395,2512.125750355669,3097.1636,2956.8888701521423,3414.8280414652795,2508.3639840779
2024-09-30,3434.44,3399.44,2512.24,3402.966850660165,2512.125750355669,3153.6514,2956.8888701521423,3400.9002045610746,2508.3639840779
2024-10-01,3459.41,3434.44,2512.24,3442.312434509297,2512.125750355669,3213.5137,2956.8888701521423,3440.1825555114942,2508.3639840779
2024-10-02,3505.83,3459.41,2512.24,3465.0264197056326,2512.125750355669,3272.6519,2956.8888701521423,3462.761320180181,2508.3639840779
2024-10-03,3512.64,3505.83,2512.24,3516.2710974263305,2512.125750355669,3330.4404,2956.8888701521423,3513.982262377655,2508.3639840779
2024-10-04,3490.84,3512.64,2512.24,3514.171750828809,2512.125750355669,3382.829,2956.8888701521423,3511.685596034116,2508.3639840779
2024-10-07,3540.22,3490.84,2512.24,3485.9365979342097,2512.125750355669,3424.9438,2956.8888701521423,3483.120133748495,2508.3639840779
2024-10-08,3594.94,3540.22,2512.24,3551.3268804591166,2512.125750355669,3461.4202,2956.8888701521423,3548.548798326777,2508.3639840779
2024-10-09,3605.35,3594.94,2512.24,3607.2479890385353,2512.125750355669,3496.165,2956.8888701521423,3604.580871204444,2508.3639840779
2024-10-10,3603.53,3605.35,2512.24,3607.691486949765,2512.125750355669,3527.6057,2956.8888701521423,3604.9348727415436,2508.3639840779
2024-10-11,3601.2,3603.53,2512.24,3603.120633405517,2512.125750355669,3553.936,2956.8888701521423,3600.2008068979485,2508.3639840779
2024-10-14,3635.36,3601.2,2512.24,3600.6759207883806,2512.125750355669,3574.3584,2956.8888701521423,3597.5932722726793,2508.3639840779
2024-10-15,3623.34,3635.36,2512.24,3643.043496081074,2512.125750355669,3592.5054,2956.8888701521423,3639.9983002631266,2508.3639840779
2024-10-16,3607.01,3623.34,2512.24,3620.6363810628072,2512.125750355669,3606.1958,2956.8888701521423,3617.4292368024007,2508.3639840779
2024-10-17,3618.1,3607.01,2512.24,3603.3369469846625,2512.125750355669,3614.2214,2956.8888701521423,3599.950939914121,2508.3639840779
2024-10-21,3627.25,3618.1,2512.24,3620.594437105946,2512.125750355669,3619.0386,2956.8888701521423,3617.180939896397,2508.3639840779
2024-10-22,3624.86,3627.25,2512.24,3629.3080793074305,2512.125750355669,3622.1982,2956.8888701521423,3625.885586088055,2508.3639840779
2024-10-23,3631.21,3624.86,2512.24,3624.3224251863653,2512.125750355669,3623.7427,2956.8888701521423,3620.847070514887,2508.3639840779
2024-10-24,3675.77,3631.21,2512.24,3632.638284546687,2512.125750355669,3624.8032,2956.8888701521423,3629.1562572544353,2508.3639840779
2024-10-25,3732.11,3675.77,2512.24,3685.792733763836,2512.125750355669,3629.9011,2956.8888701521423,3682.496724938534,2508.3639840779
2024-10-28,3764.35,3732.11,2512.24,3744.782370292966,2512.125750355669,3642.643,2956.8888701521423,3741.7332710860414,2508.3639840779
2024-10-29,3790.17,3764.35,2512.24,3771.6016368165638,2512.125750355669,3662.2312,2956.8888701521423,3768.664357115331,2508.3639840779
2024-10-30,3859.73,3790.17,2512.24,3795.9776074008587,2512.125750355669,3686.975,2956.8888701521423,3793.084676177943,2508.3639840779
2024-10-31,3868.16,3859.73,2512.24,3875.3759012704772,2512.125750355669,3719.7551,2956.8888701521423,3872.7116458898467,2508.3639840779
2024-11-04,3880.09,3868.16,2512.24,3870.056132083239,2512.125750355669,3755.1477,2956.8888701521423,3867.315186744036,2508.3639840779
2024-11-05,3876.88,3880.09,2512.24,3882.773375534169,2512.125750355669,3790.066,2956.8888701521423,3879.9446068040056,2508.3639840779
2024-11-06,3855.26,3876.88,2512.24,3876.1579852921473,2512.125750355669,3820.8652,2956.8888701521423,3873.1628814560877,2508.3639840779
2024-11-07,3831.91,3855.26,2512.24,3850.3970847402575,2512.125750355669,3843.7039,2956.8888701521423,3847.1562979494097,2508.3639840779
2024-11-08,3827.25,3831.91,2512.24,3826.657961548797,2512.125750355669,3856.795,2956.8888701521423,3823.1848558797756,2508.3639840779
2024-11-11,3826.35,3827.25,2512.24,3826.201841576762,2512.125750355669,3861.8943,2956.8888701521423,3822.624407036967,2508.3639840779
2024-11-12,3866.21,3826.35,2512.24,3826.1475659697608,2512.125750355669,3861.1719,2956.8888701521423,3822.522827514942,2508.3639840779
2024-11-13,3892.27,3866.21,2512.24,3875.175578272588,2512.125750355669,3860.9104,2956.8888701521423,3871.727249062307,2508.3639840779
2024-11-14,3941.72,3892.27,2512.24,3898.1315898089224,2512.125750355669,3863.3857,2956.8888701521423,3894.8041876940542,2508.3639840779
2024-11-15,3986.85,3941.72,2512.24,3952.842625328135,2512.125750355669,3872.413,2956.8888701521423,3949.7331742726083,2508.3639840779
2024-11-19,3983.88,3986.85,2512.24,3997.0009419829876,2512.125750355669,3889.2122,2956.8888701521423,3994.067286720994,2508.3639840779
2024-11-20,3930.27,3983.88,2512.24,3983.211967700211,2512.125750355669,3908.8286,2956.8888701521423,3980.1897454197087,2508.3639840779
2024-11-21,3918.13,3930.27,2512.24,3918.21167959876,2512.125750355669,3922.7463,2956.8888701521423,3914.8165091485494,2508.3639840779
2024-11-22,3874.74,3918.13,2512.24,3915.3993898587755,2512.125750355669,3930.6487,2956.8888701521423,3911.836601849132,2508.3639840779
2024-11-25,3866.88,3874.74,2512.24,3864.980430475474,2512.125750355669,3929.2988,2956.8888701521423,3861.13855873704,2508.3639840779
2024-11-26,3798.38,3866.88,2512.24,3865.1120761359125,2512.125750355669,3921.5654,2956.8888701521423,3861.206506820956,2508.3639840779
2024-11-27,3852.19,3798.38,2512.24,3782.9725210318047,2512.125750355669,3903.3052,2956.8888701521423,3778.7379247793633,2508.3639840779
2024-11-28,3883.52,3852.19,2512.24,3864.2933057412934,2512.125750355669,3886.1074,2956.8888701521423,3860.357662783606,2508.3639840779
2024-11-29,3918.58,3883.52,2512.24,3890.566953519322,2512.125750355669,3874.0493,2956.8888701521423,3886.861956456639,2508.3639840779
2024-12-02,3907.97,3918.58,2512.24,3926.465930111313,2512.125750355669,3870.026,2956.8888701521423,3922.995073444748,2508.3639840779
2024-12-03,3916.21,3907.97,2512.24,3905.5835277101814,2512.125750355669,3870.3398,2956.8888701521423,3902.0839728376686,2508.3639840779
2024-12-04,3949.39,3916.21,2512.24,3918.063396010189,2512.125750355669,3874.433,2956.8888701521423,3914.5892680023003,2508.3639840779
2024-12-05,4020.81,3949.39,2512.24,3956.8530679148134,2512.125750355669,3883.997,2956.8888701521423,3953.517078439563,2508.3639840779
2024-12-06,4056.66,4020.81,2512.24,4036.874264932971,2512.125750355669,3903.4626,2956.8888701521423,4033.8587524665404,2508.3639840779
2024-12-09,4069.57,4056.66,2512.24,4064.7236222045226,2512.125750355669,3930.7522,2956.8888701521423,4061.8427912013335,2508.3639840779
2024-12-10,4094.24,4069.57,2512.24,4072.4738037004295,2512.125750355669,3961.5708,2956.8888701521423,4069.574032486898,2508.3639840779
2024-12-11,4129.31,4094.24,2512.24,4099.788941695553,2512.125750355669,3994.1362,2956.8888701521423,4096.89496977554,2508.3639840779
2024-12-12,4154.9,4129.31,2512.24,4137.198179378316,2512.125750355669,4028.0789,2956.8888701521423,4134.354392185018,2508.3639840779
2024-12-13,4186.09,4154.9,2512.24,4160.655874259797,2512.125750355669,4061.8806,2956.8888701521423,4157.816455133287,2508.3639840779
2024-12-16,4257.91,4186.09,2512.24,4193.105463781285,2512.125750355669,4095.2065,2956.8888701521423,4190.291620292592,2508.3639840779
2024-12-17,4356.42,4257.91,2512.24,4274.0642356130775,2512.125750355669,4132.2144,2956.8888701521423,4271.4674324247535,2508.3639840779
2024-12-18,4381.12,4356.42,2512.24,4378.577529243167,2512.125750355669,4177.6284,2956.8888701521423,4376.320756725009,2508.3639840779
2024-12-19,4414.12,4381.12,2512.24,4386.675689496561,2512.125750355669,4225.2886,2956.8888701521423,4384.384140767618,2508.3639840779
2024-12-20,4400.85,4414.12,2512.24,4421.542581108765,2512.125750355669,4272.608,2956.8888701521423,4419.206758049683,2508.3639840779
2024-12-23,4420.44,4400.85,2512.24,4397.865222687476,2512.125750355669,4312.668,2956.8888701521423,4395.24368023371,2508.3639840779
2024-12-24,4494.44,4420.44,2512.24,4424.8463140582035,2512.125750355669,4345.8857,2956.8888701521423,4422.103807554145,2508.3639840779
2024-12-25,4533.06,4494.44,2512.24,4511.084575819656,2512.125750355669,4378.6772,2956.8888701521423,4508.51621072261,2508.3639840779
2024-12-27,4605.21,4533.06,2512.24,4541.746669164259,2512.125750355669,4410.587,2956.8888701521423,4539.212281098921,2508.3639840779
2024-12-30,4682.35,4605.21,2512.24,4621.438461424165,2512.125750355669,4445.553,2956.8888701521423,4619.086430670076,2508.3639840779
2024-12-31,4830.04,4682.35,2512.24,4699.700845658491,2512.125750355669,4485.7026,2956.8888701521423,4697.543123185346,2508.3639840779
2025-01-01,4861.59,4830.04,2512.24,4863.259424362231,2512.125750355669,4539.311,2956.8888701521423,4861.599814925242,2508.3639840779
2025-01-03,4974.09,4861.59,2512.24,4868.68643739338,2512.125750355669,4596.2793,2956.8888701521423,4866.954561616136,2508.3639840779
2025-01-06,4925.82,4974.09,2512.24,4999.394253779883,2512.125750355669,4660.2407,2956.8888701521423,4997.903878857131,2508.3639840779
2025-01-07,4806.63,4925.82,2512.24,4914.962788178178,2512.125750355669,4713.7334,2956.8888701521423,4912.923093153688,2508.3639840779
2025-01-08,4802.21,4806.63,2512.24,4779.8209865953395,2512.125750355669,4742.356,2956.8888701521423,4776.84103116054,2508.3639840779
2025-01-09,4824.13,4802.21,2512.24,4801.215823984826,2512.125750355669,4753.1973,2956.8888701521423,4797.916804171288,2508.3639840779
2025-01-10,4749.69,4824.13,2512.24,4829.060393269823,2512.125750355669,4753.194,2956.8888701521423,4825.70399540262,2508.3639840779
2025-01-13,4815.28,4749.69,2512.24,4732.946456432226,2512.125750355669,4737.1094,2956.8888701521423,4729.135606527212,2508.3639840779
2025-01-16,4905.92,4815.28,2512.24,4830.032942270423,2512.125750355669,4720.114,2956.8888701521423,4826.484596466208,2508.3639840779
2025-01-17,4923.69,4905.92,2512.24,4926.307356112076,2512.125750355669,4712.009,2956.8888701521423,4923.195358507706,2508.3639840779
2025-01-20,4927.86,4923.69,2512.24,4927.68694746372,2512.125750355669,4710.233,2956.8888701521423,4924.657847999303,2508.3639840779
2025-01-21,4969.01,4927.86,2512.24,4928.797944340107,2512.125750355669,4712.54,2956.8888701521423,4925.726336273548,2508.3639840779
2025-01-22,5056.74,4969.01,2512.24,4978.265733715931,2512.125750355669,4721.287,2956.8888701521423,4975.298863408008,2508.3639840779
2025-01-23,5138.66,5056.74,2512.24,5076.472819414304,2512.125750355669,4741.556,2956.8888701521423,5073.832764234708,2508.3639840779
2025-01-24,5189.1,5138.66,2512.24,5157.08599528576,2512.125750355669,4773.8457,2956.8888701521423,5154.737904875527,2508.3639840779
2025-01-27,5125.58,5189.1,2512.24,5200.445302761399,2512.125750355669,4813.8003,2956.8888701521423,5198.200314319932,2508.3639840779
2025-01-28,5150.61,5125.58,2512.24,5111.292655999127,2512.125750355669,4846.3037,2956.8888701521423,5108.540186697904,2508.3639840779
2025-01-29,5171.71,5150.61,2512.24,5156.2399153076485,2512.125750355669,4874.186,2956.8888701521423,5153.385477718003,2508.3639840779
2025-01-30,5146.02,5171.71,2512.24,5176.455953375605,2512.125750355669,4897.3545,2956.8888701521423,5173.530885235575,2508.3639840779
2025-01-31,5131.32,5146.02,2512.24,5140.241633070176,2512.125750355669,4911.4624,2956.8888701521423,5137.052406681245,2508.3639840779
2025-02-03,5127.97,5131.32,2512.24,5128.013577506095,2512.125750355669,4916.8237,2956.8888701521423,5124.628462597877,2508.3639840779
2025-02-04,5067.23,5127.97,2512.24,5127.21649555411,2512.125750355669,4915.4526,2956.8888701521423,5123.723910848757,2508.3639840779
2025-02-06,4889.6,5067.23,2512.24,5053.567952225865,2512.125750355669,4903.234,2956.8888701521423,5049.715076993169,2508.3639840779
2025-02-07,4937.79,4889.6,2512.24,4849.646270231817,2512.125750355669,4867.765,2956.8888701521423,4844.845885710332,2508.3639840779
2025-02-10,4996.07,4937.79,2512.24,4948.6292176858005,2512.125750355669,4829.398,2956.8888701521423,4944.073661388498,2508.3639840779
2025-02-11,4970.21,4996.07,2512.24,5009.1787280914805,2512.125750355669,4797.6943,2956.8888701521423,5005.041118609669,2508.3639840779
2025-02-12,4898.0,4970.21,2512.24,4964.393395531131,2512.125750355669,4769.5547,2956.8888701521423,4960.283331978275,2508.3639840779
2025-02-14,4946.6,4898.0,2512.24,4881.758042973819,2512.125750355669,4739.7944,2956.8888701521423,4877.387166661563,2508.3639840779
2025-02-17,5037.52,4946.6,2512.24,4957.53143763291,2512.125750355669,4718.8843,2956.8888701521423,4953.4743473504695,2508.3639840779
2025-02-18,5109.63,5037.52,2512.24,5057.970335588151,2512.125750355669,4714.949,2956.8888701521423,5054.456840381318,2508.3639840779
2025-02-19,5139.63,5109.63,2512.24,5125.849464356154,2512.125750355669,4728.7373,2956.8888701521423,5122.770867764205,2508.3639840779
2025-02-20,5094.34,5139.63,2512.24,5146.377801007969,2512.125750355669,4754.8643,2956.8888701521423,5143.459145374042,2508.3639840779
2025-02-21,5052.39,5094.34,2512.24,5084.15306974497,2512.125750355669,4781.011,2956.8888701521423,5080.945572386648,2508.3639840779
2025-02-24,5070.73,5052.39,2512.24,5042.954324923858,2512.125750355669,4801.2817,2956.8888701521423,5039.430272303924,2508.3639840779
2025-02-25,5002.43,5070.73,2512.24,5074.855155682871,2512.125750355669,4818.5903,2956.8888701521423,5071.334671712229,2508.3639840779
2025-02-26,4912.17,5002.43,2512.24,4987.067506371858,2512.125750355669,4824.483,2956.8888701521423,4983.166305123689,2508.3639840779
2025-02-28,4904.63,4912.17,2512.24,4891.868116034025,2512.125750355669,4814.325,2956.8888701521423,4887.489507807249,2508.3639840779
2025-03-03,4940.49,4904.63,2512.24,4902.934052679997,2512.125750355669,4795.9414,2956.8888701521423,4898.538567278843,2508.3639840779
2025-03-04,4828.67,4940.49,2512.24,4948.555871471525,2512.125750355669,4777.7285,2956.8888701521423,4944.429079994322,2508.3639840779
2025-03-05,4759.7,4828.67,2512.24,4803.518696376297,2512.125750355669,4748.8516,2956.8888701521423,4798.942303725693,2508.3639840779
2025-03-06,4826.92,4759.7,2512.24,4744.186805482679,2512.125750355669,4711.0654,2956.8888701521423,4739.354191060835,2508.3639840779
2025-03-07,4817.59,4826.92,2512.24,4842.039572791856,2512.125750355669,4679.83,2956.8888701521423,4837.662804679673,2508.3639840779
2025-03-10,4817.74,4817.59,2512.24,4815.491433886522,2512.125750355669,4653.919,2956.8888701521423,4811.245165137285,2508.3639840779
2025-03-11,4778.72,4817.74,2512.24,4817.77373900504,2512.125750355669,4634.682,2956.8888701521423,4813.671668196629,2508.3639840779
2025-03-12,4684.2,4778.72,2512.24,4769.943360155636,2512.125750355669,4618.068,2956.8888701521423,4765.7536142526205,2508.3639840779
2025-03-13,4747.02,4684.2,2512.24,4662.939928290893,2512.125750355669,4596.0205,2956.8888701521423,4658.355190036345,2508.3639840779
2025-03-17,4737.61,4747.02,2512.24,4761.1498953106875,2512.125750355669,4581.7197,2956.8888701521423,4756.9554840329165,2508.3639840779
2025-03-18,4668.02,4737.61,2512.24,4735.4934397505,2512.125750355669,4572.167,2956.8888701521423,4731.383524970837,2508.3639840779
2025-03-19,4588.03,4668.02,2512.24,4652.367350928515,2512.125750355669,4559.926,2956.8888701521423,4648.01784979555,2508.3639840779
2025-03-20,4612.38,4588.03,2512.24,4570.038113245752,2512.125750355669,4540.31,2956.8888701521423,4565.3672243449955,2508.3639840779
2025-03-21,4703.54,4612.38,2512.24,4617.856965151468,2512.125750355669,4522.224,2956.8888701521423,4613.408804503122,2508.3639840779
2025-03-24,4772.71,4703.54,2512.24,4724.044317996215,2512.125750355669,4516.7197,2956.8888701521423,4720.188431775283,2508.3639840779
2025-03-25,4768.26,4772.71,2512.24,4788.268179857373,2512.125750355669,4526.3833,2956.8888701521423,4784.892674409985,2508.3639840779
2025-03-26,4761.65,4768.26,2512.24,4767.259076183818,2512.125750355669,4543.758,2956.8888701521423,4763.932714766048,2508.3639840779
2025-03-27,4747.76,4761.65,2512.24,4760.163234511244,2512.125750355669,4563.6655,2956.8888701521423,4756.790201226103,2508.3639840779
2025-03-28,4767.27,4747.76,2512.24,4744.635768133311,2512.125750355669,4581.862,2956.8888701521423,4741.147421079783,2508.3639840779
2025-03-31,4740.43,4767.27,2512.24,4771.658319922183,2512.125750355669,4599.544,2956.8888701521423,4768.220157833789,2508.3639840779
2025-04-02,4763.86,4740.43,2512.24,4734.392967364871,2512.125750355669,4611.8545,2956.8888701521423,4730.790960929477,2508.3639840779
2025-04-03,4768.41,4763.86,2512.24,4769.1300325872235,2512.125750355669,4622.241,2956.8888701521423,4765.612076568776,2508.3639840779
2025-04-04,4638.67,4768.41,2512.24,4769.433416486208,2512.125750355669,4630.214,2956.8888701521423,4765.922746539538,2508.3639840779
2025-04-07,4541.71,4638.67,2512.24,4609.488009907537,2512.125750355669,4621.7124,2956.8888701521423,4605.3006615417535,2508.3639840779
2025-04-08,4268.78,4541.71,2512.24,4519.901107142245,2512.125750355669,4595.2827,2956.8888701521423,4515.199475596224,2508.3639840779
2025-04-09,4455.13,4268.78,2512.24,4207.390755696501,2512.125750355669,4532.2505,2956.8888701521423,4201.307069344725,2508.3639840779
2025-04-10,4360.83,4455.13,2512.24,4497.0450905945,2512.125750355669,4475.954,2956.8888701521423,4491.977239051073,2508.3639840779
2025-04-11,4638.38,4360.83,2512.24,4339.619412164951,2512.125750355669,4416.319,2956.8888701521423,4334.372995596195,2508.3639840779
2025-04-14,4619.65,4638.38,2512.24,4700.808405658725,2512.125750355669,4392.2134,2956.8888701521423,4697.09599234772,2508.3639840779
2025-04-17,4653.11,4619.65,2512.24,4615.437122904024,2512.125750355669,4388.1523,2956.8888701521423,4611.867718063555,2508.3639840779
2025-04-18,4643.14,4653.11,2512.24,4660.636047390888,2512.125750355669,4402.0938,2956.8888701521423,4657.315782574604,2508.3639840779
2025-04-22,4623.07,4643.14,2512.24,4640.897480798352,2512.125750355669,4425.097,2956.8888701521423,4637.5263620144015,2508.3639840779
2025-04-23,4597.78,4623.07,2512.24,4618.555721125668,2512.125750355669,4450.034,2956.8888701521423,4615.0467053270995,2508.3639840779
2025-04-24,4608.41,4597.78,2512.24,4592.091603750282,2512.125750355669,4471.361,2956.8888701521423,4588.412610048347,2508.3639840779
2025-04-25,4608.44,4608.41,2512.24,4610.800970823823,2512.125750355669,4489.68,2956.8888701521423,4607.146995098649,2508.3639840779
2025-04-28,4643.6,4608.44,2512.24,4608.446747801007,2512.125750355669,4504.12,2956.8888701521423,4604.7916012021915,2508.3639840779
2025-04-29,4659.72,4643.6,2512.24,4651.50842278134,2512.125750355669,4518.3486,2956.8888701521423,4648.0299269450825,2508.3639840779
2025-04-30,4673.54,4659.72,2512.24,4663.345818408282,2512.125750355669,4532.082,2956.8888701521423,4659.950257666857,2508.3639840779
2025-05-01,4647.05,4673.54,2512.24,4676.648486997671,2512.125750355669,4545.2153,2956.8888701521423,4673.304839756079,2508.3639840779
2025-05-05,4649.29,4647.05,2512.24,4641.091691709964,2512.125750355669,4553.1855,2956.8888701521423,4637.581765152423,2508.3639840779
2025-05-06,4665.04,4649.29,2512.24,4649.793835808595,2512.125750355669,4557.5415,2956.8888701521423,4646.248705555757,2508.3639840779
2025-05-07,4679.65,4665.04,2512.24,4668.582595529184,2512.125750355669,4560.585,2956.8888701521423,4665.084118547067,2508.3639840779
2025-05-08,4640.04,4679.65,2512.24,4682.936179090881,2512.125750355669,4563.573,2956.8888701521423,4679.49119560852,2508.3639840779
2025-05-09,4659.41,4640.04,2512.24,4631.130653402479,2512.125750355669,4561.439,2956.8888701521423,4627.466975233228,2508.3639840779
2025-05-12,4666.02,4659.41,2512.24,4663.766830184145,2512.125750355669,4558.7734,2956.8888701521423,4660.167686202211,2508.3639840779
2025-05-15,4748.51,4666.02,2512.24,4667.506765488756,2512.125750355669,4556.297,2956.8888701521423,4663.931096915377,2508.3639840779
2025-05-16,4807.18,4748.51,2512.24,4767.064203504912,2512.125750355669,4562.9634,2956.8888701521423,4763.8823933643025,2508.3639840779
2025-05-19,4832.94,4807.18,2512.24,4820.376449504584,2512.125750355669,4579.6943,2956.8888701521423,4817.470990815848,2508.3639840779
2025-05-20,4837.69,4832.94,2512.24,4838.734111798842,2512.125750355669,4602.8867,2956.8888701521423,4835.903001082976,2508.3639840779
2025-05-21,4820.18,4837.69,2512.24,4838.758401826261,2512.125750355669,4627.719,2956.8888701521423,4835.848166182875,2508.3639840779
2025-05-22,4818.13,4820.18,2512.24,4816.241533478349,2512.125750355669,4648.888,2956.8888701521423,4813.117677410692,2508.3639840779
2025-05-23,4850.15,4818.13,2512.24,4817.668900264455,2512.125750355669,4665.313,2956.8888701521423,4814.410753263189,2508.3639840779
2025-05-26,4842.95,4850.15,2512.24,4857.352152942505,2512.125750355669,4680.1733,2956.8888701521423,4854.153670190659,2508.3639840779
2025-05-27,4849.48,4842.95,2512.24,4841.330527758088,2512.125750355669,4690.91,2956.8888701521423,4838.025597309555,2508.3639840779
2025-05-28,4916.11,4849.48,2512.24,4850.948771352734,2512.125750355669,4698.3853,2956.8888701521423,4847.605551595654,2508.3639840779
2025-05-29,4923.3,4916.11,2512.24,4931.096866038699,2512.125750355669,4709.7773,2956.8888701521423,4928.015258220095,2508.3639840779
2025-05-30,4970.55,4923.3,2512.24,4924.91722297491,2512.125750355669,4721.2793,2956.8888701521423,4921.818942783489,2508.3639840779
2025-06-02,4990.8,4970.55,2512.24,4981.177786587551,2512.125750355669,4736.4746,2956.8888701521423,4978.231640814617,2508.3639840779
2025-06-03,5047.91,4990.8,2512.24,4995.354765680379,2512.125750355669,4753.0293,2956.8888701521423,4992.418694046087,2508.3639840779
2025-06-04,5143.45,5047.91,2512.24,5060.75556385217,2512.125750355669,4774.287,2956.8888701521423,5057.991310474255,2508.3639840779
2025-06-05,5162.06,5143.45,2512.24,5164.939496943378,2512.125750355669,4804.819,2956.8888701521423,5162.520590016269,2508.3639840779
2025-06-06,5193.79,5162.06,2512.24,5166.2458858919435,2512.125750355669,4837.6104,2956.8888701521423,5163.786830945044,2508.3639840779
2025-06-09,5175.15,5193.79,2512.24,5200.926924199428,2512.125750355669,4870.811,2956.8888701521423,5198.443780631389,2508.3639840779
2025-06-10,5211.72,5175.15,2512.24,5170.957366307049,2512.125750355669,4897.5625,2956.8888701521423,5168.188819248943,2508.3639840779
2025-06-12,5287.08,5211.72,2512.24,5219.945569428714,2512.125750355669,4921.0024,2956.8888701521423,5217.163398179325,2508.3639840779
2025-06-13,5272.53,5287.08,2512.24,5304.030476132018,2512.125750355669,4946.2075,2956.8888701521423,5301.453579702956,2508.3639840779
2025-06-16,5193.92,5272.53,2512.24,5269.257316511134,2512.125750355669,4965.9653,2956.8888701521423,5266.4668740443985,2508.3639840779
2025-06-17,5160.99,5193.92,2512.24,5176.238512092119,2512.125750355669,4971.8423,2956.8888701521423,5172.890143685823,2508.3639840779
2025-06-18,5154.19,5160.99,2512.24,5153.583163760252,2512.125750355669,4966.092,2956.8888701521423,5149.916976473875,2508.3639840779
2025-06-19,5086.43,5154.19,2512.24,5152.660498438193,2512.125750355669,4952.982,2956.8888701521423,5148.878551302268,2508.3639840779
2025-06-20,5039.12,5086.43,2512.24,5071.188966790001,2512.125750355669,4929.1245,2956.8888701521423,5067.048550644677,2508.3639840779
2025-06-23,5095.37,5039.12,2512.24,5028.478717810433,2512.125750355669,4897.006,2956.8888701521423,5024.114309794229,2508.3639840779
2025-06-24,4996.07,5095.37,2512.24,5108.022126889941,2512.125750355669,4869.3555,2956.8888701521423,5103.991875863788,2508.3639840779
2025-06-25,5125.0,4996.07,2512.24,4973.734778663623,2512.125750355669,4835.7773,2956.8888701521423,4969.302156707751,2508.3639840779
2025-06-26,5219.48,5125.0,2512.24,5153.999799465248,2512.125750355669,4817.399,2956.8888701521423,5150.257535432884,2508.3639840779
2025-06-27,5276.34,5219.48,2512.24,5240.731074641096,2512.125750355669,4818.0835,2956.8888701521423,5237.548744032728,2508.3639840779
2025-06-30,5289.51,5276.34,2512.24,5289.129332177104,2512.125750355669,4835.2314,2956.8888701521423,5286.276474587382,2508.3639840779
2025-07-01,5345.8,5289.51,2512.24,5292.472284642498,2512.125750355669,4861.625,2956.8888701521423,5289.644463626187,2508.3639840779
2025-07-02,5355.63,5345.8,2512.24,5358.461123957953,2512.125750355669,4896.8716,2956.8888701521423,5355.798559918722,2508.3639840779
2025-07-03,5362.12,5355.63,2512.24,5357.841029463611,2512.125750355669,4933.7686,2956.8888701521423,5355.09883886417,2508.3639840779
2025-07-04,5353.58,5362.12,2512.24,5363.5797742847235,2512.125750355669,4968.1104,2956.8888701521423,5360.720764303568,2508.3639840779
2025-07-07,5363.26,5353.58,2512.24,5351.6591259797315,2512.125750355669,4995.8716,2956.8888701521423,5348.6084842046,2508.3639840779
2025-07-08,5348.43,5363.26,2512.24,5365.437290458572,2512.125750355669,5017.3145,2956.8888701521423,5362.29981019963,2508.3639840779
2025-07-09,5332.68,5348.43,2512.24,5345.0943370350615,2512.125750355669,5030.353,2956.8888701521423,5341.775819350125,2508.3639840779
2025-07-10,5358.73,5332.68,2512.24,5329.137404470816,2512.125750355669,5034.9546,2956.8888701521423,5325.652012853995,2508.3639840779
2025-07-14,5502.34,5358.73,2512.24,5364.589340541919,2512.125750355669,5036.127,2956.8888701521423,5361.167088840564,2508.3639840779
2025-07-15,5653.65,5502.34,2512.24,5534.641723425148,2512.125750355669,5048.352,2956.8888701521423,5531.865091116188,2508.3639840779
2025-07-16,5712.39,5653.65,2512.24,5687.6836590171915,2512.125750355669,5077.293,2956.8888701521423,5685.5906006694895,2508.3639840779
2025-07-17,5666.09,5712.39,2512.24,5725.602194373603,2512.125750355669,5115.1313,2956.8888701521423,5723.693537776466,2508.3639840779
2025-07-18,5630.59,5666.09,2512.24,5655.675893777701,2512.125750355669,5147.7217,2956.8888701521423,5653.330721610877,2508.3639840779
2025-07-21,5650.39,5630.59,2512.24,5622.60510214057,2512.125750355669,5170.563,2956.8888701521423,5619.812745172644,2508.3639840779
2025-07-22,5648.01,5650.39,2512.24,5654.84354866526,2512.125750355669,5187.143,2956.8888701521423,5651.9112502434,2508.3639840779
2025-07-23,5672.28,5648.01,2512.24,5647.474674453368,2512.125750355669,5196.611,2956.8888701521423,5644.365186204543,2508.3639840779
2025-07-24,5692.58,5672.28,2512.24,5677.738971015447,2512.125750355669,5202.4077,2956.8888701521423,5674.622568389409,2508.3639840779
2025-07-25,5735.44,5692.58,2512.24,5697.146012015392,2512.125750355669,5205.8354,2956.8888701521423,5694.031022019436,2508.3639840779
2025-07-28,5760.35,5735.44,2512.24,5745.080358373384,2512.125750355669,5210.2744,2956.8888701521423,5742.086239682893,2508.3639840779
2025-07-29,5778.34,5760.35,2512.24,5765.952924103617,2512.125750355669,5215.5815,2956.8888701521423,5762.993971915125,2508.3639840779
2025-07-30,5762.81,5778.34,2512.24,5782.386431337779,2512.125750355669,5221.4395,2956.8888701521423,5779.415732265895,2508.3639840779
2025-07-31,5762.46,5762.81,2512.24,5759.316888344875,2512.125750355669,5224.5103,2956.8888701521423,5756.159185422054,2508.3639840779
2025-08-01,5765.73,5762.46,2512.24,5762.381275654907,2512.125750355669,5225.4214,2956.8888701521423,5759.109913350219,2508.3639840779
2025-08-04,5897.09,5765.73,2512.24,5766.4655103098685,2512.125750355669,5224.871,2956.8888701521423,5763.1194095026785,2508.3639840779
2025-08-05,5862.88,5897.09,2512.24,5926.636371346893,2512.125750355669,5235.441,2956.8888701521423,5923.846932622375,2508.3639840779
2025-08-06,5845.27,5862.88,2512.24,5855.185257583913,2512.125750355669,5244.6025,2956.8888701521423,5852.17149224883,2508.3639840779
2025-08-07,5841.59,5845.27,2512.24,5841.309040808323,2512.125750355669,5251.132,2956.8888701521423,5838.09676649535,2508.3639840779
2025-08-08,5825.21,5841.59,2512.24,5840.762269743022,2512.125750355669,5254.8413,2956.8888701521423,5837.415908821163,2508.3639840779
2025-08-12,5826.15,5825.21,2512.24,5821.5257006496495,2512.125750355669,5254.7085,2956.8888701521423,5818.014250120551,2508.3639840779
2025-08-13,5834.4,5826.15,2512.24,5826.361431098249,2512.125750355669,5252.486,2956.8888701521423,5822.796821570661,2508.3639840779
2025-08-14,5822.29,5834.4,2512.24,5836.255645277191,2512.125750355669,5249.7256,2956.8888701521423,5832.699734451462,2508.3639840779
2025-08-15,5794.14,5822.29,2512.24,5819.566137659784,2512.125750355669,5245.267,2956.8888701521423,5815.932979452844,2508.3639840779
2025-08-18,5904.26,5794.14,2512.24,5787.8083133875225,2512.125750355669,5237.7676,2956.8888701521423,5784.0200467287395,2508.3639840779
2025-08-19,5998.44,5904.26,2512.24,5929.0289282332515,2512.125750355669,5240.1104,2956.8888701521423,5925.761376095877,2508.3639840779
2025-08-20,6065.02,5998.44,2512.24,6019.623596631016,2512.125750355669,5254.1167,2956.8888701521423,6016.824120961155,2508.3639840779
2025-08-21,6112.38,6065.02,2512.24,6079.995619703686,2512.125750355669,5277.4536,2956.8888701521423,6077.487550903714,2508.3639840779
2025-08-22,6116.09,6112.38,2512.24,6123.03252852458,2512.125750355669,5306.5117,2956.8888701521423,6120.647673015776,2508.3639840779
2025-08-25,6095.63,6116.09,2512.24,6116.924478057986,2512.125750355669,5334.77,2956.8888701521423,6114.393342737322,2508.3639840779
2025-08-26,6048.33,6095.63,2512.24,6091.027999712565,2512.125750355669,5357.1597,2956.8888701521423,6088.199621273616,2508.3639840779
2025-08-27,6066.01,6048.33,2512.24,6037.690967077436,2512.125750355669,5369.261,2956.8888701521423,6034.437764162244,2508.3639840779
2025-08-28,6068.74,6066.01,2512.24,6069.986704060697,2512.125750355669,5376.162,2956.8888701521423,6066.669078538083,2508.3639840779
2025-08-29,6061.54,6068.74,2512.24,6069.354049891725,2512.125750355669,5378.427,2956.8888701521423,6065.961165637269,2508.3639840779
2025-09-01,6086.91,6061.54,2512.24,6059.920527758088,2512.125750355669,5376.4844,2956.8888701521423,6056.432942928757,2508.3639840779
2025-09-02,6071.82,6086.91,2512.24,6092.616390385739,2512.125750355669,5374.0903,2956.8888701521423,6089.206554808728,2508.3639840779
2025-09-03,6042.25,6071.82,2512.24,6068.425856092991,2512.125750355669,5369.0337,2956.8888701521423,6064.908848026814,2508.3639840779
2025-09-04,6008.3,6042.25,2512.24,6035.598917473146,2512.125750355669,5360.2803,2956.8888701521423,6031.898901689836,2508.3639840779
2025-09-05,6005.29,6008.3,2512.24,6000.663738525982,2512.125750355669,5347.548,2956.8888701521423,5996.766384638424,2508.3639840779
2025-09-09,5966.7,6005.29,2512.24,6004.612970632201,2512.125750355669,5334.078,2956.8888701521423,6000.697884839659,2508.3639840779
2025-09-10,5900.32,5966.7,2512.24,5958.0200786367495,2512.125750355669,5317.9043,2956.8888701521423,5953.941111065491,2508.3639840779
2025-09-11,5949.05,5900.32,2512.24,5885.389365636367,2512.125750355669,5296.6724,2956.8888701521423,5881.018248044509,2508.3639840779
2025-09-12,5889.4,5949.05,2512.24,5960.010678103944,2512.125750355669,5280.7075,2956.8888701521423,5955.938606551667,2508.3639840779
2025-09-15,5873.43,5889.4,2512.24,5875.983122329155,2512.125750355669,5262.996,2956.8888701521423,5871.711723784843,2508.3639840779
2025-09-16,5799.46,5873.43,2512.24,5869.8379205967585,2512.125750355669,5246.371,2956.8888701521423,5865.570667197863,2508.3639840779
2025-09-17,5880.59,5799.46,2512.24,5782.822171981352,2512.125750355669,5225.94,2956.8888701521423,5778.273752982634,2508.3639840779
2025-09-18,5906.44,5880.59,2512.24,5898.83830319255,2512.125750355669,5214.891,2956.8888701521423,5894.783034428054,2508.3639840779
2025-09-19,5973.88,5906.44,2512.24,5912.254355201866,2512.125750355669,5211.832,2956.8888701521423,5908.457687149193,2508.3639840779
2025-09-22,6003.5,5973.88,2512.24,5989.049056665915,2512.125750355669,5220.2725,2956.8888701521423,5985.673495666998,2508.3639840779
2025-09-23,6059.91,6003.5,2512.24,6010.1623288618675,2512.125750355669,5236.452,2956.8888701521423,6006.974403523122,2508.3639840779
2025-09-24,6086.16,6059.91,2512.24,6072.598115161984,2512.125750355669,5260.6284,2956.8888701521423,6069.666318611234,2508.3639840779
2025-09-25,6087.22,6086.16,2512.24,6092.064325881973,2512.125750355669,5288.302,2956.8888701521423,6089.201245380416,2508.3639840779
2025-09-26,6109.8,6087.22,2512.24,6087.458422302282,2512.125750355669,5314.6455,2956.8888701521423,6084.501849292791,2508.3639840779
2025-09-29,6113.53,6109.8,2512.24,6114.878844891998,2512.125750355669,5339.36,2956.8888701521423,6111.911695872756,2508.3639840779
2025-09-30,6125.24,6113.53,2512.24,6114.368976591991,2512.125750355669,5359.97,2956.8888701521423,6111.3046176423295,2508.3639840779
2025-10-01,6127.65,6125.24,2512.24,6127.8738916601105,2512.125750355669,5376.2783,2956.8888701521423,6124.756429501907,2508.3639840779
2025-10-02,6142.68,6127.65,2512.24,6128.19207334764,2512.125750355669,5387.685,2956.8888701521423,6124.986917736602,2508.3639840779
2025-10-03,6157.57,6142.68,2512.24,6146.060648304992,2512.125750355669,5395.711,2956.8888701521423,6142.83995400148,2508.3639840779
2025-10-06,6189.57,6157.57,2512.24,6160.919158566955,2512.125750355669,5401.226,2956.8888701521423,6157.694709647659,2508.3639840779
2025-10-08,6181.92,6189.57,2512.24,6196.7676544085,2512.125750355669,5406.6006,2956.8888701521423,6193.629114617393,2508.3639840779
2025-10-09,6164.59,6181.92,2512.24,6180.199310742968,2512.125750355669,5409.291,2956.8888701521423,6176.954007350558,2508.3639840779
2025-10-10,6171.18,6164.59,2512.24,6160.692020284397,2512.125750355669,5408.354,2956.8888701521423,6157.282203304035,2508.3639840779
2025-10-13,6234.33,6171.18,2512.24,6172.6622669547505,2512.125750355669,5405.835,2956.8888701521423,6169.212896808953,2508.3639840779
2025-10-14,6215.11,6234.33,2512.24,6248.534121121775,2512.125750355669,5407.595,2956.8888701521423,6245.342961635004,2508.3639840779
2025-10-15,6229.44,6215.11,2512.24,6210.7869088208945,2512.125750355669,5407.9756,2956.8888701521423,6207.465621665743,2508.3639840779
2025-10-16,6210.11,6229.44,2512.24,6232.663199614806,2512.125750355669,5408.955,2956.8888701521423,6229.351150225921,2508.3639840779
2025-10-17,6233.73,6210.11,2512.24,6205.762166883865,2512.125750355669,5407.8667,2956.8888701521423,6202.29443278543,2508.3639840779
2025-10-20,6268.95,6233.73,2512.24,6239.042768660273,2512.125750355669,5408.052,2956.8888701521423,6235.635479632106,2508.3639840779
2025-10-22,6292.27,6268.95,2512.24,6276.8719183833555,2512.125750355669,5411.199,2956.8888701521423,6273.599291983362,2508.3639840779
2025-10-23,6271.74,6292.27,2512.24,6297.515290650195,2512.125750355669,5416.655,2956.8888701521423,6294.321305903262,2508.3639840779
2025-10-24,6269.54,6271.74,2512.24,6267.122254843546,2512.125750355669,5420.4106,2956.8888701521423,6263.773775095774,2508.3639840779
2025-10-27,6275.65,6269.54,2512.24,6269.045161259415,2512.125750355669,5423.0405,2956.8888701521423,6265.616292727234,2508.3639840779
2025-10-28,6259.98,6275.65,2512.24,6277.024302138622,2512.125750355669,5424.945,2956.8888701521423,6273.56829656535,2508.3639840779
2025-10-29,6220.21,6259.98,2512.24,6256.455398606838,2512.125750355669,5424.6904,2956.8888701521423,6252.881272601665,2508.3639840779
2025-10-30,6213.34,6220.21,2512.24,6211.264665130436,2512.125750355669,5419.9287,2956.8888701521423,6207.459056619465,2508.3639840779
2025-10-31,6200.04,6213.34,2512.24,6211.794753569176,2512.125750355669,5413.386,2956.8888701521423,6207.936004894783,2508.3639840779
2025-11-03,6217.55,6200.04,2512.24,6197.048474886467,2512.125750355669,5405.058,2956.8888701521423,6193.136065580895,2508.3639840779
2025-11-04,6253.48,6217.55,2512.24,6221.488466521651,2512.125750355669,5398.378,2956.8888701521423,6217.692987939269,2508.3639840779
2025-11-05,6256.17,6253.48,2512.24,6261.561616340544,2512.125750355669,5395.9097,2956.8888701521423,6257.982546249296,2508.3639840779
2025-11-07,6316.38,6256.17,2512.24,6256.775052823715,2512.125750355669,5395.5747,2956.8888701521423,6253.240294017486,2508.3639840779
2025-11-10,6404.77,6316.38,2512.24,6329.922836622994,2512.125750355669,5401.769,2956.8888701521423,6326.682105622093,2508.3639840779
2025-11-11,6510.98,6404.77,2512.24,6424.65127103648,2512.125750355669,5417.366,2956.8888701521423,6421.822911194179,2508.3639840779
2025-11-12,6533.94,6510.98,2512.24,6534.869464835212,2512.125750355669,5443.747,2956.8888701521423,6532.502991875694,2508.3639840779
2025-11-13,6552.87,6533.94,2512.24,6539.104317038098,2512.125750355669,5472.6577,2956.8888701521423,6536.745855181256,2508.3639840779
2025-11-14,6462.04,6552.87,2512.24,6557.127862436028,2512.125750355669,5500.786,2956.8888701521423,6554.683714372369,2508.3639840779
2025-11-17,6425.74,6462.04,2512.24,6441.609907814873,2512.125750355669,5516.9385,2956.8888701521423,6438.503858277214,2508.3639840779
2025-11-18,6411.77,6425.74,2512.24,6417.575160780358,2512.125750355669,5523.4204,2956.8888701521423,6414.08560565989,2508.3639840779
2025-11-19,6374.83,6411.77,2512.24,6408.627773997289,2512.125750355669,5522.7324,2956.8888701521423,6404.943334099752,2508.3639840779
2025-11-20,6361.36,6374.83,2512.24,6366.521207692188,2512.125750355669,5514.58,2956.8888701521423,6362.602924944919,2508.3639840779
2025-11-21,6386.6,6361.36,2512.24,6358.330237347422,2512.125750355669,5502.143,2956.8888701521423,6354.338461596308,2508.3639840779
2025-11-24,6374.61,6386.6,2512.24,6392.277149914705,2512.125750355669,5490.4663,2956.8888701521423,6388.439478873216,2508.3639840779
2025-11-25,6287.81,6374.61,2512.24,6371.913128863815,2512.125750355669,5478.372,2956.8888701521423,6368.066480409148,2508.3639840779
2025-11-26,6305.25,6287.81,2512.24,6268.286362416944,2512.125750355669,5460.0317,2956.8888701521423,6264.039944894514,2508.3639840779
2025-11-27,6318.28,6305.25,2512.24,6309.172721652632,2512.125750355669,5443.45,2956.8888701521423,6305.0423610493,2508.3639840779
2025-11-28,6279.13,6318.28,2512.24,6321.210794904461,2512.125750355669,5430.266,2956.8888701521423,6317.219967105618,2508.3639840779
2025-12-01,6278.57,6279.13,2512.24,6270.324119684601,2512.125750355669,5416.828,2956.8888701521423,6266.221528170014,2508.3639840779
2025-12-02,6104.38,6278.57,2512.24,6278.444041047851,2512.125750355669,5405.865,2956.8888701521423,6274.4026382310785,2508.3639840779
2025-12-03,6150.15,6104.38,2512.24,6065.20001808073,2512.125750355669,5382.597,2956.8888701521423,6060.330545577068,2508.3639840779
2025-12-04,6039.95,6150.15,2512.24,6160.444895071158,2512.125750355669,5363.1294,2956.8888701521423,6155.862071317801,2508.3639840779
2025-12-08,5942.97,6039.95,2512.24,6015.1630776307275,2512.125750355669,5337.168,2956.8888701521423,6010.170001783102,2508.3639840779
2025-12-09,5932.46,5942.97,2512.24,5921.156608608239,2512.125750355669,5304.639,2956.8888701521423,5915.83547213363,2508.3639840779
2025-12-10,6026.87,5932.46,2512.24,5930.096020380209,2512.125750355669,5273.2446,2956.8888701521423,5924.92259470577,2508.3639840779
2025-12-11,6087.23,6026.87,2512.24,6048.105329772076,2512.125750355669,5255.0474,2956.8888701521423,6043.646611472211,2508.3639840779
2025-12-12,6096.73,6087.23,2512.24,6100.806575628033,2512.125750355669,5250.7383,2956.8888701521423,6096.900207133999,2508.3639840779
2025-12-15,6101.3,6096.73,2512.24,6098.866803652523,2512.125750355669,5255.787,2956.8888701521423,6095.182438141583,2508.3639840779
2025-12-16,6060.15,6101.3,2512.24,6102.327915020214,2512.125750355669,5267.1436,2956.8888701521423,6098.7437148764,2508.3639840779
2025-12-17,6068.85,6060.15,2512.24,6050.894266284069,2512.125750355669,5278.139,2956.8888701521423,6047.127541936001,2508.3639840779
2025-12-18,6077.42,6068.85,2512.24,6070.806862292311,2512.125750355669,5290.2505,2956.8888701521423,6067.0806388235305,2508.3639840779
2025-12-19,6076.44,6077.42,2512.24,6079.347621821276,2512.125750355669,5302.749,2956.8888701521423,6075.676062725894,2508.3639840779
2025-12-22,6062.58,6076.44,2512.24,6076.219571833739,2512.125750355669,5314.2524,2956.8888701521423,6072.560261731276,2508.3639840779
2025-12-23,6025.59,6062.58,2512.24,6059.462515934319,2512.125750355669,5322.803,2956.8888701521423,6055.743652923912,2508.3639840779
2025-12-24,6020.15,6025.59,2512.24,6017.269961357175,2512.125750355669,5325.693,2956.8888701521423,6013.370785951673,2508.3639840779
2025-12-25,6026.64,6020.15,2512.24,6018.926398750555,2512.125750355669,5325.2793,2956.8888701521423,6015.009305473577,2508.3639840779
2025-12-29,6046.63,6026.64,2512.24,6028.099774284724,2512.125750355669,5323.7124,2956.8888701521423,6024.246676130656,2508.3639840779
2025-12-30,6051.72,6046.63,2512.24,6051.1262847383105,2512.125750355669,5323.241,2956.8888701521423,6047.414930959471,2508.3639840779
2025-12-31,6124.04,6051.72,2512.24,6052.864876904352,2512.125750355669,5323.6216,2956.8888701521423,6049.216830410822,2508.3639840779
2026-01-01,6152.85,6124.04,2512.24,6140.30669896321,2512.125750355669,5330.862,2956.8888701521423,6137.028347894713,2508.3639840779
2026-01-05,6195.95,6152.85,2512.24,6159.3301382346535,2512.125750355669,5342.135,2956.8888701521423,6156.198587207356,2508.3639840779
2026-01-06,6237.35,6195.95,2512.24,6205.644340781449,2512.125750355669,5357.8086,2956.8888701521423,6202.685128478287,2508.3639840779
2026-01-07,6379.11,6237.35,2512.24,6246.6619653909975,2512.125750355669,5376.8765,2956.8888701521423,6243.8320441454225,2508.3639840779
2026-01-08,6363.85,6379.11,2512.24,6410.995609029655,2512.125750355669,5407.1177,2956.8888701521423,6408.737052186851,2508.3639840779
2026-01-09,6463.86,6363.85,2512.24,6360.417618553947,2512.125750355669,5435.263,2956.8888701521423,6357.962411206077,2508.3639840779
2026-01-12,6509.79,6463.86,2512.24,6486.354919293565,2512.125750355669,5467.9707,2956.8888701521423,6484.1831823379225,2508.3639840779
2026-01-13,6504.78,6509.79,2512.24,6520.1208833432,2512.125750355669,5500.172,2956.8888701521423,6517.971432087402,2508.3639840779
2026-01-14,6507.77,6504.78,2512.24,6503.653117231669,2512.125750355669,5526.224,2956.8888701521423,6501.256681970896,2508.3639840779
2026-01-15,6558.41,6507.77,2512.24,6508.442530833795,2512.125750355669,5545.544,2956.8888701521423,6505.81976171644,2508.3639840779
2026-01-19,6567.25,6558.41,2512.24,6569.800288101451,2512.125750355669,5562.038,2956.8888701521423,6567.205882688777,2508.3639840779
2026-01-20,6546.35,6567.25,2512.24,6569.238352030348,2512.125750355669,5573.7803,2956.8888701521423,6566.5077783761735,2508.3639840779
2026-01-21,6553.37,6546.35,2512.24,6541.649031964449,2512.125750355669,5578.3643,2956.8888701521423,6538.643928376345,2508.3639840779
2026-01-22,6615.35,6553.37,2512.24,6554.948985435864,2512.125750355669,5578.8,2956.8888701521423,6551.820073702237,2508.3639840779
2026-01-23,6622.36,6615.35,2512.24,6629.290956882464,2512.125750355669,5580.7573,2956.8888701521423,6626.3411494769925,2508.3639840779
2026-01-26,6651.64,6622.36,2512.24,6623.936736168862,2512.125750355669,5581.3267,2956.8888701521423,6620.928417029381,2508.3639840779
2026-01-27,6662.2,6651.64,2512.24,6658.225853783778,2512.125750355669,5582.384,2956.8888701521423,6655.255359036616,2508.3639840779
2026-01-28,6685.31,6662.2,2512.24,6664.575225954804,2512.125750355669,5583.045,2956.8888701521423,6661.549137478623,2508.3639840779
2026-01-29,6672.86,6685.31,2512.24,6690.50805604314,2512.125750355669,5584.5166,2956.8888701521423,6687.485963939182,2508.3639840779
2026-01-30,6664.92,6672.86,2512.24,6670.0596625816925,2512.125750355669,5584.206,2956.8888701521423,6666.871439934979,2508.3639840779
2026-02-02,6646.83,6664.92,2512.24,6663.134081999891,2512.125750355669,5582.283,2956.8888701521423,6659.803798834913,2508.3639840779
2026-02-03,6606.93,6646.83,2512.24,6642.7610759921945,2512.125750355669,5577.937,2956.8888701521423,6639.256205100623,2508.3639840779
2026-02-04,6606.95,6606.93,2512.24,6597.955424659402,2512.125750355669,5569.5938,2956.8888701521423,6594.1905032326285,2508.3639840779
2026-02-06,6609.92,6606.95,2512.24,6606.954498534005,2512.125750355669,5560.581,2956.8888701521423,6603.155172591012,2508.3639840779
2026-02-09,6626.38,6609.92,2512.24,6610.588032299789,2512.125750355669,5552.088,2956.8888701521423,6606.807033116134,2508.3639840779
2026-02-10,6617.33,6626.38,2512.24,6630.082293486373,2512.125750355669,5545.9062,2956.8888701521423,6626.403968786971,2508.3639840779
2026-02-11,6611.16,6617.33,2512.24,6615.294413362596,2512.125750355669,5540.427,2956.8888701521423,6611.593747173402,2508.3639840779
2026-02-12,6609.87,6611.16,2512.24,6609.772202259361,2512.125750355669,5535.6753,2956.8888701521423,6606.051350599586,2508.3639840779
2026-02-13,6607.05,6609.87,2512.24,6609.579844556657,2512.125750355669,5531.923,2956.8888701521423,6605.860219560472,2508.3639840779
2026-02-16,6623.69,6607.05,2512.24,6606.415706705251,2512.125750355669,5529.048,2956.8888701521423,6602.693052124181,2508.3639840779
2026-02-17,6715.91,6623.69,2512.24,6627.43278029242,2512.125750355669,5528.384,2956.8888701521423,6623.804064300446,2508.3639840779
2026-02-18,6715.7,6715.91,2512.24,6736.652740298496,2512.125750355669,5536.212,2956.8888701521423,6733.481598912464,2508.3639840779
2026-02-19,6755.83,6715.7,2512.24,6715.652765392944,2512.125750355669,5545.703,2956.8888701521423,6712.484096169159,2508.3639840779
2026-02-20,6731.31,6755.83,2512.24,6764.85630848166,2512.125750355669,5558.5303,2956.8888701521423,6761.831800005402,2508.3639840779
2026-02-23,6728.09,6731.31,2512.24,6725.794797309487,2512.125750355669,5568.6885,2956.8888701521423,6722.573452600091,2508.3639840779
2026-02-24,6743.19,6728.09,2512.24,6727.3657360251445,2512.125750355669,5576.861,2956.8888701521423,6724.034876602461,2508.3639840779
2026-02-25,6689.49,6743.19,2512.24,6746.5863931740105,2512.125750355669,5583.9688,2956.8888701521423,6743.250217970687,2508.3639840779
2026-02-26,6697.76,6689.49,2512.24,6677.411436195735,2512.125750355669,5584.9194,2956.8888701521423,6673.748873348598,2508.3639840779
2026-02-27,6712.98,6697.76,2512.24,6699.6201438111975,2512.125750355669,5584.2344,2956.8888701521423,6695.9459826154425,2508.3639840779
2026-03-02,6652.48,6712.98,2512.24,6716.403384378043,2512.125750355669,5583.3687,2956.8888701521423,6712.788515737143,2508.3639840779
2026-03-04,6313.24,6652.48,2512.24,6638.8719346339285,2512.125750355669,5577.0073,2956.8888701521423,6634.956068258959,2508.3639840779
2026-03-05,6363.34,6313.24,2512.24,6236.9358662018885,2512.125750355669,5542.522,2956.8888701521423,6231.222061003219,2508.3639840779
2026-03-06,6421.46,6363.34,2512.24,6374.608827683308,2512.125750355669,5508.0796,2956.8888701521423,6369.155742260792,2508.3639840779
2026-03-09,6370.13,6421.46,2512.24,6434.532739819439,2512.125750355669,5479.876,2956.8888701521423,6429.598770798595,2508.3639840779
2026-03-10,6144.73,6370.13,2512.24,6358.584512475365,2512.125750355669,5452.3447,2956.8888701521423,6353.690598252648,2508.3639840779
2026-03-11,6289.28,6144.73,2512.24,6094.031521760126,2512.125750355669,5410.816,2956.8888701521423,6088.201956711909,2508.3639840779
2026-03-12,6278.4,6289.28,2512.24,6321.793154523397,2512.125750355669,5383.4946,2956.8888701521423,6316.852680013204,2508.3639840779
2026-03-13,6187.66,6278.4,2512.24,6275.95279750111,2512.125750355669,5363.0874,2956.8888701521423,6271.253303139232,2508.3639840779
2026-03-16,6097.26,6187.66,2512.24,6167.250151217897,2512.125750355669,5342.2715,2956.8888701521423,6162.345307887514,2508.3639840779
2026-03-17,5891.67,6097.26,2512.24,6076.926626295987,2512.125750355669,5318.705,2956.8888701521423,6071.751565070096,2508.3639840779
2026-03-18,5770.59,5891.67,2512.24,5845.42731969239,2512.125750355669,5280.788,2956.8888701521423,5839.381513761298,2508.3639840779
2026-03-19,5803.72,5770.59,2512.24,5743.355875131838,2512.125750355669,5232.9326,2956.8888701521423,5736.9304667684955,2508.3639840779
2026-03-20,5648.29,5803.72,2512.24,5811.171821579801,2512.125750355669,5190.3857,2956.8888701521423,5805.26554821478,2508.3639840779
2026-03-23,5756.71,5648.29,2512.24,5613.329642977713,2512.125750355669,5140.9,2956.8888701521423,5607.054528918265,2508.3639840779
2026-03-24,5702.24,5756.71,2512.24,5781.0965528428,2512.125750355669,5107.187,2956.8888701521423,5775.743874543849,2508.3639840779
2026-03-25,5927.87,5702.24,2512.24,5689.988242636531,2512.125750355669,5080.3267,2956.8888701521423,5684.768962870448,2508.3639840779
2026-03-26,6137.44,5927.87,2512.24,5978.620211380934,2512.125750355669,5085.3027,2956.8888701521423,5974.774678009962,2508.3639840779
2026-03-27,6043.03,6137.44,2512.24,6184.577888574666,2512.125750355669,5125.977,2956.8888701521423,6181.977107849187,2508.3639840779
2026-03-30,6009.11,6043.03,2512.24,6021.794670227923,2512.125750355669,5171.7705,2956.8888701521423,6018.838784817614,2508.3639840779
2026-03-31,5916.25,6009.11,2512.24,6001.480486326989,2512.125750355669,5215.9717,2956.8888701521423,5998.258360796746,2508.3639840779
2026-04-01,5905.39,5916.25,2512.24,5895.363306613333,2512.125750355669,5247.115,2956.8888701521423,5891.546025605567,2508.3639840779
2026-04-03,5888.48,5905.39,2512.24,5902.947296035116,2512.125750355669,5268.563,2956.8888701521423,5898.991876494711,2508.3639840779
2026-04-07,5902.34,5888.48,2512.24,5884.676489498507,2512.125750355669,5280.7227,2956.8888701521423,5880.634863521945,2508.3639840779
2026-04-08,5842.55,5902.34,2512.24,5905.457484065682,2512.125750355669,5287.523,2956.8888701521423,5901.528067647607,2508.3639840779
2026-04-09,6099.92,5842.55,2512.24,5829.101632591118,2512.125750355669,5284.294,2956.8888701521423,5824.933485027183,2508.3639840779
2026-04-10,6101.07,6099.92,2512.24,6157.8093848473645,2512.125750355669,5300.476,2956.8888701521423,6154.871082807264,2508.3639840779
2026-04-13,6161.16,6101.07,2512.24,6101.328665705305,2512.125750355669,5319.6245,2956.8888701521423,6098.46002766667,2508.3639840779
2026-04-16,6187.75,6161.16,2512.24,6174.675845418961,2512.125750355669,5343.9805,2956.8888701521423,6172.046199117692,2508.3639840779
