date,actual,Informer_A,PatchTST_A,TFT_A
2019-06-19,2515.3401,2439.697998046875,2519.466064453125,2466.673583984375
2019-06-20,2513.96,2458.57763671875,2506.771484375,2462.961669921875
2019-06-21,2493.8799,2467.03369140625,2516.748779296875,2460.722412109375
2019-06-24,2488.98,2446.38720703125,2510.013916015625,2454.8388671875
2019-06-25,2489.6201,2481.849853515625,2494.6845703125,2447.303466796875
2019-06-26,2482.0801,2484.323974609375,2503.022216796875,2441.291015625
2019-06-27,2479.9199,2499.23681640625,2491.9375,2439.483154296875
2019-06-28,2477.76,2474.170654296875,2487.3037109375,2448.81201171875
2019-07-01,2496.5601,2452.59228515625,2491.072265625,2476.260986328125
2019-07-02,2505.0701,2460.9697265625,2497.0419921875,2516.1748046875
2019-07-03,2524.75,2453.18310546875,2473.619140625,2556.34521484375
2019-07-04,2542.3201,2538.716552734375,2478.713134765625,2592.010009765625
2019-07-05,2587.8401,2506.403564453125,2493.80419921875,2624.21533203125
2019-07-08,2594.4399,2455.63720703125,2492.34521484375,2654.982177734375
2019-07-09,2580.0901,2433.606201171875,2479.53369140625,2684.67041015625
2019-07-10,2600.74,2416.78271484375,2482.6748046875,2712.6455078125
2019-07-11,2594.6001,2428.48193359375,2498.9423828125,2737.745361328125
2019-07-12,2613.99,2444.06689453125,2518.942626953125,2755.772705078125
2019-07-15,2627.1899,2410.813720703125,2513.55126953125,2765.319091796875
2019-07-16,2643.02,2392.663818359375,2527.41943359375,2769.603515625
2019-07-18,2694.53,2396.41015625,2520.528076171875,2771.673095703125
2019-07-19,2740.1499,2405.604248046875,2514.3134765625,2772.857177734375
2019-07-22,2762.04,2399.18896484375,2506.0625,2773.622802734375
2019-07-23,2724.76,2392.593505859375,2550.0771484375,2774.162353515625
2019-07-24,2749.55,2387.364013671875,2549.610595703125,2774.61083984375
2019-07-25,2810.0601,2385.158447265625,2550.77734375,2775.158935546875
2019-07-26,2880.54,2340.6796875,2533.181396484375,2775.96240234375
2019-07-29,2925.48,2379.133544921875,2534.32470703125,2776.56005859375
2019-07-30,3050.8201,2377.17626953125,2547.689697265625,2775.771728515625
2019-07-31,3024.99,2363.37841796875,2560.036376953125,2773.04296875
2019-08-01,2983.45,2370.2021484375,2567.71826171875,2768.869873046875
2019-08-02,2927.8999,2363.177978515625,2553.5595703125,2764.02197265625
2019-08-05,2906.6799,2524.17529296875,2564.7880859375,2758.940673828125
2019-08-06,2896.52,2521.906494140625,2540.014404296875,2753.647216796875
2019-08-07,2859.98,2527.42724609375,2574.050537109375,2747.978271484375
2019-08-08,2898.1001,2522.126708984375,2569.158447265625,2741.876953125
2019-08-09,2885.79,2511.994140625,2562.095703125,2735.579345703125
2019-08-12,2955.3701,2504.031005859375,2603.3076171875,2729.55224609375
2019-08-14,2960.5801,2502.893798828125,2615.304443359375,2724.16015625
2019-08-16,2904.5901,2543.2880859375,2596.378173828125,2719.337158203125
2019-08-19,2905.8101,2499.099853515625,2616.17138671875,2714.456298828125
2019-08-20,2896.1399,2504.641357421875,2613.9990234375,2708.29736328125
2019-08-21,2914.5801,2519.318115234375,2604.828369140625,2699.321044921875
2019-08-22,2918.03,2517.70263671875,2600.990234375,2687.057861328125
2019-08-23,2898.29,2506.03662109375,2584.4970703125,2673.484130859375
2019-08-26,2902.8,2503.2822265625,2613.92236328125,2661.207275390625
2019-08-27,2891.72,2657.415771484375,2599.3564453125,2651.182861328125
2019-08-28,2921.5901,2492.61572265625,2609.88720703125,2643.076171875
2019-08-29,2928.7,2488.155517578125,2628.04638671875,2636.254638671875
2019-08-30,2924.6499,2482.048583984375,2609.568603515625,2630.22900390625
2019-09-02,2908.4399,2475.987548828125,2598.337646484375,2624.74609375
2019-09-03,2888.3401,2471.2431640625,2626.670166015625,2619.739990234375
2019-09-04,2887.05,2464.926025390625,2596.08203125,2615.22216796875
2019-09-05,2878.99,2974.490478515625,2639.510986328125,2611.1533203125
2019-09-06,2859.9399,2719.69580078125,2653.288818359375,2607.331298828125
2019-09-09,2817.76,2452.5625,2640.916748046875,2603.311279296875
2019-09-10,2831.3999,2580.797607421875,2645.61474609375,2598.4306640625
2019-09-11,2815.3,2700.590576171875,2631.17578125,2592.174072265625
2019-09-12,2805.53,2730.310546875,2633.439208984375,2584.82177734375
2019-09-13,2815.05,2709.69482421875,2633.060791015625,2577.375244140625
2019-09-17,2807.96,2655.17041015625,2628.824462890625,2576.035888671875
2019-09-18,2786.6001,2642.641357421875,2631.927734375,2572.1953125
2019-09-19,2778.05,2649.11181640625,2624.40576171875,2569.025634765625
2019-09-20,2786.95,2674.6728515625,2610.871826171875,2567.555419921875
2019-09-23,2766.0601,2752.337890625,2619.494873046875,2565.240234375
2019-09-24,2759.75,2748.130126953125,2598.884521484375,2561.860107421875
2019-09-25,2746.9199,2735.15673828125,2600.83837890625,2558.099609375
2019-09-26,2741.3899,2735.840087890625,2599.800537109375,2554.220458984375
2019-09-27,2754.9099,2741.828857421875,2612.36181640625,2550.877685546875
2019-09-30,2764.01,2739.607666015625,2596.440185546875,2548.236572265625
2019-10-01,2759.72,2727.566650390625,2595.846923828125,2544.826904296875
2019-10-02,2760.9199,2745.889892578125,2601.713623046875,2537.050048828125
2019-10-03,2746.8201,2728.95849609375,2607.44091796875,2526.991943359375
2019-10-04,2744.78,2726.060546875,2585.20263671875,2521.438232421875
2019-10-07,2759.29,2724.791015625,2587.37060546875,2519.147216796875
2019-10-08,2778.22,2722.67626953125,2587.007568359375,2517.601806640625
2019-10-09,2793.5601,2723.46630859375,2574.04345703125,2515.632568359375
2019-10-10,2862.05,2728.163330078125,2567.814453125,2513.4892578125
2019-10-11,2864.77,2733.5712890625,2563.93505859375,2511.378662109375
2019-10-14,2866.4399,2726.401611328125,2550.96142578125,2509.26708984375
2019-10-15,2900.26,2717.679931640625,2539.579345703125,2507.1279296875
2019-10-16,2878.0,2730.64892578125,2553.763916015625,2505.278076171875
2019-10-17,2881.0601,2723.9345703125,2539.253173828125,2503.8203125
2019-10-18,2887.8601,2735.163818359375,2526.087158203125,2502.59765625
2019-10-21,2905.27,2740.83154296875,2538.8779296875,2501.531982421875
2019-10-22,2912.6599,2720.326904296875,2534.441162109375,2500.602783203125
2019-10-23,2926.77,2721.26611328125,2530.71533203125,2499.797607421875
2019-10-24,2922.3501,2721.73583984375,2545.507080078125,2499.10498046875
2019-10-25,2932.3601,2722.822265625,2521.645751953125,2498.517333984375
2019-10-28,2935.3101,2722.35009765625,2518.215576171875,2498.035888671875
2019-10-29,2940.8601,2721.1435546875,2522.52294921875,2497.680419921875
2019-10-30,2951.3899,2719.3916015625,2502.366455078125,2497.500732421875
2019-10-31,2950.3301,2716.309814453125,2521.003173828125,2497.571533203125
2019-11-01,2980.1101,2707.418212890625,2517.44482421875,2497.92431640625
2019-11-04,2990.3401,2727.31396484375,2509.771484375,2498.43701171875
2019-11-05,2981.8101,2734.58349609375,2520.843505859375,2498.911376953125
2019-11-06,2981.1001,2735.71728515625,2517.722412109375,2499.322265625
2019-11-07,2958.23,2731.95458984375,2514.09375,2499.84130859375
2019-11-08,2935.3201,2707.951171875,2502.0576171875,2500.614990234375
2019-11-11,2951.99,2705.445556640625,2504.480712890625,2501.60205078125
2019-11-14,2969.5701,2702.66259765625,2515.938720703125,2502.560791015625
2019-11-15,2964.78,2701.177490234375,2504.625732421875,2503.116455078125
2019-11-18,2986.52,2699.74951171875,2516.43798828125,2503.01220703125
2019-11-19,3046.04,2717.57421875,2510.110595703125,2502.06396484375
2019-11-20,3062.9099,2698.96533203125,2528.722900390625,2499.896728515625
2019-11-21,3036.1599,2694.48681640625,2512.256103515625,2496.137939453125
2019-11-22,3028.3501,2707.48486328125,2515.54736328125,2491.268798828125
2019-11-25,3022.0,2698.91162109375,2507.493896484375,2486.79052734375
2019-11-26,3003.95,2692.10107421875,2521.78759765625,2483.58837890625
2019-11-27,3011.1001,2736.56494140625,2523.8544921875,2481.482666015625
2019-11-28,3021.24,2715.58056640625,2531.9814453125,2480.064208984375
2019-11-29,3069.23,2713.572509765625,2525.4599609375,2479.059326171875
2019-12-02,3072.1499,2735.73876953125,2515.18701171875,2478.318603515625
2019-12-03,3053.3401,2687.751220703125,2537.563232421875,2477.7587890625
2019-12-04,3049.48,2686.923095703125,2549.426513671875,2477.329345703125
2019-12-05,3031.77,2686.15966796875,2542.373046875,2476.996826171875
2019-12-06,3000.02,2734.9521484375,2538.560546875,2476.7373046875
2019-12-09,3000.4299,2737.403564453125,2533.719482421875,2476.53369140625
2019-12-10,2974.47,2711.150146484375,2537.211669921875,2476.373291015625
2019-12-11,2945.24,2732.59814453125,2528.3916015625,2476.246337890625
2019-12-13,2955.22,2847.88037109375,2531.721435546875,2492.189697265625
2019-12-16,2958.71,2847.019775390625,2529.6005859375,2491.48583984375
2019-12-17,2936.1699,2844.27880859375,2527.556640625,2490.386474609375
2019-12-18,2945.29,2842.85205078125,2535.6533203125,2487.209716796875
2019-12-19,2953.1001,2823.58642578125,2526.44482421875,2483.48193359375
2019-12-20,2946.3401,2844.64306640625,2534.37158203125,2482.057861328125
2019-12-23,2945.8899,2844.008544921875,2533.60009765625,2484.864501953125
2019-12-24,2927.6899,2841.8330078125,2527.10986328125,2490.312255859375
2019-12-25,2948.45,2835.41552734375,2534.2314453125,2497.892578125
2019-12-27,2965.3401,2834.442138671875,2536.4736328125,2506.24169921875
2019-12-30,2972.0901,2837.58447265625,2537.84765625,2514.21435546875
2019-12-31,2958.27,2834.75634765625,2534.946044921875,2521.060302734375
2020-01-01,2936.96,2832.952880859375,2533.610107421875,2527.314453125
2020-01-03,2929.0901,2825.818359375,2531.41796875,2534.34521484375
2020-01-06,2928.5,2800.41357421875,2539.30712890625,2542.87890625
2020-01-07,2893.79,2823.1708984375,2531.43115234375,2552.03564453125
2020-01-08,2857.99,2825.315185546875,2535.70849609375,2560.03076171875
2020-01-09,2782.45,2822.6162109375,2543.297119140625,2565.35302734375
2020-01-10,2830.76,2821.214111328125,2537.826904296875,2567.97705078125
2020-01-14,2816.98,2821.132080078125,2541.557861328125,2568.742431640625
2020-01-15,2829.96,2815.50439453125,2546.63134765625,2568.40185546875
2020-01-17,2807.22,2800.634033203125,2550.530029296875,2567.5751953125
2020-01-20,2791.0601,2809.803955078125,2554.26953125,2566.76513671875
2020-01-21,2784.6599,2788.878173828125,2557.489501953125,2566.16259765625
2020-01-22,2826.23,2794.472900390625,2563.8583984375,2565.69140625
2020-01-23,2849.29,2837.493896484375,2554.725341796875,2565.18310546875
2020-01-24,2876.8999,2830.0947265625,2550.917724609375,2564.42724609375
2020-01-27,2883.01,2827.7119140625,2551.544189453125,2563.189208984375
2020-01-28,2843.4299,2812.82080078125,2551.702392578125,2561.31396484375
2020-01-29,2817.73,2811.269775390625,2550.481689453125,2558.789306640625
2020-01-30,2830.2,2808.948974609375,2553.718017578125,2555.63134765625
2020-01-31,2833.6599,2805.38525390625,2562.5869140625,2551.877197265625
2020-02-03,2835.04,2812.72509765625,2555.1435546875,2547.645263671875
2020-02-04,2839.1299,2813.506591796875,2549.697509765625,2543.134521484375
2020-02-06,2840.99,2784.316162109375,2549.297119140625,2538.556396484375
2020-02-07,2839.5601,2777.6669921875,2549.137939453125,2534.014892578125
2020-02-10,2835.3501,2801.50439453125,2553.215087890625,2529.33447265625
2020-02-11,2824.0601,2769.8046875,2555.51171875,2523.95751953125
2020-02-12,2801.8501,2767.465087890625,2557.574951171875,2517.476318359375
2020-02-13,2784.8301,2771.788818359375,2555.853759765625,2510.599853515625
2020-02-14,2767.8999,2784.244384765625,2555.794677734375,2504.543212890625
2020-02-17,2773.26,2788.589111328125,2557.618408203125,2499.65478515625
2020-02-18,2768.8501,2758.9033203125,2554.587646484375,2495.61181640625
2020-02-19,2783.6599,2762.919921875,2549.084716796875,2492.130615234375
2020-02-20,2807.1101,2756.869140625,2547.358642578125,2489.133544921875
2020-02-21,2788.3101,2755.24951171875,2549.582275390625,2486.59228515625
2020-02-25,2771.3,2750.835693359375,2557.434814453125,2484.4296875
2020-02-26,2731.3899,2748.92529296875,2554.462646484375,2482.537109375
2020-02-27,2670.97,2747.611328125,2547.16455078125,2480.81103515625
2020-02-28,2675.4099,2745.0859375,2549.35107421875,2479.162109375
2020-03-02,2631.99,2742.427490234375,2553.2109375,2477.495849609375
2020-03-03,2646.97,2740.4716796875,2560.1435546875,2475.66455078125
2020-03-04,2656.75,2737.58837890625,2553.81982421875,2473.4169921875
2020-03-05,2586.3101,2771.740478515625,2542.357666015625,2470.44287109375
2020-03-06,2548.3101,2809.352294921875,2551.239013671875,2466.666259765625
2020-03-09,2479.6101,2760.632080078125,2548.30615234375,2462.547119140625
2020-03-11,2361.75,2750.90234375,2549.163818359375,2458.7705078125
2020-03-12,2405.8,2763.85498046875,2555.142578125,2455.693603515625
2020-03-13,2293.6899,2745.152099609375,2550.9892578125,2453.296142578125
2020-03-16,2205.97,2762.0439453125,2558.706787109375,2451.4052734375
2020-03-23,1947.42,2790.002685546875,2558.572265625,2442.000732421875
2020-05-12,1760.53,2788.781005859375,2560.42822265625,2440.122314453125
2020-05-13,1685.45,2783.943603515625,2557.8515625,2438.540771484375
2020-05-14,1729.15,2786.74755859375,2554.48486328125,2436.917724609375
2020-05-15,1707.02,2755.559814453125,2559.856689453125,2435.5751953125
2020-05-18,1755.51,2758.02880859375,2551.024658203125,2433.962646484375
2020-05-19,1847.71,2753.729736328125,2551.661865234375,2430.93212890625
2020-05-20,1886.65,2756.682373046875,2552.907470703125,2427.015869140625
2020-05-21,1904.14,2756.850830078125,2549.475341796875,2423.618408203125
2020-05-22,2037.04,2759.990478515625,2545.69970703125,2420.222900390625
2020-05-25,2034.38,2756.689453125,2545.116943359375,2415.714111328125
2020-05-27,1997.2,2756.8447265625,2540.099365234375,2410.95751953125
2020-05-28,2014.36,2747.553955078125,2545.7958984375,2406.356689453125
2020-05-29,2057.7,2754.880126953125,2540.72314453125,2401.5322265625
2020-06-01,2016.08,2753.829833984375,2541.2568359375,2396.242919921875
2020-06-02,1962.2,2752.285400390625,2544.27783203125,2390.56689453125
2020-06-03,1972.78,2752.72705078125,2541.091064453125,2384.94580078125
2020-06-04,1952.34,2752.297607421875,2537.723388671875,2379.819580078125
2020-06-05,1954.5699,2758.525634765625,2539.052978515625,2375.124755859375
2020-06-09,2002.3101,2750.7216796875,2537.28955078125,2370.539306640625
2020-06-10,2041.9,2749.963134765625,2536.15576171875,2366.277587890625
2020-06-11,2039.0699,2749.406982421875,2541.3740234375,2362.68017578125
2020-06-12,2055.0601,2749.4677734375,2535.77783203125,2359.142578125
2020-06-15,2054.96,2751.563232421875,2530.487548828125,2354.2109375
2020-06-16,2047.22,2747.702880859375,2529.83203125,2347.646484375
2020-06-17,2079.1201,2751.057861328125,2529.053466796875,2341.52734375
2020-06-18,2130.6699,2743.091796875,2533.861328125,2336.7724609375
2020-06-19,2140.51,2742.741455078125,2529.412841796875,2332.543212890625
2020-06-22,2156.53,2736.47607421875,2525.0146484375,2327.809814453125
2020-06-23,2221.3501,2740.607666015625,2524.292236328125,2322.052490234375
2020-06-24,2257.5701,2737.9453125,2523.846923828125,2315.53955078125
2020-06-25,2275.45,2738.74658203125,2519.1572265625,2309.010498046875
2020-06-26,2287.5601,2743.12158203125,2524.30712890625,2302.978759765625
2020-06-29,2290.8501,2734.412841796875,2524.026123046875,2297.750732421875
2020-06-30,2277.3201,2731.2109375,2521.568359375,2293.571533203125
2020-07-01,2268.77,2730.36279296875,2526.4580078125,2290.388671875
2020-07-02,2258.72,2733.513671875,2524.201416015625,2287.9375
2020-07-03,2229.3201,2726.53759765625,2520.735107421875,2285.97216796875
2020-07-06,2190.75,2725.9296875,2522.286865234375,2284.334716796875
2020-07-07,2188.5601,2724.88037109375,2520.21630859375,2282.93408203125
2020-07-08,2212.7,2720.28662109375,2521.134033203125,2281.71484375
2020-07-09,2195.6799,2719.913818359375,2520.88427734375,2280.63671875
2020-07-10,2205.6599,2719.77783203125,2521.904296875,2279.658447265625
2020-07-13,2140.1899,2722.55517578125,2522.63525390625,2278.71630859375
2020-07-14,2072.1001,2720.58203125,2521.57275390625,2277.689208984375
2020-07-15,2113.51,2717.175537109375,2526.406982421875,2276.3525390625
2020-07-16,2095.95,2712.1318359375,2524.226806640625,2274.430419921875
2020-07-17,2126.6299,2711.37646484375,2520.4052734375,2271.94189453125
2020-07-20,2153.5,2710.904296875,2521.463134765625,2269.484130859375
2020-07-21,2181.1299,2709.60546875,2524.3505859375,2267.59765625
2020-07-22,2173.6101,2708.249267578125,2523.65966796875,2266.235107421875
2020-07-23,2158.6101,2706.978515625,2523.619140625,2265.112060546875
2020-07-24,2159.6299,2705.44140625,2526.585205078125,2264.079833984375
2020-07-27,2161.8899,2719.885009765625,2528.208984375,2263.197265625
2020-07-28,2178.1699,2717.718505859375,2531.29736328125,2262.556640625
2020-07-29,2171.4299,2702.494140625,2529.69384765625,2262.1484375
2020-07-30,2163.0901,2754.36865234375,2529.8955078125,2261.90234375
2020-07-31,2153.3999,2729.401123046875,2526.514892578125,2261.75439453125
2020-08-03,2179.6499,2742.92041015625,2527.129150390625,2261.66357421875
2020-08-05,2215.0801,2712.961669921875,2522.116455078125,2261.60546875
2020-08-06,2209.6699,2733.406494140625,2522.537353515625,2239.458984375
2020-08-07,2219.54,2737.029052734375,2521.024658203125,2237.060546875
2020-08-10,2227.1899,2739.104248046875,2522.6845703125,2234.523193359375
2020-08-11,2210.48,2732.079345703125,2521.025146484375,2229.5986328125
2020-08-12,2231.78,2736.94482421875,2523.1298828125,2223.6064453125
2020-08-13,2277.2,2738.44287109375,2522.9609375,2219.2802734375
2020-08-14,2297.1201,2738.8408203125,2520.54150390625,2216.002197265625
2020-08-17,2320.1001,2735.848876953125,2520.84716796875,2212.781494140625
2020-08-18,2316.99,2733.651123046875,2521.318603515625,2210.47705078125
2020-08-19,2331.1399,2734.686279296875,2521.47314453125,2210.112548828125
2020-08-20,2370.29,2735.19873046875,2520.608642578125,2213.20068359375
2020-08-21,2371.8701,2735.167236328125,2519.2978515625,2218.248291015625
2020-08-24,2394.1799,2741.87890625,2520.490478515625,2223.6787109375
2020-08-25,2398.98,2732.986328125,2518.821044921875,2231.364013671875
2020-08-26,2379.6699,2734.221923828125,2518.9052734375,2242.495361328125
2020-08-27,2364.9099,2731.89111328125,2514.7734375,2255.089599609375
2020-08-28,2353.27,2730.799560546875,2516.73046875,2265.843505859375
2020-08-31,2360.3799,2727.91357421875,2517.658447265625,2273.578125
2020-09-01,2359.75,2727.42626953125,2511.252685546875,2279.10986328125
2020-09-03,2348.3601,2727.423583984375,2512.821533203125,2283.798095703125
2020-09-04,2343.8101,2729.23876953125,2514.4345703125,2288.405029296875
2020-09-07,2321.5701,2722.3046875,2514.687744140625,2292.359130859375
2020-09-08,2307.8899,2725.06396484375,2515.579345703125,2295.12451171875
2020-09-09,2307.6399,2724.480712890625,2514.21630859375,2297.078125
2020-09-10,2334.76,2725.566162109375,2514.57421875,2298.560546875
2020-09-11,2342.8501,2722.441650390625,2514.072509765625,2299.94970703125
2020-09-14,2359.24,2722.329345703125,2510.464111328125,2301.97412109375
2020-09-15,2382.77,2720.2861328125,2513.712890625,2304.707275390625
2020-09-16,2389.3301,2721.91357421875,2511.5859375,2307.21044921875
2020-09-17,2406.3601,2721.54443359375,2509.526123046875,2309.37158203125
2020-09-18,2480.0701,2720.93994140625,2511.62744140625,2311.70166015625
2020-09-21,2512.3999,2719.86083984375,2510.845458984375,2313.88818359375
2020-09-22,2511.72,2700.392578125,2512.353271484375,2314.82568359375
2020-09-23,2492.3501,2698.294921875,2512.8662109375,2313.832275390625
2020-09-24,2486.01,2699.054931640625,2510.28955078125,2311.31201171875
2020-09-25,2481.9199,2697.044921875,2506.32275390625,2308.27978515625
2020-09-28,2482.0801,2696.567626953125,2506.883056640625,2305.51123046875
2020-09-29,2495.72,2694.741455078125,2509.14404296875,2303.266357421875
2020-09-30,2476.1101,2698.477783203125,2506.478271484375,2301.513427734375
2020-10-01,2465.79,2700.2607421875,2507.577880859375,2300.141357421875
2020-10-05,2454.4299,2693.438720703125,2504.96923828125,2299.041015625
2020-10-06,2288.51,2694.33251953125,2505.163330078125,2298.110595703125
2020-10-07,2272.22,2698.472900390625,2504.286376953125,2297.2275390625
2020-10-08,2272.8899,2695.879150390625,2499.661376953125,2296.193603515625
2020-10-09,2317.1499,2697.447265625,2502.745849609375,2294.68603515625
2020-10-12,2348.5,2694.406982421875,2501.134033203125,2292.35009765625
2020-10-13,2334.71,2703.993896484375,2502.18798828125,2289.2255859375
2020-10-14,2308.96,2692.942138671875,2500.15087890625,2286.001220703125
2020-10-15,2346.8301,2691.522216796875,2500.223876953125,2283.3759765625
2020-10-16,2366.1399,2690.363037109375,2499.28271484375,2281.514892578125
2020-10-19,2370.4299,2691.289306640625,2500.55029296875,2280.25048828125
2020-10-20,2382.72,2695.224365234375,2500.05029296875,2279.376708984375
2020-10-21,2387.5601,2693.080810546875,2499.162353515625,2278.736083984375
2020-10-22,2287.6001,2686.63623046875,2494.62841796875,2278.208984375
2020-10-23,2294.8899,2735.21728515625,2498.5146484375,2277.677490234375
2020-10-26,2297.8799,2684.9453125,2496.443359375,2276.995849609375
2020-10-27,2258.3401,2712.021728515625,2496.150634765625,2276.00830078125
2020-10-28,2260.97,2712.807861328125,2495.405517578125,2274.669677734375
2020-10-29,2238.97,2712.531005859375,2494.3154296875,2273.1611328125
2020-10-30,2282.2,2760.40234375,2501.180419921875,2271.772216796875
2020-11-03,2262.9399,2706.601806640625,2500.953125,2272.608642578125
2020-11-04,2294.3899,2707.747802734375,2502.24658203125,2272.2275390625
2020-11-05,2317.8301,2708.7197265625,2500.63232421875,2271.30712890625
2020-11-06,2347.3999,2706.53271484375,2501.580810546875,2270.355712890625
2020-11-09,2370.3,2704.628662109375,2501.611083984375,2269.283447265625
2020-11-10,2379.6899,2706.577392578125,2501.27392578125,2268.74658203125
2020-11-11,2411.6001,2706.180419921875,2500.5458984375,2268.467041015625
2020-11-12,2432.55,2705.924072265625,2500.3779296875,2268.152099609375
2020-11-13,2403.5701,2704.9208984375,2500.239501953125,2267.7099609375
2020-11-16,2401.3701,2704.5009765625,2499.406005859375,2266.869384765625
2020-11-17,2386.6899,2703.39892578125,2499.48193359375,2264.7138671875
2020-11-18,2395.71,2705.837646484375,2498.90283203125,2261.085693359375
2020-11-19,2397.26,2706.357177734375,2497.247314453125,2258.625244140625
2020-11-20,2387.8799,2700.435791015625,2497.302001953125,2257.54736328125
2020-11-23,2390.27,2702.359619140625,2497.462890625,2256.9287109375
2020-11-24,2388.54,2699.2021484375,2498.307373046875,2256.34716796875
2020-11-25,2399.98,2698.847900390625,2496.240478515625,2255.70654296875
2020-11-26,2416.1799,2698.249267578125,2496.9619140625,2255.171142578125
2020-11-27,2423.6599,2697.899169921875,2496.3095703125,2254.917724609375
2020-11-30,2433.6299,2697.55224609375,2495.62353515625,2254.869384765625
2020-12-01,2453.8701,2697.60595703125,2498.28466796875,2254.887939453125
2020-12-02,2497.9199,2698.455078125,2498.570556640625,2254.904541015625
2020-12-03,2512.55,2700.714111328125,2496.823974609375,2254.894775390625
2020-12-04,2518.8301,2698.11767578125,2497.589111328125,2254.84033203125
2020-12-07,2534.74,2697.707275390625,2497.662353515625,2254.7138671875
2020-12-08,2582.75,2694.5712890625,2497.785400390625,2254.4775390625
2020-12-09,2642.5,2693.006103515625,2496.33251953125,2254.1005859375
2020-12-10,2641.72,2695.6220703125,2498.445068359375,2253.589111328125
2020-12-11,2628.49,2694.24853515625,2498.0107421875,2253.000244140625
2020-12-14,2627.8101,2694.026123046875,2498.609130859375,2252.41455078125
2020-12-15,2634.8401,2693.651611328125,2496.723388671875,2251.8935546875
2020-12-16,2607.8701,2692.9794921875,2497.185302734375,2251.461181640625
2020-12-17,2602.6899,2674.09716796875,2499.019775390625,2251.114990234375
2020-12-18,2583.01,2673.36279296875,2497.553955078125,2250.841064453125
2020-12-21,2572.95,2671.6259765625,2498.270263671875,2250.623291015625
2020-12-22,2580.21,2668.457763671875,2498.906005859375,2250.44921875
2020-12-23,2584.6299,2666.95751953125,2498.3955078125,2250.30908203125
2020-12-24,2574.73,2664.05078125,2496.608154296875,2250.19970703125
2020-12-25,2599.6699,2670.08203125,2497.9140625,2250.1259765625
2020-12-29,2614.8401,2667.259033203125,2496.91357421875,2250.108642578125
2020-12-31,2631.53,2664.2509765625,2497.541748046875,2250.1787109375
2021-01-01,2638.1001,2662.662841796875,2497.23291015625,2250.336669921875
2021-01-05,2687.45,2667.08642578125,2498.301513671875,2250.50830078125
2021-01-06,2707.6399,2664.9287109375,2498.31689453125,2250.617919921875
2021-01-07,2703.1899,2662.972412109375,2495.7734375,2250.67138671875
2021-01-08,2692.5601,2661.805419921875,2497.935546875,2250.701171875
2021-01-11,2704.8701,2660.948486328125,2496.112548828125,2250.6982421875
2021-01-12,2730.8501,2660.288330078125,2497.19384765625,2250.630859375
2021-01-13,2742.4099,2659.594482421875,2496.9755859375,2250.475341796875
2021-01-14,2782.1699,2651.485595703125,2495.90185546875,2250.20361328125
2021-01-18,2902.98,2652.7431640625,2496.545166015625,2249.718994140625
2021-01-19,3003.3,2645.601318359375,2495.9560546875,2248.795166015625
2021-01-20,3059.03,2649.75146484375,2497.12451171875,2247.354736328125
2021-01-21,3096.3501,2656.06201171875,2496.376953125,2245.80859375
2021-01-22,3196.73,2635.16552734375,2496.32958984375,2244.52880859375
2021-01-25,3312.3501,2654.94140625,2496.80078125,2243.572998046875
2021-01-26,3500.8201,2646.3046875,2498.424072265625,2242.874755859375
2021-01-27,3504.05,2649.9638671875,2499.2939453125,2242.3642578125
2021-01-28,3505.3301,2648.23095703125,2499.963134765625,2241.99267578125
2021-02-01,3514.1799,2635.97900390625,2498.5400390625,2241.726806640625
2021-02-02,3439.1499,2683.373046875,2498.948974609375,2237.58984375
2021-02-03,3187.3799,2685.890625,2499.149658203125,2236.93310546875
2021-02-04,3293.45,2687.182373046875,2498.398681640625,2236.51708984375
2021-02-08,3304.3,2681.89208984375,2498.399658203125,2235.299560546875
2021-02-09,3227.6599,2702.17724609375,2498.17724609375,2233.600341796875
2021-02-10,3169.9199,2704.97900390625,2498.537353515625,2232.074462890625
2021-02-11,3087.7,2704.5478515625,2498.629638671875,2230.743408203125
2021-02-12,3039.28,2704.372314453125,2498.490478515625,2229.275146484375
2021-02-15,3180.24,2703.2236328125,2499.41845703125,2227.86767578125
2021-02-16,3163.5901,2702.876220703125,2499.4189453125,2226.2880859375
2021-02-17,3032.21,2702.70556640625,2499.17578125,2224.188232421875
2021-02-18,3027.6599,2701.77685546875,2499.577880859375,2221.447509765625
2021-02-19,3086.04,2703.5498046875,2500.20556640625,2218.017822265625
2021-02-22,3098.1201,2698.2275390625,2500.654052734375,2214.3115234375
2021-02-23,3029.79,2696.093994140625,2501.506591796875,2210.9912109375
2021-02-24,2898.4299,2692.857666015625,2500.533203125,2208.473388671875
2021-02-25,2899.0,2697.030517578125,2500.944580078125,2206.689453125
2021-02-26,2966.6299,2695.69091796875,2501.743896484375,2205.3994140625
2021-03-02,2964.3,2695.408935546875,2501.539306640625,2204.404052734375
2021-03-03,2909.77,2695.7587890625,2502.141845703125,2203.556640625
2021-03-04,2836.75,2699.22900390625,2501.423095703125,2202.72607421875
2021-03-05,2768.8799,2695.458251953125,2501.88720703125,2201.771240234375
2021-03-08,2791.5701,2701.330810546875,2503.7080078125,2200.5732421875
2021-03-09,2906.6899,2705.583984375,2502.29541015625,2199.102294921875
2021-03-10,2909.98,2697.608154296875,2503.2626953125,2197.501953125
2021-03-11,2867.8201,2695.016357421875,2503.982177734375,2195.939453125
2021-03-15,2893.4399,2692.858642578125,2504.543212890625,2194.186279296875
2021-03-16,2862.8101,2692.3662109375,2503.50732421875,2191.912353515625
2021-03-17,2845.51,2693.804443359375,2504.3994140625,2189.4677734375
2021-03-18,2816.9199,2693.979248046875,2503.737060546875,2187.38916015625
2021-03-19,2774.78,2691.759765625,2504.607177734375,2185.677001953125
2021-03-22,2757.45,2691.09033203125,2504.53857421875,2184.083740234375
2021-03-23,2786.1201,2693.84375,2505.392578125,2182.451171875
2021-03-24,2801.79,2692.18994140625,2505.835693359375,2180.756103515625
2021-03-25,2871.0801,2692.412353515625,2505.6484375,2179.037109375
2021-03-26,2854.25,2690.857666015625,2504.1259765625,2177.365234375
2021-03-29,2866.6599,2690.184326171875,2504.84375,2175.844482421875
2021-03-30,2884.1399,2688.3818359375,2505.404052734375,2174.546875
2021-03-31,2881.6699,2688.363525390625,2506.426025390625,2173.44140625
2021-04-01,2850.1201,2692.359130859375,2506.82421875,2172.385009765625
2021-04-02,2867.72,2686.343017578125,2507.1875,2171.113037109375
2021-04-06,2874.3,2685.89892578125,2507.030029296875,2169.205322265625
2021-04-07,2934.48,2686.797607421875,2506.536376953125,2166.247802734375
2021-04-08,2954.9399,2690.122314453125,2506.7001953125,2162.39697265625
2021-04-09,3002.71,2685.692138671875,2506.422607421875,2158.457275390625
2021-04-12,3020.5701,2687.419921875,2506.01171875,2154.993408203125
2021-04-13,3064.6499,2697.29931640625,2507.97802734375,2152.03564453125
2021-04-16,3079.8601,2686.493408203125,2506.278564453125,2149.478515625
2021-04-19,3071.5,2686.142333984375,2506.610595703125,2147.306884765625
2021-04-20,3042.1499,2681.5458984375,2507.8671875,2145.5400390625
2021-04-21,2955.5601,2681.77880859375,2506.651611328125,2144.1318359375
2021-04-22,2977.3201,2681.5146484375,2507.0498046875,2142.94775390625
2021-04-23,2931.5901,2681.541748046875,2506.621826171875,2141.77294921875
2021-04-26,2879.1699,2685.669189453125,2506.52783203125,2140.320068359375
2021-04-28,2802.0601,2682.004638671875,2506.3505859375,2138.324462890625
2021-04-29,2878.8,2683.02734375,2508.090087890625,2135.814208984375
2021-04-30,2862.3201,2683.1455078125,2507.083740234375,2133.245361328125
2021-05-03,2869.25,2683.54638671875,2508.3603515625,2131.120361328125
2021-05-04,2850.0901,2682.940185546875,2508.358642578125,2129.60595703125
2021-05-05,2815.9399,2683.142333984375,2508.68603515625,2128.603271484375
2021-05-06,2832.6699,2668.184814453125,2508.71142578125,2131.2763671875
2021-05-07,2838.96,2666.876708984375,2508.360107421875,2129.0625
2021-05-10,2875.6399,2667.08642578125,2508.176025390625,2126.996337890625
2021-05-11,2838.1899,2669.519775390625,2508.363525390625,2125.966552734375
2021-05-12,2843.3999,2648.771484375,2508.156005859375,2124.697998046875
2021-05-13,2850.4299,2648.954833984375,2508.04736328125,2122.728515625
2021-05-14,2869.52,2651.799560546875,2508.25146484375,2120.7060546875
2021-05-18,2941.0701,2653.064697265625,2507.903564453125,2119.1142578125
2021-05-19,2956.04,2646.1767578125,2508.233642578125,2117.677734375
2021-05-20,2953.6799,2648.34765625,2508.39306640625,2116.389404296875
2021-05-21,2926.78,2649.05224609375,2508.03173828125,2115.08740234375
2021-05-24,2900.3401,2647.974853515625,2507.977294921875,2113.200439453125
2021-05-25,2900.6101,2646.138916015625,2507.782958984375,2110.29052734375
2021-05-26,2925.8701,2647.438720703125,2507.609375,2107.233642578125
2021-05-31,2955.71,2646.6357421875,2508.103759765625,2104.73388671875
2021-06-01,2978.8101,2645.8623046875,2507.8251953125,2102.386962890625
2021-06-02,3002.3101,2645.468017578125,2507.60498046875,2099.993896484375
2021-06-03,3000.9199,2645.14013671875,2507.609375,2097.879638671875
2021-06-04,3025.76,2646.953125,2507.5390625,2096.307373046875
2021-06-07,3046.47,2644.01123046875,2507.468505859375,2095.195556640625
2021-06-08,3055.1399,2643.45947265625,2507.4208984375,2094.271728515625
2021-06-09,3033.01,2643.060546875,2507.676025390625,2093.129638671875
2021-06-10,3042.47,2642.070556640625,2507.429931640625,2091.29248046875
2021-06-11,3074.1001,2641.03125,2507.094970703125,2089.1171875
2021-06-14,3067.03,2640.984375,2506.889404296875,2087.69287109375
2021-06-15,3054.9399,2640.294921875,2507.282958984375,2086.959228515625
2021-06-16,3051.52,2640.062744140625,2507.2607421875,2086.49072265625
2021-06-17,3072.6699,2640.97265625,2507.236083984375,2086.162109375
2021-06-18,3079.5901,2640.85009765625,2506.34326171875,2085.92626953125
2021-06-21,3083.3799,2639.271728515625,2506.075927734375,2085.67529296875
2021-06-22,3064.45,2638.751953125,2506.324951171875,2085.31982421875
2021-06-23,3026.0801,2639.455810546875,2505.994384765625,2084.88427734375
2021-06-24,3029.6001,2621.838134765625,2506.126953125,2084.54052734375
2021-06-28,3042.6299,2614.288818359375,2506.070556640625,2084.455810546875
2021-06-29,3037.78,2608.1875,2505.77587890625,2084.625732421875
2021-06-30,3002.96,2614.740966796875,2505.6943359375,2084.9677734375
2021-07-01,2968.26,2617.39697265625,2506.07470703125,2085.42626953125
2021-07-02,2956.1201,2613.38623046875,2506.04638671875,2085.9736328125
2021-07-05,2970.75,2612.158203125,2505.6708984375,2086.592529296875
2021-07-06,2952.96,2612.23583984375,2506.046630859375,2087.26953125
2021-07-07,2931.3101,2612.95703125,2505.844482421875,2088.001953125
2021-07-08,2936.4099,2610.37939453125,2505.772216796875,2088.809814453125
2021-07-09,2955.8799,2610.34814453125,2505.702392578125,2089.753662109375
2021-07-12,2979.01,2604.514892578125,2505.916748046875,2090.946533203125
2021-07-13,2987.75,2602.837890625,2505.78466796875,2092.52734375
2021-07-14,3002.27,2598.489501953125,2505.293701171875,2094.550048828125
2021-07-15,3012.1699,2600.135986328125,2504.810302734375,2096.841552734375
2021-07-16,3031.3201,2598.14404296875,2505.095947265625,2099.049072265625
2021-07-19,3030.27,2593.596923828125,2504.61376953125,2100.94384765625
2021-07-20,3081.9399,2595.021728515625,2504.482666015625,2102.6171875
2021-07-21,3095.0901,2593.09765625,2504.332275390625,2104.34423828125
2021-07-23,3092.3101,2588.874755859375,2504.35400390625,2106.17041015625
2021-07-27,3077.95,2591.4345703125,2504.52099609375,2107.623291015625
2021-07-28,3048.22,2596.30908203125,2504.3935546875,2108.08740234375
2021-07-29,3050.99,2590.424560546875,2504.677001953125,2107.343994140625
2021-07-30,3071.54,2595.054931640625,2504.67578125,2105.605712890625
2021-08-02,3062.1699,2594.67138671875,2504.796875,2103.244140625
2021-08-03,3072.3799,2594.169921875,2505.08349609375,2100.5888671875
2021-08-04,3111.1499,2593.895263671875,2505.09912109375,2097.866943359375
2021-08-05,3109.97,2599.2421875,2504.9072265625,2095.212890625
2021-08-06,3037.6101,2600.7587890625,2505.050537109375,2097.1240234375
2021-08-09,3056.02,2602.58154296875,2505.10107421875,2097.98291015625
2021-08-10,3044.05,2603.7294921875,2504.78857421875,2097.728759765625
2021-08-11,3032.24,2598.549560546875,2504.859619140625,2096.175537109375
2021-08-12,3041.1699,2605.949951171875,2505.088623046875,2095.091552734375
2021-08-13,2989.02,2606.902587890625,2505.06494140625,2094.4267578125
2021-08-16,2990.9099,2608.0205078125,2505.039794921875,2094.040771484375
2021-08-17,2988.0601,2603.953125,2504.950927734375,2094.074462890625
2021-08-18,3033.98,2601.814453125,2505.133056640625,2094.41064453125
2021-08-19,3086.0,2601.52099609375,2505.004150390625,2094.904052734375
2021-08-20,3053.0,2602.35107421875,2504.953369140625,2095.369873046875
2021-08-23,3048.6399,2601.837158203125,2505.089111328125,2095.79443359375
2021-08-24,3148.1599,2601.126220703125,2505.102294921875,2096.28662109375
2021-08-25,3176.3999,2601.6328125,2505.103759765625,2096.99560546875
2021-08-26,3189.22,2603.82666015625,2505.015380859375,2098.002197265625
2021-08-27,3341.2,2591.783203125,2505.2900390625,2099.396728515625
2021-08-30,3355.0901,2600.417724609375,2505.03857421875,2101.1416015625
2021-08-31,3303.0901,2596.4462890625,2505.501220703125,2102.806640625
2021-09-01,3375.73,2596.60791015625,2505.62939453125,2104.037841796875
2021-09-02,3440.5,2594.360595703125,2505.427001953125,2104.838134765625
2021-09-03,3501.74,2594.57861328125,2505.297119140625,2105.3486328125
2021-09-06,3497.05,2594.33544921875,2505.75439453125,2105.722412109375
2021-09-07,3455.23,2593.299072265625,2505.642333984375,2106.096435546875
2021-09-08,3417.6899,2592.232421875,2505.830078125,2106.534423828125
2021-09-09,3335.98,2591.382080078125,2505.893310546875,2106.951904296875
2021-09-10,3379.8301,2587.596923828125,2505.995361328125,2107.197265625
2021-09-13,3330.1201,2584.20849609375,2506.1103515625,2107.20849609375
2021-09-14,3214.1201,2584.705078125,2505.905029296875,2107.005126953125
2021-09-15,3265.4099,2587.773681640625,2506.453125,2106.609375
2021-09-16,3335.1699,2589.262939453125,2506.45654296875,2106.0107421875
2021-09-17,3306.6699,2587.251953125,2506.49951171875,2105.1787109375
2021-09-20,3292.0601,2587.44287109375,2507.0126953125,2104.101318359375
2021-09-22,3268.55,2611.129638671875,2506.51416015625,2102.81298828125
2021-09-23,3295.1599,2610.38427734375,2506.927978515625,2101.364013671875
2021-09-24,3317.4399,2611.406494140625,2506.835693359375,2099.74658203125
2021-09-27,3358.75,2609.4306640625,2506.873779296875,2097.841796875
2021-09-28,3427.4299,2609.1044921875,2507.090576171875,2095.4892578125
2021-09-29,3453.3501,2607.2265625,2507.251220703125,2092.818603515625
2021-09-30,3511.2,2610.316162109375,2507.6337890625,2090.356201171875
2021-10-01,3553.3899,2614.367919921875,2507.535400390625,2088.462158203125
2021-10-04,3540.9199,2607.892578125,2507.57861328125,2087.099365234375
2021-10-05,3547.3,2607.125732421875,2507.360107421875,2086.084716796875
2021-10-06,3543.02,2610.19970703125,2507.459716796875,2085.259765625
2021-10-07,3615.95,2605.716552734375,2507.408935546875,2084.514892578125
2021-10-08,3616.95,2610.55419921875,2507.329833984375,2083.776123046875
2021-10-11,3610.9199,2607.90673828125,2507.333984375,2082.991455078125
2021-10-12,3577.78,2599.64453125,2507.18505859375,2082.124755859375
2021-10-13,3574.8401,2596.17236328125,2507.24365234375,2081.1572265625
2021-10-14,3516.98,2605.392333984375,2507.04541015625,2080.09130859375
2021-10-15,3547.53,2604.3837890625,2506.860595703125,2078.953125
2021-10-18,3549.1699,2603.390625,2506.65625,2077.78173828125
2021-10-19,3557.1799,2602.609375,2506.892822265625,2076.59912109375
2021-10-22,3578.6799,2601.574462890625,2506.800048828125,2075.373779296875
2021-10-25,3604.95,2638.02734375,2506.4619140625,2074.004150390625
2021-10-26,3652.6101,2628.45361328125,2506.9248046875,2072.394287109375
2021-10-27,3662.6799,2599.522705078125,2506.66650390625,2070.621337890625
2021-10-28,3695.73,2599.123779296875,2506.450927734375,2068.944580078125
2021-10-29,3692.5801,2598.330810546875,2506.4853515625,2067.57177734375
2021-11-01,3711.8501,2632.549560546875,2506.63525390625,2066.539306640625
2021-11-02,3677.6499,2643.462890625,2506.703369140625,2065.787353515625
2021-11-03,3684.4299,2624.143798828125,2506.641845703125,2068.087158203125
2021-11-04,3660.1201,2624.802978515625,2506.75244140625,2066.90185546875
2021-11-08,3640.27,2627.74755859375,2506.681396484375,2065.655517578125
2021-11-09,3649.9099,2627.90380859375,2506.558349609375,2064.80078125
2021-11-10,3590.0701,2636.198974609375,2506.716796875,2064.1328125
2021-11-11,3636.8899,2642.04248046875,2506.693603515625,2063.79931640625
2021-11-12,3623.3601,2641.8173828125,2506.679931640625,2063.664794921875
2021-11-15,3621.25,2637.09814453125,2506.595458984375,2063.623779296875
2021-11-16,3608.3601,2638.64697265625,2506.61328125,2063.650390625
2021-11-17,3621.22,2638.27392578125,2506.388427734375,2063.67724609375
2021-11-18,3657.8701,2636.48486328125,2506.259765625,2063.57470703125
2021-11-22,3691.03,2636.7451171875,2506.458740234375,2063.2236328125
2021-11-23,3707.6499,2636.656005859375,2506.376220703125,2062.659912109375
2021-11-24,3755.74,2636.124267578125,2506.36279296875,2061.899658203125
2021-11-25,3747.3,2635.722412109375,2506.35693359375,2060.911376953125
2021-11-26,3767.1001,2635.33154296875,2506.385986328125,2059.943603515625
2021-11-29,3828.9099,2635.459716796875,2506.22900390625,2059.03466796875
2021-11-30,3836.4199,2635.44140625,2506.23095703125,2058.140625
2021-12-01,3900.02,2635.28759765625,2506.373046875,2057.36572265625
2021-12-02,3909.3401,2635.14013671875,2506.303466796875,2056.7568359375
2021-12-03,3916.3301,2634.796142578125,2506.2978515625,2056.117431640625
2021-12-06,3887.1001,2635.14208984375,2506.523681640625,2055.06005859375
2021-12-07,3966.3701,2636.93115234375,2506.471435546875,2053.697509765625
2021-12-08,3966.47,2636.815185546875,2506.498046875,2052.57958984375
2021-12-09,3966.1499,2635.00537109375,2506.445068359375,2051.67578125
2021-12-10,3995.74,2637.357421875,2506.517333984375,2050.7724609375
2021-12-13,4082.51,2636.82470703125,2506.488037109375,2049.80224609375
2021-12-14,4200.29,2636.28515625,2506.36572265625,2048.784423828125
2021-12-15,4241.8901,2634.196533203125,2506.4052734375,2047.7825927734375
2021-12-16,4242.0601,2634.12451171875,2506.4755859375,2046.85693359375
2021-12-17,4222.9902,2633.932861328125,2506.348388671875,2045.9859619140625
2021-12-20,4258.0801,2633.599853515625,2506.264404296875,2045.1142578125
2021-12-21,4190.9502,2637.7861328125,2506.41259765625,2044.28076171875
2021-12-22,4185.2402,2637.019775390625,2506.367919921875,2043.58544921875
2021-12-23,4217.96,2643.279296875,2506.348876953125,2043.052734375
2021-12-24,4251.5298,2641.362060546875,2506.475830078125,2042.6392822265625
2021-12-28,4214.3101,2641.33544921875,2506.52880859375,2042.2974853515625
2021-12-29,4214.4902,2640.634521484375,2506.37158203125,2041.995361328125
2021-12-30,4210.7598,2636.935546875,2506.424072265625,2041.71435546875
2021-12-31,4225.23,2636.52783203125,2506.455322265625,2041.443359375
2022-01-03,4232.02,2636.875,2506.758056640625,2041.1751708984375
2022-01-04,4348.2402,2635.89208984375,2506.585693359375,2040.9049072265625
2022-01-05,4394.8501,2635.294189453125,2506.8447265625,2040.6282958984375
2022-01-06,4453.6802,2635.838623046875,2506.6953125,2040.337646484375
2022-01-07,4527.0601,2635.714111328125,2506.791748046875,2040.016357421875
2022-01-10,4568.6401,2635.22705078125,2506.825439453125,2039.630859375
2022-01-11,4531.4502,2634.9287109375,2506.753662109375,2039.12744140625
2022-01-12,4525.8599,2634.865234375,2506.78173828125,2038.4521484375
2022-01-13,4497.21,2634.47705078125,2506.771728515625,2037.61083984375
2022-01-14,4565.3901,2634.830078125,2506.8408203125,2036.68701171875
2022-01-19,4618.4502,2634.37109375,2506.6162109375,2035.7298583984375
2022-01-20,4632.2202,2634.781982421875,2506.64892578125,2034.676513671875
2022-01-21,4609.9102,2634.537353515625,2506.869873046875,2033.5128173828125
2022-01-24,4612.29,2633.976806640625,2506.662841796875,2032.4478759765625
2022-01-25,4635.2598,2633.817138671875,2506.908447265625,2031.6790771484375
2022-01-26,4515.9399,2633.682373046875,2506.777587890625,2031.1905517578125
2022-01-27,4487.0,2635.681640625,2506.849853515625,2030.885498046875
2022-01-28,4400.1802,2641.861328125,2506.949951171875,2030.688232421875
2022-01-31,4396.8799,2640.003662109375,2506.888427734375,2030.554443359375
2022-02-01,4395.9199,2637.545166015625,2507.083251953125,2030.459228515625
2022-02-02,4338.3599,2639.33740234375,2507.10009765625,2037.4609375
2022-02-03,4193.0298,2639.210693359375,2506.9560546875,2036.8564453125
2022-02-04,4351.8501,2638.819091796875,2507.051513671875,2036.6962890625
2022-02-08,4280.8599,2638.606689453125,2507.01953125,2036.4080810546875
2022-02-09,4174.1602,2632.137451171875,2507.093017578125,2036.1805419921875
2022-02-10,4052.5801,2634.67236328125,2507.066162109375,2036.262451171875
2022-02-11,4117.5298,2632.832763671875,2507.099609375,2036.4827880859375
2022-02-14,4238.8999,2632.126953125,2506.99853515625,2036.8984375
2022-02-15,4233.5498,2632.376953125,2506.922119140625,2037.4420166015625
2022-02-16,4218.46,2633.367919921875,2506.921142578125,2038.5369873046875
2022-02-18,4222.6499,2633.86669921875,2507.0546875,2040.9541015625
2022-02-21,4144.3301,2631.986328125,2506.999267578125,2043.4166259765625
2022-02-22,3936.6699,2630.83740234375,2507.007568359375,2045.0576171875
2022-02-23,3933.8401,2633.57470703125,2506.924560546875,2046.384765625
2022-02-24,3767.9299,2631.805908203125,2506.989013671875,2047.7864990234375
2022-02-25,3594.1201,2631.46826171875,2506.92236328125,2049.361572265625
2022-02-28,3751.5601,2630.96337890625,2506.8994140625,2051.044189453125
2022-03-01,3946.73,2631.42724609375,2506.892578125,2052.696533203125
2022-03-03,3875.9399,2632.697265625,2506.930908203125,2054.11083984375
2022-03-04,3783.0901,2631.18505859375,2506.976318359375,2055.09033203125
2022-03-07,3820.9099,2631.0771484375,2506.906982421875,2055.548095703125
2022-03-08,3702.6001,2631.002685546875,2506.931884765625,2055.58837890625
2022-03-09,3593.3899,2630.49560546875,2506.94384765625,2055.423095703125
2022-03-10,3434.3501,2629.711669921875,2507.03076171875,2055.197509765625
2022-03-11,3763.5701,2629.609375,2506.88818359375,2054.96728515625
2022-03-14,3658.73,2632.538330078125,2506.884765625,2054.7265625
2022-03-15,3613.49,2633.034423828125,2506.9443359375,2054.4140625
2022-03-16,3512.5,2632.477294921875,2506.718017578125,2053.9541015625
2022-03-17,3517.96,2631.965576171875,2506.724365234375,2053.337646484375
2022-03-21,3588.1101,2629.882080078125,2506.903564453125,2052.59716796875
2022-03-22,3615.3,2628.9619140625,2506.921875,2051.751953125
2022-03-23,3611.1799,2629.25927734375,2506.93798828125,2050.814453125
2022-03-24,3596.6899,2636.45166015625,2506.805419921875,2049.796875
2022-03-25,3616.1499,2636.091552734375,2506.82861328125,2048.768310546875
2022-03-28,3649.9299,2635.505859375,2506.772216796875,2047.8729248046875
2022-03-29,3533.6599,2632.1513671875,2506.739501953125,2047.1983642578125
2022-03-30,3351.6101,2634.795166015625,2506.7490234375,2046.697509765625
2022-03-31,3182.1799,2631.044921875,2506.825439453125,2046.283203125
2022-04-01,2974.98,2631.48583984375,2507.009033203125,2045.914794921875
2022-04-04,2716.2,2631.145751953125,2507.0283203125,2045.5869140625
2022-04-05,2788.97,2632.239501953125,2507.19189453125,2045.29541015625
2022-04-06,2872.3999,2635.88427734375,2506.993896484375,2045.0230712890625
2022-04-07,2786.8101,2629.76513671875,2507.220947265625,2044.72998046875
2022-04-08,2674.71,2629.813720703125,2507.033935546875,2044.3389892578125
2022-04-11,2621.51,2629.90576171875,2506.960693359375,2043.7333984375
2022-04-26,2292.3201,2629.13818359375,2507.109130859375,2042.840576171875
2022-04-27,2122.9399,2628.740966796875,2506.920166015625,2041.7862548828125
2022-04-28,2413.4199,2628.48828125,2507.014892578125,2040.8350830078125
2022-04-29,2532.52,2628.311767578125,2506.952392578125,2040.1307373046875
2022-05-02,2488.21,2627.93701171875,2506.685791015625,2039.6541748046875
2022-05-05,2516.0601,2627.551025390625,2506.699951171875,2039.33447265625
2022-05-06,2478.6699,2627.236083984375,2506.575439453125,2039.111572265625
2022-05-09,2411.3999,2626.802978515625,2506.68798828125,2038.9444580078125
2022-05-10,2436.8701,2643.82763671875,2506.439208984375,2038.8009033203125
2022-05-13,2536.6399,2646.297119140625,2506.738037109375,2038.64599609375
2022-05-16,2669.73,2635.26953125,2506.490234375,2038.4334716796875
2022-05-18,2819.5,2633.825927734375,2506.459228515625,2038.11181640625
2022-05-19,2802.05,2641.646728515625,2506.265380859375,2037.6668701171875
2022-05-20,2700.6299,2647.369873046875,2506.380859375,2037.16357421875
2022-05-23,2800.6399,2640.6904296875,2506.461669921875,2036.7049560546875
2022-05-24,2856.8999,2639.26220703125,2506.4677734375,2037.3782958984375
2022-05-25,2805.6201,2639.3671875,2506.481201171875,2037.4078369140625
2022-05-26,2776.7,2640.141845703125,2506.46142578125,2037.2677001953125
2022-05-27,2744.9399,2639.32373046875,2506.48828125,2036.949462890625
2022-05-30,2729.1899,2640.74951171875,2506.494140625,2036.5865478515625
2022-05-31,2715.1299,2641.166259765625,2506.543212890625,2036.36669921875
2022-06-01,2686.3101,2641.10595703125,2506.4453125,2036.37255859375
2022-06-02,2656.9199,2640.722900390625,2506.483642578125,2036.4771728515625
2022-06-03,2674.6101,2640.8837890625,2506.51708984375,2036.6337890625
2022-06-06,2646.5601,2641.368896484375,2506.48486328125,2036.8162841796875
2022-06-07,2515.01,2640.9453125,2506.514892578125,2037.0216064453125
2022-06-08,2513.53,2640.994140625,2506.450439453125,2037.2667236328125
2022-06-09,2528.73,2641.279541015625,2506.453857421875,2037.524169921875
2022-06-10,2585.3701,2641.007080078125,2506.45068359375,2037.775146484375
2022-06-13,2556.9399,2640.396484375,2506.4580078125,2038.06884765625
2022-06-14,2543.8,2641.110107421875,2506.4775390625,2038.4595947265625
2022-06-16,2480.3701,2640.604736328125,2506.485107421875,2038.905517578125
2022-06-17,2460.54,2640.6318359375,2506.52587890625,2039.296630859375
2022-06-20,2365.49,2640.791015625,2506.485107421875,2039.569580078125
2022-06-21,2391.4099,2640.3642578125,2506.50048828125,2039.7274169921875
2022-06-22,2408.2,2640.54150390625,2506.539794921875,2039.8026123046875
2022-06-23,2418.0601,2639.622802734375,2506.648193359375,2039.8253173828125
2022-06-24,2449.29,2639.9296875,2506.638916015625,2039.8126220703125
2022-06-27,2478.97,2639.919189453125,2506.6357421875,2039.77197265625
2022-06-28,2377.25,2639.84130859375,2506.6484375,2039.7069091796875
2022-06-29,2344.3301,2640.290283203125,2506.6162109375,2039.6243896484375
2022-06-30,2361.98,2640.314697265625,2506.677490234375,2039.5355224609375
2022-07-01,2339.28,2640.326904296875,2506.683837890625,2039.447998046875
2022-07-04,2389.29,2640.35498046875,2506.580322265625,2039.357421875
2022-07-05,2345.9199,2640.3388671875,2506.659912109375,2039.2501220703125
2022-07-06,2289.5,2640.296630859375,2506.622802734375,2039.1158447265625
2022-07-07,2242.4099,2640.224365234375,2506.591064453125,2038.9580078125
2022-07-08,2231.25,2638.148193359375,2506.59814453125,2038.7816162109375
2022-07-11,2247.3601,2638.08740234375,2506.68359375,2038.57666015625
2022-07-12,2361.4199,2638.18212890625,2506.68505859375,2038.3310546875
2022-07-13,2366.74,2639.508544921875,2506.669921875,2038.043212890625
2022-07-15,2350.0801,2638.6748046875,2506.73095703125,2037.72216796875
2022-07-18,2399.1399,2638.1220703125,2506.71142578125,2037.382080078125
2022-07-19,2418.73,2637.886962890625,2506.7275390625,2037.0211181640625
2022-07-20,2474.1101,2637.946044921875,2506.72705078125,2036.606689453125
2022-07-21,2466.6899,2637.729736328125,2506.79833984375,2036.12255859375
2022-07-22,2486.6799,2637.71044921875,2506.783447265625,2035.635498046875
2022-07-25,2468.8,2637.635986328125,2506.80615234375,2035.23291015625
2022-07-26,2446.6899,2637.8125,2506.8212890625,2034.93212890625
2022-07-27,2426.26,2637.731201171875,2506.806884765625,2034.701171875
2022-07-28,2428.6599,2637.547607421875,2506.83349609375,2034.5054931640625
2022-07-29,2441.01,2637.356201171875,2506.811279296875,2034.3277587890625
2022-08-01,2446.1299,2637.07275390625,2506.862060546875,2034.16650390625
2022-08-02,2438.8799,2637.79248046875,2506.823974609375,2034.026123046875
2022-08-03,2512.8201,2637.155517578125,2506.827880859375,2033.907958984375
2022-08-04,2607.5601,2637.269775390625,2506.77978515625,2033.8092041015625
2022-08-05,2706.04,2637.165771484375,2506.8154296875,2033.7242431640625
2022-08-08,2721.29,2637.348388671875,2506.864990234375,2033.646484375
2022-08-09,2814.1399,2637.16259765625,2506.770263671875,2033.56591796875
2022-08-10,2784.6599,2637.108642578125,2506.81689453125,2033.4669189453125
2022-08-11,2962.74,2637.068603515625,2506.83740234375,2033.32568359375
2022-08-15,3088.46,2637.041259765625,2506.799560546875,2033.1207275390625
2022-08-16,3097.5,2638.37109375,2506.819580078125,2032.8583984375
2022-08-17,3037.0701,2636.960693359375,2506.781005859375,2032.582275390625
2022-08-18,2980.6699,2639.348388671875,2506.8544921875,2032.3375244140625
2022-08-19,2969.3601,2642.33447265625,2506.86279296875,2032.99365234375
2022-08-22,2984.75,2642.28173828125,2506.830810546875,2032.86279296875
2022-08-23,3030.22,2642.16650390625,2506.82421875,2032.82080078125
2022-08-24,2995.1599,2642.1025390625,2506.84765625,2032.583984375
2022-08-25,2944.72,2639.788818359375,2506.804931640625,2032.240966796875
2022-08-26,2858.5701,2640.1640625,2506.8388671875,2031.939208984375
2022-08-29,2871.8899,2639.354736328125,2506.806884765625,2031.7327880859375
2022-08-30,2834.72,2640.139404296875,2506.811767578125,2031.6732177734375
2022-08-31,2861.3601,2640.023681640625,2506.790771484375,2031.8843994140625
2022-09-01,2938.6699,2640.09375,2506.7568359375,2032.2447509765625
2022-09-02,3008.98,2639.99658203125,2506.80224609375,2032.523681640625
2022-09-05,3005.76,2639.98828125,2506.74755859375,2032.654052734375
2022-09-06,3029.3799,2639.9423828125,2506.761474609375,2032.691162109375
2022-09-07,3011.98,2639.18359375,2506.740478515625,2032.7044677734375
2022-09-08,3028.1699,2639.6904296875,2506.76318359375,2032.742431640625
2022-09-09,3082.74,2639.594482421875,2506.745361328125,2032.80224609375
2022-09-12,3152.4299,2639.61083984375,2506.770263671875,2032.858154296875
2022-09-13,3160.6001,2639.58203125,2506.776123046875,2032.9061279296875
2022-09-14,3152.53,2640.129638671875,2506.803955078125,2032.9644775390625
2022-09-15,3193.0901,2639.48681640625,2506.840087890625,2033.0699462890625
2022-09-16,3251.21,2639.46728515625,2506.817138671875,2033.2625732421875
2022-09-19,3253.4399,2639.385986328125,2506.843505859375,2033.517578125
2022-09-20,3224.25,2639.24658203125,2506.871337890625,2033.7296142578125
2022-09-21,3205.22,2639.184814453125,2506.901611328125,2033.8372802734375
2022-09-22,3216.8401,2638.9091796875,2506.91162109375,2033.8504638671875
2022-09-23,3229.78,2639.1298828125,2506.877197265625,2033.7872314453125
2022-09-26,3212.1499,2639.289794921875,2506.9326171875,2033.6566162109375
2022-09-27,3168.22,2638.839111328125,2506.845947265625,2033.4798583984375
2022-09-28,3181.8799,2638.94140625,2506.86962890625,2033.296630859375
2022-09-29,3187.22,2638.877197265625,2506.93896484375,2033.1295166015625
2022-09-30,3168.8999,2638.562744140625,2506.919189453125,2032.973388671875
2022-10-03,3162.1201,2638.63037109375,2506.873779296875,2032.8131103515625
2022-10-04,3009.3101,2637.121826171875,2506.8369140625,2032.6339111328125
2022-10-05,2894.9199,2636.622802734375,2506.833984375,2032.4287109375
2022-10-06,2908.79,2635.834228515625,2506.820068359375,2032.2022705078125
2022-10-07,2802.6499,2635.92041015625,2506.7373046875,2031.9696044921875
2022-10-10,2795.6399,2636.330078125,2506.769287109375,2031.74072265625
2022-10-12,2639.6001,2635.677490234375,2506.8046875,2031.5029296875
2022-10-13,2732.6001,2635.491455078125,2506.818115234375,2031.2188720703125
2022-10-14,2810.1499,2635.193115234375,2506.8095703125,2030.8367919921875
2022-10-17,2788.28,2635.39111328125,2506.896240234375,2030.3367919921875
2022-10-18,2725.0901,2635.01611328125,2506.861083984375,2029.7877197265625
2022-10-19,2690.3601,2634.70263671875,2506.92236328125,2029.2880859375
2022-10-20,2672.3301,2634.838134765625,2506.91796875,2028.87548828125
2022-10-21,2616.8101,2634.914306640625,2506.90771484375,2028.54052734375
2022-10-24,2605.3401,2634.5498046875,2506.958984375,2028.2606201171875
2022-10-26,2550.8,2634.529296875,2506.888671875,2028.0093994140625
2022-10-27,2626.1699,2634.47314453125,2506.960693359375,2027.7596435546875
2022-10-28,2677.3401,2634.434814453125,2507.031494140625,2027.4892578125
2022-10-31,2636.1101,2634.32421875,2506.90966796875,2027.188720703125
2022-11-01,2590.73,2634.204833984375,2506.943603515625,2026.8668212890625
2022-11-02,2631.6001,2634.102783203125,2506.955078125,2026.54248046875
2022-11-03,2606.8899,2633.969482421875,2506.969970703125,2026.2333984375
2022-11-04,2594.78,2634.63037109375,2506.865478515625,2025.957763671875
2022-11-07,2594.05,2635.370849609375,2506.95849609375,2025.7374267578125
2022-11-09,2517.42,2633.72607421875,2506.926025390625,2025.5826416015625
2022-11-10,2545.38,2633.84033203125,2506.889404296875,2025.4859619140625
2022-11-11,2565.66,2633.873046875,2506.91162109375,2025.431640625
2022-11-14,2579.68,2633.667724609375,2507.00341796875,2025.4049072265625
2022-11-15,2570.49,2633.90576171875,2506.99658203125,2025.395263671875
2022-11-16,2551.15,2635.5205078125,2507.00244140625,2025.29541015625
2022-11-17,2483.05,2635.4970703125,2507.0,2025.127197265625
2022-11-18,2473.16,2635.524169921875,2507.00048828125,2024.9881591796875
2022-11-21,2389.2,2635.276123046875,2506.994384765625,2024.9180908203125
2022-11-22,2379.83,2635.198486328125,2507.011474609375,2024.815185546875
2022-11-23,2464.87,2635.455322265625,2507.0,2024.6697998046875
2022-11-24,2513.46,2635.67724609375,2506.999755859375,2024.5621337890625
2022-11-25,2456.91,2635.35791015625,2506.98779296875,2024.4923095703125
2022-11-28,2550.79,2635.299072265625,2506.99462890625,2024.43408203125
2022-11-29,2639.21,2635.308837890625,2506.960205078125,2024.400390625
2022-11-30,2655.9,2635.32421875,2506.9833984375,2024.4329833984375
2022-12-01,2721.52,2635.204345703125,2506.969482421875,2024.6148681640625
2022-12-02,2743.42,2634.83740234375,2506.9482421875,2024.936767578125
2022-12-05,2766.55,2634.629638671875,2506.966552734375,2025.2366943359375
2022-12-06,2811.64,2634.818359375,2506.94580078125,2025.485107421875
2022-12-07,2853.12,2634.154541015625,2506.959228515625,2025.72802734375
2022-12-09,2837.26,2634.580322265625,2506.940673828125,2025.978759765625
2022-12-12,2830.39,2633.884521484375,2506.94677734375,2026.206298828125
2022-12-13,2820.31,2634.553955078125,2506.940673828125,2026.4000244140625
2022-12-14,2824.78,2634.69775390625,2506.958740234375,2026.5970458984375
2022-12-15,2838.3,2635.200927734375,2506.947998046875,2026.849853515625
2022-12-16,2805.63,2635.5283203125,2506.968994140625,2027.172607421875
2022-12-19,2806.16,2634.080322265625,2506.972900390625,2027.5301513671875
2022-12-20,2741.55,2635.345947265625,2506.954833984375,2027.854248046875
2022-12-21,2688.37,2634.583740234375,2506.95068359375,2028.0718994140625
2022-12-22,2661.41,2633.8671875,2506.963623046875,2028.1939697265625
2022-12-23,2638.84,2633.857177734375,2506.998291015625,2028.2581787109375
2022-12-26,2642.97,2633.41259765625,2506.951416015625,2028.280029296875
2022-12-28,2642.43,2634.06689453125,2506.957763671875,2028.267822265625
2022-12-29,2636.11,2633.544921875,2506.9599609375,2028.231201171875
2022-12-30,2631.7,2633.75146484375,2506.9287109375,2028.1787109375
2023-01-02,2649.39,2633.670654296875,2506.9248046875,2028.1209716796875
2023-01-03,2652.2,2633.273681640625,2506.92919921875,2028.0731201171875
2023-01-04,2658.3,2633.077880859375,2506.926513671875,2028.044677734375
2023-01-05,2636.93,2633.119140625,2506.909912109375,2028.0335693359375
2023-01-06,2619.88,2632.95703125,2506.91943359375,2028.03466796875
2023-01-10,2577.92,2632.915771484375,2506.912841796875,2028.04345703125
2023-01-11,2566.97,2632.697509765625,2506.923095703125,2028.05712890625
2023-01-12,2560.83,2632.218017578125,2506.937744140625,2028.07373046875
2023-01-13,2550.2,2632.077392578125,2506.948486328125,2028.0928955078125
2023-01-16,2531.54,2631.68798828125,2506.9482421875,2028.116455078125
2023-01-18,2603.12,2631.23046875,2506.969482421875,2028.1484375
2023-01-19,2613.69,2631.892333984375,2506.9697265625,2028.1953125
2023-01-20,2661.73,2631.77197265625,2506.977294921875,2028.2608642578125
2023-01-23,2725.39,2631.8291015625,2506.97412109375,2028.3394775390625
2023-01-24,2832.37,2631.525634765625,2506.96826171875,2028.4132080078125
2023-01-25,2786.38,2631.430908203125,2506.94189453125,2028.4609375
2023-01-26,2809.95,2631.960205078125,2506.95263671875,2028.4674072265625
2023-01-27,2804.44,2631.28662109375,2506.956298828125,2028.421630859375
2023-01-30,2822.91,2630.1484375,2506.946533203125,2028.32275390625
2023-01-31,2786.72,2630.606201171875,2506.928955078125,2028.1953125
2023-02-01,2764.96,2629.97509765625,2506.919677734375,2028.0706787109375
2023-02-02,2809.8,2629.9990234375,2506.9091796875,2027.9609375
2023-02-03,2815.41,2631.330078125,2506.887939453125,2027.86767578125
2023-02-06,2865.82,2630.87744140625,2506.91845703125,2027.7926025390625
2023-02-07,2843.47,2630.755126953125,2506.89794921875,2027.7359619140625
2023-02-08,2792.8,2630.728759765625,2506.896728515625,2027.6947021484375
2023-02-09,2783.46,2630.879638671875,2506.91357421875,2027.6649169921875
2023-02-10,2769.6,2631.177490234375,2506.895751953125,2027.6434326171875
2023-02-13,2766.94,2630.869873046875,2506.87548828125,2027.627685546875
2023-02-14,2689.57,2630.65185546875,2506.878173828125,2027.64306640625
2023-02-15,2652.75,2630.78564453125,2506.860107421875,2027.615478515625
2023-02-16,2664.17,2630.886962890625,2506.871826171875,2027.5560302734375
2023-02-17,2721.26,2630.567626953125,2506.865478515625,2027.52685546875
2023-02-20,2719.79,2631.519287109375,2506.875,2027.4757080078125
2023-02-21,2786.28,2631.700439453125,2506.87109375,2027.421875
2023-02-22,2813.36,2631.56689453125,2506.865966796875,2027.3682861328125
2023-02-23,2795.35,2631.535400390625,2506.8818359375,2027.318115234375
2023-02-24,2827.85,2631.310546875,2506.879150390625,2027.2763671875
2023-02-27,2838.78,2631.2529296875,2506.88037109375,2027.2440185546875
2023-02-28,2810.88,2631.263916015625,2506.855224609375,2027.217041015625
2023-03-01,2799.32,2631.2080078125,2506.85107421875,2027.1815185546875
2023-03-02,2817.24,2631.838134765625,2506.83203125,2027.1170654296875
2023-03-03,2836.14,2630.986083984375,2506.83740234375,2026.9842529296875
2023-03-06,2842.44,2631.323974609375,2506.82666015625,2026.73828125
2023-03-08,2873.65,2630.487548828125,2506.828369140625,2026.5225830078125
2023-03-09,2863.61,2630.998046875,2506.822021484375,2026.419921875
2023-03-10,2865.25,2630.7216796875,2506.821533203125,2026.3642578125
2023-03-13,2829.26,2633.94775390625,2506.82177734375,2026.3194580078125
2023-03-14,2797.94,2632.986328125,2506.81103515625,2026.280029296875
2023-03-15,2790.56,2631.2490234375,2506.80517578125,2026.2535400390625
2023-03-16,2809.98,2631.43701171875,2506.801025390625,2026.245361328125
2023-03-17,2812.78,2631.41845703125,2506.829345703125,2026.2445068359375
2023-03-20,2845.5,2632.31787109375,2506.831787109375,2026.2381591796875
2023-03-21,2855.86,2631.325927734375,2506.829833984375,2026.2216796875
2023-03-22,2793.83,2630.262451171875,2506.8330078125,2026.1968994140625
2023-03-23,2776.18,2630.5927734375,2506.84326171875,2026.1680908203125
2023-03-24,2721.47,2630.01513671875,2506.83056640625,2026.13916015625
2023-03-27,2730.62,2630.210693359375,2506.82763671875,2026.1129150390625
2023-03-28,2673.87,2630.28955078125,2506.855224609375,2026.0904541015625
2023-03-29,2666.11,2630.1279296875,2506.843505859375,2026.0716552734375
2023-03-30,2681.15,2630.042236328125,2506.83984375,2026.056396484375
2023-03-31,2676.2,2630.1298828125,2506.835205078125,2026.0438232421875
2023-04-03,2680.5,2629.765869140625,2506.84716796875,2026.0335693359375
2023-04-04,2693.74,2629.799072265625,2506.843017578125,2026.0255126953125
2023-04-05,2670.59,2629.719970703125,2506.82177734375,2026.019775390625
2023-04-07,2698.87,2629.543212890625,2506.82958984375,2026.017822265625
2023-04-11,2732.71,2629.335205078125,2506.836669921875,2026.022216796875
2023-04-12,2775.23,2629.540283203125,2506.827392578125,2026.03515625
2023-04-13,2756.64,2629.6328125,2506.809814453125,2026.0567626953125
2023-04-18,2774.94,2629.3681640625,2506.819580078125,2026.081298828125
2023-04-19,2744.33,2629.265869140625,2506.820068359375,2026.1021728515625
2023-04-20,2721.51,2629.396728515625,2506.82763671875,2026.117431640625
2023-04-21,2722.2,2629.521484375,2506.809814453125,2026.1287841796875
2023-04-24,2716.64,2629.5771484375,2506.82080078125,2026.138916015625
2023-04-25,2684.84,2629.37841796875,2506.8115234375,2026.1512451171875
2023-04-26,2673.94,2630.01953125,2506.819091796875,2026.166259765625
2023-04-27,2647.34,2629.880126953125,2506.815673828125,2026.1768798828125
2023-04-28,2624.85,2629.287109375,2506.8193359375,2026.169189453125
2023-05-01,2623.97,2629.060546875,2506.81201171875,2026.12841796875
2023-05-03,2524.71,2628.971923828125,2506.810302734375,2026.047607421875
2023-05-04,2544.0,2628.900390625,2506.827880859375,2025.946044921875
2023-05-05,2560.69,2628.270751953125,2506.818603515625,2025.8582763671875
2023-05-09,2612.5,2628.480712890625,2506.7998046875,2025.7960205078125
2023-05-10,2607.4,2627.63818359375,2506.809814453125,2025.7535400390625
2023-05-11,2587.71,2628.6337890625,2506.815185546875,2025.7239990234375
2023-05-12,2608.24,2628.489501953125,2506.79443359375,2025.7052001953125
2023-05-15,2598.71,2628.484375,2506.791015625,2025.6964111328125
2023-05-16,2574.15,2628.468505859375,2506.80712890625,2025.689453125
2023-05-17,2545.6,2628.12109375,2506.8134765625,2025.6729736328125
2023-05-18,2535.18,2627.645263671875,2506.811767578125,2025.5087890625
2023-05-19,2514.09,2627.646240234375,2506.811279296875,2025.4874267578125
2023-05-22,2483.25,2627.686279296875,2506.815185546875,2025.4644775390625
2023-05-23,2439.88,2627.596923828125,2506.8095703125,2025.4210205078125
2023-05-24,2466.78,2627.236328125,2506.813232421875,2025.3677978515625
2023-05-25,2506.92,2627.254150390625,2506.817626953125,2025.328369140625
2023-05-26,2493.82,2627.205810546875,2506.814208984375,2025.295654296875
2023-05-29,2485.22,2627.292236328125,2506.812744140625,2025.257568359375
2023-05-30,2438.93,2627.096435546875,2506.814208984375,2025.22314453125
2023-05-31,2432.34,2626.9970703125,2506.805419921875,2025.1990966796875
2023-06-01,2429.58,2626.970458984375,2506.796875,2025.1829833984375
2023-06-02,2477.53,2626.99951171875,2506.793701171875,2025.1663818359375
2023-06-05,2499.32,2627.534423828125,2506.7861328125,2025.1373291015625
2023-06-06,2494.26,2626.78173828125,2506.792236328125,2025.0987548828125
2023-06-07,2477.87,2626.75341796875,2506.787841796875,2025.0611572265625
2023-06-08,2468.44,2626.565673828125,2506.78759765625,2025.037109375
2023-06-09,2479.87,2626.84130859375,2506.780517578125,2025.0299072265625
2023-06-12,2492.35,2626.57470703125,2506.788818359375,2025.03173828125
2023-06-13,2556.31,2627.750732421875,2506.786376953125,2025.0357666015625
2023-06-14,2573.8,2627.84814453125,2506.798095703125,2025.0411376953125
2023-06-15,2653.1,2626.7998046875,2506.78125,2025.0474853515625
2023-06-16,2645.33,2627.514892578125,2506.78857421875,2025.0491943359375
2023-06-19,2639.56,2627.40185546875,2506.791015625,2025.0433349609375
2023-06-20,2611.51,2627.352294921875,2506.796630859375,2025.0340576171875
2023-06-21,2615.6,2626.791015625,2506.7958984375,2025.0235595703125
2023-06-22,2662.08,2626.572998046875,2506.808349609375,2025.0107421875
2023-06-23,2668.14,2626.761962890625,2506.8056640625,2024.9947509765625
2023-06-26,2674.34,2626.177490234375,2506.797119140625,2024.9791259765625
2023-06-27,2731.84,2626.159912109375,2506.8095703125,2024.9688720703125
2023-06-28,2695.25,2626.13232421875,2506.80859375,2024.965087890625
2023-06-29,2718.82,2626.09130859375,2506.806640625,2024.9693603515625
2023-07-05,2992.82,2626.02978515625,2506.80322265625,2024.9830322265625
2023-07-06,3009.09,2624.715576171875,2506.807373046875,2025.0029296875
2023-07-07,3013.82,2624.336181640625,2506.8037109375,2025.0203857421875
2023-07-10,3028.63,2624.480712890625,2506.806884765625,2025.0291748046875
2023-07-11,3001.79,2624.364501953125,2506.80908203125,2025.0303955078125
2023-07-12,3008.58,2624.13037109375,2506.802001953125,2025.02783203125
2023-07-13,3066.11,2623.912353515625,2506.8037109375,2025.0242919921875
2023-07-14,3068.73,2624.543212890625,2506.798095703125,2025.021240234375
2023-07-17,3119.2,2625.0400390625,2506.7919921875,2025.0186767578125
2023-07-18,3164.36,2624.43359375,2506.800537109375,2025.016845703125
2023-07-19,3172.0,2623.84814453125,2506.7998046875,2025.01513671875
2023-07-20,3190.28,2624.28955078125,2506.811279296875,2025.0135498046875
2023-07-21,3217.81,2624.6728515625,2506.806640625,2025.0111083984375
2023-07-24,3230.39,2624.142578125,2506.803955078125,2025.0069580078125
2023-07-25,3211.75,2623.931884765625,2506.8134765625,2025.0
2023-07-26,3190.38,2624.03369140625,2506.8115234375,2024.9910888671875
2023-07-27,3169.63,2624.072265625,2506.8203125,2024.98291015625
2023-07-28,3287.63,2623.526611328125,2506.818603515625,2024.97705078125
2023-07-31,3279.98,2623.6162109375,2506.816650390625,2024.9735107421875
2023-08-01,3314.23,2623.542236328125,2506.81689453125,2024.9713134765625
2023-08-03,3330.43,2623.480224609375,2506.821533203125,2024.969970703125
2023-08-04,3385.82,2622.37451171875,2506.818603515625,2024.96923828125
2023-08-07,3406.05,2622.4189453125,2506.817626953125,2024.9691162109375
2023-08-08,3456.95,2622.661376953125,2506.816650390625,2024.9700927734375
2023-08-09,3482.29,2623.257080078125,2506.81689453125,2024.9725341796875
2023-08-10,3449.49,2623.2353515625,2506.8212890625,2024.97705078125
2023-08-11,3450.87,2623.1943359375,2506.82275390625,2024.9832763671875
2023-08-14,3425.08,2622.736083984375,2506.81787109375,2024.9893798828125
2023-08-15,3305.78,2622.881591796875,2506.816650390625,2024.9935302734375
2023-08-16,3264.67,2622.101318359375,2506.816162109375,2025.0574951171875
2023-08-17,3329.95,2622.091552734375,2506.816162109375,2025.06201171875
2023-08-18,3306.06,2622.13818359375,2506.817626953125,2025.0531005859375
2023-08-21,3269.65,2621.96875,2506.81298828125,2025.0338134765625
2023-08-22,3229.84,2621.817138671875,2506.81494140625,2025.020751953125
2023-08-23,3209.48,2621.828857421875,2506.812744140625,2025.01708984375
2023-08-24,3253.42,2621.669189453125,2506.813720703125,2025.0181884765625
2023-08-25,3193.66,2621.77685546875,2506.81494140625,2025.02490234375
2023-08-28,3167.73,2621.451416015625,2506.81494140625,2025.034912109375
2023-08-29,3152.86,2621.41552734375,2506.814208984375,2025.0465087890625
2023-08-30,3155.96,2621.585693359375,2506.81396484375,2025.058837890625
2023-09-01,3134.06,2621.531005859375,2506.8154296875,2025.0745849609375
2023-09-04,3182.36,2622.29150390625,2506.81494140625,2025.095703125
2023-09-05,3234.63,2621.2861328125,2506.81640625,2025.120361328125
2023-09-06,3277.29,2621.271484375,2506.811767578125,2025.145263671875
2023-09-07,3223.16,2620.8671875,2506.815185546875,2025.169921875
2023-09-08,3224.01,2621.367919921875,2506.80859375,2025.1951904296875
2023-09-11,3252.22,2621.029052734375,2506.815673828125,2025.2193603515625
2023-09-12,3228.9,2621.856201171875,2506.814208984375,2025.240478515625
2023-09-13,3209.59,2621.3076171875,2506.81494140625,2025.2586669921875
2023-09-14,3239.86,2621.03271484375,2506.8076171875,2025.2728271484375
2023-09-15,3266.41,2620.83642578125,2506.8076171875,2025.2823486328125
2023-09-18,3248.25,2620.755126953125,2506.8125,2025.287353515625
2023-09-19,3216.89,2620.98974609375,2506.81005859375,2025.2894287109375
2023-09-20,3179.69,2620.870361328125,2506.809814453125,2025.2894287109375
2023-09-21,3177.62,2620.577392578125,2506.815185546875,2025.2879638671875
2023-09-22,3158.74,2620.321044921875,2506.816162109375,2025.2847900390625
2023-09-25,3179.53,2620.166259765625,2506.81298828125,2025.27978515625
2023-09-26,3165.32,2620.46533203125,2506.8154296875,2025.272216796875
2023-09-27,3177.95,2620.4267578125,2506.81494140625,2025.2615966796875
2023-09-28,3203.89,2620.369384765625,2506.816650390625,2025.2479248046875
2023-10-03,3153.32,2620.283203125,2506.818603515625,2025.2322998046875
2023-10-04,3113.09,2618.7783203125,2506.818359375,2025.2158203125
2023-10-05,3125.94,2618.4775390625,2506.81640625,2025.19873046875
2023-10-06,3119.34,2618.51904296875,2506.8125,2025.1807861328125
2023-10-09,3099.5,2618.311279296875,2506.81103515625,2025.160888671875
2023-10-10,3049.85,2618.2001953125,2506.81396484375,2025.1380615234375
2023-10-11,3040.24,2618.056640625,2506.820068359375,2025.1107177734375
2023-10-12,3005.64,2619.1455078125,2506.816650390625,2025.0782470703125
2023-10-13,3047.12,2619.28759765625,2506.817626953125,2025.0439453125
2023-10-16,3047.35,2618.298828125,2506.8154296875,2025.01416015625
2023-10-17,3006.22,2618.17236328125,2506.821044921875,2024.991943359375
2023-10-18,2975.13,2618.619873046875,2506.819091796875,2024.9755859375
2023-10-19,2949.11,2618.782958984375,2506.818359375,2024.9627685546875
2023-10-20,2959.4,2618.549072265625,2506.816650390625,2024.9515380859375
2023-10-23,3059.0,2618.2744140625,2506.818603515625,2024.9407958984375
2023-10-24,3057.8,2616.320556640625,2506.8193359375,2024.9307861328125
2023-10-25,3018.71,2618.063232421875,2506.814208984375,2024.9217529296875
2023-10-26,2982.72,2617.96875,2506.8173828125,2024.9140625
2023-10-27,2970.77,2617.855224609375,2506.818359375,2024.9078369140625
2023-10-30,3022.22,2616.80126953125,2506.81640625,2024.902587890625
2023-10-31,3019.81,2615.61962890625,2506.8173828125,2024.8980712890625
2023-11-01,2998.84,2616.49658203125,2506.8134765625,2024.89404296875
2023-11-02,3045.94,2617.0185546875,2506.8115234375,2024.8895263671875
2023-11-03,3049.36,2616.298095703125,2506.814697265625,2024.8837890625
2023-11-06,3032.29,2617.358154296875,2506.812744140625,2024.8751220703125
2023-11-07,3055.96,2617.32373046875,2506.8115234375,2024.8621826171875
2023-11-08,3078.83,2617.4140625,2506.809814453125,2024.8458251953125
2023-11-09,3110.17,2617.3125,2506.81201171875,2024.8287353515625
2023-11-10,3091.7,2617.1142578125,2506.81201171875,2024.813720703125
2023-11-13,3079.02,2616.112548828125,2506.809814453125,2024.7791748046875
2023-11-14,3089.3,2616.25341796875,2506.805908203125,2024.7718505859375
2023-11-15,3047.04,2616.331298828125,2506.810546875,2024.7657470703125
2023-11-16,3034.59,2616.030517578125,2506.807861328125,2024.7613525390625
2023-11-17,3011.74,2616.28173828125,2506.80859375,2024.7564697265625
2023-11-20,3011.04,2616.31884765625,2506.80908203125,2024.74853515625
2023-11-21,2982.5,2616.053955078125,2506.806640625,2024.7376708984375
2023-11-22,2976.88,2616.052001953125,2506.8046875,2024.7275390625
2023-11-23,2979.64,2615.842041015625,2506.806396484375,2024.7176513671875
2023-11-24,2979.02,2615.802734375,2506.80517578125,2024.706787109375
2023-11-27,2984.08,2615.992431640625,2506.8056640625,2024.690673828125
2023-11-28,2975.95,2616.020263671875,2506.803466796875,2024.6669921875
2023-11-29,2972.22,2615.99072265625,2506.80322265625,2024.643798828125
2023-11-30,2991.8,2615.64892578125,2506.8017578125,2024.62451171875
2023-12-01,3021.15,2615.6162109375,2506.8017578125,2024.6065673828125
2023-12-04,3060.51,2615.13525390625,2506.799072265625,2024.587890625
2023-12-05,3068.51,2615.531982421875,2506.799072265625,2024.569580078125
2023-12-06,3058.96,2615.366455078125,2506.794677734375,2024.5535888671875
2023-12-07,3058.67,2616.223876953125,2506.796875,2024.5399169921875
2023-12-08,3069.96,2615.482421875,2506.79345703125,2024.5264892578125
2023-12-11,3112.31,2615.33837890625,2506.79443359375,2024.5120849609375
2023-12-12,3143.65,2615.1533203125,2506.794677734375,2024.49560546875
2023-12-13,3145.64,2615.331787109375,2506.795654296875,2024.47412109375
2023-12-14,3135.31,2615.359375,2506.794921875,2024.4481201171875
2023-12-15,3122.32,2615.21435546875,2506.794677734375,2024.426513671875
2023-12-18,3099.18,2615.152587890625,2506.79541015625,2024.4117431640625
2023-12-19,3076.49,2614.58740234375,2506.79638671875,2024.4002685546875
2023-12-20,3050.77,2614.3984375,2506.794677734375,2024.38818359375
2023-12-21,3049.37,2614.722900390625,2506.800048828125,2024.373046875
2023-12-22,3059.93,2614.67919921875,2506.798828125,2024.354248046875
2023-12-25,3044.56,2614.614013671875,2506.7978515625,2024.3336181640625
2023-12-28,3053.67,2614.51220703125,2506.80078125,2024.313232421875
2023-12-29,3058.57,2614.963623046875,2506.79833984375,2024.294189453125
2024-01-01,3077.01,2614.765625,2506.79931640625,2024.2777099609375
2024-01-03,3085.98,2614.873046875,2506.79638671875,2024.2647705078125
2024-01-04,3098.91,2614.67822265625,2506.7998046875,2024.254638671875
2024-01-05,3093.66,2614.640380859375,2506.7978515625,2024.246337890625
2024-01-08,3097.32,2614.496337890625,2506.798828125,2024.2392578125
2024-01-09,3078.61,2615.9697265625,2506.796875,2024.2330322265625
2024-01-10,3076.09,2615.3818359375,2506.79296875,2024.2275390625
2024-01-11,3057.27,2614.60107421875,2506.79248046875,2024.222412109375
2024-01-12,3031.96,2614.506591796875,2506.79248046875,2024.2178955078125
2024-01-15,3028.3,2614.678466796875,2506.790283203125,2024.213623046875
2024-01-17,3003.03,2614.695556640625,2506.790771484375,2024.2098388671875
2024-01-18,2976.76,2614.5947265625,2506.787841796875,2024.2061767578125
2024-01-19,2956.58,2614.5634765625,2506.789306640625,2024.2022705078125
2024-01-22,2955.63,2614.521240234375,2506.785400390625,2024.197265625
2024-01-23,2922.48,2614.364990234375,2506.787109375,2024.18994140625
2024-01-24,2904.36,2614.27734375,2506.789794921875,2024.178466796875
2024-01-25,2903.32,2614.163818359375,2506.784912109375,2024.1636962890625
2024-01-29,2927.49,2614.357177734375,2506.787109375,2024.1494140625
2024-01-30,2911.85,2614.319091796875,2506.78857421875,2024.1387939453125
2024-01-31,2901.81,2614.222412109375,2506.79052734375,2024.1319580078125
2024-02-01,2905.31,2616.475341796875,2506.786376953125,2024.1279296875
2024-02-02,2943.53,2616.396240234375,2506.78955078125,2024.12548828125
2024-02-05,2954.18,2613.63916015625,2506.78955078125,2024.1241455078125
2024-02-07,2994.71,2615.148681640625,2506.7861328125,2024.123291015625
2024-02-08,2999.59,2614.96435546875,2506.78759765625,2024.122802734375
2024-02-09,3015.99,2616.882080078125,2506.7880859375,2024.1224365234375
2024-02-12,3025.54,2618.147216796875,2506.789306640625,2024.1221923828125
2024-02-13,3031.93,2617.3232421875,2506.7890625,2024.0506591796875
2024-02-14,3024.9,2617.451416015625,2506.7890625,2024.04150390625
2024-02-15,3029.37,2617.767333984375,2506.788330078125,2024.0325927734375
2024-02-16,3038.93,2617.526611328125,2506.788330078125,2024.01513671875
2024-02-19,3055.2,2618.62451171875,2506.78759765625,2023.9935302734375
2024-02-20,3066.59,2618.78955078125,2506.787353515625,2023.9776611328125
2024-02-21,3070.3,2618.6650390625,2506.787353515625,2023.9644775390625
2024-02-22,3074.13,2618.63818359375,2506.787841796875,2023.94921875
2024-02-23,3070.15,2618.547607421875,2506.787109375,2023.9356689453125
2024-02-27,3058.61,2618.5556640625,2506.786376953125,2023.9268798828125
2024-02-28,3053.94,2618.6953125,2506.784423828125,2023.9228515625
2024-02-29,3063.78,2618.5166015625,2506.78369140625,2023.91943359375
2024-03-01,3045.4,2618.998779296875,2506.783447265625,2023.910888671875
2024-03-04,3054.79,2618.521484375,2506.782958984375,2023.8992919921875
2024-03-05,3088.85,2618.2529296875,2506.781494140625,2023.89013671875
2024-03-06,3096.95,2618.3310546875,2506.781494140625,2023.88818359375
2024-03-07,3107.07,2618.33349609375,2506.781494140625,2023.8931884765625
2024-03-08,3162.73,2618.313232421875,2506.782958984375,2023.9005126953125
2024-03-12,3177.03,2618.264404296875,2506.781982421875,2023.907470703125
2024-03-13,3186.74,2618.16748046875,2506.782958984375,2023.9141845703125
2024-03-14,3224.2,2617.855712890625,2506.7822265625,2023.9208984375
2024-03-15,3232.24,2618.068603515625,2506.782958984375,2023.924560546875
2024-03-18,3250.1,2617.94873046875,2506.78173828125,2023.9244384765625
2024-03-19,3236.14,2617.98779296875,2506.78271484375,2023.9227294921875
2024-03-20,3214.42,2617.904052734375,2506.782470703125,2023.92041015625
2024-03-21,3208.8,2618.08349609375,2506.78271484375,2023.91748046875
2024-03-22,3189.95,2618.0859375,2506.78125,2023.914794921875
2024-03-25,3224.25,2618.083740234375,2506.78076171875,2023.9139404296875
2024-03-26,3227.68,2618.0849609375,2506.78369140625,2023.9154052734375
2024-03-27,3277.4,2618.072021484375,2506.78369140625,2023.9188232421875
2024-03-28,3302.01,2618.0458984375,2506.78369140625,2023.9251708984375
2024-03-29,3326.28,2617.998046875,2506.782470703125,2023.93505859375
2024-04-02,3334.43,2618.800048828125,2506.782958984375,2023.9466552734375
2024-04-03,3351.6,2618.74658203125,2506.782958984375,2023.9561767578125
2024-04-04,3404.94,2618.810302734375,2506.782958984375,2023.9615478515625
2024-04-05,3433.68,2618.8671875,2506.78369140625,2023.9632568359375
2024-04-08,3490.34,2618.878173828125,2506.78369140625,2023.9630126953125
2024-04-09,3542.49,2618.82080078125,2506.7841796875,2023.9620361328125
2024-04-10,3550.44,2618.717041015625,2506.783447265625,2023.9610595703125
2024-04-11,3580.64,2618.749267578125,2506.7822265625,2023.960205078125
2024-04-16,3565.91,2618.936767578125,2506.783447265625,2023.9595947265625
2024-04-17,3472.53,2618.633056640625,2506.782958984375,2023.958984375
2024-04-18,3488.71,2618.897705078125,2506.78369140625,2023.9583740234375
2024-04-19,3482.51,2618.638916015625,2506.78271484375,2023.95751953125
2024-04-22,3456.94,2618.640869140625,2506.781982421875,2023.9559326171875
2024-04-23,3493.85,2618.595703125,2506.78515625,2023.9532470703125
2024-04-25,3492.99,2619.29345703125,2506.784423828125,2023.94970703125
2024-04-26,3599.66,2619.106689453125,2506.78564453125,2023.9462890625
2024-04-29,3643.48,2618.513427734375,2506.78515625,2023.943603515625
2024-04-30,3686.89,2619.5908203125,2506.7841796875,2023.94189453125
2024-05-01,3691.66,2618.798828125,2506.784912109375,2023.940673828125
2024-05-03,3681.41,2618.4287109375,2506.7861328125,2023.93994140625
2024-05-06,3668.99,2618.9892578125,2506.78515625,2023.939453125
2024-05-07,3648.93,2619.242431640625,2506.784912109375,2023.9393310546875
2024-05-08,3647.47,2618.35302734375,2506.78564453125,2023.939453125
2024-05-09,3645.57,2618.349365234375,2506.78466796875,2023.9400634765625
2024-05-10,3683.85,2618.31689453125,2506.7841796875,2023.941162109375
2024-05-13,3735.66,2618.2841796875,2506.78466796875,2023.94287109375
2024-05-14,3726.33,2618.2734375,2506.78369140625,2023.9442138671875
2024-05-15,3681.28,2618.705078125,2506.78564453125,2023.945068359375
2024-05-16,3637.03,2618.15478515625,2506.786376953125,2023.9434814453125
2024-05-17,3639.29,2618.14453125,2506.78466796875,2023.9498291015625
2024-05-20,3646.08,2618.10693359375,2506.785400390625,2023.95458984375
2024-05-21,3615.02,2618.086181640625,2506.785400390625,2023.9560546875
2024-05-22,3622.01,2616.98291015625,2506.784423828125,2023.9482421875
2024-05-23,3667.64,2617.19140625,2506.785400390625,2023.9365234375
2024-05-28,3652.44,2617.129638671875,2506.78515625,2023.9285888671875
2024-05-29,3623.48,2617.1279296875,2506.78466796875,2023.9237060546875
2024-05-30,3550.12,2617.088623046875,2506.785400390625,2023.92138671875
2024-05-31,3595.21,2617.048095703125,2506.78515625,2023.921630859375
2024-06-03,3575.46,2617.14697265625,2506.785888671875,2023.9229736328125
2024-06-04,3561.9,2616.9267578125,2506.785888671875,2023.9248046875
2024-06-05,3569.92,2616.855224609375,2506.787109375,2023.927001953125
2024-06-06,3605.94,2617.0322265625,2506.78662109375,2023.9290771484375
2024-06-07,3648.34,2616.561279296875,2506.787841796875,2023.930419921875
2024-06-10,3662.18,2616.784423828125,2506.787109375,2023.9315185546875
2024-06-11,3690.83,2616.881103515625,2506.7880859375,2023.9322509765625
2024-06-12,3683.44,2616.877197265625,2506.787841796875,2023.93310546875
2024-06-13,3692.43,2617.1982421875,2506.78759765625,2023.9337158203125
2024-06-14,3675.87,2617.130615234375,2506.787841796875,2023.9342041015625
2024-06-17,3651.51,2616.836181640625,2506.78662109375,2023.9345703125
2024-06-19,3620.65,2616.82666015625,2506.786376953125,2023.934814453125
2024-06-20,3612.86,2616.754638671875,2506.78662109375,2023.9351806640625
2024-06-21,3616.0,2616.65380859375,2506.785888671875,2023.936279296875
2024-06-25,3632.21,2616.669189453125,2506.785400390625,2023.93896484375
2024-06-26,3633.33,2616.802001953125,2506.786865234375,2023.9423828125
2024-06-27,3632.16,2616.891845703125,2506.78662109375,2023.9447021484375
2024-06-28,3595.81,2616.557861328125,2506.78515625,2023.9454345703125
2024-07-01,3602.64,2616.817138671875,2506.785888671875,2023.9451904296875
2024-07-02,3568.75,2616.63671875,2506.785888671875,2023.94482421875
2024-07-03,3575.12,2616.600830078125,2506.786376953125,2023.944580078125
2024-07-04,3540.05,2616.544921875,2506.786376953125,2023.9439697265625
2024-07-05,3512.39,2616.88720703125,2506.78759765625,2023.9420166015625
2024-07-08,3508.02,2616.8515625,2506.78759765625,2023.938232421875
2024-07-09,3471.42,2616.848876953125,2506.787109375,2023.9315185546875
2024-07-10,3440.29,2616.734130859375,2506.787353515625,2023.9212646484375
2024-07-11,3452.34,2616.525390625,2506.7880859375,2023.9085693359375
2024-07-12,3440.71,2616.6123046875,2506.78857421875,2023.89599609375
2024-07-15,3463.39,2616.6591796875,2506.789794921875,2023.8853759765625
2024-07-16,3477.65,2617.061767578125,2506.78955078125,2023.8770751953125
2024-07-17,3475.33,2616.6474609375,2506.790283203125,2023.87060546875
2024-07-18,3459.36,2616.5986328125,2506.790283203125,2023.86572265625
2024-07-19,3438.0,2616.513671875,2506.79052734375,2023.862060546875
2024-07-22,3430.19,2616.523681640625,2506.790771484375,2023.859375
2024-07-23,3367.57,2616.546875,2506.78955078125,2023.857421875
2024-07-24,3377.46,2616.46337890625,2506.78955078125,2023.8558349609375
2024-07-25,3414.06,2616.791015625,2506.789794921875,2023.8546142578125
2024-07-26,3394.37,2616.6533203125,2506.789794921875,2023.8536376953125
2024-07-29,3388.66,2616.761962890625,2506.7890625,2023.8526611328125
2024-07-30,3369.28,2616.764892578125,2506.7900390625,2023.8516845703125
2024-07-31,3340.37,2616.308349609375,2506.788330078125,2023.85009765625
2024-08-01,3267.43,2616.271728515625,2506.78857421875,2023.847412109375
2024-08-02,3283.05,2616.63525390625,2506.788818359375,2023.843017578125
2024-08-05,3293.73,2616.21240234375,2506.7890625,2023.8369140625
2024-08-06,3216.49,2616.168701171875,2506.78955078125,2023.8304443359375
2024-08-07,3235.1,2617.934814453125,2506.79052734375,2023.8248291015625
2024-08-08,3221.14,2616.85693359375,2506.788818359375,2023.8203125
2024-08-09,3215.11,2616.738037109375,2506.7890625,2023.816650390625
2024-08-12,3229.89,2616.7451171875,2506.789306640625,2023.8138427734375
2024-08-13,3234.69,2617.384521484375,2506.788818359375,2023.8115234375
2024-08-14,3249.4,2617.765869140625,2506.7890625,2023.809326171875
2024-08-15,3278.74,2617.7646484375,2506.788330078125,2023.804443359375
2024-08-16,3309.98,2617.879638671875,2506.78857421875,2023.799560546875
2024-08-19,3307.36,2617.78271484375,2506.788818359375,2023.7957763671875
2024-08-21,3307.38,2617.822265625,2506.788330078125,2023.7935791015625
2024-08-22,3306.21,2617.86669921875,2506.78857421875,2023.7930908203125
2024-08-23,3286.61,2617.792724609375,2506.788330078125,2023.79345703125
2024-08-26,3256.59,2617.794677734375,2506.78857421875,2023.79443359375
2024-08-27,3196.03,2617.779296875,2506.788330078125,2023.7960205078125
2024-08-28,3154.73,2617.79296875,2506.78857421875,2023.7978515625
2024-08-29,3107.97,2617.788818359375,2506.78857421875,2023.7991943359375
2024-08-30,3083.92,2617.795166015625,2506.78857421875,2023.7998046875
2024-09-02,3063.75,2617.779296875,2506.788818359375,2023.79931640625
2024-09-03,3005.01,2617.736083984375,2506.788330078125,2023.7974853515625
2024-09-04,2996.61,2617.693603515625,2506.78857421875,2023.794189453125
2024-09-05,3058.22,2617.748291015625,2506.788330078125,2023.7908935546875
2024-09-06,3041.65,2617.697509765625,2506.7890625,2023.7884521484375
2024-09-09,3021.57,2617.686279296875,2506.788330078125,2023.786376953125
2024-09-10,2964.35,2617.70703125,2506.788330078125,2023.783935546875
2024-09-11,2937.53,2617.709228515625,2506.7880859375,2023.781005859375
2024-09-12,2928.36,2617.72412109375,2506.7880859375,2023.778076171875
2024-09-13,2928.74,2617.635986328125,2506.788330078125,2023.7747802734375
2024-09-16,2987.77,2617.605224609375,2506.78857421875,2023.769775390625
2024-09-19,3048.02,2617.599609375,2506.7880859375,2023.764404296875
2024-09-20,3061.9,2617.567138671875,2506.78857421875,2023.7603759765625
2024-09-23,3103.55,2617.488037109375,2506.78857421875,2023.757080078125
2024-09-24,3168.09,2617.579833984375,2506.788330078125,2023.7532958984375
2024-09-25,3236.79,2617.576904296875,2506.78857421875,2023.748779296875
2024-09-26,3383.76,2617.57470703125,2506.7880859375,2023.744140625
2024-09-27,3399.44,2617.56787109375,2506.788818359375,2023.739990234375
2024-09-30,3434.44,2617.555419921875,2506.788818359375,2023.736328125
2024-10-01,3459.41,2617.533203125,2506.7890625,2023.73291015625
2024-10-02,3505.83,2617.30078125,2506.789306640625,2023.7294921875
2024-10-03,3512.64,2617.3330078125,2506.789306640625,2023.7264404296875
2024-10-04,3490.84,2617.347412109375,2506.789306640625,2023.72412109375
2024-10-07,3540.22,2617.277099609375,2506.789306640625,2023.7222900390625
2024-10-08,3594.94,2617.3681640625,2506.78955078125,2023.7208251953125
2024-10-09,3605.35,2617.353271484375,2506.789794921875,2023.7197265625
2024-10-10,3603.53,2617.278564453125,2506.789794921875,2023.7186279296875
2024-10-11,3601.2,2617.35302734375,2506.789306640625,2023.7176513671875
2024-10-14,3635.36,2617.26171875,2506.78955078125,2023.7166748046875
2024-10-15,3623.34,2617.260498046875,2506.78955078125,2023.7158203125
2024-10-16,3607.01,2617.218505859375,2506.78955078125,2023.7147216796875
2024-10-17,3618.1,2617.335205078125,2506.789306640625,2023.713623046875
2024-10-21,3627.25,2617.254638671875,2506.789306640625,2023.7120361328125
2024-10-22,3624.86,2617.237548828125,2506.7890625,2023.7099609375
2024-10-23,3631.21,2617.82373046875,2506.7890625,2023.7073974609375
2024-10-24,3675.77,2617.282470703125,2506.789306640625,2023.7042236328125
2024-10-25,3732.11,2617.51220703125,2506.789794921875,2023.701171875
2024-10-28,3764.35,2617.956298828125,2506.789306640625,2023.6981201171875
2024-10-29,3790.17,2617.754150390625,2506.789794921875,2023.6949462890625
2024-10-30,3859.73,2617.134521484375,2506.78955078125,2023.6915283203125
2024-10-31,3868.16,2617.11328125,2506.789794921875,2023.6876220703125
2024-11-04,3880.09,2618.05419921875,2506.789306640625,2023.68359375
2024-11-05,3876.88,2617.0869140625,2506.789794921875,2023.680419921875
2024-11-06,3855.26,2617.578369140625,2506.789794921875,2023.678466796875
2024-11-07,3831.91,2618.02685546875,2506.7890625,2023.67724609375
2024-11-08,3827.25,2617.048828125,2506.789794921875,2023.676513671875
2024-11-11,3826.35,2617.042236328125,2506.789794921875,2023.676025390625
2024-11-12,3866.21,2617.584716796875,2506.789794921875,2023.67578125
2024-11-13,3892.27,2617.523681640625,2506.789794921875,2023.66357421875
2024-11-14,3941.72,2617.5185546875,2506.789794921875,2023.66162109375
2024-11-15,3986.85,2617.506103515625,2506.78955078125,2023.65966796875
2024-11-19,3983.88,2617.48974609375,2506.789306640625,2023.656494140625
2024-11-20,3930.27,2617.227783203125,2506.78955078125,2023.6533203125
2024-11-21,3918.13,2617.123046875,2506.78955078125,2023.651123046875
2024-11-22,3874.74,2617.13916015625,2506.789306640625,2023.648681640625
2024-11-25,3866.88,2617.090576171875,2506.78955078125,2023.6448974609375
2024-11-26,3798.38,2617.047119140625,2506.788818359375,2023.641357421875
2024-11-27,3852.19,2617.078369140625,2506.788818359375,2023.638671875
2024-11-28,3883.52,2617.087646484375,2506.7890625,2023.636474609375
2024-11-29,3918.58,2617.08935546875,2506.7890625,2023.6351318359375
2024-12-02,3907.97,2617.083740234375,2506.7890625,2023.634033203125
2024-12-03,3916.21,2617.109619140625,2506.788818359375,2023.63232421875
2024-12-04,3949.39,2617.0166015625,2506.78857421875,2023.6300048828125
2024-12-05,4020.81,2616.9921875,2506.78857421875,2023.62744140625
2024-12-06,4056.66,2617.041748046875,2506.788818359375,2023.62548828125
2024-12-09,4069.57,2617.034423828125,2506.78857421875,2023.6243896484375
2024-12-10,4094.24,2617.028564453125,2506.78857421875,2023.62451171875
2024-12-11,4129.31,2617.02099609375,2506.78857421875,2023.6256103515625
2024-12-12,4154.9,2617.014404296875,2506.78857421875,2023.6278076171875
2024-12-13,4186.09,2617.009521484375,2506.78857421875,2023.630126953125
2024-12-16,4257.91,2616.9931640625,2506.788330078125,2023.6319580078125
2024-12-17,4356.42,2616.931396484375,2506.788330078125,2023.6331787109375
2024-12-18,4381.12,2616.93994140625,2506.788330078125,2023.6339111328125
2024-12-19,4414.12,2617.0224609375,2506.7880859375,2023.6346435546875
2024-12-20,4400.85,2617.05126953125,2506.7880859375,2023.6361083984375
2024-12-23,4420.44,2616.955810546875,2506.78759765625,2023.6385498046875
2024-12-24,4494.44,2616.966552734375,2506.787841796875,2023.6414794921875
2024-12-25,4533.06,2616.9345703125,2506.7880859375,2023.64404296875
2024-12-27,4605.21,2616.930419921875,2506.787841796875,2023.6458740234375
2024-12-30,4682.35,2616.907470703125,2506.787109375,2023.6468505859375
2024-12-31,4830.04,2616.32080078125,2506.787109375,2023.64697265625
2025-01-01,4861.59,2616.372802734375,2506.787109375,2023.6468505859375
2025-01-03,4974.09,2616.337890625,2506.78662109375,2023.64697265625
2025-01-06,4925.82,2616.29931640625,2506.787109375,2023.647705078125
2025-01-07,4806.63,2616.290771484375,2506.787353515625,2023.6492919921875
2025-01-08,4802.21,2616.262451171875,2506.786865234375,2023.6519775390625
2025-01-09,4824.13,2616.23095703125,2506.78759765625,2023.6553955078125
2025-01-10,4749.69,2616.188720703125,2506.787109375,2023.65869140625
2025-01-13,4815.28,2616.1552734375,2506.7880859375,2023.6610107421875
2025-01-16,4905.92,2616.172607421875,2506.787353515625,2023.6624755859375
2025-01-17,4923.69,2616.274658203125,2506.7880859375,2023.663330078125
2025-01-20,4927.86,2616.26123046875,2506.787841796875,2023.6636962890625
2025-01-21,4969.01,2616.188232421875,2506.7880859375,2023.663818359375
2025-01-22,5056.74,2616.199462890625,2506.788818359375,2023.6636962890625
2025-01-23,5138.66,2616.0888671875,2506.7880859375,2023.6632080078125
2025-01-24,5189.1,2616.072998046875,2506.78857421875,2023.66259765625
2025-01-27,5125.58,2616.066650390625,2506.788818359375,2023.6619873046875
2025-01-28,5150.61,2616.0498046875,2506.788330078125,2023.66162109375
2025-01-29,5171.71,2616.034423828125,2506.78857421875,2023.661376953125
2025-01-30,5146.02,2616.01806640625,2506.78857421875,2023.6612548828125
2025-01-31,5131.32,2616.00048828125,2506.788330078125,2023.6611328125
2025-02-03,5127.97,2616.247314453125,2506.787841796875,2023.6610107421875
2025-02-04,5067.23,2616.656494140625,2506.78857421875,2023.6610107421875
2025-02-06,4889.6,2616.145263671875,2506.7880859375,2023.6611328125
2025-02-07,4937.79,2616.110107421875,2506.787841796875,2023.6612548828125
2025-02-10,4996.07,2616.06298828125,2506.78759765625,2023.661376953125
2025-02-11,4970.21,2616.064697265625,2506.787353515625,2023.6614990234375
2025-02-12,4898.0,2616.211669921875,2506.78759765625,2023.6614990234375
2025-02-14,4946.6,2617.0322265625,2506.78759765625,2023.66162109375
2025-02-17,5037.52,2617.072998046875,2506.78759765625,2023.6614990234375
2025-02-18,5109.63,2617.1103515625,2506.78759765625,2023.6607666015625
2025-02-19,5139.63,2616.97412109375,2506.78759765625,2023.65966796875
2025-02-20,5094.34,2617.379638671875,2506.78759765625,2023.6585693359375
2025-02-21,5052.39,2617.4462890625,2506.78759765625,2023.658203125
2025-02-24,5070.73,2617.49267578125,2506.78759765625,2023.657958984375
2025-02-25,5002.43,2617.41943359375,2506.78759765625,2023.65771484375
2025-02-26,4912.17,2617.382080078125,2506.78759765625,2023.657470703125
2025-02-28,4904.63,2617.380126953125,2506.78759765625,2023.656982421875
2025-03-03,4940.49,2617.40673828125,2506.787841796875,2023.6556396484375
2025-03-04,4828.67,2617.34130859375,2506.78759765625,2023.65234375
2025-03-05,4759.7,2617.340087890625,2506.78759765625,2023.6488037109375
2025-03-06,4826.92,2617.335205078125,2506.787841796875,2023.6470947265625
2025-03-07,4817.59,2617.26171875,2506.787841796875,2023.6461181640625
2025-03-10,4817.74,2617.25341796875,2506.78759765625,2023.6451416015625
2025-03-11,4778.72,2617.274169921875,2506.787841796875,2023.6444091796875
2025-03-12,4684.2,2617.258056640625,2506.787841796875,2023.643798828125
2025-03-13,4747.02,2617.47509765625,2506.787841796875,2023.6435546875
2025-03-17,4737.61,2617.4208984375,2506.78759765625,2023.6434326171875
2025-03-18,4668.02,2617.242431640625,2506.787841796875,2023.643310546875
2025-03-19,4588.03,2617.215087890625,2506.787841796875,2023.643310546875
2025-03-20,4612.38,2617.2265625,2506.787841796875,2023.6431884765625
2025-03-21,4703.54,2617.213623046875,2506.78759765625,2023.6431884765625
2025-03-24,4772.71,2617.275390625,2506.78759765625,2023.64306640625
2025-03-25,4768.26,2617.24755859375,2506.787841796875,2023.6429443359375
2025-03-26,4761.65,2617.23486328125,2506.787841796875,2023.642578125
2025-03-27,4747.76,2617.1943359375,2506.78759765625,2023.64208984375
2025-03-28,4767.27,2617.2236328125,2506.78759765625,2023.6414794921875
2025-03-31,4740.43,2617.2236328125,2506.78759765625,2023.6407470703125
2025-04-02,4763.86,2617.278076171875,2506.787353515625,2023.6400146484375
2025-04-03,4768.41,2617.169677734375,2506.78759765625,2023.639404296875
2025-04-04,4638.67,2617.012939453125,2506.78759765625,2023.6387939453125
2025-04-07,4541.71,2616.986328125,2506.787353515625,2023.638427734375
2025-04-08,4268.78,2616.999755859375,2506.78759765625,2023.6380615234375
2025-04-09,4455.13,2616.963134765625,2506.78759765625,2023.6378173828125
2025-04-10,4360.83,2616.955810546875,2506.787353515625,2023.6375732421875
2025-04-11,4638.38,2616.919921875,2506.78759765625,2023.637451171875
2025-04-14,4619.65,2617.0107421875,2506.78759765625,2023.637451171875
2025-04-17,4653.11,2617.032958984375,2506.787841796875,2023.6375732421875
2025-04-18,4643.14,2616.969970703125,2506.787841796875,2023.6378173828125
2025-04-22,4623.07,2616.917724609375,2506.78759765625,2023.63818359375
2025-04-23,4597.78,2616.982666015625,2506.787841796875,2023.6385498046875
2025-04-24,4608.41,2616.929443359375,2506.787841796875,2023.6387939453125
2025-04-25,4608.44,2616.973876953125,2506.7880859375,2023.638671875
2025-04-28,4643.6,2616.93359375,2506.7880859375,2023.6385498046875
2025-04-29,4659.72,2617.203369140625,2506.7880859375,2023.6383056640625
2025-04-30,4673.54,2616.912841796875,2506.787841796875,2023.637939453125
2025-05-01,4647.05,2616.90478515625,2506.7880859375,2023.637451171875
2025-05-05,4649.29,2616.893310546875,2506.7880859375,2023.636962890625
2025-05-06,4665.04,2616.974609375,2506.787841796875,2023.6361083984375
2025-05-07,4679.65,2616.982421875,2506.787841796875,2023.6348876953125
2025-05-08,4640.04,2616.991455078125,2506.7880859375,2023.633056640625
2025-05-09,4659.41,2617.146728515625,2506.787841796875,2023.63134765625
2025-05-12,4666.02,2617.125732421875,2506.7880859375,2023.6298828125
2025-05-15,4748.51,2616.83740234375,2506.787841796875,2023.62890625
2025-05-16,4807.18,2616.832275390625,2506.787841796875,2023.628173828125
2025-05-19,4832.94,2617.0419921875,2506.78759765625,2023.627685546875
2025-05-20,4837.69,2617.246826171875,2506.787841796875,2023.6273193359375
2025-05-21,4820.18,2617.3671875,2506.787841796875,2023.6270751953125
2025-05-22,4818.13,2617.18603515625,2506.78759765625,2023.6253662109375
2025-05-23,4850.15,2617.1845703125,2506.78759765625,2023.6251220703125
2025-05-26,4842.95,2617.173095703125,2506.78759765625,2023.624755859375
2025-05-27,4849.48,2617.166748046875,2506.78759765625,2023.6243896484375
2025-05-28,4916.11,2616.7568359375,2506.78759765625,2023.6239013671875
2025-05-29,4923.3,2616.790771484375,2506.78759765625,2023.6236572265625
2025-05-30,4970.55,2616.731201171875,2506.787353515625,2023.623291015625
2025-06-02,4990.8,2616.77978515625,2506.78759765625,2023.6226806640625
2025-06-03,5047.91,2616.78515625,2506.787353515625,2023.6220703125
2025-06-04,5143.45,2616.7490234375,2506.787353515625,2023.6217041015625
2025-06-05,5162.06,2616.773193359375,2506.787353515625,2023.621337890625
2025-06-06,5193.79,2616.77490234375,2506.787109375,2023.6209716796875
2025-06-09,5175.15,2616.76904296875,2506.787109375,2023.62060546875
2025-06-10,5211.72,2616.7490234375,2506.787109375,2023.6201171875
2025-06-12,5287.08,2616.73974609375,2506.787109375,2023.61962890625
2025-06-13,5272.53,2616.725830078125,2506.786865234375,2023.618896484375
2025-06-16,5193.92,2616.76171875,2506.787109375,2023.6181640625
2025-06-17,5160.99,2616.7265625,2506.786865234375,2023.6173095703125
2025-06-18,5154.19,2616.85693359375,2506.786865234375,2023.6165771484375
2025-06-19,5086.43,2616.77392578125,2506.78662109375,2023.615966796875
2025-06-20,5039.12,2616.6953125,2506.786865234375,2023.6153564453125
2025-06-23,5095.37,2616.70361328125,2506.787109375,2023.6148681640625
2025-06-24,4996.07,2616.66796875,2506.786865234375,2023.614501953125
2025-06-25,5125.0,2616.64111328125,2506.786865234375,2023.6141357421875
2025-06-26,5219.48,2616.62060546875,2506.787109375,2023.61376953125
2025-06-27,5276.34,2616.650634765625,2506.786865234375,2023.6134033203125
2025-06-30,5289.51,2616.649658203125,2506.787109375,2023.6126708984375
2025-07-01,5345.8,2616.646728515625,2506.786865234375,2023.6119384765625
2025-07-02,5355.63,2616.64453125,2506.786865234375,2023.611328125
2025-07-03,5362.12,2616.637451171875,2506.786865234375,2023.6109619140625
2025-07-04,5353.58,2616.626953125,2506.786865234375,2023.6104736328125
2025-07-07,5363.26,2616.611083984375,2506.786865234375,2023.610107421875
2025-07-08,5348.43,2616.03857421875,2506.78662109375,2023.6097412109375
2025-07-09,5332.68,2615.991455078125,2506.78662109375,2023.609375
2025-07-10,5358.73,2615.93212890625,2506.786376953125,2023.6090087890625
2025-07-14,5502.34,2615.928955078125,2506.786376953125,2023.6087646484375
2025-07-15,5653.65,2615.975341796875,2506.786376953125,2023.608642578125
2025-07-16,5712.39,2615.908935546875,2506.786376953125,2023.608642578125
2025-07-17,5666.09,2615.873291015625,2506.786376953125,2023.608642578125
2025-07-18,5630.59,2615.845947265625,2506.7861328125,2023.60888671875
2025-07-21,5650.39,2615.842041015625,2506.786376953125,2023.609130859375
2025-07-22,5648.01,2615.81103515625,2506.785888671875,2023.6094970703125
2025-07-23,5672.28,2615.779541015625,2506.7861328125,2023.609619140625
2025-07-24,5692.58,2615.766357421875,2506.7861328125,2023.6097412109375
2025-07-25,5735.44,2615.759765625,2506.786376953125,2023.60986328125
2025-07-28,5760.35,2615.758056640625,2506.78662109375,2023.60986328125
2025-07-29,5778.34,2615.718017578125,2506.786376953125,2023.6097412109375
2025-07-30,5762.81,2615.704345703125,2506.78662109375,2023.609619140625
2025-07-31,5762.46,2615.696044921875,2506.786865234375,2023.609619140625
2025-08-01,5765.73,2615.59228515625,2506.78662109375,2023.6094970703125
2025-08-04,5897.09,2615.448486328125,2506.786865234375,2023.609619140625
2025-08-05,5862.88,2615.255615234375,2506.786865234375,2023.609619140625
2025-08-06,5845.27,2615.344482421875,2506.787109375,2023.609619140625
2025-08-07,5841.59,2615.631103515625,2506.786865234375,2023.609619140625
2025-08-08,5825.21,2615.178466796875,2506.787109375,2023.6097412109375
2025-08-12,5826.15,2615.600341796875,2506.786865234375,2023.6097412109375
2025-08-13,5834.4,2615.3408203125,2506.786865234375,2023.6099853515625
2025-08-14,5822.29,2615.15869140625,2506.786865234375,2023.610107421875
2025-08-15,5794.14,2615.36328125,2506.786865234375,2023.6103515625
2025-08-18,5904.26,2615.42919921875,2506.786865234375,2023.6104736328125
2025-08-19,5998.44,2615.435546875,2506.786865234375,2023.61474609375
2025-08-20,6065.02,2615.41845703125,2506.786865234375,2023.6148681640625
2025-08-21,6112.38,2615.416259765625,2506.786865234375,2023.6151123046875
2025-08-22,6116.09,2615.392578125,2506.786865234375,2023.615478515625
2025-08-25,6095.63,2615.236083984375,2506.786865234375,2023.6158447265625
2025-08-26,6048.33,2615.30029296875,2506.786865234375,2023.616455078125
2025-08-27,6066.01,2615.284423828125,2506.786865234375,2023.617431640625
2025-08-28,6068.74,2615.2685546875,2506.786865234375,2023.61865234375
2025-08-29,6061.54,2615.2255859375,2506.786865234375,2023.6199951171875
2025-09-01,6086.91,2615.215576171875,2506.786865234375,2023.6212158203125
2025-09-02,6071.82,2615.200927734375,2506.786865234375,2023.622314453125
2025-09-03,6042.25,2615.17041015625,2506.78662109375,2023.6231689453125
2025-09-04,6008.3,2615.328369140625,2506.78662109375,2023.623779296875
2025-09-05,6005.29,2615.118896484375,2506.786865234375,2023.62451171875
2025-09-09,5966.7,2615.10595703125,2506.78662109375,2023.625244140625
2025-09-10,5900.32,2615.046142578125,2506.78662109375,2023.6260986328125
2025-09-11,5949.05,2615.13671875,2506.78662109375,2023.6268310546875
2025-09-12,5889.4,2615.060546875,2506.786865234375,2023.6273193359375
2025-09-15,5873.43,2615.1689453125,2506.78662109375,2023.6275634765625
2025-09-16,5799.46,2615.061767578125,2506.786865234375,2023.6275634765625
2025-09-17,5880.59,2615.079833984375,2506.78662109375,2023.6275634765625
2025-09-18,5906.44,2615.074462890625,2506.78662109375,2023.62744140625
2025-09-19,5973.88,2615.041015625,2506.78662109375,2023.6273193359375
2025-09-22,6003.5,2615.146728515625,2506.78662109375,2023.627197265625
2025-09-23,6059.91,2615.021484375,2506.78662109375,2023.6270751953125
2025-09-24,6086.16,2614.96533203125,2506.78662109375,2023.626953125
2025-09-25,6087.22,2614.923828125,2506.78662109375,2023.626953125
2025-09-26,6109.8,2614.9296875,2506.78662109375,2023.6268310546875
2025-09-29,6113.53,2614.9228515625,2506.78662109375,2023.6265869140625
2025-09-30,6125.24,2614.90576171875,2506.78662109375,2023.626220703125
2025-10-01,6127.65,2614.8935546875,2506.78662109375,2023.625732421875
2025-10-02,6142.68,2614.880126953125,2506.78662109375,2023.625244140625
2025-10-03,6157.57,2614.575439453125,2506.78662109375,2023.6246337890625
2025-10-06,6189.57,2614.48681640625,2506.786376953125,2023.6241455078125
2025-10-08,6181.92,2614.478515625,2506.786376953125,2023.62353515625
2025-10-09,6164.59,2614.4111328125,2506.786376953125,2023.623046875
2025-10-10,6171.18,2614.38525390625,2506.786376953125,2023.62255859375
2025-10-13,6234.33,2614.3232421875,2506.786376953125,2023.6221923828125
2025-10-14,6215.11,2614.46044921875,2506.786376953125,2023.621826171875
2025-10-15,6229.44,2614.438720703125,2506.786376953125,2023.621337890625
2025-10-16,6210.11,2614.42431640625,2506.786376953125,2023.620849609375
2025-10-17,6233.73,2614.310302734375,2506.786376953125,2023.6202392578125
2025-10-20,6268.95,2614.525634765625,2506.786376953125,2023.6195068359375
2025-10-22,6292.27,2614.5498046875,2506.786376953125,2023.6187744140625
2025-10-23,6271.74,2614.438720703125,2506.786376953125,2023.6181640625
2025-10-24,6269.54,2614.383056640625,2506.786376953125,2023.61767578125
2025-10-27,6275.65,2614.354736328125,2506.786376953125,2023.6173095703125
2025-10-28,6259.98,2614.33203125,2506.78662109375,2023.616943359375
2025-10-29,6220.21,2614.000732421875,2506.786376953125,2023.61669921875
2025-10-30,6213.34,2614.28173828125,2506.78662109375,2023.616455078125
2025-10-31,6200.04,2614.258056640625,2506.786376953125,2023.6163330078125
2025-11-03,6217.55,2613.8232421875,2506.78662109375,2023.6160888671875
2025-11-04,6253.48,2613.756591796875,2506.78662109375,2023.615966796875
2025-11-05,6256.17,2613.625,2506.78662109375,2023.61572265625
2025-11-07,6316.38,2613.01123046875,2506.78662109375,2023.615478515625
2025-11-10,6404.77,2614.163818359375,2506.78662109375,2023.6153564453125
2025-11-11,6510.98,2613.897216796875,2506.78662109375,2023.614990234375
2025-11-12,6533.94,2613.54541015625,2506.78662109375,2023.6146240234375
2025-11-13,6552.87,2613.222900390625,2506.786376953125,2023.6141357421875
2025-11-14,6462.04,2613.1259765625,2506.78662109375,2023.6136474609375
2025-11-17,6425.74,2612.8525390625,2506.78662109375,2023.6136474609375
2025-11-18,6411.77,2612.8095703125,2506.78662109375,2023.6134033203125
2025-11-19,6374.83,2612.792236328125,2506.78662109375,2023.61328125
2025-11-20,6361.36,2612.84423828125,2506.78662109375,2023.613037109375
2025-11-21,6386.6,2612.493896484375,2506.78662109375,2023.6129150390625
2025-11-24,6374.61,2612.5087890625,2506.786376953125,2023.6129150390625
2025-11-25,6287.81,2612.458251953125,2506.786376953125,2023.6129150390625
2025-11-26,6305.25,2612.425537109375,2506.786376953125,2023.61279296875
2025-11-27,6318.28,2612.364501953125,2506.786376953125,2023.612548828125
2025-11-28,6279.13,2612.349365234375,2506.786376953125,2023.612060546875
2025-12-01,6278.57,2612.385498046875,2506.786376953125,2023.6116943359375
2025-12-02,6104.38,2612.405517578125,2506.786376953125,2023.6114501953125
2025-12-03,6150.15,2612.38525390625,2506.7861328125,2023.611328125
2025-12-04,6039.95,2612.337646484375,2506.7861328125,2023.611083984375
2025-12-08,5942.97,2612.259521484375,2506.7861328125,2023.6109619140625
2025-12-09,5932.46,2612.29345703125,2506.7861328125,2023.61083984375
2025-12-10,6026.87,2612.36474609375,2506.7861328125,2023.6107177734375
2025-12-11,6087.23,2612.224365234375,2506.785888671875,2023.6107177734375
2025-12-12,6096.73,2612.5771484375,2506.7861328125,2023.610595703125
2025-12-15,6101.3,2612.429443359375,2506.7861328125,2023.610595703125
2025-12-16,6060.15,2612.306640625,2506.785888671875,2023.6104736328125
2025-12-17,6068.85,2612.145751953125,2506.785888671875,2023.6103515625
2025-12-18,6077.42,2612.366455078125,2506.785888671875,2023.6102294921875
2025-12-19,6076.44,2612.228271484375,2506.785888671875,2023.610107421875
2025-12-22,6062.58,2612.33984375,2506.785888671875,2023.6099853515625
2025-12-23,6025.59,2612.05224609375,2506.785888671875,2023.60986328125
2025-12-24,6020.15,2612.1748046875,2506.785888671875,2023.6097412109375
2025-12-25,6026.64,2612.06689453125,2506.785888671875,2023.609619140625
2025-12-29,6046.63,2612.0224609375,2506.785888671875,2023.609619140625
2025-12-30,6051.72,2612.007568359375,2506.785888671875,2023.609619140625
2025-12-31,6124.04,2611.986328125,2506.785888671875,2023.6097412109375
2026-01-01,6152.85,2611.959716796875,2506.785888671875,2023.6097412109375
2026-01-05,6195.95,2611.616943359375,2506.785888671875,2023.60986328125
2026-01-06,6237.35,2611.435546875,2506.785888671875,2023.6097412109375
2026-01-07,6379.11,2611.3974609375,2506.785888671875,2023.6097412109375
2026-01-08,6363.85,2611.33154296875,2506.785888671875,2023.6097412109375
2026-01-09,6463.86,2611.303466796875,2506.78564453125,2023.6097412109375
2026-01-12,6509.79,2611.429931640625,2506.78564453125,2023.60986328125
2026-01-13,6504.78,2611.34765625,2506.78564453125,2023.60986328125
2026-01-14,6507.77,2611.586181640625,2506.78564453125,2023.60986328125
2026-01-15,6558.41,2611.4404296875,2506.78564453125,2023.6097412109375
2026-01-19,6567.25,2611.23828125,2506.78564453125,2023.6097412109375
2026-01-20,6546.35,2611.763427734375,2506.785400390625,2023.6097412109375
2026-01-21,6553.37,2611.71337890625,2506.785400390625,2023.609619140625
2026-01-22,6615.35,2611.476318359375,2506.785400390625,2023.609619140625
2026-01-23,6622.36,2611.423583984375,2506.785400390625,2023.609619140625
2026-01-26,6651.64,2611.273681640625,2506.785400390625,2023.6094970703125
2026-01-27,6662.2,2611.218994140625,2506.785400390625,2023.609375
2026-01-28,6685.31,2611.182373046875,2506.785400390625,2023.6092529296875
2026-01-29,6672.86,2611.141357421875,2506.785400390625,2023.6090087890625
2026-01-30,6664.92,2611.107421875,2506.785400390625,2023.6087646484375
2026-02-02,6646.83,2611.040283203125,2506.785400390625,2023.608642578125
2026-02-03,6606.93,2611.018310546875,2506.785400390625,2023.6085205078125
2026-02-04,6606.95,2611.305419921875,2506.785400390625,2023.6085205078125
2026-02-06,6609.92,2611.170654296875,2506.78564453125,2023.6085205078125
2026-02-09,6626.38,2610.974365234375,2506.785400390625,2023.6083984375
2026-02-10,6617.33,2611.169677734375,2506.785400390625,2023.6083984375
2026-02-11,6611.16,2611.364013671875,2506.785400390625,2023.6083984375
2026-02-12,6609.87,2611.439208984375,2506.78564453125,2023.6083984375
2026-02-13,6607.05,2611.62353515625,2506.785400390625,2023.6083984375
2026-02-16,6623.69,2611.5673828125,2506.785400390625,2023.6090087890625
2026-02-17,6715.91,2611.726806640625,2506.785400390625,2023.6090087890625
2026-02-18,6715.7,2611.80078125,2506.785400390625,2023.60888671875
2026-02-19,6755.83,2611.524169921875,2506.785400390625,2023.6085205078125
2026-02-20,6731.31,2611.983154296875,2506.785400390625,2023.608154296875
2026-02-23,6728.09,2611.916748046875,2506.785400390625,2023.6080322265625
2026-02-24,6743.19,2612.154052734375,2506.785400390625,2023.6080322265625
2026-02-25,6689.49,2611.88818359375,2506.785400390625,2023.6080322265625
2026-02-26,6697.76,2612.0205078125,2506.785400390625,2023.6082763671875
2026-02-27,6712.98,2611.92041015625,2506.78515625,2023.6083984375
2026-03-02,6652.48,2611.748291015625,2506.785400390625,2023.608642578125
2026-03-04,6313.24,2611.8818359375,2506.78515625,2023.60888671875
2026-03-05,6363.34,2612.044189453125,2506.78515625,2023.6090087890625
2026-03-06,6421.46,2611.96728515625,2506.78515625,2023.6092529296875
2026-03-09,6370.13,2611.9140625,2506.78515625,2023.6094970703125
2026-03-10,6144.73,2611.81494140625,2506.78515625,2023.60986328125
2026-03-11,6289.28,2611.68505859375,2506.78515625,2023.6102294921875
2026-03-12,6278.4,2611.82763671875,2506.78515625,2023.6104736328125
2026-03-13,6187.66,2611.6220703125,2506.78515625,2023.610595703125
2026-03-16,6097.26,2611.6025390625,2506.78515625,2023.6107177734375
2026-03-17,5891.67,2611.5849609375,2506.78515625,2023.6107177734375
2026-03-18,5770.59,2611.5693359375,2506.78515625,2023.6107177734375
2026-03-19,5803.72,2611.531982421875,2506.78515625,2023.610595703125
2026-03-20,5648.29,2611.49365234375,2506.78515625,2023.6104736328125
2026-03-23,5756.71,2611.462890625,2506.78515625,2023.6104736328125
2026-03-24,5702.24,2611.43310546875,2506.78515625,2023.6103515625
2026-03-25,5927.87,2611.23388671875,2506.784912109375,2023.6103515625
2026-03-26,6137.44,2611.418701171875,2506.78515625,2023.6102294921875
2026-03-27,6043.03,2611.408935546875,2506.78515625,2023.610107421875
2026-03-30,6009.11,2611.394287109375,2506.78515625,2023.60986328125
2026-03-31,5916.25,2611.37060546875,2506.78515625,2023.6097412109375
2026-04-01,5905.39,2611.329345703125,2506.78515625,2023.6094970703125
2026-04-03,5888.48,2612.25830078125,2506.78515625,2023.609130859375
2026-04-07,5902.34,2612.273681640625,2506.78515625,2023.60888671875
2026-04-08,5842.55,2612.31494140625,2506.78515625,2023.6085205078125
2026-04-09,6099.92,2612.24951171875,2506.78515625,2023.6082763671875
2026-04-10,6101.07,2612.236328125,2506.78515625,2023.60791015625
2026-04-13,6161.16,2612.186279296875,2506.78515625,2023.6075439453125
2026-04-16,6187.75,2612.621337890625,2506.78515625,2023.6070556640625
