time,open,high,low,close,Basis,Upper,Lower,Volume,Bollinger Bands %b
1329969600,36.474998,37.75,36,36.425,,,,29549200,
1330056000,36.474998,37.474998,35,35.025003,,,,2420,
1330315200,36.474998,37.474998,35,35,,,,3688,
1330920000,35.724998,35.724998,35.724998,35.724998,,,,4,
1331006400,35.724998,35.724998,35.724998,35.724998,,,,0,
1331179200,34.5,34.5,34.5,34.5,,,,624,
1331265600,34.175,35,33.75,34.175,,,,9608,
1331611200,34.349998,34.875,33.775003,34.349998,,,,8480,
1331697600,34.5,34.5,33.75,34.5,,,,16000,
1331784000,33.900003,33.900003,33.875,33.900003,,,,2000,
1331870400,33.75,35,33.75,33.75,,,,208400,
1332129600,33.75,35.25,33.75,33.75,,,,6800,
1332216000,35,35.25,33.974998,35,,,,69076,
1332302400,33.775003,35,33.75,33.775003,,,,16024,
1332388800,33.075,33.75,33.025003,33.075,,,,1640,
1332734400,34.400003,35,33.75,34.400003,,,,7200,
1332820800,34.400003,34.400003,34.400003,34.400003,,,,1204,
1332907200,33.75,33.75,33.25,33.75,,,,1960,
1332993600,34.25,34.25,34.25,34.25,,,,800,
1333080000,33.724998,33.775003,33.724998,33.724998,34.46000035,36.06408815682679,32.85591254317321,1604,0.2708970958846744
1333339200,33.125,33.525003,32.5,33.125,34.295000349999995,35.72622295812664,32.86377774187335,9944,0.09125843060450585
1333425600,32.525003,33.724998,32.25,32.525003,34.170000349999995,35.753002404330026,32.586998295669964,12128,-0.019581558817434508
1333512000,31.875,33.75,31.25,31.875,34.013750349999995,35.8368972698922,32.19060343010779,14520,-0.08655457951969472
1333944000,31.25,31.25,31.25,31.25,33.79000045,35.806333288598516,31.77366761140149,400,-0.12985644070685107
1334030400,31.25,31.25,31.25,31.25,33.56625055,35.66549312733797,31.46700797266203,400,-0.05168720733008796
1334635200,31.25,31.25,31.25,31.25,33.40375055,35.68406195713504,31.123439142864953,12840,0.0277507836734581
1334721600,31.25,32,30.125,31.25,33.257500549999996,35.69122752873226,30.82377357126773,3936,0.08756660719484093
1334894400,31,31,31,31,33.09000065,35.657363840514385,30.522637459485612,2000,0.09296747384205227
1335153600,29.275,29.3,29,29.275,32.828750649999996,35.80054705293691,29.85695424706308,1000,-0.09791287291551277
1335240000,29.25,29.625,29.25,29.25,32.5962505,35.904924479860696,29.287576520139293,5040,-0.005678486361608077
1335326400,29.25,29.275,29.25,29.25,32.371250499999995,35.93749143479511,28.80500956520488,20760,0.062389283692730196
1335412800,29.625,29.75,29.275,29.625,32.1650005,35.86312252070275,28.466878479297243,18000,0.1565823834664437
1335499200,30.35,31.2,29.75,30.35,31.932500499999996,35.46962961978173,28.395371380218265,10880,0.27630156457256394
1335758400,29,29.5,29,29,31.693750349999995,35.34398659132833,28.043514108671655,5100,0.13101698466785747
1335931200,29.275,29.5,28.85,29.275,31.503750349999997,35.241172609995004,27.76632809000499,1100,0.20183321619069933
1336017600,29.5,30,29.5,29.5,31.258750199999998,34.84393807039177,27.673562329608227,1288,0.2547199388734109
1336104000,28.875,28.875,28.875,28.875,30.98250005,34.40467401650176,27.56032608349824,200,0.19208168979288576
1336449600,28.75,28.875,28.625,28.75,30.73250005,34.03799165594946,27.427008444050532,16680,0.200120241353548
1336536000,28.525,30,28.5,28.525,30.446250049999996,33.4626334177938,27.429866682206193,7304,0.1815308573649229
1336622400,28.5,28.75,28,28.5,30.18500015,32.91137187960713,27.45862842039287,4000,0.19098121659242548
1336708800,28.725,28.75,28,28.725,29.965000149999998,32.40161728693426,27.528383013065735,12000,0.24554883259990584
1336968000,28.575,28.575,28.5,28.575,29.767500000000002,31.971309202267587,27.563690797732416,1600,0.2294457254346264
1337054400,28.625,28.625,28.575,28.625,29.604999999999997,31.63573878182302,27.574261218176975,2400,0.25870850333585554
1337140800,28.75,29.25,28.75,28.75,29.48,31.39478458318401,27.56521541681599,81780,0.3093780348946312
1337227200,29.975,29.975,28.75,29.975,29.41625,31.169124425051436,27.663375574948567,2116,0.6593810691783025
1337313600,29.25,29.975,29.25,29.25,29.316250000000004,30.854290555381773,27.778209444618234,1324,0.4784628565975755
1337659200,28,28.75,28,28,29.153750000000002,30.517043347008833,27.79045665299117,3200,0.07685189231964742
1337745600,27.5,28,27.5,27.5,28.97875,30.24418223840684,27.713317761593164,12440,-0.0842865208893871
1337832000,27.875,27.875,26.75,27.875,28.908750000000005,30.25330150514892,27.56419849485109,20000,0.11557813291595946
1338177600,27.5,27.525,27.5,27.5,28.821250000000003,30.287816994718796,27.35468300528121,4060,0.049543251430751736
1338264000,25.55,27.25,25.5,25.55,28.63625,30.665380047581735,26.607119952418266,14220,-0.2604860032697544
1338350400,26.75,27.5,25.75,26.75,28.4925,30.625754555836878,26.359245444163122,13840,0.09158648103380816
1338436800,25.225,26.25,25,25.225,28.236250000000002,30.63069539507557,25.841804604924434,4040,-0.12879905430145888
1338523200,26.25,26.25,25.25,26.25,28.098750000000003,30.614722724414616,25.58277727558539,3552,0.13259736839354094
1338868800,25.075,25.5,25,25.075,27.888749999999998,30.6646496289491,25.112850371050897,8000,-0.006817676449134915
1338955200,24.924999,24.975001,23.75,24.924999,27.659999950000003,30.615308917603645,24.70469098239636,20844,0.03727326313740368
1339041600,25,25,25,25,27.46624995,30.581305289235363,24.35119461076464,13736,0.10414026695824594
1339128000,26,26.5,25,26,27.328749950000002,30.447775392585946,24.20972450741406,39196,0.28699276834074927
1339387200,25.75,26.25,25.5,25.75,27.189999950000004,30.330636972324907,24.0493629276751,2728,0.27074715419771384
1339473600,26.25,26.25,25.75,26.25,27.077499950000004,30.18337758136247,23.971622318637536,7796,0.36678484341364714
1339560000,26.25,26.25,26.25,26.25,26.953749950000002,29.98348914034259,23.924010759657413,788,0.3838596483414756
1339646400,26,26.875,25.9,26,26.824999950000006,29.786292026104082,23.86370787389593,12648,0.3607027053060249
1339732800,27.45,27.5,27.45,27.45,26.766249950000002,29.62729337618179,23.905206523818215,204,0.6194931268331878
1339992000,29.8,30.75,26.775,29.8,26.818749950000004,29.856548413936874,23.780951486063135,165220,0.990692533654193
1340078400,30,30.25,29.975,30,26.819999950000003,29.86300845442411,23.776991445575895,9640,1.0225092281826886
1340164800,30,30.025,29.55,30,26.857499950000005,30.03488500268051,23.6801148973195,104220,0.9945104225483969
1340251200,28.525,29.55,28.5,28.525,26.883749950000002,30.106802778220143,23.66069712177986,5300,0.7546110997048628
1340337600,28.125,28.15,28.025,28.125,26.914999950000002,30.173274155158033,23.65672574484197,4848,0.6856811265430791
1340596800,28.75,28.75,28.275,28.75,26.958749950000005,30.290088954589162,23.627410945410848,98668,0.7688483591031144
1340683200,30,30.25,28.75,30,27.083749950000005,30.66517000543852,23.50232989456149,60004,0.9071359970148665
1340769600,29.15,29.15,29.125,29.15,27.263749950000005,30.880429322780692,23.647070577219317,528,0.760770980169822
1340856000,30.9,31.1,28.75,30.9,27.471249950000004,31.408230997515687,23.53426890248432,13156,0.935454223505039
1340942400,30.3,31,29.025,30.3,27.724999950000004,31.704133162145204,23.745866737854804,7628,0.8235629360359843
1341374400,30.225,30.225,30.225,30.225,27.92374995000001,31.98458360203455,23.862916297965466,412,0.7833469980784648
1341460800,28.525,28.525,28.525,28.525,28.096249950000008,31.94599929489199,24.246500605108025,400,0.5556854500889616
1341892800,28.875,29.375,28.75,28.875,28.29375000000001,31.867888882303735,24.719611117696285,250204,0.5813132923958096
1341979200,27.375,27.5,27.025,27.375,28.412500000000012,31.686202032866714,25.13879796713331,2196,0.3415402517419249
1342152000,28.725,28.725,28.725,28.725,28.548750000000013,31.630692366429873,25.466807633570152,940,0.5285939805234188
1342411200,28.75,28.75,28.75,28.75,28.69875000000001,31.500511722558784,25.89698827744124,129164,0.5091460311537813
1342497600,27.5,27.525,27.225,27.5,28.761250000000008,31.392289480888913,26.130210519111102,12804,0.2603133648960125
1342584000,28.75,28.75,27.525,28.75,28.886250000000008,31.252390052912375,26.52010994708764,820,0.47120838222735295
1342670400,29.25,29.25,29.25,29.25,29.048750000000005,31.01174993632111,27.0857500636789,8,0.5512608269303261
1343016000,27.75,27.75,27.525,27.75,29.06375000000001,30.981722562367906,27.145777437632113,1260,0.1575159557084394
1343188800,28.5,29.925,27.525,28.5,28.99875000000001,30.90055670679127,27.096943293208746,880,0.3688746868388371
1343275200,29.5,29.5,29.5,29.5,28.973750000000013,30.834964321349148,27.11253567865088,4,0.641372757012348
1343361600,28.75,28.75,28.75,28.75,28.911250000000013,30.713434438395588,27.10906556160444,20000,0.4552626255768891
1343707200,29.575,29.575,29.575,29.575,28.96375000000001,30.778996195422344,27.14850380457768,4,0.6683655918247979
1343966400,29.5,29.5,29.5,29.5,29.03250000000001,30.819403746707128,27.24559625329289,4,0.6308128657913145
1344312000,27.325,29.475,27.25,27.325,28.961250000000014,30.895124026402694,27.027375973597334,152,0.07695021039097741
1344398400,29.5,29.5,29.5,29.5,28.936250000000012,30.828238041715778,27.044261958284245,4,0.6489834997817286
1344484800,29.375,29.375,27.5,29.375,28.947500000000012,30.84709864181766,27.047901358182365,408,0.6125237696503433
1344571200,29,29.25,29,29,28.85250000000001,30.528947136057866,27.176052863942154,2148,0.543991843472868
1344830400,29,29,29,29,28.787500000000012,30.32986020436078,27.245139795639243,1520,0.568887928837628
1344916800,29.575,29.625,28.75,29.575,28.755000000000013,30.199091409847373,27.310908590152653,29168,0.78391554523777
1345003200,29,29.575,29,29,28.778750000000013,30.222553570433305,27.33494642956672,8004,0.5766205336137203
1345089600,29.25,29.25,29,29.25,28.797500000000014,30.255486625451315,27.339513374548712,8000,0.655179749971959
1345176000,29.45,29.5,29.25,29.45,28.901250000000015,30.229074819016102,27.57342518098393,29684,0.706634938638444
1345435200,28.375,29,27.15,28.375,28.883750000000013,30.229509543899006,27.53799045610102,2392,0.31098034849300016
1345521600,29.25,29.375,28,29.25,28.908750000000015,30.262196988247027,27.555303011753004,22528,0.6260669989158469
1345608000,30,30.975,28.8,30,29.033750000000015,30.3028318531501,27.76466814684993,31184,0.8806886047584648
1345694400,30,30,30,30,29.096250000000015,30.424997060201694,27.767502939798337,5296,0.8400760111043304
1345780800,29.75,29.75,29.25,29.75,29.12125000000001,30.479122876964563,27.763377123035458,28044,0.7315201999636093
1346040000,29.75,29.75,29.25,29.75,29.221250000000015,30.448775457982308,27.993724542017723,23964,0.7153723153200836
1346126400,29.875,30.25,29.75,29.875,29.29000000000001,30.502167480176002,28.077832519824018,10000,0.7413032891771091
1346212800,30.375,30.375,29.5,30.375,29.333750000000016,30.633103204480914,28.03439679551912,7880,0.9006801216209612
1346299200,30.125,31.225,29.525,30.125,29.402500000000014,30.71645395657343,28.088546043426597,888,0.7749335303514557
1346644800,32.474998,32.474998,31.975,32.474998,29.547499900000012,31.424857792889988,27.670142007110037,10596,1.279685671838906
1346731200,31.575,32.5,31.25,31.575,29.651249900000018,31.7256453519317,27.576854448068335,15976,0.9636893361409419
1346817600,32.5,32.525003,32.474998,32.5,29.909999900000013,32.04918150706329,27.770818292936738,9800,1.10537172053279
1346904000,33,33.724998,33,33,30.084999900000014,32.60086915097422,27.56913064902581,49008,1.079322653367465
1346990400,33.55,33.625,33,33.55,30.293749900000016,33.201621459233166,27.385878340766865,8000,1.0599026699890939
1347249600,34.325,35.25,33.625,34.325,30.559999900000015,33.8898044690396,27.230195330960424,50996,1.0653485094901414
1347336000,32.55,35,32.5,32.55,30.73749990000001,34.09411629303596,27.38088350696406,85040,0.7699891628606151
1347422400,32.474998,32.5,31.75,32.474998,30.882499800000012,34.276063185587304,27.488936414412716,860,0.7346351046164987
1347508800,34,34,32.75,34,31.132499800000012,34.668213709806444,27.59678589019358,17600,0.9055051219001162
1347595200,35.25,35.5,34,35.25,31.43249980000001,35.28260023141725,27.582399368582774,74872,0.9957663141523235
1347854400,36.099998,36.25,35,36.099998,31.76499970000001,36.001991014128414,27.52800838587161,28004,1.0115656345039907
1347940800,37.175,38,35.275003,37.175,32.20499970000001,36.75833874426185,27.651660655738173,77900,1.045753374796813
1348027200,36.25,37.75,34.775003,36.25,32.55499970000001,37.22071478902963,27.889284610970392,129608,0.8959736320685283
1348113600,38.349998,38.724998,36,38.349998,32.972499600000006,38.11861162676357,27.826387573236445,132276,1.0224816688825518
1348200000,40,41.25,38.75,40,33.472499600000006,39.26840078894384,27.67659841105617,39124,1.0631134992821947
1348545600,38.7,39.25,37.75,38.7,33.919999600000004,39.87696166333405,27.963037536665958,14568,0.9012112507331199
1348632000,37.650003,38.75,37,37.650003,34.31499975000001,40.16017744533158,28.469822054668448,976,0.7852781749187532
1348718400,37.5,37.5,37.5,37.5,34.69624975000001,40.32393327010865,29.068566229891367,800,0.7491034046230329
1348804800,37.599998,38.375,37.5,37.599998,35.05749965000001,40.45199005605338,29.66300924394664,13536,0.7356569535416125
1349064000,37.474998,38.25,37.25,37.474998,35.42499955000001,40.41130591142657,30.438693188573453,54592,0.7055628256076002
1349150400,40.099998,40.75,37.275003,40.099998,35.80624955000001,40.993972090046135,30.618527009953887,819280,0.9138375189550724
1349236800,41.825,43,40.875,41.825,36.31874955000001,41.75255272986428,30.884946370135737,245896,1.0066663502281596
1349323200,40.849998,42.5,40.625,40.849998,36.73624945000001,42.21519690453013,31.257301995469888,160004,0.8754141269048534
1349409600,42.45,42.974998,40.849998,42.45,37.208749450000006,42.94140304920725,31.47609585079276,124016,0.9571400015103647
1349668800,40.5,43,40.5,40.5,37.55624945000001,43.201554474310285,31.910944425689735,9044,0.7607255531209891
1349755200,40.8,41.625,40.5,40.8,37.87999945000001,43.48949153859444,32.27050736140557,13696,0.7602731676845677
1349841600,40,40.875,40,40,38.25249945000001,43.364101755637876,33.14089714436214,80944,0.6709347133747647
1349928000,39.75,41.25,39.625,39.75,38.616249550000006,43.01759236424475,34.214906735755264,15324,0.6287959718032714
1350014400,40.849998,41.224998,38.8,40.849998,38.95874945000001,42.91331242060777,35.00418647939226,7880,0.7391223207288227
1350273600,38.775003,41.2,38.75,38.775003,39.13499960000001,42.7085272523355,35.561471947664515,59888,0.44963008055013476
1350360000,37.474998,40.25,37.075,37.474998,39.20374960000001,42.5890217828541,35.81847741714592,54112,0.2446657895403676
1350446400,37.25,38.75,37.25,37.25,39.20749960000001,42.58392878095522,35.831070419044806,44368,0.21012281095049837
1350532800,39.125,40,37.5,39.125,39.35124960000001,42.44472955370997,36.25776964629005,76960,0.4634312160761423
1350619200,39.025003,39.5,38.75,39.025003,39.38499985000001,42.448633039859445,36.32136666014057,12800,0.4412467440306511
1350878400,39.925,39.974998,39.75,39.925,39.38124985000001,42.442045019152395,36.320454680847625,1000,0.5888249817367828
1350964800,39.175,39.25,38,39.175,39.40499985000001,42.45162065771575,36.35837904228427,156896,0.4622532857686908
1351051200,40,41.25,38.5,40,39.52249970000001,42.46893411026683,36.576065289733194,60788,0.5810301933645874
1351137600,40,40,38.75,40,39.64749970000001,42.44865589593124,36.846343504068784,4480,0.5629205005618764
1351224000,39.025003,40.45,39,39.025003,39.71874995000001,42.376797622165725,37.060702277834295,29592,0.36950065695496664
1351569600,38.3,38.75,38.275003,38.3,39.760000050000016,42.30049151150959,37.21950858849044,1508,0.21265401357962474
1351656000,38.275003,39,38.25,38.275003,39.66875030000001,42.2838438595127,37.05365674048733,1376,0.23351865463281263
1351742400,38.825,39.5,38.75,38.825,39.51875030000001,41.960310187655004,37.07719041234501,44,0.3579288790932916
1351828800,38.75,39.224998,38.75,38.75,39.41375040000001,41.79720715144388,37.030293648556146,108096,0.3607588747733893
1352088000,38.25,39.5,38.25,38.25,39.20375040000001,41.18656828321672,37.2209325167833,90104,0.25949621796512423
1352174400,38.275003,38.275003,38.275003,38.275003,39.09250055000001,41.02084760979104,37.16415349020898,248,0.28803153046303726
1352260800,38.25,38.75,38.25,38.25,38.96500055000001,40.757302964215945,37.17269813578408,14420,0.3005357398592803
1352347200,37.8,38.724998,37.5,37.8,38.855000550000014,40.64975636291836,37.06024473708167,45220,0.20608799748514456
1352433600,38.724998,38.75,37,38.724998,38.80375045000001,40.55126796536491,37.05623293463511,404,0.4774673360044789
1352692800,38.75,39.5,38.25,38.75,38.698750550000014,40.17281620847819,37.22468489152184,25724,0.5173837066568988
1352865600,38,38.025003,38,38,38.660000400000015,40.16444410050962,37.15555669949041,4000,0.28064968473846785
1352952000,37.349998,37.95,37.125,37.349998,38.653750400000014,40.178732274647665,37.12876852535236,9928,0.07253511609728194
1353038400,37.474998,37.474998,36.25,37.474998,38.66500030000002,40.15122097136905,37.178779628630984,1204,0.09965490894974349
1353297600,37.325,37.5,36.224998,37.325,38.57500030000001,40.1540038148804,36.99599678511963,21660,0.10418064677496826
1353384000,36.849998,37.95,36.25,36.849998,38.46625005000001,40.1984658949522,36.73403420504783,8804,0.033472674692966234
1353470400,35.5,36.25,34.125,35.5,38.245000050000016,40.27942947173079,36.21057062826924,16404,-0.17463634291739763
1353556800,36.75,37,36.224998,36.75,38.12375005000002,40.21040332031187,36.03709677968817,12800,0.17082455203621033
1353643200,36.25,36.25,35,36.25,37.93625005000001,39.988473708743285,35.88402639125674,5808,0.08916513733385499
1353902400,35,35,35,35,37.68625005000002,39.88491374540756,35.48758635459248,580,-0.11088243181777334
1354075200,35,36.724998,35,35,37.48499990000001,39.884343878675125,35.0856559213249,40796,-0.01784986273043644
1354161600,35.025003,35.025003,35.025003,35.025003,37.32125005000002,39.914909123876846,34.72759097612319,4,0.057334448245786165
1354248000,35.75,36.224998,35.025003,35.75,37.19499990000001,39.83605033420306,34.55394946579697,30200,0.22643462591882463
1354507200,37.474998,37.5,36.25,37.474998,37.127499800000024,39.6654560770073,34.58954352299275,173628,0.5684602416417002
1354852800,37.474998,37.5,36.5,37.474998,37.06374970000002,39.49739211066846,34.630107289331576,38036,0.5844923432869964
1355112000,37.375,37.375,37.375,37.375,37.019999700000014,39.397581775976555,34.64241762402347,4,0.5746557402974569
1355284800,37.45,37.5,35.525003,37.45,36.97874955000002,39.29565775351203,34.661841346488,92596,0.6016981271173486
1355371200,37,37.75,37,37,36.91624955000002,39.15886262373821,34.67363647626183,12140,0.518672514438788
1355457600,37.5,37.75,37.025003,37.5,36.90124955000002,39.12394236379653,34.678556736203504,4408,0.6346903283898407
1355716800,37.5,37.5,37.5,37.5,36.83999965000002,38.921308344548066,34.75869095545197,28,0.6585541711637591
1355889600,36.25,36.275003,36.25,36.25,36.71499965000002,38.614827413772694,34.81517188622734,3240,0.3776205772789053
1355976000,36.25,36.25,36.25,36.25,36.62749965000002,38.44180951521107,34.81318978478897,1620,0.39596604823727133
1356062400,37.2,37.25,36.224998,37.2,36.61999975000001,38.42350906519728,34.816490434802745,93704,0.6607976862422111
1356667200,37,37,37,37,36.59624985000001,38.36629653173028,34.826203168269735,2000,0.6140507067320157
1356926400,37,37,37,37,36.579999850000014,38.32882702442363,34.8311726755764,424,0.6200805191451838
1357099200,38,38,38,38,36.63749995000001,38.49057084044187,34.78442905955816,4,0.8676330077353666
1357185600,36.275003,38,36.25,36.275003,36.67625010000001,38.46380849317336,34.88869170682666,12036,0.3877667153329457
1357272000,37.5,37.5,37.25,37.5,36.71375010000001,38.537034219111405,34.89046598088862,41872,0.715613653340868
1357531200,37.5,38,37,37.5,36.77625010000001,38.617272894265184,34.93522730573484,34628,0.696561906309494
1357617600,37.5,38.25,37.5,37.5,36.90125010000001,38.57475385828805,35.22774634171198,4516,0.6788911130419264
1357704000,36.525003,38.25,36.5,36.525003,36.977500250000006,38.420663607006965,35.534336892993046,40012,0.3432272937768938
1357790400,37.5,37.5,36.375,37.5,37.10125010000001,38.24738118718199,35.955119012818024,8404,0.6739547528461189
1357876800,37.5,37.5,37.5,37.5,37.18875010000001,38.16323273145385,36.21426746854616,6020,0.6597000756881805
1358222400,37,37.25,37,37,37.1650002,38.13355474983494,36.19644565016506,19600,0.41482142124668125
1358308800,37.375,37.5,37.375,37.375,37.1600003,38.12311928330712,36.19688131669288,108,0.6116163754044919
1358395200,37.175,37.349998,36.25,37.175,37.1500003,38.1081225260265,36.191878073973506,121584,0.5130461956318837
1358481600,37.75,38.724998,37.25,37.75,37.1650003,38.15044343078205,36.17955716921796,103704,0.7968206290786883
1358740800,37.025003,38.224998,37.025003,37.025003,37.16625045,38.15091625193802,36.18158464806198,9192,0.42827645190784625
1358827200,37.25,37.5,37.224998,37.25,37.153750450000004,38.1274376618429,36.18006323815711,24520,0.5494252922444287
1359345600,37.2,37.2,36.25,37.2,37.138750449999996,38.09980031369525,36.177700586304745,10720,0.5318659584241036
1359432000,36.25,37,36.25,36.25,37.13875045,38.099800313693834,36.17770058630617,5008,0.03761480877586384
1359518400,36.5,37,36.5,36.5,37.151250450000006,38.0713682661006,36.23113263389941,1460,0.14610485820176333
1359604800,36,37,36,36,37.091250450000004,38.13854076863499,36.04396013136502,24072,-0.020987557405436195
1360036800,35.150003,36.875,35.025003,35.150003,36.99875060000001,38.34582711082119,35.651674089178826,8408,-0.18620734796756552
1360123200,35.5,35.5,35.125,35.5,36.923750600000005,38.420869662068036,35.426631537931975,9928,0.024503215518035776
1360209600,36.25,36.5,35,36.25,36.83625060000001,38.274953455355195,35.39754774464482,41124,0.29625723344544536
1360296000,35.675,36.25,35.400003,35.675,36.80625045000001,38.313886575696685,35.29861432430333,7228,0.12482643168381889
1360555200,35.974998,36,35.375,35.974998,36.730000350000005,38.24381963115849,35.21618106884152,15784,0.2506299597986943
1360641600,35.75,36.150003,35.375,35.75,36.642500350000006,38.170415289061395,35.114585410938616,2364,0.20793519744355793
1360728000,36,36.25,35.375,36,36.56750035,38.0666748798687,35.06832582013131,35460,0.31072905832728265
1360814400,35.400003,35.75,35.400003,35.400003,36.51125035,38.09463811947071,34.927862580529286,800,0.1490918486848415
1360900800,35.974998,36,35.400003,35.974998,36.43500025,37.966616605360706,34.9033838946393,4424,0.3498311119524219
1361160000,36.25,36.25,35.25,36.25,36.37250025,37.82516118256761,34.91983931743239,36864,0.45783591089509107
1361246400,37.05,37.175,36.875,37.05,36.37500025,37.83213743640659,34.91786306359341,8804,0.7316184626598534
1361332800,36.724998,36.724998,36.724998,36.724998,36.34250015,37.73660328069376,34.94839701930624,24488,0.6371842016485735
1361851200,36.224998,36.224998,35.25,36.224998,36.29500005,37.63613712428143,34.953862975718565,2008,0.4739019779027786
1361937600,36.650003,36.75,35,36.650003,36.2400002,37.41828249470426,35.06171790529574,13728,0.6739832643852586
1362024000,36.7,36.7,36.7,36.7,36.22375005,37.36671417039551,35.08078592960449,48000,0.7083398514011103
1362369600,36.675,36.675,36.675,36.675,36.195000050000004,37.25949440978312,35.130505690216886,4,0.7254591325865684
1362456000,33.55,36.599998,32.75,33.55,36.01250005,37.49476969989896,34.53023040010104,2408,-0.33065184872666753
1362542400,33.5,33.5,33.400003,33.5,35.875000050000004,37.71150443878061,34.0384956612194,2800,-0.14660886859544858
1362628800,35.5,35.5,35.5,35.5,35.82500005,37.64509575902511,34.00490434097489,800,0.4107189670333111
1362715200,35.525003,36.175,35.425,35.525003,35.8012502,37.62398628018646,33.97851411981354,6080,0.4242218324959746
1362974400,35.05,36.2,33.900003,35.05,35.796250050000005,37.62663733183687,33.96586276816314,4008,0.2961496844397003
1363060800,33.849998,35,33.75,33.849998,35.71374995,37.72946796736045,33.69803193263955,49408,0.0376952693907665
1363147200,34.75,34.75,34.75,34.75,35.63874995,37.68053081373474,33.596969086265254,408,0.2823591243836197
1363233600,34.724998,34.75,34.724998,34.724998,35.59124985,37.67129065957903,33.511209040420965,4040,0.29177046767286413
1363320000,34.75,34.75,34.75,34.75,35.52999995,37.6332477485283,33.426752151471696,400,0.3145725029295683
1363579200,34.75,34.75,34.75,34.75,35.47999994999999,37.60735776710908,33.35264213289091,4,0.32842567805729883
1363665600,34.375,34.75,33,34.375,35.398749949999996,37.56424527428827,33.23325462571172,38908,0.2636222210878085
1363752000,33.275003,34.25,33.150003,33.275003,35.29249994999999,37.64755274282975,32.93744715717023,19216,0.07166630061489371
1363838400,34.099998,34.25,33.75,34.099998,35.19874994999999,37.58671328085651,32.81078661914348,15036,0.26993952633144225
1363924800,34.075,34.25,34,34.075,35.08999995,37.47465927074433,32.705340629255666,60616,0.2871813509857709
1364184000,33.5,34.25,33.5,33.5,34.91249995,37.2142112709552,32.6107886290448,3080,0.19316309627094844
1364356800,34,34,33.45,34,34.77625005,36.95182359725403,32.600676502745976,2408,0.32159875703127294
1364443200,33.175,34.25,33.175,33.175,34.62375014999999,36.79932400567891,32.44817629432107,11856,0.16704183675072448
1364788800,33.75,33.75,33,33.75,34.47875,36.47388637879978,32.48361362120021,568,0.3173683744771391
1364961600,33,33.974998,33,33,34.293749999999996,36.10874839394179,32.4787516060582,6240,0.14359472594621842
1365048000,33.25,34,32.925,33.25,34.12249999999999,35.62607088958682,32.618929110413156,8804,0.20985737817797767
1365134400,33.25,33.75,32.775003,33.25,34.107499999999995,35.63933726942905,32.57566273057094,5600,0.22010734524052888
1365393600,33.724998,33.75,33.5,33.724998,34.1187499,35.63580938631281,32.60169041368719,6000,0.37022529322267844
1365480000,33.375,33.375,33,33.375,34.012499899999995,35.4215334872549,32.60346631274509,896,0.27378115547906146
1365566400,33,33.75,32.75,33,33.88624974999999,35.178192988889585,32.594306511110396,10788,0.15700902202108014
1365652800,33.5,33.5,33,33.5,33.80874974999999,34.9936831563613,32.62381634363868,5172,0.36971852243237124
1365739200,34.25,34.25,34.25,34.25,33.82874984999999,35.02919444868501,32.62830525131496,400,0.6754558896185019
1366084800,33,33,33,33,33.74124984999999,34.91516088986276,32.567338810137215,12000,0.18428193243389274
1366171200,32.775003,33.75,32.75,32.775003,33.64375009999999,34.798400192024644,32.48910000797534,8008,0.12380503582835878
1366257600,32.625,33.599998,32.5,32.625,33.53750009999999,34.655924514081114,32.41907568591886,10644,0.09206000489998273
1366344000,32.5,32.75,32.5,32.5,33.425000099999984,34.48400824917262,32.36599195082735,4144,0.06327054672683372
1366603200,32.5,32.5,32.5,32.5,33.331250099999984,34.369020346737706,32.29347985326226,608,0.09950186343602704
1366689600,32.425,32.474998,32.375,32.425,33.28874994999999,34.3993205850844,32.178179314915575,2524,0.11112336184976732
1366776000,33.25,33.25,33.25,33.25,33.246250049999986,34.29258546539533,32.199914634604646,4,0.5017919445069137
1366948800,32.474998,33.175,32.375,32.474998,33.16624994999999,34.19134428054294,32.14115561945703,6128,0.1628349560601628
1367208000,31.95,32.275003,31.875,31.95,33.08874994999998,34.22908689823693,31.948413001763026,22604,0.0006958461880180391
1367294400,31.575,31.875,31.5,31.575,32.96749994999998,34.20595647205201,31.729043427947957,29692,-0.06219169797447541
1367467200,32.175,33.474998,31.625,32.175,32.917499949999986,34.198427167687065,31.636572732312906,113820,0.2101709059860981
1367553600,32.525003,33,32.5,32.525003,32.85625009999999,34.088308485391245,31.624191714608735,12968,0.36557167098262144
1367812800,32.45,33.125,32.3,32.45,32.82875009999999,34.071254782893284,31.586245417106703,299000,0.34758604727427067
1367899200,33.875,34.125,32.25,33.875,32.86000009999999,34.172764020897965,31.547236179102022,1347668,0.8865888922761204
1367985600,34.3,34.599998,33.275003,34.3,32.91250009999999,34.36047249960352,31.46452770039646,110676,0.9791182139866484
1368072000,34.45,35,34.25,34.45,32.94875019999999,34.508275259757525,31.38922514024246,96804,0.9813163439109525
1368158400,34.724998,35,34.724998,34.724998,33.01625009999999,34.750772206233265,31.281727993766726,93980,0.9925702283814539
1368417600,33.75,34.2,33.650003,33.75,33.05375009999999,34.81743003326872,31.290070166731255,74604,0.6973855592691387
1368504000,33.625,33.875,33.625,33.625,33.060000099999996,34.83083271546989,31.289167484530108,440,0.6595294481997326
1368590400,32.625,33.125,32.5,32.625,32.97875009999999,34.6711055493702,31.286394650629777,28000,0.3954858743972392
1368676800,33.25,33.25,33.25,33.25,32.991250099999995,34.687736750997395,31.294763449002595,32000,0.5762605175371939
1368763200,33.175,33.25,32.525003,33.175,33.01124994999999,34.7064983756034,31.316001524396587,25540,0.5482967710003085
1369022400,31.875,33,31.875,31.875,32.97374995,34.73347072600667,31.214029173993325,93932,0.1878055982002478
1369108800,31.75,32.224998,31.75,31.75,32.93624995,34.76535278869167,31.107147111308322,28680,0.17572901727917586
1369195200,32.025003,32.224998,31.75,32.025003,32.912500099999995,34.77566202801686,31.04933817198313,57020,0.2618303898725962
1369281600,32.175,32.5,32.025003,32.175,32.9000001,34.77936099669059,31.020639203309408,3272,0.3071152535745872
1369627200,32.224998,32.525003,32.150003,32.224998,32.848749999999995,34.742982475176134,30.95451752482386,50532,0.335354950309888
1369713600,32.349998,32.5,32,32.349998,32.842499999999994,34.742440267485435,30.942559732514553,11228,0.37039013582994956
1369800000,32.275003,32.5,32,32.275003,32.85875015,34.73326770646973,30.984232593530262,16812,0.34429402968639955
1369886400,32.474998,32.5,31.95,32.474998,32.90375005,34.69415960049795,31.11334049950205,81380,0.38026425298034305
1369972800,32.474998,32.474998,32.474998,32.474998,32.91874995,34.68940426621071,31.14809563378929,18004,0.3746926641927344
1370232000,33.599998,33.974998,32.5,33.599998,32.9724997,34.75728904723766,31.187710352762338,102864,0.6757905774625966
1370318400,32.900003,33.675,32.75,32.900003,32.99499984999999,34.76415161116041,31.225848088839577,13348,0.4731518651803834
1370404800,33.474998,33.474998,32.875,33.474998,32.97499975,34.7126698941918,31.237329605808206,13212,0.6438703000311231
1370491200,33.125,33.375,33,33.125,32.91624975,34.54691408165041,31.285585418349594,25984,0.5640077316797388
1370577600,33.125,33.349998,33,33.125,32.84999975,34.326396471757185,31.37360302824282,98116,0.5931322340219969
1370836800,33,33.375,32.8,33,32.763749849999996,33.96847696703368,31.55902273296631,74544,0.5980513124755203
1370923200,32.5,32.8,32.474998,32.5,32.701249849999996,33.821570050441224,31.58092964955877,119524,0.41018199532565064
1371009600,33.3,33.75,32,33.3,32.684999850000004,33.75975497653579,31.610244723464223,437332,0.7861117545827848
1371096000,32.875,33.974998,32.575,32.875,32.69749985,33.77498469769586,31.620015002304143,108304,0.5823678172271168
1371182400,33.7,33.7,33.7,33.7,32.71999985,33.85969218743815,31.58030751256185,800,0.9299406593374535
1371441600,33,33.5,33,33,32.71124985,33.83946408653295,31.583035613467057,17200,0.6279677833561732
1371528000,32.625,33.375,32.5,32.625,32.74874985,33.811231571496634,31.686268128503368,18100,0.44176377461548955
1371614400,32.55,33.375,32.5,32.55,32.78874985,33.75356457652242,31.823935123477582,10320,0.3762716595026719
1371700800,33.45,33.5,32.625,33.45,32.8599997,33.7988020189217,31.921197381078308,11168,0.8142303167069677
1371787200,32,33.474998,32,32,32.851249700000004,33.81826496513889,31.88423443486112,40264,0.059857154955176975
1372046400,31.375,32.474998,31.25,31.375,32.8087498,33.94246843970409,31.67503116029591,76544,-0.1323217021351165
1372132800,31.75,32.25,31.4,31.75,32.77874990000001,33.98863318487083,31.568866615129192,155552,0.07485572663736242
1372219200,31.6,32,31.525,31.6,32.744999750000005,34.04361414619666,31.446385353803354,24504,0.059145596509075325
1372305600,31.8,32,31.75,31.8,32.71124985000001,34.06987704077282,31.352622659227197,13208,0.16464315737650095
1372392000,31.775,31.85,31.75,31.775,32.676249950000006,34.092271715548726,31.26022818445129,84828,0.18176691491363883
1372651200,30.75,31.375,30.7,30.75,32.53375005000001,34.11340774599143,30.954092354008587,15920,-0.0646001834848451
1372737600,31.75,31.875,30.2,31.75,32.476249900000006,34.08190177727729,30.870598022722724,75800,0.27384577869036136
1372824000,31.6,32,31.25,31.6,32.38250000000001,33.96269777243335,30.802302227566663,33808,0.25240440986224294
1372910400,31.5,32.5,31.5,31.5,32.30125,33.88747783672597,30.715022163274032,744236,0.24743539942729484
1372996800,31.5,32.3,31.5,31.5,32.220000000000006,33.79556339129961,30.644436608700403,2004,0.27151030419470645
1373256000,31.5,31.625,31.25,31.5,32.145,33.70765799201372,30.582342007986284,13880,0.29362086800297743
1373342400,31.625,31.625,31.625,31.625,32.10125000000001,33.6706826204092,30.531817379590812,1600,0.3482731931888112
1373428800,31,31,31,31,31.986250000000002,33.52422553621814,30.448274463781864,1220,0.17936746171360501
1373515200,30.875,31.5,30.85,30.875,31.88625,33.440073912161544,30.33242608783846,33736,0.17459311441756592
1373601600,31.1,31.5,30.85,31.1,31.75625,33.10252959577678,30.409970404223223,20724,0.2562727675370598
1373860800,30.525,31.25,30.5,30.525,31.632500000000004,32.95349394396957,30.311506056030442,3564,0.08080807067442373
1373947200,30.125,30.5,30.05,30.125,31.5075,32.900347802168234,30.114652197831767,10400,0.0037146205608843868
1374033600,30.875,31.2,30.5,30.875,31.423750000000002,32.75589817118995,30.091601828810056,1820,0.29403567415859266
1374120000,30.275,30.275,30.275,30.275,31.264999999999997,32.321692954460374,30.20830704553962,1600,0.03155739525794279
1374206400,30.225,30.5,30,30.225,31.17625,32.2686641842749,30.083835815725102,39464,0.06461110918685048
1374552000,30,30.575,30,30,31.107499999999998,32.308863808346615,29.90613619165338,5200,0.03906552190705633
1374638400,30.025,30.025,30,30.025,31.02125,32.272376991957906,29.77012300804209,1600,0.10185896139889304
1374724800,29.95,30.25,29.775,29.95,30.93875,32.24282773924912,29.634672260750875,25112,0.12090066786612237
1374811200,29.325,30.25,28.75,29.325,30.814999999999998,32.233396982514336,29.39660301748566,22012,-0.025240824102266714
1375070400,29.95,29.95,29.95,29.95,30.723749999999995,32.117976936336404,29.329523063663586,8,0.2225164785464666
1375156800,29.075,29.75,29.05,29.075,30.639999999999997,32.20823148801635,29.07176851198364,3284,0.0010302968793354024
1375243200,28.8,29.25,28.75,28.8,30.492499999999996,32.16672370070624,28.818276299293746,18588,-0.00545814137203885
1375329600,28.925,29,28.7,28.925,30.358749999999997,32.0843133138213,28.633186686178693,6800,0.08455595673713072
1375416000,29,29.25,29,29,30.233749999999997,31.97266309443739,28.494836905562604,304,0.1452525419623792
1375675200,28.75,29.125,28.75,28.75,30.09624999999999,31.847768983627493,28.34473101637249,1960,0.11569071971694385
1375761600,28.75,29,28.7,28.75,29.95874999999999,31.679380335082627,28.238119664917356,12680,0.1487479107643596
1375848000,28.75,28.775,28.725,28.75,29.81499999999999,31.43204978278581,28.19795021721417,21920,0.17069659470680282
1375934400,28.525,28.725,28.5,28.525,29.69124999999999,31.305427422096916,28.077072577903063,5284,0.13874788978123825
1376280000,28.5,28.5,28.425,28.5,29.57249999999999,31.170224945041166,27.974775054958815,3204,0.1643665096020795
1376366400,28.425,28.725,28.425,28.425,29.43874999999999,30.948010994661534,27.92948900533845,176,0.16415682788273184
1376452800,28.25,28.425,28.25,28.25,29.32499999999999,30.832564260655868,27.81743573934411,8972,0.14346461770979496
1376539200,28.275,28.35,28.15,28.275,29.232499999999987,30.75926946524588,27.705730534754096,92,0.18642941131725466
1376625600,28.35,28.35,28.075,28.35,29.10624999999999,30.478645260122786,27.73385473987719,560,0.2244780632904836
1376884800,28.025,28.35,28,28.025,28.993749999999988,30.332954521350974,27.654545478649002,244,0.13831140630308025
1377057600,27.5,28.375,27.5,27.5,28.857499999999987,30.222151970286635,27.49284802971334,23516,0.0026204374603870516
1377144000,26.25,27.5,26.25,26.25,28.669999999999987,30.34940465642036,26.990595343579614,22684,-0.22049341733938665
1377230400,26.05,26.5,26.05,26.05,28.471249999999987,30.38647028759278,26.556029712407195,7708,-0.1321074436411737
1377489600,26.975,27.5,26,26.975,28.322499999999984,30.21722293489259,26.427777065107378,6400,0.1444071121996632
1377576000,26.25,26.5,26.25,26.25,28.16874999999998,30.206756072122538,26.130743927877425,4000,0.02925802669429022
1377662400,26.35,28.325,25.75,26.35,27.988749999999982,30.001427010851128,25.976072989148836,229100,0.09289295024367435
1377748800,27.525,28.425,26.375,27.525,27.911249999999985,29.869276749053146,25.953223250946824,158328,0.4013675374489229
1377835200,27.2,28.725,26.8,27.2,27.831249999999983,29.76812086559954,25.894379134400427,912888,0.33704385996725156
1378094400,28.475,28.475,28.475,28.475,27.808749999999986,29.70428917131976,25.91321082868021,4,0.6757415541922399
1378180800,26.85,27.025,26.5,26.85,27.701249999999987,29.557824466593644,25.84467553340633,3244,0.2707471433769597
1378267200,26.45,26.525,26.425,26.45,27.58624999999999,29.453632861120624,25.718867138879354,3400,0.19576404933958894
1378353600,26.275,27.225,26.25,26.275,27.462499999999988,29.33302800032679,25.591971999673184,9100,0.1825762565990675
1378440000,26.05,26.25,26,26.05,27.327499999999993,29.196584000254163,25.458415999745824,3748,0.15825505974416593
1378699200,25.75,25.775,25.75,25.75,27.188749999999988,29.093315239105088,25.284184760894888,6560,0.12228912655257346
1378785600,25.775,27,25.775,25.775,27.052499999999988,28.952230244010273,25.152769755989702,1464,0.1637680523253615
1378872000,26.25,26.25,26.225,26.25,26.943749999999987,28.76411225790565,25.123387742094323,500,0.3094472688095198
1378958400,26.225,27.5,26.05,26.225,26.842499999999983,28.584560561521258,25.10043943847871,17920,0.3227673556134171
1379044800,26.25,27.5,26.25,26.25,26.741249999999987,28.37022782366956,25.112272176330414,4012,0.34921525853146496
1379304000,26.25,26.375,26.25,26.25,26.636249999999983,28.09916447118695,25.173335528813016,4004,0.3679861305608008
1379390400,26.25,26.25,26.25,26.25,26.547499999999985,27.871405208090057,25.223594791909914,76,0.3876430131923218
1379476800,25.925,26.25,25.875,25.925,26.468749999999982,27.74310032467853,25.194399675321435,2180,0.28665599660080066
1379649600,27,27.5,27,27,26.506249999999984,27.79668355117902,25.21581644882095,46960,0.691311671782282
1379908800,27.5,28,27.5,27.5,26.578749999999985,27.920416407870434,25.237083592129537,5308,0.8433230475905941
1379995200,26.25,26.25,26.25,26.25,26.542499999999983,27.878548277574104,25.20645172242586,3200,0.3905353927288173
1380081600,27.275,27.475,27.2,27.275,26.593749999999982,27.959297051554138,25.228202948445826,2968,0.7494421555173336
1380168000,26.625,26.75,26.625,26.625,26.60749999999998,27.968483100559585,25.246516899440376,12640,0.5064291760833857
1380254400,26.85,27.5,26.75,26.85,26.573749999999983,27.87418021727757,25.273319782722396,23608,0.606214849643505
1380513600,27.475,28.6,26.75,27.475,26.587499999999988,27.9195566804786,25.255443319521376,77840,0.8331314699315694
1380600000,27.25,27.25,27.25,27.25,26.526249999999987,27.59143484311764,25.461065156882334,4044,0.8397297683478553
1380686400,27.475,27.475,27.475,27.475,26.557499999999987,27.69318261411712,25.421817385882854,20,0.9039420823190415
1380772800,26.5,27.375,26.5,26.5,26.559999999999985,27.69494493258832,25.42505506741165,6076,0.4735669994740848
1380859200,26.5,26.5,26.5,26.5,26.571249999999985,27.699110252871858,25.443389747128112,808,0.4684136399795272
1381118400,27.425,27.5,27.25,27.425,26.639999999999986,27.799568885408537,25.480431114591436,91016,0.838487868154308
1381291200,26.775,27.125,26.525,26.775,26.69124999999999,27.777214433122264,25.605285566877715,84,0.5385601947198299
1381377600,26.625,27.125,26.625,26.625,26.733749999999986,27.736281171588914,25.73121882841106,20500,0.4457622849633559
1381464000,26.75,27.1,26.625,26.75,26.758749999999985,27.73640983348395,25.78109016651602,14120,0.4955250283890647
1381723200,26.35,26.75,26.25,26.35,26.764999999999986,27.73045326143097,25.799546738569003,36716,0.2850750437235684
1381809600,27,27,27,27,26.802499999999988,27.742965310368803,25.862034689631173,1092,0.6050012147298449
1381982400,26.625,26.625,26.625,26.625,26.821249999999992,27.73137018437482,25.911129815625163,3960,0.3921845689342676
1382328000,26.25,27,26.05,26.25,26.821249999999992,27.73137018437482,25.911129815625163,13668,0.1861678216748981
1382414400,26.25,26.25,26.25,26.25,26.837499999999988,27.692996931617376,25.9820030683826,240,0.1566323160918472
1382500800,25.825,26.75,25.5,25.825,26.77874999999999,27.736778574733812,25.82072142526617,22480,0.002233009978338397
1382587200,26.225,26.625,25.55,26.225,26.714999999999993,27.64174160368812,25.788258396311864,28144,0.23563288944299496
1382673600,26,26.25,25.75,26,26.702499999999993,27.660218643447042,25.744781356552945,23180,0.1332430172438038
1382932800,25.75,25.8,25.75,25.75,26.62624999999999,27.63117226067826,25.621327739321725,5916,0.0640210022770461
1383019200,26.25,26.25,25.8,26.25,26.607499999999995,27.62572148867792,25.589278511322068,4376,0.32444880412798127
1383105600,26.225,26.25,26.225,26.225,26.576249999999995,27.60112499237998,25.55137500762001,44,0.3286376374623438
1383278400,26.125,26.125,25.775,26.125,26.508749999999992,27.46338016399341,25.554119836006574,2284,0.2990059321011367
1383537600,26.475,27.475,26.125,26.475,26.46999999999999,27.361992152435167,25.578007847564816,25576,0.5028027152404645
1383624000,26.2,26.2,26.2,26.2,26.40624999999999,27.175645054576208,25.63685494542377,40,0.3659661257417412
1383710400,26.125,26.15,26.125,26.125,26.387499999999996,27.16507636281264,25.60992363718735,4000,0.33120628882642345
1383796800,25.75,26.125,25.75,25.75,26.349999999999994,27.17325573183898,25.526744268161007,65024,0.1355931839917377
1384142400,25.75,25.75,25.75,25.75,26.266249999999992,26.966656132187186,25.5658438678128,800,0.13146382057801786
1384228800,25.75,25.75,25.75,25.75,26.214999999999993,26.908974062919874,25.52102593708011,400,0.16497306971134137
1384315200,26.25,26.25,26.25,26.25,26.196249999999992,26.864695023921975,25.52780497607801,4,0.5402052510501457
1384401600,25.725,25.75,25.65,25.725,26.144999999999992,26.792610994352064,25.49738900564792,468,0.17573126177374646
1384747200,25.275,25.525,25.25,25.275,26.09124999999999,26.83342164457143,25.349078355428553,50652,-0.04990648455138043
1384920000,25.25,26,25.175,25.25,26.00374999999999,26.70842634415111,25.29907365584887,884,-0.03481999662411287
1385006400,25.275,25.275,25.275,25.275,25.936249999999994,26.648548217044862,25.223951782955126,894604,0.035833458390965585
1385092800,25.75,25.875,25.75,25.75,25.911249999999995,26.61276176041811,25.20973823958188,200024,0.38506963881554357
1385352000,25.025,25.3,25,25.025,25.849999999999994,26.631824788558742,25.068175211441247,2720,-0.02761182049550991
1385438400,24.799999,25,24.775,24.799999,25.798749949999994,26.704906200050278,24.89259369994971,43084,-0.05109201638490741
1385524800,24.549999,24.75,24.5,24.549999,25.71499989999999,26.748731408664725,24.68126839133526,2960,-0.06349298160835744
1385611200,24.375,24.5,24.25,24.375,25.63374989999999,26.810639664169408,24.456860135830574,320,-0.03477816628320601
1385697600,24.799999,24.799999,24.375,24.799999,25.586249849999994,26.816034300017765,24.356465399982223,676,0.18032981308690602
1385956800,24.75,24.75,24.350001,24.75,25.51124984999999,26.752869640236323,24.26963005976366,492,0.19344486291769952
1386043200,25.2,25.25,24.5,25.2,25.459999849999996,26.66357821969816,24.25642148030183,104400,0.3919888157905332
1386216000,25.2,25.2,25.2,25.2,25.413749849999995,26.58213317173368,24.24536652826631,94744,0.40852751574593404
1386302400,24.375,24.375,24.375,24.375,25.30874984999999,26.45398758100008,24.1635121189999,4,0.09233361566572539
1386561600,25,25,25,25,25.248749849999992,26.32456088754615,24.172938812453836,4,0.3843896180097892
1386648000,24.375,24.5,24.375,24.375,25.161249849999994,26.22231972682519,24.100179973174797,2040,0.12950138008228362
1386734400,24.375,24.375,24.375,24.375,25.092499849999992,26.170124762019974,24.01487493798001,7228,0.1670920271066041
1386820800,24.375,24.375,24.375,24.375,25.023749849999994,26.100257684855674,23.947242015144315,4832,0.19867852838852382
1387252800,24.375,24.375,24.375,24.375,24.954999849999997,26.01266250226938,23.897337197730614,4072,0.2258105650438184
1387339200,24.375,24.375,24.375,24.375,24.861249849999993,25.764227658977575,23.95827204102241,2680,0.23075204885125525
1387425600,24.975001,25,24.725001,24.975001,24.823749899999992,25.638071052252545,24.00942874774744,2532,0.5928694407492794
1387512000,25.5,25.5,24.975001,25.5,24.834999899999993,25.679600514495977,23.990399285504008,71600,0.8936772532404835
1387771200,25.25,25.25,25.25,25.25,24.834999899999993,25.679600514495977,23.990399285504008,16,0.7456783081123253
1387857600,25.5,25.5,25.125,25.5,24.846249899999993,25.719501843602956,23.97299795639703,40,0.874319292839298
1388030400,25.5,25.5,25.15,25.5,24.833749899999994,25.66083450692115,24.006665293078836,608,0.9027702211023719
1388116800,25.125,25.15,25.125,25.125,24.83874989999999,25.671587789992675,24.005912010007304,392,0.6718522316525037
1388376000,25.15,25.15,25.15,25.15,24.85624994999999,25.699736133945287,24.012763766054697,100,0.6741285486301802
1388462400,25.7,26.25,25.15,25.7,24.91374999999999,25.820319809780973,24.007180190219007,58972,0.9336400746622915
1388635200,26.225,26.225,26.15,26.225,25.00624999999999,26.04233340398151,23.970166596018473,7928,1.0881524572812051
1388721600,26.25,26.25,26.25,26.25,25.07875004999999,26.242072321989475,23.915427778010503,4,1.0034073438639521
1388980800,25.5,25.75,25.5,25.5,25.11625004999999,26.283112806928305,23.949387293071677,7268,0.6644366262105257
1389067200,25.5,25.5,25.15,25.5,25.13125004999999,26.309689139434102,23.95281096056588,204,0.6564569409255947
1389153600,25.7,26.025,25,25.7,25.15625004999999,26.36039650185151,23.95210359814847,39780,0.7257823162473003
1389240000,25.125,26,25,25.125,25.19375004999999,26.343736424921996,24.043763675077987,15268,0.470108319759591
1389326400,25.7,25.975,25.025,25.7,25.22875004999999,26.39550565787437,24.061994442125613,41316,0.7019488686489116
1389585600,26.375,27.225,25.475,26.375,25.32875004999999,26.528049265586727,24.12945083441325,129640,0.936192209751488
1389844800,26.975,27.375,26.975,26.975,25.45875004999999,26.77435582549167,24.143144274508305,12800,1.0762554323818405
1389931200,26.725,27,26.25,26.725,25.576250049999988,26.903415642346143,24.249084457653833,15748,0.9327832022714138
1390190400,25.875,25.875,25.875,25.875,25.651250049999987,26.86290944087979,24.439590659120185,4,0.5923320331126822
1390276800,26,26.7,25.9,26,25.732500049999988,26.80033650611464,24.664663593885336,13288,0.6252532391398758
1390363200,25.625,26.225,25.5,25.625,25.764999999999986,26.77673118959914,24.753268810400833,57140,0.4308116615168036
1390449600,26.2,26.25,25.5,26.2,25.79999999999999,26.821028892836445,24.778971107163535,55060,0.695880842749119
1390536000,25.7,26,25.625,25.7,25.82249999999999,26.813446517228098,24.831553482771884,4280,0.4381904079229973
1390795200,25.5,25.625,25.25,25.5,25.82249999999999,26.813446517228098,24.831553482771884,8520,0.33727678820543533
1390881600,25.25,25.5,25.2,25.25,25.80999999999999,26.822965942174953,24.79703405782503,32088,0.22358399395067358
1390968000,25.475,25.725,25,25.475,25.827499999999993,26.803960444670754,24.851039555329233,35004,0.31950113702821475
1391054400,25.25,25.75,25.25,25.25,25.83249999999999,26.79597029015298,24.869029709847,10700,0.19770733672156457
1391140800,25.625,26,25.25,25.625,25.828749999999992,26.79483423546111,24.862665764538875,47736,0.39454853287056213
1391400000,25.25,25.5,25.25,25.25,25.77999999999999,26.759489663042437,24.800510336957544,524,0.22945094777533012
1391572800,25.25,25.25,25.125,25.25,25.72999999999999,26.710510071344192,24.749489928655787,4112,0.25522943923362895
1391659200,25.05,25.5,25.025,25.05,25.70749999999999,26.72792883142691,24.687071168573066,32488,0.17783152545750341
1392004800,25,25.25,25,25,25.682499999999987,26.74564392252796,24.619356077472013,34972,0.17901805882635408
1392091200,24.975001,24.975001,24.975001,24.975001,25.646250049999992,26.75307816741803,24.539421932581956,760,0.1967690649358206
1392177600,24.75,24.799999,24.75,24.75,25.62750004999999,26.780745357386007,24.474254742613976,696,0.1195518662074757
1392264000,24.75,24.75,24.75,24.75,25.580000049999988,26.794042783188747,24.36595731681123,40,0.15816687200954552
1392609600,24.575001,24.625,24.5,24.575001,25.49000009999999,26.721706001588657,24.25829419841132,19396,0.12856429492632443
1392696000,24.25,24.5,24.25,24.25,25.35375009999999,26.498004567768394,24.209495632231583,5924,0.017699021026070804
1392782400,24.600001,24.600001,24.600001,24.600001,25.247500149999986,26.24836196014594,24.246638339854034,400,0.17652919542131165
1392868800,24.75,25,24.15,24.75,25.19125014999999,26.170953258348476,24.211547041651507,89576,0.2748041492162763
1392955200,24.299999,24.5,24.275,24.299999,25.10625009999999,26.085519524115778,24.1269806758842,40568,0.08834051174017893
1393214400,24.275,24.275,24.275,24.275,25.03875009999999,26.05123153637678,24.026268663623203,40,0.12283254163498179
1393300800,24.049999,24.299999,24,24.049999,24.931250049999992,25.8824172789918,23.980082821008185,5412,0.036752832131276364
1393387200,24.25,24.25,24.025,24.25,24.85875004999999,25.785205190040983,23.932294909958998,4260,0.1714627488746756
1393560000,24.475001,24.5,24.25,24.475001,24.80750009999999,25.69914199224624,23.915858207753743,22144,0.313546726050325
1393905600,24.625,24.625,24.625,24.625,24.77625009999999,25.64723749313976,23.905262706860224,400,0.413173197918078
1393992000,24.9,25,24.725001,24.9,24.74750009999999,25.56035021657051,23.93464998342947,20556,0.5938056702528498
1394078400,25,25,24.625,25,24.735000099999993,25.523891931627155,23.946108268372832,40100,0.6679570565798736
1394164800,25.375,25.75,25,25.375,24.722500099999994,25.46089385133305,23.984106348666938,23968,0.9418373657835115
1394424000,25.1,25.125,25.075,25.1,24.715000099999994,25.434618289047474,23.995381910952513,4000,0.7675028965774274
1394510400,24.75,25.075,24.75,24.75,24.690000099999995,25.367015873824364,24.012984326175626,26000,0.544312039925653
1394596800,25.225,25.25,25,25.225,24.698750099999998,25.398299312712737,23.99920088728726,55604,0.8761350098296095
1394683200,25.25,25.25,25.25,25.25,24.711250099999994,25.440200778035173,23.982299421964814,4996,0.8695379647990437
1394769600,25,25.25,25,25,24.712500049999996,25.44333877024352,23.98166132975647,68672,0.6966917885140277
1395028800,25,25.25,25,25,24.72500005,25.466451484691977,23.98354861530802,33052,0.6854470415275715
1395115200,25.225,25.25,25,25.225,24.748750049999998,25.521646531106605,23.975853568893392,24748,0.8080942672414066
1395201600,25.2,25.25,25.125,25.2,24.779999999999998,25.572559329013885,23.98744067098611,12000,0.7649643910712473
1395288000,25.725,26.25,25.1,25.725,24.853749999999998,25.707458990234247,24.00004100976575,16044,1.010273412817722
1395374400,25.1,25.275,25.075,25.1,24.87874995,25.730553420001197,24.026946479998802,48112,0.6298715359774778
1395633600,25,25.125,25,25,24.891249950000002,25.74246623068654,24.040033669313466,7220,0.5638792117041551
1395720000,25.25,25.3,25,25.25,24.938750000000002,25.75812105148128,24.119378948518726,262600,0.6899322653865506
1395806400,25.25,25.275,25.25,25.25,24.9875,25.7576462004099,24.2173537995901,8620,0.6704221872809909
1395892800,25.25,25.25,25,25.25,25.04750005,25.69304228022673,24.40195781977327,10840,0.6568448511330365
1395979200,25.2,25.25,25.125,25.2,25.095000050000003,25.62899419978585,24.561005900214155,720,0.598315637017845
1396238400,25.025,25.2,25.025,25.025,25.122500000000002,25.576620028191787,24.668379971808218,13764,0.3926495266149907
1396411200,25.275,25.475,25.25,25.275,25.155000000000005,25.551421492864037,24.758578507135972,16756,0.651354053904883
1396497600,25.25,25.625,25.225,25.25,25.172500000000003,25.552927391239265,24.79207260876074,48200,0.6018591218517897
1396584000,25.25,25.5,25.125,25.25,25.185000000000006,25.558296129103987,24.811703870896025,31920,0.5870622475459538
1396843200,25.375,25.9,25.325,25.375,25.185000000000002,25.55829612910581,24.811703870894195,3152,0.7544896466715628
1396929600,25.875,25.95,25.375,25.875,25.223750000000003,25.700319774539942,24.747180225460063,2900,1.183268258702188
1397016000,26.25,26.475,26,26.25,25.298750000000002,25.907329288183213,24.69017071181679,20012,1.2815333338403283
1397102400,26.475,26.475,26.475,26.475,25.361250000000002,26.155207650007736,24.567292349992268,16,1.2013913147566189
1397188800,26.475,26.5,26,26.475,25.422500000000003,26.350387385411107,24.4946126145889,2104,1.067148565951074
1397620800,26.725,26.975,26.5,26.725,25.508750000000003,26.574028719399415,24.44347128060059,65132,1.0708599908415057
1397707200,27.475,28.125,26.275,27.475,25.632500000000004,26.97228543058408,24.292714569415928,48604,1.1876101045511311
1398052800,27.325,27.625,27.25,27.325,25.7375,27.250981086768366,24.224018913231635,29604,1.0244532005978617
1398139200,27.575,28.375,27.25,27.575,25.85625,27.544953274706838,24.16754672529316,76492,1.0088963898344951
1398225600,27.5,27.5,27.125,27.5,25.945,27.777252711829274,24.112747288170727,1204,0.9243410283856336
1398312000,27.375,27.5,26.55,27.375,26.058749999999996,27.94860945244784,24.168890547552152,8000,0.8482401821720468
1398398400,27.5,27.5,27.25,27.5,26.183750000000003,28.10737125950108,24.260128740498928,12220,0.8421281589343083
1398657600,27.525,27.525,27.375,27.525,26.297500000000003,28.255553880771675,24.33944611922833,3172,0.8134489842323022
1398744000,28.75,29,27.575,28.75,26.472500000000004,28.639289099105863,24.305710900894145,136800,1.0255472258328748
1398830400,28.75,28.875,28.75,28.75,26.647499999999997,28.952055271631767,24.342944728368227,24068,0.95616176489256
1399003200,28.75,29,28.5,28.75,26.825,29.20197286480211,24.44802713519789,51496,0.904926793339785
1399262400,29.1,29.45,28.825,29.1,27.028749999999995,29.451778838046724,24.605721161953266,2240,0.9274092754235848
1399348800,28.875,29.375,28.175,28.875,27.20875,29.618743516589937,24.79875648341006,28344,0.8456959507421601
1399435200,29.15,29.25,28.875,29.15,27.403749999999995,29.7791065521845,25.02839344781549,16604,0.8675763957192147
1399521600,29.425,29.625,29,29.425,27.6125,29.927100397477844,25.297899602522158,67892,0.8915362673347486
1399608000,29.625,29.75,29.225,29.625,27.824999999999996,30.057823324852667,25.592176675147325,102408,0.9030771221271559
1399867200,28.975,29.725,28.95,28.975,27.979999999999997,30.076043892671688,25.883956107328306,2476,0.7373518998048612
1399953600,28.925,29,28.925,28.925,28.11375,30.089064848322966,26.138435151677033,35600,0.7053470110571863
1400212800,28.95,29.5,28.75,28.95,28.2375,30.093133315071928,26.381866684928074,160,0.6919829726629965
1400472000,28.75,28.75,28.75,28.75,28.35125,30.031389503138058,26.671110496861942,13920,0.6186657415218318
1400558400,28.75,29.4,28.7,28.75,28.452499999999997,29.964030681132833,26.94096931886716,255212,0.598410175762042
1400644800,28.375,28.4,28.35,28.375,28.497499999999995,29.94205010297548,27.05294989702451,24200,0.45759925538488777
1400731200,28.4,28.75,28.375,28.4,28.551249999999992,29.893680165783927,27.208819834216058,5404,0.44366559845901965
1400817600,28.75,28.75,28.4,28.75,28.609999999999992,29.877122724919204,27.34287727508078,2424,0.5552432677777654
1401076800,28.975,29.25,28.75,28.975,28.683749999999993,29.851683538351786,27.5158164616482,11128,0.6246860332528106
1401163200,29,29.725,28.7,29,28.764999999999997,29.772521711927826,27.757478288072168,73952,0.6166227969173713
1401249600,28.75,28.75,28.75,28.75,28.827499999999997,29.65180273565321,28.003197264346785,2000,0.4529905721236126
1401336000,28.75,29,28.75,28.75,28.888749999999995,29.460036924414183,28.317463075585806,30996,0.3785636480808026
1401422400,29,29,28.75,29,28.901249999999994,29.47078380058273,28.331716199417258,25776,0.5866937132607116
1401681600,29.025,29.375,28.9,29.025,28.914999999999992,29.48253854495239,28.347461455047593,88008,0.5969097173912942
1401768000,29.35,30,29.025,29.35,28.944999999999993,29.537368128790472,28.352631871209514,43156,0.8418482361862997
1401854400,29.975,30,29.5,29.975,28.988749999999992,29.730786892618127,28.246713107381858,178060,1.1645559067287174
1401940800,29.8,30,29.8,29.8,29.034999999999997,29.85420693356775,28.215793066432244,2544,0.9669149934243904
1402027200,29.75,29.95,29.75,29.75,29.064999999999998,29.940842451589027,28.189157548410968,6100,0.8910520657894668
1402286400,29.625,29.85,29.625,29.625,29.074999999999996,29.971381615165043,28.178618384834948,40424,0.8067889784300935
1402372800,29.725,29.725,29.5,29.725,29.079999999999995,29.98961530330466,28.17038469669533,21380,0.8545454862383571
1402459200,29.75,29.75,29.5,29.75,29.118749999999995,30.072148526328778,28.165351473671212,8964,0.8310525360421608
1402632000,29.775,29.925,29.75,29.775,29.161249999999995,30.151385723022706,28.171114276977285,13144,0.809932257633495
1402891200,29.775,29.875,29.75,29.775,29.202499999999997,30.222291645389635,28.18270835461036,17596,0.7806945921690027
1402977600,29.5,29.775,29.5,29.5,29.24,30.245534683641306,28.23446531635869,39388,0.6292844514614218
1403064000,29.725,29.75,29.725,29.725,29.28875,30.28905932716077,28.28844067283923,4004,0.7180575488775216
1403150400,29.975,30,29.75,29.975,29.36875,30.31860196215275,28.418898037847246,30416,0.819128676970879
1403236800,29.775,30.25,29.75,29.775,29.4375,30.291095337384608,28.583904662615392,31868,0.6976932073188739
1403496000,31.175,31.25,30,31.175,29.558749999999996,30.64459932196213,28.472900678037863,300160,1.2442330935379855
1403582400,30.75,31,30.75,30.75,29.6475,30.815072267572788,28.479927732427214,1024,0.9721335161085731
1403668800,30.775,30.95,30.75,30.775,29.736250000000002,30.961859542229778,28.510640457770226,5620,0.9237687306636737
1403755200,30.775,30.975,30.75,30.775,29.837500000000006,31.055028233760204,28.619971766239807,36832,0.8850013387798943
1403841600,32,32.474998,30.775,32,30.000000000000007,31.44065957116821,28.559340428831803,140680,1.1941265098382088
1404100800,32.150003,32.5,31.75,32.150003,30.157500150000004,31.800904358039183,28.514095941960825,306304,1.1062120445636867
1404187200,30.95,31.5,30.45,30.95,30.253750150000002,31.84523405676801,28.662266243231993,26980,0.7187423470130918
1404273600,31.575,31.625,30.425,31.575,30.365000150000004,31.998738850649996,28.73126144935001,21980,0.8703162107620362
1404360000,31.25,31.5,31.25,31.25,30.428750150000003,32.09580468285151,28.761695617148497,21536,0.7463176320318824
1404446400,31,31.25,31,31,30.488750149999998,32.14732506344306,28.830175236556933,4800,0.654123231292185
1404705600,31.5,31.5,31,31.5,30.57625015,32.254231269828814,28.898269030171182,23868,0.7752563300873853
1404792000,31.725,31.725,31.5,31.725,30.68125015,32.370767984324885,28.991732315675115,2948,0.8088898586314933
1404878400,31.5,31.75,31.5,31.5,30.770000149999998,32.43557862488559,29.104421675114402,17220,0.7191430367909095
1404964800,32.575,33,31.5,32.575,30.911250149999994,32.682653615194525,29.13984668480546,49716,0.969613468272543
1405051200,32.875,33,32.25,32.875,31.066250149999995,32.95167319284837,29.18082710715162,28068,0.9796668463506909
1405310400,32.275003,32.5,31.75,32.275003,31.191250299999997,33.04895619733807,29.333544402661925,118832,0.791691139472863
1405396800,33.575,33.875,32.5,33.575,31.395000299999992,33.356989586924286,29.433011013075703,142468,1.0555585126097913
1405483200,35.675,36.75,33.625,35.675,31.69250029999999,34.26179519315789,29.12320540684209,366100,1.2750180235451976
1405569600,35.675,37.474998,35.150003,35.675,31.977500299999985,34.95381943006781,29.001181169932163,137020,1.1211530985784701
1405656000,36.175,36.25,35.075,36.175,32.29750029999999,35.61449815890886,28.98050244109112,16584,1.0844893281413688
1405915200,37.5,37.5,36.25,37.5,32.61375029999999,36.58409257580008,28.643408024199907,325388,1.115343635457141
1406001600,38.650003,38.75,37.25,38.650003,33.008750449999994,37.67051766946792,28.346983230532064,67508,1.1050551523080847
1406088000,38.675,39.724998,38.5,38.675,33.40375044999999,38.55460690174733,28.252893998252652,63036,1.0116867068011406
1406174400,38.224998,38.625,36.75,38.224998,33.77625034999999,39.18394091867236,28.368559781327622,6836,0.9113352635016068
1406260800,37.45,38.625,37,37.45,34.04875034999999,39.617804715285736,28.479695984714247,55428,0.8053704836499199
1406520000,37.125,37.5,37.025003,37.125,34.297500199999995,39.94891370938023,28.64608669061976,22000,0.7501586368885335
1406692800,37.5,37.5,37,37.5,34.62500019999999,40.2213828825913,29.02861751740868,13916,0.7568623308180196
1406779200,37.5,37.5,37.5,37.5,34.92125019999999,40.46751627782279,29.37498412217719,326484,0.7324762068584623
1406865600,37.25,37.75,37.25,37.25,35.22125019999999,40.58688780666019,29.8556125933398,4748,0.6890502069578632
1407124800,37.175,37.625,37,37.175,35.530000199999996,40.59047425704302,30.469526142956973,472000,0.6625341599874953
1407211200,38.55,38.75,37.5,38.55,35.882500199999996,40.749457372403114,31.015543027596877,9344,0.7740418402616528
1407297600,37.825,38.75,37.5,37.825,36.187500199999995,40.727640245197435,31.647360154802556,15528,0.6803358248532614
1407384000,38.5,38.75,38.5,38.5,36.5375002,40.636020795288665,32.43897960471133,3320,0.7394156323449901
1407470400,39.2,39.95,37.775003,39.2,36.868750199999994,40.6945134297368,33.042986970263186,104256,0.8046777414085277
1407729600,40,40,39.25,40,37.2250002,40.816621695926955,33.63337870407304,50872,0.886315735545486
1407816000,39.5,41,38.75,39.5,37.58625004999999,40.50384658062332,34.66865351937666,16948,0.8279668607213397
1407902400,39.974998,40,39.5,39.974998,37.90624994999999,40.36103461112762,35.451465288872356,688,0.9213705753419749
1407988800,39.599998,40,39.5,39.599998,38.10249984999999,40.4370175438734,35.76798215612657,38480,0.8207296637609489
1408075200,39,39.55,39,39,38.26874984999999,40.34768390679586,36.189815793204126,4800,0.6758714153557711
1408334400,40,40.5,39.5,40,38.45999984999999,40.43442338409989,36.48557631590009,1090328,0.889987285757832
1408420800,39.025003,40.175,39.025003,39.025003,38.53624999999999,40.47393359646492,36.59856640353506,13448,0.6261178555909956
1408507200,40,40,39.025003,40,38.60374984999999,40.64392574058033,36.56357395941966,14836,0.842188670213831
1408593600,39.974998,40,39.5,39.974998,38.66874974999999,40.794888667735094,36.542610832264884,100088,0.8071878885956113
1408680000,39.75,40,39.75,39.75,38.74499984999999,40.91102101425626,36.57897868574373,2360,0.7319922276348324
1408939200,39.650003,39.75,39.5,39.650003,38.855,40.969627335963985,36.74037266403601,7088,0.6879770932871219
1409025600,39.849998,40,38.75,39.849998,38.9912499,40.99045394986736,36.99204585013264,72076,0.7147724990995729
1409112000,39.625,39.974998,39.625,39.625,39.097499899999995,40.99149651245942,37.20350328754057,6496,0.6392558192897256
1409198400,39.650003,39.650003,39.650003,39.650003,39.205000049999995,40.96330855194426,37.44669154805573,40,0.6265429102765349
1409284800,39.724998,39.724998,38.125,39.724998,39.328749949999995,40.85192662114141,37.80557327885858,4388,0.6300729119305215
1409544000,39.625,39.724998,39.625,39.625,39.45124994999999,40.61308781326295,38.28941208673703,620,0.5747737939578083
1409630400,42.45,42.5,39.7,42.45,39.64624995,41.32964452600098,37.96285537399901,720752,1.3327667470155742
1409716800,42.5,43.724998,41.5,42.5,39.87999995,41.77226014405598,37.98773975594402,37456,1.1922938130363943
1409803200,42.5,43.400003,42.25,42.5,40.079999949999994,42.18063050343153,37.97936939656846,31768,1.0760175310329454
1409889600,42.5,43.400003,41.5,42.5,40.24499994999999,42.55154472260027,37.93845517739972,39460,0.9888264205376425
1410235200,41.775003,43.400003,41.75,41.775003,40.33375009999999,42.730585368226045,37.93691483177393,74196,0.8006574792824015
1410321600,41.5,42.5,41.5,41.5,40.43375009999999,42.8499080466192,38.01759215338078,23232,0.7206498754545315
1410408000,43.349998,44.375,42.5,43.349998,40.602500099999986,43.3196167036835,37.88538349631647,33800,1.0055907236876238
1410494400,42.5,43.5,42.5,42.5,40.74750019999999,43.54351908477387,37.95148131522611,60440,0.8133919819968846
1410753600,42.5,42.5,42.5,42.5,40.92250019999999,43.69715717411621,38.14784322588377,2000,0.7842693375642364
1410840000,42.5,43.75,42.25,42.5,41.04750019999999,43.86950677759889,38.22549362240108,49180,0.7573523058964424
1410926400,43.25,43.7,42,43.25,41.25875004999999,44.07607452838557,38.44142557161441,22176,0.8533937899728652
1411012800,42.5,43.25,42,42.5,41.38375004999999,44.188401038360254,38.579099061639724,12080,0.6989997961658367
1411099200,41.849998,43,40,41.849998,41.47750004999999,44.21199669088482,38.74300340911516,5680,0.5681108808894857
1411358400,42,42.5,42,42,41.59000004999999,44.21385157666997,38.96614852333002,23676,0.578129411255284
1411444800,42.275003,42.5,41.5,42.275003,41.721250049999995,44.202543801555684,39.239956298444305,85592,0.6115855286486774
1411531200,42.5,42.5,41.5,42.5,41.85375014999999,44.200570770650614,39.506929529349364,2178148,0.6376862475796822
1411617600,42.5,45,42.25,42.5,41.99750014999999,44.1223467569363,39.872653543063684,2759276,0.6182437942484073
1411704000,43,44.95,43,43,42.16499999999999,44.036256508340614,40.29374349165937,15824,0.7231121164517585
1411963200,43.625,44.75,41.525003,43.625,42.36000009999999,43.96782434785967,40.75217585214032,48824,0.8933887368858773
1412049600,43.25,44.5,41.55,43.25,42.54125009999999,43.59769101979006,41.48480918020992,3604,0.8354422792241173
1412136000,43.75,43.75,43.75,43.75,42.6062501,43.785112842224386,41.42738735777561,128,0.9851073237932129
1412222400,43.349998,43.75,42.5,43.349998,42.64874999999999,43.86976055278298,41.42773944721701,92960,0.7871588613225696
1412308800,42.5,42.75,42.5,42.5,42.64874999999999,43.86976055278298,41.42773944721701,83752,0.4390873405389681
1412654400,43.400003,43.474998,41.775003,43.400003,42.693750149999985,43.95518489564146,41.43231540435851,7056,0.7799403030716678
1412827200,43.375,43.45,42.025003,43.375,42.77374999999999,43.994249373210216,41.55325062678977,4188,0.7463131129754564
1413172800,41.75,42.05,41.5,41.75,42.78624999999999,43.95847810067344,41.61402189932654,7088,0.05799984687081896
1413259200,41.875,42.5,41.099998,41.875,42.71250009999999,43.91868229187868,41.506317908121304,26012,0.15283018368247323
1413345600,42.5,42.5,42.099998,42.5,42.71250009999999,43.91868229187868,41.506317908121304,40800,0.4119121052230869
1413432000,42.125,42.25,42.125,42.125,42.69375009999999,43.923981478647235,41.46351872135274,1680,0.26884425569384285
1413518400,41.400003,41.525003,41.25,41.400003,42.638750249999994,43.99101420445095,41.28648629554904,10416,0.0419728352875636
1413777600,40.075,41,40,40.075,42.480000249999996,44.20268692203477,40.75731357796522,71600,-0.1980376318693211
1413864000,40.974998,40.974998,40,40.974998,42.40375014999999,44.246932022607695,40.56056827739229,488,0.11242236286248283
1414036800,41.875,41.875,41.125,41.875,42.405000249999986,44.24671147057992,40.563289029420055,29220,0.3561120103744886
1414123200,40.375,41.875,40.375,40.375,42.32375024999999,44.362590393931676,40.2849101060683,404,0.022093417720814697
1414382400,40.45,40.45,40.45,40.45,42.232500099999996,44.42915107682921,40.035849123170784,1892,0.09426870294775519
1414468800,40.175,40.375,40,40.175,42.11625009999999,44.4834360574204,39.74906414257958,21568,0.08996670837904393
1414555200,41.25,41.25,40,41.25,42.05375009999999,44.44301136805092,39.66448883194906,10392,0.33179945392584526
1414641600,41.125,41.150003,41.125,41.125,41.96000009999999,44.34051490398807,39.5794852960119,1420,0.32461774684175265
1414728000,40.3,41.125,40.25,40.3,41.79375009999999,44.15022407927625,39.43727612072373,11668,0.1830539795608594
1414987200,41.775003,42.474998,40.55,41.775003,41.720000249999984,43.97990090932317,39.4600995906768,80580,0.5121692849137198
1415073600,42,42,42,42,41.63250024999999,43.698420423919266,39.56658007608072,26000,0.5889433567277724
1415160000,42,42,40.25,42,41.56500034999999,43.48511824429837,39.64488245570161,12016,0.613274203446492
1415332800,42.150003,42.150003,42.150003,42.150003,41.54750049999999,43.43938540664967,39.65561559335031,484,0.6592333914928717
1415592000,41.099998,41.724998,40.5,41.099998,41.43250024999999,43.12956444000825,39.73543605999173,2620,0.40203604201960935
1415678400,41.25,41.75,41.25,41.25,41.326250249999994,42.770850827151854,39.881649672848134,5848,0.47360853539518616
1415764800,43.875,45.224998,42.025003,43.875,41.43250024999999,43.25047353500959,39.61452696499039,217100,1.1717644780976835
1415851200,44.25,44.25,43.25,44.25,41.551250249999995,43.74148320051121,39.36101729948878,110164,1.1160873776851217
1415937600,44.325,44.5,43.5,44.325,41.64250025,44.11687420011444,39.16812629988556,43524,1.042056254244824
1416196800,44.974998,45.75,43.5,44.974998,41.78500014999999,44.65133031381744,38.918669986182536,12844,1.0564602937701166
1416283200,43.625,43.625,43.525003,43.625,41.896249999999995,44.86505747439204,38.92744252560795,3624,0.79115225808875
1416369600,43.25,43.75,43.25,43.25,42.05499999999999,44.956059990763215,39.15394000923677,1524,0.7059592017753521
1416456000,43.75,43.75,43.5,43.75,42.193750099999995,45.140013300225824,39.24748689977417,8396,0.7641057153143547
1416542400,42.125,43,40.3,42.125,42.20625009999999,45.149117211339956,39.26338298866003,26464,0.48619541812015493
1416801600,40.5,41.875,38.525003,40.5,42.212500099999986,45.14027623215355,39.28472396784642,33996,0.20754251303696306
1416888000,40.5,41.5,40.5,40.5,42.21500009999998,45.136831388422905,39.29316881157706,4248,0.206519656560036
1416974400,39.7,40.625,39.5,39.7,42.19125009999999,45.185839695755206,39.196660504244775,10068,0.08404148208968326
1417060800,38.55,39.525003,37.900003,38.55,42.056250099999986,45.42807704618327,38.6844231538167,56016,-0.019933281862057672
1417147200,38.825,41.224998,38.75,38.825,41.94125009999999,45.57870347386007,38.303796726139915,16776,0.07164398004461371
1417406400,40.175,41,39.75,40.175,41.93500009999999,45.5841230496971,38.28587715030288,12996,0.2588461495732723
1417492800,40,40.099998,40,40,41.846249949999994,45.59168947140503,38.100810428594954,8024,0.2535336054088248
1417579200,42.425,42.474998,41.25,42.425,41.86749994999999,45.62100144420577,38.11399845579421,22296,0.5742639973449608
1417665600,41,41.224998,41,41,41.81749995,45.58920691727627,38.045792982723725,752,0.3916273245651486
1417752000,39.5,40.900003,39.5,39.5,41.6849998,45.584691818095536,37.785307781904464,15908,0.21984969712209831
1418011200,40,40,39.75,40,41.629999899999994,45.591678499280924,37.668321300719064,2400,0.29427913456989546
1418097600,39.775003,40.75,39.275003,39.775003,41.55625005,45.59759436563302,37.514905734366984,12340,0.27962196352465485
1418184000,40.75,40.75,40.75,40.75,41.40000005,45.310178458973155,37.48982164102685,4,0.41688358151275523
1418270400,39.55,40.75,39.325,39.55,41.16500005,44.923802423629,37.40619767637101,40388,0.2851709282016896
1418356800,39.75,39.75,39.75,39.75,40.93625005,44.44660816926659,37.42589193073341,1200,0.3310357505279493
1418616000,40,40,39.75,40,40.68750015,43.6855201474315,37.6894801525685,6864,0.38534096660645994
1418702400,41.5,41.5,41.5,41.5,40.58125015,43.2921942258705,37.8703060741295,4,0.6694520108654365
1418788800,39.75,40,39.75,39.75,40.40625015,42.84355767932413,37.96894262067587,9320,0.36537395422932584
1419220800,41.5,41.5,40,41.5,40.29375015,42.26681074904389,38.32068955095611,20356,0.8056798789111004
1419307200,41.5,41.5,41.25,41.5,40.26250015,42.1358325857943,38.389167714205705,4012,0.8302937125185944
1419393600,41.400003,41.625,41.400003,41.400003,40.3075003,42.24367582716718,38.37132477283282,132,0.78212904374389
1419825600,41.375,41.375,41.25,41.375,40.35125029999999,42.3416320013337,38.36086859866628,2844,0.7571742142007281
1419998400,41.5,41.5,41.5,41.5,40.44125029999999,42.46814918771094,38.414351412289044,1080,0.7611747695998027
1420171200,41.525003,41.525003,41.5,41.525003,40.59000045,42.471316775343176,38.70868412465682,17200,0.7484969001237585
1420516800,43,43,41.5,43,40.79875044999999,42.77450830826709,38.8229925917329,8392,1.0570646070796064
1420603200,43.25,43.25,42.75,43.25,40.952500449999995,43.17353057383963,38.73147032616036,68712,1.0172148556968184
1420689600,43.425,43.599998,43.25,43.425,41.12375045,43.543847130816836,38.70365376918317,4800,0.9754457886416493
1420776000,43.75,44.25,43.474998,43.75,41.19000045,43.812994722963715,38.56700617703628,30612,0.9879918298692018
1421035200,43.75,43.75,43.75,43.75,41.327500449999995,44.174950793904536,38.480050106095455,4,0.9253804733040882
1421121600,42.5,42.5,41.75,42.5,41.47750045,44.23883580105759,38.71616509894241,4804,0.685145847933389
1421380800,41.75,41.775003,41.75,41.75,41.56500045,44.243171020744256,38.88682987925574,400,0.5345384181315587
1421640000,40.974998,41.75,40.75,40.974998,41.6250002,44.191515372369125,39.05848502763088,4692,0.37336872055192394
1421726400,40.75,40.75,40.75,40.75,41.6250002,44.191515372369125,39.05848502763088,11180,0.3295353541213826
1421812800,40.75,40.75,40.75,40.75,41.6850002,44.10669382926078,39.26330657073922,4000,0.30695324365093085
1421899200,40.5,40.5,40.5,40.5,41.7225002,44.044347519270225,39.40065288072977,400,0.23673975246911588
1421985600,40.5,40.5,40.5,40.5,41.747500200000005,44.00448379187626,39.49051660812375,400,0.2236355185544474
1422244800,41.5,42.025003,40.825,42,41.7725002,44.02904067027757,39.51595972972244,117808,0.5504089784775749
1422331200,42,42.5,42,42.5,41.9100002,43.98463261900871,39.83536778099129,71664,0.6421938157801256
1422417600,42.55,42.974998,42.5,42.974998,41.983750099999995,44.09930381309842,39.868196386901566,13244,0.7342762308190768
1422504000,42.525003,42.525003,42,42.5,42.033750100000006,44.14847643524975,39.919023764750264,116932,0.6102388267049532
1422590400,41,41.7,41,41.7,42.04874995,44.149492256780974,39.94800764321903,8800,0.41699363865947037
1422849600,41.05,41.05,40,40,41.97999994999999,44.24779611853055,39.712203781469434,54156,0.06345284080734792
1423108800,40.95,42.5,39.75,40,41.90499995,44.325413020531684,39.48458687946831,43244,0.10647214039760378
1423195200,41,41,40,40,41.8287498,44.38454097222018,39.272958627779815,12680,0.14223411132385552
1423454400,41,41.25,41,41.25,41.7412498,44.25004799355762,39.232451606442375,252,0.4020945962769175
1423540800,41.25,41.25,40.125,40.125,41.5849998,44.08771819726299,39.08228140273701,6000,0.20831720388584732
1423627200,41,41,40.025003,41,41.4637498,43.829361334465766,39.09813826553424,48648,0.40198099027600215
1423713600,40.3,40.5,40.275003,40.275003,41.289999949999995,43.460851784188954,39.119148115811036,19820,0.26622150484553797
1423800000,40.5,41.25,40.375,40.375,41.12124994999999,43.006937190372014,39.23556270962797,6860,0.3021278571485782
1424059200,40.5,41.125,40.5,41.125,41.05249995,42.82921675101255,39.27578314898744,59896,0.5204028154511412
1424232000,41.125,41.25,41,41,41.014999949999996,42.76266913379895,39.26733076620104,22388,0.4957085842849873
1424318400,41.275003,42.5,41.275003,41.55,41.04375005,42.806692556861364,39.280807543138636,10636,0.6435809585479035
1424664000,42,42,42,42,41.10625005,42.91123377776571,39.30126632223429,8,0.7475783953759861
1424750400,42,42,41.25,41.25,41.13125005,42.92964273445482,39.33285736554517,144,0.5330155785848295
1424923200,41.025003,41.925,41,41.925,41.202500050000005,43.00810866456713,39.39689143543288,60200,0.7000710298375495
1425268800,40.775003,40.775003,40.775003,40.775003,41.216250200000005,43.0043541354575,39.42814626454251,7640,0.37661589708231585
1425355200,41.025003,41.05,40.75,40.75,41.153750200000005,42.91508940185749,39.392410998142516,18280,0.38538545001036306
1425614400,41,41,40.25,40.25,41.04125020000001,42.730204303579804,39.35229609642021,2600,0.26575734108969407
1425960000,40.5,40.5,40.025003,40.25,40.905000300000005,42.37321318919566,39.43678741080435,43740,0.2769396029621973
1426046400,40.25,40.25,40.25,40.25,40.792500300000015,42.08942911762843,39.4955714823716,2420,0.29085193704306744
1426132800,40.25,40.25,40,40,40.70750030000001,41.97794296379799,39.43705763620202,44088,0.22155362844753043
1426219200,40,40.400003,39.75,39.8,40.69750030000001,41.99296337782109,39.402037222178926,5060,0.1535986569723117
1426478400,39.525003,39.525003,39.525003,39.525003,40.67375045000001,42.03522649257186,39.312274407428156,3632,0.07812425115097676
1426564800,40.150003,40.25,40,40,40.67375045000001,42.03522649257186,39.312274407428156,22840,0.25256617489673894
1426651200,39.75,39.75,39.75,39.75,40.59875045,41.98992523574796,39.20757566425203,8,0.19495190011524424
1426737600,39.75,40,39.75,39.75,40.58000045,42.00588564944613,39.15411525055387,20420,0.2089525684387474
1426824000,39.25,39.724998,37.775003,38.400003,40.4500006,42.14727683267391,38.752724367326095,57608,-0.10390806179216223
1427083200,39.724998,39.724998,39.5,39.5,40.41125045,42.157422179670434,38.66507872032956,10640,0.23907192674228497
1427169600,39.25,39.25,38.625,38.75,40.33000045,42.2206080909452,38.4393928090548,5800,0.08214480472265312
1427342400,38.5,38.75,38.5,38.75,40.21125045,42.183778378699266,38.23872252130074,52480,0.12959955376561197
1427688000,38.75,38.75,37.5,37.5,40.03625045,42.29769181769011,37.774809082309886,25924,-0.0607597186104769
1427774400,37.425,38.5,37.425,37.525003,39.835000599999994,42.23397877038891,37.43602242961108,59896,0.018545514812770104
1427860800,37.575,38.75,37.575,38.75,39.67250059999999,41.896791957264824,37.44820924273516,1468,0.2926304490221161
1427947200,38.75,41.724998,38.75,38.849998,39.552500499999994,41.680286480779934,37.42471451922005,5012,0.33492171996017855
1428292800,38.875,38.875,38.75,38.75,39.393750499999996,41.24570016589339,37.5418008341066,6420,0.3261965452259076
1428465600,39.25,39.25,38.75,38.75,39.29250035,41.05034631623272,37.534654383767275,52,0.3456917271418719
1428638400,38.75,39.25,38.75,39.25,39.217500349999995,40.84323792138194,37.59176277861805,1220,0.5099953555149677
1429070400,39.25,39.25,38.775003,38.8,39.14500035,40.708217498703895,37.5817832012961,2796,0.38965053566420776
1429156800,41.099998,41.5,40.75,41.5,39.20750034999999,41.0221691018674,37.39283159813258,178324,1.1316578845700858
1429243200,41.5,41.5,40.275003,41.25,39.25750035,41.232347822338056,37.282652877661945,175400,1.004469250893854
1429502400,40.375,41.25,40,41.25,39.32000035,41.457322825435035,37.182677874564966,1228,0.9514994045545615
1429761600,41.25,42.25,41.25,42.075,39.43375035,41.880853902263375,36.98664679773662,143628,1.0396685496935874
1429848000,42.25,43.75,42.25,42.5,39.5825002,42.37150032513414,36.793500074865854,86604,1.0230368714773141
1430107200,43.75,43.75,42.625,43.3,39.747500200000005,42.97220505998282,36.52279534001719,245988,1.0508255723004252
1430280000,43.599998,43.75,43.5,43.75,39.9475002,43.61393185952935,36.28106854047065,210260,1.0185559357307257
1430366400,43.5,43.724998,43,43.724998,40.146250099999996,44.162568275020675,36.12993192497932,44884,0.9455259449136618
1430798400,43.875,43.875,43.75,43.775003,40.4150001,44.641771819409485,36.188228380590516,38224,0.8974668048159244
1430884800,43.75,43.75,43.525003,43.75,40.6275001,45.07069422112508,36.18430597887492,42020,0.851380089962099
1430971200,43.75,44,43.75,44,40.8900001,45.476512804441086,36.30348739555892,167416,0.8390375324795907
1431057600,43.775003,43.775003,43.5,43.75,41.1400001,45.77746692877615,36.502533271223854,56988,0.7814036192997191
1431316800,43.375,43.875,43.375,43.875,41.4587501,45.92482411226161,36.992676087738396,4080,0.7705116275912783
1431403200,44.625,46.075,44.625,45.5,41.857499950000005,46.27126004916666,37.443739850833346,260704,0.9126300442436505
1431489600,45.974998,45.974998,45.425,45.5,42.194999949999996,46.63886126061709,37.7511386393829,50840,0.8718612957276402
1431576000,45.875,46.25,45.625,45.8,42.54250005000001,46.97265529931073,38.112344800689286,26928,0.8676507669236666
1431662400,46.375,47.474998,46.25,46.75,42.94250005000001,47.3753631623682,38.50963693763181,135724,0.9294628385181388
1431921600,46.5,46.5,46,46.474998,43.32874995000001,47.5753740741125,39.082125825887516,69324,0.870441079554872
1432008000,46.474998,46.474998,46.474998,46.474998,43.68999985000001,47.71049056855618,39.66950913144383,1620,0.846350525962678
1432094400,46.95,52.125,46.95,49.75,44.237499850000006,48.424100054819654,40.05089964518036,902400,1.158350437146346
1432180800,50,51,50,50.5,44.68749985000001,49.48985571092854,39.88514398907148,520656,1.1051717446940876
1432267200,52,53.7,51.5,52,45.22499985000001,50.72393133347874,39.72606836652128,238280,1.1160287839878664
1432526400,52.325,53.25,52.025003,52.025003,45.76375000000001,51.693768918182144,39.833731081817874,74776,1.027928585590364
1432612800,52.025003,52.5,51.875,51.875,46.25375000000001,52.49496978222183,40.01253021777819,19108,0.9503326429884892
1432699200,52.075,52.474998,52,52.25,46.74125000000001,53.250863995468436,40.23163600453158,27884,0.9231241671038273
1432785600,52.125,52.25,51.75,51.75,47.16375000000001,53.820335038140556,40.50716496185946,34528,0.844489702581875
1432872000,51.75,52,50.75,50.75,47.513750000000016,54.1516430670805,40.87585693291953,94632,0.743770874831475
1433131200,51.375,51.650003,51.25,51.650003,47.91000025000002,54.54207057230457,41.27792992769547,8580,0.7819634419000236
1433304000,51.25,51.400003,48.775003,48.775003,48.16000025000002,54.52116069916276,41.79883980083727,94568,0.5483404525726848
1433390400,50.5,50.5,50.5,50.5,48.497500250000016,54.59784750118122,42.39715299881881,9364,0.6641299804377728
1433476800,50.525003,51,50.5,51,48.84750025000002,54.67255268624424,43.0224478137558,60180,0.6847622638215971
1433736000,50.75,51,50.75,51,49.21000025000002,54.60771830117602,43.81228219882402,39168,0.6658107864313134
1433822400,50.875,50.875,50.75,50.75,49.55375025000002,54.395710413249205,44.71179008675084,46928,0.6235294911221697
1433908800,50.625,50.875,50.625,50.75,49.81625025000002,54.3071942150806,45.325306284919435,28764,0.6039591851134607
1433995200,50.775003,50.775003,50.75,50.75,50.07875025000002,54.12119099446261,46.03630950553743,32400,0.5830253048136167
1434081600,51,51.125,50.75,51,50.33875025000002,53.88545670141266,46.79204379858738,86440,0.5932202536435752
1434340800,51.25,52.375,51,51.875,50.59500025000002,53.79072511143493,47.39927538856511,375344,0.7002675144920405
1434427200,52.5,53.5,52.2,53.5,50.94625035000002,53.7768106939055,48.11569000609454,578216,0.9511031986119801
1434513600,53.675,55.25,53.675,55.25,51.38500045000002,54.020924947019886,48.74907595298016,394456,1.2331392751138524
1434600000,55.25,58.75,55.25,58,51.797500450000015,55.603347460718076,47.991653439281954,388584,1.3148645403418016
1434686400,58.75,59.75,58,58.25,52.18500045000002,56.861975441807054,47.50802545819298,175748,1.148389136207104
1434945600,58.5,58.5,57.375,57.5,52.46000045000002,57.67676133046877,47.24323956953126,64200,0.9830583254131356
1435032000,57.974998,57.974998,57.25,57.25,52.72125030000002,58.333073776285154,47.10942682371489,34916,0.9035007265586588
1435118400,57.5,58,57.5,58,53.02750030000002,59.072929833456215,46.98207076654383,38340,0.9112610752041289
1435204800,58.5,59.5,57.5,59.5,53.39000030000002,60.04427279021168,46.73572780978836,199828,0.9591035089852199
1435291200,59.474998,59.5,59.025003,59.25,53.76500030000001,60.83937952887867,46.69062107112135,53356,0.8876665020733839
1435550400,59.5,59.5,58.175,59.45,54.20000030000001,61.54409591688776,46.855904683112264,22744,0.8574299664568374
1435636800,59.474998,59.5,59,59.5,54.59250015000001,62.18440491883017,47.00059538116986,169068,0.8232060990904783
1435809600,57.5,57.5,55.775003,56.075,54.95750000000002,62.08315961858863,47.8318403814114,125036,0.5784137932357012
1435896000,56.25,57.75,56.25,57.75,55.320000000000014,62.23629597400129,48.40370402599874,97948,0.6756720655922249
1436155200,56.650003,58.5,56.650003,57,55.62000000000002,62.27636161878127,48.963638381218765,20700,0.6036602335505814
1436241600,58,58,57,57.375,55.93875000000001,62.28287080196997,49.594629198030056,166752,0.6131953540003531
1436328000,57.25,57.474998,56.5,57,56.25125000000001,62.141739686773825,50.3607603132262,47324,0.5635558365954862
1436846400,29.25,29.25,27.5,28.625,55.14500000000002,68.42626123528885,41.86373876471118,840844,-0.49839915540307755
1436932800,29,29,28.25,28.25,54.02000000000002,71.68732577386818,36.35267422613185,359768,-0.2293124134869512
1437019200,28.725,29.1,28.65,28.85,52.91250000000001,73.69975270448188,32.12524729551813,114120,-0.07878018663841907
1437105600,28.875,29,28.75,28.85,51.761250000000004,75.05060097313775,28.471899026862257,88188,0.00811746479268253
1437364800,28.8,28.925,28.5,28.75,50.523750000000014,75.85292524812027,25.19457475187975,95984,0.07018438644945828
1437451200,28.925,29.75,28.75,29.75,49.248750000000015,76.02386659638464,22.473633403615395,671256,0.135879270034012
1437537600,29.725,30.225,29.725,30,47.84875000000002,75.5589082231136,20.138591776886436,518760,0.1779385044234062
1437624000,30.25,30.5,30,30.375,46.45500000000002,74.73064146045125,18.17935853954879,356920,0.21565631813356193
1437710400,30.25,30.975,30.25,30.7,45.115000000000016,73.70827018723095,16.521729812769085,456064,0.24793019641318587
1437969600,30.875,30.875,30.575,30.75,43.79000000000001,72.4670221606078,15.112977839392222,152180,0.2726402705453774
1438056000,30.85,30.875,30.525,30.525,42.41625000000001,70.87024916971234,13.962250830287687,248532,0.2910443110461327
1438142400,30.525,31,30.5,31,40.991250000000015,68.72575592222606,13.25674407777398,447404,0.31987690662278623
1438228800,31,31.125,31,31.125,39.585000000000015,66.30736610032861,12.862633899671415,267344,0.3417056339951876
1438574400,31.275,32.375,31.125,32.375,38.231250000000024,63.49441426637782,12.968085733622235,1104484,0.3840950813158036
1438660800,32.400003,33.474998,32.375,33.25,36.918750000000024,60.28170077146695,13.555799228533097,863288,0.4214835909237832
1438747200,33.625,33.625,33.25,33.25,35.77750000000002,57.455074241597906,14.09992575840213,751564,0.44170242546903826
1438833600,33.25,33.3,32.5,32.95,34.537500000000016,53.74186473825649,15.333135261743543,171772,0.45866825011822443
1438920000,32.8,33,32,32.525003,33.31375015000002,49.52222379200252,17.105276507997512,439340,0.4756686790063913
1439179200,32.525003,32.875,32,32.25,32.05750015000002,43.92508312047005,20.189917179529985,493416,0.5081103224843246
1439265600,32.25,33.974998,32.25,33.8,30.89750015000002,34.309057998401684,27.48594230159836,778188,0.9253921491262146
1439352000,34,34,33.5,33.625,31.147500150000024,34.58897173247604,27.706028567524008,289500,0.8599477419217135
1439438400,33.75,33.75,33,33,31.38500015000003,34.644655249544776,28.125345050455287,252704,0.7477255722891549
1439524800,33.375,33.375,33.025003,33.125,31.598750150000022,34.72330929674215,28.474191003257896,199796,0.7442344308942503
1439870400,33.375,33.724998,32.5,32.75,31.793750150000022,34.685932652452124,28.90156764754792,168056,0.6653163051068238
1439956800,33.7,33.7,32.5,32.5,31.981250150000022,34.52506016698028,29.437440133019763,213644,0.6019631667729224
1440043200,32.5,32.75,32.175,32.175,32.102500150000026,34.43144315209118,29.773557147908875,169796,0.5155649687293493
1440129600,32.5,32.5,32.175,32.45,32.22500015000002,34.34726317799411,30.10273712200593,101604,0.5530094166067266
1440388800,32.25,32.25,31.2,31.25,32.26875015000003,34.26924235380593,30.268257946194137,307188,0.24537512616598028
1440475200,31.5,31.5,30,30.875,32.27750015000002,34.25182922515232,30.30317107484773,34228,0.14481601176545542
1440561600,30.9,31.85,30.9,31.5,32.315000150000024,34.19824210258887,30.43175819741118,164112,0.2836177797335956
1440648000,31.625,32.25,31.625,32.125,32.39500015000003,34.09423531794732,30.695764982052737,150516,0.4205524476267182
1440734400,32.2,32.425,32,32.25,32.45750015000003,34.034451348036896,30.880548951963167,312164,0.43420844276653997
1440993600,32.474998,32.474998,31.975,32,32.501250150000025,33.97293924029428,31.02956105970577,46512,0.3297024305929306
1441080000,32.25,32.25,32.025003,32.125,32.48875015000003,33.968739607222936,31.00876069277712,33840,0.3771105604081199
1441166400,32.224998,32.224998,31.65,32,32.42625015000003,33.87766975455649,30.974830545443567,222932,0.3531609506093564
1441252800,32,32,31.775,31.775,32.35250015000003,33.7786751767725,30.926325123227564,288,0.2975353167882359
1441339200,31.875,31.875,31.5,31.75,32.29250015000004,33.71403990638688,30.870960393613196,43812,0.309185727109412
1441598400,31.75,31.75,30.275,30.875,32.210000000000036,33.75421501093199,30.66578498906808,199568,0.0677415416411657
1441684800,30.5,30.75,30.5,30.525,32.12375000000003,33.83324371159653,30.41425628840353,32280,0.03239079232793613
1441771200,31,31.25,30.875,31.25,31.996250000000032,33.56088054744186,30.431619452558202,100488,0.26152517243762424
1441857600,31.275,31.275,31,31.125,31.871250000000032,33.287872303222834,30.454627696777234,34196,0.23660939888411925
1441944000,31.2,31.2,30.95,31,31.771250000000038,33.13646747351365,30.40603252648643,87660,0.21753584503460005
1442203200,31.25,31.25,30.95,30.975,31.66375000000004,32.91988245718183,30.40761754281825,33460,0.22584499506314346
1442289600,30.95,31,30.625,30.65,31.55875000000004,32.78484899681318,30.332651003186896,578120,0.12941410018193913
1442376000,30.75,30.75,30,30.275,31.447500000000037,32.714869322647075,30.180130677353002,313692,0.03742765465115235
1442462400,30.325,30.375,28.75,28.75,31.276250000000033,32.960995900718636,29.591504099281426,197804,-0.2497421418038454
1442548800,29,30,28.75,30,31.153750000000038,32.83558493541627,29.471915064583808,173664,0.15699666010490448
1442808000,29.375,30.375,29.25,29.5,31.066250000000036,32.89465606813335,29.237843931866717,17684,0.07168978289405024
1442894400,29.5,30,29.325,30,31.02250000000003,32.908096722522714,29.136903277477344,147672,0.228865672127374
1442980800,29.5,30,29.5,29.5,30.92250000000003,32.90579901930801,28.939200980692053,105228,0.14138035007540686
1443153600,29.5,30,29.5,29.5,30.79125000000003,32.78626096487924,28.79623903512082,22404,0.1763802247878347
1443412800,29.5,29.625,29.5,29.5,30.653750000000024,32.60626600505339,28.701233994946655,444,0.204547876428678
1443499200,29.375,29.375,29.15,29.15,30.51125000000003,32.465954261515996,28.556545738484065,21276,0.15180154696539153
1443585600,29.275,29.275,28.75,28.75,30.342500000000022,32.293531778313735,28.39146822168631,29348,0.09188260855073593
1443672000,29.325,29.35,28.75,29.25,30.205000000000023,32.054364755798844,28.355635244201203,49368,0.24180323351422434
1443758400,29.25,30.65,29.25,30.25,30.128750000000025,31.832956193507627,28.424543806492423,288200,0.535573747021309
1444017600,30.5,30.875,30.25,30.25,30.053750000000026,31.589676023605982,28.51782397639407,91544,0.5638865404270025
1444104000,30.275,30.725,29.625,29.9,30.00500000000003,31.494765082148568,28.515234917851494,19632,0.4647595445556418
1444190400,30,30,29.875,29.875,29.972500000000025,31.44371548387383,28.50128451612622,26496,0.4668641334091655
1444276800,29.875,30.125,29.1,29.6,29.890000000000025,31.245949851576583,28.534050148423468,85588,0.3930638918309397
1444363200,29.75,30.525,29.625,30.475,29.857500000000023,31.121531249610207,28.59346875038984,192600,0.7442582017613923
1444622400,29.75,30,29.75,30,29.807500000000022,30.961092215642648,28.653907784357397,65380,0.583435029029189
1444708800,30.5,30.725,30.5,30.5,29.783750000000026,30.856978191015795,28.710521808984257,94836,0.8336895200833623
1444795200,30.525,31,30.375,30.725,29.787500000000023,30.873260102413017,28.70173989758703,166036,0.9317252024256915
1444881600,30.025,30.5,30,30,29.773750000000025,30.84127927359905,28.706220726401,113892,0.6059689910128672
1444968000,29.775,30.225,29.775,30.025,29.837500000000023,30.799983766092403,28.875016233907644,14800,0.5974042402612216
1445227200,30.6,30.6,30,30.275,29.85125000000003,30.830340777196312,28.872159222803745,97548,0.7163997505999479
1445313600,30.125,32,30.125,31.75,29.963750000000026,31.230386786924917,28.697113213075134,784312,1.2051153173659934
1445400000,31.25,31.85,31.25,31.25,30.026250000000022,31.411662844603363,28.64083715539668,104584,0.9416553537694213
1445486400,31.625,31.75,31.3,31.5,30.12625000000002,31.629036994218836,28.623463005781204,248096,0.9570674371300663
1445572800,31.275,31.575,31,31.575,30.230000000000025,31.828952782289672,28.63104721771038,122084,0.9205877793570548
1445832000,31.5,31.5,31,31.125,30.311250000000022,31.91869167856624,28.703808321433804,22008,0.7531196032959075
1446004800,31.575,31.625,31,31,30.40375000000002,31.94479469435262,28.86270530564742,177200,0.6934564267295529
1446091200,31.25,31.25,30.775,31.05,30.518750000000022,31.88200667062094,29.155493329379105,43600,0.6948459198655571
1446177600,30.775,30.775,30.775,30.775,30.595000000000017,31.830475616915958,29.359524383084075,5472,0.5728464396769348
1446436800,31,31.25,30.65,30.65,30.615000000000016,31.840397894560486,29.389602105439547,39356,0.5142810756225986
1446609600,30.75,31,30.5,30.5,30.627500000000015,31.842808602781083,29.412191397218947,92628,0.4475441876621917
1446696000,30.75,30.75,30.5,30.75,30.67000000000001,31.839144986729814,29.500855013270204,4716,0.5342130364103762
1446782400,30.75,30.75,30.5,30.55,30.703750000000014,31.81677234927884,29.59072765072119,2028,0.4309313060516556
1447041600,30.625,30.625,30.5,30.5,30.748750000000012,31.74643168771187,29.751068312288155,3736,0.375335989893475
1447214400,30.45,30.45,29.4,30,30.725000000000012,31.76915037231005,29.680849627689973,35128,0.15282778265162641
1447387200,29.875,29.975,29.5,29.5,30.700000000000006,31.832585537607265,29.567414462392748,129248,-0.029761311686519385
1447732800,29.175,29.45,29.125,29.25,30.63750000000001,31.933503472216085,29.341496527783935,48372,-0.03529949176273517
1447819200,29.9,29.9,29.375,29.875,30.59500000000001,31.931843296724228,29.25815670327579,152172,0.2307089014231185
1447905600,29.9,30.65,29.9,30.65,30.62750000000001,31.936211198086387,29.31878880191363,122648,0.5085962434007175
1447992000,30.625,30.625,30.25,30.5,30.65125000000001,31.932311571508468,29.370188428491556,25288,0.4409669279900754
1448251200,30.625,31.25,30.625,31.25,30.700000000000006,31.994217910553324,29.40578208944669,90756,0.7124835375539085
1448337600,31.25,31.25,30.75,30.75,30.650000000000006,31.85208152801588,29.44791847198413,82956,0.5415945165404262
1448510400,31,31.125,31,31,30.637500000000006,31.81939466535571,29.455605334644304,1580,0.6533554599347039
1448596800,30.75,30.75,30.55,30.625,30.593750000000007,31.70751332764039,29.479986672359622,44016,0.5140290128182794
1448856000,30.575,30.575,30.45,30.5,30.54000000000001,31.558871925217364,29.521128074782656,54440,0.48037044744781016
1448942400,30.625,30.75,30,30.625,30.515000000000008,31.499174781223374,29.53082521877664,4304,0.5558843825805302
1449028800,30.5,30.5,29.9,29.9,30.460000000000008,31.452522040055204,29.467477959944812,12400,0.21789039567883708
1449115200,30.625,30.625,29.75,30.375,30.426250000000003,31.38142995686489,29.471070043135118,11804,0.47317259452961247
1449201600,29.75,29.75,29.55,29.575,30.36625,31.37549167075908,29.357008329240923,8884,0.10799775567883503
1449547200,29.525,29.75,29.5,29.525,30.310000000000002,31.373649378317886,29.24635062168212,70000,0.13098742123017645
1449720000,29.625,29.625,29.4,29.425,30.256250000000005,31.3828460899966,29.12965391000341,93664,0.13107896104871278
1449806400,29.5,29.5,29.425,29.5,30.19375,31.342322483562008,29.045177516437995,14840,0.1979946803842489
1450065600,29.75,29.75,29.425,29.5,30.141249999999996,31.315587579232524,28.966912420767468,9232,0.22697373764574755
1450152000,29.5,29.55,29.5,29.525,30.0925,31.284043117137234,28.90095688286277,43068,0.2618634223814486
1450238400,29.525,29.625,29.525,29.625,30.07375,31.282207177560334,28.865292822439667,32800,0.31432937453938203
1450324800,29.875,29.975,29.625,29.65,30.08125,31.27716753478135,28.885332465218653,45520,0.31969910656136985
1450411200,29.875,29.875,29.75,29.75,30.10625,31.251443760896795,28.961056239103204,836,0.34445863566309437
1450670400,29.875,30,29.875,30,30.1125,31.253935499709524,28.971064500290478,10004,0.45071994868363996
1450843200,29.875,30,29.875,30,30.080000000000002,31.195078472573414,28.96492152742659,2208,0.46412808516723697
1451275200,30,30,29.8,29.875,30.048750000000002,31.149939697553105,28.9475603024469,7664,0.4211080523246436
1451361600,30,30,29.825,29.925,29.982499999999998,30.936190201269653,29.028809798730343,10400,0.4698539421274082
1451448000,29.925,30,29.925,29.95,29.942500000000003,30.82879848245219,29.056201517547816,2496,0.5042310802446857
1451534400,29.825,30,29.825,29.825,29.88375,30.62592164456562,29.14157835543438,3768,0.4604202070840464
1451880000,30.125,30.125,30.075,30.075,29.85625,30.523497143117016,29.189002856882983,644,0.6639197726483463
1451966400,29.875,30,29.775,29.875,29.825,30.42374869519486,29.22625130480514,16192,0.5417537444350742
1452052800,29.875,29.875,29.525,29.75,29.781250000000007,30.254503367654106,29.30799663234591,5100,0.4669838588207916
1452139200,29.6,29.6,29.5,29.5,29.761250000000008,30.246398173237175,29.27610182676284,111396,0.23075236143134564
1452225600,29.475,29.475,29.025,29.125,29.698750000000008,30.17348018652241,29.224019813477604,58656,-0.10429062264079417
1452484800,29.05,29.05,27.6,27.775,29.608750000000004,30.573150720653135,28.644349279346873,122340,-0.45071994489910566
1452571200,27.75,28.125,26.5,26.5,29.457500000000003,31.121839208213604,27.793160791786402,176824,-0.38849075519118514
1452657600,27,28.125,27,28.125,29.392500000000005,31.155459160047652,27.62954083995236,42840,0.1405191825414296
1452744000,27.8,27.8,26.75,27,29.267500000000002,31.313966466863494,27.22103353313651,291028,-0.05400370265418408
1453089600,26.875,26.875,25.625,25.625,29.07375,31.65843929467286,26.48906070532714,241088,-0.16714982089104524
1453176000,25.5,25.75,25,25.75,28.885,31.835737196023384,25.93426280397662,234984,-0.031223181146891744
1453262400,26.25,26.25,25.625,26,28.703750000000003,31.8866054396951,25.520894560304907,73220,0.07526346212899156
1453348800,26.225,27,26.225,27,28.571250000000003,31.805723488838012,25.336776511161993,49776,0.25710884547016694
1453435200,27,27.375,26.525,26.875,28.427500000000002,31.695025822391642,25.159974177608362,38040,0.262434930221353
1453780800,27.5,28.425,27.25,27.25,28.290000000000003,31.512398175271965,25.06760182472804,130588,0.33862950147179915
1453867200,27.825,27.825,27.25,27.625,28.171250000000004,31.306703515840436,25.035796484159572,135104,0.41289138919771445
1453953600,27.75,27.9,27.3,27.4,28.047500000000003,31.098438380235848,24.996561619764158,9048,0.393885106924062
1454040000,27.925,27.925,27.5,27.55,27.92875,30.86069794462598,24.996802055374022,279428,0.435409835516654
1454299200,28,28.2,27.625,28,27.831250000000004,30.613734276684426,25.048765723315583,63784,0.5303236214871044
1454385600,28.25,29.5,28.25,29.5,27.81500000000001,30.554178709028648,25.07582129097137,379808,0.8075739444173619
1454472000,29.25,29.375,29,29.375,27.78000000000001,30.41882549631385,25.141174503686166,34480,0.8022177863272953
1454644800,29.35,29.5,29.25,29.5,27.76125,30.345020258749372,25.17747974125063,54612,0.8364753491747388
1454990400,29,29,28.5,28.925,27.720000000000006,30.199697562203117,25.240302437796895,14840,0.7429731791423388
1455076800,29,29,28.875,28.875,27.688750000000006,30.092521775771644,25.284978224228368,8,0.7467476346874059
1455249600,28.425,28.5,28.25,28.45,27.65500000000001,29.995277761291607,25.31472223870841,14100,0.6698516332440023
1455508800,28.25,28.25,27.875,28,27.66625,30.01088616580425,25.32161383419575,122340,0.5711730896391587
1455681600,28.25,28.25,27.525,27.775,27.73,30.012849097070898,25.447150902929103,7276,0.5098561048248299
1455768000,27.525,27.525,27.525,27.525,27.700000000000006,29.977059507346336,25.422940492653677,800,0.46157324842951697
1455854400,28.175,28.25,27.375,28.225,27.76125,30.025564189770904,25.496935810229097,54244,0.6024040749501556
1456200000,27.5,28.1,27.5,28.1,27.885,29.928550831273096,25.841449168726907,1756,0.5526045148253197
1456286400,28.125,28.125,27.5,27.5,27.972500000000004,29.77900906446553,26.165990935534477,66452,0.36922290917488493
1456372800,28.125,28.125,27.75,27.75,28.060000000000002,29.629904455690415,26.49009554430959,2732,0.4012678768837335
1456718400,28,28.125,28,28.125,28.116249999999997,29.60892168191747,26.623578318082526,18636,0.5029309861324502
1456891200,27.575,27.575,27.45,27.5,28.147499999999997,29.558873444556077,26.736126555443917,24884,0.27061351037263714
1456977600,26.275,27,25.825,25.825,28.076249999999995,29.776064328095565,26.376435671904424,78440,-0.16220467811982733
1457064000,26.025,27,25.875,27,28.044999999999995,29.798966932413208,26.29103306758678,27356,0.2021038479436381
1457409600,26.025,26.025,25.025,25.025,27.926249999999992,30.108191509298244,25.74430849070174,540528,-0.16483221196270373
1457496000,24.65,25.25,24.375,24.9,27.793749999999996,30.34207665684723,25.245423343152762,213892,-0.06777454182034064
1457582400,25,25.5,25,25.5,27.668749999999996,30.402834627438953,24.93466537256104,34000,0.10338645369008119
1457668800,25.75,26.225,25.175,25.95,27.491249999999997,30.18741741876272,24.795082581237274,12096,0.2141776157381056
1457928000,25.5,25.75,25,25.5,27.297500000000003,29.98124272239282,24.613757277607185,66516,0.1651132045926227
1458014400,25.5,25.5,25.375,25.375,27.091250000000002,29.699183808591947,24.483316191408058,13380,0.17095598930736922
1458100800,25.75,26.25,25.75,25.75,26.932499999999997,29.459904795436984,24.40509520456301,9368,0.26606438309073
1458187200,26.225,26.35,25.75,26.35,26.80625,29.18053278644264,24.431967213557357,7104,0.4039183532380339
1458273600,26.35,26.35,25.525,26.25,26.696250000000003,28.956851413340505,24.4356485866595,1520,0.4012983895863852
1458532800,26.25,26.5,26,26.475,26.619999999999997,28.801031865883427,24.438968134116568,18464,0.4667588533968385
1458705600,26.475,26.475,26.475,26.475,26.555,28.67098676744396,24.43901323255604,880,0.4810962901018905
1458792000,26.5,27.25,26,26,26.47875,28.559030930547046,24.398469069452958,225852,0.3849314068667383
1459137600,26.5,26.55,26.5,26.5,26.392500000000002,28.312923130457765,24.47207686954224,868,0.5279886235213106
1459224000,27.45,27.45,26.25,27,26.337499999999995,28.117001334643884,24.557998665356106,1344,0.6861476547115328
1459310400,26.25,27,26.25,26.5,26.2875,27.987977874010106,24.587022125989897,14060,0.5624824360398399
1459396800,26.95,26.95,26.25,26.25,26.2125,27.775069998431466,24.64993000156853,123824,0.5119994624361291
1459483200,26.5,27.25,26.275,27.25,26.16875,27.553567226206287,24.783932773793712,12400,0.8903944793357639
1459742400,26.75,27.125,26.525,26.55,26.121249999999996,27.379549944368748,24.862950055631245,42872,0.6703687590223548
1459828800,27,27.225,26.625,27.225,26.191250000000004,27.529091078004715,24.853408921995293,16492,0.8863500743831837
1459915200,26.675,27.5,26.5,27.5,26.216250000000002,27.630134277441975,24.80236572255803,21588,0.9539798696688895
1460088000,28.2,28.75,28.2,28.725,26.401249999999997,28.08562488404403,24.716875115955965,77436,1.1897959658543735
1460347200,28.75,29.2,28,29.125,26.6125,28.533860195277843,24.69113980472216,90940,1.1538336763130128
1460433600,29.25,29.925,29,29.725,26.82375,29.104784578869495,24.542715421130506,103172,1.1359504645120049
1460692800,30,31.375,30,31.125,27.0825,29.995020386194426,24.169979613805573,159788,1.1939865587141922
1460952000,31.125,31.25,30,31,27.357499999999998,30.6360324460799,24.078967553920098,1069840,1.0555076943580797
1461038400,31.2,31.25,30.975,31.125,27.645,31.1764161465335,24.113583853466498,404868,0.992720180177013
1461124800,31.125,31.125,30.875,31,27.9075,31.612668687117782,24.202331312882215,30860,0.9173224299816736
1461297600,30.75,31,30.5,30.975,28.138749999999998,32.00024177779759,24.277258222202406,148,0.8672479657094677
1461556800,30.75,30.875,30.5,30.5,28.35125,32.2412524100247,24.4612475899753,67440,0.7761887749044295
1461643200,30.625,30.75,30.525,30.75,28.565000000000005,32.48878643659366,24.641213563406353,96008,0.77843003630657
1461729600,30.45,30.725,30.45,30.725,28.777500000000003,32.68582125086937,24.869178749130636,10760,0.74914789176642
1461902400,30.975,31.275,30.975,31.25,29.040000000000003,32.871331361289066,25.20866863871094,367836,0.7884114934992775
1462248000,31.25,31.875,31.225,31.75,29.302500000000002,33.12113522740748,25.48386477259253,473252,0.8204678968068965
1462334400,32,32,31.55,31.75,29.540000000000003,33.34711176615517,25.73288823384483,228292,0.7902462727318212
1462420800,31.75,31.75,31.375,31.625,29.796250000000004,33.436657772488815,26.155842227511194,176964,0.7511737852308985
1462507200,31.375,31.625,31.375,31.625,30.065000000000005,33.39926903533539,26.730730964664623,6304,0.7339343321531162
1462766400,31.9,32.25,31.9,32.125,30.308750000000003,33.493646976355286,27.12385302364472,703684,0.7851348118139865
1462852800,32.349998,32.5,32.125,32.25,30.59375,33.377042789125476,27.810457210874528,869112,0.7975342742364524
1462939200,32.5,32.75,32.025003,32.5,30.857500000000005,33.291740127842054,28.423259872157956,483132,0.8373742756956498
1463025600,32.625,32.625,32.25,32.5,31.107499999999998,33.09760678105425,29.11739321894574,115648,0.8498555990202517
1463112000,32.5,32.5,32.25,32.5,31.296250000000004,33.04855384066128,29.54394615933873,660188,0.8434763914989002
1463371200,32.5,33.5,32.5,33.349998,31.5074999,33.17865923590985,29.836340564090147,1721312,1.0512634434097414
1463457600,33.5,33.5,32.875,33.25,31.6837499,33.30865525632037,30.058844543679626,214344,0.9819511776202163
1463544000,33.3,33.375,33.2,33.2,31.7874999,33.51799802192849,30.057001778071513,147136,0.9081195125556948
1463630400,33.25,33.25,32.95,33.224998,31.8987498,33.69718426586153,30.10031533413847,70840,0.8687229713329219
1463716800,33.150003,33.224998,32.875,33.224998,32.0037497,33.853699893653605,30.153799506346395,65724,0.8300759945293621
1464062400,32.925,32.925,32.650003,32.875,32.0974997,33.92437468039658,30.270624719603415,40748,0.7127951579454056
1464148800,33.25,33.5,32.925,33.125,32.204999699999995,34.00788556771333,30.40211383228666,208236,0.7551465726354809
1464235200,33.125,33.125,32.875,33,32.329999699999995,33.98314753126041,30.676851868739583,60572,0.7026437948653315
1464321600,33,33,32.5,32.625,32.423749699999995,33.91232846076494,30.93517093923505,151880,0.5675981363245394
1464580800,32.625,32.625,32.375,32.5,32.5124997,33.78071623908149,31.244283160918506,155524,0.4950719377902719
1464667200,32.599998,32.599998,32.25,32.5,32.5749997,33.703715049412644,31.446284350587355,273624,0.4667765216274292
1464753600,32.25,33,32.25,33,32.6374997,33.71377730824035,31.561222091759646,204848,0.668404646359161
1464840000,32.75,32.75,32.375,32.5,32.6749997,33.67449886458162,31.675500535418383,126080,0.4124563050168953
1464926400,32.75,33,32.5,33,32.7437497,33.62733189481801,31.860167505181995,24064,0.6450064869475871
1465185600,33,33,32.75,32.974998,32.8112496,33.534345393102335,32.08815380689766,10936,0.6132273217200338
1465272000,32.974998,33,32.75,33,32.8549996,33.50933049182789,32.20066870817211,40040,0.6108005153133902
1465358400,32.650003,33.224998,32.650003,33.224998,32.903749499999996,33.514337384748906,32.29316161525109,69940,0.763064914997543
1465444800,33.025003,33.2,33.025003,33.125,32.9349995,33.52330124230581,32.346697757694194,2000,0.6614821836625048
1465531200,33,33,32.8,32.974998,32.9587494,33.512209219680265,32.40528958031974,86944,0.514679114383935
1465790400,33,33.474998,32.75,33.474998,33.0074993,33.56249829279376,32.452500307206236,107500,0.9211707643348122
1465876800,33,33.25,33,33,32.9899994,33.522304831120536,32.45769396887947,154240,0.509393667070939
1465963200,33.25,33.25,32.75,32.75,32.964999399999996,33.49306090399521,32.436937896004785,40716,0.2964257966417239
1466049600,32.625,32.974998,32.5,32.5,32.9299994,33.4833065335167,32.376692266483296,513352,0.11142792677638717
1466136000,32.5,32.875,32.25,32.875,32.9124995,33.449271285772255,32.37572771422775,222876,0.46506941963608217
1466395200,32.625,32.825,32.5,32.5,32.8762496,33.42156403589951,32.330935164100495,241564,0.15501591812861995
1466481600,32.5,32.724998,32.5,32.5,32.8574996,33.42695023350748,32.28804896649251,201072,0.1861013238338094
1466654400,32.375,32.375,32.25,32.25,32.8137496,33.4270339011201,32.200465298879905,4792,0.0403847783398541
1466740800,32.25,32.25,32.150003,32.25,32.7762496,33.42979188172338,32.12270731827662,13588,0.09738672254510701
1467000000,32.150003,32.175,31.8,31.8,32.734999599999995,33.51368351019832,31.95631568980167,38940,-0.10037172192363454
1467086400,32.45,32.474998,32,32.474998,32.7337495,33.51401713677658,31.953481863223423,112572,0.3341905470609098
1467172800,32.125,32.25,32.125,32.125,32.71499950000001,33.533900446389765,31.896098553610262,78360,0.13976137614621442
1467259200,32.25,32.25,31.875,32,32.66499950000001,33.529058849813005,31.800940150187014,643796,0.11518875980918898
1467345600,30.5,30.5,29.75,29.8,32.52999950000002,34.04983436602845,31.01016463397158,59376,-0.398123724169432
1467604800,29.9,29.95,29.25,29.3,32.344999500000014,34.39814276825895,30.29185623174108,22028,-0.2415457915370348
1467691200,29.25,29.95,29,29.95,32.19374960000002,34.472283350023105,29.915215849976928,54704,0.007633011804788711
1467864000,29.25,30,29.25,29.75,32.03124960000002,34.51126281165737,29.551236388342666,26068,0.04007309532123496
1467950400,29.75,30,29.75,30,31.869999700000015,34.43644614362494,29.30355325637509,35668,0.13568308533281306
1468296000,30.5,31.225,30.475,30.5,31.738749700000017,34.30353346924738,29.173965930752658,221084,0.25850796569031415
1468382400,30.5,30.75,30.5,30.55,31.61749980000002,34.16627849341258,29.06872110658746,86912,0.290586016204737
1468468800,30.525,30.75,30.5,30.525,31.469999900000015,33.91088072379986,29.029119076200168,35872,0.30642235975108245
1468555200,30.5,31.25,30.5,31.25,31.382499900000017,33.72104092508245,29.043958874917582,489864,0.47167039222770435
1468814400,31.25,31.25,30.4,30.55,31.272499900000014,33.549553706565405,28.995446093434627,7376,0.34135203614494225
1468987200,31,31,30.65,30.65,31.179999900000013,33.39966180308212,28.96033799691791,56,0.3806124709208897
1469073600,31,31,30.675,30.75,31.073749900000017,33.15800459388795,28.98949520611208,16544,0.42233437186217937
1469160000,30.675,30.875,30.675,30.875,30.99249990000002,32.97208920437443,29.012910595625616,63236,0.4703221522412816
1469419200,30.7,30.875,30.7,30.75,30.904999900000018,32.76117843235993,29.04882136764011,8700,0.4582475776715956
1469505600,30.625,30.875,30.625,30.75,30.82999990000002,32.58097068330667,29.079029116693366,32648,0.4771555582872321
1469592000,30.75,30.925,30.625,30.925,30.763749900000022,32.390669498810354,29.13683030118969,7720,0.5495568742665253
1469678400,30.875,31.5,30.525,31.5,30.748749900000025,32.34236759850628,29.15513220149377,1066504,0.7357058724636858
1469764800,31.25,31.75,31.25,31.625,30.706250000000022,32.15192242139855,29.26057757860149,129184,0.8177587074363595
1470024000,31.25,31.275,31.25,31.25,30.66250000000003,31.981164096724612,29.343835903275448,116500,0.7227633259520966
1470110400,31.25,31.25,31,31.05,30.615000000000027,31.799103036053733,29.43089696394632,64400,0.6836833395215803
1470196800,31.25,31.25,31.025,31.125,30.681250000000023,31.82305504027294,29.539444959727106,70316,0.694319513554569
1470283200,31.125,31.5,31.125,31.15,30.773750000000025,31.739083491593338,29.80841650840671,25204,0.6948808382163151
1470369600,31.25,31.5,31.225,31.275,30.84000000000002,31.750411994644782,29.92958800535526,160944,0.7389028278179225
1470628800,31.725,31.825,31.5,31.825,30.943750000000023,31.805271183716588,30.082228816283457,268376,1.0114499890753132
1470715200,31.875,31.875,31.25,31.25,31.006250000000023,31.75938926334526,30.253110736654786,154712,0.6618226614008326
1470801600,31.35,31.375,31.25,31.375,31.050000000000022,31.781778655053426,30.31822134494662,23408,0.7220616833762801
1470888000,31.25,31.375,31,31.25,31.08500000000002,31.783999284686637,30.3860007153134,24300,0.618025871853328
1470974400,31.25,31.25,31.125,31.125,31.11500000000002,31.765076918519778,30.46492308148026,5640,0.5076913975216583
1471233600,31.025,31.25,31,31.25,31.11500000000002,31.765076918519778,30.46492308148026,59204,0.6038338665425768
1471320000,31.275,31.5,31.25,31.5,31.162500000000023,31.77843424973111,30.546565750268936,90936,0.7739740484859609
1471492800,31.75,31.75,31.25,31.25,31.192500000000017,31.762390340322806,30.622609659677227,33476,0.5504483020079046
1471579200,31.275,31.275,31.125,31.125,31.211250000000017,31.7452151205774,30.677284879422636,53316,0.41923629776908033
1471838400,31.25,31.5,31.25,31.375,31.23625000000002,31.751389544193994,30.721110455806045,147604,0.6346722471258529
1471924800,31.25,31.25,31,31.225,31.26000000000002,31.724596599204933,30.795403400795106,240308,0.462332914123871
1472011200,31.25,31.25,31.25,31.25,31.285000000000014,31.686683955360376,30.883316044639653,195844,0.4564334104798698
1472097600,31.25,31.25,31,31.025,31.29000000000002,31.67581083446726,30.90418916553278,32920,0.15656744662710617
1472443200,31.2,31.2,30.8,30.8,31.255000000000017,31.682960278523538,30.827039721476496,6400,-0.0315913915770207
1472529600,31.225,31.225,31,31,31.223750000000017,31.62979033050203,30.817709669498004,33576,0.2244731825981658
1472616000,31.025,31.1,30.875,31.075,31.215000000000014,31.625913616219485,30.804086383780543,56048,0.3296478937738095
1472702400,31,31,30.9,31,31.212500000000016,31.62798164820393,30.7970183517961,52020,0.24427270022799782
1472788800,30.975,31.25,30.975,31.25,31.218750000000018,31.632535874569687,30.80496412543035,120400,0.5377610763447178
1473134400,31,31,30.875,30.875,31.20500000000002,31.644488338858206,30.765511661141833,112000,0.12456341747613081
1473220800,31.125,31.25,31.125,31.25,31.20375000000002,31.642576560263773,30.76492343973627,92000,0.5526973572112194
1473307200,31.25,31.75,31.125,31.125,31.168750000000017,31.50299354891838,30.834506451081655,128084,0.43455371069749077
1473393600,31.125,31.5,31.125,31.375,31.17500000000001,31.5196012187958,30.830398781204224,6800,0.7901905000494348
1473739200,31.7,31.75,31.5,31.6,31.186250000000012,31.56883169061649,30.803668309383532,108496,1.0407341884726453
1473912000,31.3,31.525,31.3,31.375,31.192500000000013,31.583044491695976,30.80195550830405,31380,0.7336481551787734
1474257600,31.4,31.4,31.375,31.375,31.205000000000013,31.602051633914535,30.80794836608549,23860,0.714077950421664
1474344000,31.375,31.5,31.375,31.375,31.211250000000014,31.614820006312037,30.80767999368799,117456,0.7028768211696357
1474430400,31.5,31.725,31.5,31.5,31.211250000000014,31.614820006312037,30.80767999368799,64236,0.857744623589218
1474603200,31.5,31.625,31.5,31.5,31.223750000000013,31.646383115118446,30.80111688488158,17300,0.8268201072253579
1474862400,32,32,31.875,31.875,31.26125000000001,31.767084706199025,30.755415293800997,5000,1.1066705116102857
1474948800,31.875,31.875,31.55,31.55,31.27000000000001,31.789278345393182,30.75072165460684,40680,0.769604926225056
1475035200,31.625,31.625,31.275,31.375,31.27750000000001,31.798292665073646,30.756707334926375,103316,0.5936073091449972
1475121600,31.375,31.625,31.275,31.275,31.27875000000001,31.79939263174841,30.758107368251608,197192,0.4963986813878286
1475208000,31.3,31.75,31.3,31.725,31.313750000000006,31.855154423693463,30.77234557630655,17520,0.8797992609613815
1475467200,31.625,31.625,31.625,31.625,31.355000000000008,31.857891638421744,30.85210836157827,40040,0.7684474938252643
1475553600,31.625,31.75,31.525,31.525,31.381250000000005,31.86158191648641,30.9009180835136,744140,0.6496361110578645
1475640000,31.55,31.875,31.5,31.525,31.40375000000001,31.866425642317726,30.941074357682293,12232,0.6310313196871596
1475726400,31.525,31.75,31.5,31.75,31.441250000000007,31.888260905900964,30.99423909409905,262712,0.845349516000849
1475812800,31.75,31.75,31.725,31.75,31.46625000000001,31.923490363478567,31.00900963652145,821312,0.8102853801459031
1476072000,31.75,31.85,31.75,31.75,31.51000000000001,31.894187454238597,31.12581254576142,21364,0.8123475237832026
1476158400,31.625,31.75,31.625,31.65,31.53000000000001,31.89932370624421,31.160676293755806,33344,0.6624591083257523
1476244800,31.75,31.75,31.625,31.75,31.561250000000012,31.891959464626193,31.23054053537383,917724,0.7853713307137161
1476331200,31.675,32,31.675,31.75,31.580000000000005,31.908861673040544,31.251138326959467,45240,0.7584673343479565
1476417600,31.75,32,31.75,31.75,31.587500000000006,31.92458307580551,31.2504169241945,20272,0.7410385030629001
1476763200,31.625,32,31.625,32,31.618750000000006,31.985790529094857,31.251709470905155,70520,1.0193568145460463
1476849600,32,32.025003,32,32,31.65,32.034707681233606,31.26529231876639,33404,0.9548908392960707
1476936000,32,32.075,32,32.075,31.685000000000002,32.09009258200941,31.27990741799059,21472,0.9813714411474237
1477022400,32.075,32.5,32.025003,32.5,31.734999999999996,32.26424474489678,31.205755255103217,41932,1.222728007577289
1477281600,32,32.25,32,32.125,31.766249999999996,32.3099123492584,31.22258765074159,88600,0.8299382424489836
1477368000,32.5,32.5,32.25,32.5,31.797499999999996,32.42755952099862,31.167440479001367,63444,1.0574870124068303
1477454400,32.5,32.625,32.5,32.5,31.84499999999999,32.53376701431026,31.156232985689726,77404,0.975487346512905
1477540800,32.5,32.575,32.5,32.575,31.904999999999994,32.62777243998453,31.18222756001546,122904,0.9634930463136788
1477627200,32.5,32.5,32.25,32.25,31.953749999999996,32.6300034657962,31.27749653420379,51628,0.7190376944325206
1477972800,32.375,32.375,32,32,31.967499999999994,32.63572526142136,31.299274738578625,1208,0.5243181467959441
1478059200,32,32.3,31.775,32.25,31.998749999999994,32.65838531591474,31.339114684085246,10352,0.6904461404189567
1478145600,32,32,32,32,32.022499999999994,32.6453763922332,31.39962360776678,18720,0.4819386315803989
1478232000,31.775,31.975,31.675,31.975,32.044999999999995,32.625430874438244,31.464569125561745,2660,0.439699968521023
1478491200,31.725,32.2,31.675,31.75,32.044999999999995,32.625430874438244,31.464569125561745,19916,0.2458784387671483
1478577600,31.75,31.75,31.75,31.75,32.044999999999995,32.625430874438244,31.464569125561745,2016,0.2458784387671483
1478750400,31.325,32.425,31.325,32.025003,32.058750149999995,32.62339048641152,31.49410981358847,324,0.47011624230171695
1479182400,31.55,31.625,31.55,31.625,32.057500149999996,32.62585299903163,31.489147300968362,400,0.11951439960502114
1479268800,31.525,31.525,31.375,31.475,32.04375015,32.65302736728331,31.434472932716695,20492,0.03325831504418646
1479355200,31.325,31.375,31.125,31.125,32.01250015,32.73282994599692,31.292170354003087,77992,-0.11603737269518878
1479441600,31.25,31.25,31,31,31.97500015,32.81434516845249,31.13565513154751,28992,-0.08081011298406078
1479700800,31.025,31.025,30.25,30.375,31.89375015,32.98460711014703,30.802893189852966,86100,-0.19612708424910824
1479787200,30.5,30.5,30,30.025,31.79500015,33.15409921776573,30.435901082234267,201456,-0.15116671476707058
1479873600,30.25,30.25,30.05,30.25,31.703750149999998,33.21224911768355,30.195251182316447,49320,0.01814678659264352
1480046400,30.5,30.5,30.125,30.25,31.591250149999997,33.17895896162202,30.003541338377975,221092,0.07761456629135914
1480305600,30.175,30.175,29.975,29.975,31.48375015,33.19841320713446,29.769087092865544,408584,0.060044714405458555
1480392000,30.25,30.25,30,30.25,31.37125014999999,33.09963654618112,29.64286375381887,268208,0.1756367232242168
1480564800,30.875,30.875,30.875,30.875,31.29000014999999,32.949925112763,29.630075187236983,2960,0.3749943041674586
1480910400,31,31.25,31,31.25,31.223750149999994,32.77548134821147,29.672018951788516,15408,0.5084582465153313
1480996800,31,31.5,30.25,31.5,31.186250149999996,32.671803836846195,29.7006964631538,14528,0.6056003067334738
1481083200,30.25,31.5,30.25,31.5,31.161250149999994,32.60749348585449,29.715006814145497,84,0.6171137116423979
1481169600,31.5,31.5,31.5,31.5,31.123750149999996,32.4919130904069,29.75558720959309,8,0.6375018423931679
1481601600,31.5,31.5,30.45,30.45,31.04625015,32.382315239919755,29.71018506008024,4004,0.2768633599895169
1481774400,30.5,31.5,30.5,31.45,31.020000150000005,32.30156216800813,29.738438131991877,14512,0.6677639645829717
1481860800,31.25,31.5,31.25,31.25,30.99500015,32.23753837315553,29.752461926844465,90644,0.6026124771246105
1482206400,30.5,30.975,30.5,30.975,30.95625015,32.149552304737846,29.762947995262152,6056,0.5078562876659356
1482292800,30.5,31.375,30.5,30.75,30.892499999999995,31.982350907235336,29.802649092764653,16400,0.43462408525149604
1482379200,30.525,30.75,30.5,30.75,30.848750000000003,31.886472867628882,29.811027132371123,30968,0.45241985934759293
1482724800,31.25,31.25,31.25,31.25,30.8375,31.85245073772136,29.82254926227864,24000,0.703211833180246
1482897600,31.375,31.5,31.25,31.475,30.855,31.900777222930728,29.809222777069273,99608,0.796430246521572
1483070400,31.275,31.7,31.25,31.7,30.890000000000004,31.997858294187335,29.782141705812673,2008,0.8655702196977144
1483416000,31.025,31.25,31.025,31.25,30.93375000000001,32.02579796139981,29.841702038600207,404,0.6447967539789268
1483588800,30.5,30.5,30.375,30.375,30.95125000000001,31.994618942415972,29.907881057584046,6188,0.2238512780217137
1483675200,30.35,30.375,30.325,30.375,30.95750000000001,31.985374019516843,29.929625980483177,19812,0.2166481548615157
1483934400,30.3,30.3,30,30.125,30.95125000000001,31.997609761266713,29.904890238733305,41724,0.10517881584065987
1484107200,30.225,30.375,30.225,30.375,30.97125000000001,31.955662896095095,29.98683710390492,9528,0.19715451597333852
1484280000,30.375,30.375,30.375,30.375,30.977500000000003,31.9449580094244,30.010041990575605,200,0.1886169765866799
1484539200,30.85,30.85,30,30,30.933750000000003,31.990782993808555,29.876717006191452,8240,0.05831558453267963
1484625600,30,30.125,30,30.025,30.87250000000001,31.989404203590382,29.755595796409636,4400,0.1206030932305304
1484712000,30,30.25,30,30,30.797500000000007,31.937006472117954,29.65799352788206,5748,0.15006780588190488
1484798400,30.25,30.5,30,30.025,30.723750000000003,31.862770961176665,29.58472903882334,184408,0.1932672778566944
1485144000,30,30,29.95,30,30.64875,31.770854607423324,29.526645392576675,49008,0.21092267347082874
1485230400,30.5,30.5,30,30,30.626250000000006,31.78096587414369,29.471534125856323,15532,0.22882939690059173
1485316800,30.5,30.5,29.95,29.95,30.551250000000003,31.67669158000312,29.425808419996887,46192,0.23288262550316513
1485403200,30.05,30.05,29.925,29.925,30.485000000000003,31.593986023356756,29.37601397664325,1684,0.24751710652540193
1485748800,30,30.025,30,30,30.43625000000001,31.540500311296736,29.33199968870328,73344,0.302467793969776
1485835200,29.7,30,29.7,30,30.39875,31.508758445914086,29.288741554085913,19740,0.3203842495668441
1486008000,30.25,30.25,30,30,30.361250000000005,31.47193391093036,29.25056608906965,221016,0.33737497390350807
1486094400,30,30.025,30,30,30.298750000000005,31.340920211625495,29.256579788374516,66332,0.35666928651988605
1486353600,30,30,30,30,30.225,31.122496518099314,29.32750348190069,22840,0.3746513242878654
1486440000,30.025,30.375,30.025,30.05,30.142500000000005,30.733494923835718,29.551505076164293,70260,0.4217421366332088
1486526400,30.375,30.375,30.375,30.375,30.098750000000006,30.426040009012265,29.771459990987747,800,0.922026325877926
1486958400,30.5,30.625,30.5,30.625,30.111250000000005,30.494158278833932,29.72834172116608,9416,1.1708525623479866
1487044800,31.2,31.2,30.5,30.5,30.117500000000014,30.520953838743747,29.71404616125628,1748,0.9740319254254804
1487217600,31.225,31.225,30.5,30.5,30.13625000000001,30.57284907237427,29.69965092762575,21348,0.9165721173225213
1487563200,30.5,30.75,30.5,30.75,30.15500000000002,30.658140139519276,29.651859860480762,4860,1.091286555440096
1487649600,30.375,30.5,30.375,30.5,30.161250000000013,30.678085321932276,29.64441467806775,968,0.8277156045890223
1487736000,30.5,30.5,30.375,30.5,30.186250000000012,30.717633806675757,29.654866193324267,91000,0.7952197602357888
1488254400,30.5,30.5,30.25,30.275,30.198750000000018,30.726119652137328,29.67138034786271,24084,0.572292745412024
1488340800,30.7,30.875,30.2,30.5,30.223750000000017,30.758416952406932,29.6890830475931,11296,0.7583383906153034
1488427200,30.75,30.75,30.375,30.625,30.253750000000018,30.807436508771612,29.700063491228423,4820,0.8352528859910593
1488513600,30.625,30.75,30.5,30.5,30.278750000000013,30.829493815213514,29.728006184786512,19480,0.7008647159425816
1488772800,30.5,30.5,30.45,30.5,30.30375000000002,30.84695231037314,29.760547689626897,45364,0.6806417206373613
1488859200,30.525,30.525,30.5,30.5,30.33125000000002,30.855386194127956,29.80711380587208,17600,0.6609791518793597
1488945600,30.625,30.625,30.45,30.5,30.36000000000002,30.854064773075812,29.86593522692423,10600,0.6416818275956123
1489032000,30.75,30.75,30.425,30.5,30.38500000000002,30.85361498054849,29.91638501945155,9412,0.622702009937224
1489377600,30.75,31.425,30.75,31,30.43500000000002,30.940568986384264,29.929431013615776,35832,1.0587763640732575
1489464000,31.1,31.25,31.1,31.125,30.49125000000002,31.03926345785886,29.94323654214118,73724,1.0782248509700159
1489550400,30.9,31,30.875,31,30.541250000000026,31.08330050501978,29.999199494980274,200820,0.9231616756664188
1489636800,30.9,30.9,30.9,30.9,30.586250000000017,31.089110567150428,30.083389432849607,200,0.8119652051640545
1489723200,31,31,31,31,30.63375000000002,31.10339747416982,30.16410252583022,9344,0.889920121094447
1489982400,30.975,31.25,30.975,31.225,30.676250000000017,31.195738931541587,30.156761068458447,32316,1.0281633223364188
1490068800,30.5,30.5,29.75,29.95,30.642500000000013,31.25100225964715,30.033997740352874,88908,-0.06902007266298665
1490155200,29.75,29.75,29.55,29.55,30.595000000000017,31.36694559393446,29.823054406065573,5220,-0.17686117273749294
1490241600,29.6,29.75,29.55,29.675,30.553750000000015,31.423559605600857,29.683940394399173,12284,-0.0051392824024955085
1490328000,29.675,29.85,29.625,29.75,30.503750000000014,31.43545207147752,29.572047928522508,234172,0.09549837706987864
1490673600,29.55,29.625,29.55,29.6,30.458750000000016,31.47034218561422,29.44715781438581,7108,0.07554535700638577
1490760000,29.625,29.625,29.625,29.625,30.415000000000013,31.48940681308161,29.340593186918415,2032,0.13235527251816903
1490846400,29.5,29.75,29.5,29.625,30.38250000000001,31.509897445445215,29.255102554554806,26504,0.1640492653853418
1490932800,29.625,29.875,29.5,29.5,30.332500000000017,31.521627831646367,29.143372168353668,27432,0.14995352987095598
1491192000,29.85,29.85,29.55,29.75,30.288750000000014,31.49586173881976,29.08163826118027,13436,0.276843359784249
1491278400,29.575,30,29.575,30,30.263750000000016,31.473034395829274,29.05446560417076,78136,0.39094790236702287
1491364800,30.7,30.7,30,30.5,30.263750000000016,31.473034395828897,29.054465604171135,53060,0.5976817367423529
1491451200,30,30.5,30,30.5,30.263750000000016,31.473034395829274,29.05446560417076,89236,0.5976817367423225
1491537600,30.525,30.875,30.525,30.75,30.276250000000022,31.500124482941278,29.052375517058767,21068,0.6935451742001542
1491883200,30.975,30.975,30.975,30.975,30.300000000000022,31.55827262546524,29.041727374534805,200,0.7682248609479261
1491969600,31,31.625,31,31.5,30.325000000000024,31.655695306970525,28.994304693029523,823724,0.9414985135383901
1492401600,31.275,31.275,30.5,30.5,30.293750000000024,31.576313351259326,29.011186648740722,8460,0.580405384964987
1492488000,31,31,30.75,31,30.293750000000024,31.576313351259326,29.011186648740722,1640,0.7753275303346749
1492574400,31,31,31,31,30.298750000000023,31.591467583231005,29.00603241676904,11964,0.7712309359354781
1492660800,31.125,31.475,31.125,31.325,30.315000000000026,31.65004681565633,28.97995318434372,153448,0.8782638886350438
1492747200,31,31.5,31,31.25,30.316250000000025,31.65474495702974,28.97775504297031,305072,0.8488059462218969
1493006400,31,31,31,31,30.368750000000023,31.727874258481847,29.0096257415182,18668,0.7322267430886337
1493092800,31,31,30.75,30.75,30.42875000000003,31.743215195428505,29.114284804571554,14696,0.622197986343508
1493179200,31.125,31.125,30.75,30.75,30.482500000000034,31.756578098073984,29.208421901926084,28964,0.6049778661152528
1493265600,31.225,31.25,31.225,31.25,30.557500000000026,31.826860074995842,29.28813992500421,19492,0.7727752407063285
1493352000,31.25,31.25,31,31.25,30.640000000000025,31.863356039750343,29.416643960249708,64312,0.7493141735436535
1493697600,31,31,31,31,30.708750000000027,31.84785875248762,29.569641247512433,2240,0.6278411737965928
1493784000,31.2,31.2,31,31,30.777500000000025,31.80741504503697,29.74758495496308,15240,0.608018618172528
1493870400,31.2,32,31.025,31.75,30.890000000000025,31.824264416530102,29.95573558346995,266192,0.9602551401850852
1493956800,31.975,32.25,31.75,32.150003,31.010000149999996,31.944265298660753,30.07573500133924,15656,1.110106698100729
1494216000,32.175,33.5,32.175,33,31.160000149999995,32.330833694105515,29.989166605894475,1486224,1.2857649190456477
1494302400,33.125,33.25,32.525003,33.25,31.297500149999998,32.740318926909254,29.85468137309074,26580,1.1766268505953892
1494561600,32.55,32.75,32.25,32.25,31.385000149999996,32.835982892144756,29.934017407855233,195176,0.7980737898789242
1494907200,32.5,32.75,32.5,32.5,31.472500149999995,32.9700734580565,29.974926841943493,122284,0.843054942443338
1494993600,32.5,33,32.5,32.525003,31.5500003,33.09620594285713,30.00379465714287,58704,0.8152888183095601
1495080000,32.5,32.875,32,32.75,31.6125003,33.244256023140984,29.980744576859014,121660,0.848550853497365
1495166400,32.625,32.75,32.5,32.75,31.725000300000005,33.344645776640306,30.105354823359708,28456,0.8164271795227048
1495425600,32.525003,32.75,32.5,32.75,31.8125003,33.45494550761054,30.170055092389457,4648,0.7853975571470946
1495512000,32.625,32.625,32.5,32.525003,31.888750450000003,33.514748786562315,30.26275211343769,180084,0.6956498157756921
1495598400,32.75,32.875,32.75,32.875,31.96625045,33.624810159960276,30.307690740039728,16304,0.7739574416714139
1495684800,32.875,33.25,32.75,33.25,32.06625045,33.7802574370056,30.352243462994394,10100,0.8453164307305508
1496030400,32.75,32.75,32.55,32.55,32.14375045,33.79699564430838,30.490505255691616,568,0.6228642766960978
1496203200,32.625,32.625,32.5,32.625,32.23750045,33.77238662982066,30.702614270179335,8028,0.6262307117930005
1496289600,32.75,33.099998,32.5,33,32.35000045,33.75676986252037,30.94323103747963,33264,0.7310256194849512
1496376000,33.224998,33.224998,32.525003,32.525003,32.4137506,33.7278544140134,31.0996467859866,4132,0.5423301412010297
1496721600,33,33.95,32.974998,33.75,32.5387506,33.86185990538785,31.215641294612148,1698160,0.9577283959335989
1496808000,33.75,35,33.75,35,32.7387506,34.26473135807122,31.21276984192879,119952,1.2409167474883949
1496894400,35,36.25,35,36,32.98875060000001,34.886411284632764,31.091089915367256,119952,1.2934109149188449
1497240000,35.5,35.75,35.400003,35.75,33.188750600000006,35.34724894700026,31.030252252999755,21216,1.0932942694997794
1497326400,35.375,35.375,35,35,33.331250450000006,35.57138791174243,31.091112988257585,94252,0.8724658817816495
1497412800,35.25,35.25,34.75,35,33.43125045000001,35.77927419082992,31.083226709170088,10580,0.8340574293864494
1497499200,35,35.25,34.925,34.925,33.51500045,35.949101194834235,31.080899705165773,7980,0.7896345915411193
1497585600,35,35,34.5,34.875,33.646250450000004,36.0764386553664,31.2160622446336,130024,0.7528095452209511
1497931200,34.25,34.5,34.125,34.474998,33.74500035,36.14112117834009,31.348879521659903,88692,0.6523290564828704
1498017600,34.349998,34.349998,34.075,34.224998,33.8300001,36.166856115248834,31.49314408475116,360,0.5845148133694367
1498104000,34.025003,34.25,34.025003,34.25,33.9050001,36.19419121827786,31.615808981722147,3160,0.5753541059209462
1498190400,34.25,34.25,34,34,33.9675001,36.19455441590755,31.740445784092458,9304,0.5072966114404699
1498536000,34.025003,35,34,35,34.0800001,36.27679226950601,31.883207930493988,3948,0.7093962079733012
1498622400,34.25,34.25,34.25,34.25,34.16624995000001,36.244305889213045,32.08819401078697,16,0.520151057635077
1498708800,34,34.25,34,34.25,34.23499995000001,36.22682016377408,32.24317973622594,16,0.5037654126352018
1498795200,33.875,34,33.75,33.974998,34.271249850000004,36.215874946387586,32.32662475361242,128020,0.4238280297445676
1499054400,33.724998,33.724998,33.724998,33.724998,34.329999750000006,36.128582127874324,32.53141737212569,160,0.33181149847719593
1499140800,33.775003,33.775003,33.5,33.5,34.37374975000001,36.042167385815475,32.70533211418454,2860,0.23815016958480253
1499313600,33.025003,33.575,33,33.525003,34.399999900000005,35.99608813691032,32.803911663089686,386664,0.22589331850041985
1499659200,33.400003,33.400003,33.25,33.25,34.43624975000001,35.88663546852452,32.9858640314755,11444,0.09105714609256062
1499745600,33.125,33.25,33.025003,33.25,34.41124975000001,35.92398524654256,32.89851425345746,5000,0.11617554666558678
1499832000,33.224998,33.25,33.175,33.25,34.323749750000005,35.89158855150392,32.75591094849609,7920,0.15757010575001973
1499918400,33.349998,33.400003,33.150003,33.375,34.19249975000001,35.60928290030929,32.77571659969073,392460,0.21149439848238133
1500004800,33.275003,34.95,33.275003,34.175,34.11374975000001,35.337419675878735,32.89007982412129,320060,0.5250272760262544
1500264000,33.8,33.8,33.375,33.45,34.03624975000001,35.221310057536954,32.85118944246307,28440,0.25264982453995005
1500436800,33.45,33.474998,33.400003,33.474998,33.95999965000001,35.081761397432,32.83823790256802,9252,0.28382145267909803
1500609600,33.25,33.375,33.075,33.125,33.86999965000001,34.95588600040717,32.78411329959285,24824,0.15696242073552621
1500868800,33.075,33.2,33.075,33.075,33.779999650000015,34.8149628928253,32.74503640717473,5504,0.15940836310501455
1500955200,33.125,33.25,33.125,33.224998,33.717499650000015,34.72770989494835,32.70728940505168,2824,0.25623804427700864
1501128000,33.075,34.375,33.075,33.75,33.69374975000001,34.67709549158866,32.71040400841136,2497888,0.5286014611245051
1501473600,34.025003,34.125,33.75,34,33.68124975000001,34.64209251679316,32.720406983206864,22584,0.665870140784755
1501560000,34,34,33.8,33.8,33.671249750000015,34.622732173641246,32.719767326358784,14840,0.5676577132698191
1501646400,33.775003,33.775003,33.275003,33.275003,33.58499990000001,34.32921056103746,32.84078923896255,21244,0.2917277215782815
1501732800,33.55,33.7,33.55,33.7,33.55749990000001,34.239426938620205,32.875572861379815,12,0.6044833918657382
1501819200,33.724998,34,33.724998,33.775003,33.533750050000016,34.147198097108955,32.92030200289108,13644,0.6966368229037162
1502164800,33.775003,33.775003,33.75,33.75,33.52250015000002,34.110909125967744,32.9340911740323,4944,0.69331779365349
1502337600,33.3,33.3,33.150003,33.25,33.498750250000015,34.09088121735444,32.906619282645586,2868,0.2899533517800956
1502683200,32.75,32.75,32.5,32.5,33.44875025000002,34.18367826178038,32.713822238219656,42000,-0.1454715528543211
1502856000,32.55,33.474998,32.525003,33.474998,33.44625000000002,34.18046323196927,32.71203676803077,24012,0.5195774188942859
1502942400,32.525003,32.525003,32.525003,32.525003,33.410000150000016,34.24417594562144,32.57582435437859,120,-0.030462016906599134
1503028800,33.675,33.675,33.25,33.25,33.410000150000016,34.24417594562198,32.57582435437805,200840,0.4040968637307925
1503374400,33,33,33,33,33.39750015000002,34.248220005769646,32.546780294230395,4144,0.26637423747420846
1503460800,32.625,33,32.625,33,33.378750150000016,34.24697710506491,32.510523194935125,808,0.28188298129277245
1503547200,32.625,32.625,32.625,32.625,33.301250150000016,34.14778316087548,32.454717139124554,3988,0.10057662175474053
1503892800,32.599998,32.650003,32.599998,32.650003,33.261250300000015,34.15041701834,32.37208358166003,44,0.15628082597312362
1503979200,32.625,32.675,32.625,32.625,33.21875040000002,34.14353024407174,32.2939705559283,4176,0.17897743240932368
1504065600,32.650003,32.650003,32.625,32.625,33.19375040000001,34.153681564200376,32.23381923579965,6040,0.20375459136500118
1504497600,32.525003,32.599998,32.525003,32.599998,33.17000030000001,34.16342851683497,32.176572083165055,58000,0.2131134940901773
1504670400,32.599998,32.599998,32.525003,32.525003,33.135000550000015,34.1667946408934,32.10320645910663,12020,0.20439957187976962
1504756800,33.575,33.575,33.575,33.575,33.126250550000016,34.139842102106684,32.11265899789335,24,0.7213660172420032
1505102400,33.25,33.25,32.55,32.55,33.05375055000002,34.01295238147401,32.09454871852603,7696,0.23741159916994983
1505275200,32.55,32.55,32.525003,32.525003,32.99000070000001,33.91105939845788,32.06894200154214,1600,0.2475743398447034
1505448000,32.525003,32.525003,32.5,32.525003,32.952500700000016,33.8850903396612,32.019911060338835,10060,0.2708007456766666
1505707200,32.849998,32.849998,32.5,32.5,32.892500700000014,33.778234165555446,32.00676723444458,41620,0.27843182217695633
1505793600,32.25,32.875,32.25,32.5,32.82875055000002,33.63082083588737,32.02668026411266,420,0.29506125848041465
1505880000,32.75,32.75,32.5,32.5,32.76625055000002,33.45875832504819,32.073742774951846,737600,0.30776349407665765
1506052800,32.375,32.375,32.3,32.3,32.71875055000002,33.40228345155067,32.03521764844936,1800,0.19368661768142645
1506312000,32.125,32.125,32.125,32.125,32.70000055000001,33.42577500532577,31.974226094674258,248,0.10387104714099461
1506484800,32.125,32.25,32.125,32.25,32.63875065000002,33.29610766753314,31.981393632466894,18080,0.20430782692570185
1506571200,32.25,32.25,32.25,32.25,32.62500050000002,33.30249565865392,31.94750534134612,7200,0.22324488580472016
1506657600,32.400003,33.7,32.400003,33.7,32.64750050000002,33.42850920673707,31.866491793262973,4152,1.173807789158451
1506916800,32.5,32.5,32.25,32.474998,32.62125040000002,33.38826967746336,31.854231122536678,97680,0.4046618486019663
1507003200,32.175,32.75,32.175,32.5,32.59625040000002,33.34462774599672,31.847873054003315,5220,0.43569393801476664
1507262400,32.474998,32.5,32.474998,32.5,32.590000400000015,33.33940010776672,31.84060069223331,160152,0.43995167127284696
1507608000,32.5,32.5,32,32,32.55750025000002,33.348875581305116,31.766124918694924,9976,0.14776495554857708
1507780800,32.5,33.5,32.5,32.625,32.55750025000002,33.348875581305116,31.766124918694924,176240,0.5426471153003107
1508126400,32.5,32.5,32.5,32.5,32.55125025000002,33.34236887416397,31.76013162583607,2000,0.46760899792102634
1508212800,32.599998,32.599998,32.5,32.5,32.546250350000015,33.33733740620768,31.755163293792354,8432,0.4707678506195428
1508385600,32.5,33.25,32.5,32.5,32.54500020000002,33.336296609695104,31.753703790304936,4240,0.4715655224460324
1508731200,32.75,32.75,32.275003,32.275003,32.48000035000002,33.12159980916265,31.83840089083738,15528,0.3402450726286733
1508817600,32.275003,32.5,32.275003,32.5,32.477500350000014,33.11837855449662,31.836622145503405,3584,0.5175537643830929
1508990400,32.5,32.5,32.5,32.5,32.47625020000002,33.116850362345104,31.835650037654926,1248,0.518537147971554
1509076800,32.375,32.5,31.575,32.5,32.47500005000002,33.11531228633024,31.8346878136698,14856,0.5195216869064244
1509336000,31.875,32.25,31.875,32.25,32.46250005000002,33.110091560904195,31.81490853909584,2184,0.3359304851731913
1509422400,32.25,32.25,32.25,32.25,32.45000005000002,33.103834715641135,31.796165384358908,14196,0.34705609803977555
1509595200,32.25,32.375,32.25,32.375,32.44375005000002,33.0979430815241,31.78955701847594,220288,0.44745430883003134
1509940800,32.25,32.25,32.025003,32.25,32.44125005000002,33.09799849765197,31.784501602348072,1252,0.3543962679441483
1510027200,31.9,31.9,31.5,31.5,32.41000005000002,33.17459130419621,31.64540879580383,17200,-0.09508923559209341
1510545600,31.5,31.5,31.475,31.475,32.37125005000003,33.2363041243168,31.506195975683255,11288,-0.018031228688155952
1510718400,31.475,31.475,31.475,31.475,32.33250005000003,33.281196427663765,31.38380367233629,80,0.0480640222788103
1510891200,31.5,31.5,31.5,31.5,32.22250005000002,33.007499961460844,31.4375001385392,2348,0.039808833445912795
1511236800,31.3,31.3,31,31,32.148750150000026,33.0871631195882,31.210337180411855,6968,-0.11207069127793658
1511409600,31.375,31.375,31.25,31.25,32.086250150000026,33.08718420201899,31.085316097981064,8972,0.08226511111633968
1511755200,31.375,31.375,31.25,31.25,32.023750150000026,33.068675530824805,30.978824769175247,8908,0.12975817977103254
1511841600,31.375,31.375,31.25,31.275,31.987500150000027,33.08231764391894,30.892682656081114,4128,0.17460323115151136
1511928000,31.25,31.5,31.25,31.5,31.93125015000003,33.00466487064198,30.85783542935808,19468,0.2991223048710739
1512360000,31.3,31.3,31.25,31.25,31.86875015000003,32.94797173868785,30.78952856131221,16000,0.21333498306295856
1512532800,31.5,31.5,31.3,31.325,31.81000015000003,32.873179607095544,30.746820692904514,57256,0.2719104960299954
1512619200,31.375,31.375,31.25,31.25,31.74750015000003,32.787800891608065,30.707199408391993,12000,0.26088638116751584
1512705600,31.5,31.5,31.3,31.3,31.69875000000003,32.726912803250634,30.67058719674942,400020,0.30608615739679024
1513051200,31.25,32,31.25,31.25,31.63625000000003,32.612656037460056,30.659843962540005,151116,0.3022083102820613
1513224000,31.25,31.25,31.25,31.25,31.573750000000025,32.478387358276805,30.66911264172325,197500,0.3210608941594394
1513310400,31.25,31.25,31.25,31.25,31.511250000000025,32.31878869875651,30.703711301243544,7600,0.3382430461832226
1513569600,31.75,31.75,31.75,31.75,31.486250000000023,32.22912869130151,30.74337130869854,4,0.6775188890785777
1513656000,31.25,31.25,30.75,30.75,31.411250000000024,32.133135551863965,30.689364448136082,6000,0.04199803674374276
1513742400,30.75,31.25,30.5,30.5,31.31750000000003,32.00034332023385,30.634656679766213,239520,-0.09859998317044638
1514174400,30.5,31,30.5,31,31.25500000000003,31.79988530902203,30.71011469097803,144,0.2660058036270755
1514347200,30.625,30.625,30.5,30.5,31.20500000000003,31.828618473096512,30.58138152690355,38200,-0.06524945171962375
1514520000,30.55,30.55,30.55,30.55,31.158750000000033,31.830738653168726,30.48676134683134,4,0.047053363825761994
1514865600,30.75,31.25,30.75,31.25,31.14750000000003,31.805318363978902,30.489681636021157,9240,0.5779090442078801
1515124800,31.75,31.75,31.725,31.75,31.160000000000032,31.852712061384114,30.46728793861595,13428,0.9258623697276982
1515384000,30.875,31.75,30.75,31.725,31.196250000000028,31.926536758737825,30.46596324126223,1220,0.8620153273173453
1515556800,31.975,31.975,31.75,31.75,31.221250000000026,31.99038506615408,30.452114933845973,820,0.8437302648570624
1516075200,31.25,31.25,31.025,31.025,31.21000000000003,31.98369244534736,30.4363075546527,2420,0.380443449388355
1516334400,31,31,31,31,31.19625000000003,31.97459359378591,30.41790640621415,20,0.37393099810492
1516680000,31,31.025,31,31,31.171250000000025,31.941034872538395,30.401465127461655,14720,0.3887676244953167
1516766400,31.75,31.75,31.225,31.225,31.170000000000027,31.939350375308713,30.40064962469134,14980,0.5357444421716875
1516852800,31.375,31.9,31.375,31.9,31.198750000000025,32.02963431805372,30.36786568194633,4704,0.9219901523972756
1516939200,32,32.5,31.275,32.45,31.25875000000003,32.25301794677637,30.2644820532237,54960,1.0990588371385706
1517544000,31.775,31.775,31.5,31.7,31.27875000000003,32.29145368321002,30.266046316790035,2404,0.7079828517383896
1517889600,31.725,31.725,31.425,31.425,31.287500000000033,32.302081194378495,30.27291880562157,72200,0.5677619498379339
1518062400,31.45,31.45,31.425,31.425,31.296250000000033,32.31240390073884,30.280096099261225,3652,0.5633516241517929
1518148800,31.45,31.625,31.375,31.625,31.315000000000033,32.34084111829579,30.289158881704275,5680,0.6510955227233303
1518408000,31.5,32.099998,31.5,31.75,31.315000000000033,32.34084111829579,30.289158881704275,17112,0.7120211367246797
1518580800,31.525,31.525,31.525,31.525,31.35375000000003,32.34939991336687,30.358100086633193,2860,0.5859991035508046
1518753600,31.8,32,31.75,31.775,31.417500000000036,32.34743279326327,30.4875672067368,1180,0.6922181917821477
1519012800,32.5,33,32.25,32.25,31.480000000000036,32.45616596948788,30.5038340305122,330272,0.8944001450921071
1519099200,32.224998,32.474998,32.125,32.25,31.567500000000035,32.4887898566612,30.646210143338873,211432,0.8704045990875253
1519185600,32.25,32.325,32.25,32.25,31.65250000000004,32.4927231846271,30.812276815372975,51472,0.8555602909631467
1519272000,32.25,32.349998,32.2,32.25,31.702500000000033,32.55980682954656,30.845193170453506,172728,0.8193139148848073
1519358400,32.25,32.25,32.2,32.2,31.725000000000033,32.60930763876977,30.840692361230296,19420,0.7685716933649905
1519617600,32.25,32.25,31.975,32,31.73875000000003,32.63114495179398,30.84635504820608,366732,0.6463757720025137
1519704000,31.475,31.475,30.125,30.375,31.670000000000027,32.742100741529676,30.59789925847038,58380,-0.10395443722590557
1519790400,30.3,30.5,30.3,30.5,31.64375000000003,32.80013174924554,30.48736825075452,1484,0.005461755710741947
1519876800,30.5,30.5,30.4,30.5,31.618750000000034,32.848981177457006,30.388518822543062,3624,0.045309036016865485
1520308800,30.45,30.5,30.4,30.4,31.588750000000026,32.90418481404036,30.27331518595969,1152,0.04815320861518005
1520395200,30.4,30.75,30.375,30.5,31.55250000000003,32.943803345783564,30.161196654216496,25772,0.12175754008292894
1520481600,30.375,30.5,30.375,30.5,31.482500000000027,32.936296753328804,30.02870324667125,1276,0.1620916927519671
1520568000,30.475,30.5,30,30,31.36000000000003,32.87850255185415,29.841497448145915,25180,0.05219041339790651
1520827200,30.5,30.5,30.25,30.25,31.28750000000003,32.87120609646743,29.703793903532627,1152,0.1724455369862293
1520913600,30.5,30.5,30.375,30.375,31.23500000000003,32.865904656927505,29.604095343072554,11024,0.2363426499682032
1521000000,30.4,30.5,30.4,30.5,31.188750000000034,32.847701099335815,29.52979890066425,103980,0.2924140138079425
1521086400,30.5,30.5,30.4,30.5,31.132500000000032,32.804706625984814,29.460293374015247,176,0.31087863480162226
1521172800,30.5,30.5,30.25,30.275,31.058750000000032,32.74555726521681,29.371942734783254,29780,0.26768240919945574
1521432000,30.5,30.5,30.475,30.475,31.006250000000033,32.69709852958142,29.31540147041865,600,0.34290431972296254
1521518400,30.25,30.475,29.625,30.025,30.918750000000035,32.62248670207182,29.21501329792825,5300,0.237708884561442
1521604800,29.775,30.475,29.5,30.475,30.830000000000034,32.42879642230861,29.23120357769146,50348,0.3889789859901513
1521691200,30.25,30.25,29.65,29.65,30.70000000000004,32.23744918614748,29.162550813852597,2432,0.15852529974303
1521777600,29.65,30.25,29.65,30.25,30.60000000000004,31.97249772312564,29.22750227687444,804,0.3724952347450958
1522036800,29.75,30,29.75,29.975,30.48625000000004,31.654846915102066,29.317653084898016,14204,0.2812547708311362
1522123200,29.75,29.75,29.625,29.625,30.357500000000034,31.285010107754804,29.429989892245263,22608,0.10512559708206244
1522209600,29.75,29.75,29.65,29.725,30.243750000000034,30.834485770025267,29.6530142299748,15000,0.060928907370994136
1522296000,29.725,29.725,29.675,29.725,30.211250000000035,30.839834719816324,29.582665280183747,24940,0.1132184058322748
1522641600,29.625,29.725,29.625,29.725,30.17250000000003,30.820361867983486,29.524638132016577,16892,0.15463316941856317
1522728000,29.725,29.75,29.725,29.75,30.135000000000037,30.789484529981905,29.48051547001817,9172,0.20587540089702114
1522814400,30,30,30,30,30.11500000000003,30.76025188879016,29.4697481112099,1620,0.4108875138547372
1522987200,30.025,30.75,30,30.75,30.127500000000037,30.81067274534756,29.444327254652514,300,0.955594872775043
1523246400,30.75,30.75,30.5,30.5,30.127500000000033,30.81067274534889,29.444327254651178,1000,0.772625044350791
1523332800,30.5,31,29.625,31,30.177500000000038,30.955783367409524,29.39921663259055,400132,1.0284065126161255
1523419200,29.775,30.95,29.625,30.95,30.212500000000034,31.060512381977645,29.364487618022423,580980,0.9348403488402345
1523937600,30,31,30,30,30.193750000000033,31.043143165729106,29.34435683427096,92132,0.38594798744717407
1524024000,30.15,30.15,30,30.025,30.170000000000034,31.01032731717335,29.32967268282672,78556,0.41372409474454275
1524110400,30.05,30.95,30,30.95,30.192500000000035,31.089174411359686,29.295825588640383,49244,0.9223941212124852
1524456000,30.175,30.325,30.175,30.325,30.195000000000032,31.092858563465636,29.297141436534428,48188,0.5723944757502707
1524542400,30.325,30.325,30.3,30.3,30.186250000000037,31.076400970334518,29.296099029665555,4800,0.5638936561273542
1524628800,30.625,30.625,30.625,30.625,30.216250000000038,31.122930070359484,29.309569929640592,40,0.7254102705918729
1524715200,30.55,30.625,30.3,30.375,30.211250000000035,31.113258176230573,29.309241823769497,4640,0.5907696871907916
1524801600,30.625,31.25,30.625,30.775,30.267500000000034,31.162779286026232,29.372220713973835,4528,0.7834311079912072
1525147200,30.775,30.775,30.775,30.775,30.293750000000035,31.215823071934743,29.371676928065327,1220,0.7609608797002376
1525320000,30.625,31,30.25,31,30.345000000000038,31.3037231091335,29.386276890866576,218044,0.8416001939245946
1525752000,31.225,31.225,30.55,31,30.413750000000032,31.353094851472598,29.474405148527467,584,0.8120525965948139
1525838400,31,31,31,31,30.47750000000004,31.394001500263823,29.560998499736254,400,0.7850513609904498
1525924800,30.675,30.675,30.5,30.575,30.52000000000004,31.369352694695394,29.670647305304684,7600,0.5323775978715697
1526011200,30.575,30.65,30.5,30.5,30.55875000000004,31.32625814326985,29.791241856730228,77180,0.4617267904482768
1526270400,30.85,30.85,30.525,30.525,30.597500000000036,31.270162619732954,29.924837380267117,11920,0.4461096856929382
1526356800,30.75,31,30.625,30.65,30.630000000000035,31.24432890212549,30.01567109787458,12152,0.5162779253350837
1526443200,30.675,31.25,30.675,31.25,30.655000000000037,31.324999999989757,29.985000000010317,161224,0.9440298507530541
1526616000,30.725,30.725,30.625,30.625,30.661250000000035,31.327672351055654,29.994827648944415,4000,0.472802532851266
1526875200,30.75,31.15,30.75,31,30.661250000000035,31.327672351055654,29.994827648944415,620,0.7541556412861772
1526961600,31,31,30.25,30.25,30.626250000000034,31.30180070127062,29.95069929872945,904,0.22152349239488708
1527134400,30.5,30.725,30.25,30.25,30.638750000000034,31.275632053434812,30.001867946565255,29088,0.19480220246161742
1527220800,30.25,30.25,30.25,30.25,30.650000000000034,31.24999999998877,30.0500000000113,4012,0.16666666666038032
1527652800,30.2,30.675,30,30.675,30.636250000000036,31.220517704042017,30.051982295958055,4628,0.5331611688716414
1527739200,30,30.475,30,30.475,30.643750000000033,31.215561813438534,30.071938186561532,8764,0.3524427127648172
1527825600,30.05,30.25,30.05,30.25,30.641250000000035,31.219453035262937,30.063046964737133,1320,0.1616672897417962
1528084800,30.25,30.325,30.25,30.325,30.626250000000038,31.220698273600192,30.031801726399884,5728,0.24661378173782905
1528171200,30.475,30.625,30.375,30.375,30.626250000000045,31.22069827359905,30.03180172640104,24544,0.28866958559835154
1528257600,30.45,30.45,30.25,30.375,30.60625000000004,31.206223957756844,30.006276042243233,13620,0.30728330204144166
1528344000,30.375,30.6,30.375,30.6,30.597500000000043,31.19245798169782,30.002542018302265,1824,0.5021009887058113
1528430400,30.6,30.625,30.4,30.4,30.56750000000004,31.138267027767196,29.996732972232888,3044,0.3532676277260578
1528689600,30.625,30.875,30.625,30.875,30.56125000000004,31.11543295714175,30.00706704285833,260888,0.7830743854143204
1528862400,30.75,30.875,30.75,30.85,30.553750000000036,31.08766829898145,30.019831701018624,90412,0.7774300867428022
1529294400,30.775,30.875,30.75,30.875,30.568750000000033,31.120763360334582,30.016736639665485,316884,0.7773936484203601
1529380800,30.875,30.875,30.75,30.75,30.58125000000004,31.137773809002073,30.024726190998006,9740,0.6516107642389686
1529467200,30.75,30.75,30.675,30.675,30.58875000000004,31.146081813183294,30.031418186816786,192,0.5773776033951261
1529553600,30.725,30.75,30.725,30.75,30.59375000000004,31.154970767600716,30.032529232399362,8176,0.6392054687034825
1529640000,30.5,30.5,30.375,30.375,30.550000000000033,31.030364444967397,30.06963555503267,808,0.3178466351605996
1529985600,30.275,30.725,30,30,30.518750000000033,31.053744158836015,29.98375584116405,25872,0.01518162260994828
1530158400,30.375,30.375,30,30.375,30.487500000000033,30.977525509528302,29.997474490471763,1252,0.3852100576270687
1530244800,30.375,30.375,30,30,30.475000000000033,31.00011903411322,29.949880965886848,2248,0.047721593445753024
1530504000,29.65,29.75,29.5,29.5,30.437500000000036,31.1084135562709,29.76658644372917,3392,-0.1986742116308821
1530590400,29,29,28.75,28.75,30.362500000000033,31.357550249981628,29.367449750018437,22760,-0.31026058735720013
1530676800,28.75,28.75,28.75,28.75,30.26625000000003,31.47189038999565,29.060609610004413,1800,-0.12881519754225446
1530763200,29.2,29.2,29.2,29.2,30.202500000000033,31.489346921738708,28.915653078261357,200,0.11048203051006926
1530849600,28.75,29.25,28.75,29.25,30.152500000000032,31.504156391243058,28.800843608757006,32392,0.16615035971898728
1531108800,29,29,28.825,29,30.086250000000028,31.52469316884238,28.647806831157677,47148,0.12242164879053427
1531281600,29.15,29.2,29.15,29.2,30.027500000000032,31.50929789444725,28.545702105552813,4944,0.2207783858038449
1531454400,29.025,29.2,29,29,29.95875000000003,31.496221544448478,28.421278455551583,7352,0.188205611524351
1531713600,29.25,29.25,29.25,29.25,29.89125000000003,31.42872154444833,28.353778455551733,12,0.2914595550351679
1531886400,29.25,29.25,29.05,29.175,29.83000000000003,31.379080372346156,28.280919627653905,6640,0.2885842427246
1531972800,29.95,30,29.95,30,29.786250000000035,31.26251852231809,28.30998147768198,400,0.5723953660084592
1532318400,29.375,29.375,29.125,29.125,29.700000000000035,31.11800916780791,28.28199083219216,3600,0.2972509582258422
1532491200,29.725,30,29.175,29.175,29.61500000000003,30.94197023327141,28.288029766728652,43920,0.33420879045820867
1532923200,30,30,28.8,28.8,29.517500000000034,30.781630135701242,28.253369864298826,4480,0.21620801540260784
1533009600,29.5,29.5,29,29,29.43375000000004,30.59803894608989,28.269461053910188,8400,0.31372751091696555
1533096000,29.5,29.5,29.075,29.25,29.358750000000036,30.355403776387245,28.362096223612827,12124,0.4454424381984252
1533182400,29.5,29.5,29.25,29.25,29.30250000000003,30.183678188557376,28.421321811442684,4024,0.47021033845266713
1533268800,29.5,29.75,29.5,29.75,29.29000000000003,30.137702778094592,28.44229722190547,34456,0.7713215126143281
1533614400,29.45,29.45,29.075,29.075,29.22500000000003,29.914565080314496,28.535434919685564,2480,0.39123579174599066
1533700800,29.35,29.375,28.775,28.775,29.16375000000003,29.780895647306668,28.54660435269339,37908,0.18504193321574774
1534132800,29.1,29.1,29.1,29.1,29.14375000000003,29.741636904012775,28.545863095987283,160,0.4634128129363618
1534305600,28.875,28.925,28.875,28.925,29.152500000000025,29.731917811247502,28.573082188752547,180,0.30368225175006264
1534478400,29.375,29.375,29.375,29.375,29.183750000000025,29.73991431923561,28.62758568076444,120,0.6719365962408711
1534737600,29,29,29,29,29.17375000000003,29.735549563892196,28.611950436107865,168000,0.3453629985076131
1534824000,29,29,29,29,29.16125000000003,29.72681940333563,28.595680596664433,80428,0.3574445514122443
1534996800,29.25,29.25,29.225,29.225,29.17250000000003,29.733726335794934,28.61127366420513,808,0.5467725734267359
1535083200,29,29.5,29,29.5,29.18750000000003,29.766615705183856,28.6083842948162,34424,0.7698079133433061
1535342400,29.95,29.95,29,29,29.18750000000003,29.766615705183856,28.6083842948162,8600,0.3381152519939771
1535428800,29.025,29.025,29.025,29.025,29.176250000000028,29.758803645590785,28.59369635440927,600,0.37018362931481646
1535515200,29.25,29.25,29.25,29.25,29.180000000000028,29.763438085824475,28.59656191417558,2312,0.5599892273925312
1535601600,29.025,29.025,28.75,28.775,29.118750000000027,29.591739164771642,28.645760835228412,240,0.1366195828544935
1536033600,29.25,29.625,29.25,29.5,29.137500000000028,29.638873114546744,28.63612688545331,5904,0.8615072183594278
1536120000,29.5,29.5,29.5,29.5,29.15375000000003,29.67941029904259,28.62808970095747,4160,0.8293476800803016
1536206400,29.5,29.5,29.5,29.5,29.188750000000027,29.708719951045044,28.66878004895501,920,0.799296141415897
1536292800,29.5,29.85,29.5,29.85,29.231250000000028,29.81731207008329,28.645187929916766,26492,1.0278877712663335
1536552000,29.725,29.75,29.725,29.75,29.25625000000003,29.884516464161383,28.627983535838677,4080,0.8929463278443939
1536724800,29.5,29.5,28.775,29.25,29.25625000000003,29.884516464161383,28.627983535838677,15996,0.4950259958500469
1536811200,29.25,29.25,29,29.025,29.220000000000027,29.812790013402758,28.627209986597297,6376,0.3355235449390496
1537243200,29.475,29.475,28.75,29,29.21625000000003,29.813593075618297,28.618906924381765,34824,0.31899011738253913
1537329600,28.75,28.875,28.75,28.875,29.221250000000033,29.80526091598454,28.637239084015526,339408,0.20355862320112972
1537416000,28.875,28.875,28.75,28.775,29.20500000000003,29.81892181911851,28.59107818088155,45568,0.14979254148560744
1537502400,28.75,28.85,28.625,28.85,29.201250000000027,29.822835673893977,28.579664326106077,6808,0.2174564868913367
1537848000,28.875,28.875,28.25,28.25,29.145000000000028,29.885709119688535,28.40429088031152,8804,-0.10415079024300763
1537934400,28.5,28.5,28.5,28.5,29.120000000000026,29.910664277674375,28.329335722325677,26736,0.10792461635949523
1538020800,28.75,28.75,28.75,28.75,29.107500000000027,29.913120878571714,28.30187912142834,36912,0.2781214405503924
1538107200,28.75,28.75,28.75,28.75,29.083750000000027,29.902021806913872,28.26547819308618,4404,0.2960640968074029
1538366400,28.75,29,28.25,28.75,29.046250000000025,29.853448085968353,28.2390519140317,385592,0.31649485724149146
1538452800,28.75,28.75,28.75,28.75,29.033750000000026,29.851104727147423,28.21639527285263,92616,0.32642175387525685
1538539200,28.75,29,28.75,29,29.032500000000027,29.84998088662062,28.215019113379434,154000,0.48012185940249935
1538712000,29,29.5,29,29.5,29.045000000000027,29.8827947242556,28.207205275744453,37116,0.7715462313302736
1538971200,29.125,29.125,29.125,29.125,29.06250000000003,29.891580816319834,28.233419183680223,1256,0.5376923448050589
1539144000,29.125,29.125,29,29,29.03750000000003,29.84209617199537,28.23290382800469,2000,0.47669638428242045
1539576000,29,29,29,29,29.012500000000028,29.78862821105119,28.236371788948865,18000,0.4919472067745752
1539662400,29,29.075,27.5,29.075,28.991250000000026,29.735439995894968,28.247060004105084,76144,0.5562692326300747
1539921600,28.3,28.75,28.25,28.25,28.911250000000024,29.61169182484415,28.210808175155897,992212,0.027976502440316558
1540180800,28.275,28.5,28.25,28.5,28.848750000000024,29.455477904411076,28.242022095588972,639320,0.21259769209184975
1540440000,28.925,28.925,28.925,28.925,28.832500000000028,29.412176633986256,28.2528233660138,4,0.5797858621313433
1540872000,30.85,31.25,29.9,30,28.881250000000033,29.650482572106164,28.112017427893903,14184,1.2271857956670182
1540958400,29.725,29.725,28.75,29.375,28.900000000000034,29.697652806670394,28.102347193329674,4140,0.7977485918859591
1541044800,30,31.25,30,31.25,29.018750000000033,30.31652453742524,27.720975462574824,141052,1.359644697771147
1541131200,31.75,31.975,30.575,30.575,29.108750000000036,30.566254288154312,27.65124571184576,14328,1.0030002353738399
1541390400,30.55,30.75,30,30,29.16625000000004,30.668437987565948,27.664062012434133,130404,0.7775118716502781
1541563200,30,30,29.5,30,29.253750000000036,30.736001243881578,27.771498756118493,1641648,0.7517285794430417
1541649600,30,30.5,29.525,30.5,29.353750000000037,30.888047477671194,27.81945252232888,125720,0.8735422943338883
1541736000,30.5,31,29.525,31,29.466250000000038,31.131353225024792,27.801146774975283,564,0.9605570324257706
1541995200,31,31,29.975,29.975,29.527500000000032,31.1727127521964,27.882287247803664,496,0.6360006477589463
1542081600,29.625,30.625,29.625,30.625,29.621250000000032,31.292048835883467,27.950451164116597,84,0.8003802667450494
1542168000,30.6,30.6,30.6,30.6,29.713750000000033,31.386208893363126,28.04129110663694,200,0.7649541951425297
1542254400,30.6,30.6,29.75,29.75,29.751250000000034,31.39133193392526,28.111168066074807,600,0.4996189214775866
1542686400,29.75,29.75,29.75,29.75,29.763750000000037,31.39978751484726,28.127712485152813,4000,0.495797773622165
1542945600,29.75,29.875,29.75,29.75,29.795000000000037,31.4047049419032,28.185295058096873,11644,0.48602228308163314
1543204800,30.225,30.225,29.775,29.775,29.833750000000045,31.401812100168836,28.265687899831253,10240,0.4812666858048154
1543377600,29.75,30.5,29.75,30,29.883750000000042,31.405367149609656,28.362132850390427,200544,0.5381994905978101
1543550400,30.5,30.5,30,30,29.930000000000042,31.406025067533022,28.453974932467062,8848,0.5237123344107412
1543982400,30,30,30,30,30.01750000000004,31.276279170461077,28.758720829539005,2080,0.49304882047196913
1544155200,30.5,30.5,30.275,30.5,30.117500000000042,31.180761491818977,29.054238508181108,26296,0.6798710867190394
1544414400,30.7,30.7,30.25,30.5,30.19625000000004,31.118512842136703,29.273987157863374,23516,0.6646764816504181
1544500800,30.5,30.5,30.375,30.5,30.221250000000044,31.147974743375848,29.29452525662424,46076,0.6503952505813897
1544760000,30.375,30.4,30.375,30.4,30.272500000000043,31.11598977467728,29.429010225322806,604,0.575578865226163
1545019200,30.4,30.5,30.4,30.5,30.235000000000035,30.95963784057083,29.51036215942924,138368,0.6828499597752339
1545105600,30.5,30.5,30.5,30.5,30.23125000000004,30.949559647705517,29.51294035229456,21200,0.687071133499626
1545278400,30.5,30.5,30.5,30.5,30.256250000000044,30.97542921965586,29.537070780344227,680,0.6694640176871414
1545364800,30.525,30.525,30.525,30.525,30.282500000000038,31.000674769806565,29.56432523019351,400,0.6688307708618676
1545624000,30.625,30.625,30.25,30.25,30.27000000000004,30.981266476073536,29.55873352392654,8160,0.48594057173167543
1545796800,30.05,30.05,30.05,30.05,30.222500000000036,30.854935767479656,29.590064232520415,76,0.36362251404005735
1545969600,30.75,30.75,30.75,30.75,30.26125000000004,30.922588604639515,29.599911395360564,4528,0.869515703885455
1546401600,30.75,30.875,30.75,30.875,30.273750000000042,30.97061350886344,29.576886491136644,10596,0.9313972480641234
1546488000,31.225,31.225,30.55,31.125,30.300000000000033,31.07878109888986,29.521218901110206,124,1.0296738718851979
1546833600,31,31.075,30.5,30.5,30.337500000000034,31.07802346349567,29.5969765365044,75588,0.609719683447224
1547006400,30.5,30.5,30.5,30.5,30.375000000000036,31.067098258910633,29.682901741089438,4,0.5903050964155883
1547092800,30.625,30.625,30.5,30.5,30.412500000000033,31.04366954931862,29.78133045068145,488,0.5693157647532523
1547438400,30.5,30.5,30.5,30.5,30.448750000000036,31.00854348869667,29.8889565113034,4208,0.5457758093250507
1547611200,30.5,30.5,30.5,30.5,30.473750000000035,30.99444064710941,29.95305935289066,23452,0.5252069056220741
1547697600,30.5,30.75,30.5,30.75,30.511250000000036,30.99691320633424,30.02558679366583,52784,0.7457979077744569
1547784000,30.525,31.35,30,31.35,30.57875000000003,31.13198480547443,30.02551519452563,808,1.1970367666389155
1548043200,31.375,31.475,30.5,31.25,30.616250000000036,31.240204124905556,29.992295875094516,12652,1.007849835992291
1548216000,30.525,30.875,30.1,30.5,30.616250000000036,31.240204124905556,29.992295875094516,2812,0.4068441129244565
1548388800,30.4,30.75,30.4,30.75,30.628750000000036,31.252904427995755,30.004595572004316,29524,0.597131410562384
1548734400,30.375,30.975,30.275,30.3,30.623750000000037,31.25669450782575,29.990805492174324,1124,0.2442508813986077
1548820800,31,31,31,31,30.648750000000035,31.299417926047433,29.998082073952638,4664,0.7699149488846775
1548907200,30.525,31,30.525,31,30.673750000000034,31.337917712244245,30.009582287755823,4600,0.7456081453414629
1548993600,31.5,31.5,30.575,31.45,30.721250000000037,31.460552881089562,29.98194711891051,4228,0.9928629514644859
1549252800,31.425,31.45,31.425,31.45,30.767500000000034,31.565325168810602,29.969674831189465,800,0.9277252878706905
1549425600,31.25,31.5,31.25,31.25,30.817500000000035,31.604599104298718,30.03040089570135,2020,0.7747430391153407
1549598400,31.75,31.75,31.275,31.275,30.878750000000036,31.60577733785384,30.15172266214623,1852,0.7725138240122431
1549857600,31.25,31.725,31.25,31.725,30.92750000000003,31.739272751444954,30.115727248555107,244,0.9912088996461463
1549944000,31.3,32,31.275,32,30.983750000000036,31.919601884643722,30.04789811535635,17964,1.0429545084406646
1550030400,31.875,31.875,31.5,31.5,31.002500000000033,31.96360613357294,30.041393866427125,2596,0.7588163692965482
1550116800,31.75,32.474998,31.55,32.474998,31.101249900000035,32.227246192619255,29.975253607380814,20384,1.11001448628416
1550462400,32,32,31.75,32,31.176249900000034,32.33150645635125,30.020993343648822,12944,0.8565225817032858
1550635200,32,32.25,32,32,31.251249900000026,32.41588193244394,30.086617867556114,2324,0.8214535059750873
1550721600,31.775,32.349998,31.75,31.75,31.313749900000026,32.44406747528329,30.18343232471676,5208,0.692976783489652
1550808000,31.65,31.65,31,31.25,31.351249900000028,32.41912997332013,30.283369826679923,10580,0.4525930380528427
1551067200,31.525,31.525,30.75,30.75,31.351249900000028,32.419129973320345,30.28336982667971,12800,0.21848435277447173
1551153600,30.75,30.75,30.75,30.75,31.321249900000034,32.420826103358785,30.22167369664128,200,0.24024087723292922
1551326400,31.225,31.225,30.75,30.75,31.29624990000003,32.423555451744264,30.1689443482558,40012,0.2577187927643743
1551412800,30.5,30.75,30.4,30.725,31.30749990000004,32.40694251605184,30.208057283948232,4256,0.23509308648965963
1551758400,30.725,30.75,30.725,30.75,31.30749990000004,32.40694251605184,30.208057283948232,1888,0.2464624838711145
1551844800,30.75,30.75,30.475,30.475,31.316249900000038,32.385860961550456,30.246638838449616,35316,0.10674962598992367
1552017600,30.75,30.75,30.45,30.5,31.291249900000036,32.41143640366407,30.171063396336002,6832,0.14682224905766778
1552276800,30.5,30.725,30.5,30.5,31.26624990000004,32.432683688515304,30.099816111484778,4084,0.17154162218869307
1552363200,30.5,30.725,30.25,30.725,31.229999900000042,32.416233015365876,30.04376678463421,2000428,0.2871413748872197
1552536000,30.05,30.475,30.05,30.475,31.181249900000047,32.40679782439507,29.955701975605024,44,0.2118636138408552
1552622400,30.475,30.475,29.5,29.775,31.107499900000043,32.476723733414424,29.738276066585662,1628,0.01341049305384908
1552881600,30,30,30,30,31.04374990000004,32.49227245936549,29.595227340634594,12,0.13971914235934463
1552968000,30,30,30,30,30.957499900000045,32.43855485711316,29.476444942886932,4108,0.1767507190055885
1553140800,30.725,30.725,30,30,30.857499900000043,32.31335830863365,29.40164149136643,2004,0.20550024133018419
1553486400,30.55,30.55,30.05,30.05,30.78499990000004,32.25004210007149,29.319957699928597,76,0.2491540175551944
1553572800,32,32,32,32,30.76125000000004,32.128041406905155,29.394458593094924,4,0.9531598580960191
1553659200,30.025,30.025,30,30,30.66125000000004,31.94074941382913,29.381750586170952,3780,0.24159816219799818
1553745600,30,31.225,30,31.225,30.62250000000004,31.77845198861789,29.466548011382194,32,0.7606077094604766
1554091200,30.25,30.25,30,30,30.535000000000043,31.597473529076954,29.472526470923132,8000,0.24822902154331467
1554264000,31.225,31.25,31.225,31.25,30.535000000000043,31.597473529076954,29.472526470923132,5368,0.8364789712084203
1554350400,32,32.25,31.525,32.25,30.610000000000003,31.90821030653698,29.311789693463027,88860,1.131638799870091
1554436800,32.025003,32.25,32,32,30.672500000000003,32.10505889931267,29.23994110068734,18348,0.9633317347848408
1554696000,32.125,32.125,31.9,32,30.735000000000003,32.280266967225934,29.189733032774075,9748,0.909314386067195
1554782400,32.075,32.125,31.75,32.125,30.805,32.46471383075512,29.145286169244873,32864,0.8976589143079676
1554868800,31.75,31.75,31.625,31.75,30.855,32.56457597081849,29.145424029181513,22544,0.7617608153358354
1554955200,31.6,31.75,31.6,31.725,30.917500000000008,32.658053073019516,29.176946926980502,18072,0.7319664974648383
1555387200,30.225,30.725,30.225,30.475,30.91625,32.658036080435735,29.174463919564268,7804,0.3733340434407379
1555473600,30.475,30.475,30.05,30.05,30.893750000000004,32.66779023347808,29.119709766521925,2772,0.2621953594745154
1555560000,30.05,30.75,30.025,30.025,30.858750000000004,32.67191539510302,29.045584604896987,5652,0.2700844053576714
1555992000,29.975,29.975,29.5,29.5,30.810000000000002,32.712064667670155,28.907935332329846,2148,0.15563736547279866
1556078400,28.5,29.725,28.5,29.5,30.796250000000008,32.73172636255199,28.860773637448027,11396,0.1651341176053256
1556251200,29.625,29.625,29.5,29.5,30.771250000000002,32.75941969849133,28.783080301508676,6936,0.18029640503910233
1556596800,29.525,30,29.525,30,30.77125000000001,32.75941969849111,28.78308030150891,89988,0.30604019853402314
1556683200,30.5,30.5,30.5,30.5,30.796250000000008,32.75738965591384,28.83511034408618,20,0.4244699378989494
1556856000,30.5,30.5,29.525,29.625,30.775000000000006,32.77681167945397,28.773188320546044,12,0.21276019322814263
1557201600,29.875,30.25,29.875,30,30.675000000000004,32.62108581516787,28.728914184832135,157864,0.3265749653126733
1557288000,29.625,30,29.625,30,30.675000000000004,32.62108581516787,28.728914184832135,114188,0.3265749653126733
1557374400,30,30,30,30,30.613750000000003,32.56384454898953,28.66365545101048,22824,0.3426358351911628
1557460800,30,30.225,30,30,30.613750000000003,32.56384454898953,28.66365545101048,74916,0.3426358351911628
1557720000,30,30.225,30,30,30.551250000000003,32.495888462542304,28.606611537457706,30712,0.35826414250818245
1557806400,30,30,29.625,29.625,30.420000000000005,32.23855712035622,28.601442879643795,153008,0.2814201184276562
1557892800,29.875,29.875,29.5,29.5,30.295000000000005,32.00223460602152,28.58776539397849,16144,0.26716732510107477
1557979200,29.95,29.95,29.75,29.75,30.182500000000005,31.71286760289731,28.652132397102697,30116,0.3586940813497387
1558065600,30.125,30.5,29.525,30.5,30.101250000000004,31.358675445105035,28.843824554894972,162044,0.6585581083762342
1558497600,30.75,31.25,30.25,30.25,30.026250000000005,31.035887930150086,29.016612069849923,480,0.6108070493977655
1558584000,29.75,30.225,29.75,30.225,29.951250000000005,30.605175645618598,29.297324354381413,1932,0.7093127879554544
1558670400,30.2,30.225,29.75,29.75,29.915000000000003,30.52786213784055,29.302137862159455,824,0.3653857125344788
1558929600,30.25,30.875,30,30,29.9125,30.523544188253442,29.30145581174656,13396,0.5715987498793675
1559016000,30,30,30,30,29.911250000000003,30.521470247122142,29.301029752877863,12300,0.5727196454219206
1559102400,30.875,30.875,30.875,30.875,29.98,30.690914903486416,29.269085096513585,4600,1.1294705566100864
1559188800,30.5,30.75,30.5,30.75,30.0425,30.792349984996545,29.292650015003456,5280,0.9717610283097227
1559534400,31,31,30.875,30.875,30.111250000000002,30.90062871139141,29.321871288608595,40,0.9837665299167783
1559793600,30.75,31,30.5,31,30.161250000000003,31.037959045235933,29.284540954764072,1844,0.9783514009338652
1559880000,31,31,31,31,30.18625,31.126392941259063,29.24610705874094,13028,0.9327799339269652
1560139200,31,31,31,31,30.255000000000003,31.221643677886913,29.288356322113092,12,0.8853539918807375
1560225600,31,31,30.875,30.875,30.298750000000002,31.29404832211187,29.303451677888134,4200,0.7894860702554414
1560312000,30.875,30.875,30.75,30.75,30.33625,31.340176665647736,29.332323334352264,4224,0.7060658483122608
1560398400,30.875,30.875,30.55,30.55,30.36375,31.359425022283304,29.368074977716695,2612,0.5935295130598378
1560484800,30.575,30.575,30.15,30.15,30.371250000000003,31.358072552436823,29.384427447563183,2420,0.3878977788591987
1560744000,30.5,30.5,30.2,30.2,30.381250000000005,31.356810736191136,29.405689263808874,15104,0.4071047074384842
1560830400,30.375,30.375,30.375,30.375,30.418750000000006,31.33073615669178,29.50676384330823,2000,0.4760138902992183
1560916800,30.375,30.375,30.375,30.375,30.462500000000013,31.27220673703221,29.652793262967815,1664,0.44596809190403625
1561003200,30.375,30.375,30.375,30.375,30.493750000000013,31.236527725834208,29.750972274165818,14536,0.42006356957820207
1561348800,30.4,30.4,30.375,30.375,30.48750000000001,31.232063630589145,29.742936369410877,4016,0.42445239373900384
1561521600,31,31.25,30.5,31.25,30.537500000000012,31.34333807306176,29.731661926938266,6596,0.9420863345987583
1561608000,31.225,31.75,31.125,31.25,30.58875000000001,31.437789898942366,29.739710101057657,126460,0.8894104392642234
1561694400,30.25,30.25,30,30,30.60125000000001,31.406773897843138,29.795726102156884,10976,0.1267956781853899
1561953600,30.25,30.25,30.25,30.25,30.61375000000001,31.388745967729236,29.838754032270785,312,0.26532135962860887
1562126400,30.975,31,30.975,31,30.66375000000001,31.402071576277017,29.925428423723005,44,0.7277124296539816
1562212800,30.075,31.25,30.05,31.25,30.68250000000001,31.459368714774843,29.90563128522518,41540,0.8652483290979693
1562558400,31.25,31.25,30.625,31,30.69500000000001,31.483764857227126,29.906235142772896,1180,0.693340256735201
1562731200,30.375,31.175,30.25,31.175,30.710000000000015,31.52292681097113,29.8970731890289,87296,0.7860036067973338
1562817600,30.625,31.225,30.5,30.5,30.685000000000013,31.491442806401217,29.87855719359881,12188,0.3852987474551446
1562904000,30.5,31,30.5,31,30.685000000000013,31.491442806401217,29.87855719359881,820,0.6953021327114889
1563163200,31.125,31.125,31.125,31.125,30.691250000000014,31.50921622790668,29.873283772093348,204,0.7651393084467777
1563249600,31.125,31.125,31.125,31.125,30.703750000000014,31.5400028026833,29.867497197316727,1680,0.7518676162569023
1563336000,31.125,31.125,31.1,31.125,30.722500000000014,31.578639591419165,29.866360408580864,20696,0.7350668068818048
1563508800,31.125,31.125,31,31,30.745000000000015,31.605464990569146,29.884535009430884,1900,0.6481756973234448
1563768000,31.125,31.25,31.125,31.25,30.80000000000002,31.641724420457646,29.95827557954239,27048,0.7673083904084228
1563854400,31.175,31.175,31,31,30.840000000000014,31.63881161733862,30.041188382661407,14596,0.6001487688255313
1563940800,31.15,31.75,31.1,31.75,30.908750000000015,31.76989386138106,30.04760613861897,68208,0.9884491649576669
1564113600,32.25,32.25,31.75,31.875,30.983750000000015,31.90506360024411,30.06243639975592,18788,0.9836843826921996
1564372800,32,32.525003,31.625,32.025003,31.06625015000002,32.04824806267437,30.08425223732567,33796,0.9881644032159576
1564459200,32.75,33.75,31.7,33,31.197500150000018,32.441576511401166,29.953423788598865,101160,1.2244329632507063
1564545600,33.224998,34.349998,33.224998,33.95,31.332500150000023,33.06152468163544,29.6034756183646,190944,1.2569296450421636
1564632000,33.95,34.5,33.75,34,31.470000150000022,33.55222268037401,29.38777761962604,75904,1.107523886879076
1564718400,33.775003,34.5,32.5,34.5,31.695000150000016,34.0481151909612,29.341885109038834,41720,1.096018426887922
1564977600,34.25,34.25,33.45,33.45,31.855000150000016,34.22842598705444,29.48157431294559,144,0.8360121527916548
1565064000,32.025003,34.2,32.025003,33.25,31.967500150000017,34.38111260211358,29.553887697886452,4420,0.7656805670846031
1565150400,33.5,34.2,32.75,32.75,32.042500150000016,34.45549102834944,29.62950927165059,844,0.6466022636778345
1565323200,33.75,33.75,32.900003,33.625,32.17375015000002,34.63080500724223,29.716695292757805,376,0.795323046150638
1565668800,33.625,34.175,33.625,33.675,32.29875015000001,34.793919166619624,29.803581133380398,83500,0.7757828910252526
1565841600,33.5,33.5,33.5,33.5,32.448750150000016,34.85236581010441,30.045134489895627,2200,0.7186809371083739
1565928000,32.75,33.675,32.599998,32.75,32.536250150000015,34.848201303571166,30.224298996428864,13388,0.5462271552904171
1566187200,32.75,32.775003,32.525003,32.75,32.617500150000026,34.837753353802626,30.397246946197427,23604,0.5298389052593288
1566273600,33.650003,33.650003,33.650003,33.650003,32.74375030000002,34.89629971290496,30.59120088709508,36,0.7105068284534655
1566446400,33,33.05,33,33.05,32.84000030000002,34.86264707934603,30.81735352065401,40148,0.5519121040174587
1566792000,32.925,32.925,32.900003,32.900003,32.93500045000002,34.77309721676726,31.096903683232775,2440,0.49047997618167516
1566964800,32.625,32.650003,32.625,32.625,33.00375045000002,34.68037450640015,31.32712639359989,360,0.3870496792187174
1567051200,33.25,33.25,32.625,32.75,33.09125045000002,34.50203672421022,31.68046417578981,8612,0.37905664513533155
1567137600,32.75,33.25,32.625,33,33.153750450000025,34.42519360110728,31.88230729889277,7640,0.4395370332263266
1567396800,33.224998,33.325,32.75,32.75,33.19750045000002,34.34400547789957,32.05099542210047,6372,0.30484147949186835
1567483200,32.650003,32.75,32.55,32.75,33.23375030000002,34.270243835435096,32.19725676456494,8400,0.2666409468743287
1567569600,32.75,33.55,32.75,33.55,33.26125030000002,34.30065820019928,32.221842399800764,13224,0.6389010512353337
1567656000,32.55,32.875,32.125,32.125,33.17000030000002,34.270182217683306,32.06981838231673,8800,0.025078406032825143
1568088000,32.05,32.5,32.025003,32.5,33.095000300000024,34.16266149719531,32.02733910280474,12764,0.22135341175502485
1568174400,32.25,32.75,32.25,32.5,32.99500030000002,33.87585254186416,32.11414805813588,125716,0.21902194461555932
1568260800,32.875,32.875,32.5,32.875,32.96625030000002,33.82302885423511,32.10947174576493,6220,0.4467480251758369
1568692800,32.525003,32.724998,32.5,32.5,32.92875030000002,33.79812914779764,32.0593714522024,12092,0.2534157283178886
1568779200,32.5,32.5,32.5,32.5,32.91625030000002,33.80257394912397,32.02992665087608,27944,0.2651815449066203
1569211200,32.25,32.474998,32.25,32.474998,32.858750200000024,33.70185165059593,32.01564874940412,84,0.27241635646054846
1569297600,32.25,32.375,32.25,32.375,32.79375020000002,33.57315392080147,32.01434647919857,424,0.23136502378419116
1569384000,32.375,32.375,32.375,32.375,32.73750020000002,33.465598064300494,32.00940233569955,2600,0.25106354669210823
1569470400,32.375,32.5,32.375,32.375,32.718750200000024,33.463713474261304,31.973786925738743,3528,0.26928379433141003
1569902400,32.75,32.75,32.5,32.5,32.70625020000002,33.45706329258676,31.955437107413285,596,0.36264877235329
1570075200,32.400003,32.400003,32.05,32.25,32.636250050000015,33.27470067103364,31.997799428966385,11696,0.19750984862800475
1570420800,33.75,33.75,32.5,32.5,32.60875005000001,33.22036202380315,31.997138076196872,1404,0.41109555187108393
1570593600,32.375,33.5,32.375,33.5,32.638749900000015,33.3545493698212,31.92295043017883,10448,1.101600124274425
1570766400,32.75,33.125,32.75,32.75,32.644999900000016,33.3623911015044,31.92760869849563,308,0.5731818983699535
1571025600,33.125,33.474998,32.75,33.474998,32.68124980000002,33.4843489719556,31.878150628044438,7212,0.9941781959923902
1571112000,32.775003,33.125,32.5,33.125,32.68749980000002,33.50228476549457,31.872714834505466,28000,0.7684758669635183
1571198400,33.45,33.45,32.5,32.5,32.674999800000016,33.49322930325498,31.856770296745054,2140,0.39306191031742477
1571284800,32.5,32.5,32.5,32.5,32.66249980000002,33.48339839300442,31.841601206995623,4004,0.40102321932037266
1571371200,32.5,33,32.5,33,32.63499980000002,33.36718792882882,31.90281167117121,8200,0.7492530168331416
1571630400,33,33,32.5,32.5,32.653749800000014,33.35111500991353,31.956384590086504,67616,0.3897637867401758
1571716800,32.525003,33.25,32.525003,33.25,32.69124980000002,33.430890453287695,31.95160914671235,47020,0.8777173398435818
1571803200,33.25,34,33.025003,33.75,32.753749800000016,33.61880378444119,31.888695815558837,68404,1.0758312301419903
1571889600,34,34.125,33.8,34,32.809999800000014,33.83144472558203,31.788554874417997,266024,1.0825082538453683
1571976000,34.025003,34.125,34,34,32.88499980000002,34.01851197726054,31.751487622739493,12044,0.9918342397938427
1572235200,34.175,34.25,34.075,34.075,32.963749800000016,34.19404193278668,31.733457667213354,13960,0.9516204608587376
1572321600,34.075,34.625,34.075,34.625,33.07124990000001,34.47537540258078,31.667124397419244,84396,1.0532803503476758
1572408000,34.625,34.625,34.625,34.625,33.18374990000002,34.70257132366961,31.66492847633042,16248,0.9744633166017007
1572494400,34.75,36.224998,34.75,35.5,33.33999990000002,35.115204083185034,31.564795716814995,108100,1.1083807486653665
1572580800,35.75,35.75,35.075,35.375,33.489999900000015,35.414408903304334,31.565590896695692,2016,0.989760777662995
1572840000,35.675,35.75,35.125,35.75,33.65249990000002,35.75564638610079,31.54935341389924,18412,0.9986576336603017
1573012800,36,36.75,35.75,35.75,33.827499900000014,36.01547277048949,31.639527029510536,769800,0.9393336238145177
1573099200,35.75,37.125,35.75,36.75,34.03999990000001,36.48179236702063,31.598207432979393,357204,1.0549202351554932
1573185600,36.25,37.125,35.75,37.125,34.22124990000001,36.99182192523227,31.450677874767745,91660,1.0240344003972541
1573617600,37,37,36.75,37,34.43374990000001,37.3674880473131,31.500011752686913,57228,0.9373686353620769
1573704000,36.75,37.5,36.75,37.45,34.63250000000001,37.80811411383678,31.456885886163235,90728,0.9436149826459702
1573790400,37.45,37.45,37.425,37.425,34.84750000000001,38.16483703442958,31.530162965570444,11420,0.8884893173724806
1574049600,37.5,39.95,37.5,38.5,35.14750000000001,38.64188478133119,31.653115218668823,62880,0.9796981743268207
1574136000,38.5,38.5,37.75,38.400003,35.442500150000015,38.9888403126182,31.89615998738183,18180,0.916979578154246
1574308800,38.474998,39.75,38.474998,38.75,35.73000015000001,39.36877098697235,32.09122931302767,318528,0.9149752739736693
1574395200,38.75,39.25,38.75,38.775003,36.043750300000006,39.59547169321237,32.492028906787645,13448,0.8844970364538792
1574654400,38.75,39.25,38.75,39.25,36.34375030000001,39.9144258852361,32.77307471476392,14268,0.906960760033291
1574740800,39,39.2,39,39.2,36.616250300000004,40.18539914545367,33.047101454546336,61092,0.8619560029404689
1574827200,39.2,39.2,39.125,39.125,36.872500300000006,40.38902971349886,33.355970886501154,168,0.8202731209005896
1575000000,38.8,39.5,38.8,39.025003,37.12375045,40.49863926957686,33.74886163042314,1512,0.7816763235238031
1575259200,39.25,39.275003,39,39,37.370000450000006,40.5310769925729,34.20892390742711,10608,0.75782348640525
1575345600,39,39.125,38.974998,39.125,37.59500045,40.57810354878923,34.61189735121077,40460,0.7564442963136255
1575432000,39.25,39.25,39.025003,39.025003,37.815000600000005,40.526108262562786,35.10389293743722,1824,0.7231564641841244
1575518400,39.025003,39.025003,38.8,38.8,37.980000600000004,40.502579432466185,35.45742176753382,1160,0.6625319671770826
1575864000,38.875,38.875,36.375,38.875,38.15500060000001,40.4008641590803,35.90913704091972,6920,0.6602945550919488
1575950400,38.425,38.45,36.7,38.45,38.290000600000006,40.24744855026718,36.33255264973283,144,0.5408693881178701
1576123200,38.875,38.875,38.5,38.5,38.42750060000001,40.00054758531396,36.85445361468606,2820,0.5230442576340215
1576209600,38.5,38.525003,38.5,38.5,38.51500060000001,39.88689760706939,37.14310359293062,816,0.49453289863498884
1576555200,38.325,38.375,37.5,38.375,38.57750060000001,39.79568617617704,37.35931502382297,3372,0.41688433849483586
1576728000,38.25,38.25,38.25,38.25,38.64000060000001,39.63604316837025,37.643958031629765,820,0.30422493355974767
1576814400,37.75,38.375,37.5,38.25,38.680000600000014,39.53609674296789,37.823904457032135,8744,0.2488596324536017
1577073600,38,38.25,38,38.25,38.721250600000005,39.39063028150181,38.0518709184982,440,0.14799454403611426
1577332800,38.25,38.5,38.099998,38.25,38.70875060000001,39.40306264656587,38.01443855343415,632,0.16963658324161598
1577678400,38.75,39.25,38.75,38.75,38.72625045,39.406044187472446,38.04645671252756,1572,0.517468202993677
1577764800,38.75,38.75,38.25,38.525003,38.7150006,39.40027469699103,38.02972650300897,1000,0.36137109163014797
1577937600,38.75,38.75,38.75,38.75,38.713750450000006,39.39867327083821,38.0288276291618,160,0.5264625070862962
1578024000,38.5,40,38.5,40,38.75125045,39.60966126977502,37.892839630224984,871396,1.227361259453421
1578283200,41.224998,41.224998,39.375,39.400003,38.7612506,39.64463605720942,37.877865142790576,413988,0.8615366286523407
1578369600,39.375,40,39.375,40,38.8050006,39.83123200957989,37.77876919042011,936084,1.0822270634306526
1578456000,39.275003,40,38.75,39.25,38.81625045,39.85671638000785,37.77578451999214,11428,0.7084400543498465
1578974400,39,39,39,39,38.81625045,39.85671638000785,37.77578451999214,480,0.5883015698546777
1579060800,39.25,39.25,39.25,39.25,38.82250045,39.87177428413833,37.77322661586167,20,0.703712098830266
1579492800,38.875,39.224998,38.5,39.125,38.827500300000004,39.88152844194136,37.773472158058645,14396,0.6411251218833905
1579665600,39.25,39.25,38.375,38.375,38.8062503,39.87861643383893,37.733884166161076,4620,0.2989258116273291
1579752000,39,39,38.375,38.375,38.7812503,39.86923889599053,37.69326170400948,14032,0.3133021331762461
1579838400,39.25,40.5,39.25,40.3,38.873750300000005,40.13425375616494,37.61324684383507,593108,1.06574604893958
1580097600,40,40,39.7,39.75,38.936250300000005,40.23965691844418,37.632843681555826,14540,0.8121626392274017
1580184000,39.75,39.75,39.375,39.375,38.9800003,40.28063474441767,37.67936585558233,20608,0.6518488541093699
1580270400,39.375,39.75,39.375,39.5,39.0362503,40.32460916809769,37.74789143190231,10580,0.6799769115125296
1580443200,40.5,40.5,40,40,39.123750300000005,40.424276486973795,37.823224113026214,26656,0.8368827589850193
1580702400,40,40,39.625,40,39.2112503,40.50028798486623,37.92221261513377,11232,0.8059451671817683
1580875200,40.25,40.25,39.75,39.75,39.286250300000006,40.51603400984661,38.056466590153406,7456,0.6885492937851001
1580961600,40.25,40.25,40,40.25,39.38625030000001,40.58765270261304,38.18484789738697,3036,0.8594756003988956
1581048000,40.025003,40.5,40.025003,40.5,39.473750300000006,40.73067811137359,38.21682248862642,17744,0.9082373270420739
1581307200,40.25,40.974998,40.25,40.974998,39.59625005000001,40.93437090085867,38.25812919914135,47128,1.0151806539429014
1581393600,41.075,41.25,41.075,41.175,39.71750005000001,41.162153507754255,38.27284659224577,12176,1.004446219325745
1581480000,41.125,41.5,41,41,39.76750005000001,41.31347016387777,38.22152993612225,28192,0.8986170039563411
1581566400,41,41.25,41,41.025003,39.848750050000014,41.47751315754561,38.21998694245442,29212,0.861087792494421
1581912000,41.75,41.75,40.75,40.75,39.88625005000001,41.56109907170438,38.21140102829563,33200,0.7578590484296354
1581998400,41.875,41.875,40.275003,41.375,39.992500050000004,41.75949621666378,38.22550388333623,5164,0.8912006081513646
1582084800,41.625,41.75,40.525003,41.224998,40.10374995000001,41.886884342440425,38.32061555755959,6072,0.814403685654181
1582516800,40.875,40.900003,40.5,40.5,40.16624995000001,41.912551266068895,38.41994863393112,2564,0.5955591245705808
1582603200,40.5,40.5,40,40.25,40.22249995000001,41.90222449855101,38.542775401449006,11996,0.5081858808409141
1582689600,40.25,40.25,39.5,39.5,40.278749950000005,41.77225868164653,38.785241218353484,38100,0.239288450914689
1582776000,39.5,40.5,39.5,39.5,40.33499995000001,41.60557053206269,39.06442936793733,6448,0.17140749133178917
1583121600,39.5,40,39.5,40,40.31999995000001,41.598925122949,39.04107477705102,1900,0.3748949677555631
1583294400,39.75,39.75,38.75,39.75,40.31999995000001,41.598925122949,39.04107477705102,15684,0.2771566460429871
1583380800,39.75,39.75,38.75,38.75,40.28874995000001,41.68378340318432,38.8937164968157,6372,-0.051510053930123006
1583467200,40.875,40.875,38.275003,38.275003,40.22750010000001,41.84543774342321,38.6095624565768,7352,-0.10339071407874233
1583812800,38.25,38.25,37,37.125,40.08375010000002,42.193208818013595,37.97429138198644,59600,-0.20130552324489087
1583899200,37.5,38.2,37,38.2,39.993750100000014,42.257754551189265,37.72974564881076,20320,0.10385455535262349
1583985600,36.525003,37.474998,36.25,36.25,39.81875010000001,42.610607240866244,37.026892959133775,6460,-0.13913551445055802
1584072000,35.275003,35.275003,33.25,35,39.556250100000014,43.03845005189891,36.074050148101115,293368,-0.15422005670803288
1584590400,32.5,32.5,29.75,30.125,39.03750010000001,44.391085176376976,33.683915023623044,102184,-0.33238614618519674
1589256000,28.7,32.2,28.7,31.85,38.581250200000014,44.69757828145578,32.464922118544244,12260,-0.05026889584362216
1589428800,34.5,34.5,33.5,33.75,38.21000020000001,44.54883692640384,31.871163473596184,2200,0.1482004196903905
1589515200,33.875,34.474998,33.875,34.474998,37.88375010000001,44.28596245535091,31.481537744649103,8324,0.23378326812675876
1589774400,34.625,35,34.5,34.5,37.557499950000015,43.95117067916684,31.163829220833186,7220,0.2608963551991953
1589860800,34.7,35,33.25,33.75,37.20749995000001,43.63011820527608,30.78488169472395,59652,0.23083407633952552
1589947200,34.974998,34.974998,33.349998,33.75,36.82624995000001,43.1179801453044,30.534519754695623,3032,0.2555322737538982
1590033600,33.75,35,33.625,35,36.51500005000001,42.51463368414829,30.515366415851727,2688,0.37374228641420354
1590120000,35,35,33.75,33.75,36.17750005000001,41.99926772648821,30.355732373511813,16252,0.29151520767449046
1590465600,32.5,33.75,32.25,33.75,35.85250005000002,41.4499976166812,30.255002483318833,38608,0.3121928571693322
1590552000,33,35,33,33,35.527500050000015,40.99339239608615,30.06160770391388,14416,0.2687934659187135
1590638400,33,34.95,33,34.75,35.29000005000002,40.44898291816324,30.1310171818368,1756,0.4476640973812462
1590724800,34.025003,35.5,34.025003,34.25,35.002500050000016,39.69973107997956,30.30526902002047,18304,0.4198996126444209
1590984000,35,35,34.25,34.25,34.72750005000001,38.89487085891589,30.560129241084137,14280,0.44270967572906816
1591070400,34.5,34.875,34.25,34.25,34.50250005000001,38.24067869059559,30.764321409404435,7588,0.46622686149105735
1591156800,34.849998,34.849998,34.75,34.75,34.32624990000001,37.64522845235649,31.007271347643528,4260,0.5638374266834486
1591243200,34.825,34.825,34.5,34.75,34.20749990000001,37.27809019927514,31.13690960072488,792,0.5883380795099978
1591588800,34.5,35,34.5,34.849998,34.03999980000002,36.532157299838445,31.54784230016159,752,0.6625094320989936
1591675200,34.849998,35,34.5,35,33.97749980000001,36.301875824657664,31.653123775342355,19184,0.7199515459531961
1591761600,35,35.25,34.8,35,33.97749980000001,36.30187582465786,31.65312377534216,45204,0.719951545953177
1591848000,34.875,34.974998,34.5,34.724998,34.207499700000014,35.735414572629765,32.67958482737026,9200,0.669347883599464
1591934400,34.575,34.724998,34.474998,34.5,34.33999970000001,35.421595361976,33.25840403802401,18232,0.5739649323794829
1592193600,34.5,34.5,34.45,34.474998,34.37624960000001,35.42439936697286,33.32809983302716,15432,0.547106054454978
1592280000,34.75,35.275003,34.75,34.974998,34.401249600000014,35.48100309687012,33.32149610312991,1316,0.7656849001476344
1592366400,34.5,34.724998,34.5,34.724998,34.41249950000001,35.500788822746955,33.324210177253065,3748,0.6435732637765911
1592539200,34.974998,35,34.974998,34.974998,34.47374940000002,35.54373409335024,33.403764706649795,10164,0.7342316685066431
1592798400,35,35,34.5,34.974998,34.53499930000001,35.57198938481553,33.49800921518449,47536,0.712151835607119
1592884800,34.75,35,34.425,34.5,34.50999930000001,35.52481371456318,33.49518488543684,56856,0.4950733356481168
1592971200,34.55,34.75,34.375,34.375,34.54124930000001,35.49731792776954,33.585180672230486,20488,0.41305577069929333
1593057600,34.75,35,34.5,35,34.60374930000002,35.50669867344413,33.70079992655591,10020,0.7194202198117529
1593144000,35,35,34.775003,34.974998,34.70249920000001,35.240527225296056,34.16447117470397,2328,0.753238481257596
1593403200,35,35,34.55,35,34.714999200000015,35.26826155729836,34.16173684270167,83232,0.7575638810777608
1593489600,34.974998,35,34.575,35,34.75249920000002,35.27544707121061,34.22955132878943,117456,0.7366400301305702
1593576000,38.5,38.5,34.8,34.974998,34.78874910000001,35.265842706125866,34.311655493874156,8368,0.6951911507601054
1593662400,34.925,36.2,34.925,35.849998,34.868749000000015,35.4763821952784,34.26111580472163,67288,1.307435314285647
1593748800,35,35,34.75,34.75,34.868749000000015,35.4763821952784,34.26111580472163,9776,0.40228562155363196
1594008000,34.625,34.625,34.400003,34.5,34.85624900000001,35.48312059770282,34.2293774022972,22512,0.2158516980945555
1594094400,34.625,35,34.375,34.625,34.84499910000001,35.479939383811896,34.21005881618812,9428,0.3267560701305347
1594180800,34.75,35,34.5,34.5,34.81999910000001,35.46780229851482,34.1721959014852,37460,0.253012102492192
1594267200,34.5,34.75,34.25,34.25,34.78249910000001,35.46990270342915,34.09509549657087,499484,0.11267361900372835
1594353600,34.125,34.5,33.875,33.875,34.739999200000014,35.53331401519339,33.94668438480664,30188,-0.04518028872885975
1594612800,33.5,33.75,32,33.474998,34.68874910000001,35.65174847123958,33.72574972876044,49392,-0.13019309059240344
1594699200,34.25,34.25,33.25,33.5,34.63999920000001,35.73148834607808,33.548510053921945,117252,-0.022221958915601928
1594785600,33,33.75,32.775003,33.75,34.57874930000001,35.724313454033336,33.43318514596669,5396,0.13827896627083833
1594872000,34.2,34.25,33.75,33.75,34.529999400000015,35.72828916629441,33.33170963370562,18396,0.17453640098584206
1594958400,34.25,34.45,33.75,33.75,34.468749500000015,35.69470513745383,33.2427938625462,26220,0.20686153803542803
1595217600,34.45,34.45,33.75,33.75,34.407499600000016,35.648476507119994,33.16652269288004,15672,0.23508789880469236
1595304000,33.75,33.75,33.724998,33.75,34.369999600000014,35.64245728652858,33.097541913471446,47384,0.2563771249276452
1595390400,33.724998,33.724998,33.474998,33.474998,34.32499950000001,35.65588232730171,32.99411667269831,18532,0.18066253370954208
1595476800,33.5,33.5,33.5,33.5,34.249999500000015,35.589308575607745,32.910690424392286,19400,0.22000507065193564
1595563200,33.5,33.55,33.5,33.5,34.17624960000002,35.51017909364062,32.842320106359416,28308,0.2465197361539786
1595822400,33.5,33.625,33.45,33.5,34.101249600000024,35.409919785341735,32.79257941465831,168588,0.2702822274341683
1595908800,33.5,33.5,33,33.375,34.01999960000002,35.29677234563778,32.74322685436226,107228,0.24741017843475432
1595995200,33.25,33.25,32.900003,32.95,33.91874970000002,35.19770158142622,32.63979781857382,47460,0.12127202982815416
1596081600,33,33,32.125,32.25,33.73874980000002,34.88640792505386,32.591091674946185,277136,-0.14860334602265982
1596168000,33.724998,33.724998,32.25,32.474998,33.624999700000025,34.799840608379725,32.450158791620325,94704,0.010571307230836827
1596513600,32.724998,33.724998,32.474998,32.5,33.52499970000002,34.72510424544706,32.32489515455298,716188,0.0729539964294485
1596686400,33.400003,33.400003,33,33.325,33.459999700000026,34.55057329403322,32.36942610596683,28664,0.4381061027249144
1596772800,33.75,33.75,32.5,33.5,33.40999970000003,34.39150397609941,32.42849542390065,76528,0.5458481446243127
1597032000,33.7,33.75,33.25,33.625,33.37874970000003,34.28845807030431,32.46904132969575,77824,0.6353457371825684
1597118400,33.875,34.25,33.625,34.025003,33.38624985000003,34.31448478982066,32.458014910179394,78788,0.844068684875943
1597204800,34.05,34.25,33.75,33.775003,33.40125010000003,34.3443145882534,32.45818561174666,149660,0.6981587180173601
1597291200,33.95,33.95,33.75,33.75,33.41375010000002,34.36827648465704,32.45922371534301,29756,0.6761344188095963
1597377600,33.75,33.974998,33.5,33.974998,33.425000000000026,34.40019301679559,32.44980698320446,298408,0.7819944311164365
1597636800,33.7,33.7,32.75,33.025003,33.38875015000002,34.36681954094823,32.410680759051814,93212,0.31404839300441556
1597723200,33,33.5,33,33.45,33.37375015000002,34.33830691427557,32.40919338572447,39484,0.5395258489826937
1597809600,33.525003,34,33.125,33.474998,33.36000005000002,34.31044780027918,32.40955229972086,77520,0.5604967237631974
1597896000,33.75,33.75,33.224998,33.474998,33.34624995000002,34.28156785237972,32.41093204762032,22640,0.5688258236437085
1597982400,33.5,33.724998,33.25,33.55,33.35000005000002,34.28795043781973,32.41204966218031,113888,0.6066154204940851
1598241600,33.724998,34,33.525003,33.75,33.36250005000002,34.314669113249984,32.41033098675006,441104,0.7034827453211698
1598328000,34.5,34.5,33.75,34,33.38750005000002,34.37827041441865,32.39672968558139,57552,0.8091028819576094
1598414400,34,34.425,33.75,34.349998,33.429999950000024,34.505709093779615,32.35429080622043,68392,0.927623979641694
1598500800,34.45,34.5,34,34.25,33.47374995000003,34.606608692081444,32.34089120791861,27036,0.842606726313361
1598587200,34.375,34.375,34.125,34.375,33.54499995000002,34.715747663221016,32.37425223677902,29592,0.8544743417505636
1598846400,34.325,34.375,34.025003,34.099998,33.637499850000026,34.66833682790218,32.60666287209787,62184,0.7243313733958198
1599019200,34,34.3,34,34.25,33.726249950000025,34.64050797184641,32.81199192815364,20388,0.7864344842948373
1599105600,34.25,34.25,34,34.224998,33.812499850000016,34.55756607860819,33.06743362139184,17748,0.7768197873969899
1599192000,34.125,34.2,34.125,34.150003,33.85375000000002,34.57732987811642,33.130170121883616,1744,0.7047134041172991
1599451200,34.025003,34.325,34.025003,34.05,33.88125000000002,34.59062848854711,33.171871511452935,6308,0.6189421463467262
1599537600,34,34.349998,34,34.25,33.91250000000002,34.629001284027346,33.1959987159727,83644,0.7355194662757274
1599624000,34.3,34.3,34.2,34.2,33.921249850000024,34.64724414440687,33.19525555559318,51688,0.6919781960736514
1599710400,34.3,34.474998,34.25,34.375,33.95124970000002,34.69982699260935,33.202672407390686,85576,0.7830371053087278
1599796800,34.474998,34.5,34.25,34.375,33.98249970000002,34.74687806704766,33.21812133295238,21984,0.7567447725633484
1600056000,34.5,34.5,34.224998,34.25,33.99624980000003,34.769436746350586,33.22306285364947,56372,0.6640936911814613
1600142400,34.25,34.25,34,34.25,34.057499650000025,34.69548526191068,33.41951403808937,153672,0.6508657455639706
1600228800,34.25,34.25,33.75,33.75,34.07249965000002,34.66514261419281,33.47985668580723,111692,0.22791404818305805
1600315200,33.75,34.25,33.75,34,34.09874975000002,34.626119646283996,33.57137985371604,249696,0.40637524942564934
1600401600,34.25,34.650003,34.125,34.5,34.149999850000015,34.62116841856875,33.67883128143128,517220,0.871417124727969
1600660800,34.5,34.7,34.125,34.349998,34.18999975000002,34.57935786280433,33.80064163719571,103964,0.705464127673634
1600747200,34.5,34.724998,34.375,34.5,34.22749975000002,34.58313272795199,33.87186677204805,158628,0.8831200519834544
1600833600,34.724998,34.75,34.5,34.5,34.25249975000002,34.61093365605086,33.89406584394918,76888,0.8452522847613559
1600920000,34.5,34.575,34.375,34.575,34.263749850000025,34.64698438198324,33.88051531801681,213420,0.9060831214625669
1601006400,34.75,35,34.5,34.7,34.28624985000002,34.713881389418624,33.85861831058141,40316,0.9837694508717785
1601265600,34.75,35.125,34.625,35.125,34.32374985000002,34.88621654101863,33.76128315898141,226632,1.2122645329885628
1601352000,35.125,36.25,35,36.125,34.42499995000002,35.38116410431905,33.468835795680995,202132,1.388968720653781
1601438400,36.25,36.25,35.8,35.974998,34.51124985000003,35.676954573977525,33.34554512602253,161140,1.1278383023985357
1601611200,36,36,35.650003,35.95,34.59749995000003,35.91154848753713,33.283451412462924,118516,1.014630933091307
1601870400,35.25,35.25,32.5,33.75,34.57749980000003,35.92980304409919,33.225196555900865,88060,0.19404059200077317
1601956800,33,34.175,32.474998,33.275003,34.538749950000025,35.9900825223292,33.087417377670846,155048,0.0646253057037452
1602043200,33.025003,34,33.025003,33.425,34.49749995000003,36.02425221183016,32.970747688169894,31992,0.14876425048998673
1602129600,33.5,33.75,33.5,33.625,34.468749950000024,36.0378950062341,32.89960489376595,37652,0.23114341894400436
1602216000,34.325,34.974998,33.95,34,34.44999995000002,36.03208637305211,32.86791352694793,39016,0.3577827533808487
1602475200,34.925,34.925,33.75,33.75,34.41874995000002,36.02995018197149,32.80754971802855,27620,0.2924683919695897
1602561600,33.849998,34.25,33.5,33.75,34.39374995000002,36.02997003834548,32.75752986165456,22632,0.3032813694852693
1602648000,33.849998,33.849998,33.5,33.625,34.36249995000002,36.03204252657722,32.69295737342282,35308,0.27913113437573983
1602734400,33.5,34.724998,33.5,34.375,34.39374995000002,36.03949178197255,32.74800811802749,20524,0.4943034959567296
1602820800,34.5,34.5,33.75,33.75,34.381249950000026,36.04248929834915,32.7200106016509,80888,0.3100063212964055
1603080000,34.474998,34.7,33.8,34.125,34.36249995000002,36.02641774093945,32.69858215906059,35320,0.42863230644768463
1603166400,34.125,34.5,33.75,34,34.345000050000024,36.016420826466366,32.67357927353368,39796,0.396794375522419
1603252800,33.825,33.825,32.25,33.224998,34.281249950000024,36.020061910076336,32.54243798992371,106148,0.19627194479566704
1603339200,32.625,33.474998,32.5,33.075,34.209999950000025,36.02234601353336,32.39765388646669,24140,0.18686997123848495
1603425600,35,36,33.900003,34,34.18124995000002,35.987756798175674,32.37474310182437,100008,0.44983413702996394
1603684800,33.75,34,33.25,33.55,34.123749950000025,35.93375463770251,32.31374526229754,36132,0.34150594915632176
1603771200,33.75,33.75,33.5,33.675,34.05124995000002,35.81047334130259,32.29202655869745,28632,0.3930636234544838
1603857600,33.974998,33.974998,33,33.375,33.913749950000025,35.41395556440964,32.41354433559041,18736,0.32044129657118975
1603944000,33.375,34,33.175,33.75,33.80250005000003,34.967285364555345,32.63771473544471,42712,0.4774636367131438
1604289600,33.75,33.900003,33.625,33.75,33.69250005000002,34.314211295681034,33.07078880431901,84612,0.5462432925248075
1604376000,33.75,33.925,33.724998,33.875,33.69875005000002,34.325143393279134,33.07235670672091,46832,0.6406863210561317
1604462400,33.849998,33.849998,33.7,33.75,33.722499900000024,34.31808817893373,33.12691162106632,36552,0.5230865020121033
1604548800,33.75,33.75,33.3,33.724998,33.73749980000002,34.31726304478496,33.15773655521509,62080,0.48921818508461895
1604635200,33.724998,34.224998,33.724998,34.224998,33.76749970000002,34.38193041375329,33.15306898624676,51536,0.8722944587236994
1604894400,34.25,34.5,34.25,34.25,33.779999700000026,34.42237819590744,33.13762120409261,42604,0.8658281706146294
1604980800,34.5,34.974998,34.45,34.974998,33.841249600000026,34.66772895364683,33.01477024635322,41300,1.1858903341005187
1605067200,34.95,35,34.525003,35,33.903749600000026,34.87035102872047,32.93714817127958,99900,1.067064338737402
1605153600,35,35,33.775003,34.25,33.93499960000002,34.903942153512176,32.96605704648786,120700,0.6625485426655012
1605240000,34.925,34.974998,34.375,34.974998,33.96499950000002,35.019916065423594,32.910082934576444,6444,0.9787101336276965
1605499200,34.375,34.974998,33.75,34.974998,34.02624940000002,35.16318264166647,32.88931615833357,56736,0.9172402412165214
1605585600,34.95,34.95,33.8,34.275003,34.033749550000024,35.17515987127225,32.8923392287278,76920,0.6056821747200738
1605672000,34.525003,34.75,34.125,34.175,34.04249955000002,35.185422908326586,32.89957619167345,7364,0.5579655884336739
1605758400,34.175,34.5,34,34.5,34.10624965000002,35.200880673454115,33.01161862654592,30440,0.679855285280289
1605844800,34.5,34.75,34.375,34.375,34.171249650000014,35.16274713335989,33.179752166640135,17588,0.6027487983678681
1606104000,34.625,35,34.375,34.45,34.193749650000015,35.189097489957646,33.198401810042384,68896,0.6287240197411267
1606190400,34.425,34.925,34.425,34.925,34.26249965000001,35.26043439987572,33.2645649001243,3580,0.8319357052565309
1606276800,34.75,34.75,34.375,34.7,34.31374965000002,35.29079502177517,33.33670427822487,22500,0.6976624428905605
1606363200,34.400003,35.125,34.400003,34.724998,34.38124955000002,35.27229813032964,33.490200969670404,49964,0.6928898477526437
1606449600,34.75,35,34.5,34.525003,34.41999970000002,35.2640370735855,33.57596232641454,117760,0.5622029920037329
1606708800,34.7,34.7,34.5,34.5,34.457499700000014,35.24380382564812,33.671195574351906,31572,0.5270253573736214
1606795200,34.5,35.7249975,34.45,35.05,34.51624970000002,35.29523498163885,33.737264418361185,569160,0.8425933150348324
1606881600,35.25,35.5,34.5,35.0250025,34.57999982500002,35.304499595193754,33.85550005480629,34220,0.8071102941005648
1606968000,35.5,35.5,34.5,35,34.64374992500002,35.27439881404899,34.01310103595105,223120,0.7824472390153644
1607054400,34.95,35.625,34.325,35,34.68250002500002,35.30058086802181,34.064419181978224,1150680,0.7568434037267092
1607313600,35.625,36.25,35.05,36.2249975,34.78124990000002,35.66525567770245,33.89724412229759,1634516,1.31659398412098
1607400000,36.25,37.25,36.25,37.175,34.89125000000002,36.25930203483259,33.523197965167455,257440,1.3346721988098507
1607486400,37.5,37.9749975,37,37.5,35.01625000000002,36.796086051441236,33.236413948558805,249296,1.19774685089359
1607572800,37.7249975,37.7249975,36.75,37.0999975,35.15874987500002,37.11772012203354,33.1997796279665,74596,0.9954765463997282
1607659200,36.75,37.5,36.75,37.0250025,35.26125010000002,37.379118383442574,33.143381816557465,31100,0.9163980389594942
1607918400,37,37.45,36.3,37.3499975,35.38000007500001,37.67894438207093,33.081055767929094,34408,0.9284569702147242
1608004800,37.0250025,37.25,37,37,35.51624992500002,37.859658784921955,33.17284106507808,317740,0.8165794284505283
1608091200,37.4000025,37.4000025,37,37,35.65749992500002,38.00105948675858,33.31394036324146,77864,0.7864232889375761
1608177600,36.825,37,36.0250025,36.25,35.744999925000016,38.03931822724381,33.45068162275622,83476,0.6100544929851505
1608264000,36.25,36.25,35.75,36,35.82624992500002,38.03421624511433,33.61828360488571,25920,0.5393461787476415
1608523200,35.5,35.9749975,35.2,35.5,35.87874992500002,38.00161716113593,33.75588268886411,11488,0.4107928374999486
1608609600,36,36,35.6500025,35.6500025,35.91500005000002,37.99582832475319,33.834171775246844,19568,0.43632402221383404
1608696000,35.5,36,35.25,36,35.98000005000002,37.984780906605465,33.97521919339458,45816,0.5049880638908938
1608782400,35.5,35.75,35.5,35.75,36.03125015000002,37.955883613159,34.106616686841036,52252,0.4269341006005394
1609128000,35.75,36.2249975,35.75,35.9000025,36.10000012500002,37.89860981723735,34.301390432762695,129268,0.4444021607736246
1609300800,36.2249975,36.2249975,36.125,36.2,36.18500012500002,37.826979643754484,34.54302060624556,31388,0.504567619397396
1609387200,36.5,36.5,36.375,36.5,36.25750012500002,37.81867649796682,34.69632375203322,22588,0.5776657523131552
1609732800,36.875,38,36.875,37.75,36.393750000000026,37.97637966293673,34.81112033706332,846352,0.9284799001818712
1609819200,37.75,38,36.875,37.5250025,36.52000012500002,38.039341727475225,35.00065852252481,104440,0.8307361469476978
1609992000,37.95,38.5,37.5999975,37.7249975,36.656250000000014,38.09237898098109,35.22012101901894,93432,0.8720931455856717
1610078400,37.5,38.25,37.5,38.125,36.75125012500002,38.307082996409804,35.195417253590236,52196,0.9414837545356612
1610337600,38.25,38.75,37.5625,38.75,36.83000012500001,38.6073287651261,35.052671484873926,234580,1.040136424871818
1610424000,38.125,38.25,37.625,38.25,36.867500125000014,38.72942709926932,35.005573150730704,83160,0.8712551281831372
1610510400,37.8125,39.75,37.8125,39,36.96250025000002,39.04321457445907,34.88178592554097,176464,0.9896154474568953
1610683200,39.9375,39.9375,37.5,39.5,37.086250125000014,39.44317941196609,34.729320838033935,558476,1.0120539441611864
1610942400,38.75,41.25,38.75,40.25,37.231250250000016,39.962360946677556,34.50013955332248,361908,1.0526597207634907
1611028800,40.375,41.25,39.5,41,37.43125025000002,40.61385378130992,34.24864671869012,644940,1.0606651464581183
1611115200,40.75,48.5,40.75,46.25,37.89375025000002,42.872727485588236,32.9147730144118,537816,1.3391532391704912
1611201600,50,56.25,49.125,55.625,38.86250025000002,47.993511619229864,29.731488880770172,1438472,1.4178884502590328
1611288000,56.625,58.75,56.5,58,39.96250025000002,52.215882086252606,27.709118413747433,614904,1.2360212874716199
1611547200,60,61.25,57.5,57.875,41.08125025000002,55.410510800967245,26.751989699032787,485852,1.0859949887248859
1611633600,57.75,59,57.75,57.875,42.192500125000024,58.03215032655122,26.35284992344883,245284,0.9950393372154195
1611720000,58.75,87.1875,58.75,79.5,44.36750012500003,66.78785954077436,21.947140709225692,4170108,1.283495465516082
1611892800,83.8125,84.5,67.5,76.25,46.392500125000026,72.367805980899,20.417194269101046,1823736,1.0747285525844799
1612152000,76.25,77.5,73.75,75,48.347500000000025,76.65099315543932,20.04400684456072,926312,0.9708341096561426
1612238400,72,72,60,62.5,49.66250000000002,78.03003645983378,21.29496354016626,1955236,0.7262709703075008
1612324800,63.75,67,56.25,64.5,51.06250000000002,79.45716718945657,22.66783281054347,1968460,0.7366201355758374
1612497600,66,66,63.5,63.75,52.362500000000026,80.58035117261765,24.144648827382394,351000,0.7017782986085473
1612756800,65,65,57.5,58.75,53.42374987500002,80.91687418724854,25.93062556275151,362576,0.5968651300686671
1612843200,58.9375,59,54,56.25,54.35000000000002,80.89708081880185,27.802919181198195,397668,0.5357854788812468
1612929600,56.25,56.25,51.25,51.25,55.00625000000002,80.54635021025754,29.466149789742502,382740,0.4264636792910581
1613016000,51.25,55.5,46.25,54.75,55.80625000000002,80.23771984423978,31.374780155760263,403084,0.4783834127309157
1613102400,55,62.25,55,60,56.893750000000026,80.00303858165032,33.78446141834973,334620,0.567207824010352
1613361600,60,61.25,55.75,57.125,57.80000000000003,79.40387696687776,36.196123033122305,200788,0.4843778040155728
1613448000,57.125,58.75,52.5,55.5,58.60000000000004,78.55613940620756,38.64386059379252,246228,0.42232966665296595
1613534400,54.75,57.5,51.75,57.5,59.462500000000034,77.57794575769505,41.34705424230502,108576,0.4458335161538487
1613620800,57.375,57.375,54,55,60.16250000000004,76.34951254092269,43.975487459077385,84224,0.34053573854506397
1613707200,56.125,56.25,53.8125,55,60.60000000000004,75.69544633324858,45.5045536667515,166412,0.3145135997845345
1613966400,55,55,53.0625,53.75,60.50625000000002,75.74671320654315,45.2657867934569,32628,0.27834499160434345
1614052800,53.75,53.75,50.0625,51.25,60.168750000000024,75.90709390112237,44.43040609887768,65844,0.21665538458071165
1614139200,51.25,53.625,51.25,52.1875,59.88437500000002,75.97970987341898,43.78904012658106,156820,0.26089733265782455
1614225600,52.4375,52.5,51.25,52,59.590625000000024,76.03263840126854,43.148611598731506,156412,0.2691698451171923
1614571200,52.5,52.5,51.8125,51.8125,58.206250000000026,72.18827529142307,44.22422470857698,19880,0.27135823077354443
1614657600,52.5,52.5,50.0625,51.25,56.956250000000026,68.52385698027012,45.388643019729926,66036,0.2533521838296936
1614744000,51.3125,51.3125,48.75,49.25,55.668750000000024,64.26763255821618,47.06986744178387,87348,0.12676836457854823
1614830400,49.25,50,44.75,45,54.793750000000024,63.975772176513956,45.61172782348609,262576,-0.03331117109751645
1614916800,46.25,46.25,42,44.6875,53.80312500000002,62.856808211129845,44.7494417888702,213676,-0.0034208060645447794
1615176000,45,48.25,45,48.125,53.02187500000002,61.15747145554622,44.88627854445382,174084,0.19904634363582988
1615262400,48.75,49.9375,47,48.0625,52.487500000000026,60.45006868102217,44.524931318977885,324596,0.22213740456980297
1615348800,48.75,48.75,46.25,46.3125,51.99062500000002,60.18878361565855,43.792466384341495,34708,0.15369509994873892
1615953600,47.400002,49.900002,44.799999,44.900002,51.673125100000014,60.43396191899174,42.91228828100829,116464,0.11344314247942337
1616040000,46,46,43.299999,44,51.13562510000001,60.38108748427274,41.890162715727286,317339,0.11410123131654923
1616126400,44.299999,44.299999,42.700001,43.099998,50.290625000000006,59.2249020344054,41.35634796559461,96827,0.0975820442824133
1616385600,44,46,44,45,49.68437500000001,58.321941562840664,41.046808437159356,24190,0.22883711136001653
1616472000,45,45,44.200001,44.5,49.13437500000001,57.62017526441254,40.64857473558749,58370,0.22693353274908526
1616558400,42.599998,49.5,42.599998,48,48.65937500000002,56.233471060091986,41.08527893990805,117588,0.45647170337102827
1616644800,48.5,51,46,48,48.30937500000002,55.30388578543042,41.31486421456962,181447,0.47788444328054747
1616731200,48.5,48.5,46,47.799999,47.94937495000002,54.23457830289589,41.66417159710415,70889,0.4881168562405227
1616990400,48,48,47,47,47.611874950000015,53.312661610826396,41.911088289173634,32814,0.44633416522981073
1617076800,48,48,47,47.5,47.424374950000015,52.875398338067185,41.973351561932844,18670,0.5069367754104244
1617163200,47.5,47.799999,47.099998,47.299999,47.17999990000001,52.17403645813705,42.18596334186297,7643,0.5120142392434499
1617249600,47.799999,48,47.5,47.700001,46.964999950000006,51.4553341542673,42.474665745732715,44153,0.5818425774746901
1617595200,48,51.5,48,49.700001,46.85937500000001,50.972144085119446,42.74660591488057,100503,0.8453422671209243
1617681600,49.900002,50.799999,49.599998,50,46.796875,50.67197913376415,42.92177086623585,1158713,0.9132953450322626
1617768000,51,52.700001,49.900002,52.099998,46.9393749,51.338950495329314,42.53979930467068,1019839,1.0864910135285129
1617854400,52.400002,53.900002,52.099998,53.400002,47.35937499999999,52.4824961763455,42.236253823654486,58378,1.0895455906733977
1617940800,53.700001,63,53.700001,56.799999,47.96499994999999,54.38189463247843,41.54810526752156,452716,1.1884170215637397
1618200000,57,59.799999,57,59.5,48.53374995,56.68781374319653,40.37968615680347,462441,1.172440780948382
1618459200,60,62.400002,59.700001,61.900002,49.22562505,59.23866231135442,39.21258778864558,666755,1.1328937274066229
1618545600,62,62.200001,59.099998,61.599998,49.98999995,61.25284155041422,38.72715834958578,263710,1.0154115835906372
1618804800,62,63.5,60,62,50.84499985,62.993823085771474,38.69617661422853,471154,0.9590979691413559
1618891200,62.5,62.5,57.700001,59,51.59499985,63.812769978547216,39.377229721452785,230116,0.8030422111436676
1618977600,59,59,56.599998,59,52.38999994999999,64.3599456656674,40.42005423433259,314876,0.7761081882496847
1619064000,58.599998,58.599998,50,56.5,52.96499994999999,64.55866635308494,41.37133354691503,497906,0.6524539316164636
1619150400,55,57,53.400002,54,53.439999949999994,64.36673783722055,42.51326206277943,167457,0.5256252165916306
1619496000,52.599998,53.799999,50.5,51.5,53.61499994999999,64.29699886995972,42.93300103004026,468056,0.4010016774085218
1619582400,51,55.900002,51,54.900002,53.96000005,64.33562541987628,43.58437468012371,205839,0.5452985683508355
1619668800,56,56,52.5,54.299999,54.285000049999994,64.2682409609477,44.301759139052294,95938,0.5007512064535855
1620014400,54,54,52.099998,53,54.58500005,64.02009935875225,45.14990074124775,64313,0.4160051209779154
1620100800,54,54,52.099998,52.5,54.83500005,63.75694484169302,45.913055258306976,91187,0.3691428772248147
1620187200,52.5,53.799999,52.200001,53.799999,55.160000049999994,63.40849058682068,46.911509513179304,52584,0.4175606103971967
1620273600,53.5,54.200001,52.900002,53.900002,55.47000009999999,63.00925721619001,47.93074298380998,82172,0.39587846151124534
1620360000,53.900002,54.5,52.200001,54.5,55.710000049999984,62.79093219739591,48.629067902604056,84833,0.41455926812934
1620619200,54.599998,54.599998,51.900002,52.099998,55.814999949999994,62.61066790878239,49.0193319912176,160677,0.2266639591183304
1620705600,52.299999,54,52.299999,53.5,55.88500004999999,62.553815537477924,49.21618456252205,16380,0.3211826332218733
1620792000,53.5,53.900002,53.200001,53.299999,55.87999989999999,62.556406345388396,49.20359345461158,27213,0.30678221726733923
1620878400,52.200001,54,52.200001,53.700001,55.72499999999999,62.4525183032099,48.997481696790075,125005,0.3494988115428987
1621224000,54,55.900002,54,55.599998,55.529999899999986,62.03080004029254,49.02919975970743,126968,0.5053838064922316
1621310400,55.599998,55.700001,54.700001,55.200001,55.19499984999999,61.00171121134945,49.388288488650524,59742,0.5004306353190983
1621396800,55.5,57.900002,55.5,57,54.96499994999998,60.059418647557855,49.8705812524421,247630,0.6997283861822688
1621483200,58,58,56.299999,57.5,54.739999949999984,58.879758611567695,50.60024128843227,192669,0.8333527719409148
1621569600,57.599998,57.599998,54.099998,57,54.63999994999998,58.44652089911166,50.8334790008883,232204,0.8099943598827122
1621828800,56.5,56.799999,55.099998,56,54.489999949999984,57.80173690755378,51.178262992446186,76632,0.7279770509182245
1621915200,57,57,55.5,56.799999,54.50499989999999,57.85550743827297,51.154492361727,10834,0.8424852912259029
1622174400,57.5,58.900002,56.5,58.400002,54.72499999999999,58.468728606620104,50.98127139337987,138169,0.9908211019224827
1622433600,58.700001,61.900002,58.700001,61.900002,55.245000099999984,59.84390314355597,50.646097056444,593826,1.223542314000841
1622520000,61,63.5,57.099998,63.5,55.674999999999976,61.507281670155336,49.842718329844615,716408,1.1708352273212124
1622606400,63.5,68.400002,62.700001,65,56.210000049999984,63.27283296010249,49.147167139897476,2063528,1.1222715489578559
1622692800,65.800003,66,64.300003,64.800003,56.800000199999985,64.62227723932996,48.97772316067,680537,1.0113602317954509
1622779200,65.199997,65.199997,64.300003,64.900002,57.42000029999999,65.73110269811943,49.10889790188056,390083,0.9500005740329055
1623038400,65,65.5,64.599998,64.800003,57.97000049999999,66.69561957717886,49.24438142282112,345367,0.8913763848494898
1623124800,64.800003,65.300003,64.5,65,58.52500039999999,67.55138005964349,49.498620740356486,118861,0.8586709092765848
1623211200,64.800003,65.099998,64.5,65,59.05000039999999,68.29759619999193,49.802404600008046,239403,0.8217052155331658
1623297600,65,66.900002,64.699997,66.5,59.77000049999998,68.98327459990766,50.5567264000923,450401,0.8652338694703253
1623384000,66.5,67,65.699997,66.300003,60.410000649999986,69.57032947313881,51.24967182686117,375247,0.8214951375501923
1623643200,66.400002,66.5,65.5,65.800003,61.035000849999975,69.8695423503855,52.20045934961444,208980,0.769680217688269
1623729600,65.800003,65.900002,65.5,65.699997,61.635000649999974,70.01361137839865,53.256389921601304,253328,0.742581764553282
1623816000,65.699997,66.5,65.199997,65.900002,62.15000084999997,70.24283798045303,54.057163719546914,519785,0.731686433913819
1623902400,66,66.300003,65.300003,66,62.69000079999997,70.28154953158537,55.09845206841457,529829,0.7180055293742926
1623988800,66,69.599998,65.699997,69.199997,63.30000064999997,70.92522203432979,55.67477926567015,1433224,0.8868737740601726
1624248000,69.5,70.800003,69,70.400002,63.94500074999996,71.68023849489467,56.20976300510526,632066,0.9172464675866214
1624334400,70.599998,70.699997,69.5,69.5,64.57000074999996,71.97245974820088,57.16754175179905,324519,0.8329974033762443
1624420800,69.5,69.5,68,68.900002,65.21500084999995,71.71062232127184,58.719379378728064,159571,0.7836527010000244
1624593600,69.400002,69.699997,69.099998,69.400002,65.84500099999995,71.31728509716162,60.37271690283829,111891,0.8248187536392654
1624852800,69.599998,69.599998,68.800003,69.5,66.40000089999995,70.90555249775689,61.89444930224302,265480,0.8440199310494376
1624939200,69.199997,69.199997,67.800003,68.199997,66.71500064999995,70.77715463551692,62.65284666448298,373698,0.6827843497925715
1625025600,67.900002,68.5,67,68.5,66.96500064999995,70.81481800957069,63.115183290429215,776109,0.6993600223896344
1625112000,62,63.599998,61.5,62.599998,66.84500054999994,71.0642300675853,62.625771032414576,491445,-0.0030542344647473208
1625198400,63,63,61,62,66.70500039999995,71.35063282455235,62.05936797544754,8180372,-0.00638965484373886
1625457600,61.799999,62.900002,61.799999,61.799999,66.55000024999995,71.6141886686956,61.485811831304304,169462,0.031020485684912488
1625544000,62,62,61,61.400002,66.38000019999996,71.87749077225666,60.88250962774325,225145,0.047066235535564056
1625630400,61.5,61.900002,61.099998,61.599998,66.21000009999995,72.06624518982122,60.35375501017868,68167,0.10640290584724776
1625716800,61.5,61.900002,61.400002,61.5,66.03500009999996,72.22508141546325,59.844918784536674,31967,0.1336881642676332
1625803200,61.400002,62.400002,61.400002,62,65.81000009999995,72.23865523712274,59.381344962877165,49588,0.20367051749293563
1626062400,62.200001,62.400002,61.400002,62.200001,65.60499999999995,72.21695166649431,58.993048333505584,77968,0.24251180500497616
1626148800,62.400002,63,62,62.900002,65.45999994999995,72.17487912866386,58.74512077133604,155166,0.3093787034818008
1626235200,63,64.400002,62.799999,64.300003,65.39000024999996,72.1225778707964,58.65742262920351,847055,0.41905052482179855
1626321600,64,66.300003,64,65.199997,65.35499999999996,72.08388558678547,58.62611441321446,703314,0.48848226812591594
1626408000,66,66,64.5,64.599998,65.28499989999997,72.01471770894555,58.555282091054394,214097,0.44910619438682664
1626667200,65,65.099998,64.300003,65,65.07500004999996,71.56063853592006,58.58936156407985,195756,0.494217990243923
1626753600,65,65.300003,64.5,65.099998,64.80999984999997,70.81929281773309,58.80070688226686,257660,0.5241291406124791
1626926400,65.099998,65.099998,63.799999,64.400002,64.55499994999997,70.16622989913272,58.94377000086722,2175146,0.48618859399765624
1627272000,64.800003,65,63.5,63.5,64.28499984999996,69.5424800203901,59.027519679609824,289584,0.42534447829009014
1627358400,63.5,64.699997,63.299999,63.900002,64.00999984999996,68.71484767028576,59.30515202971416,99677,0.4883101585639301
1627444800,64,64,63.5,63.700001,63.71999989999997,67.69371260426571,59.746287195734226,165196,0.4974836001633308
1627531200,63.599998,64,63.400002,63.799999,63.499999999999964,66.90352728798278,60.09647271201714,163112,0.5440717782782697
1627617600,63.799999,64,62.900002,63.900002,63.27000009999997,65.80069140951255,60.73930879048738,493293,0.6244722929327509
1627876800,64.400002,64.5,63.599998,63.900002,63.335000299999976,65.86029202889736,60.8097085711026,344835,0.6118685998798875
1627963200,63.799999,65.5,63.5,65.400002,63.505000399999986,66.10459641169685,60.90540438830312,484356,0.8644800175630121
1628049600,65.5,65.699997,64,64.800003,63.65500059999998,66.1891473155708,61.12085388442915,349703,0.7259147808934392
1628136000,64.099998,64.800003,63,63.5,63.760000499999975,66.07637718785459,61.44362381214536,287096,0.44387775931194007
1628222400,63,64.900002,62.5,64,63.88000059999998,65.97437369380047,61.78562750619949,95277,0.5286480475602047
1628481600,64.099998,64.099998,63,63.900002,64.00000069999999,65.78773613904804,62.21226526095193,32735,0.4720320194432039
1628568000,63,63.700001,62.5,62.900002,64.0450008,65.66669646566176,62.423305134338236,218199,0.14697482263641634
1628654400,63,63,62,62.299999,64.05000069999998,65.64937502767755,62.45062637232242,125256,-0.04708946796124415
1628740800,62.299999,64,62,62.5,64.0300006,65.69505292831515,62.36494827168484,139158,0.040554799995931305
1628827200,62.799999,63.5,60,61.5,63.89000044999998,65.8798746761854,61.90012622381456,221532,-0.10054058154760884
1629086400,60.5,62.900002,60.5,62.299999,63.745000549999986,65.75445377962055,61.735547320379425,11231,0.14044907124490738
1629172800,62.799999,62.799999,61.700001,61.700001,63.60000069999999,65.75499558631239,61.44500581368759,111677,0.05916375670588201
1629259200,63,63,61.599998,62.5,63.47500069999999,65.58011439289815,61.369887007101816,190886,0.26842089258901874
1629345600,62.599998,62.599998,60,61,63.27000079999998,65.49719775402802,61.042803845971925,465197,-0.009609353563121297
1629432000,61,61.5,60,60.099998,63.05500059999999,65.61036924973114,60.499631950268856,184435,-0.07819497008991327
1629691200,60.5,62.900002,59.900002,61.400002,62.95000069999999,65.59461942488838,60.3053819751116,1075512,0.20695233202937335
1629777600,61.799999,63,61.299999,61.599998,62.83500049999999,65.50429047675937,60.16571052324063,118835,0.2686646054282679
1629864000,61.700001,62.700001,61,61.900002,62.745000549999986,65.41294138180879,60.07705971819118,100240,0.3416384389178724
1629950400,61.200001,63.700001,60.5,63,62.70500059999999,65.33214903433493,60.07785216566505,489947,0.5561444104460522
1630036800,63,63.5,61,62.5,62.635000500000004,65.20504100941282,60.06495999058719,246569,0.47373572527250724
1630296000,61.700001,63.5,60.599998,62.400002,62.5600005,65.06471751396012,60.05528348603989,1645834,0.4680605635071252
1630382400,62.799999,63.400002,62,62.900002,62.4350005,64.5846762476476,60.28532475235241,228360,0.6081561953026764
1630468800,62.5,63.5,62.5,63,62.34500035,64.22486822674651,60.46513247325348,965382,0.674214278062353
1630555200,63.700001,67,63.700001,66.300003,62.4850005,64.9983861488855,59.971614851114495,658629,1.2589369545600118
1630641600,66.5,67.099998,65.099998,66,62.585000500000014,65.46408143321786,59.70591956678218,352046,1.0930711187377369
1630900800,66,66.400002,63.5,64,62.59000040000001,65.4785304677021,59.701470332297916,249000,0.7440687074311272
1630987200,64,64,62,62.900002,62.59000040000001,65.4785304677021,59.701470332297916,227739,0.5536607881403512
1631073600,62.5,63,60,61.099998,62.53000035,65.48912305715872,59.57087764284128,508266,0.25837393519698665
1631160000,61.799999,63.599998,60.5,63,62.555000350000014,65.5211269700242,59.58887372997583,152826,0.5750135963508458
1631246400,61.099998,63.900002,61.099998,62,62.58000035,65.51843650823527,59.64156419176473,146398,0.4013079885410326
1631505600,63.400002,63.400002,61,62,62.565000399999995,65.51205095810403,59.61794984189597,201290,0.4041413798541194
1631592000,63.700001,63.700001,62.299999,62.5,62.60500035,65.52560084065607,59.684399859343934,127268,0.482024184694906
1631678400,62.5,63.5,62,63.299999,62.64500030000001,65.58062746502215,59.70937313497787,96243,0.6115602668833889
1631764800,63,63.299999,62.099998,62.5,62.720000299999995,65.55873358652448,59.88126701347551,70975,0.4612502694345502
1631851200,62,62.5,60,61.700001,62.80000044999999,65.42068812311616,60.179312776883826,452314,0.29013152515575735
1632196800,61.799999,61.799999,60,60.5,62.75500034999999,65.49833866782075,60.01166203217923,117595,0.08900432816625636
1632283200,61,61.799999,60.5,61.5,62.750000449999995,65.50209133149711,59.997909568502884,54487,0.272899859811314
1632369600,61.799999,61.799999,61.5,61.5,62.73000035,65.5121586769144,59.9478420230856,46813,0.278948534650048
1632456000,61.5,62,61.099998,62,62.68000035,65.47685663805203,59.883144061947974,24584,0.3784348783123191
1632715200,61.900002,62.5,61.599998,61.700001,62.6400004,65.46871120742084,59.811289592579165,56536,0.33384667716225924
1632801600,61.900002,62,61,61.5,62.5950003,65.46587214179576,59.72412845820425,99941,0.30929133024010735
1632888000,61.5,61.5,61.299999,61.5,62.5250002,65.43077118203139,59.619229217968616,139824,0.32362680914319003
1632974400,61.5,62,60.799999,61,62.4250002,65.39543874674976,59.454561653250245,422089,0.260136394412328
1633060800,61,61.5,60.5,61.5,62.185000049999985,64.58522933196939,59.78477076803059,622391,0.3573052884685368
1633320000,60.799999,62,60.5,61,61.93500005,63.632380592487685,60.23761950751231,77030,0.22457559557338258
1633406400,61,62,61,61.799999,61.825,63.233368119497136,60.41663188050287,68134,0.4911241245616487
1633492800,61.599998,66.199997,61.5,65.900002,61.97499999999999,64.20737612422799,59.74262387577198,1152125,1.379108577941217
1633579200,66,67,64,65.5,62.195000099999994,64.86368934455834,59.52631085544164,858083,1.1192178251437752
1633665600,66.5,66.699997,63,64.800003,62.285000249999996,65.16893943625587,59.40106106374412,173465,0.9360360235725284
1633924800,64.800003,65.800003,64,65.099998,62.44000014999999,65.56883424467918,59.311166055320804,248003,0.9250781232733829
1634011200,65,66.400002,65,66,62.64000014999999,66.12218373964961,59.15781656035036,270686,0.9824558733760059
1634097600,65.699997,65.699997,64,64.900002,62.76000025,66.37740320239912,59.14259729760087,128601,0.7957925586615553
1634184000,65,65.699997,64.5,65,62.845000299999995,66.5869121284677,59.10308847153229,41910,0.7879543664825562
1634270400,65.699997,66,65.5,65.599998,63.00000019999999,66.92428378812524,59.07571661187474,126976,0.8312703760588962
1634529600,66,66.099998,65.300003,65.300003,63.180000299999996,67.17880068611944,59.18119991388054,21237,0.76507983586264
1634788800,65.5,65.599998,65.099998,65.400002,63.42500039999999,67.33645863447364,59.51354216552633,178426,0.7524635930652828
1634875200,65.400002,65.900002,65,65.699997,63.63500025,67.56146206313777,59.70853843686223,523401,0.7629589753159715
1635134400,66.099998,68.300003,66.099998,68.199997,63.97000010000001,68.23900427240692,59.7009959275931,410378,0.9954313382194556
1635220800,68.199997,69,67.099998,68,64.2700001,68.7795894808669,59.760410719133105,620251,0.9135631412280557
1635307200,68,68.599998,67.5,68.400002,64.60500015,69.29305948345899,59.916940816541,267417,0.9047519005268152
1635393600,68.800003,69.5,67.800003,68.5,64.95500015000002,69.70830425283437,60.20169604716567,341433,0.8728984905348401
1635480000,68.5,68.5,67.699997,68.5,65.30500015000001,70.0198595831143,60.59014071688573,168028,0.8388223864703438
1635739200,68.5,68.5,67,67.5,65.63000015000001,69.99627992619642,61.26372037380361,235692,0.7141410933164017
1635825600,67,67.800003,66.5,66.5,65.88000015000001,69.82390668844904,61.93609361155098,98339,0.5786022493124048
1635912000,66.699997,68,66.5,66.5,66.15500015,69.40552294703191,62.9044773529681,94199,0.5530683633898856
1636084800,66.199997,66.199997,64.199997,65.699997,66.35000005000002,68.93108454687744,63.768915553122596,88705,0.37408334543359734
1636344000,65,66.599998,64.199997,65.099998,66.30999985000003,68.94203299797147,63.67796670202858,72991,0.27013932158631954
1636430400,65.5,65.5,60.099998,62.799999,66.17499980000002,69.20608866046281,63.14391093953724,527611,-0.05673075837914148
1636516800,62.799999,64.900002,62.799999,64.5,66.15999965000002,69.2209800955446,63.09901920445542,54938,0.22884510706100294
1636603200,64.900002,65,63.099998,64,66.10499975000002,69.2776800569339,62.93231944306613,132288,0.16826160432875295
1636689600,65,65,63.5,63.900002,65.99999985000002,69.31541814035253,62.68458155964751,30273,0.18329820461708005
1636948800,61,63,60.5,62.099998,65.85999965000002,69.56318774244234,62.1568115575577,626380,-0.007670898174690552
1637035200,62.5,62.799999,62,62.5,65.73499965000002,69.70502505269056,61.76497424730949,148297,0.0925719205968273
1637121600,62.799999,64,62,64,65.65499975000003,69.69652191745175,61.61347758254831,58446,0.2952504426019826
1637294400,64,64,61.799999,62.599998,65.51999950000001,69.77469147005036,61.26530752994966,154143,0.1568492477769837
1637553600,63.799999,63.799999,63,63.5,65.42499940000002,69.77005445143571,61.07994434856433,91124,0.2784838883268044
1637640000,63.099998,63.5,62,63.5,65.31499955000002,69.73734093596312,60.89265816403692,80531,0.2947920126925309
1637726400,63.599998,63.700001,62.099998,62.5,65.02999970000003,69.40634590568264,60.65365349431742,42710,0.21094612022297649
1637812800,62.5,63.900002,62.299999,63.799999,64.81999965000003,69.00502127670619,60.63497802329387,113676,0.3781367528077956
1637899200,63.900002,63.900002,63,63.200001,64.55999960000003,68.45943567102337,60.66056352897668,53939,0.32561598969320765
1638158400,63.799999,63.799999,63.099998,63.599998,64.31499950000003,67.78560484489309,60.84439415510696,95872,0.39699181714046844
1638244800,63.599998,64.699997,63.599998,63.900002,64.08499960000003,66.97724792820462,61.19275127179545,83285,0.4680183754977092
1638331200,64,64.5,63.799999,63.799999,63.89999955000003,66.3314599835663,61.46853911643375,227815,0.4794361140696507
1638417600,64.5,66,64,64.199997,63.784999400000025,65.91222739154234,61.657771408457705,446645,0.5975442222577849
1638504000,65,65.5,63.5,63.799999,63.64999935000003,65.37568710275248,61.92431159724758,136873,0.5434608317062928
1638763200,63.700001,65.199997,63,64.5,63.58999950000002,65.0958548848247,62.08414411517534,483792,0.8021540146452789
1638849600,64.5,64.800003,63.5,64,63.53499960000003,64.88892037759332,62.18107882240674,145337,0.6717236368979234
1638936000,64,64.5,63.700001,63.900002,63.589999750000025,64.90893931647017,62.27106018352988,88742,0.6175195050178188
1639022400,64.5,64.5,63.5,64.300003,63.57999990000003,64.8739869262107,62.28601287378937,126087,0.7782110969491076
1639108800,64.5,64.5,63,64,63.57999990000003,64.8739869262107,62.28601287378937,135655,0.6622891464491334
1639368000,64.699997,65,63.5,64.900002,63.629999900000016,65.04152505528648,62.218474744713546,156851,0.949868744897514
1639454400,64,64.800003,63.5,64,63.72500000000002,64.95605728542871,62.49394271457133,83993,0.6116926089691327
1639540800,64,67,63.700001,66.099998,63.90499990000002,65.3929180039314,62.41708179606864,243945,1.237607162047546
1639627200,67,67.900002,65,66.699997,64.03999975000002,65.96395328374456,62.11604621625548,207330,1.1912841717187668
1639713600,66,66,64.099998,65.5,64.18499985000003,66.09001854334784,62.27998115665222,106974,0.8451410095323102
1639972800,64.699997,64.699997,63.700001,64,64.20999985000002,66.09138132434508,62.32861837565496,117397,0.4441899867561083
1640059200,64.699997,65.5,64.5,65,64.28499985000002,66.16677994926965,62.403219750730386,295770,0.689979729905075
1640145600,65,67.699997,64.5,67,64.50999985000001,66.55342751253353,62.46657218746649,228589,1.1092704419281452
1640232000,66.199997,66.699997,64.5,66.199997,64.62999975000002,66.77205356351769,62.48794593648237,76236,0.86647007654344
1640577600,64.5,68,64.5,67.699997,64.85499955000003,67.27613404399267,62.433865056007384,394894,1.0875339550650784
1640664000,67.5,68,66.5,68,65.07499965000002,67.78267242380548,62.367326876194575,146578,1.0401318021691892
1640750400,68,69.5,67.5,69,65.32999955000003,68.47267256958126,62.18732653041878,384750,1.0838979154263084
1640836800,69.300003,69.300003,67.5,67.699997,65.52499945000002,68.74672121173006,62.303277688269986,28921,0.8375520468334945
1640923200,68.400002,69,67.599998,67.900002,65.70999970000003,69.02957676101332,62.390422638986735,242979,0.829861644984901
1641182400,68,68.300003,67.099998,68.300003,65.93499990000002,69.315694264773,62.55430553522704,351796,0.8497806729652118
1641268800,68.300003,70,68.300003,68.400002,66.13000000000002,69.60568645881766,62.65431354118238,279644,0.8265544845452187
1641355200,69.800003,71,69.199997,70,66.43000000000002,70.14596506442238,62.714034935577665,1396794,0.9803597367182091
1641441600,70.5,75.400002,69,75,66.98499990000002,72.08255802404418,61.88744177595586,1270875,1.2861607366667225
1641528000,75.5,76.5,72.5,72.5,67.39499975000003,72.86801563431845,61.92198386568159,287284,0.9663790822010118
1641787200,73.5,73.5,69.800003,71.800003,67.78499990000003,73.34567508094729,62.224324719052774,1038816,0.8610175895327175
1641873600,70,78.5,69.300003,76.900002,68.38499990000003,75.05081707031036,61.719182729689685,1298920,1.1387065443323245
1641960000,78,80,76,76,68.98499990000003,76.10856073907489,61.861439060925186,331827,0.9923801634093302
1642046400,76.5,78,74,75.099998,69.43499990000004,76.90153270900835,61.96846709099172,161792,0.8793593522528412
1642478400,79,91,79,87.699997,70.48499990000003,81.28153118685337,59.688468613146696,1073933,1.2972466638874205
1642564800,90,92.099998,87.5,89,71.65999990000003,84.87490015569638,58.44509964430368,623103,1.1560776004542854
1642651200,89.900002,90,85,86,72.75999990000004,86.87331239735506,58.64668740264502,360931,0.9690606865851397
1642737600,85.699997,85.699997,82,84,73.70999990000004,88.15989922172537,59.26010057827472,161940,0.8560578475633049
1642996800,84.800003,85.699997,81,83.199997,74.51999975000004,89.18909585848603,59.85090364151405,135522,0.795859989797825
1643083200,83.5,83.5,80.300003,80.800003,75.25000005000003,89.64076020712888,60.85923989287117,143445,0.6928321676339882
1643169600,80.699997,82,80.099998,81.300003,75.93000035000003,90.11324307499079,61.746757625009266,161579,0.6893080007908936
1643256000,83,83.5,77.900002,79.099998,76.48500025000004,90.24599841692094,62.72400208307914,367827,0.595014828077151
1643342400,79.099998,79.699997,76,77.099998,76.89000015000003,90.2158986027125,63.56410169728757,120159,0.5078793130063669
1643601600,78,78,74.5,75,77.25500030000003,89.93844847736884,64.57155212263123,204335,0.41110460387169584
1643688000,75.199997,78,72.300003,72.599998,77.49000010000005,89.63411672855707,65.34588347144302,130982,0.29866785499650295
1643774400,73.5,80,73.5,74.300003,77.79000010000004,89.29059033041855,66.28940986958153,144180,0.348268783163443
1643860800,74.699997,77.800003,72,74.699997,78.10499985000004,88.88191440129894,67.32808529870114,93555,0.34202329740149734
1644206400,75,75,73.300003,75,78.35499985000004,88.58641654300992,68.12358315699016,104878,0.3360442179873202
1644292800,74.699997,75,71.800003,73.599998,78.28499975000004,88.62584551860161,67.94415398139847,88159,0.27347105571261165
1644379200,74,74,65.099998,70,78.15999975000004,88.83265597795018,67.4873435220499,140056,0.11771467309936484
1644465600,70,72,67,70,78.06999960000003,88.98331249315959,67.15668670684047,128660,0.13026811019693701
1644552000,71,73,71,73,77.87499950000003,89.00224077805292,66.74775822194714,55650,0.2809430307934742
1644811200,73.5,74.900002,72,72.900002,77.71999960000004,89.03222281137643,66.40777638862365,221309,0.28695621939493304
1644897600,72.099998,74,70,71,77.51499970000003,89.15360319853032,65.87639620146975,280243,0.22011248167261901
1645070400,70.099998,72.5,70.099998,70.5,76.65499985000004,87.68196237764104,65.62803732235903,324945,0.22091136454978158
1645156800,71.699997,71.699997,69.900002,70,75.70499985000004,85.52140965430232,65.88859004569775,138018,0.2094151546373054
1645416000,71,71,67.5,70,74.90499985000005,83.7995993624003,66.0104003375998,78115,0.2242708992596106
1645502400,69,70,68,69.5,74.17999985000004,82.32311962168454,66.03688007831555,59909,0.21264085625551757
1645588800,70,70,64,66.5,73.34500000000004,81.02913368181454,65.66086631818554,173409,0.05460171026178125
1645675200,69,69,63.799999,63.900002,72.49999995000005,80.43196021212897,64.56803968787112,297590,-0.04211050394822703
1645761600,63.900002,66.900002,63.900002,66.599998,71.76499970000006,78.99196905070185,64.53803034929827,140183,0.14265783834419465
1646020800,66.400002,68.5,66.400002,68.400002,71.22999990000005,77.75597789138101,64.7040219086191,41557,0.28317442199945275
1646193600,68.900002,68.900002,66.900002,67.199997,70.73499985000004,76.89658225081244,64.57341744918763,30764,0.2131416395945667
1646280000,66.900002,66.900002,64.699997,64.699997,70.21999970000005,76.58791958705872,63.85207981294136,62661,0.06657724987886776
1646366400,64.199997,66.900002,64,64,69.78999980000005,76.60289968947411,62.977099910525986,155492,0.07507082931413651
1646625600,64.199997,65.900002,62,63,69.22499965000004,76.31664952220856,62.13334977779152,87985,0.06110356812769299
1646712000,63,63.5,57.5,60,68.48999980000005,76.1812677906495,60.798731809350606,155426,-0.05192458579792392
1646798400,59.900002,62,58,59.5,67.71499980000004,75.74252133930423,59.687478260695855,102852,-0.01167721941186501
1646884800,60,64.900002,58,62.900002,67.18000000000004,74.99065957010039,59.36934042989968,47172,0.22601558411378547
1646971200,64.900002,64.900002,60,60,66.68000000000004,74.97013889630315,58.38986110369692,90144,0.09711169598262694
1647230400,59.5,60,57.599998,59,66.13000000000004,74.91113904456591,57.34886095543417,70168,0.09401622250746747
1647316800,62.900002,62.900002,57,58.099998,65.38499990000004,74.2362771382295,56.53372266177058,30565,0.08847736298805182
1647403200,58.099998,58.099998,54.5,56.799999,64.57999975000004,73.47934829694417,55.680651203055916,82024,0.06288931100066011
1647576000,56.900002,58.5,55.900002,58,63.92999975000002,72.75747975620831,55.102519743791724,213582,0.16411706705483908
1647835200,59.5,60.900002,57,60.5,63.42999975000002,71.83502219256413,55.02497730743592,206999,0.3256994689768983
1647921600,61.799999,61.799999,60,61,62.979999750000026,70.8782528074809,55.08174669251915,143191,0.3746558425268068
1648008000,55,62.400002,55,62,62.57999975000003,69.79653635421701,55.36346314578305,152031,0.4598145355722918
1648094400,62.200001,64.300003,61,64,62.30499975000002,68.83201285018664,55.7779866498134,196093,0.6298450167007873
1648180800,64,65.400002,60,65.300003,62.244999900000025,68.63733152124779,55.852668278752255,112534,0.7389584334020873
1648440000,65.199997,65.300003,62.5,65.199997,62.30999965000002,68.79410320161048,55.82589609838956,297325,0.7228524981901456
1648526400,65,65.099998,59.599998,59.900002,61.97499985000002,68.2260397610877,55.72395993891233,835564,0.33402778741505706
1648612800,59.799999,62.799999,58,60,61.55499975000002,67.11322734429726,55.996772155702786,641071,0.36011730145816107
1648699200,50,50,50,50,60.69499990000003,67.64236631296568,53.74763348703438,43850,-0.269716124374863
1649044800,56,61.700001,55.099998,61.5,60.53500005000003,67.24954433431299,53.82045576568707,21020,0.5718589310859472
1649131200,61.099998,61.099998,58,61,60.38500005000003,66.91470946206415,53.85529063793591,48622,0.5470924440269663
1649217600,60,60,58.5,58.5,60.16000005000003,66.62355983513392,53.69644026486613,19988,0.37158778558697597
1649304000,58,58,56,56,59.96000005000003,66.67368794682676,53.24631215317331,12553,0.20508012057934982
1650859200,49.900002,49.900002,46,46.099998,59.28999995000004,68.32634965527353,50.25365024472654,25468,-0.2298302068977326
1650945600,45,50.900002,45,50.400002,58.66499995000004,68.32383558096485,49.00616431903522,35269,0.07215350453300702
1651032000,50.900002,50.900002,48,49.900002,58.16000005000003,68.51768313725466,47.8023169627454,57209,0.10126227166748564
1651118400,50,50,49.599998,50,57.71000005000004,68.64835454763809,46.77164555236199,36191,0.14757038859616037
1651636800,49.5,49.5,47.5,49,57.25500015000004,68.82919126532177,45.68080903467832,14293,0.14338759971432433
1651723200,47.5,48.5,47.099998,47.900002,56.81000030000005,69.08320662011023,44.536793979889865,30620,0.13701423786054068
1652241600,44,48,44,47.200001,56.270000350000046,69.21806549673126,43.321935203268836,38910,0.1497546449134988
1652328000,49.900002,53,49.900002,50,55.74500035000004,68.81534435901511,42.674656340984974,180832,0.28022765330286953
1652760000,53,53,50,50,55.19500035000003,68.26029384283822,42.129706857161835,25342,0.3011908284782238
1652846400,52.900002,52.900002,48.5,48.5,54.52000035000003,67.50392872102853,41.53607197897154,10777,0.2681749244923178
1652932800,46.900002,48,45,47,53.67000035000003,66.28064657943644,41.05935412056362,114428,0.23554089819637575
1653278400,49,49,47,47,52.755000200000026,64.48214332319927,41.02785707680078,39439,0.25462906269920155
1653364800,48,48,46,47.099998,51.85000025000003,62.322345121135605,41.37765537886445,16753,0.2732120977465021
1653451200,48,48,46.400002,46.5,51.18000015000003,61.21186944061558,41.14813085938449,15997,0.26674336484936034
1653537600,46.5,46.5,44.099998,44.099998,50.38500005000003,60.00669987102933,40.76330022897073,88150,0.17339440187775057
1653883200,45,46.400002,45,45,50.13500005000004,60.039398443945764,40.23060165605431,14681,0.24077173364013127
1653969600,46.400002,46.900002,45,46.900002,49.40500015000004,57.90358272793591,40.90641757206417,56749,0.35262259164819143
1654056000,46.900002,46.900002,45,46,48.65500015000005,55.39339066510044,41.91660963489966,53249,0.3029944877749124
1654142400,46,46.5,45,45.900002,48.02500025000005,53.11926229567411,42.93073820432598,14148,0.29143218085880085
1654488000,46.5,46.5,43.900002,44,47.425000250000046,51.30204899743631,43.547951502563784,29780,0.05829801569236624
1654574400,44.299999,45,44.099998,45,47.37000035000005,51.350503595067664,43.38949710493243,24752,0.20229890492655675
1654660800,46.5,48,45.900002,46.099998,47.15500015000005,50.916104367380065,43.39389593262003,314264,0.35974834928464655
1654747200,47.900002,47.900002,47.799999,47.900002,47.05500015000005,50.62009530356794,43.48990499643215,19815,0.6185104202834933
1655265600,47,47.200001,46.200001,46.200001,46.86500020000005,50.17817140233699,43.5518289976631,495,0.3996430972943702
1655352000,47,47,44.900002,46,46.71500020000005,49.89699700326579,43.53300339673431,64731,0.38764913288626957
1655697600,44.5,45.400002,44,44,46.52000010000005,49.861616903883075,43.17838329611702,5276,0.12293700207160876
1655784000,45,45.5,44.799999,44.799999,46.40000000000005,49.80705199255795,42.992948007442145,5136,0.2651927526355681
1655870400,45,46,45,45,46.150000000000055,49.176219304675485,43.123780695324626,23395,0.3099939422395238
1655956800,46,46,45,45.5,45.925000000000054,48.3898536021419,43.46014639785821,3752,0.41378798326384403
1656302400,44.5,44.5,43,43.099998,45.65499990000005,48.115468417172224,43.194531382827876,8246,-0.01921044349238897
1656388800,43.200001,45,43,43.099998,45.45999980000005,48.076410902253485,42.84358869774661,19147,0.04900019382132848
1656475200,43,43.400002,42.700001,43.400002,45.27999990000005,47.94278139009574,42.61721840990436,24898,0.14698607321089463
1656561600,42,42,41.599998,41.900002,45.02000010000005,47.92558166381755,42.11441853618254,36616,-0.03689735281442733
1656907200,40,40,39.700001,40,44.69500010000006,48.24773207469106,41.14226812530906,5134,-0.1607591191013513
1656993600,40,40,38.799999,38.900002,44.435000300000056,48.793566577572676,40.076434022427435,13979,-0.13495630759142827
1657080000,38.900002,39.599998,38,39,44.13500030000006,49.08283828400806,39.187162315992055,14827,-0.01891354532999921
1657166400,38.099998,38.5,37.5,38.200001,43.70000025000006,49.10740230644005,38.29259819356007,44852,-0.008562077740251228
1657512000,38.700001,39,38.700001,38.900002,43.34500035000006,49.0270681209784,37.66293257902173,10568,0.10885732719492668
1657771200,39.400002,39.900002,39.400002,39.900002,43.045000350000066,48.789031181566905,37.30096951843323,6677,0.2262376855015781
1658116800,42,42,39.900002,41,42.89500035000007,48.68791763009227,37.10208306990786,49918,0.33643816592096193
1658203200,42,42,40.099998,40.799999,42.68500030000006,48.46194516350646,36.90805543649366,11378,0.33685136828050544
1658289600,42.099998,45,41.099998,42,42.480000400000065,48.04474615735424,36.91525464264589,42303,0.4568713090471641
1658376000,42.900002,43.900002,42,42,42.18500030000006,47.16386480066606,37.206135799334064,29703,0.48142143655693825
1658721600,42,42.5,42,42,41.975000250000065,46.60052622333441,37.34947427666572,23426,0.5027023683516271
1658808000,42.5,42.5,41.799999,41.900002,41.77000035000006,46.01127268787134,37.52872801212878,21810,0.5153257842981604
1658894400,41.900002,43,41.599998,42.900002,41.71500045000006,45.866758167641265,37.56324273235886,15894,0.6427108264247643
1658980800,43,43,40,42.799999,41.61500045000007,45.555697508388405,37.67430339161173,56614,0.6503539262777752
1659326400,40.700001,41.900002,40.700001,40.700001,41.40000050000007,45.03593143993695,37.764069560063184,10212,0.40373861446166254
1659412800,41,41.700001,40.299999,41.400002,41.195000600000064,44.307860183083235,38.08214101691689,22991,0.5329281476610792
1659499200,42,42.400002,41,42.099998,41.14500060000006,44.16458597286076,38.12541522713936,19289,0.6581338631096877
1659585600,42.5,44,42.5,43.700001,41.175000750000066,44.28233050881059,38.067670991189544,5161,0.9062974396007616
1659931200,41.200001,42.5,41.099998,42.400002,41.12500075000007,44.117574513500074,38.132426986500064,18137,0.7130275392959298
1660017600,42.5,44.400002,41.200001,43.5,41.20500065000006,44.35744362236167,38.05255767763845,32741,0.8640033095159643
1660536000,44.400002,44.400002,42,42.200001,41.31500070000006,44.4450320857837,38.184969314216424,23312,0.6413724322413412
1660622400,44,44,42,42.599998,41.50000050000006,44.470521774118865,38.52947922588126,16346,0.6851522676480828
1660708800,42.5,42.900002,42,42,41.65000050000006,44.3948130691917,38.905187930808424,6704,0.5637565391401235
1660795200,41.700001,43,40.599998,41.5,41.815000450000056,44.06201999286003,39.56798090714008,12844,0.4299070515427898
1661140800,44,44,42.099998,42.5,41.99500035000006,43.815412021571476,40.17458867842865,35253,0.63870479350531
1661227200,42.5,44,42.099998,43,42.15000025000006,43.74436533365909,40.555635166341034,78969,0.7665637120104293
1661313600,44,44,42.599998,42.799999,42.24000020000006,43.76630279647016,40.713697603529965,15295,0.6834494684393044
1661400000,42.799999,43,42.099998,42.700001,42.33500030000006,43.72103745534298,40.94896314465714,51646,0.6316706044253317
1661745600,42.5,43,42,42.5,42.36000030000007,43.73898504827999,40.98101555172014,25375,0.550761873970891
1661832000,43,43.099998,42.5,42.599998,42.39000020000007,43.76244280207469,41.017557597925446,23856,0.5765051302263914
1661918400,42.5,44,42.5,43.5,42.46500020000006,43.906214471366724,41.0237859286334,9538,0.8590721451219316
1662004800,44.5,47.5,44.5,46,42.67000010000006,44.754322259357245,40.585677940642874,66857,1.298820826485606
1662350400,46.900002,47,43,44,42.725000000000065,44.88729014703939,40.562709852960744,33599,0.7948262983452304
1662436800,44,46.5,43,43.099998,42.73999995000006,44.90831690468755,40.57168299531257,53086,0.5830132442634113
1662523200,43.099998,45.299999,43.099998,43.599998,42.88499980000007,44.86820396901165,40.90179563098848,30213,0.6802633866880893
1662609600,44,45,43.200001,44,43.01499970000007,44.93153310069608,41.09846629930406,26696,0.7569744674531156
1662955200,46,46.5,41.5,45.599998,43.189999700000065,45.362463254581456,41.017536145418674,204476,1.0546694431116275
1663041600,45.700001,46.200001,45,46,43.30499965000006,45.793753959686725,40.8162453403134,88852,1.041435596818563
1663128000,46.5,49.5,46.5,48.900002,43.629999650000066,47.07505467481229,40.18494462518784,94873,1.2648647571728084
1663214400,52,52,48.099998,49,43.90499965000006,48.06791988632289,39.742079413677224,43088,1.1119502729771769
1663560000,47.599998,49,46.200001,46.5,44.119999600000064,48.35206839244478,39.88793080755535,12029,0.781186402764627
1663646400,46.5,48,46.099998,47,44.33999970000006,48.68897723224673,39.991022167753385,178057,0.805819043703566
1663732800,47,49,46.200001,48.400002,44.65999980000005,49.21034147244487,40.109658127555235,24402,0.9109583927123559
1663819200,48.5,48.5,46,47,44.93499980000006,49.3510058887623,40.51899371123781,142690,0.7338085770822317
1664164800,46,47,45.599998,47,45.15999980000005,49.514952168968954,40.80504743103115,30306,0.7112537685958199
1664251200,46,48.700001,46,48,45.40999980000005,49.81404459268648,41.005955007313624,131604,0.7940478948239843
1664337600,49,49,47.5,47.5,45.644999850000055,49.967720032244706,41.3222796677554,110710,0.7145639865401492
1664424000,47,48.5,47,47.700001,45.894999850000055,50.08378393061187,41.70621576938824,8046,0.7154564564875239
1664769600,45.200001,46,43.5,44.5,45.994999850000056,49.943406135324,42.046593564676115,82917,0.3106831285882474
1664856000,45,46,43.599998,45,46.11499995000006,49.779029088255164,42.45097081174496,133016,0.34784510331008844
1664942400,45.5,46,44.099998,44.099998,46.14499985000006,49.73190815297959,42.55809154702053,64340,0.21493530399127508
1665028800,44.5,44.900002,43.599998,43.599998,46.024999750000056,49.779931569619116,42.270067930380996,5539,0.1770911075762123
1665460800,42,42,39.599998,40.200001,45.83499980000006,50.298306907514046,41.37169269248608,33250,-0.13125824240432993
1665547200,42,42,40.099998,41.900002,45.775000000000055,50.41261846209748,41.137381537902634,19905,0.08222113012639487
1665633600,42,42.099998,41,42,45.69500010000006,50.53089746491426,40.859102735085855,3364,0.1179612777963068
1665979200,41.599998,42.299999,40.299999,40.299999,45.510000050000066,50.84812758275736,40.171872517242775,28710,0.012001069848086179
1666065600,40.5,42,40.5,40.5,45.255000150000065,51.021620124819066,39.488380175181064,90428,0.087713411776427
1666152000,42,42,40.5,40.5,44.980000150000066,51.09247970121183,38.8675205987883,53573,0.13353659407237342
1666238400,41.799999,41.799999,40.400002,40.400002,44.55500015000006,50.70007134356522,38.409928956434904,36768,0.16192432771560172
1666670400,40.400002,40.599998,40.400002,40.5,44.130000150000065,50.16128529364757,38.098715006352556,39643,0.1990690985798121
1666756800,41,41.599998,40.400002,40.400002,43.82500025000006,49.96205965251425,37.68794084748587,48073,0.22095770748145865
1666843200,40.400002,40.5,40.299999,40.299999,43.49000020000006,49.62869713469132,37.3513032653088,8820,0.2401727733150831
1667188800,40.400002,40.5,40,40.5,43.095000100000064,48.92817217392223,37.2618280260779,2226,0.2775652709096911
1667361600,40.5,41,40.200001,40.799999,42.785000050000065,48.41039759026219,37.15960250973794,2972,0.32356793135125084
1667448000,41,41.5,40,40.5,42.46000005000006,47.81850708237262,37.101493017627504,16396,0.31711323339140574
1667880000,40.900002,41,39,39.900002,42.055000150000055,46.87474039756415,37.235259902435956,8561,0.27644042631870125
1667966400,39.900002,40.5,39.5,40.5,41.70500015000006,45.8635932382918,37.54640706170832,942,0.35511925254328636
1668052800,40.599998,41,39.599998,40.900002,41.36500020000006,44.49119500774745,38.23880539225267,9148,0.42562872300093163
1668398400,40,40,39.299999,39.5,41.11500020000006,43.98782013448734,38.24218026551278,27713,0.2189172595517558
1668484800,40,40,39.099998,39.099998,40.82000010000006,43.2071314797086,38.432868720291516,17864,0.13973451259937286
1668571200,39.099998,39.099998,38.5,38.5,40.54000020000006,42.61595764079427,38.464042759205846,7050,0.008660399314447842
1668657600,38.5,38.5,37,37,40.21000030000006,42.33311182226818,38.08688877773194,19758,-0.25596601175495964
1669003200,39,39.799999,38.799999,39.799999,40.19000020000006,42.3206345506075,38.05936584939261,30315,0.408477679455213
1669089600,38.099998,40,38,38,39.995000100000055,42.17717826046012,37.812821939539994,16534,0.042887896105729524
1669176000,38.700001,39,38,39,39.84500010000006,41.861408204523684,37.82859199547643,645,0.290468978451243
1669262400,39.900002,39.900002,38,38,39.73000015000005,41.8869428854451,37.573057414555,7525,0.09896938347714297
1669608000,39.5,39.5,38.200001,39,39.655000150000056,41.803930594194924,37.50606970580519,2975,0.34759856891378754
1669694400,39.799999,39.900002,38.599998,39,39.58000015000006,41.71035273677669,37.44964756322343,47203,0.363872263774505
1669780800,39.900002,39.900002,38.5,38.900002,39.50500015000006,41.62015996287192,37.3898403371282,32238,0.35698523905420165
1669867200,38.599998,38.599998,37,38,39.38000015000006,41.54018560129528,37.21981469870484,195437,0.18058294504931816
1670299200,38.900002,41,38,40,39.36000005000006,41.489225349489686,37.230774750510435,57352,0.6502893916753073
1670472000,40,41.5,38.200001,38.200001,39.25500015000006,41.39553756242423,37.114462737575884,27859,0.2535667576103555
1670558400,41,41,38.700001,38.700001,39.16500020000006,41.238909632927886,37.09109076707223,6637,0.3878930794621059
1670817600,40,40,38.700001,39,39.07500025000006,41.00877923685104,37.14122126314908,19147,0.48060785371285075
1670904000,39,40,39,39,39.00000025000006,40.819890719227544,37.18010978077258,32913,0.4999999313145303
1670990400,39.299999,40.299999,39,39.5,38.98000015000006,40.76840743694181,37.19159286305831,9866,0.6453807121556642
1671076800,40.799999,40.799999,39.299999,40,38.95500015000006,40.67019712235793,37.23980317764219,86513,0.8046296917616941
1671163200,39.200001,40.5,39.200001,40,38.91000005000006,40.45777235753936,37.36222774246075,2031,0.8521189598400483
1671422400,39.099998,40,38.099998,39,38.885000050000066,40.40982762254159,37.36017247745854,17466,0.5377091653085261
1671508800,38.900002,40.700001,38.900002,39.799999,38.92000010000006,40.494293244234726,37.345706955765394,4946,0.7794901645931218
1671595200,40,40,38.5,38.700001,38.93000015000006,40.49601381660217,37.36398648339795,7278,0.4265654077913934
1671681600,40,40,38.5,38.5,39.005000150000065,40.317211533117565,37.692788766882565,11155,0.3075766768611985
1671768000,39,40,39,40,39.01500020000007,40.35406667183113,37.67593372816901,21353,0.8677934668370231
1672113600,40,40.400002,40,40.400002,39.135000300000065,40.51814882274927,37.75185177725086,12546,0.9572906232389151
1672200000,40.200001,40.200001,40,40,39.18500030000006,40.61646797898726,37.753532621012866,2355,0.7846727564874438
1672286400,40.200001,40.200001,39.599998,40,39.285000300000064,40.64922149760135,37.920779102398775,21187,0.7620541673363237
1672372800,38,40.200001,38,40,39.33500030000006,40.726797467688655,37.94320313231147,200768,0.7388996455224603
1672632000,40,40,38.599998,38.599998,39.315000200000064,40.736654157890854,37.893346242109274,13186,0.24853156211766744
1672718400,39,39.900002,38.5,38.5,39.29500010000007,40.75030086753372,37.83969933246642,241515,0.22686055084428297
1672804800,39,39.099998,38,39.099998,39.350000000000065,40.68341684404591,38.01658315595422,67300,0.4062551215261718
1672891200,39.099998,40,38.5,39.5,39.32500000000006,40.62711385062429,38.02288614937583,17688,0.5671984250517133
1673236800,39,39,38.099998,38.5,39.33999995000006,40.59602580004662,38.08397409995351,25315,0.1656119975679926
1673323200,38.599998,39,38.400002,38.5,39.32999990000006,40.609218874212836,38.050780925787286,11350,0.1755833376725673
1673409600,39.5,40,39.200001,40,39.379999900000065,40.68169157777386,38.07830822222627,1097,0.7381516723915309
1673496000,40,40,38,39,39.379999900000065,40.68169157777386,38.07830822222627,51038,0.3540361337141081
1673582400,39,39,37.900002,38,39.30499990000006,40.73674749087837,37.87325230912175,56601,0.044263280652874465
1673928000,38,38.5,37.900002,37.900002,39.20000000000006,40.717893290053034,37.682106709947085,58151,0.07177556270945465
1674014400,38.5,39,38,38.5,39.125000000000064,40.6254999300191,37.624500069981025,170501,0.29173607825755327
1674100800,39,39.400002,38.700001,38.799999,39.11499995000007,40.62135321732651,37.60864668267363,30575,0.3954425376727364
1674187200,38.799999,42,38.799999,40,39.12500000000007,40.6519251586063,37.59807484139384,214898,0.7865235388480413
1674446400,41.900002,43,40.599998,42,39.28999995000006,41.24948985198694,37.33051004801318,89148,1.1915065107638634
1674532800,42.5,43.400002,42,42,39.46499995000006,41.71468898317477,37.21531091682536,94293,1.063411212087079
1674619200,42.5,42.5,41.599998,42.200001,39.57500000000006,42.11498067708954,37.03501932291058,19370,1.0167364113588224
1674705600,42.099998,42.599998,42.099998,42.5,39.679999900000055,42.505314265515565,36.854685534484545,11974,0.9990595266883521
1674792000,42.599998,46.400002,42.599998,45.5,39.95499990000006,43.754197378940454,36.15580242105967,159705,1.22975939402161
1675051200,45,45.200001,43.200001,45,40.20499990000006,44.595205098391915,35.81479470160821,26923,1.0461020480040846
1675137600,45,45.5,43.200001,44.900002,40.45000000000006,45.29086825269887,35.60913174730125,13504,0.9596284971729028
1675224000,44.099998,45.5,43,45.5,40.79500010000005,46.02700771505426,35.562992484945845,777079,0.9496361861613231
1675310400,44.200001,47.799999,44.200001,46.299999,41.185000050000056,46.82176342324755,35.54823667675256,99627,0.9537177287125546
1675398600,47,47.5,46.200001,47.099998,41.585000050000055,47.68918670884194,35.48081339115817,6404,0.9517389668950816
1675656000,46.5,47.299999,45.200001,46.299999,41.925000000000054,48.27917129765827,35.570828702341835,234197,0.8442619654912606
1675742400,46.299999,48.299999,46.299999,47.5,42.37500000000005,48.96556089266957,35.78443910733053,134418,0.8888136445033328
1675828800,46.5,48,46.5,48,42.85000000000005,49.62185298718048,36.07814701281962,265337,0.8802504284831081
1675915200,48,49,47.599998,47.900002,43.24500010000005,50.22424766717989,36.26575253282021,23167,0.8334888077255107
1676001600,47.799999,47.799999,47,47,43.64500010000005,50.52147421716107,36.76852598283902,19857,0.7439476861860913
1676260800,46.700001,47.5,46.5,46.799999,44.08500005000005,50.57569299035598,37.59430710964411,25310,0.7091455392319843
1676347200,46.5,46.5,45,46,44.48999995000005,50.36840108942433,38.611598810575764,49151,0.6284362885575242
1676433600,46,46.400002,45,46,44.86499995000005,50.08736532461572,39.64263457538438,18710,0.608667238749403
1676520000,46.400002,46.799999,45.5,45.5,45.200000000000045,49.621311760098536,40.778688239901555,3042,0.5339265829100085
1676606400,46.799999,47,46,46,45.50000000000005,49.22934279464685,41.77065720535325,21909,0.5670359400478905
1676865600,47.400002,47.799999,47,47.599998,45.77999990000005,49.24790938901273,42.312090410987366,15971,0.7624056518438872
1676952000,47.900002,48,47,48,46.07999990000005,49.2095999485665,42.950399851433595,24638,0.8067484774738917
1677038400,47.5,48.900002,47.5,48,46.36999985000004,49.05037265317248,43.6896270468276,59917,0.8040622088223549
1677124800,48,48,47,47.799999,46.634999800000045,48.712762591077585,44.557237008922506,20945,0.7803494231879519
1677211200,47.799999,48.299999,47.700001,48,46.759999800000045,48.850358241986925,44.669641358013166,82439,0.7965998976762422
1677470400,48.400002,48.900002,48,48.099998,46.914999700000045,48.9182714529048,44.911727947095294,30851,0.7957657387924784
1677556800,48,48,47.700001,47.700001,47.05499965000005,48.85663780289981,45.253361497100286,6190,0.6790041327005127
1677643200,47.700001,48.799999,47.700001,48.599998,47.20999955000005,48.98301939083218,45.436979709167915,85926,0.891986152097311
1677729600,48.5,48.799999,48.099998,48.799999,47.33499955000005,49.18462081014603,45.48537828985407,7305,0.8960268736001463
1677816000,48.5,52.799999,48.5,52.400002,47.59999975000005,50.47402187934818,44.725977620651925,130281,1.3350670304491816
1678161600,52.5,56.099998,52.400002,55.5,48.05999980000006,52.48239772601016,43.63760187398995,737359,1.3411726312824503
1678248000,55,56.5,54.900002,56,48.484999800000054,54.08688377737595,42.883115822624156,576539,1.1707565017724817
1678334400,55,56.400002,54,55.299999,48.84999975000005,55.181666363142405,42.5183331368577,123385,1.0093445094386349
1678420800,55,55.400002,53.900002,55,49.20499965000005,56.05845891186072,42.35154038813938,159363,0.9227792220382037
1678680000,53.200001,54.900002,53,53.200001,49.51499970000005,56.501064843983556,42.52893455601654,62704,0.763739402943696
1678766400,52.700001,53.5,52.299999,53.5,49.84999975000005,56.925168001001566,42.77483149899854,37026,0.7579444135115287
1678852800,53.599998,54,53,53,50.199999750000046,57.170509521887766,43.229489978112326,11669,0.7008461605844412
1678939200,53,54.099998,53,53.5,50.574999750000046,57.40694729297637,43.74305220702372,70193,0.7140678211886331
1679025600,53.200001,54,53,54,50.99999975000004,57.56871408995904,44.43128541004105,11995,0.7283552073310806
1679284800,53.5,55,53.5,55,51.44999975000005,57.816946347858405,45.0830531521417,43324,0.7787835735259708
1679371200,55,55.299999,54,54,51.76999985000005,57.97196778638764,45.56803191361246,28045,0.6797816574410447
1679457600,54,54.5,52.700001,52.700001,52.004999900000044,57.96938644381003,46.04061335619006,8911,0.5582625803085524
1679544000,52.599998,53.200001,51.5,53,52.254999900000044,57.93953216255102,46.57046763744907,6045,0.5655287071645215
1679630400,52.599998,53,52.099998,52.5,52.48999995000004,57.79430059720932,47.18569930279076,7364,0.5009426360480925
1679889600,52.099998,52.400002,52.099998,52.099998,52.694999850000045,57.590498385796096,47.799501314203994,26000,0.4392296978898705
1679976000,52.200001,52.200001,50.099998,51.5,52.86499995000004,57.32740987133015,48.402590028669934,26036,0.34705574184529686
1680062400,51.900002,51.900002,51.099998,51.099998,53.03499980000004,56.918954750303314,49.15104484969676,7744,0.25089801185143207
1680148800,51.099998,53,51.099998,52.799999,53.24499985000004,56.559498734293584,49.9305009657065,18407,0.4328705687443774
1680235200,53,55.400002,53,55,53.55499990000004,56.250533487990126,50.85946631200996,251882,0.7680360034165663
1680494400,55.799999,55.799999,53.799999,54,53.63499980000004,56.283226069785925,50.98677353021415,38963,0.568914088679717
1680580800,54,54.5,53.799999,54.5,53.584999800000034,56.126082698290894,51.043916901709174,19974,0.6800413911359204
1680753600,53.099998,56,53.099998,55,53.53499980000005,55.91850608612102,51.15149351387908,80735,0.8073203977960048
1681099200,55.5,57,53.099998,55,53.51999985000005,55.86230702541026,51.177692674589835,136613,0.8159278521487595
1681185600,57,57,55.099998,57,53.61999985000004,56.34587641066486,50.894123289335226,28334,1.1199840812262623
1681272000,56.5,57.799999,56.5,56.700001,53.794999850000046,56.82318488958728,50.76681481041281,22940,0.9796604421498509
1681704000,57.299999,58,55.099998,56.599998,53.94999975000004,57.210368241441365,50.68963125855871,41659,0.906395512801141
1681790400,56.5,57,54.599998,56,54.09999975000004,57.446640304344584,50.75335919565549,28780,0.7838667940501435
1681876800,55,56,55,55.099998,54.179999650000035,57.54190423281998,50.81809506718009,140487,0.6368269573594315
1681963200,54.099998,56,54.099998,55,54.22999965000004,57.60940826157466,50.85059103842542,27763,0.6139253103875449
1682049600,55,55,54.400002,55,54.22999965000004,57.60940826157466,50.85059103842542,28347,0.6139253103875449
1682308800,55,55,53.799999,53.799999,54.21999960000004,57.60325287221967,50.8367463277804,72547,0.43792947701422164
1682395200,54,54,50,51.700001,54.16999960000004,57.669199814904296,50.67079938509578,100402,0.14706240736390352
1682481600,53.400002,53.400002,51.5,52,54.11999960000004,57.711990967470925,50.52800823252916,10208,0.20489912375642313
1682568000,51.900002,53,50.299999,52,54.09499960000004,57.73833624433932,50.45166295566075,33869,0.21248887976697495
1682654400,52,52,51,51,54.039999700000045,57.832307727571674,50.24769167242842,21892,0.09918871596162475
1683000000,50.700001,52,49.900002,50.200001,53.97499975000004,57.97793598606312,49.97206351393695,85131,0.02847128615358939
1683086400,50,51.900002,50,51,53.96999985000004,57.98751104525314,49.95248865474694,6078,0.13036819243848605
1683172800,51,52,51,52,53.92999990000004,58.008773699070645,49.85122610092944,1846,0.2634092995743213
1683518400,51.200001,53.400002,51.200001,51.200001,53.73999995000004,57.953501407930844,49.52649849206924,3500,0.19858810120746925
1683604800,51.200001,53,50.200001,51,53.589999950000035,57.966253424833106,49.213746475166964,21445,0.2040847879476601
1683691200,50.299999,52,50.299999,52,53.464999950000035,57.87284459630828,49.057155303691786,11667,0.33381901274276615
1683777600,50.799999,52,50.799999,52,53.314999950000036,57.70784576632336,48.92215413367671,9780,0.3503248230209169
1683864000,50.900002,52.099998,50.799999,52,53.16499995000004,57.52218875770466,48.807811142295414,22624,0.3663128910158748
1684123200,52.200001,52.200001,50.799999,51.200001,52.875000000000036,56.93449424435954,48.81550575564053,12149,0.29369363531831894
1684209600,52,52,50.799999,51,52.589999950000035,56.32250472239988,48.85749517760019,54229,0.2870063071643801
1684296000,51.5,51.5,51,51,52.31000005000004,55.61266491280186,49.00733518719822,7000,0.30167529791552905
1684382400,52,52.200001,50.799999,52.200001,52.12000010000004,54.955911823588146,49.28408837641194,35693,0.5141049700762087
1684468800,52,52,51,51.099998,51.92000010000004,54.43284682512797,49.40715337487211,24180,0.33683801884926096
1684728000,51,51.900002,50.900002,50.900002,51.71500020000004,53.82618426966005,49.603816130340036,2520,0.3069807811378352
1684814400,51,51,50.799999,50.799999,51.505000150000036,53.01824130526511,49.991758994734965,27779,0.26705591585746186
1684900800,50.799999,52,50.799999,52,51.41500020000003,52.53441962809153,50.29558077190853,15058,0.7612960724638033
1684987200,51.099998,52,51.099998,52,51.43000015000003,52.57210335198717,50.2878969480129,7213,0.7495395551856565
1685073600,52.5,52.5,52,52,51.43000015000003,52.57210335198717,50.2878969480129,20473,0.7495395551856565
1685332800,51.200001,52.400002,51.200001,51.5,51.405000150000035,52.517609584612664,50.292390715387405,6859,0.5426923622272899
1685419200,51.200001,51.799999,50,50,51.355000150000045,52.61591244432655,50.09408785567354,385200,-0.037309437023055746
1685505600,50,51.200001,50,51.200001,51.405000150000035,52.55299847490743,50.25700182509264,1303,0.41071452564333205
1685592000,50.099998,53,50.099998,53,51.50500015000004,52.82934905945922,50.18065124054087,12857,1.0644282406705308
1685678400,52.900002,53,50.700001,53,51.55500015000005,53.01852328749516,50.09147701250494,6109,0.9936716793125457
1685937600,53,54,51.099998,54,51.69500010000004,53.49330485837392,49.896695341626156,5712,1.1408813326180212
1686024000,54.799999,55,54,55,51.89500010000005,54.166981579674655,49.62301862032544,43574,1.183324210117384
1686110400,54.099998,55.5,54,55.299999,52.06000005000004,54.774700478406025,49.34529962159406,29793,1.096750734647804
1686196800,55,55.299999,54.599998,54.700001,52.19500010000004,55.14286362533321,49.24713657466686,963606,0.9248841370152713
1686283200,54.799999,54.799999,53.900002,54,52.29500010000004,55.34358982050851,49.246410379491564,112423,0.7796374809850741
1686542400,54.5,55,54.5,55,52.48500005000004,55.70572972601868,49.2642703739814,257150,0.8904394660512023
1686628800,55,55,54,54.099998,52.63999995000004,55.858322248339476,49.4216776516606,233427,0.7268259538134633
1686715200,55,56.5,53.700001,56.099998,52.89499985000005,56.35244051528814,49.43755918471196,1700236,0.9634928636921231
1686801600,56.400002,57.5,56.400002,56.900002,53.129999900000044,56.98284295727421,49.27715684272588,37527,0.989249372989927
1686888000,56.900002,58,56.900002,57.5,53.450000000000045,57.62492490950284,49.27507509049725,131623,0.9850386639028539
1687147200,56.599998,57.900002,56.599998,57,53.754999900000044,58.030266006803835,49.47973379319625,304928,0.8795085520917356
1687233600,57,57.5,56.599998,57,54.064999950000036,58.33736454422523,49.79263535577484,140158,0.8434866085594731
1687320000,57,57,56.900002,57,54.314999950000036,58.65931800074042,49.97068189925965,244748,0.8090243415237945
1687406400,56.599998,57.200001,56.599998,57,54.564999950000036,58.92310727153177,50.2068926284683,249637,0.7793643972429918
1687492800,57.400002,57.5,56.799999,56.900002,54.81000005000004,59.114370061510066,50.50563003849002,126044,0.742776752975607
1687752000,57,57,56,57,55.08500005000003,59.20726897451126,50.96273112548881,96257,0.7322749904322444
1687838400,57.5,57.900002,56.799999,57.5,55.46000005000003,58.98499663666371,51.93500346333636,31503,0.7893619752311274
1687924800,57,58.5,57,58,55.80000000000003,58.90225766821392,52.697742331786145,25658,0.8545804757840454
1688443200,60,62.900002,58.099998,62.799999,56.28999995000004,60.400425723078605,52.17957417692147,905111,1.2918886520999255
1688529600,62,62.299999,60,61.900002,56.73500005000003,61.233122363364885,52.23687773663518,801329,1.0741286686061957
1688616000,62.099998,62.099998,60.700001,62,57.13500005000003,61.99721191148775,52.27278818851231,310229,1.0002867098957915
1688702400,62,62.5,60.799999,61,57.43500005000003,62.47058383601666,52.3994162639834,456866,0.8539807995946429
1688961600,60.900002,62.900002,60.900002,62,57.770000100000026,63.077014603842464,52.46298559615759,69116,0.8985291444876707
1689048000,62,62,61.5,61.5,58.11000005000003,63.457859812184644,52.76214028781542,216742,0.816949219010106
1689134400,61.299999,64.199997,61.200001,63.200001,58.57000010000003,64.00658043178875,53.13341976821131,82500,0.9258192298684041
1689220800,63.400002,64,62,63,58.97000010000003,64.47385378482798,53.466146415172076,108396,0.866107107017503
1689307200,63,64,62.299999,64,59.465000200000034,64.90826215364427,54.021738246355795,26344,0.9165700492297458
1689566400,64.199997,65.400002,62.5,65,59.910000300000036,65.62835643931025,54.19164416068982,35674,0.9450579481233528
1689652800,63.200001,66,63.099998,65.5,60.340000200000034,66.37304243886983,54.30695796113023,53854,0.9276449257022455
1689739200,65.900002,68.5,65,67,60.81500020000003,67.35358551304668,54.276414886953376,129438,0.9729616196686185
1689825600,67,67,64.599998,65.099998,61.22000010000003,67.7666323749938,54.67336782500625,116399,0.7963354085749119
1689912000,65.099998,65.400002,64,64.5,61.59500010000003,67.98920793553289,55.20079226446717,109012,0.7271587016500132
1690171200,64.5,65.400002,64.5,65,61.99500010000001,68.18708323283978,55.80291696716024,193270,0.7426485429485711
1690257600,65,65.400002,64.099998,65,62.39500010000002,68.27019313546654,56.51980706453349,48265,0.7216948348994232
1690344000,65,66,65,65.099998,62.80499990000002,68.21516586455185,57.39483393544819,67074,0.7121005265861649
1690430400,66.400002,68.099998,64.800003,67.800003,63.345000050000024,68.47860517135402,58.21139492864603,190016,0.933905885307455
1690516800,67.800003,68.900002,67.699997,68,63.87000005000001,68.63994777843476,59.10005232156526,279712,0.9329187849774658
1690776000,67.900002,68,67,68,64.37000005000002,68.64462297278541,60.09537712721461,50758,0.9245988494857263
1690948800,67.900002,68.400002,67.900002,68.400002,64.65000020000001,69.2012641211548,60.098736278845216,195336,0.9119736698381261
1691035200,68,68.5,67.599998,68,64.95500010000002,69.54563243509251,60.36436776490753,588362,0.831653645699621
1691121600,68.099998,69.099998,67.699997,68.099998,65.26000000000002,69.83532542230574,60.6846745776943,212385,0.8103602189862125
1691380800,68.099998,70.699997,68,69.300003,65.67500015000002,70.13364423424804,61.216356065752,300995,0.9065140412089392
1691467200,69,70.099998,68.599998,68.900002,66.02000025000001,70.35386791756984,61.686132582430176,113659,0.8322669230939992
1691553600,68.800003,70,68,69.900002,66.44000035000002,70.56330131985425,62.316699380145785,38663,0.9195669531882733
1691640000,69.699997,70,69.400002,70,66.78000030000001,70.90000167961219,62.659998920387835,207580,0.8907765317669739
1691726400,70,70,68.099998,68.900002,67.07500040000002,70.90481921033587,63.24518158966416,28570,0.7382621333253021
1691985600,68.900002,70.099998,67.699997,69.900002,67.37000050000002,71.11491881686729,63.62508218313275,1153484,0.837791279532687
1692072000,70,70,68,68.099998,67.52500040000002,71.11825966145122,63.93174113854883,30500,0.5800105918001243
1692158400,68.099998,70.5,68.099998,70,67.75000040000002,71.37132769810557,64.12867310189446,491710,0.8106595199468764
1692244800,70.300003,72.5,70.300003,72,68.00000040000002,72.04524583136782,63.954754968632216,535254,0.994407529513911
1692331200,72.300003,73,71,72.800003,68.38500065000002,72.709016380545,64.06098491945505,501426,1.0105210786829795
1692590400,72.800003,73,70.900002,71.599998,68.74000055000003,72.8923020689167,64.58769903108336,101555,0.8443870148844747
1692676800,72,72,70,70,68.99000055000002,72.7994108460963,65.18059025390374,57534,0.6325663779292804
1692763200,70,72,68.5,70,69.24000055000002,72.59881071194779,65.88119038805225,50551,0.6131352195206021
1692849600,69,70,65,67.400002,69.35500075000002,72.266684151403,66.44331734859703,95099,0.16428376981886011
1692936000,68,69,67.5,68,69.36500060000003,72.25655762831576,66.4734435716843,17760,0.2639678922751329
1693195200,68,70,67.400002,68.199997,69.37500045000002,72.24893562846263,66.5010652715374,78825,0.29557586079088666
1693281600,68,68.800003,67.599998,67.599998,69.35500035000003,72.2721744767883,66.43782622321176,16809,0.19919479027941367
1693454400,67.400002,67.900002,66,66.900002,69.28000035000002,72.36389462445324,66.19610607554681,75232,0.11412452273157056
1693540800,66.199997,67,66.099998,67,69.23000035000003,72.42568557167108,66.03431512832897,22526,0.15109198883581904
1693800000,67.199997,68.800003,66.099998,68,69.22500045000002,72.42804636756073,66.02195453243932,29121,0.3087756963951158
1693886400,68,69,67.699997,68.099998,69.16500020000002,72.40492366452891,65.92507673547114,61464,0.335643926213102
1693972800,68.199997,69,67.5,68.5,69.14500010000003,72.39613902105505,65.89386117894502,23176,0.40080397736576484
1694059200,68.300003,69,67,67.300003,69.01500015000002,72.34202609249101,65.68797420750903,28439,0.24226273259595116
1694145600,68,68,67.5,68,68.91500015000001,72.23781548372165,65.59218481627838,4565,0.36231552793287664
1694404800,67.699997,68,67.5,67.599998,68.84999995000001,72.22194342224438,65.47805647775564,7817,0.314646662927595
1694491200,68,68,67,67,68.70499985000002,72.13281282126918,65.27718687873086,25297,0.25129917176188027
1694577600,67,67.900002,66.5,66.699997,68.63499980000003,72.1650286350096,65.10497096499046,58772,0.22592252210387584
1694664000,66.599998,68.5,66.5,68.5,68.55999980000003,72.03413328275546,65.0858663172446,69824,0.49136478199558975
1694750400,66.699997,68,66.5,67,68.30999980000001,71.46271340196408,65.15728619803595,92328,0.2922424987820151
1695009600,67.5,68.599998,66.5,66.5,67.99499965000001,70.47812203643322,65.5118772635668,6555,0.19896778786094205
1695096000,66.400002,67,66,66.099998,67.71999965,69.71559490355584,65.72440439644417,20974,0.09410565666724745
1695182400,66,67.699997,65.900002,66.5,67.54499965000001,69.31075725681025,65.77924204318977,2967,0.204093119585153
1695268800,67,67.199997,66.599998,66.599998,67.37499955000001,68.7805243879199,65.96947471208013,5750,0.2243017237792177
1695355200,66.099998,67,66.099998,67,67.35499945000002,68.76988459092158,65.94011430907847,24500,0.3745483150071104
1695614400,67.5,67.5,65.599998,65.900002,67.24999955000003,68.76591459379465,65.7340845062054,9867,0.05472519534448056
1695700800,66,66.900002,66,66.400002,67.15999980000002,68.6531838931383,65.66681570686174,10792,0.24551101786695786
1695787200,66.400002,67.900002,65,67,67.12999990000003,68.61067510543681,65.64932469456325,12580,0.45610114239682925
1696219200,66.699997,66.699997,65,66.5,67.10999980000003,68.61319613315102,65.60680346684903,4542,0.2970990925977893
1696305600,66.099998,66.5,65,65,67.00999980000003,68.77283815220218,65.24716144779788,30108,-0.07010326485384291
1696392000,64.800003,65.900002,64,65.599998,66.88999970000003,68.69321901444768,65.08678038555239,12155,0.1423059331540098
1696478400,65.900002,66,65.400002,65.400002,66.75499990000003,68.57980113958645,64.93019866041361,3447,0.1287272633848247
1696564800,65.400002,65.900002,65,65,66.57999990000005,68.37287452584322,64.78712527415688,8409,0.059366874508307924
1696824000,64.599998,64.599998,62,63.799999,66.40499970000005,68.53429518254502,64.27570421745507,43808,-0.11170483884333894
1696910400,62.900002,66,62.5,63.099998,66.15999960000003,68.60327631621453,63.71672288378554,15563,-0.1262085623975229
1696996800,65.400002,65.5,63.5,64,65.97999970000004,68.50158686525849,63.45841253474158,4404,0.10739019311333343
1697083200,64,64,62,63.299999,65.79499965000004,68.52445058123025,63.065548718769826,3889,0.04294824987465573
1697169600,63.099998,63.5,62.700001,63,65.60999980000004,68.56154230790851,62.65845729209157,13457,0.057858341357661124
1697428800,63,63,61.799999,61.900002,65.27999990000004,68.33915009964547,62.220849700354606,22519,-0.05244065825728218
1697515200,62,62.5,61,61,64.97999990000004,68.4542479774972,61.50575182250287,12840,-0.07278579583574449
1697601600,60.799999,63.400002,60.700001,61.099998,64.70999980000003,68.49518174754147,60.924817852458595,276968,0.02314025454644099
1697688000,62.299999,63,61,61,64.45499990000005,68.50887499476912,60.40112480523098,899905,0.07386453464510814
1697774400,61,63.099998,61,63,64.27999990000004,68.26728006873587,60.2927197312642,359080,0.339489596186834
1698033600,63,66.400002,62.5,62.5,64.07500000000003,67.98492391230275,60.165076087697315,41222,0.298589430980455
1698120000,63,63,62,62,63.82500000000003,67.59163045705263,60.05836954294744,12849,0.2577410339547744
1698206400,62,62,60.099998,60.099998,63.53499980000004,67.50552946945135,59.56447013054872,51400,0.06743783752222705
1698292800,63,63,60,62,63.31499970000003,67.10987822717269,59.52012117282737,16620,0.32674021176380585
1698379200,62,62.900002,61.799999,61.799999,63.054999650000035,66.5008526523773,59.609146647622765,7141,0.3178969548128984
1698638400,62.099998,63,61.200001,62.400002,62.84999975000004,65.91887608833488,59.7811234116652,4910,0.4266836293826999
1698724800,62,62.799999,61.700001,62.099998,62.70499965000003,65.62422937271697,59.78576992728309,3241,0.39637649183755347
1698811200,63,63.400002,62.200001,63.400002,62.59499985000004,65.22062452119543,59.969375178804654,9255,0.6532972627107166
1698897600,63.400002,64,63.400002,64,62.52499975000004,64.91152494994877,60.13847455005131,5392,0.8090267494413315
1698984000,64,64.300003,62.5,62.5,62.39999975000005,64.4995240484987,60.3004754515014,1357,0.5238149780098902
1699243200,62.900002,64.5,62.5,64.5,62.43499980000005,64.64703571652244,60.222963883477654,2881,0.9667646181908299
1699329600,63,64.900002,62,62.900002,62.42500000000005,64.62670474859614,60.223295251403954,16602,0.6078714119826549
1699416000,62.900002,62.900002,61.799999,62.099998,62.329999900000054,64.41240331528421,60.2475964847159,42716,0.4447748936848844
1699502400,62.099998,63.5,62.099998,63,62.31499995000005,64.3734227360151,60.25657716398501,11703,0.6663895421907117
1699588800,63,63,62.599998,62.799999,62.30499990000004,64.35192543943471,60.25807436056537,635,0.6209128252258441
1699848000,63.900002,64,63.099998,63.299999,62.37499975000005,64.45718711668681,60.29281238331328,4066,0.722122001314377
1699934400,64,64,62.799999,62.799999,62.46499970000004,64.45525201465601,60.47474738534408,2532,0.5841600076364845
1700020800,62.799999,63,61.900002,63,62.55999980000005,64.45989541186665,60.66010418813345,3400,0.6157958882718976
1700107200,63,63,62,63,62.65999980000005,64.42680581538225,60.89319378461786,22648,0.5962188822767835
1700193600,63,63,62.5,62.599998,62.639999700000054,64.4000006931786,60.87999870682151,1292,0.4886358870946397
1700452800,62.299999,62.299999,60.5,61,62.56499970000006,64.46476371586841,60.66523568413171,5876,0.0881068156550159
1700539200,60.299999,61.599998,60.099998,61.599998,62.544999600000054,64.476295544176,60.61370365582411,15579,0.25534521189002096
1700625600,61.400002,63.400002,60,63.400002,62.70999980000005,64.31362164320208,61.10637795679801,8248,0.7151386883774884
1700712000,62.5,62.5,62,62,62.70999980000005,64.31362164320208,61.10637795679801,108,0.2786261758001641
1700798400,60.5,63.5,60.5,61.200001,62.679999900000055,64.37068083500539,60.98931896499472,3565,0.0623068583323833
1701057600,61.200001,62,61,61,62.60999980000005,64.45054377828305,60.76945582171705,6884,0.06262935876653626
1701144000,61.5,61.5,60.700001,61,62.55499990000004,64.51507685869227,60.59492294130781,4003,0.10333192706945075
1701230400,61,62.299999,61,62.200001,62.49499985000004,64.42111012565869,60.5688895743414,11256,0.4234210902334849
1701316800,62.5,65,62,63,62.444999850000045,64.26101216658724,60.62898753341286,3535,0.6528073749639974
1701403200,63.900002,65,63.099998,65,62.569999850000045,64.70082149528056,60.439178204719525,15833,1.070202615357807
1701662400,64.599998,68.5,64,64.199997,62.55499970000004,64.63487923785766,60.475120162142424,23843,0.895454945841331
1701748800,64.599998,65,64.400002,64.400002,62.62999970000004,64.85719530703528,60.40280409296481,4322,0.897361213898073
1701835200,64.400002,64.400002,63.900002,63.900002,62.71999990000004,64.99912274355141,60.44087705644867,18217,0.7588719829952781
1701921600,63.5,64.199997,63.5,64,62.76999990000004,65.11444033984658,60.425559460153494,18521,0.7623227442878593
1702008000,64.199997,64.5,63.299999,64.5,62.85499995000005,65.31790494653946,60.39209495346064,184878,0.8339552382879803
1702267200,64,64,63,64,62.89000000000004,65.39671123187027,60.38328876812982,32981,0.7214056381699373
1702353600,65.400002,65.400002,62.599998,65.199997,63.00999990000005,65.71029590006813,60.30970389993196,6585,0.9055105625355018
1702440000,63.5,64.300003,63.5,63.5,63.034999900000045,65.74370780377699,60.326291996223105,624,0.5858343011720778
1702526400,64,64,60.099998,63.5,63.05999990000005,65.77617340844549,60.343826391554614,10485,0.5809963168096314
1702612800,61.200001,63.5,61.200001,63.5,63.105000000000054,65.81901882085931,60.39098117914079,770,0.5727703133383011
1702872000,64.300003,64.5,62,62.599998,63.18499990000005,65.73550938400093,60.63449041599917,1444,0.3853166585598454
1702958400,63,63.900002,62.400002,62.599998,63.23499990000005,65.69692960411052,60.77307019588957,15565,0.37103573693841957
1703044800,64.699997,64.699997,62,63,63.21499980000006,65.67774170770679,60.75225789229333,7133,0.45634950635158866
1703131200,63,63,62,62,63.214999800000044,65.67774170770825,60.75225789229184,15885,0.2533237656375642
1703217600,62.5,62.5,62,62,63.254999750000046,65.60912349143328,60.90087600856681,3563,0.23344652026745658
1703649600,62,62.5,61.900002,62.099998,63.309999650000044,65.49622920518897,61.12377009481113,1353,0.2232674750169389
1703736000,62,62.299999,61.900002,62.299999,63.374999600000045,65.34971484022543,61.400284359774666,2602,0.22780870423693225
1703822400,62.5,62.5,62.299999,62.5,63.38999955000005,65.33309007902277,61.44690902097733,12634,0.2709835088209514
1704168000,62.400002,63.099998,62.200001,62.900002,63.384999650000054,65.33258800434433,61.43741129565577,1716,0.3754876386177251
1704254400,62.400002,63,62.400002,62.799999,63.274999600000044,65.08924883314958,61.46075036685051,4224,0.3690916905679362
1704340800,62.599998,63.5,62.5,63,63.21499975000005,64.98166363143888,61.44833586856122,4130,0.4391509182196707
1704427200,63,63.900002,61.900002,62,63.09499965000005,64.84939412843916,61.34060517156094,29973,0.1879266141517179
1704686400,62.5,63.900002,62,62,62.999999550000055,64.77538655005786,61.22461254994225,47117,0.21837138889507013
1704772800,63,63,58,62.5,62.92499955000005,64.65112200509286,61.19887709490725,31178,0.3768918309514703
1704859200,61,62.900002,60.200001,61.200001,62.75999960000005,64.48325161638475,61.03674758361536,16860,0.04736782978706151
1704945600,62.5,62.5,60.400002,60.5,62.584999600000046,64.47208649571435,60.69791270428574,2547,-0.05243868333122704
1705032000,62,62,60.5,61.5,62.39999975000005,63.913934926939646,60.88606457306045,758,0.2027614643912997
1705377600,62.299999,62.299999,60.200001,62,62.32499975000005,63.76009541579105,60.88990408420906,74386,0.3867672177725797
1705464000,61.5,62,60.200001,60.200001,62.15999980000005,63.765489898372884,60.55450970162722,13417,-0.11040513485150512
1705550400,62.299999,62.299999,61,61.599998,62.06499970000006,63.56336503461384,60.56663436538628,6553,0.3448303330109015
1705636800,61.599998,63,61.599998,62.900002,62.079999900000054,63.60525390637837,60.554745893621735,1463,0.7688083743989053
1705896000,62.900002,62.900002,61.5,62,62.050000000000054,63.55665198369531,60.5433480163048,10741,0.48340691794085633
1705982400,62,62,60.799999,60.900002,61.94500010000006,63.46483540817406,60.425164791826056,4084,0.15621337575859953
1706068800,61.5,62.900002,61,62.5,61.97000010000005,63.508960575118635,60.431039624881464,48716,0.6721941234257854
1706241600,62.5,62.5,62,62,61.970000100000064,63.508960575116284,60.431039624883844,5463,0.5097468065246025
1706500800,61.900002,62,60.700001,61,61.91500020000005,63.50908286284291,60.32091753715719,120772,0.21300101891571405
1706587200,60.900002,61.5,60.700001,60.700001,61.83500030000006,63.50266315440798,60.16733744559214,133688,0.15970360945557405
1706673600,62,62.5,60.400002,62.5,61.83500030000006,63.50266315440689,60.16733744559323,10830,0.6993807376121215
1706760000,61,62.400002,60.5,61,61.74000020000007,63.37021450982719,60.109785890172944,633508,0.27303591449932085
1706846400,61,62.400002,60.400002,61,61.65000025000006,63.23429798084784,60.06570251915228,1318144,0.29486171148770196
1707192000,61,62.400002,61,61.5,61.57500025000006,63.03359527603272,60.1164052239674,395144,0.474290242095485
1707278400,61.200001,61.900002,60.900002,61.900002,61.57000035000006,63.02341003896259,60.11659066103753,304726,0.6135267132543695
1707364800,61.900002,61.900002,60.900002,60.900002,61.51500045000006,62.98234478108618,60.04765611891394,626238,0.290438264226352
1707451200,62,62.200001,60,60.5,61.41500045000007,62.87277263589294,59.9572282641072,397054,0.18616480035265487
1707710400,62.200001,62.400002,61,62,61.455000400000074,62.93077128464372,59.97922951535643,21979,0.6846491232721154
1707796800,62.5,62.5,61.5,62,61.53000040000008,62.955622882972555,60.1043779170276,7513,0.6648401332097245
1707883200,62.5,62.5,61.5,62,61.555000400000075,62.995104349012244,60.11489645098791,1781,0.6545025969497443
1707969600,62,62,61,61.400002,61.525000500000075,62.951709783617176,60.098291216382975,153460,0.45619342306262656
1708056000,62,62,61.299999,61.900002,61.61000055000009,62.907536613451335,60.31246448654884,18931,0.6117508245699752
1708315200,61.799999,62,61.599998,61.799999,61.62000060000008,62.92015432320322,60.319846876796944,33677,0.5692219684440322
1708401600,62,62,61.099998,61.200001,61.53500055000008,62.70508554091228,60.364915559087876,89445,0.35684819795059897
1708488000,61.400002,62.400002,61,61,61.48500055000009,62.656793665679935,60.31320743432024,220724,0.29305197158514557
1708574400,62.400002,62.799999,60.900002,62.400002,61.56000055000008,62.76399389547934,60.35600720452083,14090,0.8488397395026926
1708920000,62.5,62.900002,61.200001,62.900002,61.58000065000008,62.856872195600005,60.303129104400156,20657,1.0168888579859974
1709006400,62.099998,62.5,61,61.900002,61.575000750000086,62.846024443704046,60.30397705629613,4356283,0.6278501933558809
1709092800,61.900002,62.900002,61.900002,62.799999,61.66500070000008,63.01299930384325,60.317002096156905,492252,0.9209938707518007
1709179200,62.5,62.900002,62,62,61.73000065000008,63.00921927242694,60.45078202757322,116744,0.6055329187936983
1709265600,62,63.299999,62,63,61.75500065000008,63.110692412150804,60.39930888784935,130732,0.9591749336976138
1709524800,62.200001,63.5,62.200001,63.5,61.88000065000008,63.38678514154584,60.37321615845431,193535,1.0375683646498157
1709611200,63.5,64,63,63.200001,61.990000700000074,63.54422057375173,60.43578082624842,37179,0.8892629094618271
1709697600,64.5,64.5,63.400002,64,62.115000700000074,63.87939825043052,60.35060314956963,113491,1.0341764670723044
1709784000,64,64.5,63.5,64.5,62.24500060000008,64.28801265673394,60.20198854326622,127298,1.0518810798417317
1710129600,65,65.400002,64,64.300003,62.41500065000008,64.5459865537461,60.28401474625406,125421,0.9422840964565532
1710216000,64.900002,64.900002,64,64.099998,62.59500055000009,64.65555843124466,60.53444266875552,49954,0.8651917433862375
1710302400,64.5,64.5,63.900002,64,62.69500055000009,64.82335633368889,60.56664476631128,55577,0.8065745539352744
1710388800,64,64.5,63.900002,63.900002,62.790000650000096,64.95508697898457,60.62491432101562,92361,0.7563411294829403
1710475200,64.199997,64.400002,63.799999,64,62.89000065000009,65.08444779950261,60.69555350049757,325879,0.7529109325443415
1710734400,64,64.5,63.900002,64,63.02000055000009,65.15316695512624,60.88683414487394,438924,0.7297053449850195
1710820800,63.5,63.5,61.599998,62,63.025000450000086,65.14808777509084,60.901913124909335,36426,0.25860614919448166
1710907200,62,62.700001,61.900002,62.5,63.06000050000009,65.1233955566854,60.9966054433148,15602,0.3643011918183765
1710993600,62.099998,62.200001,61.799999,61.900002,63.09500055000009,65.05201327912518,61.137987820875004,58473,0.1946880998228527
1711080000,61.799999,62.299999,61.700001,62.299999,63.160000500000095,64.90974301818748,61.41025798181271,65367,0.2542491277828118
1711339200,62.400002,62.799999,62.299999,62.799999,63.18000035000009,64.90348506880437,61.456515631195806,64085,0.3897578418148882
1711425600,62.200001,63,62.200001,62.900002,63.18000035000009,64.90348506880437,61.456515631195806,144470,0.41876970333849395
1711512000,63,63,62.799999,62.900002,63.23000035000009,64.85739097181026,61.60260972818992,218007,0.3986112044712944
1711598400,63,63,62.700001,62.799999,63.23000035000009,64.85739097181026,61.60260972818992,114536,0.36788625169727446
1711944000,62.5,63.5,62.5,63.5,63.30500035000009,64.83401965202142,61.77598104797877,600380,0.5637662486477831
1712030400,63.5,64.900002,63.5,64.5,63.3800003500001,64.98698504686206,61.773015653138145,181394,0.8484786296306925
1712116800,64.800003,64.800003,64.5,64.800003,63.44500050000009,65.16717971830263,61.72282128169754,216923,0.8933976457268671
1712203200,64.800003,64.800003,64,64.599998,63.51500035000011,65.30416223142606,61.725838468574146,320828,0.8032139409138189
1712289600,64.599998,65.800003,64.099998,65.099998,63.5700002500001,65.47903111930344,61.660969380696756,103794,0.900726299035237
1712548800,65.5,67.5,65.5,67.300003,63.710000400000105,66.19507643263005,61.224924367370164,255747,1.222312426835613
1712635200,67.5,68,67,67.5,63.87000025000009,66.84932934561166,60.890671154388514,192828,1.109197512847229
1712721600,66.5,68.900002,66.5,68.5,64.09000035000011,67.68994499234513,60.49005570765509,274958,1.112509370022867
1713153600,68,69.400002,66.900002,69.199997,64.3500002000001,68.58202038898263,60.11798001101756,548906,1.0730120112170287
1713240000,67.599998,69,66.900002,67.5,64.5300001000001,68.9712155975814,60.088784602418784,252613,0.8343679113991844
1713326400,66.800003,67.5,65.099998,67.5,64.70500010000009,69.32126427744457,60.088735922555614,105721,0.802733963283184
1713412800,67.300003,67.300003,65,65.099998,64.76000000000009,69.3675584250184,60.15244157498178,63949,0.5368956797328682
1713499200,65.300003,65.300003,64.699997,65,64.91000000000008,69.34030412499709,60.479695875003074,364617,0.5101573162316457
1713758400,64.699997,66.800003,64.699997,66.699997,65.11999985000008,69.47090696736784,60.76909273263232,203809,0.6815710043191858
1713931200,66.800003,67,65.5,66.5,65.34999975000008,69.47625662275587,61.223742877244284,23698,0.6393515097900189
1714017600,66.5,67.199997,66.400002,67,65.58499980000008,69.52061854880712,61.64938105119304,64060,0.6797684545065287
1714104000,67,68.400002,67,68,65.84499985000008,69.69647932339218,61.993520376607975,282748,0.7797626424972159
1714363200,68,70.5,68,70.199997,66.20999960000007,70.25469890056166,62.165300299438485,301620,0.9932378285137201
1714449600,71,72.699997,71,71.5,66.63999950000007,71.00183360963354,62.27816539036661,1419342,1.0571051509348124
1714622400,71.5,72,71,71.5,67.07499955000007,71.55199595718685,62.5980031428133,359278,0.9941929864961049
1714708800,71,73.5,71,72.5,67.52499955000008,72.27510464883346,62.77489445116669,1401859,1.0236726710764539
1714968000,72,73.099998,71.5,72.199997,67.90999940000009,72.86091797011977,62.959080829880406,553122,0.9332526923277796
1715054400,72.400002,72.800003,71.699997,71.900002,68.26499935000008,73.29064393134047,63.239354768659695,217107,0.8616454159428868
1715140800,72,72.5,71.400002,71.5,68.60999945000007,73.52808871758796,63.691910182412194,258618,0.7938133483105061
1715227200,71.5,71.699997,70.900002,71.599998,68.93499945000008,73.74011113173673,64.12988776826343,569484,0.7773087002461456
1715313600,71.199997,72.400002,71.199997,72.400002,69.18999940000008,74.15946659799641,64.22053220200374,297011,0.8229725111470885
1715572800,72,72.5,71,71.800003,69.40499955000007,74.43509976152313,64.37489933847701,397568,0.7380671705618714
1715659200,72,72,70.699997,71,69.52999955000007,74.58810280991533,64.47189629008481,60449,0.6453114314262297
1715745600,71,71.900002,70.099998,70.400002,69.58999980000007,74.65947797669308,64.52052162330706,47209,0.5798900963538933
1715832000,70.5,71.900002,67,70.699997,69.74999965000008,74.74699955994251,64.75299974005765,362525,0.595056770774573
1715918400,70.099998,70.900002,70,70.599998,69.90499955000008,74.80458197893869,65.00541712106148,56579,0.5709242532480949
1716177600,70.099998,70.699997,69.199997,70,70.14999965000007,74.52607149812717,65.77392780187297,101695,0.4828613817133433
1716264000,69.599998,70,68.5,70,70.39999965000007,74.08781818132306,66.71218111867708,25106,0.44576744400482055
1716350400,70.900002,71,70.099998,71,70.61499980000008,73.89358202772601,67.33641757227414,37161,0.5587144340538568
1716782400,70.800003,71,70.300003,70.599998,70.81999970000007,73.50223793102448,68.13776146897565,309351,0.4589891573657787
1716868800,71,72,71,71.099998,71.02499960000007,73.05564047419857,68.99435872580158,85357,0.5184666823545373
1716955200,71.5,71.800003,70.699997,71.199997,71.18499945000008,72.66726219795095,69.70273670204921,74667,0.5050590052339411
1717041600,71.199997,71.5,70.599998,70.699997,71.20999945000008,72.6409440205422,69.77905487945797,17849,0.3217951762426151
1717128000,71,71,70.699997,70.900002,71.17999955000008,72.61052463120876,69.74947446879139,62007,0.4021346938693662
1717387200,70.699997,70.699997,69.900002,70.400002,71.12499965000008,72.58633507691897,69.66366422308118,25089,0.2519400280575297
1717473600,70,70.900002,69.5,70.900002,71.04499975000007,72.36481067962998,69.72518882037016,52716,0.4450687417626054
1717560000,70.800003,70.900002,70.400002,70.900002,70.98000000000008,72.18929820969453,69.77070179030562,2397,0.46692379127052247
1717646400,70.900002,71.900002,70.5,71.900002,70.98000000000008,72.18929820969453,69.77070179030562,29569,0.8803867369622494
1717732800,72,72,71.400002,71.5,70.98000000000006,72.18929820969753,69.7707017903026,55806,0.7150007317591373
1717992000,71.900002,72,71.099998,72,71.00000010000007,72.261745969809,69.73825423019113,165621,0.8962762723968198
1718078400,71.5,71.900002,70.400002,71.5,70.95500000000007,72.06940635316643,69.84059364683371,281609,0.7445248084109642
1718164800,71.599998,71.599998,71,71.300003,70.93000000000006,71.98848992436189,69.87151007563824,81541,0.6747787066669623
1718251200,72,72,71.400002,71.5,70.95500000000006,72.04215266636416,69.86784733363595,424827,0.7506547685812397
1718337600,71.5,72,71.5,71.800003,71.02500005000005,72.1401244152568,69.90987568474328,118590,0.8474961960056855
1718683200,72,72,71.099998,71.900002,71.08500030000006,72.25166328303206,69.91833731696806,397105,0.8492875456980136
1718769600,72,72,71.300003,71.900002,71.15000050000006,72.34582762796364,69.95417337203648,97923,0.8135911046261111
1718856000,72,72,71.300003,71.599998,71.23000040000005,72.31646342467442,70.14353737532568,12901,0.6702762043424538
1719201600,71.5,72,71.400002,71.800003,71.32000055000006,72.27415053400544,70.36585056599468,100855,0.7515340659468248
1719288000,71.5,72.599998,71.5,72.599998,71.40000045000005,72.49178837811894,70.30821252188116,847165,1.0495561542192082
1719374400,73,73.800003,72.599998,73,71.52000055000005,72.75223417719324,70.28776692280685,371830,1.1005352464577358
1719460800,72.800003,73,72,72.300003,71.58000080000005,72.841111393082,70.3188902069181,34497,0.7854635445731939
1719547200,72.5,73.699997,72.400002,72.699997,71.65500080000005,72.99287136473379,70.31713023526632,159762,0.8905445816456544
1719806400,71.5,71.5,69.099998,69.5,71.59500095000006,73.18304910984284,70.00695279015727,28596,-0.15961505544248072
1719892800,69.5,69.5,69.199997,69.400002,71.52000095000005,73.35477513991542,69.68522676008469,24661,-0.07772748321084814
1719979200,69.400002,69.5,68.099998,68.5,71.42500085000005,73.63938515946072,69.21061654053938,33615,-0.160454654935767
1720065600,68,68.5,67,67,71.23000075000006,74.16468973862843,68.29531176137169,42668,-0.2206897845718745
1720152000,67.5,67.5,66,67,71.03500065000006,74.50156966531993,67.56843163468018,42260,-0.08198764140683477
1720411200,69.599998,69.599998,66.5,67,70.79000055000004,74.64792760011176,66.93207349988833,17485,0.008803497218759055
1720497600,68,68,66.599998,68,70.61500055000005,74.6420468489617,66.5879542510384,11568,0.17532027746064038
1720584000,67,68.5,67,68.5,70.44000055000005,74.51499780938339,66.36500329061671,470059,0.2619629626090071
1720670400,68,68.5,67.5,68,70.26500055000005,74.44221294991188,66.08778815008823,7158,0.22888611672608927
1720756800,67.5,68.5,67.5,68.300003,70.11500055000006,74.34786016189064,65.88214093810949,10544,0.2856062193863544
1721016000,68,69.5,68,69.400002,70.01000065000005,74.20423484326804,65.81576645673206,3095,0.42728128403283516
1721102400,69.400002,69.400002,67.800003,68,69.82000050000006,74.01695166483054,65.62304933516958,108734,0.2831758783314822
1721188800,68.099998,68.099998,67.900002,68,69.62500040000006,73.77945560375103,65.47054519624909,50979,0.3044267755573724
1721275200,68,68,66.599998,66.599998,69.36000020000004,73.57587484993702,65.14412555006307,112393,0.17266552860610984
1721361600,66.599998,66.900002,66,66.699997,69.11500015000006,73.35116638162737,64.87883391837275,125129,0.2149541569013988
1721620800,67,67,65,66,68.82500000000006,73.08029095597188,64.56970904402824,110888,0.16806030078442766
1721707200,65.5,66.800003,65.5,66,68.49500010000006,72.54690143196477,64.44309876803534,36466,0.19211983516016884
1721793600,66.5,66.5,66,66.099998,68.15000000000006,71.75971000496888,64.54028999503124,125115,0.2160433944585291
1721880000,66.800003,66.900002,65.900002,66.5,67.85999985000005,70.9894728075409,64.7305268924592,449226,0.2827110397738121
1721966400,67,67.099998,66.699997,67,67.57500000000006,69.79569961948356,65.35430038051656,71007,0.37053629519381004
1722225600,67,67,66.099998,66.699997,67.43499985000005,69.5002135633911,65.36978613660901,201532,0.3220516246734592
1722312000,66.599998,66.599998,66,66.199997,67.27499960000006,69.19736977246365,65.35262942753647,30858,0.22039656685309295
1722398400,66,66,65.699997,65.900002,67.14499970000006,69.0700725993935,65.21992680060661,305666,0.1766362197524224
1722484800,65.900002,66.5,65.800003,65.800003,67.08499985000006,69.09723839996938,65.07276130003073,159276,0.18070464358720184
1722571200,66,67.5,66,66,67.03499985000006,69.10214859210349,64.96785110789664,97692,0.24965520648821374
1722830400,66.099998,66.099998,64.5,65,66.93499985000007,69.18468956237773,64.68531013762241,142261,0.06994072574679659
1722916800,65.099998,66,65.099998,65.900002,66.82999995000007,69.06705223637518,64.59294766362497,150186,0.2921376367319892
1723003200,65.5,66,65.5,65.900002,66.70000005000006,68.83354223143995,64.56645786856016,113413,0.31251881098030354
1723089600,66.699997,66.699997,65.599998,65.699997,66.58499990000006,68.67332538899512,64.49667441100499,3235,0.28810704924500624
1723176000,66,66,65.5,65.5,66.44499975000006,68.42739754307343,64.4626019569267,90445,0.26165234008483024
1723435200,66.5,66.5,65.800003,66,66.27499965000007,67.72672213380284,64.8232771661973,5011,0.4052850482553281
1723521600,66,66.599998,65.800003,66.599998,66.20499955000005,67.43540503519077,64.97459406480934,6999,0.6605155596078639
1723608000,66.599998,66.800003,66.5,66.800003,66.14499970000006,67.10723575627202,65.1827636437281,68185,0.8403547891032365
1723694400,67,67,66.5,67,66.16499980000006,67.17944478322251,65.15055481677761,76741,0.9115551921541915
1723780800,67,67,66.199997,66.900002,66.17500005000007,67.213989871885,65.13601022811513,12202,0.8488975227325297
1724126400,66.099998,66.099998,65.699997,66.099998,66.17999995000007,67.21653258913116,65.14346731086897,58065,0.4614088611492585
1724212800,65.800003,66.900002,65.800003,66.900002,66.22500005000006,67.30365683970919,65.14634326029093,402,0.8128900482710352
1724299200,67,67,66,66,66.22000015000006,67.30185059067297,65.13814970932715,5504,0.39832229034208216
1724385600,66.5,66.5,65.699997,65.699997,66.18000000000005,67.27654046892556,65.08345953107454,37593,0.28112846100864686
1724644800,66.199997,66.400002,65,65,66.08000000000006,67.22297900242621,64.9370209975739,47369,0.027550375944099106
1724731200,66,66,63.799999,64,65.94500015000006,67.36693612112678,64.52306417887333,80816,-0.18392676938148467
1724817600,63.599998,65.5,63.599998,63.799999,65.82500025000004,67.51955131443884,64.13044918556125,39918,-0.0975037555656919
1724904000,63.900002,64,63.599998,63.599998,65.71000005000005,67.66130860478883,63.758691495211266,9482,-0.04066335250307064
1724990400,63.700001,64,63,63.700001,65.60499995000005,67.74273335760462,63.46726654239548,57619,0.05443486469749091
1725249600,63.900002,63.900002,62.700001,63,65.45499995000004,67.86454431813107,63.04545558186903,17367,-0.009432401924245546
1725336000,62.799999,63.599998,62,63.599998,65.38499985000006,67.92135658003299,62.84864311996712,39601,0.148116956723024
1725422400,63,65,63,64.3,65.30499975000005,67.8720807557317,62.73791874426839,26369,0.30425242761016613
1725508800,64.300003,65.5,63.599998,64,65.20999965000006,67.82220258009242,62.59779671990769,4736,0.268394783563528
1725595200,63.599998,64.5,63.599998,64.5,65.14999980000006,67.76954263033848,62.53045696966165,2473,0.3759325878408922
1725854400,63.700001,65.800003,63.5,63.5,65.04999980000005,67.75961314510778,62.34038645489232,13355,0.2139813688180624
1725940800,64,64,63,63.6,64.92999980000006,67.67306456190092,62.18693503809921,16356,0.25757047035987335
1726027200,63.2,63.2,62.5,62.5,64.72499990000007,67.54980174437331,61.90019805562683,21350,0.10616708311202828
1726113600,62.6,64,62.6,63.5,64.55999975000006,67.26362743146433,61.85637206853579,74076,0.303967136956896
1726200000,63.7,63.7,63.4,63.5,64.38499975000008,66.87921351188342,61.89078598811673,204894,0.32258943408847474
1726632000,63.7,65.9,63.7,64,64.23999965000007,66.45395535686723,62.02604394313291,45968,0.4457984526845664
1726718400,64,64,63.5,63.5,64.10999975000007,66.1719408500249,62.048058649975246,121757,0.35208118942080185
1726804800,65,65,63.7,63.7,63.949999650000066,65.57049291440181,62.329506385598314,82310,0.4228631011643376
1727064000,63.6,65,62.7,64,63.849999650000065,65.17136187890308,62.528637421097045,252097,0.5567597388206199
1727150400,63.8,66,63.7,65,63.814999800000066,64.96439107540219,62.66560852459794,347896,1.015490340565423
1727236800,65.5,67.8,65.2,67.5,63.939999800000066,65.86187401647936,62.01812558352077,258443,1.426179291411053
1727323200,67.8,69.1,66,66.7,64.07499980000007,66.34292852903131,61.80707107096884,133549,1.078721933894549
1727409600,66.7,67.5,66,67,64.23499985000007,66.83059242241374,61.639407277586386,31979,1.0326336997930152
1727668800,67.5,69.1,67.5,68.9,64.49999995000007,67.77536258640572,61.22463731359442,62766,1.1716813584385959
1727755200,68,70,68,69,64.76499990000008,68.55565959614306,60.9743402038571,448772,1.0586099042745858
1727841600,69,70.2,68,69.5,65.08999990000007,69.30990525343742,60.870094546562704,176798,1.02252357939826
1727928000,69.9,69.9,68.5,69,65.36000000000007,69.84660227788963,60.873397722110504,41230,0.9056521811547935
1728014400,69,69.3,68.1,68.6,65.57500000000007,70.24613476576754,60.90386523423261,19621,0.8237971233637611
1728273600,69.3,70,69.2,69.7,65.86000000000006,70.7997975667001,60.92020243330002,106253,0.8886798950918555
1728360000,69.8,69.8,68.5,69.5,66.11000000000006,71.25116718265171,60.96883281734839,23106,0.8296916711286061
1728446400,69,69,68.7,68.8,66.37500000000006,71.49706013240512,61.25293986759499,313772,0.7367211568503472
1728532800,68.8,69.8,68.1,69.8,66.68500000000006,71.84805142333177,61.52194857666835,123128,0.8016626936856881
1728619200,68.1,70.4,68.1,70.2,67.07000000000006,72.07323895091649,62.06676104908364,293311,0.8127973729324508
1728878400,70.1,70.2,69.5,69.6,67.37500000000006,72.21147598980632,62.5385240101938,62977,0.7300228518335999
1728964800,70,70.5,69.5,70.1,67.70500000000007,72.33510799009754,63.0748920099026,44298,0.758633276494001
1729051200,70.4,71.1,70,71.1,68.06000000000006,72.58698575212794,63.533014247872174,115930,0.8357642553404326
1729224000,71.3,73.7,71.3,73.2,68.54500000000006,73.09229589975956,63.99770410024055,1584995,1.0118426535917902
1729483200,73.5,73.7,71,72,68.96000000000006,73.16494946461478,64.75505053538535,80354,0.8614787794219639
1729569600,71.8,72.3,71.8,72.1,69.36500000000007,73.11694616165568,65.61305383834446,57195,0.8644775114247726
1729656000,72,72.4,71.7,72.4,69.73500000000006,73.13516176085348,66.33483823914663,104826,0.8918931197160234
1729742400,72.4,73,72,72.1,69.96500000000006,73.35160597058024,66.57839402941988,116282,0.8152123421719144
1729828800,72.6,73.3,72.1,73,70.28000000000006,73.56365649847356,66.99634350152655,113974,0.9141724326622481
1730088000,73,73.5,72.9,73.5,70.60500000000006,73.81154019154125,67.39845980845887,108652,0.9514211310428771
1730174400,73.4,74.8,73.4,74.5,70.88500000000006,74.40935809757852,67.3606419024216,757741,1.0128593491228601
1730260800,74.2,75.5,73.6,74.4,71.15500000000006,74.88191561481787,67.42808438518225,481866,0.93534658889219
1730433600,73.8,75.3,72.2,75,71.43000000000006,75.42954997468063,67.4304500253195,511290,0.9463002115988145
1730692800,74,75.3,73.7,75,71.73000000000006,75.85363916946784,67.60636083053228,238410,0.8964944392093822
1730779200,75.3,76,74,76,72.10000000000005,76.35957744382881,67.84042255617129,844659,0.9577918879782589
1730865600,76,76,73.8,74.6,72.34500000000006,76.58786459835459,68.10213540164553,36717,0.7657402737851302
1730952000,74,75.4,74,74.5,72.59500000000006,76.72560528251877,68.46439471748134,266591,0.7305957444133144
1731038400,75,76.2,75,76.2,72.96500000000006,76.99403214183911,68.935967858161,599994,0.9014611805160886
1731297600,75.1,77,75.1,76.3,73.29000000000005,77.29394805160773,69.28605194839237,87215,0.8758790025748914
1731384000,76.2,77.1,76.2,76.7,73.61500000000004,77.61813627047357,69.6118637295265,591290,0.8853228808065331
1731470400,75.5,77.4,75.5,76.9,73.98000000000005,77.77821010476977,70.18178989523032,309381,0.8843915843851129
1731556800,77,77.3,76.4,77.2,74.33500000000006,77.93848442482631,70.73151557517382,209737,0.8975318972189094
1731902400,78.4,78.5,77.3,78.4,74.70000000000006,78.39648481668306,71.00351518331706,728025,1.0004754764987922
1731988800,77.9,81.9,77.5,80.1,75.04500000000006,79.35428068243023,70.73571931756989,882385,1.0865248022262994
1732075200,80.1,80.2,79,79.2,75.40500000000006,79.83782077237149,70.97217922762863,350259,0.9280570087170174
1732161600,78.2,78.8,77.8,78.8,75.74000000000004,80.13563419769947,71.3443658023006,581823,0.848072640075633
1732248000,77.8,78.9,77.7,78.8,76.06000000000004,80.3673890003084,71.75261099969168,211192,0.8180581089615773
1732507200,79,79,77.5,78,76.35500000000005,80.33267520041261,72.37732479958748,19107,0.7067790753540327
1732593600,78,78.3,77.5,78,76.60500000000005,80.32815726232116,72.88184273767894,142259,0.687340998742862
1732680000,78,78.6,77.6,78.6,76.86000000000006,80.39123207959705,73.32876792040307,249380,0.7463729317103565
1732766400,78.3,80,78.3,79.9,77.13000000000007,80.7233828073236,73.53661719267653,1147164,0.8854306858643766
1732852800,79.8,80.2,79.6,80.2,77.42000000000004,81.02144415477743,73.81855584522266,218008,0.8859562831638298
1733112000,79.9,80.5,79,80.1,77.67500000000005,81.27715213448508,74.07284786551503,32710,0.8366043283936183
1733198400,80,81,79.5,80,77.92500000000005,81.4428828860519,74.4071171139482,260507,0.7949216996715794
1733284800,81,81.7,80,81.4,78.19500000000005,81.90416432636505,74.48583567363505,153043,0.9320380169218431
1733371200,81.7,82.5,80.9,81,78.51500000000006,82.02742081760884,75.00257918239127,646719,0.8537446292798854
1733457600,81,82,80,80,78.79000000000005,81.83164429215154,75.74835570784856,477866,0.6989055727394187
1733716800,80,80.4,79.5,80.1,78.98500000000004,81.83124313788994,76.13875686211014,278039,0.695872233323428
1733803200,80,81,80,81,79.22000000000006,81.9126566806735,76.5273433193266,136980,0.830528584051561
1733889600,80.7,82,80.2,82,79.48500000000006,82.1766723426113,76.79332765738882,58966,0.9671816773879869
1733976000,82,82.5,81.6,82,79.74000000000005,82.36937254872235,77.11062745127775,493870,0.9297603245873538
1734062400,82,84.5,82,84.2,80.09000000000006,83.10854269474054,77.07145730525959,1085597,1.1807920933437894
1734321600,84.4,85.5,83.4,83.4,80.34000000000006,83.57752992263764,77.10247007736248,438584,0.9725825047366666
1734408000,83.9,85,82.5,83.7,80.52000000000005,84.06942248823347,76.97057751176663,432032,0.9479601978268114
1734494400,82,84.5,81.8,83.5,80.73500000000004,84.45536288552437,77.01463711447572,393308,0.8716035350689019
1734580800,84.3,84.5,82.7,84,80.99500000000005,84.86202728203236,77.12797271796774,197906,0.88854134983251
1734667200,83.2,83.5,82.3,82.5,81.18000000000004,84.96238020299265,77.39761979700742,364234,0.6744932990813011
1734926400,82.7,83,82.4,82.9,81.42500000000004,84.97964484864326,77.87035515135682,519530,0.7074750168871247
1735012800,83,83.5,82.7,83.5,81.70000000000005,84.99363021603578,78.40636978396431,181515,0.7732547192511583
1735185600,83.9,84.2,83,83.5,81.94500000000005,85.0001432044957,78.8898567955044,260570,0.7544888890497448
1735272000,84,84.2,82,83,82.10000000000005,85.03666477487211,79.163335225128,270106,0.653235058986118
1735531200,83,85.8,82.8,85.8,82.38000000000005,85.59347164293898,79.16652835706113,2372366,1.0321347719863703
1735617600,85.4,91.5,85.4,89.5,82.85000000000005,87.15604226639496,78.54395773360514,1025121,1.272170776387599
1735790400,89.5,90,87.6,88.5,83.27500000000006,88.02678913673236,78.52321086326776,691971,1.0497929148001983
1735876800,88.8,90,85,87.4,83.57500000000006,88.56694350929253,78.58305649070759,791442,0.8831173162195981
1736136000,86,88.5,84.1,88,83.92500000000007,89.12302847240821,78.72697152759193,612783,0.8919755366511168
1736222400,85.3,85.9,82.6,85.5,84.20000000000007,89.11243320564893,79.28756679435122,157556,0.632317320722554
1736308800,85,92.5,85,91.8,84.78500000000007,90.34855102429796,79.22144897570217,1767741,1.1304426767511497
1736395200,92,93.6,90.9,91.5,85.31000000000007,91.31029999249742,79.30970000750273,2545287,1.0158075436011347
1736481600,91.5,92,89,91.5,85.78500000000007,92.15470171985831,79.41529828014183,179691,0.948608133578908
1736913600,91.4,92.8,90,92.3,86.30000000000008,93.01833312659862,79.58166687340155,203831,0.9465393340087088
1737000000,92.3,95.2,92.3,95,86.84000000000007,94.47057009665481,79.20942990334534,453598,1.034691372770253
1737086400,94,95,93.5,94,87.37000000000008,95.43153831473573,79.30846168526442,419052,0.9112118395493433
1737345600,94,94.4,92.5,93.1,87.84000000000006,96.08485293986294,79.59514706013718,227566,0.8189868902675305
1737432000,93.5,95,92.5,94,88.36500000000008,96.7731567540071,79.95684324599306,715866,0.8350912789128534
1737518400,94.1,95,94.1,94.5,88.89000000000007,97.45221933846351,80.32778066153664,262702,0.8276019790101926
1737604800,94.4,95,92.9,93,89.41500000000008,97.62603525750276,81.20396474249739,1118236,0.7183037758073315
1737691200,93.9,94,91,91.8,89.86000000000007,97.55919476308758,82.16080523691257,207502,0.6259872012395978
1737950400,91.9,92.8,90.2,92.8,90.32500000000007,97.53967254973884,83.11032745026131,729338,0.6715254561407322
1738036800,92.8,94,91.5,93,90.80000000000007,97.37753753314719,84.22246246685295,153567,0.66723583779744
1738123200,93,93.5,92.2,93.4,91.32000000000008,96.92057139941598,85.71942860058418,140857,0.6856953381771775
1738209600,93.2,93.5,92.3,93.3,91.69500000000008,96.74414844305042,86.64585155694974,178055,0.6589376919794311
1738296000,93.3,93.3,91,92,91.82000000000008,96.76837347013657,86.87162652986359,234524,0.5181877945436237
1738555200,93,93,89.8,90.5,91.92000000000007,96.67293593476263,87.16706406523751,84617,0.3506186471382545
1738728000,91,91,80.6,87.5,91.92500000000007,96.65907857982512,87.19092142017502,177645,0.03264400607355423
1738814400,84,91,83.7,88.5,91.95000000000007,96.60553434096977,87.29446565903038,1681988,0.1294732519058727
1738900800,90.5,91.4,86,90,92.17500000000008,95.9048123277119,88.44518767228827,298358,0.20843037009660825
1739160000,90.1,90.1,89.1,89.1,92.04000000000008,96.00252444786688,88.07747555213328,13419,0.12902437086756463
1739246400,89.2,90,87.7,88,91.86500000000008,96.19917812277608,87.53082187722408,235991,0.054125385423178164
1739419200,87.6,91.5,87.6,91.3,91.85500000000008,96.19342137187623,87.51657862812392,47702,0.43603664185343205
1739505600,91.5,92.1,90.2,91.9,91.83500000000006,96.16871664970893,87.5012833502912,58004,0.5074993366264852
1739764800,92,93,90,92,91.68500000000007,95.7707190309615,87.59928096903865,155126,0.5385489062773123
1739851200,91.7,93,91.5,92.1,91.59000000000007,95.54216396420523,87.63783603579492,185953,0.5645216145659697
1739937600,92.1,92.1,90,90,91.43500000000007,95.3812767262276,87.48872327377255,148741,0.31818304954859644
1740024000,91.5,92,88.4,88.9,91.18000000000008,95.089271031785,87.27072896821515,112267,0.20838553000518717
1740110400,90,90,89.5,90,90.95500000000007,94.58183057227228,87.32816942772786,48045,0.3683423472685462
1740369600,88.2,88.5,87.5,87.7,90.69000000000008,94.45239285561134,86.92760714438883,161213,0.10264649190730071
1740456000,88.5,88.5,84.7,86.2,90.41000000000008,94.60852355000665,86.21147644999351,105871,-0.0013667244993172904
1740628800,86.2,87.5,85,87,90.12000000000009,94.41818566373638,85.8218143362638,133780,0.13705616228686102
1740715200,87.4,89.5,87.4,88.5,89.89500000000008,94.0347946808936,85.75520531910657,121060,0.3315133832073297
1740974400,87.9,88.2,86,87.6,89.60500000000008,93.52901580016703,85.68098419983312,8295,0.24452192573806994
1741060800,87,87,84.9,85,89.19000000000008,93.21735645305466,85.1626435469455,123425,-0.020192345629369973
1741147200,84.9,87.8,84.5,87.7,88.97500000000008,92.83498704660475,85.11501295339541,95376,0.33484400535468195
1741233600,87.6,87.9,85.6,86,88.75000000000009,92.75024999218222,84.74975000781795,18977,0.15627148236053592
1741320000,86,89,85.8,87.8,88.76500000000007,92.74860389596753,84.78139610403261,101910,0.3788785199029291
1741579200,86.1,88.9,86.1,87,88.69000000000008,92.74655025852734,84.63344974147283,6425,0.29169492644057066
1741665600,87.7,87.7,85.9,86,88.4900000000001,92.6612827763112,84.31871722368899,114561,0.20153066412316692
1741752000,86.7,87.4,85.6,87.4,88.40500000000009,92.59234999730803,84.21765000269214,54414,0.37999570126139487
1741924800,87.4,87.4,86.5,86.6,88.3350000000001,92.59329778197215,84.07670221802803,15574,0.29628009960395457
1742184000,86.6,88,85.8,85.8,88.06000000000009,92.22624531202247,83.8937546879777,6148,0.228772572095252
1742270400,86,86,84,84.3,87.68000000000009,91.76147032329607,83.59852967670412,97149,0.0859335322484239
1742356800,85,85,84,84,87.28000000000009,91.15226032182194,83.40773967817823,215418,0.07647475538823238
1742443200,84.5,86.8,84,86,86.9750000000001,90.18490654068685,83.76509345931333,27060,0.3481264193144557
1742529600,85.1,86.9,85.1,86.9,86.82000000000008,89.71454659661202,83.92545340338813,47353,0.5138190900249399
1742788800,86.9,87,86.6,87,86.7250000000001,89.46059865476492,83.98940134523527,20825,0.5502632210907318
1742875200,87,87,86,86.5,86.5500000000001,88.83604461897501,84.26395538102518,26052,0.48906408046783506
1742961600,86.4,87,86.4,86.4,86.4850000000001,88.7096572769637,84.2603427230365,51079,0.48089593375117345
1743048000,86,87.9,86,86.3,86.4900000000001,88.71252109100169,84.2674789089985,5490,0.4572557487149712
1743134400,86.4,87.8,85.4,86.5,86.4650000000001,88.67522623275124,84.25477376724896,47781,0.5079177415147071
1743480000,85.7,87,85.6,86.1,86.3450000000001,88.35146455237633,84.33853544762387,17812,0.43894733906214445
1743566400,87,90.9,86.8,89.8,86.4550000000001,88.9146544472637,83.9953455527365,436864,1.1799735637095803
1743652800,87,88,86.2,86.2,86.5150000000001,88.88672932687248,84.14327067312772,177804,0.4335927594200874
1743739200,87,87,84.9,85.8,86.4200000000001,88.74602665503707,84.09397334496313,44887,0.36672551695452305
1743998400,84.6,84.6,77,81.1,86.1750000000001,89.46065062049247,82.88934937950772,225476,-0.2722975730206489
1744084800,81,85.8,80.2,85.2,86.0450000000001,89.26833678041008,82.82166321959012,49792,0.36892464896382593
1744171200,89.9,89.9,84.5,85,85.94500000000009,89.16771624564659,82.7222837543536,83787,0.3533845476968885
1744257600,87,89,87,87.5,86.0200000000001,89.31338731399025,82.72661268600994,49695,0.7246926733629134
1744344000,87.2,89,86.9,88.5,86.07500000000009,89.49311351478558,82.6568864852146,45857,0.8547278329859823
1744776000,87.6,90,87.6,90,86.24500000000009,90.06519633002767,82.4248036699725,197933,0.9914668875110924
1744862400,88.5,92,88,92,86.55500000000009,91.11503289461356,81.99496710538662,115489,1.0970351668330949
1745208000,91,93.2,90.8,92,86.9400000000001,91.95134712427213,81.92865287572806,168529,1.0048542711691455
1745294400,92,92.4,91.5,92.4,87.3600000000001,92.71178474903024,82.00821525096995,34922,0.9708709557978075
1745380800,93,94,91.7,93,87.71000000000011,93.55325251892664,81.86674748107357,563361,0.9526588559081921
1745467200,93,93.8,92,93,88.01500000000011,94.27895242637919,81.75104757362104,671996,0.8979117065933322
1745553600,93,93.8,92.8,93.5,88.34000000000012,95.02023951665977,81.65976048334046,322444,0.8862136969139737
1745812800,93.8,94.9,93,94.9,88.76000000000012,95.96066663580099,81.55933336419925,318691,0.92634941391902
1745899200,94.9,95.4,94.9,95,89.19000000000011,96.79155247301118,81.58844752698904,200308,0.8821587774752594
1745985600,95,95,94.2,95,89.62500000000011,97.5058311744347,81.74416882556552,54088,0.8410173293291945
1746158400,95.2,95.2,92.6,93.4,89.97000000000011,97.8774901201291,82.06250987987113,50515,0.7168829772716773
1746417600,93.4,94.6,93.4,94,90.36500000000011,98.24897742259222,82.481022577408,58053,0.7305308478930657
1746504000,94.4,94.4,93.6,94,90.57500000000012,98.60989265640383,82.5401073435964,16731,0.7131329033543591
1746590400,93.4,94,93.2,93.5,90.94000000000011,98.8082653742704,83.07173462572982,18732,0.6626788039185386
1746676800,93.5,95.5,93.2,95,91.40000000000012,99.08609133434786,83.71390866565238,543643,0.7341892545507585
1746763200,95,96,94.5,95.1,92.10000000000011,98.31578635411013,85.88421364589009,26243,0.7413210355932051
1747195200,95.3,99.5,95.3,99.5,92.81500000000011,98.98112520144815,86.64887479855207,475778,1.0420746239818481
1747281600,98.6,100,98.5,100,93.56500000000011,99.38574737468777,87.74425262531246,1392055,1.0527640684066961
1747368000,100,101,99.1,99.3,94.15500000000011,99.7861544109472,88.52384558905302,296222,0.9568335038014485
1747627200,99.2,99.7,97.1,98.1,94.63500000000012,99.87953048422169,89.39046951577855,64304,0.830344156681375
1747713600,98,99,97.5,98,95.03500000000011,100.01828205101062,90.0517179489896,35350,0.797494700244656
1747800000,97.5,100.5,97.5,100,95.43500000000012,100.658131244755,90.21186875524523,603935,0.9369984005843335
1747886400,100,101.25,100,100.25,95.84750000000011,101.22127660495201,90.47372339504821,759487,0.9096281185138042
1747972800,101,101,100,101,96.27750000000012,101.8515896117592,90.70341038824104,69322,0.9236117759963273
1748232000,100.5,101,100.5,101,96.67750000000012,102.3996040710488,90.95539592895145,245743,0.8777019734637318
1748318400,101,101,100,100.25,97.04000000000012,102.7025612579403,91.37743874205994,36745,0.7834406422975768
1748404800,101,102,100.5,100.75,97.40250000000012,103.0403608531894,91.76463914681084,586509,0.7968767842244844
1748491200,100,101.25,100,101.25,97.72000000000013,103.47242557534777,91.96757442465248,500828,0.8068270900477091
1748577600,101,106,100.25,106,98.27000000000012,104.91171664556083,91.62828335443942,749540,1.0819278668841266
1748836800,106,110,105.5,109,98.97000000000014,106.90979848610188,91.0302015138984,746456,1.1316281211391528
1748923200,109,111,109,109.5,99.77500000000013,108.51682475229921,91.03317524770105,925795,1.0562339829245726
1749009600,110,110,107,107,100.42500000000014,109.28499435665245,91.56500564334783,434685,0.8710498977385457
1749096000,106.75,113.5,106.75,112.5,101.35000000000014,111.14704036941282,91.55295963058745,1743285,1.069049405717019
1749182400,112.5,113.25,110.75,110.75,102.21250000000013,112.1298522171953,92.29514778280496,443415,0.9304324285869945
1749441600,111.25,113,110.5,113,103.11250000000014,113.50402900202403,92.72097099797625,137371,0.9757480827929239
1749614400,113,115,111,115,104.10750000000014,115.03664795397626,93.17835204602403,694790,0.9983233846714041
1749700800,114.5,121,114,119.75,105.12000000000015,117.77058891909367,92.46941108090662,1362753,1.0782339499593891
1749787200,118,120,115.5,117.5,105.99500000000015,119.4999953720799,92.4900046279204,344694,0.9259534965774706
1750046400,116,117,113,116,106.83000000000013,120.63765729585984,93.02234270414041,693947,0.8320621233389657
1750132800,116.5,122,116.5,120,107.92500000000014,122.25338092737253,93.59661907262775,1784454,0.9213665193996986
1750219200,120,120,116.75,119.25,108.98750000000014,123.36584743633252,94.60915256366776,1741509,0.856873418361965
1750305600,118,119.75,115,115.5,109.76250000000013,123.7861184702772,95.73888152972306,459453,0.7045656052380649
1750392000,115.5,119,115.5,119,110.70000000000013,124.56055554441812,96.83944445558214,91090,0.7994107982685621
1750651200,113,118,112.75,114,111.35000000000016,124.5327538852799,98.16724611472043,149751,0.6005101067296305
1750737600,117,120.5,117,119,112.25000000000016,124.93167969946687,99.56832030053344,342273,0.7661319383537062
1750824000,119.5,123,119.5,123,113.38750000000016,125.63339216839097,101.14160783160935,918945,0.8924785498606503
1750910400,123.5,126,123.25,125.5,114.62500000000014,126.50933843341207,102.74066156658822,311492,0.9575349339356414
1750996800,125.5,126,124,125,115.81250000000014,126.82825576162958,104.7967442383707,144643,0.9170163263787202
1751256000,125.25,130,125,130,117.01250000000013,128.69953876094712,105.32546123905314,919288,1.055636901085605
1751342400,127,128,125,128,117.96250000000013,129.9742390497743,105.95076095022597,407671,0.917820432095908
1751428800,128,129.5,127,129,118.93750000000014,131.20623567242623,106.66876432757405,254306,0.9100870810435369
1751515200,128.75,129,125,126.5,119.91250000000014,131.2991972823498,108.52580271765045,272672,0.7892629810318678
1751601600,126.75,126.75,123,125.75,120.57500000000013,131.69828638487206,109.4517136151282,246578,0.7326201007931458
1751860800,125.75,129.75,123,127.75,121.42500000000014,131.99985224482424,110.85014775517604,164376,0.7990585520046228
1751947200,126.5,134,125,130,122.27500000000013,132.73671592043456,111.8132840795657,823630,0.8692032960343986
1752033600,131.5,137,131.5,136,123.32500000000013,134.81967267910986,111.83032732089042,974471,1.051342363277349
1752206400,136,141,135,138.5,124.26250000000013,137.38164154965463,111.14335845034562,1162492,1.0426231566338584
1752465600,138.5,138.5,135.75,136,125.18750000000014,138.865835973351,111.50916402664927,339062,0.895241790414622
1752552000,137,137,133,134.5,126.11250000000014,139.6822043077537,112.54279569224659,193231,0.8090524233165255
1752638400,134,134,130,130.25,126.62500000000014,140.0054895276614,113.24451047233887,272029,0.6354584222238638
1752724800,131.75,132.75,127.25,131,127.21250000000013,140.2741566713371,114.15084332866317,439278,0.6449854369664804
1752811200,130.75,134.75,130.75,133,128.08750000000015,140.20388869465103,115.97111130534927,237705,0.7027212944302709
1753070400,134.75,139,123,130,128.6375000000001,140.03100143721912,117.24399856278107,416440,0.5597928568099813
1753156800,135,137,126,135,129.68750000000014,139.2083652442865,120.16663475571377,406536,0.7789925003501115
1753243200,136,136,134,134,130.43750000000014,138.76047272612752,122.11452727387275,315319,0.7140160803853475
1753329600,135,137,133.75,134.75,131.02500000000015,138.8062274095966,123.2437725904037,457696,0.7393581246196373
1753416000,135,137,133.75,136,131.55000000000013,139.18478879864264,123.91521120135761,913062,0.7914291486878521
1753675200,136,141,136,140,132.30000000000013,140.1574805122174,124.44251948778285,1415561,0.9899789435066021
1753761600,140.5,141.5,139,140,132.80000000000013,141.25813218150907,124.34186781849118,313434,0.9256258855672899
1753848000,143,143,138.5,140,133.40000000000012,142.10976463516013,124.6902353648401,30325,0.8788850948598927
1753934400,141,141,138.25,138.5,133.8750000000001,142.60927157809346,125.14072842190676,23827,0.7647616323037157
1754020800,138,139.5,136,138,134.4500000000001,142.66522975941058,126.23477024058964,215216,0.7160621250996296
1754280000,138,139.5,135,136,134.96250000000012,142.15846240956594,127.76653759043431,146026,0.5720890369452661
1754366400,135.25,138,134.5,137,135.42500000000013,141.85559095261692,128.99440904738333,126699,0.6224615289329639
1754452800,137.75,137.75,135,135.5,135.7000000000001,141.63000843168942,129.7699915683108,39643,0.48313661756943516
1754539200,136.5,137,135,136,135.70000000000013,141.63000843168575,129.7699915683145,567419,0.525295073645839
1754884800,136.5,137,135,135,135.52500000000015,141.31917811254115,129.73082188745914,332818,0.4546959042505243
1754971200,137,137,134.75,135.5,135.50000000000014,141.29007771967144,129.70992228032884,109174,0.49999999999998773
1755057600,137,137,135.25,136,135.57500000000013,141.35016233537021,129.79983766463005,25573,0.5367955024741858
1755144000,136.5,136.5,133.5,135,135.81250000000014,141.0586295256453,130.56637047435498,43344,0.4225619577225152
1755230400,136.5,138.5,135,138,136.1625000000001,140.99539509506434,131.32960490493588,472848,0.690103443573243
1755489600,138,139,136.75,139,136.46250000000015,141.2171687581617,131.7078312418386,207725,0.7668429841347143
1755576000,139,140.5,138,139,136.9125000000001,140.75071247456373,133.0742875254365,311850,0.7719364826509804
1755662400,139,145,138.75,142,137.2625000000001,141.58533182646497,132.93966817353524,994729,1.0479625613696546
1755748800,142,143,139,142.25,137.67500000000013,142.24145376631344,133.1085462336868,597594,1.000935762642513
1755835200,142,145,141.5,142,138.0375000000001,142.76580572191682,133.3091942780834,249484,0.9190190136852672
1756094400,141.5,142,140,140,138.23750000000013,142.9424840594731,133.53251594052716,212659,0.6873013784660201
1756180800,140.5,143,140.5,141.75,138.3250000000001,143.21912913600556,133.43087086399464,229613,0.8499090343573718
1756267200,141.5,144.25,140.75,140.75,138.36250000000013,143.31849384582793,133.40650615417232,129822,0.7408699520490515
1756353600,142.5,142.5,139,139.5,138.33750000000012,143.2651642539732,133.40983574602703,149686,0.6179564942013426
1756440000,139.5,140,139,139,138.36250000000013,143.29827501511897,133.42672498488128,147816,0.5645795237877678
1756699200,142,142,139.5,139.75,138.4500000000001,143.418903299512,133.4810967004882,278665,0.6308135741067447
1756785600,142,142,138.75,139,138.6000000000001,143.4435524153152,133.75644758468502,183077,0.5412920069508395
1756872000,139.25,141,138,139.75,138.73750000000013,143.5475805606451,133.92741943935516,55632,0.6052477175001943
1756958400,138,139,137.5,138.75,138.90000000000012,143.47547811708208,134.32452188291816,62106,0.4836082704187663
1757304000,139.5,139.75,136.75,137.5,138.9750000000001,143.40472911134657,134.54527088865365,18475,0.3335112641287712
1757390400,138,138,134,134,138.92500000000013,143.55128360564734,134.2987163943529,135530,-0.03228470407523988
1757476800,134,137,133,135,138.90000000000015,143.6047847984632,134.19521520153708,309395,0.08552833263763959
1757563200,136,137.5,135,136,138.90000000000015,143.6047847984632,134.19521520153708,119392,0.1918031191408049
1757649600,135.5,136.75,134.75,135,138.90000000000015,143.6047847984632,134.19521520153708,239488,0.08552833263763959
1757908800,135,136.5,134,134,138.70000000000013,143.8589727659574,133.54102723404287,44904,0.04448296073452567
1757995200,135,136,134.5,135.5,138.52500000000015,143.8656460283249,133.1843539716754,178392,0.21679456156083943
1758081600,135.75,137.5,135.75,137.5,138.45000000000013,143.80397048926108,133.09602951073919,221777,0.4112807960087143
1758168000,138,138.5,136.75,138,138.25000000000014,143.3514703762606,133.14852962373968,264431,0.47549726044048896
1758254400,138.75,142.25,138.75,140,138.13750000000013,142.97349782877137,133.3015021712289,372331,0.6925662568456017
1758513600,142,142.5,138.5,142,138.13750000000013,142.97349782877137,133.3015021712289,324338,0.8993488145321683
1758600000,142,142.5,141,142,138.23750000000013,143.30078697585827,133.17421302414198,1249247,0.8715471805113505
1758686400,142,151,142,151,138.7000000000001,146.10877857679174,131.29122142320847,1487575,1.3300963426367107
1758772800,150.25,154.5,149.5,153,139.3125000000001,148.97929238423526,129.64570761576496,1357475,1.2079649306589952
1758859200,154,154.5,152.5,152.75,139.9750000000001,151.27975563645364,128.67024436354657,53042,1.0650276932482017
1759118400,159,159,152.5,154,140.7250000000001,153.55845238039672,127.8915476196035,841115,1.017202994428754
1759204800,154.25,155,150.25,151.5,141.31250000000009,154.9633928279416,127.66160717205858,236336,0.8731440913208073
1759291200,151,153,149.5,151,141.91250000000008,156.14650418012994,127.67849581987024,455419,0.819217975665826
1759377600,152.25,152.25,150.25,150.5,142.4500000000001,157.12191194084616,127.77808805915404,154568,0.7743337075786625
1759464000,151.5,151.5,149,149,142.9625000000001,157.79681410615112,128.12818589384906,183265,0.7034977807803217
1759809600,149,153,149,152,143.68750000000009,158.7978234578198,128.57717654218038,348045,0.7750602931566675
1759896000,152.5,153.5,151,152.5,144.61250000000007,159.50081336988725,129.72418663011288,716335,0.764888970430762
1759982400,151.75,157,151.75,156,145.66250000000008,160.65272598228466,130.6722740177155,362412,0.8448080106402917
1760068800,158.5,167,156.25,166,147.16250000000008,163.88843420410248,130.43656579589768,851793,1.063122506944324
1760328000,165.5,167,160,162,148.5125000000001,165.45097321926983,131.57402678073038,183948,0.8981321051018962
1760414400,161.5,165.5,161.5,165,150.06250000000009,167.07857695680602,133.04642304319415,203155,0.9389231442099629
1760500800,165,166,164,165,151.53750000000008,168.36179419024626,134.7132058097539,855569,0.9000910780496443
1760587200,166,173,165.75,169,153.11250000000007,170.27967434524294,135.9453256547572,464410,0.9627290339252148
1760673600,170,172,170,170.75,154.75000000000006,172.08565689554283,137.4143431044573,250404,0.9614765998314653
1761019200,171.25,173,171.25,172.75,156.38750000000007,174.02515503120958,138.74984496879057,233172,0.9638513444969522
1761105600,173,174,169,171,157.8375000000001,175.27257599639097,140.4024240036092,210876,0.8774718275597019
1761192000,171.25,172.5,166,168.75,159.17500000000007,175.62120016903455,142.72879983096558,102008,0.7911006768003498
1761278400,168.75,169.75,165,167,159.97500000000008,176.30893706367038,143.64106293632977,78747,0.7150430717534971
1761537600,167.5,168,165,165,160.57500000000007,176.72051021181892,144.42948978818123,592098,0.6370350005031348
1761624000,165,166,162,165,161.18750000000006,177.0256461983395,145.3493538016606,177506,0.6203581515240612
1761710400,165,166,163,163.5,161.66250000000008,177.17642519641433,146.14857480358583,83788,0.559220989425185
1761796800,163.5,165,160.25,162,162.18750000000006,176.9843535506702,147.39064644932992,259715,0.4936641935612195
1761883200,166,166,160.25,163,162.78750000000008,176.66578789872662,148.90921210127354,107379,0.5076558434855433
1762142400,163,170,163,167.25,163.62500000000006,176.4151329156495,150.8348670843506,71779,0.6417108025345284
1762228800,168.25,170.75,165.5,166,164.47500000000008,175.38588905634845,153.5641109436517,85785,0.5698843142902557
1762401600,166,169,164,168,165.27500000000006,174.64769971779612,155.902300282204,120044,0.6453690015709107
1762488000,166,168,165,166.5,165.97500000000005,173.29261573191616,158.65738426808394,22449,0.5358723400649571
1762747200,168,168,164,167.5,166.55000000000004,172.27625532088766,160.82374467911242,106207,0.5829512435932304
1762833600,167.75,168,166.25,166.5,166.57500000000005,172.2957953992425,160.85420460075758,171576,0.49344496745942207
1762920000,167.25,167.25,161.5,164.75,166.71250000000006,172.10989520509324,161.3151047949069,171742,0.3181993419577487
1763006400,164,164,161.5,162.5,166.58750000000006,172.24717092682585,160.92782907317428,360889,0.13889243271847518
1763092800,163,166.75,160,163.5,166.51250000000005,172.2928005977178,160.7321994022823,104674,0.23941666622065616
1763352000,165,167,161,162.25,166.17500000000004,172.12079683473914,160.22920316526094,29737,0.16993490451374726
1763438400,164.75,164.75,159.25,160.75,165.67500000000004,171.6793734061092,159.6706265938909,132374,0.08988226856535138
1763524800,160.5,160.5,157.75,159,164.98750000000004,170.73744565191578,159.2375543480843,80630,-0.020657095080990454
1763611200,158,160,157.5,158.5,164.36250000000004,170.07974365406838,158.6452563459317,28094,-0.012703354511429295
1763697600,158,160,157.75,158,163.82500000000005,169.8064295950034,157.84357040499668,24713,0.013076271526625655
1763956800,159,159,153,157,163.32500000000002,169.81171719747584,156.8382828025242,111942,0.01246525727518523
1764043200,156.25,157,156,156,162.87500000000003,170.04699414389054,155.7030058561095,167987,0.02070513011666931
1764129600,157,160,156.5,157,162.47500000000002,170.0114116129638,154.93858838703625,233382,0.13676347039072353
1764216000,159,159,155,155,162.05,170.23779579618576,153.86220420381426,195173,0.06948120254267814
1764302400,155,155,154.25,155,161.70000000000002,170.44585616163565,152.9541438383644,73066,0.11696145716470376
1764561600,152,154,149,150,161.05,171.14158064923558,150.95841935076444,256170,-0.047486086871685665
1764648000,150,153,149.5,149.75,160.17500000000004,170.9744212807904,149.37557871920967,397683,0.01733524746628493
1764734400,150,150,145,147.5,159.25000000000006,171.02072640069318,147.47927359930694,83157,0.0008804214789940164
1764907200,148.25,149.75,140.25,146,158.15000000000003,170.5399152539473,145.76008474605277,169707,0.009681876309476664
1765166400,145,145,139.5,139.75,156.81250000000006,170.95894389943933,142.66605610056078,296407,-0.10306675378242458
1765252800,140,145,136.5,143,155.58750000000003,170.05926129571,141.11573870429007,197326,0.06510131203824192
1765339200,144,149,143.75,148.75,154.70000000000002,168.5497292392323,140.85027076076773,235972,0.2851943566107638
1765425600,149.5,153.5,144.75,152.25,154.07500000000005,167.1613478480439,140.9886521519562,156464,0.4302708432791336
1765512000,153,155,153,153.5,153.62500000000006,166.12749975004945,141.12250024995066,197769,0.4950009997000975
1765771200,153.75,157.5,153.75,154.25,153.16250000000002,164.8257703389757,141.49922966102434,297867,0.5466207147906805
1765857600,154.5,155,153.25,153.25,152.71250000000003,163.60776846846917,141.8172315315309,56549,0.5246666707459063
1765944000,154.5,155,153,154,152.37500000000003,162.6542266246073,142.09577337539275,12653,0.5790429114632958
1766030400,155.25,155.25,150.5,153.75,152.1125,161.96069145833548,142.26430854166455,17610,0.5831370920705454
1766116800,153.75,153.75,149,150,151.68750000000003,161.12131550593537,142.2536844940647,56155,0.410561108655436
1766376000,150,150,148,149.25,151.25000000000006,160.27496537389308,142.22503462610703,9297,0.3891962507808862
1766462400,149,150,145,150,150.90000000000003,159.54060183089226,142.2593981691078,124558,0.4479202943490395
1766548800,148.5,150,147.75,148,150.50000000000006,158.89642781187166,142.10357218812845,69104,0.3511271664561125
1766721600,150,152,149.5,149.5,150.12500000000006,157.9791390362007,142.2708609637994,16575,0.4602120616200351
1766980800,152.75,152.75,147,148,149.77500000000003,157.34781321570816,142.2021867842919,41214,0.38280445130231194
1767067200,152.75,154,148,153,149.67500000000004,157.0185345713087,142.3314654286914,29664,0.7263896198562751
1767153600,154,157,153,157,150.02500000000003,158.03421344452792,142.01578655547215,21306,0.9354360168017171
1767326400,157.25,160,157.25,159.75,150.52500000000003,159.58300750717294,141.46699249282713,54026,1.009217948466858
1767585600,159.75,160,155,155.25,150.91250000000002,160.0821169494698,141.74288305053025,123487,0.7365147870353947
1767672000,155.5,160.75,155.5,160.75,151.65000000000003,161.47013238199966,141.8298676180004,74822,0.9633338760626247
1767758400,162.25,162.5,160.5,161.75,152.75000000000003,161.89740400332266,143.6025959966774,3297,0.9919428504923844
1767844800,162,162.5,158.25,161,153.65000000000003,162.31227452809043,144.98772547190964,217009,0.924253466925175
1767931200,161.5,164.75,161,163.25,154.37500000000003,163.678897032965,145.07110296703505,37128,0.9769506782241156
1768190400,164.75,164.75,162.5,164,154.96250000000003,165.1018725151015,144.82312748489858,26471,0.9456636732963319
1768276800,164.5,164.5,161,164,155.48750000000004,166.3324008755262,144.6425991244739,183786,0.8924655512163439
1768363200,164,164,161,164,155.97500000000005,167.41385920885426,144.53614079114584,18945,0.8507779864004369
1768536000,163.75,164.5,161,163,156.46250000000003,168.22183140106256,144.7031685989375,185341,0.7779707356240196
1768795200,162.5,164.25,160,160.75,156.8,168.6444079632552,144.95559203674483,296611,0.6667453541052472
1768881600,162,163,160,161,157.16250000000002,169.0550134012962,145.26998659870384,71154,0.661340999606598
1768968000,164,165,160.75,163,157.8125,169.48712526165437,146.13787473834563,141712,0.7221698719974545
1769054400,163.5,166,161.5,162,158.45000000000002,169.5637302468626,147.33626975313743,65063,0.6597123522501435
1769140800,163.5,170,163,166.5,159.27500000000003,170.20534766144263,148.34465233855744,110736,0.8305018387240578
1769400000,167,169.75,165.5,166,160.175,170.1676222784631,150.1823777215369,106913,0.791465034786439
1769486400,166.75,169.25,165.5,168,161.10000000000005,170.3674160368455,151.8325839631546,49509,0.8722720536429405
1769572800,167.25,168.5,167,168,162.10000000000005,169.65546160072157,154.54453839927854,85179,0.8904460317445412
1769659200,167.25,168,165.25,168,162.85000000000005,169.57569698990272,156.12430301009738,67587,0.8828599480270723
1769745600,168,169,166,167,163.35000000000005,169.74022691302727,156.95977308697283,21459,0.7855923623431118
1770004800,166,167,163,166,163.66250000000005,169.92803070377744,157.39696929622266,27553,0.6865364731666471
1770091200,167,167,163.25,165.25,164.16250000000005,169.12303172552646,159.20196827447364,9581,0.6096152650736796
1770264000,165,167,163.75,165.25,164.38750000000005,169.1110447494409,159.66395525055918,45533,0.5912979600862309
1770350400,166.5,166.5,163.5,164.5,164.52500000000003,169.09090626272476,159.9590937372753,15746,0.49726231786621095
1770609600,164.5,165,163,163.75,164.66250000000005,168.9528234143777,160.3721765856224,138907,0.39365603570326413
1770696000,164,166.5,163,163.75,164.68750000000006,168.95034822623992,160.4246517737602,72069,0.3900383088671447
1770782400,164,165.75,162.75,165,164.73750000000004,168.99036668024814,160.48463331975194,43772,0.5308615364336611
1770868800,165,165.5,162.5,163,164.68750000000006,168.99700983291373,160.37799016708638,600795,0.30421207220460944
1770955200,163,164,159.75,164,164.68750000000006,168.99700983291373,160.37799016708638,244760,0.42023454793520737
1771214400,164,165.5,163,164.25,164.75000000000006,168.99558594306842,160.5044140569317,20346,0.4411153128561216
1771300800,164.5,165.25,163.5,164.5,164.93750000000006,168.77115034920766,161.10384965079245,19100,0.44293950150011907
1771387200,163.75,164.5,159.25,164.5,165.11250000000007,168.50541541302442,161.7195845869757,62694,0.40973839229105596
1771473600,164.5,164.5,162,164,165.16250000000005,168.45747723815862,161.86752276184149,36803,0.32359513951457114
1771560000,162.5,164.5,160.25,164,165.26250000000007,168.2769443932424,162.24805560675776,29004,0.2905915924622285
1771819200,164.5,164.5,160,160.75,164.97500000000008,168.51371445583686,161.4362855441633,89483,-0.09696820027839952
1771905600,163.5,163.5,159.5,162.25,164.78750000000008,168.48302093755981,161.09197906244034,105111,0.15667898479345807
1771992000,161,161,159.75,160,164.38750000000007,168.32918428466152,160.44581571533863,60377,-0.05655142359745289
1772078400,162,162,159.75,161.5,164.06250000000006,167.8270550865901,160.29794491341002,17132,0.15965433616204702
1772164800,161.5,162,160,161.5,163.73750000000007,167.19609436765356,160.27890563234658,184113,0.176530439515213
1772510400,155,157.5,150,153,163.03750000000008,168.5991431924344,157.47585680756575,382825,-0.40238618810124216
1772596800,153.5,155,152.5,152.5,162.36250000000007,169.40251953121984,155.3224804687803,307292,-0.20045970442721694
1772683200,155,157,152,153,161.75000000000006,169.74531112590216,153.75468887409795,59765,-0.04719571647768742
1772769600,153.75,153.75,151.5,152,161.08750000000006,169.96059838782202,152.2144016121781,60156,-0.012081552734294438
1773028800,150,152,147,150,160.36250000000007,170.30668800103703,150.4183119989631,153652,-0.02103298926566374
1773115200,149,151,149,150.5,159.70000000000007,170.3906501205477,149.00934987945246,35998,0.0697174682427632
1773201600,150.75,153.75,150,150.5,159.03750000000008,170.2705705953427,147.80442940465747,35149,0.1199836933482886
1773288000,149.75,149.75,146.75,146.75,158.12500000000006,170.20545942834903,146.04454057165108,215676,0.029198369173503
1773374400,147,149.5,145.5,147,157.32500000000007,170.10692082591504,144.5430791740851,615317,0.0961092178310774
1773633600,146,146,135,144.25,156.33750000000006,169.93003011767783,142.7449698823223,305643,0.055362397752583906
1773720000,140,144,135,139,155.07500000000007,170.1075480208763,140.04245197912385,61687,-0.034673163115001016
1773806400,136.5,139,134.75,137.5,153.72500000000008,169.9329455823352,137.51705441766495,132772,-0.0005261128740319455
1773892800,136,137.75,133.5,134.25,152.21250000000006,169.71055346317036,134.71444653682977,177228,-0.013271377236540356
1773979200,135,138,135,137.75,150.90000000000006,168.60127114079566,133.19872885920446,52751,0.12855774889257401
1774238400,136,141,130,136,149.50000000000009,167.26443075361385,131.73556924638632,80660,0.12002722780031046
1774324800,145.25,145.25,138.25,142,148.56250000000009,165.82508598819834,131.29991401180183,41629,0.30992129439683586
1774411200,145,145.5,142.75,143.25,147.6125000000001,163.8162611374622,131.408738862538,82089,0.36538619142211787
1774497600,144,144,140,142.5,146.7375000000001,162.0357637903762,131.439236209624,315441,0.3615038916159283
1774584000,144,144,142,143,145.81250000000009,159.59008596416487,132.0349140358353,27354,0.3979320467564006
1774843200,145,145,140,143.5,144.91250000000008,156.67820758603017,133.14679241397,14396,0.43997386091435764
1774929600,142,142.5,140.25,141.75,144.35000000000008,155.57875772291618,133.12124227708398,4746,0.3842258393956664
1775102400,142,144,140,141,143.77500000000006,154.43907520603457,133.11092479396555,30403,0.3698902649134655
1775448000,144,144,139,140,143.12500000000006,153.0175477001617,133.2324522998384,67363,0.34205282123891145
1775534400,143,143,138.25,140,142.52500000000006,151.6146919639752,133.43530803602494,28450,0.3611064043750156
1775620800,142,145,139.5,140.75,142.06250000000006,150.5018053624084,133.62319463759172,272489,0.4222388606859518
1775707200,145,145,140,142,141.63750000000007,149.13829162488463,134.13670837511552,72617,0.5241641161445746
1775793600,144,155,142,152,141.71250000000006,149.58694442484443,133.8380555751557,53475,1.1532206873885746
1776225600,151.75,153,150,151.5,141.95000000000007,150.6600516645978,133.23994833540235,175692,1.0482171844523147
1776312000,152,161.75,152,157,142.45000000000005,153.17683550726815,131.72316449273194,182434,1.1782056082682266
1776398400,157,162,154.75,160,143.23750000000004,156.41083955381063,130.06416044618945,81838,1.1362281914744674
1776657600,160,160,154.5,154.5,144.01250000000005,157.90177193916145,130.12322806083864,26162,0.8775395876017804
1776744000,153.75,160,151.75,154,144.83750000000003,159.03809417770916,130.6369058222909,43928,0.8226097403157424
1776830400,160,160,152.5,154.5,145.85000000000005,159.77156600386502,131.92843399613508,6713,0.8106690726315738
1776916800,153.25,155,151.5,154,146.66250000000005,160.49477656605958,132.83022343394052,9668,0.7652311051242311
1777003200,154,155,152.25,153.5,147.53750000000005,160.76179109631076,134.31320890368934,8987,0.7254374150030378
1777262400,153.5,155,152,153.5,148.11250000000004,161.3237404792274,134.90125952077267,11481,0.703898339768736
1777348800,155,155,153.5,153.5,148.62500000000006,161.83721026172168,135.41278973827843,37420,0.6844884354483738
1777435200,155,155.25,152.5,154.5,149.22500000000005,162.35978206899392,136.09021793100618,4554,0.7008027225838859
1777521600,152.5,155,152.5,153,149.72500000000005,162.63323380637163,136.81676619362847,29545,0.6268570142564116
1777867200,152.75,155.25,152.75,155.25,150.31250000000006,163.1029994038523,137.52200059614782,34818,0.69301435558149
1777953600,154,156,152,155.25,150.98750000000004,163.3157957054071,138.65920429459297,421090,0.6728746658035818
1778040000,155.5,159.75,155.5,157.5,151.81250000000006,163.55119136658524,140.07380863341487,12614,0.7422544311962114
1778126400,157.75,165,157.75,165,153.06250000000006,164.8277826145377,141.2972173854624,193112,1.0073188800942823
1778212800,165.75,170,163,169,154.51250000000002,166.62393571175545,142.40106428824458,242558,1.0980917681765145
1778472000,169,169,160.5,167,155.82500000000002,167.3620056773848,144.28799432261525,47670,0.9843111077732066
1778558400,167,175.25,166.75,168.25,157.13750000000002,168.0398793274674,146.23512067253264,176334,1.0096364594471243
1778644800,170,170,163,166,157.83750000000003,169.12164263468765,146.55335736531242,13418,0.8616801144868697
1778731200,165,167.75,165,165.25,158.52500000000003,169.85626206562966,147.1937379343704,13535,0.7967454093396386
1778817600,165.25,165.25,164,164,158.87500000000003,170.42651505214732,147.32348494785273,15461,0.7218323733667859
1779076800,163,163.25,157,161,158.925,170.50418390906717,147.34581609093286,163143,0.5896004423237093
1779163200,160,162,157,160,159.20000000000002,170.6057003292212,147.79429967077883,95172,0.5350701831938544
1779249600,159,159.5,154,159,159.45000000000002,170.60526781390695,148.29473218609309,46944,0.4798301570384973
1779336000,156.75,161,153,159.75,159.71250000000003,170.63412419239796,148.7908758076021,123108,0.5017167776211375
1779422400,158.25,166.25,158.25,163.5,160.18750000000003,170.89832979978556,149.4766702002145,94475,0.6546332105877688
1779681600,163,167,162,167,160.8625,171.5037816427347,150.22121835726531,69499,0.7883816163342668
1779768000,167,167,160.75,163.25,161.35000000000002,171.47842534651892,151.22157465348113,40248,0.593795428953475
1779854400,162,166,162,163,161.82500000000005,171.30669288681975,152.34330711318034,17842,0.5619615090904968
1780027200,165,166,164,166,162.40000000000003,171.41859190783086,153.3814080921692,54678,0.6995876982122948
1780286400,166,166.5,163.75,165,163.00000000000006,170.9733932550674,155.0266067449327,15833,0.625417117657459
1780372800,166,166,164.5,165.25,163.50000000000006,170.68157364370472,156.3184263562954,28925,0.6218395916286387
1780459200,166,166,164,164.5,163.96250000000003,170.07043541222941,157.85456458777065,8711,0.5440001378308436
1780545600,164.5,164.5,161.5,162,164.18750000000003,169.6209036294,158.75409637060005,39346,0.29869892343691024
1780632000,162.25,162.5,159.25,162.5,164.06250000000006,169.5303034895146,158.5946965104855,11564,0.3571181276909075
1780891200,161.5,161.5,158.5,160,163.61250000000004,168.8576763554687,158.36732364453138,30515,0.15563598293185874
1780977600,160,166,160,161.75,163.35000000000005,168.41310181607597,158.28689818392414,6347,0.341994091949734
1781064000,165.75,165.75,162,164.75,163.17500000000004,167.76874574829353,158.58125425170655,32398,0.6714287300929803
1781150400,163.5,164,162,162.75,163.01250000000005,167.4212271405652,158.60377285943488,38260,0.47022950257175644
1781236800,163.75,165,162.5,162.5,162.87500000000006,167.16597890929066,158.58402109070946,10704,0.4563036770947386
1781496000,164.5,168,163,168,163.07500000000005,167.89708461144903,158.25291538855106,119183,1.0106712549492203
1781582400,168,168,166.5,166.5,163.35000000000005,168.29317711598063,158.40682288401948,24655,0.8186209927433569
1781668800,167,167.75,166.5,166.5,163.67500000000007,168.54865366023586,158.80134633976428,122029,0.7898236309905593
1781755200,167,171,166.75,170.25,164.23750000000007,169.41068808859092,159.06431191140922,291583,1.0811213411377922
1781841600,170.25,174.5,170,172.75,164.88750000000007,170.84878132199222,158.92621867800793,65756,1.1594639285847719
1782100800,173.25,173.25,170.5,171.25,165.27500000000006,171.80550534032008,158.74449465968004,14375,0.9574684261499387
1782187200,172.25,179,171.25,176.5,165.75000000000006,173.8955509328681,157.604449067132,161925,1.1598694237256995
1782273600,178,179,175,176.75,166.42500000000004,175.7779407140196,157.0720592859805,342944,1.0519654360966568
1782360000,177,178.5,175.5,177,167.12500000000006,177.3981446013355,156.8518553986646,48271,0.9806220676927031
1782446400,177,177,174.75,175,167.57500000000005,178.38598977892218,156.7640102210779,43257,0.8434005651580698
1782792000,175,175,172,173,167.97500000000005,178.96579160024237,156.98420839975773,79694,0.7286004585824901
1782878400,172.5,172.5,168,169,168.16250000000008,179.08870130694658,157.23629869305358,33832,0.538325305221471
1782964800,168,169,167,168,168.33750000000006,179.13480869244492,157.5401913075552,67376,0.48437110535534567
1783051200,167.75,167.75,166,167.5,168.61250000000004,179.02340173808054,158.20159826191954,15890,0.4465704303052448
1783310400,169,169,166.5,166.5,168.81250000000006,178.8945074885882,158.7304925114119,16036,0.3853154987923991
1783396800,167,167.5,165.75,166.5,169.13750000000007,178.45210546668108,159.82289453331907,18055,0.3584212713337888
1783483200,166,168,164.25,165,169.30000000000007,178.19747155094842,160.40252844905172,11983,0.25835831700176976
1783569600,164.5,164.75,161,162,169.16250000000008,178.41489833772368,159.91010166227647,11873,0.11293819512734626
1783656000,162,163,160.5,162.75,169.16250000000008,178.41489833772368,159.91010166227647,12638,0.1534682270511839
1783915200,162.75,162.75,158,160,169.03750000000008,178.70480960505134,159.37019039494882,104662,0.032574192344170784
1784001600,159.5,161.75,157.75,160.75,168.67500000000004,178.99258208108716,158.35741791891292,21554,0.11594684017454346
1784088000,161.25,161.25,159.75,161,168.40000000000003,179.21596042892043,157.58403957107964,2829,0.15791294963443786
1784174400,159.75,160.75,158.5,160.25,168.08750000000003,179.45222063008845,156.72277936991162,33228,0.15518290087791356
1784260800,161.25,161.75,160,161.5,167.65000000000006,179.3176904312689,155.98230956873124,39982,0.23645169812191916
1784520000,160,162,159,162,167.11250000000007,178.78134205908646,155.44365794091368,58713,0.28093370472783863
1784606400,161,161.75,159,160.25,166.56250000000006,178.4346049102475,154.69039508975263,4792,0.23414571182944102
1784692800,160.25,162.5,160,161,165.78750000000008,176.96702928346707,154.6079707165331,3541,0.2858809669616348
1784779200,162.5,163,161.25,162.5,165.07500000000007,175.1287306508536,155.02126934914654,34529,0.37193808500422365
1784865600,162.5,163,160.5,161.75,164.31250000000006,172.82847763030964,155.79652236969048,19615,0.3495475146106682
1785124800,161.5,162.5,160,160,163.56250000000006,170.71420434231825,156.41079565768186,16307,0.2509334957459045
1785211200,161,161,159.5,160,162.91250000000005,168.75902674670502,157.06597325329508,57001,0.2509204929540858