time,open,high,low,close,Basis,Upper,Lower,Volume,Bollinger Bands %b
1329969600,74.0399514,78.42237847,73.80929702,75.14708592,,,,44869.41450986,
1330056000,74.0399514,78.42237847,73.80929702,74.87030565,,,,796.3997929,
1330315200,74.0399514,80.72891896,73.80929702,75.97744545,,,,27271.48086625,
1330920000,78.46851347,80.26761067,74.40899784,78.46851347,,,,6100.17223566,
1331006400,78.42237847,78.42237847,74.82417497,78.42237847,,,,127817.99712783,
1331179200,81.19022677,82.98932396,74.87030565,81.19022677,,,,10436.58995616,
1331265600,80.72891896,83.03545944,76.39262737,80.72891896,,,,21859.29798048,
1331611200,82.15897835,82.57415115,78.60689689,82.15897835,,,,178543.66037657,
1331697600,83.91194006,85.29586445,82.57415115,83.91194006,,,,17975.28537794,
1331784000,84.14259397,84.41938383,83.03545944,84.14259397,,,,5583.13781514,
1331870400,83.03545944,85.34199993,83.03545944,83.03545944,,,,36025.6241395,
1332129600,84.37324835,84.41938383,83.03545944,84.37324835,,,,898.55578728,
1332216000,83.40450588,83.91194006,82.98932396,83.40450588,,,,4386.45330958,
1332302400,80.54440005,82.98932396,78.8375508,80.54440005,,,,17625.03625436,
1332388800,79.66791032,82.57415115,78.42237847,79.66791032,,,,8989.72750518,
1332475200,81.00570834,82.34349725,80.72891896,81.00570834,,,,30129.7638926,
1332734400,82.48188978,82.98932396,78.74529374,82.48188978,,,,971.52435469,
1332820800,81.60539957,82.48188978,79.11434066,81.60539957,,,,1442.69281855,
1332907200,81.3286193,81.65153506,78.88368628,81.3286193,,,,3198.10806887,
1332993600,82.98932396,83.03545944,81.19022677,82.98932396,80.772742603,86.40829339495271,75.13719181104729,75920.66716807,0.6966605784269716
1333080000,79.02207881,80.49826457,78.97594813,79.02207881,80.9664922475,86.05497327330032,75.87801122169968,13530.45721443,0.30893969854253467
1333339200,78.60689689,78.97594813,78.42237847,78.60689689,81.1533218095,85.5617067578572,76.7449368611428,21436.08028949,0.21118392003754857
1333425600,78.42237847,78.8375508,77.96107018,78.42237847,81.2755684605,85.21355677499815,77.33758014600184,7409.43681666,0.13773508671982948
1333512000,78.42237847,78.8375508,78.00720566,78.42237847,81.27326171050001,85.2178729411756,77.32865047982442,3801912.54012057,0.1386357141700195
1333598400,77.59202374,80.26761067,77.59202374,77.59202374,81.23174397400001,85.31069707746835,77.15279087053167,8929.26783504,0.053841372813878054
1333944000,78.42237847,78.42237847,78.42237847,78.42237847,81.093351559,85.35239027091032,76.83431284708968,1532.33991566,0.1864347485818015
1334030400,78.42237847,78.42237847,78.42237847,78.42237847,80.97802453450001,85.3923723553921,76.56367671360792,2435.06533536,0.21052959936632917
1334116800,78.42237847,78.42237847,78.42237847,78.42237847,80.7911945405,85.3049712159369,76.2774178650631,4.16963242,0.2376015429174153
1334548800,78.19172409,78.42237847,78.19172409,78.19172409,80.505183742,84.91546831030075,76.09489917369925,394.03026403,0.2377199117004639
1334635200,76.48488442,78.19172409,75.8851836,76.48488442,80.1222982645,84.5325834607442,75.7120130682558,10880.65580926,0.0876214708747608
1334721600,75.65452969,76.0697025,75.65452969,75.65452969,79.753251777,84.35767615716267,75.14882739683733,34030.45502483,0.05491482228933951
1334808000,75.65452969,75.65452969,75.65452969,75.65452969,79.317315844,83.73677216851569,74.89785951948433,152.19158346,0.08560670305963464
1334894400,74.50125921,74.7319136,74.36286716,74.50125921,78.8721535105,83.3483988136464,74.3959082073536,5124.47824855,0.011767787008047656
1335153600,73.80929702,76.57714579,73.80929702,73.80929702,78.535398359,83.44970170297424,73.62109501502576,11343.48500828,0.019148391114786483
1335240000,75.60839421,77.49976189,73.8554325,75.60839421,78.3324225535,83.37648189448899,73.288363212511,4244.68580718,0.22997657646847866
1335326400,73.80929702,74.50125921,73.80929702,73.80929702,77.9726019875,83.22494363819708,72.72026033680292,15121.17198402,0.1036715388699577
1335412800,73.53250763,74.27060531,73.34798921,73.53250763,77.52513287999999,82.68869083053875,72.36157492946123,2849.9437615,0.1133842896463084
1335499200,73.53250763,74.27060531,73.34798921,73.53250763,77.12148828299999,82.20765686955946,72.03531969644052,437.81140447,0.14718229528567836
1335931200,71.87180297,73.34798921,71.77954592,71.87180297,76.64864746649998,81.83966336304479,71.45763156995517,267175.45198784,0.03989309687151144
1336017600,73.34798921,73.34798921,71.96406482,73.34798921,76.16658072899999,80.65602679580552,71.67713466219446,3141.81803115,0.18608693844878194
1336104000,71.50275653,73.57864311,71.50275653,71.50275653,75.790614615,80.51387633598969,71.0673528940103,3175.17509054,0.046091415393605145
1336449600,69.24235152,71.45662105,69.19621604,69.24235152,75.3223873465,80.65360811916285,69.99116657383713,14656.25796879,-0.0702292294549934
1336536000,67.30484836,69.65752433,66.88967556,67.30484836,74.76651084099998,80.94065996911982,68.59236171288015,4261.36433687,-0.10426646054079278
1336622400,65.96705946,69.15008056,65.96705946,65.96705946,74.1437448905,81.17096077141662,67.11652900958339,4672.07313059,-0.08178698143491875
1336708800,64.7215276,66.88967556,64.62927055,64.7215276,73.5002200835,81.44394569917982,65.55649446782017,5752.00792829,-0.05255511759948386
1336968000,67.02806809,69.19621604,64.58313507,67.02806809,72.9305045645,81.013616293029,64.847392835971,27719.71635179,0.13489082715091083
1337054400,67.44324522,68.50425385,66.88967556,67.44324522,72.381547902,80.38911612029554,64.37397968370445,7057.10287686,0.19164779197777823
1337140800,68.31973543,68.50425385,66.98193741,68.31973543,71.87641574999999,79.56418864779049,64.1886428522095,27346.53424988,0.26867941032556997
1337227200,67.35098385,68.96556214,66.88967556,67.35098385,71.33437873799998,78.6859716625947,63.98278581340527,4536.56007683,0.22907947101684906
1337313600,66.38223226,66.88967556,65.55188665,66.38223226,70.82924612999997,78.08352017459922,63.574972085400724,452.40511796,0.19349008304209683
1337572800,64.67539644,66.88967556,64.62927055,64.67539644,70.28028946749997,77.65161086596568,62.908968069034266,26033.10003646,0.11981761990010399
1337659200,66.79741419,66.79741419,64.49087322,66.79741419,69.83743369249997,76.92273443809806,62.75213294690188,10217.68425392,0.2854699742711234
1337832000,63.01469226,64.35248116,62.27659458,63.01469226,69.26310534499999,76.60080122940442,61.92540946059555,12627.73179473,0.07422512574550884
1337918400,63.56825712,64.12182678,60.43136191,63.56825712,68.75105334999998,76.17706704657154,61.325039653428426,2566.4087567,0.15103779485400232
1338177600,59.69326471,63.93730836,58.58612971,59.69326471,67.95529687499999,75.67649161590496,60.23410213409501,21688.34305111,-0.035022910459037306
1338264000,56.87928957,58.58612971,55.81828093,56.87928957,67.10879650249998,75.7362133076024,58.48137969739757,52998.11291958,-0.0928487729055856
1338350400,60.29296985,60.43136191,57.66351361,60.29296985,66.4468196135,75.03272392138423,57.86091530561577,1202486.54907731,0.14163065748071124
1338436800,61.03106273,62.69176739,59.9700541,61.03106273,65.8217473685,74.06672045087376,57.57677428612624,20971.16627426,0.20947845489383093
1338523200,61.21558595,64.53699959,60.89267019,61.21558595,65.28893651749999,73.27434455740028,57.3035284775997,1356737.93095426,0.2449503802969814
1338868800,61.35397848,62.27659458,60.43136191,61.35397848,64.689235981,71.93045766805456,57.448014293945434,98530.49898479,0.26970339777315655
1338955200,60.80040834,60.89267019,60.43136191,60.80040834,64.15411857149999,70.8645338033037,57.44370333969629,109759.31910142,0.2501115716651003
1339041600,60.43136191,60.89267019,59.9700541,60.43136191,63.71356909099999,70.18250236694698,57.244635815053,123352.3208022,0.2463100142643296
1339128000,60.43136191,60.89267019,60.43136191,60.43136191,63.36989476849999,69.76909542225997,56.97069411474001,118694.84138509,0.27039844368894755
1339387200,60.84653471,60.89267019,60.43136191,60.84653471,63.113868530999994,69.4866220630249,56.74111499897509,9648.5294281,0.3221072092615856
1339473600,60.43136191,60.66201629,60.43136191,60.43136191,62.89936024649999,69.32977136721188,56.4689491257881,1257319.30026325,0.3080994908279857
1339560000,60.15457252,60.84653471,59.9700541,60.15457252,62.55568546799999,68.79870268799701,56.31266824800298,9110.64684547,0.30769611364285654
1339646400,60.200708,60.43136191,59.50874581,60.200708,62.193558606999986,68.09120697431013,56.295910239689846,12475.54021127,0.3310470137516094
1339732800,61.1233241,61.1233241,60.89267019,61.1233241,61.83373804049999,67.02868219715745,56.63879388384252,14089.18795919,0.43162448728254654
1339992000,59.55488129,60.43136191,59.50874581,59.55488129,61.44393291249999,66.06240560300024,56.82546022199973,1947.2183418,0.29548957533238424
1340078400,60.89267019,60.98493204,59.9700541,60.89267019,61.16945480899999,65.19591170116175,57.142997916838226,31906.02730503,0.46562925837616664
1340164800,60.43136191,60.84653471,60.43136191,60.43136191,60.95725308249998,64.65628913193734,57.258217033062614,10943.20029562,0.4289151057908765
1340251200,59.87779225,60.89267019,59.73939971,59.87779225,60.61127198549999,63.183354177533815,58.039189793466164,33805.29487396,0.35741518335384037
1340337600,59.50874581,59.9700541,59.50874581,59.50874581,60.43597466299998,62.798286494201875,58.07366283179809,1285383.01128998,0.3037454579973408
1340596800,59.50874581,59.9700541,59.50874581,59.50874581,60.232999097499984,62.13705604469408,58.32894215030589,1445186.25873889,0.30981312335030803
1340683200,58.17095258,59.73939971,58.12482142,58.17095258,60.156883490999995,62.253166640337255,58.060600341662735,11841.75608289,0.02632092863317423
1340769600,58.8629143,59.46261032,58.58612971,58.8629143,60.2560647275,61.8502423345311,58.66188712046889,4676.24276302,0.06305043385519944
1340856000,58.72452224,59.047438,58.58612971,58.72452224,60.177642346999995,61.905546871067884,58.44973782293211,8301.7381553,0.07951377325553423
1340942400,59.32422738,59.9700541,58.3554758,59.32422738,60.09230057949999,61.81175378512478,58.3728473738752,13338.65412295,0.2766519039345136
1341201600,61.81528629,61.81528629,61.81528629,61.81528629,60.1222855965,61.93730759866744,58.30726359433256,2.08481621,0.9663857219026213
1341374400,58.3554758,62.09207568,58.3554758,58.3554758,59.9723604625,61.84993991080143,58.09478101419857,1799.19639076,0.06942310378324426
1341460800,59.92391861,59.9700541,59.64713834,59.92391861,59.928535976,61.767274377009294,58.089797574990705,2024.35654164,0.49874442008785386
1341547200,59.69326471,59.73939971,59.50874581,59.69326471,59.891631116,61.71810716629933,58.065155065700665,1248104.4126072,0.44569695946259774
1341806400,59.92391861,59.9700541,57.70964429,59.92391861,59.866258951,61.67606181477963,58.05645608722037,594.17262036,0.5159298175933882
1341892800,59.50874581,59.50874581,57.75577498,59.50874581,59.79936950599999,61.55745500756227,58.04128400443771,466.99883144,0.4173465409555636
1341979200,59.50874581,59.50874581,59.50874581,59.50874581,59.753238701,61.490869839334806,58.015607562665195,43808.24305807,0.42964764339044337
1342065600,58.67839108,59.50874581,58.58612971,58.67839108,59.679429629000005,61.46728213166645,57.89157712633356,12569.3569408,0.2200444255029331
1342152000,58.81678361,59.9700541,58.81678361,58.81678361,59.6102334095,61.41903121658751,57.80143560241248,1339500.67051529,0.28066929416019404
1342411200,58.81678361,59.9700541,58.81678361,58.81678361,59.494906385,61.19389786406414,57.79591490593586,32754.54750323,0.30043373278907487
1342497600,58.81678361,59.9700541,58.81678361,58.81678361,59.458001501,61.182059175740235,57.73394382625976,16261.56645186,0.31403815533705726
1342584000,59.23195642,59.92391861,58.12482142,59.23195642,59.3749658125,60.96975720633789,57.780174418662114,14800.1102874,0.45516360539297746
1342670400,59.50874581,59.50874581,59.50874581,59.50874581,59.328835007500004,60.85042373635003,57.80724627864998,4159.20834249,0.559119392477351
1342756800,59.69326471,59.87779225,59.46261032,59.69326471,59.3196086305,60.829967113253865,57.809250147746134,12656.9192217,0.6236978120646919
1343016000,59.37035327,59.64713834,59.047438,59.37035327,59.3126890035,60.8207843753611,57.804593631638895,1256987.81448558,0.5191182426443107
1343102400,59.37035327,59.37035327,59.2780919,59.37035327,59.30576937650001,60.81147104181193,57.80006771118809,2086.90102799,0.5214464442020172
1343188800,58.8629143,59.73939971,58.8629143,58.8629143,59.34036746250001,60.77005682950793,57.910678095492095,248.0931292,0.33302206286277564
1343275200,59.047438,59.69326471,58.58612971,59.047438,59.3495936475,60.76918528797482,57.93000200702518,4461.5066932,0.3935765614261658
1343361600,59.69326471,59.73939971,59.047438,59.69326471,59.398030771,60.79493266910139,58.00112887289861,869370.44512717,0.6056745428584743
1343620800,59.92391861,59.9700541,59.92391861,59.92391861,59.4280153325,60.8429219841714,58.01310868082861,3018.81387465,0.6752424009436241
1343707200,59.55488129,59.9700541,59.55488129,59.55488129,59.314995082500005,60.21736584589715,58.41262431910286,67416.70184023,0.6329199799187287
1343880000,59.9700541,60.89267019,59.9700541,59.9700541,59.39572399750001,60.22631979350706,58.56512820149297,88600.51936809,0.845733812560203
1343966400,59.9700541,59.9700541,59.9700541,59.9700541,59.398030772000006,60.23471541695909,58.56134612704092,104.24081059,0.8418392649168108
1344225600,59.9700541,60.89267019,59.9700541,59.9700541,59.411870241500004,60.276326482943055,58.54741400005695,3246.05884174,0.8228525816229916
1344312000,59.60100766,59.9700541,59.55488129,59.60100766,59.395724694,60.23295689884715,58.558492489152854,537.88258264,0.6225961954231544
1344398400,60.84653471,60.89267019,59.92391861,60.84653471,59.462614139,60.512126482613,58.41310179538701,2608.10508093,1.1593160049150948
1344484800,59.55488129,59.9700541,59.55488129,59.55488129,59.464920913,60.51503133280678,58.41481049319322,667.14118777,0.542833770288914
1344571200,59.50874581,59.73939971,59.50874581,59.50874581,59.5064386495,60.49259040896381,58.52028689003619,5827.06131192,0.501169779639828
1344830400,59.50874581,59.87779225,59.50874581,59.50874581,59.5410367595,60.47515849981121,58.6069150191888,9750.68542248,0.48271587732812854
1344916800,59.50874581,59.9700541,59.50874581,59.50874581,59.57563486950001,60.449188144940976,58.70208159405904,11954.33615833,0.4617143788590107
1345003200,59.9700541,59.9700541,59.73939971,59.9700541,59.63329839399999,60.44922563087629,58.817371157123695,19891.23147656,0.70636380965124
1345089600,59.46261032,59.73939971,59.2780919,59.46261032,59.644831089,60.4440914041415,58.8455707738585,4486.52448774,0.38600662040393163
1345176000,59.60100766,59.73939971,59.50874581,59.60100766,59.649444181499994,60.44657164108611,58.85231672191388,998.62696544,0.4696180824550046
1345435200,59.50874581,59.9700541,59.32422738,59.50874581,59.64021823649999,60.43937208476009,58.84106438823989,758831.40476255,0.4177427307731616
1345521600,60.10844663,61.1233241,59.55488129,60.10844663,59.677122904499996,60.491052385949196,58.863193423050795,15354.67139974,0.7649638177081608
1345608000,62.27659458,62.27659458,60.89267019,62.27659458,59.822434969999996,61.204696845286044,58.44017309471395,489979.76054044,1.387733234157289
1345694400,64.21408863,66.88967556,62.27659458,64.21408863,60.089993686499994,62.391620418924376,57.78836695407561,599238.72375103,1.395908725207576
1345780800,63.1530752,66.05932083,62.32273006,63.1530752,60.2952755465,62.90066078615425,57.689890306845754,267027.43003681,1.0484409004096555
1346040000,64.49087322,67.35098385,62.73790239,64.49087322,60.535155972000005,63.69838001259153,57.37193193140848,586404.59515133,1.1252666894976358
1346126400,65.27509726,66.84354007,64.81378897,65.27509726,60.8027149045,64.56281086893127,57.04261894006873,23616.79804701,1.0947165175844742
1346212800,66.88967556,66.88967556,65.73640555,66.88967556,61.16945461800001,65.71908425680817,56.61982497919185,102095.53470693,1.1286468785510286
1346299200,66.88967556,67.21259131,66.88967556,66.88967556,61.515435691000015,66.66099605342575,56.369875328574274,229.3297833,1.02222104984368
1346644800,70.25722468,71.04144872,67.30484836,70.25722468,62.02979422000001,68.37208613627365,55.68750230372637,256186.38573557,1.148616507140682
1346731200,73.71703565,75.1932214,71.04144872,73.71703565,62.717143297500016,70.76727921623431,54.667007378765724,91014.73654133,1.1832115919248647
1346817600,73.80929702,77.26910799,72.47150811,73.80929702,63.4275577655,72.67153137121662,54.18358415978337,46745.74910046,1.0615409399308418
1346904000,72.37923763,73.80929702,71.50275653,72.37923763,64.00419291150001,73.94477610030044,54.06360972269958,60436.7371632,0.9212551999934846
1346990400,76.1158375,76.1158375,73.34798921,76.1158375,64.83224072200001,75.85275130790995,53.81173013609006,297484.51007466,1.0119362070404618
1347249600,76.48488442,77.49976189,75.23935689,76.48488442,65.6810476525,77.51568588811963,53.846409416880356,161060.39162461,0.9564498108181647
1347336000,74.9625675,76.57714579,74.54739469,74.9625675,66.45373873700001,78.58964893148666,54.31782854251335,36398.80624141,0.8505640955906859
1347422400,76.16197298,76.57714579,74.7319136,76.16197298,67.2864000955,79.68439967483006,54.88840051616994,211283.61416632,0.8579437484131454
1347508800,78.00720566,78.42237847,76.25423004,78.00720566,68.1882576735,80.94515211730057,55.43136322969944,14602.05274729,0.8848486804432125
1347595200,79.66791032,80.72891896,78.42237847,79.66791032,69.1985226735,82.22867674007605,56.168368606923934,304820.9783239,0.9017369093645359
1347854400,82.98932396,83.03545944,78.42237847,82.98932396,70.3679384885,83.93000185448864,56.80587512251137,264792.50705778,0.9653195141069867
1347940800,81.88218896,85.34199993,81.88218896,81.88218896,71.486610646,84.97197429766145,58.001246994338565,11431.04728917,0.8854393022882708
1348027200,81.05183471,82.98932396,77.03845408,81.05183471,72.53378005,85.56738878966853,59.50017131033148,284606.60033451,0.8267726855293274
1348113600,82.98932396,83.03545944,76.8077997,82.98932396,73.569416519,86.46928063195348,60.66955240604652,25670.34201561,0.8651165376052656
1348200000,82.11284334,82.57415115,80.72891896,82.11284334,74.46435425450001,87.12517714710809,61.80353136189192,73241.67833593,0.8020533953589027
1348459200,80.91343738,80.91343738,80.72891896,80.91343738,75.3523723635,87.17909040074599,63.525654326254006,12863.31602666,0.7351060116165149
1348545600,80.72891896,80.72891896,80.72891896,80.72891896,76.1642746505,87.09229076368295,65.23625853731706,116124.26299597,0.7088505480877478
1348632000,81.69767054,81.88218896,80.72891896,81.69767054,76.98540331449999,86.94197823784863,67.02882839115135,90220.42156464,0.7366409765294651
1348718400,82.98932396,83.03545944,80.72891896,82.98932396,77.79038573449999,86.9208877066325,68.65988376236749,53965.46764184,0.784701664890268
1348804800,83.03545944,83.03545944,82.06670786,83.03545944,78.59767492849998,86.50313292065027,70.6922169363497,42532.33553646,0.7806785208337393
1349064000,83.49676725,83.95807554,82.11284334,83.49676725,79.25965205699998,86.44512422216798,72.07417989183199,320171.48009121,0.7948390234910164
1349150400,83.03545944,84.37324835,83.03545944,83.03545944,79.72557324649998,86.61541395356865,72.8357325394313,150504.96714439,0.7402004875166579
1349236800,83.08159493,83.49676725,83.03545944,83.08159493,80.18918814199998,86.65929334314157,73.71908294085839,15294.2117296,0.7235208468858959
1349323200,82.57415115,83.08159493,82.57415115,82.57415115,80.69893381799999,86.1543387531958,75.24352888280417,475.33809629,0.6718678406347036
1349409600,82.52801567,82.52801567,81.19022677,82.52801567,81.01954272649999,86.10072727642209,75.93835817657789,239.75386435,0.6484371339674266
1349668800,80.72891896,82.48188978,80.72891896,80.72891896,81.23174445349999,85.87314352942465,76.59034537757532,644.20820944,0.44583255121196297
1349755200,80.68278348,81.42088115,80.03695676,80.68278348,81.5177552525,85.18042263688459,77.8550878681154,152694.02416675,0.3860158888492285
1349841600,79.99082128,82.11284334,79.39113005,79.99082128,81.70919766749998,84.53726349007074,78.88113184492921,8668.66580857,0.1961922926641897
1349928000,78.51463984,81.19022677,78.42237847,78.51463984,81.73456937649999,84.43558259013659,79.03355616286339,22664.03703823,-0.09605956761772554
1350014400,78.74529374,80.26761067,78.42237847,78.74529374,81.6884385475,84.55547499682092,78.82140209817908,3031.32277192,-0.013273001499006244
1350273600,76.71553833,78.42237847,76.57714579,76.71553833,81.374749266,84.90090593917456,77.84859259282543,37286.93794763,-0.16066419728953024
1350360000,76.30035641,78.05333203,76.30035641,76.30035641,81.0956576385,85.24542942745443,76.94588584954558,15356.75621595,-0.07777890838043132
1350446400,76.20809935,76.20809935,76.1158375,76.20809935,80.85347087049999,85.51858065408656,76.18836108691342,18546.52501997,0.0021155196771602447
1350532800,76.20809935,77.73041628,76.1158375,76.20809935,80.51440964,85.4850153223599,75.5438039576401,5016.06780554,0.06682237888205558
1350619200,78.42237847,78.42237847,76.30035641,78.42237847,80.32988639649999,85.32338680848979,75.33638598451019,396135.92839973,0.3090009242895117
1350878400,76.57714579,78.42237847,76.34649189,76.57714579,80.11307181699999,85.3566887155604,74.86945491843959,219958.53442352,0.16283520560295414
1350964800,76.7616647,78.42237847,76.57714579,76.7616647,79.914709104,85.3468964633698,74.48252174463019,8716.61658144,0.20978132790638987
1351051200,76.57714579,77.96107018,76.34649189,76.57714579,79.6586828665,85.21192851644898,74.10543721655102,57205.27203495,0.22254630258177832
1351137600,76.7616647,77.96107018,76.1158375,76.7616647,79.34729990349999,84.81635911718263,73.87824068981735,4974.3714813,0.2636124329179708
1351224000,76.34649189,76.34649189,76.34649189,76.34649189,79.01285152599999,84.35547741664138,73.6702256353586,2166.12404404,0.25046356505415945
1351569600,76.1158375,77.03845408,76.1158375,76.1158375,78.64380503849999,83.70901067864855,73.57859939835143,3135.56358251,0.2504575610452562
1351656000,73.8554325,73.8554325,71.96406482,73.8554325,78.18480369149998,83.23870870325624,73.13089867974372,198.05754012,0.07168059337986098
1351742400,71.73341091,72.19471872,71.59501838,71.73341091,77.61739449049999,82.88830749868754,72.34648148231244,4507.37264986,-0.05815601313853288
1351828800,73.1634703,76.0697025,72.0102003,73.1634703,77.146860448,82.24102530810346,72.05269558789654,5468.47292349,0.1090242211047037
1352088000,75.97744545,77.03845408,72.47150811,75.97744545,76.81933193699999,81.29186543633895,72.34679843766102,848.52019819,0.40588259572293733
1352174400,76.8077997,77.49976189,72.47150811,76.8077997,76.623275974,80.72118478223481,72.52536716576518,110157.51899787,0.5225143767998455
1352260800,78.37624299,78.42237847,76.57714579,78.37624299,76.50794894949999,80.25739074047014,72.75850715852984,243004.0928285,0.7491429584264316
1352347200,78.42237847,79.34499457,78.42237847,78.42237847,76.42952680899998,79.94245176679195,72.91660185120801,86797.15334491,0.783645635039784
1352433600,78.42237847,78.42237847,78.42237847,78.42237847,76.42491374049999,79.9271000455969,72.92272743540308,6298.22977578,0.7851739678430293
1352692800,78.42237847,78.42237847,78.42237847,78.42237847,76.408767977,79.87076257167986,72.94677338232013,2007.67801194,0.7908165275726264
1352865600,78.42237847,79.34499457,78.42237847,78.42237847,76.49410998399999,80.06459697803402,72.92362298996596,19240.76881849,0.7700287788783401
1352952000,78.42237847,79.34499457,78.37624299,78.42237847,76.60021108699998,80.2662011824148,72.93422099158515,4659.56423332,0.748523227774001
1353038400,78.79142491,78.88368628,78.42237847,78.79142491,76.72937736499998,80.51121302390334,72.94754170609662,21757.1419861,0.7726252184102005
1353297600,76.34649189,78.46851347,72.42537311,76.34649189,76.73629699199998,80.51479716132789,72.95779682267207,17085.06885551,0.44841801183916347
1353384000,75.97744545,79.34499457,75.28548325,75.97744545,76.61405034099998,80.32402116802153,72.90407951397843,25893.41735027,0.4142035179409945
1353470400,78.19172409,78.19172409,78.19172409,78.19172409,76.69477925599998,80.4677559865096,72.92180252549035,212.6512536,0.6983771622410486
1353556800,76.1158375,76.1158375,76.1158375,76.1158375,76.66248789599999,80.44366793139623,72.88130786060374,1115.3766733,0.42771431261104925
1353643200,76.0697025,76.1158375,76.0697025,76.0697025,76.63711573149997,80.42704577350511,72.84718568949484,13905.72413255,0.42514199138095854
1353902400,76.1158375,76.16197298,76.1158375,76.1158375,76.60482437149999,80.40095957791449,72.80868916508548,34353.60153766,0.43559411810810567
1354075200,74.27060531,75.74679106,74.27060531,74.27060531,76.50103004249999,80.43090510993676,72.57115497506322,546.22184749,0.21622192891302577
1354161600,75.56226784,75.65452969,74.27060531,75.56226784,76.4733515595,80.42144399605421,72.5252591229458,2570.57838912,0.38461722538908316
1354248000,75.65452969,75.65452969,73.80929702,75.65452969,76.56330641899999,80.34728054562541,72.77933229237456,5510.16924773,0.37991768725299985
1354507200,73.80929702,75.56226784,73.80929702,73.80929702,76.66710072449999,80.00277195948931,73.33142948951067,4924.33589222,0.07162989048152764
1354593600,73.44025058,73.57864311,73.44025058,73.44025058,76.68093973849999,79.96017191317412,73.40170756382585,1132.05520299,0.005876835509211155
1354680000,72.88668092,73.30185373,72.88668092,72.88668092,76.52640151199999,80.1922076382403,72.86059538575968,4888.89401662,0.0035579533316832572
1354766400,73.34798921,73.80929702,72.88668092,73.34798921,76.35341098749998,80.26787846509849,72.43894350990148,280610.00765653,0.11611358445315387
1354852800,73.76316201,73.80929702,72.9328164,73.76316201,76.12275693849999,80.07671173881216,72.16880213818781,1557.3577102,0.20161584443078467
1355112000,73.39412469,73.80929702,73.34798921,73.39412469,75.8713442495,79.847820095526,71.89486840347399,25140.79869782,0.1885157039271754
1355198400,73.80929702,74.7319136,73.39412469,73.80929702,75.640690177,79.53278570330582,71.74859465069417,220379.6672983,0.26472916137052555
1355284800,73.90155887,74.0399514,73.8554325,73.90155887,75.41464919699999,79.15649193501672,71.67280645898326,8991.81232139,0.29781481572873875
1355371200,75.23935689,76.1158375,74.7319136,75.23935689,75.255498118,78.7335621218536,71.77743411414642,2107.74919011,0.4976795671410697
1355457600,74.7319136,74.7319136,74.7319136,74.7319136,75.0709748745,78.23479152880523,71.90715822019476,3454.54046291,0.44641578328525905
1355716800,73.99381592,74.68577811,73.8554325,73.99381592,74.831094425,77.52242678856368,72.13976206143633,8366.36745786,0.34444906984818946
1355803200,73.80929702,73.90155887,73.80929702,73.80929702,74.7042346815,77.33642472119551,72.07204464180448,31115.88196077,0.3300013205726744
1355889600,73.80929702,75.14708592,73.80929702,73.80929702,74.59582726,77.18761916528884,72.00403535471115,27306.92274185,0.3482651638823729
1355976000,73.80929702,73.80929702,73.80929702,73.80929702,74.3767059065,76.39238439558491,72.3610274174151,1298.84049994,0.3592511430834385
1356062400,74.54739469,74.7319136,73.80929702,74.54739469,74.298283766,76.1528108850102,72.4437566469898,4930.59034085,0.5671629229485096
1356321600,73.80929702,73.80929702,73.80929702,73.80929702,74.185263492,75.86109559788635,72.50943138611366,1513.57656975,0.38782692768582744
1356494400,73.80929702,74.50125921,73.34798921,73.80929702,74.06993646800001,75.497542476252,72.64233045974802,4042.45863464,0.40871450298841794
1356667200,74.08608688,74.7319136,73.80929702,74.08608688,74.06071054650002,75.48539191951471,72.63602917348533,8545.66165207,0.5089059680222673
1356926400,74.87030565,74.9625675,74.27060531,74.87030565,74.02611243700001,75.3319006599087,72.72032421409132,25657.83311834,0.8232504314978148
1357099200,74.77804908,75.1932214,74.7319136,74.77804908,73.98228840650002,75.11371842798955,72.85085838501048,4430.23445003,0.8516614630979827
1357185600,78.09946272,80.72891896,75.1932214,78.09946272,74.19679669150001,76.31347293924892,72.0801204437511,44127.21993847,1.4218854401211527
1357272000,81.19022677,81.23636225,78.42237847,81.19022677,74.58429550100001,78.26489836970741,70.90369263229262,232869.80122305,1.3973979949268394
1357531200,78.51463984,81.19022677,78.42237847,78.51463984,74.865693447,78.83346870935958,70.89791818464042,66445.17748554,0.9598227157187861
1357617600,79.11434066,79.11434066,78.88368628,79.11434066,75.1540110195,79.46217162932408,70.84585040967593,38291.81936171,0.9596311511076321
1357704000,79.52951299,80.63665711,79.34499457,79.52951299,75.4423285685,80.09741730117992,70.78723983582009,67944.16034181,0.9390017737800482
1357790400,80.95957286,81.19022677,80.26761067,80.95957286,75.820600977,80.95348127346443,70.68772068053556,62584.09786133,1.0005933887197562
1357876800,81.46701663,81.65153506,80.95957286,81.46701663,76.20348695749999,81.80057429515907,70.60639961984091,178766.73571123,0.970202567421561
1358222400,83.03545944,83.03545944,81.19022677,83.03545944,76.660181986,82.8866175863638,70.4337463856362,363041.55585398,1.0119524125189299
1358308800,81.65153506,83.03545944,81.65153506,81.65153506,76.9807908945,83.53337147834773,70.42821031065228,452.40511796,0.8564049389192936
1358395200,81.69767054,81.74379643,81.65153506,81.69767054,77.32907874150001,84.10324994624688,70.55490753675315,11314.29758131,0.8224447439000944
1358481600,82.11284334,82.57415115,81.65153506,82.11284334,77.7350301125,84.63302218105457,70.83703804394543,71976.19489539,0.8173251856476359
1358740800,81.74379643,82.11284334,81.65153506,81.74379643,78.131755083,84.99356950659974,71.26994065940026,6029.28848446,0.7631987054748348
1358827200,84.78843027,84.83455616,82.57415115,84.78843027,78.68071174549999,85.822463609187,71.53895988181299,101847.44157772,0.9276064641474984
1358913600,84.88069164,84.88069164,84.37324835,84.88069164,79.2342814765,86.49518195419768,71.97338099880233,363114.52442139,0.8888229965996165
1359000000,85.06521054,85.34199993,84.41938383,85.06521054,79.760172269,87.11006998552044,72.41027455247955,69914.31166194,0.8608919794268571
1359345600,84.41938383,85.34199993,84.41938383,84.41938383,80.2906766095,87.37264838650887,73.20870483249112,12675.6825676,0.7914941876712616
1359432000,82.20510471,83.08159493,81.42088115,82.20510471,80.71046699399999,87.17427230483943,74.24666168316054,14424.84336928,0.6156159293267689
1359518400,82.57415115,82.57415115,82.57415115,82.57415115,81.13487020749999,86.87756017768251,75.39218023731746,6283.6360623,0.6253141776739755
1359604800,83.03545944,83.49676725,81.69767054,83.03545944,81.543127897,86.56162217283651,76.5246336211635,1475059.59023744,0.6486831966896329
1359691200,83.03545944,83.95807554,83.03545944,83.03545944,81.955998415,85.93036489846402,77.98163193153597,46026.4875074,0.6358029046253368
1360036800,83.03545944,84.41938383,82.57415115,83.03545944,82.202798251,85.78196323968285,78.62363326231716,9064.78088881,0.6163205931596935
1360123200,83.81968301,83.95807554,83.03545944,83.81968301,82.334271063,85.9480066204228,78.7205355055772,24834.33071469,0.7055230554915523
1360209600,84.37324835,84.65003774,83.03545944,84.37324835,82.6272014885,85.88748075287094,79.36692222412907,12650.66477306,0.7677756596775593
1360296000,84.41938383,84.65003774,84.41938383,84.41938383,82.892453647,85.81175687213633,79.97315042186366,26389.60360867,0.7615230528046117
1360555200,84.41938383,84.41938383,84.37324835,84.41938383,83.13694718900001,85.6840341793113,80.58986019868873,65823.90225443,0.7517457483545271
1360641600,84.41938383,84.41938383,83.95807554,84.41938383,83.30993773750001,85.70757953114912,80.91229594385089,5274.5850158,0.7313619355982824
1360728000,84.88069164,84.88069164,83.95807554,84.88069164,83.480621488,85.81436018859854,81.14688278740145,46770.766895,0.7999629203648453
1360814400,84.88069164,85.15748103,84.65003774,84.88069164,83.572883098,85.9738605948246,81.17190560117541,2820.75633453,0.7723491877224229
1360900800,85.29586445,85.34199993,84.83455616,85.29586445,83.75509956750001,86.09759799107766,81.41260114392236,438428.51007183,0.8288721279365484
1361160000,84.83455616,84.88069164,83.49676725,84.83455616,83.9119438485,86.09719916926296,81.72668852773704,44471.21461341,0.7110994314334587
1361246400,83.03545944,83.95807554,83.03545944,83.03545944,83.9580746535,86.02522754285452,81.89092176414549,30678.0705563,0.2768391447359024
1361332800,83.12772081,83.72742164,83.03545944,83.12772081,84.0272708725,85.87423066955743,82.18031107544256,10878.57099305,0.2564781691693684
1361419200,83.86581417,84.41938383,82.11284334,83.86581417,83.98114006750001,85.79555160156315,82.16672853343687,23327.00859357,0.46821947630542315
1361505600,83.49676725,83.49676725,83.03545944,83.49676725,83.911943848,85.68902616087085,82.13486153512916,387.77581539,0.383185884246045
1361851200,83.17385198,83.95807554,83.03545944,83.17385198,83.81737592,85.5393516118253,82.09540022817471,78766.44129714,0.31314372117591455
1361937600,83.08159493,83.08159493,83.03545944,83.08159493,83.75048647500002,85.47765048577753,82.0233224642225,22186.61412573,0.30636131229398744
1362024000,83.03545944,83.03545944,83.03545944,83.03545944,83.79200421150001,85.40470765683342,82.1793007661666,34464.09679688,0.26544206757628336
1362110400,82.20510471,82.20510471,82.15897835,82.20510471,83.77355188950001,85.44880328541954,82.09830049358048,539.96739885,0.03187707130991381
1362369600,83.03545944,83.03545944,82.15897835,83.03545944,83.77355188950001,85.44880328541954,82.09830049358048,15192.05573522,0.27970695881889324
1362456000,82.15897835,83.03545944,82.11284334,82.15897835,83.72972783500002,85.5217095588487,81.93774611115134,13092.64580996,0.06172837476643221
1362542400,83.03545944,83.03545944,82.11284334,83.03545944,83.72972783500002,85.5217095588487,81.93774611115134,4138.36018038,0.30628474449255894
1362628800,83.03545944,83.49676725,83.03545944,83.03545944,83.69051665650001,85.50706056367368,81.87397274932634,147519.51032912,0.3196968391699363
1362715200,83.03545944,83.49676725,83.03545944,83.03545944,83.62362721100001,85.43319358262913,81.8140608393709,33054.76103772,0.33748378058371514
1362974400,83.12772081,83.95807554,83.03545944,83.12772081,83.55904406,85.34240757654209,81.77568054345792,108873.27221141,0.37907029441862317
1363060800,83.03545944,83.03545944,82.98932396,83.03545944,83.4898478405,85.24142548132903,81.73827019967098,21675.83415384,0.3702916759416543
1363147200,83.03545944,83.03545944,82.98932396,83.03545944,83.420651621,85.12867916680571,81.7126240751943,67249.91654329,0.3872406414211821
1363233600,83.03545944,83.03545944,83.03545944,83.03545944,83.32839001100001,84.905298540482,81.75148148151803,20.84816212,0.4071187181997672
1363320000,83.03545944,83.03545944,83.03545944,83.03545944,83.236128401,84.64603098133921,81.8262258206608,104.24081059,0.4288358771030384
1363665600,83.45063225,83.95807554,83.03545944,83.45063225,83.14386679100001,84.19955440069398,82.08817918130603,42601.13447145,0.6452917776921319
1363752000,83.03545944,83.49676725,82.57415115,83.03545944,83.053911955,83.76999376697991,82.3378301430201,50890.36372947,0.48711563770277355
1363838400,82.94319759,83.49676725,82.57415115,82.94319759,83.04929886250001,83.7669836637991,82.33161406120092,267102.48342043,0.4260808698275636
1363924800,83.72742164,83.91194006,80.26761067,83.72742164,83.07928390400001,83.85530913752514,82.30325867047488,42430.17954208,0.9176009413094715
1364184000,83.03545944,83.91194006,83.03545944,83.03545944,83.03776616750001,83.72477302201773,82.35075931298229,21713.36084566,0.4983211757751439
1364356800,82.80480554,83.45063225,82.57415115,82.80480554,83.00316808200002,83.6634014044819,82.34293475951813,77015.19567925,0.3497784531274893
1364443200,83.03545944,83.26611335,80.31374615,83.03545944,82.99624845500001,83.65206738040195,82.34042952959808,149800.2992648,0.5298946732712474
1364788800,83.03545944,83.03545944,83.03545944,83.03545944,82.9939416805,83.64886753447118,82.33901582652882,73525.21334074,0.5316965342322729
1364875200,80.77505444,80.95957286,80.45212957,80.77505444,82.88092143050002,84.04804650472714,81.71379635627291,756.78828488,-0.4021599471224408
1364961600,83.03545944,83.45063225,82.98932396,83.03545944,82.92243916700002,84.04881246233552,81.79606587166452,121663.61967066,0.5501699895887142
1365048000,83.03545944,83.95807554,83.03545944,83.03545944,82.92243916700002,84.04881246233552,81.79606587166452,106.3256268,0.5501699895887142
1365134400,82.94319759,82.98932396,82.11284334,82.94319759,82.96165012900002,84.03220068870723,81.8910995692928,8979.30342412,0.49138175267262957
1365393600,83.03545944,83.45063225,82.57415115,83.03545944,82.96165012900002,84.03220068870382,81.89109956929622,78459.97331401,0.5344725946527915
1365480000,83.08159493,83.45063225,83.03545944,83.08159493,82.96395690350002,84.03533218986522,81.89258161713482,24308.95702932,0.554900476050311
1365566400,83.03545944,83.45063225,82.57415115,83.03545944,82.96395690350002,84.03533218986522,81.89258161713482,285275.82633849,0.5333695099233439
1365652800,83.03545944,83.49676725,82.80480554,83.03545944,82.95934383500001,84.02865140617126,81.89003626382876,321384.84312647,0.5355910717608647
1365739200,83.26611335,83.26611335,83.26611335,83.26611335,82.97087653050002,84.04816454189826,81.89358851910178,867.2835441,0.6370278033247494
1366084800,83.03545944,83.26611335,82.48188978,83.03545944,82.97087653050002,84.04816454189826,81.89358851910178,6733.95636404,0.5299747647874368
1366171200,83.03545944,83.17385198,82.52801567,83.03545944,82.97087653050002,84.04816454189657,81.89358851910347,30934.50295035,0.5299747647874838
1366257600,83.03545944,83.17385198,83.03545944,83.03545944,82.97087653050002,84.04816454189657,81.89358851910347,219889.73548853,0.5299747647874838
1366344000,82.57415115,83.45063225,82.57415115,82.57415115,82.92705247550002,83.99396969990818,81.86013525109186,1115.3766733,0.33461635194062234
1366603200,82.62028664,82.80480554,82.62028664,82.62028664,82.90629383550004,83.98009983323168,81.8324878377684,5662.36083119,0.3668254805317677
1366689600,82.15897835,83.03545944,82.15897835,82.15897835,82.86708287350004,83.98883731728621,81.74532842971387,1444.77763476,0.18437632343580096
1366948800,82.666413,83.03545944,82.62028664,82.666413,82.81403244150003,83.86621719705016,81.7618476859499,70195.76185053,0.4298509882787437
1367208000,82.62028664,82.80480554,82.57415115,82.62028664,82.79327380150002,83.84354547076903,81.74300213223101,2599.76581609,0.4176464687367901
1367294400,82.57415115,82.57415115,82.57415115,82.57415115,82.78174108200002,83.83630967430288,81.72717248969717,7082.12067141,0.4015758986588508
1367467200,82.57415115,82.85094054,82.57415115,82.57415115,82.75867566750004,83.81021310259754,81.70713823240254,3529.59384654,0.4122596536551608
1367553600,82.57415115,82.75867006,82.11284334,82.57415115,82.73561025300003,83.78207617800756,81.68914432799251,78378.66548175,0.42285505951908275
1367812800,85.34199993,86.31075151,82.57415115,85.34199993,82.96395752750004,84.17903720867426,81.74887784632583,211471.24762538,1.4785540978686633
1367899200,86.17235466,87.64854042,83.03545944,86.17235466,83.12080228850004,84.97438191793537,81.26722265906471,88012.60119637,1.3231511403773812
1367985600,87.64854042,87.64854042,86.21848055,87.64854042,83.35145633750004,86.0572978181692,80.64561485683087,140831.41992174,1.294038400475197
1368072000,87.64854042,87.64854042,85.80330822,87.64854042,83.58672347900004,86.86694098527326,80.30650597272682,54176.03407923,1.119138354885306
1368158400,88.57115652,89.90894542,87.64854042,88.57115652,83.86350833300004,87.78288629471098,79.9441303712891,32798.32864367,1.100560628879094
1368417600,86.35687788,87.6946759,86.26461603,86.35687788,84.02727248050005,88.07391917231077,79.98062578868932,41385.68661998,0.787843933127943
1368504000,87.64854042,87.64854042,87.60240494,87.64854042,84.25792652950005,88.56936735172265,79.94648570727746,26879.53541844,0.8932112291816233
1368590400,86.72592432,86.72592432,86.72592432,86.72592432,84.44244977350004,88.84377276948979,80.0411267775103,383.60618297,0.7594077449644735
1368676800,86.72592432,86.72592432,86.26461603,86.72592432,84.61544032200004,89.08959263503134,80.14128800896874,22755.76895154,0.7358529449090305
1368763200,87.64854042,88.10984871,86.26461603,87.64854042,84.84609437100005,89.4445620595144,80.2476266824857,30669.73129145,0.8047152050235843
1369022400,88.8018109,89.49377309,87.64854042,88.8018109,85.13441194400005,89.96009903203226,80.30872485596784,80847.0878765,0.8799872317762968
1369108800,87.23336761,87.64854042,87.23336761,87.23336761,85.34430735250005,90.15170105349036,80.53691365150975,1732.48227199,0.6964744698474363
1369195200,87.64854042,88.57115652,87.0027137,87.64854042,85.59802681600006,90.32884966834844,80.86720396365168,22028.16809363,0.7167184935895529
1369281600,88.10984871,89.90894542,86.7720598,88.10984871,85.87250491950006,90.51661887992074,81.22839095907938,21429.82584085,0.7408795100171559
1369627200,88.57115652,88.57115652,88.57115652,88.57115652,86.19311382800005,90.64902253041376,81.73720512558634,87689.45468355,0.7668414964058617
1369713600,87.9253298,88.57115652,87.18723213,87.9253298,86.45605966800005,90.66214466403139,82.24997467196872,12965.47202104,0.6746600619562233
1369800000,87.64854042,88.10984871,87.64854042,87.64854042,86.70747235700004,90.55196045782668,82.8629842561734,39886.70376372,0.6223918553418871
1369886400,87.74080227,88.10984871,87.64854042,87.74080227,86.96580491300003,90.32881416383836,83.6027956621617,4117.51201826,0.6152237920259637
1369972800,87.64854042,87.87919432,87.23336761,87.64854042,87.21952437650003,89.91919805238615,84.51985070061392,30603.01717267,0.5794570187004461
1370232000,87.6946759,88.10984871,87.64854042,87.6946759,87.47555061400004,89.13545890377719,85.81564232422289,26185.29161992,0.5660052387681519
1370318400,88.06371322,88.10984871,87.64854042,88.06371322,87.61163627850004,88.96810140673513,86.25517115026496,16699.37785633,0.6666378781473565
1370404800,88.57115652,89.03246481,88.10984871,88.57115652,87.73157637150004,88.97748352846996,86.48566921453012,62267.20579714,0.8369352779631846
1370491200,88.57115652,89.49377309,88.57115652,88.57115652,87.77770717650004,89.07515559952533,86.48025875347476,84962.51507854,0.8057729808056092
1370577600,88.34050261,88.57115652,88.10984871,88.34050261,87.81230528600005,89.1308632951421,86.493747276858,7936.89531823,0.700293548079705
1370836800,88.57115652,88.98632932,88.52502103,88.57115652,87.81230528600004,89.13086329514623,86.49374727685385,9442.13262314,0.7877580010648698
1370923200,87.87919432,88.57115652,87.87919432,87.87919432,87.88842110800003,89.02537396181513,86.75146825418493,19201.15731047,0.49594231723458276
1371009600,87.64854042,88.57115652,86.72592432,87.64854042,87.88842110800003,89.02537396181833,86.75146825418173,6863.21496917,0.39450719649701327
1371096000,87.64854042,88.34050261,86.26461603,87.64854042,87.93455191300004,88.94716160068451,86.92194222531556,239.75386435,0.3587750559378648
1371182400,86.58753178,87.60240494,86.26461603,86.58753178,87.92763228600003,88.97449587342412,86.88076869857595,19073.98352155,-0.14005498046669207
1371441600,87.64854042,87.87919432,85.80330822,87.64854042,87.92763228600003,88.97449587342412,86.88076869857595,1488.55877521,0.36670093918981156
1371528000,85.34199993,87.55627905,85.34199993,85.34199993,87.75464173750002,89.22449946444041,86.28478401055963,22759.93858397,-0.3207058966591628
1371614400,86.72592432,87.14109713,85.34199993,86.72592432,87.72926957300004,89.2508520756329,86.20768707036717,477.4229125,0.17029548142677176
1371700800,86.72592432,86.72592432,86.72592432,86.72592432,87.68313876800003,89.26640690945929,86.09987062654078,1167.4970786,0.19770930680200804
1371787200,85.34199993,87.18723213,83.26611335,85.34199993,87.54474632900005,89.41287321866663,85.67661943933346,60065.6398775,-0.08956016617082843
1372046400,83.17385198,85.29586445,83.03545944,83.17385198,87.27488110200004,89.88425440203186,84.66550780196822,5199.53163217,-0.2858264514989161
1372132800,83.95807554,83.95807554,83.08159493,83.95807554,87.07651838900004,90.03744072515661,84.11559605284347,257958.47951558,-0.02659990620489319
1372219200,83.95807554,84.41938383,83.08159493,83.95807554,86.89199514500004,90.13396385091829,83.65002643908178,44581.70987264,0.047509573481672375
1372305600,83.95807554,83.95807554,83.95807554,83.95807554,86.70285880850004,90.15897700926286,83.24674060773722,36863.72025664,0.10290952029733395
1372392000,83.95807554,83.95807554,83.95807554,83.95807554,86.51833556450003,90.14276131259864,82.89390981640143,18725.81921418,0.14680473508897673
1372651200,83.95807554,84.41938383,83.08159493,83.95807554,86.33150554650004,90.07731268817228,82.5856984048278,17881.46864841,0.1831884402035083
1372737600,84.00421102,85.34199993,83.95807554,84.00421102,86.12853043650003,89.91659416870924,82.34046670429082,17585.42474634,0.21960352746479272
1372824000,83.49676725,84.88069164,83.03545944,83.49676725,85.87481097300004,89.6542135225901,82.09540842340998,60920.41452433,0.18539422675973322
1372910400,83.95807554,84.88069164,83.95807554,83.95807554,85.64415692400004,89.29816808337262,81.99014576462747,218776.44363144,0.26928349278911845
1372996800,84.41938383,84.65003774,84.41938383,84.41938383,85.44810098500002,88.91854816693976,81.97765380306029,334963.25111377,0.35178896247816627
1373256000,83.95807554,87.64854042,83.95807554,83.95807554,85.21744693600003,88.43062892147164,82.00426495052842,262438.74955469,0.30403049038394364
1373342400,83.95807554,87.60240494,83.95807554,83.95807554,85.02139099700004,88.03320277436183,82.00957921963825,242136.8092844,0.323475778766716
1373428800,83.95807554,83.95807554,83.49676725,83.95807554,84.83686775300004,87.62623327333193,82.04750223266814,25916.3503286,0.34247453290103863
1373515200,83.95807554,83.95807554,83.95807554,83.95807554,84.65234450900003,87.14587999284008,82.15880902515998,3177.25990675,0.36078622632414686
1373601600,83.95807554,84.00421102,83.95807554,83.95807554,84.52087169700005,86.86522464258529,82.1765187514148,85027.14438111,0.3799676989636143
1373860800,83.95807554,83.95807554,83.49676725,83.95807554,84.33634845300004,86.19825097404498,82.4744459319551,268472.20767157,0.398417637678542
1373947200,83.95807554,84.00421102,83.72742164,83.95807554,84.26715223350004,86.07653876804721,82.45776569895287,278796.21755229,0.41459075006949875
1374033600,83.63515979,83.95807554,83.49676725,83.63515979,84.11261400700003,85.54408955086188,82.68113846313818,3308.60332809,0.3332300474683804
1374120000,83.08159493,83.08159493,83.03545944,83.08159493,83.93039753750003,84.80391500994492,83.05688006505514,3175.17509054,0.014146749048808556
1374206400,83.68128616,83.95807554,83.49676725,83.68128616,83.84736184900002,84.43841185127187,83.25631184672818,3681.78543,0.3595079194977814
1374552000,83.68128616,83.95807554,83.31224883,83.68128616,83.87273355800004,84.38416129373134,83.36130582226873,5130.73269718,0.31283045030176027
1374638400,83.95807554,84.41938383,83.72742164,83.95807554,83.87273355800004,84.38416129373134,83.36130582226873,18135.81622625,0.5834350349399096
1374724800,83.81968301,83.95807554,83.49676725,83.81968301,83.86581393150003,84.37617951155083,83.35544835144923,8201.66697713,0.4548060024978263
1374811200,83.54290273,83.72742164,83.49676725,83.54290273,83.84505529100002,84.37221867043675,83.3178919115633,5864.58800373,0.21341658697643562
1375070400,83.77355712,83.77355712,83.72742164,83.77355712,83.83582937000003,84.36121345854632,83.31044528145374,34820.6003691,0.44073645228548425
1375156800,83.91194006,83.95807554,83.49676725,83.91194006,83.83352259600004,84.35714163488005,83.30990355712002,5049.42486492,0.5748802642544271
1375243200,83.49676725,84.41938383,83.49676725,83.49676725,83.80815040750004,84.34523124971668,83.2710695652834,30071.38903867,0.21011518841847732
1375329600,83.68128616,83.72742164,83.49676725,83.68128616,83.81737635300003,84.33885729426518,83.29589541173488,7194.70074684,0.36951565989174584
1375416000,83.95807554,83.95807554,83.49676725,83.95807554,83.81737635300003,84.33885729426518,83.29589541173488,6102.25705187,0.6349034795582558
1375675200,83.49676725,83.95807554,83.49676725,83.49676725,83.77124552400002,84.231142901121,83.31134814687904,118427.98490999,0.20158747619057102
1375761600,83.81968301,83.95807554,83.49676725,83.81968301,83.76432589750003,84.2168766897789,83.31177510522116,20030.91416275,0.5611612148784663
1375848000,83.95807554,83.95807554,83.54290273,83.95807554,83.76432589750004,84.21687668976686,83.31177510523322,10617.96896658,0.714063974487221
1375934400,83.77355712,83.95807554,83.49676725,83.77355712,83.75509997650003,84.1989141351469,83.31128581785318,7388.58865454,0.5207937749848341
1376280000,83.54290273,83.95807554,83.54290273,83.54290273,83.73434133600003,84.17707493671769,83.29160773528237,2464.25276232,0.2837993257235083
1376366400,83.95807554,84.18872945,83.95807554,83.95807554,83.73434133600003,84.17707493671769,83.29160773528237,35037.42125512,0.7526736209283645
1376452800,85.15748103,85.34199993,83.95807554,85.15748103,83.79431161050005,84.55370691257826,83.03491630842183,41777.6320678,1.3975361157551294
1376539200,85.34199993,85.80330822,84.41938383,85.34199993,83.86350783000003,84.87900419119539,82.84801146880467,37043.01445085,1.2279652377383248
1376625600,85.34199993,85.75717274,84.65003774,85.34199993,83.94884983700004,85.1441987565343,82.75350091746579,14401.91039095,1.0827378392339098
1376884800,85.01908418,85.34199993,84.41938383,85.01908418,84.04572429950004,85.2581493440039,82.83329925499618,23458.35201491,0.901410332503593
1377057600,84.32712198,84.46551931,84.00421102,84.32712198,84.07801609050003,85.2842819604041,82.87175022059596,8666.58099236,0.6032549687904966
1377144000,84.09646808,84.18872945,83.95807554,84.09646808,84.09877518650003,85.29122759907379,82.90632277392628,28293.04081002,0.4990326211445783
1377230400,83.08159493,83.95807554,83.08159493,83.08159493,84.05495115600004,85.32665569337811,82.78324661862197,6677.66632632,0.11730252688770729
1377489600,83.95807554,83.95807554,83.72742164,83.95807554,84.06187078250004,85.32988011305028,82.7938614519498,19859.95923339,0.4590715777876019
1377576000,84.18872945,84.18872945,83.72742164,84.18872945,84.09416211850004,85.34036828011216,82.84795595688792,106965.66537764,0.5379420895245876
1377662400,84.09646808,84.23486493,83.95807554,84.09646808,84.11030766650003,85.34781751811337,82.8727978148867,52333.05654802,0.49440829239379475
1377748800,84.41938383,84.41938383,83.95807554,84.41938383,84.13567985500003,85.37668401073275,82.89467569926732,26072.71154448,0.6143042002274611
1377835200,84.69617322,85.29586445,84.41938383,84.69617322,84.19565015350004,85.42320637087607,82.968093936124,37099.30448857,0.7038697126107432
1378094400,83.72742164,84.41938383,83.72742164,83.72742164,84.19795692750003,85.42180598134715,82.97410787365291,291.87426965,0.307764165841809
1378180800,83.95807554,84.00421102,83.72742164,83.95807554,84.19795692750003,85.42180598134715,82.97410787365291,2576.83283776,0.4019971512230298
1378267200,84.65003774,84.88069164,83.49676725,84.65003774,84.25562045200004,85.45021167823532,83.06102922576477,40547.59050285,0.6650846244882249
1378353600,84.41938383,84.65003774,84.41938383,84.41938383,84.28560549300003,85.46493037834688,83.10628060765319,2249.51669251,0.5567181862530707
1378440000,84.46551931,84.46551931,84.41938383,84.46551931,84.31097768150003,85.48283552940224,83.13911983359783,77788.66249382,0.5659387266026432
1378699200,85.11134603,85.11134603,83.49676725,85.11134603,84.37786712700003,85.5718971729723,83.18383708102776,142839.09793368,0.8071442404126117
1378785600,83.08159493,83.26611335,83.03545944,83.08159493,84.35480173700003,85.62767679556333,83.08192667843673,2166.12404404,-0.0001303146112039563
1378958400,83.95807554,83.95807554,83.95807554,83.95807554,84.35480173700003,85.62767679556333,83.08192667843673,865.19872789,0.3441613753325399
1379044800,84.09646808,84.88069164,83.95807554,84.09646808,84.30175108950003,85.5238156852107,83.07968649378935,9771.5335846,0.41600975504054427
1379304000,83.95807554,84.41938383,83.95807554,83.95807554,84.23255487000003,85.36458333941198,83.10052640058808,4874.30030313,0.3787665957983298
1379390400,84.41938383,84.41938383,83.95807554,84.41938383,84.18642406500004,85.20317555612051,83.16967257387957,73245.84796836,0.6145608179749196
1379476800,84.32712198,84.41938383,84.18872945,84.32712198,84.15182595500004,85.09749507529037,83.2061568347097,10590.86635583,0.5926835936792288
1379649600,85.2036074,85.29586445,84.41938383,85.2036074,84.19565022600004,85.24527440659233,83.14602604540775,11347.6546407,0.9801514640369556
1379908800,84.41938383,85.34199993,84.41938383,84.41938383,84.21179601350005,85.26475000117392,83.15884202582617,441.9810369,0.5985740207691997
1379995200,84.83455616,84.88069164,84.41938383,84.83455616,84.29944407500004,85.24816875139678,83.3507193986033,5564.37446923,0.7820165314094737
1380081600,85.34199993,85.34199993,84.41938383,85.34199993,84.36864029450004,85.4054643351457,83.33181625385438,8574.84907904,0.9693948043941122
1380168000,84.88069164,84.88069164,84.41938383,84.88069164,84.40323840400004,85.45973341498134,83.34674339301873,5324.62060488,0.7259609515602373
1380254400,85.38813541,85.57265384,85.34199993,85.38813541,84.46782177050002,85.59683925462612,83.33880428637393,8237.10885273,0.907572802210561
1380513600,85.57265384,85.80330822,85.38813541,85.57265384,84.52548527100004,85.75228667947516,83.29868386252491,30511.28525935,0.9267881344795491
1380600000,85.38813541,85.80330822,85.34199993,85.38813541,84.56008338050003,85.84198031722872,83.27818644377135,14205.93766705,0.8229791747584266
1380686400,85.75717274,87.60240494,85.4342613,85.75717274,84.66157093550004,85.9844467169779,83.33869515402218,13618.01949533,0.9140985192411653
1380772800,85.61878932,86.67978884,85.34199993,85.61878932,84.74460662450004,86.08873938708562,83.40047386191445,37585.06666591,0.8251846543113722
1380859200,85.34199993,85.34199993,85.34199993,85.34199993,84.77920473400005,86.14722953795379,83.4111799300463,385.69099918,0.7056962689468103
1381118400,85.66491568,86.26461603,85.34199993,85.66491568,84.84148132650004,86.25108443649904,83.43187821650105,2922.91232891,0.7920802130964844
1381204800,86.72592432,86.72592432,85.57265384,86.72592432,84.95450157700004,86.57247630214447,83.33652685185562,6865.29978538,1.047419782111195
1381291200,87.18723213,87.64854042,87.14109713,87.18723213,85.05829588200004,86.9469054997305,83.16968626426957,23099.76362649,1.0636252796801628
1381377600,87.64854042,87.64854042,87.64854042,87.64854042,85.28664315650005,87.26620886636901,83.30707744663108,2.08481621,1.0965695535452316
1381464000,86.26461603,86.72592432,85.80330822,86.26461603,85.40197018100005,87.32648230497192,83.47745805702819,6585.934413,0.724120658491772
1381723200,87.64854042,87.64854042,86.72592432,87.64854042,85.57957379800004,87.64018612370359,83.5189614722965,64.62930257,1.0020271392615214
1381809600,87.64854042,87.64854042,87.64854042,87.64854042,85.76409704200005,87.8712755116577,83.65691857234239,61333.20813426,0.9471484986048943
1382328000,86.72592432,87.64854042,86.72592432,86.72592432,85.87942406650005,87.93134302949575,83.82750510350435,537.88258264,0.7062703909768702
1382414400,87.87919432,88.57115652,87.64854042,87.87919432,86.05702768350005,88.15514281652277,83.95891255047734,98336.61107709,0.9342389528154209
1382500800,87.87919432,88.06371322,87.78693295,87.87919432,86.19080702950006,88.39282711840117,83.98878694059896,542.05221506,0.8833723631791438
1382587200,87.6946759,87.87919432,87.64854042,87.6946759,86.35457163300006,88.49147438606833,84.2176688799318,178760.4812626,0.8135622959621682
1382673600,87.64854042,87.87919432,87.64854042,87.64854042,86.49527084600007,88.58332016022267,84.40722153177747,171273.90624611,0.7761595634127318
1382932800,87.64854042,87.64854042,87.64854042,87.64854042,86.61059787050006,88.68586846231064,84.53532727868948,20623.0019669,0.7500740273571717
1383019200,87.64854042,88.52502103,87.64854042,87.64854042,86.74899030950006,88.71038980845431,84.78759081054581,17460.33577363,0.729313332388316
1383105600,87.64854042,87.6946759,87.64854042,87.64854042,86.86201056000007,88.75606614396716,84.96795497603298,58082.9796601,0.707631145215007
1383192000,87.6946759,87.6946759,87.64854042,87.6946759,86.96811166300006,88.79802831201475,85.13819501398537,8814.60294339,0.6985238610160601
1383278400,86.31075151,87.64854042,86.26461603,86.31075151,87.01424246800006,88.72516099902502,85.3033239369751,2241.17742766,0.2944113219760907
1383537600,87.37175103,87.64854042,85.38813541,87.37175103,87.09497138250006,88.71073473256916,85.47920803243096,220.99051845,0.58564980988339
1383624000,85.4342613,85.48039246,85.4342613,85.4342613,87.08574498150007,88.7368414646922,85.43464849830794,212.6512536,-0.00011725490056915337
1383710400,85.34199993,85.38813541,85.34199993,85.34199993,87.08574498150006,88.7368414646955,85.43464849830461,47287.80131552,-0.028056679075865943
1383796800,83.08159493,84.88069164,83.03545944,83.08159493,86.95657894400006,89.29373030453155,84.61942758346856,41556.64154935,-0.32899723129589054
1383883200,83.03545944,83.54290273,83.03545944,83.03545944,86.77205570000005,89.66868762234547,83.87542377765463,5418.43733441,-0.1449898295974227
1384142400,83.03545944,83.03545944,83.03545944,83.03545944,86.56446706550005,89.87748085317098,83.25145327782913,760.9579173,-0.03259778734289193
1384228800,81.88218896,82.57415115,81.69767054,81.88218896,86.27614949250005,90.1223495535417,82.42994943145841,5666.53046361,-0.07120800566339637
1384315200,83.03545944,83.03545944,80.72891896,83.03545944,86.11469166300006,90.21217481560134,82.01720851039877,15091.98455705,0.12425321736280803
1384401600,83.03545944,83.03545944,83.03545944,83.03545944,85.88403761400005,90.12695628389395,81.64111894410615,854.77464683,0.16431383728700033
1384488000,83.03545944,83.03545944,83.03545944,83.03545944,85.65338356500004,89.98809683928485,81.31867029071523,41.69632424,0.1980279940854935
1384747200,81.23636225,83.03545944,81.00570834,81.23636225,85.37890546150005,90.08638174696894,80.67142917603117,5418.43733441,0.0600038151772188
1384920000,81.05183471,82.11284334,81.00570834,81.05183471,85.03753748100004,89.95573064194136,80.11934432005873,227315.85083488,0.09480009827051926
1385006400,81.65153506,81.65153506,81.19022677,81.65153506,84.72615451800004,89.67375861802822,79.77855041797187,1355.13053765,0.18928198418477582
1385092800,81.0979654,81.65153506,81.05183471,81.0979654,84.39631899300005,89.38770636050906,79.40493162549105,13599.25614942,0.16959551021121053
1385352000,81.65153506,81.65153506,81.65153506,81.65153506,84.09646872500005,88.98990167594278,79.20303577405733,11775.04196412,0.25018216357403733
1385438400,80.91343738,81.65153506,80.72891896,80.91343738,83.75971357300004,88.5550201282834,78.96440701771668,28015.76025386,0.2032227074342021
1385524800,80.77505444,80.77505444,80.72891896,80.77505444,83.41603927400004,88.02901662521535,78.80306192278474,2120.25808738,0.21374400599384483
1385611200,81.65153506,81.65153506,80.86731101,81.65153506,83.11618900600006,87.35408956453172,78.87828844746839,103496.53120124,0.327195810074939
1385697600,81.65153506,81.65153506,81.65153506,81.65153506,82.81403196400007,86.53305595161774,79.09500797638239,13924.48747846,0.3437094103358103
1385956800,80.72891896,81.14409128,80.72891896,80.72891896,82.53494033650006,85.99090628042048,79.07897439257964,17735.53151359,0.23870961030777402
1386043200,81.14409128,81.19022677,80.72891896,81.14409128,82.22355734900006,84.91870258229572,79.5284121157044,61416.60078274,0.2997387940982913
1386129600,81.42088115,82.57415115,80.72891896,81.42088115,82.02288834150005,84.29662303802408,79.74915364497602,293.95908586,0.3676170987713809
1386216000,80.82118033,82.11284334,80.72891896,80.82118033,81.79684736150006,83.54356183536464,80.05013288763547,71098.48727023,0.22071364664958668
1386302400,80.77505444,80.82118033,80.72891896,80.77505444,81.68152033700005,83.3775471807809,79.98549349321921,25147.05314645,0.23276782135731972
1386561600,80.77505444,80.77505444,80.72891896,80.77505444,81.56850008700005,83.18810454882026,79.94889562517983,30584.25382677,0.25504956126500306
1386648000,80.72891896,80.77505444,78.92982176,80.72891896,81.45317306300004,82.9633063908838,79.94303973511627,4044.54345085,0.2602019339527544
1386734400,79.43725594,79.43725594,79.43725594,79.43725594,81.33092641200004,83.06202407956482,79.59982874443526,41.69632424,-0.04695656619535394
1386820800,79.39113005,79.57564847,79.39113005,79.39113005,81.14870994250005,82.89093931434022,79.40648057065988,152.19158346,-0.004405424712724814
1386907200,80.72891896,80.72891896,79.34499457,80.72891896,81.03338291850005,82.55175113957748,79.51501469742263,153448.72763541,0.3997397488061211
1387252800,80.72891896,81.19022677,79.80630238,80.72891896,80.91805589450004,82.13012781717919,79.7059839718209,152669.00637221,0.4219778418421012
1387339200,80.95957286,80.95957286,80.77505444,80.95957286,80.90421642500004,82.10772511486363,79.70070773513646,2203.65073585,0.5229979373918044
1387425600,81.88218896,81.88218896,81.19022677,81.88218896,80.94573413750005,82.22184781151024,79.66962046348986,9062.69607259,0.8669166946378405
1387512000,80.72891896,80.77505444,80.72891896,80.72891896,80.89960333250005,82.13642372371005,79.66278294129005,1194.59968935,0.430998723131875
1387771200,80.72891896,80.72891896,80.72891896,80.72891896,80.88115101050005,82.11659419268308,79.64570782831701,5741.58384723,0.43838969986824816
1387857600,80.72891896,80.72891896,80.72891896,80.72891896,80.83502020550004,82.01981734190144,79.65022306909864,16167.74972233,0.45522387662823655
1388030400,80.72891896,82.06670786,78.97594813,80.72891896,80.82579428450003,82.01087885032868,79.64070971867139,218.90570224,0.4591272524791111
1388116800,80.72891896,80.77505444,80.72891896,80.72891896,80.82348751050003,82.00913762865417,79.63783739234589,107297.15115531,0.4601195373525304
1388376000,79.11434066,79.11434066,79.11434066,79.11434066,80.69662779050005,82.03397467553044,79.35928090546965,135.51305377,-0.09157693049252584
1388462400,81.19022677,81.19022677,79.4833871,81.19022677,80.67356237600004,81.95914669815396,79.38797805384611,14203.85285084,0.7009453542239527
1388635200,81.19022677,81.19022677,81.19022677,81.19022677,80.69662776650004,82.00176168657559,79.3914938464245,1332.19755933,0.6890989866662035
1388721600,83.03545944,83.49676725,80.72891896,83.03545944,80.79119617450004,82.44091851913213,79.14147382986796,20158.08795167,1.1801942377765589
1388980800,82.11284334,82.11284334,81.19022677,82.11284334,80.82579428400004,82.55404348767378,79.0975450803263,15281.70283232,0.8723563283767402
1389067200,82.52801567,82.57415115,82.52801567,82.52801567,80.91113605100004,82.79188582513075,79.03038627686934,28015.76025386,0.9298497442987309
1389153600,82.11284334,82.57415115,82.11284334,82.11284334,80.97802549600003,82.92852270497205,79.027528287028,612.93596626,0.7909047597658586
1389240000,83.03545944,83.03545944,82.80480554,83.03545944,81.09104574600003,83.23387389856795,78.94821759343212,142334.57241043,0.9537026666533717
1389326400,85.34199993,85.34199993,83.03545944,85.34199993,81.32169979450003,84.14425226773118,78.4991473212689,30457.08003785,1.2121745607261807
1389585600,86.17235466,86.26461603,84.41938383,86.17235466,81.65845473050004,85.05090689864387,78.2660025623562,46981.33333239,1.165285714546967
1389844800,87.64854042,89.44763761,87.64854042,87.64854042,82.07132524900004,86.19139278790172,77.95125771009836,31543.26928418,1.1768354060145731
1389931200,87.64854042,87.64854042,86.26461603,87.64854042,82.41730632200003,87.14560409153599,77.68900855246407,29775.3451366,1.0531836564634736
1390190400,87.64854042,87.64854042,87.51014788,87.64854042,82.76328739500005,87.93832554429602,77.58824924570408,34420.31565644,0.9720016436656181
1390276800,87.64854042,87.64854042,86.26461603,87.64854042,83.09773577300004,88.6164366323863,77.57903491361378,39236.24110564,0.9123076030892229
1390363200,87.41788651,87.64854042,86.26461603,87.41788651,83.37452065050003,89.16993688826143,77.57910441273863,41.69632424,0.8488417133142627
1390449600,87.64854042,89.724427,86.72592432,87.64854042,83.72050172350002,89.66706754710604,77.773935899894,49124.5243981,0.8302779127498165
1390536000,88.38663809,89.03246481,87.64854042,88.38663809,84.10338768000003,90.21402518387167,77.99275017612838,46839.56582999,0.8504749224026259
1390795200,87.64854042,87.74080227,87.64854042,87.64854042,84.44936875300003,90.540123456134,78.35861404986606,69559.89290594,0.7626252265054982
1390881600,87.64854042,88.57115652,87.64854042,87.64854042,84.79534982600003,90.78676633470592,78.80393331729415,138777.87595314,0.7381065136978971
1390968000,88.10984871,88.57115652,87.64854042,88.10984871,85.16439631350002,91.0160883007695,79.31270432623054,7182.19184957,0.7516752763908191
1391054400,88.10984871,88.57115652,87.9253298,88.10984871,85.61417171600002,90.89125526138969,80.33708817061034,73158.28568746,0.7364636614650841
1391140800,87.64854042,87.64854042,80.82118033,87.64854042,85.93708739850003,90.87104990552325,81.0031248914768,129110.58317913,0.6734359573125878
1391400000,87.64854042,87.64854042,87.64854042,87.64854042,86.26000308100002,90.73282824999303,81.78717791200701,16013.47332266,0.6552192726675017
1391572800,87.64854042,87.64854042,87.64854042,87.64854042,86.49065713000002,90.74499969741497,82.23631456258506,21531.98183523,0.6360825170578055
1391659200,87.6946759,87.6946759,87.64854042,87.6946759,86.76974875800002,90.543969691829,82.99552782417103,10597.12080446,0.6225321938243855
1391745600,88.10984871,88.34050261,87.64854042,88.10984871,87.04884041000003,90.31899158613669,83.77868923386336,103842.6106924,0.662226185098488
1392004800,87.6946759,87.97145617,87.09497076,87.6946759,87.32793203800001,89.69286912987769,84.96299494612234,98484.63302813,0.5775377626871243
1392091200,87.6946759,87.87919432,87.64854042,87.6946759,87.56089286100001,88.87149595861156,86.25028976338847,167185.58165481,0.5510387314221165
1392177600,87.6946759,87.6946759,87.64854042,87.6946759,87.67852665950002,88.50388237053053,86.85317094846951,64502.12877617,0.5097832003123884
1392264000,88.10984871,88.10984871,87.64854042,88.10984871,87.77540136200001,88.25202505175125,87.29877767224878,85150.1485376,0.8508505296647567
1392609600,88.01758686,88.10984871,87.87919432,88.01758686,87.79385368400003,88.277920014409,87.30978735359105,16359.55281381,0.7310976429727509
1392696000,88.10984871,88.15598419,88.10984871,88.10984871,87.81691909850002,88.31485437663561,87.31898382036444,80123.65665101,0.7941442636850166
1392782400,84.65003774,88.10984871,83.12772081,84.65003774,87.66699396450002,89.13607074597653,86.19791718302352,24154.68062965,-0.5268204706999096
1392868800,87.64854042,87.64854042,87.64854042,87.64854042,87.66699396450002,89.13607074597653,86.19791718302352,111669.01075141,0.4937193396789402
1392955200,87.64854042,87.64854042,87.64854042,87.64854042,87.67852666000002,89.14321494748738,86.21383837251265,22822.48307032,0.489763610368096
1393214400,87.64854042,87.6946759,87.64854042,87.64854042,87.67852666000003,89.14321494748367,86.21383837251639,277253.45355557,0.48976361036806515
1393300800,87.6946759,87.74080227,87.64854042,87.6946759,87.64392855050004,89.07231626498583,86.21554083601424,21438.1651057,0.5177638567544758
1393387200,88.10984871,88.10984871,87.64854042,88.10984871,87.66699396500003,89.10976056935935,86.22422736064071,28349.33084774,0.6534741460129021
1393560000,88.10984871,88.10984871,87.64854042,88.10984871,87.69005937950003,89.14560167693993,86.23451708206012,126437.84879563,0.6442037552733154
1393819200,87.64854042,88.06371322,87.64854042,87.64854042,87.66699396500003,89.10976056935935,86.22422736064071,11376.84206767,0.4936048058832694
1393905600,87.64854042,88.06371322,87.64854042,87.64854042,87.64392855050002,89.07231626499218,86.21554083600786,4551.15379031,0.5016143619317048
1393992000,87.64854042,87.6946759,87.64854042,87.64854042,87.64392855050002,89.07231626499218,86.21554083600786,27504.98028197,0.5016143619317048
1394078400,87.78693295,87.97145617,87.6946759,87.78693295,87.65084817700003,89.08059841244742,86.22109794155264,4999.38927584,0.5475904006259464
1394164800,87.64854042,87.78693295,87.64854042,87.64854042,87.65084817700003,89.08059841244996,86.2210979415501,34822.68518531,0.49919295099843114
1394424000,87.64854042,87.64854042,87.64854042,87.64854042,87.64854140300002,89.0781502104141,86.21893259558595,2026.44135785,0.49999965619964853
1394510400,87.64854042,87.64854042,87.64854042,87.64854042,87.62547598850003,89.03936863030415,86.2115833466959,32266.70050967,0.5081563588415542
1394596800,87.64854042,87.6946759,87.64854042,87.64854042,87.62316921450001,89.03675323598351,86.20958519301651,53431.75469163,0.5089740705590913
1394683200,87.6946759,88.10984871,87.64854042,87.6946759,87.62316921450001,89.03675323598094,86.20958519301908,14954.38668708,0.5252926902162738
1394769600,87.64854042,87.64854042,87.64854042,87.64854042,87.62086244050002,89.03412271354284,86.2076021674572,29696.12212055,0.5097922442270283
1395028800,87.64854042,87.87919432,87.64854042,87.64854042,87.59779702600001,88.99332855403486,86.20226549796516,8662.41135993,0.5181806691502877
1395115200,87.64854042,87.64854042,87.64854042,87.64854042,87.57934470400002,88.96188460231942,86.19680480568063,26122.74713356,0.5250248532010163
1395201600,87.64854042,87.64854042,87.64854042,87.64854042,87.55627928950001,88.91788100307608,86.19467757592395,5149.49604309,0.5338796321934997
1395288000,87.74080227,87.74080227,87.74080227,87.74080227,87.710817516,87.9864853049821,87.43514972701792,2.08481621,0.5543856685445853
1395374400,87.18723213,87.18723213,83.03545944,87.18723213,87.68775210150001,88.04540741103989,87.33009679196013,3248.14365795,-0.1997239494975296
1395633600,83.12772081,83.49676725,83.08159493,83.12772081,87.46171112100001,89.48210929603407,85.44131294596595,210.56643739,-0.5725584601478233
1395806400,84.46551931,84.88069164,84.41938383,84.46551931,87.30256006550002,89.70446443247164,84.9006556985284,942.33692772,-0.09058153907206183
1395892800,86.26461603,86.26461603,84.41938383,86.26461603,87.23105707200003,89.66691595017468,84.79519819382537,2166.12404404,0.30162211968448605
1395979200,86.26461603,86.26461603,86.26461603,86.26461603,87.13879543800002,89.57430490151698,84.70328597448305,52.12040529,0.32053459017612057
1396238400,83.49676725,85.34199993,83.49676725,83.49676725,86.90814136500002,89.76876823936516,84.04751449063488,6394.13132152,-0.09626338296166372
1396324800,84.88069164,85.34199993,84.83455616,84.88069164,86.76974892600002,89.73943722125995,83.80006063074009,1601.13885064,0.18194350750291774
1396411200,84.88069164,85.34199993,84.88069164,84.88069164,86.63135648700002,89.68122390875497,83.58148906524507,4200.90466673,0.21299328709956555
1396497600,84.46551931,84.88069164,84.41938383,84.46551931,86.47220543150002,89.62365153783948,83.32075932516055,189411.80728857,0.18162455365120297
1396584000,85.29586445,85.34199993,84.88069164,85.29586445,86.34765200650001,89.47824496468058,83.21705904831944,58679.23709667,0.332014642185982
1396843200,84.41938383,84.92682712,84.41938383,84.41938383,86.18619417700003,89.36448290620638,83.00790544779369,5568.54410166,0.22205005625130456
1396929600,84.92682712,85.34199993,84.41938383,84.92682712,86.05010851200002,89.1992277195404,82.90098930445964,17562.49176801,0.32165149713761343
1397016000,85.34199993,85.34199993,84.97295349,85.34199993,85.93478148750003,89.00936066729864,82.86020230770143,2228.66853039,0.40359956227589144
1397102400,85.38813541,85.80330822,84.97295349,85.38813541,85.82176123700003,88.80073979949834,82.84278267450172,11681.22523459,0.4272190420470214
1397188800,85.34199993,85.38813541,85.34199993,85.34199993,85.70412743850002,88.56129994799129,82.84695492900876,11095.39187908,0.43662834370394693
1397620800,85.38813541,85.38813541,85.34199993,85.38813541,85.59110718800002,88.30701629266291,82.87519808333714,11087.05261423,0.4626328109339996
1397707200,86.44913493,86.49526993,85.80330822,86.44913493,85.53113691350003,88.1123018733326,82.94997195366747,35637.84832411,0.6778262975798948
1398139200,85.52651835,85.57265384,85.52651835,85.52651835,85.42503581000003,87.8168358680273,83.03323575197275,5378.82582638,0.5212146788063212
1398225600,86.54140542,86.72592432,86.26461603,86.54140542,85.36967906000002,87.59878464511267,83.14057347488738,38473.19837213,0.7628243291447242
1398312000,85.57265384,87.32562466,85.52651835,85.57265384,85.26127163850002,87.21209139703893,83.31045187996111,3321.11222536,0.5798080397066498
1398398400,88.98632932,88.98632932,85.52651835,88.98632932,85.35122649800003,87.76093112853931,82.94152186746075,153838.58826702,1.2542631524068668
1398657600,88.38663809,89.03246481,87.64854042,88.38663809,85.61417236200002,88.140842798469,83.08750192553104,29437.60491029,1.048640156623376
1398830400,87.64854042,87.87919432,87.64854042,87.64854042,85.77332341750002,88.38992372571751,83.15672310928254,7471.98130301,0.8583308074624205
1399003200,87.64854042,87.64854042,87.64854042,87.64854042,85.84251963700004,88.57792797596049,83.10711129803958,1492.72840763,0.8301190460811261
1399262400,87.6946759,88.10984871,87.64854042,87.6946759,85.91402263050003,88.76226271168412,83.06578254931594,4995.21964342,0.8125883385433753
1399348800,87.64854042,88.10984871,87.64854042,87.64854042,86.12161128900003,88.8369722287327,83.40625034926735,69393.10760899,0.7811650393612679
1399435200,87.6946759,88.10984871,87.6946759,87.6946759,86.26231050200002,88.99743940168572,83.52718160231431,4549.0689741,0.761846050137631
1399521600,87.60240494,87.6946759,87.18723213,87.60240494,86.39839616700003,89.11579369949277,83.68099863450729,3898.60631602,0.7215371064783997
1399608000,87.87919432,88.10984871,87.64854042,87.87919432,86.56907991750003,89.20708439512676,83.93107543987331,13449.14938217,0.7483154243313881
1399867200,88.10984871,88.10984871,87.64854042,88.10984871,86.70977913050002,89.36128072749764,84.0582775335024,2708.1762591,0.7640144703449008
1399953600,87.64854042,87.6946759,87.64854042,87.64854042,86.87123696000003,89.33157405504862,84.41089986495145,21890.57022366,0.6579668618508189
1400212800,89.49377309,89.49377309,87.64854042,89.49377309,87.09958425850003,89.64204013654279,84.55712838045727,56552.72456066,0.9708417660610645
1400472000,89.03246481,89.9550809,89.03246481,89.03246481,87.28410750250004,89.8252236927604,84.74299131223967,25787.09172347,0.8440136492382936
1400558400,90.32412734,90.41638919,89.03246481,90.32412734,87.53090709900002,90.24071030522208,84.82110389277796,15884.21471753,1.0153917145323297
1400644800,89.9550809,89.9550809,89.03246481,89.9550809,87.76156114750003,90.47214947121786,85.0509728237822,5564.37446923,0.9046206008685499
1400731200,90.92383248,91.5696592,87.6946759,90.92383248,88.03834600100004,90.85156687571872,85.22512512628136,89638.75784156,1.0128439264991076
1400817600,89.9550809,89.9550809,89.9550809,89.9550809,88.21364329950003,91.04577170186441,85.38151489713566,70.8837512,0.807443264056485
1401076800,92.21548591,92.26162139,89.9550809,92.21548591,88.54809167750003,91.60298106572603,85.49320228927402,92155.13100917,1.1002499217540667
1401163200,90.00121639,93.18423749,90.00121639,90.00121639,88.72108222600004,91.6925469479199,85.74961750408018,181468.6575217,0.7154045704390641
1401249600,92.26162139,93.18423749,92.26162139,92.26162139,89.05553060350003,92.03994729337019,86.07111391362987,28005.3361728,1.037138596862534
1401336000,91.80031358,92.26162139,91.80031358,91.80031358,89.19622981650004,92.41078528478916,85.98167434821092,87824.96773731,0.9050457037043953
1401422400,93.87619968,96.87470236,92.26162139,93.87619968,89.47070789600004,93.24977521825542,85.69164057374465,54640.94809446,1.0828808285652238
1401768000,92.30775687,92.30775687,92.30775687,92.30775687,89.70366871850004,93.57793992234048,85.8293975146596,41.69632424,0.8360745820941264
1401854400,92.30775687,92.30775687,92.26162139,92.30775687,89.93662954100004,93.84871836119837,86.02454072080172,17347.7556982,0.8030513158031721
1401940800,93.13810249,93.18423749,92.26162139,93.13810249,90.20880087050004,94.2153885195687,86.20221322143138,8591.52760873,0.8655606561085557
1402027200,94.10685407,94.15298955,92.26162139,94.10685407,90.53171655300005,94.69868469206665,86.36474841393346,13893.21523528,0.9289854634934619
1402286400,94.15298955,94.56816188,92.49227578,94.15298955,90.85463223550005,95.09249596742806,86.61676850357203,36876.22915391,0.8891533002406574
1402372800,94.10685407,94.15298955,92.72292968,94.10685407,91.17985469200003,95.36750359339946,86.99220579060061,1194.59968935,0.849480036043831
1402459200,94.10685407,94.33750797,94.10685407,94.10685407,91.49123767950003,95.57573999376996,87.4067353652301,187614.69571401,0.8201878942952059
1402632000,94.10685407,94.56816188,94.10685407,94.10685407,91.79108794750003,95.71601469461714,87.86616120038292,13367.84154991,0.795007559593426
1402891200,94.15298955,94.15298955,94.10685407,94.15298955,92.11631040400003,95.67517921555327,88.55744159244679,79737.96565183,0.7861413631472238
1402977600,94.10685407,94.15298955,94.10685407,94.10685407,92.34696445300003,95.79220094432449,88.90172796167556,5791.61943632,0.7554091165340306
1403064000,94.10685407,94.10685407,92.26162139,94.10685407,92.60068391600004,95.76839932835122,89.43296850364885,99041.27895667,0.7377376054880558
1403150400,94.2452466,94.33750797,93.64554578,94.2452466,92.79673987900004,95.86024187617676,89.73323788182333,105535.48145636,0.7364135427910418
1403236800,93.04584543,94.10685407,92.49227578,93.04584543,92.95127810550005,95.72380796060054,90.17874825039956,16472.13288925,0.5170543383556316
1403496000,94.10685407,94.10685407,94.10685407,94.10685407,93.11042918500003,95.7619513029698,90.45890706703025,3921.53929435,0.6878967703582486
1403582400,94.10685407,94.5220264,94.10685407,94.10685407,93.31801784350003,95.56869002928941,91.06734565771065,4100.83348857,0.6752445850356694
1403668800,94.10685407,94.10685407,94.10685407,94.10685407,93.41258625150003,95.62868411447732,91.19648838852274,113858.06777377,0.6566419583942084
1403755200,94.10685407,94.38364345,94.10685407,94.10685407,93.61786813550003,95.20262042689014,92.03311584410993,46364.22773371,0.6542783491011833
1403841600,94.10685407,94.56816188,94.10685407,94.10685407,93.71012976950004,95.17891545519761,92.24134408380247,7713.81998357,0.6350517997156061
1404100800,94.33750797,94.33750797,94.10685407,94.33750797,93.83698948900005,95.03790536554557,92.63607361245452,2997.96571254,0.7083903172467487
1404187200,94.47590051,94.56816188,94.10685407,94.47590051,93.86697453050004,95.09983157916017,92.63411748183992,27427.84208214,0.7469572527332925
1404273600,95.95208627,95.95208627,94.56816188,95.95208627,94.04919100050004,95.37976658472908,92.718615416271,2174.46330888,1.21506470284532
1404360000,95.95208627,95.95208627,94.10685407,95.95208627,94.23140747050005,95.55628615655058,92.9065287844495,112013.00542635,1.1493722095527443
1404446400,97.47440319,97.56666456,95.26012407,97.47440319,94.44822250550006,96.30068291975938,92.59576209124073,66970.55117091,1.316800364856896
1404705600,98.48928114,98.81219641,98.25862675,98.48928114,94.66734385900006,97.21337555791796,92.12131216008216,1751.24561789,1.2505674973772567
1404792000,98.07410833,98.71993504,97.79731894,98.07410833,94.86339979800006,97.7954336395799,91.93136595642022,3419.09858731,1.0475224205239644
1404878400,97.38214614,97.56666456,96.87470236,97.38214614,95.02716440150007,98.13262594627537,91.92170285672478,19507.6252936,0.8791677508391642
1404964800,98.25862675,98.67379956,98.25862675,98.25862675,95.23475303550006,98.6097485618557,91.85975750914443,6246.10937048,0.9479818848478835
1405051200,96.87470236,98.25862675,96.87470236,96.87470236,95.37314545000007,98.77864695542696,91.96764394457317,56396.36334478,0.7204604678058578
1405310400,97.28987517,98.21249127,96.87470236,97.28987517,95.52998973100006,98.98484927509035,92.07513018690976,39653.204348,0.7546971036797013
1405396800,97.19761812,97.70505709,96.87470236,97.19761812,95.68452793350005,99.14742558028485,92.22163028671525,57192.76313768,0.7184716877070874
1405483200,97.33601065,97.33601065,96.87470236,97.33601065,95.84598576250005,99.30070046252835,92.39127106247174,22801.6349082,0.7156509316800818
1405569600,95.99822175,97.33601065,95.99822175,95.99822175,95.93363452000004,99.30950276768624,92.55776627231384,91923.71640967,0.5095660175784742
1405656000,93.5994103,96.04434812,92.26162139,93.5994103,95.96131276350005,99.249971678812,92.67265384818809,22322.1271795,0.14090188062631623
1405915200,96.87470236,97.33601065,94.56816188,96.87470236,96.09970517800005,99.29622208261722,92.90318827338288,103379.78149338,0.6212252594191688
1406001600,96.87470236,96.87470236,96.87470236,96.87470236,96.23809759250005,99.3149374483644,93.1612577366357,59717.47557014,0.6034510727437764
1406088000,97.38214614,97.75118346,96.87470236,97.38214614,96.40186219600005,99.35364093814262,93.45008345385749,56469.33191219,0.6660496991194546
1406174400,97.65892641,97.79731894,97.10535675,97.65892641,96.57946581300004,99.3811537312783,93.77777789472178,13868.19744074,0.6926446892884723
1406260800,99.18124333,99.18124333,97.79731894,99.18124333,96.83318527600005,99.61222259332361,94.0541479586765,89401.08879342,0.9224588923946736
1406520000,99.18124333,99.64255114,99.18124333,99.18124333,97.07537204400005,99.78561649248554,94.36512759551455,70829.54597891,0.8885020938197528
1406692800,99.22737833,99.64255114,99.18124333,99.22737833,97.31294593500004,99.90030662025434,94.72558524974575,5614.41005832,0.8699585461568128
1406779200,99.18124333,100.10385943,99.18124333,99.18124333,97.47440378800005,100.10459009092287,94.84421748507722,21794.66867792,0.824471224738569
1406865600,99.18124333,99.22737833,99.18124333,99.18124333,97.63586164100006,100.268878077369,95.00284520463113,23879.48488969,0.7934622183998024
1407124800,101.02647553,101.34939128,99.18124333,101.02647553,97.81346525800005,100.83019231189485,94.79673820410525,47562.99705548,1.0325324788418853
1407211200,101.58004519,101.94909163,101.02647553,101.58004519,97.96800346050006,101.3960048241402,94.54000209685991,90683.25076366,1.0268436832919416
1407297600,103.70206245,103.84045979,101.48778382,103.70206245,98.24940116650006,102.49299510603878,94.00580722696135,118761.55550387,1.1424579449857366
1407384000,108.17675137,110.25263748,103.7943243,108.17675137,98.78913142800006,104.82261173868078,92.75565111731935,193837.87210617,1.2779606013946538
1407470400,106.10086479,108.40740528,103.7943243,106.10086479,99.18124333000006,105.99475047341264,92.36773618658748,157891.47098271,1.0077870555026833
1407729600,106.10086479,107.94609699,106.10086479,106.10086479,99.64255145150005,106.99679273406444,92.28831016893567,6517.13547801,0.9390876699824544
1407816000,106.10086479,108.31514343,106.10086479,106.10086479,100.08310093250006,107.86406967423626,92.30213219076386,112169.36664223,0.8866975987977798
1407902400,108.82257809,109.33002138,106.5621726,108.82257809,100.66434893100005,109.19679099654498,92.13190686545512,142657.71892326,0.9780711721409687
1407988800,110.80620761,111.0829922,108.96097494,110.80620761,101.33785877900006,110.79005417958673,91.88566337841338,70844.13969239,1.0008544803470878
1408075200,110.71394576,111.12911857,110.48329186,110.71394576,102.07364497950007,112.0264500742582,92.12083988474195,28061.62621052,0.9340635980629495
1408334400,110.25263748,110.25263748,109.88359104,110.25263748,102.90630633850007,112.66856440122051,93.14404827577964,11656.20744004,0.8762618799001888
1408420800,110.02198357,110.71394576,110.02198357,110.02198357,103.56367039900006,113.38322719311782,93.7441136048823,6425.4035647,0.8288495248007878
1408507200,111.17525405,111.63656186,110.02198357,111.17525405,104.27869798350007,114.12844012715018,94.42895583984995,385611.77616268,0.8500881528632694
1408593600,110.71394576,111.63656186,110.66781028,110.71394576,104.94528796450007,114.64116589320203,95.2494100357981,2535.13651352,0.797479910427885
1408680000,110.71394576,111.22138954,110.71394576,110.71394576,105.59803893200008,114.99713373510359,96.19894412889657,3913.20002951,0.7721489108882426
1408939200,110.71394576,111.17525405,110.71394576,110.71394576,106.17467405350007,115.34050179786306,97.00884630913708,25382.63737838,0.7476193003567844
1409025600,110.25263748,110.25263748,110.25263748,110.25263748,106.72824376100007,115.46500420408064,97.9914833179195,3612.98649501,0.7016991161633153
1409112000,109.05323199,110.66781028,108.86871357,109.05323199,107.21953644400007,115.29381824788274,99.1452546401174,2870.79192362,0.6135516192361631
1409198400,109.79132967,110.25263748,109.79132967,109.79132967,107.75004076100008,114.993539927095,100.50654159490516,26033.10003646,0.6409048901775747
1409284800,108.40740528,109.79132967,106.10086479,108.40740528,108.21134885850009,114.29564234792043,102.12705536907974,18471.47163634,0.516111683455181
1409544000,106.10086479,109.33002138,106.10086479,106.10086479,108.46506832150007,113.69263760876498,103.23749903423516,2935.42122618,0.27387162162923445
1409630400,108.86871357,109.33002138,108.86871357,108.86871357,108.82950174050006,112.99460809912863,104.6643953818715,13330.3148581,0.504707182257027
1409716800,106.5621726,108.86871357,106.10086479,106.5621726,108.97250724800008,112.58309421256637,105.3619202834338,11428.96247296,0.16621290781045792
1409803200,107.02348089,108.40740528,106.5621726,107.02348089,108.91484372400006,112.6102642908734,105.21942315712673,13048.86466951,0.24409369653961635
1409889600,108.40740528,108.40740528,107.30027028,108.40740528,109.03017074850007,112.50446710063277,105.55587439636737,231854.49572792,0.41037530979218595
1410235200,108.40740528,108.63805918,107.30027028,108.40740528,109.14549777300006,112.36713315556068,105.92386239043944,27798.93936783,0.3854475436612876
1410321600,108.45354076,109.2838859,108.40740528,108.45354076,109.26313157150005,112.18979974491965,106.33646339808045,33905.36605213,0.36168729020035945
1410408000,108.45354076,109.74519418,108.45354076,108.45354076,109.24467970500004,112.18683787447598,106.3025215355241,2862.45265877,0.3655512553322448
1410494400,110.71394576,110.71394576,108.86871357,110.71394576,109.24006661250004,112.17269073436977,106.30744249063032,169589.37474699,0.7512901562305011
1410753600,108.86871357,108.86871357,108.86871357,108.86871357,109.14780500300006,112.00426296522444,106.29134704077568,104.24081059,0.45114728858415837
1410840000,108.49966713,108.86871357,108.40740528,108.49966713,109.06015648550003,111.88301117880809,106.23730179219197,865.19872789,0.40072295311042105
1410926400,108.40740528,108.40740528,108.40740528,108.40740528,108.97942757100004,111.77989798650921,106.17895715549088,6392.04650531,0.3978703206732436
1411012800,108.40740528,108.40740528,108.40740528,108.40740528,108.84103513250004,111.46155717879483,106.22051308620524,5207.87089702,0.41726269711923425
1411099200,108.77645172,108.86871357,107.48478918,108.77645172,108.74416043050005,111.21981636848334,106.26850449251675,19128.18874305,0.506521764394744
1411358400,108.86871357,108.86871357,108.40740528,108.86871357,108.65189882100006,110.95882650798055,106.34497113401957,80023.58547284,0.5469920991073031
1411444800,108.40740528,108.63805918,108.40740528,108.40740528,108.53657179700005,110.64139054589575,106.43175304810435,34491.19940764,0.46931647509605945
1411531200,108.40740528,108.40740528,107.48478918,108.40740528,108.44431018700004,110.3963792583033,106.49224111569679,5897.94506312,0.490547233306812
1411617600,108.40740528,108.40740528,108.40740528,108.40740528,108.41201885150004,110.34399141334993,106.48004628965015,23983.72570028,0.4988059945593604
1411704000,108.82257809,108.82257809,108.40740528,108.82257809,108.36358127250006,110.20106468585263,106.52609785914748,12552.67841111,0.6248982206218875
1411963200,108.40740528,108.45354076,108.3612698,108.40740528,108.36358127250006,110.2010646858546,106.52609785914551,16987.08249356,0.5119250076439993
1412049600,108.54579781,108.86871357,108.40740528,108.54579781,108.48582792350003,110.00214969572598,106.96950615127408,73700.33790252,0.5197747890976779
1412136000,112.09787015,112.09787015,108.86871357,112.09787015,108.64728575250005,110.83246462853403,106.46210687646608,164039.59399124,1.2895427773314942
1412222400,115.14250832,115.32702674,112.09787015,115.14250832,109.07630253850004,112.4831821926877,105.66942288431238,163664.32707312,1.3902876528150196
1412308800,116.80321298,117.63356723,114.86571893,116.80321298,109.56528914300004,114.2288297540249,104.90174853197519,223782.08735592,1.2760116658884797
1412654400,117.63356723,117.63356723,117.17225942,117.63356723,110.02659724050002,115.82734491965397,104.22584956134608,45845.10849697,1.15568874998968
1412827200,117.17225942,117.63356723,117.03386688,117.17225942,110.46483994750001,116.9892700400054,103.94040985499463,10601.29043689,1.014023399546024
1412913600,115.32702674,117.03386688,115.32702674,115.32702674,110.80851424650002,117.5919386865233,104.02508980647674,83734.55832981,0.8330554157012516
1413172800,110.57555323,115.32702674,109.79132967,110.57555323,110.91461487000004,117.61323352662475,104.21599621337532,26827.41501315,0.47469167470335705
1413259200,116.24964332,116.29577832,110.57555323,116.24964332,111.19139974800002,118.28008823926992,104.10271125673013,1393699.63757285,0.856782751719834
1413345600,117.40291332,117.63356723,115.32702674,117.40291332,111.61810973550003,119.11202625673603,104.12419321426403,399846.90125669,0.8859666416157154
1413432000,115.32702674,116.01898893,115.32702674,115.32702674,111.95947771600001,119.47605490560714,104.44290052639288,51038.38568051,0.7240081448678634
1413518400,115.32702674,115.37316222,115.32702674,115.32702674,112.30545878900003,119.77303902650051,104.83787855149954,14385.23186126,0.7023123860006445
1413777600,114.40441064,114.40441064,114.40441064,114.40441064,112.605309057,119.90238171755402,105.30823639644598,223.07533466,0.6232755699916109
1413864000,113.94310235,113.94310235,113.94310235,113.94310235,112.86364158850002,119.96337645000045,105.76390672699958,14.59371348,0.5760212023799335
1414036800,113.48179454,113.48179454,113.48179454,113.48179454,113.094295637,119.95563388714864,106.23295738685137,56.29003772,0.5282378516313199
1414123200,113.48179454,114.40441064,113.48179454,113.48179454,113.3480151,119.8639272506958,106.8321029493042,423.21769099,0.5102655957374834
1414382400,115.32702674,115.32702674,113.02048625,115.32702674,113.693996173,119.84864253811668,107.53934980788333,24746.76843379,0.632666482371407
1414468800,113.20500515,115.09637283,113.02048625,113.20500515,113.93387616650003,119.60024325879297,108.26750907420708,1350.96090523,0.43568445137525685
1414555200,111.91335173,113.1127481,111.17525405,111.91335173,114.08841484850002,119.34232933219805,108.834500364802,10957.7940091,0.29300546999300625
1414641600,112.65143981,113.02048625,112.55917844,112.65143981,114.300616575,118.92465210902104,109.67658104097897,2166.12404404,0.3216734329930751
1414728000,113.02048625,114.17375673,112.65143981,113.02048625,114.52435099700001,118.38254165840199,110.66616033559804,10945.28511183,0.30510751295355387
1414987200,113.02048625,114.40441064,113.02048625,113.02048625,114.57048180199999,118.33238065103285,110.80858295296713,9387.92740163,0.2939876091566803
1415073600,113.02048625,113.02048625,110.76008125,113.02048625,114.46438069850001,118.27514276775385,110.65361862924617,52866.76949824,0.3105504329239423
1415160000,113.38953269,113.94310235,113.02048625,113.38953269,114.29369668400003,117.97369774069905,110.613695627301,119616.3301507,0.3771516665254619
1415332800,115.37316222,116.24964332,113.38953269,115.37316222,114.18067643350003,117.57087046704531,110.79048239995474,103344.33961778,0.6758727929287478
1415592000,115.78833503,117.12612393,115.32702674,115.78833503,114.11148021400001,117.30542175972207,110.91753866827796,66513.97642053,0.7625055581004538
1415678400,115.51154564,115.83447051,115.51154564,115.51154564,114.12070615900002,117.32966986918362,110.91174244881643,17664.64776239,0.7167116250935099
1415764800,115.8805964,116.24964332,115.78833503,115.8805964,114.38595831750001,117.23584149703505,111.53607513796497,149735.66996224,0.7622279560848244
1415851200,117.63356723,117.63356723,115.83447051,117.63356723,114.455154513,117.54018450558196,111.37012452041803,5539.35667469,1.0151348162971796
1415937600,119.94010819,119.94010819,117.58743222,119.94010819,114.58201425650002,118.2877022422789,110.87632627072114,119549.61603192,1.2229553532383806
1416196800,123.63057259,124.55318917,119.4787999,123.63057259,114.99719154900001,120.41077701280884,109.58360608519118,925308.14890536,1.2973810609176026
1416283200,124.32253478,124.55318917,124.32253478,124.32253478,115.446966951,122.2195855693442,108.67434833265578,43608.10070174,1.1552537747334375
1416369600,124.460923,124.55318917,123.63057259,124.460923,115.94979256900001,123.75299220372669,108.14659293427333,118894.98374142,1.045361571497081
1416456000,124.55318917,124.55318917,124.55318917,124.55318917,116.48029691000002,125.06880729329274,107.8917865267073,287412.76295556,0.9699820981589674
1416542400,121.55468648,123.16926478,119.94010819,121.55468648,116.883941507,125.6282240602023,108.1396589537977,120644.14454311,0.7670742250483144
1416801600,116.5264327,119.4787999,114.86571893,116.5264327,117.03617341500001,125.64317178071306,108.42917504928695,31632.91638129,0.4703880090746493
1416888000,116.24964332,119.4787999,116.24964332,116.24964332,117.08230424399999,125.6620127530694,108.50259573493057,3921.53929435,0.45147498757563886
1416974400,114.91185441,118.51004832,111.17525405,114.91185441,117.16764670699999,125.62446322387882,108.71083019012116,180376.21382672,0.36662875489271385
1417060800,114.86571893,115.28089126,113.94310235,114.86571893,117.315265067,125.49871373100115,109.13181640299885,165102.85025925,0.35033533919657184
1417147200,114.86571893,117.63356723,113.48179454,114.86571893,117.425979023,125.4115662754205,109.4403917705795,5502000.93780858,0.3396949396411667
1417406400,114.21989222,115.32702674,113.94310235,114.21989222,117.48594932150002,125.35546920661905,109.61642943638098,52893.87210899,0.2924868893414958
1417492800,113.1127481,116.24964332,113.02048625,113.1127481,117.49056241400001,125.34970764716333,109.63141718083669,2316.23081128,0.2214827958944634
1417579200,115.09637283,115.32702674,114.40441064,115.09637283,117.59435674300002,125.26724298713562,109.92147049886442,20404.09626466,0.3372200607750944
1417665600,115.28089126,117.17225942,115.09637283,115.28089126,117.68892467150002,125.19703537845655,110.18081396454349,1755.41525032,0.33963785927737544
1417752000,114.40441064,114.40441064,114.40441064,114.40441064,117.64048709250001,125.21989319917868,110.06108098582133,431.55695584,0.2865217665505143
1418011200,114.40441064,114.45054612,114.40441064,114.40441064,117.571290873,125.2417921063974,109.90078963960259,11268.43162465,0.2935675820498283
1418097600,115.32702674,115.32702674,114.40441064,115.32702674,117.562064928,125.24289059416849,109.88123926183151,3694.29432727,0.35450534323122235
1418184000,115.32702674,115.32702674,114.40441064,115.32702674,117.534386445,125.24318858142976,109.82558430857023,3884.01260254,0.3568286183810192
1418270400,115.32702674,115.32702674,115.32702674,115.32702674,117.41905942049998,125.18726056981056,109.65085827118939,62.54448635,0.3653463884180157
1418356800,115.28089126,115.32702674,115.28089126,115.28089126,117.186098574,124.91727450712861,109.45492264087139,223.07533466,0.37678411858175076
1418616000,114.86571893,115.32702674,114.45054612,114.86571893,116.747855891,123.94323204392308,109.55247973807693,11324.72166237,0.3692120522263875
1418702400,114.86571893,115.32702674,114.86571893,114.86571893,116.27501509849999,122.60845493602632,109.94157526097366,15982.20107948,0.3887416471417509
1418788800,114.49667249,114.86571893,114.49667249,114.49667249,115.77680257299998,120.91005496749447,110.64355017850549,3704.71840833,0.3753100388777929
1418875200,114.40441064,114.49667249,114.40441064,114.40441064,115.26936364649998,118.47747877420782,112.06124851879214,6748.55007752,0.3651929603414847
1418961600,114.58892906,114.63506454,114.45054612,114.58892906,114.9210757755,116.334697552817,113.507453998183,840.18093335,0.3825192421234473
1419220800,114.86571893,115.32702674,114.40441064,114.86571893,114.83804008700001,116.04465747958976,113.63142269441026,15175.37720552,0.5114696021994938
1419307200,113.94310235,113.94310235,113.94310235,113.94310235,114.7227130385,115.80177846412495,113.64364761287506,2166.12404404,0.1387565248657262
1419393600,115.00411098,115.32702674,114.86571893,115.00411098,114.72732586699999,115.81036748607922,113.64428424792077,51926.51738673,0.627781383523986
1419566400,115.32702674,115.37316222,115.32702674,115.32702674,114.75039125749997,115.86347202687529,113.63731048812465,5499.74516667,0.7590267922891362
1419825600,116.24964332,116.24964332,115.32702674,116.24964332,114.81958747699998,116.11059002810075,113.52858492589922,233.49941572,1.0538547703800805
1419912000,116.01898893,116.01898893,116.01898893,116.01898893,114.90954231249998,116.26972832406773,113.54935630093223,25.01779454,0.9078290057627044
1419998400,115.32702674,116.01898893,113.71244845,115.32702674,115.0202562445,116.11123765960325,113.92927482939676,6050.13664658,0.6405938227971367
1420171200,116.01898893,116.01898893,115.32702674,116.01898893,115.06638704949998,116.24114783023629,113.89162626876367,6836.11235842,0.9054450472473904
1420516800,116.75708661,118.09487551,116.01898893,116.75708661,115.14019681699999,116.52611238236838,113.7542812516316,40510.06381104,1.0833291123223023
1420603200,118.141011,121.78534039,118.09487551,118.141011,115.327026835,117.19085113582854,113.46320253417146,11658.29225626,1.2548952344244804
1420689600,121.0933782,122.24664868,119.94010819,121.0933782,115.66147521299999,118.74470981945616,112.57824060654382,39897.12784477,1.3808773383033879
1420776000,124.55318917,124.59932465,123.67670807,124.55318917,116.12278333450001,121.06699805161983,111.1785686173802,114460.57965897,1.3525525607038151
1421035200,124.09188088,127.32103746,123.67670807,124.09188088,116.56102604149999,122.5819636690167,110.54008841398327,18465.21718771,1.1253888766496039
1421121600,125.33741753,125.47580526,124.09188088,125.33741753,117.06154558099999,124.15732385638465,109.96576730561533,1163.32744617,1.083154632784194
1421380800,122.24664868,124.09188088,122.24664868,122.24664868,117.409833452,124.7995401062815,110.0201267977185,7886.85972915,0.8272670658176682
1421640000,120.86272429,124.50705368,120.86272429,120.86272429,117.70968372,125.14864271915333,110.27072472084667,2751.95739955,0.711927540557682
1421726400,118.09487551,118.09487551,117.63356723,118.09487551,117.87114154899999,125.19547659503512,110.54680650296486,1753.3304341,0.5152733292233211
1421812800,115.32702674,117.63356723,115.32702674,115.32702674,117.9126592615,125.16911051063067,110.65620801236932,30077.64348731,0.3218390482668948
1421899200,114.40441064,114.63506454,114.40441064,114.40441064,117.9126592615,125.16911051063067,110.65620801236932,17337.33161714,0.2582669199410463
1421985600,114.40441064,114.63506454,114.40441064,114.40441064,117.90343334049999,125.17721292529092,110.62965375570906,17337.33161714,0.25947699131437424
1422331200,115.32702674,117.63356723,115.32702674,115.37316222,117.92880550499999,125.16345871589351,110.69415229410646,40564.26903254,0.3233748591327193
1422504000,116.71095113,117.63356723,115.78833503,115.78833503,118.02106713899998,125.09533848581563,110.94679579218433,114406.37443747,0.3421934924785572
1422590400,115.32702674,115.32702674,113.02048625,113.02048625,117.92188590249998,125.21480879871231,110.62896300628765,11964.76023939,0.16396191744701039
1422849600,114.86571893,114.86571893,111.17525405,111.17525405,117.71429726799997,125.50987945674072,109.91871507925921,8093.25653412,0.08059301668037219
1423108800,112.97435077,113.02048625,112.97435077,113.02048625,117.55283941449997,125.59299844555505,109.51268038344489,6429.57319712,0.21814281614370004
1423195200,112.09787015,114.40441064,112.09787015,114.40441064,117.47211049999999,125.60415021350043,109.34007078649954,2412.13235703,0.3113818938373399
1423454400,114.40441064,115.28089126,114.40441064,114.86571893,117.44904510949998,125.60786367524543,109.29022654375453,5422.60696683,0.3416850332751611
1423540800,114.77345708,115.78833503,114.77345708,115.78833503,117.43751241449995,125.60503148915697,109.26999333984293,155842.09664653,0.39904049384976775
1423627200,115.78833503,119.01749161,115.55768112,117.63356723,117.48133644549996,125.64318533500706,109.31948755599286,122906.17013288,0.5093257536718024
1423713600,118.09487551,118.09487551,116.24964332,117.63356723,117.45596425699996,125.61260590918357,109.29932260481635,2568.49357291,0.510887015794821
1423800000,115.83447051,115.83447051,115.32702674,115.78833503,117.19071209849997,125.20066900356298,109.18075519343697,20264.41357847,0.41246038617176917
1424059200,115.32702674,117.17225942,115.32702674,115.83447051,116.75477616549998,124.02979600010168,109.47975633089827,13228.15886372,0.436748924647409
1424232000,115.37316222,116.06512441,115.37316222,116.01898893,116.35113156799996,122.80216661691858,109.90009651908133,2943.76049103,0.474256639788709
1424318400,116.24964332,119.94010819,116.24964332,119.94010819,116.08126610099995,121.34909556689537,110.81343663510454,37722.66453589,0.8662649022697747
1424404800,119.94010819,120.81658881,119.94010819,119.94010819,115.96593907649996,120.76933058416321,111.16254756883671,9006.40603488,0.9136836553047692
1424664000,117.86422161,121.3240321,117.86422161,120.77045812,115.96132576799997,120.74603729617915,111.17661423982078,123429.45900204,1.0025519640710858
1424750400,120.401416,126.76746349,120.401416,124.55318917,116.28424145099996,122.31167728209702,110.25680561990289,365032.55533623,1.1859424098999485
1424836800,124.50705368,124.50705368,124.09188088,124.09188088,116.72248415799996,123.61961042240124,109.82535789359868,65029.58727774,1.034236755968666
1424923200,124.09188088,124.59932465,124.09188088,124.55318917,117.22992308449996,124.82792735408297,109.63191881491694,82262.67808429,0.9819203718282422
1425268800,122.33891484,124.55318917,122.33891484,124.55318917,117.73736201099993,125.85087129743849,109.62385272456137,38833.87157677,0.9200295407557171
1425355200,124.55318917,125.47580526,124.55318917,124.55318917,118.19636335849994,126.74969696797702,109.64302974902286,106625.84033512,0.8715993144741079
1425441600,124.50705368,124.55318917,124.50705368,124.50705368,118.63229929099994,127.53199578395036,109.73260279804951,91300.35636235,0.8300536368657928
1425528000,124.55318917,124.96836149,124.55318917,124.55318917,119.20893443699995,128.07389149107726,110.34397738292265,9112.73166168,0.8014258670628319
1425960000,122.24664868,122.24664868,122.24664868,122.24664868,119.76250416849996,127.9049388923663,111.62006944463361,6283.6360623,0.6525431026311305
1426046400,122.24664868,122.29278368,122.24664868,122.24664868,120.22381228999996,127.81270260207506,112.63492197792485,39588.57504543,0.6332761646838803
1426132800,122.24664868,122.29278368,122.24664868,122.24664868,120.61592419199994,127.7588602475243,113.47298813647558,22714.07262731,0.6141494530627125
1426219200,123.39991868,123.39991868,122.24664868,122.29278368,120.98727742949995,127.65205964820453,114.32249521079538,12752.82076744,0.5979406533972085
1426478400,122.70795649,122.70795649,122.24664868,122.24664868,121.31019311199994,127.54827187436119,115.07211434963868,100942.63134181,0.575059613999295
1426564800,122.24664868,122.24664868,119.94010819,119.94010819,121.42552015999993,127.46971872530905,115.38132159469082,23224.85259919,0.37712084952622976
1426737600,120.401416,122.24664868,120.401416,122.24664868,121.65617423249994,127.4508787199474,115.86146974505247,17103.83220142,0.5509494874828529
1427083200,122.24664868,122.24664868,120.401416,120.86272429,121.90989369549993,127.06360216748405,116.75618522351581,2124.4277198,0.3984062242565322
1427169600,119.98624319,120.401416,119.98624319,120.401416,122.13824096999993,126.54563120891649,117.73085073108336,2870.79192362,0.3029644669691331
1427256000,119.01749161,120.81658881,115.83447051,120.81658881,122.37812096399993,125.85018416224379,118.90605776575607,13057.20393436,0.27512907098152123
1427428800,116.29577832,116.29577832,116.24964332,116.24964332,122.19359772049992,126.46465074433435,117.9225446966655,6202.32823004,-0.19584179443920965
1427688000,117.58743222,117.63356723,115.32702674,115.32702674,121.96294364799992,127.10525879985562,116.82062849614422,129273.19884365,-0.14522658686187645
1427774400,117.63356723,118.09487551,115.32702674,115.37316222,121.6930788529999,127.57123643829523,115.81492126770458,110015.75149547,-0.037576318880058114
1427860800,115.37316222,117.63356723,114.86571893,115.37316222,121.23407750549993,127.56355068215922,114.90460432884063,18784.19406811,0.03701397241773837
1428379200,117.63356723,117.63356723,115.78833503,115.78833503,120.81890021299994,127.42727037164241,114.21053005435746,2385.02974627,0.1193792824679374
1428465600,115.83447051,115.83447051,115.83447051,115.83447051,120.38296427999992,127.09789694480641,113.66803161519344,4.16963242,0.16131501259581096
1428638400,117.17225942,117.63356723,116.24964332,116.24964332,119.96778698749992,126.62658156768485,113.30899240731499,2230.7533466,0.2208095532362365
1429070400,116.24964332,116.24964332,116.24964332,116.24964332,119.55260969499993,126.04951606308279,113.05570332691707,104.24081059,0.24580468088425128
1429243200,115.83447051,116.24964332,115.83447051,116.24964332,119.13973917699994,125.36874860321427,112.9107297507856,2726.939605,0.2680132056922906
1429502400,117.17225942,117.17225942,117.17225942,117.17225942,118.77069268949992,124.52993607258732,113.01144930641253,1079.9347977,0.36122888345074256
1429588800,116.71095113,117.58743222,116.24964332,116.24964332,118.4708424214999,124.09791338141312,112.84377146158667,1069.51071664,0.3026327446975945
1429675200,116.24964332,116.24964332,116.24964332,116.24964332,118.1709921534999,123.59682751447166,112.74515679252814,1305.09494857,0.3229444218561969
1429848000,115.64994249,117.17225942,115.32702674,117.17225942,117.91727269049991,123.02212266781852,112.8124227131813,4834.68879511,0.42702887706689874
1430107200,117.17225942,117.63356723,117.17225942,117.63356723,117.68431186799992,122.37787009022824,112.9907536457716,27336.11016882,0.49459422514888557
1430193600,118.09487551,119.01749161,117.63356723,119.01749161,117.52285401449993,121.77934369959137,113.26636432940849,3577.54461941,0.6755716219323997
1430280000,118.5561838,119.94010819,118.00261366,118.78683771,117.46519049049991,121.61914180437202,113.3112391766278,118838.69370371,0.659083137913347
1430798400,119.94010819,119.94010819,119.94010819,119.94010819,117.34986346599992,121.07205170250337,113.62767522949646,1211.27821904,0.8479464980569208
1430884800,119.94010819,120.86272429,119.01749161,120.86272429,117.34986346599992,121.07205170250141,113.62767522949842,13711.83622486,0.9718811356114868
1430971200,121.73920491,121.73920491,119.94010819,119.94010819,117.32679807549991,120.9781041694197,113.67549198158012,95.90154574,0.8578596325917213
1431057600,119.94010819,124.55318917,119.94010819,124.55318917,117.51362809349992,122.11806423107393,112.9091919559259,30348.66959484,1.2644324805652627
1431403200,122.24664868,123.63057259,121.78534039,121.78534039,117.79041294699994,122.71223846318426,112.86858743081561,585.83335551,0.9058379792074746
1431489600,120.1707621,121.78534039,120.1707621,121.73920491,118.11102185549994,123.18232774208892,113.03971596891097,95713.91228268,0.8577168421347602
1431576000,120.401416,122.29278368,120.401416,122.24664868,118.45469617849994,123.666912789862,113.24247956713789,230810.00280582,0.8637562273634243
1431921600,123.99961471,124.55318917,123.99961471,124.50705368,118.91139075149992,124.5469881669894,113.27579333601045,5710.31160406,0.9964569428895298
1432008000,123.39991868,123.39991868,122.24664868,122.24664868,119.23430643399993,124.85720193004526,113.6114109379546,42290.49685589,0.7678639722291389
1432094400,122.24664868,124.09188088,122.24664868,124.09188088,119.64717695249992,125.4214764370203,113.87287746797954,775.55163078,0.884869536072328
1432180800,124.50705368,124.55318917,123.63057259,123.63057259,120.01622341599992,125.81817089699508,114.21427593500475,273521.63253649,0.811477239826733
1432267200,122.24664868,124.09188088,122.24664868,122.24664868,120.31607368399992,125.92503865867128,114.70710870932855,24198.46177009,0.6720972590057227
1432526400,123.63057259,123.63057259,122.24664868,123.16926478,120.66205475699992,126.07524653086058,115.24886298313926,10922.3521335,0.7315833363882428
1432612800,122.24664868,123.63057259,122.24664868,122.70795649,120.93883961049991,126.1731126489925,115.70456657200732,86054.95877351,0.6689935609482052
1432699200,122.33891484,123.63057259,122.33891484,123.16926478,121.28482068349993,126.13415564276647,116.43548572423339,10403.23289677,0.6942992299283339
1432785600,122.70795649,123.86122697,122.70795649,122.70795649,121.60773634199992,125.9011513400561,117.31432134394375,105349.93281351,0.6281287912417266
1432872000,122.70795649,123.63057259,122.70795649,123.63057259,121.93065200049992,125.79070335347848,118.07060064752136,106213.04672519,0.7201940381166638
1433131200,123.16926478,123.16926478,122.24664868,123.16926478,122.20743687799991,125.55518265576232,118.8596911002375,5216.21016187,0.6436530677432395
1433304000,122.29278368,122.29278368,122.24664868,122.24664868,122.36889473149992,125.38025399090795,119.3575354720919,119270.25065954,0.47970251289048366
1433390400,122.24664868,122.24664868,121.0933782,121.0933782,122.48422175599993,125.08695979165714,119.88148372034271,57463.78924521,0.23281145913543247
1433476800,122.24664868,122.24664868,121.78534039,122.24664868,122.59954878049992,124.93146417731363,120.2676333836862,79085.41817754,0.4243325677719472
1433736000,121.13951368,121.18564436,120.86272429,120.86272429,122.59954878049992,124.93146417731363,120.2676333836862,110753.77643444,0.1275970189842482
1433822400,119.94010819,121.0933782,119.94010819,121.0933782,122.65721228099991,124.76996267169268,120.54446189030715,5854.16392267,0.12990562257401067
1433995200,120.86272429,120.86272429,120.86272429,120.86272429,122.47268903699992,124.53487493073281,120.41050314326704,1079.9347977,0.10964606733740523
1434081600,120.86272429,121.3240321,120.86272429,121.3240321,122.44962362249991,124.5519736233826,120.34727362161723,4311.39992595,0.23230158583791163
1434340800,120.86272429,120.86272429,120.86272429,120.86272429,122.40579959149991,124.60008860900082,120.211510573999,5016.06780554,0.14838831867797161
1434427200,119.98624319,119.98624319,119.98624319,119.98624319,122.29277931699991,124.72785524928882,119.857703384711,1382.23314841,0.026393387488366813
1434513600,119.98624319,120.86272429,119.98624319,120.401416,122.08749743299991,124.43182698254645,119.74316788345337,15210.81908112,0.14039154961680908
1434600000,120.86272429,121.0933782,120.401416,121.0933782,122.0298339089999,124.41209533354665,119.64757248445316,14612.47682834,0.30345236266878745
1434686400,120.86272429,121.0933782,120.86272429,120.86272429,121.8683760794999,124.10285955504565,119.63389260395414,6452.50617545,0.2749699649816678
1434945600,120.401416,120.401416,119.94010819,119.94010819,121.6838528594999,123.91528675501074,119.45241896398905,735.94012276,0.10927709465023372
1435032000,119.94010819,120.07849593,119.94010819,119.94010819,121.56852583499987,123.90751647352381,119.22953519647594,37499.58920123,0.15189735730889609
1435118400,119.89397271,120.49368217,119.89397271,119.94010819,121.4070680054999,123.72751590526846,119.08662010573133,4665.81868196,0.18390589255501058
1435204800,119.94010819,119.94010819,119.94010819,119.94010819,121.2686755904999,123.59242270747738,118.94492847352241,44940.29826106,0.2141325338731417
1435291200,119.294281,119.4787999,119.248146,119.248146,121.07261965149989,123.38348724843506,118.76175205456472,21283.88870603,0.10524054819937995
1435550400,120.86272429,120.86272429,120.86272429,120.86272429,120.9803580414999,123.16668055415236,118.79403552884743,2.08481621,0.4730978044595121
1435809600,119.94010819,119.94010819,117.77195976,118.141011,120.70587996199993,122.87066728610283,118.54109263789702,1413.50539158,-0.09240668435242538
1435896000,120.63206991,120.63206991,120.63206991,120.63206991,120.5790202184999,122.42546740512326,118.73257303187656,2.08481621,0.514365342232481
1436155200,119.94010819,119.94010819,118.09487551,118.09487551,120.3714315599999,122.35006569946503,118.39279742053478,2739.44850227,-0.0752847392533411
1436241600,118.18714168,119.01749161,118.09487551,119.01749161,120.2676372304999,122.30093241171619,118.23434204928361,1926.37017968,0.19258137430097888
1436328000,119.01749161,119.01749161,117.63356723,117.63356723,120.03698315799991,122.16438809814369,117.90957821785614,1630.32627761,-0.06487034570801686
1436414400,117.67970271,119.01749161,117.63356723,117.63356723,119.87552530499991,122.20801092496578,117.54303968503405,40566.35384875,0.019405809877463702
1436500800,116.24964332,116.24964332,116.24964332,116.24964332,119.63333856099992,122.37899738731369,116.88767973468615,558.73074476,-0.11619003944906495
1436760000,117.63356723,117.63356723,117.63356723,117.63356723,119.47188070799989,122.28824486387352,116.65551655212626,971.52435469,0.1736371122026211
1436846400,117.63356723,121.78534039,117.63356723,119.94010819,119.4026845124999,122.09907266033554,116.70629636466427,44462.87534857,0.5996562156549097
1437019200,121.3240321,121.3240321,121.3240321,121.3240321,119.42574990299988,122.17899400312645,116.67250580287332,379.43655054,0.8447355425029061
1437105600,120.401416,120.401416,120.401416,120.401416,119.44650854349989,122.22250993252592,116.67050715447385,735.94012276,0.6719933318972762
1437364800,120.86272429,120.86272429,119.94010819,120.401416,119.4465085434999,122.2225099325207,116.67050715447911,4690.8364765,0.6719933318975985
1437451200,120.81658881,120.86272429,119.94010819,120.86272429,119.43497584799991,122.18531204101366,116.68463965498616,11795.89012623,0.7595588942229645
1437537600,120.86272429,122.24664868,120.86272429,122.24664868,119.50417206749992,122.4569003664694,116.55144376853045,19272.04106167,0.9643970482243879
1437624000,123.16926478,123.16926478,121.78534039,122.24664868,119.61949909199991,122.80252134304737,116.43647684095245,70635.65807121,0.9126816246941972
1437710400,122.24664868,124.09188088,122.24664868,122.38503642,119.74174550349991,123.14482281880446,116.33866818819537,2282.8737519,0.888367743602608
1437969600,122.38503642,122.38503642,122.24664868,122.24664868,119.85707252799993,123.43125388283545,116.28289117316442,2426.72607051,0.8342830028430444
1438056000,122.29278368,122.29278368,119.98624319,119.98624319,119.85937927799993,123.4338315578079,116.28492699819196,1017.39031135,0.5177459233008528
1438142400,121.78534039,124.04574539,121.78534039,123.16926478,120.05543521699994,123.894615410608,116.21625502339188,545510.92515733,0.9055331354574546
1438574400,123.58443758,123.58443758,122.70795649,122.70795649,120.14769682699993,124.14545700384245,116.14993665015741,47688.08602818,0.8202117623051357
1438660800,123.63057259,123.63057259,122.24664868,122.24664868,120.35297871099995,124.33911543702028,116.36684198497962,23408.31642583,0.73753198888522
1438747200,122.24664868,123.16926478,122.24664868,122.29278368,120.43601439949994,124.51016419796838,116.3618646010315,11812.56865593,0.7278719944463087
1438833600,122.24664868,122.29278368,122.24664868,122.24664868,120.64360305799994,124.64182984188433,116.64537627411555,26366.67063034,0.7004695717188236
1438920000,122.24664868,123.58443758,122.24664868,122.29278368,120.80736766149994,124.79405221015259,116.82068311284729,8080.74763685,0.6862971600050569
1439179200,122.52343806,122.52343806,122.52343806,122.52343806,121.05186120299993,124.82398567202982,117.27973673397004,2.08481621,0.695059424613649
1439265600,123.1231293,124.55318917,123.1231293,124.55318917,121.39784229999994,125.12141908868922,117.67426551131065,348535.40465244,0.9236983751194177
1439352000,124.55318917,129.16627014,124.55318917,126.85972965,121.92834661649991,125.58962192973061,118.2670713032692,83867.98656736,1.1734515451050105
1439524800,125.47580526,126.85972965,125.01449697,126.85972965,122.38965473749992,126.09484001196735,118.6844694630325,170544.22057198,1.103218811121746
1439784000,128.24365404,129.16627014,128.19751856,129.16627014,122.85096283499993,127.4184156130661,118.28351005693376,18333.87376637,1.1913379964569577
1439956800,128.70496185,128.70496185,127.78234575,127.78234575,123.17387851749993,128.15804652478172,118.18971051021813,37958.24876782,0.9623105828061146
1440043200,127.32103746,129.16627014,127.32103746,129.16627014,123.61212122449993,129.06355643305972,118.16068601594016,54198.96705756,1.0094207949843188
1440129600,126.90586513,126.90586513,126.39842136,126.39842136,123.91197149249993,129.2831420522138,118.54080093278604,4138.36018038,0.7314625685273834
1440388800,125.47580526,125.47580526,120.86272429,122.24664868,123.98116771199993,129.22763309623198,118.73470232776788,10888.99507411,0.3346964189249281
1440475200,122.24664868,122.24664868,120.86272429,122.24664868,123.98116771199993,129.22763309623198,118.73470232776788,171521.99937531,0.3346964189249281
1440561600,122.70795649,122.80022265,122.70795649,122.75409197,124.00653987649994,129.22403503815164,118.78904471484825,3473.30380882,0.3799761314868712
1440734400,122.70795649,122.70795649,122.24664868,122.24664868,123.99962048949995,129.22605837423626,118.77318260476365,19449.25043967,0.3322976520375894
1441080000,122.24664868,122.70795649,122.24664868,122.29278368,124.00192723949995,129.22530813930865,118.77854633969126,3260.65255522,0.3363948951566452
1441252800,122.24664868,122.24664868,122.24664868,122.24664868,124.11494751399994,129.07717187228167,119.15272315571819,10861.89246336,0.3117478474263449
1441598400,120.86272429,122.24664868,120.86272429,120.90885977,124.00192726349994,129.1448362488503,118.85901827814958,226654.96409575,0.19928813611998827
1441684800,120.90885977,120.90885977,120.1707621,120.1707621,123.87506754399992,129.2589167717698,118.49121831623005,12481.79465991,0.15597983085288458
1441771200,122.2005132,122.2005132,118.141011,118.141011,123.66978565999993,129.57425864159433,117.76531267840552,4332.24808807,0.03181472103993211
1441857600,118.09487551,119.94010819,118.09487551,119.94010819,123.55215188549991,129.65217830234903,117.4521254686508,5478.89700455,0.203932126791865
1441944000,119.98624319,119.98624319,119.94010819,119.94010819,123.43682486099992,129.71580767700206,117.15784204499778,5849.99429025,0.22155389069640005
1442203200,119.94010819,119.94010819,118.60231929,118.60231929,123.25230164149994,129.86306201440215,116.64154126859773,3898.60631602,0.14830200391467652
1442289600,118.32552942,118.5561838,115.32702674,115.37316222,122.89478784949992,130.34467425418242,115.44490144481742,26379.17952761,-0.004814786489383931
1442376000,116.24964332,117.63356723,115.41928859,117.63356723,122.54880675249993,130.29529145578104,114.80232204921882,348064.23618858,0.18274386958912955
1442548800,116.24964332,116.24964332,116.24964332,116.24964332,122.01830243599993,129.96193930352516,114.07466556847471,182085.76312038,0.1369006279993063
1442808000,116.24964332,116.71095113,116.24964332,116.24964332,121.48779811949991,129.4842491741517,113.49134706484813,48989.01134433,0.17247002678440013
1442894400,116.24964332,116.71095113,116.24964332,116.24964332,120.84196677849991,128.32332384872197,113.36060970827783,361832.36245115,0.19308218980894162
1442980800,116.24964332,116.29577832,116.24964332,116.24964332,120.26533165699993,127.28136944585556,113.2492938681443,93005.73602358,0.21382078761188367
1443153600,116.24964332,116.71095113,116.24964332,116.24964332,119.61950031599993,125.53018582268409,113.70881480931577,77169.47207892,0.21493518034506431
1443412800,115.46541927,116.24964332,115.32702674,116.24964332,119.11206141399991,124.30692997176347,113.91719285623635,656.71710671,0.22449561888124012
1443499200,115.37316222,115.78833503,115.32702674,115.78833503,118.78914573149991,123.96735634231165,113.61093512068818,55506.14682235,0.21024636432955834
1443585600,115.37316222,115.78833503,115.32702674,115.32702674,118.44316463449991,123.57555605629271,113.3107732127071,99852.27246305,0.19642437234342783
1443672000,115.32702674,115.32702674,113.94310235,115.32702674,118.0718113729999,122.97232898895658,113.17129375704323,101420.05425431,0.21994951879546748
1443758400,115.32702674,116.24964332,115.32702674,116.24964332,117.7719611049999,122.33634914132111,113.2075730686787,67752.35725033,0.3332396618247587
1444017600,116.24964332,117.40291332,116.24964332,116.24964332,117.46980408699991,121.57399287758759,113.36561529641224,52629.1004501,0.3513517738513683
1444104000,115.83447051,116.94160503,115.78833503,116.24964332,117.16995381899991,120.66549876968169,113.67440886831814,2191.14183858,0.3683595101787474
1444190400,116.24964332,116.24964332,115.32702674,115.32702674,116.89086216749993,120.019864948591,113.76185938640886,2420.47162187,0.2501064177778337
1444276800,116.89547003,116.89547003,116.24964332,116.24964332,116.69480622849991,119.44573157969808,113.94388087730175,8889.65632702,0.4190885153779219
1444363200,115.32702674,115.78833503,115.32702674,115.78833503,116.5771724299999,119.27129117352337,113.88305368647644,27311.09237428,0.3536001054340616
1444708800,115.78833503,115.78833503,115.78833503,115.78833503,116.3695837719999,118.59410374359688,114.14506380040292,3460.79491155,0.3693541192209159
1444795200,115.32702674,115.37316222,115.32702674,115.32702674,116.13892969949988,117.68920064630328,114.58865875269649,16034.32148478,0.23814159351498992
1444881600,113.94310235,115.32702674,113.94310235,115.32702674,115.9751650719999,117.07709257588161,114.87323756811818,333.57059388,0.20590699945471264
1444968000,115.32702674,115.78833503,115.32702674,115.32702674,115.97285829799989,117.07999790604771,114.86571868995208,31868.50061322,0.20833327915226882
1445227200,115.28089126,115.32702674,113.94310235,113.98923783,115.79064182799989,116.94316338736141,114.63812026863837,2382.94493006,-0.2815055533528822
1445313600,115.32702674,115.78833503,115.32702674,115.78833503,115.76757641349988,116.9007323964762,114.63442043052356,29714.88546646,0.5091596465146808
1445486400,115.32702674,115.32702674,114.86571893,114.86571893,115.69838019399988,116.87357451760013,114.52318587039963,519.11923673,0.145734646909716
1445572800,114.86571893,114.86571893,114.86571893,114.86571893,115.62918397449987,116.82910729720332,114.42926065179641,100.07117817,0.18186923695267357
1445832000,114.86571893,114.86571893,110.71394576,110.71394576,115.35239909649988,117.77898020719373,112.92581798580603,42200.84975879,-0.4557589721724942
1446004800,110.71394576,110.99073515,110.71394576,110.94459967,115.08714691399989,118.14191216242835,112.03238166557142,3248.14365795,-0.17804674125630954
1446091200,110.99073515,114.86571893,110.71394576,114.86571893,115.0179506944999,118.02659902015218,112.00930236884763,4221.75282885,0.4747009706648087
1446436800,110.71394576,110.71394576,110.71394576,110.71394576,114.76423123099991,118.28284797244372,111.2456144895561,68208.9320007,-0.07555081565063275
1446523200,110.71394576,110.71394576,109.79132967,109.79132967,114.48744637749992,118.60531312895424,110.3695796260456,61126.8113293,-0.07021231998842466
1446609600,109.79132967,110.71394576,109.56067576,109.79132967,114.21066152399992,118.78451225957257,109.63681078842727,27617.56035741,0.016891552709730192
1446696000,110.71394576,110.71394576,108.40740528,108.40740528,113.81854962199994,118.93803893543236,108.69906030856751,3506.66086821,-0.02848477755410731
1446782400,110.71394576,110.71394576,110.71394576,110.71394576,113.54176474399992,118.70397367718915,108.37955581081069,256.43239405,0.22610378419409688
1447128000,110.71394576,110.71394576,110.71394576,110.71394576,113.26497986599993,118.41034208453367,108.1196176474662,462.82919901,0.25210354512933625
1447300800,110.76008125,110.76008125,110.71394576,110.71394576,113.03432581699992,118.20279703569923,107.86585459830061,431.55695584,0.27552549305054785
1447732800,111.17525405,111.17525405,111.17525405,111.17525405,112.7806063534999,117.78851776564142,107.7726949413584,888.13170622,0.33971838044021935
1447819200,110.80620761,112.09787015,110.71394576,112.09787015,112.59608310949992,117.4155146929932,107.77665152600663,13276.1096366,0.4483120622350667
1447905600,111.86721625,113.02048625,111.86721625,113.02048625,112.45769067049991,117.05641223846003,107.8589691025398,1188.34524071,0.5611904386015844
1448337600,114.40441064,114.86571893,114.40441064,114.86571893,112.4346252799999,116.97986610249154,107.88938445750827,550.39147991,0.7674328759402679
1448424000,116.71095113,118.09487551,113.1127481,113.1127481,112.32391134799994,116.68613058894714,107.96169210705274,3379.48707929,0.590416908049397
1448510400,113.1127481,114.40441064,113.02048625,113.94310235,112.25471512849992,116.46546562307869,108.04396463392116,3314.85777673,0.7004853082216385
1448856000,113.48179454,113.48179454,113.48179454,113.48179454,112.22934296399993,116.40394183295619,108.05474409504366,2380.86011385,0.6500086134399312
1448942400,113.48179454,113.62018708,113.48179454,113.62018708,112.12093556649991,116.0239948316413,108.21787630135852,1621.98701276,0.6920610746152444
1449028800,113.94310235,113.94310235,113.94310235,113.94310235,112.07480473749993,115.86725126032904,108.28235821467082,54.20522151,0.7463182540945033
1449115200,115.32702674,115.37316222,115.32702674,115.32702674,112.09787012799993,115.96285030444324,108.23288995155661,19073.98352155,0.917745559431517
1449547200,115.32702674,115.41928859,115.32702674,115.32702674,112.32852417699993,116.38163505097185,108.27541330302802,91269.08411917,0.8699013740600715
1449633600,115.32702674,115.32702674,114.86571893,114.86571893,112.52458013999993,116.6692608308266,108.37989944917325,650.46265807,0.7824269183367565
1449806400,114.91185441,116.24964332,114.91185441,115.32702674,112.5476455304999,116.74893166718971,108.3463593938101,42601.13447145,0.8307774237545702
1450065600,115.32702674,115.37316222,115.32702674,115.32702674,112.77829957949992,117.05737670581262,108.49922245318722,19247.02326712,0.7978127158339312
1450152000,115.32702674,115.55768112,115.32702674,115.32702674,113.0550844329999,117.24063885411532,108.86953001188449,7549.11950284,0.7714027914125934
1450238400,115.32702674,115.41928859,115.32702674,115.32702674,113.33186928649994,117.34613780395622,109.31760076904365,16693.1234077,0.7485082207161771
1450324800,115.32702674,115.32702674,115.32702674,115.32702674,113.67785035949991,117.08102558586684,110.27467513313299,8666.58099236,0.7422996570559585
1450670400,115.32702674,115.37316222,115.32702674,115.32702674,113.90850440849992,117.09532208635407,110.72168673064577,21886.40059123,0.722560948710319
1450756800,115.32702674,115.37316222,115.32702674,115.37316222,114.14146523149994,117.02707217647213,111.25585828652774,11214.22640315,0.7134207832161857
1451361600,115.32702674,115.37316222,115.32702674,115.32702674,114.37211928049992,116.8308700918254,111.91336846917443,3898.60631602,0.6941854894570013
1451534400,115.32702674,117.63356723,115.32702674,115.32702674,114.57970791499993,116.58257175918025,112.5768440708196,18571.54281451,0.6865625631945804
1451880000,115.32702674,115.32702674,115.32702674,115.32702674,114.74116574449992,116.41059151475586,113.07173997424398,3246.05884174,0.6754678183176277
1451966400,115.32702674,115.32702674,115.32702674,115.32702674,114.85649276899991,116.34319386496186,113.36979167303797,1084.10443012,0.6582476707248366
1452052800,115.32702674,115.32702674,115.32702674,115.32702674,114.87955815949992,116.38036311649175,113.3787532025081,5418.43733441,0.6490761935504815
1452139200,115.37316222,117.63356723,115.32702674,115.32702674,114.99027209149992,116.2627135592402,113.71783062375964,123671.29768261,0.6323261843619873
1452225600,115.37316222,115.37316222,115.32702674,115.32702674,115.0594683109999,116.24408751851374,113.87484910348607,23066.4065671,0.6129301413074402
1452484800,115.32702674,115.32702674,115.32702674,115.32702674,115.15172992099993,116.09288901760657,114.21057082439329,24928.14744422,0.5931281542260506
1452571200,115.32702674,115.32702674,109.56067576,109.56067576,114.94875435499992,117.49901645036128,112.39849225963856,1211.27821904,-0.5563774219128753
1452744000,112.55917844,112.55917844,108.86871357,108.91484857,114.69734166599991,118.34841548170203,111.0462678502978,43226.57933498,-0.2918893711668096
1453089600,109.33002138,109.33002138,106.10086479,106.10086479,114.23603356849992,119.44944911321308,109.02261802378676,16440.86064607,-0.2802148810821021
1453262400,106.23925733,106.23925733,106.10086479,106.10086479,113.77472547099993,120.04581963306269,107.50363130893716,11151.68191679,-0.11184384117713045
1453348800,107.94609699,108.40740528,107.94609699,108.40740528,113.4518097884999,120.11762524487769,106.78599433212212,2405.87790839,0.12162134989249823
1453694400,108.40740528,108.40740528,106.10086479,106.10086479,112.99050169099989,120.3175656190936,105.66343776290618,1438.52318613,0.02985008943463827
1453780800,108.40740528,108.40740528,106.5621726,106.5621726,112.5522589839999,120.30406214487286,104.80045582312695,3727.65138666,0.11363270843648796
1453953600,106.23925733,106.23925733,106.23925733,106.23925733,112.0978705134999,120.20314703396278,103.99259399303702,2357.92713552,0.13859263970149402
1454040000,106.14700027,107.02348089,103.7943243,103.7943243,111.52123539149991,120.2430334385986,102.79943734440123,16478.38733788,0.05703450998442475
1454299200,106.97734541,106.97734541,103.7943243,104.7169404,110.9907310744999,120.00776486403217,101.97369728496764,22870.43384319,0.1521144967992105
1454385600,104.7169404,104.7169404,104.7169404,104.7169404,110.4602267574999,119.64132456255106,101.27912895244873,6291.97532714,0.1872222429468014
1454558400,106.00860294,106.00860294,104.94759431,104.99372979,109.94125513599988,119.1262625708162,100.75624770118357,43.78114045,0.2306738518661405
1454990400,105.17824869,105.17824869,104.25563211,104.25563211,109.38768540449989,118.54205913904676,100.23331166995303,865.19872789,0.21969391662847979
1455076800,106.10086479,106.10086479,106.10086479,106.10086479,108.9263773069999,117.76135442519022,100.09140018880957,1027.81439241,0.340095085748301
1455508800,106.10086479,106.10086479,106.10086479,106.10086479,108.46506920949987,116.8679640439961,100.06217437500365,1390.57241326,0.35932202734501967
1455681600,103.84045979,103.84045979,103.7943243,103.7943243,107.8884340874999,115.90245235025228,99.87441582474753,5827.06131192,0.24456573136796156
1455768000,103.84045979,103.84045979,103.7943243,103.7943243,107.3117989654999,114.74014139975056,99.88345653124925,27692.61374103,0.2632395991007693
1456200000,103.33301602,103.33301602,103.33301602,103.33301602,106.71209842949989,113.34979952845292,100.07439733054686,33.35705939,0.24546289753595021
1456372800,103.7943243,103.7943243,103.7943243,103.7943243,106.13546330749992,111.57497862032551,100.69594799467433,27586.28811423,0.28480260897695686
1456718400,103.7943243,104.7169404,103.7943243,104.7169404,105.60495899049991,109.06444757960368,102.14547040139614,1246.72009464,0.37165464379664787
1456804800,104.25563211,104.25563211,103.33301602,103.33301602,105.29357600349991,108.37302884124765,102.21412316575217,21087.91598212,0.18167072418393854
1456891200,103.33301602,103.7943243,101.48778382,103.7943243,105.03754978999989,107.69229275794416,102.38280682205561,260333.08518079,0.26584823747313835
1456977600,103.7943243,103.7943243,103.7943243,103.7943243,104.9222227654999,107.58257107003985,102.26187446095994,4.16963242,0.28801676765874806
1457409600,101.5339193,101.5339193,97.84345442,97.84345442,104.50935224699988,108.52675908409786,100.4919454099019,11968.92987181,-0.32962693315560115
1457496000,101.02647553,101.48778382,96.87470236,99.18124333,104.0480441494999,108.2820874284636,99.8140008705362,17347.7556982,-0.07472261132520529
1457582400,99.13510785,100.56516724,99.13510785,100.56516724,103.77125927199988,108.15349098785352,99.38902755614625,4009.10157525,0.13419414582743514
1457928000,97.79731894,97.79731894,96.96696421,96.96696421,103.2914988524999,108.3890591893872,98.1939385156126,5053.59449735,-0.12034916945797472
1458014400,96.96696421,97.10535675,96.96696421,97.10535675,102.8348038234999,108.40855075032512,97.26105689667467,6961.20133112,-0.01396727809127149
1458100800,96.96696421,98.71993504,96.96696421,97.10535675,102.50035544599989,108.58315157772185,96.41755931427792,21998.98066667,0.056536288643243435
1458187200,98.71993504,98.71993504,98.71993504,98.71993504,102.20050517799989,108.40666614632659,95.99434420967319,615.02078247,0.21958750701415342
1458532800,98.71993504,98.71993504,98.48928114,98.71993504,101.90065490999987,108.17067705379793,95.63063276620181,7467.81167058,0.24635497315220334
1458705600,97.33601065,97.79731894,97.33601065,97.79731894,101.54083436749987,107.88507152939536,95.19659720560438,1123.71593815,0.20496725359007484
1458792000,97.79731894,97.79731894,96.87470236,96.87470236,101.17178787999987,107.69751359844496,94.64606216155478,6210.66749488,0.17075803478423296
1459137600,92.72292968,96.87470236,92.72292968,96.87470236,100.71047975849986,107.07975792614471,94.34120159085501,2979.20236663,0.19888444989063794
1459224000,95.95208627,96.04434812,95.95208627,96.04434812,100.20765392499985,106.38014741122657,94.03516043877312,894.38615485,0.16275332535466974
1459310400,96.87470236,96.87470236,96.87470236,96.87470236,99.86167282799985,105.9665672997105,93.7567783562892,1644.91999109,0.25536264534619585
1459396800,96.87470236,96.87470236,96.87470236,96.87470236,99.51569173099986,105.4723832479479,93.55900021405182,1809.62047182,0.27831742977744517
1459483200,96.87470236,96.87470236,96.87470236,96.87470236,99.19277604799986,104.98463651773159,93.40091557826813,825.58721986,0.2998852268529161
1459915200,99.18124333,99.18124333,96.87470236,96.87470236,98.84679495099985,104.31549496877702,93.37809493322268,2922.91232891,0.3196927437426495
1460001600,100.56516724,103.33301602,100.56516724,103.33301602,98.77759873199986,103.97577550804637,93.57942195595335,10961.96364152,0.9381745258252626
1460433600,100.56516724,103.33301602,100.10385943,100.33451333,98.62767359749986,103.45111250462182,93.80423469037791,1059.08663558,0.6769318286565139
1460952000,103.33301602,103.33301602,101.48778382,103.33301602,98.60460818349986,103.33246482300594,93.87675154399379,45970.19746968,1.0000582924817836
1461038400,101.48778382,101.48778382,101.48778382,101.48778382,98.48928115949985,102.79919261915693,94.17936969984278,4332.24808807,0.8478612830643547
1461556800,101.71843772,103.7943243,101.71843772,103.7943243,98.78682465349985,103.66191299893711,93.91173630806259,4538.64489304,1.0135804001569342
1461729600,103.7943243,105.6395565,103.7943243,105.6395565,99.10974031199986,104.82902888832919,93.39045173567052,300.2135345,1.0708591287931661
1461816000,104.25563211,106.10086479,103.7943243,106.10086479,99.38652518949985,105.84836185801058,92.92468852098912,4440.65853108,1.0195380156558198
1461902400,104.25563211,104.76307588,104.25563211,104.7169404,99.77402399899987,106.53172494071129,93.01632305728845,53652.74521008,0.8657247075325826
1462248000,106.10086479,107.02348089,105.22438417,107.02348089,100.26993020599986,107.60269218350572,92.93716822849399,11051.61073863,0.9605052437756385
1462334400,108.40740528,108.40740528,106.14700027,108.40740528,100.83503263249985,108.81831706269091,92.85174820230878,5685.29380952,0.9742642400954097
1462420800,108.40740528,108.40740528,108.40740528,108.40740528,101.31940614449985,109.88490656386733,92.75390572513237,13486.67607398,0.9137527749968617
1462766400,108.40740528,108.40740528,108.40740528,108.40740528,101.80377965649986,110.81076710969506,92.79679220330465,5631.08858801,0.8665834807595701
1463025600,110.20650247,110.20650247,106.10086479,107.48478918,102.28815316849986,111.4222530438104,93.15405329318932,53542.24995085,0.7844634984530138
1463112000,108.3612698,108.40740528,106.10086479,106.10086479,102.74946128999986,111.67284763436722,93.8260749456325,2499.69463792,0.687787649815007
1463457600,107.48478918,108.40740528,107.48478918,108.40740528,103.32609643599986,112.14634014159539,94.50585273040433,31507.82740858,0.7880480978533838
1463544000,108.40740528,108.40740528,108.40740528,108.40740528,103.94424929399986,112.36015182485133,95.52834676314839,21675.83415384,0.7651620530085079
1463630400,108.40740528,108.40740528,108.40740528,108.40740528,104.52088443999988,112.48867187083951,96.55309700916024,8666.58099236,0.743889591290877
1463716800,107.02348089,107.02348089,106.10086479,106.10086479,104.98219256149987,112.1544211769565,97.80996394604324,1079.9347977,0.5779863755380941
1463976000,106.14700027,106.14700027,103.84045979,103.84045979,105.33048043299986,111.5005757983459,99.16038506765382,6089.7481546,0.3792546504735993
1464148800,103.93271684,104.25563211,103.7943243,103.7943243,105.67646152999987,110.55121113470341,100.80171192529633,9102.30758062,0.3069503684677632
1464321600,106.10086479,115.32702674,106.10086479,110.94459967,106.05704071249986,111.31404843293508,100.80003299206463,22864.17939456,0.9648613067944579
1464580800,114.63506454,114.63506454,110.80620761,112.09787015,106.64520855349986,111.84147881839885,101.44893828860086,35191.69765479,1.0246707078857198
1464667200,112.09787015,112.09787015,111.0829922,111.17525405,107.03732045499987,112.3567524037085,101.71788850629125,19040.62646216,0.8889450635800202
1464753600,111.17525405,111.63656186,111.17525405,111.17525405,107.52169396649985,112.48384198697244,102.55954594602727,1732.48227199,0.8681429965839872
1464840000,111.63656186,112.09787015,111.17525405,112.0056083,107.93225816649985,112.95133196070418,102.91318437229552,23700.19069548,0.905787033675792
1464926400,112.09787015,112.09787015,111.63656186,112.09787015,108.25517384899986,113.4698811325154,103.04046656548432,2799.90817242,0.8684479388850337
1465185600,112.09787015,112.09787015,111.22138954,112.09787015,108.55502411699986,113.92704280534026,103.18300542865946,2211.9900007,0.8297499728258251
1465272000,111.68269735,111.68269735,110.71394576,110.71394576,108.85487438499986,114.00122797403571,103.708520795964,14403.99520717,0.6806202530429346
1465358400,110.71394576,110.71394576,108.40740528,110.71394576,109.03939762849987,114.17449147404726,103.90430378295248,1113.29185709,0.6630494185565978
1465444800,110.48329186,110.48329186,110.25263748,110.25263748,109.13165923849988,114.2842942251441,103.97902425185566,175.12456179,0.6087771833640201
1465531200,110.25263748,110.25263748,110.02198357,110.11424542,109.21700124549986,114.37536345016368,104.05863904083604,1580.29068853,0.5869698693985584
1465790400,109.56067576,109.79132967,108.54579781,108.54579781,109.22392087199987,114.37829016362679,104.06955158037294,5305.85725897,0.43421861884232327
1465876800,109.09936747,109.09936747,108.40740528,108.40740528,109.27005167699986,114.37763763552924,104.16246571847047,21696.68231596,0.4155524347505813
1465963200,108.40740528,108.86871357,108.40740528,108.86871357,109.40844411599987,114.31092204102332,104.50596619097642,17868.95975114,0.4449532915543631
1466049600,106.5621726,106.5621726,106.10086479,106.14700027,109.29542386549988,114.38562847230324,104.20521925869653,2380.86011385,0.1907370293826866
1466395200,106.14700027,106.14700027,106.10086479,106.10086479,109.18009684099987,114.44700369270697,103.91318998929276,46259.98692312,0.20768117438778844
1466481600,106.10086479,106.60830808,104.07111369,104.07111369,108.96328226149987,114.67758054342102,103.24898397957872,22972.58983757,0.07193619144999197
1466568000,106.10086479,106.10086479,104.07111369,104.07111369,108.86179470649988,114.84175974566523,102.88182966733453,227.24496708,0.09943904478340136
1466654400,106.00860294,106.00860294,105.17824869,105.17824869,108.92868415149988,114.70908435050366,103.1482839524961,2916.65788028,0.17559032831790405
1466740800,105.17824869,106.00860294,105.17824869,106.00860294,109.03939808349988,114.4980646607049,103.58073150629485,1113.29185709,0.22238685944327105
1467000000,106.00860294,106.00860294,105.17824869,105.91634589,108.78798539449988,114.33496113123722,103.24100965776255,23712.69959275,0.2411526892500034
1467086400,105.17824869,105.17824869,105.17824869,105.17824869,108.44200432149987,113.98322265402373,102.900785988976,3444.11638186,0.20550198208727563
1467172800,105.17824869,105.17824869,103.56366992,105.17824869,108.14215405349987,113.7082792070136,102.57602889998613,13647.20692229,0.2337550556486471
1467259200,104.25563211,105.6395565,104.25563211,105.6395565,107.86536917599987,113.3506193559025,102.38011899609725,2247.4318763,0.29710928371553413
1467345600,105.4089026,105.4089026,104.7169404,104.7169404,107.50093578099988,112.80290970485818,102.19896185714158,22.93297833,0.2374567075412979
1467691200,103.84045979,104.25563211,103.84045979,104.25563211,107.10882387899987,112.14627944499271,102.07136831300703,2380.86011385,0.2168022892091222
1467864000,104.25563211,104.25563211,104.25563211,104.25563211,106.71671197699989,111.3439115317935,102.08951242220628,352.33393979,0.2340637854649786
1467950400,104.25563211,105.4089026,103.7943243,105.4089026,106.4514598189999,110.72650816734594,102.17641147065385,6508.79621317,0.37806486219001023
1468209600,106.10086479,106.5621726,106.10086479,106.5621726,106.24387116099987,110.04812672043953,102.43961560156022,2072.30731451,0.5418349180315067
1468296000,106.14700027,106.97734541,106.10086479,106.10086479,106.03628252649987,109.36645322500549,102.70611182799426,900.64060349,0.5096965395090871
1468382400,106.5621726,106.5621726,106.10086479,106.10086479,105.83561349499988,108.59312007558597,103.07810691441378,12331.68789266,0.5480962215770576
1468468800,106.05472931,106.05472931,104.25563211,104.25563211,105.62110520999988,108.16079726924052,103.08141315075925,3902.77594845,0.23117349108691482
1468555200,104.7169404,104.7169404,102.08748416,102.87170821,105.34432035649988,107.81469269523055,102.87394801776921,271495.19117865,-0.0004533340448519937
1469160000,109.54222626,109.54222626,104.87071254,106.77745352,105.23975735399988,107.23613167616278,103.24338303183697,3226.08486243,0.8851222060235051
1469419200,107.15880152,108.20750876,104.87071254,106.77745352,105.27128001649987,107.34246800392626,103.20009202907349,5582.59963374,0.8636013516502822
1469505600,105.82408303,105.82408303,105.34739828,105.34739828,105.23360669099986,107.27018695707386,103.19702642492587,5383.86957811,0.5279369271360688
1469678400,105.82408303,106.77745352,105.82408303,106.77745352,105.36892368249987,107.43794060804923,103.2999067569505,3124.1978796,0.8403862530332212
1469764800,106.77745352,107.25413827,106.77745352,107.15880152,105.52330807399987,107.64211982971531,103.40449631828443,17298.59387772,0.8859459061401807
1470110400,106.77745352,106.77745352,105.82408303,106.68211578,105.59850142849987,107.76910064487085,103.4279022121289,4344.8241096,0.7496117992044212
1470196800,106.77745352,107.73082302,106.01475653,106.30076778,105.61310967049985,107.79843488907319,103.42778445192651,2916.38878589,0.657335417093909
1470283200,108.68419351,108.68419351,105.82408303,105.82408303,105.60849652749985,107.79163021495567,103.42536284004403,7289.45879172,0.5493754697064348
1470369600,105.82408303,106.30076778,105.82408303,106.30076778,105.66462248199987,107.85831741596085,103.47092754803889,10147.33822114,0.6449940208530938
1470628800,105.82408303,105.82408303,105.82408303,105.82408303,105.69691419899986,107.88000835260661,103.51382004539312,3507.53504274,0.5291258237282243
1470715200,106.30076778,106.77745352,105.82408303,106.77745352,105.75380904999989,107.98670113223965,103.52091696776013,12038.80448663,0.7292194231288857
1470801600,107.63548627,107.63548627,106.77745352,106.87279027,105.86160154349989,108.09201285959782,103.63119022740196,3561.00048917,0.7266821189441346
1470888000,107.06346378,107.06346378,106.77745352,106.77745352,105.98769261399988,108.12382655433451,103.85155867366525,13284.65026684,0.6848575342322386
1470974400,107.25413827,107.25413827,106.30076778,107.15880152,106.13285108449989,108.17076098948853,104.09494117951125,16654.99095645,0.7517163376527745
1471233600,107.15880152,107.15880152,107.06346378,107.15880152,106.22034603049988,108.27659258578723,104.16409947521254,508.42613217,0.7281962459917586
1471320000,107.06346378,107.15880152,106.77745352,106.77745352,106.23111007649989,108.29663449117783,104.16558566182195,20916.08615936,0.6322529619155564
1471492800,107.06346378,107.34947502,106.77745352,107.25413827,106.28877375049987,108.40041180671409,104.17713569428565,23218.12670222,0.7285819098256947
1471579200,107.06346378,108.68419351,107.06346378,108.68419351,106.41794018649989,108.77013588776117,104.06574448523861,3052.57435701,0.9817314567586601
1471838400,108.68419351,111.35362951,108.68419351,109.63756302,106.68703673199988,109.21315070573638,104.16092275826338,85967.39396231,1.084004981302536
1471924800,109.82823751,110.59093351,109.63756302,109.63756302,107.02532947249988,109.20552639578197,104.84513254921778,17649.6500166,1.0990820186021626
1472011200,109.63756302,110.59093351,109.63756302,109.63756302,107.16833494749987,109.62270262259331,104.71396727240644,15890.33419419,1.0030273372562502
1472097600,109.63756302,110.49559676,109.63756302,109.63756302,107.31134042249987,109.98172957349564,104.6409512715041,12603.72241126,0.9355587268306378
1472184000,110.11424876,110.59093351,109.63756302,110.59093351,107.57351718399987,110.44331927068954,104.7037150973102,55206.6041843,1.0257185399639754
1472443200,109.63756302,110.11424876,109.63756302,109.63756302,107.71652265899988,110.69633394907204,104.73671136892771,66079.25666937,0.8223426207224017
1472529600,109.63756302,109.82823751,109.63756302,109.63756302,107.84046073399989,110.92164579475585,104.75927567324393,6193.92153075,0.7916251783914595
1472616000,109.16087826,110.59093351,109.16087826,110.59093351,108.03590162049986,111.28945049980162,104.7823527411981,3902.97758998,0.8926530665874727
1472702400,110.49559676,110.49559676,109.63756302,110.11424876,108.22657566949985,111.49795480003999,104.95519653895971,23833.48372726,0.7885133479145947
1472788800,109.63756302,110.20958551,109.63756302,110.20958551,108.44585079349986,111.63044912368784,105.26125246331188,582.06721877,0.7769163539057732
1473048000,109.73290076,110.20958551,109.63756302,109.63756302,108.61269055549985,111.67766753405976,105.54771357693994,2142.65298555,0.6671908911011932
1473134400,109.63756302,110.11424876,109.63756302,110.11424876,108.82719884199985,111.67424954074752,105.98014814325217,14454.83739643,0.7260321389018959
1473220800,109.92357426,110.11424876,109.63756302,110.11424876,108.99403860399984,111.7299779267516,106.25809928124808,39162.93512485,0.7047213084523868
1473307200,109.63756302,110.01891101,109.63756302,110.01891101,109.15134464099985,111.7391075767197,106.56358170528,2659.14937379,0.6676286411372548
1473739200,109.92357426,110.01891101,109.82823751,110.01891101,109.31341751549985,111.68299743922763,106.94383759177207,9583.42907852,0.6488646758515483
1473825600,109.82823751,110.01891101,109.82823751,109.82823751,109.44688931499986,111.60748738905514,107.28629124094459,36532.0316473,0.5882506097685185
1473912000,110.11424876,110.11424876,109.63756302,109.63756302,109.57082738999986,111.45946276844239,107.68219201155733,15037.9133972,0.5176676850285343
1474257600,109.63756302,109.92357426,109.63756302,109.63756302,109.71383286499986,111.10143675031159,108.32622897968812,7934.070495,0.4725174288544449
1474344000,109.63756302,109.63756302,109.63756302,109.63756302,109.83300410249986,110.6452733465725,109.02073485842722,2306.07567089,0.37969439694655166
1474430400,109.63756302,110.01891101,109.63756302,109.73290076,109.88543946499985,110.50739962148603,109.26347930851367,13312.89616307,0.3773726070640745
1474516800,109.82823751,109.82823751,107.73082302,109.63756302,109.88543946499985,110.50739962148603,109.26347930851367,32671.42290167,0.3007296428759632
1474603200,109.63756302,109.73290076,109.63756302,109.73290076,109.89020635199986,110.50592431365718,109.27448839034255,8348.6799004,0.37225840255135395
1474862400,109.63756302,109.63756302,109.63756302,109.63756302,109.89020635199986,110.50592431365718,109.27448839034255,20798.05866439,0.2948384262497148
1474948800,109.63756302,109.73290076,109.63756302,109.73290076,109.89497323899987,110.50423590376421,109.28571057423552,29200.20401123,0.36699293394044735
1475035200,109.63756302,109.92357426,109.63756302,109.63756302,109.84730471449987,110.37502784850611,109.31958158049363,314804.54862713,0.3012767671301392
1475121600,109.63756302,109.63756302,109.63756302,109.63756302,109.84730471449987,110.37502784849922,109.31958158050053,56443.37092643,0.3012767671275438
1475208000,109.63756302,109.82823751,109.63756302,109.63756302,109.84730471449984,110.37502784852677,109.31958158047291,66682.50831032,0.30127676713795765
1475467200,109.63756302,109.73290076,109.63756302,109.63756302,109.79963618999984,110.20903100171016,109.39024137828953,13307.85225303,0.30205761606655956
1475553600,109.63756302,109.63756302,107.73082302,107.73082302,109.68046490299984,110.65360328057419,108.7073265254255,2628.88591354,-0.5017290078824874
1475640000,109.54222626,109.54222626,109.54222626,109.54222626,109.64709694049982,110.590692658687,108.70350122231264,25.21955021,0.44443029017697844
1475812800,107.73082302,107.73082302,107.73082302,107.73082302,109.55175994049982,110.81208500716149,108.29143487383816,1056.19476265,-0.22240764254697257
1476158400,107.73082302,107.73082302,107.25413827,107.73082302,109.4325886534998,110.89255290318529,107.97262440381432,6917.21823067,-0.08281072083320197
1476331200,107.25413827,107.25413827,106.30076778,106.77745352,109.26574889149978,111.09254116236923,107.43895662063034,2724.72020432,-0.18105591729800347
1476417600,106.77745352,106.77745352,105.82408303,105.82408303,109.05600749249979,111.38340224375484,106.72861274124473,702.11227775,-0.1943223664049606
1476676800,105.82408303,105.82408303,104.87071254,104.87071254,108.7985975689998,111.70886026923581,105.88833486876378,11662.52879755,-0.1748334142964569
1476763200,105.82408303,107.73082302,104.87071254,104.87071254,108.55072132049979,111.88200979865638,105.2194328423432,574939.16509836,-0.05234015376179073
1476849600,104.87071254,104.87071254,104.39402779,104.87071254,108.3123787964998,111.96511780150215,104.65963979149745,279062.3932923,0.028892393928704664
1476936000,104.87071254,104.96605028,104.87071254,104.87071254,108.07403627249978,111.96416021431352,104.18391233068604,905.88624342,0.08827484928330363
1477022400,104.87071254,106.77745352,104.87071254,106.77745352,107.93103079749979,111.79089662521037,104.07116496978921,19530.01968001,0.3505676972994655
1477281600,105.82408303,105.82408303,105.82408303,105.82408303,107.73558991099978,111.60654255267802,103.86463726932153,102.89576484,0.2530960647233531
1477368000,105.82408303,105.82408303,104.87071254,105.82408303,107.54491591149979,111.39798214860434,103.69184967439523,5271.89477519,0.27669305747609807
1477454400,104.87071254,104.87071254,104.87071254,104.87071254,107.30180650049977,111.18542953571409,103.41818346528544,16873.89665224,0.18700695993714028
1477540800,104.87071254,104.87071254,104.48936454,104.48936454,107.04439657649978,110.9569791834611,103.13181396953846,5777.29456133,0.1734852278960408
1477627200,104.39402779,105.82408303,103.91734303,105.82408303,106.84895568999977,110.59164672416976,103.10626465582978,127.10653304,0.36308345377124407
1477886400,104.01267979,104.87071254,103.91734303,103.91734303,106.56294469049979,110.28371496012956,102.84217442087002,10600.28134285,0.14448199313807117
1478059200,104.87071254,104.87071254,103.91734303,103.91734303,106.2769336909998,109.88610371841735,102.66776366358225,1041.06303253,0.17311173440502245
1478145600,103.91734303,104.01267979,103.91734303,103.91734303,105.9909226914998,109.38999121678218,102.59185416621743,1132.86219528,0.19497824976512554
1478232000,104.68003903,104.68003903,103.91734303,103.91734303,105.7049116919998,108.77522227199951,102.63460111200008,4149.12039999,0.20889448877840133
1478491200,103.91734303,104.48936454,103.82200529,103.91734303,105.51423769249979,108.53079164756439,102.4976837374352,14280.318109,0.2353114371087724
1478577600,103.91734303,104.87071254,102.01060205,102.01060205,105.13765648199978,107.92019099113143,102.35512197286813,21895.61348939,-0.06190757414463211
1478664000,103.91734303,103.91734303,102.96397254,102.96397254,104.8993139579998,107.56677482869678,102.23185308730281,465.04850581,0.137231526194027
1478750400,103.44065729,103.44065729,102.96397254,102.96397254,104.66097143399978,107.11733855414654,102.20460431385301,3776.87983894,0.15457140341904957
1478836800,103.44065729,103.91734303,102.96397254,102.96397254,104.47029738499978,106.83003779916633,102.11055697083323,1204.48571787,0.18082827332263843
1479182400,102.86863579,102.96397254,102.58262454,102.58262454,104.30822446049979,106.71849808194821,101.89795083905136,3356.2177415,0.14203235990633908
1479268800,102.96397254,102.96397254,102.01060205,102.01060205,104.16521893599979,106.75754449241285,101.57289337958673,1179.26616766,0.08442393921751859
1479355200,102.01060205,102.01060205,101.05723255,101.05723255,103.9745449364998,106.8740443974651,101.0750454755345,1570.67358687,-0.0030717242362531057
1479441600,101.05723255,101.05723255,101.05723255,101.05723255,103.78387093699978,106.91487554657635,100.6528663274232,1177.24860364,0.06457451728751717
1479787200,99.72251406,99.72251406,98.19712206,98.19712206,103.45019141299979,107.36987627726718,99.53050654873239,715.22644386,-0.17008822582751265
1479873600,98.19712206,98.19712206,95.33701158,95.33701158,102.87816931599977,107.87873879278291,97.87759983921663,15264.88934906,-0.2540298930963949
1479960000,97.24375157,98.19712206,95.33701158,95.33701158,102.3538157434998,108.14553732640795,96.56209416059164,493572.82587574,-0.10576152211865344
1480046400,95.33701158,95.33701158,94.9556616,95.33701158,101.82946217099979,108.14474596064727,95.51417838135231,37106.02861,-0.014026828188049126
1480305600,95.33701158,95.33701158,94.86032683,95.33701158,101.3527771229998,108.10217983566676,94.60337441033283,43682.27852188,0.05434830316839044
1480478400,95.14634006,95.14634006,94.38364108,95.14634006,100.88562589899979,107.9861788346471,93.78507296335248,3265.42736075,0.0958564149147791
1480564800,94.6696553,95.33701158,93.43027158,95.33701158,100.36127232649979,107.4744866295569,93.24805802344267,9772.07131406,0.14683611849424646
1480910400,94.19297055,95.33701158,94.19297055,95.33701158,99.93225575399978,107.16973516905858,92.69477633894098,2531.03405874,0.18253835966437396
1481083200,95.33701158,95.33701158,94.38364108,95.33701158,99.50323918149978,106.76216176613669,92.24431659686287,181846.07115583,0.21302713640193888
1481169600,95.33701158,95.33701158,95.24167681,95.33701158,99.07422260899979,106.25268791435977,91.89575730363981,164237.78120157,0.2396928960421865
1481688000,95.14634006,95.33701158,94.86032683,95.33701158,98.64520603649979,105.63779707523055,91.65261499776902,1815.80761488,0.26345002602209483
1481774400,94.9556616,94.9556616,94.86032683,94.86032683,98.19235522649979,104.9289723624499,91.45573809054967,3241.21659255,0.2526927588983547
1481860800,95.33701158,95.33701158,95.33701158,95.33701158,97.85867570299979,104.46559919624968,91.2517522097499,64978.67549836,0.3091650277488375
1482120000,95.33701158,95.33701158,94.38364108,95.33701158,97.47732765499978,103.73261977782434,91.22203553217523,1215.58231996,0.3289195745798891
1482206400,93.43027158,95.33701158,93.43027158,93.90695633,97.02447684449979,102.92678486564274,91.12216882335683,172821.50730989,0.2359066569101139
1482292800,95.14634006,95.33701158,95.14634006,95.24167681,96.6383620579998,101.91292884895554,91.36379526704405,124.08018702,0.36760189951574007
1482379200,95.33701158,95.33701158,95.05099736,95.33701158,96.2760814099998,100.81126796436907,91.74089485563054,4787.67941122,0.3964684452621804
1482465600,94.38364108,95.33701158,94.38364108,95.33701158,95.94240188649981,99.64672018010182,92.2380835928978,207.8090937,0.4182858682061116
1482811200,95.33701158,95.33701158,93.43027158,93.43027158,95.56105383799981,98.58927606829359,92.53283160770603,428.73235351,0.1481793448506094
1482897600,93.43027158,93.43027158,92.47690109,92.47690109,95.13203726499981,97.20440608935618,93.05966844064343,7478.10102727,-0.1406041588240041
1483070400,94.38364108,95.33701158,94.38364108,95.33701158,94.9890317409998,96.51951014935615,93.45855333264346,10432.82352947,0.6136833545315746
1483329600,94.38364108,94.38364108,92.47690109,92.47690109,94.84602621649981,96.71645502459681,92.9755974084028,10852.47684491,-0.13331069224446632
1483416000,92.47690109,92.47690109,92.47690109,92.47690109,94.7030206919998,96.82222786771148,92.58381351628812,399.47767527,-0.025224628227349985
1483502400,95.14634006,95.14634006,92.57223685,92.57223685,94.5647819554998,96.85437980830321,92.27518410269639,4179.38386024,0.0648700702920155
1483588800,92.57223685,93.90695633,92.57223685,93.90695633,94.4932791929998,96.77123593962746,92.21532244637213,317.7663326,0.3713050930690853
1483675200,93.43027158,93.43027158,92.47690109,92.47690109,94.3598072444998,96.77759266239858,91.94202182660104,746.49868612,0.11061346872209442
1483934400,92.47690109,93.43027158,92.47690109,92.95358683,94.24063600699981,96.68877503486996,91.79249697912965,3152.44377583,0.23713723723453833
1484020800,93.0489216,93.0489216,92.57223685,92.95358683,94.1214647694998,96.57655515516565,91.66637438383394,20949.37596563,0.26215174269784697
1484107200,92.57223685,93.43027158,91.52353159,92.47690109,93.97845924499981,96.46664605694073,91.49027243305889,6016.37589729,0.1982625766293415
1484280000,92.57223685,93.43027158,92.47690109,93.43027158,93.88312224499981,96.30090761402225,91.46533687597737,4550.61563928,0.4063501105594597
1484539200,93.43027158,93.43027158,92.47690109,92.47690109,93.7401167204998,96.1352402075435,91.3449932334561,2803.40520097,0.23629425845199645
1484625600,91.52353159,91.61886636,91.52353159,91.52353159,93.5732769584998,96.09457628299752,91.05197763400209,91463.23834334,0.09351407653509365
1484712000,91.61886636,93.43027158,91.52353159,91.52353159,93.38260295899981,95.91828102205977,90.84692489593985,107261.77337477,0.13341731032756798
1484798400,91.04684585,91.04684585,89.6167906,89.71212636,93.10135869799981,95.93751930404869,90.26519809195094,5723.82911489,-0.09750359883910692
1485144000,88.37740688,88.37740688,88.28207112,88.37740688,92.82488122549981,96.29927246123053,89.35048998976909,793.9114405,-0.1400364903874214
1485230400,88.37740688,88.37740688,85.80331062,85.80331062,92.35296291599981,96.81086348349886,87.89506234850076,262606.13239148,-0.23461175241894827
1485403200,89.14010585,89.14010585,85.89864539,86.75668111,91.9239463924998,96.78392802668209,87.06396475831751,1987.30055628,-0.03161366353282626
1485748800,86.75668111,89.14010585,86.75668111,89.14010585,91.61410110599981,96.35283046276895,86.87537174923067,23617.60437749,0.23896005978208298
1485835200,87.71005061,87.71005061,86.85201588,87.23336586,91.30425581999981,96.3291948975075,86.27931674249211,1843.0447291,0.09493141138549768
1486008000,89.33077737,89.6167906,86.75668111,86.75668111,91.01824482099981,96.38330505637668,85.65318458562294,8057.14190001,0.10284101910922425
1486353600,86.08932484,86.75668111,85.80331062,85.89864539,90.54632651149981,95.9689415788734,85.12371144412623,17872.59084043,0.07145389597505625
1486440000,85.89864539,85.89864539,85.80331062,85.80331062,90.21264698799982,95.93219263254731,84.49310134345232,1362.86449317,0.11453788097632528
1486526400,85.89864539,87.71005061,85.80331062,85.80331062,89.87896746449982,95.80610120653665,83.951833722463,102138.1695548,0.15618652945232522
1486958400,88.18673536,88.85409163,87.80538538,88.6634211,89.6835266769998,95.49927225143885,83.86778110256076,18476.85126338,0.41229795355187937
1487131200,87.32870063,87.32870063,86.75668111,86.75668111,89.32601291599981,94.93470666920389,83.71731916279573,7550.73333186,0.270950962999894
1487217600,88.18673536,88.18673536,88.18673536,88.18673536,89.1115046294998,94.54725313455717,83.67575612444244,1.00878201,0.41493634513817096
1487649600,87.71005061,87.71005061,87.71005061,87.71005061,88.8493278184998,94.01778122701616,83.68087440998345,628.47119115,0.3897854814147542
1487736000,87.71005061,87.71005061,85.80331062,85.80331062,88.4918140079998,93.4605464303812,83.52308158561841,324333.5034772,0.22945782148686653
1487822400,86.75668111,86.75668111,86.75668111,86.75668111,88.2058030089998,92.87346260922301,83.53814340877658,21814.91092873,0.3447699679159882
1488168000,86.66134535,86.75668111,86.56600959,86.56600959,87.8625899094998,91.91161884720752,83.81356097179209,1876.33453537,0.3398899662799341
1488340800,86.08932484,86.66134535,85.80331062,85.80331062,87.5289103859998,91.0699582457628,83.98786252623678,11912.7067356,0.25634334322224095
1488513600,85.32662587,85.32662587,83.89657062,84.37325537,87.17139657499979,90.46198731956603,83.88080583043354,2030.67818264,0.07482691981365855
1488772800,84.84994012,84.84994012,84.84994012,84.84994012,86.8377170014998,89.60759703389607,84.06783696910352,2096.24901317,0.14117996840098948
1488859200,84.84994012,84.84994012,84.84994012,84.84994012,86.5946076894998,89.15851728182551,84.03069809717408,260.26575813,0.15976421814522448
1488945600,84.94527589,85.80331062,84.84994012,85.80331062,86.4659028764998,88.91476553123935,84.01704022176024,127969.04165842,0.36471428783125026
1489032000,85.70797585,85.70797585,84.84994012,84.84994012,86.4182343514998,88.95246018497943,83.88400851802018,2994.06500053,0.19057725424839977
1489377600,84.5639269,84.5639269,83.51522064,83.89657062,86.27522882699981,89.0301057041413,83.52035194985831,3369.3319076,0.06828230206281789
1489464000,83.51522064,83.80123486,82.94320013,82.94320013,85.96538354099981,88.75542102808166,83.17534605391796,755.57772419,-0.04160265318885996
1489550400,82.94320013,82.94320013,80.5597744,81.03646014,85.65553825499981,89.11062061590184,82.20045589409779,19014.53207378,-0.1684468896124804
1489636800,81.03646014,82.94320013,81.03646014,82.94320013,85.46486420599982,89.07332928858187,81.85639912341776,20450.02887154,0.15059048400221295
1489723200,82.94320013,82.94320013,81.03646014,82.84786536,85.31232520449983,89.08857347933045,81.5360769296692,52612.01685904,0.1736893783009582
1489982400,85.80331062,85.80331062,82.94320013,82.94320013,85.16931967999982,89.07477562023242,81.26386373976722,113.99236693,0.21499876274788543
1490068800,82.0851654,85.6126391,81.98982964,85.6126391,85.15978610399982,89.05993226331728,81.25963994468236,12807.49637693,0.5580559006639159
1490155200,81.32247337,82.84786536,81.03646014,82.84786536,84.86900831699981,88.54145124326307,81.19656539073655,36676.28747448,0.22482309492875627
1490241600,82.94320013,82.94320013,82.84786536,82.84786536,84.67356752949982,88.33940859217904,81.0077264668206,11.09660209,0.2509845437535847
1490328000,81.51314489,82.84786536,81.03646014,82.46651538,84.38755653049982,87.7959179737298,80.97919508726984,16986.88023717,0.21818699652356735
1490587200,82.94320013,82.94320013,82.46651538,82.46651538,84.1253797689998,87.26739624720886,80.98336329079075,3479.28914651,0.23601914558618878
1490673600,82.84786536,82.94320013,82.84786536,82.94320013,83.98237424449982,87.06569787020015,80.89905061879949,8542.36604599,0.33148474817271306
1490760000,82.94320013,82.94320013,81.98982964,82.94320013,83.79170019549981,86.62685081940282,80.95654957159681,1163.12565553,0.35036067249017366
1490846400,82.94320013,82.94320013,82.94320013,82.94320013,83.61055972249981,86.16231667121848,81.05880277378115,2.01756402,0.36923527477118684
1490932800,82.37117962,82.84786536,81.98982964,81.98982964,83.4198856734998,85.85499533301393,80.98477601398568,56193.19298838,0.206367220894449
1491192000,81.98982964,82.84786536,81.98982964,81.98982964,83.30071438699981,85.77056887014209,80.83085990385754,23855.67693144,0.2346230808440087
1491278400,82.46651538,82.84786536,82.46651538,82.46651538,83.18154314999981,85.56954054432116,80.79354575567847,126304.55134479,0.35028715447928416
1491364800,82.0851654,83.89657062,81.98982964,83.89657062,83.1338746749998,85.4227577187411,80.84499163125851,37517.61166937,0.6666087629697188
1491451200,84.84994012,84.84994012,83.89657062,83.89657062,83.0385376749998,85.01180714003982,81.06526820995978,10593.21986879,0.7174140329543899
1491537600,84.84994012,84.84994012,84.84994012,84.84994012,83.0385376749998,85.01180714004165,81.06526820995795,11031.03126037,0.95898506947245
1491796800,84.84994012,84.84994012,83.0385349,83.0385349,82.99563588899981,84.92933338906106,81.06193838893857,2737.83437043,0.5110924824071058
1491969600,84.84994012,86.75668111,84.84994012,84.84994012,83.0909728884998,85.18619802731298,80.99574774968663,43415.9600717,0.919756139547024
1492401600,84.84994012,84.84994012,83.89657062,83.89657062,83.23397841249982,85.12969966758334,81.33825715741631,3591.26394942,0.6747599246786395
1492488000,83.51522064,84.84994012,83.51522064,84.84994012,83.32931541199983,85.34494398621236,81.3136868377873,13738.60217056,0.8772085610054057
1492574400,85.32662587,85.32662587,83.99190539,84.46859014,83.41035165099983,85.47183694362721,81.34886635837245,99276.25499735,0.7566689398136429
1492660800,84.84994012,85.80331062,84.84994012,85.6126391,83.54382359949983,85.80321078642969,81.28443641256997,29326.30176226,0.9578266869149045
1492747200,85.80331062,85.80331062,84.94527589,85.70797585,83.54859043699983,85.8257489837738,81.27143189022586,91402.71142284,0.9741403307335237
1493006400,85.80331062,85.80331062,84.37325537,84.84994012,83.64869417499982,85.96944127162413,81.3279470783755,4771.53889909,0.7588058704775447
1493092800,84.84994012,84.84994012,84.65926959,84.84994012,83.74879791299982,86.09530959183981,81.40228623415983,4742.28422085,0.7346338645850116
1493179200,85.32662587,85.32662587,84.18258385,84.18258385,83.83460133649982,86.11176020182796,81.55744247117167,6288.74703952,0.5764071665790518
1493265600,84.46859014,85.80331062,84.46859014,85.80331062,84.00144109849982,86.34130047139163,81.66158172560802,32158.96164147,0.8850379946708651
1493352000,84.94527589,85.80331062,84.94527589,85.80331062,84.14444662299982,86.55660572425786,81.73228752174178,246663.34153286,0.8438545981761767
1493697600,85.80331062,86.75668111,85.80331062,86.75668111,84.33512067199982,86.93305068136637,81.73719066263327,621080.85415639,0.9660557500143414
1493784000,87.61471584,87.61471584,85.80331062,86.27999537,84.50196043399983,87.14901866304606,81.85490220495359,207923.08606947,0.8358511188929932
1493870400,87.32870063,89.6167906,87.32870063,88.75875587,84.84040674549985,87.82547540407884,81.85533808692085,132226.1017333,1.156324790593834
1493956800,89.6167906,92.85825107,89.6167906,92.47690109,85.36476031799984,89.5895561033911,81.13996453260857,354938.94082594,1.341714148242729
1494216000,93.23960006,94.38364108,91.42819583,91.42819583,85.81284434049984,90.5792756639212,81.04641301707848,44160.4411938,1.0890519666052227
1494302400,90.85617532,92.38156632,89.6167906,92.38156632,86.23709412549984,91.7046453813203,80.76954286967937,33447.17626603,1.0619034835712866
1494561600,90.5701611,92.00021634,90.5701611,92.00021634,86.64227641149984,92.5401176666843,80.74443515631538,7039.28085367,0.95422890314234
1494820800,91.52353159,91.52353159,89.80746213,89.80746213,86.89015251199984,92.88180900054385,80.89849602345583,16610.60454809,0.743447669570012
1494907200,90.5701611,91.90488157,86.75668111,87.80538538,87.12849503599983,92.86201554581358,81.39497452618609,19822.5664624,0.5590292075210663
1494993600,87.80538538,88.18673536,87.61471584,88.18673536,87.29533479799984,92.94754918064066,81.64312041535902,25512.09698902,0.5788541005042062
1495166400,87.71005061,91.52353159,87.71005061,91.52353159,87.67668284649983,93.3890406894418,81.96432500355786,344950.99016211,0.8367128643956746
1495425600,90.5701611,90.5701611,89.6167906,89.90280483,87.92932608199983,93.56570316633018,82.29294899766948,6396.68671441,0.6750662454333135
1495512000,89.80746213,89.80746213,88.75875587,89.14010585,88.16290186749983,93.58953755858394,82.73626617641571,8442.49662717,0.5900377359130358
1495598400,88.6634211,90.5701611,88.6634211,90.5701611,88.41077796749983,93.801586445435,83.01996948956464,6618.61875622,0.7002837924347185
1495684800,91.04684585,91.04684585,90.47482633,90.5701611,88.65388722999984,93.97328257505812,83.33449188494156,10070.67078851,0.6801213996794191
1495771200,90.5701611,91.52353159,89.6167906,91.04684585,88.96373251649985,94.07872986733297,83.84873516566672,36210.23018666,0.7036279973010012
1496030400,91.33286007,91.33286007,90.5701611,90.5701611,89.24974356549983,94.04218069090052,84.45730644009913,35977.20154275,0.6377605485423848
1496203200,89.6167906,89.6167906,88.75875587,88.75875587,89.47855216649984,93.68224487223932,85.27485946076035,334.91562674,0.4143852385407397
1496289600,89.23544062,89.42612007,88.6634211,88.75875587,89.62632442899984,93.49747762342409,85.75517123457558,4283.28840709,0.3879444295501632
1496376000,88.18673536,88.47274958,85.80331062,88.47274958,89.75979637699984,93.26088593323475,86.25870682076494,28609.05775439,0.31619339118192313
1496635200,88.47274958,88.47274958,87.71005061,88.18673536,89.83129908949985,93.13710329732139,86.52549488167831,76978.13748667,0.2512611718490753
1496721600,88.18673536,88.56808534,88.18673536,88.18673536,89.92663608899986,92.91169073456464,86.94158144343507,12787.32073676,0.20856467710147086
1496808000,88.6634211,88.6634211,87.71005061,88.28207112,89.90280185149985,92.93206065519585,86.87354304780384,18053.16281991,0.23248724580376098
1496980800,87.99606483,88.18673536,87.99606483,88.18673536,89.68829356499985,92.56164233300059,86.81494479699911,3664.90503603,0.23870937254083685
1497240000,88.28207112,88.6634211,87.71005061,88.18673536,89.52622054149984,92.35403699824712,86.69840408475255,36446.2851766,0.2631591013794809
1497326400,87.99606483,88.18673536,87.71005061,87.99606483,89.30694546699985,91.88413290239922,86.72975803160048,23244.35503444,0.24567611594833075
1497412800,88.18673536,88.18673536,87.80538538,87.99606483,89.10673789149986,91.42503528265617,86.78844050034355,70851.80435047,0.2604550076843481
1497499200,87.99606483,88.18673536,87.71005061,87.99606483,89.01616802649986,91.35928715072009,86.67304890227962,75349.96332533,0.28231939085910984
1497585600,88.18673536,88.18673536,87.71005061,87.71005061,89.01140128799986,91.36471936272383,86.65808321327589,672.85759951,0.2235072700165058
1497931200,86.75668111,87.71005061,86.75668111,86.75668111,88.93989857549987,91.46940312123354,86.4103940297662,64461.17032812,0.068449586465038
1498017600,86.56600959,87.71005061,86.27999537,87.61471584,88.74445778799986,91.0383180250212,86.45059755097853,9624.78914085,0.25374656010715063
1498104000,87.61471584,87.61471584,85.89864539,85.89864539,88.54424981599986,91.08449349048553,86.0040061415142,236117.53441846,-0.02073831588922872
1498190400,86.75668111,86.75668111,85.32662587,85.80331062,88.37741005449986,91.16542665313789,85.58939345586184,14797.82327924,0.03836368195273073
1498536000,85.80331062,85.89864539,85.80331062,85.80331062,88.13906753049987,90.95142847275345,85.3267065882463,40841.54838661,0.08473379511731535
1498622400,86.27999537,87.23336586,86.27999537,87.23336586,87.97222776849986,90.57608029105958,85.36837524594014,23466.28707625,0.35812139856263486
1498708800,87.23336586,87.23336586,85.80331062,87.1380301,87.77678698099986,89.98490415048545,85.56866981151427,707.15618779,0.355361642528084
1498795200,86.75668111,87.23336586,85.99398214,86.75668111,87.58611298149985,89.424016826023,85.7482091369767,15838.88631176,0.2743538450143875
1499054400,85.99398214,85.99398214,85.89864539,85.89864539,87.44310745749985,89.33798986224734,85.54822505275236,222.94082383,0.09246492984727922
1499140800,85.89864539,85.89864539,85.70797585,85.80331062,87.29533519499985,89.21753012428029,85.37314026571941,14007.94696676,0.11189561155528148
1499227200,85.80331062,85.80331062,85.80331062,85.80331062,87.16186324699986,89.10905117892105,85.21467531507867,15103.48422774,0.15115010094083803
1499313600,85.70797585,86.75668111,84.94527589,86.75668111,87.09036053449987,88.98610635972496,85.19461470927477,11880.42571133,0.41199257303909836
1499400000,85.42196064,85.80331062,84.84994012,84.94527589,86.92828756099985,88.97001519066426,84.88655993133544,111893.09157472,0.014378989100082607
1499659200,85.80331062,85.80331062,84.84994012,84.84994012,86.75668101099987,88.8893357214221,84.62402630057764,26872.94391816,0.052965399958634744
1499832000,84.84994012,85.6126391,84.75460536,84.84994012,86.58984124899986,88.7704363893262,84.40924610867351,371778.5388899,0.10104902170435252
1499918400,84.84994012,84.84994012,84.65926959,84.65926959,86.41346796049986,88.61936284561746,84.20757307538226,1807.73735881,0.10238396164413247
1500004800,84.65926959,85.32662587,84.65926959,84.84994012,86.25616172499987,88.43675626058129,84.07556718941845,3023.31967877,0.17756004565403424
1500264000,84.84994012,84.94527589,84.37325537,84.37325537,86.07502125199986,88.24927049028018,83.90077201371953,13443.02904214,0.10865436858889364
1500350400,84.84994012,85.80331062,84.46859014,85.32662587,85.94154930399986,87.94904479599668,83.93405381200304,188480.83042418,0.3468431345297296
1500436800,84.84994012,85.70797585,84.84994012,84.84994012,85.79854377949985,87.68561520859318,83.91147235040653,43958.68479214,0.2486571931313631
1500609600,84.94527589,85.80331062,84.94527589,85.80331062,85.75087525499985,87.58618137151565,83.91556913848406,20572.09149454,0.5142851823268848
1500868800,85.80331062,85.80331062,85.80331062,85.80331062,85.66030499399986,87.28551458074456,84.03509540725516,16125.38040211,0.5439960566214069
1500955200,85.04061165,86.75668111,85.04061165,85.80331062,85.65553825549986,87.2784813249271,84.03259518607263,15977.0894469,0.5455260468724553
1501041600,85.80331062,86.56600959,85.80331062,85.80331062,85.65553825549986,87.2784813249271,84.03259518607263,7534.59281973,0.5455260468724553
1501128000,85.80331062,85.80331062,84.94527589,85.80331062,85.65553825549986,87.2784813249271,84.03259518607263,4142.05892594,0.5455260468724553
1501214400,85.80331062,85.80331062,84.84994012,84.84994012,85.53636696849986,87.02264645274872,84.05008748425101,27768.7423415,0.26907881196827044
1501473600,84.84994012,85.80331062,81.51314489,81.51314489,85.25512270799986,87.40380406880521,83.1064413471945,62364.92131494,-0.37076145543453415
1501560000,82.94320013,82.94320013,82.75252861,82.94320013,85.06444865899985,87.32043334264576,82.80846397535394,994.65906015,0.02986193913965351
1501646400,83.0385349,83.13387165,83.0385349,83.0385349,84.92144313449985,87.30667961067438,82.53620665832533,2514.8935466,0.10529946332204258
1501819200,83.89657062,83.89657062,83.80123486,83.89657062,84.82610613449984,87.21515011793825,82.43706215106143,2789.28225285,0.3054586853687796
1502164800,82.94320013,82.94320013,82.56185015,82.94320013,84.68310060999985,87.16177164862134,82.20442957137837,8060.16824604,0.1490255356823171
1502251200,82.94320013,82.94320013,82.56185015,82.84786536,84.48765982249985,86.89695270187431,82.07836694312539,37703.22755889,0.15969383038943794
1502337600,82.46651538,82.84786536,82.27584386,82.56185015,84.36848853549985,86.90773076142253,81.82924630957717,18599.92266839,0.14425639132490037
1502424000,82.46651538,82.94320013,82.46651538,82.94320013,84.27315153599986,86.87532846890382,81.6709746030959,17869.5644944,0.24445407820219306
1502683200,82.94320013,82.94320013,82.37117962,82.84786536,84.17304779799984,86.8321816568484,81.51391393915128,1004.74688023,0.2508244209688521
1502769600,82.27584386,82.27584386,82.0851654,82.0851654,84.04434258849986,86.84243140246281,81.24625377453691,2612.74540141,0.14990796955349828
1502856000,81.13179491,81.51314489,81.03646014,81.22713067,83.86320211599984,86.88902310375182,80.83738112824786,11843.10077703,0.06440393257396573
1502942400,81.22713067,82.84786536,81.13179491,82.84786536,83.78693261549985,86.83430449702611,80.73956073397359,1107.64264507,0.345921782439378
1503028800,82.46651538,84.84994012,81.41781012,84.84994012,83.76309832799986,86.76910382011164,80.75709283588807,18906.5923989,0.6807784108931574
1503288000,83.0385349,83.0385349,83.0385349,83.0385349,83.67252806699985,86.65112010787628,80.69393602612341,4105.74277364,0.39357502499514935
1503374400,84.75460536,84.75460536,82.0851654,82.84786536,83.52475580399985,86.35541488583,80.6940967221697,727920.95665171,0.3804358941801264
1503460800,82.94320013,82.94320013,82.94320013,82.94320013,83.38175027949985,86.01995184645531,80.7435487125444,20981.6569899,0.4168846393329307
1503633600,83.89657062,85.70797585,82.56185015,82.94320013,83.23874475499986,85.63540483476191,80.8420846752378,20763.76007611,0.43834239834519945
1503892800,84.84994012,84.84994012,84.37325537,84.37325537,83.16724199249987,85.3272309298909,81.00725305510883,5101.41061579,0.7791711931073183
1504065600,83.0385349,83.0385349,82.56185015,82.94320013,83.02423646799987,84.81421336141504,81.2342595745847,10592.21108678,0.4773638591933822
1504152000,82.94320013,83.0385349,82.94320013,82.94320013,82.92889946849986,84.51077661850071,81.34702231849901,22666.3229437,0.5045201555317118
1504497600,84.37325537,84.37325537,81.98982964,81.98982964,82.95273370599986,84.46123006245557,81.44423734954415,56898.33161216,0.18083977734548237
1504584000,81.51314489,81.51314489,81.13179491,81.13179491,82.86216344499987,84.56683197895846,81.15749491104127,2363.57624536,-0.0075381226699807995
1504670400,81.98982964,82.46651538,81.98982964,82.46651538,82.83356246899987,84.54461736221451,81.12250757578524,944.21995974,0.3927424565817757
1504843200,82.0851654,82.18050116,81.98982964,81.98982964,82.73822541999986,84.41385425344694,81.06259658655279,45766.42215095,0.2766821132874996
1505188800,83.80123486,83.89657062,82.46651538,82.46651538,82.71439118249988,84.39124002684358,81.03754233815619,102.89576484,0.4260888053994833
1505275200,82.46651538,82.94320013,82.18050116,82.18050116,82.68102297249987,84.3724167578251,80.98962918717464,161.40512132,0.3520386509509299
1505361600,82.18050116,82.18050116,81.98982964,81.98982964,82.65242194699987,84.37005114873705,80.93479274526268,39969.96073147,0.30712009718694405
1505448000,81.98982964,81.98982964,81.03646014,81.98982964,82.60475342249987,84.3402810784192,80.86922576658054,40535.8874381,0.322842413256117
1505707200,81.98982964,81.98982964,81.03646014,81.03646014,82.51418316149986,84.37411123454798,80.65425508845173,9576.36760446,0.10274726670529141
1505793600,81.98982964,81.98982964,80.5597744,81.03646014,82.46174789849985,84.42344523178456,80.50005056521515,36570.36536361,0.13672077891003723
1505880000,81.98982964,81.98982964,81.13179491,81.13179491,82.45698111049987,84.43107953471284,80.4828826862869,5848.91808392,0.1643566034383024
1505966400,81.70381641,81.70381641,81.51314489,81.51314489,82.39024508699985,84.39694812035584,80.38354205364386,7706.08576113,0.28145739991906166
1506398400,81.22713067,81.22713067,81.03646014,81.03646014,82.19957108799986,83.94254486117364,80.45659731482607,16582.35865186,0.16634295767917917
1506484800,81.03646014,86.75668111,81.03646014,81.03646014,82.09946734999986,83.86798873817197,80.33094596182774,24178.48717409,0.19946441781556853
1506657600,81.98982964,82.0851654,81.98982964,81.98982964,82.05656556399985,83.79169951176128,80.32143161623843,54247.25249444,0.48076922992430743
1506916800,82.94320013,82.94320013,81.03646014,81.03646014,81.96122856449986,83.70054799671115,80.22190913228857,10760.67768216,0.23415796794607407
1507003200,81.13179491,81.13179491,80.08308964,81.03646014,81.86589156499986,83.58840751850452,80.14337561149519,3388.49876576,0.25923839099653206
1507089600,81.32247337,81.51314489,81.03646014,81.51314489,81.72288604099985,83.00848717810379,80.43728490389591,936.14970367,0.4184268180283628
1507262400,81.03646014,81.51314489,81.03646014,81.51314489,81.65138327899987,82.81038486602915,80.49238169197059,2083.13484707,0.4403631580202599
1507521600,80.5597744,80.5597744,80.08308964,80.08308964,81.50837775449986,82.69986136366752,80.3168941453322,11311.47265867,-0.0981148643310047
1507608000,81.03646014,81.51314489,80.08308964,81.51314489,81.48454351699986,82.65544328594085,80.31364374805888,10430.80596546,0.5122134164506716
1507694400,81.03646014,81.98982964,81.03646014,81.98982964,81.52744525349986,82.706351751149,80.34853875585073,20542.8368163,0.6961073195466205
1507780800,81.98982964,85.6126391,81.98982964,82.94320013,81.55127949099986,82.8209448328378,80.28161414916192,42701.74240985,1.0481446933824405
1508126400,83.6105564,83.89657062,83.6105564,83.6105564,81.63231582899986,83.18003723768766,80.08459442031207,2841.73891728,1.1390816072891776
1508212800,83.51522064,83.51522064,82.46651538,82.46651538,81.63231582899986,83.18003723768766,80.08459442031207,27808.08483983,0.7694927996464819
1508385600,82.94320013,84.84994012,82.94320013,82.94320013,81.67045077749985,83.3054451384757,80.035456416524,566.93548864,0.8892213278767814
1508731200,82.18050116,84.84994012,82.18050116,84.84994012,81.81345630149987,83.95654616547827,79.67036643752147,1479755.09080933,1.2084359525790587
1508817600,84.84994012,88.18673536,84.84994012,87.71005061,82.09946734999986,85.4481041267409,78.75083057325881,87245.52076678,1.3377413906115645
1508904000,88.18673536,92.47690109,88.18673536,89.6167906,82.52848387299986,87.17102417522727,77.88594357077244,20328.97503055,1.2634082060202352
1508990400,90.09347635,91.52353159,89.80746213,90.5701611,83.00516892099986,88.76127467737177,77.24906316462796,20699.19802758,1.1571276223187723
1509076800,88.18673536,89.6167906,85.80331062,89.6167906,83.42941870549986,89.78973349080616,77.06910392019356,1130.84463126,0.9864045336870991
1509336000,87.71005061,88.6634211,86.75668111,87.1380301,83.71066296599984,90.2032394545613,77.21808647743839,6675.11054869,0.7639450717321887
1509422400,88.94943433,89.6167906,87.71005061,88.6634211,84.09201101399985,90.80375703130595,77.38026499669375,12368.67620333,0.8405529704351786
1509508800,89.6167906,95.33701158,88.6634211,95.33701158,84.80703858599986,92.95720460903807,76.65687256296165,1340473.56771022,1.1459974535632085
1509595200,95.33701158,97.24375157,94.38364108,97.24375157,85.56973468249986,95.23645168367543,75.90301768132429,831549.09723271,1.1038253155688982
1509940800,96.29038207,97.24375157,94.86032683,94.86032683,86.26092801699984,96.49261065246621,76.02924538153347,8999.34429573,0.9202338520152993
1510027200,94.57431261,96.29038207,94.00229209,94.38364108,86.92828706399986,97.44696272891349,76.40961139908623,67656.9917303,0.8543865336996946
1510113600,94.38364108,94.38364108,93.90695633,94.38364108,87.57181187349985,98.26001793297186,76.88360581402785,7646.56762265,0.8186610161049164
1510200000,94.57431261,96.19504433,94.38364108,95.33701158,88.26300520799984,99.08173581930927,77.4442745966904,1235731.73179209,0.826933289410372
1510286400,94.47897684,94.47897684,92.47690109,92.47690109,88.88269578049986,99.16267858099316,78.60271298000656,4986.40946685,0.6748157258262955
1510545600,92.47690109,95.24167681,92.47690109,92.47690109,89.43088359049986,99.23892178241874,79.62284539858098,9472.46305761,0.6552816903797254
1510632000,92.47690109,92.47690109,91.52353159,91.52353159,89.90756868799987,99.13202947422121,80.68310790177853,16807.3170397,0.5875911849727798
1510804800,91.52353159,91.52353159,90.5701611,90.5701611,90.28891673649987,98.94318107951077,81.63465239348898,9341.32139653,0.5162488891229251
1510891200,91.52353159,91.61886636,91.52353159,91.52353159,90.68456549599986,98.78733631625718,82.58179467574254,11126.86555116,0.5517703210797155
1511150400,91.90488157,92.38156632,90.5701611,90.5701611,91.08974778199988,98.26564858659542,83.91384697740433,12839.77740119,0.4637964141263548
1511236800,90.5701611,90.5701611,90.5701611,90.5701611,91.47109583049986,97.61052523035347,85.33166643064625,3984.68893265,0.4266271609441964
1511323200,91.42819583,91.52353159,90.5701611,90.5701611,91.75710687949986,97.119921454365,86.39429230463472,6377.51985625,0.38933555664380776
1511496000,89.14010585,89.14010585,86.75668111,86.75668111,91.70943840449986,97.22992839325079,86.18894841574894,41703.04822166,0.051420498489077
1511841600,88.6634211,89.04477108,86.75668111,89.04477108,91.68083742849986,97.25010964988617,86.11156520711354,3990.7416247,0.2633383462225808
1511928000,90.28414688,90.28414688,87.71005061,89.6167906,91.63316890349986,97.255716493651,86.01062131334874,11043.13664447,0.32068819594947484
1512446400,90.09347635,90.28414688,90.09347635,90.09347635,91.65700319099986,97.24911758984408,86.06488879215564,34485.21295253,0.3602025343649079
1512532800,90.28414688,90.28414688,90.09347635,90.09347635,91.80477550349987,97.05730789287762,86.55224311412212,2629.89469555,0.33709770576944525
1512619200,90.28414688,91.42819583,90.18881112,90.18881112,91.88104500449985,96.99127739005756,86.77081261894214,7555.7772419,0.3344269147835267
1512705600,92.00021634,92.38156632,91.90488157,91.90488157,91.70943850399985,96.56825034564683,86.85062666235287,2317.17227298,0.5201122282946753
1513051200,90.5701611,91.52353159,90.5701611,90.5701611,91.37575898049985,95.534671193215,87.2168467677847,65893.64077985,0.403148006101587
1513137600,90.37948958,90.5701611,90.18881112,90.5701611,91.16125069399986,95.01012722392524,87.31237416407448,108488.45229682,0.4232127103319531
1513224000,90.37948958,90.5701611,90.18881112,90.5701611,90.97057669499985,94.52888270611142,87.41227068388828,8602.89296648,0.4437350815599531
1513656000,89.6167906,89.6167906,87.80538538,87.80538538,90.64166390999985,94.09169183757508,87.19163598242461,270.35357821,0.08894846802106152
1513742400,87.23336586,87.71005061,87.23336586,87.71005061,90.26031586149985,93.1981042685135,87.32252745448619,1003.73809822,0.06595491264596086
1513915200,87.51938008,87.51938008,87.32870063,87.32870063,90.00290583849986,93.01982224481469,86.98598943218502,2122.47734539,0.056798258827728036
1514260800,87.42403639,88.75875587,87.42403639,88.6634211,89.81223183899985,92.6567127544567,86.967750923543,5885.23423622,0.29806320148656296
1514433600,87.90072213,88.6634211,87.80538538,88.6634211,89.66922631449985,92.44186282394273,86.89658980505698,5938.69968265,0.3186193518201271
1514520000,88.6634211,88.6634211,87.80538538,87.90072213,89.53575436599985,92.37818974467322,86.69331898732648,5350.57977184,0.2123888465033547
1514865600,88.6634211,88.6634211,87.90072213,88.6634211,89.39274884149985,92.10560305223878,86.67989463076093,5205.31516265,0.36557925991511264
1514952000,88.18673536,91.52353159,88.18673536,91.52353159,89.44041736599985,92.26553256980705,86.61530216219265,5813.61071363,0.8686777482902105
1515038400,88.28207112,90.5701611,88.18673536,90.5701611,89.44041736599985,92.26553256980705,86.61530216219265,9144.60890492,0.6999464893462902
1515124800,90.5701611,90.5701611,88.28207112,88.28207112,89.32601286699985,92.14417031140235,86.50785542259734,6291.77338555,0.31478292686000325
1515384000,89.6167906,89.6167906,88.6634211,88.6634211,89.42134986649985,92.00459728824902,86.83810244475069,278.42383428,0.353299231014687
1515556800,88.6634211,88.75875587,88.6634211,88.6634211,89.40228236749985,92.00194423982774,86.80262049517196,1890.45748349,0.35789281379923493
1515643200,89.14010585,95.33701158,88.6634211,93.43027158,89.59295641649985,92.7311967102685,86.45471612273118,197662.76426341,1.1113800735908566
1515729600,95.14634006,95.62302282,94.38364108,95.33701158,89.85513317799985,93.87039598731235,85.83987036868734,1249737.66119484,1.1826300870376603
1516075200,95.14634006,95.33701158,95.14634006,95.33701158,90.11730993949985,94.79130453514263,85.44331534385707,279166.29783915,1.0583769443557003
1516161600,95.33701158,95.33701158,94.38364108,95.33701158,90.37471996249985,95.57368335530633,85.17575656969338,105012.18949634,0.9772385610914472
1516334400,95.33701158,95.81369633,95.33701158,95.81369633,90.57016070049984,96.25563745339385,84.88468394760584,5323.34265761,0.9611342071560762
1516593600,95.43234833,95.71835958,95.33701158,95.62302282,90.82280378649985,96.919984685228,84.72562288777169,100475.69680518,0.8936424975107315
1516680000,95.62302282,97.24375157,95.43234833,96.38571882,91.11358167249985,97.67207592533397,84.55508741966572,109262.18809716,0.9019319789158843
1516852800,96.38571882,96.38571882,96.38571882,96.38571882,91.40435955849985,98.34522871049988,84.46349040649982,8889.38705683,0.8588426141173365
1516939200,96.29038207,97.24375157,96.29038207,97.24375157,91.87627786799985,99.0536042369984,84.6989514990013,98597.34470579,0.8739187425824887
1517198400,96.48105557,97.43442607,96.29038207,97.43442607,92.36249664099985,99.66150283364452,85.06349044835518,3098.97832939,0.8474397263911914
1517284800,97.24375157,98.67380681,97.24375157,98.67380681,92.92975194999984,100.3383337179035,85.52117018209618,117868.10740967,0.8876622435946677
1517457600,99.72251406,104.87071254,99.72251406,104.77537578,93.73534968399984,102.49403554294234,84.97666382505734,161337.5329278,1.1302330209005296
1517544000,104.77537578,104.77537578,102.01060205,104.29869103,94.51711318049985,104.07963928420259,84.95458707679711,1254.92481828,1.0114536547885917
1517889600,101.5339173,103.91734303,100.10386206,102.96397254,95.27027570099985,105.00102340382607,85.53952799817363,26347.36849186,0.895329170684673
1517976000,100.3898733,101.05723255,100.10386206,101.05723255,95.88996627349985,105.43559635245018,86.34433619454953,76551.42269717,0.7706613515170052
1518062400,100.48521005,101.05723255,100.29453655,100.29453655,96.32851652149985,105.83728330900463,86.81974973399507,54883.79394165,0.7085454463827946
1518148800,101.05723255,101.05723255,100.10386206,101.05723255,96.85287009399985,106.18867636698701,87.5170638210127,5978.04218098,0.7251740413768719
1518408000,101.05723255,101.05723255,100.10386206,101.05723255,97.49162816549986,106.11536546395956,88.86789086704016,11893.53987744,0.7067319690464708
1518580800,100.10386206,100.10386206,100.10386206,100.10386206,98.06365021349986,105.7341986479285,90.39310177907122,17567.93867393,0.6329899591887599
1518667200,99.15049255,100.86655805,99.15049255,100.86655805,98.67380706099985,105.09615435474204,92.25145976725766,63672.30279765,0.6707125828539916
1518753600,100.10386206,100.9618958,100.10386206,100.9618958,99.05038827199986,105.06931078977,93.03146575422973,19049.83944407,0.6587915048213893
1519012800,100.10386206,101.05723255,100.10386206,101.05723255,99.33639932049985,105.1628794324856,93.5099192085141,13354.25622541,0.647673483511957
1519099200,100.9618958,102.01060205,100.19919881,102.01060205,99.67007884399986,105.30335089367706,94.03680679432266,144085.34302246,0.7077410060583048
1519185600,102.86863579,103.72666854,102.48728779,102.96397254,100.05142689199985,105.48897242321716,94.61388136078254,12491.74760834,0.7678180468815414
1519272000,102.48728779,102.48728779,102.01060205,102.01060205,100.36127217799985,105.49536278839649,95.22718156760321,16944.51139282,0.6606253178177479
1519358400,102.01060205,103.91734303,102.01060205,103.91734303,100.77598818849985,105.64526488052255,95.90671149647716,9340.31261452,0.8225689399255753
1519617600,103.91734303,103.91734303,102.6779613,102.6779613,101.09060031249984,105.58309846686575,96.59810215813394,117.01871296,0.6766679621178621
1519704000,102.96397254,104.77537578,102.58262454,104.77537578,101.51008316049986,105.72517607826443,97.2949902427353,20996.78872002,0.8873334091567145
1519963200,102.01060205,102.20127654,102.01060205,102.01060205,101.74842568449986,105.48333752470866,98.01351384429107,1750.23678434,0.5350980661280458
1520222400,102.10593979,102.10593979,102.01060205,102.01060205,101.97723448349987,105.14453322890954,98.8099357380902,15765.24522516,0.5052675117161732
1520308800,102.01060205,102.01060205,101.5339173,101.5339173,102.12024000799987,104.91429766108388,99.32618235491586,125731.56316409,0.3950768414974005
1520395200,101.3432438,102.96397254,101.3432438,102.86863579,102.02490300849988,104.56900828356127,99.48079773343848,89564.71060379,0.6658211218244026
1520481600,99.72251406,101.9152653,99.72251406,101.5339173,101.88666432199987,104.21265291025067,99.56067573374908,3671.96651008,0.42417266710127116
1520827200,101.72459179,101.72459179,100.10386206,100.10386206,101.74365879799987,104.13781392556712,99.34950367043263,5244.65766097,0.15754166905924188
1520913600,99.15049255,99.15049255,99.15049255,99.15049255,101.64832179799988,104.28390299381509,99.01274060218468,4411.40372214,0.026133125405895484
1521000000,100.10386206,100.10386206,99.15049255,99.15049255,101.59111959799988,104.38655930650602,98.79567988949374,1587.82288101,0.06346276391270557
1521086400,99.24582931,100.10386206,99.24582931,100.10386206,101.54345107349988,104.40540389139211,98.68149825560765,84734.66234821,0.24849532729891208
1521172800,100.10386206,102.01060205,100.10386206,102.01060205,101.59111954849988,104.45084840177662,98.73139069522313,32414.18348956,0.5733430550626283
1521432000,100.7712213,100.7712213,100.19919881,100.19919881,101.59588638599988,104.44598461664657,98.74578815535318,629.47997316,0.25497553716193044
1521518400,99.81785081,100.10386206,99.24582931,99.24582931,101.51484994899987,104.53063541809547,98.49906447990426,5033.82222124,0.12380934216777817
1521604800,97.43442607,97.43442607,97.24375157,97.24375157,101.32894273749987,104.87069663139074,97.787188843609,1750.23678434,-0.07671866678065488
1521691200,96.29038207,100.0085253,96.29038207,100.0085253,101.27650737499987,104.8635615887795,97.68945316122023,18784.5297759,0.3232557971762844
1521777600,97.24375157,97.24375157,97.24375157,97.24375157,101.03816485099988,105.01114536640357,97.06518433559619,2096.24901317,0.02247270452390712
1522036800,96.76706682,96.76706682,93.43027158,95.33701158,100.65681680299987,105.23521734399766,96.07841626200208,8087.40536026,-0.08096765184294107
1522123200,97.05307807,97.05307807,97.05307807,97.05307807,100.40894060399987,105.19922459827765,95.61865660972208,260.26575813,0.14972196450058073
1522209600,95.33701158,95.33701158,95.33701158,95.33701158,99.97992403149988,104.96928422658068,94.99056383641907,2.01756402,0.03471865429985391
1522296000,95.33701158,95.33701158,94.09762785,94.09762785,99.55090735899988,104.99350734320355,94.10830737479621,107.93967488,-0.0009811050625815358
1522728000,97.24375157,99.15049255,96.29038207,99.15049255,99.26966319749988,104.15623191409325,94.38309448090651,10079.74982658,0.48780630597752406
1522900800,103.82200529,103.82200529,97.24375157,97.24375157,99.03132067349988,103.82398586239599,94.23865548460377,452.94312171,0.31350991222572694
1522987200,98.95981806,99.15049255,96.38571882,96.38571882,98.75007651199988,103.47001981978657,94.03013320421319,1251.89847226,0.24953537173854368
1523246400,97.33908931,97.33908931,97.24375157,97.24375157,98.53556822549987,103.11788845311449,93.95324799788526,1335.62737894,0.35904338944767034
1523332800,97.24375157,97.24375157,97.24375157,97.24375157,98.25432401449987,102.40883103629173,94.09981699270801,503.38222212,0.37837637062603796
1523419200,99.05515481,99.05515481,99.05515481,99.05515481,98.13038588999987,102.02597384668186,94.23479793331788,4.03512803,0.6186943961069988
1523851200,99.05515481,99.05515481,99.05515481,99.05515481,98.07795052749988,101.89327823709992,94.26262281789984,140.22069915,0.6280629551219553
1523937600,98.86448131,98.86448131,97.24375157,97.24375157,97.98261347849987,101.78122865012925,94.18399830687049,2137.60907551,0.4027458856561478
1524024000,98.86448131,98.86448131,97.24375157,97.24375157,97.88727642949989,101.65947945814456,94.11507340085522,3608.41324356,0.4147017201071616
1524110400,97.33908931,97.33908931,97.24375157,97.24375157,97.74427090499988,101.3840357115028,94.10450609849696,2273.79464663,0.43124290144989114
1524456000,97.24375157,97.24375157,95.81369633,95.81369633,97.43442561899988,100.5917945856877,94.27705665231207,1116.72168315,0.243341797221108
1524628800,97.24375157,99.62717731,97.24375157,99.62717731,97.4058245439999,100.47152911912782,94.34011996887197,149.29973722,0.8622907412576444
1524801600,97.24375157,98.19712206,97.24375157,98.19712206,97.35338918149988,100.32587190087814,94.38090646212162,118525.83327906,0.6419239333166921
1525233600,99.05515481,99.15049255,96.09970757,96.09970757,97.29618698149989,100.31852127566506,94.27385268733471,3672.97529209,0.3020603786600038
1525320000,98.10178531,98.10178531,96.29038207,96.29038207,97.11027981999987,99.89006966243471,94.33048997756504,12159.85832762,0.35252522736004505
1525752000,95.33701158,96.29038207,95.33701158,96.29038207,97.06261134499988,99.86422265932316,94.2610000306766,7660.69057076,0.36218122566613026
1525838400,96.29038207,96.29038207,94.47897684,95.14634006,97.05307776899988,99.87930186096439,94.22685367703538,3884.81951383,0.16267046650315103
1525924800,94.47897684,95.14634006,93.7162858,94.38364108,96.91960591949989,99.97598647939249,93.86322535960728,4766.49498905,0.08513594923712745
1526011200,95.33701158,95.33701158,95.33701158,95.33701158,96.91960591949987,99.97598647939365,93.86322535960609,522.54908028,0.24109992056177762
1526270400,94.38364108,95.33701158,93.43027158,95.33701158,96.98157510599988,99.85112390856816,94.1120263034316,5598.74014587,0.21344562522721613
1526443200,95.43234833,95.52768607,95.43234833,95.43234833,96.79566789499988,99.55886251551475,94.03247327448501,3054.59192103,0.2533073575639315
1526529600,96.29038207,96.29038207,96.19504433,96.29038207,96.74799941999989,99.51152295596309,93.98447588403668,14554.70681524,0.41720400712267136
1526616000,97.72043731,97.72043731,96.76706682,97.52976282,96.80520161999989,99.58368237810794,94.02672086189185,368.20543302,0.6303880183236336
1526875200,97.52976282,97.52976282,96.29038207,96.38571882,96.76229998249988,99.53886640046129,93.98573356453848,150533.47761929,0.43218581769486714
1526961600,96.29038207,97.24375157,96.29038207,97.24375157,96.76229998249988,99.53886640046129,93.98573356453848,12089.24358704,0.5866990943176512
1527048000,96.29038207,96.38571882,96.29038207,96.38571882,96.62882818299988,99.20079012103584,94.05686624496393,188424.33863172,0.4527385379611147
1527134400,96.29038207,96.29038207,96.29038207,96.29038207,96.49058954599988,98.81094415290019,94.17023493909957,1048.12450659,0.45685843116295793
1527480000,95.43234833,97.14841482,95.43234833,97.05307807,96.48105587099988,98.79049519667416,94.1716165453256,3542.84241303,0.6238443878219458
1527566400,97.14841482,97.14841482,94.38364108,94.38364108,96.33805034649988,98.79064009899966,93.88546059400011,6859.7176562,0.10156213151672244
1527652800,94.38364108,95.33701158,94.38364108,94.47897684,96.19981160999988,98.74263064018245,93.65699257981731,88073.73079557,0.16162854108490587
1527825600,95.24167681,95.33701158,95.24167681,95.33701158,96.17597737249989,98.74165937017882,93.61029537482095,5243.64887896,0.3365023815775166
1528171200,95.33701158,95.33701158,93.43027158,93.43027158,95.86613208599988,98.17358339968457,93.55868077231518,1661.46396761,-0.027824897442827647
1528257600,95.33701158,95.33701158,95.33701158,95.33701158,95.72312656199989,97.77539849710614,93.67085462689364,47937.32103274,0.4059298684070573
1528344000,95.81369633,95.81369633,95.33701158,95.33701158,95.68499176249989,97.73620051556384,93.63378300943594,26972.81333698,0.41517679953829456
1528430400,95.33701158,95.81369633,94.86032683,94.86032683,95.61348900049987,97.67497432280307,93.55200367819667,219.9144778,0.3173253618758753
1528689600,94.86032683,95.33701158,93.43027158,95.33701158,95.56582047599987,97.60647813676923,93.52516281523052,5050.97151538,0.44393746182943494
1528776000,95.81369633,95.81369633,94.47897684,94.47897684,95.53245231499987,97.62072504759973,93.44417958240001,1212.55597393,0.24776391547087018
1528862400,96.19504433,96.19504433,96.19504433,96.19504433,95.62302247749987,97.6606493749746,93.58539558002515,1.00878201,0.6403647186855081
1528948800,94.47897684,95.24167681,90.5701611,95.24167681,95.61825573899986,97.65898035125633,93.5775311267434,79079.43040988,0.4077340159622342
1529294400,91.71420212,92.47690109,91.71420212,92.47690109,95.47525021449988,97.93300463137457,93.01749579762519,1362.86449317,-0.10997736468573115
1529380800,95.14634006,95.14634006,92.47690109,92.47690109,95.32747785249988,98.11151475418289,92.54344095081687,1258.95994631,-0.011950247637998188
1529467200,92.47690109,93.43027158,92.47690109,92.47690109,95.13680380349987,98.14432034833438,92.12928725866537,134037.87422014,0.057790842735622495
1529553600,93.43027158,94.38364108,92.47690109,92.47690109,94.88416071699987,97.89407891671122,91.87424251728852,2083.13484707,0.1001121181248831
1529640000,92.47690109,95.33701158,92.47690109,95.33701158,94.83172535499988,97.77089005499337,91.89256065500638,9472.46305761,0.5859574533201963
1529899200,94.86032683,94.86032683,93.43027158,94.86032683,94.71255411799987,97.43624123572977,91.98886700026998,10960.4165198,0.527127328803335
1529985600,95.33701158,95.33701158,93.43027158,93.43027158,94.56478175599987,97.2293790067753,91.90018450522444,11385.11374528,0.28711413597876334
1530158400,95.33701158,95.33701158,93.43027158,93.43027158,94.42177623149988,97.00637669730654,91.83717576569322,1048.12450659,0.3081899572840884
1530244800,93.52560635,93.52560635,93.0489216,93.43027158,94.24063590699987,96.5559714595597,91.92530035444004,4991.45337689,0.32500067299015534
1530504000,95.212519,95.212519,93.289034,93.289034,94.18590555299987,96.53661102504921,91.83520008095053,4171,0.3092335335787563
1530590400,93.289034,93.289034,93.289034,93.289034,94.12640841099989,96.50450726036628,91.74830956163349,77982,0.3239403691686345
1530676800,92.327292,92.327292,90.98085,91.365549,93.92783528199988,96.52186417891365,91.3338063850861,8420,0.00611840040634491
1530763200,91.365549,95.693391,90.403806,95.693391,94.04099125299987,96.7338878893549,91.34809461664484,739724,0.8068071244718731
1531195200,95.212519,95.212519,91.557895,95.212519,94.03476662399987,96.71620262451825,91.3533306234815,268,0.7196122480216657
1531281600,91.654075,96.07809,91.365549,95.212519,94.02854199499987,96.69841011675997,91.35867387323977,375,0.7217294920581315
1531368000,92.327292,95.212519,92.327292,95.020174,94.03653435349987,96.71724953433002,91.35581917266973,2021,0.6834658999833609
1531454400,95.212519,95.212519,92.327292,92.327292,93.88604837449986,96.59560616914361,91.17649057985612,8621,0.21235963713687597
1531713600,92.327292,94.250777,91.365549,94.250777,93.87463838249987,96.57602233370883,91.1732544312909,7581,0.5696196142965527
1531800000,94.154605,94.154605,92.327292,92.327292,93.68125076599986,96.2405240191409,91.12197751285882,80,0.2354798350785473
1531886400,91.654075,92.327292,91.365549,91.365549,93.48744437549986,96.13038685733748,90.84450189366224,1039,0.09857329660376872
1531972800,91.365549,94.250777,91.365549,91.365549,93.43187677099986,96.2011803618259,90.66257318017382,5220,0.12692285204030154
1532059200,93.289034,93.769906,93.289034,93.673733,93.49171836649985,96.22741233491128,90.75602439808843,35332,0.5332666291628078
1532318400,93.289034,95.693391,93.192862,95.693391,93.65254286199986,96.50632370002245,90.79876202397728,443482,0.8575691781948938
1532404800,95.597218,95.693391,93.385207,93.385207,93.69795815749987,96.50396632794566,90.89194998705408,9482,0.4442711605771647
1532577600,93.769906,94.250777,93.769906,94.250777,93.64364642849986,96.36131184336251,90.92598101363721,32,0.6117007576024254
1532923200,94.250777,94.250777,93.289034,93.289034,93.56508178699985,96.22780660390974,90.90235697008997,1281,0.44816441690729997
1533009600,94.250777,95.693391,94.250777,95.693391,93.67823775799985,96.49624975555156,90.86022576044815,242250,0.8575487336020785
1533096000,96.07809,96.07809,93.289034,93.289034,93.67117587899985,96.49234418411274,90.85000757388696,7536,0.4322724067353092
1533182400,95.693391,95.693391,93.289034,93.289034,93.66411399999984,96.48836445492002,90.83986354507967,3979,0.43359654074828824
1533268800,93.289034,93.289034,93.289034,93.289034,93.66411399999984,96.48836445492002,90.83986354507967,1752,0.43359654074828824
1533528000,93.289034,93.289034,92.327292,92.327292,93.61602689999985,96.49637805324828,90.73567574675143,28643,0.2762885788167821
1533614400,93.289034,94.250777,93.289034,94.250777,93.76028829999986,96.45858938440722,91.0619872155925,5755,0.5908884302857311
1533700800,92.327292,92.327292,92.327292,92.327292,93.59198334999986,96.20557111143928,90.97839558856045,1,0.25805454696050784
1533787200,93.096689,93.289034,92.423464,92.423464,93.45253059999985,96.00221941326913,90.90284178673056,12318,0.2981976085386765
1533873600,92.423464,92.423464,92.327292,92.327292,93.30826924999985,95.76822620975618,90.84831229024353,5872,0.3006108915627075
1534132800,91.84642,94.250777,91.84642,93.289034,93.22171224999985,95.55310029389098,90.89032420610873,156735,0.5144381262863015
1534219200,92.327292,93.289034,92.327292,92.327292,93.22171224999985,95.55310029389098,90.89032420610873,16128,0.30817859722162505
1534305600,92.711991,92.711991,92.327292,92.327292,93.12553799999985,95.43780418937763,90.81327181062207,9876,0.327388818020417
1534392000,92.327292,93.289034,92.327292,92.327292,93.12553799999985,95.43780418937763,90.81327181062207,6674,0.327388818020417
1534737600,92.808163,93.769906,92.327292,93.769906,93.24575584999985,95.42573185274772,91.06577984725199,62870,0.6202192476750802
1534824000,91.557895,93.769906,91.461721,91.557895,93.25537314999984,95.40355021271287,91.10719608728681,3569,0.10490264525587678
1534996800,92.327292,93.289034,91.557895,91.654075,93.15439024999984,95.40198911737212,90.90679138262755,9090,0.1662404328949773
1535083200,91.654075,92.327292,91.654075,92.327292,92.98608529999983,94.93182623475332,91.04034436524634,1226,0.33070888620552835
1535342400,93.289034,93.289034,91.84642,92.327292,92.93318954999984,94.89014076038764,90.97623833961204,26785,0.34519349619355855
1535428800,92.327292,92.327292,92.327292,92.327292,92.83701529999983,94.71288179976001,90.96114880023966,3900,0.3641365736674225
1535515200,93.289034,93.289034,93.289034,93.289034,92.83701529999983,94.71288179976001,90.96114880023966,162,0.6204826409709742
1535601600,92.327292,93.289034,91.365549,92.327292,92.66871034999984,94.01991575286934,91.31750494713035,15680,0.37366156571207226
1535688000,93.192862,93.192862,92.808163,92.808163,92.64466679999984,93.96768335081713,91.32165024918255,637,0.5617891741033605
1535947200,92.808163,92.808163,91.365549,91.365549,92.54849254999984,93.94762138604268,91.14936371395699,28746,0.07725710473327481
1536033600,91.365549,92.327292,91.365549,91.365549,92.45231829999985,93.8982623912611,91.00637420873859,67736,0.12420078806370453
1536120000,91.365549,92.327292,91.365549,91.365549,92.40423114999984,93.92560947448833,90.88285282551136,3237,0.15863778480310942
1536206400,92.327292,92.327292,91.365549,92.327292,92.30805689999984,93.57171495188912,91.04439884811056,175518,0.5076108801631111
1536292800,92.327292,92.327292,92.327292,92.327292,92.30805689999984,93.57171495188912,91.04439884811056,79270,0.5076108801631111
1536552000,94.154605,94.154605,93.000509,93.000509,92.33690914999984,93.63565319144534,91.03816510855434,116723,0.7554775339956774
1536638400,93.289034,93.289034,92.327292,92.327292,92.33690914999984,93.63565319144814,91.03816510855154,285929,0.4962975191057986
1536724800,93.289034,93.289034,92.327292,92.327292,92.28882204999982,93.51201326987564,91.06563083012401,15359,0.515725239592581
1536811200,92.423464,93.289034,92.327292,93.289034,92.33690914999983,93.63565319145374,91.03816510854591,6486,0.8665560031883927
1536897600,93.289034,93.289034,92.327292,92.327292,92.33690914999983,93.63565319145374,91.03816510854591,9865,0.49629751910582004
1537156800,92.327292,93.289034,92.327292,93.289034,92.38499624999983,93.74836577310992,91.02162672688974,10081,0.8315453861466319
1537243200,94.250777,94.250777,92.327292,92.327292,92.31286554999983,93.51911430460291,91.10661679539675,2392,0.5059798818216893
1537329600,92.327292,92.327292,91.461721,92.327292,92.35133539999984,93.50682744183953,91.19584335816015,549,0.48959603392786677
1537416000,92.327292,93.289034,91.365549,91.365549,92.33690909999983,93.53334127043065,91.140476929569,28142,0.09405968678941093
1537848000,92.327292,92.327292,89.922935,89.922935,92.21669124999983,93.81013918011365,90.623243319886,372,-0.21974622033491237
1538020800,91.173203,91.173203,88.480321,88.480321,92.02434269999983,94.30046450496988,89.74822089502979,15304,-0.2785219780991622
1538107200,88.480321,90.307634,85.595093,90.307634,91.92335979999983,94.31313016201128,89.53358943798838,5849,0.16194956936366567
1538366400,85.210394,90.307634,85.210394,90.211461,91.76948114999983,94.18389497609223,89.35506732390743,1308,0.1773502261372056
1538452800,86.556836,86.653008,86.556836,86.556836,91.48095834999984,94.77770156144653,88.18421513855314,1486,-0.24681618102718444
1538539200,89.442064,89.442064,89.442064,89.442064,91.31265339999983,94.66441908019638,87.96088771980328,102,0.22095462832441545
1538712000,87.518579,88.480321,86.556836,88.480321,91.16839199999984,94.73979922191369,87.596984778086,4866,0.12366781033732764
1538971200,87.518579,88.480321,87.037707,88.480321,91.02413059999984,94.78033548023375,87.26792571976593,660,0.1613856696973592
1539057600,87.230053,87.230053,86.653008,87.037707,90.80773849999983,94.94014388397294,86.67533311602672,747,0.04384539394158756
1539230400,86.653008,86.653008,86.556836,86.556836,90.51921569999983,94.97971101756602,86.05872038243365,1671,0.05583635696294671
1539576000,86.075965,86.075965,85.691266,86.075965,90.20664934999984,94.98157290548244,85.43172579451723,430,0.06746068266821173
1539748800,85.595093,86.556836,85.114222,86.556836,89.88446569999984,94.73088529518367,85.038046104816,654,0.15669195220873047
1539921600,86.556836,86.556836,84.633351,84.633351,89.49976864999985,94.71677705171597,84.28276024828374,204944,0.033600746320529486
1540180800,84.633351,84.633351,84.633351,84.633351,89.11507159999985,94.57058586286696,83.65955733713274,55050,0.08924856722448511
1540267200,84.633351,84.633351,83.671608,83.671608,88.63420029999985,94.22701299248956,83.04138760751013,2091,0.05634198990216171
1540440000,83.671608,86.075965,83.671608,84.633351,88.24950324999985,93.83172147356392,82.66728502643578,49191,0.1761007806238141
1540526400,85.114222,86.460664,85.114222,86.460664,87.90808474999986,93.03209773430652,82.7840717656932,1386,0.358761018518797
1540872000,90.403806,90.403806,90.403806,90.403806,87.81191044999984,92.66560568634094,82.95821521365875,518,0.7670022965795058
1541044800,90.403806,95.020174,90.211461,95.020174,87.94655454999985,93.40548483765357,82.48762426234612,34761,1.1478942830611254
1541390400,95.116347,95.116347,88.961192,91.365549,87.94655454999985,93.40548483765357,82.48762426234612,3350,0.8131560827707194
1541563200,88.961192,88.961192,86.556836,86.556836,87.77824959999984,93.19042672697053,82.36607247302915,13869,0.38716060364015786
1541736000,86.556836,90.403806,86.556836,90.403806,87.87442384999983,93.400253356964,82.34859434303566,6238,0.7288690002842476
1541995200,93.289034,93.289034,86.653008,86.653008,87.69169254999983,93.12450929980342,82.25887580019624,1662,0.40440644348648613
1542081600,87.518579,87.518579,86.556836,86.556836,87.50896129999984,92.8352797534464,82.18264284655328,518,0.41062069341875973
1542168000,86.653008,86.653008,84.921876,84.921876,87.42721329999983,92.85862479960356,81.99580180039611,47,0.26936590974716
1542254400,86.556836,86.556836,84.825696,86.556836,87.28295189999983,92.6454673668421,81.92043643315756,16305,0.432297081053698
1542686400,89.442064,89.442064,89.442064,89.442064,87.33103904999982,92.7525643977131,81.90951370228653,5,0.6946892077974498
1542945600,86.653008,89.826763,85.210394,89.442064,87.37912619999983,92.85733786692995,81.90091453306971,6599,0.6882856966310138
1543204800,88.961192,88.961192,86.556836,86.556836,87.35508264999983,92.84328905274054,81.86687624725911,31566,0.42727618174116094
1543291200,85.787439,86.556836,85.595093,86.556836,87.35508264999983,92.84328905274054,81.86687624725911,6588,0.42727618174116094
1543377600,86.556836,86.556836,86.556836,86.556836,87.37912619999983,92.84888929361175,81.90936310638791,3186,0.42483310648680817
1543464000,88.480321,88.480321,86.556836,88.480321,87.47530044999982,92.95148562927393,81.99911527072571,1413,0.5917628346283755
1543896000,87.518579,87.518579,86.556836,86.556836,87.57147469999981,92.91048080845911,82.23246859154051,42,0.40497869084733024
1543982400,86.556836,87.518579,86.556836,86.556836,87.66764894999982,92.85873481364261,82.47656308635702,548,0.3930076501161639
1544068800,86.556836,88.384149,86.26831,88.384149,87.90327599999982,92.764787886899,83.04176411310064,5793,0.5494571453477293
1544155200,88.480321,88.480321,86.556836,86.556836,87.99945024999982,92.67078818624465,83.328112313755,2620,0.3455887510506783
1544414400,86.653008,86.653008,86.556836,86.556836,88.00425884999983,92.66944482424364,83.33907287575602,4375,0.34486975889161203
1544500800,86.556836,86.556836,86.556836,86.556836,87.81191034999983,92.38174729115974,83.24207340883993,17660,0.36267843183905046
1544587200,86.556836,87.518579,86.075965,86.556836,87.38874344999984,90.56527585546874,84.21221104453093,7775,0.36905415342724485
1544673600,86.556836,86.556836,86.556836,86.556836,87.14830779999984,89.76260281785807,84.53401278214162,9206,0.3868773807165031
1544760000,86.556836,86.556836,86.556836,86.556836,87.14830779999983,89.76260281786014,84.53401278213951,11376,0.3868773807165962
1545019200,86.653008,86.653008,86.36449,86.36449,86.94634199999982,89.10842388226422,84.78426011773541,938,0.3654417289250801
1545192000,88.384149,88.384149,87.518579,87.99945,87.01366409999983,89.21844693053788,84.80888126946178,598,0.7235562356405864
1545278400,88.480321,88.480321,87.99945,87.99945,87.08579479999983,89.32026842120024,84.85132117879942,2260,0.7044452866508508
1545364800,87.99945,87.99945,86.26831,86.26831,87.15311649999984,89.19563721806304,85.11059578193664,1210,0.283403298636097
1545796800,87.99945,87.99945,87.99945,87.99945,87.22524719999983,89.28029598869242,85.17019841130724,12,0.6883660388648759
1545883200,86.653008,86.653008,85.595093,85.595093,87.03289864999984,88.93654222571375,85.12925507428592,2710,0.12235429248865105
1546401600,86.26831,86.26831,86.26831,86.26831,86.87421094999982,88.44876972719835,85.29965217280129,145,0.30759659189165206
1546488000,85.01805,86.556836,83.671608,86.556836,86.87421094999983,88.44876972719605,85.29965217280362,3699,0.39921781435019726
1546920000,84.633351,84.633351,83.671608,84.633351,86.77803669999983,88.62908577788119,84.92698762211847,54640,-0.07931627141257533
1547092800,84.633351,84.633351,84.633351,84.633351,86.68186244999984,88.7553942543577,84.60833064564198,38552,0.006033269975757212
1547179200,84.633351,84.633351,83.671608,83.671608,86.44142679999985,88.7291620722849,84.1536915277148,1039,-0.10536261200214721
1547438400,84.152479,84.152479,83.671608,83.671608,86.29716539999984,88.88216107701987,83.71216972297981,2426,-0.0078456075072748
1547524800,83.671608,83.671608,83.190737,83.190737,86.12886044999985,89.04182974990536,83.21589115009434,658,-0.0043176133190201225
1547611200,83.190737,83.190737,82.709865,82.709865,85.84514624999984,88.92476568131629,82.7655268186834,1211,-0.009037126165230521
1547784000,82.902211,84.633351,82.902211,84.633351,85.74897199999985,88.85371788039367,82.64422611960603,211,0.32033618161072536
1548043200,86.460664,86.556836,83.190737,86.556836,85.74897199999985,88.85371788039367,82.64422611960603,6471,0.6301014690287112
1548129600,84.633351,86.556836,84.633351,86.556836,85.74897199999985,88.85371788039367,82.64422611960603,4157,0.6301014690287112
1548216000,86.36449,86.556836,86.36449,86.36449,85.73935469999985,88.83521009797147,82.64349930202823,1325,0.6009632588798781
1548302400,86.460664,86.460664,83.76778,86.460664,85.73454609999986,88.82560262499078,82.64348957500894,53,0.6174546460295266
1548648000,84.152479,95.212519,84.152479,94.250777,86.11924314999985,90.94963327628157,81.28885302371812,303754,1.341705704654909
1548734400,94.250777,96.174262,89.057365,96.07809,86.60492314999985,93.1020629388098,80.1077833611899,285190,1.2290259374067827
1548820800,96.07809,99.05949,96.07809,96.174262,87.01366374999985,94.72534697100515,79.30198052899455,152288,1.0939428518697611
1548907200,95.981916,96.174262,95.981916,96.174262,87.42240434999985,96.10518845086419,78.73962024913551,52250,1.0039776152633424
1548993600,91.461721,93.769906,91.365549,91.365549,87.67726629999984,96.50756711483199,78.8469654851677,35647,0.7088424153005636
1549252800,89.057365,94.250777,89.057365,90.884678,87.82152769999985,96.76175725911358,78.88129814088612,60,0.671312731946438
1549425600,91.84642,93.289034,90.788505,90.788505,88.08119829999984,97.04931838465009,79.11307821534959,557,0.6509405914754621
1549512000,91.365549,91.365549,91.365549,91.365549,88.33606024999985,97.37306409557505,79.29905640442465,778,0.6676157718735224
1549944000,90.884678,91.365549,89.442064,91.365549,88.57649589999986,97.66707530555392,79.48591649444579,25628,0.6534034837370278
1550030400,88.480321,88.480321,88.480321,88.480321,88.76884439999985,97.67854774683919,79.85914105316051,1557,0.48380847325841675
1550116800,88.480321,88.480321,88.287976,88.287976,88.95157564999985,97.66220344833398,80.24094785166572,1089,0.46190862097639146
1550462400,88.287976,88.480321,86.556836,88.480321,89.19201129999985,97.56533823413864,80.81868436586106,22429,0.4575025371875652
1550635200,86.653008,90.403806,86.653008,86.653008,89.34108129999984,97.41685083106802,81.26531176893167,466,0.33357169309633
1550808000,87.518579,87.518579,86.556836,86.556836,89.50938624999985,97.196375561203,81.8223969387967,11328,0.3079514533930242
1551067200,86.556836,86.653008,86.556836,86.556836,89.70173479999985,96.87380741269095,82.52966218730876,13776,0.28075383715197594
1551153600,86.653008,87.518579,86.556836,86.556836,89.79790904999986,96.74355534389346,82.85226275610626,12869,0.26668311969403724
1551240000,87.037707,87.037707,86.556836,86.556836,89.79790904999986,96.74355534389346,82.85226275610626,16553,0.26668311969403724
1551326400,86.556836,86.653008,86.556836,86.556836,89.79790904999986,96.74355534389399,82.85226275610573,9546,0.2666831196940549
1551412800,86.556836,86.653008,86.556836,86.556836,89.80752634999986,96.7346375876337,82.88041511236602,2833,0.26536464923939723
1551758400,86.556836,86.556836,86.556836,86.556836,89.81233494999988,96.73027377889598,82.89439612110378,243,0.2647060034412477
1551844800,85.691266,86.556836,85.691266,86.556836,89.42763789999987,96.16897393046791,82.68630186953182,3787,0.2870747069256728
1551931200,86.556836,86.556836,85.595093,86.556836,88.95157519999987,95.06235802884399,82.84079237115574,2909,0.3040562668422603
1552276800,84.729523,86.556836,84.729523,86.556836,88.47070389999986,93.67937284682966,83.26203495317006,1054,0.3162805200775228
1552449600,84.729523,84.729523,77.035582,78.862895,87.60513554999986,93.1482785948212,82.06199250517851,38331,-0.2885634990213047
1552536000,79.824638,79.824638,77.997325,78.189678,86.94634199999987,93.57147787494124,80.32120612505851,9692,-0.16086674788970828
1552622400,78.382024,79.824638,77.997325,79.728465,86.38853134999987,93.45714267501121,79.31992002498852,6639,0.028898531566299176
1552881600,79.728465,79.728465,79.728465,79.728465,85.83552934999986,93.16637952915396,78.50467917084576,10,0.08346820622757904
1552968000,79.824638,79.824638,78.862895,78.862895,85.21039664999986,92.67936600785923,77.7414272921405,2384,0.07507513112765746
1553140800,79.824638,79.824638,79.824638,79.824638,84.63335109999987,91.8912899367777,77.37541226322205,415,0.16872736129761087
1553227200,79.824638,79.824638,79.824638,79.824638,84.20056694999987,91.52131667456817,76.87981722543157,2380,0.20112836016546656
1553486400,79.824638,80.78638,79.824638,80.78638,83.82548714999987,91.03801715422156,76.61295714577818,17840,0.28931753849058467
1553572800,80.78638,80.882553,80.78638,80.882553,83.44559874999987,90.43430427563227,76.45689322436748,3816,0.3166294358376227
1553659200,80.78638,81.267251,79.92081,81.267251,83.17631089999988,90.06423410688589,76.28838769311386,2839,0.3614197746795911
1553745600,80.016983,81.267251,80.016983,81.267251,82.91183164999987,89.6651272128527,76.15853608714704,105448,0.3782386588374685
1553832000,81.267251,81.65195,81.267251,81.267251,82.64735239999987,89.22085387372653,76.07385092627322,2458,0.3950253981446614
1554091200,81.65195,82.613693,81.65195,82.613693,82.45019524999988,88.77465981589052,76.12573068410924,521,0.5129258175373376
1554177600,81.748123,82.709865,81.748123,82.709865,82.25784669999987,88.29866172881569,76.21703167118406,6589,0.5374136848954908
1554264000,83.671608,83.76778,83.671608,83.76778,82.11839389999986,87.87802720364415,76.35876059635557,2395,0.6431849922595356
1554350400,83.671608,86.556836,83.671608,86.556836,82.11839389999986,87.87802720364415,76.35876059635557,52451,0.8853059618562704
1554696000,86.653008,86.653008,86.556836,86.556836,82.11839389999986,87.87802720364479,76.35876059635493,587,0.8853059618562277
1554782400,86.556836,86.653008,86.556836,86.556836,82.11839389999986,87.87802720364479,76.35876059635493,4196,0.8853059618562277
1554868800,86.556836,90.403806,86.556836,90.403806,82.31074239999987,88.85406274130904,75.7674220586907,3695,1.118421778077038
1555300800,84.921876,84.921876,84.921876,84.921876,82.22899439999986,88.59657256680681,75.86141623319291,557,0.7114525750180537
1555473600,85.210394,86.556836,85.210394,86.556836,82.61369144999986,89.05061633522878,76.17676656477094,438,0.8062910178623213
1555560000,89.057365,89.057365,89.057365,89.057365,83.15707579999986,89.83859827122019,76.47555332877953,2,0.9415377801552539
1555992000,85.402748,85.402748,85.402748,85.402748,83.44078994999987,89.99657380703577,76.88500609296396,102,0.649635657061397
1556164800,86.556836,86.556836,86.556836,86.556836,83.78220849999988,90.23958511634261,77.32483188365715,2,0.7148416969344736
1556251200,84.729523,85.595093,84.633351,85.595093,84.11881839999987,90.20666439394566,78.03097240605408,77233,0.6212476959394387
1556510400,82.709865,85.595093,81.748123,85.595093,84.40734114999988,90.19325228086723,78.62143001913253,647,0.6026417294644891
1556596800,81.844295,84.633351,81.844295,84.633351,84.64777679999987,90.0380933830397,79.25746021696006,97,0.4986618782238821
1556769600,85.595093,85.595093,81.940468,85.306568,84.87378619999988,89.96848108678785,79.77909131321192,272,0.5424737702273834
1556856000,85.210394,85.210394,85.210394,85.210394,85.09017824999988,89.84467994661361,80.33567655338615,1,0.512642308034692
1557115200,81.748123,82.709865,80.401681,82.709865,85.16230894999988,89.72242942137242,80.60218847862734,5816,0.23109877629376177
1557201600,80.401681,83.094564,80.401681,83.094564,85.25367459999988,89.56437367721634,80.94297552278343,2842,0.24956375273194917
1557288000,81.748123,81.748123,81.748123,81.748123,85.2777181999999,89.50374209200788,81.05169430799191,1039,0.08239762833867832
1557374400,80.882553,80.882553,80.78638,80.78638,85.1863525499999,89.70751444932746,80.66519065067233,1662,0.013402456274092873
1557460800,80.305509,80.78638,80.305509,80.78638,85.09017829999989,89.89114284325255,80.28921375674723,3326,0.05177774578146882
1557720000,84.344825,84.344825,80.305509,80.305509,84.9170647499999,90.12842272562345,79.70570677437634,7360,0.0575475939696787
1557806400,81.65195,81.65195,80.594035,80.78638,84.6285419499999,90.0783136586056,79.1787702413942,1030,0.14749331206545999
1557892800,80.78638,80.78638,80.78638,80.78638,84.34001914999989,89.95925469879121,78.72078360120857,25,0.18379692227314887
1557979200,80.78638,81.267251,80.78638,81.267251,84.07553989999988,89.75017966737924,78.40090013262052,21080,0.2525579582916157
1558324800,81.65195,81.65195,81.65195,81.65195,83.63794709999988,88.59788196744242,78.67801223255734,518,0.2997960504445188
1558497600,81.65195,81.748123,80.78638,81.748123,83.47925944999989,88.4677280677178,78.49079083228197,1570,0.32648618417170405
1558584000,81.748123,81.748123,81.748123,81.748123,83.23882379999988,88.07190285379944,78.40574474620031,4196,0.34578145904442176
1558670400,81.65195,81.748123,79.824638,79.824638,82.77718744999989,87.02765439586267,78.5267205041371,582,0.15267940115688064
1559016000,81.65195,81.65195,79.824638,81.65195,82.58964754999988,86.68846477267908,78.49083032732068,63,0.3856136418072634
1559102400,79.824638,81.65195,79.824638,81.65195,82.34440324999987,86.03057498470051,78.65823151529924,658241,0.40607420111747616
1559188800,79.824638,81.748123,79.824638,80.401681,82.08473264999988,85.54299579118211,78.62646950881765,29,0.2566622924153018
1559620800,79.824638,81.748123,79.824638,81.748123,81.89238414999987,84.95338519962121,78.83138310037853,3109,0.4764356255255598
1559707200,79.824638,79.92081,79.824638,79.92081,81.65675709999988,84.55890941685628,78.75460478314348,1884,0.20092074597238122
1559880000,79.92081,79.92081,79.824638,79.824638,81.38266059999987,83.85835861533918,78.90696258466055,1223,0.18533670295277696
1560139200,79.824638,80.016983,79.824638,80.016983,81.12299004999987,82.94015045847591,79.30582964152383,3638,0.19567710015005632
1560225600,81.459597,81.748123,81.459597,81.748123,81.07490294999988,82.7682269866305,79.38157891336927,1356,0.6987865392083203
1560312000,81.748123,81.748123,80.78638,81.748123,81.00758089999988,82.46499510163746,79.5501666983623,4266,0.754060273039758
1560398400,81.748123,83.671608,81.748123,81.748123,81.00758089999987,82.46499510163994,79.55016669835979,38719,0.7540602730393269
1560484800,85.210394,85.210394,85.210394,85.210394,81.22878159999986,83.56357897439861,78.89398422560112,94,1.3526676540882845
1560744000,84.537178,84.537178,81.940468,81.940468,81.28648599999987,83.63171845321942,78.94125354678032,12,0.6394279699443729
1560830400,81.940468,82.42134,81.748123,81.748123,81.35861669999987,83.66717955969236,79.05005384030738,2306,0.584361207312332
1560916800,81.844295,84.537178,81.844295,84.441005,81.54134794999987,84.19288188273903,78.88981401726072,71,1.046788599270282
1561089600,84.441005,84.441005,84.344825,84.344825,81.71927019999988,84.61096663654872,78.82757376345104,320,0.9539817469799221
1561348800,84.344825,84.537178,84.248652,84.248652,81.86834024999987,84.9524464330826,78.78423406691715,533,0.8858997726889037
1561435200,83.671608,83.671608,79.824638,79.824638,81.77697464999987,84.98700566018562,78.56694363981413,11898,0.195900655818445
1561521600,80.78638,83.671608,80.78638,83.671608,81.87314889999989,85.18752090138035,78.55877689861943,27833,0.771312197190153
1561608000,83.575436,84.152479,81.267251,84.152479,81.99336669999988,85.45215193930234,78.53458146069742,144919,0.8121200292325105
1561694400,84.152479,84.152479,84.056307,84.152479,82.20975874999989,85.64014788308016,78.77936961691962,146,0.7831632468844241
1561953600,82.50136,82.50136,82.50136,82.50136,82.25222924999989,85.6749665709708,78.82949192902898,1051,0.5363934954157467
1562040000,84.34551,84.34551,82.50136,82.50136,82.29469974999988,85.70765477247095,78.88174472752881,209,0.530275853130127
1562126400,83.957267,84.830812,83.957267,84.442569,82.49674414999988,85.91594562001727,79.0775426799825,3671,0.7845437548888028
1562299200,84.830812,84.830812,83.471964,83.471964,82.58293619999988,86.00920916644097,79.15666323355879,1236,0.6297368611181562
1562644800,83.569023,84.927871,83.569023,84.442569,82.80902414999989,86.09675087910038,79.52129742089939,1135,0.7484307524012266
1562731200,84.927871,84.927871,84.927871,84.927871,83.06418579999988,86.17309355530818,79.95527804469157,20,0.7997331131517119
1562817600,83.569023,84.442569,83.569023,84.442569,83.28546509999988,86.11253927393302,80.45839092606674,79,0.7046468944234161
1563336000,84.442569,86.286719,84.442569,86.286719,83.51239489999988,86.53153065322054,80.49325914677921,10962,0.9594566668690893
1563422400,86.383777,87.354381,84.442569,86.383777,83.74417759999987,86.89484797020917,80.59350722979057,10689,0.9188948842377272
1563508800,85.510231,86.480836,85.510231,85.898475,83.95169519999988,87.09586794156019,80.80752245843956,5767,0.8095853758712428
1563768000,85.898475,87.257323,85.413173,87.257323,84.05404164999987,87.47639369823482,80.63168960176493,10711,0.9679941316458369
1563854400,86.383777,86.383777,85.898475,85.995534,84.25679494999987,87.63444172455308,80.87914817544666,1676,0.7573891182316024
1563940800,86.383777,87.354381,85.898475,86.869079,84.51284274999988,87.8672986568701,81.15838684312965,6360,0.8512099004154948
1564027200,86.383777,92.207403,86.383777,91.7221,84.87689749999988,89.47209900526627,80.2816959947335,39469,1.2448207104906153
1564113600,88.422044,91.7221,88.422044,91.7221,85.24576124999987,90.7126044189508,79.77891808104894,12034,1.0923289318763203
1564372800,91.625042,93.663309,91.625042,93.663309,85.71649409999988,92.27181203455088,79.16117616544888,2902,1.106134971586579
1564459200,93.663309,94.051553,91.7221,94.051553,86.42783984999988,93.34882170458826,79.50685799541151,7158,1.0507681792971217
1564545600,93.178007,93.178007,92.207403,92.692705,86.87889469999988,94.18755614981798,79.57023325018177,1139,0.8977342732262431
1564632000,92.207403,93.080948,92.207403,93.080948,87.32531814999987,94.99511483013349,79.65552146986626,239,0.87521397828631
1564718400,92.207403,93.080948,90.266194,93.080948,87.77174159999988,95.68632806218656,79.85715513781321,39356,0.8354064312371711
1564977600,91.236798,92.207403,91.236798,92.207403,88.25704374999988,96.00805917569839,80.50602832430137,3143,0.7548284987862811
1565064000,92.207403,93.080948,92.207403,92.401521,88.75205179999988,96.22920817794963,81.27489542205012,40844,0.744041251481811
1565150400,92.207403,93.080948,92.207403,92.207403,89.14029349999987,96.48729989799678,81.79328710200296,3702,0.708731919767781
1565323200,92.304461,93.178007,92.207403,93.178007,89.62559564999987,96.68754046021573,82.563650839784,50146,0.7515179207334771
1565582400,94.439795,94.439795,94.051553,94.051553,90.10604484999986,96.9975472558112,83.21454244418852,5,0.7862589256787491
1565841600,92.207403,92.207403,89.586774,92.207403,90.47002144999988,96.98794549670798,83.95209740329177,115849,0.6332772166068422
1565928000,92.110344,92.207403,89.780892,89.780892,90.73693759999988,96.65532422360788,84.81855097639188,207428,0.41923089341727965
1566187200,92.110344,92.207403,90.266194,90.266194,90.93591134999988,96.49939666080728,85.37242603919249,14691,0.4398113491286729
1566273600,93.178007,93.178007,92.207403,92.207403,91.22709264999988,96.40320850851953,86.05097679148022,166364,0.5946955571315679
1566360000,92.207403,92.207403,92.207403,92.207403,91.54253904999987,96.11501301058249,86.97006508941726,1102,0.5727028689208118
1566532800,92.207403,93.080948,90.460312,93.080948,91.83372029999988,96.00134517986336,87.6660954201364,7505,0.6496329127444143
1566878400,91.236798,93.080948,91.236798,93.080948,92.18799099999987,95.40688797818534,88.9690940218144,107587,0.6387054332666944
1566964800,92.207403,92.886823,90.363253,92.886823,92.48887819999987,94.5956941833686,90.38206221663116,23961,0.5944422301571478
1567137600,91.236798,92.983889,90.751496,91.236798,92.46461309999987,94.61688390343521,90.31234229656452,5383,0.21476286858510132
1567396800,91.236798,92.207403,90.848555,91.7221,92.46461309999987,94.61688390343521,90.31234229656452,6436,0.32750472226480337
1567569600,92.207403,92.207403,91.333857,92.207403,92.39181779999987,94.47434751731112,90.30928808268862,2447,0.455723368923165
1567656000,91.333857,92.207403,91.333857,91.430916,92.26078594999987,94.23612766920871,90.28544423079103,19105,0.2899426863894082
1567742400,90.848555,90.848555,90.848555,90.848555,92.16857844999987,94.22516164877919,90.11199525122055,522,0.17907365702895914
1568001600,89.87795,89.87795,87.45144,87.548499,91.89195599999987,94.72497518804583,89.0589368119539,308,-0.26657740588684375
1568088000,88.324986,90.266194,88.324986,88.324986,91.65415789999987,94.82617942819557,88.48213637180417,7407,-0.024771328064341364
1568174400,88.324986,90.266194,88.324986,90.266194,91.55709744999987,94.77394534521217,88.34024955478758,1044,0.2993527372057048
1568606400,90.169136,90.266194,90.169136,90.266194,91.45033109999987,94.6896505167994,88.21101168320034,316,0.3172243999991504
1568692800,88.422044,89.683834,87.354381,88.324986,91.25621024999987,94.74639412666099,87.76602637333875,6880,0.08007595679972838
1568779200,87.354381,90.169136,87.354381,90.169136,91.10576669999986,94.50996058127392,87.70157281872581,20,0.36242988315792934
1568865600,90.169136,93.178007,90.072076,93.178007,91.06208939999986,94.3338182613638,87.79036053863592,165791,0.8233638375397088
1568952000,93.178007,93.178007,90.072076,93.178007,91.11061959999986,94.47630850876179,87.74493069123794,79682,0.80712692944052
1569211200,91.236798,91.236798,89.780892,91.236798,91.18341489999986,94.49343216694027,87.87339763305945,612,0.5080638703207547
1569297600,90.072076,90.072076,89.87795,89.87795,91.16400269999986,94.4997628620261,87.82824253797361,2209,0.30723243915433845
1569384000,89.780892,91.236798,89.780892,90.266194,91.06694224999985,94.38855152712728,87.74533297287243,5999,0.37946381058214723
1569470400,91.13974,91.13974,89.780892,89.780892,90.94561669999985,94.26899804107703,87.62223535892267,829,0.32476812311548653
1569816000,91.13974,91.13974,89.87795,89.87795,90.78546679999985,93.98832896697385,87.58260463302585,526,0.35832721598862033
1569902400,89.97501,89.97501,89.87795,89.87795,90.62531689999985,93.66942673036202,87.58120706963767,20201,0.37724376884408795
1569988800,89.87795,89.87795,89.87795,89.87795,90.47487324999983,93.34974733082447,87.59999916917519,105,0.3961827138827922
1570075200,89.87795,89.87795,89.87795,89.87795,90.40693084999984,93.27077335790202,87.54308834209766,209,0.4076449126409313
1570161600,89.780892,91.236798,89.780892,91.236798,90.38266574999984,93.20950862650513,87.55582287349456,23,0.6510752962428672
1570420800,90.266194,90.266194,89.780892,89.780892,90.26134019999985,92.9703352562986,87.5523451437011,2825,0.411323536954644
1570507200,91.236798,93.178007,89.780892,93.178007,90.34869474999985,93.30435685509175,87.39303264490795,16363,0.9786257950673574
1570593600,91.236798,92.207403,91.236798,91.236798,90.36810689999984,93.34169136589921,87.39452243410048,298,0.6460680047871806
1570766400,91.236798,92.207403,91.236798,92.207403,90.60105209999985,93.3780495788916,87.82405462110809,1563,0.7892244073338541
1571025600,92.207403,93.178007,92.207403,93.178007,90.84370314999984,93.63085955080128,88.0565467491984,2604,0.9187608290171542
1571112000,93.178007,93.178007,92.207403,92.207403,90.94076359999983,93.77551049720694,88.10601670279272,3078,0.7234131380914658
1571198400,92.207403,92.692705,92.207403,92.304461,91.04267694999984,93.91933646031617,88.16601743968351,23177,0.7193141116414935
1571284800,89.87795,90.266194,89.87795,90.266194,91.13973734999983,93.76288496073195,88.51658973926772,17,0.3334932913371143
1571716800,93.080948,93.178007,92.207403,93.178007,91.29018089999984,94.01650912269007,88.56385267730961,12505,0.8462213544738435
1571889600,92.304461,93.178007,92.207403,93.178007,91.29018089999984,94.01650912269007,88.56385267730961,4241,0.8462213544738435
1571976000,92.304461,92.304461,92.207403,92.207403,91.24165069999984,93.86442149745079,88.61887990254888,3336,0.6841091682389416
1572235200,92.207403,92.207403,92.207403,92.207403,91.29018094999984,93.94650109383707,88.6338608061626,248,0.6726490031949186
1572321600,93.954493,94.051553,92.207403,92.207403,91.40665359999984,94.00879756226067,88.80450963773902,529,0.6538633933428573
1572408000,92.207403,93.178007,92.207403,93.178007,91.55224424999984,94.20813875177366,88.89634974822603,129,0.8060668917598829
1572494400,93.178007,93.178007,92.207403,92.207403,91.67356979999984,94.21388570300206,89.13325389699762,4089,0.6050722076276536
1572580800,93.178007,93.178007,92.207403,92.207403,91.79004244999985,94.20066205045657,89.37942284954312,7640,0.5865670697112642
1572840000,93.178007,93.178007,92.207403,92.207403,91.90651509999984,94.15605767652553,89.65697252347414,822,0.5668775739432477
1573012800,92.207403,93.178007,92.207403,92.207403,92.02298774999984,94.07268766059396,89.97328783940573,28389,0.544985914534851
1573099200,88.324986,88.324986,88.324986,88.324986,91.94533954999983,94.39318732926691,89.49749177073275,60,-0.239497280154369
1573531200,91.236798,91.236798,89.29559,89.29559,91.84827914999984,94.54236604083961,89.15419225916007,4702,0.02624223838524002
1573617600,91.13974,91.13974,89.29559,89.29559,91.82401404999983,94.599653696783,89.04837440321667,4276,0.0445330857465316
1573790400,92.110344,92.692705,91.625042,92.207403,91.77548384999984,94.48795371401808,89.06301398598161,11876,0.579617317731286
1574049600,94.051553,94.051553,92.207403,93.178007,91.87254429999984,94.63934526639527,89.10574333360442,11220,0.7359155421470198
1574136000,93.663309,99.001632,92.207403,94.24567,91.97445764999983,94.92700931116187,89.0219059888378,233159,0.8846185622889813
1574222400,97.060424,97.933968,97.060424,97.933968,92.21225569999983,96.12439273444508,88.30011866555458,20605,1.2312770807390077
1574308800,95.701576,98.807511,95.701576,98.031028,92.50343694999984,97.16576336510377,87.8411105348959,2076,1.0927932278715138
1574395200,96.08982,96.963365,95.701576,96.963365,92.73638214999984,97.78519459379903,87.68756970620065,412,0.9186115940186701
1574654400,95.701576,95.701576,93.178007,93.275065,92.88682569999983,97.80999987821264,87.96365152178703,4980,0.5394297749730543
1574740800,95.313333,97.060424,93.663309,97.060424,93.08094654999984,98.33011216135695,87.83178093864272,15440,0.8790580965277747
1574827200,96.963365,96.963365,95.604517,95.604517,93.20227204999983,98.56572779463724,87.83881630536243,72,0.7239456298676489
1574913600,97.060424,97.060424,96.08982,96.08982,93.39639289999984,98.88142340624522,87.91136239375446,4399,0.7455252616127993
1575259200,97.060424,99.001632,97.060424,98.031028,93.68757414999983,99.49787901967846,87.8772692803212,73100,0.8737715961056283
1575345600,98.904572,105.698802,97.351605,102.010505,94.17772924999983,100.97586788130977,87.37959061868989,360997,1.076097088835835
1575432000,104.339956,104.339956,101.913445,103.854653,94.71156154999983,102.68673947213033,86.73638362786933,82702,1.0732217850982861
1575604800,105.31056,105.795862,103.854653,104.825258,95.34245429999984,104.3543669388055,86.33054166119419,29594,1.0261260333997708
1575864000,103.854653,103.854653,102.884049,103.854653,95.92481679999983,105.53646499865825,86.31316860134142,61172,0.912511779254832
1575950400,102.689928,106.281164,101.913445,101.913445,96.41011889999983,106.20045132812518,86.61978647187448,13094,0.7810592051088269
1576036800,101.913445,105.698802,101.913445,105.698802,97.08468884999982,107.4651413036579,86.70423639634174,1318,0.9149199270675604
1576209600,102.884049,103.369351,102.884049,103.369351,97.83690709999983,107.73859285667699,87.93522134332268,14159,0.7793687881010253
1576555200,101.039901,101.816385,100.942841,101.816385,98.46294684999984,107.68531677645667,89.240576923543,5959,0.6818099998558897
1576641600,97.254545,99.972237,97.254545,98.031028,98.89971874999983,107.11666786420639,90.68276963579328,1259,0.4471403109642045
1576728000,98.128088,101.816385,98.128088,101.816385,99.38016784999982,107.08334237599537,91.67699332400427,207,0.6581307253119337
1576814400,98.225149,98.225149,98.225149,98.225149,99.63252494999982,106.8198481806037,92.44520171939594,1421,0.40209317816630535
1577073600,98.225149,101.719324,98.225149,99.001632,99.87032304999983,106.63104693196138,93.10959916803827,16717,0.4357545830027462
1577332800,98.322209,100.942841,98.322209,100.942841,100.02076669999983,106.73619810948543,93.30533529051422,6181,0.5686533927438927
1577419200,101.719324,101.719324,100.942841,100.942841,100.16635734999984,106.8289743020779,93.50374039792179,2550,0.5582716712956143
1577937600,99.583995,99.583995,99.486934,99.486934,100.29253579999984,106.80155046153007,93.78352113846961,3386,0.4381164552631041
1578283200,99.486934,100.942841,99.486934,99.486934,100.60312924999984,106.28311325222614,94.92314524777353,10770,0.40174309913880624
1578456000,99.486934,99.486934,99.001632,99.001632,100.70018964999983,106.19812944334392,95.20224985665574,10200,0.34552780551942985
1578542400,101.913445,102.301687,100.942841,102.301687,101.03504814999982,106.04489883763259,96.02519746236706,11641,0.6264148303987364
1578888000,101.913445,101.913445,101.913445,101.913445,101.32622939999983,105.80090455525581,96.85155424474385,11337,0.565615444655286
1578974400,102.301687,102.301687,99.972237,101.913445,101.52035024999982,105.73571264323596,97.30498785676369,15289,0.5466264478981598
1579147200,101.913445,102.398747,101.816385,101.913445,101.51549724999983,105.72881426401304,97.30218023598661,42974,0.5472249950189628
1579233600,101.913445,103.369351,101.913445,102.884049,101.46696704999984,105.59284591313269,97.34108818686698,15600,0.67173092049098
1579492800,102.884049,102.884049,101.913445,102.786989,101.36505359999983,105.24760417363397,97.48250302636568,6577,0.6831187222204319
1579579200,101.913445,101.913445,101.913445,101.913445,101.26799319999984,104.99049795659084,97.54548844340883,64766,0.5866958999659212
1579665600,101.913445,102.786989,101.913445,102.010505,101.27284619999982,104.99895551211382,97.54673688788581,212348,0.5989851260672846
1579838400,102.786989,102.786989,101.913445,101.913445,101.08357834999984,104.23077674626357,97.93637995373611,155,0.6318421252033795
1580097600,101.913445,103.951714,101.913445,101.913445,101.01078304999984,104.0068547334687,98.01471136653099,31320,0.6506409133968131
1580184000,100.166357,102.786989,99.972237,102.786989,101.05931324999985,104.1363584927975,97.9822680072022,20796,0.7807361630518885
1580270400,101.913445,102.786989,101.913445,101.913445,101.25343409999985,104.01554954052904,98.49131865947066,15597,0.6194756182735244
1580443200,101.913445,102.786989,101.913445,102.786989,101.30196429999985,104.13513149744082,98.46879710255888,709144,0.7620785496425142
1580875200,101.913445,102.398747,101.913445,101.913445,101.48637909999985,103.9505674747082,99.02219072529151,100463,0.5866544750359621
1580961600,101.913445,101.913445,101.913445,101.913445,101.63196974999985,103.8203758418789,99.44356365812081,1823,0.5643105617016577
1581307200,101.913445,102.398747,101.913445,101.913445,101.68049994999986,103.84857893338186,99.51242096661785,9704,0.5537215322379001
1581393600,100.457539,101.913445,100.457539,101.913445,101.72903014999986,103.87219843338147,99.58586186661825,15602,0.5430238846454833
1581480000,97.060424,97.060424,97.060424,97.060424,101.60770464999986,104.41627518155025,98.79913411844947,40,-0.3095364882094794
1581566400,97.060424,97.060424,97.060424,97.060424,101.48637914999986,104.81281982358567,98.15993847641406,56,-0.16526891417979395
1581912000,97.060424,97.060424,92.207403,97.060424,101.38931874999986,105.09209430192833,97.68654319807139,15196,-0.08454727937064666
1582084800,97.060424,97.060424,96.08982,96.08982,101.07872539999987,105.41175299132985,96.74569780866989,75,-0.07568354860954969
1582516800,94.148611,95.119215,93.178007,93.178007,100.64195349999986,106.15166930227203,95.13223769772769,1939,-0.17734405619630905
1582689600,95.119215,95.119215,92.207403,92.207403,100.15665139999986,106.73843580920474,93.57486699079497,8758,-0.10388246604389847
1582862400,92.401521,92.401521,92.207403,92.207403,99.67134929999987,107.04689394229976,92.29580465769999,6655,-0.00599289015166369
1583121600,92.207403,92.207403,92.207403,92.207403,99.13751699999987,107.03286766186713,91.24216633813262,3,0.061126902604165055
1583208000,92.401521,92.401521,89.489708,89.489708,98.47265294999987,107.22026403979226,89.72504186020748,170,-0.013451321611799918
1583294400,89.29559,89.29559,89.29559,89.29559,97.84176019999987,107.29715464029888,88.38636575970085,215,0.048079656858312926
1583467200,89.29559,89.29559,87.257323,87.354381,97.10895399999987,107.39378759952953,86.8241204004702,11912,0.025778764157839466
1583812800,84.927871,84.927871,79.589548,82.50136,96.13834974999986,107.97343510961998,84.30326439037974,17932,-0.07612553419038327
1583899200,87.354381,87.354381,82.695478,87.257323,95.40554364999986,107.53094708849332,83.28014021150639,325,0.16400208078304393
1583985600,83.957267,83.957267,83.471964,83.471964,94.43979239999986,107.12362558245306,81.75595921754666,184,0.06764535443541068
1584072000,82.50136,87.354381,82.50136,87.257323,93.70698629999985,106.27194080762995,81.14203179236976,4876,0.24334712887009316
1584590400,82.50136,82.50136,78.618943,78.618943,92.49858399999985,105.95509386037469,79.04207413962502,13530,-0.01572217254011015
1589256000,72.892376,77.551281,72.892376,77.551281,91.28047579999986,105.49662714766147,77.06432445233825,7,0.0171268768794392
1589342400,77.648339,77.648339,77.648339,77.648339,90.06722049999986,104.58500371207671,75.54943728792301,209,0.0722872659488051
1589428800,77.745398,77.745398,77.745398,77.745398,88.85881814999986,103.25409304832466,74.46354325167506,15,0.11399069387368373
1589774400,77.648339,82.50136,77.648339,80.560152,87.79115349999987,101.29497605934124,74.28733094065849,3961,0.2322609406253727
1589860800,79.589548,79.589548,79.589548,79.589548,86.91760969999986,100.16790403888909,73.66731536111062,159,0.22347551259702159
1590033600,79.589548,85.413173,79.589548,81.530756,86.14112629999985,98.7263118909031,73.5559407090966,2374,0.3168334401308989
1590465600,82.50136,82.50136,82.50136,82.50136,85.41317309999985,97.03516089053686,73.79118530946285,72,0.3747282671226544
1590638400,79.783665,81.530756,77.648339,80.560152,84.63668969999985,95.34047871489747,73.93290068510223,5720,0.3095750161776317
1590724800,77.939523,80.560152,77.648339,77.648339,83.86020629999986,94.2205143191141,73.49989828088562,10222,0.20020836791052582
1591070400,77.745398,79.201304,77.648339,77.648339,83.13225309999984,93.08205909440161,73.18244710559807,8113,0.2244210538835961
1591156800,77.745398,77.745398,76.677735,76.677735,82.35576969999985,91.76041882069944,72.95112057930027,24388,0.1981261806194062
1591588800,77.551281,77.551281,77.260095,77.260095,81.60840429999985,90.09341751820517,73.12339108179452,941,0.24376531961846745
1591675200,77.454221,77.648339,77.454221,77.648339,81.01633584999983,88.84619555173845,73.18647614826122,33219,0.2849261047901046
1591848000,77.648339,77.648339,77.648339,77.648339,80.43397329999985,87.39885586114887,73.46909073885082,451,0.30002288082081574
1591934400,76.871853,76.871853,76.192433,76.677735,79.90014099999983,86.27298479841049,73.52729720158918,2379,0.24717676268768096
1592280000,77.357155,77.357155,77.357155,77.357155,79.64293074999983,85.99026067132625,73.29560082867341,53,0.3199419457999307
1592366400,75.901248,77.357155,75.804189,77.065978,79.13336349999983,84.5168851381891,73.74984186181057,33677,0.30798948727777475
1592452800,76.677735,77.065978,76.289491,76.677735,78.79365204999984,83.88894607076917,73.6983580292305,542,0.2923655591438904
1592539200,76.289491,76.677735,76.192433,76.677735,78.26467264999982,81.64275200639692,74.88659329360273,1845,0.26511243778293286
1592798400,76.677735,76.677735,75.804189,76.192433,78.14334714999983,81.63423164644857,74.65246265355108,5488,0.22057022339403007
1592884800,75.901248,76.677735,75.707131,76.677735,78.09966984999983,81.64059332715338,74.55874637284627,126087,0.2992141232118802
1592971200,77.648339,80.366034,76.677735,79.589548,78.19673029999983,81.78889728113785,74.6045633188618,82585,0.6938687298382371
1593057600,77.648339,79.589548,77.648339,79.589548,78.28893779999983,81.92444365039172,74.65343194960793,17001,0.6788760977870472
1593144000,79.104245,79.104245,78.133641,78.716002,78.19673029999983,81.68781721867356,74.7056433813261,13236,0.5743710643843619
1593403200,79.589548,79.589548,78.618943,78.618943,78.14820004999983,81.5870852787903,74.70931482120936,13799,0.5684441205043855
1593489600,77.648339,78.618943,77.648339,78.618943,78.00260939999984,81.08435045033704,74.92086834966264,20095,0.5999976295757754
1593576000,78.424825,81.142512,78.424825,78.424825,77.79878264999982,80.10504550051456,75.49251979948508,1168,0.6357265824796268
1593662400,78.133641,78.133641,76.677735,77.648339,77.65319199999983,79.58025097863226,75.7261330213674,20023,0.49874082732971914
1593748800,76.774793,76.774793,74.736526,75.221828,77.53186644999982,79.7311795747233,75.33255332527635,121199,-0.025172705976160236
1594008000,75.610072,75.610072,75.221828,75.610072,77.42995309999984,79.78184138552152,75.07806481447815,15850,0.11310213771566154
1594094400,75.707131,75.707131,75.610072,75.707131,77.38142289999983,79.83140546524112,74.93144033475855,101671,0.1583053439331439
1594180800,75.513013,75.707131,75.513013,75.610072,77.29892174999983,79.86792574402119,74.72991775597848,4045,0.1713026227420899
1594267200,77.551281,77.551281,75.221828,75.221828,77.17759619999984,79.89409158400102,74.46110081599866,4713,0.140019966255354
1594353600,75.804189,76.483617,72.795318,72.795318,76.93494514999983,80.24256993687213,73.62732036312754,8430,-0.12577036646201462
1594612800,72.310016,77.454221,71.727655,71.824714,76.69229409999983,80.68159537610089,72.70299282389877,17245,-0.11007927994312237
1594699200,72.795318,77.260095,72.795318,77.260095,76.68744109999983,80.67373035621327,72.70115184378639,3081,0.5718279411243903
1594785600,74.736526,74.736526,72.795318,73.765922,76.52243829999983,80.70095419342073,72.34392240657894,13967,0.1701560589562448
1594872000,73.765922,74.154166,72.795318,74.057106,76.39140684999984,80.70441825328746,72.07839544671222,1867,0.2293885139950592
1594958400,76.192433,76.192433,73.668864,74.251224,76.27008129999983,80.6794880143951,71.86067458560456,16144,0.27107381664193886
1595217600,73.765922,76.483617,73.765922,75.707131,76.24581619999984,80.66200110883128,71.8296312911684,27488,0.4390101172029079
1595304000,75.707131,75.707131,74.251224,75.610072,76.19243304999983,80.61225357506537,71.7726125249343,713,0.43411937807234857
1595390400,75.610072,75.610072,75.610072,75.610072,75.99345924999984,80.13304885082356,71.85386964917613,60,0.45369260156567764
1595476800,74.736526,75.221828,74.736526,75.221828,75.77507324999985,79.5800889373366,71.9700575626631,2757,0.4273005296875555
1595563200,74.251224,74.251224,73.862981,73.96004,75.53727514999983,79.16784113791958,71.90670916208008,64914,0.28278384758080805
1595822400,74.736526,75.707131,74.736526,74.736526,75.34315429999984,78.69862479871092,71.98768380128875,463,0.409606074582855
1595908800,76.095374,76.095374,74.251224,74.251224,75.12476834999984,78.15143592502147,72.0981007749782,14022,0.3556920559745312
1595995200,74.639468,74.639468,72.795318,72.795318,74.84329299999983,77.62735408536494,72.05923191463472,28250,0.13219646817999683
1596168000,74.639468,75.318887,74.639468,74.736526,74.69770234999984,77.16647386709147,72.22893083290822,1075,0.5078629491897838
1596513600,75.415946,75.415946,74.736526,74.833585,74.67829019999984,77.13635381936649,72.22022658063318,3867,0.5315888487947632
1596686400,76.677735,76.677735,74.736526,74.736526,74.63461289999984,77.05566241370867,72.213563386291,9515,0.5210472977572521
1596772800,75.707131,75.707131,73.96004,74.736526,74.58608264999984,76.95759656482112,72.21456873517856,27910,0.5317188419304504
1597032000,75.707131,75.707131,73.862981,74.736526,74.54240534999983,76.86861755540774,72.21619314459191,5576,0.5417246220161872
1597118400,74.736526,75.513013,73.96004,75.513013,74.55696459999983,76.90355961237933,72.21036958762033,48198,0.7037097144919604
1597204800,75.02771,75.707131,73.765922,74.736526,74.65402499999983,76.85733931660263,72.45071068339703,6140,0.5187220224047219
1597291200,75.610072,77.260095,75.513013,77.260095,74.92579404999984,77.00340814641655,72.84817995358313,6753,1.061774430108597
1597377600,75.804189,75.804189,75.804189,75.804189,74.85299874999984,76.6859763994603,73.02002110053938,105,0.759465861539593
1597636800,75.707131,75.707131,75.221828,75.610072,74.94520624999984,76.73520149588458,73.1552110041151,2470,0.6857171831960754
1597723200,75.12477,75.221828,72.989436,73.765922,74.93064704999983,76.75373041527139,73.10756368472828,7032,0.18056176909212843
1597809600,73.765922,74.639468,73.474738,74.639468,74.95005924999984,76.75193592012579,73.14818257987389,17839,0.4138145092976493
1597896000,75.221828,75.610072,72.795318,72.892376,74.80932149999983,76.78409025147099,72.83455274852867,1197334,0.014640512067110749
1597982400,74.736526,77.551281,74.445342,77.065978,74.88211679999984,77.0658691756418,72.69836442435788,168022,1.0000249168265187
1598241600,77.065978,78.521885,75.901248,75.901248,74.89667559999984,77.10340814596289,72.68994305403679,54116,0.7276153496348936
1598328000,76.871853,76.968919,75.318887,76.483617,74.95976504999983,77.2698038374169,72.64972626258276,2638,0.8298325461677708
1598414400,76.483617,76.483617,73.765922,74.736526,74.99858934999983,77.26581827400818,72.73136042599148,6054,0.44220624410160586
1598500800,75.610072,76.386551,75.221828,76.386551,75.08109059999983,77.42302425348973,72.73915694650992,5151,0.778714215079236
1598587200,75.610072,75.707131,74.057106,75.707131,75.15388594999982,77.47855930063511,72.82921259936452,18075,0.6189941481131087
1598846400,75.083515,75.871796,73.9011,73.999633,75.21410169999983,77.34564899258277,73.0825544074169,66234,0.21512039535182562
1599019200,75.773263,77.349818,73.9011,74.393774,75.19696409999983,77.34900751694303,73.04492068305663,42235,0.31338896472156136
1599105600,74.886448,74.886448,73.9011,73.9011,75.15033984999984,77.37115939798785,72.92952030201182,37267,0.2187435036917775
1599192000,74.886448,74.886448,73.408426,73.9011,75.10856854999983,77.38956214025633,72.82757495974333,35253,0.23531960914803582
1599451200,73.9011,73.999633,73.9011,73.9011,75.06679724999984,77.40343272024673,72.73016177975295,28219,0.2505607389678396
1599537600,73.999633,75.674729,73.9011,75.674729,75.11370739999984,77.45958963381673,72.76782516618294,3511,0.6195758235244707
1599624000,73.999633,75.871796,73.9011,75.871796,75.13164654999983,77.4948915383978,72.76840156160186,10939,0.6565960054149779
1599710400,75.773263,75.773263,74.393774,74.393774,75.11450894999983,77.4938826524796,72.73513524752006,41331,0.348545239184435
1599796800,74.492307,75.379122,73.9011,75.379122,75.02046029999983,77.19286328642848,72.84805731357118,16238,0.5825495320713483
1600056000,74.098167,75.576189,73.9011,73.9011,74.92530584999983,77.11867417730447,72.73193752269519,44038,0.26652214832096977
1600142400,74.196707,74.196707,73.9011,73.9011,74.83985724999982,77.05292691787133,72.62678758212832,178450,0.28790607823415143
1600228800,75.576189,78.82784,73.999633,78.82784,75.09295314999983,77.84823555205739,72.33767074794227,210774,1.1777684289659505
1600315200,78.82784,80.700003,78.630773,79.813188,75.35163914999984,78.77784710928489,71.92543119071479,81623,1.1510913673394114
1600401600,79.911721,80.700003,79.813188,79.813188,75.69767974999984,79.44353254647721,71.95182695352246,16978,1.0493419621121267
1600660800,80.700003,80.700003,78.82784,80.108795,75.84982059999984,80.02785427021838,71.6717869297813,15162,1.009686462121951
1600747200,80.502929,81.29121,79.813188,79.813188,76.04541759999985,80.56692839594267,71.52390680405703,70993,0.9166494972632812
1600833600,80.305862,81.29121,79.419047,79.517581,76.19711579999985,80.9641684003731,71.4300631996266,17963,0.8482723475444947
1600920000,79.517581,79.517581,76.857144,77.349818,76.32778039999985,81.07073069528572,71.58483010471399,68994,0.6077428115803759
1601006400,79.221981,79.221981,77.546885,77.842492,76.40057744999986,81.1893726336704,71.61178226632931,6512,0.6505508687150541
1601265600,77.941025,78.729307,77.842492,78.729307,76.55168624999985,81.43324814154708,71.67012435845261,83146,0.7230454922399797
1601352000,78.82784,80.207329,78.335166,78.926373,76.79802324999986,81.63663370184275,71.95941279815696,419790,0.7199339842691314
1601438400,78.926373,80.798536,78.926373,78.926373,77.02465319999985,81.81595763701701,72.23334876298269,196110,0.6984553293365838
1601611200,79.616121,80.798536,79.320514,79.813188,77.32025759999985,82.0331058588027,72.607409341197,108740,0.7644823536747392
1601870400,78.82784,78.82784,71.930404,72.915752,77.27099019999986,82.14367280622827,72.39830759377145,113747,0.05309646123545333
1601956800,71.43773,75.871796,71.43773,72.915752,77.22172279999985,82.24722920612147,72.19621639387823,6282,0.07158836821352897
1602043200,72.915752,73.999633,72.915752,73.506959,77.11333429999985,82.35642293407363,71.87024566592606,37086,0.1560829358707822
1602129600,72.915752,76.463003,72.915752,75.871796,77.11333429999985,82.35642293407363,71.87024566592606,12483,0.38160239253525713
1602216000,76.758611,76.857144,75.970329,75.970329,77.19216204999985,82.31536551523268,72.06895858476702,126400,0.38075497505696704
1602475200,75.871796,77.054211,75.477655,75.871796,77.21679574999986,82.3095393058922,72.12405219410752,526311,0.3679493935598148
1602561600,76.167403,76.167403,75.083515,75.379122,77.29069684999986,82.22940444781649,72.35198925218323,2137,0.3064701329103833
1602648000,75.871796,75.871796,74.886448,74.886448,77.33996424999987,82.16068336392428,72.51924513607545,15696,0.24552383243891943
1602734400,77.251285,80.798536,75.970329,79.813188,77.38923164999986,82.28925572775441,72.4892075722453,134522,0.7473412693015709
1602820800,80.798536,90.652016,80.798536,90.652016,77.93117304999987,85.47044429488896,70.39190180511078,1316818,1.343638764066464
1603080000,91.243223,95.480223,89.173994,89.666668,78.42384704999986,87.518112963904,69.32958113609573,480625,1.1181269085617507
1603166400,90.652016,91.637364,84.739928,86.907691,78.76379184999988,88.56535980412605,68.9622238958737,108384,0.915438590443674
1603252800,86.710624,87.695972,78.039559,78.82784,78.71452444999986,88.50439672851985,68.92465217147986,386315,0.5057873865345907
1603339200,78.138099,81.783884,78.138099,81.192677,78.79827924999987,88.64270954389448,68.95384895610525,48581,0.6216117986779343
1603425600,85.626743,85.626743,78.82784,80.798536,78.97071514999986,88.82842627721168,69.11300402278805,128816,0.5927102055645813
1603684800,78.82784,80.798536,77.054211,78.82784,79.01998254999987,88.86448684057734,69.17547825942239,114550,0.4902411261995295
1603771200,79.813188,79.813188,77.842492,77.842492,78.97564179999986,88.8329638837481,69.11831971625162,45901,0.44252243203719127
1603857600,80.601469,80.601469,75.871796,77.743959,78.91652109999987,88.78848851562226,69.04455368437748,117085,0.4406115290583169
1603944000,79.517581,80.798536,77.941025,80.700003,79.00520259999986,88.90774899710819,69.10265620289154,65458,0.5855739691608532
1604289600,80.700003,80.700003,78.433699,78.729307,78.95100854999986,88.84713570974071,69.054881390259,19288,0.4887985700657844
1604376000,78.532233,79.813188,77.842492,78.926373,79.25153959999986,88.75350330077804,69.74957589922168,31894,0.4828895052517812
1604462400,78.926373,80.305862,78.926373,80.305862,79.62104509999986,88.67284354864789,70.56924665135183,5930,0.5378276705941474
1604548800,80.700003,81.685351,78.82784,81.586817,80.02503799999987,88.66093147820261,71.38914452179712,58085,0.5904237068198043
1604635200,80.798536,84.641395,80.798536,83.951647,80.42903054999988,89.00571895932796,71.8523421406718,206964,0.7053599409166412
1604894400,84.739928,85.429669,81.783884,83.261906,80.79360939999988,89.19937800732406,72.3878407926757,55897,0.6468215885605881
1604980800,83.75458,84.641395,81.389743,82.276558,81.11384749999988,89.22813822675336,72.9995567732464,28900,0.5716458492278669
1605067200,85.232602,87.203298,82.769232,84.641395,81.57696114999989,89.38049368007157,73.77342861992821,114125,0.6963491430445774
1605153600,84.247254,84.247254,81.29121,83.360439,82.00066069999988,89.2020911217588,74.79923027824097,23425,0.5944102921477645
1605240000,81.783884,82.276558,81.783884,81.980951,82.10904884999988,89.24043570579461,74.97766199420515,17373,0.49101872801250523
1605499200,82.276558,82.670699,80.798536,81.882417,81.67056889999989,87.62887693791433,75.71226086208546,26294,0.517777538409567
1605585600,80.700003,82.670699,80.502929,81.586817,81.2665763499999,85.96364750824297,76.56950519175682,16066,0.5340893973298764
1605672000,81.29121,81.783884,81.29121,81.783884,81.0103859999999,84.94599650231397,77.07477549768582,15736,0.5982691248975601
1605758400,80.897069,83.064839,80.798536,80.897069,81.1138474499999,84.92121920482695,77.30647569517284,13647,0.4715317463122616
1605844800,81.783884,82.178025,81.192677,81.783884,81.14340779999989,84.96193256728436,77.32488303271542,3059,0.5838643506371154
1606104000,81.29121,81.586817,80.798536,81.586817,81.1828218499999,85.00256694110914,77.36307675889066,8782,0.5528824751866859
1606190400,80.897069,81.882417,80.897069,81.882417,81.3355506999999,85.00785881977664,77.66324258022316,69804,0.5744581176420118
1606276800,80.897069,83.656047,80.897069,83.557513,81.6213017499999,85.042758128864,78.19984537113581,46561,0.7829513276803651
1606363200,83.75458,83.75458,82.276558,82.769232,81.8725653999999,84.82394160048719,78.92118919951261,10051,0.651906524124586
1606449600,82.769232,82.769232,82.178025,82.670699,81.97110019999991,84.89072483030085,79.05147556969897,11503,0.6198097167593728
1606708800,82.670699,83.656047,81.783884,81.783884,82.12382904999991,84.64098397692993,79.6066741230699,119257,0.43247434904324367
1606795200,82.769232,82.769232,81.98095064,82.769232,82.3159719999999,84.3719285239739,80.2600154760259,14002.15964309,0.6102309301570209
1606881600,83.65604717,83.65604717,82.57216536,82.769232,82.43914049999991,84.28284757922916,80.59543342077066,6432.24525751,0.5895184228880022
1606968000,82.47362464,83.45897264,82.276558,82.769232,82.49826124999991,84.30429994051018,80.69222255948965,107169.24375957,0.575017980352218
1607054400,82.769232,83.261906,82.57216536,82.57216536,82.4292871679999,84.1089813042969,80.7495930317029,96425.83127991,0.542531014698629
1607313600,82.769232,83.75458,82.769232,82.96629864,82.41450679999991,84.06965754682906,80.75935605317076,101920.33677442,0.6666893003725448
1607400000,83.65604717,87.695972,82.96629864,86.31648283,82.61650304149991,84.98664891925924,80.24635716374058,230587.56906189,1.2805384097281702
1607486400,87.40036464,88.68132,85.52820936,87.59743917,82.76430524999992,85.87430797749492,79.65430252250492,59684.49725376,1.2770304953868965
1607572800,87.59743917,87.59743917,84.54286136,84.54286136,82.82342636799993,86.02025495526382,79.62659778073603,8062.12627417,0.7689282432674482
1607918400,84.44432064,85.52820936,84.44432064,84.739928,82.96137521799992,86.23799485223381,79.68475558376602,22541.27475775,0.7714005561429673
1608004800,85.232602,85.62674317,84.247254,84.739928,83.10425076799991,86.42906690859009,79.77943462740974,7434.93669242,0.7459801027839317
1608091200,84.83846083,85.62674317,84.64139517,84.83846083,83.26683295949991,86.59694502255951,79.9367208964403,15202.7507033,0.7359722196640032
1608177600,84.44432064,84.44432064,83.85311283,84.44432064,83.3998547914999,86.6947500926643,80.10495949033552,2566.60590979,0.6584975777729554
1608523200,82.769232,85.52820936,82.769232,83.75458,83.5427303414999,86.63256205302895,80.45289862997086,49282.08105157,0.5342817470785914
1608609600,82.769232,84.64139517,81.29121,81.29121,83.51809664149991,86.67084043189766,80.36535285110216,42580.89527761,0.14683355363631395
1608696000,81.68535117,82.769232,81.29121,81.783884,83.52794999149991,86.65763616431744,80.39826381868238,13493.70983652,0.22136727211696797
1608782400,81.98095064,82.86776483,81.98095064,82.276558,83.5476570414999,86.6403941281446,80.4549199548552,4902.83635832,0.29450257071820507
1609128000,82.37509083,82.769232,82.276558,82.37509083,83.4885359329999,86.62318174095233,80.35389012504746,5512.77315223,0.3223969833888192
1609300800,82.37509083,85.03553536,82.37509083,82.769232,83.4885359329999,86.62318174095233,80.35389012504746,9393.63554805,0.38526551689268135
1609387200,82.37509083,82.37509083,81.48827664,81.68535117,83.4392685414999,86.65373876938392,80.22479831361588,25004.36394046,0.22718406966636606
1609732800,84.739928,84.739928,81.68535117,81.68535117,83.43434189999991,86.65923064101611,80.2094531589837,22870.09259673,0.22882929141785288
1609819200,82.37509083,83.36043883,82.276558,82.37509083,83.4146348414999,86.66029074583648,80.16897893716333,76888.57134738,0.33985609655802584
1609905600,82.57216536,82.769232,82.07949136,82.276558,83.39000114149991,86.66224651532417,80.11775576767565,18941.53131685,0.32986557939592454
1609992000,82.37509083,83.75458,82.276558,82.276558,83.3653674414999,86.66325203170122,80.06748285129858,21566.9996793,0.3349230526842909
1610337600,84.739928,84.739928,82.17802517,82.37509083,83.35551371499992,86.66398013187766,80.04704729812217,10779.94779509,0.35183121702574954
1610424000,82.07949136,82.57216536,81.783884,81.783884,83.2963929829999,86.67214109343392,79.92064487256589,11803.95149734,0.27597425318480856
1610510400,81.783884,83.75458,81.29121,81.783884,83.06976304149991,86.20402195414466,79.93550412885516,68551.41533753,0.29486713169862877
1610683200,83.16337317,83.75458,81.58681736,81.783884,82.77908528299992,85.16997035997493,80.3882002060249,98035.4148991,0.2918759683215178
1610942400,83.75458,88.68132,83.65604717,85.232602,82.81357231499992,85.32222567406704,80.30491895593279,196035.30935263,0.9821370948395259
1611028800,86.21795,87.59743917,84.247254,85.82380883,82.86776635649991,85.57917359807193,80.1563591149279,796448.56436508,1.0451122258909062
1611115200,87.203298,94.593408,87.203298,89.666668,83.11410335649992,87.07049267342524,79.15771403957461,823271.57511864,1.3280990719831853
1611201600,91.637364,94.593408,88.68132,90.25787483,83.38507405649992,88.38220607195521,78.38794204104462,619669.39599005,1.187674525332097
1611288000,92.622712,102.476192,91.637364,98.781137,84.10191487449993,92.47444349574629,75.72938625325357,1601573.25127772,1.3766301549719206
1611547200,103.46154,113.068683,102.476192,105.185899,85.17348082449992,97.59881664252347,72.74814500647636,1315372.84289408,1.3053069336955505
1611633600,105.432236,107.895606,103.954214,105.432236,86.38053212449992,101.46794759993978,71.29311664906007,342189.76442841,1.1313773192802146
1611720000,104.446888,113.068683,103.215203,113.068683,87.94477207449992,106.81454589080286,69.07499825819698,1314216.9061083,1.1657183909590305
1611892800,115.285716,133.02198,113.31502,115.285716,89.59522997449992,111.69165573859908,67.49880421040075,1172853.65170478,1.0813267335579746
1612152000,119.227108,126.617218,111.344324,125.139196,91.73343523299992,118.42075369982285,65.046116766177,2011234.60949837,1.1258733114855537
1612238400,125.139196,129.080588,106.417584,108.38828,93.01438763299991,120.31008314836343,65.7186921176364,890576.73025165,0.7816175238756383
1612324800,113.31502,120.212456,110.358976,119.227108,94.89147547449991,123.92099643128311,65.86195451771671,899652.71152933,0.919153188261856
1612497600,121.197804,123.1685,117.010075,117.995423,96.70697906599992,126.7304200453473,66.68353808665253,856959.16569577,0.8545303809220942
1612756800,119.227108,121.444141,113.068683,115.285716,98.35251032449992,128.65975706319713,68.0452635858027,1181352.1720245,0.7793590229672569
1612843200,113.31502,115.285716,103.46154,111.344324,99.80589862449992,129.67477959727523,69.93701765172462,287906.4046408,0.6931512832036969
1612929600,110.85165,112.329672,104.939562,106.417584,101.0129499244999,129.88524597724697,72.14065387175285,191039.10496596,0.5935955018199163
1613016000,105.432236,107.402932,86.21795,106.910258,102.23970828299991,129.89963281758705,74.57978374841278,266298.81016656,0.5844280994179835
1613102400,103.46154,110.358976,103.46154,108.38828,103.56992808299992,129.6824983089702,77.45735785702965,173975.08291487,0.5922611576590032
1613361600,107.402932,108.38828,98.5348,101.490844,104.55527608299992,128.71973047057844,80.39082169542141,120684.26586343,0.4365921523852993
1613448000,101.490844,101.490844,94.88901536,97.056778,105.31892078299992,127.43512475562177,83.20271681037808,45935.04020914,0.3132106487797855
1613534400,96.07143,96.564104,90.652016,96.564104,105.88549588299993,126.4398086108234,85.33118315517646,48513.82455742,0.27324973093403476
1613620800,96.564104,98.5348,94.593408,96.564104,106.42251064149994,125.34893777803487,87.49608350496501,19796.05175024,0.2395597549822383
1613707200,98.042126,98.042126,94.593408,96.26849664,106.75260207349993,124.70372878699203,88.80147536000783,18455.4086475,0.20798196679153125
1613966400,97.35238536,97.35238536,91.637364,91.637364,106.82157653199992,124.52758679451723,89.11556626948261,22179.98108283,0.07121304272188028
1614052800,92.622712,93.60806,88.68132,90.652016,106.41512048199994,125.18219743394144,87.64804353005843,36073.54964946,0.08003304077758375
1614139200,93.115386,93.115386,88.68132,88.87838664,105.59974486399994,125.86668931561948,85.33280041238041,17334.99230729,0.08747214549493339
1614225600,88.77985283,91.14469,88.68132,88.87838664,104.77205239599994,126.31094490341223,83.23315988858764,56753.55305943,0.1310472845683603
1614571200,91.93297136,92.03150517,89.666668,89.96227536,103.61673201399995,125.72292827208456,81.51053575591534,18555.88076497,0.19116223129055324
1614657600,88.77985283,90.06080917,86.90769064,88.188646,102.26187851399995,124.66084123848964,79.86291578951025,57021.478706,0.1858507983806521
1614744000,87.30183083,87.30183083,83.75458,83.95164664,100.20250104599995,121.34790187206919,79.05710021993072,54939.98059569,0.11573548452283342
1614830400,84.739928,87.00623136,81.88241683,84.64139517,99.01515680449995,120.844427028305,77.1858865806949,164469.81168075,0.1707686173854494
1614916800,83.75458,84.64139517,81.29121,83.65604717,97.23660376299995,117.95712234592305,76.51608518007684,275145.43085286,0.17229206791686136
1615176000,83.75458,88.48425336,82.769232,86.21795,95.64773011299995,114.55112249028203,76.74433773571788,133822.77124427,0.25057968631247973
1615262400,86.710624,89.173994,83.75458,83.75458,94.07117331299995,111.3499297490821,76.7924168769178,122655.14315754,0.20146597785658799
1615348800,87.59743917,87.59743917,83.75458,83.75458,92.69168611299995,108.58374566560654,76.79962656039335,138076.09088363,0.2188185054487136
1615521600,83.85311283,84.739928,83.36043883,83.55751336,91.54868258099995,106.59322632092112,76.50413884107878,216291.09715552,0.23441636519042008
1615780800,83.75458,83.75458,82.07949136,82.07949136,90.30714424899995,104.12416792374069,76.49012057425921,10630.76192371,0.20226392156940687
1615867200,82.07949136,83.65604717,81.783884,83.261906,89.05082554899995,100.41473239973915,77.68691869826075,13531.26002184,0.2452936025860068
1615953600,82.276558,82.769232,81.29121,81.38974283,88.04577049049995,98.33583667605194,77.75570430494795,10439.96638751,0.17657993930857824
1616040000,81.38974283,81.783884,78.82784,79.813188,87.18359099049994,97.19495851784077,77.1722234631591,78491.05087746,0.13189829109901707
1616126400,79.813188,81.783884,79.813188,79.91172083,86.35097183199994,95.86052888672336,76.84141477727653,64668.52320196,0.16143265322744133
1616385600,80.798536,81.68535117,79.813188,80.50292864,85.54791306399994,94.14037312712995,76.95545300086994,20246.65397403,0.20642956807865598
1616472000,81.783884,81.783884,79.813188,80.01025464,84.73500096399995,92.10616202107546,77.36383990692444,145423.74876693,0.1795113899007328
1616558400,81.68535117,83.16337317,80.798536,82.769232,84.29159436399996,90.9842697711494,77.59891895685053,23676.91414607,0.38626653233670205
1616644800,83.16337317,83.261906,82.07949136,82.07949136,83.86296813199996,89.94118411869803,77.7847521453019,1441.11522021,0.3532894540188252
1616731200,82.96629864,83.16337317,80.798536,82.67069917,83.55258375849995,89.19286497818952,77.91230253881038,66271.00273203,0.42182264020618454
1616990400,81.58681736,82.57216536,80.60146936,80.798536,83.14859122649996,88.34513362681093,77.95204882618899,58552.91734494,0.27388280076774435
1617076800,81.783884,81.783884,80.60146936,80.60146936,82.68055092649996,86.93967216155227,78.42142969144766,10337.4645303,0.25592599367807933
1617163200,80.798536,82.07949136,78.82784,78.82784,82.21251062649996,85.97611539242126,78.44890586057866,15436.17077418,0.05034191459907086
1617249600,81.783884,81.783884,80.305862,80.798536,82.05485509449997,85.7777902001878,78.33191998881215,2346.37914727,0.3312730333949962
1617595200,80.305862,82.769232,80.305862,81.783884,81.91197953599996,85.44117763963294,78.38278143236698,23444.50894506,0.4818520337710571
1617681600,80.89706883,81.783884,79.813188,80.798536,81.76910397749995,85.23510779645363,78.30310015854627,65746.31500749,0.3599874627672872
1617768000,81.98095064,82.769232,80.798536,82.47362464,81.58188770949997,84.41275443814808,78.75102098085185,35293.11471683,0.6575024570170918
1617854400,82.67069917,82.769232,82.276558,82.769232,81.53262030949996,84.24222106672492,78.823019552275,36348.57938515,0.7281907560002524
1617940800,82.769232,89.666668,82.67069917,85.725276,81.63115510949996,84.76665366808587,78.49565655091405,410459.04594113,1.1528660138096924
1618200000,88.58278717,89.173994,86.21795,88.77985283,81.89227208299995,86.25543922550753,77.52910494049237,116441.09492281,1.2892868324821551
1618459200,89.56813517,94.100734,89.56813517,91.24322283,82.35045865649995,88.32360971201055,76.37730760098935,157875.18724349,1.2443947165287172
1618545600,91.637364,91.637364,86.710624,90.55348317,82.71503751499995,89.67482469116494,75.75525033883495,288105.31913598,1.0631239473704155
1618804800,88.28717883,89.666668,86.80915683,88.58278717,83.07468973199994,90.45412430865159,75.69525515534829,30930.18913115,0.87320592660497
1618891200,88.58278717,88.58278717,83.75458,85.725276,83.37029413199994,90.67674125964949,76.0638470043504,37618.18159676,0.6611577985070317
1618977600,83.95164664,85.725276,83.75458,84.739928,83.61170449049995,90.76250076180983,76.46090821919006,21910.02569651,0.5788879634304972
1619064000,84.247254,84.247254,83.65604717,83.75458,83.77428705849994,90.78137919237642,76.76719492462345,62280.53438988,0.4985937776952684
1619150400,83.65604717,83.75458,81.98095064,82.276558,83.88760222649995,90.71863650546958,77.05656794753033,8768.47570604,0.3820790409836033
1619496000,81.783884,81.783884,78.82784,80.70000317,83.78414078499995,90.74131114350409,76.8269704264958,49505.35242371,0.2783482755147694
1619582400,80.60146936,82.769232,80.60146936,81.783884,83.76936041699994,90.74219234304704,76.79652849095285,13140.53512059,0.35762768713934046
1619668800,81.783884,82.769232,81.38974283,82.37509083,83.75457999999995,90.73790996894064,76.77125003105925,3816.9255938,0.40122984477782037
1620014400,79.91172083,81.98095064,79.91172083,80.20732917,83.72501965849995,90.76294269474771,76.68709662225218,2046.99253462,0.2500902986305322
1620100800,81.68535117,81.68535117,80.798536,80.798536,83.73487299049995,90.75580742537221,76.71393855562769,421.17099745,0.2908870238186908
1620187200,80.798536,81.09414336,80.305862,80.798536,83.83340779049993,90.62776606350293,77.03904951749693,7068.56866813,0.2766623668817387
1620273600,80.798536,80.798536,79.41904683,80.70000317,83.82848114899994,90.63177173524785,77.02519056275203,10324.27122194,0.270076116892331
1620360000,80.70000317,81.58681736,79.813188,81.38974283,83.80877409049994,90.6378752572487,76.97967292375118,4333.49435935,0.322888019855503
1620619200,80.305862,80.305862,79.12344736,79.12344736,83.72501965849993,90.73834370407059,76.71169561292928,55569.19991719,0.17194070396575312
1620705600,79.12344736,79.813188,78.63077336,78.82784,83.54273042649994,90.85963363310489,76.225827219895,75912.26652919,0.17780833684913105
1620792000,79.813188,81.29121,78.82784,78.92637283,83.35058746799993,90.93556527926751,75.76560965673235,58013.0065723,0.20835678441750358
1620878400,79.813188,79.813188,78.72930717,78.82784,83.00571566799994,90.75293206943932,75.25849926656055,39782.89903669,0.230362787644365
1621224000,78.82784,81.29121,78.82784,81.29121,82.63128352649993,89.93733158276054,75.32523547023932,26911.30443255,0.4082901237316936
1621310400,82.17802517,82.769232,79.61612136,79.91172083,82.06470842649993,88.28888816066811,75.84052869233176,41336.66481284,0.32704647933920283
1621396800,81.29121,82.276558,80.305862,82.276558,81.65086216799993,86.51424115587612,76.78748318012374,6948.81402307,0.5643272746746496
1621483200,80.305862,80.798536,78.92637283,79.320514,81.18774850949993,84.96535963388854,77.41013738511131,12455.49795605,0.25285511821943757
1621569600,80.305862,80.70000317,79.12344736,80.70000317,80.93648486799994,84.0904601524259,77.78250958357397,50199.52341711,0.4625105340603557
1621828800,80.798536,81.783884,79.813188,80.305862,80.71478156799995,83.34864788778526,78.08091524821464,132982.45898911,0.42237275579854106
1621915200,81.783884,82.57216536,81.29121,82.276558,80.64088046799993,82.99781927150208,78.28394166449779,35062.73925557,0.8469919391987663
1622174400,82.769232,85.52820936,82.57216536,85.03553536,80.77882933599993,83.74641271123076,77.8112459607691,188225.88567694,1.2172007464944372
1622433600,84.83846083,85.725276,83.06483936,83.95164664,80.94141150949994,84.21447283682065,77.66835018217924,12608.74330693,0.95985009589848
1622520000,83.95164664,85.42966864,83.06483936,84.64139517,81.08428706799994,84.72122267228082,77.44735146371906,15181.43843596,0.9890254446371198
1622606400,83.75458,86.710624,83.06483936,86.21795,81.27643002649994,85.5211077613999,77.03175229159997,60275.15152007,1.0820842337299985
1622692800,86.21795,87.203298,83.75458,86.31648283,81.58188770949994,86.32487227756273,76.83890314143714,179791.30215924,0.9991155940481837
1622779200,86.710624,87.695972,85.92234264,87.10476517,81.89719916799994,87.19587112029348,76.59852721570641,47170.13684505,0.9914029448214805
1623038400,86.90769064,103.215203,86.90769064,98.781137,82.79632921799994,91.83038944928025,73.76226898671963,1224506.46878057,1.3846967682733002
1623124800,101.490844,101.490844,94.98754917,96.07143,83.56490055949993,94.2240834648192,72.90571765418066,158101.50322526,1.0866551663288806
1623211200,95.578756,97.549452,93.60806,95.87436336,84.28913158599994,96.15835441429849,72.41990875770139,57560.37460877,0.9880366617761446
1623297600,96.564104,96.564104,93.60806,93.60806,85.01336221799995,97.29391746468905,72.73280697131086,29672.76535803,0.8499311557723427
1623384000,93.70659283,95.38168936,92.91831936,93.70659283,85.75729985949995,98.24972072104768,73.26487899795222,72255.69037538,0.8181646319236794
1623643200,94.593408,94.593408,89.666668,94.100734,86.51601791799995,99.09966732696579,73.9323685090341,32321.57572756,0.8013718769292775
1623729600,94.100734,94.593408,93.70659283,94.593408,87.30429631799994,99.83784853880844,74.77074409719144,40120.85070452,0.7907839514921595
1623816000,94.98754917,94.98754917,93.70659283,94.100734,87.94477251799994,100.49291835075925,75.39662668524062,7984.99616379,0.7452936698396013
1623902400,94.100734,94.100734,93.70659283,93.70659283,88.63451611799994,100.85281017577952,76.41622206022035,13879.36038841,0.7075607563549592
1623988800,94.00220117,95.086082,94.00220117,94.39634136,89.24050528599994,101.33896873939973,77.14204183260016,39606.31167872,0.7130781356599134
1624248000,94.19926683,94.88901536,93.80512664,94.593408,90.00414998599993,101.40983598431495,78.59846398768491,20692.18184844,0.7011829018735938
1624334400,98.5348,98.5348,94.593408,94.593408,90.69882022749994,101.42534036888459,79.97230008611528,64023.06596248,0.6815401323619441
1624420800,94.19926683,94.593408,92.72124483,94.100734,91.38856382749994,101.07706921935271,81.70005843564716,14873.93286433,0.6399684503855866
1624593600,94.593408,95.578756,92.81977864,93.60806,91.95513892749993,100.72797256117119,83.18230529382868,10668.31210902,0.5942067946071576
1624852800,95.18461483,95.18461483,93.60806,93.70659283,92.38869180099994,100.58918404450759,84.18819955749228,51654.84681554,0.5803549951555319
1624939200,94.19926683,94.98754917,91.637364,93.41099336,92.86165913699993,100.09529961174694,85.62801866225293,18850.19302825,0.537970799414059
1625025600,92.130038,92.52417917,88.68132,91.14469,93.18682387849994,99.43003417028811,86.94361358671176,21023.02942717,0.3364516183936651
1625112000,91,94.800003,90,91,93.42592637849994,98.9024575647242,87.94939519227567,56383,0.2785161541121008
1625198400,91,92.900002,89,92.900002,93.75510233699993,98.17159963277604,89.33860504122381,36099,0.4031924758770108
1625457600,92.800003,92.800003,90,91,93.94986407849993,97.41777998150205,90.4819481754978,7618,0.07469209735647347
1625544000,90,92,88.199997,90,93.51080722849991,96.6264777308961,90.39513672610373,11121,-0.06341118642036107
1625630400,90,90,88.199997,90,93.20723572849991,96.44646028703379,89.96801116996603,1815,0.004937729610269079
1625716800,90,91,89.800003,90,92.91351756049991,96.19712115028517,89.62991397071465,17549,0.056353640012549326
1625803200,91,91,88.5,91,92.78311456049991,96.15207060295934,89.41415851804048,89428,0.23536096374855217
1626062400,91,91,89.5,91,92.64778491899992,96.07443714134051,89.22113269665932,3580,0.2595634438393066
1626148800,89.5,91,89.5,89.699997,92.42774806899992,96.01438425185111,88.84111188614872,13574,0.1197340725493521
1626235200,89.5,91,89.5,90.300003,92.21307781899992,95.76934961282629,88.65680602517355,15024,0.23102803583221843
1626321600,90.400002,91.5,90,91,92.05804111899992,95.54122729628557,88.57485494171428,104436,0.3481216528275805
1626408000,91.5,91.5,90.400002,90.5,91.89771147749993,95.35772844953746,88.43769450546239,75656,0.29801956337271374
1626667200,90.5,92.400002,90,92.400002,91.79789450949991,95.07412597785603,88.5216630411438,42029,0.5918902550560938
1626753600,92.400002,94.5,90.099998,90.199997,91.57822395949992,94.65854020741318,88.49790771158666,172446,0.2762848278267536
1626926400,90.099998,92,90,90.599998,91.37855345949993,94.15379997086292,88.60330694813693,44687,0.35973219742602996
1627272000,90.599998,91,89.599998,89.699997,91.15851660949991,93.72557432523853,88.5914588937613,34038,0.21591608545500507
1627358400,89.5,90,89,89.5,90.95311360949992,93.35542638070679,88.55080083829306,24923,0.1975594462727032
1627444800,89.900002,90,89,89,90.71778396799992,92.90780394069645,88.52776399530339,54680,0.10781545615658378
1627531200,90.5,93.800003,89.5,89.699997,90.53223414999992,92.38019931135484,88.684268988645,55327,0.27482336588268436
1627617600,90.099998,93.099998,89.5,89.5,90.44999964999992,92.32776593472991,88.57223336526994,58671,0.2470399650570653
1627876800,90,90.5,89.099998,90.5,90.42499964999993,92.28604939411292,88.56394990588694,5268,0.5201500121738588
1627963200,91,91,88.5,89,90.22999954999992,91.80873431811958,88.65126478188026,87737,0.11044769050570187
1628049600,89,89.900002,88.5,89,90.12999954999994,91.75369998667404,88.50629911332584,8420,0.1520295479150799
1628136000,88.800003,89,87,87,89.97999954999992,92.10188610871718,87.85811299128265,32221,-0.2022051998391008
1628222400,87.5,88,86,87.900002,89.87499964999992,92.18227089761382,87.56772840238602,7055,0.07200575094012093
1628481600,87,88.599998,86,86.199997,89.68499949999992,92.49161743981065,86.87838156018918,28027,-0.1208544544960284
1628568000,86.199997,86.199997,85,86,89.43499949999992,92.5968191121963,86.27317988780354,45019,-0.04319979020146722
1628654400,85.400002,89,85.199997,87.900002,89.27999959999993,92.42362832108999,86.13637087890986,1398,0.2805088128343915
1628740800,86.099998,87,83.5,84.599998,89.02499964999993,92.76231219647778,85.28768710352207,20262,-0.09200315667606827
1628827200,83,84.599998,82.099998,84.5,88.73499949999993,92.9064623585252,84.56353664147466,26635,-0.007615630730692589
1629086400,84.300003,84.300003,83,83,88.33499949999992,93.05867399979968,83.61132500020017,4258,-0.06470862886785307
1629172800,84,85,82.900002,83,87.95999949999994,93.10835839192417,82.8116406080757,57809,0.01829314893137661
1629259200,83.099998,85,82.300003,83,87.48999939999993,92.647478771947,82.33252002805287,47612,0.0647099022419495
1629345600,83.5,83.5,81.599998,81.599998,87.05999944999994,92.6572844654385,81.46271443456138,87100,0.012263406728437407
1629432000,83.5,83.900002,82,82.199997,86.63999939999994,92.37075905226719,80.90923974773268,20056,0.1126165927894613
1629691200,84,84.900002,81.699997,84,86.35499954999993,92.01520350728431,80.69479559271555,50031,0.2919686668738171
1629777600,85,85,81.5,83.5,86.05499954999992,91.65231209782739,80.45768700217245,101639,0.2717655099506984
1629864000,82,88,82,83.5,85.77999954999993,91.31158221394506,80.2484168860548,28965,0.2939107405136534
1629950400,84.099998,87,83.5,85.099998,85.54999959999994,90.78507469784279,80.31492450215708,51320,0.4570205210441621
1630036800,85,85.199997,82.900002,84.699997,85.30999944999994,90.2293094873996,80.39068941260027,70982,0.4379991863328069
1630296000,82.900002,83,82,82.400002,84.90499954999993,89.36032304645462,80.44967605354523,92951,0.21887590744047333
1630382400,82.099998,82.900002,81,82.900002,84.59999964999993,88.71436533623393,80.48563396376593,37994,0.2934070790440617
1630468800,81,82,80,81.099998,84.20499954999994,88.06270694922782,80.34729215077206,98136,0.09755870149438903
1630555200,81.300003,85,81.300003,83,84.00499954999994,87.67241085200263,80.33758824799725,26336,0.36298243266972413
1630641600,83.800003,83.800003,81.5,83.5,83.78499944999993,86.99016739787115,80.57983150212871,25398,0.4555406370843658
1630900800,83.5,84.900002,82.900002,83,83.62499959999994,86.64617552338602,80.60382367661386,35223,0.39656352098499287
1630987200,84.900002,84.900002,80,81.400002,83.39499969999993,86.35775207373194,80.43224732626791,143905,0.16332020899084806
1631073600,80.099998,84,80,80.300003,83.01499974999993,85.47611607192674,80.55388342807312,104041,-0.05157830733379435
1631160000,83,83,82,82,82.88499984999993,85.27102052510992,80.49897917488994,2046,0.31454480691808495
1631246400,81,82.800003,80,80.099998,82.66499974999992,85.22020941851247,80.10979008148738,89177,-0.0019161013689096217
1631505600,83,83,80,81,82.56499974999993,85.21473487828155,79.91526462171831,128305,0.20468751134856908
1631592000,82.800003,82.800003,82,82,82.51499974999993,85.1677523110301,79.86224718896976,505,0.4029310615762943
1631678400,81.5,82.800003,81.5,82.400002,82.48499984999992,85.12868969982243,79.84131000017742,9228,0.4839243907515042
1631764800,82,82,81.800003,82,82.50499994999993,85.12757412855997,79.88242577143988,4493,0.4037205593404409
1631851200,81.5,81.5,80,80.199997,82.40499994999993,85.21247170979514,79.59752819020473,24161,0.10729739447837168
1632196800,80.199997,82,80,82,82.30499994999994,85.019018675441,79.59098122455887,4341,0.44381027162029396
1632283200,82,82,80.199997,80.199997,82.13999979999994,84.94314087815566,79.33685872184422,1428,0.1539591219439553
1632369600,81,82.800003,80,82.599998,82.09499969999993,84.83760784336611,79.35239155663375,17905,0.5920653395603664
1632456000,82.599998,83.199997,80,80,81.83999979999994,84.3566645420839,79.32333505791598,34076,0.13443684626894215
1632715200,82.599998,82.599998,80.099998,80.199997,81.61499979999994,83.85845839423533,79.37154120576454,14207,0.18463808433197404
1632801600,80.199997,82,80.199997,80.5,81.51999969999994,83.7832729066735,79.25672649332638,4567,0.27466271040713536
1632888000,80.5,81,80,80.5,81.39999959999994,83.61178713953441,79.18821206046547,85567,0.2965447440332869
1632974400,81,81.5,80,80.300003,81.35999984999994,83.62044284022403,79.09955685977584,14452,0.2655333811593167
1633060800,82,82,80.300003,80.5,81.23499984999994,83.39303190769803,79.07696779230184,11355,0.3297059936208874
1633320000,80.599998,81.699997,80,81.699997,81.14499969999994,83.05337638924281,79.23662301075707,43789,0.6454108361122989
1633406400,82,82,80.199997,81,81.04499969999995,82.7531862671052,79.33681313289469,7191,0.48682822448480956
1633492800,80.300003,87.699997,80.300003,86.5,81.29999959999995,84.22984633319963,78.37015286680027,281387,1.3874185023189143
1633579200,86.5,86.900002,85,85.599998,81.56499934999995,85.00027241309668,78.12972628690322,76048,1.0872893618480934
1633665600,85.599998,86.300003,84,85.400002,81.73499944999995,85.55456812120426,77.91543077879564,40870,0.9797665476772904
1633924800,86,86,84.099998,84.099998,81.93499944999995,85.80967395426947,78.06032494573043,9947,0.7793781190670892
1634011200,85,86,82.599998,85,82.13499944999995,86.20404152327018,78.06595737672973,23147,0.8520485286721908
1634097600,83,83,82.599998,83,82.18499944999995,86.27071892324302,78.09927997675688,2147,0.5997377029110049
1634184000,84.099998,85,84,84,82.26499934999995,86.42638179553897,78.10361690446094,39393,0.7084644553470396
1634270400,84,84.5,83.699997,83.699997,82.34999919999996,86.55547214368077,78.14452625631914,10581,0.6605048728263202
1634529600,83.800003,84.900002,83.5,84.099998,82.54499924999996,86.69492694455397,78.39507155544595,12386,0.6873525112305786
1634788800,85,85.900002,84.099998,84.599998,82.67499914999996,86.910503737417,78.43949456258292,16547,0.7272455158847991
1634875200,84.5,85,83.699997,85,82.91499929999995,87.1060728479157,78.7239257520842,15981,0.7487430339938722
1635134400,86,86,84.099998,85.5,83.05999939999995,87.39561907059313,78.72437972940678,20777,0.7813900647870042
1635220800,85.5,85.900002,84.199997,85.900002,83.35499949999995,87.61996156079714,79.09003743920276,50309,0.7983616810326739
1635307200,86,89,86,88.5,83.76999964999996,88.33118357043448,79.20881572956544,218871,1.018505768733553
1635393600,88.800003,90.900002,86.199997,89.400002,84.21499974999996,89.13568101889314,79.29431848110679,133842,1.02685816929231
1635480000,88.5,88.699997,88.5,88.699997,84.62499959999995,89.60531084328997,79.64468835670993,19102,0.9091107162720297
1635739200,89,89,86.199997,86.599998,84.93999934999997,89.57093935479666,80.30905934520327,17572,0.6792291250027659
1635825600,86.699997,89,86.300003,87,85.26499934999995,89.49927697647101,81.0307217235289,38365,0.7048756367737318
1635912000,86.5,101,86.5,93.300003,85.84499964999995,91.03671555189987,80.65328374810002,682903,1.2179710418353085
1636084800,93,93,90.099998,90.5,86.31999964999997,91.38857098086137,81.25142831913857,44163,0.9123450255645942
1636344000,90.199997,92,87.5,88.400002,86.41499974999996,91.5640887169952,81.26591078300473,53890,0.6927527629376338
1636430400,88.199997,89,86.5,86.599998,86.46499974999998,91.60086545015457,81.32913404984538,60779,0.5131426966631897
1636516800,88.699997,88.699997,86.5,88,86.59499964999995,91.74804900994579,81.44195029005411,25362,0.636327080516731
1636603200,87.800003,92,87.800003,88.5,86.81499974999996,91.89841554550927,81.73158395449065,9410,0.6657350409431955
1636689600,88,89.099998,86,87.5,86.93999974999996,91.96131595195668,81.91868354804323,21465,0.5557622969234463
1636948800,85,86.900002,83.099998,86,87.08999974999996,91.80122217098919,82.37877732901073,59156,0.3843187974798385
1637035200,85,85,83.800003,84.300003,87.10499989999995,91.77853318478977,82.43146661521014,32182,0.1999061813543817
1637121600,85,85,82.5,84,87.12000004999996,91.75145870489888,82.48854139510104,49946,0.16317306463485517
1637294400,85,85,83.900002,84.099998,87.12000004999994,91.75145870489965,82.48854139510024,4243,0.17396858365506174
1637553600,84,84,82.699997,83,87.04000014999994,91.89279391772224,82.18720638227764,19881,0.08374491649826014
1637640000,83.900002,84.099998,82.800003,83.5,86.96500014999995,91.98507061185973,81.94492968814018,41992,0.15488530725559962
1637726400,82.900002,83.400002,82.5,82.5,86.81500014999995,92.16935423074935,81.46064606925054,165815,0.0970568919308365
1637812800,82.5,83,82.5,82.5,86.64500004999995,92.31156059604906,80.97843950395084,25005,0.13425785215601704
1637899200,82.5,84.900002,82.5,84.900002,86.46500014999995,92.11310666829726,80.81689363170264,34689,0.36145815903700956
1638158400,83.599998,87.5,83.199997,84.099998,86.19999994999995,91.76920156962468,80.63079833037521,24224,0.3114629265171538
1638244800,84.900002,84.900002,83.5,83.900002,85.96000019999995,91.4911491063327,80.42885129366721,3623,0.3137820699745209
1638331200,83.900002,85.199997,83.300003,83.300003,85.79500044999995,91.43573676169154,80.15426413830835,25729,0.27884115546860944
1638417600,85,90,84,86.5,85.77000044999996,91.39355859658572,80.14644230341419,76354,0.5649054860794184
1638504000,93,94,86.699997,90.5,85.63000029999996,90.59793724887797,80.66206335112196,115580,0.9901430664392704
1638763200,89.5,90.800003,88.099998,89,85.55500029999996,90.26519113562755,80.84480946437237,27153,0.8656964038423114
1638849600,89.800003,89.800003,87,89.5,85.61000019999997,90.47493548672522,80.74506491327473,17774,0.8997997476569233
1638936000,89,91.800003,87.099998,88,85.68000029999996,90.63927403392813,80.72072656607179,72503,0.7339051869760777
1639022400,88,89.900002,87.599998,89,85.73000029999996,90.80073948162092,80.65926111837899,82533,0.822438167580404
1639108800,89,93.900002,89,91.5,85.88000029999996,91.42494353578061,80.33505706421931,83142,1.006768010151579
1639368000,90,93.900002,87,93.5,86.18000029999996,92.62006200529666,79.73993859470326,94384,1.0683175127017515
1639454400,95,96.800003,92.900002,94,86.58000029999997,93.86411958842648,79.29588101157346,851652,1.0093271681992784
1639540800,94.400002,102.5,94,99,87.31500014999996,96.2988242612583,78.33117603874162,1433867,1.150335520001813
1639627200,100,101,95,95.5,87.89000014999996,97.4077517212496,78.37224857875033,173952,0.8997792857394828
1639713600,98,98,93,95,88.43500024999996,98.26541686630003,78.60458363369989,66920,0.8339125901904525
1639972800,96.800003,96.800003,90.099998,93.800003,88.97500039999997,98.738170764181,79.21183003581893,54901,0.7471022434322117
1640059200,90.199997,91,88.5,89.599998,89.28000029999998,98.71559219070912,79.84440840929085,63678,0.5169569489495993
1640145600,89.599998,93.5,88.099998,89.5,89.63000029999998,98.53822085676767,80.72177974323229,37891,0.49270335196734577
1640232000,90,93.900002,89,91.400002,90.0750004,98.3830382838817,81.76696251611828,34922,0.579742149621791
1640577600,92.900002,94.900002,90.800003,93.5,90.50500029999998,98.58422653696272,82.42577406303724,40002,0.6853518896585539
1640664000,92.400002,93,90,92,90.90000039999998,98.4426783196799,83.35732248032006,14517,0.5729183727393399
1640750400,91,94.800003,90.5,93.5,91.38000029999998,98.27364916312214,84.48635143687781,125730,0.6537647000952602
1640836800,91,94,91,92,91.81500014999997,97.62749564006491,86.00250465993504,44387,0.5159139779391002
1640923200,91.199997,95,91,92.699997,92.12499999999997,97.40775522431558,86.84224477568436,118585,0.5544220748060986
1641182400,95.099998,95.099998,93,93,92.24999999999999,97.49118333585261,87.00881666414736,78774,0.5715487278292285
1641268800,93.5,94.900002,92.199997,94.900002,92.5450001,97.68444604718319,87.4055541528168,36910,0.7291104843013989
1641355200,95,102.5,94,94.5,92.7950001,97.80238509059336,87.78761510940663,737182,0.670248533236703
1641441600,97,98,94,96.800003,93.23500025,98.02134628534115,88.44865421465884,264272,0.8724138125071753
1641528000,95,98.900002,95,97.5,93.66000025,98.37567703281948,88.94432346718051,184583,0.9071525601574502
1641787200,97.5,97.5,95,96.5,93.91000025,98.67105129152712,89.14894920847287,126391,0.7719987380317238
1641873600,95.199997,98.800003,94.599998,96.199997,94.0450001,98.90400248362016,89.18599771637983,253350,0.7217530194330174
1641960000,97,99,96,97.099998,94.19999999999999,99.23785685783486,89.16214314216512,398462,0.7878206032680284
1642046400,98,106,98,101.5,94.32499999999999,99.92566975637997,88.72433024362,866651,1.1405483908265286
1642478400,104,118,104,112,95.15,104.68152672555769,85.61847327444232,2267594,1.3839087632634275
1642564800,114.5,115,108.5,110,95.89999999999999,107.4195486769245,84.38045132307548,532815,1.1120031433281994
1642651200,111,111,105,107,96.55999985,108.99855302277804,84.12144667722195,211601,0.9196629626043685
1642737600,108.75,108.75,104,105,97.32999994999999,109.85614859082447,84.8038513091755,154162,0.8061595495123857
1642996800,104,104,100,102.5,97.97999995,110.15778300078614,85.80221689921387,138715,0.68558386330048
1643083200,101.5,108.5,101.5,101.5,98.48499985,110.36343012937711,86.60656957062288,181868,0.6269107145930947
1643169600,103,103.5,98.099998,100,98.80999985,110.47891609325134,87.14108360674865,206065,0.5509901744597847
1643256000,101.75,101.75,96.099998,98,99.10999985,110.36431487367108,87.85568482632891,249811,0.4506855882536901
1643342400,98.5,99,92.800003,97,99.28499984999999,110.29104849890302,88.27895120109696,206532,0.39619345130608086
1643601600,95.699997,98,95.699997,98,99.58499985,110.09637974143256,89.07361995856745,35410,0.42460552913267463
1643688000,97.300003,104,96.5,97.900002,99.8450001,109.91008317983683,89.77991702016315,127645,0.40337893465100333
1643774400,101,101,93.900002,94,99.89500009999999,109.83270090873937,89.95729929126061,293441,0.2034022147851428
1643860800,93.900002,103,93.599998,102,100.24999999999999,109.95309236068704,90.54690763931293,40975,0.5901774369937102
1644206400,99,102,99,100,100.525,109.86563709604464,91.18436290395537,162304,0.4718969918967133
1644292800,100,100,96,96.800003,100.525,109.86563709604464,91.18436290395537,55603,0.30060262690339495
1644379200,96.5,97.900002,93,95,100.4,109.96347224390841,90.8365277560916,118156,0.2176757634529857
1644465600,95,95,92.199997,93.900002,100.27000009999999,110.10871933900812,90.43128086099186,82528,0.17627909968481992
1644552000,95,96.900002,94.5,96.900002,100.30500035,110.09039194083643,90.51960875916357,24884,0.3260162448077895
1644811200,96.900002,99.199997,95,96.599998,100.28000035,110.10050894456988,90.45949175543011,62228,0.31263687544478086
1644897600,100,102,97,99.300003,100.17000049999999,109.98266519008425,90.35733580991572,202038,0.45566966122468655
1645070400,99.300003,99.900002,96.599998,97.099998,99.42500039999999,107.66899780174771,91.18100299825227,40923,0.358988165164445
1645156800,97,97,94.900002,94.900002,98.67000049999999,105.55566623106978,91.7843347689302,27001,0.2262429918004269
1645416000,95,95,90,90,97.82000049999999,104.57857993358081,91.06142106641917,98985,-0.07852397658784423
1645502400,90.099998,92.800003,90,90.099998,97.0750004,103.78823393683051,90.36176686316948,45859,-0.019496481221258587
1645588800,90.199997,91.099998,87,89.599998,96.43000029999999,103.40799514436792,89.45200545563206,356590,0.01060423142096367
1645675200,89,92.699997,85,85,95.60500029999999,103.78778185812757,87.4222187418724,637986,-0.14800705143268297
1645761600,85,89,85,88.800003,95.04500044999999,103.4771951748639,86.61280572513608,16433,0.12969323801397512
1646020800,89,93.400002,88.099998,93,94.79500044999999,103.15812838026784,86.43187251973214,32277,0.3926836666276789
1646193600,93.900002,93.900002,89.5,89.800003,94.4350006,103.00477915676645,85.86522204323354,9515,0.22957308235576693
1646280000,89,90,88.5,88.5,93.96000059999999,102.73733543422064,85.18266576577933,68791,0.18897161250401445
1646366400,88.5,88.5,85,87.300003,93.43000064999998,102.46794280538201,84.39205849461796,10507,0.16087425961508223
1646625600,88,88,85,85.099998,92.98500054999998,102.71665544657475,83.25334565342521,102569,0.09487863915235775
1646712000,85.099998,85.400002,82,82,91.98500054999998,101.91400409648084,82.05599700351912,50854,-0.0028198702547030125
1646798400,81.900002,83.5,80.199997,80.400002,91.00500064999999,101.43274763839725,80.57725366160273,100697,-0.008499039236373348
1646884800,83.800003,83.900002,80.300003,83.900002,90.36000059999999,100.86969125729456,79.85030994270542,18367,0.1926646648959057
1646971200,84,84,81.300003,81.300003,89.67500075,100.66078660946486,78.68921489053513,13722,0.11882573276337521
1647230400,81.099998,83,80.5,83,89.13000064999999,100.30320029934056,77.95680100065941,5871,0.22568284634734112
1647316800,83,83,80.099998,80.199997,88.29500039999999,99.5166712905592,77.07332950944078,49988,0.13931381168867102
1647403200,80.5,81.5,79.300003,81.5,87.54000049999999,98.45263571061784,76.62736528938214,125275,0.22325655611931616
1647576000,81,81.400002,80.800003,80.800003,86.61500049999998,96.46838005931991,76.76162094068005,5681,0.2049237033348729
1647835200,80.199997,80.699997,79.699997,80,85.76000059999998,94.75608870717318,76.76391249282679,25127,0.17986081664723008
1647921600,80.800003,81,79.699997,79.699997,85.00000035,93.3220195352709,76.67798116472909,27775,0.18156746385658157
1648008000,80.5,80.800003,80.5,80.5,84.52500035,92.73496409230833,76.31503660769167,7142,0.2548710033116224
1648094400,80.199997,80.199997,79.5,80,84.02000045,92.03638435597749,76.0036165440225,10257,0.24926347732657572
1648180800,80,80,79,79,83.49000054999999,91.36093554681062,75.61906555318936,64751,0.21477336861380664
1648440000,79,79,75,76.900002,83.08500064999998,91.42317278530771,74.74682851469225,25547,0.12911543743443488
1648526400,76.199997,76.199997,68.5,73.900002,82.34000059999998,91.15167489765875,73.52832630234121,29064,0.02108995890585404
1648612800,69.400002,73,65,70,81.19000059999999,90.13894519967289,72.24105600032709,145727,-0.1252134246316044
1648699200,67,67,67,67,80.05000044999998,90.06648702065041,70.03351387934956,1507,-0.15142604434962928
1649044800,74,74,71,73,79.27500044999998,88.94906402277157,69.60093687722839,5015,0.1756791805843895
1649131200,71.400002,73,70,70,78.41000029999998,88.1526692595831,68.66733134041685,10260,0.06839340765408555
1649217600,72,72,65.099998,65.099998,77.41000029999998,88.24511067581169,66.57488992418827,28670,-0.06806077063510206
1649304000,65,65,60,63,76.46000029999998,88.75250285790177,64.16749774209818,52634,-0.047488204155291924
1650859200,59.400002,59.400002,50.099998,50.099998,74.94500009999997,91.61203157786159,58.27796862213837,7755,-0.2453337486342711
1650945600,50.5,56.5,50.099998,56.5,73.57499999999996,91.52736839862729,55.62263160137263,15542,0.024436006969822805
1651032000,60,60,56,57.200001,72.36999989999997,91.29544347039023,53.44455632960971,16369,0.09921682037259773
1651118400,60,60,55,56,71.01999989999996,90.56170947864298,51.47829032135694,266523,0.11569381021773047
1651636800,59.599998,60,59,60,70.01000004999996,89.63731837614996,50.382681723849956,29856,0.24499827526964377
1651723200,58,60,57,57,68.78500004999998,88.4491075854569,49.12089251454306,7021,0.20034236161620594
1652241600,60,61.200001,60,61.200001,67.80499994999998,86.92226720559933,48.68773269440064,1105,0.32725044166379447
1652328000,61.799999,64.599998,60,63.5,66.97999994999998,85.32967043728704,48.63032946271293,142458,0.4051754103047523
1652760000,63,68.599998,62,65,66.24500009999997,83.6511462226779,48.838853977322046,14771,0.4642367675410383
1652846400,62,67.699997,62,62.099998,65.32499999999997,81.52325688646818,49.12674311353178,21624,0.40045218992995163
1652932800,62,66,61,63.099998,64.47999989999997,79.22606470604302,49.733935093956916,1696,0.4532077907512507
1653278400,64,67.5,63,63,63.67999989999997,76.83896743639951,50.521032363600426,11131,0.4741621104346144
1653364800,62.599998,64.699997,62,62,62.93499979999998,74.62042297830253,51.24957662169743,12151,0.4599928994554479
1653451200,65,65,62,64.800003,62.47999984999998,73.0804907714628,51.87950892853715,23304,0.6094290428239844
1653537600,63,64.900002,63,63,62.129999849999976,72.1611716337955,52.09882806620445,13263,0.5433648315845528
1653883200,60,61,60,60.200001,61.789999899999984,71.59630431665018,51.98369548334979,15290,0.418929760262168
1653969600,60,60,60,60,61.139999899999985,69.505500828935,52.77449897106498,23951,0.4318630223291889
1654056000,60,61.900002,60,60.099998,60.64499979999998,67.96059313424276,53.32940646575721,8617,0.46275067686930166
1654142400,60,61,60,60,60.389999899999985,67.41649327806661,53.36350652193336,13192,0.4722478995556034
1654488000,61.400002,61.400002,58.400002,58.5,60.164999899999984,67.13070941246272,53.19929038753725,36848,0.38048597942384443
1654574400,59.5,60,55.099998,60,60.65999999999999,65.8835620949705,55.43643790502948,56395,0.43682471960700264
1654660800,60,63.700001,60,63.700001,61.02000004999998,66.03541648655019,56.004583613449775,1031,0.7671763136625424
1654747200,57.099998,60,57.099998,60,61.15999999999998,65.88922864323709,56.430771356762875,6217,0.3773584354333549
1655265600,59.5,60,58.5,59,61.30999999999997,65.53890098725677,57.08109901274316,22760,0.2268793940836139
1655352000,58.5,58.5,58,58,61.209999999999965,65.64752223205927,56.77247776794065,54118,0.13831167122848376
1655697600,57,60,56.099998,56.099998,61.16499989999998,65.78680772941257,56.543192070587374,3732,-0.04794596475506222
1655784000,60,62,59.900002,60,61.10499984999997,65.75450600937009,56.45549369062985,145773,0.3811701918306882
1655870400,59.900002,61,59.900002,59.900002,60.92499994999997,65.4671917656349,56.38280813436504,1104,0.38716923551403465
1655956800,59.900002,60,59.900002,60,60.67499994999997,64.82608491540607,56.52391498459388,169597,0.41869596073975557
1656302400,58,58.400002,58,58,60.470000049999975,64.72304691219398,56.21695318780597,39103,0.20961993483352023
1656388800,58.5,59,58,58.5,60.24000014999997,64.39567217652242,56.08432812347751,2474,0.2906475608644178
1656475200,58.400002,58.5,58,58,59.99000014999997,64.05197138229812,55.92802891770183,18025,0.25504502171546756
1656561600,58,58.099998,58,58,59.79000014999997,63.83024897055785,55.74975132944209,4480,0.27847897128365406
1656907200,57,57.099998,57,57,59.399999999999956,62.90028634828944,55.89971365171047,2667,0.15717090529282207
1656993600,59.5,59.5,56.200001,56.400002,59.07000009999996,62.39030165016354,55.749698549836374,119589,0.09792837191724156
1657080000,56.299999,58,56.299999,58,58.96000004999995,62.26901832979601,55.650981770203884,18943,0.3549418635941906
1657166400,56.299999,56.299999,56.200001,56.200001,58.77000009999996,62.250287591575656,55.28971260842427,4319,0.13077775812761974
1657512000,58,59.799999,58,59.5,58.74000019999996,62.18406787297295,55.29593252702697,51,0.6103346205947211
1657771200,57.400002,62,57.400002,60,58.74000019999996,62.18406787297295,55.29593252702697,47786,0.6829232058777144
1658116800,62,62.5,61,62.400002,58.93500029999997,62.72671555777067,55.14328504222927,2206,0.9569174455939032
1658203200,62.5,63,62.5,62.5,59.06000029999997,63.13794148349132,54.98205911650862,9023,0.9217814266088628
1658289600,62,63.700001,62,63.700001,59.06000029999997,63.13794148349087,54.98205911650907,1409,1.0689146178449762
1658376000,62.099998,62.099998,61,61,59.11000029999998,63.256758573158386,54.96324202684158,507,0.7278888200734798
1658721600,60.200001,60.200001,60.200001,60.200001,59.170000349999974,63.343296941905834,54.996703758094114,507,0.6234037202145806
1658808000,60.299999,60.299999,60.200001,60.200001,59.28000039999997,63.44009709406994,55.11990370593,2322,0.6105744250261598
1658894400,60.200001,63,60.200001,60.200001,59.48500054999996,63.39461708183777,55.57538401816215,9374,0.5914412505903663
1658980800,60.200001,64.800003,60.200001,60.599998,59.51500044999996,63.44909506325218,55.58090583674774,63743,0.6378967280483245
1659326400,61.599998,61.599998,61.299999,61.599998,59.60000024999996,63.63583947871317,55.56416102128674,5402,0.7477796607668289
1659412800,61.200001,63,60.599998,63,59.75000024999996,64.0486044397365,55.45139606026342,12058,0.8780296587622362
1659499200,63,65,63,65,60.10000024999997,64.88414043189421,55.315860068105735,1000,1.0121087137605485
1659585600,64.5,75,64,67.800003,60.56500039999996,66.34160018118796,54.78840061881196,49006,1.1262336732727671
1659931200,63.200001,72,63.200001,64,60.86500039999997,66.70050415477694,55.029496645223,7168,0.7686143074994775
1660017600,63.5,69,63.5,67.800003,61.35500054999998,67.76358153474325,54.946419565256704,1659,1.0028416169931735
1660536000,68.5,68.5,65.099998,65.900002,61.80000064999997,68.17306989174054,55.426931408259414,16272,0.8216661544446255
1660622400,66,67,65.5,65.599998,62.26000044999997,68.32841137741927,56.19158952258068,5535,0.7751954004061175
1660708800,65.599998,68,65,65,62.61000044999996,68.45872765547205,56.761273244527864,16411,0.7043179196119758
1660795200,65.099998,66.199997,65,66.199997,63.11000024999997,68.36048662556807,57.85951387443187,44613,0.794258143814885
1661140800,65.300003,66.5,65,66.5,63.46000024999997,68.6339355491727,58.28606495082723,44710,0.7937802247436394
1661227200,65.099998,67,65.099998,67,63.81000024999997,68.94727635509936,58.67272414490058,3104,0.8104757934689898
1661313600,67,67,65,65.099998,63.94500004999996,69.06885658800255,58.82114351199738,14863,0.6127078735942016
1661400000,65,65,64,64.900002,64.06500014999997,69.16020440910718,58.96979589089277,1984,0.5819399780202665
1661745600,64.300003,64.300003,64.099998,64.099998,64.08499999999997,69.17745584762702,58.99254415237292,1390,0.5014725704501708
1661832000,65.5,66,64.199997,65,64.28499999999997,69.18776519527806,59.382234804721875,10844,0.5729180341625024
1661918400,65,68,65,66,64.57499994999998,69.15228170995569,59.997718190044274,5475,0.6556600756443065
1662004800,68,68,66.199997,67.800003,64.95500004999997,69.27077504158942,60.63922505841052,2254,0.8296051063301907
1662350400,65.5,66,65.5,66,65.24499999999996,68.98477481675484,61.50522518324509,20507,0.6009419065310431
1662436800,65.5,68.900002,65.5,67,65.56500009999996,68.70778735147415,62.422212848525774,16437,0.7283005156214313
1662523200,67,67,66.199997,67,65.83500019999997,68.4528443710749,63.21715602892504,34596,0.7225112962934038
1662609600,67,68,66.400002,67.900002,66.08000029999997,68.50041538176336,63.659585218236565,53179,0.8759689223788162
1662955200,70,72,70,70.099998,66.33500019999997,69.26708231754506,63.402918082454875,532766,1.142034849138588
1663041600,72,73.800003,70,73,66.59500004999998,70.69157223684375,62.49842786315621,65887,1.2817511394733638
1663128000,73.300003,79.900002,73.300003,76.900002,67.24000014999999,73.1568921679447,61.32310813205527,90895,1.316307093378011
1663214400,76.900002,76.900002,73,74.900002,67.59500009999998,74.39043359051556,60.7995666094844,9282,1.0374934439573025
1663560000,73.5,73.699997,73.5,73.699997,67.98499984999998,75.2271756847903,60.742824015209656,33222,0.8945635455677585
1663646400,73.5,74,73,73,68.35499994999998,75.82453200107388,60.88546789892608,24727,0.8109297890576832
1663732800,73,74,70.099998,71,68.65499994999996,76.04295698709961,61.2670429129003,7547,0.6587042289380066
1663819200,74,74,70.699997,70.699997,68.87999994999997,76.2291770380843,61.53082286191564,1689,0.6238231864728704
1664164800,69,73,69,71,69.10499994999996,76.42441959653121,61.78558030346872,453027,0.6294501573562664
1664251200,70,71,68,70,69.25499994999998,76.51846358810123,61.99153631189874,21606,0.5512840765177127
1664337600,71,71,69,69,69.45000004999997,76.46184721177022,62.43815288822972,1310,0.46791144761016423
1664424000,68.599998,70.900002,68.599998,68.699997,69.63999979999997,76.34772709499546,62.932272505004484,3264,0.4299313494228294
1664769600,69.099998,70,68.099998,68.099998,69.83999979999997,76.09856214162642,63.58143745837353,23448,0.3609902957723203
1664856000,69,69,68.099998,68.099998,69.99499969999997,75.91056428404717,64.07943511595276,24402,0.3398291766511762
1664942400,68.199997,68.199997,67,67.5,70.06999969999997,75.81668609548308,64.32331330451686,8319,0.2763929051339929
1665028800,66.099998,66.5,66.099998,66.099998,69.98499944999998,75.9109685736137,64.05903032638625,185,0.1722053921510431
1665460800,64.599998,64.699997,64.599998,64.699997,69.91999929999997,76.04457406336293,63.795424536637015,9796,0.07384777705499734
1665547200,64.699997,67,64.599998,67,69.91999929999997,76.04457406336293,63.795424536637015,2587,0.26161616007471
1665633600,67,67,64.599998,65,69.81999929999998,76.19231563489913,63.44768296510083,11806,0.12180163015429897
1665979200,65,65,63.200001,63.200001,69.58499924999998,76.54295246556705,62.62704603443291,2254,0.04117266585561516
1666065600,63.400002,64,63.400002,64,69.27999934999998,76.64385783424726,61.91614086575271,6010,0.1414923398314261
1666152000,65.5,65.699997,62,62.099998,68.73499924999997,76.51838631798188,60.951612182018074,9489,0.07377159891649085
1666238400,62,62,62,62,67.98999914999997,75.34524235821698,60.63475594178296,153,0.0928075401158616
1666670400,61.599998,61.599998,61.099998,61.5,67.31999904999998,74.47390651599501,60.166091584004946,1784,0.09322935908352023
1666756800,63,63,61.200001,61.400002,66.70499929999997,73.67162628212157,59.73837231787837,584,0.1192563981382853
1666843200,61.5,61.5,60,60,66.05499929999998,72.97669619223842,59.13330240776153,50050,0.06260730610800994
1667275200,60.200001,60.200001,60.099998,60.099998,65.50999919999997,72.50453915227914,58.515459247720806,2075,0.1132696905793549
1667361600,62.900002,62.900002,60,60,64.97499934999999,71.93657191588004,58.01342678411995,15711,0.1426813551880945
1667448000,60.099998,61.900002,59.900002,61.700001,64.50999939999998,71.02794302111371,57.992055778886254,141859,0.28444133891420226
1667880000,60,60.200001,60,60,64.00999939999998,70.2967781179141,57.72322068208586,12290,0.18107678193177676
1667966400,60,61.599998,60,60.299999,63.574999349999985,69.61978932732909,57.53020937267089,25003,0.22910553035896766
1668052800,61.599998,61.900002,60.599998,61,63.189999499999985,68.84858505471387,57.531413945286104,16228,0.30648878780531935
1668398400,61.299999,61.299999,60.5,60.5,62.80999959999998,68.10788532847846,57.51211387152151,4127,0.28198854048675354
1668484800,60.700001,64,60,61.5,62.479999699999986,67.21058070364144,57.74941869635853,351107,0.3964186746569171
1668571200,61.5,63.5,60,60.099998,62.10999959999998,66.34362657365023,57.87637262634973,13331,0.26261470217970734
1668657600,62,62,60.099998,60.099998,61.80999959999998,65.70712689995024,57.91287230004972,100828,0.2806074233164252
1669003200,60.799999,61,60.099998,60.099998,61.579999649999976,65.30698306611812,57.85301623388183,32144,0.30144778165642083
1669089600,60.200001,60.400002,60.200001,60.299999,61.244999599999986,64.05460897213972,58.43539022786025,11283,0.3318270487401785
1669176000,60.599998,62.400002,60.099998,60.099998,60.99999949999998,63.25743272382223,58.74256627617773,19659,0.30065822313093415
1669608000,60.299999,61.5,60.200001,60.5,60.864999449999985,62.891104897901435,58.838894002098534,6745,0.4099258505084138
1669694400,61,63.900002,61,63.900002,60.85999954999998,62.85539567508822,58.86460342491175,2397,1.2617541228475602
1669780800,63.900002,65,63.900002,64,60.954999649999976,63.323523864362464,58.58647543563749,7000,1.142805408434386
1669867200,64,64,64,64,61.05499964999998,63.739381745384286,58.37061755461567,1230,1.048543434830652
1670299200,66,66,66,66,61.27999964999998,64.72302272050288,57.836976579497076,500,1.185444194440236
1670472000,63,65.800003,62.599998,63,61.359999549999976,64.8838622113444,57.83613688865556,2749,0.7326992575491483
1670558400,64,66.5,64,64,61.55999954999997,65.20439370761,57.915605392389956,10673,0.834760778400568
1670817600,65.699997,66,65,65.800003,61.84499979999997,65.86070810016639,57.829291499833545,6980,0.9924415450987971
1670904000,65,65.699997,65,65,62.09499979999998,66.24058945070314,57.949410149296824,15149,0.8503723770039906
1670990400,65.800003,66,65.199997,65.5,62.28499974999998,66.68148858656203,57.88851091343794,75406,0.8656327093638291
1671076800,65.599998,65.900002,65.5,65.5,62.55999974999999,67.0376793544392,58.082320145560765,2648,0.8282950668338649
1671163200,65.5,66.300003,65.5,66.300003,62.85999994999999,67.4931002450524,58.22689965494758,20959,0.8712420227200259
1671422400,65.5,65.5,63.700001,64,63.00999994999999,67.58641977383773,58.43358012616225,19241,0.6081631589876522
1671508800,64,65.800003,64,64,63.184999949999984,67.62989797740369,58.74010192259629,30372,0.5916781493045927
1671595200,62.599998,62.599998,62.5,62.5,63.23499994999999,67.62511595006363,58.84488394993634,558,0.416289233588665
1671681600,63,65.5,63,63,63.38000004999999,67.53143545573772,59.228564644262256,15219,0.4542326914836748
1671768000,65.5,65.5,63,63,63.52500015,67.40153379876529,59.64846650123471,1105,0.43228484548725454
1672113600,62.599998,63.5,60.200001,63.5,63.695000249999985,67.2398429898138,60.15015751018618,1143,0.4724952185029467
1672200000,60.200001,60.299999,60.200001,60.299999,63.695000249999985,67.2398429898138,60.15015751018618,124,0.02113513924480709
1672286400,60.299999,62.5,60.299999,62.5,63.81500034999999,67.0101696472374,60.61983105276257,116,0.29422055176591844
1672372800,62.5,62.5,62.5,62.5,63.91500034999999,66.79893976649406,61.03106093350592,125,0.2546757844656514
1672632000,63,63,63,63,63.87000025,66.78142716132842,60.95857333867158,17,0.35058868443256963
1672718400,63,63,62.099998,62.099998,63.77500015,66.78556624128703,60.764434058712965,2265,0.22181275892801847
1672804800,62,62,61.599998,61.599998,63.65500004999999,66.80807949365659,60.5019206063434,221,0.1741277714815793
1672891200,61.099998,61.099998,60.5,60.5,63.38000004999999,66.6250593850519,60.13494071494808,2249,0.056248476123177064
1673236800,62.900002,63,62.900002,63,63.38000004999998,66.625059385053,60.13494071494694,105,0.4414494450232041
1673323200,63,64.400002,63,64,63.38000004999998,66.625059385053,60.13494071494694,153,0.5955298325831526
1673409600,61,61.099998,60.700001,60.799999,63.12999984999999,66.36116185708202,59.89883784291796,936,0.13944846391280905
1673496000,60.700001,60.900002,60,60,62.87999984999999,66.26384494338268,59.4961547566173,87352,0.07444862715022009
1673582400,60.099998,61.700001,60,61.200001,62.664999899999984,65.89874490726532,59.43125489273464,38741,0.27348261895905035
1673928000,60.099998,60.799999,60.099998,60.200001,62.399999949999994,65.52793947627075,59.27206042372924,5189,0.14833096491751602
1674014400,60.799999,61.5,60,60.299999,62.099999749999995,64.79518086450902,59.40481863549097,5212,0.16607053969211702
1674100800,61.5,61.5,60.5,60.5,61.924999749999984,64.55777412126886,59.292225378731096,5127,0.22937298282169322
1674187200,61,62,61,62,61.82499974999998,64.28091112666021,59.36908837333976,1909,0.5356283723556009
1674446400,63.799999,65,63,64.900002,61.944999849999974,64.73317188450848,59.15682781549146,3274,1.0299174716313604
1674532800,65,65.900002,63,65,62.04499984999999,65.10733611729817,58.982663582701804,27081,0.9824747989885392
1674619200,63.299999,63.299999,63,63,62.04499984999999,65.10733611729847,58.982663582701505,50049,0.6559267282626816
1674705600,65,65.400002,64.900002,65.300003,62.13499999999999,65.45781617306919,58.812183826930784,110901,0.976253099050704
1674792000,67,68.599998,65,65,62.37000004999999,65.80342494243796,58.936575157562025,59302,0.8829994877407279
1675051200,65.099998,66,63.099998,63.099998,62.399999949999994,65.84789871881716,58.95210118118282,8666,0.6015108181729112
1675137600,65,65,62.5,63.5,62.449999949999984,65.93109258594313,58.968907314056835,5233,0.6508147239689205
1675224000,62.799999,64.800003,62.099998,64.800003,62.540000099999986,66.16348029009615,58.916519909903826,3823,0.8118552857246395
1675310400,65,67,65,67,62.78500019999999,66.88732977525538,58.6826706247446,140092,1.013732468671487
1675398600,68,68.900002,67.300003,68,63.105000299999986,67.75020279591101,58.45979780408896,9999,1.0268876549847803
1675656000,68,72,68,70,63.580000299999995,68.94902303118799,58.210977568812,57702,1.097874140363293
1675742400,67.699997,70,67.699997,69.5,63.90500029999998,69.85024245722286,57.959758142777105,2645,0.9705443068624755
1675828800,69,69.599998,67.699997,69.400002,64.17500039999997,70.5852662166435,57.76473458335644,12679,0.9075495267632975
1675915200,69,69.800003,68,68,64.53500044999998,70.9553668876748,58.11463401232517,6651,0.7698443759897676
1676001600,68,69.400002,68,68.300003,64.95000059999998,71.21530248578497,58.68469871421499,4024,0.767345649185769
1676260800,69.300003,69.300003,67,67,65.24000054999999,71.31829043647409,59.161710663525895,3640,0.6447775182552993
1676347200,66.5,66.5,61.099998,63,65.38000049999998,71.10629156839865,59.653709431601314,1000,0.2921865591906126
1676433600,65.900002,65.900002,63,63,65.51500055,70.87122186488335,60.15877923511665,341,0.26522622926245054
1676520000,65,65,62,65,65.74000054999998,70.58867106716484,60.89133003283512,5800,0.4236903654950061
1676606400,65.5,66,65,65,65.89000054999998,70.44319779194103,61.33680330805893,1890,0.40226641822125736
1676865600,65,68,65,66.5,65.97000044999997,70.50700448658907,61.43299641341088,6380,0.5584085385119556
1676952000,68,69.5,67.900002,69.5,66.19500044999998,70.95797271718982,61.43202818281014,4206,0.8469471754818735
1677038400,69.400002,72,69.400002,70,66.54500044999997,71.34603195979295,61.74396894020699,29158,0.8598184622359422
1677124800,70,70.400002,68.699997,70,66.78000029999997,71.77063197224636,61.78936862775358,1722,0.8226044227935014
1677211200,70.400002,70.5,70,70,67.03000029999997,72.1384642460435,61.92153635395645,47697,0.7906940061992876
1677470400,70,70.800003,70,70,67.37500039999996,72.30404692443341,62.445953875566516,37805,0.7662786389809702
1677556800,70,70,68.5,70,67.70000039999996,72.41677881328432,62.983221986715606,252,0.7438104356908419
1677643200,70.400002,70.400002,70,70,67.96000024999998,72.58099598252544,63.33900451747453,36354,0.7207316202048429
1677729600,70,72,70,72,68.21000024999998,73.12768273873554,63.29231776126442,763175,0.8853440882652944
1677816000,72.199997,78.800003,72.199997,75.400002,68.58000034999996,74.40807085197807,62.75192984802185,73927,1.0850994465222463
1678161600,76,84,76,81.5,69.15500034999998,77.25598202915566,61.0540186708443,151108,1.261944671580017
1678248000,83,84,81.5,82,69.78000034999998,79.63080754616496,59.929193153835,92573,1.1202537216826958
1678334400,82,82,78.5,81.5,70.38500024999998,81.47630772522687,59.29369277477308,123858,1.0010680559900644
1678420800,81.5,81.5,79,80.800003,71.02500039999998,82.93866952248356,59.111331277516406,574,0.9102431626858156
1678680000,78.699997,78.699997,75.900002,75.900002,71.40500034999998,83.4310519907514,59.37894870924856,23406,0.686886011480621
1678766400,75.800003,79.800003,75,79.800003,72.04500049999999,84.4224770433031,59.667523956696876,16985,0.8132707411267885
1678852800,79.5,80.900002,76.199997,76.300003,72.71000064999997,84.48674159255401,60.93325970744593,28686,0.6524191780863554
1678939200,76.199997,79.5,76.199997,79.5,73.53500064999999,84.77480149067401,62.295199809325965,2,0.7653516478874864
1679025600,77.800003,77.800003,77.699997,77.699997,74.17000049999999,84.82928825294213,63.51071274705784,1085,0.6655831319041776
1679284800,78.5,78.5,77.900002,77.900002,74.81500059999999,84.71051045487961,64.91949074512037,3010,0.6558788503696326
1679371200,77.800003,77.800003,76.199997,76.199997,75.30000044999998,84.43980416124127,66.1601967387587,2042,0.5492350042973616
1679457600,77.699997,77.699997,76.199997,76.199997,75.63500029999997,84.38263483717814,66.8873657628218,11166,0.5322942560985339
1679544000,76.099998,76.099998,74.400002,74.599998,75.86500019999997,84.24193940570287,67.48806099429707,342,0.42449496355788435
1679630400,74.5,74.699997,74.300003,74.300003,76.08000034999998,84.05486135042068,68.10513934957928,1224,0.3883994749309065
1679889600,73.900002,73.900002,73,73,76.23000034999998,83.84658800826448,68.61341269173549,5091,0.2879627666009185
1679976000,73.900002,74.5,72.599998,72.599998,76.36000024999996,83.62757276082137,69.09242773917855,58539,0.24131649567986307
1680062400,72.699997,72.699997,72.599998,72.599998,76.49000014999997,83.38112582379513,69.59887447620481,9550,0.21775277841815746
1680148800,72.5,72.5,72,72,76.59000014999997,83.1516777504344,70.02832254956553,7455,0.15024187185788654
1680235200,74.699997,74.699997,72.099998,72.099998,76.59500004999997,83.14281774157016,70.04718235842978,14463,0.15675571146498643
1680494400,72.099998,72.199997,71,71,76.37499994999997,83.35035065014647,69.39964924985348,8875,0.11471471607247706
1680580800,71.199997,71.199997,66.099998,66.099998,75.60499984999998,83.48826850494437,67.7217311950556,7317,-0.1028591860838363
1680753600,67.099998,67.199997,67,67,74.85499984999998,83.01134239957614,66.69865730042383,11420,0.018472906069389342
1681099200,68,69.900002,67.5,69.900002,74.27499994999998,82.10184603191779,66.44815386808217,6112,0.22051335210823664
1681185600,69.5,72.400002,69.400002,71,73.78499979999998,81.12864405718119,66.44135554281877,12790,0.3103802620016226
1681272000,72.400002,72.400002,70.199997,70.199997,73.49999954999998,80.93505251282612,66.06494658717385,1509,0.2780780737878143
1681704000,72,72,71,71.900002,73.10499949999999,79.97740098274367,66.23259801725631,4568,0.41233068214759505
1681790400,73,73,70,70,72.78999934999997,79.62517284216754,65.9548258578324,1358,0.29590866616648165
1681876800,70.099998,71,70,71,72.36499934999998,78.49958119866952,66.23041750133044,1499,0.3887455262907597
1681963200,70,71,69.199997,69.199997,71.93999934999998,77.70381774131192,66.17618095868804,31044,0.26231014199457525
1682049600,70,70,69.099998,69.099998,71.49999914999998,76.69191565164205,66.30808264835791,2505,0.26887136481866364
1682308800,69.099998,70,68.5,68.5,71.1149993,75.98789376263875,66.24210483736124,7430,0.23167905440497397
1682395200,69.900002,69.900002,69.5,69.5,70.77999944999999,75.09814778835212,66.46185111164786,232,0.35178838825063874
1682481600,70,71,68.199997,68.199997,70.45999939999999,74.54039272516096,66.37960607483902,36617,0.22306561893627808
1682568000,68.199997,68.199997,68.199997,68.199997,70.15499909999998,73.94312602448608,66.36687217551389,322,0.24195662672189794
1682654400,68.099998,68.099998,65.099998,65.199997,69.76499894999999,73.8921175896822,65.63788031031778,5907,-0.053049518144153006
1683000000,65.300003,65.400002,62.099998,65,69.38499905,73.78830549470746,64.98169260529255,105774,0.0020788235996444856
1683086400,65,65.400002,65,65,69.00499914999999,73.54260949400418,64.4673888059958,4128,0.05868851153206378
1683172800,67.900002,67.900002,65,65,68.65499915,73.293307597485,64.01669070251499,101140,0.10599869635860251
1683518400,68,68,65,67.900002,68.44499934999999,72.81282561875364,64.07717308124634,174694,0.4376122908208638
1683604800,68,68,65,65,68.14499934999999,72.5931343247973,63.69686437520268,501,0.14648112435669744
1683691200,65.5,66.199997,65.199997,66.199997,68.14999929999999,72.58914397887865,63.71085462112133,1974,0.2803628355167094
1683777600,67,67,66.300003,67,68.1499993,72.58914397887784,63.71085462112216,1922,0.37047062179884777
1683864000,67,67,65,66.5,67.9799992,72.39841554434895,63.56158285565103,25015,0.33251926882208915
1684123200,65.099998,66.400002,65,66.400002,67.74999929999998,71.99098980223151,63.509008797768466,11938,0.3408393865431145
1684209600,66,66,65,65,67.48999944999998,71.73589184571797,63.244107054282,7732,0.206775488174033
1684296000,65,65,64,64,67.09499935,71.08873152104155,63.101267178958445,1828,0.11251791338916557
1684382400,64.099998,66,64.099998,64.199997,66.80499919999997,70.75492303116773,62.8550753688322,11124,0.17024652735774107
1684468800,65,66,64,64,66.45499919999999,70.08348318536034,62.82651521463965,1710,0.1617045562409741
1684728000,64,64,64,64,66.19499934999999,69.74378759023308,62.64621110976689,5300,0.19073959878544205
1684814400,65,66.5,65,66.5,66.06499944999999,69.36001078928457,62.7699881107154,33367,0.5660089610032207
1684900800,66,67,66,67,65.98999945,69.12426162729334,62.85573727270666,9303,0.6611225374375366
1684987200,68,68,66,66,65.81499944999999,68.50518506181452,63.12481383818546,10402,0.5343843467877352
1685073600,67.800003,67.800003,66,66,65.7049996,68.16627998549313,63.243719214506854,4224,0.5599282393299738
1685332800,65.099998,65.099998,65.099998,65.099998,65.54999964999999,67.73860746777207,63.36139183222791,530,0.397194543868057
1685419200,65,65,64,64.099998,65.4949997,67.76962160001129,63.220377799988704,7542,0.19335525609925064
1685505600,65,65,63,63,65.3949997,67.91092985562867,62.87906954437134,2325,0.0240329516616574
1685592000,65,65,63.599998,64.800003,65.38499985,67.90870819725525,62.86129150274474,1164,0.3840997513369115
1685678400,65,65.800003,63,65.800003,65.425,67.94839143218192,62.901608567818066,146310,0.5743053565169143
1685937600,63,65.5,62.599998,63.200001,65.18999995,67.62137843884231,62.75862146115769,1568,0.0907673447116152
1686024000,63.200001,64,63.200001,64,65.13999995,67.6254780400275,62.6545218599725,1620,0.2706678738038311
1686110400,65,65,64.900002,64.900002,65.0750002,67.5137503963105,62.636250003689504,446,0.4641213355380248
1686196800,64.900002,65,64,65,64.97500020000001,67.24821437380854,62.701786026191485,2431,0.5054987779611863
1686283200,65,65,64.5,64.5,64.87500020000002,67.0446782498497,62.70532215015034,3020,0.4135816025732487
1686542400,65,70,65,67.699997,64.93999995000001,67.35279879283785,62.527201107162185,198632,1.0719492651019742
1686628800,72,72,70,71.400002,65.26000005,68.96912438008196,61.55087571991804,405586,1.3276888833575875
1686715200,70.599998,73,69.199997,73,65.71000005,70.67100832614764,60.74899177385236,455709,1.2347296702819535
1686801600,72.900002,74.400002,72.900002,73.699997,66.18500005000001,72.18675741980455,60.18324268019547,82291,1.1260663741430728
1686888000,74,75,72.199997,72.199997,66.59499990000002,73.0471223907778,60.14287740922224,58656,0.9343529674158676
1687147200,72.300003,74,72.300003,73.400002,67.06500000000001,74.04075014460842,60.08924985539161,856,0.954073172682105
1687233600,73,73.199997,72.300003,72.599998,67.36999990000001,74.74240696255475,59.99759283744527,36834,0.8547008497783389
1687320000,72.400002,73.900002,72.400002,73.900002,67.715,75.61291688485083,59.81708311514918,20470,0.8915590712193735
1687406400,73.900002,75.800003,72.5,74,68.11500000000001,76.42457827570152,59.805421724298505,90970,0.8541094267809377
1687492800,73,74,73,74,68.51500000000001,77.14292507617021,59.887074923829815,5418,0.8178632145954314
1687752000,73.599998,74.5,72.5,74,68.96000010000002,77.7539518869955,60.16604831300454,23281,0.7865605828913658
1687838400,74.5,74.699997,73,74,69.4550002,78.21341805666833,60.69658234333167,45679,0.7594646587077144
1687924800,73.400002,74.699997,73.099998,74.199997,70.01500005000001,78.47816006467585,61.551840035324176,21680,0.7472478922023715
1688443200,75.099998,81,75.099998,80.300003,70.79000005000002,80.0062680432824,61.57373205671763,306204,1.015935677919289
1688529600,81.5,81.5,80,81.5,71.57499990000002,81.59675136069764,61.55324843930241,609062,0.9951729315440984
1688616000,81.900002,84.400002,79.5,83,72.56499985000002,82.98580149277191,62.14419820722813,86316,1.0006812579163684
1688702400,82.099998,83,80.300003,82,73.46499985000003,83.88061831257806,63.04938138742198,62349,0.9097212364616234
1688961600,83,84,82,83,74.36999975000002,84.79690804632618,63.94309145367386,34391,0.9138331327341151
1689048000,82,82,81,82,75.21999975000003,85.21571975007973,65.22427974992033,56182,0.8391451666286126
1689134400,81.300003,83.300003,81.300003,83.300003,76.15999990000003,85.4580442517976,66.86195554820246,38200,0.8839518736334921
1689220800,82.599998,82.599998,81.599998,82.599998,76.90499995000002,85.7488630064927,68.06113689350734,6642,0.82197457228937
1689307200,83,85.099998,82,85.099998,77.58999975000003,86.73918621547278,68.44081328452728,271941,0.9104189087380193
1689566400,84.900002,87.5,84.900002,87.400002,78.30999985000003,88.14196921996852,68.47803048003153,291495,0.9622676194336591
1689652800,87.5,89.900002,85.300003,89.800003,79.11500015000003,89.89596156269394,68.33403873730612,220335,0.9955496286916976
1689739200,89.900002,91.5,86,90.099998,80.01000020000002,91.30582289974184,68.7141775002582,231342,0.9466251847344681
1689825600,90.099998,94,90.099998,92.5,80.96500010000003,93.06496352920068,68.86503667079937,108501,0.976654329060315
1689912000,92.5,93,91,92.400002,81.95500030000002,94.39067137429265,69.5193292257074,27300,0.9199613208487067
1690171200,90.900002,95.300003,90.199997,94.199997,82.97000005000004,95.91358558152822,70.02641451847185,548891,0.9338054908605409
1690257600,94.699997,95.199997,91.5,94.800003,84.01000020000002,97.24282374390035,70.7771766560997,101458,0.9076984312608641
1690344000,94.900002,95.099998,93,93.099998,84.96500010000003,97.92436393114545,72.0056362688546,94467,0.8138656343781713
1690430400,93,97.5,92.900002,96,86.06500010000003,98.8483138342395,73.28168636576056,130844,0.8885925084271992
1690516800,96.5,101,96.5,98.5,87.29000010000003,99.90838387320966,74.6716163267904,254056,0.9441931748739554
1690776000,99.199997,101,96,96.599998,88.41000015000003,100.12629583370476,76.6937044662953,38112,0.8495131085412427
1690948800,98.5,102,98,101,89.44500000000004,101.754910409097,77.13508959090308,608920,0.9693372906865708
1691035200,101,103.75,100,102,90.47000000000004,103.36311421961268,77.5768857803874,424425,0.9471378987111139
1691121600,101,103.75,99,100,91.32000000000004,104.37168166482722,78.26831833517285,604799,0.8325241996742684
1691380800,100,100.5,99,99.199997,92.17999985000003,104.92497477567153,79.43502492432853,85358,0.7754025484922679
1691467200,99.099998,99.400002,97.099998,99,92.97999985000004,105.32189544249246,80.63810425750762,41209,0.7438847462646633
1691553600,99.300003,100,98,98,93.77999985000004,105.21198951829447,82.3480101817056,36020,0.68456980247733
1691640000,99.300003,100,97,98.400002,94.53499980000004,105.05702932172184,84.01297027827823,32346,0.683662390987452
1691726400,97,100,97,99.5,95.37999990000004,104.56141571587396,86.19858408412613,12044,0.7243662732754578
1691985600,99.900002,102.75,96.099998,98,96.02500000000003,103.95415431556157,88.0958456844385,305550,0.6245403936787992
1692072000,100,107.5,99,103.75,96.84249990000004,104.40922116577849,89.27577863422158,687575,0.9564394443363529
1692158400,104.5,116,103,116,98.15249975000003,108.82365159902662,87.48134790097345,1521471,1.3362499429538153
1692244800,119,130,118,129,100.09749984999999,116.71335004422772,83.48164965577226,2327215,1.3697267913513267
1692331200,129.25,135.5,129.25,134.5,102.19749985,124.18859987244105,80.20639982755895,1585582,1.2344448462568172
1692590400,138,139.75,130,132,104.17749975,129.2048146678055,79.1501848321945,1460657,1.0558426931010065
1692676800,132.5,132.5,127.75,130.25,105.97999990000001,132.98769151672275,78.97230828327729,416458,0.9493164474110847
1692763200,130.75,131.75,123.25,129,107.68999975000001,135.95136247899794,79.42863702100209,320006,0.8770165022533503
1692849600,127,127,123,123,109.18499985000001,137.36424954586653,81.00575015413351,322958,0.7451271822192349
1692936000,122,122.25,115,121,110.43499985000001,138.38084238376504,82.48915731623498,164848,0.6890263307902603
1693195200,121,123,116.25,117,111.35999985000001,138.88596243138846,83.83403726861155,207868,0.60244873604917
1693281600,121.75,122,117.25,119,112.47999995,139.327037117479,85.63296278252102,192321,0.6214286703096228
1693454400,118,120,118,118,113.32999995,139.74229642365032,86.91770347634969,65796,0.5884057933898124
1693540800,117.25,118,116,117,114.07999995,140.0102796498414,88.1497202501586,11440,0.5563048313361976
1693800000,117.5,127.75,117.25,127.75,115.46749995,141.2046963953589,89.73030350464111,1177227,0.7386137914453161
1693886400,127,133.5,127,131,117.05750010000001,142.50580574249793,91.60919445750208,1785736,0.7739376855942116
1693972800,132,132.75,127,130.5,118.63250010000002,143.3027100466946,93.96229015330542,172658,0.7405228801384812
1694059200,130,130.5,127.75,128,120.13250010000002,143.19825951984117,97.06674068015886,62056,0.6705450004224089
1694145600,128,129.25,127.25,128.5,121.63750000000002,142.67346622454005,100.60153377545998,43572,0.6631134963507015
1694404800,129,129,124,125,122.91250000000002,141.35855310086626,104.46644689913377,23516,0.5565839203808308
1694491200,124,127.25,122.5,125,124.26250000000002,138.7439320769729,109.78106792302714,59576,0.5254636418580692
1694577600,123.25,127,121.5,127,125.42500000000003,136.45461921373422,114.39538078626582,33270,0.571398657083228
1694664000,126,127,123,125,125.87500000000003,136.02943252968672,115.72056747031334,41127,0.4569153668882063
1694750400,125,125,122.5,123,125.57500000000002,135.6968822360256,115.45311776397443,15911,0.3728003379235567
1695009600,122.5,122.5,119,120,124.85000000000002,134.37024159357136,115.32975840642868,54285,0.24527957340520415
1695096000,119.5,121,117,118,124.15000000000002,133.52203286379057,114.77796713620947,54331,0.17189615692872043
1695182400,119.75,122,117,118,123.5375,132.83571891546956,114.23928108453042,52350,0.20222791857550398
1695268800,121.75,121.75,117,118.75,123.025,132.191378783357,113.858621216643,156927,0.2668108584077969
1695355200,119.75,122,118,118,122.775,132.1995689556595,113.35043104434054,9960,0.24667276442745878
1695614400,122.5,122.5,118,119,122.67500000000003,132.21452304887194,113.1354769511281,17307,0.30738030710903314
1695700800,118,121.25,117.5,118.5,122.75000000000003,132.13216392949798,113.36783607050208,15358,0.27350640897257
1695787200,121,121.5,118.5,120.25,122.81250000000003,132.11018116252504,113.51481883747502,47405,0.36219682331502323
1696219200,120.25,120.25,115,116.75,122.75,132.19192776926337,113.30807223073663,27553,0.18226827473029378
1696305600,119,119,109,115,122.65,132.37162537850475,112.92837462149527,38355,0.10654727465045387
1696392000,113,120,109,119.5,122.2375,131.75652699859614,112.71847300140385,128209,0.3562090431929797
1696478400,119.5,119.75,116.5,117,121.5375,130.41341544574462,112.66158455425537,3925,0.24439256278768373
1696564800,118,118,116,116.25,120.825,128.9660994343514,112.68390056564861,1016,0.21901829495560624
1696824000,115.75,115.75,109,112.75,120.0625,128.22931547483526,111.89568452516474,36237,0.0523040760176165
1696910400,110.75,112.75,110,112,119.2375,127.15816127289993,111.31683872710006,40447,0.043125267535258235
1696996800,110,111,106.25,106.25,118.3,127.5905866337932,109.0094133662068,17631,-0.14850587347034813
1697083200,106.25,112.75,106,112.25,117.66250000000002,126.77468277911545,108.5503172208846,33357,0.20300749385728165
1697169600,113,113.75,108,108.5,116.73750000000003,125.62354945968646,107.85145054031359,13122,0.03649256413824265
1697428800,110,113.75,109,110.5,116.01250000000002,124.43787091171717,107.58712908828286,10224,0.17286306693431203
1697515200,110.5,110.5,108,108,115.26250000000005,123.7366887517314,106.78831124826868,5034,0.07149290552937919
1697601600,110,110,103,106.5,114.58750000000005,123.57954509552579,105.59545490447431,7065,0.05029696169872271
1697688000,106.5,110.5,105,110,114.18750000000004,123.24823258627399,105.1267674137261,21968,0.2689204509609044
1697774400,110.5,113.75,110,113.75,113.97500000000005,122.86586609954087,105.08413390045924,65511,0.48734656458206743
1698033600,113,117.25,111.5,115,113.78750000000002,122.42213230253499,105.15286769746506,62357,0.5702114437255197
1698120000,115,115,111.5,115,113.63750000000002,122.07621287578736,105.19878712421267,25505,0.5807291360693949
1698206400,112,115,108,111.75,113.27500000000002,121.37731448414449,105.17268551585555,75837,0.4058910880968449
1698292800,112,112,106.75,107,112.70000000000002,120.86945530619904,104.53054469380099,13240,0.1511395321745119
1698379200,110,112.5,108,110,112.18750000000004,119.65388299312066,104.72111700687942,16176,0.35351005955523823
1698638400,113.5,113.5,108.25,110,111.85000000000002,119.06699383399936,104.63300616600068,11291,0.3718302909388219
1698724800,110,112,107,110,111.60000000000002,118.70879736664189,104.49120263335816,44590,0.38746338392566615
1698811200,110,112.75,108,112.5,111.25000000000004,117.39206805562773,105.10793194437235,30959,0.60175725738293
1698897600,113,114,111,113.25,111.06250000000004,116.69915459292679,105.4258454070733,19812,0.6940424026287667
1698984000,113.75,113.75,110,113,110.90000000000005,116.09951920853776,105.70048079146234,1732,0.7019417484362508
1699243200,113,113,105.5,108,110.66250000000005,115.93572244931424,105.38927755068586,16456,0.24754526045584108
1699329600,112,112,108.5,108.75,110.50000000000004,115.79858471669192,105.20141528330817,27552,0.33486156270304585
1699416000,112,114,111,113,110.83750000000002,115.86312185206813,105.8118781479319,36675,0.7151475044934072
1699502400,113,114,112.25,114,110.92500000000004,116.10452700542923,105.74547299457085,53333,0.7968417769399346
1699588800,114.25,114.25,110,112,111.10000000000005,116.17543101617576,106.02456898382434,220172,0.5886624207019653
1699848000,110,115,110,111,111.12500000000004,116.19328373317549,106.0567162668246,89681,0.4876684094083141
1699934400,112,113,111.5,112,111.32500000000005,116.19608817411034,106.45391182588975,235532,0.5692863664003827
1700020800,113,113,108,110,111.50000000000004,115.89317652729399,107.1068234727061,18546,0.3292807048976024
1700107200,109.25,109.5,107,109,111.45000000000005,115.93218696619859,106.9678130338015,15180,0.22669591669466274
1700193600,110,110,106.25,106.25,111.07500000000005,115.96146088697806,106.18853911302203,3740,0.006288895828651419
1700452800,106.25,108,105,106.5,110.65000000000005,115.57544414240573,105.72455585759437,2570,0.07871819474404705
1700539200,105,108.75,105,106,110.20000000000005,115.09795875850025,105.30204124149984,156894,0.07124996278183077
1700625600,105.25,105.25,103,105,109.86250000000004,115.19746719764726,104.52753280235282,52481,0.0442802345491028
1700712000,105,108,103.5,108,109.91250000000005,115.15719970541409,104.66780029458602,154430,0.31767306924876915
1700798400,104.25,105,104,104.75,109.65000000000005,115.3561370470715,103.9438629529286,40423,0.07063772219466184
1701057600,105,106,104,105,109.40000000000002,115.45061980296181,103.34938019703823,95898,0.13640088591864497
1701144000,105,105,104,104.25,109.11250000000003,115.55547097618711,102.66952902381294,50783,0.12265079122879835
1701230400,103.75,106,103.25,104,108.68750000000003,115.29975188570344,102.07524811429661,280678,0.14554435606612032
1701316800,107,107,104.5,105,108.27500000000005,114.7246123914523,101.8253876085478,184665,0.2461087735799095
1701403200,105,109.75,104.5,109.75,108.11250000000004,114.23311067214476,101.99188932785532,89226,0.6337693318292833
1701662400,109.5,112,107.5,107.5,108.08750000000005,114.21382638699343,101.96117361300666,43492,0.45205119978202996
1701748800,107.25,107.5,106,106,107.95000000000005,114.13384993349365,101.76615006650644,50330,0.3423312320826016
1701835200,108,108,106,106.5,107.62500000000003,113.38151804478976,101.8684819552103,19496,0.40228468049203153
1701921600,107.75,107.75,105.5,107.75,107.31250000000004,112.27454342987674,102.35045657012334,6941,0.5440846605015334
1702008000,107.75,107.75,106,107,107.06250000000004,111.53428655572725,102.59071344427284,40977,0.493011741591289
1702267200,108.25,108.25,106,106,106.81250000000004,110.92003880078849,102.7049611992116,68304,0.4010964911829826
1702353600,106.25,106.25,105,105,106.46250000000005,109.8767166012091,103.048283398791,59246,0.28582202437271476
1702440000,108.25,108.25,103.75,106,106.26250000000005,109.2686395509829,103.2563604490172,34418,0.4563393522575787
1702526400,104,107,103.5,103.75,106.00000000000007,108.91976026412414,103.080239735876,40920,0.11469439329549264
1702612800,103.25,104,102.25,103,105.83750000000006,109.03232002622488,102.64267997377524,6007,0.05592177701586921
1702872000,103.75,103.75,103,103,105.66250000000007,109.06938640843245,102.25561359156768,3757,0.10924731840044456
1702958400,102.75,104,102.75,103,105.51250000000007,109.10580975563785,101.9191902443623,48100,0.15039195465155067
1703044800,104.25,105,104,104,105.46250000000009,109.11035896108176,101.81464103891842,55563,0.2995399471850155
1703131200,104.5,104.5,100.5,102,105.1625000000001,108.9117499249776,101.41325007502259,32062,0.07824897469070853
1703217600,102.5,102.5,98,100,104.9250000000001,109.29849974276264,100.55150025723755,22552,-0.06305022175320753
1703649600,99.900002,102.5,99.900002,102.25,104.7875000000001,109.3131905550358,100.26180944496438,45289,0.2196560426367825
1703736000,102.25,109,102.25,105,104.82500000000009,109.34467919215015,100.30532080785002,25342,0.5193597811437434
1703822400,105,106.5,103.75,105.5,104.90000000000006,109.4122056690683,100.38779433093183,3008,0.56648633107673
1704168000,104.25,104.25,99.5,104,104.8500000000001,109.37879674968359,100.3212032503166,23703,0.40615608880443815
1704254400,102,103.5,100,103.5,104.5375000000001,108.497534722063,100.5774652779372,9420,0.3690036738541993
1704340800,102.5,104,100,100.5,104.18750000000009,108.27368097983239,100.10131902016778,5964,0.04878405799938196
1704427200,101.25,103.75,101.25,103,104.03750000000011,108.0663801173435,100.00861988265672,20354,0.3712421355584754
1704686400,101.5,103.75,101,102,103.81250000000011,107.76811310038364,99.85688689961658,12164,0.270895186914972
1704772800,103.5,103.5,99.099998,100,103.42500000000011,107.27889413449847,99.57110586550175,22785,0.055644254814757266
1704859200,103,103,99,100,103.07500000000012,106.83698086118532,99.31301913881491,76600,0.091305735799073
1704945600,100,100,98,99.900002,102.7700001000001,106.52305188540484,99.01694831459537,8103,0.11764475097822329
1705032000,100,102,98,99.5,102.49500010000011,106.3585344823934,98.63146571760683,70199,0.11240152104653373
1705377600,98.599998,99.699997,96.400002,96.400002,102.01500020000012,106.3713856071839,97.65861479281634,20160,-0.14445608861200102
1705464000,98,99.900002,98,98.5,101.75250020000011,106.28807835894962,97.21692204105061,41256,0.14144590986902625
1705550400,99.5,101.75,99.5,101.25,101.66500020000011,106.16834277812313,97.16165762187708,80921,0.4539230923696373
1705636800,99.5,99.5,99.5,99.5,101.49000020000013,106.04396491834419,96.93603548165606,8615,0.2815090450762495
1705896000,101,101,98.5,100,101.34000020000012,105.88275210781198,96.79724829218826,1460,0.3525122847127297
1705982400,99.099998,99.099998,97.199997,97.199997,101.00000005000012,105.71030789555813,96.28969220444212,16592,0.09662901294406143
1706068800,97,98,96.400002,98,100.80000005000012,105.66076131547429,95.93923878452595,1368,0.21197926651032695
1706241600,96.5,100,96.300003,100,100.80000005000012,105.66076131547429,95.93923878452595,26755,0.41770835818635066
1706500800,99.900002,101,99.900002,100,100.68750005000012,105.5128368387561,95.86216326124415,32551,0.4287614440092409
1706587200,100,100,97,97,100.28750005000012,104.93979789998085,95.63520220001939,26870,0.14667996804915032
1706673600,100,100.75,97,100.75,100.05000005000014,104.05337367482159,96.04662642517869,32423,0.5874262579015572
1706760000,100.75,103.5,100,102.5,99.97500005000013,103.72793229158466,96.2220678084156,8152,0.8364036155544581
1706846400,103,103.5,100.25,103,99.95000005000013,103.61428721395647,96.28571288604378,37269,0.9161791657598657
1707192000,103,109,103,106,100.22500005000013,104.73991979567965,95.71008030432061,3287,1.1395462461460317
1707278400,106,108,105.25,106.5,100.40000005000013,105.55722801082621,95.24277208917405,22574,1.0914029781439776
1707364800,108,110,107.75,109.5,100.77500005000013,107.26225679610846,94.2877433038918,41693,1.1724722245064487
1707451200,109.5,113.5,106,107,101.12500005000012,108.14101743523591,94.10898266476434,63638,0.9186848198497185
1707710400,110,110,107,109,101.57500005000013,109.35731974080699,93.79268035919327,6840,0.977042851296055
1707796800,107,110,107,109.75,102.06749995000014,110.57627637830745,93.55872352169283,7958,0.9514456405530549
1707883200,109,109.75,107,108.75,102.52999995000013,111.4269882883043,93.63301161169596,9734,0.849556491111769
1707969600,108,109.5,107,108.25,103.12249985000012,111.88494711699862,94.36005258300163,13723,0.7925837950153085
1708056000,109.5,110,105,108.5,103.62249985000014,112.41400044471783,94.83099925528245,7832,0.7773986134363952
1708315200,108.75,108.75,105.25,108.5,103.98499985000012,112.95144329999393,95.01855640000632,4456,0.7517720752481296
1708401600,108,108.75,106,107.75,104.39749985000014,113.25912970217279,95.5358699978275,53292,0.6891582138909756
1708488000,108.5,109,106,108,104.79749985000015,113.55058411309898,96.04441558690132,43254,0.6829355261379649
1708574400,108.75,108.75,105.75,108,105.33750000000013,113.45888381065232,97.21611618934794,19348,0.6639191092352803
1708920000,108,108,105,105.5,105.71250000000016,113.1038378355951,98.32116216440522,157490,0.4856250651284797
1709006400,106,106,104,105.75,106.00000000000014,112.91194618033943,99.08805381966086,21276,0.4819153684449066
1709092800,105.5,105.5,103.5,104.5,106.22500000000014,112.61424878212684,99.83575121787344,26100,0.36500760427222245
1709179200,104,105,102.5,105,106.62500000000014,111.46881048348386,101.78118951651642,28864,0.33226015906887585
1709265600,104,104,100,103.5,106.76250000000013,111.05631823088967,102.46868176911059,65443,0.12009337324413884
1709524800,102.5,104,100.5,104,106.83750000000013,110.87567718778021,102.79932281222005,29879,0.14866573851852172
1709611200,105,105,101,101.5,106.76250000000013,111.1256267457996,102.39937325420067,32209,-0.10306522209863912
1709697600,105.75,106,102,104,106.66250000000014,111.17989692742563,102.14510307257464,91489,0.2053059491146465
1709784000,103,108,103,108,106.73750000000014,111.29127590576316,102.18372409423712,735202,0.6386212262226285
1710129600,108.25,109.75,106,106,106.56250000000014,110.94392385531326,102.18107614468703,55101,0.4358085386651158
1710216000,108,108,106,106.75,106.55000000000014,110.92778482796061,102.17221517203967,2314,0.5228426028070727
1710302400,107,110,107,108.75,106.53750000000014,110.88857745275911,102.18642254724116,75252,0.754247370222856
1710388800,109.75,110,107.25,108,106.45000000000013,110.60511732685377,102.29488267314649,67001,0.686516995559012
1710475200,107.25,108.75,106.75,108.75,106.45000000000013,110.60511732685377,102.29488267314649,47351,0.7767671547004771
1710734400,108.75,108.75,106.5,108,106.43750000000014,110.57233675613796,102.30266324386233,46124,0.6889433721513261
1710820800,106.5,108,106,106,106.31250000000014,110.34013888648293,102.28486111351735,13756,0.4612055587891795
1710907200,105.75,107,105.75,106.5,106.21250000000013,110.11530347954117,102.3096965204591,28371,0.5368324976529021
1710993600,105.75,106,105.25,105.25,106.08750000000016,109.94520333228185,102.22979666771847,2825,0.39145095826941
1711080000,106,106,104.75,105,105.93750000000016,109.71862086555024,102.15637913445008,141487,0.3760288240794217
1711339200,105,105,104,105,105.78750000000016,109.46606969485225,102.10893030514808,49096,0.39296111460084354
1711425600,106.75,106.75,104,106.75,105.85000000000016,109.54932426260388,102.15067573739645,122899,0.6216438376459577
1711512000,106.5,112.5,106.25,110,106.06250000000016,110.1791582320972,101.94584176790312,497228,0.9782398462543817
1711598400,110.5,111,106,109.5,106.31250000000016,110.6220098329037,102.00299016709661,29933,0.8698216413921321
1711944000,109.75,109.75,107,109,106.51250000000016,110.92972480748816,102.09527519251216,34665,0.7815681913882985
1712030400,108,109.75,107.5,108.25,106.75000000000016,111.0014703338841,102.49852966611621,37396,0.6764095574235742
1712116800,109,111,107.75,111,107.10000000000016,111.53677811028341,102.66322188971692,294512,0.9395081186233653
1712203200,111,113,110,112,107.62500000000016,111.76172575836193,103.48827424163838,363359,1.0287998595454908
1712289600,112.75,117,110.75,115,108.17500000000015,113.0895193050683,103.26048069493201,322135,1.1943710642220398
1712548800,115,118,115,116,108.57500000000016,114.55433942838904,102.59566057161128,379150,1.1208879834407133
1712635200,117,117,114.25,116.25,109.08750000000016,115.80738653177167,102.36761346822865,284343,1.0329331057999016
1712721600,116.5,117,114,117,109.60000000000016,117.05218088883262,102.1478191111677,75646,0.996498951809475
1713153600,114,117,113,116,109.96250000000016,117.9033359131694,102.02166408683092,27610,0.8801551918474433
1713240000,116.5,116.5,111,111,110.11250000000014,118.0126186699888,102.21238133001148,79007,0.556170042316664
1713326400,111,114.25,108.25,114,110.37500000000016,118.42406826905355,102.32593173094676,175053,0.7251813426615501
1713412800,114.5,114.5,110.25,112.75,110.61250000000015,118.64754044793044,102.57745955206987,50604,0.6330111536993219
1713499200,112,112,109,110,110.81250000000016,118.5727754461352,103.05222455386512,62609,0.44765005407090175
1713758400,110,112,108,110,110.98750000000015,118.50493806092805,103.47006193907225,54336,0.4343193790227077
1713931200,111.5,113,108,113,111.37500000000016,118.45578385490549,104.29421614509482,52754,0.6147471828895114
1714017600,113,114,112,113,111.77500000000016,118.24782782096646,105.30217217903386,29156,0.5946263390501374
1714104000,113.5,116.75,113,116,112.32500000000016,118.24762610671017,106.40237389329015,344893,0.8102508864974834
1714363200,116,120.75,116,119,112.93750000000016,118.96011363528194,106.91488636471837,505770,1.0033113833240435
1714449600,119,123.25,117,123,113.58750000000018,120.87494639773558,106.30005360226477,646930,1.1458023487435036
1714622400,122,128.5,122,126,114.41250000000018,123.23615428832423,105.58884571167613,886516,1.1566157071301537
1714708800,126,131,125,130.25,115.475,126.32154322814546,104.62845677185453,1161399,1.1810925697350596
1714968000,130,132,128,128.25,116.475,128.13036357219423,104.81963642780575,129379,1.0051322477872413
1715054400,128,130,126,126.5,117.25,129.3970160944993,105.10298390550071,115035,0.8807519446767181
1715140800,127,128,124,124.5,117.875,130.16269709913232,105.58730290086768,28737,0.7695785852528794
1715227200,125,126,123,126,118.425,131.12647629214894,105.72352370785107,340946,0.798193683386327
1715313600,126,129.5,125,128,119.025,132.33091973521618,105.71908026478384,262244,0.8372559048378393
1715572800,128,129,126,127.75,119.6,133.3626305625063,105.83736943749369,71126,0.7960916506108632
1715659200,128.5,128.5,120,124,119.95,133.78618444514274,106.11381555485727,90487,0.6463553776713988
1715745600,125,126,122,124,120.35000000000002,134.1688277360995,106.53117226390056,56747,0.6320661951109258
1715832000,124,127,120,122,120.9,134.04572173750913,107.7542782624909,12763,0.5418387069939766
1715918400,122.5,124.5,121,124,121.40000000000002,134.21444497432458,108.58555502567546,2556,0.6014480145339663
1716177600,124,125,120,121.75,121.85000000000002,134.03441627653885,109.66558372346118,40007,0.4958963975897407
1716264000,120,124.75,118.25,124.75,122.58750000000002,133.53655817867454,111.63844182132551,71906,0.5987527860712201
1716350400,124.75,125.75,122.25,125,123.33750000000005,132.67060639604932,114.00439360395077,148629,0.5890646655814238
1716782400,123,125,123,124.5,123.91250000000005,131.9550042741657,115.86999572583439,10252,0.5365246930540739
1716868800,123,123,121,121,124.31250000000004,130.7872104182333,117.8377895817668,61706,0.24419705391983185
1716955200,122,125,120.5,120.5,124.53750000000005,130.08789413014728,118.98710586985281,16908,0.13628709013021537
1717041600,121,121,119,120,124.58750000000002,129.95237418305413,119.22262581694591,14445,0.07245036477365716
1717128000,120,120,118.75,119.5,124.41250000000002,130.18587639514382,118.63912360485624,8655,0.07455571369535845
1717387200,119.5,119.5,118.25,118.5,124.03750000000005,130.30303070377687,117.77196929622323,24156,0.05809808763189966
1717473600,118.5,122,118.25,119.75,123.51250000000005,129.35303721843985,117.67196278156024,81604,0.1778977806937827
1717560000,121.75,123,119,120.75,123.13750000000005,128.66804020869387,117.60695979130622,16343,0.28415309265386257
1717646400,122,125,121.75,123.5,122.98750000000004,128.30368989502654,117.67131010497353,182139,0.5482018146567178
1717732800,125,126,121,123,122.91250000000007,128.1833514492402,117.64164855075992,31810,0.5083003667284675
1717992000,125,125,123,124,122.81250000000007,127.91856257305483,117.70643742694531,19817,0.6162833379937894
1718078400,124,124.75,120,123,122.56250000000007,127.08432208849106,118.04067791150908,20325,0.5483765163067185
1718164800,123.75,123.75,120,122,122.27500000000006,126.12175187658097,118.42824812341915,54477,0.46425555782863626
1718251200,122.5,122.5,120,121.75,122.16250000000005,125.93170084367789,118.39329915632221,12569,0.4452801778005613
1718337600,123,123,120,120.5,121.98750000000007,125.72405924614581,118.25094075385432,10822,0.30095324307590976
1718683200,120.5,122.75,118.75,119.5,121.86250000000004,125.75311370480247,117.9718862951976,16363,0.19638466071768385
1718769600,119.5,119.5,118.75,119,121.61250000000007,125.56368653064611,117.66131346935403,17142,0.16940310464501027
1718856000,119.5,119.5,118,118.75,121.46250000000005,125.60458582721063,117.32041417278947,28939,0.17256834923834283
1719201600,119,119.5,118,118.5,121.15000000000005,125.19474968322876,117.10525031677133,26137,0.1724148331121582
1719288000,118.5,118.5,117.75,118,120.80000000000007,124.65875627631117,116.94124372368897,37163,0.13718879873428827
1719374400,118.5,122.75,117.75,120,120.57500000000007,124.05026977369579,117.09973022630436,100217,0.41727260940255
1719460800,120,122,116,116,120.32500000000007,124.32218651052844,116.32781348947171,182659,-0.04100552833952907
1719547200,116.5,120,116.25,120,120.3000000000001,124.298749804619,116.30125019538119,28326,0.4624882757538906
1719806400,120,121.5,115.25,117,120.15000000000006,124.39970587217238,115.90029412782775,5268,0.12938611579842307
1719892800,115.5,118.25,114.5,118.25,120.08750000000006,124.40975346318108,115.76524653681905,57129,0.2874372690481075
1719979200,118,118,114,114,119.86250000000007,124.90103897474013,114.82396102526,16130,-0.08176586798185007
1720065600,118,118,112,114.5,119.6000000000001,125.15517776492803,114.04482223507216,24865,0.040968784815632646
1720152000,117,117,110,114,119.26250000000009,125.296725302386,113.22827469761418,1906,0.0639456818160801
1720411200,116.75,116.75,110,110,118.58750000000009,125.527015472996,111.64798452700418,18923,-0.11873916366474506
1720497600,111,111,110,110,117.93750000000009,125.50862111909237,110.3663788809078,28261,-0.024195814275371725
1720584000,116,116,109,109,117.18750000000011,125.16853220140919,109.20646779859104,21184,-0.012934905747816833
1720670400,116,116,111,115.25,116.80000000000011,124.35579247994099,109.24420752005923,1007,0.39742968695110065
1720756800,114,114,111.75,113.75,116.38750000000012,123.65811723651653,109.1168827634837,1312,0.318619251007097
1721016000,113.75,114,112,114,116.00000000000011,122.90289794216388,109.09710205783635,29724,0.35513330656506853
1721102400,114,115.75,112,112,115.57500000000012,122.36304095449698,108.78695904550325,7247,0.23666923756317415
1721188800,112,114.5,112,113,115.25000000000011,121.87570750938626,108.62429249061397,2175,0.3302068121168414
1721275200,111.75,114,109.25,109.25,114.76250000000012,121.64267986682977,107.88232013317047,78058,0.09939274069151283
1721361600,111,111,109,109,114.27500000000009,121.33527619855955,107.21472380144063,2109,0.1264310452134741
1721620800,112.5,112.5,106,106,113.65000000000009,121.29264352171072,106.00735647828947,53889,-0.00048127838676294965
1721707200,106,109.75,106,106,113.05000000000011,121.10543294925455,104.99456705074567,11962,0.062407132899503816
1721793600,110,111.5,106.5,110,112.55000000000011,120.03932573733759,105.06067426266263,107730,0.32975770520386943
1721880000,109.5,110,107,108,112.15000000000012,119.71372923893553,104.58627076106471,24798,0.2256644263098827
1721966400,108.5,108.5,106.5,107.75,111.53750000000011,118.41186360690519,104.66313639309503,35569,0.22451995438561864
1722225600,107.75,107.75,106,107.75,111.07500000000012,117.65546350950554,104.4945364904947,4765,0.247358222167999
1722312000,106,107.75,105,106.75,110.50000000000011,116.45189045597604,104.54810954402419,50595,0.18497404079110957
1722398400,107,108.5,105,107.5,110.1750000000001,116.03610057923922,104.31389942076098,145200,0.2718005378140635
1722484800,107.75,108,107.75,108,109.85000000000011,115.42987455055622,104.270125449444,3061,0.3342256637458158
1722571200,109,120,107,107.75,109.53750000000011,114.84616037715281,104.2288396228474,15571,0.33164302545204144
1722830400,114,114,104.75,107,109.38750000000012,114.80385255498908,103.97114744501116,45474,0.27960260380382657
1722916800,108,109.5,105,108,109.2875000000001,114.72871999187336,103.84628000812683,225366,0.3816901354913936
1723003200,108,108,105,108,109.23750000000011,114.70667498348094,103.76832501651928,8017,0.3868659346484732
1723089600,107.75,107.75,105,106.5,108.80000000000011,113.63890483476827,103.96109516523195,15863,0.2623429186420125
1723176000,104.25,106.5,104.25,106.5,108.43750000000011,112.80177256251747,104.07322743748276,10335,0.2780271543257436
1723435200,107.5,108,106,107,108.08750000000012,111.66267482089141,104.51232517910883,628,0.3479095352700815
1723521600,107,108.75,106.5,108,107.88750000000012,110.97972816104094,104.7952718389593,6538,0.5181907663569717
1723608000,108,110,108,108,107.63750000000012,109.65910208743854,105.61589791256169,10994,0.5896566149818355
1723694400,109,113,109,111.5,107.75000000000011,110.29950975678508,105.20049024321514,7240,1.2354355067714624
1723780800,111,111,109,109,107.75000000000011,110.29950975678508,105.20049024321514,5308,0.7451451689238059
1724126400,110,110,108.5,108.5,107.87500000000011,110.31169858619042,105.43830141380981,5011,0.6282472940112492
1724212800,110,110,108,108.5,108.00000000000011,110.29128784746375,105.70871215253648,975,0.6091089451186515
1724299200,109,109,106.5,108,107.90000000000012,109.99999999998363,105.80000000001661,3901,0.5238095238096824
1724385600,108,108,106,107.25,107.86250000000011,109.98072449233895,105.74427550766127,10430,0.3554213677031422
1724644800,108,108,106,106,107.77500000000012,110.04381026089479,105.50618973910545,28266,0.10882581708261108
1724731200,107.75,107.75,101,103,107.53750000000011,110.61676533445032,104.4582346655499,31785,-0.2367828860402924
1724817600,103,104,100.25,102.25,107.31250000000014,111.1526660120258,103.47233398797448,94238,-0.15915119087907698
1724904000,104,104,103.5,103.75,107.12500000000011,111.26474636903517,102.98525363096506,6212,0.09236633127516888
1724990400,104,104,103,103.25,106.88750000000013,111.33293304976297,102.44206695023729,84840,0.09087225481956276
1725249600,105,105,103,103,106.65000000000013,111.38392015140913,101.91607984859114,47137,0.11448441426354071
1725336000,102.75,103,100.5,103,106.45000000000016,111.4389878732972,101.46101212670312,33207,0.15423848607992469
1725422400,103,105,101,103,106.20000000000013,111.35169874894966,101.0483012510506,61434,0.18942283352140535
1725508800,105,109,103,106,106.10000000000016,111.18527285402594,101.01472714597439,21646,0.49016768589703114
1725595200,107.25,107.25,103,103,105.92500000000015,111.18118683076449,100.66881316923582,32197,0.22175646583943717
1725854400,107.75,107.75,102.5,102.5,105.72500000000016,111.17912687787009,100.27087312213024,32845,0.2043523122751713
1725940800,103,103,101.75,103,105.52500000000016,111.07004283120563,99.9799571687947,11864,0.27231916173934767
1726027200,103,103,102.5,102.5,105.25000000000016,110.8222526862933,99.67774731370702,22,0.2532416282229339
1726113600,103,103,102,102,104.95000000000016,110.54374650836994,99.35625349163038,17960,0.23631268456783378
1726200000,104.5,104.5,104,104,104.57500000000016,109.30019840852202,99.8498015914783,3570,0.4391559940675559
1726632000,105,106,103.25,103.25,104.28750000000016,108.58073595902923,99.9942640409711,85040,0.37917039618819354
1726718400,105,107,103,104,104.06250000000018,107.89615034919545,100.22884965080492,98851,0.49184850021425347
1726804800,105,107,104,105,103.88750000000019,107.17564157235923,100.59935842764115,28480,0.6691685068173118
1727064000,105,107,102.5,104,103.68750000000018,106.3841414296089,100.99085857039147,31312,0.557942445845527
1727150400,107,109,105,107,103.67500000000018,106.30701443762806,101.04298556237231,26483,1.1316454713288928
1727236800,109.75,115,109,114,104.07500000000019,109.22548541400536,98.92451458599501,268722,1.463501418042249
1727323200,115.5,119,110,113,104.57500000000019,110.99586442777603,98.15413557222435,14554,1.1560643114931954
1727409600,113,113,109,112.75,105.10000000000018,112.33947511908718,97.86052488091318,56995,1.0283532213426951
1727668800,112.75,117,112.75,116,105.71250000000018,114.332643560283,97.09235643971735,189217,1.096712799970021
1727755200,115.5,120,114,117.5,106.42500000000015,116.36745945427535,96.48254054572496,320417,1.0569547480144696
1727841600,117,118,114.5,118,107.17500000000015,118.1773861048365,96.1726138951638,119137,0.9919387438712715
1727928000,118,120.75,115.25,120.75,108.06250000000016,120.36176318930937,95.76323681069094,488450,1.0157829296241132
1728014400,121,121,118,119.25,108.87500000000016,121.8571993514158,95.89280064858451,25864,0.8995856063814218
1728273600,119.25,120.25,118.5,120,109.57500000000019,123.34734547925197,95.8026545207484,198580,0.8784758382551908
1728360000,119.25,120,118.25,118.25,110.33750000000018,124.25715786217033,96.41784213783002,31423,0.7842203478831131
1728446400,118,118.5,116.5,116.5,111.03750000000018,124.71620151000714,97.35879848999322,11509,0.6996717303906225
1728532800,116.5,119,116,119,111.83750000000018,125.41346681639565,98.2615331836047,40150,0.7637933672373811
1728619200,118,119.75,116,119.75,112.70000000000019,125.98213085313725,99.41786914686313,260599,0.7653941629529533
1728878400,120,120,118.25,118.5,113.52500000000016,126.07579678745086,100.97420321254947,15958,0.6981945881306216
1728964800,119,120,117,118,114.22500000000016,126.11711923922259,102.33288076077774,22787,0.6587185565525269
1729051200,118,118,117,117.5,114.93750000000016,125.77479094376892,104.10020905623139,10688,0.6182260406819304
1729224000,117,122.75,117,122.5,115.86250000000015,125.93905074913494,105.78594925086537,143948,0.8293537722007589
1729483200,121,122,118.75,121,116.66250000000016,125.64341726940445,107.68158273059588,121375,0.7414842420816301
1729569600,121.5,121.5,118.75,121,117.51250000000016,124.54541369205495,110.47958630794537,15299,0.7479413336139566
1729656000,121,123.5,120,123.5,118.33750000000016,123.97725841680122,112.6977415831991,416191,0.9576880442804563
1729742400,123.75,124,122,123.5,118.81250000000016,124.51090986591021,113.1140901340901,225319,0.911298950961931
1729828800,123.5,124,122.25,122.25,119.27500000000018,124.49251856727713,114.05748143272322,656355,0.7850972125579314
1730088000,122.25,124,122,122,119.73750000000015,124.13487137388923,115.34012862611108,216605,0.7572559613038633
1730174400,122,123.25,120,123,120.08750000000016,124.35152098961699,115.82347901038334,141110,0.8415203638879792
1730260800,123.25,127,122.5,125.5,120.48750000000015,125.18450702574512,115.79049297425519,790498,1.0335844690592986
1730433600,126.75,128.5,125,128,120.9875,126.56530198644612,115.40969801355388,253243,1.1286078294855353
1730692800,128.5,128.5,124.75,125,121.2,127.04294446319656,115.35705553680344,20493,0.8251785143548235
1730779200,127.25,127.25,123,123.75,121.425,127.29675442265776,115.55324557734224,103762,0.6979817131851052
1730865600,123,123.5,122,123.25,121.5875,127.47238530049646,115.70261469950356,44640,0.6412516909938538
1730952000,122.25,123.5,122.25,123,121.82500000000002,127.53267027779155,116.11732972220848,54519,0.602931664130275
1731038400,125,126,123,123.25,122.16250000000002,127.34486191325693,116.98013808674311,42945,0.6049232008688994
1731297600,123,124,122.5,122.5,122.33750000000002,127.31312810105264,117.3618718989474,94319,0.5163295966559078
1731384000,123.25,128,123.25,126,122.65000000000005,127.72050293363054,117.57949706636956,211342,0.8303419842024766
1731470400,126,126,124.25,125,122.97500000000002,127.7653548929044,118.18464510709565,479523,0.711362210657865
1731556800,124.25,125.75,123.25,124.5,123.30000000000003,127.54735211631576,119.05264788368429,290654,0.6412644828045108
1731902400,128,128,125,128,123.82500000000002,127.64959148145104,120.000408518549,643295,1.0458099277071047
1731988800,128,128,125,127,124.05000000000003,128.0612342240232,120.03876577597687,185552,0.8677172455216533
1732075200,127.75,127.75,124.75,125,124.25000000000003,128.02491721763155,120.4750827823685,69934,0.5993399267799758
1732161600,127.25,127.5,124,125,124.45000000000002,127.9270677301412,120.97293226985883,44912,0.5790896299247024
1732248000,125,127,125,125.5,124.55,128.02706773014327,121.07293226985671,37762,0.6366093607789548
1732507200,125.5,125.75,122.5,124,124.575,128.02862128786552,121.12137871213447,65533,0.41675404567080243
1732593600,123,123.5,122.25,123,124.6125,127.97952762091445,121.24547237908554,80132,0.2605454748895027
1732680000,123,124,123,124,124.7125,127.8758645063455,121.54913549365452,5996,0.3873825639487987
1732766400,124,125.75,124,125.75,124.85,127.94192496675004,121.75807503324995,172572,0.6455404011543666
1732852800,125.75,128,125,127.5,124.94999999999997,128.24241552663693,121.65758447336302,432569,0.887253671258914
1733112000,128,131,127.5,130,125.04999999999998,128.79699879904302,121.30300120095694,413054,1.1605286344452812
1733198400,130.5,136.5,130.25,136,125.59999999999998,131.66712452484978,119.53287547515016,790663,1.357078172485464
1733284800,136,140.75,136,140.5,126.43749999999997,135.25350107758834,117.6214989224116,728032,1.2975554832762595
1733371200,140,141,136,139,127.22499999999998,137.460843883141,116.98915611685895,117956,1.0751846225104154
1733457600,136.5,140.5,136.5,137,127.925,138.80399351962373,117.04600648037625,458926,0.9170882160941795
1733716800,137,140.25,137,140,128.7625,140.60888657988198,116.916113420118,325805,0.9743007466548484
1733803200,140,142,139.5,141.75,129.72499999999997,142.4734312760447,116.97656872395524,535977,0.9716266550613143
1733889600,140.5,142,139.25,140,130.425,143.8004439178667,117.04955608213334,114700,0.8579320454257925
1733976000,140,141.5,139.5,139.5,131.14999999999998,144.8388640872805,117.46113591271946,317569,0.8049924357039493
1734062400,139.5,148,139.5,148,132.325,147.48423810750506,117.1657618924949,557712,1.0170114714485416
1734321600,148.5,155.5,148.25,155.25,133.68749999999997,151.6804673761734,115.69453262382656,852818,1.0991924386122502
1734408000,155,156.5,146.25,151.5,134.91249999999997,154.20645954696792,115.61854045303203,380518,0.9298625162870406
1734494400,151,155.25,150.25,155.25,136.42499999999998,157.0690669442829,115.78093305571707,196795,0.955942137050988
1734580800,156.5,160,154.5,158,138.075,160.03581738005272,116.11418261994727,333550,0.9536488705128554
1734667200,159.5,169.75,159,167.5,140.17499999999998,164.7956722085331,115.55432779146687,667173,1.0549198610127637
1734926400,169,176,167.5,174,142.67499999999998,170.20094230902973,115.14905769097022,1089538,1.0690086764027695
1735012800,176,185,172.25,185,145.77499999999998,177.39931817446893,114.15068182553102,775799,1.1201714734780792
1735185600,184.5,193.25,181.25,190,149.07499999999996,184.4710096621082,113.67899033789172,411797,1.0781018876233757
1735272000,192.75,194.5,184,190,152.28749999999997,190.2052646361179,114.36973536388203,709021,0.9972932919689789
1735531200,191.5,194.75,184.5,186,155.21249999999995,194.0449204113014,116.3800795886985,166758,0.8964148986067312
1735617600,185,191,180.5,189.75,158.19999999999996,197.9956027721662,118.40439722783371,511061,0.8964005794889817
1735790400,190,195,186.5,194.75,161.13749999999996,202.5836925271797,119.69130747282023,601879,0.9054956312085545
1735876800,194.5,198,188.25,194,163.81249999999994,206.47362838404618,121.1513716159537,987702,0.8538056908416084
1736136000,192,196,180,190,166.36249999999995,208.8829289136417,123.84207108635822,272885,0.7779546279743249
1736222400,189,189,181,185.75,168.79999999999993,209.8726794840572,127.72732051594267,100165,0.7063415415419801
1736308800,185,191,182,184,170.99999999999994,210.34367801820352,131.65632198179637,157197,0.6652107867747545
1736395200,184.75,186.5,181,182.5,173.03749999999994,210.27534197560436,135.7996580243955,144784,0.627054892254487
1736481600,181,185,180.25,184.75,175.27499999999992,209.56453922116924,140.9854607788306,76080,0.6381616699321305
1736913600,185,187,183,183,177.44999999999993,207.6628284011955,147.23717159880437,136157,0.5918484017170078
1737000000,183,186.5,183,186.5,179.37499999999994,206.5947079337764,152.1552920662235,252153,0.6308794351749596
1737086400,187,187.75,184,185,180.86249999999993,205.80216469301664,155.92283530698322,120989,0.5829501930143953
1737345600,185,185.5,183.75,184.75,182.52499999999992,203.5374367934827,161.51256320651714,61025,0.5529448350485981
1737432000,185,187,184,185,184.01249999999996,200.8977561425659,167.12724385743402,541725,0.5292414871193649
1737518400,187,194.75,185,193,185.76249999999996,198.15955106063822,173.3654489393617,617936,0.7919040973776315
1737604800,195,209,195,206,187.68749999999994,200.10006923445263,175.27493076554725,902179,1.237659531000695
1737691200,207,207.5,200.25,205,189.23749999999995,202.1579053729003,176.3170946270996,138025,1.109984731325102
1737950400,206,206,201,203,190.13749999999996,204.20828089517633,176.0667191048236,252625,0.9570641848459689
1738036800,202,214.25,202,213.5,191.31249999999997,208.67976446508027,173.94523553491968,361987,1.1387735974370516
1738123200,212.5,218,212.5,215,192.56249999999997,212.74285864399016,172.38214135600978,202332,1.055924213137858
1738209600,217,217,211,213.75,193.94999999999996,215.87521379599417,172.02478620400575,68327,0.951534935627801
1738296000,212.75,222,212.75,221.75,195.54999999999995,220.48020256636656,170.61979743363335,299829,1.0254670500621308
1738555200,220.25,222.5,215,218,196.71249999999995,223.48528235447523,169.93971764552467,334231,0.8975586048201987
1738728000,215.25,217.75,206,209,197.46249999999998,224.7252378485736,170.19976215142634,184436,0.7115983373365352
1738814400,201.25,213.75,201.25,210.75,198.49999999999997,226.12471719312356,170.87528280687638,269816,0.7217217268571591
1738900800,210,211,207,209.75,199.7,227.08914018365687,172.3108598163431,68949,0.6834668765176655
1739160000,211,211,201,205,200.74999999999997,227.2466979074765,174.25330209252346,28445,0.5801986725825337
1739246400,205,205,199.5,200,201.62499999999997,226.77480119205853,176.4751988079414,60171,0.4676935815995021
1739419200,200,213.75,200,212,202.98749999999995,227.27045441251016,178.70454558748975,232452,0.6855725593949339
1739505600,212.5,223.75,212.5,223,204.98749999999995,228.94291431493218,181.03208568506773,574123,0.8759588492855296
1739764800,223,226,222.75,225.5,206.93749999999994,230.905121388032,182.96987861196789,604921,0.8872411804967225
1739851200,226,226,221.5,223.75,208.87499999999994,231.67220377590309,186.0777962240968,111998,0.8262461516381906
1739937600,225,225.75,217,221,210.68749999999994,231.1709536882834,190.2040463117165,321208,0.751727568918195
1740024000,224.5,224.5,216.75,218.75,212.37499999999994,229.3812488515266,195.36875114847328,52118,0.6874311041681531
1740110400,218,220,214,216,213.52499999999995,228.06709407203897,198.98290592796093,53383,0.5850977853581241
1740369600,213.25,214,207.25,210,213.72499999999997,227.95428318644244,199.4957168135575,121381,0.3691079532541347
1740456000,208,212,201.25,207,213.82499999999996,227.83401495466407,199.81598504533585,141101,0.2564068557965359
1740628800,206,210,205,208.75,214.11249999999995,227.44054843178458,200.78445156821533,180406,0.29882651134386984
1740715200,208.5,208.5,205.5,205.5,213.71249999999995,227.56013066376408,199.8648693362358,83297,0.20346912770102782
1740974400,205.5,208.5,200,201,213.01249999999996,227.90501070169128,198.11998929830864,82146,0.09669325607280856
1741060800,201,201,195,198,212.22499999999997,228.48146025431092,195.96853974568901,93039,0.06248162953470375
1741147200,197,200,197,200,211.13749999999996,227.60828853607077,194.66671146392915,447238,0.16190143308533833
1741233600,200.25,205,199,199,210.18749999999994,227.1498664327825,193.2251335672174,350345,0.17022584837047644
1741320000,199.25,200,198.5,198.75,209.67499999999995,227.3541543915423,191.9958456084576,58097,0.19102028982714114
1741579200,200,200,195,195,208.88749999999996,227.6734488714294,190.10155112857052,134421,0.13037533810387594
1741665600,198,200,194,196,208.19999999999996,227.79821420435968,188.60178579564024,44599,0.18874715132754266
1741752000,197.75,197.75,193,197.5,207.82499999999996,227.93413971307433,187.7158602869256,181846,0.24327593951503182
1741924800,197.75,198,196.25,197,207.67499999999995,228.05826519476153,187.29173480523838,51003,0.23814303307147794
1742184000,198.75,198.75,192,193,206.72499999999997,227.96641002852564,185.4835899714743,50584,0.1769282269498992
1742270400,192.75,192.75,186.5,188,204.97499999999997,226.33143930995857,183.61856069004136,217494,0.10257888139423017
1742356800,190,190,188,189,203.14999999999995,223.38758878918054,182.91241121081936,121673,0.15040301620406443
1742443200,188.5,194,188.5,194,201.66249999999997,219.89932743790553,183.4256725620944,230183,0.289916858453315
1742529600,194,198,194,197.75,200.49999999999997,216.48280325850016,184.5171967414998,52142,0.4139700353084985
1742788800,198,199,196.5,196.5,199.3875,213.065470426926,185.70952957307398,40869,0.3944470594001377
1742875200,196.25,197.75,196.25,196.25,198.39999999999998,209.79999999999706,187.0000000000029,15458,0.40570175438594175
1742961600,197,197,192,194.5,197.62499999999997,207.80770592720384,187.4422940727961,31522,0.34655355745611305
1743048000,191,194.5,190,194,196.97499999999997,206.3049249728976,187.64507502710234,10014,0.34056677794076573
1743134400,194.5,194.5,192,194.5,196.26249999999996,203.9118055240288,188.6131944759711,10847,0.38479346298409706
1743480000,193,196,193,196,195.78749999999997,202.15592798498355,189.41907201501638,202246,0.5166838661362818
1743566400,196.75,198,196,196.75,195.575,201.50184570407276,189.6481542959272,61723,0.5991252395175888
1743652800,195.75,198,188,188,195.075,201.74039571217668,188.4096042878233,27456,-0.030726179323083025
1743739200,189,189,178,185,194.325,201.91627788978153,186.73372211021845,713528,-0.11419171682228753
1743998400,183.5,183.5,170,173,193.02499999999995,204.74880057830865,181.30119942169125,121734,-0.3540319270292809
1744084800,175,184,175,184,192.28749999999997,204.3293800442416,180.24561995575834,103843,0.15588845057616174
1744171200,182.25,184,167,176,191.33749999999998,205.22929164110627,177.44570835889368,175540,-0.052034625779146484
1744257600,188,194,185,189,190.9875,204.74383944768218,177.23116055231785,244589,0.4277605787659271
1744344000,190,190,183,187,190.4625,203.9840337517553,176.9409662482447,102856,0.371963489365601
1744776000,187,194.75,185,194,190.31249999999997,203.6052376788936,177.01976232110636,138588,0.6387035571255983
1744862400,195,197,193,194,190.36249999999998,203.70273519282517,177.0222648071748,83679,0.6363356772733806
1745208000,196.75,206,196.25,199,190.91249999999997,204.71673395194102,177.1082660480589,99724,0.7929354873351312
1745294400,199,199,193,196,191.26249999999996,205.20925141385857,177.31574858614135,41717,0.6698424191920593
1745380800,199,199,193.25,193.5,191.23749999999995,205.16631455831637,177.30868544168354,59406,0.5812165310453209
1745467200,195,195,191,194,191.04999999999998,204.72168607012026,177.3783139298797,152730,0.6078872051651075
1745553600,195,196,192,196,191.02499999999995,204.65850651886512,177.39149348113477,152758,0.6824548949720295
1745812800,196,201.75,195,197,191.06249999999994,204.75727546365547,177.3677245363444,40357,0.7167797499038062
1745899200,199,200,194.5,198,191.23749999999995,205.19052386581222,177.28447613418768,48743,0.7423309837722538
1745985600,198,199.75,195,198,191.43749999999994,205.65533650911578,177.2196634908841,61963,0.7307840576093443
1746158400,198,200,195.5,199,191.66249999999994,206.20577593769576,177.1192240623041,68026,0.7522643464730473
1746417600,199,204,199,201.75,191.94999999999996,207.04188523677294,176.85811476322698,112753,0.8246777936039859
1746504000,202,202,194.5,200,192.11249999999995,207.47517798920188,176.74982201079803,48934,0.7567098003858438
1746590400,200,200,197,197,192.56249999999994,207.94420585468197,177.18079414531792,46617,0.6442460297291841
1746676800,199.75,199.75,197.75,198.75,193.24999999999994,208.4462166344103,178.0537833655896,7126,0.6809660961119047
1746763200,199,199,197.25,198.75,194.53749999999997,206.71665740106377,182.35834259893616,19129,0.6729388931139065
1747195200,200,212.5,200,212,195.93749999999994,209.32674475091545,182.54825524908443,728192,1.0998284555557833
1747281600,210,212.5,209,212,197.73749999999995,209.5023576276937,185.9726423723062,504982,1.1061484316829728
1747368000,212.5,214,208,210,198.78749999999997,210.98614234248598,186.58885765751396,38860,0.959579832132163
1747627200,210,210,205,205,199.68749999999997,210.89003877475523,188.48496122524472,18465,0.7371114310254236
1747713600,208,208,203.75,204,200.18749999999997,211.2213966371765,189.15360336282345,61888,0.6727630829508846
1747800000,204,205.25,203,203,200.6375,211.35486324847938,189.9201367515206,49740,0.6102183412666922
1747886400,205.75,208,204,207.5,201.06249999999997,212.15402266372337,189.97097733627658,138182,0.7901991094989557
1747972800,208,208.5,205,208,201.66249999999997,212.89111857041578,190.43388142958415,44430,0.7822030136769239
1748232000,209.75,210,205.75,210,202.48749999999998,213.62019396866,191.35480603133996,103166,0.837407101153983
1748318400,210,210,205.5,207.75,203.175,213.81349143440204,192.53650856559798,78484,0.7150210877270468
1748404800,207,210,207,208,203.77499999999998,214.07536407122862,193.47463592877133,42037,0.7050898381253071
1748491200,209.75,214.25,209.75,213,204.575,215.12855390377368,194.0214460962263,830101,0.8991546391300205
1748577600,214,214.5,206,213.25,205.33749999999995,216.0825860862031,194.5924139137968,165941,0.8681915592169998
1748836800,214,214,211.25,212,206.0375,216.60191550677803,195.47308449322196,140398,0.7821973442910551
1748923200,212.5,222.75,212.5,222.75,207.22499999999997,219.550684565163,194.89931543483692,902636,1.1297824643297882
1749009600,224,236,224,233.25,208.79999999999995,225.2761949490745,192.32380505092542,1228264,1.2419795673567637
1749096000,236,236,229.75,235.75,210.58749999999995,230.29680934862873,190.87819065137117,514365,1.1383404805037134
1749182400,235,236,232,233.75,212.42499999999995,233.52778417649967,191.32221582350024,206781,1.0052650830724932
1749441600,233.75,238,231,237,214.33749999999995,237.01087370132515,191.66412629867474,238651,0.9997602098949104
1749614400,237,245,234,245,216.64999999999995,241.79229504241704,191.50770495758286,607753,1.06379101335362
1749700800,245,248,240.5,243,218.19999999999996,245.7148141916298,190.6851858083701,590948,0.9506663179201902
1749787200,239,243,228,240,219.59999999999997,248.52377914450204,190.6762208554979,616237,0.8526510124780449
1750046400,239.5,241,230,239,221.04999999999995,250.79920166996004,191.30079833003987,295114,0.8016887679733177
1750132800,237.5,244,236.5,239.5,222.77499999999995,252.60237836283898,192.94762163716092,371476,0.7803632252983587
1750219200,237.75,240,230,230,224.07499999999996,252.76040569697278,195.38959430302714,444246,0.6032755133845868
1750305600,230.25,233,227,228.5,225.34999999999997,252.3950550008673,198.30494499913263,297786,0.5582361544448516
1750392000,228,235,228,234.25,226.68749999999994,252.6951310916618,200.67986890833808,66555,0.6453900198243088
1750651200,230,232,224,228.5,227.71249999999992,252.26869830103976,203.15630169896008,95923,0.5160346481638962
1750737600,235.25,242,235,238,229.1124999999999,252.64092695549496,205.58407304450483,876942,0.6888672799250701
1750824000,238,240,238,239.5,230.69999999999996,252.4672919767231,208.93270802327683,181332,0.7021381439962842
1750910400,240,249,238.75,246.75,232.63749999999996,252.81823028906308,212.45676971093684,230457,0.8496528569049917
1750996800,246.5,246.5,243.75,246,234.28749999999997,253.1277992279832,215.44720077201674,200288,0.810836358230543
1751256000,246,265,245.25,265,236.875,257.57071211627795,216.17928788372203,993339,1.1794885781649098
1751342400,265,270.25,263,270.25,239.7875,262.0002637857127,217.5747362142873,727900,1.185698103438923
1751428800,270.25,271,265,267,242,265.7460523034852,218.2539476965148,344320,1.0264032875967923
1751515200,268.5,272,267.5,268.25,243.75,269.71391726993164,217.78608273006836,342124,0.9718086208889023
1751601600,269.25,269.25,260,266,245.2625,272.6702885828074,217.85471141719256,57583,0.8783139952598801
1751860800,266.5,267,262.5,265,246.825,274.9821926867695,218.66780731323044,33250,0.822741691655576
1751947200,263,267,255,265,248.225,277.06503294033973,219.38496705966026,231499,0.7908283779477957
1752033600,267,274,266.5,272,249.575,280.1597592764742,218.9902407235258,374892,0.8666041605442573
1752206400,273.5,280,272,278,251.325,284.12938232919413,218.52061767080585,414531,0.9065767758148077
1752465600,280,280,275.25,277.5,253.2,287.4555105056098,218.94448949439018,428202,0.8546874596427417
1752552000,278.5,278.5,265.25,274,254.95,289.69751789696534,220.20248210303464,334075,0.7741202991316932
1752638400,274,274,265.25,265.25,256.2375,290.5046398718931,221.9703601281069,69900,0.6315035341976746
1752724800,265,266.5,261.5,266,258.0375,290.3276978160527,225.74730218394737,255717,0.6232959309410224
1752811200,267,280,267,277.25,260.475,290.7771863897617,230.17281361023834,483063,0.7767952085079215
1753070400,277.25,298,277.25,285,263.01250000000005,292.59648003987644,233.42851996012365,454866,0.8716115946935283
1753156800,285,288,279.5,285,265.83750000000003,292.3281941207623,239.34680587923776,214252,0.8616836144920268
1753243200,285,288,282,285,268.1875,292.64403031400485,243.73096968599518,64110,0.84372210170738
1753329600,284.75,295,284.5,295,270.96250000000003,294.3399864987618,247.58501350123828,219208,1.0141164342298554
1753416000,295,306,291,303.75,273.81250000000006,298.5465226206686,249.0784773793315,615089,1.1051886597488432
1753675200,303,309,302,305,276.7625000000001,301.5976942814959,251.9273057185043,293150,1.0684976666568522
1753761600,303.75,309.5,299,309,278.9625000000001,306.8481033644541,251.0768966355461,208338,1.0385843656926017
1753848000,309.5,313,307,307,280.80000000000007,310.9021593909751,250.69784060902506,256702,0.935184726446153
1753934400,308.25,310,307,308,282.8500000000001,314.4602831369742,251.23971686302593,206740,0.89781358317829
1754020800,310,315,310,310,284.9375000000001,317.90068969698814,251.97431030301212,195175,0.8801589019507106
1754280000,310,314.5,307.75,308.75,287.0750000000001,320.3913248273221,253.75867517267812,195902,0.8252909814083802
1754366400,308.25,310,306.25,308,289.225,322.1126496575821,256.33735034241795,31875,0.7854414984877386
1754452800,308,312,305,309,291.42500000000007,323.4105826897005,259.43941731029963,215048,0.7747331535351268
1754539200,310,310.5,307.25,310.5,293.35,325.06056606243044,261.6394339375696,173044,0.7704145988159875
1754884800,311,311,306.5,307,294.80000000000007,326.2211712066831,263.37882879331704,50791,0.6941366208113383
1754971200,309,309,306.25,306.25,296.23750000000007,326.9846441763244,265.4903558236757,76294,0.6628199995190068
1755057600,309,309,297,300,297.5375,326.5643302609816,268.51066973901845,185867,0.5424176525280151
1755144000,299.25,299.25,292.25,294,298.975,324.04086324066685,273.9091367593332,117383,0.400761446908228
1755230400,294,298,292.25,295,300.42500000000007,320.56395478915886,280.2860452108413,584076,0.36531078556965485
1755489600,295,299,292.75,294,301.26250000000005,318.6869619716027,283.83803802839736,290025,0.29160045194405365
1755576000,292,296,290,292,301.6125,317.9644685359241,285.26053146407594,389422,0.20607514383109118
1755662400,293,293,288,288.25,301.77500000000003,317.516585053601,286.0334149463991,254479,0.0704053958369922
1755748800,289,293,287,289,301.975,316.94154602771874,287.0084539722813,281056,0.06653325436711532
1755835200,289,290,286.75,287.5,301.6,317.5878078547296,285.61219214527046,145006,0.0590389837019178
1756094400,287.5,294.75,287.5,288,300.8125,317.81828945535284,283.80671054464716,26134,0.12329005561200031
1756180800,288,289.75,287.5,288,299.96250000000003,317.72853149270344,282.19646850729663,26304,0.16333224150500097
1756267200,288,290,286.5,287.75,298.90000000000003,316.9169364765421,280.88306352345796,38475,0.19056892622901628
1756353600,287,288,284.75,288,297.9500000000001,316.1609856954425,279.7390143045577,117296,0.22681324980420306
1756440000,288,288,285,287.5,296.92500000000007,315.0654933780663,278.7845066219338,34569,0.24022206001861351
1756699200,287.5,294.75,286.25,292,296.02500000000015,313.2441027640664,278.8058972359339,63356,0.3831239915589639
1756785600,293.75,295,290,293,295.2375000000001,311.4690087099005,279.00599129009976,82576,0.4310754151080433
1756872000,290,292,287,289,294.2875000000001,309.61906466247535,278.9559353375248,27580,0.3275616313010281
1756958400,289.75,289.75,286,287,293.1875000000001,307.24263696125354,279.1323630387467,41123,0.2798847490046686
1757304000,287,289,284.75,286,291.9625000000001,303.8760164833756,280.04898351662456,169503,0.2497590233613922
1757390400,285,286,280,282,290.7125000000001,301.2152079841183,280.2097920158819,56573,0.08522601917644518
1757476800,281,283.75,280,282,289.5000000000001,297.9454129561288,281.05458704387144,112814,0.05597197917021308
1757563200,282,292,282,285,288.7500000000001,295.8966775497113,281.60332245028894,289735,0.23764032489812922
1757649600,282.25,289,282,285,288.30000000000007,295.1967383595227,281.4032616404774,91839,0.26075647443957334
1757908800,288.5,288.5,280.25,280.75,287.5875000000001,294.5125902520967,280.6624097479035,166575,0.0063241235065482305
1757995200,285,285,281,282.5,287.0125000000001,293.61453567088887,280.41046432911133,75751,0.15824934725075268
1758081600,283,284.75,278,282,286.5125000000001,293.0421917997421,279.9828082002581,87094,0.1544630176742498
1758168000,280.5,287.5,278.5,282.5,286.2250000000001,292.92742493428284,279.5225750657173,388196,0.22211550024627771
1758254400,283.5,284.75,281.5,284.75,286.0125000000001,292.61832129637776,279.40667870362245,118753,0.40444034561664555
1758513600,285,287.5,281.25,282,285.73750000000007,292.5280725089798,278.94692749102035,98269,0.2248022905979083
1758600000,282,288.5,282,282.75,285.4750000000001,292.30123615176655,278.6487638482336,67585,0.30040245170137314
1758686400,285,290,282.5,290,285.5750000000001,292.60191255101387,278.54808744898634,267689,0.8148608985721266
1758772800,291,305.25,291,304,286.3875000000001,297.0499047475046,275.7250952524956,437673,1.3259159362770394
1758859200,305.5,309.5,300,301,287.0375000000001,299.4544994362408,274.6205005637594,152333,1.062233254164789
1759118400,303,305,301.25,304,287.86250000000007,302.31801365395336,273.4069863460468,91721,1.0581780207300573
1759204800,305,305.5,304,305,288.5125000000001,304.71703254492627,272.30796745507394,145135,1.00873112057658
1759291200,305.5,306.5,300,305,289.11250000000007,306.76149076433705,271.4635092356631,215203,0.9500965582718626
1759377600,305.25,305.25,300,302,289.7625000000001,308.2830797695295,271.2419202304707,22988,0.8303757266857652
1759464000,302.5,304.75,299,304.75,290.65000000000003,310.2270273535023,271.07297264649776,146134,0.8601159600330618
1759809600,305,305,302.25,302.75,291.48750000000007,311.6223423137531,271.352657686247,26634,0.7796768860788922
1759896000,305,305,300.25,302,292.48750000000007,312.6248254182297,272.35017458177043,32172,0.7361907503215047
1759982400,302,302,299.5,299.75,293.3750000000001,313.14650727687484,273.6034927231254,21120,0.6612168437824731
1760068800,299.75,299.75,294.75,295,293.8750000000001,313.2763530455872,274.473646954413,63994,0.5289928232674415
1760328000,295,300,294,294,294.32500000000016,313.2947785964798,275.35522140352055,40172,0.49143374293096725
1760414400,298.5,300,294,297,295.1375000000001,313.07591896599547,277.19908103400473,25302,0.5519137166862507
1760500800,298,298,294,297,295.86250000000007,312.8459294239905,278.8790705760096,28118,0.533488524949888
1760587200,298,300,295,299,296.7125000000001,312.4948279334713,280.9301720665289,683317,0.5724702974631699
1760673600,298,305.5,298,304.5,297.8125000000001,312.5084815936033,283.11651840639695,268406,0.7275281837216919
1761019200,304,319,303,313.25,299.23750000000007,314.11657507204734,284.3584249279528,548197,0.9708794038657906
1761105600,315,319.75,314.5,316.75,300.975,315.50849579419014,286.4415042058099,604478,1.0427118232045094
1761192000,316.75,318,314,315,302.5875000000001,315.7682387880798,289.40676121192035,133011,0.9708575217052856
1761278400,316,316,313,315,303.8375000000001,316.7451285583213,290.92987144167887,184834,0.9323993346091343
1761537600,315,316,309,310,304.1375000000001,317.3222212712129,290.9527787287873,87605,0.7223217267702097
1761624000,310,311,301,308,304.48750000000007,317.69211567027435,291.2828843297258,58770,0.6330027350931211
1761710400,308,312,306.5,310,304.78750000000014,318.2050957235067,291.36990427649357,110610,0.6942412078666216
1761796800,312,312,311.5,311.75,305.1250000000001,318.8822708049071,291.36772919509315,101309,0.7407817689260311
1761883200,311.75,312,310.25,312,305.47500000000014,319.5541512528104,291.39584874718986,300174,0.7317256162262422
1762142400,312,314,308,310,305.8750000000001,319.9910369792478,291.75896302075245,169799,0.6461104134986381
1762228800,310,310,307,310,306.13750000000016,320.35498483380405,291.92001516619626,116089,0.6358362623611263
1762401600,309.25,311,308,309.5,306.47500000000014,320.6752640820318,292.2747359179685,94554,0.6065121036667043
1762488000,310,313,310,312,306.97500000000014,321.2139430787378,292.73605692126245,411091,0.6764527034139018
1762747200,311,319,311,314,307.6875000000001,321.83482748612164,293.5401725138786,49395,0.7230986738022579
1762833600,315,317.5,312,313,308.58750000000015,321.6395831670457,295.5354168329546,62773,0.6690343197912159
1762920000,314,314,308,309,309.33750000000015,320.5438319154624,298.1311680845379,156539,0.48494154900344905
1763006400,307.5,307.5,300,300.25,309.5000000000001,320.0617233442105,298.9382766557897,53967,0.06209797877963434
1763092800,300.75,309.5,300,302,309.7500000000001,319.3051033484542,300.194896651546,70050,0.09445755229565565
1763352000,306,306,302,302,309.90000000000015,318.8504189845796,300.9495810154207,115738,0.05867987780175839
1763438400,303,303,297,300,309.6750000000001,319.3537137574982,299.99628624250204,331084,0.0001918518096004952
1763524800,302.75,302.75,295.5,298,308.91250000000014,319.68546964627694,298.13953035372333,69739,-0.006475946665808752
1763611200,300,300,296.75,298.5,308.0000000000001,319.05101805263183,296.9489819473684,88866,0.07017534697910666
1763697600,298.5,298.5,294.75,295,307.0000000000001,318.9216190175494,295.0783809824508,109704,-0.003287346388751508
1763956800,295,295,275,289.5,305.7250000000002,319.29233208849445,292.15766791150594,260390,-0.09794364485851159
1764043200,289,298,287,288.25,304.63750000000016,320.0245684342245,289.25043156577584,212948,-0.03250884241050931
1764129600,291,295,285,290,303.7375000000002,320.29382432031593,287.18117567968443,67791,0.08512832515779721
1764216000,295,295,286.75,288,302.63750000000016,320.2716111201988,285.0033888798015,42743,0.08496632180019824
1764302400,288.25,293,285.25,290.25,301.56250000000017,319.4628317008228,283.66216829917755,75761,0.18401423534849082
1764561600,285.25,285.25,275,280.25,299.97500000000025,319.4531287602103,280.4968712397902,138500,-0.0063371395381295196
1764648000,279.5,289,278,284.25,298.6875000000002,318.740476711685,278.63452328831545,93231,0.14001603832742793
1764734400,287,287,277,280,297.1875000000002,318.1009376657541,276.27406233424637,94620,0.08907999070508922
1764907200,278,284.25,276,276.5,295.53750000000025,317.48646068152965,273.58853931847085,94058,0.06632342924508532
1765166400,278,279,265,273.75,293.6250000000002,316.16080484472246,271.089195155278,183020,0.05903505250989859
1765252800,271,271,266.75,270,291.42500000000024,314.1648878625073,268.68511213749315,97176,0.028911485194146495
1765339200,275,277.75,272,274,289.47500000000025,311.14346787383437,267.80653212616613,480903,0.14291430086094886
1765425600,275,290,274.25,283,288.17500000000024,308.04715388425353,268.30284611574695,107434,0.36979267496260404
1765512000,283,287,279,282,287.2625000000002,306.49884255775964,268.0261574422408,7992,0.363214642175379
1765771200,285.75,285.75,274,275,285.91250000000025,304.604259547977,267.2207404520235,24504,0.20809329180618916
1765857600,274.5,286,269,270,284.3125000000003,302.69787122277785,265.9271287772227,67610,0.11076391043253497
1765944000,279.5,279.5,265,270,282.8125000000003,300.72260538772304,264.90239461227753,31872,0.14231087080081725
1766030400,270,270,268.75,269.5,281.3875000000002,298.764550238735,264.0104497612654,33508,0.1579540302674025
1766116800,269.5,270.25,268.75,270,279.96250000000026,296.1243957736851,263.80060422631544,118690,0.19179048858174672
1766376000,270,270,268,268.5,278.6375000000002,293.9749337814214,263.30006621857905,21004,0.1695177255702266
1766462400,269.5,269.5,267.5,268.25,277.5750000000002,292.69791307914903,262.4520869208514,12791,0.19169299753308283
1766548800,268.25,268.75,266.5,267.5,276.53750000000025,291.434039027555,261.6409609724455,5036,0.19665772756734945
1766721600,268,270,267.25,267.5,275.41250000000025,289.4457417851127,261.3792582148878,12566,0.21808010860347202
1766980800,270,270,266,266,274.3125000000003,287.6587307412759,260.96626925872465,19468,0.18858248590396484
1767067200,267,270,265.25,269,273.2500000000002,284.5835784287,261.9164215713005,98786,0.31250405479887744
1767153600,270,277.75,265.5,266.75,272.5750000000003,283.7677431847332,261.38225681526734,102533,0.2397867571934618
1767326400,270,275,269.5,273.25,272.02500000000026,281.86865277726645,262.1813472227341,49297,0.5622228367719787
1767585600,273,275,272,272,271.6250000000002,280.7648851196016,262.48511488039884,46444,0.5205144810406614
1767672000,275,279,274,278.5,271.72500000000025,281.11635240524134,262.33364759475916,282630,0.8607041727141865
1767758400,278.5,278.5,278.25,278.25,271.9500000000002,281.73212655814075,262.1678734418597,0,0.8220158706062243
1767844800,280,310,280,288,272.85000000000025,284.81703806292046,260.88296193708004,93726,1.13298871117248
1767931200,293,293,280.75,284,273.35000000000025,286.2654945704538,260.4345054295467,145450,0.9122954774168488
1768190400,290,290,281,281,273.2500000000002,285.8931799797147,260.60682002028574,81680,0.8064893488993418
1768276800,282,284,279,279.5,273.1250000000002,285.46548216235726,260.7845178376432,99358,0.7582962284669008
1768363200,280,289,279.25,287,273.72500000000025,287.4599008004953,259.9900991995052,162354,0.9832579496868767
1768536000,289.5,290,285,287,274.5750000000003,289.34752517342264,259.8024748265779,15598,0.9205442148223199
1768795200,286,287.5,286,287,275.4250000000003,290.98223304444844,259.86776695555216,37239,0.8720134540290388
1768881600,287,287,284.5,285,276.2000000000003,292.04108582135166,260.3589141786489,15447,0.7777587376030328
1768968000,285,287,283.5,286,277.0000000000003,293.12141432999573,260.87858567000484,364941,0.7791318371879553
1769054400,287,287,284,284.5,277.8000000000003,293.7417690360658,261.8582309639348,54126,0.710139790158862
1769140800,285,285,280,280,278.3875000000003,293.73308161163567,263.0419183883649,70605,0.5525395531042333
1769400000,284,285,279.75,283.75,279.2000000000003,293.85912684982713,264.5408731501734,86204,0.6551934179508606
1769486400,285,285,280.5,282,279.9250000000003,293.59897162492626,266.2510283750743,53985,0.5758740787576755
1769572800,281.5,284,279.75,279.75,280.6125000000003,292.70844456829496,268.5165554317056,110554,0.46434755487136403
1769659200,283,285,280,280,281.16250000000025,292.03479851500583,270.29020148499467,187400,0.4465384436236824
1769745600,282.25,285,282,283,281.97500000000025,290.61777154617505,273.33222845382545,525833,0.5592981079346824
1770004800,284,284,275,284,282.51250000000033,290.202550389901,274.8224496100997,11536,0.5967158812088673
1770091200,283,283,279.75,280.5,282.9375000000003,289.03027235741797,276.8447276425826,8877,0.2999679081204525
1770264000,280,284,278,279.75,283.0000000000003,288.9329587896189,277.06704121038166,91221,0.2261063058716107
1770350400,284,284,278,281.75,283.1750000000003,288.73175264874254,277.61824735125805,68652,0.3717776289427927
1770609600,281.5,281.5,279,280,282.77500000000026,288.02833227574604,277.5216677242545,69119,0.23588192652383527
1770696000,279.5,281,275.25,276,282.3750000000003,288.3614430172957,276.38855698270487,64732,-0.03245307619084413
1770782400,280,280,275.75,278.25,282.2375000000003,288.4654109659095,276.0095890340911,13865,0.17986857697329206
1770868800,279.5,279.5,272,273,281.91250000000025,289.25633244630694,274.56866755369356,27604,-0.10680169823880319
1770955200,273,273,266,269.25,281.0250000000002,289.83820032675555,272.21179967324485,62942,-0.16803201807709645
1771214400,269.25,270,268,269,280.1250000000003,289.93379707198534,270.31620292801523,35796,-0.06709298389781364
1771300800,269,270,265,267.5,279.1500000000002,289.86610936858625,268.43389063141416,256560,-0.04357414614262106
1771387200,268,268,265,265,278.15000000000026,290.15145824470505,266.14854175529547,56213,-0.04785009170873968
1771473600,265.25,270,265,267.75,277.2375000000003,289.4854334991415,264.9895665008591,21506,0.11268976514831903
1771560000,268,268,265,267.75,276.40000000000026,288.8362373730746,263.9637626269259,10020,0.15222600130131184
1771819200,267,269.75,264.25,269.75,275.8875000000003,288.5311495917685,263.24385040823205,48754,0.2572892243076653
1771905600,270,270,264,268.75,275.1375000000003,287.60493257448707,262.6700674255135,78229,0.24383258293806306
1771992000,269,269,264,264,274.2375000000003,287.18303494450294,261.29196505549766,25992,0.10459339672372209
1772078400,264,267.75,263.25,265,273.5000000000003,286.78156617268206,260.2184338273185,22325,0.18000761772043383
1772164800,265,269,262.75,265,272.7500000000003,286.1719968707839,259.32800312921665,16156,0.21129482167924957
1772510400,240,260,240,250,271.10000000000025,286.96694677622116,255.23305322377934,97149,-0.16490422819158504
1772596800,250.25,259,250,254,269.60000000000025,285.9694838036954,253.23051619630508,43388,0.02350360625059005
1772683200,255,255,250,251,268.1250000000002,285.5803000546964,250.66969994530405,37818,0.009461311282560558
1772769600,255,255,250,253,266.78750000000025,284.57111254074795,249.00388745925255,29189,0.11235379008598873
1773028800,250,250,245,248,265.10000000000025,283.2847463551044,246.9152536448961,31468,0.029825721346930765
1773115200,250,254,244.5,248,263.5000000000002,281.7900246035785,245.20997539642192,53989,0.07627175643690033
1773201600,253,253,248.5,250.5,262.22500000000025,280.4066528401418,244.0433471598587,4987,0.17755956779370066
1773288000,251,251,244.5,245,260.5625000000003,278.65937473016766,242.46562526983288,148632,0.07002244221601224
1773374400,250,250,241.25,243.75,259.10000000000025,277.66165402111193,240.5383459788886,12177,0.08651314202545007
1773633600,243,243,230,233.5,257.3125000000003,278.34157213833646,236.28342786166408,28083,-0.06618047252284294
1773720000,235,235,225,225,255.11250000000027,279.69627259493353,230.528727405067,53878,-0.11244668375687947
1773806400,225,233.75,220,224,252.93750000000028,280.29342943037017,225.5815705696304,44031,-0.02890727170604885
1773892800,230,230,219,227,251.03750000000028,280.00915640758916,222.0658435924114,61383,0.0851548896302688
1773979200,220,225,215,220,248.65000000000026,279.5265283022473,217.77347169775322,244634,0.036055353769885154
1774238400,215,215,208,211,245.8125000000003,279.4532026531756,212.17179734682503,107468,-0.017416362537160425
1774324800,215,226,215,226,243.6250000000003,276.4344879569829,210.81551204301775,175165,0.231403915490712
1774411200,227,235.75,227,234.25,241.90000000000032,272.8173899286366,210.98261007136404,107576,0.3762832176704098
1774497600,234.5,234.5,229,230,240.20000000000033,269.77980730159203,210.62019269840863,22320,0.3275850837024982
1774584000,230,235,229,230,238.45000000000033,266.02743642906887,210.87256357093182,72315,0.34679504163241476
1774843200,225,228,223,228,236.6000000000003,261.6536424497398,211.54635755026086,11765,0.32836826985830647
1774929600,228,228,222.75,228,235.5000000000003,260.0300835709824,210.9699164290182,5462,0.34712648902524634
1775102400,228.5,228.5,222,222,233.90000000000038,257.55343526846104,210.2465647315397,35133,0.24845091495298033
1775448000,225,231,219.75,231,232.90000000000032,255.23125612228998,210.56874387771066,37108,0.457458729827028
1775534400,225.5,232.5,225,225,231.5000000000003,252.05541291240186,210.94458708759876,109069,0.3418907947093898
1775620800,235,250,235,238.25,231.01250000000033,250.40932641566184,211.61567358433882,69666,0.6865640245704298
1775707200,239,240,238.5,239,230.5625000000003,248.74138541686014,212.38361458314048,3414,0.7320686831595961
1775793600,240,240,238.5,240,230.03750000000028,246.3984863700025,213.67651362999806,21441,0.8044590275518446
1776225600,240,240,239,239,229.73750000000032,245.18456687366154,214.2904331263391,17541,0.7998142001894599
1776312000,239.5,248,238,248,229.95000000000033,246.25536721448898,213.64463278551167,110406,1.0534987272154401
1776398400,250,259,243,256,231.07500000000033,250.92449621525307,211.2255037847476,33680,1.1278496877126487
1776657600,252.75,258.75,248,254,232.52500000000032,254.5095968805294,210.54040311947125,113653,0.9884101381685848
1776744000,254.25,256.25,254,255.5,234.10000000000036,257.8578408109678,210.3421591890329,11588,0.9503776283853345
1776830400,256.75,262,255.25,262,235.85000000000036,262.26562037884474,209.43437962115598,17418,0.9949722858097727
1776916800,262,262,256,261,237.90000000000032,265.41790326313696,210.38209673686367,3725,0.9197267462405966
1777003200,260,260,254,257,240.20000000000033,265.9743089140968,214.42569108590382,8422,0.8259059254700603
1777262400,252.5,256,250,253,241.55000000000035,267.03460319485646,216.06539680514427,8719,0.7246454440050051
1777348800,254,254,247,249.75,242.32500000000036,267.81720469083126,216.83279530916943,26944,0.6456327549941236
1777435200,250,250.25,247,247,243.17500000000035,268.0939185158435,218.25608148415725,10256,0.5767489166427457
1777521600,247,249.25,247,247.5,244.05000000000035,268.2763286529189,219.8236713470818,6393,0.5712035250868279
1777867200,247.5,248,246,247,245.00000000000037,268.09816009986935,221.9018399001314,14603,0.5432934915887733
1777953600,247.75,247.75,244.5,244.75,245.83750000000038,267.5844969190976,224.09050308090318,11067,0.47499654770619393
1778040000,245,247.75,245,246,247.03750000000042,265.8399433252471,228.23505667475376,63566,0.4724105005383174
1778126400,247,254,245.25,252,248.0875000000004,265.483099299799,230.6919007002018,26918,0.6124566027467906
1778212800,255,255,251,252,249.4375000000004,263.2856722620414,235.5893277379594,16753,0.5925212349872209
1778472000,252,253,251,252,250.1250000000004,263.01540340715417,237.23459659284663,12002,0.5727285229475066
1778558400,252,252,251.5,251.5,250.7500000000004,262.59166373442395,238.90833626557685,26663,0.5316678473912142
1778644800,251.5,252,251.25,251.25,251.31250000000037,262.07804109179835,240.54695890820238,3722,0.49709721975572657
1778731200,252,252,250,250,251.86250000000035,261.0664054210296,242.6585945789711,4729,0.39882012500123765
1778817600,250,251.5,247,247,251.8125000000004,261.1101811624812,242.5148188375196,10461,0.24119891207818434
1779076800,245,245,236.5,240,251.01250000000036,261.418597971826,240.6064020281747,111410,-0.029136859455702012
1779163200,239.75,246.75,239,239.75,250.30000000000035,261.6947356265623,238.90526437343843,37579,0.03706692521204413
1779249600,239.75,239.75,236,237.75,249.41250000000042,261.77299655147897,237.05200344852187,12078,0.02823497213769432
1779336000,240,240,232,234,248.01250000000041,260.69169062870867,235.33330937129216,24794,-0.052578646789696384
1779422400,235,235,232,233,246.6125000000004,259.4289688974445,233.7960311025563,31644,-0.031055008556804795
1779681600,233,238,232,234.5,245.48750000000035,258.40887279855593,232.5661272014448,84368,0.07483232736584229
1779768000,234.5,238,230,232.75,244.47500000000042,258.0404893018693,230.90951069813156,21234,0.06783718821019186
1779854400,238,238,230,233.5,243.66250000000042,257.80134277439726,229.5236572256036,41655,0.14061768837252034
1780027200,236,236,230,230,242.8125000000004,258.0480464292923,227.5769535707085,35208,0.079519511838215
1780286400,237,237,228,230,241.9375000000004,257.98420916416046,225.89079083584033,10459,0.12803899921541187
1780372800,231,231,228,228.75,241.02500000000038,257.8720323795975,224.17796762040325,24453,0.1356925147580824
1780459200,231,238,228.5,228.5,240.21250000000038,257.8131214378701,222.6118785621306,3026,0.16727027107123674
1780545600,228.5,235,227.75,228,239.31250000000037,257.46936853505383,221.1556314649469,13868,0.1884787710457733
1780632000,233,233,227,228,238.1125000000004,255.9257499841875,220.29925001581333,10302,0.21615230210721428
1780891200,228,228,223,226.5,236.8375000000004,254.13509737648974,219.53990262351107,19838,0.2011868245340536
1780977600,225,229,223,227,235.5875000000004,251.90717753968113,219.26782246031968,1899,0.23689737499040048
1781064000,229,229,223,225,234.26250000000041,249.4640418625585,219.06095813744233,55800,0.19534340385516202
1781150400,223,223,220,222.75,232.8375000000004,246.68513066373092,218.9898693362699,11445,0.13576801530310098
1781236800,223,229.25,220,220,231.33750000000038,243.85975518823085,218.8152448117699,47788,0.04730598324428163
1781496000,225,235,225,230,230.4875000000004,240.74478399719507,220.23021600280575,28347,0.4762363994146141
1781582400,238.5,238.5,228,230,229.98750000000035,239.26984210741844,220.70515789258226,42884,0.5006733214449001
1781668800,235,235,229,230,229.50000000000037,237.6332650269837,221.36673497301703,13289,0.530737963065313
1781755200,234,234,229.5,230,229.1125000000004,236.32269243842194,221.90230756157888,70359,0.5615448205841427
1781841600,237.75,237.75,225,229.75,228.9000000000004,235.76367248629256,222.03632751370824,177512,0.5619202039212375
1782100800,230,230,225,226.25,228.5625000000004,235.24807215196256,221.87692784803824,12095,0.32705294719452715
1782187200,236.25,236.25,224.5,225,228.08750000000038,234.3550254286797,221.81997457132104,22884,0.25369066826020364
1782273600,224.75,231.75,224.75,229.75,227.93750000000037,233.88702729207677,221.98797270792397,1365,0.6523230259329615
1782360000,231,231,227.25,230,227.76250000000036,233.2339600427311,222.29103995726962,140524,0.7044701032745669
1782446400,233,235,229.5,233.25,227.92500000000035,233.82860059617835,222.02139940382236,168592,0.9509959568951079
1782792000,233.25,233.25,230,233.25,228.08750000000038,234.37692564938493,221.79807435061582,51053,0.910411084238256
1782878400,234,234,229.5,233.5,228.32500000000036,235.04083948581248,221.60916051418823,55197,0.885283180973305
1782964800,230,232,229.5,230.25,228.41250000000036,235.18057764429238,221.64442235570834,13267,0.6357475561431631
1783051200,232,232,230,230,228.51250000000036,235.31227021664645,221.71272978335426,4371,0.6093786960887432
1783310400,230.75,230.75,224.5,224.5,228.3375000000004,235.3576050561291,221.3173949438717,21016,0.22667787951049354
1783396800,228,230,226,226,228.3125000000004,235.3621010524779,221.2628989475229,22211,0.33598362639346113
1783483200,227,227,225,226.5,228.28750000000042,235.35905393100177,221.21594606899907,6325,0.3736133516450954
1783569600,227,227,224.5,224.5,228.26250000000036,235.3837270711683,221.14127292883242,8509,0.23582502268227218
1783656000,225,225,224.5,224.75,228.3625000000004,235.22266581425612,221.5023341857447,110880,0.2367046148874795
1783915200,225,226,220,220.25,228.37500000000037,235.17481617392548,221.57518382607526,13626,-0.09744262140180143
1784001600,220.5,222,216.5,219,227.82500000000036,235.70392759194903,219.9460724080517,65445,-0.060038145865083554
1784088000,219,219,215.25,219,227.27500000000038,235.96392973841773,218.58607026158302,9491,0.02381937424276936
1784174400,219,220,218,220,226.77500000000038,235.9181668473875,217.63183315261324,70074,0.1295047376316619
1784260800,220,220,218.5,219.75,226.26250000000036,235.76707126856337,216.75792873143735,16160,0.15740169566927886
1784520000,220,220,217.75,219.5,225.75000000000037,235.5479589710915,215.95204102890924,8992,0.1810560230737347
1784606400,218,220,218,219,225.38750000000041,235.61182760620946,215.16317239379137,14358,0.1876322705015142
1784692800,219.75,220,218.5,218.5,225.06250000000037,235.71951060331588,214.40548939668486,11215,0.19210408789690497
1784779200,218,220,218,219.5,224.55000000000035,235.24181930258808,213.85818069741262,5818,0.2638381337599811
1784865600,220,220,219,219.5,224.02500000000038,234.62558960620544,213.4244103937953,34181,0.2865684755236792
1785124800,219.25,224.75,218.75,220,223.36250000000035,233.20307289994847,213.52192710005224,13221,0.32915120724230995
1785211200,220,220,219.5,219.75,222.6875000000003,231.52332904991383,213.8516709500868,4490,0.3337733797583451
1785384000,220,220,219.5,219.5,221.98750000000032,229.3876266880537,214.58737331194695,5391,0.3319285530600377