time,open,high,low,close,Basis,Upper,Lower,Volume,Bollinger Bands %b
1551078000,31.525,31.525,31.525,31.525,,,,400,
1551081600,31.25,31.25,30.75,30.75,,,,12400,
1551168000,30.75,30.75,30.75,30.75,,,,200,
1551243600,31.75,31.75,31.75,31.75,,,,4,
1551247200,30.8,30.8,30.75,30.75,,,,4436,
1551250800,30.75,30.75,30.75,30.75,,,,15564,
1551326400,31.225,31.225,30.75,30.75,,,,4004,
1551337200,30.75,30.75,30.75,30.75,,,,12096,
1551340800,30.75,30.75,30.75,30.75,,,,23912,
1551412800,30.5,30.5,30.5,30.5,,,,40,
1551416400,30.75,30.75,30.75,30.75,,,,4,
1551420000,30.75,30.75,30.75,30.75,,,,96,
1551423600,30.5,30.5,30.4,30.4,,,,4000,
1551427200,30.725,30.725,30.725,30.725,,,,116,
1551758400,30.725,30.725,30.725,30.725,,,,12,
1551769200,30.725,30.725,30.725,30.725,,,,1872,
1551772800,30.75,30.75,30.75,30.75,,,,4,
1551844800,30.75,30.75,30.75,30.75,,,,35280,
1551852000,30.475,30.475,30.475,30.475,,,,32,
1551859200,30.475,30.475,30.475,30.475,30.777499999999996,31.39776204139964,30.15723795860035,4,0.25615144905740794
1551942000,30.75,30.75,30.75,30.75,30.73875,31.255585321935342,30.221914678064657,400,0.510883544063778
1552017600,30.75,30.75,30.75,30.75,30.73875,31.255585321935342,30.221914678064657,348,0.510883544063778
1552024800,30.5,30.5,30.5,30.5,30.72625,31.2533825734575,30.1991174265425,5204,0.2853955424192339
1552028400,30.475,30.475,30.45,30.475,30.6625,30.916714476376786,30.408285523623217,480,0.13121691047582876
1552032000,30.5,30.5,30.5,30.5,30.65,30.910288301696713,30.389711698303284,800,0.21185796860210604
1552280400,30.5,30.5,30.5,30.5,30.6375,30.90136549603934,30.37363450396066,700,0.23945058739415648
1552284000,30.725,30.725,30.5,30.5,30.625,30.890047165613517,30.359952834386483,1404,0.2641929131544251
1552287600,30.5,30.5,30.5,30.5,30.6125,30.87636549603848,30.34863450396152,1980,0.28682320786724913
1552363200,30.5,30.5,30.5,30.5,30.6,30.86028830169497,30.339711698305035,589628,0.3079053124001095
1552366800,30.475,30.5,30.25,30.5,30.6,30.86028830169497,30.339711698305035,92648,0.3079053124001095
1552370400,30.25,30.25,30.25,30.25,30.575,30.866976026412498,30.2830239735875,1200,-0.05655254301742688
1552374000,30.25,30.5,30.25,30.25,30.55,30.862649964015663,30.23735003598434,1316948,0.020230234242131474
1552377600,30.725,30.725,30.725,30.725,30.566249999999997,30.879808208312408,30.252691791687585,4,0.7531427910218116
1552449600,30.725,30.725,30.725,30.725,30.566249999999997,30.879808208311683,30.25269179168831,8,0.7531427910223968
1552453200,30.125,30.125,30.125,30.125,30.536249999999995,30.894884563309837,30.177615436690154,32,-0.07335522293858866
1552536000,30.05,30.05,30.05,30.05,30.502499999999998,30.907746838359024,30.09725316164097,40,-0.058301703021686066
1552550400,30.475,30.475,30.475,30.475,30.48875,30.877811370479215,30.099688629520784,4,0.48232926596765185
1552622400,30.475,30.475,30.475,30.475,30.475,30.845135110464824,30.10486488953518,20,0.5
1552626000,30.125,30.125,29.5,29.5,30.42625,30.989826747213176,29.862673252786823,800,-0.32176030556636886
1552629600,29.75,29.75,29.75,29.75,30.390000000000004,31.025098417568316,29.754901582431692,8,-0.0038589156389806758
1552636800,29.8,29.8,29.775,29.775,30.341250000000002,31.007259572001878,29.675240427998126,800,0.0748934971775385
1552892400,30,30,30,30,30.30375,30.95782855032752,29.649671449672482,12,0.2678031179528031
1552978800,30,30,30,30,30.278749999999995,30.93910501815294,29.61839498184705,4108,0.2889392884605642
1553230800,30.725,30.725,30.725,30.725,30.291249999999998,30.975039989689357,29.60746001031064,4,0.8171660937863781
1553234400,30,30,30,30,30.266249999999996,30.95423164946464,29.578268350535353,2000,0.30649919935569503
1553493600,30.55,30.55,30.55,30.55,30.268749999999994,30.96046435578571,29.577035644214277,4,0.7032992359111413
1553497200,30.05,30.05,30.05,30.05,30.246249999999993,30.935683644377782,29.556816355622203,72,0.35767303235026576
1553587200,32,32,32,32,30.32125000000001,31.348415395638284,29.294084604361736,4,1.3171760882563734
1553662800,30.025,30.025,30,30,30.296250000000008,31.32911918339029,29.263380816609725,2580,0.3565888087455573
1553666400,30,30,30,30,30.271250000000002,31.30738162773785,29.235118372262153,300,0.36910446861263513
1553670000,30,30,30,30,30.258750000000003,31.30161564331095,29.215884356689056,900,0.3759427920271162
1553760000,30,31.225,30,31.225,30.307500000000005,31.4321221587708,29.18287784122921,32,0.9079147795748659
1553835600,30.05,30.05,30,30,30.271250000000002,31.38640413732735,29.156095862672654,11200,0.37838004141288595
1554177600,30.25,30.25,30,30,30.235000000000003,31.33584058791356,29.134159412086447,8000,0.39326338319092913
1554271200,31.225,31.225,31.225,31.225,30.290000000000003,31.470402473734282,29.109597526265723,4,0.896051355705002
1554274800,31.225,31.25,31.225,31.25,30.350000000000005,31.595692578446954,29.104307421553056,5364,0.8612448270030068
1554350400,32,32.25,31.75,31.75,30.413750000000004,31.800966187188717,29.02653381281129,38164,0.981630048849126
1554354000,31.75,31.75,31.525,31.625,30.471250000000005,31.955776439642605,28.986723560357404,4800,0.8885919338283259
1554357600,31.975,31.975,31.625,31.625,30.577499999999997,32.072901283936886,29.082098716063104,20,0.8502404375507449
1554361200,31.675,31.75,31.675,31.75,30.6775,32.205317070201666,29.14968292979833,124,0.8509909729763769
1554364800,31.8,32.25,31.8,32.25,30.80125,32.41513312773884,29.18736687226116,45752,0.9488398122204167
1554436800,32.025,32.25,32.025,32.225,30.912500000000005,32.59539185629918,29.22960814370083,2820,0.8899537558183618
1554440400,32.225,32.225,32.05,32.05,31.015000000000004,32.712748509054876,29.317251490945132,680,0.8048154642692552
1554444000,32.1,32.125,32.025,32.025,31.080000000000002,32.827183447723556,29.332816552276444,3908,0.7704352543035078
1554447600,32.025,32.025,32,32,31.18,32.89716335856533,29.46283664143467,10540,0.7387658681131831
1554451200,32,32,32,32,31.252499999999998,32.979556744869676,29.52544325513032,400,0.7164086392124909
1554696000,32.125,32.125,32,32.1,31.355,33.02687021027335,29.683129789726646,6124,0.7228043766262796
1554699600,31.9,32,31.9,32,31.355,33.02687021027335,29.683129789726646,2824,0.6928977488912083
1554706800,31.925,31.925,31.9,31.9,31.45,33.015646831184995,29.884353168815004,400,0.6437105709400014
1554710400,32,32,32,32,31.55,32.98221855874009,30.117781441259915,400,0.6570989278325864
1554782400,32.075,32.125,31.75,31.75,31.6375,32.881736713812664,30.39326328618733,15780,0.5452084393391966
1554786000,31.8,31.875,31.75,31.75,31.663749999999993,32.89414373779337,30.433356262206612,8684,0.5350497557613921
1554796800,31.75,32.125,31.75,32.125,31.77,32.74859593295669,30.79140406704331,8400,0.6813823193232664
1554868800,31.75,31.75,31.7,31.7,31.854999999999997,32.405590592001154,31.304409407998836,5728,0.359242055483878
1554872400,31.7,31.7,31.625,31.625,31.874999999999993,32.35744170632516,31.39255829367482,4084,0.24090133924751456
1554876000,31.7,31.7,31.675,31.7,31.897499999999997,32.295903062237514,31.49909693776248,3440,0.25213543930762494
1554879600,31.7,31.75,31.625,31.625,31.891249999999996,32.30242970523952,31.480070294760473,6372,0.1762364525689582
1554883200,31.625,31.75,31.625,31.75,31.897499999999997,32.295903062237514,31.49909693776248,2920,0.31488596100189864
1554955200,31.6,31.6,31.6,31.6,31.89625,32.29820615432562,31.494293845674378,72,0.13148965775007435
1554966000,31.65,31.65,31.65,31.65,31.891249999999996,32.30273359627196,31.47976640372803,400,0.20685344180701595
1554969600,31.75,31.75,31.725,31.725,31.86499999999999,32.24755718527012,31.482442814729865,17600,0.3170208201668793
1555041600,31.75,31.75,31.6,31.6,31.83374999999999,32.19509298111706,31.472407018882926,2600,0.17655383912900582
1555048800,31.75,31.75,31.75,31.75,31.818749999999994,32.16763214342661,31.469867856573384,2448,0.40147102496454123
1555387200,30.225,30.725,30.225,30.5,31.742499999999996,32.40414567557057,31.080854324429424,3820,-0.4389466642614439
1555390800,30.5,30.5,30.3,30.5,31.667499999999997,32.51057472978433,30.824425270215666,528,-0.19240599839747186
1555394400,30.5,30.5,30.5,30.5,31.592499999999994,32.56140402001534,30.62359597998465,196,-0.06378133304818594
1555398000,30.5,30.5,30.5,30.5,31.512499999999996,32.56148760717243,30.46351239282756,76,0.017391819942845936
1555401600,30.275,30.5,30.25,30.475,31.43625,32.55198686413938,30.320513135860626,3184,0.06923086845326154
1555473600,30.475,30.475,30.25,30.25,31.353749999999998,32.56042673798752,30.147073262012473,836,0.042648844859306215
1555477200,30.075,30.075,30.05,30.05,31.25625,32.55026265449779,29.962237345502214,380,0.033911049553007715
1555480800,30.05,30.05,30.05,30.05,31.171249999999997,32.545229166509365,29.797270833490632,184,0.09196979571074362
1555488000,30.05,30.05,30.05,30.05,31.086249999999996,32.51571449763599,29.656785502364006,1372,0.13753909183693683
1555560000,30.05,30.5,30.025,30.5,31.005000000000003,32.37244286900742,29.637557130992587,24,0.31534877564334096
1555563600,30.475,30.75,30.475,30.75,30.9575,32.29064477833427,29.624355221665734,5556,0.42217649449174316
1555574400,30.725,30.725,30.025,30.025,30.877499999999998,32.232666041487526,29.52233395851247,72,0.1854628975707533
1555995600,29.975,29.975,29.975,29.975,30.791249999999998,32.14562024110871,29.436879758891283,416,0.1986606855257698
1555999200,29.75,29.75,29.75,29.75,30.697499999999998,32.06752737198971,29.327472628010284,60,0.15420398914222871
1556002800,29.75,29.75,29.75,29.75,30.597499999999997,31.937266770748234,29.25773322925176,40,0.18371360653814328
1556006400,29.75,29.75,29.5,29.5,30.492499999999996,31.83069841578194,29.154301584218054,1632,0.1291656049300978
1556078400,28.5,28.525,28.5,28.525,30.336249999999996,31.819276887821086,28.853223112178906,4064,-0.11065986560133888
1556085600,28.75,29.725,28.75,29.5,30.224999999999994,31.60485506485315,28.845144935146838,2508,0.2372912494700491
1556092800,29.475,29.5,29.475,29.5,30.119999999999987,31.37972219159721,28.860277808402763,4824,0.2539139962225012
1556254800,29.625,29.625,29.625,29.625,30.013749999999995,31.043006406344123,28.984493593655866,6000,0.3111500702818956
1556258400,29.625,29.625,29.525,29.525,29.964999999999993,30.98986584487987,28.940134155120116,48,0.2853377580108711
1556262000,29.5,29.5,29.5,29.5,29.914999999999992,30.928089334660026,28.90191066533996,40,0.2951809451536398
1556265600,29.5,29.5,29.5,29.5,29.86499999999999,30.85613571220193,28.873864287798053,848,0.3158677991790368
1556510400,29.5,30,29.5,30,29.839999999999993,30.79018419267071,28.889815807329274,442592,0.5841942021526844
1556514000,29.4,29.4,29.375,29.375,29.78499999999999,30.7087694517587,28.861230548241277,400,0.27808315742666434
1556607600,29.525,29.525,29.525,29.525,29.74874999999999,30.653387358283304,28.844112641716677,1200,0.37633166044314625
1556611200,29.75,30,29.75,30,29.746249999999986,30.647814612217974,28.844685387781997,88788,0.640727573243891
1556769600,30.5,30.5,30.5,30.5,29.76874999999999,30.720573907034083,28.816926092965897,20,0.8841309272629025
1556859600,30.5,30.5,30.5,30.5,29.791249999999984,30.78878132783088,28.79371867216909,4,0.8552520007272222
1556866800,29.525,29.525,29.525,29.525,29.74249999999999,30.690801112517786,28.794198887482192,4,0.38532123545520536
1556870400,29.625,29.625,29.625,29.625,29.68624999999999,30.51472374732171,28.85777625267827,4,0.4630344351900113
1557115200,29.625,30.25,29.625,30.25,29.697499999999984,30.549835028027765,28.845164971972203,168,0.8241096410635889
1557201600,29.875,30.25,29.875,30.25,29.711249999999986,30.58952601014841,28.83297398985156,85180,0.8067088214722884
1557205200,30,30,30,30,29.723749999999985,30.61094713142133,28.83655286857864,64204,0.6556869325971814
1557208800,30,30,30,30,29.736249999999984,30.631581642467147,28.84091835753282,4400,0.647291789706678
1557216000,30.025,30.025,30,30,29.761249999999983,30.65672124465469,28.865778755345275,4080,0.6333096966681934
1557288000,29.625,29.625,29.625,29.625,29.81624999999998,30.514690226508204,29.117809773491754,176,0.36308778278986586
1557291600,30,30,30,30,29.841249999999985,30.528322594419976,29.154177405579993,99332,0.6155263659832249
1557295200,30,30,30,30,29.866249999999987,30.538052612381353,29.19444738761862,7440,0.599545608736102
1557298800,30,30,30,30,29.884999999999984,30.54971798531657,29.2202820146834,2120,0.5865028497350234
1557302400,30,30,30,30,29.908749999999987,30.553977672997405,29.26352232700257,5120,0.5707114742739638
1557385200,30,30,30,30,29.933749999999986,30.551867100558137,29.315632899441834,15600,0.553590169193015
1557388800,30,30,30,30,29.958749999999988,30.544257258709646,29.37324274129033,7224,0.5352258655946632
1557464400,30,30.225,30,30,29.95874999999999,30.54425725870887,29.37324274129111,26516,0.535225865594707
1557468000,30,30,30,30,29.98999999999999,30.510672641879466,29.469327358120516,48000,0.5096029627789849
1557475200,30,30,30,30,30.013749999999995,30.488743421008227,29.538756578991762,400,0.48552611531880957
1557720000,30,30,30,30,30.013749999999995,30.488743421008227,29.538756578991762,8400,0.48552611531880957
1557723600,30,30,30,30,29.988749999999992,30.408117082638785,29.5693829173612,808,0.5134130699162401
1557727200,30,30,30,30,29.963749999999994,30.311771191884528,29.61572880811546,940,0.5520801618483524
1557730800,30,30,30,30,29.98749999999999,30.271445417293304,29.703554582706676,16000,0.5220112726579023
1557734400,30,30,30,30,30.006249999999994,30.23639940799548,29.776100592004507,4564,0.4864218638352594
1557806400,30,30,30,30,29.993749999999988,30.194918461748394,29.792581538251582,19280,0.515534244149634
1557810000,30,30,30,30,29.98124999999999,30.14470871038933,29.817791289610646,52876,0.557353933465371
1557813600,30,30,30,30,29.98124999999999,30.14470871038655,29.817791289613428,6000,0.557353933466347
1557820800,30,30,29.625,29.625,29.962499999999988,30.187500000004718,29.737499999995258,74852,-0.24999999998420622
1557900000,29.875,29.875,29.75,29.75,29.94999999999999,30.19238399287486,29.707616007125118,324,0.0874315015034067
1557903600,29.625,29.625,29.625,29.625,29.94999999999998,30.192383992878604,29.70761600712136,800,-0.17042381004658716
1557907200,29.85,29.85,29.5,29.5,29.924999999999983,30.235241841154973,29.614758158844992,15020,-0.18494951941002302
1557979200,29.95,29.95,29.95,29.95,29.922499999999985,30.231085482487902,29.613914517512068,188,0.5445581557795591
1557986400,29.75,29.75,29.75,29.75,29.909999999999986,30.225198350253738,29.594801649746234,6000,0.2461915649761853
1557990000,29.75,29.75,29.75,29.75,29.897499999999987,30.217226445578646,29.577773554421327,1088,0.2693340634788083
1557993600,29.75,29.75,29.75,29.75,29.884999999999984,30.207257660890605,29.562742339109363,22840,0.29054027819403055
1558065600,30.125,30.125,30,30,29.884999999999984,30.207257660889898,29.56274233911007,100004,0.6784286519092267
1558069200,29.55,30,29.525,30,29.884999999999984,30.207257660889898,29.56274233911007,804,0.6784286519092267
1558072800,30,30,30,30,29.88499999999999,30.207257660887084,29.562742339112898,11996,0.6784286519107776
1558076400,30,30.125,30,30.125,29.891249999999992,30.226762667422133,29.555737332577852,46412,0.8483475032343633
1558080000,30,30.5,30,30.5,29.91624999999999,30.34265209896432,29.489847901035663,2828,1.1845064804064729
1558497600,30.75,30.75,30.75,30.75,29.953749999999992,30.513945278452777,29.393554721547208,40,1.2106896743214148
1558501200,30.75,31.25,30.75,31.25,30.016249999999992,30.81237734534149,29.220122654658496,400,1.2748446320926177
1558512000,30.25,30.25,30.25,30.25,30.028749999999985,30.831288939867108,29.22621106013286,40,0.6378437786686388
1558587600,29.75,29.75,29.75,29.75,30.016249999999985,30.827926505759766,29.204573494240204,400,0.33598761445561476
1558598400,29.75,30.225,29.75,30.225,30.027499999999986,30.84418537393683,29.21081462606314,1532,0.6209155975501089
1558674000,30.2,30.2,30.2,30.2,30.037499999999984,30.857484755957575,29.217515244042392,20,0.5990872079141554
1558681200,30.225,30.225,30.225,30.225,30.048749999999984,30.872533193566376,29.224966806433592,4,0.606975962471983
1558684800,29.75,29.75,29.75,29.75,30.05499999999998,30.867649986159027,29.24235001384093,800,0.3123423336032118
1558929600,30.25,30.25,30.25,30.25,30.079999999999984,30.884300938705714,29.275699061294254,800,0.6056818361256532
1558933200,30.875,30.875,30.875,30.875,30.142499999999977,30.988830313769235,29.29616968623072,240,0.9327506578003365
1558940400,30,30,30,30,30.16749999999998,30.96454140419689,29.37045859580307,12356,0.3949239028750645
1559016000,30,30,30,30,30.169999999999977,30.964606821016016,29.375393178983938,8000,0.39302885684859645
1559019600,30,30,30,30,30.182499999999976,30.95791924144617,29.407080758553782,4240,0.3823217233688934
1559030400,30,30,30,30,30.194999999999975,30.949917214007854,29.440082785992097,60,0.3708467654587485
1559102400,30.875,30.875,30.875,30.875,30.25124999999997,31.032350985792895,29.470149014207045,112,0.8992761572095812
1559106000,30.875,30.875,30.875,30.875,30.294999999999977,31.11209852527393,29.477901474726025,3084,0.8549143598108712
1559109600,30.875,30.875,30.875,30.875,30.33874999999997,31.181287091175776,29.496212908824162,8,0.8182352478106719
1559116800,30.875,30.875,30.875,30.875,30.382499999999975,31.240855986759147,29.524144013240804,1396,0.7868856323001362
1559192400,30.5,30.5,30.5,30.5,30.401249999999976,31.252642242157464,29.54985775784249,4000,0.5579932463031284
1559203200,30.75,30.75,30.75,30.75,30.413749999999975,31.277821032963292,29.54967896703666,1280,0.6945731237204313
1559275200,30.975,31,30.975,31,30.426249999999982,31.316260533647867,29.536239466352097,4008,0.8223276457461631
1559620800,31,31,31,31,30.413749999999983,31.2632314594824,29.564268540517563,4,0.8450634463271358
1559628000,30.875,30.875,30.875,30.875,30.444999999999983,31.31384981441238,29.576150185587586,36,0.7474535833853098
1559793600,30.75,30.75,30.75,30.75,30.494999999999983,31.311639455331566,29.6783605446684,16,0.6561276511532732
1559797200,30.75,30.75,30.75,30.75,30.521249999999988,31.3352332615006,29.707266738499374,4,0.6405127174103689
1559800800,30.5,30.75,30.5,30.75,30.548749999999984,31.35458419510699,29.742915804892977,232,0.6248706006905625
1559808000,30.975,31,30.975,31,30.587499999999984,31.40182487374736,29.77317512625261,1592,0.7532772934355831
1559883600,31,31,31,31,30.649999999999984,31.385696948480714,29.914303051519255,1040,0.7378696831098678
1559890800,31,31,31,31,30.687499999999982,31.414222092691045,29.96077790730892,7972,0.7150065362969947
1559894400,31,31,31,31,30.693749999999984,31.42891579762998,29.958584202369988,4016,0.7082863491387217
1560150000,31,31,31,31,30.743749999999984,31.416779531301508,30.07072046869846,12,0.6903705469687729
1560225600,31,31,31,31,30.79374999999998,31.3815158972791,30.205984102720862,4000,0.6754525066483008
1560240000,30.875,30.875,30.875,30.875,30.837499999999984,31.299154632819647,30.37584536718032,200,0.5406147770801906
1560315600,30.875,30.875,30.875,30.875,30.881249999999987,31.13711861863701,30.625381381362963,4012,0.4877867007816744
1560322800,30.875,30.875,30.875,30.875,30.881249999999984,31.137118618637007,30.62538138136296,4,0.4877867007816814
1560326400,30.75,30.75,30.75,30.75,30.87499999999999,31.137202212046688,30.61279778795329,208,0.2616343526924048
1560402000,30.875,30.875,30.7,30.7,30.866249999999987,31.139322792498582,30.59317720750139,488,0.19559398708525244
1560405600,30.875,30.875,30.75,30.75,30.859999999999985,31.137668867543965,30.582331132456005,56,0.30192233833603566
1560412800,30.675,30.725,30.55,30.55,30.86249999999999,31.127782867901516,30.597217132098464,2068,-0.0889939340447548
1560492000,30.575,30.575,30.5,30.5,30.849999999999984,31.155777697035006,30.54422230296496,2376,-0.07231119763436517
1560495600,30.5,30.5,30.15,30.15,30.807499999999987,31.23149882075743,30.383501179242543,44,-0.27535593002996056
1560744000,30.5,30.5,30.5,30.5,30.782499999999988,31.21698245074255,30.348017549257428,8,0.17490056328261808
1560747600,30.5,30.5,30.5,30.5,30.76374999999998,31.212769765717827,30.314730234282134,40,0.20630468841574914
1560758400,30.25,30.25,30.2,30.2,30.736249999999984,31.248225341207398,30.22427465879257,15056,-0.023706863240056497
1560844800,30.375,30.375,30.375,30.375,30.71749999999999,31.25301377200059,30.181986227999392,2000,0.18021363977208069
1560916800,30.375,30.375,30.375,30.375,30.69874999999999,31.254284652386815,30.143215347613165,1208,0.20861403639807613
1560920400,30.375,30.375,30.375,30.375,30.66749999999999,31.222049366605383,30.112950633394597,400,0.2362723522790286
1560924000,30.375,30.375,30.375,30.375,30.63624999999999,31.1827101998329,30.08978980016708,8,0.2609615484532348
1560927600,30.375,30.375,30.375,30.375,30.60499999999999,31.135942558100417,30.074057441899562,48,0.283404064629073
1561006800,30.375,30.375,30.375,30.375,30.57374999999999,31.08106523730572,30.06643476269426,4,0.3041158776784238
1561014000,30.375,30.375,30.375,30.375,30.542499999999983,31.016868000611616,30.06813199938835,14532,0.32344930540844447
1561359600,30.4,30.4,30.4,30.4,30.51249999999998,30.941014877226745,30.083985122773218,16,0.3687326788651383
1561363200,30.4,30.4,30.375,30.375,30.487499999999983,30.885777541426283,30.089222458573683,4000,0.3587668292855513
1561438800,31,31,31,31,30.493749999999984,30.91915421954237,30.068345780457598,100,1.0950223067187677
1561442400,31,31,31,31,30.499999999999982,30.950555213048258,30.049444786951707,4,1.054870952016312
1561532400,31,31,30.5,30.75,30.49999999999999,30.950555213045742,30.049444786954236,6456,0.7774354760097112
1561536000,31.25,31.25,31.25,31.25,30.527499999999986,31.079292533478913,29.975707466521058,140,1.154684465776308
1561608000,31.225,31.225,31.225,31.225,30.551249999999982,31.175444480914784,29.92705551908518,4,1.0396955761388582
1561611600,31.125,31.75,31.125,31.75,30.611249999999984,31.4252639740838,29.797236025916167,29324,1.1994658791218498
1561615200,31.25,31.25,31.25,31.25,30.64874999999998,31.506723630133568,29.79077636986639,4252,0.8503895567899943
1561618800,31.25,31.25,31.25,31.25,30.703749999999985,31.567792099670747,29.839707900329223,20000,0.816101495637863
1561622400,31.225,31.375,31.225,31.25,30.741249999999987,31.631372884776454,29.85112711522352,72880,0.7857751489715792
1561694400,30.25,30.25,30.25,30.25,30.72874999999998,31.638870184373562,29.818629815626398,6116,0.23698528599852203
1561698000,30.225,30.225,30.225,30.225,30.72999999999998,31.63727614319138,29.82272385680858,60,0.2216944346053181
1561705200,30.025,30.025,30,30,30.711249999999986,31.661575602098107,29.760924397901864,4452,0.12578615243570573
1561708800,30,30,30,30,30.692499999999985,31.68258837989497,29.702411620105,348,0.15028374533926164
1561960800,30.25,30.25,30.25,30.25,30.686249999999983,31.68580927788357,29.686690722116396,20,0.2817788251019613
1561964400,30.25,30.25,30.25,30.25,30.679999999999986,31.688786399592114,29.671213600407857,292,0.2868726223044628
1562040000,30.025,30.025,30.025,30.025,30.662499999999984,31.703473102439467,29.6215268975605,44,0.19379612282679237
1562043600,30.025,30.025,30.025,30.025,30.64499999999999,31.71605088581336,29.573949114186618,400,0.21056463879904555
1562133600,30.975,30.975,30.975,30.975,30.674999999999983,31.74773016178463,29.602269838215335,12,0.6398301318856009
1562137200,31,31,31,31,30.704999999999984,31.778848220188653,29.631151779811315,32,0.6373564692169374
1562216400,30.075,30.075,30.05,30.05,30.68874999999998,31.791527742794425,29.585972257205537,2740,0.21039041902433364
1562220000,31.225,31.25,31.225,31.25,30.70124999999998,31.823354607424317,29.579145392575644,26800,0.7445182010524013
1562223600,31.25,31.25,31.25,31.25,30.713749999999976,31.854306333551552,29.5731936664484,12000,0.7350826452956498
1562306400,30.625,30.625,30.625,30.625,30.707499999999982,31.848563100797953,29.56643689920201,12,0.4638495014244665
1562558400,31.25,31.25,31.25,31.25,30.707499999999982,31.848563100797953,29.56643689920201,8,0.7377169148755381
1562562000,30.625,30.625,30.625,30.625,30.67749999999998,31.793844480885067,29.561155519114894,8,0.47648575287515355
1562569200,30.75,30.75,30.75,30.75,30.62749999999998,31.63110599838975,29.62389400161021,4,0.5610299261844611
1562572800,31,31,31,31,30.61499999999998,31.593187098669127,29.636812901330835,1160,0.6967926179581717
1562652000,31,31,30.625,30.625,30.58374999999998,31.51773005867506,29.6497699413249,824,0.5220829125937312
1562738400,30.375,30.375,30.25,30.25,30.53374999999998,31.425836739057925,29.641663260942035,87196,0.34096277437123224
1562745600,31.175,31.175,31.175,31.175,30.579999999999977,31.503796514392654,29.6562034856073,100,0.8220406175656492
1562817600,30.625,30.625,30.625,30.625,30.599999999999977,31.509395403553523,29.69060459644643,140,0.513745396063326
1562821200,31.225,31.225,31.125,31.125,30.65624999999998,31.54926105816449,29.763238941835468,48,0.7624547566989187
1562828400,30.5,30.5,30.5,30.5,30.681249999999984,31.52606876754895,29.83643123245102,196,0.39272847209240097
1562832000,30.5,30.5,30.5,30.5,30.693749999999984,31.519866668518063,29.867633331481905,11804,0.3827344808648274
1562911200,30.5,30.5,30.5,30.5,30.706249999999983,31.512456394171572,29.900043605828394,44,0.372086105064998
1562918400,30.5,31,30.5,31,30.754999999999978,31.50659829696775,30.003401703032207,776,0.6629859999606467
1563163200,31.125,31.125,31.125,31.125,30.809999999999985,31.498186021365235,30.121813978634734,200,0.7288625387762934
1563174000,31.125,31.125,31.125,31.125,30.817499999999978,31.51590890601718,30.119091093982775,4,0.7201432408369431
1563336000,31.125,31.125,31.125,31.125,30.823749999999983,31.530763967332856,30.11673603266711,440,0.7130438816763743
1563343200,31.125,31.125,31.125,31.125,30.877499999999987,31.499372173362463,30.25562782663751,1240,0.6989958793796602
1563422400,31.125,31.125,31.125,31.125,30.871249999999986,31.48040412663991,30.26209587336006,56,0.7082806213590731
1563426000,31.1,31.125,31.1,31.125,30.86499999999998,31.46090267662118,30.26909732337878,15432,0.7181564290617328
1563429600,31.125,31.125,31.125,31.125,30.889999999999986,31.48548299723999,30.29451700275998,5208,0.6973188160612575
1563508800,31.125,31.125,31.125,31.125,30.88374999999998,31.466475278328723,30.30102472167124,288,0.7070014884989413
1563512400,31.1,31.1,31.1,31.1,30.90749999999998,31.484799748833805,30.330200251166158,1600,0.6667244792578558
1563523200,31,31,31,31,30.91999999999998,31.493933794094882,30.34606620590508,12,0.5696944497981515
1563768000,31.125,31.125,31.125,31.125,30.926249999999982,31.5062230597219,30.346276940278063,2112,0.6713441656197905
1563771600,31.15,31.15,31.125,31.125,30.95124999999998,31.520124986269664,30.382375013730297,800,0.6527136929849564
1563778800,31.25,31.25,31.25,31.25,31.00124999999998,31.48407372560036,30.5184262743996,24136,0.7575991887004976
1563854400,31.175,31.175,31.175,31.175,31.00124999999998,31.484073725601302,30.51842627439866,400,0.6799310916045259
1563858000,31.175,31.175,31.175,31.175,31.02874999999998,31.484621418278035,30.572878581721927,1000,0.660407073284441
1563865200,31.175,31.175,31.175,31.175,31.03124999999998,31.489746183194626,30.57275381680533,3200,0.6567624827304127
1563868800,31.175,31.175,31,31,31.056249999999977,31.445439863696823,30.66706013630313,9996,0.42773450024408594
1563944400,31.15,31.15,31.15,31.15,31.088749999999983,31.38390885553789,30.793591144462077,2176,0.6037576864979903
1563948000,31.15,31.15,31.15,31.15,31.121249999999982,31.2409109794502,31.001589020549766,1920,0.6201310574763328
1563951600,31.1,31.15,31.1,31.15,31.12874999999998,31.235139614172315,31.022360385827643,2892,0.5998687708632806
1563955200,31.15,31.75,31.15,31.75,31.159999999999986,31.450860791448328,30.869139208551644,61220,1.5142308921427807
1564027200,31.275,31.275,31.275,31.275,31.167499999999983,31.462075966436547,30.872924033563418,400,0.6824656663278155
1564030800,31.275,31.275,31.275,31.275,31.174999999999983,31.472489495616404,30.87751050438356,400,0.6680731613612236
1564034400,32.25,32.25,32.25,32.25,31.23124999999999,31.784846197603787,30.67765380239619,4,1.4201201204141187
1564113600,32.25,32.25,32.25,32.25,31.287499999999987,31.993987791827408,30.581012208172567,10400,1.1811865761405331
1564117200,32.25,32.25,32.25,32.25,31.343749999999982,32.160125373221966,30.527374626778,4,1.055044915443325
1564120800,32.25,32.25,32.25,32.25,31.399999999999988,32.29916628050711,30.50083371949287,2800,0.9726600732406361
1564124400,32.25,32.25,32.25,32.25,31.456249999999983,32.41813291907194,30.494367080928026,1500,0.9126021911096234
1564128000,31.75,31.875,31.75,31.875,31.494999999999983,32.45879458392399,30.531205416075977,4084,0.6971374431535399
1564372800,32,32.25,32,32.25,31.557499999999994,32.54657785335723,30.568422146642757,516,0.8500735547001933
1564376400,31.625,32.2,31.625,32.2,31.611249999999995,32.61716687032339,30.605333129676602,676,0.7926434665573958
1564380000,32.2,32.5,31.75,32.5,31.679999999999996,32.73054747631955,30.629452523680445,24528,0.8902726999415382
1564383600,32.5,32.525,32.5,32.525,31.743749999999995,32.836095526837106,30.65140447316288,6336,0.8576020502698058
1564387200,32.525,32.525,32.025,32.025,31.786249999999995,32.852607702650126,30.719892297349865,1740,0.6119464882218497
1564459200,32.75,33.75,31.7,31.7,31.812499999999993,32.842609217510976,30.782390782489014,20340,0.44539413972441416
1564466400,32.5,33.25,32.5,32.5,31.878749999999997,32.90676690161194,30.85073309838805,53584,0.802159429006409
1564470000,32.5,32.5,32.5,32.5,31.953749999999996,32.93204890626557,30.975451093734424,6000,0.7791835892391946
1564473600,32.5,33.225,32.5,33,32.04624999999999,33.05251475144484,31.039985248555148,21236,0.9739060960997412
1564545600,33.225,34.35,33.225,34.35,32.20625,33.551972389648036,30.86052761035196,81608,1.2965052883457941
1564549200,34.05,34.075,33.75,33.875,32.342499999999994,33.781431895539214,30.903568104460774,73784,1.0325130413575698
1564552800,33.75,33.75,33.5,33.75,32.442499999999995,33.97759771675947,30.907402283240522,14124,0.9258686550456481
1564556400,33.75,33.75,33.75,33.75,32.56624999999999,34.10396543206183,31.028534567938152,21300,0.8849054172568152
1564560000,33.75,33.975,33.75,33.95,32.699999999999996,34.23052278650131,31.16947721349868,128,0.9083572002405248
1564632000,33.95,34.5,33.75,34.5,32.81249999999999,34.51525512038603,31.109744879613956,41356,0.9955204596940013
1564635600,34.5,34.5,34.05,34.05,32.902499999999996,34.6660121207407,31.138987879259286,28444,0.8253450845345001
1564642800,34.325,34.325,34,34,32.989999999999995,34.788638373881966,31.191361626118024,3408,0.7807679449816638
1564646400,34,34,34,34,33.0775,34.89380806858275,31.261191931417255,2696,0.7539492104772231
1564718400,33.775,33.775,32.575,32.625,33.09625,34.88554280722878,31.306957192771215,420,0.3683138952729991
1564722000,33.25,33.25,32.625,32.625,33.13375,34.84899597361417,31.418504026385826,48,0.3516976550809158
1564725600,32.5,33.75,32.5,33.75,33.208749999999995,34.89377781876134,31.52372218123865,18444,0.6606056570620517
1564729200,33.775,33.775,33.75,33.75,33.286249999999995,34.920376295609124,31.652123704390867,4000,0.6418953973282523
1564732800,33.75,34.5,33.5,34.5,33.38625,35.059978995387155,31.71252100461284,18808,0.8327151537284494
1564981200,34.25,34.25,34.25,34.25,33.4725,35.1375750733825,31.80742492661749,112,0.7334729563936593
1564992000,33.45,33.45,33.45,33.45,33.54375,35.07123772499071,32.016262275009296,32,0.4693123556850284
1565064000,32.025,32.025,32.025,32.025,33.56,35.013822547630475,32.10617745236953,200,-0.027918624766770338
1565067600,32.25,34.2,32.25,34.2,33.644999999999996,35.03852072105179,32.2514792789482,212,0.6991358978792606
1565071200,33.25,33.25,33.25,33.25,33.6825,34.98836178441681,32.376638215583185,4000,0.33440054485048415
1565078400,33.25,33.25,33.25,33.25,33.695,34.979095012060725,32.410904987939276,8,0.326726217366945
1565154000,33.5,34.2,33.5,34.2,33.6875,34.95788380027455,32.41711619972545,44,0.7017106955745354
1565164800,32.775,32.775,32.75,32.75,33.63125,34.96165172504359,32.300848274956415,800,0.16880304519631836
1565236800,33.75,33.75,33.75,33.75,33.63125000000001,34.96165172504291,32.300848274957104,1600,0.544629376888459
1565240400,33.75,33.75,33.75,33.75,33.63125,34.96165172504359,32.300848274956415,18400,0.5446293768884387
1565323200,33.75,33.75,33.75,33.75,33.621249999999996,34.94490733858881,32.29759266141118,240,0.5486341881114289
1565326800,32.9,32.9,32.9,32.9,33.54125,34.835880738859196,32.2466192611408,40,0.2523425094305053
1565334000,33.625,33.625,33.625,33.625,33.52,34.79432334985975,32.245676650140254,96,0.5411983347913828
1565668800,33.625,34.175,33.625,33.75,33.50750000000001,34.767569442529755,32.24743055747026,21684,0.5962248554782598
1565672400,33.75,33.75,33.75,33.75,33.495000000000005,34.74015059330118,32.24984940669883,23996,0.6023972527386959
1565679600,33.725,33.75,33.725,33.75,33.55125,34.734199174731465,32.36830082526854,36820,0.5840061450844304
1565683200,33.725,33.725,33.675,33.675,33.603750000000005,34.70820405064996,32.49929594935005,1000,0.532255755664105
1565841600,33.5,33.5,33.5,33.5,33.59125000000002,34.69445838919664,32.48804161080339,2000,0.4586433529269722
1565856000,33.5,33.5,33.5,33.5,33.57875000000001,34.68014400306913,32.47735599693088,200,0.4642498507434382
1565928000,32.75,32.75,32.75,32.75,33.49125000000001,34.56366258384804,32.41883741615197,3192,0.1544007357036729
1565931600,32.75,33.675,32.75,33.675,33.462500000000006,34.48150686945544,32.443493130544574,4020,0.6042681881592976
1565938800,32.6,33.675,32.6,33.675,33.47375000000001,34.49691604224103,32.45058395775899,180,0.5983466962797128
1565942400,32.75,32.75,32.75,32.75,33.510000000000005,34.36240835284289,32.65759164715712,5996,0.05420427459133161
1566187200,32.75,32.75,32.525,32.525,33.42625,34.31920506605712,32.533294933942884,6504,-0.0046446536103500035
1566190800,32.65,32.65,32.65,32.65,33.39625,34.34917641373727,32.443323586262736,8700,0.10844300816822894
1566201600,32.775,32.775,32.75,32.75,33.37125,34.36363034543084,32.378869654569165,8400,0.1869899717077277
1566284400,33.65,33.65,33.65,33.65,33.34375,34.27109500052472,32.41640499947528,36,0.6651219340303307
1566367200,33,33,33,33,33.35625,34.25762048431686,32.454879515683146,2800,0.30238425475513403
1566450000,33,33,33,33,33.31875,34.21385823367794,32.42364176632206,20000,0.32194890628461786
1566453600,33,33.025,33,33.025,33.2825,34.1634228116006,32.4015771883994,9580,0.35384644567658885
1566460800,33.05,33.05,33.05,33.05,33.247499999999995,34.10670020949721,32.38829979050278,10568,0.385067532679275
1566532800,33.025,33.075,33.025,33.075,33.256249999999994,34.10461239308478,32.40788760691521,588,0.39317654726482104
1566540000,33.075,33.075,33.05,33.05,33.2275,34.06279934753846,32.39220065246154,8000,0.3937506652417028
1566799200,32.925,32.925,32.925,32.925,33.18625,33.99533513148989,32.377164868510114,400,0.3385522179112808
1566802800,32.925,32.925,32.925,32.925,33.144999999999996,33.91823993688877,32.371760063111225,40,0.3577414399434691
1566806400,32.9,32.9,32.9,32.9,33.1025,33.83015032810991,32.37484967189009,2000,0.36085349502555747
1566878400,33,33,32.5,32.5,33.043749999999996,33.76674291144548,32.32075708855451,63992,0.12395896875885655
1566882000,33.25,33.25,33.25,33.25,33.03125,33.73051300488372,32.33198699511628,1080,0.6564146812231088
1566968400,32.625,32.625,32.625,32.625,32.9875,33.67333890236693,32.301661097633065,4,0.23572511070095625
1566979200,32.65,32.65,32.625,32.625,32.98125,33.67782644950016,32.284673550499846,356,0.24428506716266554
1567051200,33.25,33.25,32.625,32.625,32.928749999999994,33.56382381460806,32.29367618539193,4204,0.2608545707498162
1567058400,32.675,32.75,32.625,32.75,32.8825,33.420807532920804,32.344192467079196,2440,0.3769290861665373
1567062000,32.75,32.75,32.75,32.75,32.8825,33.420807532920804,32.344192467079196,1968,0.3769290861665373
1567137600,32.75,32.75,32.625,32.625,32.8875,33.41416402952722,32.360835970472785,5232,0.2507898913889688
1567141200,33.25,33.25,33.25,33.25,32.917500000000004,33.454877893104346,32.38012210689566,20,0.8093726074952575
1567152000,33.25,33.25,33,33,32.93,33.46282267218892,32.39717732781108,2388,0.5656878954797748
1567396800,33.225,33.325,33.225,33.325,32.91375,33.37240973226079,32.45509026773921,2000,0.9483170977021458
1567407600,32.75,32.75,32.75,32.75,32.90125,33.36343908468192,32.43906091531807,400,0.33637649069094
1567411200,32.75,32.75,32.75,32.75,32.88875,33.35309766070015,32.42440233929985,3972,0.3505968568994266
1567486800,32.65,32.65,32.625,32.625,32.86875,33.342267423120546,32.39523257687945,4000,0.24261770729189736
1567490400,32.55,32.55,32.55,32.55,32.84375,33.329001223593714,32.358498776406286,368,0.1973217317985058
1567497600,32.55,32.75,32.55,32.75,32.8275,33.30234207900982,32.35265792099018,4032,0.41839392144688364
1567576800,32.75,32.75,32.75,32.75,32.81250000000001,33.277123503491964,32.34787649650805,4000,0.43274124153182336
1567580400,32.75,33.55,32.75,33.55,32.84375000000001,33.4078588104231,32.279641189576914,9224,1.1259873866092325
1567656000,32.75,32.75,32.5,32.5,32.822500000000005,33.404500859104004,32.240499140896006,40000,0.22293855330686316
1567659600,32.5,32.5,32.5,32.5,32.802499999999995,33.39976459798028,32.20523540201971,1992,0.24676215447648203
1567742400,32.55,32.55,32.5,32.5,32.802499999999995,33.39976459798028,32.20523540201971,400,0.24676215447648203
1567746000,32.875,32.875,32.125,32.125,32.746249999999996,33.37539127984119,32.117108720158804,4400,0.006271468821111388
1567749600,32.125,32.125,32.125,32.125,32.72124999999999,33.405039989691346,32.037460010308635,4000,0.06401087396064258
1568001600,32.125,32.125,32,32,32.69,33.44223001801308,31.93776998198692,8080,0.04136368964472558
1568005200,32.5,32.5,32.125,32.125,32.665,33.456422769447244,31.873577230552755,43872,0.15884226430763876
1568008800,32.125,32.125,32.125,32.125,32.63375,33.457957953128194,31.809542046871805,2388,0.1913703646821824
1568102400,32.05,32.5,32.025,32.5,32.621249999999996,33.44560959993296,31.79689040006703,12764,0.42645806513937934
1568178000,32.25,32.25,32.25,32.25,32.6025,33.4425744014668,31.7624255985332,40,0.29019715433268695
1568181600,32.475,32.475,32.475,32.475,32.563750000000006,33.35059099410113,31.77690900589888,44,0.44360359928794063
1568188800,32.475,32.75,32.475,32.5,32.53875000000001,33.29991276183037,31.77758723816964,125632,0.47454552301874064
1568260800,32.875,32.875,32.875,32.875,32.51625,33.206408496288596,31.826091503711403,200,0.7599040669130486
1568264400,32.5,32.5,32.5,32.5,32.503750000000004,33.185526172946744,31.821973827053263,80,0.4972498305537757
1568268000,32.5,32.5,32.5,32.5,32.49125,33.16361058034283,31.818889419657175,5920,0.5065069251944676
1568271600,32.875,32.875,32.875,32.875,32.503750000000004,33.19463258770773,31.81286741229228,20,0.7686780696208909
1568606400,32.5,32.85,32.5,32.85,32.518750000000004,33.22583468375331,31.811665316246696,36,0.7342364412715561
1568692800,32.525,32.525,32.5,32.5,32.50625000000001,33.2053342223918,31.80716577760822,3996,0.49552986621653017
1568703600,32.725,32.725,32.5,32.5,32.493750000000006,33.183836045358284,31.80366395464173,8008,0.5045284207976903
1568707200,32.5,32.5,32.5,32.5,32.441250000000004,32.933254827210064,31.949245172789947,88,0.5597046987660058
1568782800,32.5,32.5,32.5,32.5,32.441250000000004,32.933254827210064,31.949245172789947,4040,0.5597046987660058
1568786400,32.5,32.5,32.5,32.5,32.441250000000004,32.933254827210064,31.949245172789947,556,0.5597046987660058
1568790000,32.5,32.5,32.5,32.5,32.441250000000004,32.933254827210064,31.949245172789947,7348,0.5597046987660058
1568793600,32.5,32.5,32.5,32.5,32.46000000000001,32.93047847984384,31.989521520156174,16000,0.5425099146014811
1568869200,32.475,32.475,32.475,32.475,32.477500000000006,32.92216279358326,32.03283720641675,4,0.4971888810621427
1568872800,32.5,32.5,32.5,32.5,32.502500000000005,32.889443148275674,32.115556851724335,11600,0.49676955127497985
1569211200,32.25,32.25,32.25,32.25,32.508750000000006,32.87456245194219,32.14293754805782,80,0.14633516624947782
1569222000,32.475,32.475,32.475,32.475,32.526250000000005,32.84776010869918,32.20473989130083,4,0.4202979959053849
1569387600,32.25,32.25,32.25,32.25,32.51375,32.8570701858292,32.1704298141708,24,0.11588334900410373
1569391200,32.375,32.375,32.375,32.375,32.52,32.8481005943248,32.19189940567521,400,0.2790311835636846
1569474000,32.375,32.375,32.375,32.375,32.51500000000001,32.84869147426266,32.18130852573736,40,0.29022538662493236
1569477600,32.375,32.375,32.375,32.375,32.508750000000006,32.84796785034956,32.16953214965045,2560,0.3028553039555847
1569556800,32.375,32.425,32.375,32.375,32.48375,32.78261242654071,32.18488757345929,2460,0.318060099995227
1569564000,32.425,32.5,32.375,32.375,32.477500000000006,32.77994834269101,32.175051657309005,1068,0.33054957569278814
1569823200,32.75,32.75,32.75,32.75,32.49,32.81496153618104,32.165038463818966,32,0.9000473456882484
1569902400,32.75,32.75,32.75,32.75,32.48375,32.78261242654071,32.18488757345929,60,0.9454390655289238
1569909600,32.75,32.75,32.75,32.75,32.478750000000005,32.755460588876026,32.202039411123984,4,0.990133032316893
1569913200,32.5,32.5,32.5,32.5,32.478750000000005,32.755460588876026,32.202039411123984,504,0.5383975186607619
1569916800,32.5,32.5,32.5,32.5,32.478750000000005,32.755460588876026,32.202039411123984,28,0.5383975186607619
1569992400,32.4,32.5,32.4,32.5,32.478750000000005,32.755460588876026,32.202039411123984,52,0.5383975186607619
1570075200,32.4,32.4,32.375,32.375,32.472500000000004,32.752633896548964,32.19236610345104,11500,0.3259760757246257
1570078800,32.375,32.375,32.375,32.375,32.46625,32.749214220347426,32.18328577965258,4,0.3387605332434513
1570082400,32.25,32.25,32.25,32.25,32.45375,32.75135502347363,32.15614497652637,24,0.15768386967760012
1570086000,32.25,32.25,32.05,32.05,32.43125,32.7758058735505,32.086694126449494,8,-0.053248441350569956
1570089600,32.25,32.25,32.25,32.25,32.42,32.772703841765384,32.06729615823462,160,0.2590046097185907
1570165200,32.075,32.075,32.075,32.075,32.39875,32.77969454976793,32.01780545023207,8,0.07506938976128881
1570420800,33.75,33.75,33.75,33.75,32.47375,33.16899725817213,31.778502741827875,4,1.4178389306815662
1570428000,32.5,32.5,32.5,32.5,32.475,33.17034164264463,31.779658357355373,800,0.5179767746290261
1570431600,32.5,32.5,32.5,32.5,32.4875,33.17515907250377,31.799840927496227,600,0.5090888061394219
1570593600,32.375,32.5,32.375,32.5,32.49374999999999,33.17947498131453,31.808025018685456,9748,0.5045572205842839
1570600800,32.5,32.5,32.5,32.5,32.5,33.18355687400249,31.81644312599751,120,0.5
1570604400,33.5,33.5,33.5,33.5,32.55625,33.363386140930785,31.749113859069215,80,1.0846287584840844
1570608000,33.5,33.5,33.5,33.5,32.6125,33.512708309224756,31.712291690775242,500,0.9929414619402368
1570683600,33.25,33.25,33.25,33.25,32.65624999999999,33.59044417146439,31.72205582853559,300,0.817787253515655
1570687200,33.125,33.125,33.125,33.125,32.675,33.63077193932283,31.719228060677164,4000,0.7354118077157776
1570766400,32.75,32.75,32.75,32.75,32.675,33.63077193932283,31.719228060677164,48,0.539235301285965
1570773600,33.125,33.125,33.125,33.125,32.69374999999999,33.66918259633796,31.718317403662013,20,0.7210557662410692
1570777200,33.125,33.125,33.125,33.125,32.724999999999994,33.71355955814365,31.736440441856338,40,0.7023145680524988
1570780800,32.75,32.75,32.75,32.75,32.7375,33.72067089053504,31.75432910946495,200,0.5063569823518687
1571025600,33.125,33.125,32.75,32.75,32.749999999999986,33.72711309478429,31.772886905215678,7140,0.5000000000000072
1571029200,33.475,33.475,33.475,33.475,32.80499999999999,33.81477720314757,31.795222796852414,20,0.8317563507630943
1571040000,33.475,33.475,33.475,33.475,32.85999999999999,33.88973297509452,31.83026702490547,52,0.7986211060899326
1571119200,32.775,32.775,32.5,32.5,32.872499999999995,33.87809683770169,31.8669031622983,16000,0.3147866092879982
1571126400,33.125,33.125,33.125,33.125,32.926249999999996,33.86279618145398,31.98970381854601,12000,0.6061079549176351
1571198400,33.45,33.45,33.45,33.45,32.98625,33.89516074919189,32.07733925080811,44,0.7551130572568999
1571205600,32.75,32.75,32.5,32.5,33.00749999999999,33.8474553559545,32.167544644045485,1936,0.1979006107870576
1571209200,32.5,32.5,32.5,32.5,32.94499999999999,33.73944949493124,32.15055050506874,160,0.219931850395032
1571288400,32.5,32.5,32.5,32.5,32.94499999999999,33.73944949493124,32.15055050506874,4000,0.219931850395032
1571295600,32.5,32.5,32.5,32.5,32.94499999999999,33.73944949493124,32.15055050506874,4,0.219931850395032
1571371200,32.5,32.5,32.5,32.5,32.94499999999999,33.73944949493124,32.15055050506874,8000,0.219931850395032
1571382000,33,33,33,33,32.96999999999999,33.737886710391734,32.20211328960825,200,0.5195341315287926
1571634000,33,33,33,33,32.94499999999999,33.67380038419045,32.216199615809536,20,0.5377332402624212
1571637600,33,33,33,33,32.919999999999995,33.60384939862287,32.23615060137712,580,0.5584924108737305
1571644800,33,33,32.5,32.5,32.88249999999999,33.57208320745005,32.19291679254994,67016,0.22265855964329279
1571716800,32.525,32.525,32.525,32.525,32.8525,33.54943973914177,32.15556026085823,8000,0.2650442487299595
1571720400,33,33,33,33,32.864999999999995,33.56310457669083,32.16689542330916,12984,0.5966903845838781
1571727600,33.25,33.25,33.25,33.25,32.871249999999996,33.58069961061138,32.16180038938861,22036,0.7669322770320546
1571731200,33.25,33.25,33.25,33.25,32.8775,33.59789919488872,32.15710080511128,4000,0.7585372128695549
1571803200,33.25,33.75,33.025,33.75,32.927499999999995,33.73865658167608,32.11634341832391,15520,1.0069921261690802
1571806800,33.75,34,33.75,34,32.989999999999995,33.92064493766234,32.05935506233765,4600,1.0426344458161407
1571810400,34,34,34,34,33.01625,34.02635828627211,32.00614171372789,5200,0.9869527422800459
1571814000,33.775,34,33.75,34,33.0425,34.12371459479486,31.961285405205135,16344,0.9427890654683893
1571817600,33.75,33.75,33.75,33.75,33.105,34.198000457454945,32.01199954254505,26740,0.7950593458587774
1571889600,34,34,34,34,33.14874999999999,34.3094044490059,31.988095550994085,22000,0.8667112122514562
1571893200,34,34,33.8,34,33.176249999999996,34.389043778841625,31.96345622115837,150548,0.8396084373003581
1571900400,34.1,34.125,34,34,33.25125,34.4729777724583,32.0295222275417,20160,0.8064307846965788
1571904000,34,34.025,34,34,33.32625,34.53842521423053,32.114074785769475,73316,0.7779094936484434
1571979600,34.025,34.025,34.025,34.025,33.402499999999996,34.588765147425434,32.21623485257456,44,0.7623781038122126
1571990400,34.125,34.125,34,34,33.4775,34.61470051002226,32.34029948997774,12000,0.7297308150124611
1572235200,34.175,34.175,34.175,34.175,33.561249999999994,34.64354790261132,32.47895209738867,760,0.7835402334787737
1572238800,34.125,34.125,34.125,34.125,33.61749999999999,34.69419633601923,32.54080366398075,440,0.7356746201423587
1572242400,34.25,34.25,34.125,34.125,33.67375,34.732933057830834,32.61456694216916,4000,0.713017946550308
1572246000,34.25,34.25,34.25,34.25,33.73625,34.77637919870366,32.69612080129634,8240,0.7469645120242282
1572249600,34.075,34.075,34.075,34.075,33.81499999999999,34.6949715904498,32.93502840955018,520,0.6477320420464419
1572321600,34.075,34.475,34.075,34.475,33.912499999999994,34.6129462863044,33.21205371369559,10196,0.901529718265614
1572325200,34.375,34.5,34.375,34.5,33.9875,34.59628978309169,33.3787102169083,8020,0.9209170507078068
1572328800,34.5,34.5,34.5,34.5,34.04999999999999,34.59658027772681,33.50341972227317,43380,0.9116504183717739
1572332400,34.5,34.5,34.5,34.5,34.11249999999999,34.554795150323145,33.670204849676836,14800,0.938055899682475
1572336000,34.625,34.625,34.625,34.625,34.156249999999986,34.61908771453968,33.69341228546029,8000,1.0063869962133474
1572411600,34.625,34.625,34.625,34.625,34.187499999999986,34.68687460888718,33.68812539111279,228,0.9380479025304655
1572415200,34.625,34.625,34.625,34.625,34.218749999999986,34.74479063531282,33.692709364687154,9772,0.8861393709237129
1572422400,34.625,34.625,34.625,34.625,34.249999999999986,34.794288526427216,33.705711473572755,6248,0.8444864091307924
1572494400,34.75,36.225,34.75,35.5,34.33749999999999,35.06422209268667,33.61077790731331,81848,1.2998243150296058
1572498000,35.375,35.475,35.1,35.1,34.39249999999999,35.17322082078028,33.6117791792197,1928,0.9531069116953368
1572501600,35.25,35.25,35.05,35.25,34.45499999999999,35.2977039812418,33.61229601875818,2216,0.9716958847331503
1572505200,35.25,35.475,35.25,35.475,34.52874999999999,35.45344927544093,33.604050724559045,608,1.0116528287257462
1572508800,35.475,35.5,35.475,35.5,34.60374999999999,35.58625636130293,33.62124363869705,21500,0.956103917134673
1572580800,35.75,35.75,35.075,35.75,34.68999999999998,35.75364937832086,33.62635062167911,608,0.9982845012674104
1572595200,35.75,35.75,35.375,35.375,34.758749999999985,35.81282245955925,33.70467754044072,1408,0.792318613588332
1572840000,35.675,35.75,35.65,35.75,34.83749999999999,35.93960026767059,33.73539973232939,13212,0.9139822966964108
1572843600,35.75,35.75,35.75,35.75,34.91874999999999,36.03822253204399,33.79927746795599,800,0.8712686002586706
1572850800,35.625,35.625,35.125,35.125,34.968749999999986,36.02974893967923,33.90775106032074,4000,0.5736334383365411
1572854400,35.75,35.75,35.75,35.75,35.04374999999999,36.10298026297387,33.984519737026105,400,0.8333788811967812
1572933600,35.625,35.625,35.625,35.625,35.12124999999999,36.11009718232881,34.13240281767117,400,0.7547157988626904
1572937200,35.625,36,35.625,36,35.197499999999984,36.21015739517432,34.18484260482565,17056,0.89623470081007
1573012800,36,36,36,36,35.27249999999999,36.28959144131748,34.2554085586825,8132,0.8576374603337759
1573016400,35.75,36.75,35.75,36.75,35.384999999999984,36.52565770501162,34.24434229498835,728304,1.0983390082768494
1573020000,36.5,36.5,36.5,36.5,35.484999999999985,36.64822826650711,34.32177173349286,400,0.9362858216331854
1573023600,36.5,36.5,36.5,36.5,35.578749999999985,36.751809567968145,34.405690432031825,20,0.8926697437861997
1573027200,36.25,36.25,35.75,35.75,35.634999999999984,36.72465590899235,34.54534409100762,32944,0.5527689516713401
1573102800,35.75,35.75,35.75,35.75,35.69124999999999,36.677819181558256,34.70468081844172,800,0.5297749012933974
1573106400,36.225,37.125,36.225,37.125,35.81624999999998,36.8624663973106,34.77003360268937,330576,1.1254681169996312
1573110000,36.75,37,36.75,37,35.891249999999985,37.04551112730218,34.73698887269779,6104,0.9802856016608008
1573113600,37,37,36.75,36.75,35.97374999999998,37.125864903124786,34.82163509687518,19724,0.8368804612693784
1573185600,36.25,37.125,36.25,37.125,36.06749999999999,37.272707451022676,34.8622925489773,45420,0.9387211509116802
1573189200,37.125,37.125,37.125,37.125,36.14999999999999,37.406483187312766,34.89351681268722,12192,0.8879876825432218
1573196400,37.125,37.125,36.75,36.75,36.21249999999999,37.457740940540795,34.96725905945919,30000,0.7158216865912609
1573200000,36.25,37.125,36.25,37.125,36.281249999999986,37.56790020499045,34.99459979500952,4048,0.8278863193459277
1573624800,37,37,37,37,36.36249999999999,37.61474797863672,35.11025202136326,3224,0.7545422355937954
1573628400,37,37,37,37,36.42499999999999,37.67349909891843,35.17650090108155,5344,0.730276497795684
1573632000,36.75,37,36.75,37,36.48749999999999,37.71962215303462,35.25537784696536,48660,0.7079745091579428
1573704000,36.75,37,36.75,37,36.58124999999999,37.66023968947771,35.50226031052227,41936,0.6940472666623454
1573707600,37,37,37,37,36.64374999999999,37.666231662426604,35.621268337573376,6000,0.6742085032383546
1573711200,37.05,37.125,37,37.125,36.71874999999999,37.647038074898376,35.79046192510161,8800,0.718816771961914
1573714800,37.125,37.5,37,37.5,36.793749999999996,37.7200160255007,35.867483974499294,27680,0.8812349695208965
1573718400,37.45,37.45,37.125,37.45,36.866249999999994,37.759037068678296,35.97346293132169,6312,0.8269256581326849
1573794000,37.45,37.45,37.45,37.45,36.90124999999999,37.82732707562613,35.97517292437385,5280,0.7962766353054316
1573801200,37.425,37.425,37.425,37.425,36.9475,37.88116214445978,36.01383785554022,2100,0.7557134841727366
1573804800,37.425,37.425,37.425,37.425,36.99375,37.92580083015748,36.06169916984252,4040,0.7313446788771889
1574049600,37.5,39.95,37.5,38.5,37.131249999999994,38.099479698986464,36.163020301013525,39504,1.2068312413019326
1574053200,38.25,38.25,38,38,37.24375,38.053823299151134,36.433676700848864,8836,0.9667787475481945
1574056800,38.225,38.475,38.225,38.475,37.311249999999994,38.27994435324018,36.342555646759806,10460,1.1006796654214908
1574064000,38.475,38.5,38.475,38.5,37.38625,38.47212234516698,36.300377654833014,4080,1.0128365249180065
1574136000,38.5,38.5,38.5,38.5,37.47374999999999,38.62075425021042,36.32674574978956,340,0.9473610275688761
1574143200,37.75,37.75,37.75,37.75,37.504999999999995,38.646336935352004,36.36366306464799,580,0.607330268745067
1574146800,37.75,38.25,37.75,38.25,37.561249999999994,38.73262472654939,36.3898752734506,16800,0.7939921719281531
1574150400,38.425,38.425,38.25,38.4,37.64374999999999,38.807351628565236,36.480148371434744,460,0.8249608721038344
1574222400,38.25,38.425,38.25,38.425,37.70874999999999,38.8942114080603,36.523288591939675,592,0.802097560970778
1574226000,38.5,38.5,38.5,38.5,37.78374999999999,38.97016002608704,36.59733997391294,30844,0.801856012782656
1574233200,38.35,38.5,38.35,38.5,37.85874999999999,39.027004574139745,36.69049542586024,44,0.7744478875557552
1574308800,38.475,38.575,38.475,38.575,37.93749999999999,39.075535588195166,36.79946441180482,25268,0.7800879017373396
1574312400,38.575,39,38.575,39,38.037499999999994,39.17992067558235,36.89507932441764,291420,0.9212546308781413
1574316000,38.75,38.75,38.75,38.75,38.12499999999999,39.20238108392443,37.04761891607556,1040,0.7900552132043198
1574323200,39.75,39.75,38.75,38.75,38.20625,39.21246506150396,37.20003493849603,800,0.7701957170007337
1574395200,38.75,38.75,38.75,38.75,38.26875,39.24661438221145,37.29088561778855,160,0.7460719547385758
1574398800,38.75,38.75,38.75,38.75,38.333749999999995,39.256554827683864,37.410945172316126,12000,0.7255352310221129
1574402400,39.25,39.25,39.25,39.25,38.42375,39.33527002171961,37.51222997828039,28,0.9532264680490813
1574409600,38.775,38.775,38.75,38.775,38.491249999999994,39.28988555518,37.69261444481999,1260,0.6776467364616955
1574654400,38.75,38.75,38.75,38.75,38.5575,39.194897050509695,37.9201029494903,344,0.6510047778273126
1574658000,38.75,38.75,38.75,38.75,38.56999999999999,39.212183774318795,37.92781622568119,1860,0.6401467984697544
1574661600,38.75,38.75,38.75,38.75,38.6075,39.1976482864465,38.0173517135535,4000,0.6207323678410077
1574665200,38.75,38.75,38.75,38.75,38.621249999999996,39.21122351635286,38.03127648364713,8060,0.6091150673982104
1574668800,39.25,39.25,39.25,39.25,38.65875,39.30571889414992,38.011781105850076,4,0.9569385061215884
1574748000,39,39.2,39,39.2,38.693749999999994,39.37728401524591,38.010215984754076,60004,0.8703180739424304
1574751600,39,39,39,39,38.75625,39.29682261306527,38.215677386934736,200,0.725455372792415
1574755200,39,39.2,39,39.2,38.80375,39.324632664327275,38.28286733567273,888,0.8803639736328749
1574827200,39.2,39.2,39.175,39.175,38.8425,39.35267153977461,38.33232846022539,140,0.8258707847039956
1574841600,39.125,39.125,39.125,39.125,38.8775,39.363786952320304,38.39121304767969,28,0.7544793756228316
1574913600,39.25,39.5,39.25,39.5,38.9275,39.45235712341153,38.40264287658847,48304,1.045386519934029
1574920800,39.175,39.5,39.175,39.5,38.9775,39.520155507663816,38.43484449233618,592,0.9814288186711795
1575000000,38.8,39.5,38.8,39.5,39.02375,39.57883445303083,38.46866554696917,8,0.9289887758516893
1575007200,39.5,39.5,39,39,39.02375,39.57883445303083,38.46866554696917,640,0.47860685894702887
1575010800,39.25,39.475,39.25,39.475,39.06,39.633236425915335,38.48676357408467,760,0.8619797881278525
1575014400,39.025,39.025,39.025,39.025,39.073750000000004,39.629509615296826,38.51799038470318,104,0.45614110970084715
1575262800,39.25,39.275,39,39,39.08625,39.623249767221694,38.549250232778306,1600,0.41969270261862845
1575266400,39.25,39.25,39,39.125,39.105000000000004,39.61944144467134,38.59055855532867,5528,0.5194385582724323
1575270000,39.125,39.125,39.125,39.125,39.09875,39.609013412362586,38.58848658763742,24,0.5257220088331012
1575273600,39,39,39,39,39.11,39.60076470940411,38.61923529059589,3456,0.38793000200283145
1575345600,39,39,39,39,39.12250000000001,39.588037323953586,38.65696267604643,28,0.368431601831967
1575349200,39,39,39,39,39.135000000000005,39.57243570955582,38.69756429044419,16,0.34569161016016686
1575352800,38.975,39,38.975,39,39.1475,39.55336327746668,38.74163672253332,14016,0.31828856145760753
1575356400,39,39,39,39,39.160000000000004,39.529932426255556,38.79006757374445,2000,0.28374428862654705
1575360000,39.025,39.125,39,39.125,39.15375,39.5216069694817,38.7858930305183,24400,0.4609223116793054
1575432000,38.825,38.825,38.825,38.825,39.135000000000005,39.52882737334331,38.7411726266567,40,0.10642654500075889
1575435600,39.025,39.025,39.025,39.025,39.136250000000004,39.52851107376992,38.74398892623009,880,0.35819393327661664
1575439200,39.225,39.225,39,39.225,39.1375,39.530723854815015,38.74427614518499,20068,0.6112597810745255
1575518400,39.25,39.25,39.25,39.25,39.14125000000001,39.53725347219977,38.74524652780024,1000,0.637309402106876
1575525600,39.025,39.025,39.025,39.025,39.136250000000004,39.53546015768056,38.73703984231945,424,0.3606623630941947
1575529200,39.025,39.025,39.025,39.025,39.112500000000004,39.47736298797733,38.74763701202268,400,0.3800919757782565
1575604800,39.025,39.025,39.025,39.025,39.088750000000005,39.408701168140766,38.76879883185924,800,0.4003754223332615
1575608400,38.8,38.8,38.8,38.8,39.05375,39.33715562802612,38.770344371973884,360,0.05232011134122579
1575864000,38.875,38.875,38.875,38.875,39.0475,39.340714938221645,38.754285061778354,444,0.20584718321955964
1575867600,38.8,38.8,38.8,38.8,39.01375,39.252745292833005,38.774754707167,4,0.052815460366909234
1575871200,36.375,38.75,36.375,38.75,39,39.26504716560665,38.73495283439335,12,0.02838582629663702
1575878400,38.75,38.875,36.675,38.875,38.99375,39.26433963394237,38.72316036605763,6460,0.2805717863802404
1575964800,38.425,38.45,36.7,38.45,38.959999999999994,39.312632953647594,38.607367046352394,144,-0.22313150929968706
1576123200,38.875,38.875,38.875,38.875,38.9475,39.29351300553134,38.60148699446866,20,0.3952351517991838
1576137600,38.5,38.5,38.5,38.5,38.9225,39.31838508433383,38.526614915666165,2800,-0.033614446109975424
1576209600,38.5,38.5,38.5,38.5,38.897499999999994,39.33192490720279,38.4630750927972,220,0.042498607458487055
1576216800,38.5,38.5,38.5,38.5,38.872499999999995,39.336962054422315,38.408037945577675,24,0.09899845805132973
1576220400,38.525,38.525,38.5,38.5,38.8475,39.335070507718854,38.35992949228114,400,0.14364128418492028
1576224000,38.5,38.5,38.5,38.5,38.82249999999999,39.32720288289227,38.31779711710771,172,0.1805050942528283
1576472400,38.5,38.5,38.5,38.5,38.79124999999999,39.29455780840294,38.28794219159704,28,0.21066413520966631
1576555200,38.325,38.325,38.325,38.325,38.76624999999999,39.30853106181073,38.22396893818925,8,0.09315378032324824
1576562400,38.325,38.35,38.325,38.35,38.732499999999995,39.289971972388756,38.17502802761123,924,0.15693342540524055
1576566000,37.75,37.75,37.75,37.75,38.65875,39.31720937611815,38.000290623881845,800,-0.1900577567574449
1576569600,38.375,38.375,37.5,38.375,38.614999999999995,39.22499999999817,38.00500000000182,1640,0.30327868852400525
1576641600,38.375,38.375,38.375,38.375,38.582499999999996,39.17052635995162,37.99447364004837,4,0.32356233144287466
1576738800,38.25,38.25,38.25,38.25,38.543749999999996,39.11183340056533,37.97566659943466,40,0.24145521616397628
1576742400,38.25,38.25,38.25,38.25,38.504999999999995,39.04133012221717,37.96866987778282,780,0.26227328147649714
1576814400,37.75,37.75,37.5,37.525,38.44125,39.10913378479921,37.77336621520078,500,-0.18593520373866254
1576818000,38.25,38.25,38.25,38.25,38.41,39.05175540511762,37.768244594882376,100,0.37534191475125034
1576821600,38.25,38.25,38.25,38.25,38.38249999999999,39.00179395281915,37.76320604718084,100,0.39302333778908594
1576825200,38.25,38.375,38.25,38.25,38.357499999999995,38.95543394283785,37.75956605716214,7840,0.41010712697644436
1576828800,38.35,38.35,38.25,38.25,38.32625,38.87613066886859,37.77636933113141,204,0.430666775250628
1577077200,38.25,38.25,38.25,38.25,38.31624999999999,38.86403531378533,37.76846468621465,120,0.4395292294875664
1577163600,38,38.25,38,38.25,38.285,38.76935524152944,37.800644758470554,440,0.4638694939178551
1577332800,38.25,38.375,38.25,38.375,38.278749999999995,38.755004921231915,37.802495078768075,172,0.6010488245990578
1577336400,38.5,38.5,38.25,38.25,38.26625,38.731619476862775,37.800880523137224,84,0.48254075438128585
1577340000,38.25,38.25,38.25,38.25,38.25375,38.70659517221222,37.800904827787775,64,0.49585951200310113
1577343600,38.1,38.1,38.1,38.1,38.23375,38.67654651082071,37.790953489179294,80,0.34897125798021905
1577347200,38.25,38.25,38.25,38.25,38.22125,38.647065394269084,37.79543460573091,232,0.533758760705859
1577419200,38.25,38.25,38.25,38.25,38.208749999999995,38.615344085049095,37.802155914950895,56,0.5507262667077705
1577422800,38.75,38.75,38.75,38.75,38.23,38.69840153714127,37.76159846285872,1000,1.0550793056462204
1577682000,38.75,38.75,38.75,38.75,38.25,38.76865209919056,37.73134790080944,400,0.9820186795544927
1577685600,38.75,39.25,38.75,39.25,38.325,38.95468245965279,37.69531754034722,200,1.2344971944351566
1577692800,38.75,38.75,38.75,38.75,38.34375,39.00004166534043,37.68745833465957,972,0.8095041590915749
1577772000,38.75,38.75,38.25,38.25,38.3375,38.994862152846366,37.68013784715363,800,0.4334461227946232
1577779200,38.525,38.525,38.525,38.525,38.35125,39.01221047536488,37.69028952463512,200,0.6314375113762136
1577948400,38.75,38.75,38.75,38.75,38.37625,39.05751261455819,37.694987385441806,28,0.7743068473252289
1577952000,38.75,38.75,38.75,38.75,38.4375,39.013802871756205,37.861197128243795,132,0.7711247985349253
1578024000,38.5,38.75,38.5,38.75,38.4625,39.04741452366613,37.87758547633387,412,0.7457624049049152
1578034800,39,39.25,39,39.25,38.5125,39.181174061104684,37.84382593889532,124988,1.05146448987539
1578038400,39.25,40,39.25,40,38.6,39.51937478755666,37.680625212443346,745996,1.2613869876292017
1578283200,41.225,41.225,41.225,41.225,38.74875,40.20146082807091,37.296039171929095,600,1.3522859306033672
1578290400,40,40,40,40,38.83624999999999,40.36697490996824,37.30552509003174,412548,0.8801303527568994
1578294000,40,40,40,40,38.92375,40.50950494638858,37.337995053611415,200,0.8393494065558699
1578297600,39.4,39.4,39.375,39.4,38.975,40.55273571931268,37.397264280687324,640,0.6346866889041288
1578373200,39.375,39.375,39.375,39.375,39.03125,40.581562468502796,37.480937531497204,452,0.6108647472634902
1578376800,39.375,39.375,39.375,39.375,39.0875,40.6015591137718,37.5734408862282,228,0.5949434527968284
1578384000,40,40,40,40,39.1825,40.675073281281605,37.68992671871839,935404,0.7738559004948993
1578456000,39.275,39.275,38.75,38.75,39.2075,40.652759492269055,37.76224050773095,8048,0.34172392485666025
1578459600,40,40,40,40,39.295,40.70935497665733,37.88064502334267,2004,0.7492302185927141
1578463200,38.75,38.825,38.75,38.825,39.29875,40.70769242252666,37.889807577473334,36,0.331877444945402
1578470400,38.875,39.25,38.8,39.25,39.323750000000004,40.71042543065908,37.93707456934093,1340,0.47340761999188546
1578542400,39.25,39.75,39.25,39.75,39.34875000000001,40.74718439245148,37.95031560754854,1500,0.6434640059504668
1578981600,39,39,39,39,39.36125,40.7424157214089,37.98008427859109,400,0.3692227897056796
1578988800,39,39,39,39,39.39875,40.69532963503798,38.10217036496202,80,0.3462300389330426
1579158000,39.25,39.25,39.25,39.25,39.435,40.67096116443636,38.19903883556364,20,0.4251594607811289
1579492800,38.875,39.225,38.875,39.225,39.45875,40.65888280514897,38.258617194851034,296,0.40261494436401724
1579503600,38.5,38.875,38.5,38.875,39.465,40.651528550011854,38.27847144998815,14020,0.25137555687382707
1579507200,39,39.125,39,39.125,39.48375,40.6358432036925,38.3316567963075,80,0.3443051313686282
1579579200,39.25,39.25,39.25,39.25,39.48375,40.6358432036925,38.3316567963075,20,0.3985542145154476
1579582800,39.25,39.25,39.25,39.25,39.44625,40.577319737016545,38.31518026298345,8,0.41324584436426826
1579586400,39,39,39,39,39.335,40.13302882153116,38.53697117846884,40,0.2901078313454625
1579665600,39.25,39.25,39.225,39.225,39.29625,40.034368384809774,38.55813161519023,220,0.4517353845492132
1579672800,39.225,39.225,39.225,39.225,39.2575,39.92140887928515,38.59359112071485,400,0.4755237495580776
1579680000,38.375,38.375,38.375,38.375,39.20625,39.96911876328449,38.4433812367155,4000,-0.04481847993165344
1579752000,39,39,39,39,39.1875,39.95128989257111,38.42371010742889,8,0.3772568203483112
1579755600,39,39,39,39,39.16875,39.93161876328271,38.4058812367173,2924,0.38939775219406414
1579759200,39,39,39,39,39.11875,39.78167439236641,38.455825607633585,28,0.4104347333063868
1579762800,39,39,38.375,38.75,39.11875,39.78167439236641,38.455825607633585,10032,0.22187627710930416
1579766400,38.4,38.4,38.375,38.375,39.0375,39.64443904141566,38.430560958584344,1040,-0.04577144885485601
1579838400,39.25,40,39.25,40,39.09625,39.824823091731346,38.36767690826865,550660,1.1202191724184947
1579842000,40.25,40.5,40,40,39.13375,39.960683340720536,38.30681665927946,6848,1.0237725686844397
1579845600,40,40.025,40,40.025,39.147499999999994,40.02269997714614,38.27230002285385,440,1.0013139984654473
1579849200,40,40,40,40,39.1975,40.144587641137825,38.25041235886217,312,0.92366723265224
1579852800,40,40.3,40,40.3,39.262499999999996,40.318613156814486,38.206386843185506,34848,0.9911878965362808
1580104800,40,40,40,40,39.3,40.40385687477875,38.19614312522125,1480,0.8170700912381901
1580108400,40,40,39.75,39.75,39.326249999999995,40.446570824584434,38.205929175415555,4520,0.6891199336391819
1580112000,39.75,39.75,39.7,39.75,39.36999999999999,40.48474212264465,38.255257877355334,8540,0.6704430075264776
1580184000,39.75,39.75,39.375,39.375,39.38249999999999,40.49156492145239,38.2734350785476,804,0.496618773231881
1580187600,39.7,39.7,39.7,39.7,39.404999999999994,40.520638830445094,38.289361169554894,96,0.632211246126273
1580194800,39.675,39.7,39.4,39.5,39.41749999999999,40.53151301608124,38.30348698391874,15664,0.5370282926721177
1580198400,39.5,39.5,39.375,39.375,39.436249999999994,40.53402900781413,38.33847099218586,4044,0.472102764051777
1580270400,39.375,39.75,39.375,39.75,39.46249999999999,40.563919538594384,38.3610804614056,176,0.6305133920027013
1580274000,39.725,39.725,39.725,39.725,39.4875,40.588919538593565,38.38608046140643,2000,0.6078154107849196
1580277600,39.725,39.725,39.725,39.725,39.55499999999999,40.53410673575343,38.57589326424655,1080,0.5868138241686136
1580281200,39.7,39.725,39.525,39.525,39.58124999999999,40.527013580393074,38.635486419606906,2000,0.4702621240835831
1580284800,39.525,39.525,39.5,39.5,39.60624999999999,40.51494067894332,38.69755932105666,5324,0.44153676137432085
1580360400,39.5,39.5,39.5,39.5,39.63124999999999,40.49841131717114,38.764088682828834,48,0.42432203939392155
1580446800,40.5,40.5,40.5,40.5,39.718749999999986,40.56549007227664,38.87200992772333,4,0.9613281133013147
1580450400,40,40.025,40,40,39.79999999999999,40.38757978181483,39.21242021818515,17236,0.6701896544008683
1580454000,40,40,40,40,39.79999999999999,40.38757978181483,39.21242021818515,8404,0.6701896544008683
1580457600,40.25,40.25,40,40,39.79999999999999,40.38757978181483,39.21242021818515,1012,0.6701896544008683
1580706000,40,40,40,40,39.79874999999999,40.3845133907964,39.21298660920358,9200,0.6717843784385259
1580716800,40,40,39.625,40,39.79874999999999,40.3845133907964,39.21298660920358,2032,0.6717843784385259
1580875200,40.25,40.25,40.25,40.25,39.79624999999999,40.373804110016216,39.21869588998377,1008,0.8928203367709228
1580878800,40.25,40.25,40.25,40.25,39.80874999999999,40.413579521434464,39.203920478565514,1000,0.8647722080045777
1580886000,39.75,39.875,39.75,39.875,39.81499999999999,40.41985535460753,39.210144645392454,1800,0.5495986350645277
1580889600,39.75,39.875,39.75,39.75,39.81499999999999,40.41985535460828,39.2101446453917,3648,0.4462681453468448
1580961600,40.25,40.25,40.25,40.25,39.85874999999999,40.456511449071456,39.26098855092853,120,0.8272626568740403
1580965200,40,40,40,40,39.87374999999999,40.469878132198836,39.27762186780114,400,0.6058916642084424
1580968800,40.25,40.25,40.25,40.25,39.91124999999999,40.502958331865216,39.31954166813476,1416,0.786247448073089
1580972400,40.25,40.25,40,40,39.94249999999999,40.48127175129962,39.403728248700354,644,0.5533621147186254
1580976000,40.25,40.25,40.25,40.25,39.96749999999999,40.514560325740575,39.4204396742594,456,0.7581982157247246
1581051600,40.025,40.025,40.025,40.025,39.982499999999995,40.51848041008608,39.44651958991391,1032,0.5396469714193268
1581058800,40.25,40.25,40.25,40.25,40.008749999999985,40.54313633028883,39.47436366971114,12312,0.7257262081064224
1581062400,40.5,40.5,40.5,40.5,40.05749999999999,40.584306416055924,39.53069358394406,4400,0.9199834953728311
1581307200,40.25,40.775,40.25,40.75,40.11999999999999,40.66373706880926,39.57626293119072,11248,1.0793241220243135
1581310800,40.775,40.975,40.75,40.75,40.18249999999998,40.714030808137785,39.65096919186218,31172,1.0338354722920309
1581318000,40.525,40.525,40.525,40.525,40.18374999999998,40.718370192286564,39.6491298077134,160,0.8191518062014111
1581321600,40.75,40.975,40.75,40.975,40.23249999999998,40.86081122861257,39.60418877138739,4548,1.0908695931151664
1581397200,41.075,41.075,41.075,41.075,40.28624999999998,41.00344505715059,39.56905494284937,220,1.0498852732851331
1581400800,41.075,41.25,41.075,41.1,40.34124999999998,41.12758246785374,39.55491753214622,11556,0.9824613194918526
1581408000,41.175,41.175,41.175,41.175,40.39999999999998,41.24867543855239,39.551324561447565,400,0.956593866626999
1581483600,41.125,41.5,41.125,41.5,40.47499999999998,41.4277591510981,39.52224084890186,44,1.0379113907321889
1581487200,41.425,41.5,41.425,41.425,40.53374999999998,41.565408252523554,39.50209174747641,4140,0.9319502111381847
1581490800,41.425,41.425,41.425,41.425,40.59249999999998,41.68487127388146,39.5001287261185,8,0.8810517632168803
1581494400,41,41,41,41,40.64874999999998,41.7027275851515,39.59477241484846,24000,0.6666306783694671
1581566400,41,41,41,41,40.71124999999997,41.690213099408474,39.73228690059147,4,0.6474774688517339
1581570000,41,41,41,41,40.74874999999997,41.71149022976263,39.786009770237314,16008,0.6304869123740509
1581577200,41.075,41.075,41.025,41.025,40.79999999999997,41.705262392902796,39.89473760709714,9952,0.6242733608310744
1581580800,41.025,41.25,41.025,41.025,40.838749999999976,41.712316683203284,39.96518331679667,3248,0.6066031956009682
1581652800,41.25,41.25,41.25,41.25,40.901249999999976,41.70163662532703,40.10086337467292,4000,0.7178634605853866
1581656400,41.125,41.125,41.025,41.025,40.939999999999976,41.683538835571305,40.19646116442865,4000,0.5571590856681407
1581660000,41.5,41.875,41.5,41.875,41.03249999999997,41.757775809609434,40.30722419039051,804,1.080813525583934
1581663600,41.875,41.875,41.75,41.75,41.10749999999997,41.803219052494796,40.41178094750515,912,0.961752483057669
1581915600,41.75,41.75,41.75,41.75,41.16999999999997,41.86076045051986,40.479239549480084,400,0.9198271626317776
1581922800,41.15,41.15,40.75,40.75,41.16999999999997,41.86076045051986,40.479239549480084,25316,0.19598722705978064
1581926400,40.75,40.75,40.75,40.75,41.16999999999997,41.86076045051986,40.479239549480084,7484,0.19598722705978064
1582002000,41.875,41.875,41.875,41.875,41.23749999999997,41.92679311617303,40.54820688382691,4,0.9624302673581129
1582005600,40.875,41.625,40.75,41.625,41.26999999999997,41.967961316982844,40.57203868301709,5020,0.7543120881932356
1582009200,40.275,40.275,40.275,40.275,41.22999999999997,42.04923745031922,40.41076254968072,80,-0.08285909636321846
1582012800,41.25,41.375,41.25,41.375,41.24374999999996,42.06302940899675,40.42447059100318,60,0.580100878014714
1582084800,41.625,41.75,41.625,41.75,41.272499999999965,42.11998156322478,40.42501843677515,4000,0.7817170430133384
1582095600,41.25,41.25,40.525,40.525,41.22374999999997,42.123815969807254,40.32368403019268,472,0.11183400803966734
1582099200,40.525,41.225,40.525,41.225,41.21374999999997,42.1090816424684,40.31841835753154,1600,0.5062825881865496
1582171200,41.725,41.725,41.725,41.725,41.22874999999997,42.147482142686364,40.310017857313575,80,0.7700732764987328
1582182000,40.75,40.75,40.75,40.75,41.21624999999997,42.15370333217537,40.278796667824565,400,0.2513209543359277
1582516800,40.875,40.875,40.875,40.875,41.209999999999965,42.15477510551842,40.26522489448151,4,0.3227091304357922
1582520400,40.9,40.9,40.875,40.875,41.203749999999964,42.15562643631287,40.251873563687056,1596,0.32731477140385123
1582527600,40.75,40.875,40.75,40.875,41.196249999999964,42.15597326740947,40.236526732590455,484,0.33263404623549253
1582531200,40.875,40.875,40.5,40.5,41.169999999999966,42.17468900661251,40.16531099338742,480,0.1665634860189378
1582603200,40.5,40.5,40.5,40.5,41.132499999999965,42.17761961038259,40.08738038961734,6540,0.19740305620693463
1582606800,40.275,40.275,40,40,41.08124999999997,42.23709114393197,39.92540885606797,2660,0.032267039602987435
1582610400,40.25,40.25,40.25,40.25,40.999999999999964,42.14967386680191,39.85032613319802,2040,0.17382054091294494
1582614000,40.25,40.25,40.25,40.25,40.92499999999997,42.06484648089355,39.78515351910639,400,0.2039074948624646
1582617600,40.25,40.25,40.25,40.25,40.849999999999966,41.95984233114759,39.74015766885234,356,0.22969133400257866
1582689600,40.25,40.25,40.25,40.25,40.82499999999997,41.96484648089395,39.68515351910599,1904,0.2477730511792272
1582693200,40.25,40.25,40.25,40.25,40.79999999999997,41.96694044407001,39.633059555929925,2000,0.26434101551845945
1582696800,40.25,40.25,40,40,40.70624999999997,41.81235521651685,39.60014478348309,26976,0.18074917763070208
1582700400,39.5,40,39.5,40,40.624999999999964,41.687073443790965,39.562926556208964,3708,0.20576422767475067
1582704000,40,40,39.5,39.5,40.586249999999964,41.74841124096703,39.4240887590329,3512,0.03265951328059008
1582783200,39.5,39.5,39.5,39.5,40.492499999999964,41.68708151668534,39.29791848331459,44,0.08458255626042564
1582786800,40.5,40.5,40.5,40.5,40.429999999999964,41.47649414714388,39.38350585285605,28,0.5334450031044508
1582790400,39.5,39.5,39.5,39.5,40.37874999999997,41.49938319155078,39.25811680844916,6376,0.10792255368418371
1582862400,39.25,39.25,39.25,39.25,40.279999999999966,41.43256236274039,39.12743763725954,400,0.05316951459747738
1582866000,39.25,39.25,39.25,39.25,40.15624999999997,41.18664737480394,39.125852625196,3200,0.06024247433065103
1582869600,39.25,39.25,39.25,39.25,40.08124999999997,41.14566004786864,39.0168399521313,2296,0.10952548237193495
1582873200,39.25,39.5,39.25,39.5,40.012499999999974,41.03993612940301,38.98506387059694,4524,0.2505927690620784
1583125200,39.5,39.5,39.5,39.5,39.94374999999997,40.91352768070971,38.97397231929023,200,0.271210449143761
1583128800,39.5,39.5,39.5,39.5,39.87499999999997,40.76241196746614,38.9875880325338,20,0.28871143631817947
1583132400,39.5,39.975,39.5,39.975,39.848749999999974,40.690544957220396,39.00695504277955,880,0.5749885699107181
1583136000,40,40,40,40,39.823749999999976,40.6148686699865,39.03263133001345,800,0.6113928963419778
1583208000,40.125,40.125,40.125,40.125,39.82999999999997,40.62852989925441,39.03147010074553,860,0.6847144360376872
1583211600,40.75,40.75,40.125,40.125,39.823749999999976,40.610908656181685,39.036591343818266,1160,0.6913527836061064
1583215200,40.125,40.125,40.125,40.125,39.81749999999997,40.59291924144528,39.042080758554654,280,0.6982798359677534
1583218800,40.5,40.5,40.5,40.5,39.82999999999997,40.640185164023286,39.01981483597665,20,0.9134857250858941
1583298000,39.75,39.75,39.25,39.25,39.779999999999966,40.603650411281556,38.956349588718375,13200,0.17826155809520475
1583301600,39.25,39.25,39.25,39.25,39.72999999999997,40.55486362509434,38.905136374905595,400,0.20904281301951502
1583305200,38.775,38.775,38.775,38.775,39.66874999999997,40.58155816714385,38.75594183285609,2000,0.010439305776339811
1583308800,38.75,39.75,38.75,39.75,39.656249999999964,40.557343086204035,38.755156913795894,84,0.5520201527652183
1583380800,39.75,39.75,39.75,39.75,39.66874999999997,40.567759872028084,38.76974012797185,200,0.5451886027773739
1583384400,39.75,39.75,39.75,39.75,39.68124999999996,40.57747472070662,38.78502527929331,4,0.5383553356717437
1583395200,38.775,39.25,38.75,38.75,39.59374999999996,40.49484308620554,38.69265691379437,6168,0.031818625114023
1583467200,40.875,40.875,40.875,40.875,39.662499999999966,40.72062333874829,38.60437666125164,4,1.072948330122992
1583470800,39,39,38.75,38.75,39.63749999999997,40.75536627107398,38.51963372892595,2600,0.10303838528588821
1583474400,38.75,39,38.75,38.75,39.61249999999997,40.78494402851648,38.44005597148346,2884,0.13217860340365742
1583478000,38.75,38.75,38.5,38.5,39.57499999999997,40.83605114884518,38.313948851154755,52,0.07376828014296566
1583481600,38.75,38.75,38.275,38.275,39.51374999999997,40.8965438204961,38.13095617950385,1812,0.05208434488247503
1583812800,38.25,38.25,37.5,37.5,39.41374999999997,41.051772817302535,37.77572718269741,16268,-0.08416463427275898
1583816400,37.5,37.5,37,37,39.28874999999997,41.234095406348835,37.34340459365111,14732,-0.08826314147872327
1583820000,38.25,38.25,37.55,37.55,39.16749999999997,41.22566058654412,37.109339413455814,1368,0.10705204186328675
1583823600,37.55,37.55,37.5,37.5,39.042499999999976,41.18516772972398,36.89983227027597,10800,0.14005151648065733
1583827200,37.5,38.225,37.125,37.125,38.89249999999997,41.12902073542866,36.65597926457128,16432,0.1048549937407176
1583899200,37.5,37.5,37.5,37.5,38.761249999999976,41.00114257554949,36.521357424450464,12,0.21845748011139465
1583902800,37.25,37.25,37.25,37.25,38.61749999999997,40.85787385273113,36.37712614726881,1384,0.19480540081895248
1583906400,37.125,37.125,37,37,38.442499999999974,40.613047166039124,36.271952833960825,4176,0.16771051498681044
1583910000,37.25,37.75,37.25,37.75,38.367499999999964,40.52487687945437,36.21012312054556,11604,0.3568863869172157
1583913600,37.75,38.2,37.75,38.2,38.31499999999997,40.43469337405234,36.1953066259476,3144,0.4728734350430806
1583985600,36.525,36.525,36.525,36.525,38.202499999999965,40.447711571323154,35.957288428676776,348,0.12642718810429265
1583989200,36.5,36.5,36.5,36.5,38.039999999999964,40.28412566493139,35.79587433506854,40,0.15688195985071476
1583992800,36.25,36.5,36.25,36.5,37.87749999999997,40.07294414640911,35.68205585359083,2180,0.18628215792849828
1583996400,37,37.475,36.25,36.25,37.70249999999997,39.82993390026606,35.57506609973388,3892,0.1586262915575663
1584072000,35.275,35.275,34.625,34.625,37.49624999999997,39.95197163528421,35.040528364715726,2324,-0.08460412588001452
1584075600,34.625,34.625,33.75,33.75,37.13999999999997,39.59898352983513,34.68101647016481,87608,-0.18930921229619324
1584079200,33.75,33.775,33.25,33.25,36.864999999999974,39.737646863086454,33.99235313691349,32504,-0.12921065001980112
1584082800,33.775,34,33.775,34,36.627499999999976,39.62040410805276,33.63459589194719,48000,0.06104507442614714
1584086400,34,35,33.775,35,36.45249999999997,39.39587816122906,33.50912183877089,122932,0.2532597035724688
1584676800,32.5,32.5,32.5,32.5,36.16374999999997,39.44858161668905,32.878918383310896,3804,-0.05767698736607156
1584680400,32.5,32.5,29.75,30.075,35.792499999999976,39.95137905570703,31.63362094429292,89380,-0.18738474038504352
1584684000,30.25,30.25,30.125,30.125,35.448749999999976,40.24000440255454,30.65749559744541,9000,-0.055569539071177204
1589173200,28.925,28.925,28.925,28.925,35.01749999999998,40.4801939324841,29.55480606751586,116,-0.05764610605132864
1589259600,28.7,28.7,28.7,28.7,34.57749999999998,40.562165821914924,28.592834178085038,1292,0.008953367247552578
1589263200,28.7,32.2,28.7,31.85,34.313749999999985,40.291029376940195,28.336470623059775,10168,0.29390707338317645
1589266800,31.85,31.85,31.85,31.85,34.031249999999986,39.912765004656066,28.14973499534391,800,0.31456733526368563
1589346000,31.85,34.825,31.85,34.825,33.90999999999998,39.61853308652897,28.201466913470995,88,0.5801431809302499
1589349600,34.825,34.85,34.75,34.75,33.797499999999985,39.344411302697665,28.250588697302305,6256,0.5858585930098411
1589432400,34.5,34.5,33.75,33.75,33.59749999999998,38.840039937854115,28.35496006214585,788,0.514544476704782
1589436000,33.5,34.5,33.5,34.475,33.41124999999998,38.23440962310985,28.588090376890115,572,0.6102752223773736
1589439600,33.75,33.775,33.75,33.75,33.27249999999998,37.88441120903214,28.66058879096782,840,0.5517681258764116
1589518800,33.875,33.875,33.875,33.875,33.14124999999998,37.52189706978287,28.76060293021709,400,0.5837490430422174
1589522400,33.9,34.475,33.875,34.475,33.03999999999998,37.19314338784456,28.8868566121554,344,0.6727607098998775
1589526000,34.45,34.475,34.15,34.475,32.95124999999997,36.89689554287361,29.00560445712634,7580,0.6930926110116664
1589778000,34.625,35,34.625,35,32.96999999999998,36.95069089480675,28.989309105193207,460,0.7549808630768557
1589781600,35,35,35,35,33.03249999999998,37.09855152451339,28.966448475486565,4716,0.7419423349825203
1589785200,35,35,34.5,34.5,33.09499999999998,37.21062874904892,28.979371250951033,2044,0.6706908088253459
1589864400,34.7,35,34.7,35,33.144999999999975,37.327152555801575,28.962847444198374,1100,0.7217757452949339
1589868000,35,35,33.25,33.75,33.082499999999975,37.18856563513029,28.976434364869665,50112,0.5812821882691166
1589871600,33.75,33.75,33.75,33.75,33.144999999999975,37.25175054026886,29.03824945973109,8440,0.5736592098871939
1589950800,34.975,34.975,33.5,33.5,33.31624999999998,37.17478842147462,29.45771157852535,2428,0.5238108293774347
1589954400,33.35,33.75,33.35,33.75,33.497499999999974,37.06929576683751,29.925704233162435,212,0.5353463658734874
1589958000,33.75,33.75,33.75,33.75,33.73874999999997,36.62944520185036,30.84805479814958,392,0.5019458986877671
1590040800,33.75,35,33.625,33.75,33.99124999999997,35.73001932052495,32.25248067947499,2680,0.43062622017993374
1590044400,35,35,35,35,34.14874999999997,35.63556496831291,32.66193503168703,8,0.7862662867074591
1590123600,35,35,33.875,33.875,34.24999999999997,35.311955742956684,33.18804425704326,7280,0.3234389698030677
1590127200,34,34,33.75,33.75,34.19624999999997,35.24509162293409,33.14740837706585,4972,0.2872653076297675
1590130800,33.75,33.75,33.75,33.75,34.14624999999997,35.179965990976186,33.11253400902375,4000,0.308337104456633
1590469200,32.5,32.5,32.25,32.5,34.083749999999974,35.33417742692167,32.83332257307828,19608,-0.13328345408211775
1590472800,32.5,32.5,32.5,32.5,33.98499999999997,35.39765707091222,32.572342929087725,1296,-0.025605269168761626
1590476400,32.5,32.5,32.5,32.5,33.92249999999997,35.474909417646536,32.370090582353406,11804,0.041841223123837853
1590480000,32.5,33.75,32.5,33.75,33.91624999999998,35.4703795795386,32.36212042046135,5900,0.4465134689575462
1590555600,33,35,33,33.025,33.84374999999997,35.42195111202545,32.2655488879745,4816,0.24060656979604356
1590562800,33.025,34.5,33,34.5,33.84499999999997,35.42523732394825,32.26476267605169,1620,0.7072473514179147
1590566400,33,33,33,33,33.74499999999997,35.272465220553116,32.21753477944682,7980,0.2561319269416231
1590642000,33,33,33,33,33.64499999999997,35.09038922093659,32.19961077906334,60,0.276876708827951
1590645600,33.025,34.95,33.025,34.925,33.66624999999997,35.17250985473945,32.15999014526049,768,0.9178395899085209
1590649200,33.075,33.525,33.075,33.525,33.59249999999997,34.96918987066731,32.21581012933264,68,0.4754846747120852
1590652800,34.75,34.75,34,34.75,33.64249999999997,35.10819949170987,32.17680050829007,860,0.8778059575868483
1590728400,34.025,35.5,34.025,35.5,33.72999999999997,35.40493283447402,32.05506716552592,14100,1.0283793963463121
1590735600,35.25,35.25,34.65,34.65,33.787499999999966,35.505311107194366,32.069688892805566,2500,0.7510462286533655
1590739200,34.65,34.975,34.025,34.25,33.812499999999964,35.5419146408543,32.08308535914563,1704,0.6264878848787555
1590987600,35,35,35,35,33.874999999999964,35.6795775128825,32.070422487117426,3080,0.811707308765867
1590991200,34.5,34.775,34.5,34.775,33.92624999999997,35.771478644368976,32.08102135563096,8800,0.729985048896276
1590994800,34.75,34.75,34.25,34.25,33.88874999999997,35.67470037724979,32.102799622750155,2400,0.6011366285989186
1591074000,34.5,34.875,34.5,34.5,33.91999999999997,35.72565777488402,32.11434222511593,3600,0.6606062920857947
1591077600,34.5,34.75,34.5,34.75,33.96999999999997,35.80913022921171,32.13086977078823,2008,0.712056761291543
1591081200,34.75,34.875,34.75,34.875,34.02624999999996,35.90344704613103,32.149052953868896,1912,0.7260684358494293
1591084800,34.25,34.25,34.25,34.25,34.11374999999997,35.85655485138193,32.370945148618006,68,0.5390892875619415
1591164000,34.85,34.85,34.85,34.85,34.231249999999974,35.83428423232288,32.62821576767707,140,0.6929933832739855
1591167600,34.85,34.85,34.85,34.85,34.34874999999997,35.759997232061444,32.93750276793849,120,0.6775911366245283
1591171200,34.75,34.75,34.75,34.75,34.398749999999964,35.79234920709034,33.00515079290959,4000,0.6260226032753681
1591246800,34.825,34.825,34.825,34.825,34.48874999999997,35.74119510857815,33.23630489142179,400,0.6342374199463953
1591250400,34.5,34.5,34.5,34.5,34.48874999999997,35.74119510857815,33.23630489142179,376,0.504491214793758
1591254000,34.75,34.75,34.75,34.75,34.57624999999997,35.629040933660875,33.52345906633907,16,0.5825187577346628
1591592400,34.5,35,34.5,35,34.67624999999997,35.455588661944255,33.89691133805568,48,0.7077081606553073
1591596000,34.75,34.75,34.75,34.75,34.667499999999976,35.439364625435594,33.89563537456436,76,0.5534420138463165
1591599600,34.85,34.875,34.85,34.875,34.73499999999997,35.30517541160592,34.16482458839402,488,0.6227692365808147
1591603200,34.875,34.875,34.8,34.85,34.73999999999997,35.31236352085139,34.16763647914854,140,0.5960927766993286
1591678800,34.85,34.85,34.85,34.85,34.70749999999997,35.166057520929755,34.24894247907018,356,0.655378544125823
1591682400,34.875,34.875,34.5,34.875,34.71874999999997,35.18212754585262,34.25537245414732,5624,0.6685990197394179
1591686000,34.875,34.875,34.875,34.875,34.74999999999997,35.16442731570253,34.33557268429741,8500,0.6508105224532814
1591689600,34.875,35,34.875,35,34.74999999999997,35.16442731570253,34.33557268429741,4704,0.8016210449065286
1591765200,35,35.25,35,35.25,34.773749999999964,35.242118177829134,34.305381822170794,10800,1.0084141307458132
1591768800,35.25,35.25,35,35,34.81124999999997,35.2224905014101,34.400009498589846,21748,0.7294885831439403
1591772400,35,35,35,35,34.83624999999997,35.22914788749834,34.4433521125016,4,0.7083874782868456
1591776000,34.9,35,34.8,35,34.848749999999974,35.2457622794076,34.45173772059235,12652,0.6904852920742186
1591851600,34.875,34.875,34.875,34.875,34.848749999999974,35.2457622794076,34.45173772059235,460,0.533059430855883
1591855200,34.85,34.85,34.5,34.725,34.872499999999974,35.16699108645271,34.57800891354724,4028,0.24956797202817096
1591858800,34.725,34.75,34.725,34.75,34.86749999999997,35.16670728600957,34.568292713990374,1220,0.30364782962504067
1591862400,34.75,34.975,34.5,34.725,34.86124999999997,35.16681300496129,34.55568699503865,3492,0.27705089001658567
1591938000,34.575,34.625,34.5,34.5,34.84874999999997,35.18987864142727,34.50762135857266,5980,-0.011170798413137046
1591941600,34.725,34.725,34.725,34.725,34.843749999999964,35.18903068292735,34.498469317072576,52,0.3280384541162763
1591945200,34.525,34.525,34.475,34.475,34.842499999999966,35.19289263691254,34.49210736308739,10680,-0.024411704592495528
1591948800,34.5,34.5,34.5,34.5,34.82999999999997,35.209341534769024,34.450658465230916,1520,0.06503576625101665
1592197200,34.5,34.5,34.5,34.5,34.804999999999964,35.201736688501015,34.408263311498914,4984,0.1156140724565778
1592200800,34.5,34.5,34.475,34.475,34.79124999999996,35.212935605638926,34.369564394361,7496,0.1250168422031382
1592204400,34.475,34.475,34.45,34.45,34.76999999999996,35.21485952839489,34.32514047160503,1732,0.14033590428586457
1592208000,34.475,34.5,34.475,34.475,34.751249999999956,35.21235600733923,34.29014399266068,1220,0.20044849166680434
1592283600,34.75,34.75,34.75,34.75,34.74624999999996,35.20512770702374,34.28737229297618,80,0.5040860559824982
1592287200,35.275,35.275,34.975,34.975,34.751249999999956,35.21774624864991,34.28475375135,896,0.7398197205739391
1592290800,34.975,34.975,34.975,34.975,34.75624999999996,35.230031331422204,34.282468668577714,40,0.7308554447928295
1592294400,34.975,34.975,34.975,34.975,34.75499999999996,35.22632791133574,34.28367208866418,300,0.7333831656357309
1592370000,34.5,34.5,34.5,34.5,34.71749999999996,35.142382336658365,34.29261766334155,80,0.2440467851516942
1592377200,34.625,34.625,34.5,34.5,34.69249999999997,35.10665576780053,34.2783442321994,2308,0.26759951814474736
1592380800,34.5,34.725,34.5,34.725,34.678749999999965,35.068709933842406,34.288790066157524,1360,0.5593009640045776
1592456400,34.725,34.725,34.725,34.725,34.664999999999964,35.027077339809075,34.30292266019085,36,0.5828552264989435
1592542800,34.975,35,34.975,34.975,34.66999999999997,35.04603191353981,34.29396808646014,2808,0.9055506846863933
1592550000,34.975,34.975,34.975,34.975,34.68249999999997,35.08096580782117,34.284034192178765,2004,0.867032746924274
1592553600,34.975,34.975,34.975,34.975,34.693749999999966,35.11144456544708,34.27605543455285,5352,0.8366694509168155
1592802000,35,35,34.75,34.75,34.69499999999997,35.11321047332865,34.276789526671294,12684,0.5657563637302824
1592805600,34.975,34.975,34.975,34.975,34.718749999999964,35.14386027981393,34.293639720186,40,0.8013923823627325
1592809200,34.75,34.75,34.75,34.75,34.71999999999996,35.14532340636732,34.29467659363261,5432,0.5352672807925899
1592812800,34.55,34.975,34.5,34.975,34.74499999999996,35.16855637169626,34.32144362830366,29380,0.7715104946702998
1592888400,34.75,35,34.5,34.5,34.74499999999997,35.16855637169305,34.32144362830689,41448,0.21078229915343866
1592892000,34.425,34.5,34.425,34.5,34.74499999999996,35.16855637169626,34.32144362830366,3380,0.21078229915564492
1592895600,34.5,34.5,34.475,34.475,34.74499999999996,35.16855637169626,34.32144362830366,4720,0.1812702888654017
1592899200,34.475,34.5,34.425,34.5,34.74749999999997,35.16460310476345,34.33039689523648,7308,0.20331076756152394
1592974800,34.55,34.55,34.5,34.5,34.74874999999996,35.162717088068746,34.33478291193117,9956,0.1995534099577686
1592978400,34.75,34.75,34.75,34.75,34.74874999999996,35.16271708806984,34.33478291193008,1520,0.5015097818595551
1592985600,34.525,34.525,34.375,34.375,34.71874999999996,35.14941082943001,34.288089170569904,9012,0.10090403339574165
1593061200,34.75,34.975,34.75,34.975,34.71874999999996,35.14941082943001,34.288089170569904,1604,0.7975079023778079
1593064800,34.5,34.5,34.5,34.5,34.694999999999965,35.11885138905583,34.2711486109441,4384,0.2699665436577531
1593068400,34.95,34.95,34.95,34.95,34.71749999999996,35.145314212018235,34.28968578798168,12,0.7717301032417687
1593072000,34.95,35,34.95,35,34.742499999999964,35.1749638713288,34.31003612867113,4020,0.7977127305557498
1593147600,35,35,35,35,34.756249999999966,35.20286924500022,34.30963075499971,4,0.772883449077406
1593151200,35,35,34.95,34.95,34.76749999999997,35.22167507637722,34.31332492362272,440,0.7009137109149125
1593154800,34.95,34.95,34.775,34.775,34.75749999999997,35.201656503950275,34.31334349604967,1480,0.5197002631329077
1593158400,34.975,34.975,34.975,34.975,34.75749999999997,35.201656503950275,34.31334349604967,404,0.7448461275086559
1593406800,35,35,34.975,35,34.75874999999997,35.20548118315487,34.31201881684507,80000,0.770016968925557
1593414000,34.575,34.975,34.575,34.975,34.76999999999997,35.22650848842397,34.31349151157597,1220,0.724530326596723
1593417600,34.575,35,34.55,35,34.771249999999974,35.23012770702177,34.312372292978175,2012,0.7492494149308934
1593493200,34.975,35,34.75,34.75,34.771249999999974,35.23012770702177,34.312372292978175,78008,0.4768456827660141
1593496800,34.575,35,34.575,35,34.772499999999965,35.23372120506751,34.31127879493242,14628,0.7466278626182393
1593500400,35,35,34.9,34.9,34.792499999999976,35.23918221366077,34.34581778633918,16392,0.6203316325481203
1593504000,35,35,34.75,35,34.81749999999997,35.251694656810955,34.38330534318898,8428,0.7101591960394372
1593579600,38.5,38.5,34.975,35,34.843749999999964,35.25480808592548,34.43269191407445,3240,0.6900582975374767
1593583200,35,35,35,35,34.86874999999997,35.25309197012963,34.48440802987031,3688,0.6707463797874476
1593586800,34.975,34.975,34.8,34.975,34.89249999999997,35.23966710673978,34.54533289326016,620,0.6188188604254239
1593590400,34.8,34.975,34.8,34.975,34.90374999999997,35.2462682476955,34.56123175230444,820,0.6040090571515623
1593666000,34.925,35,34.925,35,34.93499999999996,35.17861855431181,34.69138144568811,40400,0.633405274043362
1593669600,35,36.2,35,36.2,34.99624999999996,35.59963109848215,34.39286890151777,22680,1.4975039017861913
1593673200,35.975,35.975,35.875,35.875,35.06499999999996,35.7360812171455,34.39391878285443,88,1.1035037036540813
1593676800,35,35.85,35,35.85,35.109999999999964,35.8602332970521,34.35976670294783,4120,0.9931799234369458
1593756000,35,35,35,35,35.109999999999964,35.8602332970521,34.35976670294783,2220,0.42668947084048175
1593759600,34.975,35,34.75,34.975,35.108749999999965,35.859795105173674,34.357704894826256,6356,0.4109574118261322
1593763200,34.975,34.975,34.75,34.75,35.09874999999996,35.86319015462714,34.33430984537278,1200,0.2718918885350508
1594011600,34.625,34.625,34.55,34.55,35.08749999999996,35.87688267019639,34.29811732980354,4840,0.15954408407127926
1594015200,34.55,34.55,34.4,34.5,35.063749999999956,35.892827047088055,34.23467295291186,9268,0.16001350418518367
1594018800,34.425,34.5,34.4,34.4,35.033749999999955,35.911855204408496,34.155644795591414,6804,0.1391377725480931
1594022400,34.5,34.5,34.5,34.5,35.009999999999955,35.91835015275445,34.10164984724546,1600,0.21927125324225238
1594101600,34.625,34.625,34.375,34.375,34.978749999999955,35.928391379684264,34.02910862031565,1200,0.18211684278087095
1594105200,35,35,35,35,34.991249999999965,35.93508195008725,34.04741804991268,4,0.5046353590801972
1594108800,34.975,34.975,34.625,34.625,34.97249999999996,35.929696427076045,34.01530357292388,8224,0.3184803086543806
1594184400,34.75,35,34.75,35,34.977499999999964,35.93417392564344,34.020826074356485,25000,0.5117594926531014
1594188000,34.625,34.625,34.625,34.625,34.95874999999997,35.92754757947944,33.989952420520495,1200,0.32775039540288264
1594191600,34.625,34.625,34.5,34.5,34.93374999999996,35.92259718233246,33.94490281766746,9900,0.2806789523448768
1594195200,34.5,34.5,34.5,34.5,34.908749999999955,35.91476627720845,33.90273372279146,1360,0.29684722341960557
1594270800,34.5,34.75,34.5,34.75,34.89749999999996,35.90533183121407,33.889668168785846,24000,0.42682310905864707
1594274400,34.75,34.75,34.75,34.75,34.886249999999954,35.89539258160543,33.87710741839448,820,0.43249219561065877
1594278000,34.75,34.75,34.725,34.725,34.87249999999996,35.882561879295764,33.862438120704155,1708,0.4269846714229071
1594281600,34.725,34.725,34.25,34.25,34.774999999999956,35.61598156936314,33.93401843063677,472956,0.18786474096126773
1594357200,34.125,34.5,34,34.5,34.706249999999955,35.385564912251965,34.026935087747944,9632,0.3481926450604397
1594360800,34.25,34.5,34.025,34.025,34.61499999999995,35.12426417506959,34.10573582493031,9332,-0.079267135685791
1594364400,34.025,34.05,34.025,34.05,34.56749999999995,35.10090884882899,34.03409115117091,808,0.01491243430251349
1594368000,34.025,34.475,33.875,33.875,34.512499999999946,35.09139981863132,33.933600181368575,10416,-0.05061340449813706
1594616400,33.5,33.5,33.5,33.5,34.449999999999946,35.16641468439083,33.73358531560906,580,-0.16302381895456472
1594620000,32.525,33.75,32,33.75,34.40999999999995,35.186434156906465,33.63356584309343,34360,0.0749800584317865
1594623600,33.75,33.75,32.875,33.725,34.37124999999995,35.201351650408405,33.54114834959149,4244,0.11074044384687567
1594627200,32.9,33.725,32.875,33.475,34.324999999999946,35.24206052145492,33.407939478544975,10208,0.036562756702595206
1594702800,34.25,34.25,33.25,33.25,34.262499999999946,35.28737804153012,33.237621958469774,180,0.006038787557466641
1594706400,33.75,34.25,33.75,34.225,34.254999999999946,35.278669868663904,33.23133013133599,68648,0.48534683841036624
1594710000,34,34.225,33.75,34.225,34.216249999999945,35.181169038060155,33.251330961939736,43884,0.5045340591567383
1594713600,33.75,33.75,33.5,33.5,34.15999999999995,35.15378065991002,33.166219340089874,4540,0.16793477342391103
1594789200,33,33,32.775,32.775,34.04874999999995,35.135312814571925,32.96218718542797,268,-0.08613730514130963
1594792800,32.775,33.65,32.775,33.65,33.99999999999995,35.06606754007915,32.93393245992075,948,0.3358452973936583
1594796400,33.65,33.65,33.65,33.65,33.957499999999946,35.00810696742945,32.906893032570444,8,0.3536560247871278
1594800000,33.65,33.75,33.65,33.75,33.919999999999945,34.94366986866435,32.89633013133554,4172,0.41696541765865114
1594875600,34.2,34.25,34.2,34.25,33.894999999999946,34.85905394040567,32.93094605959422,12,0.6841183284052811
1594879200,33.75,33.75,33.75,33.75,33.84499999999994,34.7267028978129,32.963297102186985,808,0.44612697755922814
1594882800,34.225,34.225,34.225,34.225,33.81999999999994,34.62554329493322,33.014456705066664,44,0.7513831364170207
1594886400,33.775,33.775,33.75,33.75,33.794999999999945,34.576280999392225,33.013719000607665,17532,0.4712011427162902
1594962000,34.25,34.45,34.25,34.425,33.79124999999995,34.559572035354094,33.0229279646458,8244,0.9124247196085766
1594965600,34.25,34.4,33.75,34.4,33.809999999999945,34.61752708933575,33.00247291066414,9184,0.8653128221898598
1594969200,33.85,34.35,33.85,34.35,33.824999999999946,34.660463942974886,32.989536057025006,880,0.8141966834203658
1594972800,34.35,34.375,33.75,33.75,33.818749999999945,34.65449442864471,32.98300557135518,7912,0.4588690048993633
1595221200,34.45,34.45,34.425,34.425,33.86499999999994,34.72703248199375,33.00296751800612,80,0.8248137464059487
1595224800,34,34,34,34,33.87749999999994,34.73974996376453,33.01525003623535,2036,0.5710350856178776
1595228400,34.425,34.425,33.8,33.8,33.88124999999994,34.74146436282635,33.021035637173526,2016,0.45277339956695406
1595232000,33.775,33.875,33.75,33.75,33.89499999999994,34.7374072649333,33.052592735066575,11540,0.4139371144838067
1595307600,33.75,33.75,33.75,33.75,33.91999999999994,34.71255914606557,33.1274408539343,3816,0.3927524836197781
1595311200,33.75,33.75,33.725,33.75,33.89624999999994,34.679237068866755,33.11326293113312,3508,0.40660765304106533
1595314800,33.75,33.75,33.75,33.75,33.87249999999993,34.64287328615037,33.10212671384949,23800,0.4204930893878312
1595318400,33.75,33.75,33.75,33.75,33.884999999999934,34.638724087457106,33.13127591254276,16260,0.41044468244647614
1595394000,33.725,33.725,33.725,33.725,33.93249999999993,34.49621535371498,33.36878464628489,92,0.3159532123504822
1595397600,33.675,33.675,33.6,33.6,33.92999999999993,34.499122131019085,33.36087786898077,3916,0.2100798036012243
1595401200,33.6,33.625,33.6,33.625,33.92874999999993,34.50043063638213,33.35706936361773,920,0.23433593804910893
1595404800,33.625,33.625,33.475,33.475,33.91499999999993,34.515707915725606,33.31429208427425,13604,0.1337654386754753
1595480400,33.5,33.5,33.5,33.5,33.87749999999993,34.4834909240371,33.271509075962754,4552,0.1885266882505568
1595484000,33.5,33.5,33.5,33.5,33.86499999999993,34.490979232893906,33.239020767105956,2420,0.2084567819346872
1595487600,33.5,33.5,33.5,33.5,33.82874999999993,34.45109937938081,33.20640062061905,596,0.23587986837315297
1595491200,33.5,33.5,33.5,33.5,33.816249999999926,34.45426939627018,33.17823060372967,11832,0.2521627070833059
1595566800,33.5,33.5,33.5,33.5,33.76999999999993,34.35685603005714,33.183143969942726,4016,0.26996061540544025
1595570400,33.5,33.5,33.5,33.5,33.72499999999993,34.24605661881826,33.2039433811816,6232,0.2840925612746327
1595577600,33.55,33.55,33.5,33.5,33.68249999999993,34.12552934441617,33.239470655583695,18060,0.29403170207561974
1595826000,33.5,33.525,33.5,33.5,33.66999999999994,34.11877611346037,33.221223886539505,79200,0.3105959799318439
1595829600,33.5,33.625,33.5,33.5,33.62374999999993,33.914643021598366,33.332856978401495,37460,0.28729293793310506
1595833200,33.5,33.5,33.45,33.45,33.596249999999934,33.83980440873342,33.352695591266446,34460,0.19975907896627973
1595836800,33.475,33.5,33.475,33.5,33.58124999999994,33.80921655458839,33.35328344541149,17468,0.3217940343340666
1595912400,33.5,33.5,33.5,33.5,33.56874999999994,33.78547274917899,33.35202725082088,13556,0.34138720955607554
1595916000,33.5,33.5,33.275,33.4,33.55124999999994,33.76307244926139,33.33942755073849,24688,0.14297929580340094
1595919600,33.4,33.4,33.325,33.4,33.53374999999994,33.73454529379804,33.33295470620184,2916,0.16694936552042144
1595923200,33.4,33.4,33,33.375,33.514999999999944,33.70101075240654,33.32898924759335,66068,0.12367766865992248
1595998800,33.25,33.25,32.95,33,33.47749999999994,33.743911336114884,33.211088663885,22848,-0.39617057397649047
1596002400,33,33,33,33,33.44124999999995,33.7560018864262,33.126498113573696,1152,-0.20094893633518482
1596006000,33,33,33,33,33.411249999999946,33.77092867605572,33.051571323944174,14532,-0.07169082764330609
1596009600,32.975,32.975,32.9,32.95,33.37749999999995,33.77527506207438,32.97972493792552,8928,-0.03736400388010356
1596085200,33,33,32.275,32.75,33.341249999999945,33.82064414890995,32.86185585108994,76116,-0.11666376336076283
1596088800,32.675,32.675,32.5,32.5,33.29124999999994,33.88817440895836,32.69432559104152,44936,-0.16277236122794767
1596092400,32.5,32.5,32.25,32.25,33.22874999999994,33.96957302205687,32.48792697794301,53892,-0.16058287260187765
1596096000,32.375,32.475,32.125,32.25,33.16624999999994,34.00890577195529,32.32359422804459,102192,-0.04366802583801129
1596171600,33.725,33.725,32.375,32.375,33.10999999999994,34.00462282555802,32.21537717444186,4420,0.08921235910706986
1596175200,33.15,33.225,32.975,32.975,33.08374999999994,33.96171284090559,32.205787159094285,18600,0.4380668549207864
1596178800,32.75,32.75,32.25,32.475,33.032499999999935,33.92680140333738,32.13819859666249,58828,0.1883041903325887
1596182400,32.45,32.5,32.25,32.475,32.981249999999946,33.8799817452991,32.082518254700794,12856,0.2183531111213646
1596517200,32.725,33.725,32.5,32.55,32.93374999999994,33.8180965101478,32.04940348985208,40188,0.2830318797007625
1596520800,32.625,33.05,32.5,32.5,32.88374999999994,33.74721323025913,32.02028676974076,219592,0.27778439975680713
1596524400,32.5,32.575,32.475,32.475,32.83499999999994,33.67485117729928,31.995148822700592,356560,0.2856763140122251
1596528000,32.5,32.5,32.475,32.5,32.78499999999994,33.5783158261437,31.991684173856175,99848,0.3203741872985836
1596603600,33.475,33.475,32.5,32.5,32.73499999999994,33.465308154144275,32.00469184585561,227308,0.33910901263639787
1596607200,32.525,32.625,32.5,32.5,32.68999999999994,33.359215959171244,32.02078404082864,160192,0.35804283550319116
1596690000,33.4,33.4,33.375,33.375,32.68874999999994,33.352729480111364,32.02477051988852,8,1.0167704880615427
1596697200,33,33.325,33,33.25,32.68249999999994,33.322441403575326,32.042558596424556,24748,0.9433999713328504
1596700800,33.225,33.325,33.225,33.325,32.69874999999994,33.384948768587144,32.012551231412736,3908,0.9563182190558518
1596776400,33.75,33.75,32.5,32.5,32.67374999999994,33.35059470154447,31.99690529845541,38376,0.37164707088387405
1596780000,33.5,33.5,33.25,33.25,32.68624999999994,33.395206098789984,31.977293901209887,52,0.8975916146022282
1596783600,33,33.2,32.625,33.2,32.69874999999994,33.434187794793154,31.963312205206726,1536,0.840783410608508
1596787200,33,33.5,33,33.5,32.73624999999994,33.55057103620725,31.921928963792634,36564,0.9689489562723407
1597035600,33.7,33.75,33.5,33.725,32.79749999999994,33.709900679531785,31.885099320468104,10580,1.0082745008892169
1597039200,33.5,33.5,33.425,33.425,32.85624999999994,33.77138318703437,31.941116812965507,6500,0.8107471175005383
1597042800,33.5,33.5,33.45,33.5,32.91874999999994,33.83046198852013,32.00703801147975,12484,0.8187684308854463
1597046400,33.5,33.725,33.25,33.625,32.981249999999946,33.90657089029112,32.05592910970877,48260,0.847852300080182
1597122000,33.875,34.25,33.625,33.9,33.02749999999994,34.03570384844095,32.019296151558926,6520,0.9327001931946634
1597125600,34.225,34.25,34.225,34.25,33.116249999999944,34.22206135371741,32.01043864628248,31080,1.0126326457892976
1597129200,34.25,34.25,34.25,34.25,33.20499999999994,34.37382419551043,32.03617580448945,6560,0.9470304447897105
1597132800,34.25,34.25,34.025,34.025,33.278749999999945,34.45903333463179,32.0984666653681,34628,0.8161317194370215
1597208400,34.05,34.25,33.975,33.975,33.35249999999994,34.513092521090094,32.19190747890979,40420,0.768181979759503
1597212000,34.25,34.25,33.75,33.95,33.42624999999994,34.54097810586764,32.31152189413224,57364,0.7349227570575964
1597215600,33.95,33.95,33.925,33.95,33.49874999999994,34.549877370974755,32.44762262902512,24812,0.7146504850223695
1597219200,33.925,33.975,33.75,33.775,33.562499999999936,34.51348633008718,32.61151366991269,27064,0.6117261065048996
1597294800,33.95,33.95,33.95,33.95,33.63499999999995,34.46421649767067,32.80578350232923,2160,0.6899383338880095
1597298400,33.95,33.95,33.95,33.95,33.66374999999994,34.49478474657188,32.832715253428006,4108,0.6722250490613394
1597302000,33.875,33.95,33.75,33.9,33.69624999999995,34.51069382863962,32.88180617136028,12968,0.6250853606075968
1597305600,33.875,33.875,33.75,33.75,33.717499999999944,34.51407077526753,32.92092922473236,10520,0.5203999449949306
1597381200,33.75,33.75,33.7,33.75,33.779999999999944,34.348022886871654,33.211977113128235,7944,0.47359261334946884
1597384800,33.75,33.75,33.5,33.75,33.80499999999994,34.318955250980885,33.291044749019,270952,0.44649339617119477
1597388400,33.75,33.975,33.75,33.975,33.84374999999994,34.28046357891753,33.40703642108236,13104,0.6502701156274646
1597392000,33.975,33.975,33.875,33.975,33.86749999999994,34.27771335913261,33.457286640867274,6408,0.6310293748445324
1597640400,33.7,33.7,33.25,33.275,33.84499999999995,34.327078831737005,33.36292116826289,38024,-0.09118961721062506
1597644000,33.275,33.375,32.75,33.375,33.84249999999995,34.33369751628897,33.35130248371093,30744,0.024122186598277803
1597647600,33.25,33.375,33.25,33.375,33.83624999999994,34.34749235936648,33.32500764063341,3456,0.048893013705412935
1597651200,33.05,33.35,33.025,33.025,33.80624999999995,34.42307148958153,33.18942851041837,20988,-0.13328695027300952
1597726800,33,33.5,33,33.5,33.78624999999995,34.41543101529527,33.15706898470464,18592,0.27252174410761837
1597730400,33.225,33.25,33,33,33.72374999999995,34.40262314721352,33.04487685278639,5916,-0.03305245830578561
1597734000,33.225,33.225,33,33,33.66124999999995,34.364541369212,32.95795863078791,4900,0.02988901261449821
1597737600,33,33.5,33,33.45,33.63249999999995,34.32081315548121,32.94418684451869,10076,0.3674295278634143
1597813200,33.525,34,33.5,34,33.63374999999996,34.32463258771492,32.94286741228499,4012,0.7650595097579338
1597816800,33.5,33.725,33.25,33.25,33.59874999999995,34.29291766707203,32.90458233292787,28112,0.24879988182758445
1597820400,33.375,33.7,33.175,33.7,33.58624999999996,34.26346396176262,32.909036038237296,10656,0.583983797162108
1597824000,33.675,33.7,33.125,33.475,33.57124999999996,34.24435381814938,32.898146181850535,34740,0.42850285691100576
1597899600,33.75,33.75,33.25,33.25,33.53624999999995,34.19966446321882,32.87283553678109,2384,0.2842600547091799
1597903200,33.225,33.25,33.225,33.25,33.501249999999956,34.147290826887904,32.85520917311201,2780,0.30554634510464596
1597906800,33.25,33.725,33.225,33.675,33.48999999999997,34.11537988455365,32.864620115446286,12636,0.647910097981534
1597910400,33.45,33.65,33.25,33.475,33.47624999999996,34.090146367481395,32.86235363251852,4840,0.4989819128551905
1597986000,33.5,33.625,33.5,33.625,33.46999999999996,34.07510329697106,32.86489670302887,404,0.6280773057888668
1597989600,33.625,33.725,33.25,33.7,33.46749999999996,34.068353559535495,32.86664644046442,104844,0.6934747629520313
1597993200,33.55,33.55,33.375,33.4,33.43874999999996,33.99293295715891,32.88456704284102,89400,0.4650386217228519
1597996800,33.45,33.55,33.45,33.55,33.41749999999996,33.91777492442231,32.91722507557761,3240,0.6324271850653209
1598245200,33.725,33.725,33.55,33.625,33.43499999999996,33.93858713248595,32.93141286751397,408,0.6886465993105239
1598248800,33.55,34,33.525,33.625,33.44749999999997,33.95688688636776,32.93811311363218,123836,0.6742290631642508
1598252400,33.625,34,33.625,34,33.47874999999997,34.04050506228591,32.91699493771403,276040,0.9639477549867705
1598256000,33.775,33.775,33.75,33.75,33.51499999999997,34.04777575020125,32.9822242497987,40820,0.7205430708053515
1598331600,34.5,34.5,33.75,34.2,33.54999999999997,34.16053255441716,32.93946744558278,4088,1.0323221467039698
1598335200,34,34.2,33.775,33.875,33.593749999999964,34.16446774985801,33.02303225014192,25000,0.746400256580411
1598338800,33.875,33.875,33.875,33.875,33.63749999999997,34.150700740454596,33.12429925954534,2240,0.7313909366046889
1598342400,33.825,34.175,33.75,34,33.66499999999997,34.1937721626585,33.136227837341444,26224,0.8167715924338167
1598418000,34,34.425,33.75,34.375,33.68374999999997,34.28088377898425,33.08661622101569,49984,1.0788066462894161
1598421600,34.35,34.35,33.9,33.9,33.71624999999997,34.28552036634955,33.14697963365038,4604,0.6613908002785378
1598425200,33.95,34,33.925,33.925,33.72749999999997,34.3038896251693,33.151110374830644,1756,0.6713250823538042
1598428800,34,34.375,33.9,34.35,33.77124999999997,34.39520412491897,33.147295875080964,12048,0.9637760829573523
1598504400,34.45,34.5,34.45,34.45,33.83124999999997,34.473681903008746,33.18881809699119,24172,0.981568549991189
1598508000,34.325,34.325,34.325,34.325,33.88499999999997,34.5033445641416,33.26665543585834,200,0.8557886860466138
1598511600,34.25,34.25,34,34.25,33.913749999999965,34.54372519792812,33.28377480207181,2420,0.7668755858213828
1598515200,34.125,34.25,34.125,34.25,33.95249999999997,34.56485202294377,33.340147977056176,244,0.7429158301542295
1598590800,34.375,34.375,34.375,34.375,33.98999999999997,34.60935450269181,33.370645497308125,860,0.8108074602886914
1598594400,34.325,34.325,34.125,34.125,34.01124999999997,34.6183898109195,33.404110189080434,6612,0.5936769405944187
1598598000,34.125,34.375,34.125,34.375,34.05999999999997,34.617539236291364,33.50246076370857,40,0.7824913293056552
1598601600,34.375,34.375,34.25,34.375,34.10124999999997,34.62266034704229,33.57983965295765,22080,0.7625091749261063
1598853600,34.325,34.375,34.025,34.05,34.12249999999997,34.597078760590634,33.6479212394093,27688,0.42361647210071607
1598857200,34.05,34.225,34.05,34.225,34.15249999999997,34.569902683272836,33.7350973167271,700,0.5868465907209299
1598860800,34.225,34.375,34.1,34.1,34.15749999999997,34.56984087840519,33.74515912159475,33796,0.43027613436926526
1599022800,34,34.3,34,34,34.16999999999997,34.54569934788749,33.794300652112454,1436,0.27375526340962686
1599026400,34.25,34.25,34.2,34.2,34.16999999999997,34.54569934788871,33.79430065211124,3588,0.5399255417511588
1599030000,34.175,34.175,34,34,34.176249999999975,34.535928676045636,33.816571323954314,10348,0.2549896452888412
1599033600,34.2,34.25,34.2,34.25,34.19499999999998,34.528016516109155,33.8619834838908,5016,0.5825784868609789
1599109200,34.25,34.25,34.25,34.25,34.207499999999975,34.528864279287845,33.886135720712105,3636,0.5661243373006538
1599112800,34.025,34.025,34,34,34.18874999999998,34.51258444844782,33.86491555155214,2028,0.20857022638470274
1599116400,34.025,34.025,34,34,34.19374999999998,34.50232535546692,33.88517464453304,10680,0.18605723599217158
1599120000,34,34.225,34,34.225,34.20874999999998,34.49171422035544,33.92578577964452,1404,0.5287138776407976
1599199200,34.125,34.125,34.125,34.125,34.19749999999998,34.474943687984904,33.92005631201505,1116,0.3693428556141538
1599202800,34.2,34.2,34.2,34.2,34.184999999999974,34.437190404264555,33.93280959573539,24,0.5297394344637554
1599206400,34.2,34.2,34.15,34.15,34.176249999999975,34.42041951079586,33.93208048920409,604,0.4462463599275506
1599454800,34.025,34.025,34.025,34.025,34.16499999999998,34.415199920067955,33.914800079932,800,0.22022373156245975
1599458400,34.025,34.325,34.025,34.05,34.15499999999997,34.40679356624749,33.90320643375246,2400,0.2914958639237823
1599462000,34.05,34.05,34.05,34.05,34.13874999999997,34.372990794916554,33.90450920508339,32,0.31055819070375323
1599465600,34.05,34.05,34.05,34.05,34.13499999999997,34.37238154942051,33.89761845057943,3076,0.32096333896323975
1599541200,34,34.35,34,34.325,34.132499999999965,34.36058989457098,33.90441010542895,440,0.9219827457987297
1599544800,34.025,34.25,34.025,34.25,34.12624999999996,34.33329769983303,33.919202300166894,24200,0.7988441796257804
1599548400,34.175,34.175,34.05,34.05,34.12624999999997,34.33329769982865,33.91920230017129,712,0.3158636872975007
1599552000,34.05,34.275,34.05,34.25,34.12749999999997,34.33720216976494,33.917797830234996,58292,0.7920809072632011
1599627600,34.3,34.3,34.3,34.3,34.13749999999997,34.35970486044424,33.915295139555695,124,0.8656535677822947
1599631200,34.3,34.3,34.225,34.25,34.14999999999996,34.36794494719085,33.932055052809076,21692,0.7294157338560644
1599634800,34.275,34.275,34.225,34.25,34.15249999999997,34.373802959772874,33.93119704022706,13092,0.7202862539662448
1599638400,34.225,34.275,34.2,34.2,34.16249999999997,34.37315374433681,33.951846255663135,16780,0.5890086243614707
1599714000,34.3,34.3,34.3,34.3,34.16499999999997,34.38087033145897,33.94912966854097,1200,0.8126877118490596
1599717600,34.325,34.475,34.3,34.475,34.17624999999997,34.42897267409961,33.923527325900324,2408,1.0910629132593028
1599721200,34.275,34.45,34.25,34.25,34.18874999999996,34.429828306791826,33.9476716932081,81568,0.6270334125353664
1599724800,34.375,34.375,34.375,34.375,34.20749999999997,34.44524986856883,33.969750131431105,400,0.8522609728625727
1599800400,34.475,34.475,34.275,34.275,34.209999999999965,34.449478600308005,33.970521399691926,1740,0.6357114997257044
1599804000,34.275,34.475,34.25,34.275,34.21749999999997,34.45524986856692,33.97975013143302,10600,0.6209254085956177
1599807600,34.45,34.5,34.25,34.25,34.21999999999998,34.45801260471106,33.9819873952889,9640,0.5630218723845296
1599811200,34.375,34.375,34.375,34.375,34.231249999999974,34.47613517717827,33.98636482282168,4,0.793504902290112
1600059600,34.5,34.5,34.25,34.25,34.242499999999964,34.46838713997303,34.016612860026896,10060,0.5166012106774428
1600063200,34.25,34.375,34.25,34.325,34.25624999999997,34.466532548024986,34.04596745197496,6880,0.663470532019262
1600066800,34.3,34.3,34.25,34.25,34.26624999999997,34.45418283375736,34.078317166242584,10012,0.4567664689690438
1600070400,34.25,34.25,34.225,34.25,34.276249999999976,34.4363085830305,34.11619141696945,29420,0.41799877425201953
1600146000,34.25,34.25,34.15,34.175,34.268749999999976,34.432971649008586,34.104528350991366,13524,0.21456260314660613
1600149600,34.15,34.175,34,34,34.25624999999998,34.45803887482057,34.05446112517939,40788,-0.1349458071655513
1600153200,34.15,34.175,34.15,34.175,34.262499999999974,34.445188259071834,34.079811740928115,8560,0.2605210087267855
1600156800,34.2,34.25,34.15,34.25,34.262499999999974,34.44518825907432,34.07981174092563,90800,0.4657887155329248
1600232400,34.25,34.25,34,34,34.24749999999998,34.461917816426016,34.033082183573946,9556,-0.07714420407167413
1600236000,34,34.225,33.875,33.875,34.22874999999998,34.497671456937894,33.95982854306206,18400,-0.15771992318493672
1600239600,33.875,33.875,33.775,33.8,34.206249999999976,34.53331077417357,33.87918922582638,15732,-0.12106194334443664
1600243200,33.775,34,33.75,33.75,34.18374999999998,34.566592983481826,33.80090701651814,68004,-0.0664855028230558
1600318800,33.75,33.775,33.75,33.775,34.157499999999985,34.5752618939065,33.73973810609347,1320,0.04220333929549372
1600322400,33.775,33.975,33.75,33.975,34.13249999999998,34.530651981035554,33.734348018964404,56392,0.30221120639620164
1600326000,33.975,34.025,33.9,34,34.119999999999976,34.518308925336875,33.72169107466308,65020,0.3493631546186451
1600329600,34,34.25,34,34,34.10124999999998,34.48481062102728,33.71768937897268,126964,0.3680130408997689
1600405200,34.25,34.6,34.25,34.6,34.11749999999998,34.553131725203116,33.68186827479684,65840,1.0537934591139233
1600408800,34.6,34.6,34.25,34.25,34.11624999999998,34.55020708313437,33.68229291686559,41640,0.6541051007094644
1600412400,34.125,34.65,34.125,34.65,34.13624999999998,34.626269132282275,33.64623086771769,139300,1.0242142256846136
1600416000,34.5,34.5,34.275,34.5,34.142499999999984,34.647500000001266,33.6374999999987,270440,0.8539603960387214
1600664400,34.5,34.7,34.375,34.375,34.148749999999986,34.66194465118214,33.63555534881783,27144,0.7204329287910963
1600668000,34.275,34.275,34.225,34.25,34.14499999999998,34.65406777545005,33.63593222454991,16452,0.6031296863243671
1600671600,34.25,34.25,34.25,34.25,34.14499999999998,34.65406777545095,33.635932224549016,8420,0.6031296863241857
1600675200,34.25,34.35,34.125,34.35,34.149999999999984,34.66502427127396,33.63497572872601,51948,0.6941656065114113
1600750800,34.5,34.725,34.375,34.525,34.16749999999998,34.70789337523839,33.62710662476157,39100,0.830777556111134
1600754400,34.525,34.525,34.5,34.5,34.19249999999998,34.74569526390107,33.63930473609889,86124,0.7779307959286867
1600758000,34.375,34.5,34.375,34.5,34.20874999999999,34.77780074466175,33.63969925533823,26988,0.7559086362088234
1600761600,34.5,34.5,34.375,34.5,34.22124999999998,34.8041897481743,33.638310251825665,6416,0.7390898895409177
1600837200,34.725,34.75,34.725,34.75,34.25874999999999,34.875449886491694,33.64205011350829,45248,0.8982893549686246
1600840800,34.725,34.725,34.7,34.7,34.29999999999999,34.91886993787047,33.68113006212951,1004,0.8231696803502901
1600844400,34.65,34.65,34.5,34.5,34.334999999999994,34.914741321624234,33.75525867837575,19440,0.6423048468735433
1600848000,34.5,34.5,34.5,34.5,34.37249999999999,34.88967985266214,33.855320147337835,11196,0.6232646625189604
1600923600,34.5,34.5,34.5,34.5,34.40874999999999,34.849282348415,33.96821765158498,38200,0.6035678768293828
1600927200,34.425,34.425,34.375,34.425,34.43124999999999,34.824275126423196,34.03822487357679,5704,0.49204885441183677
1600930800,34.425,34.425,34.375,34.375,34.44999999999999,34.79132096331764,34.10867903668234,2052,0.3901327371296118
1600934400,34.375,34.575,34.375,34.575,34.47874999999999,34.75410204738588,34.203397952614104,167464,0.674776256275887
1601010000,34.75,35,34.5,34.975,34.49749999999999,34.844955033062796,34.15004496693718,7460,1.1871392763991104
1601013600,34.75,34.95,34.75,34.75,34.52249999999999,34.8670649430821,34.177935056917875,19160,0.8301264457797708
1601017200,34.5,34.725,34.5,34.725,34.52624999999999,34.87784458186933,34.17465541813065,768,0.7826408742468469
1601020800,34.725,34.725,34.5,34.7,34.53624999999999,34.89558097556442,34.176919024435556,12928,0.7278539997043088
1601269200,34.75,34.75,34.7,34.7,34.552499999999995,34.91058518539387,34.19441481460612,12068,0.7059565796302988
1601272800,34.7,34.75,34.625,34.7,34.57499999999999,34.910037311355204,34.23996268864477,37900,0.6865463871686309
1601276400,34.7,34.75,34.65,34.65,34.594999999999985,34.89608138434814,34.293918615651826,28776,0.5913374304410898
1601280000,34.725,35.125,34.725,35.125,34.633749999999985,34.99266329036592,34.27483670963405,147888,1.184357494116694
1601355600,35.125,35.175,35,35.125,34.663749999999986,35.077415021485315,34.25008497851466,7656,1.0575163188125305
1601359200,35.275,36.25,35.275,35.8,34.728749999999984,35.36676939625812,34.09073060374185,122228,1.339512094994832
1601362800,35.775,36,35.75,36,34.80374999999999,35.638806135837996,33.96869386416198,17840,1.2162692115300326
1601366400,36,36.125,35.775,36.125,34.88499999999998,35.88579968025688,33.88420031974307,54408,1.1195045944068032
1601442000,36.25,36.25,36,36.225,34.95874999999998,36.11430992921245,33.80319007078751,119660,1.0478945608917856
1601445600,36.15,36.15,35.925,35.925,35.01999999999998,36.24214974532633,33.797850254673634,18352,0.8702492282393575
1601449200,35.925,35.925,35.8,35.85,35.08749999999998,36.336149270212225,33.83885072978773,10768,0.8053299345902044
1601452800,35.875,35.975,35.875,35.975,35.16124999999998,36.436345584652855,33.88615441534711,12360,0.8190937251271055
1601614800,36,36,35.825,36,35.23624999999998,36.52334702431557,33.949152975684385,25884,0.7966948044985743
1601618400,36,36,35.65,35.875,35.30874999999998,36.56794369042318,34.049556309576786,39600,0.7248462664269346
1601622000,35.875,35.975,35.775,35.775,35.37874999999998,36.57669355042373,34.18080644957624,5836,0.6653875927041187
1601625600,35.775,36,35.775,35.95,35.447499999999984,36.61035209721676,34.284647902783206,47196,0.7160635910631821
1601874000,35.25,35.25,34.525,34.525,35.42499999999998,36.63980451102244,34.210195488977526,2708,0.12957002882608382
1601877600,34.525,34.525,32.5,32.525,35.313749999999985,37.05073553534589,33.576764464654076,55068,-0.30275567736510417
1601881200,32.75,34.725,32.75,34.5,35.30249999999999,37.05741452783307,33.54758547216691,14236,0.2713563859457894
1601884800,33.5,34.5,33.275,33.75,35.25499999999998,37.120516014404906,33.38948398559506,16048,0.09662635207126416
1601960400,33,33.3,32.475,33.3,35.18499999999999,37.22542887648623,33.14457112351375,65160,0.03808730563397709
1601964000,33.3,34.175,33.3,33.875,35.14374999999998,37.25389661812907,33.0336033818709,54680,0.19936923124211825
1601967600,33.875,33.875,33.5,33.875,35.10499999999998,37.2775330837529,32.932466916247066,8240,0.21692030625484574
1601971200,33.75,33.75,33.25,33.275,35.01249999999999,37.32666831712802,32.69833168287196,26968,0.12459515430660342
1602046800,33.025,33.275,33.025,33.275,34.91999999999999,37.35359815910522,32.48640184089476,4648,0.1620230842455905
1602050400,33.5,34,33.5,33.5,34.804999999999986,37.27843890161049,32.33156109838948,5896,0.23619724361287575
1602054000,33.75,33.75,33.5,33.5,34.67999999999999,37.15192232887658,32.208077671123405,8448,0.26131936141046425
1602057600,33.5,33.525,33.025,33.425,34.54499999999999,36.981165019041036,32.10883498095894,13000,0.27013051430299706
1602136800,33.5,33.625,33.5,33.6,34.41374999999998,36.75471534574999,32.072784654249965,16244,0.3261934971661738
1602140400,33.6,33.75,33.575,33.75,34.304999999999986,36.55536663679521,32.05463336320476,14248,0.37668676052041744
1602144000,33.75,33.75,33.625,33.625,34.19374999999999,36.345428124162495,32.04207187583748,7160,0.3678357153857852
1602219600,34.325,34.975,34,34.975,34.14374999999998,36.17037743246044,32.117122567539525,14128,0.7050820951808657
1602223200,34.95,34.95,34.15,34.7,34.07874999999998,35.93968222606384,32.21781777393612,10056,0.6669190288874889
1602226800,34.25,34.25,34.025,34.025,33.98624999999998,35.654817873957604,32.31768212604235,9624,0.5116117541889715
1602230400,34.025,34.025,33.95,34,33.89749999999999,35.35102158566731,32.44397841433266,5208,0.5352591942943024
1602478800,34.925,34.925,34.55,34.55,33.827499999999986,34.98323569642925,32.671764303570725,20,0.8125714651854369
1602482400,34.5,34.875,33.875,34.25,33.813749999999985,34.94218641823598,32.68531358176399,15048,0.6932984406343315
1602486000,34.225,34.225,34.2,34.2,33.89749999999998,34.86856899858019,32.92643100141977,112,0.6557561823322061
1602489600,34.2,34.25,33.75,33.75,33.85999999999998,34.79225532983378,32.92774467016618,12440,0.4410032871468868
1602565200,33.85,34.25,33.85,34.25,33.88499999999998,34.83083296622825,32.9391670337717,1000,0.6929516167402923
1602568800,33.875,34,33.875,34,33.91999999999998,34.82768937418206,33.0123106258179,408,0.5440679390304134
1602572400,34,34,33.5,33.75,33.91374999999998,34.82430958069892,33.003190419301035,14008,0.41008276477949707
1602576000,33.625,33.75,33.5,33.75,33.90749999999998,34.820749692035925,32.99425030796403,4448,0.4137694754383897
1602651600,33.85,33.85,33.85,33.85,33.93624999999998,34.80306529174562,33.06943470825434,40,0.4502489164523831
1602655200,33.75,33.75,33.75,33.75,33.95999999999998,34.77767964387201,33.14232035612795,1276,0.371587851321853
1602658800,33.5,33.75,33.5,33.75,33.972499999999975,34.76903939011473,33.17596060988522,3760,0.36033333519895283
1602662400,33.75,33.75,33.625,33.625,33.97874999999998,34.76221585758702,33.19528414241293,30232,0.2742403216590242
1602738000,33.5,34.725,33.5,34.725,34.043749999999974,34.84809367654982,33.239406323450126,132,0.9234819144238073
1602741600,33.725,33.75,33.525,33.75,34.051249999999975,34.841578254591404,33.260921745408545,4256,0.3094146335716481
1602745200,33.675,33.75,33.6,33.625,34.04499999999997,34.84665453906661,33.243345460933334,4648,0.2380417751460771
1602748800,33.625,34.375,33.625,34.375,34.08249999999998,34.87213599208976,33.292864007910204,11488,0.6852119222845419
1602824400,34.5,34.5,34.475,34.475,34.057499999999976,34.75930125392035,33.355698746079604,100,0.797448884330004
1602828000,33.75,33.75,33.75,33.75,34.00999999999998,34.657958331997314,33.36204166800264,6140,0.29936981503229965
1602831600,33.75,33.75,33.75,33.75,33.996249999999975,34.65394958948281,33.33855041051714,16744,0.31279447034959484
1602835200,33.75,34,33.75,33.75,33.98374999999997,34.65013483626615,33.3173651637338,57904,0.32461335606787056
1603083600,34.475,34.5,33.8,34.5,33.981249999999974,34.63944355056464,33.323056449435306,3676,0.8940710141834318
1603087200,34.625,34.7,34,34.5,33.99374999999998,34.68074981805282,33.30675018194714,19344,0.8684498792407869
1603090800,34.5,34.5,34.25,34.3,33.99874999999997,34.693097715489564,33.30440228451038,4068,0.7169302161436579
1603094400,34.3,34.3,34,34.125,34.01749999999997,34.70417677986536,33.33082322013458,8232,0.5782755461900896
1603170000,34.125,34.125,34,34,34.00499999999997,34.68334357077156,33.32665642922837,84,0.49631455193547447
1603173600,34.1,34.125,33.75,33.75,33.99249999999997,34.67990453883107,33.305095461168875,27468,0.3236118716845158
1603177200,34.125,34.5,34,34,34.004999999999974,34.683343570770234,33.326656429229715,8244,0.496314551935462
1603180800,34,34,34,34,34.01749999999997,34.6857252614244,33.34927473857554,4000,0.4869056132638074
1603256400,33.825,33.825,33.625,33.625,34.00624999999997,34.69270374935566,33.31979625064429,10620,0.22230467066585374
1603260000,33.75,33.75,33.5,33.7,34.003749999999975,34.69427063691388,33.31322936308607,12168,0.28005726131698105
1603263600,33.7,33.7,32.25,33.5,33.99124999999997,34.708235878524995,33.27426412147495,73384,0.15742003105377209
1603267200,32.525,33.25,32.525,33.225,33.971249999999976,34.74782501247736,33.194674987522596,9976,0.0195248443422512
1603342800,32.625,33.275,32.5,33.25,33.89749999999998,34.65362498966996,33.14137501033,10300,0.07183004870491666
1603346400,33.025,33.05,33.025,33.05,33.862499999999976,34.7028124418954,33.022187558104555,3800,0.01654886950900538
1603350000,33.475,33.475,33.075,33.475,33.854999999999976,34.70626376641122,33.00373623358873,3840,0.2768024348070295
1603353600,33.475,33.475,33.075,33.075,33.78999999999998,34.67053960728833,32.90946039271162,6200,0.09399895582105834
1603429200,35,36,34.5,34.5,33.79124999999998,34.67573784615976,32.90676215384019,56624,0.9006555901684968
1603432800,34.5,34.5,33.9,34.475,33.82749999999997,34.76035851017454,32.8946414898254,8428,0.8470515586971815
1603436400,34.475,34.475,33.95,34.475,33.863749999999975,34.83720711256578,32.89029288743417,11232,0.8139583614469238
1603440000,34.45,34.45,34,34,33.87624999999997,34.84996389535423,32.90253610464571,23724,0.5635453599822597
1603688400,33.75,34,33.25,34,33.85124999999997,34.7844534879943,32.918046512005645,9660,0.579698587668016
1603692000,34,34,33.425,33.625,33.807499999999976,34.6959115037547,32.91908849624525,10620,0.39728858798615846
1603695600,33.725,33.725,33.525,33.725,33.778749999999974,34.63829566487451,32.919204335125436,5768,0.46873348200306614
1603699200,33.725,33.725,33.55,33.55,33.74999999999998,34.59970583145189,32.900294168548065,10084,0.38231221171082436
1603774800,33.75,33.75,33.5,33.5,33.72499999999998,34.57323345843161,32.87676654156835,1720,0.36737141893930847
1603778400,33.75,33.75,33.5,33.75,33.72499999999998,34.57323345843107,32.87676654156889,5632,0.5147365090067659
1603782000,33.65,33.65,33.525,33.525,33.70124999999997,34.543935439535254,32.85856456046469,19600,0.39542361139100013
1603785600,33.55,33.675,33.525,33.675,33.68499999999998,34.51647459372055,32.85352540627941,1680,0.4939865871576201
1603861200,33.975,33.975,33,33.725,33.68999999999998,34.5211738686952,32.85882613130477,8044,0.521054559893083
1603864800,33.725,33.725,33.5,33.5,33.679999999999986,34.51525445224905,32.84474554775092,852,0.39224840435432323
1603868400,33.3,33.375,33.125,33.125,33.66124999999998,34.52806529174457,32.794434708255395,5460,0.19067804576872233
1603872000,33.4,33.4,33.15,33.375,33.668749999999974,34.52283942740459,32.81466057259536,4380,0.32803323014276514
1603947600,33.375,34,33.175,33.175,33.66499999999998,34.52703248198852,32.802967518011435,748,0.21578797189309779
1603951200,33.875,33.875,33.3,33.75,33.69999999999998,34.514861951500045,32.88513804849992,5144,0.5306800433545673
1603954800,33.75,33.875,33.75,33.75,33.71374999999998,34.52221691336221,32.90528308663776,11380,0.52241897559497
1603958400,33.325,33.75,33.325,33.75,33.74749999999999,34.50097528161233,32.99402471838765,25440,0.5016589794390217
1604293200,33.75,33.9,33.75,33.75,33.70999999999999,34.379962685528575,33.0400373144714,21984,0.5298524088460643
1604296800,33.75,33.75,33.75,33.75,33.673749999999984,34.24547436540806,33.10202563459191,41300,0.5666842316100975
1604300400,33.75,33.75,33.75,33.75,33.63749999999998,34.07837980221579,33.19662019778417,8036,0.6275857948522551
1604304000,33.75,33.75,33.625,33.75,33.624999999999986,34.03731056256184,33.21268943743813,13292,0.6515847656476921
1604379600,33.75,33.75,33.75,33.75,33.612499999999976,33.992467103843836,33.232532896156115,13400,0.6809367161117807
1604383200,33.75,33.925,33.725,33.75,33.618749999999984,34.003417063836324,33.234082936163645,16192,0.6706020768857109
1604386800,33.85,33.85,33.775,33.775,33.62124999999998,34.00928189302063,33.233218106979336,664,0.6981151585287811
1604390400,33.85,33.875,33.75,33.875,33.63749999999998,34.03921507315694,33.235784926843024,16576,0.7956075286565398
1604466000,33.85,33.85,33.75,33.75,33.649999999999984,34.04937451095627,33.2506254890437,1592,0.6251957714584362
1604469600,33.75,33.75,33.7,33.75,33.649999999999984,34.04937451095627,33.2506254890437,8880,0.6251957714584362
1604473200,33.75,33.75,33.75,33.75,33.66124999999998,34.05857700638313,33.26392299361683,924,0.6116838253808946
1604476800,33.75,33.75,33.725,33.75,33.664999999999985,34.06418667312524,33.26581332687473,25156,0.6064664801238789
1604552400,33.75,33.75,33.75,33.75,33.666249999999984,34.06633592827089,33.26616407172908,1160,0.6046650157904426
1604556000,33.725,33.75,33.3,33.3,33.656249999999986,34.081654219538095,33.23084578046188,8324,0.08128059897149804
1604559600,33.5,33.75,33.5,33.725,33.686249999999994,34.035347049540235,33.33715295045975,24932,0.5555003258421132
1604563200,33.75,33.75,33.7,33.725,33.70374999999999,34.022448525253054,33.38505147474693,27664,0.5333387171828542
1604638800,33.725,34,33.725,34,33.74499999999999,33.982486841741576,33.507513158258405,5240,1.0368718496780565
1604642400,33.775,34,33.75,34,33.75749999999999,34.01974988083661,33.49525011916337,21116,0.9623453006468333
1604646000,33.8,34,33.8,34,33.769999999999996,34.05266588049673,33.48733411950326,4828,0.906840754172061
1604649600,34,34.225,34,34.225,33.793749999999996,34.13866846862308,33.44883153137691,20352,1.1251477366833331
1604898000,34.25,34.25,34.25,34.25,33.818749999999994,34.21588820012537,33.42161179987462,944,1.0429470142432293
1604901600,34.275,34.275,34.25,34.25,33.84374999999999,34.281321422739666,33.40617857726032,24956,0.9642099310970087
1604905200,34.325,34.5,34.325,34.375,33.87499999999999,34.36718898809138,33.38281101190861,7384,1.0079349722338482
1604908800,34.5,34.5,34.25,34.25,33.89999999999999,34.41453862828689,33.38546137171309,9320,0.8401105191706357
1604984400,34.5,34.975,34.5,34.975,33.96124999999999,34.65144471890044,33.27105528109954,14908,1.2343942022731025
1604988000,34.95,34.95,34.45,34.925,34.019999999999996,34.81962491206646,33.22037508793353,6704,1.065890323289965
1604991600,34.95,34.975,34.95,34.975,34.07999999999999,34.9718520056596,33.18814799434038,9368,1.0017648636323209
1604995200,34.775,34.975,34.775,34.975,34.13499999999999,35.10200568767606,33.16799431232392,10320,0.9343304339908882
1605070800,34.95,35,34.95,34.975,34.19624999999999,35.211911730104,33.180588269895985,6520,0.8833707507716485
1605074400,34.975,34.975,34.65,34.875,34.25249999999999,35.2874999999994,33.217500000000584,8264,0.8007246376813363
1605078000,34.65,34.975,34.525,34.975,34.31374999999999,35.367371730033135,33.26012826996685,11060,0.8137985773979857
1605081600,34.975,35,34.95,35,34.37624999999999,35.436966149588734,33.31553385041125,74056,0.7940230523697818
1605157200,35,35,33.775,34.125,34.394999999999996,35.42354265832636,33.36645734167363,5596,0.3687463286941655
1605160800,34.375,34.5,34.375,34.5,34.45499999999999,35.35271933253019,33.55728066746979,102704,0.5250635128204142
1605164400,34.5,34.5,34.5,34.5,34.49374999999999,35.32664780285336,33.660852197146625,4000,0.5037519609120094
1605168000,34.4,34.4,34.125,34.25,34.519999999999996,35.28462409064595,33.75537590935404,8400,0.32344265417278395
1605247200,34.925,34.925,34.375,34.375,34.53874999999999,35.269070991070265,33.80842900892972,784,0.3878917612925102
1605250800,34.375,34.925,34.375,34.925,34.584999999999994,35.2896985170969,33.880301482903086,3996,0.7412379136262945
1605254400,34.95,34.975,34.525,34.975,34.63374999999999,35.30387592100166,33.96362407899832,1664,0.7546163260555018
1605502800,34.375,34.5,34.375,34.5,34.647499999999994,35.294396436841765,34.00060356315822,204,0.38599411621425295
1605506400,34.5,34.975,33.75,33.75,34.622499999999995,35.361062793537606,33.883937206462384,27796,-0.09067421730036274
1605510000,34.75,34.775,34.75,34.775,34.64874999999999,35.369595857308404,33.92790414269158,3400,0.5875707328550203
1605513600,34.875,34.975,34,34.975,34.678749999999994,35.401466230618006,33.95603376938198,25336,0.7049559615858337
1605589200,34.95,34.95,33.8,34.9,34.71125,35.41204865153797,34.01045134846203,6500,0.6346677819554648
1605592800,34.9,34.9,34.75,34.9,34.707499999999996,35.40339869952247,34.01160130047752,6420,0.6383103604965035
1605596400,34.75,34.875,34.125,34.125,34.667500000000004,35.39980799530999,33.935192004690016,57888,0.12959574149510522
1605600000,34.275,34.275,34.125,34.275,34.63250000000001,35.36957190964963,33.895428090350386,6112,0.2574863488082514
1605675600,34.525,34.75,34.5,34.5,34.60875,35.33060091950944,33.88689908049056,4800,0.42467281189175105
1605682800,34.225,34.475,34.125,34.475,34.58375,35.287538853276274,33.87996114672373,2080,0.4227396118212526
1605686400,34.175,34.175,34.175,34.175,34.54875,35.2606971539356,33.836802846064394,484,0.23751563024451183
1605762000,34.175,34.175,34.125,34.125,34.50625,35.21280413805004,33.799695861949964,2320,0.23020467967806205
1605769200,34.125,34.15,34,34,34.45625,35.15747660388553,33.75502339611447,4008,0.17467720315238036
1605772800,34,34.5,34,34.5,34.47500000000001,35.15965319687682,33.7903468031232,24112,0.5182574185836233
1605848400,34.5,34.5,34.5,34.5,34.475,35.1596531968788,33.7903468031212,952,0.5182574185835754
1605852000,34.5,34.75,34.5,34.5,34.475,35.1596531968788,33.7903468031212,12236,0.5182574185835754
1605855600,34.5,34.5,34.375,34.375,34.48125,35.15982847740333,33.802671522596675,3848,0.42171133955899776
1605859200,34.5,34.5,34.375,34.375,34.48125,35.15982847740333,33.802671522596675,552,0.42171133955899776
1606107600,34.625,34.625,34.6,34.625,34.46625000000001,35.117647536067736,33.81485246393228,480,0.6218533930588012
1606111200,34.5,34.5,34.5,34.5,34.44250000000001,35.05120764739234,33.83379235260768,128,0.5472312120985479
1606114800,34.5,35,34.375,35,34.46750000000001,35.12288156824481,33.81211843175521,67308,0.9062518888241694
1606118400,35,35,34.45,34.45,34.50250000000001,35.06970807468911,33.93529192531091,980,0.45372068704347546
1606194000,34.425,34.425,34.425,34.425,34.48500000000001,35.03894043000615,33.93105956999386,3200,0.4458425520598452
1606197600,34.5,34.5,34.5,34.5,34.46125000000001,34.967825512628814,33.9546744873712,40,0.5382470125716353
1606201200,34.925,34.925,34.925,34.925,34.462500000000006,34.973503913874,33.95149608612601,120,0.9525405651922647
1606204800,34.925,34.925,34.925,34.925,34.463750000000005,34.97913213977122,33.94836786022879,220,0.9474834927387571
1606287600,34.75,34.75,34.375,34.375,34.47625000000001,34.96982750150651,33.98267249849351,10460,0.3974325210418106
1606291200,34.5,34.7,34.375,34.7,34.49750000000001,34.9911851223128,34.00381487768722,12040,0.7050902395552574
1606366800,34.4,35.125,34.4,34.975,34.52125,35.057037971117715,33.98546202888229,36932,0.923441757243473
1606370400,34.95,35.075,34.625,35,34.5475,35.12171685798577,33.97328314201423,4972,0.8940149036962061
1606374000,34.725,35,34.625,34.625,34.57000000000001,35.11877135493115,34.02122864506887,3760,0.5501119450803823
1606377600,34.5,34.725,34.5,34.725,34.6,35.11259145525001,34.08740854474999,4300,0.6219294612890423
1606453200,34.75,34.75,34.625,34.625,34.63125,35.06364883209229,34.19885116790771,37720,0.4927728759467747
1606456800,34.75,34.75,34.625,34.75,34.64375,35.07470098328736,34.21279901671264,27256,0.62327388046491
1606460400,34.75,35,34.5,34.75,34.65625,35.084290593863386,34.228209406136614,33148,0.6095106414485554
1606464000,34.75,34.75,34.5,34.525,34.6575,35.08385079452895,34.23114920547105,19636,0.34461152447670274
1606712400,34.7,34.7,34.525,34.525,34.665,35.076217703892496,34.2537822961075,3672,0.3297738659172609
1606716000,34.55,34.675,34.55,34.675,34.67999999999999,35.069101529161856,34.29089847083813,2124,0.49357494172438027
1606719600,34.6,34.6,34.5,34.5,34.67375,35.07013207577511,34.27736792422488,7280,0.2808301502278646
1606723200,34.5,34.5,34.5,34.5,34.67375,35.07013207577511,34.27736792422488,18496,0.2808301502278646
1606798800,34.5,34.5,34.5,34.5,34.64875,35.0220712423569,34.2754287576431,52552,0.3007747977842201
1606802400,34.5,35.725,34.45,35.5,34.70125,35.21638954419574,34.18611045580426,436668,1.27527536858682
1606806000,35.5,35.625,35.25,35.25,34.74249999999999,35.29343103016314,34.191568969836844,59640,0.96058396806014
1606809600,35.05,35.05,35,35.05,34.769999999999996,35.3246620592714,34.215337940728595,20300,0.752405942789567
1606885200,35.25,35.5,35.25,35.5,34.79875,35.43602446990726,34.16147553009274,3860,1.0501946438416483
1606888800,35.5,35.5,35.25,35.25,34.815,35.48028189513601,34.149718104863986,676,0.8269290831302946
1606892400,35.15,35.375,34.5,35.375,34.864999999999995,35.540721836258,34.18927816374199,25996,0.8773742186757417
1606896000,35.375,35.375,34.55,35.025,34.88125,35.55594900696017,34.20655099303983,3688,0.6065289844190357
1606971600,35.5,35.5,34.5,34.5,34.857499999999995,35.550518758761505,34.164481241238484,126580,0.2420704739371843
1606975200,34.8,34.8,34.5,34.675,34.841249999999995,35.53538165177435,34.14711834822564,24260,0.3802460602574268
1606978800,35,35,35,35,34.86,35.54999999999595,34.17000000000405,68360,0.601449275362915
1606982400,35,35,35,35,34.873749999999994,35.56340117994185,34.18409882005814,3920,0.5915317798851952
1607058000,34.95,35.625,34.325,35.625,34.92375,35.67615863232324,34.17134136767676,149936,0.9660034254489663
1607061600,35,35.525,34.625,35.525,34.96249999999999,35.75393856362713,34.17106143637285,41644,0.8553655494256475
1607065200,35.5,35.5,35,35,34.974999999999994,35.76049347546344,34.18950652453655,400400,0.5159135631172846
1607068800,35.5,35.525,35,35,34.998749999999994,35.75662119617795,34.240878803822035,558700,0.5008246783927862
1607317200,35.625,35.75,35.05,35.225,35.03375,35.765063031467974,34.30243696853202,1227636,0.6307579598411533
1607320800,35.5,35.875,35.25,35.25,35.0625,35.78022209105924,34.34477790894076,339436,0.6306215890075793
1607324400,35.75,35.85,35.75,35.85,35.129999999999995,35.87675966682467,34.38324033317532,18116,0.982082811904898
1607328000,35.95,36.25,35.95,36.225,35.216249999999995,36.04589977550593,34.38660022449406,49328,1.10793724640307
1607403600,36.25,37.25,36.25,37.125,35.3475,36.46350851251058,34.231491487489414,125380,1.2963648933113083
1607407200,37.1,37.225,36.875,37,35.4225,36.7508354245052,34.0941645754948,88176,1.0937882747452947
1607410800,37.125,37.125,36.875,37.075,35.51375,37.02085608451911,34.00664391548089,20912,1.0179628746897964
1607414400,36.975,37.175,36.925,37.175,35.62,37.27382889078522,33.96617110921478,22972,0.9701211862557626
1607490000,37.5,37.975,37.4,37.975,35.74375,37.68802846513702,33.799471534862974,105732,1.07379897993232
1607493600,37.975,37.975,37.4,37.425,35.8525,37.91392547767218,33.79107452232782,50304,0.8814108288250393
1607497200,37.5,37.5,37,37.1,35.93875,38.056618917094575,33.82088108290542,50336,0.7741553055117966
1607500800,37.25,37.5,37.25,37.5,36.0625,38.240716013162086,33.884283986837914,42924,0.8299718648916737
1607576400,37.725,37.725,37.15,37.175,36.19624999999999,38.3015572816092,34.090942718390785,9084,0.732448253171834
1607580000,37.15,37.475,37.15,37.475,36.33624999999999,38.390055918288596,34.28244408171139,1668,0.7772292137878606
1607583600,37.2,37.45,36.75,37,36.436249999999994,38.41339914713005,34.45910085286994,34636,0.6425663817062868
1607587200,36.85,37.1,36.75,37.1,36.54124999999999,38.42288990975875,34.65961009024123,29208,0.6484742104751716
1607662800,36.75,36.875,36.75,36.875,36.60374999999999,38.44204234617286,34.76545765382712,1440,0.5737777102115239
1607666400,36.875,36.875,36.75,36.75,36.66499999999999,38.43583313725428,34.894166862745706,10456,0.5240000026574504
1607670000,36.775,36.775,36.75,36.75,36.75249999999999,38.35006846488609,35.15493153511389,1000,0.4992175609199419
1607673600,37.05,37.5,36.825,37.025,36.85374999999999,38.23643534019783,35.47106465980215,18204,0.5619265985620072
1607922000,37,37.45,36.3,37.425,36.96374999999999,38.14617071615753,35.78132928384245,13800,0.6950447897677704
1607925600,37.4,37.45,36.775,37,37.051249999999996,37.93463482554113,36.16786517445886,11276,0.4709922569879997
1607929200,37.25,37.375,37,37.35,37.12624999999999,37.82418892999139,36.4283110700086,2128,0.6602933941532452
1607932800,37.25,37.35,37.025,37.35,37.18249999999999,37.74997246629035,36.61502753370963,7204,0.6475842529373976
1608012000,37.025,37.25,37,37,37.17624999999999,37.74884824484426,36.60365175515572,160808,0.34609627990745667
1608015600,37,37,37,37,37.176249999999996,37.748848244842684,36.60365175515731,4320,0.3460962799070246
1608019200,37.025,37.025,37,37,37.17249999999999,37.74867271715807,36.59632728284191,152612,0.35030530354610245
1608094800,37.4,37.4,37.4,37.4,37.18374999999999,37.76840267466958,36.5990973253304,4000,0.6849388614549827
1608098400,37.4,37.4,37,37,37.134999999999984,37.59743918518998,36.67256081480999,47052,0.35403486088174047
1608102000,37.025,37.025,37.025,37.025,37.11499999999999,37.559803327324154,36.67019667267582,20,0.39883169204083035
1608105600,37.05,37.05,37,37,37.10999999999998,37.55760473634778,36.66239526365218,26792,0.37712373097577584
1608181200,36.825,37,36.75,36.75,37.072499999999984,37.50864791068908,36.63635208931089,3088,0.13028597398248637
1608184800,36.75,36.75,36.025,36.25,37.02624999999998,37.587381669040084,36.46511833095988,47768,-0.1916825789995723
1608188400,36.25,36.25,36.05,36.25,36.96499999999999,37.581522505669966,36.34847749433001,14884,-0.07986528749911297
1608192000,36.25,36.25,36.125,36.25,36.92749999999999,37.61777168564098,36.237228314358994,17736,0.00925120203152048
1608267600,36.25,36.25,36,36.25,36.88499999999999,37.63005033386801,36.13994966613197,5800,0.07385429471368136
1608271200,36.25,36.25,36,36,36.84124999999999,37.68033804663064,36.00216195336934,12312,-0.0012882756333018473
1608274800,36.225,36.225,36.225,36.225,36.81499999999999,37.69568155425057,35.93431844574941,400,0.16503215767812168
1608278400,35.75,36,35.75,36,36.77749999999999,37.72722364401379,35.82777635598619,7408,0.09067039927843955
1608526800,35.5,35.5,35.2,35.2,36.68624999999999,37.84991608182911,35.52258391817087,2224,-0.1386067374516093
1608530400,35.3,35.375,35.3,35.375,36.58374999999999,37.82746168282613,35.34003831717384,5600,0.014055380884865663
1608534000,35.55,35.975,35.55,35.975,36.532499999999985,37.78779876921763,35.27720123078234,52,0.277941310200025
1608537600,35.975,35.975,35.5,35.5,36.43999999999998,37.71322425361766,35.16677574638231,3612,0.1308584299548514
1608613200,36,36,36,36,36.37249999999999,37.587397114984824,35.15760288501515,8,0.34669483719835925
1608616800,35.975,35.975,35.65,35.975,36.321249999999985,37.51218188302279,35.13031811697718,9332,0.3546306447346355
1608620400,35.875,35.875,35.75,35.75,36.25874999999999,37.431703004172775,35.08579699582721,900,0.28313282877058465
1608624000,35.75,35.875,35.65,35.65,36.19124999999999,37.340953766192776,35.0415462338072,9328,0.2646132786916381
1608699600,35.5,35.5,35.25,35.5,36.09624999999999,37.13983456772646,35.05266543227352,5028,0.21432597872783427
1608703200,35.5,35.5,35.25,35.25,36.00874999999999,37.027729268678904,34.98977073132108,19116,0.12769114970135867
1608706800,35.4,35.5,35.375,35.375,35.926249999999996,36.86692462493505,34.98557537506494,15916,0.20699220251739323
1608710400,35.375,36,35.375,36,35.876249999999985,36.67959846112987,35.0729015388701,5756,0.5770213711656114
1608786000,35.5,35.5,35.5,35.5,35.813749999999985,36.524642924426324,35.102857075573645,6000,0.27932682319691976
1608789600,35.75,35.75,35.65,35.65,35.78374999999998,36.46863593940864,35.098864060591325,29156,0.402356003894994
1608793200,35.75,35.75,35.65,35.65,35.75374999999998,36.4061063060175,35.101393693982466,1844,0.42048057247016324
1608796800,35.65,35.75,35.65,35.75,35.728749999999984,36.34015718837798,35.11734281162199,15252,0.5173779441949239
1609131600,35.75,36.225,35.75,36.225,35.727499999999985,36.33472730505087,35.1202726949491,7408,0.9096489040115936
1609135200,36,36.125,35.975,36.125,35.733749999999986,36.35449048522629,35.11300951477368,23920,0.8151478027547804
1609138800,36.1,36.1,36.1,36.1,35.72749999999999,36.33059617806567,35.124403821934315,600,0.8088230480872359
1609142400,36.075,36.075,35.75,35.9,35.72249999999999,36.31808794480683,35.12691205519315,97340,0.6490124183571045
1609304400,36.225,36.225,36.125,36.225,35.77374999999999,36.35694700787778,35.19055299212221,7052,0.8868761275388543
1609308000,36.225,36.225,36.125,36.125,35.81124999999999,36.38341147196358,35.23908852803639,752,0.7741795938507157
1609311600,36.125,36.15,36.125,36.15,35.819999999999986,36.40706899083419,35.23293100916578,15052,0.7810572566020683
1609315200,36.175,36.2,36.175,36.2,35.85499999999998,36.44504237136048,35.264957628639486,8532,0.7923518858523099
1609394400,36.5,36.5,36.5,36.5,35.87999999999998,36.53165174748613,35.22834825251383,4312,0.9757142157538657
1609398000,36.475,36.475,36.375,36.375,35.899999999999984,36.585747767039294,35.214252232960675,1440,0.8463372560809133
1609401600,36.45,36.5,36.45,36.5,35.937499999999986,36.66696898494707,35.2080310150529,16836,0.8855544317904203
1609736400,36.875,38,36.875,37.875,36.048749999999984,37.1518677407692,34.94563225923077,98336,1.3277674868715985
1609740000,37.5,37.5,37,37.5,36.148749999999986,37.388858362200516,34.908641637799455,144860,1.044811260526567
1609743600,37.5,37.75,37.25,37.5,36.261249999999976,37.56158409168667,34.96091590831328,583412,0.9763198965249051
1609747200,37.75,37.75,37.025,37.75,36.37999999999998,37.76587517475453,34.994124825245436,19744,0.994272509153886
1609822800,37.75,37.75,36.875,37.75,36.46749999999998,37.96300158809715,34.97199841190281,29060,0.9287859037421129
1609826400,37.75,38,37.5,38,36.59249999999998,38.15983053310441,35.02516946689555,39020,0.9490118613373041
1609830000,38,38,37.875,37.875,36.70374999999998,38.30322452308607,35.104275476913884,19000,0.866135872467716
1609833600,37.625,37.875,37.525,37.525,36.79749999999998,38.35826103231791,35.236738967682044,17360,0.733059380948148
1609909200,37.5,37.975,37.25,37.25,36.87249999999998,38.367483277498835,35.37751672250113,22984,0.6262555928490339
1609912800,37.275,37.5,37.275,37.5,36.93624999999998,38.42407349423639,35.44842650576357,46096,0.6894545966587764
1609916400,37.75,37.875,37.5,37.875,37.02374999999997,38.51627093787782,35.53122906212212,4680,0.7851718787980235
1609995600,37.95,38,37.675,37.875,37.112499999999976,38.58571926406165,35.6392807359383,45456,0.758787004284008
1609999200,37.975,38.5,37.975,38.25,37.229999999999976,38.672185841007774,35.78781415899218,24364,0.8536298759136509
1610002800,38.25,38.5,37.6,37.625,37.299999999999976,38.67459084821735,35.9254091517826,18404,0.6182169954141254
1610006400,37.625,37.725,37.625,37.725,37.37999999999998,38.6543233498608,36.10567665013916,5208,0.6353659571715845
1610082000,37.5,37.5625,37.5,37.5,37.44749999999998,38.59029263210832,36.30470736789163,12124,0.5229700465880524
1610085600,37.5,37.75,37.5,37.75,37.52499999999998,38.51948479123683,36.53051520876313,29884,0.6131239019352865
1610089200,37.5,37.5625,37.5,37.5,37.574999999999974,38.45192645073689,36.69807354926306,8524,0.45723700662869227
1610092800,38.25,38.25,38,38.125,37.66249999999998,38.377255202849774,36.947744797150186,1664,0.8235373440836739
1610341200,38.25,38.3125,38.25,38.25,37.74999999999998,38.27820450585018,37.22179549414978,74460,0.9733015285388578
1610344800,38.25,38.375,37.75,37.75,37.74374999999998,38.26883927812508,37.218660721874876,10900,0.505951368900865
1610348400,37.75,38.1875,37.75,37.75,37.75624999999998,38.269298486988504,37.243201513011456,42000,0.4939089577705743
1610352000,37.75,38.75,37.5625,38.75,37.81874999999998,38.475993295896586,37.161506704103374,107220,1.2084515017605588
1610427600,38.125,38.125,37.875,38.125,37.83749999999998,38.507108094336395,37.16789190566356,52476,0.7146778111194544
1610431200,37.875,38.25,37.875,38.125,37.856249999999974,38.53593283044495,37.176567169555,14600,0.6977025076711739
1610434800,38,38.25,37.625,37.625,37.83749999999998,38.52096543438641,37.15403456561354,15612,0.34454224799916594
1610438400,38.25,38.25,38.25,38.25,37.856249999999974,38.562981030875264,37.149518969124685,472,0.7785713254393007
1610514000,37.8125,38.75,37.8125,37.8125,37.870624999999976,38.56133455364885,37.1799154463511,27080,0.45792370346340694
1610517600,38.5,39.75,38.5,39.5,37.98312499999999,38.921417165318836,37.04483283468114,85780,1.308316991267081
1610521200,39.5,39.625,39.5,39.5,38.08312499999998,39.20289827504245,36.96335172495751,12924,1.1326615537177744
1610524800,39.5,39.625,38.875,39,38.13937499999999,39.322888703975416,36.95586129602456,50680,0.8635889458268076
1610686800,39.9375,39.9375,39.9375,39.9375,38.242499999999986,39.65347041074524,36.83152958925473,40,1.1006504413883267
1610690400,39,39.875,38.3125,39,38.27999999999999,39.72912473583144,36.83087526416853,71256,0.748425819460912
1610694000,39,39,37.5,37.625,38.27999999999999,39.72912473583144,36.83087526416853,338528,0.27400151146265117
1610697600,37.6875,39.5625,37.5625,39.5,38.36874999999999,39.88681826262727,36.85068173737271,148652,0.8725952343019752
1610946000,38.75,41.25,38.75,40,38.493749999999984,40.11340466998347,36.8740953300165,34576,0.9649910959153337
1610949600,40.25,40.25,39.25,39.5625,38.58437499999998,40.23004877918622,36.93870122081374,54664,0.7971807087075568
1610953200,39.875,40,39.625,40,38.70937499999998,40.38608820967588,37.03266179032408,84052,0.8848675469818387
1610956800,40,40.25,39.75,40.25,38.81562499999998,40.596809209311246,37.03444079068872,188616,0.9026464507437588
1611032400,40.375,40.375,39.5,40,38.90312499999998,40.73576099427166,37.070489005728305,384024,0.7992615564216115
1611036000,39.875,40,39.8125,40,39.015624999999986,40.82742443357434,37.20382556642563,23372,0.7716567247341549
1611039600,39.9375,40.25,39.9375,40.25,39.140624999999986,40.93073454622903,37.35051545377094,104400,0.8098623216486853
1611043200,40.1875,41.1875,40.1875,41,39.25312499999999,41.20627749980601,37.29997250019397,109256,0.94719370355707
1611118800,40.75,41.5,40.75,40.75,39.384374999999984,41.36919040388543,37.399559596114536,56600,0.8440181382426512
1611122400,40.75,41.75,40.75,41.25,39.540624999999984,41.59506949608669,37.48618050391328,74712,0.9160187834852745
1611126000,41.75,48.5,41.3125,48,40.05937499999998,44.14870467459291,35.97004532540705,245896,1.470895676293262
1611129600,48,48.125,45.125,46.25,40.45937499999998,45.264852831340605,35.653897168659356,160608,1.1025025193368294
1611205200,50,56.25,49.125,53.25,41.23124999999998,48.444313236240625,34.01818676375934,585372,1.333123848104792
1611208800,53.1875,54.25,52.75,53.5,41.931249999999984,50.85163571195244,33.01086428804753,220824,1.1484444940816296
1611212400,53.5,54.25,53.375,54.25,42.66874999999998,52.99182034026245,32.34567965973751,334052,1.0609401863140633
1611216000,54.25,56,53.75,55.625,43.499999999999986,55.10529243491974,31.894707565080232,298224,1.0223909723944777
1611291600,56.625,58.75,56.625,58.75,44.44062499999998,57.6738381278653,31.207411872134664,244380,1.0406613972637004
1611295200,58.75,58.75,56.5,57.75,45.37812499999998,59.559454880780166,31.1967951192198,179512,0.936202919754638
1611298800,57.375,58.5,57.375,58,46.39687499999998,61.120966387501966,31.672783612497998,76504,0.8940183707990604
1611302400,58.375,58.6875,57.875,58,47.321874999999984,62.513632376535085,32.13011762346488,114508,0.8514446925177085
1611550800,60,61.25,58.5,58.875,48.265624999999986,63.86048968961839,32.67076031038158,75612,0.8401560453122348
1611554400,58.75,60,58.75,59.5,49.262499999999974,65.05231079684015,33.472689203159796,71444,0.8241805785934033
1611558000,59.375,59.375,57.5,58.125,50.168749999999974,65.80789859415343,34.52960140584653,94272,0.7543696657174289
1611561600,58.125,58.375,57.5,57.875,51.049999999999976,66.33651366401149,35.76348633598846,244524,0.7232359892520122
1611637200,57.75,59,57.75,58.0625,51.95312499999998,66.64426151789782,37.26198848210215,20768,0.7079272421353217
1611640800,58.5,59,58.125,58.75,52.89062499999998,66.78227463881218,38.998975361187775,116208,0.710895579443257
1611644400,58.625,58.625,58.25,58.25,53.79062499999998,66.57833119335264,41.002918806647315,46364,0.6743618023660141
1611648000,58.25,58.25,57.875,57.875,54.63437499999998,66.09274223479879,43.176007765201156,61936,0.641408672527021
1611723600,58.75,72.75,58.75,72.625,56.228125,68.36531442702558,44.090935572974416,1165832,1.1754807238770404
1611727200,72.625,72.625,72.625,72.625,57.796875,69.8952268376473,45.69852316235271,355728,1.1128159107531603
1611730800,72.625,87.1875,72.625,81.25,59.459375,74.49694643582376,44.42180356417625,1394032,1.2245393677096208
1611734400,81.25,82.5,79,79.5,61.121875,77.2619103837127,44.9818396162873,1254516,1.0693334792359195
1611896400,83.8125,83.8125,72.5,74.125,62.165625,78.82593876317698,45.50531123682302,618912,0.8589180603078705
1611900000,74.9375,75,73.75,74.75,63.228125,80.24885110635353,46.20739889364647,252000,0.8384660245399018
1611903600,74.75,74.75,67.5,71.25,64.078125,80.91747971410655,47.23877028589346,371420,0.7129498167169085
1611907200,71.75,77.5,71.25,76.25,65.109375,82.27474143033007,47.94400856966994,581404,0.8245088022215259
1612155600,76.25,77.5,73.75,75,65.921875,83.34271717790581,48.50103282209419,453860,0.7605535630049344
1612159200,75.5,77.5,74.75,76.625,66.865625,84.45762757752102,49.273622422478965,102948,0.7773810132471923
1612162800,76.75,76.875,75,76,67.765625,85.29291956269574,50.238330437304256,191868,0.7349014838127286
1612166400,76,76,74.5,75,68.615625,85.8118398360477,51.41941016395229,177636,0.6856331483663692
1612242000,72,72,65,67,69.021875,85.6530427938594,52.39070720614059,219028,0.4392142805285593
1612245600,67,70.375,66.75,66.75,69.384375,85.47689437042493,53.29185562957508,229308,0.41814908096859277
1612249200,66.5,67.5,65,66,69.778125,85.11713139505379,54.439118604946216,27584,0.37684583659805054
1612252800,65.375,66,60,62.5,70.009375,84.75144251739732,55.26730748260268,1479316,0.24530794302976555
1612328400,63.75,67,62.5,62.5,70.23125,84.36858421653477,56.09391578346524,1325648,0.22656620118106569
1612332000,62.25,64.625,56.25,64.625,70.525,83.92056829701525,57.12943170298476,148028,0.2797779135165686
1612335600,64.625,66,62.5,64.5,70.8375,83.33452464589072,58.340475354109294,370792,0.24643964545257127
1612339200,65,65,63.9375,64.5,71.16875,82.5777034467454,59.7597965532546,123992,0.20774050261803906
1612501200,66,66,64.125,64.875,70.78125,82.48858610818476,59.073913891815245,12324,0.2477543163781356
1612504800,64.75,65,64.25,64.5,70.375,82.35884329003039,58.39115670996961,106016,0.25487830331995687
1612508400,64.375,64.5625,64,64.25,69.525,80.68620513206358,58.36379486793644,107336,0.2636903928570334
1612512000,64.25,64.25,63.5,63.75,68.7375,79.17118942416852,58.30381057583148,125324,0.2609905855331006
1612760400,65,65,60,61.75,68.11875,78.66817978316844,57.569320216831564,110216,0.19814719226998836
1612764000,61.25,61.75,59.375,60,67.38125,78.03502720576164,56.72747279423835,74076,0.15358530324774583
1612767600,60,61.25,59.25,59.25,66.78125,77.83986513707785,55.722634862922156,108464,0.15948493972139094
1612771200,58.875,59.625,57.5,58.75,65.90625,76.59265345251887,55.219846547481126,69820,0.16517032452516978
1612846800,58.9375,59,54,54.5,64.88125,75.81184782216913,53.95065217783086,94676,0.025128901049445214
1612850400,54.5,59,54.5,57.25,63.9125,73.90190063267093,53.92309936732907,112168,0.16652153392417263
1612854000,57,57,55,56.25,62.92500000000001,71.77987154057024,54.07012845942979,97744,0.12308882915933494
1612857600,56.25,57.25,56.25,56.25,61.98750000000001,69.37959882239143,54.5954011776086,93080,0.1119167141935016
1612933200,56.25,56.25,54.25,55.9375,61.43437500000001,68.89861003699457,53.970139963005444,32472,0.13178577759434434
1612936800,56,56,54.25,55,60.84687500000001,68.39427469708096,53.29947530291906,39868,0.11265632968521834
1612940400,54.75,54.75,53,53.375,60.21562500000001,68.04021314810714,52.39103685189287,108112,0.06287635396791856
1612944000,53.25,53.75,51.25,51.25,59.65312500000001,68.31288060783896,50.99336939216105,202288,0.014817427850194978
1613019600,51.25,54.5,51.25,51.8125,59.11875000000001,68.31240440127048,49.92509559872954,41516,0.10264712588117507
1613023200,51.75,51.75,48,48,58.28750000000002,68.30852477294593,48.266475227054116,49068,-0.013295807219912666
1613026800,48.25,53.6875,46.25,50.5625,57.590625000000024,67.72445409800116,47.45679590199888,289188,0.15323448165381573
1613030400,52.5,55.5,51,54.75,57.10312500000002,66.78867117393881,47.41757882606124,23312,0.37852388715405366
1613106000,55,62.25,55,56.75,56.69687500000002,65.70210568485764,47.6916443151424,41376,0.5029496745757613
1613109600,57.25,62,57.25,62,56.57187500000002,65.20197086780479,47.94177913219525,96364,0.8144881055290483
1613113200,61.25,61.25,59.625,59.625,56.340625000000024,64.36173727869925,48.3195127213008,138360,0.7047331396121908
1613116800,60,60,59.625,60,56.153125000000024,63.62949140939306,48.67675859060699,58520,0.7572690254430883
1613365200,60,61.25,57.5,58.25,55.97812500000002,63.076570582485104,48.879679417514936,118896,0.660026232053231
1613368800,58.75,59.8125,57.25,58.6875,55.91250000000002,62.88413897516232,48.94086102483772,41316,0.6990206327297216
1613372400,58.125,58.125,57,57,55.800000000000026,62.6236262353678,48.97637376463225,24476,0.5879297867884536
1613376000,57,57.5,55.75,57.125,55.71875000000002,62.437834294009384,48.99966570599066,16100,0.6046459560906068
1613451600,57.125,58.75,56,56.25,55.80625000000002,62.5051188410807,49.10738115891934,168468,0.5331212634944196
1613455200,56,57.5,53.75,55,55.69375000000002,62.36738047748393,49.02011952251612,47948,0.4480230436536261
1613458800,54.9375,55,52.5,53.75,55.56875000000002,62.2895084207441,48.84799157925595,17264,0.36469161022167323
1613462400,53.75,55.5,52.75,55.5,55.53125000000002,62.2447508564835,48.817749143516544,12548,0.4976726002820241
1613538000,54.75,54.75,52.5,52.5,55.359375000000036,62.197329166817426,48.521420833182646,26928,0.2909188237999785
1613541600,53.75,54.6875,51.75,54.25,55.321875000000034,62.17550941449102,48.46824058550905,41072,0.42180243829947256
1613545200,54.5,54.5,53.875,53.875,55.34687500000003,62.17552272026637,48.51822727973369,4680,0.39222793001667505
1613548800,53.875,57.5,53.75,57.5,55.65937500000003,62.27829614981733,49.040453850182736,35896,0.6390426746548246
1613624400,57.375,57.375,55,55,55.81875000000004,62.20903804123871,49.42846195876136,5672,0.4359379424905131
1613628000,55,56,54,56,56.218750000000036,61.50796367029144,50.92953632970863,23084,0.47932112279480066
1613631600,56,56.25,55.0625,55.0625,56.44375000000004,61.09584966036821,51.791650339631865,4200,0.35154552773588654
1613635200,55.0625,56.1875,54.75,55,56.45625000000003,61.09139090940056,51.821109090599506,51268,0.3429120032740954
1613710800,56.125,56.25,53.8125,53.875,56.312500000000036,61.078755081297984,51.54624491870209,15876,0.24429610266093288
1613714400,55,55,54.125,54.125,55.91875000000003,59.9911609873635,51.84633901263656,83404,0.2797680531795579
1613718000,54.75,54.75,54.0625,54.75,55.67500000000003,59.39962246408924,51.950377535910825,43088,0.37582634093543954
1613721600,54.75,55,54.375,55,55.42500000000003,58.58297601320794,52.267023986792125,24044,0.43271006520909056
1613970000,55,55,54,54,55.212500000000034,58.145448601663034,52.279551398337034,3480,0.29329675274354633
1613973600,54,54,53.75,53.75,54.965625000000045,57.48971982537642,52.44153017462367,780,0.2591958535435013
1613977200,54.5,54.5,53.1875,53.1875,54.77500000000005,57.23066946065432,52.31933053934578,11864,0.17676838731034134
1613980800,53.25,53.75,53.0625,53.75,54.60625000000003,56.84723890001687,52.365261099983194,16504,0.30895710817809097
1614056400,53.75,53.75,52.5,53.0625,54.446875000000034,56.650662577670936,52.24308742232913,3532,0.185910063649799
1614060000,53.0625,53.0625,52.25,52.5,54.32187500000005,56.665174956789784,51.97857504321031,5952,0.11125868783440486
1614063600,52.25,52.25,50.0625,50.0625,54.137500000000045,57.12382298989797,51.151177010102124,37620,-0.1822771705848431
1614067200,51.5,51.5,51.25,51.25,53.92500000000005,57.09260950876078,50.75739049123931,18740,0.07775729732441213
1614142800,51.25,53.625,51.25,51.3125,53.865625000000044,57.17901521056865,50.55223478943144,15956,0.11472618107936253
1614146400,53,53.1875,52.25,52.5,53.778125000000045,57.13838796403904,50.41786203596105,21732,0.3098177116376995
1614150000,52.5,52.5,52,52,53.68437500000003,57.13208143870665,50.23666856129341,57868,0.2557252872387951
1614153600,52.4375,52.4375,51.25,52.1875,53.41875000000003,56.442122496070986,50.395377503929076,61264,0.29637805106712606
1614229200,52.4375,52.4375,52.1875,52.4375,53.29062500000005,56.25164124235534,50.329608757644756,2868,0.35594050654017284
1614232800,52,52,51.8125,52,53.09062500000003,55.82423382122901,50.357016178771055,1988,0.3005155325205404
1614236400,52,52.5,52,52.4375,52.95937500000004,55.550005654396315,50.36874434560376,76492,0.3992764562724487
1614240000,52.25,52.4375,51.25,52,52.80937500000003,55.25326885765814,50.36548114234192,75064,0.33440872494036544
1614574800,52.5,52.5,52,52,52.71562500000003,55.13251705127139,50.29873294872867,5104,0.35195346237669367
1614578400,52.5,52.5,52,52,52.609375000000036,54.95487434715376,50.26387565284631,8512,0.3700969580870882
1614582000,52.125,52.4375,52.125,52.4375,52.493750000000034,54.62385416411976,50.363645835880305,2404,0.48679642034705856
1614585600,52.4375,52.4375,51.8125,51.8125,52.33437500000004,54.143326267308815,50.52542373269126,3860,0.3557520566111094
1614661200,52.5,52.5,51.25,51.25,52.19687500000002,53.89304485809342,50.50070514190662,14100,0.22087848528791598
1614664800,51.25,51.5,50.0625,50.0625,52.01250000000003,53.79286162057086,50.2321383794292,34920,-0.047641551432346475
1614668400,50.625,51.4375,50.625,51.4375,51.92500000000003,53.63645040827988,50.21354959172019,1204,0.3575769424455564
1614672000,50.8125,51.4375,50.0625,51.25,51.80000000000003,53.31379077154031,50.286209228459754,15812,0.3183368499992873
1614747600,51.3125,51.3125,49.75,49.75,51.63437500000002,53.27862397369797,49.99012602630207,46636,-0.07301997147123758
1614751200,50,50,48.75,48.75,51.44687500000002,53.46603130586277,49.42771869413727,15424,-0.16782224639307738
1614754800,48.8125,49,48.75,49,51.393750000000026,53.602786837629196,49.184713162370855,19080,-0.04180852922513883
1614758400,49,49.25,49,49.25,51.29375000000003,53.69267554073715,48.894824459262914,6208,0.07402804603680019
1614834000,49.25,50,47.5625,47.5625,51.10625000000003,54.00428273791007,48.208217262089995,53488,-0.11140613659106988
1614837600,49.9375,49.9375,47.4375,47.4375,50.853125000000034,54.08511234333813,47.621137656661936,55000,-0.02840940219652434
1614841200,47.4375,47.4375,46.5625,46.75,50.59062500000003,54.23399976627096,46.9472502337291,17852,-0.02706971508327568
1614844800,46.5625,47,44.75,45,50.23125000000003,54.53224915717276,45.930250842827306,136236,-0.10814357418274977
1614920400,46.25,46.25,42,44.5625,49.83750000000003,54.66780796119669,45.00719203880337,30728,-0.046031437578692144
1614924000,44.5,44.5,42,43.75,49.42500000000003,54.82198990178776,44.028010098212306,93268,-0.025756032832321626
1614927600,43.5625,43.75,42.5625,43,48.95312500000003,54.8419219643639,43.06432803563616,33340,-0.00546189960576333
1614931200,43.625,44.6875,43.25,44.6875,48.58750000000003,54.58129887884138,42.593701121158674,56340,0.17466375842477996
1615179600,45,47.125,45,45,48.237500000000026,54.210826125367774,42.26417387463228,46440,0.22900357924114612
1615183200,46.1875,47.25,45,47.25,48.000000000000036,53.72876513744429,42.27123486255578,43864,0.43454086683551585
1615186800,47,47.375,46.75,47.375,47.74687500000003,53.104328190416176,42.38942180958389,10644,0.465293677164994
1615190400,47.375,48.25,47.375,48.125,47.562500000000036,52.59132317247271,42.53367682752736,73136,0.5559275978402898
1615266000,48.75,49.9375,48.75,49.75,47.48750000000003,52.335598854190025,42.63940114581004,26280,0.733338888917724
1615269600,49.75,49.75,48.75,49.1875,47.44375000000004,52.213265829725145,42.67423417027493,261816,0.6828015738130451
1615273200,49.1875,49.1875,48.3125,48.3125,47.28750000000004,51.715994382970216,42.85900561702986,15756,0.6157278198140672
1615276800,48.3125,48.3125,47,48.0625,47.12812500000003,51.18888905218289,43.06736094781718,20744,0.6150491616839565
1615352400,48.75,48.75,48,48.25,47.05312500000004,50.970289751130565,43.13596024886951,1420,0.6527731249565817
1615356000,48.1875,48.25,47.8125,47.875,47.009375000000034,50.86887525100407,43.149874748996,13188,0.6121421095613061
1615359600,47.9375,48,47.5,48,46.95937500000004,50.739519466485106,43.17923053351497,5784,0.6376435489736161
1615363200,48,48,46.25,46.3125,46.812500000000036,50.45083753244546,43.17416246755461,14316,0.43128729872624383
1615957200,47.4,49.9,47.4,48,46.83437500000004,50.4956749313766,43.173075068623476,23799,0.6591818509610213
1615960800,47.5,47.9,47,47,46.81250000000004,50.46434028949718,43.160659710502905,12309,0.52567198797538
1615964400,46.6,47,45.3,45.6,46.75500000000004,50.444981368516196,43.06501863148388,33319,0.34349514473775056
1615968000,45.6,46.8,44.8,44.9,46.75000000000004,50.44973816641071,43.050261833589374,47037,0.24998230728921597
1616043600,46,46,44,44,46.72187500000003,50.49551610475548,42.948233895244584,13120,0.13935693347070105
1616047200,44,44.9,43.3,44.8,46.774375000000035,50.40778313665358,43.14096686334649,32538,0.22830261207340102
1616050800,44.7,44.7,44,44,46.82437500000004,50.27138887979481,43.377361120205265,134034,0.09031569084250472
1616054400,44,44.4,44,44,46.790000000000035,50.333917324092056,43.24608267590801,137647,0.10636779235321833
1616130000,44.3,44.3,42.7,43,46.69000000000003,50.530748624942895,42.84925137505717,27230,0.019624901245010658
1616133600,43,44,42.9,43.5,46.50250000000004,50.574750606237146,42.430249393762935,24819,0.13134636220553603
1616137200,43.5,44.3,43.5,43.9,46.328750000000035,50.53170357457087,42.1257964254292,20029,0.2110662826857376
1616140800,43.9,44,43,43.1,46.077500000000036,50.419386110896745,41.73561388910333,24749,0.15711905794494624
1616389200,44,44.9,44,44.8,45.830000000000034,49.85937960485211,41.80062039514796,890,0.37218876092491543
1616392800,44.2,46,44.2,45.3,45.63562500000003,49.36206997980292,41.90918002019715,10093,0.45496713331082256
1616396400,45.3,45.3,44,44,45.42000000000003,48.99803542464265,41.84196457535741,8007,0.3015670848001929
1616400000,45,45,44.5,45,45.266875000000034,48.6354454961448,41.89830450385527,5200,0.4603874996373884
1616475600,45,45,44.8,44.8,45.094375000000035,48.17528877475875,42.01346122524132,3967,0.4522260242380376
1616479200,45,45,44.2,44.5,44.92562500000004,47.736746606671424,42.114503393328654,4652,0.42429623126407245
1616482800,44.3,44.9,44.2,44.8,44.765625000000036,47.19725093494493,42.33399906505514,18107,0.5070683157935516
1616486400,44.9,44.9,44.5,44.5,44.67500000000003,47.00212268692463,42.347877313075436,31644,0.46239991965543864
1616562000,42.6,45.4,42.6,45.4,44.54500000000003,46.3455277004254,42.74447229957466,40650,0.7374303932669231
1616565600,44.3,45.7,44.2,45.6,44.47500000000004,45.971495907110025,42.97850409289005,55025,0.8758780744588031
1616569200,45.7,49.5,45.7,48,44.595000000000034,46.695928366221956,42.49407163377811,13123,1.310356044200389
1616572800,48.1,48.5,48,48,44.750000000000036,47.32254737565646,42.17745262434361,8790,1.131669610976683
1616648400,48.5,51,48.5,50,45.05000000000003,48.464381349527,41.63561865047306,27954,1.2248750935049688
1616652000,49.9,50,48.5,48.5,45.235000000000035,48.961808285919446,41.508191714080624,133120,0.9380423876827465
1616655600,48.5,48.5,48.1,48.5,45.460000000000036,49.398730760028776,41.521269239971296,3399,0.885911120258672
1616659200,48.1,48.1,46,48,45.66000000000004,49.68710814356839,41.63289185643169,16974,0.7905310605747141
1616734800,48.5,48.5,46,47,45.86000000000003,49.733189899811244,41.98681010018881,6500,0.6471655185375157
1616738400,47.8,47.8,46.1,47.6,46.06500000000003,49.84985138413654,42.280148615863524,14202,0.7027820704445136
1616742000,47.2,47.2,46.2,46.2,46.18000000000003,49.832177432710374,42.52782256728968,6880,0.5027380925993418
1616745600,46.2,47.8,46,47.8,46.415000000000035,49.84211248721114,42.98788751278893,43307,0.7020651503515485
1616994000,48,48,47,47.1,46.53000000000003,49.88624790502731,43.17375209497275,1822,0.5849162541220773
1616997600,47.1,47.8,47.1,47.8,46.65500000000003,50.00491044656403,43.30508955343603,1128,0.6709000909523405
1617001200,47.8,47.8,47.3,47.5,46.83000000000003,49.965665798518636,43.69433420148142,11787,0.6068353649672269
1617004800,47.7,48,47,47,46.93000000000003,49.95132421298972,43.90867578701034,18077,0.5115843244659111
1617080400,48,48,47.5,47.5,47.065000000000026,49.93085065905382,44.199149340946235,5997,0.5758936964537427
1617084000,47.3,47.5,47,47.5,47.21500000000003,49.831314201314285,44.59868579868578,4203,0.5544659352949283
1617087600,47.3,47.5,47.3,47.3,47.34000000000003,49.71014767472365,44.96985232527641,1220,0.4915617072246988
1617091200,47.3,47.5,47,47.5,47.49000000000003,49.46979796949021,45.51020203050985,7250,0.502525510217223
1617166800,47.5,47.8,47.5,47.8,47.610000000000035,49.34424335085861,45.87575664914146,1354,0.5547789328140997
1617170400,47.7,47.7,47.5,47.5,47.705000000000034,49.17669969762797,46.2333003023721,352,0.4303526390844375
1617174000,47.5,47.6,47.5,47.5,47.680000000000035,49.147787450551924,46.21221254944815,2510,0.43868322013096817
1617177600,47.5,47.5,47.1,47.3,47.64500000000003,49.11397923742932,46.176020762570744,3427,0.38257151932120426
1617253200,47.8,47.8,47.8,47.8,47.53500000000004,48.537546757011825,46.532453242988254,540,0.6321634119040109
1617256800,47.8,48,47.5,48,47.51000000000003,48.43714615891887,46.582853841081196,35269,0.7642517553927876
1617260400,48,48,48,48,47.48500000000004,48.32708075621917,46.642919243780916,5239,0.8057901491017715
1617264000,48,48,47.6,47.7,47.47000000000004,48.285107354890194,46.65489264510989,3105,0.6410857101338248
1617598800,48,48.4,48,48.3,47.53500000000004,48.39587165129054,46.67412834870954,338,0.9443171051417327
1617602400,48.4,51.5,48.4,50.2,47.66500000000004,49.1117549896215,46.21824501037858,72057,1.3760985855190437
1617606000,50.2,50.3,50,50.2,47.865000000000045,49.535059879164415,46.194940120835675,24350,1.1990767304607957
1617609600,49.8,49.9,49.7,49.7,47.96000000000004,49.810837648200184,46.1091623517999,3758,0.9700574363429536
1617685200,49.9,50.5,49.6,50.5,48.13000000000004,50.24007108884906,46.01992891115102,110267,1.0615924535729095
1617688800,50,50.5,49.9,49.9,48.23500000000004,50.473995310400774,45.99600468959931,286908,0.8718185545690038
1617692400,50,50.8,50,50.8,48.40000000000004,50.87224594245713,45.927754057542955,496750,0.985388601268099
1617696000,50.1,50.8,50,50,48.55000000000004,51.02830587296975,46.07169412703033,264788,0.7925385473630923
1617771600,51,51.5,49.9,51.5,48.75000000000004,51.488977911556645,46.01102208844344,773235,1.0020120805642223
1617775200,51.7,52.7,51.6,52,48.97500000000004,51.99153775046802,45.958462249532054,129329,1.0014026427368043
1617778800,52,52.5,52,52.5,49.23500000000004,52.51419197364148,45.9558080263586,55870,0.9978360562974724
1617782400,52.6,52.7,51.9,52.1,49.465000000000046,52.86810152654814,46.061898473451954,61405,0.8871468393528573
1617858000,52.4,52.4,52.1,52.3,49.69000000000004,53.21584741586991,46.16415258413017,8600,0.8701237875825716
1617861600,52.3,53.9,52.3,53.3,49.98000000000004,53.68707431811094,46.27292568188914,15802,0.9477924793387753
1617865200,53.3,53.3,53,53.1,50.26000000000004,54.02106367933282,46.49893632066726,18572,0.8775527672671289
1617868800,53,53.6,53,53.4,50.56500000000004,54.30573522185096,46.82426477814912,15404,0.8789362026266587
1617944400,53.7,54,53.7,54,50.87500000000004,54.67493420995618,47.07506579004391,27001,0.9111913295514702
1617948000,54,54.2,53.8,54,51.17500000000004,54.96703111801546,47.38296888198462,110911,0.8724916689869409
1617951600,54.2,63,54,57.1,51.63000000000004,55.937714010933895,47.32228598906618,249638,1.1349075154613313
1617955200,57.1,58.2,56.5,56.8,52.085000000000036,56.55546977397233,47.614530226027746,65166,1.0273494999844714
1618203600,57,59.8,57,59,52.62000000000005,57.673553205418386,47.56644679458171,124104,1.1312390253613456
1618207200,59,59.2,58.5,59.1,53.06500000000004,58.71947610305304,47.41052389694704,127791,1.0336480241504165
1618210800,59,59.3,57.6,59.3,53.52000000000004,59.62560398322704,47.41439601677304,99639,0.9733356450793793
1618214400,59.3,59.8,58.5,59.5,54.01000000000005,60.37801381908001,47.641986180920085,110907,0.9310606223521933
1618462800,60,60,59.7,59.9,54.48000000000004,61.12397471397925,47.83602528602083,103475,0.9078883675306623
1618466400,60,61.6,59.8,61,55.03500000000004,61.90647000284473,48.16352999715535,308973,0.9340410419845053
1618470000,61.5,62.4,60.5,60.5,55.52000000000004,62.495844034953485,48.54415596504659,149415,0.8569460537711976
1618473600,60.6,62.4,60.6,61.9,56.115000000000045,63.13590450013345,49.09409549986664,104892,0.9119839544812234
1618549200,62,62,59.1,60.5,56.56500000000004,63.49818829976481,49.63181170023527,106218,0.7837799746570755
1618552800,60.5,62.2,59.1,61.8,57.05500000000004,64.01358462620054,50.096415373799545,90328,0.8409457709355188
1618556400,61.2,61.4,60.4,61.3,57.49500000000004,64.35808239787318,50.631917602126904,8397,0.7772078039729732
1618560000,61.3,61.7,61.2,61.6,57.97000000000004,64.5842573279238,51.35574267207628,58767,0.7744072251827127
1618808400,62,62.2,60,61.3,58.42000000000004,64.64305391267007,52.19694608733001,41060,0.7313976417700904
1618812000,61.4,62.8,61.3,62.7,58.89000000000004,64.91192660200981,52.86807339799027,158416,0.8163439420474173
1618815600,62.7,63.5,62.3,62.3,59.350000000000044,64.92117581844191,53.77882418155818,175183,0.7647556006251659
1618819200,62.5,62.5,61.5,62,59.780000000000044,64.74209633118821,54.81790366881187,96495,0.7236957781378243
1618894800,62.5,62.5,61,61.9,60.17500000000005,64.44296204294155,55.90703795705855,26355,0.7020870830907243
1618898400,61.9,62,60,60,60.475000000000044,63.674296797733845,57.27570320226624,41342,0.4257649367922809
1618902000,60,60,57.7,59.9,60.615000000000045,63.43370537658549,57.796294623414596,90966,0.37316872385112665
1618905600,59.5,60,57.8,59,60.725000000000044,63.07180634053831,58.37819365946178,71453,0.13247926124053405
1618981200,59,59,56.6,57.8,60.66500000000004,63.23581699076275,58.094183009237334,73326,-0.057215859840349534
1618984800,57.6,59,57,58.8,60.65000000000005,63.2603639592953,58.0396360407048,122063,0.14564328406918442
1618988400,58.2,58.9,57,58,60.585000000000036,63.38448209495921,57.78551790504086,43678,0.03830745968072812
1618992000,58.5,59,58,59,60.56000000000004,63.4063309716185,57.713669028381574,75809,0.22596300016491058
1619067600,58.6,58.6,57,57.9,60.460000000000036,63.524245420979724,57.39575457902035,19752,0.08227888953138013
1619071200,57,57.1,56.9,57,60.26000000000003,63.6608234297,56.859176570300065,207456,0.02070431361859313
1619074800,57,57,50,56,60.035000000000025,63.905542597621306,56.164457402378744,150733,-0.021244747762214883
1619078400,56,56.8,56,56.5,59.76500000000003,63.82616978221792,55.70383021778214,119965,0.09802222326482674
1619154000,55,55,53.4,54.2,59.450000000000024,64.15977706478778,54.74022293521227,15315,-0.057351221488932166
1619157600,55,57,54.3,55.6,59.14000000000003,64.00390789386466,54.2760921061354,41536,0.1360950826736036
1619161200,55.5,55.5,54,54,58.775000000000034,64.01670773698774,53.53329226301232,35445,0.04451867219669573
1619164800,54,54.8,53.5,54,58.39500000000004,63.85960428576442,52.93039571423566,75161,0.0978665818996926
1619499600,52.6,53.4,50.5,53.4,58.000000000000036,63.704384278780296,52.295615721219775,125396,0.09680135706218308
1619503200,53.4,53.8,52.1,53,57.51500000000004,63.18783879552319,51.842161204476895,84549,0.10205109269426449
1619506800,53,53,52,52,57.000000000000036,62.71174229110509,51.28825770889498,36682,0.062305182449619696
1619510400,52,52,51,51.5,56.47500000000004,62.182144645091675,50.7678553549084,221429,0.0641428148944213
1619586000,51,53.6,51,51.9,55.97500000000004,61.440482595343056,50.50951740465702,15983,0.12720583874219735
1619589600,51.8,53.9,51.2,53,55.625000000000036,60.90813353986031,50.34186646013976,100838,0.251567892407518
1619593200,53,53.9,52.6,53.9,55.32500000000003,60.273888764156915,50.37611123584315,25821,0.35602828554959426
1619596800,53.9,55.9,53.9,54.9,55.12000000000004,59.773858614095765,50.466141385904315,63197,0.47636369964767517
1619672400,56,56,52.5,52.5,54.85500000000004,59.47169795416511,50.23830204583497,38735,0.24494757688496627
1619676000,53.1,54.6,53.1,53.7,54.600000000000044,58.867083312989095,50.33291668701099,18493,0.3945415481740852
1619679600,54.5,55,53.5,53.5,54.37500000000004,58.36692935809148,50.3830706419086,16258,0.39040387222453454
1619683200,54.6,54.6,53.4,54.3,54.14000000000004,57.521952099009404,50.75804790099068,22452,0.5236549772610353
1619758800,54.4,54.4,54.1,54.1,53.95000000000003,56.85963915288455,51.040360847115515,4870,0.5257763922119458
1619762400,54.1,54.3,53.8,53.8,53.79000000000004,56.3409998039972,51.239000196002884,14534,0.501960015830712
1620018000,54,54,52.8,53.5,53.665000000000035,56.00702903483206,51.32297096516801,11642,0.46477413440524046
1620021600,53.2,53.5,52.5,52.7,53.475000000000044,55.45477271422623,51.49522728577386,11670,0.3042704613435998
1620025200,53.4,53.8,53,53.8,53.45500000000004,55.413034729006185,51.4969652709939,9546,0.5880985395430322
1620028800,53.8,54,52.1,53,53.325000000000045,55.02426454679423,51.62573545320586,31455,0.40437039347016696
1620104400,54,54,53,53,53.27500000000005,54.95055960800918,51.59944039199092,2829,0.4179378642557521
1620108000,53,53.9,52.9,53.8,53.26500000000004,54.92545174575884,51.604548254241244,5346,0.6611007370031906
1620111600,53,53.6,52.1,52.5,53.22000000000005,54.91186287860242,51.52813712139768,15694,0.2872167983865122
1620115200,53,53,52.5,52.5,53.19500000000005,54.91369136263365,51.47630863736645,67318,0.2978112838901215
1620190800,52.5,52.7,52.2,52.7,53.230000000000054,54.876936550080615,51.58306344991949,3737,0.33909519769473645
1620194400,52.8,53.8,52.8,53.8,53.34500000000005,54.80304663848376,51.88695336151634,11662,0.6560306741878725
1620198000,53.7,53.7,53,53.1,53.405000000000044,54.711101068062376,52.09889893193771,779,0.38324027617076933
1620201600,53.4,53.8,53,53.8,53.445000000000036,54.74803491894787,52.1419650810522,36406,0.6362204476786445
1620277200,53.5,54,53.5,54,53.45000000000003,54.7607249902245,52.13927500977556,17140,0.7098075508218459
1620280800,54,54.2,54,54,53.405000000000044,54.56685196991437,52.24314803008572,5835,0.756056716090877
1620284400,54,54.1,53.8,54,53.48000000000004,54.59103555298461,52.36896444701547,2347,0.7340159136235955
1620288000,53.9,54,52.9,53.9,53.490000000000045,54.612319027726016,52.36768097227407,56850,0.6826575108642196
1620363600,53.9,54.5,52.2,53,53.465000000000046,54.60740973384877,52.32259026615132,8004,0.29648282651029084
1620367200,54,54.2,53.7,54.2,53.46000000000005,54.58853887836949,52.33146112163061,29891,0.827857557317447
1620370800,54.4,54.5,54,54.4,53.475000000000044,54.644401556349706,52.30559844365038,20828,0.8955014404493279
1620374400,54.4,54.5,54,54.5,53.51000000000005,54.755632369518274,52.26436763048182,26110,0.8973885169598053
1620622800,54.6,54.6,53,54,53.535000000000046,54.798764218512254,52.27123578148784,41511,0.6839741912250785
1620626400,54,54.2,54,54.2,53.61000000000005,54.84434192993257,52.37565807006753,2822,0.7389937446393839
1620630000,54.2,54.2,52.8,52.8,53.560000000000045,54.839687461840924,52.280312538159166,28188,0.20305249419777907
1620633600,52.8,53.8,51.9,52.1,53.51500000000006,54.926771936251434,52.10322806374868,88156,-0.0011432667224036857
1620709200,52.3,54,52.3,53.7,53.550000000000054,54.9435566009274,52.15644339907271,2000,0.5538191272245888
1620712800,53,53.7,53,53,53.51000000000005,54.918403351314616,52.10159664868548,3040,0.3189439127917345
1620716400,52.9,53,52.9,53,53.535000000000046,54.887442235363004,52.18255776463709,8772,0.30220966707074653
1620720000,53,53.5,53,53.5,53.58500000000005,54.85192541216589,52.31807458783421,2568,0.4664542209099978
1620795600,53.5,53.8,53.5,53.5,53.62500000000006,54.826457448263824,52.42354255173629,10199,0.44797984723441725
1620799200,53.5,53.9,53.5,53.7,53.62000000000005,54.81933314804183,52.420666851958266,5014,0.53335186729833
1620802800,53.7,53.7,53.5,53.7,53.650000000000055,54.825584960770094,52.47441503923002,2055,0.5212660086971495
1620806400,53.6,53.6,53.2,53.3,53.62500000000006,54.808004649183836,52.44199535081628,9945,0.3626379024696584
1620882000,52.2,53.7,52.2,53.7,53.610000000000056,54.78115327775215,52.43884672224796,7844,0.5384236639685165
1620885600,53.6,53.8,53.2,53.7,53.59500000000005,54.75340407457514,52.43659592542496,7896,0.5453209731839337
1620889200,53.7,54,53.6,53.9,53.59000000000005,54.74221525766306,52.437784742337044,17924,0.6345234746451395
1620892800,53.9,53.9,53.5,53.7,53.580000000000055,54.72472704169575,52.43527295830436,91341,0.5524142418362855
1621227600,54,55.1,54,55.1,53.68500000000006,54.97383668476211,52.396163315238006,45484,1.0489446478089586
1621231200,55.2,55.9,55.1,55.3,53.74000000000005,55.195197581084535,52.28480241891557,36174,1.0360096870272963
1621234800,55.3,55.5,55,55.1,53.775000000000055,55.32274028828858,52.22725971171153,23500,0.9280433901042657
1621238400,55.2,55.6,55,55.6,53.830000000000055,55.5459254063011,52.11407459369901,21810,1.0157566854305942
1621314000,55.6,55.7,55,55.5,53.90500000000005,55.768840121896716,52.041159878103386,11365,0.9278800475592454
1621317600,55.2,55.2,54.7,54.9,53.940000000000055,55.8503926297989,52.02960737020121,16942,0.7512572507414428
1621321200,55,55.4,55,55.1,54.05500000000005,55.95392074610595,52.15607925389415,15218,0.7751562965813407
1621324800,55.4,55.4,55,55.2,54.21000000000005,55.94424335085705,52.47575664914305,16217,0.7854270709790325
1621400400,55.5,57.9,55.5,57.3,54.39000000000006,56.56614337762646,52.213856622373655,157318,1.1686140329535595
1621404000,57.3,57.9,57,57,54.59000000000005,56.94618335449303,52.233816645507076,53474,1.0114203008446578
1621407600,57,57.1,56.5,56.6,54.77000000000005,57.16257183799992,52.377428162000186,22547,0.8824336579857482
1621411200,56.6,57.2,56.6,57,54.94500000000005,57.44977543903467,52.44022456096543,14291,0.9102164146084053
1621486800,58,58,56.3,56.4,55.09000000000005,57.579096221520665,52.60090377847944,16820,0.7631477217862744
1621490400,56.6,57.8,56.6,57,55.25500000000005,57.790724748467454,52.71927525153265,100143,0.8440830873016935
1621494000,57,57.7,56.9,57.5,55.44500000000005,58.05457851002635,52.83542148997375,60225,0.8937417464361394
1621497600,57.5,57.5,57,57.5,55.65500000000005,58.21583970603218,53.094160293967924,15481,0.8602334022809007
1621573200,57.6,57.6,57,57,55.82000000000005,58.27894286228664,53.36105713771346,84482,0.7399405081951881
1621576800,57,57.5,55.8,56.1,55.940000000000055,58.19955747879759,53.68044252120252,56460,0.5354051626261559
1621580400,56.1,56.9,54.1,56.9,56.09000000000005,58.179880379349235,54.00011962065087,57262,0.693790995887571
1621584000,56.8,57,55.7,57,56.25500000000005,58.0666015014321,54.443398498568,34000,0.705619171603422
1621832400,56.5,56.5,55.1,55.1,56.25500000000007,58.06660150143011,54.443398498570026,20399,0.18122128429228715
1621836000,55.5,56.4,55.3,56.2,56.300000000000054,58.05840837122377,54.54159162877634,17708,0.4715651945143838
1621839600,56,56.5,56,56.5,56.37000000000006,58.041047575620134,54.69895242437999,16728,0.5388977554848191
1621843200,56.5,56.8,56,56,56.390000000000065,58.03304595187833,54.7469540481218,21797,0.38131798762103025
1621918800,57,57,55.5,57,56.46500000000007,58.07531052905397,54.85468947094616,514,0.666117028469738
1621922400,56.9,56.9,56.7,56.9,56.56500000000007,58.01451716098282,55.11548283901732,5176,0.6155557205589773
1621926000,56.9,56.9,56.9,56.9,56.655000000000065,57.94414700479928,55.365852995200854,520,0.5950240737044931
1621929600,56.9,56.9,56.1,56.8,56.735000000000056,57.838222552338856,55.63177744766126,4624,0.529459151221185
1622178000,57.5,57.5,56.5,57,56.72000000000006,57.799999999993354,55.64000000000677,5420,0.6296296296304058
1622181600,57,57.7,56.8,57.7,56.75500000000007,57.91167627276711,55.59832372723302,40246,0.9084980483516241
1622185200,57.6,57.8,57.5,57.7,56.81000000000007,58.03458156117965,55.5854184388205,16541,0.8633894336701585
1622188800,57.7,58.9,57.7,58.4,56.88000000000007,58.28655607779626,55.47344392220387,75962,1.040326839432339
1622437200,58.7,59.5,58.7,59,57.01000000000007,58.672407892179976,55.34759210782016,36897,1.0985294010456286
1622440800,58.9,60.5,58.9,60.4,57.180000000000064,59.40405035913862,54.955949640861505,163672,1.2239044715802068
1622444400,60.4,60.7,59.8,60,57.305000000000064,59.84545271555768,54.76454728444245,136565,1.0304172723813914
1622448000,60,61.9,60,61.9,57.525000000000055,60.76158770929943,54.288412290700684,256692,1.175866127067974
1622523600,61,61.9,61,61.6,57.75500000000005,61.433301238342345,54.07669876165776,21973,1.0226597484621438
1622527200,61.6,61.7,57.1,60.9,57.99500000000006,61.83295518472874,54.157044815271384,41482,0.8784567380514248
1622530800,60.9,61.6,60.4,61.5,58.225000000000065,62.31590454545017,54.134095454549964,114920,0.9002782225317852
1622534400,61.4,63.5,61,63.5,58.550000000000054,63.1952125893215,53.90478741067861,538033,1.032806615931761
1622610000,63.5,63.5,62.7,63,58.94500000000005,63.69198851904992,54.19801148095018,16152,0.9271128931244575
1622613600,63,68.4,63,66,59.435000000000045,64.91415139414643,53.95584860585366,1077588,1.099089122360593
1622617200,66,66.2,65.2,65.5,59.88500000000006,65.78797382680715,53.98202617319297,396544,0.9756077330464032
1622620800,65.4,65.9,64.9,65,60.33500000000006,66.35572254799793,54.31427745200219,573244,0.8874119727997797
1622696400,65.8,66,64.3,64.5,60.71000000000006,66.78713748404375,54.63286251595636,218199,0.8118244411905337
1622700000,64.9,65,64.4,64.7,61.100000000000065,67.15012396566942,55.049876034330715,144876,0.7975145650260779
1622703600,64.8,65.2,64.6,65,61.50500000000005,67.45998950460634,55.55001049539376,112273,0.7934513988056995
1622707200,65,65,64.6,64.8,61.905000000000065,67.6116540108864,56.19834598911373,205189,0.7536512634616772
1622782800,65.2,65.2,64.3,65,62.305000000000064,67.69294023723033,56.917059762769796,65230,0.7500955728292684
1622786400,65,65,64.6,65,62.67000000000006,67.74034515590087,57.59965484409925,169575,0.7297673953506216
1622790000,64.9,65,64.7,64.9,63.03000000000005,67.63916478333884,58.42083521666127,54358,0.7028567091764248
1622793600,64.9,65,64.6,64.9,63.355000000000054,67.50637326675991,59.203626733240206,100920,0.6860830020237884
1623042000,65,65.4,64.6,64.7,63.64000000000006,67.31118509475726,59.96881490524286,38804,0.644367550619243
1623045600,64.7,65.2,64.7,64.9,63.86500000000005,67.25514748941265,60.474852510587446,98988,0.6526482259595272
1623049200,65,65.1,64.9,65.1,64.12000000000006,67.04410670119339,61.19589329880674,98358,0.6675725443944976
1623052800,65,65.5,64.8,64.8,64.26500000000006,67.01692659785202,61.5130734021481,109217,0.5972046275539353
1623128400,64.8,65.3,64.8,64.9,64.43000000000006,66.90475251287165,61.95524748712848,33520,0.5949589903546704
1623132000,64.9,64.9,64.5,64.9,64.63000000000007,66.50520665526878,62.75479334473136,33254,0.571992065312195
1623135600,64.9,65,64.8,64.9,64.80000000000007,66.00664825030417,63.59335174969598,18677,0.5414370965087515
1623139200,64.9,65,64.8,65,64.87500000000007,65.92547608252697,63.82452391747317,33410,0.5594968329498964
1623214800,64.8,65,64.5,65,64.97500000000005,65.5779096117748,64.3720903882253,9693,0.5207327927036673
1623218400,64.8,65.1,64.8,64.9,64.92000000000004,65.29735924524459,64.5426407547555,71607,0.4735000529971412
1623222000,65,65,64.9,64.9,64.89000000000007,65.15758176312919,64.62241823687096,65236,0.5186858773239879
1623225600,65,65,64.8,65,64.89000000000007,65.15758176312919,64.62241823687096,92867,0.7055446505650881
1623301200,65,65.1,64.7,65.1,64.92000000000006,65.13540659221619,64.70459340778393,17758,0.9178145110325456
1623304800,65.1,65.9,65,65.9,64.98000000000006,65.44303347607712,64.516966523923,36763,1.4934486894926344
1623308400,65.9,65.9,65.7,65.9,65.02500000000006,65.63778054796906,64.41221945203107,60495,1.213958694429882
1623312000,65.9,66.9,65.9,66.5,65.11000000000004,65.98840765022548,64.2315923497746,335385,1.291204402445276
1623387600,66.5,67,65.7,66,65.16000000000005,66.11791440116956,64.20208559883055,168717,0.9384525376037791
1623391200,66,66.9,65.8,66.5,65.23500000000006,66.35263142402506,64.11736857597505,113746,1.0659289694290306
1623394800,66.5,66.9,66.4,66.4,65.31000000000006,66.52474277111055,64.09525722888957,63003,0.948654655916779
1623398400,66.4,66.5,66.2,66.3,65.38000000000005,66.65216351149151,64.1078364885086,29781,0.8615887390612852
1623646800,66.4,66.5,66.1,66.2,65.45500000000006,66.73480467258443,64.17519532741568,18713,0.7910600406292979
1623650400,66.1,66.2,65.7,66,65.51000000000006,66.78420563488254,64.23579436511758,66036,0.6922766571524116
1623654000,65.8,66,65.8,66,65.55500000000006,66.83167536984297,64.27832463015716,32082,0.6742807962429374
1623657600,66,66,65.5,65.8,65.60500000000005,66.83703084375902,64.37296915624107,92149,0.579137629138
1623733200,65.8,65.9,65.7,65.8,65.65000000000006,66.84079805171527,64.45920194828486,115429,0.5629829717070317
1623736800,65.8,65.8,65.5,65.6,65.68500000000004,66.82565770499971,64.54434229500038,22790,0.4627407943559741
1623740400,65.7,65.7,65.5,65.5,65.71500000000005,66.80178424720485,64.62821575279524,82247,0.40108432259989807
1623744000,65.6,65.7,65.5,65.7,65.75000000000004,66.7863397126323,64.71366028736779,32862,0.4758766361114146
1623819600,65.7,66,65.5,66,65.80000000000004,66.78183501667958,64.8181649833205,10462,0.6018501054669748
1623823200,66,66.5,65.2,65.5,65.83000000000006,66.73354855982991,64.9264514401702,300207,0.31738668253635666
1623826800,65.5,66,65.4,65.5,65.86000000000004,66.6733879762928,65.04661202370728,169666,0.2787033921740264
1623830400,65.5,65.9,65.4,65.9,65.90500000000006,66.61626647606045,65.19373352393967,39450,0.4964851429328241
1623906000,66,66.3,65.3,66.3,65.96500000000006,66.59197687354865,65.33802312645147,9691,0.7671549893889166
1623909600,66.3,66.3,65.9,66,65.97000000000006,66.59641839051197,65.34358160948814,94558,0.5239456571313528
1623913200,66,66,65.9,66,65.97500000000005,66.60069960841645,65.34930039158365,116214,0.5199776375625534
1623916800,66,66.1,65.9,66,65.95000000000003,66.5279273310585,65.37207266894156,309366,0.5432580337638588
1623992400,66,66.1,65.7,65.9,65.94500000000004,66.5228408085133,65.36715919148678,302216,0.4610619401251602
1623996000,65.9,66.8,65.8,66.8,65.96000000000004,66.60621977683981,65.31378022316026,408694,1.1499336836361143
1623999600,66.6,68.4,66.5,68,66.04000000000005,67.1288526070923,64.9511473929078,335681,1.4000299890148018
1624003200,68,69.6,67.8,69.2,66.18500000000003,67.94144527383638,64.42855472616368,386633,1.3582675603136627
1624251600,69.5,70.8,69.5,69.6,66.35500000000003,68.65758550329419,64.05241449670588,295842,1.2046426713269842
1624255200,69.6,69.7,69,69.4,66.52500000000003,69.17367891598428,63.876321084015785,60648,1.042723389885033
1624258800,69.3,69.6,69,69.4,66.69500000000005,69.61011577814214,63.77988422185795,39902,0.9639609891796385
1624262400,69.5,70.7,69.3,70.4,66.92500000000004,70.22219577823027,63.62780422176981,235674,1.0269629457467597
1624338000,70.6,70.7,69.8,70.2,67.14500000000004,70.69040547751321,63.59959452248687,39270,0.930839296009495
1624341600,70.2,70.5,70.1,70.4,67.38500000000003,71.1241309150634,63.645869084936656,43518,0.9031685528652953
1624345200,70.4,70.4,70,70,67.61000000000004,71.409421008519,63.81057899148108,109518,0.8145216066660108
1624348800,70,70.3,69.5,69.5,67.80000000000004,71.57835943234363,64.02164056765645,132213,0.7249653626713732
1624424400,69.5,69.5,68,69,67.95000000000003,71.66833295980693,64.23166704019313,62269,0.6411923046362283
1624428000,69,69.4,68.4,69.1,68.13000000000004,71.70217020870804,64.55782979129204,51033,0.6357718058388363
1624431600,69.4,69.5,69.1,69.4,68.32500000000005,71.72316126750562,64.92683873249447,16054,0.6581737762535718
1624435200,69.3,69.3,68.9,68.9,68.47500000000004,71.69175302129055,65.25824697870952,30215,0.566060402708422
1624597200,69.4,69.6,69.1,69.4,68.63000000000002,71.70837619533175,65.5516238046683,6824,0.6250659359255157
1624600800,69.4,69.7,69.4,69.5,68.80500000000004,71.65489473489465,65.95510526510542,19743,0.6219343282210148
1624604400,69.5,69.6,69.3,69.5,68.98000000000005,71.53389897998656,66.42610102001353,36549,0.601805123083353
1624608000,69.5,69.5,69.3,69.4,69.15000000000005,71.31009259060166,66.98990740939844,48775,0.5578678898042815
1624856400,69.6,69.6,68.9,68.9,69.30000000000004,70.87353106101438,67.7264689389857,34806,0.3728973294806826
1624860000,69,69,68.8,69,69.41000000000005,70.50343495461493,68.31656504538518,74550,0.312517425810454
1624863600,69,69.1,68.8,68.8,69.45000000000005,70.38059120991788,68.51940879008221,86341,0.15075964984805817
1624867200,69,69.5,68.8,69.5,69.46500000000005,70.3886341266818,68.5413658733183,69783,0.518946896281158
1624942800,69.2,69.2,68.5,68.5,69.41000000000004,70.4217311895848,68.39826881041527,40380,0.05027579985276438
1624946400,68.5,68.5,67.8,67.8,69.33000000000004,70.56142194230033,68.09857805769975,54071,-0.12123304264905961
1624950000,67.8,68.5,67.8,68.5,69.28500000000005,70.5676145172937,68.0023854827064,115348,0.19398443982357902
1624953600,68.5,68.5,68,68.2,69.17500000000004,70.43337196407855,67.91662803592153,163899,0.11259467477328132
1625029200,67.9,68,67.2,67.3,69.03000000000004,70.44152399907954,67.61847600092055,87179,-0.11281281831844338
1625032800,67.3,67.7,67.2,67.4,68.88000000000004,70.3147125147499,67.44528748525018,112765,-0.015782773477119403
1625036400,67.7,67.7,67,67.4,68.75000000000004,70.22580486514246,67.27419513485762,364122,0.04262245914545218
1625040000,67.4,68.5,67,68.5,68.70000000000005,70.13805424097201,67.26194575902808,212043,0.43046159376267074
1625115600,62,63.6,61.5,62,68.35000000000005,71.59622858098004,65.10377141902006,221396,-0.4780580513038119
1625119200,62.1,62.6,61.8,62.5,68.02000000000005,72.12297453074852,63.917025469251584,128535,-0.17268270356446605
1625122800,62.5,62.5,62.2,62.2,67.66000000000005,72.42545905448503,62.894540945515075,35394,-0.07287240720927085
1625126400,62.4,62.6,62.1,62.6,67.34500000000006,72.55325306604568,62.136746933954434,106120,0.044472979727662586
1625202000,63,63,61,61,66.92500000000005,72.7239223136698,61.12607768633031,5038139,-0.010870785941821498
1625205600,61.1,62.4,61,61.9,66.54500000000006,72.60914874487523,60.4808512551249,2092288,0.11701137328420826
1625209200,61.9,62.2,61.9,62,66.17000000000006,72.38260009979479,59.95739990020533,422058,0.16439172544376057
1625212800,62.2,62.3,61.5,62,65.80000000000007,72.0801273872401,59.51987261276004,627887,0.1974583662330709
1625461200,61.8,62.9,61.8,62,65.45500000000007,71.77401099856328,59.13598900143686,18609,0.22661861161614882
1625464800,62.2,62.5,62,62,65.10500000000006,71.3750797443073,58.83492025569282,23170,0.25239549362835717
1625468400,62,62.5,62,62.5,64.79000000000006,70.91728324789779,58.662716752102334,7423,0.3131308846554662
1625472000,62.4,62.5,61.8,61.8,64.40500000000006,70.26178239308668,58.54821760691343,120260,0.27760826464416594
1625547600,62,62,61.4,61.6,64.06000000000006,69.72088332329618,58.39911667670393,22162,0.2827194220841415
1625551200,61.6,62,61.1,61.1,63.72500000000006,69.25234113294762,58.19765886705249,80599,0.26254405718213564
1625554800,61.1,61.5,61,61.5,63.37500000000006,68.5219894112939,58.22801058870621,65839,0.31785468648081777
1625558400,61.4,61.4,61.1,61.4,63.03500000000006,67.7417079790413,58.32829202095883,56545,0.32631172283466003
1625634000,61.5,61.5,61.2,61.2,62.73000000000006,67.06778745444875,58.392212545551374,4861,0.3236428114486174
1625637600,61.2,61.7,61.1,61.7,62.44500000000007,66.2320701076116,58.65792989238853,8252,0.40163900075381387
1625641200,61.5,61.8,61.5,61.6,62.155000000000065,65.19439138644064,59.11560861355949,11005,0.4086988266012653
1625644800,61.6,61.9,61.2,61.6,61.81000000000006,62.688407650224455,60.93159234977566,44049,0.38046552193254946
1625720400,61.5,61.9,61.5,61.9,61.805000000000064,62.680157128730436,60.92984287126969,4185,0.5542759676412369
1625724000,61.8,61.8,61.6,61.7,61.765000000000065,62.58053663312307,60.94946336687706,8439,0.4601489391401391
1625727600,61.7,61.7,61.5,61.5,61.73000000000006,62.52774682698634,60.932253173013784,11411,0.355843989459066
1625731200,61.6,61.6,61.4,61.5,61.67500000000007,62.37034164261919,60.97965835738095,7932,0.3741625775921447
1625806800,61.4,61.9,61.4,61.9,61.72000000000006,62.348012738697676,61.09198726130245,4361,0.6433091949481978
1625810400,61.7,62.4,61.7,62,61.725000000000065,62.360216498498,61.08978350150213,27343,0.7164616320972571
1625814000,62,62.1,61.8,61.8,61.71500000000007,62.3387788069212,61.09122119307894,2712,0.5681331259228538
1625817600,62,62.2,61.6,62,61.715000000000074,62.338778806918285,61.091221193081864,15172,0.7284463633895907
1626066000,62.2,62.3,61.6,61.7,61.70000000000008,62.30991802724436,61.090081972755804,11480,0.49999999999993594
1626069600,61.7,61.7,61.4,61.7,61.68500000000008,62.279222180634925,61.090777819365236,36531,0.5126215416461709
1626073200,61.7,62,61.5,62,61.660000000000096,62.1474423042264,61.17255769577379,10815,0.8487592244784433
1626076800,61.8,62.4,61.8,62.2,61.680000000000085,62.218887743373436,61.141112256626734,19142,0.9824752524011782
1626152400,62.4,62.5,62,62.1,61.705000000000084,62.27236231806572,61.13763768193445,11062,0.8481020746554264
1626156000,62.5,62.6,62.5,62.5,61.77500000000009,62.37123820739528,61.1787617926049,5426,1.1079784815931601
1626159600,62.5,62.6,62.3,62.5,61.82500000000009,62.48492423804394,61.16507576195624,36408,1.0114223429652696
1626163200,62.5,63,62.5,62.9,61.90000000000008,62.67974354755925,61.120256452440906,102270,1.1412364700741793
1626238800,63,63.4,62.8,63.2,62.00000000000008,62.898888202148086,61.10111179785207,28833,1.1674912392510945
1626242400,63.3,63.9,63.3,63.8,62.10500000000009,63.28563542211628,60.9243645778839,201316,1.2178337902829321
1626246000,63.7,63.8,63.5,63.8,62.21500000000009,63.582150320906464,60.84784967909371,347660,1.0796729063959498
1626249600,63.8,64.4,63.5,64.3,62.35000000000001,63.9593476939409,60.74065230605912,269146,1.1058355218520015
1626325200,64,64.9,64,64.8,62.495000000000005,64.40965401574041,60.580345984259594,12159,1.1019364284749464
1626328800,64.7,66.3,64.7,65.7,62.69500000000001,65.02607271443702,60.363927285563,373395,1.1445530380474953
1626332400,65.7,65.8,65,65.5,62.895,65.45662058080262,60.33337941919739,84146,1.008467182751902
1626336000,65.1,65.6,64.9,65.2,63.080000000000005,65.7442822673264,60.41571773267361,233614,0.8978557426138294
1626411600,66,66,64.9,65,63.235,65.96650141863316,60.503498581366834,60850,0.8230823875762816
1626415200,65,65.5,64.8,65,63.385000000000005,66.1579226458718,60.6120773541282,40663,0.7912089888991912
1626418800,65,65.2,64.5,64.9,63.540000000000006,66.2876535443886,60.792346455611415,91776,0.7474838945356596
1626422400,64.8,64.9,64.5,64.6,63.67,66.35931217972025,60.980687820279755,20808,0.6729066649481978
1626670800,65,65.1,65,65,63.835000000000015,66.42364829592313,61.24635170407689,10491,0.725020911847074
1626674400,64.9,64.9,64.5,64.7,63.985,66.40349126523004,61.56650873476996,37879,0.6478194298816271
1626678000,64.7,64.9,64.3,64.9,64.13000000000001,66.39812698056933,61.86187301943069,72546,0.6697435828321038
1626681600,64.9,65,64.5,65,64.27000000000001,66.38480495554182,62.1551950444582,74140,0.6725927485858764
1626757200,65,65,64.5,65,64.41500000000002,66.2999668432042,62.53003315679583,88687,0.6551751432947126
1626760800,65,65.1,64.8,65.1,64.54500000000002,66.2319795493669,62.85802045063314,65176,0.6644951772557841
1626764400,65.3,65.3,64.9,65,64.67000000000003,66.0801063789575,63.259893621042565,76793,0.6170124484664586
1626768000,65,65.2,65,65.1,64.78000000000003,65.94206712369707,63.61793287630298,27004,0.637685678165435
1626930000,65.1,65.1,64.8,64.8,64.86000000000003,65.76862533531813,63.95137466468193,187318,0.46698309101240904
1626933600,64.8,64.9,63.8,64.1,64.87500000000003,65.72087233078065,64.0291276692194,868036,0.04189304236679725
1626937200,64.2,64.5,63.9,64.4,64.90500000000003,65.63018963035799,64.17981036964207,1055463,0.1518152088366518
1626940800,64,64.4,64,64.4,64.91000000000004,65.61964779995307,64.200352200047,64329,0.14066682089778357
1627275600,64.8,65,64.5,64.5,64.89500000000002,65.62568461047432,64.16431538952573,47310,0.2297055430361235
1627279200,64.5,64.5,63.8,64,64.81000000000003,65.54184697852588,64.07815302147418,93020,-0.05339437325518629
1627282800,64,64,63.7,63.7,64.72000000000003,65.5289499366347,63.91105006336535,81607,-0.1304469249625886
1627286400,63.7,64,63.5,63.5,64.63500000000002,65.57153617120929,63.69846382879074,67647,-0.1059563073439453
1627362000,63.5,63.5,63.4,63.5,64.56000000000003,65.60192130219933,63.518078697800725,15870,-0.008675654179717808
1627365600,64.7,64.7,63.3,63.8,64.50000000000003,65.57144761886865,63.42855238113142,31406,0.17333914058290886
1627369200,63.6,63.8,63.4,63.8,64.44500000000002,65.54131199937878,63.34868800062127,28266,0.205831916295028
1627372800,63.8,64,63.7,63.9,64.41000000000001,65.52874930167071,63.29125069832931,24135,0.2720668968291668
1627448400,64,64,63.7,63.9,64.35500000000002,65.46039585668933,63.249604143310705,6663,0.29419137621758623
1627452000,63.9,63.9,63.8,63.9,64.31500000000003,65.42545035907938,63.204549640920675,6580,0.31313887802058327
1627455600,63.9,64,63.9,63.9,64.26500000000001,65.35545861910549,63.174541380894546,66588,0.3326392246321839
1627459200,64,64,63.5,63.7,64.20000000000002,65.26207344377988,63.13792655622015,85365,0.2646113821373128
1627534800,63.6,64,63.6,63.9,64.14500000000002,65.14794566153006,63.14205433846999,7229,0.37785978373630513
1627538400,63.9,63.9,63.5,63.5,64.06500000000003,65.00366927081936,63.12633072918069,47138,0.19904202813262903
1627542000,63.6,63.9,63.4,63.5,63.99000000000003,64.85463865283434,63.125361347165715,55845,0.21664463623399685
1627545600,63.5,63.8,63.4,63.8,63.925000000000026,64.62607060983906,63.22392939016099,52900,0.41085063455396587
1627621200,63.8,64,63.1,63.5,63.860000000000035,64.45799665548573,63.26200334451433,144624,0.19899497204743027
1627624800,63.5,63.5,63,63.5,63.83000000000003,64.43695963620277,63.223040363797274,66558,0.2281532573858092
1627628400,63.5,63.7,63,63.7,63.79500000000004,64.34445427468656,63.24554572531353,136616,0.41355058612089307
1627632000,63.6,64,62.9,63.9,63.77000000000004,64.24791212578539,63.29208787421468,145495,0.6360082669866702
1627880400,64.4,64.5,63.8,63.9,63.74000000000003,64.08871191544995,63.39128808455011,18279,0.7294157338924474
1627884000,63.9,64,63.8,63.9,63.73500000000003,64.07130343437889,63.398696565621165,15145,0.7453141763251961
1627887600,63.9,63.9,63.8,63.9,63.745000000000026,64.08836569423498,63.40163430576507,18302,0.7257068813256444
1627891200,63.8,64,63.6,63.9,63.76500000000003,64.09530289125925,63.4346971087408,293109,0.7043578841912458
1627966800,63.8,64.9,63.5,64.9,63.835000000000036,64.41214816119657,63.2578518388035,118206,1.4226400356123705
1627970400,64.6,64.8,64.4,64.5,63.870000000000026,64.51529063217782,63.22470936782223,73734,0.9881521353206238
1627974000,64.6,65.2,64.5,65.1,63.935000000000024,64.77231714420321,63.09768285579684,171005,1.1956742782978678
1627977600,65.1,65.5,64.8,65.4,64.01000000000003,65.06242576933974,62.957574230660335,121411,1.1603791167485673
1628053200,65.5,65.7,64.4,64.5,64.04000000000003,65.11219401228287,62.96780598771719,105067,0.7145134158232098
1628056800,64.5,65,64,64.8,64.08500000000004,65.20441949240178,62.96558050759829,134730,0.8193619571809974
1628060400,64.1,65,64.1,65,64.14000000000003,65.32389188694715,62.956108113052906,63127,0.863208840892404
1628064000,64.5,64.8,64.4,64.8,64.19500000000004,65.39412468074651,62.99587531925356,46779,0.7522673453870271
1628139600,64.1,64.8,63.5,64.1,64.20500000000004,65.39743448456181,63.012565515438276,31944,0.45597242391113896
1628143200,64.1,64.3,63.6,64.2,64.24000000000004,65.38786758817082,63.09213241182925,29847,0.48257638755016413
1628146800,64.2,64.8,63.5,63.6,64.24500000000003,65.38073764575188,63.109262354248195,79032,0.21604357643130936
1628150400,63.6,63.7,63,63.5,64.23000000000003,65.39636186493559,63.06363813506449,146273,0.18706109915537478
1628226000,63,63.9,62.5,63.5,64.23000000000005,65.39636186493247,63.06363813506762,38817,0.18706109915453234
1628229600,63.3,64.9,63,64.8,64.29500000000002,65.43600832599402,63.15399167400601,31593,0.7212954929842612
1628233200,64.7,64.7,63.7,64.4,64.33000000000001,65.43833208019322,63.2216679198068,2425,0.5315789830732833
1628236800,63.7,64.4,63.5,64,64.33500000000001,65.43640818954024,63.23359181045977,22442,0.3479219588244356
1628485200,64.1,64.1,63,63.1,64.29500000000002,65.50904283284517,63.080957167154864,11600,0.007842735169610935
1628488800,63.5,64,63.2,64,64.30000000000001,65.50830459735309,63.091695402646934,3898,0.37585911670898464
1628492400,63.9,63.9,63.8,63.9,64.30000000000001,65.50830459735309,63.091695402646934,861,0.33447882227864717
1628496000,63.9,64,63.3,63.9,64.30000000000001,65.5083045973546,63.091695402645435,16376,0.33447882227885156
1628571600,63,63.7,62.8,63.4,64.22500000000001,65.46092070942795,62.989079290572064,12645,0.16624072494833916
1628575200,63.4,63.4,62.9,62.9,64.14500000000001,65.50069170536216,62.78930829463787,106366,0.04082480733794852
1628578800,62.9,63,62.5,62.8,64.03,65.43157054763343,62.62842945236657,65515,0.061206532886670745
1628582400,62.8,63,62.5,62.9,63.90500000000001,65.23987827160109,62.57012172839893,33673,0.1235611810526385
1628658000,63,63,62.5,62.5,63.80500000000002,65.2423239022527,62.36767609774734,6067,0.046031344099012717
1628661600,62.5,62.8,62,62.2,63.67500000000001,65.19667670679021,62.15332329320981,57472,0.015337261384730365
1628665200,62.4,62.4,62.2,62.4,63.545000000000016,65.03560390445756,62.054396095542465,20201,0.11592747859576545
1628668800,62.4,62.4,62.2,62.3,63.42,64.88778745055004,61.95221254944997,41516,0.11847336970339295
1628744400,62.3,64,62.1,63,63.36500000000001,64.80898753456854,61.921012465431474,42449,0.37361386741158004
1628748000,63.5,63.5,62.7,62.7,63.29,64.70830885211669,61.87169114788332,21830,0.29200581061047326
1628751600,62.6,62.8,62.1,62.2,63.220000000000006,64.70674140319937,61.733258596800646,41714,0.1569679172837194
1628755200,62.3,62.8,62,62.5,63.169999999999995,64.68274584778607,61.65725415221392,33165,0.27854839232229567
1628830800,62.8,62.8,60,62,63.09499999999999,64.68178921095192,61.50821078904806,29077,0.15496362325809912
1628834400,62,63.5,60,62,62.955,64.40341292454652,61.50658707545348,172825,0.1703288185932893
1628838000,61.8,62.3,61.5,62,62.834999999999994,64.17854009988251,61.49145990011748,4401,0.18925378555019903
1628841600,62,62.4,61.5,61.5,62.71,64.06188756928586,61.358112430714144,15229,0.052477577466301176
1629097200,60.5,62.9,60.5,62.9,62.7,64.04313067122509,61.35686932877492,8052,0.5744529196915642
1629100800,61.3,62.7,61.3,62.3,62.614999999999995,63.82706435472344,61.40293564527655,3179,0.37005640468988515
1629180000,62.8,62.8,61.9,61.9,62.514999999999986,63.61094707901108,61.41905292098889,31948,0.21942075863967853
1629183600,62,62,61.9,62,62.41999999999998,63.333454979733375,61.506545020266586,25278,0.27010361248314413
1629187200,62,62.5,61.7,61.7,62.33499999999998,63.181817571851326,61.48818242814863,54451,0.12506682601559962
1629262800,63,63,61.6,61.7,62.27499999999999,63.12323345842519,61.42676654157479,16354,0.16106029284230663
1629266400,62,62,61.7,61.9,62.22999999999998,63.0572847151946,61.40271528480537,52394,0.3005523407244669
1629270000,61.9,62.5,61.7,62.5,62.209999999999994,62.98948701079112,61.430512989208864,61554,0.6860197771003745
1629273600,62.5,62.5,61.8,62.5,62.209999999999994,62.98948701079112,61.430512989208864,60584,0.6860197771003745
1629349200,62.6,62.6,60,61.5,62.17499999999999,63.01374906855039,61.33625093144959,173401,0.09761505239786125
1629352800,61,62,61,61.5,62.12999999999998,63.01113563087471,61.24886436912525,12231,0.14250679581839137
1629356400,61.5,61.5,61.3,61.3,62.079999999999984,63.027839648883905,61.13216035111606,41428,0.08853799747750836
1629360000,61.3,61.4,61,61,61.97999999999998,62.94041657628314,61.019583423716824,238137,-0.010195275779502187
1629435600,61,61,61,61,61.894999999999996,62.88590867389149,60.9040913261085,39,0.04839430535755023
1629439200,61.3,61.5,61,61.2,61.84499999999999,62.869646280426906,60.82035371957308,39418,0.1852572383655887
1629442800,61.2,61.2,60.5,60.9,61.765,62.821929515145996,60.708070484854005,34497,0.09079579687936044
1629446400,60.9,60.9,60,60.1,61.669999999999995,62.944519517304336,60.39548048269565,110481,-0.11591838284305157
1629694800,60.5,61,60.3,60.6,61.59999999999999,62.946105493635706,60.25389450636427,33689,0.12855808674434974
1629698400,60.6,61.5,60,60.6,61.52999999999999,62.930142849854285,60.12985715014569,155813,0.16789102979857964
1629702000,60.6,61.2,59.9,61,61.50499999999998,62.92411944528988,60.08588055471008,354491,0.3220727643201244
1629705600,60.8,62.9,59.9,61.4,61.429999999999986,62.69664912268342,60.16335087731655,531519,0.48815773071534163
1629781200,61.8,61.8,61.3,61.3,61.37999999999998,62.582663710268605,60.17733628973136,21725,0.4667404947380862
1629784800,61.4,62.9,61.4,62.7,61.41999999999998,62.736966210651396,60.103033789348565,57581,0.9859653913849816
1629788400,62.9,63,62,62,61.41999999999998,62.736966210651396,60.103033789348565,33373,0.7202030679713234
1629792000,62.8,62.8,61.6,61.6,61.41499999999998,62.728430622453885,60.10156937754607,6156,0.5704262550443603
1629867600,61.7,62.1,61.7,62,61.42999999999997,62.76281656652459,60.09718343347535,2274,0.7138328762998233
1629871200,62.7,62.7,61.8,61.9,61.42999999999997,62.76281656652459,60.09718343347535,33122,0.6763183365981013
1629874800,61.9,62,61.6,61.6,61.38499999999998,62.628020514715246,60.14197948528471,17046,0.5864828848175822
1629878400,61.6,61.9,61,61.9,61.354999999999976,62.515129303138316,60.194870696861635,47798,0.7348876105989688
1629954000,61.2,61.9,60.6,60.6,61.30999999999998,62.51316249941538,60.10683750058458,160336,0.204944261334209
1629957600,60.6,63.7,60.5,62.9,61.379999999999974,62.76794812583253,59.992051874167416,99004,1.047570896818732
1629961200,63,63,62,62.3,61.429999999999986,62.87374512985929,59.986254870140684,12997,0.8012997176602757
1629964800,62.3,63.1,62,63,61.52999999999997,63.11126531613274,59.94873468386721,217610,0.9648176321210743
1630040400,63,63.5,61,62,61.57999999999997,63.15429349233405,60.00570650766589,44948,0.6333931703475856
1630044000,61.6,62,61.5,61.7,61.604999999999976,63.170215640096075,60.03978435990388,33055,0.5303472561755754
1630047600,61.7,62,61.5,62,61.65999999999997,63.199350512392066,60.12064948760787,66841,0.610436186321101
1630051200,62,62.5,61.6,62.5,61.77999999999996,63.182283851439614,60.3777161485603,101725,0.7567240574227726
1630299600,61.7,62,60.6,61.5,61.82499999999997,63.12711366631464,60.52288633368529,80915,0.3752029072393491
1630303200,61.7,63.5,61.7,63,61.94499999999997,63.21539363978408,60.67460636021586,1226205,0.9152256304507767
1630306800,62.6,63.4,62.4,62.4,62.014999999999965,63.222103972326664,60.807896027673266,83118,0.6594725925961225
1630310400,62.4,63,62.1,62.4,62.06499999999996,63.24868070019247,60.88131929980745,255596,0.6415077562494483
1630386000,62.8,63.4,62.5,63,62.14999999999996,63.345826074314786,60.95417392568514,33850,0.8554028542516372
1630389600,63,63.2,62.5,63,62.16499999999995,63.39508129813292,60.93491870186698,22166,0.8394084607527244
1630393200,62.9,63.1,62.6,62.6,62.19499999999996,63.43673266044451,60.9532673395554,57899,0.6630785808013816
1630396800,62.6,62.9,62,62.9,62.259999999999955,63.506434916075406,61.013565083924505,114445,0.7567322175212965
1630472400,62.5,63.5,62.5,63.2,62.31999999999996,63.62476051442889,61.01523948557102,132036,0.8372266367154749
1630476000,63.1,63.2,62.5,63,62.37499999999996,63.6969304066455,61.053069593354415,382471,0.7363967107716389
1630479600,62.8,63,62.5,62.8,62.43499999999996,63.719172885560084,61.150827114439835,165418,0.6421148211834552
1630483200,62.8,63.5,62.5,63,62.48999999999995,63.77202964084839,61.20797035915152,285457,0.698903357516186
1630558800,63.7,67,63.7,65.5,62.73499999999996,64.31648664237836,61.15351335762155,222385,1.3741774751387534
1630562400,65,66.8,65,66.2,62.89999999999996,65.08814990346148,60.71185009653844,209678,1.2540616835207765
1630566000,66.2,66.4,65.4,65.4,63.054999999999964,65.47778765062507,60.63221234937486,80297,0.9839466635458128
1630569600,66.4,66.4,65.6,66.3,63.219999999999956,66.0247103237276,60.41528967627231,146269,1.049076311721653
1630645200,66.5,67.1,65.9,66.2,63.42999999999995,66.45793659115039,60.40206340884951,134423,0.9574072006817715
1630648800,66,66.2,65.2,65.5,63.61999999999996,66.66670313618206,60.57329686381786,125038,0.80853022364954
1630652400,65.5,65.7,65.1,65.5,63.79499999999996,66.85145219167957,60.73854780832035,16625,0.7789181529882024
1630656000,65.5,66.2,65.5,66,63.969999999999956,67.10949040451246,60.830509595487456,75960,0.823300876645817
1630904400,66,66.4,65,65.5,64.16999999999996,67.16071897710538,61.179281022894536,20208,0.7223545592517172
1630908000,65.9,66,64,65.4,64.28999999999995,67.27590019927415,61.304099800725744,97319,0.6858735935430583
1630911600,65.3,65.4,64,64,64.36999999999996,67.23223688747417,61.507763112525744,29117,0.43536523800333216
1630915200,64,65.3,63.5,64,64.44999999999996,67.17360055808908,61.72639944191085,102356,0.4173887671113408
1630990800,64,64,63.1,63.8,64.48999999999997,67.1500000000041,61.82999999999584,11480,0.37030075187990563
1630994400,63.6,63.6,62.5,63,64.48999999999997,67.1500000000041,61.82999999999584,58490,0.2199248120305155
1630998000,63,63.5,62.2,62.6,64.48999999999997,67.1500000000041,61.82999999999584,51322,0.14473684210582044
1631001600,62.6,62.9,62,62.9,64.48999999999997,67.1500000000041,61.82999999999584,106447,0.20112781954934142
1631077200,62.5,63,61.6,62,64.42999999999996,67.25283545393981,61.60716454606012,14428,0.06958171320110046
1631080800,61.6,62,60.1,62,64.37999999999997,67.33472502951093,61.425274970489006,60547,0.09725524774231127
1631084400,61.6,61.6,60,61.1,64.29499999999996,67.51274765946981,61.07725234053011,381038,0.0035347177400543313
1631088000,61.2,61.2,60,61.1,64.19999999999996,67.66756398643525,60.73243601356466,52253,0.05300031778407116
1631163600,61.8,62,60.5,62,64.02499999999995,67.56498587568223,60.485014124317665,13152,0.21398190965809202
1631167200,61.9,63.6,61.5,62.5,63.839999999999954,67.29160832077237,60.388391679227546,7028,0.30588759275848426
1631170800,62.5,62.8,62.1,62.8,63.70999999999996,67.11229334420554,60.30770665579438,4059,0.3662666754543998
1631174400,62.8,63.4,62,63,63.544999999999945,66.74279611608215,60.34720388391775,128587,0.4147850613022104
1631250000,61.1,63.9,61.1,63.5,63.409999999999954,66.36695789622121,60.45304210377869,10807,0.5152183431686772
1631253600,62.6,63,62,62,63.23499999999996,66.08896215812739,60.381037841872526,18824,0.2836341318536828
1631257200,62,63,61.3,61.5,63.034999999999954,65.78474544276816,60.28525455723176,81935,0.22088325411412327
1631260800,62.5,62.9,62,62,62.83499999999996,65.25514462378237,60.414855376217545,34832,0.3274896483882547
1631509200,63.4,63.4,61.4,61.4,62.62999999999996,64.79342321334101,60.466576786658905,5115,0.21572829753905925
1631512800,61.3,62.5,61,61.1,62.414999999999964,64.26678292464935,60.56321707535058,96574,0.1449367843023654
1631516400,62.4,62.4,61,62,62.31499999999996,64.0241225819183,60.60587741808162,12162,0.40784745244943116
1631520000,61.9,62,61,62,62.214999999999975,63.74244885348555,60.6875511465144,87439,0.4296212113717084
1631595600,63.7,63.7,63,63,62.17499999999997,63.570528573701196,60.77947142629874,19851,0.7955869251075105
1631599200,63,63.1,62.5,63,62.17499999999997,63.570528573701196,60.77947142629874,43224,0.7955869251075105
1631602800,62.7,63,62.5,62.8,62.18499999999997,63.595354565355386,60.77464543464455,11733,0.7180302794443205
1631606400,62.8,62.8,62.3,62.5,62.16499999999995,63.54525359989644,60.78474640010346,52460,0.6213545105135654
1631682000,62.5,62.5,62,62.5,62.189999999999955,63.57549630097766,60.80450369902225,29100,0.6118732687273457
1631685600,62.1,63.5,62.1,63,62.23999999999995,63.66604347760591,60.813956522393994,32933,0.7664715388888198
1631689200,63,63.3,62.5,63,62.334999999999944,63.69628615655468,60.97371384344521,12765,0.7442543020062359
1631692800,63,63.3,62.8,63.3,62.44499999999995,63.74342211935253,61.14657788064737,21445,0.8292457773387161
1631768400,63,63,62.8,63,62.49499999999996,63.79803491895547,61.19196508104445,4706,0.693778383316403
1631772000,63.3,63.3,62.5,63,62.519999999999946,63.841514282944125,61.19848571705577,7472,0.6816098419044969
1631775600,63,63,62.6,63,62.52999999999996,63.862816566529354,61.19718343347056,883,0.676318336597475
1631779200,62.7,62.7,62.1,62.5,62.50499999999996,63.82025662895746,61.18974337104246,57914,0.4980992302605146
1631854800,62,62.5,61,61.5,62.40499999999996,63.7064991356188,61.10350086438112,66082,0.15232401035378074
1631858400,61.5,62.2,60,61.9,62.39999999999996,63.70843417871043,61.0915658212895,370694,0.30893192483983295
1631862000,61.1,62,61,61.5,62.39999999999996,63.70843417871043,61.0915658212895,10288,0.15607746471168904
1631865600,62,62,61.5,61.7,62.384999999999955,63.71807914244468,61.05192085755523,5250,0.24307601919877914
1632204000,61.8,61.8,60.3,61.1,62.36999999999996,63.752895513051925,60.987104486948,31215,0.04081852605149081
1632207600,61.1,61.2,60,61.2,62.374999999999964,63.74010072888991,61.00989927111002,37805,0.06962882843252328
1632211200,61.2,61.3,60,60.5,62.29999999999997,63.88619040471688,60.71380959528306,48575,-0.0673972035914625
1632286800,61,61,60.5,60.5,62.224999999999966,63.99234263797774,60.45765736202219,308,0.01197918192769339
1632290400,60.9,61.8,60.7,61.8,62.164999999999964,63.90428146083864,60.42571853916129,23328,0.3950716119793617
1632294000,61.6,61.7,61.3,61.3,62.07999999999996,63.81389734413968,60.34610265586024,6825,0.27507318912615164
1632297600,61.5,61.5,61,61.5,62.014999999999965,63.733458611667224,60.296541388332706,24026,0.35015641444506224
1632373200,61.8,61.8,61.5,61.8,61.97999999999996,63.685989448975846,60.27401055102408,4482,0.44724469131153793
1632376800,61.6,61.8,61.5,61.5,61.929999999999964,63.63070573586876,60.22929426413117,24569,0.3735818928192473
1632380400,61.8,61.8,61.6,61.6,61.85999999999996,63.49266653056285,60.22733346943706,1514,0.42037565689843737
1632384000,61.6,61.8,61.5,61.5,61.784999999999954,63.33712757208312,60.23287242791679,16248,0.4081905362915996
1632459600,61.5,61.7,61.1,61.6,61.69999999999995,63.088524396623896,60.31147560337601,2245,0.4639905498804733
1632463200,61.7,61.7,61.3,61.3,61.61499999999995,62.877180652688736,60.35281934731117,7214,0.37521596083376796
1632466800,61.5,61.8,61.5,61.8,61.55499999999995,62.65131199939612,60.45868800060378,6906,0.6117382643512926
1632470400,61.7,62,61.7,62,61.50499999999995,62.407164064912315,60.60283593508759,8219,0.7743403440970197
1632718800,61.9,62.5,61.7,62,61.47999999999996,62.29387959798459,60.66612040201533,14384,0.8194575716652
1632722400,62,62,61.6,61.6,61.48499999999996,62.3005366331553,60.66946336684461,17212,0.5705057230569182
1632726000,61.6,62,61.6,61.9,61.48499999999996,62.3005366331553,60.66946336684461,7560,0.7544336962488054
1632729600,61.8,62,61.7,61.7,61.49499999999997,62.315914124626104,60.674085875373834,17380,0.6248608069043737
1632805200,61.9,62,61,61.5,61.48499999999997,62.300536633148624,60.66946336685132,30968,0.5091963986596877
1632808800,61.3,61.5,61.2,61.5,61.50499999999996,62.30117837198293,60.70882162801699,44320,0.49686000011058645
1632812400,61.5,61.5,61.4,61.5,61.51999999999996,62.30383671770011,60.73616328229981,5805,0.4872422409231846
1632816000,61.5,61.5,61.1,61.5,61.56999999999997,62.19960304955479,60.940396950445155,18848,0.444409417926527
1632891600,61.5,61.5,61.3,61.3,61.60999999999997,62.02904653680437,61.19095346319557,34094,0.13011268108311252
1632895200,61.4,61.5,61.3,61.5,61.59499999999997,62.00718927692024,61.1828107230797,49511,0.38476167950101037
1632898800,61.5,61.5,61.4,61.5,61.60499999999996,61.99730090493401,61.212699095065915,19067,0.36617415524747016
1632902400,61.5,61.5,61.4,61.5,61.60499999999996,61.99730090493401,61.212699095065915,37152,0.36617415524747016
1632978000,61.5,62,61.3,61.5,61.58999999999996,61.974187454265184,61.20581254573474,67908,0.3828696785894662
1632981600,61.5,61.5,61.4,61.5,61.58999999999996,61.974187454265184,61.20581254573474,69649,0.3828696785894662
1632985200,61.5,61.5,60.9,60.9,61.55499999999997,62.0427499359378,61.067250064062144,168023,-0.17145062637534003
1632988800,61,61.5,60.8,61,61.52999999999997,62.0744263035603,60.985573696439644,116509,0.013249087586339586
1633064400,61,61.5,60.9,61,61.499999999999964,62.08991524816082,60.91008475183911,34408,0.07621031024474753
1633068000,61,61,60.8,61,61.48499999999997,62.108778806960466,60.861221193039476,53549,0.1112403991703046
1633071600,61,61,60.8,61,61.44499999999997,62.0852343321093,60.80476566789064,73750,0.15247099563228256
1633075200,61,61.5,60.5,61.5,61.41999999999996,62.00855755879666,60.83144244120326,460684,0.5679627666014518
1633323600,60.8,61.5,60.5,61,61.36999999999996,61.92172456897931,60.818275431020616,28559,0.16468776197112467
1633327200,61.5,62,61.1,61.9,61.38499999999997,61.97584684987918,60.794153150120756,6766,0.935815135601815
1633330800,61.8,61.8,60.9,60.9,61.334999999999965,61.91214816123433,60.7578518387656,24838,0.12314702773234111
1633334400,60.9,61,60.9,61,61.29999999999997,61.86920997884352,60.730790021156416,16867,0.2364768616587942
1633410000,61,61.1,61,61,61.27499999999998,61.85076036682589,60.69923963317407,31710,0.26118536821489197
1633413600,61.5,62,61.5,62,61.299999999999976,61.95115282385163,60.64884717614832,23064,1.0375082272233986
1633417200,61.9,61.9,61.7,61.9,61.31999999999997,62.017423830974145,60.6225761690258,9340,0.9158160176358419
1633420800,61.9,61.9,61.7,61.8,61.334999999999965,62.059637840587705,60.610362159412226,4020,0.8208499294094823
1633496400,61.6,61.9,61.6,61.9,61.364999999999974,62.12991829629541,60.60008170370454,864,0.8497105524806221
1633500000,61.9,63.7,61.5,63.7,61.47499999999998,62.749166394159374,60.200833605840586,177323,1.3731198728043372
1633503600,63.7,66.2,63.7,65.4,61.66999999999998,63.8036353952829,59.53636460471706,774874,1.374094985545884
1633507200,65.4,66,65.1,65.9,61.88999999999997,64.70630964206832,59.07369035793162,199064,1.211924559022391
1633582800,66,66.2,64,65,62.064999999999976,65.18158466915378,58.94841533084618,105462,0.9708680032102125
1633586400,65.9,67,65,66,62.28999999999998,65.83169450969535,58.74830549030461,242671,1.023760588306517
1633590000,66,66.4,65.2,66,62.54499999999997,66.37251877853123,58.71748122146871,358416,0.9513367797669987
1633593600,65.9,66,65.5,65.5,62.76999999999997,66.734391504381,58.80560849561894,151534,0.8443151360029811
1633669200,66.5,66.7,63,65.1,62.974999999999966,66.97593739016375,58.97406260983618,135488,0.7655627660188202
1633672800,65.3,65.7,65,65,63.17499999999997,67.16091269347578,59.18908730652415,12349,0.72893125619475
1633676400,65.2,65.2,65,65,63.374999999999964,67.30533077488512,59.444669225114815,1570,0.706725603145643
1633680000,64.9,65,64.6,64.8,63.539999999999964,67.41835016469776,59.66164983530217,24058,0.6624402060789958
1633928400,64.8,64.9,64,64,63.68999999999996,67.39183738162704,59.98816261837288,16366,0.5418710991383126
1633932000,64,65.8,64,64.7,63.82999999999996,67.46158367658127,60.198416323418655,190067,0.6197824527093148
1633935600,64.6,65.5,64.6,65,64.03499999999995,67.43751377660882,60.63248622339108,20143,0.6418069203178682
1633939200,64.9,65.4,64.9,65.1,64.23999999999995,67.3694727990534,61.1105272009465,21427,0.6374033351975713
1634014800,65,65.8,65,65.3,64.45499999999996,67.23598903270286,61.67401096729706,15995,0.6519243675655141
1634018400,65.3,65.7,65,65.7,64.63999999999996,67.22874486962525,62.05125513037467,34420,0.7047324192579619
1634022000,65.8,66.4,65.8,66.1,64.84999999999997,67.18452350598665,62.51547649401328,168467,0.7677205855487244
1634025600,66.2,66.2,65.5,66,65.05999999999996,66.97770696406147,63.14229303593846,51804,0.7450843683670038
1634101200,65.7,65.7,64.4,64.4,65.18499999999997,66.49079477713873,63.879205222861216,38736,0.19941677905924424
1634104800,64.4,65,64,64.8,65.23999999999998,66.37207773584768,64.10792226415228,67041,0.3056670553323307
1634108400,64.9,65.2,64.9,65,65.21999999999997,66.35419575030258,64.08580424969736,19079,0.40301497781962536
1634112000,64.5,64.9,64.2,64.9,65.16999999999997,66.26745159346822,64.07254840653172,3745,0.3769877406862689
1634187600,65,65.5,65,65.5,65.19499999999996,66.29858506695535,64.09141493304458,66,0.6381859945067399
1634191200,65.5,65.6,64.5,65.3,65.15999999999997,66.20192130221498,64.11807869778495,17278,0.5671835769661315
1634194800,65,65.3,65,65,65.10999999999997,66.07932966528683,64.1406703347131,9906,0.4432597577794044
1634198400,65,65.7,65,65,65.08499999999997,66.0384673565508,64.13153264344913,14660,0.4554258468231923
1634274000,65.7,66,65.7,66,65.12999999999997,66.16363436475734,64.09636563524259,15741,0.9208451410205617
1634277600,65.8,66,65.8,65.8,65.16999999999997,66.24163426597374,64.0983657340262,22475,0.7939435682506647
1634281200,65.8,66,65.5,65.8,65.20999999999997,66.31254251619008,64.10745748380985,75276,0.7675633779814698
1634284800,65.8,65.8,65.5,65.6,65.24999999999997,66.34818031306425,64.1518196869357,13484,0.6593545230397594
1634533200,66,66.1,65.5,65.5,65.32499999999996,66.26494680701131,64.38505319298861,4126,0.5930903742077003
1634536800,65.5,66.1,65.5,65.9,65.38499999999996,66.31079695398324,64.45920304601668,4036,0.7781387418613953
1634540400,65.7,65.9,65.5,65.7,65.41999999999996,66.33782351245335,64.50217648754656,8114,0.6525347717730544
1634544000,65.7,65.7,65.3,65.3,65.42999999999996,66.33796475702799,64.52203524297194,4961,0.42841131828426554
1634792400,65.5,65.5,65.2,65.2,65.42499999999995,66.33686621826399,64.51313378173592,14210,0.37662663914214595
1634796000,65.6,65.6,65.2,65.5,65.41499999999995,66.31893583843713,64.51106416156277,4371,0.5470166113487699
1634799600,65.2,65.5,65.1,65.2,65.36999999999995,66.22111691324399,64.5188830867559,129203,0.4001312291210452
1634803200,65.2,65.5,65.2,65.4,65.33999999999995,66.14099937579071,64.53900062420918,30642,0.5374532127074542
1634878800,65.4,65.4,65.1,65.2,65.37999999999995,66.0600000000109,64.699999999989,6230,0.3676470588256973
1634882400,65.2,65.9,65.2,65.5,65.41499999999995,66.04197687358625,64.78802312641365,19663,0.5677855943185364
1634886000,65.5,65.5,65,65,65.41499999999995,66.04197687358625,64.78802312641365,62859,0.16904680420973597
1634889600,65,65.7,65,65.7,65.45499999999996,66.04652345685382,64.86347654314609,434649,0.707092379145139
1635138000,66.1,67.8,66.1,66.5,65.50499999999995,66.25192703794322,64.75807296205669,67759,1.166062379225067
1635141600,66.2,67.1,66.2,67,65.58999999999995,66.57366661019596,64.60633338980394,51931,1.2167062424326314
1635145200,66.9,67.5,66.7,67.1,65.69499999999995,66.83950862819421,64.55049137180569,83104,1.1138005277499623
1635148800,67.1,68.3,67,68.2,65.85499999999995,67.39314823733446,64.31685176266544,207584,1.2622802351169207
1635224400,68.2,69,67.9,68,65.95499999999996,67.75552770042785,64.15447229957206,285385,1.0678890692750946
1635228000,68.4,68.9,67.8,68,66.06499999999997,68.07126518685902,64.05873481314092,206697,0.9822393402114021
1635231600,68.3,68.3,67.9,68,66.17499999999995,68.34559899567192,64.00440100432799,37743,0.9203908699024963
1635235200,67.9,68,67.1,68,66.29499999999994,68.58713873925947,64.00286126074042,90426,0.8719233855257063
1635310800,68,68,67.5,67.5,66.39499999999995,68.71402996962233,64.07597003037758,114837,0.7382461663874014
1635314400,68,68.3,68,68,66.49999999999996,68.90831891575978,64.09168108424014,69317,0.8114205494513576
1635318000,68,68.3,67.9,68.3,66.62999999999997,69.13047995392905,64.12952004607088,35339,0.8339358904629297
1635321600,68.3,68.6,68,68.4,66.78499999999997,69.32056699773463,64.2494330022653,47924,0.8184692026365145
1635397200,68.8,69.5,68,68,66.92499999999997,69.40360848057973,64.4463915194202,178609,0.7168555478654258
1635400800,68.1,68.9,68,68.8,67.08999999999996,69.60626707644573,64.57373292355419,41471,0.8397890502178752
1635404400,68.7,68.8,68.1,68.4,67.24999999999996,69.67033055593802,64.82966944406189,38334,0.7375708551831125
1635408000,68.1,68.5,67.8,68.5,67.40499999999996,69.72661581662544,65.08338418337448,83019,0.7358271321548041
1635483600,68.5,68.5,67.9,68.4,67.56499999999997,69.68940579927659,65.44059420072335,20050,0.6965255414677279
1635487200,68,68,67.7,67.7,67.67499999999997,69.57644681755755,65.77355318244238,51011,0.5065739414242852
1635490800,67.8,68.3,67.8,68,67.82499999999996,69.27947585060853,66.37052414939139,12456,0.5601591287771527
1635494400,68,68.5,68,68.5,67.96499999999996,69.07184235553362,66.8581576444663,84511,0.7416784997995907
1635742800,68.5,68.5,68,68,68.03999999999998,68.91954533708794,67.16045466291202,16995,0.47726097887551105
1635746400,68.1,68.1,67.9,67.9,68.08499999999997,68.82870693152675,67.34129306847318,17372,0.37562304978107086
1635750000,67.9,68,67.5,67.5,68.10499999999998,68.75761014395633,67.45238985604362,90263,0.036476711553812886
1635753600,68,68,67,67.5,68.06999999999998,68.77171219171076,67.3682878082892,111062,0.09385057953011192
1635829200,67,67.8,66.5,67,68.01999999999997,68.86285230022816,67.17714769977178,33775,-0.10508822229222137
1635832800,66.9,67.5,66.9,67,67.96999999999998,68.9231002045899,67.01689979541007,11637,-0.008865697084463582
1635836400,67,67,66.8,66.9,67.91499999999999,68.97570731117804,66.85429268882194,5697,0.02154567555836836
1635840000,66.8,67,66.5,66.5,67.83999999999999,69.06539789455712,66.61460210544286,47230,-0.04676118098124928
1635915600,66.7,68,66.7,67,67.81499999999997,69.08665246824584,66.5433475317541,3840,0.1795508126822634
1635919200,67,67.9,66.5,66.8,67.75499999999997,69.09734868793413,66.4126513120658,9092,0.1442802050674
1635922800,66.5,66.9,66.5,66.9,67.68499999999997,69.05215032092165,66.3178496790783,6231,0.21290647853896894
1635926400,66.9,66.9,66.5,66.5,67.58999999999996,69.00830885211985,66.17169114788007,75036,0.11573954841684199
1636088400,66.2,66.2,65.1,65.9,67.48499999999999,69.0677507700164,65.90224922998357,46293,-0.0007105445867319297
1636092000,65.7,65.7,65,65.1,67.29999999999998,69.07763888346,65.52236111653997,10029,-0.11879834551039034
1636095600,65.7,65.7,64.2,65,67.12999999999997,69.09479006512179,65.16520993487815,22587,-0.04204264308205008
1636099200,65.6,65.7,65.5,65.7,66.98999999999998,68.94335608632792,65.03664391367204,9796,0.1697990681194715
1636347600,65,66.6,64.2,66,66.86999999999998,68.7558419870164,64.98415801298356,15201,0.26933380262245665
1636351200,66,66,64.6,65,66.73499999999999,68.74624339650585,64.72375660349412,17468,0.06867478023440489
1636354800,65,65.5,65,65.5,66.60999999999999,68.60188353072888,64.61811646927109,17009,0.22136925104406127
1636358400,65.5,65.8,65.1,65.1,66.43999999999997,68.33567929777165,64.54432070222829,23313,0.14656469014165271
1636434000,65.5,65.5,64,64.4,66.25999999999998,68.21181966379918,64.30818033620078,29525,0.023521554143096906
1636437600,64.2,64.9,63.7,63.7,66.04999999999998,68.14904740298824,63.95095259701172,67724,-0.059777734570085235
1636441200,63.6,65,63.5,63.8,65.86499999999998,68.06979023945466,63.6602097605453,18221,0.03170148274270126
1636444800,63.9,64.9,60.1,62.8,65.62999999999998,68.07630333360233,63.183696666397644,412141,-0.07842377131388456
1636520400,62.8,64.5,62.8,62.9,65.42499999999998,68.05777420224207,62.79222579775789,3017,0.02046780201475891
1636524000,64.2,64.9,62.9,63,65.225,67.95474357769888,62.49525642230111,26085,0.09245256254515623
1636527600,64.9,64.9,63,64,65.07999999999998,67.7457831869815,62.41421681301847,21025,0.2974328885270531
1636531200,64,64.9,64,64.5,64.97999999999999,67.57430144740148,62.3856985525985,4811,0.4074895478162786
1636606800,64.9,65,64.2,64.2,64.83999999999999,67.28081953449798,62.399180465502,3974,0.36889649337970887
1636610400,64.2,64.5,63.1,63.7,64.68499999999999,66.99867672763273,62.37132327236725,3646,0.2871353443123842
1636614000,64,64.9,63.8,64,64.53999999999999,66.63322717352648,62.4467728264735,37913,0.3710125669039919
1636617600,64,64,63.7,64,64.41499999999999,66.31476314312782,62.51523685687216,86755,0.39077585763751604
1636693200,65,65,63.5,64.4,64.33999999999999,66.11358394218952,62.56641605781046,8104,0.5169149028057688
1636696800,65,65,64,64,64.28499999999998,66.02887499551856,62.54112500448141,16128,0.4182854273579296
1636700400,64.9,64.9,63.5,63.5,64.20999999999998,65.95344486577372,62.46655513422625,2510,0.29638013970551136
1636704000,64.3,64.3,63.9,63.9,64.11999999999998,65.72698475412669,62.51301524587326,3531,0.4315488216565152
1636952400,61,62.7,60.5,62.6,63.949999999999974,65.44063744753701,62.45936255246293,221809,0.04717359266984973
1636956000,62.5,63,62,63,63.84999999999998,65.31355731011548,62.38644268988447,109642,0.20961164481734845
1636959600,62.5,62.5,62,62.4,63.69499999999998,65.08132607996532,62.30867392003463,67151,0.03293816703197733
1636963200,62.2,62.8,61.5,62.1,63.54499999999998,64.93995519640943,62.15004480359054,227778,-0.017937781700570407
1637038800,62.5,62.5,62.1,62.2,63.43499999999999,64.88865057699087,61.9813494230091,11747,0.07520740556630837
1637042400,62.3,62.8,62,62.1,63.355,64.91381365146152,61.79618634853847,124300,0.09745027931230883
1637046000,62.5,62.5,62,62.1,63.269999999999996,64.90597065987814,61.63402934012186,2703,0.14241412493083724
1637049600,62.5,62.5,62.1,62.5,63.254999999999995,64.9132822437633,61.59671775623668,9547,0.2723547958016509
1637125200,62.8,62.8,62,62.5,63.235,64.91936931816703,61.55063068183297,21002,0.28181744583193785
1637128800,62.2,63,62.2,62.5,63.21,64.92219157806008,61.497808421939915,12144,0.29266338851975043
1637132400,62.9,64,62.7,63,63.160000000000004,64.83499253729074,61.48500746270926,19595,0.45223859317642107
1637136000,63.5,64,63.4,64,63.13500000000001,64.74282461729345,61.52717538270658,5705,0.7689970008843688
1637298000,64,64,62.7,63,63.075,64.60715534459729,61.54284465540272,14124,0.4755246750062031
1637301600,63,63.5,61.8,63.4,63.06,64.57314242554303,61.54685757445697,107504,0.6123489746439377
1637305200,63.2,64,63,63.6,63.04,64.51295621115409,61.5670437888459,21882,0.6900939063087398
1637308800,63,63.9,62.6,62.6,62.970000000000006,64.3857683426246,61.55423165737542,10633,0.36932890471541
1637557200,63.8,63.8,63.8,63.8,62.94000000000001,64.25514257781244,61.62485742218759,120,0.8269607472638019
1637560800,63.1,63.8,63,63.1,62.895,64.12052029766107,61.66947970233893,16063,0.5836379456102215
1637564400,63.5,63.6,63,63.1,62.875,64.07312353285367,61.67687646714633,49912,0.593896828595003
1637568000,63.1,63.5,63,63.5,62.855,63.99600832599082,61.71399167400917,25029,0.7826447385648568
1637643600,63.1,63.1,62,62.8,62.864999999999995,64.0003853971149,61.72961460288509,10600,0.47137535846190753
1637647200,62.4,63.5,62.4,62.5,62.83999999999999,63.98437756006586,61.69562243993412,7876,0.35144762888376674
1637650800,63,63,62.3,62.3,62.834999999999994,63.98786599393973,61.68213400606026,10603,0.2679695633263845
1637654400,63,63.5,62,63.5,62.904999999999994,64.04073764575344,61.76926235424655,51452,0.7619442977102714
1637730000,63.6,63.7,62.1,62.1,62.89999999999999,64.04891252929956,61.751087470700426,14415,0.15184468808617213
1637733600,62.3,63.4,62.3,62.8,62.93499999999999,64.02545861910546,61.84454138089452,13415,0.438099439247526
1637737200,62.8,62.9,62.5,62.9,62.97499999999999,63.99651847755357,61.9534815224464,3020,0.4632899445051622
1637740800,62.9,62.9,62.4,62.5,62.97499999999999,63.99651847755357,61.9534815224464,11860,0.26750298186599825
1637816400,62.5,63.9,62.3,63.9,63.044999999999995,64.11733390321145,61.97266609678855,23028,0.8986631390835583
1637820000,63.9,63.9,63,63,63.06999999999999,64.11326410844852,62.02673589155147,35185,0.46645144818405926
1637823600,63,63.7,63,63.2,63.079999999999984,64.1242221985674,62.03577780143258,4326,0.557459035138616
1637827200,63.5,63.8,63,63.8,63.06999999999999,64.08212647429883,62.057873525701154,51137,0.8606268675590761
1637902800,63.9,63.9,63.1,63.2,63.079999999999984,64.09311401134444,62.06688598865553,8273,0.5592233443898246
1637906400,63.2,63.7,63.2,63.3,63.07499999999999,64.0827201992515,62.06727980074847,13382,0.611638131381673
1637910000,63.3,63.5,63.2,63.4,63.06499999999998,64.0555049217348,62.07449507826518,10247,0.6691056715868106
1637913600,63.4,63.5,63,63.2,63.09499999999999,64.06345237362264,62.126547626377345,22037,0.5542102032375853
1638162000,63.8,63.8,63.1,63.5,63.079999999999984,64.0129523031644,62.14704769683557,38023,0.7250918930021656
1638165600,63.6,63.7,63.1,63.1,63.079999999999984,64.01295230316634,62.147047696833624,30376,0.5107186615715182
1638169200,63.3,63.6,63.3,63.5,63.09999999999998,64.05078914591103,62.149210854088935,21086,0.7103515809579106
1638172800,63.5,63.7,63.5,63.6,63.104999999999976,64.06515623727849,62.14484376272147,6387,0.7577705485739819
1638248400,63.6,64,63.6,64,63.164999999999985,64.18925582740755,62.14074417259242,4500,0.9076130091997795
1638252000,64,64.7,64,64,63.239999999999974,64.27807514179524,62.201924858204706,8764,0.8660621324028948
1638255600,64,64.5,63.6,64,63.324999999999974,64.31873034572268,62.33126965427726,45061,0.839629358661237
1638259200,63.7,64,63.7,63.9,63.344999999999985,64.36769252466536,62.32230747533461,24960,0.7713425524360856
1638334800,64,64.5,63.8,63.8,63.429999999999986,64.29510115015866,62.56489884984131,27253,0.7138478257323714
1638338400,63.8,64.4,63.8,64,63.48999999999999,64.33829240242136,62.64170759757862,53726,0.8006038946855255
1638342000,64,64,63.9,63.9,63.53999999999998,64.360731381154,62.71926861884595,122588,0.7193165804710865
1638345600,64,64.2,63.8,63.8,63.60499999999998,64.27872101051376,62.9312789894862,24248,0.6447186572460515
1638421200,64.5,64.5,64,64.5,63.63499999999998,64.4051298591867,62.86487014081325,23139,1.0615935998855337
1638424800,64,66,64,65,63.73499999999998,64.65429320676884,62.81570679323112,154688,1.1880285803733133
1638428400,65,65.1,64.1,64.5,63.79999999999999,64.7423375191545,62.85766248084548,162516,0.8714168149794491
1638432000,64.1,64.9,64,64.2,63.81999999999999,64.77833188405901,62.86166811594097,106302,0.6982611693928606
1638507600,65,65,64.3,64.3,63.875,64.81068156976617,62.93931843023382,4990,0.7271071771276878
1638511200,64.5,65.5,64.5,64.9,63.955,64.95194533451185,62.95805466548815,18281,0.9739477518407381
1638514800,64.8,64.9,64,64,63.98499999999999,64.94889833489246,63.02110166510752,61331,0.5077809035751063
1638518400,63.8,63.8,63.5,63.8,64.01499999999999,64.91449986103916,63.11550013896081,52271,0.3804891421819655
1638766800,63.7,64.5,63.7,63.8,64.03,64.90429971977787,63.155700280222135,3727,0.36846615937470495
1638770400,64.5,65.2,63.8,64.5,64.1,64.8848566748174,63.31514332518258,75939,0.7548235957176935
1638774000,64.5,64.5,63.1,64,64.12499999999999,64.8622245248299,63.38777547517008,293876,0.4152225707434047
1638777600,64,64.5,63,64.5,64.16999999999999,64.88302173880328,63.45697826119669,110250,0.7314094942980797
1638853200,64.5,64.5,63.5,64.1,64.17499999999998,64.88457733899116,63.4654226610088,6869,0.44715163810993636
1638856800,64.1,64.8,63.7,64,64.17499999999998,64.88457733899116,63.4654226610088,16299,0.37668715558984484
1638860400,64,64.4,64,64.1,64.17999999999998,64.8859745037969,63.474025496203055,103018,0.44334073003364693
1638864000,64.4,64.5,63.8,64,64.18499999999999,64.88435684740061,63.48564315259936,19151,0.36773561974291546
1638939600,64,64.5,64,64,64.19499999999998,64.87756867787334,63.512431322126616,2720,0.35715723097086105
1638943200,64,64.5,63.7,64.5,64.21999999999998,64.9087670143162,63.53123298568378,5470,0.7032617664465167
1638946800,64,64.4,63.7,64,64.225,64.90580834307849,63.54419165692149,68191,0.3347552565362382
1638950400,64.1,64.1,63.9,63.9,64.22999999999999,64.8996267617176,63.56037323828239,12361,0.25359407742789547
1639026000,64.5,64.5,64.1,64.1,64.21,64.87000000000329,63.54999999999671,1674,0.4166666666670798
1639029600,64.1,64.4,64.1,64.4,64.17999999999998,64.74071383076414,63.61928616923583,11690,0.696178503123601
1639033200,64.1,64.3,63.9,63.9,64.14999999999999,64.7031726674413,63.59682733255868,9308,0.27403077310710083
1639036800,63.8,64.3,63.5,64.3,64.15499999999999,64.71168662639538,63.598313373604604,103415,0.6302348512832968
1639112400,64.5,64.5,63.7,64,64.13999999999999,64.69641710973671,63.58358289026326,7775,0.37419509793091354
1639116000,63.8,63.8,63,63,64.04499999999999,64.69145185435885,63.39854814564113,76815,-0.3082581811420463
1639119600,63.8,64.4,63.6,64.3,64.05999999999997,64.71543878433486,63.40456121566508,38039,0.6830834593070079
1639123200,64.3,64.3,63.5,64,64.06999999999998,64.71529063220315,63.424709367796815,13026,0.44576087385540775
1639371600,64.7,64.7,64,64,64.07999999999998,64.71435006109111,63.445649938908865,30353,0.43694333388856105
1639375200,64,64,63.6,63.8,64.04499999999999,64.65973571557764,63.43026428442233,33490,0.3007273745517088
1639378800,63.8,64.1,63.5,64.1,64.04999999999998,64.66481704596397,63.435182954035994,26946,0.5406625030391073
1639382400,64.4,65,64,64.9,64.06999999999998,64.76310893805203,63.37689106194792,66062,1.098751476450948
1639458000,64,64,63.5,63.8,64.05499999999998,64.75778019323606,63.3522198067639,33406,0.3185776986501377
1639461600,64.5,64.8,64.1,64.2,64.06499999999998,64.77005318948581,63.35994681051415,10350,0.595737457835255
1639465200,64.4,64.4,63.5,64,64.05999999999997,64.76540768354879,63.35459231645117,30376,0.45747140171614975
1639468800,63.6,64.5,63.6,64,64.05999999999999,64.76540768354364,63.35459231645633,9861,0.4574714017158314
1639544400,64,64,63.7,63.8,64.04999999999998,64.76414284285569,63.33585715714427,9350,0.3249649894968608
1639548000,63.8,64.5,63.8,64.3,64.03999999999998,64.73397406292051,63.34602593707944,62207,0.6873268857526413
1639551600,64.4,66,64.1,65.9,64.13499999999998,65.20134891100763,63.06865108899233,70945,1.327590285778126
1639555200,65.9,67,65.4,66.1,64.24499999999998,65.60511028964737,62.88488971035259,101443,1.1819299927805575
1639630800,67,67.9,66.3,66.3,64.35499999999999,65.98039226034896,62.729607739651016,9170,1.0983171101055977
1639634400,66.3,66.4,65,66.1,64.43999999999997,66.23488161169799,62.64511838830195,14731,0.9624260422473242
1639638000,66.6,66.6,65.1,65.9,64.53999999999998,66.42403821617538,62.65596178382458,85743,0.8609268613353372
1639641600,65.5,66.8,65.5,66.7,64.65999999999998,66.7608569680022,62.559143031997756,97686,0.9855161562807225
1639717200,66,66,65,65,64.70999999999998,66.79317066031723,62.62682933968273,6043,0.5696054350045079
1639720800,65,65.9,65,65.9,64.85499999999999,66.84344160085239,62.86655839914759,22246,0.7627685921356829
1639724400,65.9,65.9,65,65.1,64.89499999999998,66.86931000605456,62.92068999394541,3741,0.5519168720645035
1639728000,65.5,65.9,64.1,65.5,64.96999999999998,66.91638125761754,63.023618742382425,74944,0.6361500985291942
1639976400,64.7,64.7,64.5,64.5,64.99499999999998,66.90337627317201,63.08662372682794,17113,0.37030859507145203
1639980000,64.5,64.6,64.5,64.5,65.02999999999999,66.87401735349714,63.185982646502836,10081,0.35629202485680245
1639983600,64.5,64.5,63.8,63.8,65.01499999999997,66.89358989670725,63.1364101032927,28037,0.17661914872171292
1639987200,63.8,64.7,63.7,64,64.96999999999998,66.89987046197572,63.04012953802425,62166,0.24868779560288842
1640062800,64.7,65,64.5,64.6,65.00999999999998,66.87322301402918,63.14677698597078,154404,0.38997559687893574
1640066400,64.5,64.7,64.5,64.7,65.03499999999998,66.86723906737213,63.20276093262785,56009,0.4085817986403784
1640070000,65,65,64.7,65,65.08499999999998,66.85505649627424,63.31494350372571,50998,0.4759894669523573
1640073600,65,65.5,64.9,65,65.13499999999999,66.83473527350594,63.43526472649405,34359,0.4602879336258235
1640149200,65,65,64.5,65,65.19499999999998,66.78304911763048,63.60695088236948,10672,0.4386039141248545
1640152800,65,65.4,65,65.1,65.23499999999999,66.7702849898324,63.69971501016757,13307,0.45603422136800464
1640156400,65.4,67,65.1,66.6,65.26999999999998,66.89369947958562,63.646300520414336,169093,0.9095585472317277
1640160000,66.6,67.7,66.6,67,65.31499999999998,67.072583568427,63.55741643157295,35517,0.9793513179882632
1640235600,66.2,66.7,66.1,66.3,65.31499999999998,67.07258356842804,63.557416431571916,7998,0.7802142719395627
1640239200,66.3,66.3,64.5,65,65.25999999999999,66.98441294358432,63.535587056415665,47580,0.4246120249307684
1640242800,65.5,65.5,65.1,65.1,65.21999999999998,66.9201176429894,63.51988235701057,1297,0.4647083245989414
1640246400,65.1,66.2,65,66.2,65.19499999999998,66.82039226035008,63.56960773964988,19361,0.8091561417253073
1640322000,66.1,66.3,65,65,65.19499999999998,66.82039226035008,63.56960773964988,32635,0.44001447996375426
1640325600,65.1,66.2,65.1,66.1,65.20499999999998,66.84996200564271,63.560037994357266,4568,0.7720427575013538
1640581200,64.5,66.3,64.5,65.5,65.22499999999998,66.87409065851763,63.57590934148234,23910,0.5833792849955294
1640584800,65.4,68,65,67.7,65.335,67.30505076076793,63.364949239232054,173678,1.1002383408329344
1640588400,68,68,67,67,65.46,67.51757138393864,63.40242861606134,33388,0.8742275995917338
1640592000,67,67.7,67,67.7,65.61999999999999,67.8449494376289,63.39505056237109,163918,0.9674263524425603
1640667600,67.5,67.9,67.1,67.1,65.785,67.93374381907185,63.63625618092814,1210,0.8059927359251253
1640671200,66.5,67.9,66.5,67,65.93499999999999,67.98075169558918,63.88924830441079,21045,0.7602955193184594
1640674800,66.7,68,66.5,68,66.10499999999999,68.24179666791322,63.968203332086766,53763,0.9434207588526997
1640678400,67.9,68,67,68,66.27000000000001,68.4564125868637,64.08358741313631,70560,0.8956252379798069
1640754000,68,68.4,67.5,68.1,66.425,68.66810053274583,64.18189946725417,43960,0.8733671263386473
1640757600,68.1,69,68,68,66.575,68.81810053274502,64.33189946725498,69812,0.8176406895717996
1640761200,68.4,69,67.8,69,66.775,69.13116213363975,64.41883786636026,73833,0.9721661485499872
1640764800,68,69.5,68,69,66.97,69.38420794464813,64.55579205535187,197145,0.9204277441179318
1640840400,69.3,69.3,68.1,68.8,67.08000000000001,69.61424544983234,64.54575455016769,13252,0.8393515020642112
1640844000,68.6,68.8,67.6,67.6,67.11000000000001,69.65393396140576,64.56606603859427,10520,0.5963075314520377
1640847600,67.5,68,67.5,67.9,67.19000000000001,69.72763669582507,64.65236330417495,2828,0.6398939417072768
1640851200,68,68,67.6,67.7,67.32500000000002,69.66155729653558,64.98844270346446,2321,0.5802462667095737
1640926800,68.4,69,68.4,69,67.52000000000001,69.72871003076325,65.31128996923677,7150,0.8350371889895751
1640930400,68.9,68.9,67.7,68.5,67.63500000000002,69.795810033295,65.47418996670504,2448,0.7001564197387954
1640934000,67.7,68.2,67.6,67.6,67.76500000000001,69.55751220358188,65.97248779641815,6661,0.4539752087404729
1640937600,68,68,67.6,67.9,67.85500000000002,69.4766966424043,66.23330335759573,226720,0.513874358133119
1641186000,68,68,67.6,67.6,67.96000000000001,69.18049170418874,66.73950829581128,11031,0.3525184567971693
1641189600,67.6,67.9,67.6,67.9,67.97000000000001,69.18507201432206,66.75492798567797,20834,0.47119512293307814
1641193200,67.9,67.9,67.2,67.3,67.98500000000001,69.15849904132497,66.81150095867505,17056,0.20813781013974858
1641196800,67.9,68.3,67.1,68.3,68.01500000000001,69.18849904132188,66.84150095867815,302875,0.6214317140297578
1641272400,68.3,70,68.3,68.5,68.08500000000001,69.19724997190148,66.97275002809853,199887,0.6865587819663046
1641276000,68.4,69.8,68.3,68.9,68.18000000000002,69.22804580051849,67.13195419948156,20005,0.8434964386307365
1641279600,68.8,69,68.3,68.5,68.20500000000001,69.25851791631287,67.15148208368716,11352,0.6400071111426563
1641283200,68.8,69,68.4,68.4,68.22500000000001,69.27737825898991,67.1726217410101,48400,0.583145009175677
1641358800,69.8,71,69.8,70.3,68.33500000000001,69.71959380324755,66.95040619675247,282491,1.20959439345717
1641362400,70.3,70.8,69.5,69.5,68.41,69.8741038214551,66.9458961785449,732221,0.8722413615848323
1641366000,69.8,70,69.2,69.2,68.42,69.9027002394272,66.9372997605728,10912,0.7630336123441009
1641369600,70,70.3,69.5,70,68.47,70.08876496132189,66.85123503867811,371170,0.9725825047357709
1641445200,70.5,71,69,71,68.58000000000001,70.53714077163389,66.62285922836614,108911,1.1182488339813457
1641448800,70.3,75,70,73.1,68.85499999999999,71.57931642802394,66.13068357197604,340549,1.279094520066279
1641452400,73.4,75,73.2,74.9,69.20500000000001,72.95438661650044,65.45561338349958,210819,1.259457556995755
1641456000,75,75.4,73.6,75,69.57,74.01841544822437,65.12158455177561,610596,1.110329685165471
1641531600,75.5,76.5,74.8,74.8,69.86,74.84573966428246,64.87426033571754,142940,0.995412951000015
1641535200,74.9,75,74,74,70.13499999999999,75.38981683791222,64.88018316208776,71327,0.867757822890702
1641538800,74,74,73.5,73.5,70.42999999999999,75.74454607657165,65.11545392342833,24415,0.7888299354044196
1641542400,73.5,73.5,72.5,72.5,70.66,75.91448379957535,65.40551620042464,48602,0.6750885596172839
1641790800,73.5,73.5,72,72.1,70.885,75.97902591277217,65.79097408722784,44838,0.619257343877427
1641794400,71.1,71.5,69.8,70,70.99,75.91743340898704,66.06256659101295,805200,0.399542021390451
1641798000,72,72,70.2,70.5,71.15,75.78702490827828,66.51297509172173,46622,0.42991195725091
1641801600,71.9,71.9,70,71.8,71.325,75.7791553632529,66.87084463674711,142156,0.5533209959309883
1641877200,70,73,69.3,72.5,71.52499999999999,75.80979871172524,67.24020128827475,382829,0.6137743060522243
1641880800,72.6,78,72.5,77,71.92999999999999,76.65444705759313,67.20555294240685,567048,1.0365707286159018
1641884400,77,78.5,76.2,76.3,72.32,77.13439508142034,67.50560491857965,232213,0.9133437257112086
1641888000,76.2,77,73.1,76.9,72.74499999999999,77.60070798133535,67.88929201866463,116830,0.9278469809110471
1641963600,78,80,78,78.1,73.13499999999999,78.37991182004072,67.89008817995926,170203,0.9733158697758096
1641967200,78.2,78.6,76.4,76.4,73.47999999999999,78.62999029125385,68.33000970874613,91416,0.7834956800752618
1641970800,76.5,78,76,77.5,73.895,78.93502976181696,68.85497023818303,26033,0.8576367769999413
1641974400,76.5,78,76,76,74.19499999999998,78.97975704712512,69.41024295287484,44175,0.6886198172887934
1642050000,76.5,78,74,74,74.345,78.90240057488948,69.78759942511051,31799,0.46214947596433686
1642053600,75,75,74,75,74.44,78.96875258763436,69.91124741236564,67615,0.5618271796884056
1642057200,75,76,74.6,76,74.49499999999999,79.07123207453564,69.91876792546434,30158,0.6644365905713732
1642060800,75,76.2,75,75.1,74.49999999999999,79.07864608809315,69.92135391190682,32220,0.5655215524912831
1642482000,79,83.5,79,83.2,74.91999999999999,80.86797444513748,68.9720255548625,322009,1.1960352701892467
1642485600,83.5,91,83.3,90.5,75.74499999999999,84.74688313632261,66.74311686367737,549959,1.319550741581145
1642489200,90.5,90.5,87,88.3,76.48499999999999,86.9425857634548,66.02741423654517,170417,1.0649009373314837
1642492800,88.3,88.5,87.5,87.7,77.24499999999998,88.60413288944271,65.88586711055724,31548,0.9602023808400457
1642568400,90,92.1,88,88,78.03999999999999,90.05422490217369,66.0257750978263,350123,0.9145086379312733
1642572000,88,88.8,87.5,88.8,78.97999999999999,91.26960536388404,66.69039463611594,87899,0.8995246270827553
1642575600,88.2,90.5,87.8,90,79.95499999999998,92.49046568740117,67.4195343125988,162192,0.9006632162894347
1642579200,90,90,88.8,89,80.81499999999998,93.35458133272452,68.27541866727545,22889,0.8263665581337882
1642654800,89.9,90,87.1,87.9,81.58499999999998,93.87650519668038,69.29349480331958,129436,0.7568847305090646
1642658400,87.8,87.9,85.5,86,82.03499999999998,94.28102384449808,69.78897615550189,110482,0.6618892813842354
1642662000,85.8,86,85,85,82.47,94.48617243551388,70.45382756448612,100687,0.605274787523961
1642665600,85.2,87,85,86,82.92499999999998,94.7507135091296,71.09928649087037,20326,0.630013296771737
1642741200,85.7,85.7,84.5,84.6,83.24999999999999,94.88314230979785,71.61685769020212,46617,0.5580238754090968
1642744800,84.8,84.8,82,84.4,83.64999999999999,94.85580206857158,72.4441979314284,80694,0.5334648066872208
1642748400,84.4,84.4,84,84.4,83.99499999999999,94.84128507831164,73.14871492168834,27375,0.5186699868699679
1642752000,84.4,84.4,83.8,84,84.39499999999998,94.60371686354412,74.18628313645584,7254,0.4806537880676
1643000400,84.8,85.7,82.1,82.1,84.79999999999998,93.91065310502005,75.68934689497992,30763,0.35182181952947694
1643004000,83,84,81,83.9,85.24499999999999,93.19269777986098,77.297302220139,68890,0.4153843013879983
1643007600,83.9,84,83,84,85.645,92.40827583349996,78.88172416650004,18896,0.378387334740071
1643011200,83.9,83.9,82.8,83.2,86.04999999999998,90.95326421886567,81.1467357811343,16973,0.20937727677060664
1643086800,83.5,83.5,80.3,82,85.98999999999998,91.05789897294835,80.92210102705161,62048,0.1063457439366926
1643090400,82,83.3,82,83.2,85.62499999999999,90.38309835964031,80.86690164035966,20230,0.24517130408971913
1643094000,82.6,83.2,82,82,85.30999999999999,90.1514460649695,80.46855393503047,29151,0.15815998406451023
1643097600,82.5,82.5,80.8,80.8,84.96499999999999,90.0531332529728,79.87686674702718,32016,0.09071433540321147
1643173200,80.7,82,80.1,81.5,84.64,89.74152918250961,79.53847081749039,85874,0.192249138673423
1643176800,81.2,81.9,81,81.9,84.29499999999999,89.1519434833037,79.43805651669628,14479,0.25344576190426504
1643180400,81.7,81.8,81,81.5,83.86999999999999,88.10324934299913,79.63675065700085,23871,0.2200731863433175
1643184000,81.5,81.5,81.2,81.3,83.485,87.14356529257073,79.82643470742927,37355,0.20138567645123398
1643259600,83,83.5,81.9,82,83.19,86.28509289036768,80.09490710963232,191356,0.3077602123504229
1643263200,82,82.6,80.2,80.2,82.89999999999999,85.97441051260374,79.82558948739624,38367,0.060891431230286105
1643266800,80.5,80.5,77.9,80,82.65,85.81259387212351,79.4874061278765,105148,0.08104010392256346
1643270400,79.5,80,78.1,79.1,82.30499999999999,85.43579862016102,79.17420137983896,32956,-0.011850231976138935
1643346000,79.1,79.7,76,76.3,81.89,85.79788945595911,77.98211054404089,79217,-0.21521982172190918
1643349600,76.5,78,76.5,77.6,81.55,85.7009035161034,77.3990964838966,14140,0.02419997421332384
1643353200,77.7,77.8,76.5,76.5,81.155,85.63628329834182,76.67371670165818,13186,-0.019382472619222546
1643356800,76.5,77.9,76.5,77.1,80.80999999999999,85.42254810273107,76.1974518972689,13616,0.09783617239641268
1643605200,78,78,76,77.8,80.595,85.34577888350975,75.84422111649025,33292,0.205837709085807
1643608800,76.6,77.6,76.6,76.8,80.23999999999998,85.01091186252782,75.46908813747214,10104,0.1394819167569656
1643612400,76.7,77,75.8,76,79.83999999999999,84.62430768241401,75.05569231758597,47916,0.0986880176922029
1643616000,76,77.6,74.5,75,79.42999999999998,84.39431264124404,74.46568735875591,113023,0.05381536980617983
1643691600,75.2,78,74.7,75,79.07999999999998,84.25285221130564,73.90714778869433,33807,0.10563342684691039
1643695200,75.1,75.3,74,74,78.61999999999998,83.88102651580577,73.35897348419418,40742,0.0609221901733409
1643698800,74,74,72.3,73.5,78.195,83.66436010882438,72.7256398911756,46081,0.07079074091089982
1643702400,73.5,73.5,72.6,72.6,77.785,83.62838087069446,71.94161912930554,10352,0.056335611631645396
1643778000,73.5,80,73.5,78,77.60999999999999,83.20210157275484,72.01789842724513,88868,0.5348706112474891
1643781600,77.9,78,77.8,77.9,77.41,82.64904571463157,72.17095428536842,9293,0.5467642416854218
1643785200,77.8,77.8,75,76.9,77.17999999999999,82.07309717867935,72.28690282132064,15683,0.47138826496027625
1643788800,77.7,77.7,74.1,74.3,76.83,81.49008583611867,72.16991416388133,30336,0.22854577265606668
1643864400,74.7,77.8,72,74.4,76.45,80.56995145602362,72.33004854397639,48566,0.2512106608680091
1643868000,74.4,74.4,74,74.3,76.155,79.9939972649113,72.3160027350887,12289,0.2584004530356361
1643871600,73.9,74.3,73.9,74.3,75.86999999999999,79.3548816335716,72.38511836642839,1821,0.2747412731503705
1643875200,74.2,75,74,74.7,75.65,78.83402261298431,72.4659773870157,30879,0.35081764241781077
1644210000,75,75,74.5,74.7,75.57000000000001,78.76505868490528,72.37494131509473,7542,0.36385226598337156
1644213600,74.5,75,74.5,74.8,75.43,78.49991856569399,72.36008143430603,6008,0.3973914150296699
1644217200,75,75,73.3,75,75.355,78.38978170549291,72.3202182945071,70899,0.44151144391086516
1644220800,75,75,74,75,75.25,78.17950507765303,72.32049492234697,20429,0.457330676449913
1644296400,74.7,75,73.8,74,75.06,77.78939553747644,72.33060446252357,18620,0.3058178110417692
1644300000,73.8,74,73.8,73.8,74.91,77.56924801400683,72.25075198599316,6887,0.2912943820671503
1644303600,73.9,73.9,72.8,73.7,74.795,77.45468043193014,72.13531956806986,21160,0.29414820163087174
1644307200,73.5,73.7,71.8,73.6,74.725,77.43267427878617,72.01732572121382,41492,0.2922571394916215
1644382800,74,74,71.3,72,74.57499999999999,77.52652502954064,71.62347497045934,37508,0.06378482746583014
1644386400,72,73.4,71,71,74.42499999999998,77.7583916661572,71.09160833384277,28426,-0.013741009610847605
1644390000,71.5,72,69.5,69.5,74.225,78.17866918191184,70.27133081808815,30719,-0.0975462010854381
1644393600,69.6,72,65.1,70,74.095,78.40845569120572,69.78154430879428,43403,0.025322584355173375
1644469200,70,70,67,69.1,73.64999999999999,78.09454722103438,69.20545277896561,31749,-0.011863163301150767
1644472800,69,71.9,68,71.9,73.35,77.39895048129762,69.30104951870237,25480,0.3209412529620161
1644476400,71.9,72,71,71,73.05499999999999,76.87990522758406,69.23009477241592,7296,0.2313658930448852
1644480000,71,71,70,70,72.84,76.84019999499975,68.83980000500026,64135,0.14501774866881587
1644555600,71,73,71,73,72.77,76.70705473672906,68.83294526327093,11646,0.5292096523137356
1644559200,73,73,72.7,73,72.705,76.58132557972021,68.82867442027978,24817,0.5380514992785118
1644562800,73,73,72.5,72.7,72.625,76.43177028463715,68.81822971536285,3612,0.5098508702117748
1644566400,72.7,73,72.7,73,72.53999999999999,76.23182881509966,68.84817118490032,15575,0.5622997466890389
1644814800,73.5,74.9,73,74,72.505,76.12686416089751,68.88313583910248,34408,0.7063854321402181
1644818400,73.9,73.9,73,73.5,72.44,75.9393713721179,68.94062862788209,72839,0.6514557740921427
1644822000,73.1,73.2,72.9,73.1,72.345,75.65949845376225,69.03050154623774,57072,0.6138935513973468
1644825600,73.1,73.1,72,72.9,72.24,75.33735370921639,69.1426462907836,56990,0.6065425621291063
1644901200,72.1,72.1,70,70,72.03999999999999,75.17330496441033,68.90669503558965,139183,0.174465137742521
1644904800,70.1,72.1,70.1,72.1,71.955,74.9831842744452,68.9268157255548,2062,0.5239417398114852
1644908400,72.1,74,70.3,70.3,71.785,74.78384977949874,68.78615022050126,13127,0.25240507041199345
1644912000,70.3,71,70,71,71.655,74.55153240962207,68.75846759037793,125871,0.3869337698718407
1645074000,70.1,72.5,70.1,70.5,71.58,74.51434830924929,68.64565169075071,210695,0.3159727670031951
1645077600,70.5,71,70.3,70.3,71.54499999999999,74.52256612017275,68.56743387982722,42172,0.29093663251250457
1645081200,70.4,71.5,70.3,71.5,71.64499999999998,74.47164111623744,68.81835888376253,5503,0.4743511832529714
1645084800,71.5,71.8,70.1,70.5,71.66999999999999,74.4464005474714,68.89359945252858,66575,0.28929553211161163
1645160400,71.7,71.7,70.2,71,71.765,74.30293222919619,69.22706777080381,4042,0.3492867557298228
1645164000,70.5,70.8,70.5,70.8,71.71,74.28130317154483,69.13869682845515,236,0.3230469261519893
1645167600,71.3,71.3,70,70,71.66,74.3218790355677,68.99812096443229,49115,0.18819018861877718
1645171200,70.7,70.7,69.9,70,71.66,74.3218790355677,68.99812096443229,84625,0.18819018861877718
1645419600,71,71,68.5,68.6,71.44,74.33924128005839,68.5407587199416,16105,0.010216686770063188
1645423200,68.7,68.8,67.5,68,71.18999999999998,74.35790151362052,68.02209848637945,41459,-0.003487874588972386
1645426800,67.7,71,67.5,69.1,71.00999999999999,74.22303594751128,67.7969640524887,13121,0.2027733223029421
1645430400,69.1,70.9,69,70,70.85999999999999,73.96573662759735,67.75426337240262,7430,0.3615465341848238
1645506000,69,70,68,69.5,70.63499999999999,73.43519642168148,67.8348035783185,14045,0.29733564559759806
1645509600,69.5,69.5,68.6,69.5,70.43499999999997,72.94440231927982,67.92559768072013,6776,0.31370065835670713
1645513200,69.4,69.9,69,69.9,70.27499999999999,72.47306733290783,68.07693266709215,18745,0.4146977905576952
1645516800,69.8,70,69.1,69.5,70.10499999999999,71.9645429545977,68.24545704540228,20343,0.3373256185063837
1645592400,70,70,66,66,69.90499999999999,72.48684042884068,67.3231595711593,41243,-0.2562434835977498
1645596000,67.2,67.5,65,65,69.54999999999998,72.713858403911,66.38614159608896,67718,-0.21905872816170832
1645599600,65,67,64,67,69.38499999999999,72.71503002989422,66.05496997010576,47197,0.1418951212767677
1645603200,67,68,66.5,66.5,69.16,72.6283713757316,65.69162862426839,17251,0.11653472021304166
1645678800,69,69,64,65,68.885,72.73585704746252,65.0341429525375,220981,-0.004433162815014341
1645682400,65,66,63.8,64,68.57,72.90640404021549,64.2335959597845,34863,-0.026934293670301784
1645686000,64,64.1,63.8,64.1,68.2,72.73166636018023,63.66833363981977,6961,0.04762777374491616
1645689600,64.1,64.1,63.9,63.9,67.87,72.63868954745381,63.1013104525462,34785,0.08374308491944607
1645765200,63.9,65.8,63.9,64.1,67.525,72.3361848852435,62.71381511475651,77437,0.1440585758297389
1645768800,64.9,65.8,64.9,65.8,67.275,71.8953354856539,62.654664514346116,41469,0.3403795563569057
1645772400,65.7,66.9,65.7,66.5,67.1,71.5564559910315,62.64354400896849,17405,0.4326819336702216
1645776000,66.2,66.9,66.1,66.6,66.92999999999999,71.18586653926147,62.67413346073852,3872,0.46122998724752495
1646024400,66.4,68.5,66.4,66.4,66.82,71.01075172254363,62.62924827745635,21104,0.44988965849006934
1646028000,67.4,67.5,67.4,67.5,66.79499999999999,70.96320105081386,62.6267989491861,1715,0.5845688573326325
1646031600,67.5,68.5,67.5,68.5,66.76499999999999,70.8746350202912,62.65536497970877,13165,0.7110893049423491
1646035200,68.4,68.5,67.6,68.4,66.68499999999999,70.5971733090451,62.77282669095487,5573,0.7191876310840911
1646197200,68.9,68.9,67.4,67.4,66.58,70.29192672341458,62.86807327658543,12594,0.6104547666347373
1646200800,67.4,67.5,67,67,66.455,69.92572038631712,62.984279613682865,8139,0.578513959544047
1646204400,67.4,67.4,67,67.4,66.32999999999998,69.45864187787744,63.201358122122535,4468,0.6710007156085778
1646208000,66.9,67.2,66.9,67.2,66.215,69.0216171808777,63.4083828191223,5563,0.6754781533283369
1646283600,66.9,66.9,65.4,65.5,66.18999999999998,69.01269374888724,63.36730625111272,8464,0.3777763262004619
1646287200,65.3,65.7,65,65.2,66.19999999999999,69.0071337695238,63.392866230476166,16934,0.3218823750302404
1646290800,65.1,65.3,65.1,65.1,66.10499999999999,68.92597500875162,63.28402499124836,4500,0.3218700986569996
1646294400,65.1,65.2,64.7,64.7,66.01499999999997,68.89407971407749,63.13592028592245,32763,0.27162841418211553
1646370000,64.2,64.8,64,64.7,65.99999999999997,68.90310178946771,63.09689821053223,26428,0.2761015468496003
1646373600,65.8,66.9,64.7,66,66.09999999999998,68.85463246187344,63.345367538126524,42284,0.4818487581584715
1646377200,66,66,64.7,65,66.14499999999997,68.7948867900366,63.495113209963336,37500,0.28395303446451403
1646380800,65,65,64,64,66.14999999999998,68.78324894379705,63.51675105620291,49280,0.09175906914069851
1646629200,64.2,65.9,63.8,63.8,66.13499999999996,68.81774113548356,63.452258864516374,17071,0.06481078827997683
1646632800,64,64,63.8,64,66.04499999999997,68.88293939329397,63.20706060670598,2288,0.139703369840759
1646636400,63.8,64,63,63,65.86999999999998,68.99160215274252,62.748397847257436,38885,0.04030016325455087
1646640000,63,64,62,62,65.63999999999996,69.16442903177513,62.11557096822479,29740,-0.016395700861449477
1646715600,63,63.5,62,62,65.41999999999996,69.26218687728974,61.577813122710175,9606,0.05494096080870862
1646719200,62.2,62.2,61,61,65.09499999999996,69.26416058697889,60.92583941302102,6641,0.00889394704663019
1646722800,61,62,57.5,58,64.56999999999996,69.47187719144586,59.668122808554074,125182,-0.17015142805546635
1646726400,58.2,60.1,58,60,64.14999999999995,69.10640999111493,59.193590008884975,13997,0.08135021039024434
1646802000,59.9,62,58,58,63.67999999999995,69.07762910915696,58.28237089084295,36974,-0.026156937160049555
1646805600,58.1,61,58.1,60,63.32999999999995,68.72892581908859,57.93107418091132,20198,0.19160532005956768
1646809200,60,60.5,60,60,62.95999999999996,68.2045781527227,57.715421847277206,29347,0.2178038048242969
1646812800,60,60,59.5,59.5,62.57499999999995,67.6456508458003,57.5043491541996,16333,0.19678448649774904
1646888400,60,61,58,60.5,62.32499999999995,67.28599788349247,57.364002116507436,15740,0.31606523094148525
1646892000,60.2,64.9,60.1,62,62.16499999999995,66.94800114990798,57.38199885009192,26063,0.4827514153950055
1646895600,63,63,62,62,62.00999999999995,66.59950977774542,57.42049022225447,3269,0.49891055902653936
1646899200,63,63,62,62.9,61.91999999999996,66.36324205957918,57.47675794042075,2100,0.6102798347309536
1646974800,64.9,64.9,61,61,61.73499999999994,66.00455501194487,57.465444988055005,18674,0.41392545617240795
1646978400,60.9,62.6,60.7,60.7,61.469999999999956,65.28108908319106,57.65891091680885,5630,0.3989790079434176
1646982000,60.7,62.6,60,60,61.21999999999995,64.71491058541085,57.72508941458906,9441,0.3254604845839686
1646985600,60.2,62.6,60,60,61.019999999999946,64.30730892981161,57.73269107018828,56399,0.3448579032609534
1647234000,59.5,60,59,60,60.82999999999995,63.88358805342459,57.77641194657531,8320,0.36409430717593155
1647237600,60,60,59.6,59.6,60.60999999999994,63.334628415036,57.885371584963885,2683,0.31465362498126653
1647241200,59.6,60,57.6,60,60.459999999999944,62.96311805554999,57.9568819444499,57242,0.40811460151070234
1647244800,60,60,58.5,59,60.309999999999945,62.7853989577483,57.83460104225159,1923,0.2353961881781808
1647320400,62.9,62.9,60,60,60.209999999999944,62.56278558309524,57.85721441690465,3307,0.45537204887925437
1647324000,60,60,57,58,60.059999999999945,62.56950194262121,57.55049805737868,21260,0.0895599909661351
1647327600,58,60,57.8,60,60.15999999999995,62.4858546816215,57.8341453183784,867,0.4656040419755723
1647331200,58.1,58.5,58,58.1,60.06499999999994,62.558411317857804,57.57158868214208,5131,0.10596152228744424
1647406800,58.1,58.1,57,57,60.014999999999944,62.70444232137835,57.325557678621536,12160,-0.060525127464841684
1647410400,57,57,54.5,56.3,59.82999999999995,62.969490404511,56.6905095954889,44095,-0.06219315002966528
1647414000,56.2,56.7,55.4,55.4,59.59999999999995,63.28293361330536,55.91706638669454,19423,-0.07019762517935817
1647417600,55.4,56.8,55.4,56.8,59.464999999999954,63.34534792254692,55.584652077452986,6346,0.1566029576220688
1647579600,56.9,58.5,56.9,57,59.28999999999995,63.281941883346356,55.29805811665354,55949,0.21317217698566987
1647583200,57,57.5,56.8,57,59.039999999999964,62.9471217027384,55.13287829726153,27333,0.2389382574683863
1647586800,57,57,56,56.1,58.74499999999996,62.604261587403464,54.88573841259646,65547,0.15731786507642417
1647590400,56.1,58,55.9,58,58.49999999999996,61.86333168153457,55.13666831846535,64753,0.42566894268188576
1647838800,59.5,59.5,57,58.9,58.394999999999946,61.5651577247856,55.22484227521429,117473,0.5796490338716818
1647842400,58.5,59.2,58.1,59.2,58.31999999999995,61.33569229199798,55.30430770800192,27749,0.6459034799961327
1647846000,59.2,60,59,60,58.31999999999995,61.335692291997674,55.30430770800223,33352,0.7785430072653642
1647849600,60.9,60.9,60,60.5,58.34499999999995,61.423619820636205,55.26638017936369,28425,0.8499944984364258
1647925200,61.8,61.8,61.6,61.8,58.434999999999945,61.794330290402684,55.07566970959721,5449,1.0008438749850694
1647928800,61.7,61.8,60,61.8,58.544999999999945,62.18229294943567,54.90770705056422,40632,0.9474481496610027
1647932400,61.8,61.8,60.5,61,58.59499999999995,62.336911276341496,54.8530887236584,74544,0.8213598375789672
1647936000,61,61.8,60.5,61,58.694999999999936,62.57905715715123,54.81094284284864,22566,0.7967258084444142
1648011600,55,62,55,59,58.64499999999994,62.486080577131574,54.803919422868304,21619,0.5462109545571107
1648015200,61,62.4,61,61,58.79499999999994,62.756047841167884,54.83395215883199,9670,0.7783354415822835
1648018800,61,61.8,61,61.8,58.88499999999995,63.02904391868811,54.740956081311786,310,0.8517095929961598
1648022400,61,62.1,61,62,59.07999999999994,63.42032256866008,54.7396774313398,120432,0.8363805286137366
1648098000,62.2,62.5,61,61,59.27999999999994,63.58701752956999,54.97298247042988,32592,0.6996741350820276
1648101600,62.6,64,62.6,64,59.66499999999993,64.20780750197788,55.122192498021974,21970,0.9771278551988608
1648105200,64,64.3,63.5,64,60.094999999999935,64.56913678825558,55.620863211744286,92352,0.9363970286123652
1648108800,64,64,64,64,60.45499999999994,64.96918874217937,55.94081125782051,49179,0.892650839659902
1648184400,64,64.2,64,64.2,60.81499999999994,65.31801010436561,56.31198989563427,35080,0.8758596940209286
1648188000,64.3,64.3,64,64,61.16499999999994,65.5129995400204,56.81700045997948,13003,0.8260119940107811
1648191600,64,64.9,60,64.7,61.59499999999999,65.53630688985223,57.653693110147756,47825,0.893904875562281
1648195200,64.9,65.4,64.1,65.3,61.959999999999994,65.85378992756337,58.06621007243662,16626,0.9288880579248509
1648443600,65.2,65.2,64.8,65,62.264999999999986,66.10753822362256,58.42246177637741,61634,0.8558845534946407
1648447200,62.6,65,62.5,65,62.554999999999986,66.30278601310172,58.807213986898255,55809,0.8261925829613316
1648450800,65,65.3,65,65.3,62.81999999999999,66.55716470067826,59.08283529932172,26353,0.8318023419666126
1648454400,65,65.2,64.5,65.2,63.05499999999999,66.77009084680239,59.339909153197596,153529,0.788687422253244
1648530000,65,65.1,64.9,65,63.214999999999996,66.97546539672864,59.45453460327136,46102,0.7373376446373945
1648533600,65,65.1,63,63,63.275,66.98114354821715,59.56885645178285,399433,0.46289944029120406
1648537200,63,63.4,59.6,60,63.225,67.07668794166793,59.37331205833207,128484,0.08135237734193902
1648540800,60,60.1,59.6,59.9,63.17,67.17554615501929,59.16445384498072,261545,0.0918159629864179
1648616400,59.8,59.8,58.6,58.6,63.15,67.24169891365347,59.05830108634654,1019,-0.05600376469750094
1648620000,58.5,62.8,58,58.5,63.025,67.50601550990315,58.543984490096854,59261,-0.00490787077166404
1648623600,58.5,60,58.5,59,62.88499999999999,67.67468683736193,58.09531316263806,474706,0.09444112611965946
1648627200,59,60,59,60,62.78499999999999,67.7255566487997,57.84444335120029,106085,0.21814916840629664
1648702800,58.1,60,58,60,62.73499999999999,67.76621257749997,57.703787422500014,43113,0.22819673608792135
1648706400,58.1,59.4,58,58,62.43499999999999,67.83102631572507,57.0389736842749,55835,0.0890494467127115
1648789200,50,50,50,50,61.73499999999999,69.32401179337563,54.14598820662435,42100,-0.2731573174153806
1648792800,50,50,50,50,61.03499999999999,70.09861406945338,51.97138593054661,1750,-0.10875275113437737
1649048400,52,52,50.1,51,60.375,70.30190787707778,50.44809212292222,2177,0.027798579573413352
1649052000,50.2,59.9,50.2,55,59.925,69.96907785712501,49.88092214287499,151984,0.2548306539407034
1649134800,56,60,55.1,60,59.69,69.49324436092407,49.886755639075936,16148,0.5158110921541273
1649138400,59,61.7,59,61.5,59.5,69.00368349641279,49.99631650358721,4872,0.605222359349136
1649221200,61.1,61.1,58,59.5,59.22499999999999,68.38837819802255,50.061621801977424,6835,0.5150053830616397
1649224800,59.5,61,58.1,61,59.02499999999999,67.8435883224013,50.20641167759869,41787,0.611979374010636
1649307600,60,60,58.6,58.6,58.69,67.02544239977648,50.354557600223515,15762,0.4946013663292539
1649311200,59,59,58.5,58.5,58.355,66.13715265848693,50.57284734151307,4226,0.5093161883583632
1649394000,58,58,56,57.1,57.959999999999994,65.13088557989848,50.78911442010151,5888,0.44003530035322586
1649397600,57,57.9,56,56,57.61,64.43785471432959,50.78214528567042,6665,0.3821005962076856
1650862800,50,50,50,50,57.10999999999999,64.59729590706797,49.62270409293202,37466,0.02519573900584161
1650949200,49.9,49.9,46,46,56.415,65.204601811231,47.625398188769,17440,-0.0924614233771164
1650952800,46,46.1,46,46.1,55.789999999999985,65.58895912839732,45.99104087160265,8028,0.0055597297105561385
1651035600,45,50.9,45,49.9,55.35999999999999,65.39741002450319,45.32258997549679,30163,0.2280174872466549
1651039200,48.5,50.5,48.2,50.4,54.92999999999999,65.04337727962314,44.81662272037684,5106,0.2760392065503566
1651122000,50.9,50.9,48,48.1,54.334999999999994,64.58454145315775,44.08545854684224,17626,0.19584005155279072
1651125600,49,50,49,49.9,53.83,63.90712260518834,43.752877394811655,39583,0.3050038610239501
1651208400,50,50,49.6,49.9,53.42499999999999,63.45014339049575,43.39985660950423,31443,0.3241920408170004
1651212000,49.9,50,49.9,50,53.42499999999999,63.45014339049584,43.39985660950414,4748,0.3291795006519808
1651640400,52,52,49.5,49.5,53.39999999999998,63.46161020910698,43.338389790892975,11433,0.30619404255642924
1651644000,49.5,49.5,47.5,49.5,53.324999999999974,63.478989363792245,43.171010636207704,18429,0.31165038375757026
1651726800,49.5,49.5,47.6,47.6,52.954999999999984,63.37372832931167,42.5362716706883,1760,0.24301086319074017
1651730400,48,49,47.5,49,52.40499999999997,62.432058392171,42.377941607828944,12533,0.3302094259938416
1651813200,47.5,48.5,47.2,47.5,51.70499999999997,61.02432937501448,42.38567062498546,18244,0.2743936376326745
1651816800,48,48,47.1,47.9,51.12499999999997,59.85698144752979,42.39301855247015,12376,0.31533400984765664
1652072400,47.2,47.2,44,45,50.324999999999974,58.17913903620271,42.470860963797236,58457,0.1610067650028216
1652076000,45,45,44,45,49.64499999999997,56.843187271807246,42.44681272819269,21765,0.1773493225028495
1652331600,44,46.5,44,46,49.019999999999975,55.121344114209975,42.918655885789974,7497,0.25251354918939833
1652335200,46,48,46,47.2,48.52499999999998,53.40879975019493,43.641200249805024,31413,0.3643474274362823
1652418000,49.9,53,49.9,50,48.22499999999998,51.79592425010722,44.65407574989274,30916,0.7485350956333944
1652421600,50.5,50.9,50,50,48.22499999999998,51.795924250106964,44.654075749892996,149916,0.7485350956334123
1652763600,53.9,53.9,50,52.9,48.56999999999998,52.5268169025116,44.61318309748836,11574,1.0471569833382384
1652767200,52.8,53,50,52.9,48.90999999999998,53.11994061715851,44.70005938284145,24070,0.9738784181109232
1652850000,53,53,51,52,49.014999999999986,53.41875975729821,44.61124024270176,6825,0.8389149459224086
1652853600,52,52.9,50,50,48.99499999999998,53.376997261523755,44.61300273847621,18517,0.6146737366570767
1652936400,52.9,52.9,49.1,50,49.08999999999999,53.47264760162161,44.70735239837837,6863,0.6038185228106524
1652940000,50,50,48.5,48.5,49.01999999999999,53.39337398355081,44.64662601644917,3914,0.4405493330828991
1653022800,46.9,48,45,46.8,48.86499999999999,53.321579405777484,44.40842059422249,50162,0.2683200710703224
1653026400,46.4,48,46.1,47,48.71499999999999,53.210453258571164,44.219546741428815,64266,0.3092517148598848
1653282000,47,49,47,48.9,48.68499999999998,53.167086567660505,44.20291343233946,8597,0.523984364955298
1653285600,48.9,49,48.5,48.9,48.65499999999998,53.12287421488117,44.18712578511879,3653,0.5274179607814378
1653368400,49,49,47.5,48,48.674999999999976,53.127358925334285,44.22264107466567,9650,0.4241974859484972
1653372000,48,48,47,47,48.574999999999974,53.083159269591505,44.066840730408444,29789,0.3253167306417415
1653454800,48,48,46,46.9,48.54499999999998,53.0892161040164,44.00078389598356,15273,0.31900068544869126
1653458400,47.1,47.1,47.1,47.1,48.50499999999998,53.08516375253129,43.924836247468676,1480,0.346621204403065
1653541200,48,48,47,47,48.604999999999976,52.956310147530886,44.253689852469066,2888,0.3155727877831565
1653544800,46.5,46.6,46.4,46.5,48.67999999999998,52.827095369050824,44.53290463094913,13109,0.23716543676943222
1653627600,46.5,46.5,45,45.2,48.63999999999998,52.90351967275895,44.37648032724101,35564,0.0965774449242875
1653631200,45.2,46,44.1,44.1,48.48499999999997,53.15287960427524,43.8171203957247,52586,0.030300653429044554
1653886800,46,46.5,45,46.5,48.30999999999998,52.99994669479399,43.62005330520597,1876,0.3070340541387028
1653890400,46.4,46.4,45.1,46.3,48.12499999999998,52.82558506996824,43.424414930031716,901,0.3058752290582092
1653973200,45,46.4,45,46,47.77999999999997,52.018207168132655,43.54179283186729,5925,0.2900055460497669
1653976800,45.7,45.7,45,45,47.38499999999998,51.07838598037216,43.69161401962779,8756,0.17712554107875303
1654059600,46.4,46.9,45,45.5,47.05999999999998,50.16959804476531,43.95040195523465,53702,0.2491637218794126
1654063200,46.9,46.9,46.9,46.9,46.90499999999998,49.70676729940376,44.1032327005962,3047,0.49910770605377447
1654146000,46.9,46.9,46.9,46.9,46.74999999999998,49.16619535634164,44.33380464365832,529,0.5310405364380664
1654149600,46,46,45,46,46.62499999999998,48.92184566307946,44.3281543369205,52720,0.36394384044898903
1654232400,46,46.5,45,45.5,46.55999999999998,48.90640150017161,44.21359849982835,2757,0.2741222037399725
1654236000,46,46,45,45.9,46.50499999999998,48.8591240409136,44.15087595908636,11391,0.3715020981296324
1654491600,45,45,43.1,43.1,46.21499999999999,48.740292062317764,43.689707937682215,6713,-0.11676034358199447
1654495200,44,44,43.2,43.2,45.929999999999986,48.46542895779118,43.39457104220879,5435,-0.0383704385821741
1654578000,46.5,46.5,43.9,45,45.77999999999999,48.15789823163331,43.40210176836666,10891,0.3359896168760295
1654581600,44.5,45,44,44,45.62999999999998,48.05907389760123,43.20092610239873,18889,0.16448118321767952
1654664400,44.3,44.3,44.1,44.3,45.499999999999986,47.92156973882785,43.07843026117212,1522,0.25222683436306137
1654668000,44.3,45,44.1,45,45.39499999999998,47.70971380520532,43.080286194794645,23230,0.4146762768011094
1654750800,46.5,46.5,45.9,46,45.344999999999985,47.559926635355026,43.13007336464494,174050,0.647860427868082
1654754400,46.7,48,46.1,46.1,45.32499999999998,47.5047935682095,43.14520643179046,140214,0.677769127155606
1654837200,47.9,47.9,47.8,47.9,45.45999999999999,47.909816319646225,43.01018368035375,19021,0.997996519255851
1654840800,47.9,47.9,47.8,47.9,45.649999999999984,48.23418265608363,43.065817343916336,794,0.9353407439491738
1655096400,47.9,47.9,46.5,47.9,45.719999999999985,48.463428511917925,42.976571488082044,706,0.897313068397756
1655100000,47,47.9,47,47,45.75499999999998,48.544605706906495,42.96539429309347,1009,0.7231498159251761
1655269200,46.2,47,46,47,45.804999999999986,48.64575694138094,42.96424305861903,27671,0.7103312646345413
1655272800,47,47.1,46.1,47,45.90499999999999,48.766101186606996,43.04389881339298,1093,0.6913598870822493
1655355600,47,47.2,47,47,45.97999999999999,48.873164357585544,43.086835642414435,491,0.6762775760260014
1655359200,46.2,46.2,46.2,46.2,45.944999999999986,48.809594212101324,43.08040578789865,4,0.5445089218784953
1655442000,47,47,45,45,45.84999999999999,48.707621388498275,42.9923786115017,50575,0.3512749093667248
1655445600,45,46,44.9,46,45.84999999999999,48.707621388498275,42.9923786115017,14156,0.5262456042294041
1655701200,45.4,45.4,43.2,44,45.774999999999984,48.74206926107287,42.8079307389271,4013,0.20088328855556478
1655704800,43.5,45,43.5,45,45.72999999999998,48.71536429937835,42.744635700621615,11208,0.3777368644503473
1655787600,44.5,45.4,44.5,45,45.82499999999999,48.58171906439558,43.0682809356044,1860,0.35036560114970045
1655791200,44.9,44.9,44,44,45.86499999999999,48.488185086875134,43.24181491312484,3416,0.14451612481876797
1655874000,45,45.5,44.8,44.8,45.85499999999998,48.49278316015642,43.217216839843545,4854,0.30002146955525016
1655877600,44.8,44.8,44.8,44.8,45.89499999999998,48.44174301805366,43.34825698194631,282,0.2850195343154748
1655960400,45,45,45,45,45.929999999999986,48.406368308633425,43.453631691366546,7898,0.3122250238872591
1655964000,45,46,45,45,45.929999999999986,48.406368308633795,43.453631691366176,15497,0.3122250238872871
1656046800,46,46,46,46,45.929999999999986,48.406368308633795,43.453631691366176,65,0.5141336003525729
1656050400,45.5,45.5,45,45.5,45.899999999999984,48.38193472919886,43.41806527080111,3687,0.41941770359748803
1656306000,45.5,45.5,43,43,45.65499999999998,48.263045245007405,43.046954754992555,9445,-0.009001905753445127
1656309600,44,44.2,44,44,45.45999999999998,47.94789067284052,42.97210932715944,2672,0.20657874641793877
1656392400,44.5,44.5,43.1,44.4,45.28499999999998,47.54356148909106,43.0264385109089,2442,0.3040788341883626
1656396000,44,44,43,43.1,45.089999999999975,47.395558500669,42.78444149933095,5804,0.06843428622120856
1656478800,43.2,43.5,43,43.5,44.91499999999998,47.14414781923643,42.685852180763526,2647,0.18261413895722348
1656482400,43.5,45,43,43.1,44.71999999999998,46.86625254804879,42.573747451951164,16500,0.122598001928352
1656565200,43,43,42.7,43,44.519999999999975,46.51959995999366,42.52040004000629,15836,0.11992397719272489
1656568800,43.4,43.4,43,43.4,44.37999999999998,46.2790523952764,42.48094760472356,9062,0.2419765767291174
1656651600,42,42,41.7,41.7,44.21499999999998,46.41888293700153,42.01111706299844,20367,-0.07058384494362466
1656655200,41.7,41.9,41.6,41.9,44.009999999999984,46.273537055143166,41.7464629448568,16249,0.033915295266391074
1656910800,42,42,39,39.7,43.79499999999998,46.736751179146246,40.853248820853715,23143,-0.19601399823155666
1656914400,40,41,40,40.5,43.56999999999998,46.784405077149806,40.35559492285015,5574,0.02246217786556795
1656997200,40,40,39.8,39.8,43.30999999999998,46.84491159719821,39.77508840280175,949,0.0035236520791626816
1657000800,39.7,40,39.7,40,43.10999999999998,46.90889457605878,39.31110542394118,4185,0.09067039927882414
1657083600,40,40,39.5,39.5,42.844999999999985,46.868170391619856,38.82182960838011,811,0.08428308095432555
1657087200,39.2,39.5,38.8,38.9,42.54999999999998,46.814504660568076,38.28549533943189,13168,0.07204877347774406
1657170000,38.9,38.9,38,38.5,42.22499999999998,46.67960435953711,37.77039564046285,13398,0.08189328396528583
1657173600,39.6,39.6,38,39,41.92499999999999,46.39976256353383,37.45023743646615,1429,0.1731670162975037
1657256400,38.1,38.5,38,38.1,41.52999999999999,45.889403628938844,37.17059637106113,7158,0.10659756563595627
1657260000,38.1,38.2,37.5,38.2,41.164999999999985,45.35273208312158,36.97726791687839,37694,0.14598976950432935
1657515600,38.2,39,38,38,40.914999999999985,45.22975375890742,36.60024624109255,12884,0.16220552053727058
1657519200,39,39,37.9,38,40.61499999999999,44.863893973730534,36.36610602626944,6785,0.19227285781104025
1657602000,38.7,39,38.7,39,40.34499999999999,44.271563382909164,36.41843661709082,4132,0.32873063938630637
1657605600,39,39,38.9,38.9,40.13499999999999,43.89546539672983,36.37453460327015,6436,0.33579160160947535
1657774800,39.2,39.2,37.3,37.3,39.824999999999996,43.44432314114133,36.20567685885866,9987,0.15117787200347194
1657778400,39,39.4,39,39.4,39.63999999999999,42.93448023214621,36.34551976785378,1522,0.46357543784021354
1657861200,39.4,39.7,39.4,39.7,39.47499999999999,42.38833142639193,36.561668573608046,954,0.5386155859168194
1657864800,39.7,39.9,39.7,39.9,39.29999999999999,41.60651251893468,36.9934874810653,5723,0.63006649542859
1658120400,39.9,42,39.9,41,39.264999999999986,41.442406714420564,37.08759328557941,19384,0.8984097202670996
1658124000,41,41,40,40.9,39.21499999999999,41.18403529678937,37.24596470321061,6136,0.9278745035062336
1658206800,42,42,39.9,40.1,39.234999999999985,41.2312715246187,37.23872847538127,30602,0.7166538943556866
1658210400,40.1,41.3,40.1,41,39.259999999999984,41.33016907522135,37.18983092477862,19316,0.9202555290837673
1658293200,42,42,40.1,40.8,39.30999999999999,41.47601015694779,37.14398984305219,8097,0.8439503723518131
1658296800,40.8,40.8,40.5,40.8,39.34999999999998,41.59365772790863,37.10634227209133,3281,0.8231330656997284
1658379600,42.1,45,41.1,41.1,39.42999999999999,41.7998945124203,37.06010548757968,28942,0.8523363574302054
1658383200,41.5,43,41.5,42,39.58499999999999,42.1898224507639,36.980177549236075,13361,0.963563264991779
1658466000,42.9,43.9,42.2,42.2,39.76999999999998,42.55933683874949,36.980663161250476,19433,0.9355874066986869
1658469600,42.9,42.9,42,42,39.91999999999999,42.84684130078883,36.99315869921114,10270,0.8553318725274598
1658725200,43,45,42,44.8,40.25499999999999,43.75041127766137,36.759588722338606,24615,1.1501380866175006
1658728800,44,44,42,42,40.44499999999999,43.885624943233616,37.00437505676637,14871,0.7259763888328035
1658811600,42,42.5,42,42.5,40.66999999999999,44.02922610135165,37.31077389864833,2306,0.7723841659934221
1658815200,42.5,42.5,42,42,40.86999999999999,44.04055200241241,37.69944799758757,21120,0.6782024075208688
1658898000,42.5,42.5,41.8,42,41.019999999999996,44.10519043172377,37.93480956827622,13497,0.6588232593234857
1658901600,42,42,41.9,41.9,41.16999999999999,44.116930606580965,38.22306939341901,8313,0.6238576840543516
1658984400,41.9,43,41.6,41.6,41.384999999999984,43.738954120199445,39.03104587980052,13134,0.5456678399453682
1658988000,43,43,42,42.9,41.55999999999999,43.81601418435322,39.303985815646755,2760,0.7969839483487487
1659070800,43,43,40,42.9,41.719999999999985,43.8774058496268,39.56259415037317,55729,0.7734765923166775
1659074400,42.9,42.9,42.8,42.8,41.86499999999999,43.89996928723836,39.83003071276161,885,0.7297331969242845
1659330000,42,42,40.1,40.4,41.83499999999998,43.93668979633176,39.733310203668196,30542,0.1586080394679128
1659333600,40.4,43,40.1,42.5,41.91499999999998,43.98987349012097,39.840126509878985,63599,0.6409724503169368
1659416400,40.7,41.9,40.7,40.8,41.94999999999998,43.92230829233282,39.97769170766714,1152,0.2084634272262356
1659420000,40.8,41,40.7,40.7,41.93499999999998,43.9402680618821,39.92973193811786,9060,0.19206112053646776
1659502800,41,41.4,40.3,41.4,41.96499999999998,43.91874000317437,40.01125999682559,10380,0.3554055301416807
1659506400,41.7,41.7,41,41.4,41.994999999999976,43.89392074610971,40.096079253890245,12611,0.3433320607984987
1659589200,42,42.4,41,42,42.03999999999998,43.89407658957379,40.18592341042616,17820,0.48921295910187496
1659592800,42.4,42.4,42,42.1,42.04499999999997,43.899157490616155,40.19084250938379,1469,0.5148315340736644
1659675600,42.5,44,42.5,43.9,42.12999999999998,44.152968116408395,40.10703188359157,2927,0.9374760001513228
1659679200,43,43.7,42.9,43.7,42.21499999999998,44.34879942825106,40.0812005717489,2234,0.847970849635377
1659934800,44,44.1,41,43,42.12499999999998,43.94365334794877,40.30634665205119,29565,0.7405626121621558
1659938400,42.1,42.5,41.4,42.4,42.144999999999975,43.96651036231123,40.323489637688716,1491,0.5699968568052675
1660021200,41.2,42.5,41.1,42.3,42.13499999999998,43.95079183829151,40.319208161708445,4479,0.5454347234414458
1660024800,42.2,42.5,42.2,42.4,42.15499999999997,43.97321340881877,40.33678659118117,13658,0.5673738293898046
1660107600,42.5,44.4,41.2,43.8,42.244999999999976,44.19689651365191,40.293103486348045,8988,0.8983305439412537
1660111200,43.9,43.9,42.4,43.5,42.324999999999974,44.3437867643731,40.30621323562685,23753,0.7910163719953076
1660280400,43.9,44.4,42.6,42.9,42.38999999999998,44.39489401216294,40.385105987837015,13468,0.6271887683104529
1660284000,42.7,44.2,42.5,42.5,42.36999999999998,44.36208433556519,40.377915664434774,19226,0.5326291406641507
1660539600,44.4,44.4,43.5,44,42.42499999999998,44.53011282358098,40.31988717641899,37839,0.8740892132614521
1660543200,44,44.4,42.8,44,42.48499999999998,44.69522623276573,40.27477376723423,58498,0.8427250969925009
1660626000,44.4,44.4,43,43,42.61499999999998,44.61527498109734,40.61472501890262,6324,0.5962367683539206
1660629600,44,44,42,42.2,42.59999999999998,44.607984063682935,40.592015936317026,16988,0.4003976158888644
1660712400,44,44,42,43.5,42.73499999999997,44.59862549886165,40.87137450113829,4342,0.7052450989931449
1660716000,42.1,43.5,42,42.6,42.82999999999997,44.446292052819686,41.213707947180254,12004,0.4288494923925661
1660798800,42.5,42.9,42,42.9,42.90499999999997,44.38212558708012,41.42787441291983,4971,0.4983075237326781
1660802400,42,42.9,42,42,42.93499999999997,44.30944534267803,41.5605546573219,1733,0.1598627930237853
1660885200,41.7,43,40.6,41.6,42.91499999999998,44.353436651370195,41.47656334862976,6213,0.04290653024332306
1660888800,41.5,42,41.5,41.5,42.88499999999997,44.412448853483156,41.35755114651678,6631,0.04662966395188188
1661144400,41,45,41,44.2,42.89999999999997,44.47225952056489,41.32774047943505,86402,0.9134177541926847
1661148000,44.2,44.2,44,44,42.91499999999997,44.5228246173033,41.30717538269664,27646,0.8374124230725518
1661230800,44,44,42.1,43.1,42.91999999999997,44.529471963100136,41.31052803689981,5965,0.5559189610402757
1661234400,42.2,43.1,42.2,42.5,42.92499999999997,44.52858972309228,41.321410276907656,29288,0.36748480802794997
1661317200,42.5,44,42.1,43.5,42.98499999999997,44.580336955005315,41.38966304499463,68837,0.6614079077101
1661320800,43.5,43.5,42.6,43,43.01499999999997,44.58760929668008,41.442390703319866,10132,0.4952308561218485
1661403600,44,44,42.6,42.6,42.95499999999997,44.494447953003565,41.415552046996375,10389,0.38469892752550255
1661407200,43,43.9,42.7,42.8,42.91999999999997,44.44000000000187,41.39999999999808,4906,0.4605263157895307
1661490000,42.8,42.8,42.4,42.8,42.91499999999998,44.435887898565795,41.39411210143416,33065,0.4621931372757898
1661493600,42.6,43,42.1,42.7,42.92499999999997,44.43744834622731,41.412551653772624,18581,0.42561729444803637
1661749200,43,43,42.1,42.5,42.84999999999997,44.28874945699558,41.411250543004364,12245,0.3783665918002007
1661752800,42.5,42.5,41.9,42,42.749999999999964,44.1320274961114,41.36797250388853,24525,0.22865952301592574
1661835600,42.5,42.5,42.4,42.4,42.71999999999997,44.105063175456245,41.334936824543696,21,0.3844818035485797
1661839200,42,43,42,42.5,42.73499999999997,44.10361243601177,41.36638756398817,25354,0.41414662258777524
1661922000,43,43,42.6,42.6,42.68999999999997,44.01348026052713,41.36651973947281,4319,0.46599873731244035
1661925600,42.6,43.1,42.5,42.6,42.68999999999996,44.01348026052816,41.36651973947176,19537,0.46599873731246966
1662008400,42.5,43.9,42.5,43.9,42.73999999999997,44.16323574997444,41.31676425002549,3535,0.9075220848059913
1662012000,43.5,44,43,43.5,42.81499999999996,44.232427246813145,41.39757275318678,6003,0.7416349768709931
1662094800,44.5,47.5,44.5,47.4,43.10499999999997,45.467604495044704,40.74239550495523,50833,1.4089545052945278
1662098400,47.3,47.3,45,46,43.32999999999997,45.887420575502816,40.772579424497124,16024,1.0220103462010837
1662354000,46.9,46.9,45.8,45.9,43.414999999999964,46.18647974916052,40.64352025083941,4728,0.9483164635701756
1662357600,45.8,45.8,45.3,45.3,43.47999999999996,46.36208258035892,40.597917419641,11587,0.8157439020663586
1662440400,46.9,47,43.6,43.6,43.50499999999996,46.382133990624695,40.627866009375225,22542,0.5165094848397056
1662444000,44,44,43,44,43.57999999999996,46.42647149994651,40.73352850005342,11057,0.5737755498356342
1662526800,44,46.5,43,44.3,43.61999999999996,46.483284826909,40.756715173090925,34709,0.6187447356982132
1662530400,43.5,43.5,43,43.1,43.624999999999964,46.484283126940625,40.765716873059304,18377,0.40819377153431885
1662613200,43.1,45.3,43.1,44,43.694999999999965,46.51880948365964,40.87119051634029,19195,0.5540050597897903
1662616800,45.3,45.3,43.6,43.6,43.73499999999997,46.52947669519801,40.940523304801935,11018,0.4758452091885485
1662699600,44,45,43.8,44,43.794999999999966,46.557951320600125,41.03204867939981,12285,0.5370980115486624
1662703200,43.9,44,43.2,44,43.859999999999964,46.577646040235315,41.14235395976461,14411,0.5257575854116586
1662958800,43.6,45,43.1,43.2,43.89499999999997,46.55918843177525,41.23081156822469,15176,0.3695662829793064
1662962400,44,45.5,44,45.3,44.05999999999996,46.64178233009839,41.47821766990153,19158,0.7401441797676189
1663045200,46,46.5,41.5,43.1,44.094999999999956,46.603764636232235,41.58623536376768,185061,0.30169522767702334
1663048800,43.3,45.6,43.3,45.6,44.24999999999996,46.72830587297261,41.7716941270273,19415,0.7723634751308479
1663131600,45.7,46.2,45.1,45.8,44.409999999999954,46.854504039679526,41.96549596032038,33587,0.7843112503471759
1663135200,45.8,46,45,46,44.57999999999996,46.969644325000296,42.19035567499963,55265,0.7971153458161268
1663214400,46.5,49.5,46.5,49.4,44.85499999999996,48.01124777227745,41.69875222772247,16876,1.220000508185777
1663218000,49.2,49.3,48.7,48.9,45.12499999999996,48.67119514409581,41.5788048559041,52260,1.0322606126576437
1663221600,48.8,48.9,48,48.9,45.19999999999996,48.990514476955376,41.409485523044545,25737,0.9880603968794126
1663300800,52,52,48.8,48.9,45.34499999999996,49.45521897226996,41.234781027729966,23490,0.9324587113222188
1663304400,48.9,48.9,48.1,48.2,45.459999999999965,49.750640977756824,41.16935902224311,3422,0.8192996121330695
1663308000,48.2,49,48.1,49,45.64499999999997,50.202839400418284,41.08716059958165,16176,0.8680471935553622
1663560000,49,49,48.5,48.5,45.889999999999965,50.50818146027261,41.27181853972732,4643,0.7825787620573432
1663563600,48.6,48.6,48.2,48.3,46.10499999999996,50.751493301405674,41.45850669859425,4074,0.7361996303035645
1663567200,48.2,48.2,47.6,47.6,46.26999999999996,50.88263482187885,41.65736517812107,5714,0.6441692277146583
1663646400,47.6,49,46.2,48.9,46.55999999999996,51.06706112672196,42.05293887327796,2322,0.7595926629579494
1663650000,48.6,48.6,46.2,46.2,46.66999999999996,51.02665008923245,42.31334991076747,4530,0.4460594734057749
1663653600,47,47.4,46.5,46.5,46.81499999999996,50.940178784005354,42.68982121599457,5177,0.46181983660668047
1663732800,46.5,48,46.1,48,47.01499999999996,50.95874187796435,43.071258122035566,100842,0.6248813982354825
1663736400,47.9,48,46.5,46.5,47.13999999999996,50.844807687317974,43.43519231268194,15289,0.4136257460554901
1663740000,46.5,47.6,46.5,47,47.329999999999956,50.56734459086653,44.09265540913338,61926,0.44903230244148634
1663819200,47,49,46.2,48,47.46499999999996,50.57516076755026,44.35483923244966,5477,0.5860084156391422
1663822800,48.5,48.7,47.5,47.5,47.68499999999996,50.065987190223815,45.304012809776104,12013,0.4611505679745874
1663826400,48,48.5,48,48.4,47.82499999999995,50.02124679852041,45.6287532014795,6912,0.6309051424428724
1663905600,48.5,48.5,47.5,47.5,47.909999999999954,49.908899697336246,45.91110030266366,130210,0.3974435784481045
1663909200,47.5,47.5,46,46.1,47.91499999999996,49.895176759789464,45.93482324021045,10824,0.041707579632211986
1663912800,47,48,47,47,47.79499999999996,49.68970314297728,45.90029685702264,1656,0.2902046019856433
1664164800,47,47,46,46,47.64999999999996,49.626360291041635,45.67363970895829,2372,0.08256599075609229
1664168400,46.1,48,45,47.6,47.58499999999996,49.47632228877247,45.693677711227444,23587,0.503965479624781
1664172000,47.4,47.4,46,47.4,47.50999999999996,49.30320941331644,45.71679058668349,1306,0.4693287356225387
1664251200,46,46.1,46,46,47.39999999999996,49.27829710110179,45.521702898898134,9206,0.12732200375044284
1664254800,46,46,45.6,45.6,47.22999999999997,49.11371972437648,45.34628027562346,5400,0.06734540205032967
1664258400,46,47,46,47,47.154999999999966,48.947735340201106,45.362264659798825,15700,0.4567699714162563
1664337600,46,47,46,47,47.08999999999997,48.8045261736133,45.37547382638664,38635,0.47375368151706465
1664341200,46.1,48,46.1,47.1,47.06499999999996,48.763558212133645,45.36644178786628,74496,0.5103028556071897
1664344800,47.1,48.7,47.1,48,47.01999999999997,48.562206211894164,45.47779378810577,18473,0.8177266413667077
1664424000,49,49,48,48.5,47.13499999999997,48.75644996839361,45.51355003160633,2049,0.9209195555236053
1664427600,48.4,48.4,48,48,47.20999999999997,48.845726138448065,45.57427386155188,26013,0.7414829663202503
1664431200,48,48,47.5,47.5,47.18499999999997,48.78659295702908,45.583407042970855,82648,0.5983395932835347
1664510400,47,48,47,48,47.25999999999997,48.866735821473114,45.653264178526825,285,0.7302805446017745
1664514000,48,48.5,47.7,48.4,47.32999999999997,49.00582815348324,45.6541718465167,2586,0.8192451438937794
1664517600,48.4,48.4,47.7,47.7,47.314999999999976,48.97183433088636,45.65816566911359,5175,0.6161854244636689
1664769600,47.5,47.5,47,47,47.28999999999998,48.95000000000065,45.629999999999306,798,0.41265060240968054
1664773200,47,47.4,47,47.4,47.239999999999974,48.82164471358298,45.65835528641697,4802,0.5505802594685018
1664776800,47.4,47.4,47,47,47.214999999999975,48.79522150346153,45.63477849653842,3000,0.43197156236356543
1664856000,45.2,45.9,45,45.9,47.20499999999997,48.815558909201094,45.594441090798846,2600,0.09486114027108687
1664859600,45,46,45,45.5,47.129999999999974,48.90324561186672,45.356754388133226,25229,0.040390798349692655
1664863200,45.1,45.5,43.5,44.5,47.05499999999998,49.11652855910469,44.99347144089527,55088,-0.11968581243171753
1664942400,45,46,45,45.6,46.95499999999997,49.09366780964379,44.81633219035615,10635,0.18321400970035784
1664946000,45.6,46,43.6,45,46.83499999999997,49.124344884460314,44.54565511553963,17890,0.09923032731860972
1664949600,45,45.1,44.9,45,46.784999999999975,49.1860622649161,44.38393773508385,104491,0.1282895229161565
1665028800,45.5,45.5,44.8,45.5,46.77999999999998,49.19130669969683,44.36869330030313,1650,0.23458374246608674
1665032400,44.5,46,44.5,45,46.67999999999998,49.20950588060233,44.15049411939763,61510,0.167919333004294
1665036000,45,45,44.1,44.1,46.53499999999998,49.29635836138684,43.77364163861313,1180,0.05909380795163512
1665115200,44.5,44.5,43.6,43.6,46.359999999999985,49.386813505982715,43.333186494017255,2164,0.04407498272611921
1665118800,44.9,44.9,43.6,43.6,46.139999999999986,49.29493264587357,42.9850673541264,303,0.09745574864773845
1665122400,43.7,43.7,43.6,43.6,45.89499999999998,49.03982113958836,42.7501788604116,3072,0.13511438359569655
1665460800,43.6,45,43.6,43.6,45.67499999999998,48.81562095770903,42.53437904229094,2582,0.16965131610253145
1665464400,43.5,43.5,40.1,40.3,45.31499999999998,49.117249334275876,41.51275066572409,13410,-0.1594780561589674
1665468000,41,41,40,40,44.91499999999998,49.16059771999224,40.669402280007716,44050,-0.07883486898152665
1665547200,42,42,39.6,40,44.49499999999998,48.93593458632316,40.05406541367681,18733,-0.006087166183815897
1665550800,40.1,42,40,40,44.10999999999998,48.705171378741234,39.51482862125872,11458,0.05279143461175756
1665554400,41.9,41.9,40.2,40.2,43.76999999999998,48.46472043896145,39.07527956103851,3059,0.11978566706841992
1665633600,42,42,40.1,41.9,43.49499999999998,47.944932583759226,39.04506741624074,5200,0.3207838017792451
1665637200,41.9,41.9,40.6,41.8,43.234999999999985,47.436083193653694,39.03391680634628,1748,0.3292107137788005
1665640800,41.5,41.9,40.5,41.9,43.03499999999998,47.087789163033534,38.98221083696643,12957,0.3599729773321806
1665720000,42,42.1,42,42.1,42.86499999999999,46.772569577115725,38.95743042288425,1590,0.4021130673552012
1665723600,42,42.1,41,42.1,42.74499999999999,46.591283920877224,38.89871607912276,1398,0.4161528356631455
1665727200,42.1,42.1,41.3,42,42.56499999999998,46.19061718883841,38.93938281116156,376,0.4220822317177675
1665979200,43,43,41.6,41.6,42.39499999999999,45.86341462342634,38.92658537657364,746,0.385394324739839
1665982800,42.5,42.5,42.5,42.5,42.26999999999999,45.52766787748507,39.012332122514906,513,0.5353013273068172
1665986400,42.5,42.5,42.3,42.3,42.10999999999999,45.01234388038327,39.207656119616715,88,0.5327321654205417
1666065600,41.6,42.3,41.6,42.3,41.97499999999999,44.56102010819714,39.38897989180283,280,0.56283787178797
1666069200,42.3,42.3,41,41,41.819999999999986,44.2445411937104,39.395458806289575,5828,0.33089584080336987
1666072800,41,41,40.3,40.3,41.65499999999999,44.02098816565081,39.28901183434916,22602,0.21365030060764018
1666152000,40.5,42,40.5,41.9,41.569999999999986,43.766451683966544,39.37354831603343,25078,0.5751211607359529
1666155600,41,41.6,40.5,40.5,41.414999999999985,43.44800270535927,39.3819972946407,42130,0.2749634081676543
1666159200,40.5,40.5,40.5,40.5,41.259999999999984,43.06266469427876,39.45733530572121,23220,0.28920095278616115
1666238400,42,42,40.5,40.5,41.26999999999999,43.0533676009164,39.486632399083575,16534,0.2841162978389
1666242000,40.6,41.9,40.5,40.5,41.29499999999999,43.01949992751493,39.570500072485046,28371,0.26949839564632294
1666245600,41,41,40.5,40.5,41.319999999999986,42.982046930745206,39.657953069254766,8668,0.2533162316805582
1666324800,41.8,41.8,41,41,41.36999999999999,42.92704848993152,39.81295151006846,4484,0.38118546005710446
1666328400,41,41.3,40.4,40.7,41.39499999999998,42.89096122944475,39.899038770555215,13864,0.26770788362679304
1666332000,40.7,40.8,40.4,40.4,41.31999999999998,42.85701008454842,39.78298991545154,18420,0.20071764354419727
1666670400,40.6,40.9,40.3,40.5,41.25499999999998,42.815096150883576,39.694903849116386,1368,0.2580277345173981
1666674000,40.5,40.9,40.5,40.5,41.18499999999999,42.748681553257875,39.6213184467421,7655,0.2809656324931346
1666677600,40.5,40.5,40.3,40.4,41.09999999999999,42.640129864654064,39.55987013534591,3497,0.27274643649702446
1666756800,40.4,40.5,40.4,40.4,41.014999999999986,42.51203039381247,39.5179696061875,2780,0.2945933487583484
1666760400,40.4,40.6,40.4,40.6,40.944999999999986,42.38093175325248,39.50906824674749,14662,0.3798689425111838
1666764000,40.6,40.6,40.4,40.5,40.889999999999986,42.30548578233731,39.474514217662666,22201,0.36223810762832287
1666843200,41,41.6,41,41.6,40.844999999999985,42.10114489610012,39.58885510389985,2002,0.8005226556044666
1666846800,41.6,41.6,40.5,40.5,40.75499999999998,41.82546718772754,39.68453281227242,29408,0.38089312642019973
1666850400,40.5,40.5,40.4,40.4,40.65999999999998,41.47092539730936,39.84907460269061,16663,0.33968932230840504
1666929600,40.4,40.5,40.4,40.5,40.634999999999984,41.433185442112226,39.83681455788774,1250,0.41543318577526755
1666933200,40.4,40.5,40.4,40.4,40.639999999999986,41.43094879733159,39.849051202668385,3107,0.3482834787727929
1666936800,40.4,40.5,40.3,40.3,40.55999999999999,41.11281099844393,40.00718900155604,4463,0.26483825328019883
1667188800,40.4,40.4,40.2,40.4,40.554999999999986,41.11168662638883,39.99831337361114,455,0.360783434833479
1667192400,40.2,40.4,40,40,40.52999999999999,41.13695963621922,39.92304036378076,13662,0.0633976558133478
1667196000,40,40.4,40,40,40.50499999999998,41.15453829756449,39.85546170243547,18096,0.11126233672940186
1667278800,40.4,40.4,40.1,40.4,40.499999999999986,41.151152823844654,39.84884717615532,381,0.42321311039584614
1667282400,40.2,40.5,40,40.5,40.499999999999986,41.151152823844654,39.84884717615532,1845,0.5000000000000109
1667361600,40.5,40.5,40.5,40.5,40.47499999999998,41.08450799830847,39.86549200169149,80,0.520508344492115
1667365200,41,41,40.2,40.2,40.44999999999998,41.061555394058125,39.83844460594184,2110,0.2956031436980425
1667368800,40.3,41,40.3,41,40.47999999999998,41.13604877867509,39.823951221324876,482,0.8963119945518072
1667372400,40.2,40.8,40.2,40.8,40.49499999999998,41.165745853510415,39.82425414648955,300,0.7273588412091989
1667448000,41,41.5,40,41.5,40.54499999999998,41.34618661995962,39.74381338004034,3937,1.0959909815069875
1667451600,40.3,40.9,40.2,40.2,40.53499999999998,41.34808056181485,39.72191943818512,7186,0.29399335334482024
1667455200,40.9,41,40.1,41,40.56499999999998,41.399925146346185,39.73007485365378,660,0.760502394677932
1667458800,41,41,40,40.5,40.55999999999998,41.395224520714166,39.724775479285796,4613,0.4640815143042759
1667534400,41,41,41,41,40.58499999999998,41.44121259042546,39.7287874095745,1,0.7423463545390019
1667541600,40.1,40.1,40.1,40.1,40.50999999999998,41.252697785107365,39.76730221489259,50,0.22397924955391357
1667880000,40.2,40.2,40.2,40.2,40.494999999999976,41.24991721400635,39.7400827859936,1200,0.3046143374884801
1667883600,40.2,41,39.3,39.3,40.439999999999976,41.357387595296196,39.52261240470376,6765,-0.12132952627939111
1667890800,39.6,39.6,39.3,39.3,40.379999999999974,41.42230513766542,39.33769486233453,886,-0.01808245060508949
1667966400,40.9,41,39,39,40.30999999999997,41.51316249941801,39.106837500581925,6118,-0.04439861641033574
1667970000,40,40,39,39.9,40.28999999999997,41.50638809596525,39.07361190403469,1866,0.33968932230856663
1667973600,40.9,40.9,40.9,40.9,40.31499999999997,41.55962845861951,39.07037154138043,500,0.7350098922890105
1667977200,39.9,39.9,39.9,39.9,40.30999999999997,41.56043992258956,39.059560077410374,77,0.33605769753780707
1668056400,39.9,39.9,39.5,39.5,40.28499999999997,41.57848366824067,38.991516331759264,150,0.1965558903933962
1668060000,40.5,40.5,40.5,40.5,40.289999999999964,41.585993827148364,38.99400617285156,752,0.5810189044117993
1668063600,40.5,40.5,40.5,40.5,40.289999999999964,41.585993827148364,38.99400617285156,40,0.5810189044117993
1668139200,40.6,40.6,39.6,40,40.264999999999965,41.56311401656668,38.96688598343325,3916,0.39792884268330914
1668142800,40.9,40.9,40,40,40.25499999999997,41.55803491895129,38.95196508104864,5121,0.40215150941419536
1668146400,41,41,41,41,40.25499999999997,41.55803491895129,38.95196508104864,1,0.785871080338969
1668150000,40.9,40.9,40.9,40.9,40.25999999999997,41.57209755735053,38.94790244264941,110,0.7438843043395118
1668398400,40.9,40.9,40.9,40.9,40.229999999999976,41.45163824432754,39.00836175567241,50,0.7742219323564219
1668402000,40.8,40.8,40,40.7,40.254999999999974,41.49350716590738,39.01649283409257,1640,0.6796517663561494
1668409200,40.6,40.6,40.6,40.6,40.23499999999997,41.43712312181627,39.03287687818367,15,0.6518147323580917
1668484800,40,40,40,40,40.20999999999997,41.40983332175977,39.010166678240175,307,0.4124878446899753
1668488400,40,40,39.4,39.5,40.13499999999998,41.315296572901445,38.95470342709851,16693,0.2309998120053058
1668492000,39.5,39.5,39.5,39.5,40.104999999999976,41.3173943252934,38.89260567470655,701,0.2504937183479668
1668495600,39.5,39.5,39.3,39.5,40.06999999999997,41.309516034589485,38.83048396541046,10012,0.27007155047060893
1668571200,40,40,39.2,39.2,40.06499999999997,41.31763721803481,38.81236278196513,6955,0.1547284450972194
1668574800,39.2,39.3,39.1,39.3,40.06499999999997,41.31763721803481,38.81236278196513,5403,0.19464423179118173
1668578400,39.1,39.1,39.1,39.1,40.069999999999965,41.30628475684502,38.83371524315491,200,0.107695559364752
1668582000,39.1,39.3,39.1,39.1,40.029999999999966,41.335526713632014,38.72447328636792,5306,0.14382191865969088
1668657600,39.1,39.1,39.1,39.1,39.93999999999996,41.2413838788031,38.638616121196826,670,0.1772666337420376
1668661200,39,39.1,38.9,39,39.89499999999997,41.25951456569952,38.53048543430042,1142,0.1720445415175453
1668664800,39,39,39,39,39.86999999999997,41.28010637896775,38.45989362103219,47,0.1915126358633945
1668668400,39,39,38.5,38.5,39.76999999999997,41.268132170406155,38.27186782959378,5191,0.07613886642069977
1668747600,38.5,38.5,38.5,38.5,39.66999999999997,41.22576347816898,38.11423652183097,218,0.12397883212396828
1668751200,38.5,38.5,38,38.1,39.57499999999997,41.26482247588494,37.885177524114994,3573,0.0635636224960564
1668754800,38,38,37,37,39.42499999999997,41.43882720212157,37.411172797878365,15967,-0.10208740785832734
1669003200,37,37,36.5,36.5,39.19999999999997,41.451221890442056,36.94877810955788,2581,-0.09967433940280057
1669006800,36.5,37,36.3,37,39.00499999999997,41.30845392834448,36.70154607165546,2282,0.06478400211786338
1669010400,36.5,37,36.5,37,38.80999999999997,41.09901725637995,36.52098274361998,2080,0.10463382376102537
1669014000,37,37,36.5,37,38.624999999999964,40.8707738087363,36.379226191263626,9420,0.13820933486744896
1669089600,39,39,39,39,38.544999999999966,40.61040552918928,36.47959447081065,40,0.6101478604491353
1669093200,38.8,38.9,38.8,38.8,38.48499999999997,40.44487244483004,36.5251275551699,9500,0.5803623727735349
1669096800,38.8,39.8,38.8,39.8,38.499999999999964,40.49499373432768,36.50500626567225,20775,0.8258155596258339
1669176000,38.1,38.1,38,38,38.42499999999997,40.376281630109894,36.473718369890044,2810,0.3910972169670796
1669179600,38,38.8,38,38.8,38.38999999999997,40.287261183918304,36.49273881608164,6470,0.6080504896941152
1669183200,38.8,40,38.7,40,38.429999999999964,40.425093982750106,36.43490601724982,5071,0.8934651734641257
1669186800,39,39,38,38,38.36499999999997,40.32691233239554,36.403087667604396,2183,0.4069785142860366
1669266000,38.7,38.7,38,38,38.30999999999996,40.247937047483106,36.37206295251681,101,0.42001804176184016
1669269600,39,39,39,39,38.304999999999964,40.23525904997402,36.37474095002591,544,0.6800276496590905
1669352400,39.9,39.9,39.9,39.9,38.34499999999996,40.37031479034909,36.319685209650835,1488,0.8838909406601383
1669356000,38.3,38.3,38.3,38.3,38.30999999999997,40.31289790054462,36.307102099455314,10,0.4975036171346402
1669359600,38.9,38.9,38,38,38.25999999999997,40.24131269617012,36.27868730382982,6027,0.4343869343535359
1669608000,38,39.5,38,39.5,38.30999999999997,40.362218311975084,36.25778168802485,700,0.7899301680177342
1669611600,39,39,38,38,38.284999999999975,40.33953157678418,36.23046842321577,4604,0.4306411244245604
1669615200,38.5,38.5,38.5,38.5,38.30499999999997,40.35972625914132,36.250273740858624,991,0.5474515763675297
1669618800,38.2,39,38.1,39,38.40499999999997,40.38941427126604,36.420585728733904,2707,0.6499182929228818
1669694400,39.5,39.5,39.5,39.5,38.554999999999964,40.388548472227534,36.721451527772395,207,0.7576970323702322
1669698000,39.5,39.5,38.2,38.2,38.61499999999997,40.314735273507786,36.91526472649215,992,0.3779221663313754
1669701600,38.2,39,38.2,39,38.71499999999997,40.25028498983268,37.17971501016726,1776,0.5928166437786533
1669780800,39.8,39.8,39.5,39.5,38.83999999999997,40.19262707351554,37.4873729264844,231,0.7439696842251748
1669784400,39.7,39.9,39,39.9,38.88499999999997,40.31367071083778,37.456329289162156,28806,0.8552253126981247
1669788000,38.7,39.9,38.6,39,38.89499999999997,40.32395066395115,37.46604933604878,12887,0.536740246759009
1669791600,39,39.5,39,39,38.854999999999976,40.22390467162768,37.48609532837227,5279,0.5529620517064974
1669867200,39.9,39.9,39.8,39.8,38.94499999999997,40.313904671628,37.57609532837194,4713,0.8122934773037114
1669870800,39.8,39.8,38.7,39,38.95499999999997,40.32244286900955,37.58755713099039,20837,0.5164540694971129
1669874400,39,39,38.5,38.5,38.879999999999974,40.17243955371365,37.5875604462863,4343,0.3529911906100028
1669878000,38.5,38.9,38.5,38.9,38.92499999999997,40.15280291578294,37.697197084216995,2345,0.48981921297033754
1669953600,38.6,38.6,38.5,38.5,38.949999999999974,40.12046999107383,37.779530008926116,2000,0.3077695270140511
1669957200,38.5,38.5,37,37.9,38.89499999999997,40.15114489610299,37.638855103896944,38521,0.10394696380696701
1669960800,37.9,37.9,37.6,37.8,38.78999999999997,40.04363471553942,37.53636528446052,28355,0.10514813935494383
1669964400,37.8,38,37.8,38,38.77499999999997,40.05854976530146,37.49145023469848,126561,0.1981028624870131
1670212800,38.9,38.9,38.5,38.8,38.81499999999997,40.048328828823124,37.581671171176815,284801,0.4939188967088829
1670216400,38.5,38.6,38,38.5,38.76499999999997,39.96379105769333,37.566208942306616,9180,0.38947198166881986
1670220000,38.5,38.5,38.2,38.5,38.78999999999997,39.943949738942656,37.636050261057285,1161,0.37434461388860607
1670223600,38.5,38.5,38.5,38.5,38.78999999999997,39.943949738942656,37.636050261057285,21666,0.37434461388860607
1670299200,38.9,38.9,38,38,38.73999999999997,39.938999582988835,37.5410004170111,17149,0.1914094005957479
1670302800,38,39.2,38,39.2,38.724999999999966,39.89269002736457,37.55730997263536,15207,0.7033930190669171
1670306400,39.2,40.2,39.2,40.1,38.81999999999997,40.10467894822241,37.53532105177754,12216,0.9981789425953933
1670310000,40.2,41,40,40,38.86999999999997,40.252895513047,37.48710448695294,12780,0.9085630437509417
1670472000,40,41,39.2,41,38.94499999999997,40.59360547130171,37.29639452869824,6037,1.123254027653264
1670475600,41,41.5,41,41.4,39.01999999999997,40.94831532691282,37.091684673087116,7428,1.117118986397911
1670479200,41.3,41.4,38.5,38.5,38.99499999999997,40.93662303241553,37.053376967584406,10904,0.3725293242468024
1670482800,38.3,38.3,38.2,38.2,38.95499999999997,40.927282941163966,36.98271705883597,3490,0.30859744201955547
1670558400,41,41,41,41,39.01499999999997,41.15254532115856,36.87745467884138,1,0.9643176405083471
1670562000,40,40,40,40,39.06499999999997,41.24516054454874,36.8848394554512,141,0.7144337494635169
1670565600,40,40,40,40,39.13999999999997,41.34036360631737,36.93963639368258,30,0.6954222469256691
1670569200,38.8,38.9,38.7,38.7,39.12999999999997,41.33644510468952,36.92355489531042,6465,0.402558192114989
1670817600,40,40,38.7,39.9,39.199999999999974,41.41088217687107,36.98911782312888,1425,0.6583078481800158
1670821200,39,39.9,38.7,39.9,39.29999999999997,41.446625258401504,37.153374741598434,10052,0.6397542485936307
1670824800,39.9,39.9,39,39,39.35999999999997,41.400000000001846,37.319999999998096,660,0.41176470588244113
1670828400,39,39,39,39,39.40999999999997,41.361307254127105,37.45869274587283,7010,0.3949422242107714
1670907600,39,40,39,40,39.46999999999997,41.416381257618234,37.52361874238171,4713,0.6361500985291486
1670911200,40,40,40,40,39.54499999999997,41.451279098140404,37.63872090185954,8199,0.6193424405806783
1670914800,40,40,39,39,39.56999999999997,41.43343768342459,37.70656231657535,20001,0.34705686563329896
1670990400,39.3,40,39.3,40,39.64499999999997,41.44996537363147,37.840034626368464,39,0.598339836648996
1670994000,40,40,39,39,39.694999999999965,41.36529937436666,38.02470062563327,3613,0.29195346335339445
1670997600,40.3,40.3,39.5,39.5,39.709999999999965,41.367588610002365,38.052411389997566,6214,0.4366549701377167
1671080400,40.8,40.8,39.3,40,39.70499999999997,41.358450936680086,38.051549063319854,51053,0.5892073642633588
1671084000,40,40,39.8,40,39.70499999999997,41.358450936680086,38.051549063319854,460,0.5892073642633588
1671087600,40,40,40,40,39.65499999999996,41.206096386435206,38.10390361356471,35000,0.611211657449904
1671163200,39.2,39.2,39.2,39.2,39.544999999999966,40.882871443752975,38.20712855624696,300,0.37106384488177496
1671166800,39.5,40.5,39.5,40.5,39.64499999999997,40.95416003605734,38.3358399639426,70,0.8265452566727159
1671170400,40.4,40.4,40.4,40.4,39.75499999999996,40.922004712934616,38.587995287065304,561,0.776348498361272
1671174000,40,40,40,40,39.70499999999997,40.731596317940024,38.678403682059916,1100,0.6436786762453867
1671422400,39.1,39.1,39,39.1,39.65999999999996,40.70957134107773,38.610428658922196,4283,0.2332244231130984
1671426000,38.9,40,38.1,38.1,39.56499999999996,40.80156783073577,38.328432169264154,1943,-0.0923654018753772
1671433200,40,40,39,39,39.57999999999997,40.78099958368353,38.37900041631641,11240,0.258534470835925
1671508800,38.9,38.9,38.9,38.9,39.529999999999966,40.75653984852055,38.30346015147938,500,0.24317997056522364
1671512400,40,40.7,40,40.7,39.569999999999965,40.89075735849187,38.24924264150806,4440,0.9277848587155781
1671516000,39.8,39.8,39.8,39.8,39.609999999999964,40.90753612666827,38.31246387333166,6,0.5732156878313276
1671595200,40,40,40,40,39.65999999999996,40.93655787178295,38.38344212821697,25,0.6331706174531496
1671598800,39.4,39.5,39,39,39.609999999999964,40.90753612666827,38.31246387333166,4087,0.26493910748895055
1671602400,39.1,39.1,38.5,38.7,39.544999999999966,40.88734868793819,38.20265131206174,2684,0.1852531657412216
1671606000,39,39,38.7,38.7,39.529999999999966,40.90273449727503,38.157265502724904,482,0.19768371027043125
1671681600,40,40,40,40,39.529999999999966,40.90273449727503,38.157265502724904,10,0.6711911520155591
1671685200,38.5,38.5,38.5,38.5,39.50499999999996,40.93255034937864,38.07744965062128,400,0.14799840494684718
1671688800,38.7,40,38.5,40,39.529999999999966,40.97374512986494,38.086254870134994,9745,0.6627711118388298
1671692400,39,39,38.5,38.5,39.45499999999997,40.948284969457426,37.961715030542514,1000,0.1802351796432589
1671768000,39,40,39,40,39.45499999999997,40.948284969457426,37.961715030542514,1050,0.6824835885805645
1671771600,39,40,39,40,39.45499999999997,40.94828496945773,37.96171503054221,810,0.682483588580527
1671775200,40,40,39,39,39.444999999999965,40.947631025904066,37.942368974095864,340,0.35192639033517303
1671778800,39.8,40,39.8,40,39.419999999999966,40.867204201213134,37.9727957987868,19153,0.7003863723978375
1672113600,40,40,40,40,39.39999999999996,40.80285423334349,37.99714576665644,1750,0.7138497306915533
1672117200,40.2,40.2,40.2,40.2,39.40999999999997,40.832532952169984,37.98746704782995,75,0.777673708294392
1672120800,40.1,40.2,40.1,40.2,39.46499999999996,40.92002577297146,38.009974227028465,6090,0.7525728456682261
1672124400,40,40.4,40,40.4,39.57999999999997,40.94616250863797,38.21383749136197,4631,0.8001107096759416
1672200000,40.2,40.2,40.1,40.1,39.63499999999997,40.99187140142633,38.27812859857361,489,0.671350062913559
1672203600,40.1,40.2,40.1,40.2,39.699999999999974,41.03416640641558,38.36583359358437,626,0.6873829222485587
1672207200,40,40,40,40,39.66499999999997,40.92718065268335,38.402819347316594,1140,0.6327068353043697
1672210800,40,40,40,40,39.67499999999997,40.944448699242706,38.40555130075723,100,0.6280083236896076
1672286400,40.2,40.2,40,40,39.67499999999997,40.94444869924234,38.405551300757594,7000,0.6280083236896441
1672290000,40,40,40,40,39.72499999999997,40.962537878210746,38.4874621217892,6414,0.6111077102535322
1672293600,40,40,39.6,39.6,39.76999999999997,40.91734476074488,38.62265523925505,3007,0.4259159034771756
1672297200,39.7,40,39.7,40,39.834999999999965,40.87475958760112,38.79524041239881,4766,0.5793452649860671
1672372800,38,40.2,38,40.2,39.84499999999997,40.89471424683472,38.795285753165224,5708,0.6690936371829195
1672376400,40,40.1,39.5,40.1,39.92499999999997,40.777936105466345,39.07206389453359,148887,0.6025868168075407
1672380000,40,40.1,40,40,39.92499999999997,40.777936105466345,39.07206389453359,30043,0.5439657786318133
1672383600,40,40,40,40,39.99999999999997,40.547722557511946,39.452277442488,16130,0.500000000000026
1672632000,40,40,40,40,39.999999999999964,40.5477225575136,39.45227744248633,186,0.5000000000000324
1672635600,40,40,39.9,39.9,39.99499999999997,40.54445427472125,39.44554572527869,150,0.4135505861264241
1672639200,39.7,39.9,38.6,38.6,39.974999999999966,40.67607060986041,39.27392939013952,6434,-0.48064301987618113
1672642800,38.7,39.5,38.6,38.6,39.904999999999966,40.82690021152514,38.98309978847479,6416,-0.20777725380982026
1672718400,39,39.9,38.7,39.9,39.89999999999996,40.82086915466357,38.97913084533636,202519,0.5000000000000193
1672722000,38.8,38.8,38.7,38.8,39.82999999999997,40.855865488262324,38.804134511737615,7154,-0.0020151334580039903
1672725600,38.8,39.7,38.6,39.5,39.794999999999966,40.81573502928487,38.77426497071506,16486,0.35549628868589267
1672729200,39.5,39.5,38.5,38.5,39.699999999999974,40.82605506082396,38.57394493917599,15356,-0.032833624992493135
1672808400,39,39,38,38,39.59499999999997,40.92537588673556,38.26462411326438,28701,-0.09945464131708825
1672812000,38,38.9,38,38.9,39.529999999999966,40.86281656652697,38.19718343347296,32599,0.2636583998795903
1672815600,38.9,39.1,38.9,39.1,39.48499999999997,40.81206442948631,38.15793557051363,6000,0.3549429886576837
1672891200,39.1,39.5,38.6,38.6,39.41499999999998,40.77334458073268,38.05665541926727,6540,0.2000024840676447
1672894800,38.6,39.5,38.5,39.5,39.38999999999997,40.72251641641221,38.05748358358773,5263,0.5412752888614308
1672898400,39.5,40,39.5,40,39.38999999999997,40.72251641641221,38.05748358358773,5734,0.7288902382315238
1672902000,39.9,39.9,39.5,39.5,39.38499999999998,40.715075185847304,38.05492481415265,151,0.5432306388479694
1673240400,39,39,38.1,38.5,39.309999999999974,40.66188756929222,37.95811243070773,23471,0.20041887417308157
1673244000,38.5,38.7,38.5,38.7,39.23499999999997,40.546907008902984,37.92309299109696,1549,0.29609835286750885
1673247600,38.5,38.5,38.5,38.5,39.15499999999997,40.441040434826,37.868959565173945,295,0.2453423771669436
1673323200,38.6,39,38.6,39,39.104999999999976,40.332151172434486,37.877848827565465,170,0.457217984891108
1673326800,39,39,38.5,38.5,39.02999999999997,40.211693699741076,37.84830630025887,1064,0.275745609832696
1673330400,38.5,38.5,38.4,38.5,38.95499999999997,40.06940567120242,37.84059432879752,5116,0.29585531025294265
1673334000,38.5,38.5,38.5,38.5,38.88499999999998,39.92668133323367,37.84331866676629,5000,0.31520260192969873
1673409600,39.5,39.5,39.5,39.5,38.92999999999997,39.99602063770245,37.86397936229749,25,0.767349420752543
1673413200,39.5,39.5,39.2,39.5,38.97499999999997,40.05735853579468,37.89264146420527,440,0.7425259203109413
1673416800,39.5,40,39.3,40,38.97999999999997,40.08018180316208,37.87981819683786,622,0.963559748519917
1673420400,40,40,40,40,39.039999999999964,40.22220133649483,37.8577986635051,10,0.9060222105848582
1673496000,40,40,39.9,39.9,39.05999999999996,40.28539789456785,37.83460210543207,523,0.8427458149404794
1673499600,39.2,39.9,38.1,38.1,39.039999999999964,40.31342059038222,37.766579409617705,10948,0.13091534442764477
1673503200,38.1,38.1,38,38.1,39.044999999999966,40.30273606134596,37.78726393865397,34432,0.12432499590229933
1673506800,38.1,39,38,39,39.04999999999997,40.30618469979878,37.79381530020116,5135,0.48009846800077377
1673582400,39,39,38.5,38.5,39.01999999999997,40.298436545162886,37.74156345483705,120,0.29662658973281264
1673586000,38.5,38.5,38.4,38.4,39.00999999999997,40.30444969002572,37.71555030997422,451,0.2643786372308389
1673589600,38.2,38.8,37.9,37.9,38.92999999999997,40.28955875195118,37.57044124804876,30747,0.12120062905639907
1673593200,38,38,37.9,38,38.82999999999997,40.153782459472666,37.506217540527274,25283,0.18650438217372026
1673928000,38,38,38,38,38.754999999999974,40.088379165881314,37.421620834118634,4203,0.21688473192059637
1673931600,38.5,38.5,37.9,38,38.72999999999997,40.099817506096414,37.36018249390352,6235,0.23354114809050677
1673935200,38,38,37.9,38,38.694999999999965,40.10137832748154,37.28862167251839,31743,0.2529114369799369
1673938800,38,38,37.9,37.9,38.66499999999997,40.11175498962615,37.21824501037379,15970,0.23561521975547584
1674014400,38.5,38.9,38.5,38.9,38.65999999999997,40.10277510375236,37.21722489624758,10090,0.5831730459500705
1674018000,39,39,38,38,38.63499999999996,40.10506802564005,37.164931974359874,99091,0.28402359995433735
1674021600,38,38.9,38,38.5,38.63499999999996,40.10506802564005,37.164931974359874,60810,0.4540837574706172
1674025200,39,39,38.5,38.5,38.63499999999996,40.105068025640364,37.16493197435956,510,0.45408375747062696
1674111600,39,39.4,38.7,38.8,38.599999999999966,40.01844985812284,37.18155014187709,30575,0.5704994959302628
1674187200,38.8,39.5,38.8,39,38.57499999999997,39.945948576719424,37.20405142328051,3273,0.6550021668270795
1674190800,39,39.9,38.9,39.9,38.569999999999965,39.92070352039539,37.21929647960454,52099,0.9923360233823436
1674194400,39.8,42,39.8,40,38.56999999999996,39.92070352039606,37.219296479603855,159509,1.0293537695010544
1674198000,40,40,40,40,38.57499999999996,39.94594857672008,37.20405142327984,17,1.0197131475964023
1674446400,41.9,42.4,40.6,42,38.76999999999997,40.77708744204315,36.76291255795679,25232,1.3046485500183165
1674450000,41.9,42,41,41.8,38.95499999999997,41.32942624648711,36.58057375351283,47938,1.0990920973454283
1674453600,41.8,43,41.5,41.8,39.09499999999996,41.77416031622027,36.41583968377966,14806,1.0048223474391005
1674457200,42,42,42,42,39.26999999999997,42.214893886035505,36.32510611396443,1172,0.9635141546093536
1674532800,42.5,43,42.5,42.5,39.474999999999966,42.706021510298285,36.24397848970165,30770,0.9681182081825164
1674536400,42.6,43.4,42.5,42.5,39.70499999999996,43.105279400286285,36.30472059971364,4384,0.9109956375591786
1674540000,42.6,43,42,42,39.90499999999996,43.350852579553,36.45914742044692,48239,0.8039886285953334
1674543600,42.8,42.8,42,42,40.10499999999997,43.54969156819717,36.66030843180277,10900,0.7750609107496657
1674622800,42.5,42.5,41.6,42,40.304999999999964,43.70174844520609,36.908251554793836,5197,0.7495033157948757
1674626400,42.2,42.3,42,42,40.50499999999996,43.80498484845184,37.20501515154808,14012,0.7265161915366656
1674630000,42.2,42.2,42,42.2,40.719999999999956,43.86998412694603,37.57001587305388,161,0.7349218187068953
1674705600,42.1,42.4,42.1,42.4,40.89499999999996,44.009787312163,37.78021268783692,8111,0.741589529102535
1674709200,42.4,42.6,42.3,42.3,41.10999999999996,43.979773510229066,38.24022648977085,1698,0.7073334351575774
1674712800,42.3,42.5,42.3,42.4,41.30499999999996,43.960917920420634,38.64908207957928,1165,0.706143418736864
1674716400,42.5,42.5,42.5,42.5,41.50499999999995,43.872678187594964,39.13732181240494,1000,0.710121461018891
1674792000,42.6,43.6,42.6,43.6,41.744999999999955,43.93358401712438,39.55641598287553,22544,0.923789990579691
1674795600,43.3,46.4,43.3,45.2,42.05499999999996,44.35410852288677,39.755891477113146,101345,1.1839607545039053
1674799200,45.4,45.7,45,45.7,42.344999999999956,44.92916330753555,39.76083669246436,32337,1.1491462807742523
1674802800,45.7,45.7,45,45.5,42.61999999999996,45.31562608683253,39.92437391316739,3479,1.0341987180766814
1675051200,45,45.2,44.6,44.6,42.84999999999996,45.39283306569896,40.30716693430096,2646,0.8441043817634535
1675054800,44.2,44.6,43.6,44.2,42.959999999999965,45.536354012943455,40.383645987056475,619,0.7406501578917982
1675058400,43.7,44.2,43.2,43.2,43.02999999999996,45.55198334649795,40.50801665350197,2383,0.5337036325470003
1675062000,43.3,45,43.2,45,43.189999999999955,45.7845327132288,40.59546728677111,21275,0.8488104024997118
1675137600,45,45.5,43.2,45,43.33999999999996,45.98832022233203,40.69167977766789,687,0.8134062085849781
1675141200,44.9,45,44.3,44.3,43.42999999999996,46.08035846632369,40.77964153367623,4005,0.6641287416503329
1675144800,44.9,45,44,45,43.55499999999996,46.253499583104336,40.85650041689558,8435,0.767741379144054
1675148400,45,45,44.9,44.9,43.69999999999995,46.36007518691035,41.039924813089556,377,0.7255575342202661
1675227600,44.1,44.9,44,44.9,43.844999999999956,46.43380281211496,41.25619718788495,365,0.703762139600375
1675231200,44.9,45.3,43,45,43.994999999999955,46.484558193739474,41.505441806260436,770031,0.7018430423774215
1675234800,45,45.5,45,45.5,44.16999999999995,46.56424309543056,41.77575690456934,6683,0.7777495740800798
1675310400,44.2,45.7,44.2,45.5,44.33499999999996,46.615592028402844,42.05440797159707,19420,0.7554161343832941
1675314000,45.7,47.8,45.7,47.5,44.58999999999996,47.0790962215255,42.10090377847442,51303,1.084549519386705
1675317600,47.5,47.7,46.2,46.2,44.78499999999996,47.13299914821398,42.43700085178594,26534,0.8013203818826649
1675321200,46.2,46.3,46.2,46.3,44.97999999999996,47.143885394380476,42.81611460561945,2370,0.8050069110471376
1675396800,47,47.5,46.5,46.5,45.17999999999996,47.11762741516892,43.242372584830996,1801,0.8406227610288376
1675400400,47,47.3,46.2,46.2,45.30999999999996,47.15271538768586,43.46728461231406,1171,0.7414914440796292
1675404000,46.2,47.2,46.2,47.1,45.40499999999996,47.40447493107933,43.40552506892059,3432,0.9238612781919294
1675656000,46.5,47.3,46.5,46.5,45.44499999999995,47.49777860472503,43.39222139527487,26837,0.7569687733425453
1675659600,47.3,47.3,45.5,47,45.51999999999996,47.682036077407695,43.357963922592226,16778,0.8422699591984952
1675663200,47,47,45.2,47,45.63999999999996,47.85033934046652,43.4296606595334,6886,0.8076450694925811
1675666800,46.9,47,46.3,46.3,45.74499999999996,47.8695940788797,43.62040592112022,183696,0.6306131852472914
1675742400,46.3,47.3,46.3,47.3,45.94999999999995,47.82989361401539,44.070106385984516,2027,0.8590628719453053
1675746000,46.5,48,46.5,47.9,46.094999999999956,48.10246108306336,44.08753891693655,109425,0.9495728498122602
1675749600,47.9,48.3,47,47,46.19499999999996,48.17335790493331,44.216642095066604,22401,0.7034515589905763
1675753200,47.1,47.5,47.1,47.5,46.35499999999996,48.20807851965657,44.501921480343356,565,0.8089453544073834
1675832400,46.5,48,46.5,48,46.50499999999996,48.38060656855677,44.62939343144315,27792,0.8985377384209019
1675836000,47.9,48,47,47.1,46.61499999999997,48.35428146083707,44.87571853916286,82458,0.6394253923015448
1675839600,47.9,48,47.9,48,46.76999999999996,48.420575657161336,45.119424342838585,155087,0.8725972798227761
1675915200,48,48,47.6,47.6,46.89999999999996,48.37241298554865,45.42758701445128,775,0.737705048403654
1675918800,47.6,49,47.6,48,47.02499999999996,48.42339193362036,45.62660806637957,8663,0.8486147111403134
1675922400,47.7,47.9,47.7,47.8,47.13999999999996,48.38803846095237,45.89196153904754,3222,0.7644149281651038
1675926000,48,48,47.8,47.9,47.159999999999954,48.44280941687224,45.87719058312767,10507,0.788429438647362
1676001600,47.8,47.8,47.8,47.8,47.23999999999996,48.471909087561045,46.008090912438874,100,0.7272894995476968
1676005200,47.6,47.6,47,47.6,47.304999999999964,48.46685196992212,46.14314803007781,3043,0.6269524894896046
1676008800,47.1,47.6,47,47,47.329999999999956,48.441935249920625,46.218064750079286,12865,0.3516100645143235
1676012400,47,47.3,47,47,47.369999999999955,48.368198377086486,46.371801622913424,3849,0.31466609819588975
1676260800,46.7,47.5,46.6,47.5,47.38999999999996,48.38176610146539,46.39823389853453,4390,0.5554566242168927
1676264400,47.5,47.5,46.6,46.6,47.39499999999996,48.36962813422048,46.420371865779444,151,0.09215213880739222
1676268000,46.9,46.9,46.5,46.5,47.36999999999996,48.40749698795262,46.332503012047304,12049,0.08072167432660472
1676271600,46.5,46.8,46.5,46.8,47.359999999999964,48.41527247666725,46.30472752333268,8720,0.23466568474876998
1676347200,46.5,46.5,46.5,46.5,47.36999999999996,48.3880373274157,46.35196267258422,8724,0.07270721977924284
1676350800,46.5,46.5,45,45,47.25499999999996,48.706171940196924,45.803828059802996,14713,-0.2769582423478688
1676354400,46,46.4,46,46,47.159999999999954,48.677102501486004,45.6428974985139,10235,0.11769227891203894
1676358000,46,46,46,46,47.10999999999996,48.70862440867582,45.5113755913241,15479,0.1528265194826566
1676433600,46,46,46,46,47.034999999999954,48.693041012766365,45.37695898723354,2500,0.18788468076761397
1676437200,46,46.4,46,46,46.93499999999996,48.58941832678826,45.28058167321166,2276,0.21742334303831698
1676440800,45.1,45.1,45.1,45.1,46.834999999999965,48.66942088954794,45.00057911045199,803,0.027098712763926447
1676444400,45.1,46,45,46,46.734999999999964,48.521924732609406,44.94807526739052,13131,0.294339407086653
1676520000,46.4,46.8,46.4,46.8,46.69499999999996,48.4379572570817,44.952042742918216,598,0.5301212205788232
1676523600,46.5,46.8,45.5,45.5,46.56999999999996,48.27891778620666,44.86108221379325,1282,0.18693637323096646
1676527200,46,46,45.5,45.5,46.45499999999996,48.126496335626065,44.78350366437386,1112,0.21432782123263144
1676530800,45.9,45.9,45.5,45.5,46.334999999999965,47.916486642375496,44.753513357624435,50,0.23600788725419689
1676606400,46.8,47,46.8,47,46.294999999999966,47.76261711628413,44.8273828837158,529,0.7401852609163521
1676610000,46.9,47,46,46,46.21499999999996,47.55854009988992,44.871459900110004,4277,0.41998750166907173
1676613600,46.9,46.9,46,46.5,46.18999999999996,47.49215206485715,44.88784793514277,4886,0.6190337167088225
1676617200,46,46,46,46,46.139999999999965,47.38963994815049,44.89036005184944,12217,0.4439838650296167
1676865600,47.4,47.5,47,47,46.11499999999997,47.27133040261488,44.958669597385054,1805,0.8826760924034793
1676869200,47.5,47.8,47,47.8,46.17499999999996,47.53275550082173,44.817244499178194,4685,1.0984140734530339
1676872800,47.6,47.6,47,47.3,46.21499999999996,47.65343665137365,44.77656334862627,4290,0.8771455624979635
1676876400,47.3,47.6,47,47.6,46.25499999999996,47.79704409794724,44.71295590205268,5191,0.9361094477746973
1676952000,47.9,47.9,47,47.7,46.31499999999996,47.97906129695157,44.650938703048354,1952,0.9161505356014289
1676955600,47,47.7,47,47.6,46.444999999999965,48.08387156300034,44.806128436999586,12542,0.8523766065857871
1676959200,47,47.5,47,47.5,46.51999999999997,48.20712773672036,44.832872263279576,3462,0.7904344403420973
1676962800,47.6,48,47.6,48,46.61999999999996,48.406169084945184,44.83383091505474,6682,0.8863016137809708
1677038400,47.5,48.9,47.5,48.8,46.75999999999996,48.75639675415799,44.763603245841935,33989,1.010920486058493
1677042000,48.8,48.8,48.5,48.8,46.89999999999996,49.05034880891738,44.74965119108255,11246,0.9417887907582265
1677045600,48.5,48.6,48,48,47.04499999999996,49.0781994491474,45.01180055085252,14662,0.7348515292979475
1677049200,48,48,48,48,47.14499999999997,49.15942299431141,45.13057700568852,20,0.7122195791088758
1677124800,48,48,47.2,47.5,47.179999999999964,49.19355407178741,45.16644592821252,5564,0.5794614866527944
1677128400,47.5,48,47.5,47.5,47.27999999999996,49.142900963554624,45.41709903644529,7087,0.5590476907533108
1677132000,47.5,47.8,47,47.8,47.39499999999996,49.07960677904757,45.71039322095235,6207,0.620206093504207
1677135600,47.5,47.8,47.5,47.8,47.509999999999955,48.95899965493922,46.06100034506069,2087,0.6000690369426614
1677211200,47.8,48,47.7,48,47.55999999999996,49.00416065588734,46.11583934411258,33505,0.652337621928108
1677214800,48.3,48.3,48,48,47.65999999999996,48.92396202475066,46.396037975249264,24681,0.6344977116963226
1677218400,48.2,48.2,48,48,47.734999999999964,48.88786599395153,46.5821340060484,22002,0.6149309639586652
1677222000,48,48,48,48,47.834999999999965,48.67231714422379,46.99768285577614,2251,0.5985289750354904
1677470400,48.4,48.9,48,48,47.88499999999996,48.63139131828475,47.138608681715176,13930,0.5770373376423432
1677474000,48.6,48.6,48,48,47.89499999999997,48.64192703794323,47.1480729620567,15032,0.5702879897674877
1677477600,48.1,48.5,48,48.4,47.94999999999997,48.67525857458738,47.22474142541255,689,0.8102341811374155
1677481200,48.1,48.1,48.1,48.1,47.97499999999996,48.684577338994984,47.26542266100493,1200,0.5880806031496723
1677556800,48,48,47.8,47.8,47.97999999999996,48.683135833258596,47.276864166741326,5500,0.3720019721041904
1677560400,47.8,48,47.8,47.9,47.99499999999996,48.677568677873325,47.3124313221266,342,0.4304099330371055
1677564000,47.9,47.9,47.9,47.9,48.014999999999965,48.660832795707556,47.369167204292374,5,0.410967667820299
1677567600,47.8,47.8,47.7,47.7,47.999999999999964,48.66030296077676,47.33969703922317,343,0.272831550197023
1677643200,47.7,48.8,47.7,48.8,47.999999999999964,48.66030296077814,47.33969703922179,408,1.1057825328067763
1677646800,48.8,48.8,48,48,47.959999999999965,48.509181208722026,47.410818791277904,78915,0.5364178520356826
1677650400,48.7,48.7,48,48,47.959999999999965,48.509181208722026,47.410818791277904,51,0.5364178520356826
1677654000,48,48.6,48,48.6,47.98999999999997,48.60611687203897,47.373883127960966,6552,0.9950359482781874
1677729600,48.5,48.5,48.1,48.1,48.01999999999997,48.59480431453968,47.445195685460256,155,0.5695889000625332
1677733200,48.4,48.4,48.4,48.4,48.06499999999996,48.61006880300957,47.519931196990356,43,0.8073006546607773
1677736800,48.1,48.7,48.1,48.7,48.10999999999997,48.706322060643274,47.51367793935667,6912,0.994699122285992
1677740400,48.8,48.8,48.7,48.8,48.15999999999997,48.80930732323944,47.5106926767605,195,0.99283288289973
1677816000,48.5,49,48.5,49,48.209999999999965,48.95000000000849,47.469999999991444,9438,1.0337837837776604
1677819600,48.7,51,48.7,51,48.35999999999997,49.77619207737201,46.94380792262793,32216,1.4320769555846387
1677823200,51,52.8,50,51.6,48.53999999999997,50.52736005796904,46.5526399420309,64699,1.269865527821646
1677826800,52.5,52.6,52.3,52.4,48.75999999999998,51.344105261015514,46.17589473898444,23928,1.2043056749494647
1678161600,52.5,56.1,52.4,56.1,49.16499999999997,53.249250237192925,45.08074976280702,51798,1.3489930338801126
1678165200,55.8,56,54.9,55,49.51499999999997,54.28250458835764,44.747495411642305,489134,1.0752485286951268
1678168800,55,55,54,54.3,49.80999999999997,54.97832661506712,44.641673384932815,62830,0.9343765723813192
1678172400,55,55.5,54.6,55.5,50.17999999999997,55.84166053380171,44.518339466198235,133597,0.9698268262674973
1678248000,55,55.4,55,55.4,50.559999999999974,56.54277527574032,44.57722472425963,13390,0.904494551184784
1678251600,55.4,55.5,55,55.5,50.93999999999997,57.159453352185565,44.72054664781437,23731,0.8665917036259777
1678255200,55.5,56,54.9,55,51.29499999999997,57.58991064273445,45.000089357265495,295851,0.794285352904596
1678258800,55,56.5,55,56,51.709999999999965,58.0958906974683,45.32410930253163,243567,0.835896760783957
1678334400,55,56.4,54,54,51.96999999999997,58.28382609833473,45.65617390166521,5296,0.6607583079090057
1678338000,54.2,56,54.1,56,52.36999999999997,58.64059805760272,46.099401942397215,10419,0.7894460756896111
1678341600,56,56.3,55.1,56.3,52.78499999999997,58.94138692741232,46.62861307258762,74388,0.7854758839432996
1678345200,55.3,56.4,55.3,55.3,53.11999999999997,59.05417222534123,47.185827774658705,33282,0.6836818950662205
1678420800,55,55,53.9,53.9,53.40999999999997,58.88353633403602,47.93646366596391,7235,0.5447608246384579
1678424400,53.9,55.4,53.9,55,53.739999999999974,58.740959907858695,48.73904009214125,19182,0.6259758149650438
1678428000,55,55.2,55,55,54.05499999999997,58.51032265947279,49.59967734052715,29310,0.606052925032353
1678431600,55,55.1,54.9,55,54.36499999999997,58.12280521049359,50.607194789506345,103636,0.5844908083882054
1678680000,53.2,54.9,53.1,53.5,54.589999999999975,57.47298456465027,51.70701543534968,2502,0.31095979261127393
1678683600,53.5,53.5,53,53.5,54.71499999999996,57.145864043918735,52.28413595608119,35896,0.25008886181037293
1678687200,53.2,53.5,53.2,53.3,54.79999999999997,56.883266665603465,52.71673333439647,4811,0.13998847944762735
1678690800,53.3,53.5,53.2,53.2,54.83999999999996,56.761874085370465,52.91812591462946,19495,0.07333313028054225
1678766400,52.7,53.2,52.3,52.3,54.64999999999996,56.77649947096562,52.52350052903431,2120,-0.052551277836156304
1678770000,53,53,52.3,53,54.54999999999997,56.786515146386186,52.31348485361375,2367,0.15347876080685763
1678773600,53,53.5,53,53.4,54.504999999999974,56.79539297938422,52.21460702061573,25668,0.25877502028122545
1678777200,53.5,53.5,53.5,53.5,54.40499999999997,56.68752053660256,52.12247946339738,6871,0.30175424810262236
1678852800,53.6,54,53.5,53.5,54.30999999999997,56.577068591819184,52.04293140818075,4303,0.3213552066922732
1678856400,53.5,54,53.5,54,54.23499999999997,56.43797526087173,52.03202473912821,1805,0.44666304152980435
1678860000,54,54,53,53,54.13499999999997,56.37131393145411,51.89868606854583,3428,0.246234197257371
1678863600,53,53.5,53,53,53.98499999999997,56.0999704489698,51.87002955103014,2133,0.2671362263052539
1678939200,53,53,53,53,53.93499999999997,56.09303151043139,51.776968489568546,400,0.28336738933597705
1678942800,53.1,54,53.1,53.6,53.81499999999996,55.75641700827452,51.87358299172541,7023,0.444628073442335
1678946400,53.7,53.7,53.5,53.7,53.68499999999997,55.25633701032423,52.1136629896757,26975,0.5047730053774208
1678950000,53.7,54.1,53.5,53.5,53.594999999999956,54.98132607997515,52.208673920024765,35795,0.46573677673233405
1679025600,53.2,53.2,53.2,53.2,53.55999999999996,54.94910042834115,52.17089957165877,1,0.37041973616340484
1679029200,53,53.5,53,53.5,53.48499999999996,54.706924711273,52.26307528872692,1304,0.5061378577017301
1679032800,53.9,54,53.2,53.2,53.39499999999997,54.403910303254655,52.38608969674528,6010,0.40336108206502314
1679036400,53.2,54,53.2,54,53.344999999999956,54.0972632518072,52.59273674819271,4680,0.9353529156358941
1679288400,53.5,54.1,53.5,54.1,53.374999999999964,54.19445103576411,52.55554896423582,5730,0.9423693230944343
1679292000,54.1,54.5,54,54.5,53.42499999999997,54.379725091329775,52.47027490867016,6471,1.0629892886248011
1679295600,54.3,55,54.3,55,53.509999999999955,54.68285975291989,52.33714024708002,31123,1.1351995608556624
1679371200,55,55.3,55,55,53.599999999999966,54.92966161109371,52.270338388906225,12550,1.0264497328942344
1679374800,55,55,54.1,55,53.73499999999996,55.057535443766625,52.41246455623329,8542,0.978248052240188
1679378400,55,55,54,54,53.784999999999954,55.06761451731205,52.502385482687856,6861,0.5838131789006292
1679382000,55,55,54,54,53.81499999999996,55.08822425362407,52.541775746375855,92,0.5726502026149178
1679457600,54,54.5,53,53,53.789999999999964,55.10590273197354,52.474097268026384,1802,0.1998258378812208
1679461200,53,53,53,53,53.764999999999965,55.12039662092507,52.40960337907486,500,0.21779478117710457
1679464800,53,54,53,53,53.71499999999996,55.105359665704626,52.324640334295296,5009,0.24287228778404504
1679468400,53,53,52.7,52.7,53.69999999999995,55.126884718545945,52.27311528145396,1600,0.14958626755111684
1679544000,52.6,52.6,52.4,52.4,53.66999999999996,55.17744817490284,52.162551825097076,3110,0.07875832113373331
1679547600,52.4,52.6,51.5,52,53.61999999999996,55.27239220526381,51.96760779473611,1390,0.009801609194445718
1679551200,52,53.2,52,52.1,53.54499999999996,55.32542129846248,51.76457870153744,1525,0.09419717084720781
1679554800,53,53,53,53,53.509999999999955,55.30432438539367,51.71567561460624,20,0.3578852285151188
1679630400,52.6,52.6,52.6,52.6,53.46499999999996,55.30268876581861,51.62731123418131,125,0.2646500277715356
1679634000,52.3,52.6,52.1,52.6,53.43499999999996,55.30825919189502,51.5617408081049,3001,0.27712641058623577
1679637600,52.6,53,52.4,52.4,53.37999999999996,55.306239860457715,51.453760139542204,1613,0.24561838841631276
1679641200,52.3,52.5,52.1,52.5,53.344999999999956,55.308135247510954,51.38186475248896,2625,0.28478304001945176
1679889600,52.1,52.4,52.1,52.1,53.24999999999996,55.260472581264786,51.23952741873513,7053,0.21399759173127642
1679893200,52.2,52.2,52.1,52.2,53.15499999999995,55.175371253017836,51.13462874698207,10768,0.2636572984857514
1679896800,52.1,52.3,52.1,52.2,53.03999999999995,55.00203975495431,51.07796024504559,7939,0.2859370591551837
1679900400,52.1,52.1,52.1,52.1,52.894999999999946,54.67654427394416,51.11345572605573,240,0.27687896629145486
1679976000,52.2,52.2,52.1,52.2,52.75499999999995,54.273519015363675,51.23648098463623,6025,0.3172561573530859
1679979600,52.1,52.2,51.5,51.5,52.57999999999995,53.800819396971676,51.35918060302822,10369,0.05767413153865535
1679983200,50.3,52,50.1,52,52.47999999999995,53.5356514576422,51.42434854235769,1408,0.272652234539607
1679986800,51,51.5,51,51.5,52.35499999999995,53.23925109557279,51.470748904427104,8234,0.01654003920342674
1680062400,51.9,51.9,51.9,51.9,52.29999999999994,53.1532291603235,51.44677083967638,500,0.2655963845350436
1680066000,51.2,51.2,51.1,51.1,52.20499999999995,53.14409530933875,51.265904690661145,2500,-0.08833219004040896
1680069600,51.1,51.5,51.1,51.2,52.11499999999995,53.07682118921362,51.15317881078629,3900,0.02433986157655499
1680073200,51.2,51.2,51.1,51.1,52.03499999999995,53.05338106817787,51.01661893182202,844,0.04093804901890144
1680152400,51.1,51.3,51.1,51.3,51.97999999999994,53.0318555033967,50.92814449660318,4025,0.17676168551477947
1680156000,52.8,53,52.8,53,52.02999999999995,53.172103322830644,50.88789667716926,7821,0.9246550993284534
1680159600,53,53,52.8,52.8,52.06499999999994,53.255420093926546,50.874579906073336,6561,0.8087145469695728
1680235200,53,53.9,53,53.9,52.10999999999994,53.49115893365757,50.72884106634231,2020,1.1480065242237254
1680238800,54.4,55.4,54,55,52.22999999999995,54.09343768342872,50.366562316571176,177468,1.2432499687628902
1680242400,55,55.2,54.5,55,52.349999999999945,54.56855809029695,50.131441909702936,54606,1.097234756121551
1680246000,54.9,55,54.9,55,52.47999999999994,54.98167943590417,49.97832056409571,17788,1.0036616530145495
1680494400,55.8,55.8,55.8,55.8,52.64499999999994,55.53531140191246,49.75468859808742,3,1.0457889412733163
1680498000,54.6,54.7,54.2,54.2,52.74999999999994,55.70533416046708,49.794665839532804,14915,0.7453191282725984
1680501600,54.3,54.3,54.3,54.3,52.85499999999994,55.87326108877718,49.8367389112227,20030,0.7393762430581275
1680505200,53.8,54,53.8,54,52.944999999999936,55.9870223536372,49.90297764636267,4015,0.673404379941296
1680580800,54,54,54,54,53.03999999999994,56.08919661550792,49.99080338449196,750,0.6574185139648868
1680584400,54,54,54,54,53.12999999999994,56.1809670598072,50.079032940192675,5149,0.6425777438670579
1680588000,54.1,54.2,53.8,54.2,53.264999999999944,56.253829202217034,50.276170797782854,2274,0.6564157629526778
1680591600,54.1,54.5,54.1,54.5,53.389999999999944,56.36583601699185,50.41416398300804,11801,0.6865022120946853
1680753600,53.1,53.1,53.1,53.1,53.469999999999935,56.32173631320099,50.61826368679888,1335,0.43512724190396634
1680757200,53.9,54.7,53.5,53.5,53.54999999999994,56.3093477490212,50.79065225097868,529,0.4909398878742856
1680760800,54.7,55,54,55,53.74499999999993,56.32993713657257,51.1600628634273,18944,0.7427525184740218
1680764400,55,56,55,55,53.934999999999945,56.2923502073356,51.57764979266429,59927,0.725889220168892
1681099200,55.5,55.5,53.1,55.3,54.14499999999994,56.18114832466355,52.108851675336325,56217,0.783623738509048
1681102800,55,55,55,55,54.32999999999994,55.922607924138255,52.73739207586163,250,0.7103468122458843
1681106400,55,55.1,55,55,54.429999999999936,55.92412181566013,52.93587818433974,44637,0.6907474993088846
1681110000,55,55.2,55,55,54.53999999999994,55.8505723940428,53.229427605957085,4938,0.675495837578666
1681113600,55.2,57,55,55,54.594999999999935,55.88569748586984,53.30430251413003,30571,0.6568919148111235
1681185600,57,57,55.1,56.9,54.68999999999994,56.320828010560824,53.05917198943906,12925,1.177569917149014
1681192800,56,57,56,57,54.78999999999994,56.705097908731496,52.87490209126839,13522,1.0769939985637158
1681196400,56.5,57,56.5,57,54.889999999999944,57.0337350582634,52.746264941736484,1057,0.9921317099952803
1681200000,56.6,57,56.5,57,54.94999999999993,57.253475634781694,52.64652436521817,830,0.9449797447486983
1681272000,56.5,57.2,56.5,57.2,55.09999999999993,57.57305479115049,52.62694520884937,15720,0.9245761168564874
1681275600,57.1,57.8,57.1,57.2,55.24499999999993,57.849976007573424,52.64002399242644,1049,0.8752433792703397
1681279200,57.2,57.2,57.2,57.2,55.40499999999994,58.07668486166133,52.73331513833855,125,0.8359303385212586
1681282800,57.2,57.2,56.5,56.5,55.52999999999994,58.160665315092295,52.89933468490758,4956,0.6843640075449902
1681286400,56.5,56.7,56.5,56.7,55.66499999999993,58.244360385838654,53.0856396141612,1090,0.7006311343080361
1681704000,57.3,58,56.5,57.5,55.82999999999993,58.4354558142547,53.22454418574515,21284,0.820481351259786
1681707600,57.3,57.3,56.9,57,55.95499999999993,58.53296431318079,53.37703568681906,9551,0.7026792990611034
1681711200,57,57,55.1,56.8,56.13999999999993,58.380892679276336,53.89910732072352,6913,0.6472627417867206
1681714800,56.8,57,56.4,56.4,56.284999999999926,58.1710275713881,54.39897242861175,3663,0.530487359184105
1681718400,57,57,56.6,56.6,56.36499999999993,58.15974232134676,54.5702576786531,248,0.5654690083375643
1681790400,56.5,57,56,56.8,56.45499999999993,58.14434898704631,54.76565101295355,5834,0.6021103403279805
1681794000,56,56,54.6,55,56.43999999999992,58.174819875387925,54.705180124611914,12388,0.08497132168322295
1681797600,55,55.2,55,55,56.43999999999992,58.174819875387925,54.705180124611914,10557,0.08497132168322295
1681801200,56,56,56,56,56.48999999999992,58.10975306761264,54.8702469323872,1,0.34874237629254645
1681876800,55,56,55,55.1,56.49499999999991,58.09684268891834,54.89315731108148,22206,0.0645639832018028
1681880400,55.2,55.4,55,55,56.49499999999991,58.09684268891834,54.89315731108148,42910,0.03334993181841704
1681884000,55,55.1,55,55.1,56.4049999999999,58.104970587994714,54.70502941200509,57102,0.11616982987358526
1681887600,55,55.1,55,55.1,56.30999999999991,58.0773709288212,54.54262907117862,8893,0.15768363045133665
1681891200,55.1,55.1,55,55.1,56.214999999999904,58.027484482704914,54.402515517294894,9376,0.1924111597535332
1681963200,54.1,56,54.1,56,56.16499999999991,57.94294825572802,54.387051744271794,2263,0.45359819964717274
1681966800,55,55,55,55,56.05499999999991,57.83542129846958,54.27457870153023,10000,0.203721809858512
1681970400,55,55,55,55,55.9449999999999,57.70053410677434,54.18946589322546,5001,0.23085114201050416
1681974000,54.6,55,54.5,55,55.83499999999991,57.53708695431382,54.132913045685996,5500,0.2547128841203988
1681977600,55,55,55,55,55.75999999999991,57.47043854027031,54.04956145972952,4999,0.27783475345458253
1682049600,55,55,54.9,55,55.67499999999991,57.3588942959831,53.991105704016725,680,0.2995717422375984
1682053200,55,55,54.4,54.5,55.5249999999999,57.05976382549514,53.99023617450466,725,0.16607240053069713
1682056800,54.9,55,54.9,55,55.4249999999999,56.81622248402268,54.033777515977114,630,0.34725663764037557
1682060400,55,55,54.9,55,55.3349999999999,56.58443987452292,54.08556012547688,11800,0.36593992763045546
1682064000,55,55,55,55,55.26499999999991,56.421330402628975,54.10866959737084,14512,0.38541337346255167
1682308800,55,55,54.5,55,55.1849999999999,56.169428768396855,54.20057123160295,2460,0.40603687847260017
1682312400,54.5,55,54.4,54.5,55.0699999999999,55.76885620842012,54.371143791579684,14946,0.09219078750949301
1682316000,54.5,54.5,54.2,54.4,55.03999999999989,55.79736384918379,54.282636150815996,13210,0.07748181360284671
1682319600,54.4,54.4,54.2,54.4,55.0099999999999,55.817217442855394,54.2027825571444,25680,0.1221588090056305
1682323200,54.3,54.4,53.8,53.8,54.8999999999999,55.73666002656376,54.06333997343604,16251,-0.15737573511045394
1682395200,54,54,51.3,52.1,54.74999999999991,56.22309198628099,53.276908013718824,21722,-0.39946860911585136
1682398800,51.5,51.6,50,50,54.49999999999991,57.03377189187288,51.966228108126934,17886,-0.38800416770617246
1682402400,50.1,50.9,50.1,50.2,54.25499999999992,57.38643736965003,51.1235626303498,32732,-0.14746624653920382
1682406000,50.9,51,50.9,51,54.04999999999991,57.457931924208964,50.64206807579086,27562,0.05251453552614797
1682409600,51.7,51.7,51.7,51.7,53.8799999999999,57.39886345288461,50.361136547115194,500,0.19024089323318719
1682481600,53.4,53.4,51.5,51.7,53.66499999999991,57.16487142621636,50.165128573783456,1103,0.2192754017646622
1682485200,51.7,51.7,51.5,51.5,53.48999999999991,57.05477208248221,49.92522791751761,2923,0.22087977099868478
1682492400,51.9,52,51.9,52,53.3399999999999,56.89043659287828,49.78956340712151,2682,0.3112908138272733
1682496000,52,52,52,52,53.189999999999905,56.7004985401003,49.67950145989951,3500,0.3305084040903954
1682568000,51.9,51.9,50.3,50.4,52.9599999999999,56.567436763139256,49.35256323686055,367,0.14517742540106576
1682571600,50.5,53,50.5,52.9,52.854999999999905,56.3389489089317,49.37105109106811,1421,0.5064581888506929
1682578800,51,53,51,52,52.729999999999905,56.14766001820657,49.31233998179324,20375,0.3932017819047206
1682582400,52,52.1,52,52,52.57999999999989,55.84594549863468,49.314054501365106,11706,0.411204886878495
1682654400,52,52,52,52,52.42999999999989,55.50772643359553,49.35227356640426,4545,0.4301432389659249
1682658000,51,52,51,51.9,52.2749999999999,55.123069521632054,49.426930478367744,1298,0.4341659328974179
1682661600,51.9,51.9,51,51,52.07499999999989,54.68105065185874,49.46894934814104,1049,0.2937492121971785
1682665200,51,51,51,51,51.8999999999999,54.29248824449542,49.507511755504375,14500,0.311911301535011
1682668800,51,51,51,51,51.72999999999989,53.856123232564784,49.603876767435,500,0.3283260375459894
1683000000,50.7,51,50.7,50.7,51.54499999999989,53.3254212984716,49.76457870152817,33180,0.26269661547937573
1683003600,50.7,52,50.3,50.3,51.36999999999989,52.8998365925979,49.84016340740188,25266,0.15028944752106133
1683007200,50.3,50.3,50,50,51.26499999999989,52.86659295704433,49.66340704295544,3652,0.10508068094458346
1683010800,50,50,49.9,49.9,51.25999999999988,52.87789987330971,49.642100126690046,1055,0.0797020500355043
1683014400,50.1,50.2,50,50.2,51.25999999999989,52.87789987330804,49.642100126691744,21978,0.17241483311557199
1683086400,50,50,50,50,51.20999999999989,52.91634111479904,49.503658885200736,905,0.14544017913372712
1683090000,50.9,50.9,50.2,50.2,51.13499999999989,52.880021489853846,49.38997851014594,2030,0.2320949898221192
1683093600,50.9,50.9,50.9,50.9,51.09499999999989,52.822975694288566,49.36702430571122,19,0.4435755952342356
1683097200,50.9,51,50.9,51,51.069999999999894,52.78825492871422,49.35174507128557,226,0.4796304963745191
1683100800,51,51.9,51,51,51.01999999999989,52.68445186174117,49.35554813825861,2898,0.49399201609262333
1683172800,51,51,51,51,50.969999999999885,52.572622850222196,49.367377149777575,1170,0.5093596568886913
1683176400,51,52,51,52,51.04999999999988,52.6901219467029,49.409878053296865,625,0.7896126114005764
1683180000,52,52,52,52,51.00499999999989,52.48077098496108,49.529229015038695,51,0.8371119266267032
1683518400,51.2,53.4,51.2,53.4,51.07499999999989,52.837810256395294,49.312189743604485,592,1.1594583823089022
1683522000,51.3,51.5,51.3,51.4,51.04499999999989,52.76369136265148,49.3263086373483,260,0.6032762506737737
1683525600,53,53,53,53,51.09499999999989,52.97273800090723,49.21726199909256,1,1.0072592659571247
1683529200,52,52,52,52,51.09999999999989,52.98679622642457,49.2132037735752,2006,0.7384995229997714
1683532800,51.6,51.6,51.2,51.2,51.109999999999886,52.99669022365963,49.223309776340145,641,0.5238512922978786
1683604800,51.2,53,51.1,52,51.15999999999989,53.08499350649597,49.23500649350381,10406,0.7181825541658836
1683608400,52,52,52,52,51.20999999999989,53.167447317311975,49.2525526826878,1485,0.701793425808496
1683612000,52,52,52,52,51.274999999999885,53.24667441532648,49.30332558467329,411,0.6838538843848676
1683615600,52,52,50.2,51,51.30999999999989,53.235512918692116,49.38448708130766,4710,0.4195019682832264
1683619200,51,51,51,51,51.359999999999886,53.196736235841975,49.5232637641578,4433,0.40200008227233663
1683691200,50.3,50.3,50.3,50.3,51.379999999999896,53.160561709138335,49.59943829086146,35,0.19672491707055784
1683694800,51.9,51.9,51.1,51.1,51.42499999999988,53.127791825225714,49.72220817477405,32,0.40456848712062043
1683698400,51.9,52,51.9,52,51.524999999999885,53.112293293645735,49.937706706354035,1500,0.6496257817952121
1683702000,51.5,51.5,51.5,51.5,51.58999999999988,53.05683332388355,50.12316667611621,5100,0.46932166779467704
1683705600,51.5,52,51.5,52,51.64499999999988,53.08649228234301,50.203507717656755,5000,0.6231362818755678
1683777600,50.8,52,50.8,52,51.694999999999894,53.11270942017387,50.277290579825916,561,0.6075678822683839
1683784800,52,52,50.9,52,51.74499999999989,53.13132607998689,50.35867392001289,281,0.5919697045598754
1683788400,51.9,51.9,51.9,51.9,51.789999999999885,53.13447015588088,50.445529844118894,3980,0.54090830857009
1683792000,51.5,52,51.5,52,51.789999999999885,53.13447015588088,50.445529844118894,4958,0.5780976799974068
1683864000,50.9,52,50.8,52,51.789999999999885,53.13447015588088,50.445529844118894,10424,0.5780976799974068
1683867600,52,52.1,52,52,51.71999999999989,52.85066352203028,50.5893364779695,1290,0.6238210990911327
1683871200,52,52,52,52,51.749999999999886,52.87694276698276,50.623057233017015,10000,0.6109195636746624
1683874800,52,52,52,52,51.69999999999989,52.679795897140565,50.72020410285921,260,0.6530931089197233
1683878400,52,52,52,52,51.69999999999989,52.679795897140565,50.72020410285921,650,0.6530931089197233
1684123200,52.2,52.2,50.8,50.8,51.67999999999988,52.71460137253847,50.64539862746129,1450,0.07471542984684211
1684126800,50.8,51,50.8,51,51.62999999999988,52.694142847580416,50.56585715241935,1065,0.20398710970417744
1684130400,51.2,51.2,51,51.1,51.58499999999989,52.65882493920279,50.51117506079699,3609,0.2741717563572788
1684134000,51.1,52,51.1,52,51.58499999999989,52.65882493920279,50.51117506079699,3025,0.6932344765191275
1684137600,51.2,51.2,51.2,51.2,51.59499999999989,52.650414610498075,50.53958538950171,3000,0.312869749920631
1684209600,52,52,52,52,51.64499999999989,52.6774243313938,50.61257566860598,2261,0.6719254327921605
1684213200,52,52,52,52,51.72999999999989,52.566899038148634,50.89310096185115,11299,0.6613097803274821
1684216800,51.1,51.1,51,51,51.72499999999989,52.57793610549399,50.872063894505786,3436,0.07499747323986332
1684220400,51.9,51.9,50.8,50.8,51.664999999999885,52.597255329861,50.73274467013877,34733,0.0360713034868062
1684224000,51,51,51,51,51.63999999999989,52.61447421723423,50.66552578276554,2500,0.17161778696604685
1684299600,51.5,51.5,51.5,51.5,51.61499999999988,52.57682118923341,50.653178810766356,1,0.44021757823222596
1684303200,51.1,51.1,51,51,51.564999999999884,52.54535707783267,50.5846429221671,999,0.21183968944820872
1684306800,51,51,51,51,51.51499999999989,52.50348368729808,50.526516312701695,6000,0.23950000054754128
1684382400,52,52.1,52,52,51.51999999999988,52.51719606901338,50.522803930986385,17021,0.7406748356293513
1684386000,52.1,52.1,52,52,51.51999999999988,52.51719606901338,50.522803930986385,64,0.7406748356293513
1684389600,52,52,50.8,50.8,51.45999999999988,52.47862652628803,50.44137347371173,14102,0.17603435461036668
1684393200,50.8,52.2,50.8,52.2,51.46999999999988,52.513264108486766,50.42673589151299,4506,0.8498634689248968
1684468800,52,52,51,52,51.46999999999988,52.513264108486766,50.42673589151299,10060,0.7540104637400086
1684476000,51,51,51,51,51.41999999999988,52.45266645150109,50.387333548498674,1000,0.29664295310972927
1684479600,51,51,51,51,51.36999999999988,52.38212647433825,50.3578735256615,100,0.3172165191895877
1684483200,51,51.5,51,51.1,51.38499999999988,52.371458311363035,50.39854168863672,13020,0.3555438193804447
1684728000,51,51,51,51,51.38499999999988,52.371458311363035,50.39854168863672,400,0.30485744021566563
1684735200,51.1,51.1,51.1,51.1,51.38499999999988,52.371458311363035,50.39854168863672,610,0.3555438193804447
1684738800,51,51.9,51,51.9,51.37999999999988,52.35488460858404,50.40511539141573,167,0.7666982304476647
1684742400,51.7,51.7,50.9,50.9,51.36499999999988,52.35953506728271,50.370464932717056,1343,0.26622242126146867
1684814400,51,51,50.8,50.9,51.30999999999989,52.279329665310215,50.34067033468956,6448,0.28851364263744544
1684818000,50.9,50.9,50.8,50.8,51.249999999999886,52.18914855057767,50.3108514494221,722,0.26042128813219173
1684821600,50.8,50.8,50.8,50.8,51.23999999999988,52.19372952143425,50.28627047856551,9897,0.26932663291257736
1684825200,50.9,50.9,50.9,50.9,51.24499999999989,52.19046284964024,50.29953715035954,2,0.31754967943418994
1684828800,50.9,50.9,50.8,50.8,51.234999999999886,52.19473954802867,50.2752604519711,10710,0.27337601597572103
1684900800,50.8,51,50.8,50.8,51.19999999999989,52.16953597150968,50.2304640284901,5980,0.2937157507539409
1684904400,51,51.1,50.9,51.1,51.20499999999989,52.171385016465436,50.23861498353435,5725,0.4456738265748794
1684908000,50.9,51.1,50.8,51.1,51.20999999999989,52.173119930253556,50.24688006974622,1010,0.44289392393171967
1684911600,51.1,51.1,51,51.1,51.164999999999885,52.057804569910076,50.272195430089695,343,0.46359785657995534
1684915200,51.4,52,51.4,52,51.164999999999885,52.057804569910076,50.272195430089695,2000,0.9676275347045489
1684990800,51.1,51.1,51.1,51.1,51.17999999999988,52.05772433033238,50.30227566966738,1200,0.45442760486679684
1684994400,52,52,52,52,51.16999999999988,52.00450584183401,50.33549415816575,4993,0.9973002934142994
1685001600,52,52,52,52,51.16999999999988,52.00450584183401,50.33549415816575,1020,0.9973002934142994
1685073600,52.5,52.5,52.1,52.1,51.22499999999987,52.147767576400916,50.30223242359883,9160,0.9741172221356016
1685077200,52.1,52.1,52.1,52.1,51.27999999999988,52.27116093549599,50.28883906450377,100,0.9136563350278135
1685080800,52.1,52.2,52.1,52.2,51.33499999999988,52.399471699978555,50.270528300021205,4447,0.9063048364824784
1685084400,52.1,52.1,52.1,52.1,51.38999999999987,52.49254251621308,50.28745748378667,610,0.8219830480726931
1685088000,52.1,52.2,52,52,51.434999999999874,52.55976664248848,50.310233357511265,6156,0.7511632096192111
1685332800,51.2,52.4,51.2,52.3,51.45499999999987,52.62542727243413,50.28457272756561,3304,0.8609792850446366
1685336400,52.3,52.3,52.3,52.3,51.52499999999988,52.721453091456866,50.32854690854289,713,0.8238739594280118
1685340000,51.5,51.5,51.5,51.5,51.55499999999987,52.716851969942375,50.39314803005737,2650,0.47633089179054644
1685347200,51.5,51.5,51.5,51.5,51.589999999999876,52.69977475194613,50.48022524805362,192,0.4594512310529506
1685419200,51.2,51.8,50.9,51,51.59999999999987,52.68443533696455,50.5155646630352,233289,0.22335833242059927
1685422800,51,51,50.6,50.9,51.59999999999987,52.68443533696455,50.5155646630352,36,0.1772513878240221
1685426400,50.9,51,50,51,51.60999999999988,52.66811152533857,50.55188847466119,94904,0.21175061163584566
1685430000,51,51,50,50,51.569999999999865,52.79490815984656,50.345091840153174,18141,-0.14086437312833525
1685433600,50,50,50,50,51.51499999999987,52.90679739907031,50.12320260092944,38830,-0.04426024973596169
1685505600,50,50,50,50,51.45999999999988,52.99284050052631,49.92715949947345,1,0.023759973885585886
1685509200,51,51,51,51,51.454999999999885,52.99314823734681,49.91685176265296,1300,0.35209487975466797
1685520000,51.2,51.2,51.2,51.2,51.41499999999987,52.935887898583324,49.89411210141642,2,0.4293176044729798
1685592000,50.1,51.9,50.1,51.9,51.45499999999987,52.982710705617805,49.927289294381936,1403,0.6456427576123231
1685595600,51.9,52.3,51.9,51.9,51.449999999999875,52.97118374960302,49.92881625039673,5108,0.6479111251739055
1685599200,51.5,52.3,50.3,52.3,51.464999999999876,53.01325708461358,49.91674291538617,1143,0.769658058825695
1685602800,52.3,53,52.3,53,51.50999999999988,53.177213243726136,49.84278675627362,5203,0.9468534560911774
1685678400,52.9,53,50.7,50.7,51.43999999999987,53.11976188790521,49.76023811209453,2040,0.2797306852453224
1685682000,52,52,51.6,51.6,51.40999999999987,53.05547865378416,49.76452134621558,369,0.5577339607424164
1685685600,51.6,53,51.6,53,51.45499999999987,53.21849085624429,49.691509143755454,1010,0.9380516050109861
1685692800,52,53,51.5,53,51.50499999999987,53.38060656856881,49.62939343143093,2690,0.8985377384183493
1685937600,53,53,51.1,51.2,51.44999999999986,53.29336648555364,49.60663351444608,57,0.4321892846704454
1685952000,53,54,53,54,51.53499999999987,53.662228243527295,49.40777175647244,5655,1.0793924576501022
1686024000,54.8,54.9,54,54.9,51.704999999999856,54.288389246719575,49.12161075328014,1154,1.1183737127606732
1686027600,54.5,55,54,55,51.87999999999987,54.83201626012829,48.92798373987144,1805,1.0284523737454618
1686031200,55,55,54.1,54.1,52.03499999999987,55.10893884130131,48.96106115869843,1425,0.8358882701657551
1686034800,54.5,54.6,54.1,54.6,52.21999999999987,55.440310544040585,48.99968945595916,25392,0.8695295791277639
1686038400,55,55,55,55,52.41999999999987,55.80502584924581,49.034974150753925,13798,0.8810901474467118
1686110400,54.1,54.1,54,54,52.61999999999987,55.879815945733775,49.360184054265964,18100,0.7116683921689084
1686114000,54.9,55.5,54.9,55.5,52.89499999999987,56.15228414481486,49.63771585518488,712,0.8998730052683344
1686117600,55.3,55.5,55.3,55.5,53.16999999999987,56.330443006931624,50.00955699306811,2601,0.8686192085871783
1686121200,55.5,55.5,55,55,53.36999999999987,56.461342750337195,50.278657249662544,2849,0.7636394815525173
1686124800,55.4,55.4,55,55.3,53.574999999999875,56.60674867033204,50.54325132966771,5531,0.784489281199409
1686196800,55,55.3,54.6,54.9,53.72499999999987,56.706861834502504,50.74313816549724,699403,0.6970245546598427
1686200400,54.9,54.9,54.8,54.8,53.86999999999987,56.76350997925756,50.976490020742176,152705,0.660704474266011
1686204000,54.8,54.8,54.7,54.8,53.99499999999988,56.82164111624731,51.16835888375245,55399,0.6423951550433852
1686207600,54.8,54.8,54.7,54.8,54.08499999999988,56.89375417223684,51.27624582776292,55615,0.6272806298015525
1686211200,54.7,54.8,54.7,54.7,54.284999999999876,56.63299914822416,51.93700085177559,484,0.5883731155341301
1686283200,54.8,54.8,54.5,54.5,54.42999999999988,56.42909979742417,52.430900202575586,1345,0.5175078803195097
1686286800,54.5,54.5,54.5,54.5,54.50499999999987,56.39335907604051,52.616640923959224,58,0.4986760992484673
1686290400,54.5,54.5,54.4,54.5,54.57999999999987,56.33795335548539,52.82204664451435,666,0.4772462677265474
1686294000,54.2,54.5,54.2,54.2,54.72999999999987,55.592786184442495,53.86721381555724,21,0.1928555361939096
1686297600,54.5,54.5,53.9,54,54.72999999999987,55.592786184441444,53.867213815558294,110333,0.07695196494578178
1686542400,54.5,55,54.5,54.9,54.72999999999987,55.592786184441444,53.867213815558294,114050,0.5985180355606642
1686546000,54.9,54.9,54.9,54.9,54.72499999999987,55.58261296635516,53.86738703364459,201,0.6020273753228376
1686549600,54.9,55,54.8,54.8,54.75999999999988,55.568455317293086,53.95154468270667,22170,0.5247385347987097
1686553200,54.9,54.9,54.7,54.9,54.77499999999988,55.58215549930591,53.96784450069384,81731,0.577432415505805
1686556800,54.9,55,54.5,55,54.77499999999988,55.58215549930591,53.96784450069384,38998,0.63937834791039
1686628800,55,55,54.6,55,54.824999999999875,55.55404046531095,54.0959595346888,27095,0.620020772732728
1686632400,54.6,55,54.6,55,54.799999999999876,55.466333250002855,54.1336667499969,1312,0.6500750562869478
1686636000,54.6,55,54,54,54.72499999999987,55.39693749713725,54.053062502862495,78720,-0.03948470139600402
1686639600,55,55,54.1,54.1,54.67999999999987,55.391617875029766,53.96838212496998,100001,0.0924779152185397
1686643200,54.9,54.9,54.1,54.1,54.61999999999987,55.31455021421106,53.92544978578868,26299,0.12565701560510015
1686715200,55,55,54.3,54.9,54.61999999999988,55.31455021420975,53.92544978579,2600,0.7015692992900818
1686718800,54.9,54.9,53.7,53.7,54.56499999999987,55.36067581342062,53.76932418657912,1600012,-0.0435630852476712
1686722400,54.9,56.1,54.9,56.1,54.62999999999987,55.66749698797707,53.59250301202267,61291,1.2084357916383845
1686726000,56,56.5,56,56.5,54.71499999999986,56.03450748389928,53.39549251610044,17708,1.1763887366235655
1686729600,56.1,56.1,55.5,56.1,54.78499999999987,56.23589627474329,53.33410372525645,18625,0.9531681633246593
1686801600,56.4,57.1,56.4,57,54.90999999999987,56.64424335087785,53.17575664912189,15794,1.102568260948512
1686805200,57,57.5,56.7,56.7,55.01999999999987,56.9084914614747,53.13150853852503,5724,0.9447994693839185
1686808800,57,57,57,57,55.14499999999987,57.20264428414248,53.08735571585726,2859,0.9507581835927199
1686812400,57,57.1,57,57.1,55.28999999999987,57.466143377644244,53.1138566223555,4302,0.9158733332082686
1686816000,57.1,57.1,56.9,56.9,55.43499999999987,57.63434081034876,53.235659189650974,8848,0.8330543390789285
1686888000,56.9,58,56.9,58,55.589999999999876,58.03940809177692,53.14059190822283,50679,0.9919555887993475
1686891600,58,58,57.1,57.8,55.73499999999988,58.3421248531785,53.12787514682126,3068,0.8960301320979049
1686895200,57.5,57.8,57.5,57.8,55.88499999999986,58.60255404731311,53.16744595268661,5650,0.852338898630816
1686898800,57.6,57.6,57.5,57.6,56.01999999999987,58.79604034553997,53.243959654459765,8483,0.784577996594774
1686902400,57.9,57.9,57.5,57.5,56.14499999999987,58.95104704167005,53.338952958329685,63743,0.7414428517908281
1687147200,56.6,56.6,56.6,56.6,56.224999999999866,58.98679289594011,53.46320710405962,189,0.5678906808239267
1687150800,56.8,56.8,56.8,56.8,56.31499999999986,59.02813471837807,53.601865281621656,500,0.5893800069555791
1687154400,56.8,57,56.8,57,56.46499999999985,58.973605190155396,53.9563948098443,2009,0.6066329612367141
1687158000,57,57.7,57,57,56.60999999999986,58.878832298798734,54.34116770120098,2501,0.5859472954890957
1687161600,57.7,57.9,57,57,56.75499999999986,58.713034729025516,54.796965270974205,299729,0.5625627309792546
1687233600,57,57.5,57,57.4,56.87999999999986,58.65943811358263,55.10056188641709,6104,0.6461135388836748
1687237200,57.1,57.1,56.7,57,57.04499999999986,58.06377377276312,56.0262262272366,5884,0.47791462579675353
1687240800,56.7,57,56.6,57,57.08999999999986,58.01282175964204,56.167178240357686,72,0.4512365204550666
1687244400,57,57,56.7,57,57.11499999999985,57.998798619638244,56.23120138036146,2364,0.43493993006749354
1687248000,57,57,56.8,57,57.159999999999854,57.91471849061306,56.40528150938665,125734,0.39400021200629737
1687320000,57,57,57,57,57.15999999999984,57.914718490617865,56.405281509381815,12000,0.3940002120069834
1687323600,57,57,57,57,57.17499999999984,57.90404046532339,56.44595953467629,56954,0.379979227269521
1687327200,57,57,56.9,56.9,57.169999999999845,57.90511903803128,56.43488096196841,427,0.31635627290861895
1687330800,56.9,57,56.9,57,57.164999999999836,57.90330887850613,56.42669112149354,170774,0.3882581499401345
1687334400,56.9,57,56.9,57,57.169999999999845,57.90239333699662,56.43760666300307,4593,0.3839421446016004
1687406400,56.6,57.1,56.6,57,57.11999999999985,57.74801273878436,56.491987261215336,35075,0.40446053671450816
1687410000,57.1,57.2,57,57,57.079999999999835,57.626260011426034,56.533739988573636,16397,0.4267747974165568
1687413600,57,57,56.9,56.9,57.03499999999984,57.474431450943705,56.595568549055976,57976,0.3463924239948321
1687417200,56.9,56.9,56.9,56.9,56.999999999999844,57.35777087650743,56.64222912349226,250,0.3602457514485189
1687420800,56.9,57,56.7,57,56.97499999999984,57.249772633421045,56.70022736657863,139939,0.5454921578049564
1687492800,57.4,57.5,57,57.5,57.01999999999985,57.32724583003588,56.712754169963816,1301,1.2811334655768365
1687496400,57,57,56.9,57,57.02999999999984,57.3205167810638,56.739483218935874,75745,0.4483678707130647
1687500000,57,57.1,56.8,56.8,57.01999999999983,57.327245830044745,56.71275416995492,47075,0.1419804949546815
1687503600,56.8,57,56.8,57,57.01999999999983,57.327245830044745,56.71275416995492,601,0.4674527722688555
1687507200,56.9,56.9,56.9,56.9,57.01499999999984,57.32660872914439,56.703391270855285,1322,0.31547371873126967
1687752000,57,57,56,56.5,56.969999999999835,57.305261092403974,56.6347389075957,14611,-0.2009462336197315
1687755600,56.9,56.9,56.6,56.6,56.94999999999984,57.32148351252392,56.57851648747576,775,0.028915835831138086
1687759200,56.9,57,56.9,57,56.94999999999984,57.32148351252392,56.57851648747576,11104,0.5672977377386561
1687762800,57,57,57,57,56.94999999999984,57.32148351252392,56.57851648747576,21019,0.5672977377386561
1687766400,57,57,56.9,57,56.94999999999984,57.32148351252392,56.57851648747576,48748,0.5672977377386561
1687838400,57.5,57.9,57,57,56.94999999999984,57.32148351252392,56.57851648747576,7001,0.5672977377386561
1687842000,56.8,57,56.8,57,56.94999999999984,57.32148351252636,56.578516487473316,5067,0.5672977377382133
1687845600,57.1,57.1,57,57.1,56.95999999999983,57.33629775455424,56.58370224544542,613,0.686022901154369
1687849200,57.1,57.1,57,57.1,56.964999999999826,57.34591993920651,56.58408006079314,17272,0.6772025904988471
1687852800,57.5,57.5,57.5,57.5,56.989999999999824,57.436766158169185,56.543233841830464,1550,1.0707683881987817
1687924800,57,57.5,57,57.5,57.01499999999983,57.51409918862145,56.51590081137821,1523,0.9858753641131045
1687928400,57.5,57.6,57.5,57.6,57.044999999999824,57.60526779319028,56.48473220680937,6746,0.9952988613174779
1687932000,57.6,58.5,57.5,58.3,57.114999999999824,57.892881739138986,56.33711826086066,8820,1.2616839041057493
1687935600,58,58,57.6,58,57.169999999999824,58.03046499062286,56.30953500937679,1000,0.9822973677285802
1687939200,58.3,58.5,58,58,57.219999999999814,58.148654941349264,56.291345058650364,7569,0.9199622299251162
1688443200,60,62,58.1,59.6,57.32499999999982,58.71622248403764,55.933777515962,161243,1.3176262337988278
1688446800,59.6,60.8,59.6,60.4,57.49499999999981,59.41591124211747,55.57408875788216,157269,1.2561515431597066
1688450400,60.4,60.8,60,60,57.654999999999816,59.83350866422235,55.47649133577728,297749,1.0382122271331584
1688454000,60,62,59.9,62,57.904999999999816,60.76610118662209,55.043898813377545,195338,1.2156335503174944
1688457600,62,62.9,60,62.8,58.19999999999982,61.72533686334931,54.674663136650324,93512,1.1524199216000064
1688529600,62,62.3,60,62.1,58.47999999999981,62.29816709955097,54.66183290044865,184826,0.9740494464511169
1688533200,62,62,61.1,61.5,58.72499999999982,62.656348369210384,54.79365163078925,504808,0.852932345265222
1688536800,61.7,62,61.7,61.9,58.969999999999814,63.04877432571263,54.891225674287,36863,0.8591765278026423
1688540400,61.9,62,61.7,61.9,59.21499999999982,63.37878433640503,55.051215663594604,42956,0.8224230391238591
1688544000,61.9,62,61.9,61.9,59.45999999999981,63.65017899380188,55.26982100619774,31876,0.7911570130547323
1688616000,62.1,62.1,61,61.8,59.699999999999804,63.84873474689592,55.551265253103686,8077,0.7530892100984898
1688619600,61.8,62,61,61.9,59.94499999999981,64.00479063500806,55.88520936499155,20355,0.7407759630683781
1688623200,61.6,61.6,61,61,60.1399999999998,64.00440163545437,56.27559836454523,3976,0.6112720779473323
1688626800,61,61.2,60.7,61,60.33499999999981,63.95178033616891,56.71821966383071,25706,0.5919325944887989
1688630400,61,62,61,62,60.559999999999796,63.99883701272771,57.12116298727188,252115,0.7093731099599133
1688702400,62,62,60.8,60.8,60.724999999999795,63.86434706588926,57.58565293411033,10442,0.5119451590451902
1688706000,60.9,61.6,60.9,61.6,60.9249999999998,63.73489323642463,58.115106763574964,421,0.6201113250941589
1688709600,61.4,61.4,60.8,61,61.05999999999979,63.598818622925,58.521181377074576,124139,0.48818348040738385
1688713200,61.2,62.5,61,61.1,61.21499999999979,63.3309158773713,59.099084122628284,311063,0.47282500660124366
1688716800,61.1,61.1,61,61,61.364999999999796,62.89113891900749,59.8388610809921,10801,0.3804171771475687
1688961600,60.9,61,60.9,61,61.43499999999979,62.74385446101279,60.12614553898679,3547,0.333824151975187
1688965200,60.9,61.4,60.9,61.4,61.484999999999786,62.70528685157006,60.264713148429514,4958,0.46517212330428326
1688968800,61.4,61.4,60.9,61,61.53499999999978,62.57668133328499,60.49331866671458,13236,0.2432036156813302
1688972400,61,61.1,61,61,61.484999999999786,62.52859954010876,60.441400459890815,5673,0.2676311739514837
1688976000,61,62.9,61,62,61.44499999999978,62.333763185621336,60.556236814378224,41702,0.812231654606666
1689048000,62,62,62,62,61.43999999999977,62.314985714238865,60.565014285760675,204003,0.8200052245922762
1689051600,61.9,62,61.5,61.7,61.449999999999775,62.332043082915966,60.567956917083585,2056,0.6417164336087093
1689055200,62,62,61.5,61.5,61.42999999999978,62.288137518185536,60.57186248181402,7528,0.5407860037096456
1689058800,61.5,61.5,61.5,61.5,61.409999999999776,62.241624915521506,60.57837508447805,500,0.5541109328980128
1689062400,61.5,61.9,61.5,61.5,61.38999999999977,62.19224684487837,60.58775315512118,2655,0.5685574525487059
1689134400,61.3,61.7,61.2,61.2,61.35999999999977,62.1433262411771,60.576673758822444,24763,0.39787141577225116
1689138000,61.5,62.9,61.5,62,61.36499999999977,62.16318544218608,60.56681455781346,5884,0.897777237242579
1689141600,62.8,62.8,62.5,62.5,61.43999999999977,62.359565114670175,60.520434885329365,21101,1.0763594024443608
1689145200,62.8,64.2,62.8,64,61.589999999999996,63.01393820090856,60.16606179909143,25428,1.346244590693004
1689148800,63.3,64.1,63.2,63.2,61.64999999999999,63.23050624801374,60.06949375198624,5324,0.9903492162552111
1689220800,63.4,63.5,63.4,63.5,61.78499999999999,63.50694657292563,60.06305342707435,102,0.9979829301806311
1689224400,63.5,64,63.5,64,61.904999999999994,63.87525379076133,59.93474620923866,1140,1.031657396073444
1689228000,63.7,63.7,63.4,63.4,62.02499999999999,64.05169681995338,59.998303180046605,4736,0.839221926649994
1689231600,63.5,63.6,63,63,62.11999999999999,64.14247373283561,60.09752626716437,18747,0.7175553594869686
1689235200,62.8,63,62,63,62.21999999999999,64.20856732347929,60.23143267652069,83671,0.696121094516248
1689307200,63,63.7,63,63,62.31999999999998,64.25349424618138,60.38650575381858,6125,0.6758474330458971
1689310800,63.5,63.5,62.3,62.3,62.36499999999999,64.25208770331739,60.47791229668259,93,0.4827776949937928
1689314400,62.4,62.4,62.4,62.4,62.43499999999998,64.21519661835862,60.654803381641344,1850,0.490169625186612
1689318000,63.5,63.5,63.5,63.5,62.55999999999999,64.26926884954081,60.85073115045917,2,0.7749713716050388
1689321600,62.3,64,62.3,64,62.65999999999998,64.45822134344303,60.861778656556936,18274,0.8725903946380499
1689566400,64.2,65,64.2,65,62.80999999999998,64.8475475454609,60.77245245453907,25718,1.0374107722979822
1689570000,64.5,65.4,62.5,65,62.97499999999999,65.15571089326669,60.79428910673329,8128,0.9642981346707926
1689573600,63.1,65,63.1,65,63.14999999999998,65.39008928393855,60.90991071606141,544,0.9129299696365923
1689577200,64.9,65,64.9,65,63.324999999999974,65.5689919785993,61.08100802140064,1000,0.873218802913356
1689580800,65,65,65,65,63.49999999999998,65.69271521179002,61.307284788209934,284,0.8420416823704815
1689652800,63.2,65,63.1,65,63.68999999999996,65.7038520303189,61.676147969681026,15637,0.8252473320476706
1689656400,63.2,65,63.2,65,63.83999999999996,65.77328735578084,61.906712644219084,24865,0.800007134617477
1689660000,65,66,65,65.9,64.00999999999996,66.03770806577728,61.98229193422265,11012,0.9660434191436514
1689663600,65.4,65.5,65.4,65.5,64.08499999999997,66.21410779436331,61.95589220563662,30,0.8322988163741962
1689667200,64.5,65.5,64.5,65.5,64.19999999999996,66.37347647790814,62.02652352209178,2310,0.7990600572892325
1689739200,65.9,66.9,65,65,64.27499999999996,66.45020114012844,62.099798859871484,15277,0.6666512550552485
1689742800,65.3,66,65,66,64.37499999999997,66.6709747385399,62.079025261460046,7769,0.8538802001439727
1689746400,66,68.5,66,68.3,64.61999999999998,67.434675825031,61.80532417496896,65382,1.1537164897061403
1689750000,68.1,68.2,67,67.2,64.82999999999997,67.75444866599133,61.90555133400861,16281,0.9052045822450132
1689753600,67.2,67.6,67,67,65.02999999999997,67.97353528941298,62.086464710586974,24729,0.8346316259712449
1689825600,67,67,66,66.5,65.20499999999996,68.05980297043932,62.35019702956058,12095,0.7268107490095438
1689829200,66.5,66.5,65.8,65.9,65.38499999999996,67.92056699773822,62.849433002261705,17832,0.6015551946486578
1689832800,66,66,64.6,65,65.51499999999997,67.66188145923792,63.36811854076202,31699,0.38005858502714646
1689836400,65.5,65.9,65,65,65.58999999999997,67.5464253116382,63.633574688361755,6806,0.3492147907486592
1689840000,65,65.5,64.8,65.1,65.64499999999997,67.47745736649472,63.81254263350522,47967,0.3512925839463086
1689912000,65.1,65.1,64,64.2,65.60499999999998,67.52486978725508,63.68513021274487,8931,0.13408976761680644
1689915600,65,65.1,65,65,65.60499999999998,67.52486978725508,63.68513021274487,8427,0.34243723089549594
1689919200,64.4,65,64.2,64.2,65.56499999999997,67.56527498110029,63.56472501889965,11083,0.15879691220026598
1689922800,64.2,65.4,64.2,65.4,65.58499999999998,67.57022039079153,63.599779609208426,63544,0.4534056770577976
1689926400,65.3,65.4,64.5,64.5,65.55999999999997,67.58622802271043,63.53377197728951,17027,0.23843022894777113
1690171200,64.5,65.4,64.5,65.4,65.57999999999997,67.59156655371405,63.5684334462859,18668,0.4552587510297327
1690174800,65,65.4,65,65.4,65.59999999999998,67.59599599198458,63.60400400801539,6577,0.44989969899660964
1690178400,65,65,65,65,65.55499999999998,67.56246108306384,63.54753891693612,2808,0.36176568883892946
1690182000,65,65.4,65,65.4,65.54999999999998,67.55848201386374,63.54151798613623,2136,0.462658366128104
1690185600,65,65.4,65,65,65.52499999999998,67.54774565875702,63.50225434124293,163081,0.3702258987117086
1690257600,65,65.4,64.1,64.2,65.48499999999999,67.57810773731626,63.39189226268371,18539,0.1930401677155007
1690261200,64.3,65.4,64.1,65.4,65.45499999999998,67.53487980422378,63.37512019577619,12410,0.48677808210640705
1690264800,65,65,64.5,65,65.28999999999999,66.91468458477623,63.66531541522376,5526,0.4107519075648971
1690268400,65,65.3,65,65.3,65.195,66.56390467162969,63.8260953283703,3079,0.5383518305460235
1690272000,65,65.3,64.8,65,65.095,66.18582537557965,64.00417462442034,8711,0.45645499173068066
1690344000,65,65.8,65,65.2,65.03,65.91340251301617,64.14659748698384,9224,0.596218879556714
1690347600,65.2,66,65.2,66,65.035,65.93893583843516,64.13106416156484,21125,1.0337768229604405
1690351200,65.9,65.9,65.4,65.4,65.05499999999999,65.97255108850153,64.13744891149845,16891,0.6880004308879604
1690354800,65.3,65.5,65.2,65.2,65.065,65.98429320676787,64.14570679323212,10884,0.5734259749806315
1690358400,65.2,65.4,65,65.1,65.065,65.98429320676787,64.14570679323212,8950,0.5190363638838649
1690430400,66.4,66.9,64.8,66.4,65.175,66.17674847142874,64.17325152857126,45681,1.1114309304873988
1690434000,66.4,66.9,66.3,66.6,65.255,66.42883985279371,64.08116014720628,5868,1.072906089701641
1690437600,66.6,67.5,66.1,67,65.395,66.69342211934627,64.09657788065373,76931,1.118057862726526
1690441200,67.8,67.9,67.2,67.5,65.49999999999999,67.0899685531522,63.91003144684776,28613,1.1289432567816768
1690444800,67.5,68.1,67.2,67.8,65.66499999999999,67.47527622201878,63.85472377798121,32923,1.0896890137625224
1690516800,67.8,68.4,67.7,68.4,65.815,67.97581003329834,63.65418996670165,131415,1.0981553121664658
1690520400,68.1,68.9,67.8,68,65.945,68.29487233695939,63.5951276630406,40362,0.9372577964509904
1690524000,67.9,68,67.8,68,66.095,68.5643926378769,63.62560736212309,4015,0.8857223777985038
1690527600,67.8,68,67.7,68,66.225,68.80560070526325,63.644399294736736,11428,0.8439121744754651
1690531200,68,68.7,68,68,66.37499999999999,69.00168993221705,63.74831006778293,92492,0.8093246713418567
1690776000,67.9,67.9,67,67.9,66.55999999999999,69.06631203165314,64.05368796834684,8492,0.7673250543181886
1690779600,68,68,67.9,67.9,66.68499999999999,69.19679218885827,64.17320781114171,2944,0.7418591803472979
1690783200,67.5,67.5,67.5,67.5,66.80999999999999,69.2207260317191,64.39927396828088,6534,0.6431104138175269
1690786800,67.8,67.9,67.6,67.9,66.93999999999998,69.29065948193517,64.5893405180648,9118,0.7041980149353027
1690790400,67.9,68,67.5,68,67.08999999999999,69.30531036200563,64.87468963799435,23670,0.7053888284926676
1690948800,67.9,68.4,67.9,68.4,67.24999999999999,69.35570653226226,65.14429346773771,6211,0.7730674912150537
1690952400,68,68.4,67.9,68,67.35,69.39792577990767,65.30207422009232,114434,0.6586971574793374
1690956000,68.4,68.4,67.9,67.9,67.47499999999998,69.32743083542056,65.6225691645794,34063,0.6147141344965609
1690959600,67.9,68.1,67.9,68,67.61499999999998,69.15548693600925,66.07451306399071,12285,0.6249604884665187
1690963200,68,68.4,68,68.4,67.77999999999999,68.83943381105715,66.72056618894283,28343,0.7926091245763379
1691035200,68,68.5,68,68.5,67.88499999999998,68.78004189846907,66.98995810153089,211611,0.84355933563107
1691038800,68.4,68.5,67.6,68,67.95499999999998,68.62872101051646,67.28127898948351,215186,0.5333966132105031
1691042400,67.7,68.4,67.7,68,68.00499999999998,68.5167616632889,67.49323833671106,61557,0.49511491348546127
1691046000,67.7,68.5,67.7,68.1,68.03499999999998,68.49227453462288,67.57772546537709,24970,0.571073277734147
1691049600,68.1,68.1,68,68,68.04499999999999,68.48985952840616,67.60014047159382,75038,0.44942223654148505
1691121600,68.1,69,67.7,69,68.07499999999997,68.66787435432714,67.48212564567281,107765,1.2800978345991874
1691125200,69,69.1,68.3,69,68.12499999999997,68.8401922818506,67.40980771814934,13324,1.1117236037110718
1691128800,68.3,68.9,68.1,68.9,68.16999999999997,68.957654746712,67.38234525328795,37359,0.9634010034519167
1691132400,68.1,68.9,68.1,68.9,68.21499999999996,69.05945248535522,67.3705475146447,2937,0.9055882431987068
1691136000,68.1,68.1,68,68.1,68.21999999999997,69.0604760555883,67.37952394441164,51000,0.42861188655994653
1691380800,68.1,70.5,68,70,68.32499999999996,69.45438036109252,67.1956196389074,207198,1.241557077537479
1691384400,70,70.7,70,70.5,68.45499999999996,69.91030065622977,66.99969934377015,28957,1.2026039572118197
1691388000,70.1,70.3,70,70,68.57999999999997,70.11310143174464,67.0468985682553,9437,0.9631135196267055
1691391600,69.5,69.8,69.3,69.3,68.64999999999996,70.18035943491019,67.11964056508974,48186,0.7123684100520363
1691395200,69.3,69.5,69.3,69.3,68.71499999999996,70.23982785914342,67.1901721408565,7217,0.6918249317429999
1691467200,69,70.1,69,69,68.74499999999998,70.26746510633545,67.2225348936645,74788,0.583745761705436
1691470800,69.8,69.9,69,69,68.79499999999997,70.28157324071587,67.30842675928407,1085,0.5689505213686288
1691474400,69.3,69.3,68.9,68.9,68.84499999999997,70.27395066395403,67.41604933604592,27963,0.5192448911594486
1691478000,69,69,68.6,69,68.89499999999998,70.27119039380821,67.51880960619175,9443,0.5381487912110254
1691481600,68.9,69,68.9,68.9,68.91999999999999,70.2773503600784,67.56264963992157,380,0.49263270538388243
1691553600,68.8,68.8,68,68,68.89499999999998,70.29995551531289,67.49004448468708,1975,0.18148457718227085
1691557200,68,68.4,68,68,68.89499999999998,70.29995551531289,67.49004448468708,7882,0.18148457718227085
1691560800,68.2,68.2,68,68,68.89499999999997,70.29995551531546,67.49004448468447,5151,0.18148457718286226
1691564400,68.3,70,68,68,68.88999999999997,70.30689802032879,67.47310197967116,3448,0.185933642636669
1691568000,69.8,69.9,69.8,69.9,68.98499999999999,70.40524645748705,67.56475354251292,20207,0.8221271896776945
1691640000,69.7,70,69.7,70,69.035,70.52264915218515,67.54735084781484,99003,0.8243372264833239
1691643600,69.5,70,69.5,70,69.08499999999998,70.63067137516717,67.53932862483279,48332,0.7959878841972632
1691647200,69.8,70,69.4,69.4,69.10999999999999,70.65906423365988,67.5609357663401,23413,0.5936048982665015
1691650800,69.4,70,69.4,70,69.16499999999999,70.75782767429656,67.57217232570342,30290,0.7621124725148822
1691654400,70,70,69.6,70,69.25999999999999,70.81357651887737,67.70642348112261,6542,0.738160139204066
1691726400,70,70,68.1,69,69.21,70.72907866814307,67.69092133185691,986,0.4308791557659429
1691730000,69.9,69.9,69,69,69.13499999999998,70.53539280204208,67.73460719795787,1647,0.4517992381126515
1691733600,68.8,69,68.4,68.9,69.08,70.42551105532512,67.73448894467488,1131,0.43311091748833724
1691737200,68.9,69,68.9,68.9,69.05999999999999,70.4037261625832,67.71627383741678,4150,0.44046406014288103
1691740800,69,69,68.9,68.9,69.03999999999999,70.38074606096953,67.69925393903046,20656,0.4477902624234645
1691985600,68.9,70,68,70,69.08999999999999,70.4941367454803,67.68586325451967,33602,0.8240425132841053
1691989200,68.2,68.5,67.7,67.7,69.02499999999998,70.5545424152382,67.49545758476175,5681,0.06686392387699609
1691992800,67.9,70,67.9,69,69.02999999999999,70.55852870434525,67.50147129565472,29363,0.4901866416002841
1691996400,69,70.1,69,70,69.07999999999998,70.66568597143777,67.4943140285622,549963,0.7900952699877353
1692000000,69.7,70,69.5,69.9,69.13,70.75246725699037,67.50753274300962,534875,0.7372929243047823
1692072000,70,70,68.6,68.7,69.16499999999999,70.71712757207789,67.6128724279221,12835,0.3502056118436593
1692075600,68.7,69.9,68.6,68.7,69.2,70.67512711316668,67.72487288683332,7553,0.33052307982915374
1692079200,68.8,68.8,68.7,68.7,69.23499999999999,70.62535966570269,67.84464033429728,2122,0.3076037398101637
1692082800,68.6,68.6,68,68.5,69.25999999999999,70.57666244725321,67.94333755274677,6615,0.211391480183293
1692086400,68.2,68.2,68.1,68.1,69.16999999999999,70.54419067090672,67.79580932909326,1375,0.11067993596042303
1692158400,68.1,69.7,68.1,69.5,69.145,70.47537588673387,67.81462411326612,5341,0.6334209389767064
1692162000,68.7,69.7,68.7,69.6,69.125,70.41476742089509,67.83523257910491,2955,0.6841417267581267
1692165600,69.3,69.6,69.3,69.5,69.13,70.42475866477267,67.83524133522732,2571,0.6428837705693081
1692169200,69.5,70.5,69.2,70.5,69.155,70.53264291454641,67.77735708545359,439343,0.9881526213354197
1692172800,70,70.5,70,70,69.155,70.53264291454641,67.77735708545359,41500,0.806683245374297
1692244800,70.3,72.5,70.3,71.8,69.295,71.08773534019912,67.50226465980089,198554,1.1986530425962847
1692248400,71.8,72.5,71.5,71.5,69.41999999999999,71.44642542423948,67.3935745757605,163266,1.0132189852929396
1692252000,72.3,72.3,71.5,72,69.575,71.87445645751386,67.27554354248615,113856,1.0272985257180904
1692255600,71.8,72,71.4,71.8,69.72,72.19030362506307,67.24969637493693,27981,0.921000879992413
1692259200,71.4,72.2,71.4,72,69.87499999999999,72.50397318358364,67.24602681641633,31597,0.9041501855685241
1692331200,72.3,72.7,71.3,71.3,69.94,72.64140704078413,67.23859295921586,73096,0.7517206736096376
1692334800,71.3,72,71,72,70.155,72.79278316015505,67.51721683984495,4201,0.8497254868917177
1692338400,72,72.5,72,72.5,70.33,73.09918760650098,67.56081239349902,144669,0.8918116625442212
1692342000,72.5,73,72.3,72.8,70.47,73.43452357049115,67.50547642950885,269583,0.8929805151817314
1692345600,72.8,72.9,72.3,72.8,70.61499999999998,73.7335092592466,67.49649074075336,9877,0.8503276434920503
1692590400,72.8,73,72.1,72.1,70.785,73.83739250424918,67.73260749575081,59154,0.7154048010158275
1692594000,72.2,72.2,71.7,72,70.94999999999999,73.88836689336131,68.01163310663867,18582,0.6786706762814892
1692597600,71.8,71.8,71.6,71.6,71.095,73.85577887560642,68.33422112439358,11295,0.5914596972003181
1692601200,71.6,72,71.6,71.9,71.26499999999999,73.77280780762908,68.7571921923709,3022,0.6266045982607326
1692604800,71.8,72,70.9,71.6,71.44,73.48587389640639,69.3941261035936,9502,0.5391030943503016
1692676800,72,72,70.1,70.1,71.47,73.41638125761476,69.52361874238524,13405,0.1480648396504537
1692680400,70.1,70.5,70.1,70.5,71.51499999999999,73.32306526430915,69.70693473569082,10582,0.2193132294403644
1692684000,70.5,71,70.1,70.1,71.54499999999999,73.23434898703668,69.85565101296329,1428,0.07232045862392142
1692687600,70.2,70.3,70.1,70.2,71.53,73.26101126512694,69.79898873487306,6086,0.1158315006972334
1692691200,70.2,70.3,70,70,71.53,73.26101126512694,69.79898873487306,26033,0.058061801553959326
1692763200,70,70.5,69.6,69.6,71.41999999999999,73.33791553515996,69.50208446484001,11857,0.025526550404582064
1692766800,70,70.4,69.5,70.4,71.36499999999998,73.33301930885037,69.3969806911496,3486,0.254829641238714
1692770400,70.3,70.5,70.3,70.5,71.28999999999999,73.26979796949202,69.31020203050797,8600,0.30048469283896445
1692774000,70.5,72,70.5,70.5,71.225,73.21886559226145,69.23113440773854,8850,0.31819235889975567
1692777600,69.8,70,68.5,70,71.12499999999999,73.15366951473302,69.09633048526695,17758,0.22272467451456007
1692849600,69,69.3,67,67,70.90999999999998,73.61695400773779,68.20304599226218,13203,-0.22221396980208724
1692853200,66,70,65,67.1,70.66499999999999,73.78799535702531,67.54200464297467,67175,-0.07076613834541433
1692856800,69.5,69.8,67.2,67.4,70.40999999999998,73.71932017187933,67.10067982812063,3828,0.0452238158191551
1692860400,67.3,69.8,67.3,69.4,70.23999999999998,73.38604513635946,67.0939548636405,536,0.36649905459207716
1692864000,69.3,69.3,67.4,67.4,69.97,73.117761109106,66.822238890894,10357,0.09177334128607005
1692936000,68,68,67.5,67.5,69.74,72.90379518932639,66.5762048106736,3620,0.14599478380316463
1692939600,68,68,67.5,68,69.53999999999999,72.61141661127303,66.46858338872696,255,0.24930134935981627
1692943200,68,69,68,69,69.41,72.33841253924439,66.4815874607556,12308,0.42999620195148675
1692950400,67.8,68,67.7,68,69.21499999999999,71.96837974133796,66.46162025866202,1577,0.2793620724089484
1693195200,68,70,67.8,70,69.13499999999998,71.69255742848777,66.57744257151218,45064,0.6691066621544977
1693198800,70,70,67.4,70,69.12999999999998,71.68037252181175,66.57962747818821,23305,0.6705633182132108
1693202400,69.9,69.9,69.8,69.8,69.09499999999998,71.58776954410344,66.60223045589653,583,0.6414089805589253
1693206000,69.8,69.8,69,69,69.03999999999999,71.48981631964661,66.59018368035338,6730,0.4918361226351529
1693209600,67.5,68.9,67.5,68.2,68.93999999999998,71.35528466231469,66.52471533768528,3143,0.34680894729592726
1693281600,68,68.6,68,68.6,68.86999999999998,71.23905044269138,66.50094955730857,836,0.44301514329655994
1693285200,68.6,68.8,68.6,68.8,68.82999999999997,71.17529315865178,66.48470684134816,1000,0.49360421107926267
1693288800,68.4,68.8,68.4,68.8,68.74999999999997,70.9820394261783,66.51796057382164,2001,0.5112005189992622
1693292400,68.8,68.8,68,68,68.62499999999997,70.72726068792964,66.5227393120703,8605,0.35135050006203605
1693296000,68,68.3,67.6,67.6,68.47999999999998,70.44020407101205,66.5197959289879,4367,0.27553357504618664
1693454400,67.4,67.9,67.3,67.3,68.34499999999997,70.23864727444492,66.45135272555503,28371,0.22407744195489684
1693458000,67.3,67.4,67.3,67.3,68.35999999999997,70.21515498005324,66.5048450199467,3503,0.21430958291971494
1693461600,67.3,67.9,67.3,67.3,68.36999999999996,70.19986338288426,66.54013661711566,3143,0.2076284464708531
1693465200,67.3,67.3,66.2,66.3,68.31499999999997,70.31627459385676,66.31372540614318,15710,-0.0034291661387479185
1693468800,66.5,66.9,66,66.9,68.18999999999997,70.21672149049084,66.1632785095091,24505,0.1817520300513698
1693540800,66.2,67,66.1,67,68.16999999999996,70.23504237245187,66.10495762754805,1001,0.21671283465947283
1693544400,66.2,66.5,66.1,66.5,68.11999999999998,70.2931083728175,65.94689162718245,2219,0.1272620315986404
1693548000,67,67,66.5,66.5,68.04499999999997,70.33014769763683,65.75985230236311,1858,0.1619474527625271
1693551600,66.5,66.9,66.2,66.9,67.93999999999997,70.23294570367875,65.64705429632119,3840,0.27321748213850056
1693555200,66.8,67,66.8,67,67.88999999999996,70.21886238323074,65.56113761676917,13608,0.3089195809918836
1693800000,67.2,68.5,66.1,68.5,67.81499999999997,69.95628466113646,65.67371533886347,4150,0.6599507091309532
1693803600,68.5,68.8,68,68,67.71499999999996,69.61160222503939,65.81839777496053,13575,0.5751343629774858
1693807200,68.1,68.1,66.2,68,67.62499999999997,69.27166329284881,65.97833670715113,6788,0.6138666300598868
1693810800,68,68,67,68,67.57499999999996,69.10846013969258,66.04153986030734,856,0.6385754963559829
1693814400,68,68,67,68,67.56499999999997,69.08457230825661,66.04542769174333,3752,0.6431323793005589
1693886400,68,68,68,68,67.53499999999995,68.99414358444508,66.07585641555482,1988,0.6593400419797865
1693890000,68,68,68,68,67.49499999999996,68.853639024915,66.13636097508493,32550,0.6858477456996419
1693893600,68,68,67.7,67.8,67.44499999999996,68.6754064369223,66.21459356307763,18364,0.6442612738958061
1693897200,69,69,69,69,67.49499999999995,68.88276799214817,66.10723200785172,1462,1.0422376105066213
1693900800,68.9,69,68.1,68.1,67.51999999999995,68.93223227552417,66.10776772447574,7100,0.7053486561850266
1693972800,68.2,69,68.1,68.1,67.55999999999995,68.99024473431433,66.12975526568556,6733,0.6887788806504181
1693976400,67.7,68.2,67.5,68.2,67.60499999999995,69.05617194020381,66.15382805979608,7000,0.7050067202637852
1693980000,68.5,68.5,68.5,68.5,67.66499999999995,69.15935604861433,66.17064395138557,5225,0.7793845552317646
1693987200,68.5,68.5,67.6,68.5,67.77499999999995,69.17196098729772,66.37803901270217,4218,0.7594918564628145
1694059200,68.3,69,68.3,69,67.87999999999995,69.31331782938267,66.44668217061724,221,0.8907019005276713
1694062800,69,69,68.3,68.3,67.94499999999994,69.32988266652326,66.56011733347661,13480,0.6281697029580382
1694066400,68.4,68.4,67.5,67.5,67.99499999999995,69.23189126443434,66.75810873556556,8732,0.29990157007604756
1694070000,67.6,67.6,67.1,67.1,68.02499999999995,69.13832834331507,66.91167165668483,1908,0.08457897638462374
1694073600,67.2,67.3,67,67.3,68.04499999999994,69.08898275849349,67.0010172415064,4098,0.1431933411070042
1694145600,68,68,67.5,67.6,68.07499999999995,69.02762794418062,67.12237205581927,114,0.25068965649098013
1694149200,67.6,67.6,67.6,67.6,68.02999999999994,68.98310020461085,67.07689979538904,1,0.27442036109125917
1694152800,67.9,67.9,67.6,67.6,68.00999999999995,68.9813907555826,67.0386092444173,180,0.288962372946388
1694156400,67.9,68,67.9,68,68.00999999999995,68.98139075558073,67.03860924441916,66,0.4948527408035866
1694160000,68,68,68,68,68.00999999999995,68.9813907555826,67.0386092444173,4204,0.4948527408035965
1694408400,67.7,67.7,67.6,67.6,67.98999999999995,68.9777246580029,67.002275341997,521,0.30257655975275116
1694412000,68,68,67.7,67.7,67.97499999999994,68.97074093017848,66.9792590698214,107,0.3619118730257349
1694415600,67.6,67.6,67.6,67.6,67.95499999999996,68.96391030325825,66.94608969674167,120,0.32406761093950376
1694419200,67.6,67.6,67.5,67.6,67.94499999999995,68.9637737727409,66.92622622725901,7069,0.3306787977708943
1694491200,68,68,67.3,67.3,67.85999999999994,68.79252345816455,66.92747654183533,120,0.19973945690216963
1694494800,67.3,67.3,67,67.3,67.81999999999995,68.7762426470446,66.8637573529553,506,0.2281024844441629
1694498400,67.3,67.7,67,67,67.76499999999994,68.77549492825402,66.75450507174587,3349,0.12147261771926755
1694502000,67.1,67.1,67.1,67.1,67.70999999999995,68.73936873860919,66.68063126139072,1200,0.2037019014079841
1694505600,67.2,67.2,67,67,67.63499999999995,68.6415286881284,66.6284713118715,20122,0.18455941321420713
1694577600,67,67.5,66.6,66.7,67.54499999999996,68.54794566154995,66.54205433844997,8263,0.07874088677243783
1694581200,66.8,66.8,66.8,66.8,67.43499999999996,68.23818117509045,66.63181882490947,32,0.10469691042720011
1694584800,66.8,67.9,66.5,67.9,67.41499999999996,68.14787106643384,66.68212893356609,49423,0.8308903995623926
1694588400,66.6,66.6,66.6,66.6,67.36999999999996,68.18264998616796,66.55735001383196,19,0.02624130123298427
1694592000,66.9,66.9,66.7,66.7,67.34999999999997,68.20673799963495,66.49326200036498,1035,0.12065415548458495
1694664000,66.6,67.5,66.5,67.5,67.35999999999997,68.21883642215202,66.50116357784792,2271,0.5815056257449005
1694667600,66.6,67,66.5,66.5,67.30499999999998,68.23338569571636,66.37661430428359,4339,0.06645174321713222
1694671200,67,67.5,67,67.5,67.29999999999997,68.22303846074837,66.37696153925157,2026,0.6083378475030558
1694674800,67.5,67.5,66.5,66.6,67.24999999999997,68.21020831073947,66.28979168926047,61082,0.16153177767260699
1694678400,67.9,68.5,67.9,68.5,67.27499999999996,68.3330642702685,66.21693572973143,106,1.0788873296369503
1694754000,66.7,68,66.5,68,67.27499999999996,68.3330642702685,66.21693572973143,13433,0.8426067869279982
1694757600,67.9,68,67,67,67.24499999999998,68.29851791632147,66.19148208367848,1001,0.38372290769604206
1694761200,67,67,66.6,66.6,67.18999999999997,68.25752049161444,66.1224795083855,25444,0.22365870040223607
1694764800,67,67,66.6,67,67.16,68.21337552658271,66.10662447341728,52450,0.42405367508439396
1695013200,67.5,68.6,67.5,67.5,67.15499999999999,68.20089674442723,66.10910325557275,258,0.6649302389735157
1695016800,67.5,67.5,67.5,67.5,67.16499999999998,68.22003554443117,66.10996445556879,90,0.6587624235829102
1695020400,67.5,67.5,67,67,67.14999999999998,68.20546198416251,66.09453801583744,6097,0.42894106928967407
1695024000,66.5,66.5,66.5,66.5,67.12499999999997,68.21655851882144,66.0334414811785,110,0.2137120964092845
1695096000,66.4,67,66.4,66.4,67.08999999999997,68.22648581161741,65.95351418838254,111,0.1964326378091912
1695099600,67,67,67,67,67.08999999999997,68.22648581161901,65.95351418838094,1000,0.4604042571056119
1695103200,66.9,66.9,66.1,66.1,67.05999999999997,68.26565334985443,65.85434665014552,4980,0.10187561370112436
1695106800,66.2,66.2,66,66,67.01999999999998,68.30778880256332,65.73221119743664,5005,0.10397232917009612
1695110400,66.1,66.9,66,66.1,66.92999999999998,68.21078101173116,65.6492189882688,9878,0.17597895643451672
1695182400,66,67.7,65.9,67.7,66.98499999999999,68.29843062245804,65.67156937754193,1686,0.7721879586840722
1695189600,66,66,66,66,66.94999999999997,68.3276792079492,65.57232079205075,65,0.15521726882482467
1695193200,67,67,67,67,66.92499999999998,68.27980625921639,65.57019374078358,216,0.5276792343886113
1695196800,66.5,66.5,66.5,66.5,66.92499999999998,68.27980625921639,65.57019374078358,1000,0.34315100513124447
1695268800,67,67,67,67,66.89999999999998,68.22966161109304,65.57033838890692,1024,0.5376035523496151
1695272400,67,67.1,67,67.1,66.92499999999998,68.24995282935286,65.6000471706471,30,0.5660400869084082
1695279600,67.2,67.2,67,67,66.84999999999997,67.9626544836664,65.73734551633353,2696,0.5674063701724152
1695283200,66.8,66.8,66.6,66.6,66.77999999999996,67.76305645820722,65.7969435417927,2000,0.40844879838935216
1695355200,66.1,66.1,66.1,66.1,66.73499999999996,67.75534307956879,65.71465692043112,4932,0.1888301529578191
1695358800,66.5,66.9,66.5,66.9,66.74999999999997,67.77078401242349,65.72921598757645,191,0.5734729375531206
1695362400,66.5,66.5,66.5,66.5,66.72499999999997,67.74455872808814,65.7054412719118,13390,0.38965814631302537
1695366000,66.5,66.5,66.1,66.5,66.67499999999997,67.63390562623323,65.71609437376671,2169,0.4087501443247353
1695369600,66.5,67,66.4,67,66.64999999999996,67.5455445271015,65.75445547289843,3818,0.6954118357089545
1695614400,67.5,67.5,67,67,66.64999999999996,67.5455445271015,65.75445547289843,150,0.6954118357089545
1695618000,67.1,67.1,67,67,66.67499999999997,67.58026239291334,65.7697376070866,843,0.6795059656427879
1695621600,67,67,66.1,66.1,66.65999999999997,67.59252345816067,65.72747654183927,1475,0.19973945690089606
1695625200,66.1,66.1,65.6,65.6,66.58999999999997,67.61547549947184,65.56452450052811,7299,0.017297097536779934
1695628800,65.9,65.9,65.9,65.9,66.57999999999997,67.62804580053579,65.53195419946415,100,0.17558669685413
1695700800,66,66.9,66,66.9,66.62499999999997,67.64651847757047,65.60348152242948,5146,0.634603536812214
1695704400,66.9,66.9,66.9,66.9,66.66499999999998,67.66354894723226,65.6664510527677,100,0.6176707464623479
1695708000,66.5,66.5,66.5,66.5,66.60499999999998,67.48471586322988,65.72528413677007,2336,0.44032163998130897
1695711600,66.4,66.4,66,66,66.60499999999998,67.48471586322988,65.72528413677007,3205,0.15613897322557135
1695715200,66.4,66.4,66.4,66.4,66.57499999999996,67.43958082330498,65.71041917669494,5,0.39879488690774745
1695790800,66.4,67.4,65,67.4,66.61999999999998,67.55509357821491,65.68490642178504,4020,0.9170705575205789
1695798000,66,66,66,66,66.56999999999996,67.52519631491081,65.61480368508911,5958,0.20163201474810777
1695801600,67.3,67.9,66.1,67,66.56499999999997,67.51003968171867,65.61996031828127,2602,0.7301490659148395
1696219200,66.7,66.7,65,65,66.46499999999996,67.6074097338638,65.32259026613612,619,-0.14118851431922633
1696226400,65.5,65.5,65.2,65.5,66.40999999999995,67.6247427711359,65.19525722886401,621,0.12543510378374867
1696230000,65.5,65.5,65.3,65.3,66.36999999999996,67.6724592124232,65.06754078757672,210,0.08923857661184863
1696233600,66.5,66.5,65.7,66.5,66.34999999999995,67.63140547838255,65.06859452161736,3092,0.558529482872736
1696305600,66.1,66.5,65,65.2,66.28499999999995,67.65798943915402,64.91201056084589,4021,0.10487678599026747
1696309200,66.4,66.4,65,65,66.20999999999995,67.68770091697517,64.73229908302473,10477,0.09058020939827324
1696312800,65,65,65,65,66.10999999999994,67.63039468561317,64.58960531438672,8,0.1349632070858488
1696316400,66,66,65,65,66.00999999999995,67.54609895515632,64.47390104484357,10402,0.1712451380135437
1696320000,65.1,65.1,65,65,65.90999999999994,67.43564740357671,64.38435259642317,5200,0.20176595264852454
1696392000,64.8,64.8,64,64,65.80499999999995,67.53875315429744,64.07124684570246,6339,-0.020546998148456234
1696395600,64.1,64.1,64,64,65.72499999999994,67.62854931641859,63.82145068358129,4100,0.046899051912832564
1696399200,65.5,65.5,65.5,65.5,65.70499999999996,67.60917961338517,63.80082038661475,10,0.44617104432824095
1696406400,65,65.9,65,65.6,65.63999999999994,67.46362276801773,63.81637723198215,1706,0.48903281953333355
1696478400,65.9,65.9,65.9,65.9,65.58999999999995,67.32539620837265,63.854603791627234,1020,0.589316779218606
1696482000,65.9,66,65.9,66,65.56499999999994,67.26120163896799,63.86879836103189,1500,0.628227679423983
1696492800,65.9,65.9,65.4,65.4,65.53499999999994,67.22055628800632,63.84944371199356,927,0.459953873697209
1696564800,65.4,65.4,65,65,65.46499999999995,67.1169987893558,63.81300121064409,962,0.35926139807243507
1696568400,65,65,65,65,65.34499999999996,66.7471055595156,63.9428944404843,1938,0.3769707467249716
1696575600,65.9,65.9,65.9,65.9,65.33999999999995,66.73341307587911,63.94658692412078,150,0.7009454373918266
1696579200,65,65,65,65,65.23999999999995,66.41200682593063,64.06799317406927,5359,0.3976115178299536
1696824000,64.6,64.6,63.7,63.7,65.17499999999995,66.52388843127471,63.82611156872519,38150,-0.04674647873064069
1696827600,63.8,63.8,62,62,64.99999999999996,66.92145777992242,63.078542220077495,4400,-0.28065727786145195
1696831200,63.8,63.8,63.8,63.8,64.92499999999995,66.90981737195786,62.94018262804205,93,0.21659861106258535
1696834800,63,63,63,63,64.74999999999994,66.76544039853096,62.73455960146894,15,0.0658517112995585
1696838400,63.1,63.8,62.6,63.8,64.67999999999994,66.72509168499458,62.63490831500529,1150,0.2848507217410542
1696910400,62.9,63.5,62.5,63.5,64.60499999999995,66.70688011076408,62.50311988923582,4281,0.23714009796728372
1696914000,63,66,63,66,64.65499999999994,66.83809413448688,62.47190586551301,6217,0.8080490160164701
1696924800,63.1,63.1,63,63.1,64.55999999999995,66.83806935803851,62.281930641961374,5065,0.17955321578597377
1696996800,65.4,65.4,65.4,65.4,64.58,66.88008695487916,62.27991304512083,1,0.6782541304059283
1697000400,63.8,65.5,63.5,63.5,64.55499999999999,66.89035864483544,62.21964135516453,4065,0.2741246291371401
1697004000,63.5,64.9,63.5,64.9,64.6,66.92551069660122,62.27448930339877,20,0.5645019608893793
1697007600,64,64,64,64,64.525,66.82619534155626,62.22380465844376,18,0.3859288495593418
1697011200,64,64,64,64,64.44500000000001,66.70196699134034,62.18803300865967,300,0.4014163694667645
1697083200,64,64,62,64,64.35,66.51194357003199,62.18805642996799,751,0.4190543164836604
1697086800,63.2,64,63,64,64.25,66.27829978060478,62.22170021939522,1002,0.43837202902880146
1697094000,63.1,63.1,63.1,63.1,64.13499999999999,66.15021710989409,62.119782890105895,32,0.2432038476354587
1697097600,63.1,63.3,63.1,63.3,64.05,66.05549245822768,62.04450754177231,2104,0.3130135077489158
1697169600,63.1,63.3,63.1,63.3,63.96500000000001,65.94618651317805,61.98381348682197,5090,0.33217127827776266
1697173200,63.5,63.5,63,63,63.82000000000001,65.6306352476408,62.00936475235921,436,0.2735601355743955
1697176800,63,63,63,63,63.720000000000006,65.47909067418419,61.96090932581582,5954,0.29534880988044565
1697180400,62.7,63.4,62.7,63,63.685,65.47192473260792,61.89807526739209,1177,0.3083299236111966
1697184000,63,63,63,63,63.735000000000014,65.38093438508346,62.089065614916564,800,0.2767225696658775
1697428800,63,63,63,63,63.695000000000014,65.37127563365941,62.01872436634062,24,0.2926951910400336
1697432400,62.7,62.7,62,62,63.645,65.45549716928981,61.83450283071019,18350,0.04570489589738645
1697436000,61.8,62,61.8,61.8,63.545,65.52335790493244,61.566642095067564,433,0.05897767647366167
1697439600,62,62,61.9,61.9,63.46500000000001,65.56954270567383,61.3604572943262,550,0.12818525949109938
1697443200,61.9,61.9,61.8,61.9,63.26000000000001,65.12161220451608,61.39838779548394,3162,0.13472521379565516
1697515200,62,62,62,62,63.205000000000005,65.14559269296976,61.264407307030254,130,0.18952784261081723
1697518800,62,62,62,62,63.03500000000001,64.7604274832643,61.309572516735734,15,0.2000743264961992
1697522400,62,62,61.2,61.2,62.92,64.80531164532768,61.03468835467232,1200,0.04384199443560736
1697526000,61.1,61.1,61,61,62.725,64.55680239109107,60.893197608908935,3271,0.02915226871918516
1697529600,61.1,62.5,61,61,62.575,64.45529253043436,60.69470746956565,8224,0.08118218987016512
1697601600,60.8,61,60.8,60.8,62.415,64.32735456963599,60.50264543036401,201400,0.07774566870530339
1697605200,60.7,61.5,60.7,61.5,62.29,64.09543623537544,60.484563764624546,17764,0.2812163109056822
1697608800,61,61.5,61,61,62.14,63.84809835782496,60.43190164217504,55082,0.16629556349095656
1697612400,62.8,63.4,62.6,62.6,62.114999999999995,63.7802627420343,60.44973725796569,1672,0.645622665948655
1697616000,61.1,61.1,61.1,61.1,62.00500000000001,63.63285134456448,60.37714865543554,1050,0.22202621479477275
1697688000,62.3,62.3,62.3,62.3,61.955,63.47877819908425,60.43122180091574,130,0.613205452147607
1697691600,61.6,62.4,61.2,61.3,61.86999999999999,63.339829922136545,60.400170077863436,4424,0.3061000149012352
1697695200,62.4,62.5,61,62.5,61.84499999999999,63.252799701664955,60.43720029833503,15373,0.7326325255025126
1697698800,62.5,63,61,63,61.84499999999999,63.252799701664955,60.43720029833503,4978,0.9102146060387795
1697702400,61.6,61.6,61,61,61.74499999999999,63.09329521990144,60.39670478009854,875000,0.2237251942291826
1697774400,61,63.1,61,63,61.74499999999999,63.09329521990144,60.39670478009854,192055,0.9654025251575611
1697778000,63,63,62,62,61.74499999999999,63.09329521990279,60.39670478009719,31000,0.5945638596932772
1697781600,62,62,61.5,61.5,61.73,63.08218341951364,60.37781658048635,32641,0.41495236641685646
1697785200,61.8,62,61,62,61.73499999999999,63.09039662092309,60.3796033790769,93477,0.5977573633832468
1697788800,62,63,62,63,61.789999999999985,63.25273716026323,60.32726283973674,9907,0.9136081426215542
1698033600,63,66.4,63,65.3,61.954999999999984,64.07299433427382,59.83700566572615,5472,1.2896621690319274
1698037200,65.3,65.3,65.1,65.1,62.10999999999999,64.63341039072333,59.58658960927666,950,1.0924521851443514
1698040800,64.1,64.1,63,63,62.19999999999999,64.71555162936761,59.684448370632374,26305,0.6590108488850851
1698044400,63,63,63,63,62.29999999999999,64.77547975148485,59.824520248515135,228,0.6413867351530805
1698048000,63,63,62.5,62.5,62.374999999999986,64.7782269971882,59.97177300281177,8267,0.5260066985237485
1698120000,63,63,62.8,62.8,62.47499999999999,64.77184566308065,60.17815433691932,4595,0.5707492029664937
1698123600,62.8,62.8,62.5,62.7,62.53499999999999,64.78912954375123,60.280870456248756,309,0.5365994936842501
1698127200,62.5,63,62,62,62.584999999999994,64.74303151043014,60.42696848956984,7459,0.3644598104400746
1698130800,62,62,62,62,62.554999999999986,64.7279933271902,60.38200667280977,170,0.37229597232182243
1698134400,62,62,62,62,62.59999999999999,64.6861447696672,60.51385523033277,316,0.3561940645912849
1698206400,62,62,61,61,62.53499999999999,64.73252133095716,60.337478669042824,8451,0.15074286688917019
1698210000,61.5,61.5,61,61,62.519999999999996,64.75481542862198,60.28518457137801,300,0.15992717328400433
1698213600,61.5,61.5,61.1,61.1,62.44999999999999,64.7690515302622,60.130948469737774,545,0.2089327290956439
1698217200,61.1,61.1,60.6,60.6,62.33,64.7681140252268,59.8918859747732,12174,0.14521757758251877
1698220800,60.7,62,60.1,60.1,62.28499999999999,64.84958573652965,59.72041426347034,29930,0.07400527327335728
1698292800,63,63,63,63,62.28499999999999,64.84958573652965,59.72041426347034,500,0.6393987320867522
1698296400,62.9,62.9,62,62,62.28499999999999,64.84958573652965,59.72041426347034,932,0.4444354704269608
1698300000,62,62,60,60,62.209999999999994,64.94415434824167,59.47584565175832,13346,0.09585310144958754
1698303600,60,62,60,62,62.209999999999994,64.94415434824167,59.47584565175832,623,0.461596901042722
1698307200,61.8,62,61.8,62,62.15999999999999,64.87101457023203,59.44898542976794,1219,0.470490752473844
1698379200,62,62.5,62,62.5,62.019999999999996,64.32703272625426,59.712967273745726,5741,0.604029733635236
1698382800,62.9,62.9,62.9,62.9,61.90999999999999,63.789255171607344,60.030744828392635,500,0.7634022284353347
1698386400,62.4,62.4,62.4,62.4,61.879999999999995,63.70712889529163,60.05287110470836,600,0.6422997581998734
1698390000,61.8,61.8,61.8,61.8,61.82000000000001,63.57339670354572,60.066603296454296,300,0.4942967840764254
1698638400,62.1,63,62.1,63,61.845000000000006,63.64996537362974,60.04003462637027,3815,0.8199507361399742
1698642000,61.4,61.4,61.2,61.2,61.76500000000001,63.53505649627376,59.994943503726255,890,0.34040057444792904
1698649200,62.5,62.5,61.5,61.5,61.705000000000005,63.424854645022336,59.985145354977675,59,0.4404019401891537
1698652800,62.5,62.5,62.4,62.4,61.72500000000001,63.46726863600359,59.98273136399643,146,0.6937129516227494
1698724800,62,62,62,62,61.725,63.467268636004626,59.98273136399538,1205,0.5789200914018143
1698728400,61.8,62.8,61.7,61.7,61.71,63.44769962882165,59.97230037117835,1088,0.4971226327513291
1698732000,61.7,61.8,61.7,61.7,61.74500000000002,63.452014938422565,60.03798506157747,503,0.4868190960175192
1698735600,62.8,62.8,61.7,61.7,61.780000000000015,63.45284189330604,60.107158106693994,405,0.47608859500705436
1698739200,62.8,62.8,62.1,62.1,61.83000000000002,63.478150478565524,60.181849521434515,40,0.5819099965419968
1698811200,63,63,62.2,63,61.95000000000001,63.57172747402301,60.32827252597701,387,0.8237288683884937
1698818400,63,63.4,63,63.4,62.11500000000002,63.617364802567444,60.6126351974326,7526,0.9276591137532022
1698822000,63.3,63.4,63.3,63.4,62.135000000000026,63.693557024941924,60.57644297505813,278,0.9058240987515778
1698825600,63.4,63.4,63.4,63.4,62.20500000000003,63.856029981555174,60.55397001844488,1064,0.8618953057637302
1698897600,63.4,64,63.4,63.4,62.37500000000002,63.76190302472711,60.98809697527293,2735,0.8695283598511414
1698901200,63.4,63.5,63.4,63.5,62.450000000000024,63.90808093053734,60.99191906946271,675,0.860062318218867
1698904800,64,64,63.9,63.9,62.54500000000003,64.11659154998775,60.97340845001232,445,0.9310916535567271
1698908400,63.9,63.9,63.4,63.4,62.59000000000002,64.20480648995458,60.97519351004546,1501,0.7508040452645115
1698912000,63.9,64,63.9,64,62.645,64.36949992751758,60.92050007248242,36,0.8928675143380621
1698987600,64,64,63.9,63.9,62.720000000000006,64.52399556540672,60.9160044345933,61,0.8270518017415296
1698991200,63.9,63.9,63.8,63.8,62.81999999999999,64.6306352476443,61.00936475235569,266,0.7706232526056834
1698994800,63.8,64.3,63.8,64.3,62.885000000000005,64.80674399960238,60.96325600039764,730,0.8681551757915649
1698998400,63.6,63.6,62.5,62.5,62.95,64.72144009213072,61.17855990786928,300,0.3729846970272839
1699243200,62.9,62.9,62.9,62.9,63.02,64.66268073587305,61.37731926412696,121,0.4634743388111169
1699246800,62.9,63,62.5,62.5,63.025,64.66069557070082,61.38930442929917,1750,0.339517814499229
1699254000,62.5,62.5,62.5,62.5,63.05,64.63682072081541,61.463179279184594,10,0.32669749872015263
1699257600,63,64.5,63,64.5,63.18999999999998,64.76974681515976,61.610253184840204,1000,0.9146234027594857
1699333200,63,64,62.5,64,63.304999999999986,64.76441769209686,61.845582307903115,3073,0.738108666135686
1699336800,64.3,64.3,64,64,63.41999999999998,64.70778880256333,62.13221119743664,1003,0.7251922049817197
1699344000,63.8,64.9,62,62.9,63.459999999999994,64.62516093309087,62.29483906690913,12526,0.25968984880291873
1699416000,62.9,62.9,62.9,62.9,63.454999999999984,64.62883985279215,62.281160147207814,56,0.26359637190719537
1699419600,62.9,62.9,62.5,62.5,63.40999999999998,64.65563236952332,62.16436763047664,10028,0.13472368643237612
1699423200,62.5,62.5,61.8,62,63.339999999999975,64.72910042833789,61.95089957166206,13732,0.0176734623848207
1699426800,62.2,62.2,61.8,62.1,63.27499999999998,64.76479864411546,61.78520135588449,8591,0.105651406436342
1699430400,62.1,62.1,62.1,62.1,63.20999999999998,64.783403953219,61.636596046780966,10309,0.14726159555877608
1699502400,62.1,62.2,62.1,62.2,63.14499999999998,64.77162226715569,61.518377732844264,2530,0.20952075995726174
1699509600,63.5,63.5,63.5,63.5,63.12499999999998,64.72359313147767,61.52640686852228,5,0.6172906328120481
1699513200,63,63,63,63,63.10499999999998,64.699333716637,61.51066628336296,2500,0.4670708839359369
1699516800,63,63.4,63,63,63.054999999999986,64.59574657228374,61.51425342771623,6668,0.48215150986237076
1699588800,63,63,63,63,63.00999999999998,64.50117403411089,61.51882596588906,20,0.4966469373221297
1699592400,63,63,62.6,62.6,62.949999999999974,64.40533501298071,61.49466498701923,59,0.3797527727711583
1699596000,63,63,63,63,62.88499999999998,64.2029908952673,61.567009104732655,47,0.5436270085070256
1699603200,63,63,62.8,62.8,62.89999999999998,64.20690474021863,61.59309525978132,509,0.46174166451364723
1699848000,63.9,64,63.9,64,62.95499999999997,64.34708476753876,61.56291523246117,1314,0.8753363388378977
1699851600,64,64,63.1,63.1,62.98499999999997,64.36235253294468,61.60764746705525,119,0.5417467559137418
1699855200,63.9,64,63.9,63.9,63.05499999999997,64.46847090525809,61.64152909474185,210,0.7989095837971005
1699858800,63.9,64,63.9,64,63.02999999999997,64.35529242056583,61.704707579434114,1923,0.8659569710607216
1699862400,63.3,63.3,63.3,63.3,62.99499999999997,64.25114489610445,61.738855103895496,500,0.6214031919987425
1699934400,64,64,64,64,62.99499999999996,64.25114489610588,61.73885510389404,350,0.9000334687166904
1699938000,63.2,63.2,63.2,63.2,63.009999999999955,64.26841169734486,61.75158830265505,520,0.5754919874000394
1699941600,63.4,63.4,63.1,63.1,63.01999999999997,64.27793481548535,61.76206518451459,722,0.5317981500373539
1699945200,63.1,63.1,63,63.1,63.04999999999997,64.28531372533817,61.814686274661774,765,0.5202377740060892
1699948800,63,63,62.8,62.8,63.08999999999996,64.23525106418275,61.94474893581717,175,0.37339020714776916
1700020800,62.8,63,62,62,63.08499999999996,64.24822826651139,61.921771733488534,2178,0.03362550101454995
1700024400,62.1,62.1,62.1,62.1,63.084999999999965,64.24822826650983,61.921771733490104,20,0.076609325805266
1700028000,62.2,62.2,62.2,62.2,63.08499999999996,64.24822826651139,61.921771733488534,400,0.11959315059712564
1700031600,62,62,61.9,61.9,63.00499999999996,64.25955171276772,61.7504482872322,250,0.05960364616531384
1700035200,62.5,63,62.5,63,63.00499999999996,64.25955171276772,61.7504482872322,552,0.49800725631750603
1700107200,63,63,62.9,62.9,62.999999999999964,64.25538838612125,61.744611613878675,280,0.46017168825779453
1700110800,62.9,63,62.9,63,62.999999999999964,64.25538838612125,61.744611613878675,2560,0.5000000000000141
1700114400,62.5,62.5,62.5,62.5,62.99499999999996,64.25749752475355,61.73250247524637,540,0.3039600116853411
1700118000,62.1,62.2,62,62.2,62.95499999999996,64.26416003605733,61.64583996394259,10898,0.2116471710083297
1700121600,62.2,63,62.2,63,62.96499999999996,64.2723255141735,61.65767448582641,8370,0.5133861075992878
1700193600,63,63,63,63,62.914999999999964,64.13364679050531,61.696353209494625,50,0.5348747482298728
1700197200,62.6,62.6,62.6,62.6,62.889999999999965,64.1129472597006,61.66705274029933,100,0.38143397121190814
1700200800,62.5,62.5,62.5,62.5,62.81999999999996,63.96122740941992,61.678772590579996,15,0.35980007255407565
1700204400,62.5,62.5,62.5,62.5,62.74499999999996,63.75589069637156,61.734109303628365,602,0.378819737445728
1700208000,62.5,62.6,62.5,62.6,62.70999999999996,63.689591751706274,61.73040824829364,525,0.44385416179324105
1700452800,62.3,62.3,62.2,62.2,62.61999999999996,63.42399004969506,61.81600995030487,814,0.23880273757166534
1700456400,62.2,62.2,62.1,62.2,62.56999999999995,63.34743166903015,61.79256833096975,220,0.2620369643151399
1700460000,62.1,62.1,60.7,60.8,62.45499999999995,63.514197809671415,61.39580219032848,3020,-0.2812516155567228
1700463600,62.1,62.1,62.1,62.1,62.40499999999995,63.431596317941775,61.37840368205813,2,0.3514508601533704
1700467200,62,62,60.5,61,62.31499999999994,63.49190271476344,61.13809728523644,1820,-0.05866979636638515
1700539200,60.3,60.5,60.3,60.5,62.23999999999994,63.65477913471306,60.825220865286816,156,-0.11493697401494478
1700542800,61,61,60.5,60.5,62.15999999999993,63.765490579238055,60.55450942076181,1200,-0.016975939151158966
1700546400,60.5,60.5,60.1,60.1,62.054999999999936,63.8939942903718,60.21600570962807,9009,-0.031540530124379
1700550000,61.6,61.6,61,61,62.009999999999934,63.905151708972,60.11484829102787,5213,0.23353056770643432
1700553600,61.6,61.6,61.6,61.6,61.93999999999994,63.78651022201752,60.09348977798236,1,0.4079344387196404
1700625600,61.4,61.4,61.4,61.4,61.86499999999994,63.670851599665895,60.05914840033398,50,0.3712518791450099
1700629200,61.1,61.1,60,60,61.71499999999994,63.61476314313495,59.81523685686493,1436,0.048627941804938304
1700632800,61.1,61.4,61.1,61.4,61.65999999999995,63.529117438795296,59.7908825612046,62,0.4304484580253237
1700640000,61.5,63.4,61.5,63.4,61.719999999999935,63.72658914579316,59.71341085420671,6700,0.9186208231820022
1700712000,62.5,62.5,62.4,62.4,61.68999999999994,63.63617573718571,59.74382426281417,23,0.6824090153920889
1700726400,62.3,62.4,62,62,61.639999999999944,63.49838639685336,59.781613603146525,85,0.5968582208225375
1700798400,60.5,63.5,60.5,60.6,61.53999999999995,63.396232744028715,59.68376725597118,1397,0.24679899300780225
1700802000,63.5,63.5,63.5,63.5,61.589999999999954,63.59489401216292,59.58510598783699,10,0.976334406809729
1700812800,63,63,61,61.2,61.524999999999956,63.49159604393021,59.558403956069704,2158,0.41736991412063484
1701057600,61.2,61.2,61,61,61.44499999999996,63.35965401574369,59.53034598425622,867,0.38379101489333567
1701061200,61,61,61,61,61.384999999999955,63.27632228877151,59.4936777112284,337,0.39821935629754057
1701064800,61,62,61,61,61.32499999999995,63.18497311808696,59.46502688191295,5680,0.41263314592035133
1701144000,61.5,61.5,61.4,61.4,61.35499999999996,63.199424029338324,59.5105759706616,52,0.5121989302037503
1701147600,61.2,61.2,60.8,61,61.29999999999997,63.11769084280027,59.482309157199666,1414,0.417477715974573
1701151200,61,61,60.7,60.7,61.284999999999954,63.11723906737209,59.45276093262782,490,0.3403592603123075
1701154800,60.9,60.9,60.7,60.9,61.304999999999964,63.111073088222405,59.498926911777524,786,0.38787829168127086
1701158400,60.7,61,60.7,61,61.32999999999996,63.10437312874253,59.555626871257395,1261,0.40700941232303783
1701230400,61,62,61,62,61.42499999999997,63.127791825209776,59.72220817479016,1886,0.6688403689421
1701234000,62,62,62,62,61.474999999999966,63.18365444136656,59.76634555863337,1000,0.653629659482269
1701237600,62,62,62,62,61.49499999999997,63.21833978077399,59.77166021922595,2578,0.64651782708028
1701241200,62,62.3,62,62,61.52499999999996,63.261519507520546,59.78848049247938,5618,0.6367678272380153
1701244800,62,62.2,62,62.2,61.63499999999997,63.24531052905952,60.024689470940416,174,0.6754320020282057
1701316800,62.5,65,62.5,65,61.81499999999996,63.98688857909458,59.64311142090534,1236,1.233232825720679
1701320400,65,65,62,62,61.74499999999997,63.79485365331237,59.695146346687565,2185,0.5621995622926473
1701327600,62,62,62,62,61.72499999999998,63.75662496538932,59.69337503461064,14,0.5676798141106025
1701331200,63,63,63,63,61.77499999999996,63.87916254125086,59.67083745874907,100,0.7910896796194729
1701403200,63.9,64.7,63.9,64,61.94500000000001,64.18685191303867,59.70314808696135,304,0.9583264371852728
1701406800,63.9,63.9,63.7,63.7,61.955000000000005,64.22610105455405,59.683898945445954,218,0.8841748909633279
1701410400,63.7,64.4,63.7,64.4,62.114999999999995,64.59231709718468,59.63768290281531,853,0.9611844003734471
1701414000,64.4,64.5,63.1,64.5,62.290000000000006,64.9174702662436,59.662529733756415,899,0.9205566145491646
1701417600,64.4,65,64.3,65,62.49000000000001,65.29706252156855,59.68293747843146,13559,0.947086586193571
1701662400,64.6,68.5,64.6,67.9,62.835,66.41453907647306,59.25546092352695,7096,1.2074933241112398
1701666000,67,67,67,67,63.114999999999995,67.05924897794243,59.17075102205755,5509,0.9924891939791617
1701669600,66.9,66.9,66,66,63.36500000000001,67.37462591771313,59.355374082286886,2483,0.8285842687168751
1701673200,65,66,64,64,63.53000000000001,67.35470913926746,59.70529086073256,1650,0.5614425807147797
1701676800,64,64.2,64,64.2,63.695000000000014,67.33174304838715,60.058256951612876,7105,0.5694302557646946
1701748800,64.6,64.8,64.6,64.8,63.885000000000005,67.3307364960187,60.4392635039813,25,0.6327727760171464
1701752400,64.8,64.9,64.6,64.7,64.02000000000001,67.36998507459289,60.67001492540712,106,0.6014929894997569
1701756000,64.9,65,64.8,64.8,64.16,67.39258410563492,60.92741589436507,3321,0.5989920105844075
1701759600,64.8,64.8,64.8,64.8,64.3,67.38544972410897,61.214550275891035,40,0.5810254654440026
1701763200,64.8,64.8,64.4,64.4,64.42,67.31937924390657,61.520620756093436,830,0.4965509858632622
1701835200,64.4,64.4,64.1,64.3,64.525,67.2415235136099,61.808476486390106,450,0.4585867748111237
1701838800,64.4,64.4,64.1,64.4,64.495,67.20311742729112,61.7868825727089,2069,0.4824601401987525
1701842400,64.2,64.2,64.2,64.2,64.60499999999999,67.06628015471692,62.14371984528305,15018,0.41772574137409374
1701846000,64.2,64.2,63.9,63.9,64.7,66.88265892892115,62.51734107107885,397,0.3167372855649444
1701849600,63.9,63.9,63.9,63.9,64.745,66.82006626400205,62.669933735997965,283,0.296392044278549
1701921600,63.5,64.2,63.5,64.2,64.755,66.81749848484873,62.69250151515126,410,0.36545444661485577
1701925200,64.2,64.2,64,64,64.77000000000001,66.80577994881506,62.73422005118496,3100,0.31088329304741436
1701928800,63.9,63.9,63.9,63.9,64.745,66.81040552918756,62.679594470812454,500,0.29543968773715884
1701932400,64,64,64,64,64.72,66.808635918488,62.63136408151201,19,0.32763870102329135
1701936000,63.5,64,63.5,64,64.67,66.7772256642315,62.56277433576851,14492,0.3410231966673699
1702008000,64.2,64.2,63.3,63.3,64.44000000000001,66.02669467762136,62.85330532237865,1654,0.14076264448400155
1702011600,64.2,64.2,63.3,64,64.28999999999999,65.364988372031,63.21501162796899,180030,0.36511482005517504
1702015200,63.4,64,63.4,64,64.19000000000001,64.92999999999378,63.45000000000624,161,0.37162162162053286
1702018800,64,64.5,64,64.5,64.215,64.96139131827383,63.46860868172618,2773,0.6909186193772426
1702022400,63.5,64.5,63.5,64.5,64.23,64.98657121277333,63.47342878722669,260,0.6784366067869995
1702267200,64,64,63.3,64,64.19,64.9052621896885,63.47473781031149,2101,0.367181571499859
1702270800,63.4,63.5,63.3,63.3,64.12,64.89356318422952,63.34643681577049,4616,-0.030014882246977043
1702274400,63.3,63.5,63.3,63.5,64.05499999999999,64.80726325179515,63.302736748204836,2627,0.13111317834842157
1702278000,63.5,64,63.3,63.3,63.98,64.71918874450132,63.24081125549867,13233,0.04003628636232624
1702281600,63.3,64,63,64,63.959999999999994,64.67386273190257,63.24613726809742,10404,0.5280165907340444
1702353600,65.4,65.4,62.6,62.7,63.879999999999995,64.76226980000408,62.997730199995914,5350,-0.16872967883210646
1702357200,65.3,65.3,65.3,65.3,63.92499999999999,64.98306427026165,62.86693572973833,1150,1.1497714924538416
1702360800,65.3,65.3,65.3,65.3,63.98,65.192600511298,62.767399488702004,82,1.0442847779220537
1702364400,65.2,65.2,65.2,65.2,64.045,65.36783785854462,62.72216214145539,3,0.9365614396879786
1702440000,63.5,63.5,63.5,63.5,64.025,65.36794452603023,62.68205547396979,20,0.3045339960720777
1702443600,64.3,64.3,64.3,64.3,64.03,65.3762540622033,62.6837459377967,10,0.6002782489503169
1702447200,63.5,63.5,63.5,63.5,64.00500000000002,65.37097950203734,62.6390204979627,9,0.3151509597154182
1702454400,63.5,63.9,63.5,63.5,63.985000000000014,65.36814858203822,62.601851417961804,585,0.3246753796742088
1702526400,64,64,63.5,63.5,63.960000000000015,65.35914259458873,62.5608574054113,60,0.33561361015699986
1702533600,63.5,63.5,63.5,63.5,63.93500000000002,65.34818788559464,62.52181211440539,40,0.34609265178600707
1702537200,63.1,63.1,60.1,60.1,63.77500000000001,65.95571089326212,61.594289106737904,8400,-0.34261513329320936
1702540800,63.5,63.5,63.5,63.5,63.75,65.93128402552212,61.568715974477875,1985,0.44269430365902135
1702612800,61.2,61.2,61.2,61.2,63.61,66.05286716789922,61.16713283210078,5,0.006727170500941321
1702616400,62,62,62,62,63.485,65.98801817811992,60.98198182188009,40,0.20335812720396856
1702620000,63.5,63.5,63.5,63.5,63.435,65.89449181742826,60.975508182571744,5,0.5132141118623367
1702627200,62.9,63.5,62.9,63.5,63.410000000000004,65.85613981611762,60.96386018388239,720,0.5183963319281641
1702872000,64.3,64.5,62,62,63.345000000000006,65.86728071395638,60.822719286043636,334,0.23337622720623324
1702875600,63.4,63.4,63.4,63.4,63.339999999999996,65.86142816673431,60.81857183326568,7,0.5118980189068231
1702879200,63.4,63.4,63,63,63.325,65.85076721017542,60.79923278982459,638,0.43566311283741876
1702886400,63,63,62.6,62.6,63.254999999999995,65.77965839273402,60.73034160726598,465,0.3702794798129738
1702958400,63,63,62.7,62.7,63.254999999999995,65.77965839273402,60.73034160726598,180,0.3900841393835125
1702962000,62.7,63.9,62.7,63.9,63.18499999999999,65.55166431924877,60.818335680751204,160,0.6510564878560731
1702965600,62.7,62.7,62.4,62.4,63.04,65.21843980867047,60.86156019132954,5029,0.3531058793883761
1702969200,62.4,62.4,62.4,62.4,62.9,64.85345847153215,60.946541528467854,10190,0.3720218506596046
1702972800,62.6,62.6,62.6,62.6,62.855,64.79249838709696,60.91750161290303,6,0.4341934936054142
1703044800,64.7,64.7,62.5,62.6,62.769999999999996,64.59219647678303,60.947803523216955,3224,0.4533529994800247
1703048400,62.4,63,62,63,62.745000000000005,64.5399651807199,60.950034819280106,3379,0.5710320185424778
1703052000,63,63,63,63,62.720000000000006,64.48589920437084,60.95410079562917,120,0.5792797231311279
1703055600,62.6,62.6,62.5,62.5,62.67,64.40101126512747,60.93898873487254,310,0.45089575572823215
1703059200,63,63,63,63,62.645,64.34143744358407,60.948562556415936,100,0.6046310317373058
1703131200,63,63,62,63,62.790000000000006,64.024341929934,61.555658070066016,1418,0.5850655701257852
1703134800,62.1,63,62,63,62.765,63.96044970617653,61.56955029382347,895,0.5982893712658193
1703138400,62.8,62.8,62,62,62.80500000000001,63.82964628042692,61.78035371957309,10417,0.10718151454929054
1703142000,62.9,62.9,62.8,62.8,62.845000000000006,63.80098117136057,61.88901882863944,730,0.47646397159895715
1703145600,62.1,62.5,62,62,62.769999999999996,63.743858305915765,61.79614169408423,2425,0.10466528070737897
1703217600,62.5,62.5,62,62.5,62.71999999999999,63.64000000000216,61.79999999999782,527,0.380434782608982
1703224800,62.5,62.5,62.1,62.1,62.725,63.63026239290032,61.81973760709968,735,0.15479621991277145
1703228400,62.3,62.3,62.1,62.1,62.660000000000004,63.54859439566096,61.771405604339044,300,0.18489560437557126
1703232000,62.5,62.5,62,62,62.61,63.52847700025549,61.69152299974451,2001,0.16792853831379786
1703649600,62,62,62,62,62.580000000000005,63.53624264702753,61.62375735297248,1014,0.19672969418225927
1703653200,61.9,61.9,61.9,61.9,62.54,63.53879927913318,61.54120072086682,137,0.17961530741420242
1703656800,62.5,62.5,62,62,62.44500000000001,63.2511637550728,61.63883624492721,152,0.22400148406583678
1703660400,62.1,62.1,62.1,62.1,62.43000000000001,63.24999999999746,61.61000000000255,10,0.2987804878042506
1703664000,62.1,62.1,62.1,62.1,62.415,63.247526275860764,61.582473724139234,40,0.31081678192420226
1703739600,62,62,61.9,61.9,62.38000000000001,63.23697141142054,61.52302858857948,1500,0.21994398319288475
1703750400,62.3,62.3,62.3,62.3,62.36500000000001,63.216528038290114,61.513471961709904,1102,0.4618333178256033
1703822400,62.5,62.5,62.5,62.5,62.34000000000001,63.1434923770594,61.53650762294062,2611,0.5995653503182911
1703826000,62.5,62.5,62.3,62.3,62.30500000000001,63.04924458345168,61.56075541654833,10003,0.4966408892243323
1703836800,62.5,62.5,62.5,62.5,62.30500000000001,63.049244583452904,61.56075541654711,20,0.631005320250567
1704168000,62.4,62.5,62.2,62.5,62.28000000000001,62.95999999999625,61.60000000000377,73,0.6617647058832411
1704171600,62.5,62.5,62.3,62.3,62.24500000000002,62.839894948703396,61.65010505129664,33,0.5462266490242147
1704175200,62.5,62.5,62.5,62.5,62.220000000000006,62.720399840126866,61.719600159873146,378,0.7797762684426608
1704178800,62.5,63.1,62.3,63.1,62.27500000000001,62.89427376820971,61.65572623179032,777,1.166102814579926
1704182400,63,63,62.9,62.9,62.280000000000015,62.91749509801456,61.64250490198547,455,0.9862782489865007
1704258000,62.4,62.4,62.4,62.4,62.30000000000001,62.92609903369546,61.673900966304565,30,0.5798595706255556
1704261600,63,63,63,63,62.325,63.01745938508886,61.63254061491114,27,0.9873932063996633
1704265200,62.6,62.7,62.5,62.5,62.345000000000006,63.0334039511765,61.65659604882351,4152,0.6125792492439184
1704268800,62.8,62.8,62.8,62.8,62.38000000000001,63.085974503785344,61.674025496214675,15,0.7974611673282869
1704340800,62.6,62.6,62.5,62.5,62.40500000000001,63.09049252366062,61.719507476339395,640,0.5692932429756347
1704344400,63,63,63,63,62.455000000000005,63.16062029448908,61.74937970551093,580,0.8861850376586883
1704348000,63.1,63.5,63,63,62.51000000000001,63.20541354602171,61.814586453978315,2903,0.8523083514860806
1704351600,63,63,63,63,62.56000000000002,63.2452736679488,61.87472633205123,5,0.821039622985242
1704355200,63,63,63,63,62.605000000000004,63.281683086821545,61.92831691317846,2,0.7918648387204097
1704427200,63,63.9,62.5,62.5,62.625000000000014,63.26335726672829,61.98664273327174,11705,0.4020924437496679
1704430800,62.5,62.5,62.4,62.5,62.65500000000001,63.20445427470473,62.105545725295286,12162,0.35895095630723267
1704434400,62.4,62.4,62,62,62.64000000000001,63.241331855129026,62.03866814487099,2914,-0.0321520841954173
1704438000,62,62.5,62,62.5,62.64000000000001,63.241331855126,62.038668144874016,1596,0.38359173158166154
1704441600,62.5,62.5,61.9,62,62.625000000000014,63.27268819657861,61.977311803421415,1596,0.017514752236056624
1704686400,62.5,62.5,62.5,62.5,62.625000000000014,63.27268819657861,61.977311803421415,2001,0.4035029504472025
1704690000,62.5,63.9,62.5,63.9,62.695000000000014,63.54464698551197,61.84535301448806,354,1.20911803404676
1704693600,62.6,62.6,62,62,62.68000000000001,63.566791971090154,61.79320802890986,20000,0.11659553640067806
1704700800,62.1,62.5,62,62,62.65500000000001,63.5876842981376,61.722315701862414,24762,0.1488629639697338
1704772800,63,63,62,62.5,62.625,63.53686621825605,61.71313378174395,70,0.43145924396724383
1704780000,62,62,62,62,62.58,63.5214881836739,61.638511816326094,694,0.19197701571956835
1704783600,62,62.5,58,62.5,62.584999999999994,63.52366927082999,61.646330729169996,30414,0.4547231369762247
1704859200,61,62.9,61,62.9,62.58,63.51080610225706,61.64919389774294,20,0.6718940170375176
1704862800,61.1,61.1,60.7,61,62.504999999999995,63.663404074579006,61.346595925420985,2467,-0.1496006156344648
1704866400,60.6,61.1,60.4,61.1,62.419999999999995,63.720153837051406,61.11984616294858,13759,-0.007632236425802751
1704870000,61.1,62.4,61.1,62.4,62.414999999999985,63.71465380005863,61.11534619994134,159,0.49422923243124073
1704873600,60.5,61.2,60.2,61.2,62.32499999999999,63.697406645278775,60.9525933547212,455,0.09013605629567008
1704945600,62.5,62.5,60.6,60.6,62.205,63.73140099580701,60.67859900419299,60,-0.025746512354518115
1704949200,60.8,62.5,60.8,61.4,62.124999999999986,63.644045753098375,60.6059542469016,386,0.26136334323004795
1704952800,61.4,61.4,60.4,60.4,61.99499999999999,63.63265075641895,60.357349243581034,1046,0.013021932866879716
1704956400,61,61,61,61,61.91999999999998,63.59523132731175,60.24476867268821,45,0.2254110566699178
1704960000,60.6,60.6,60.5,60.5,61.81999999999998,63.581363108506814,60.058636891493144,1010,0.12529021028520743
1705032000,62,62,60.5,62,61.81999999999998,63.581363108506814,60.058636891493144,122,0.5510967895065694
1705035600,61,61,60.6,60.6,61.72499999999998,63.53372883540014,59.91627116459982,455,0.18900810945741195
1705039200,60.6,61,60.5,61,61.674999999999976,63.50571024468911,59.84428975531084,23,0.3156453207278047
1705042800,61,61,61,61,61.59999999999998,63.41218100641428,59.78781899358568,47,0.3344536230442069
1705046400,61.5,61.5,61.5,61.5,61.479999999999976,62.9532277488596,60.006772251140355,111,0.50678781675661
1705377600,62.3,62.3,61.6,62,61.479999999999976,62.9532277488596,60.006772251140355,4201,0.6764832356716536
1705384800,61.6,61.6,61,61,61.42999999999997,62.89710599481145,59.962894005188495,2375,0.3534529878820287
1705388400,60.7,61,60.2,60.2,61.314999999999976,62.78914381931032,59.840856180689634,67700,0.12181437611643244
1705392000,62,62,62,62,61.314999999999976,62.78914381930971,59.840856180690245,110,0.7323382532379966
1705464000,61.5,61.5,61.5,61.5,61.26499999999997,62.63944534267804,59.89055465732191,2000,0.5854890306303987
1705467600,60.4,60.4,60.4,60.4,61.13999999999997,62.340666481588855,59.93933351841109,175,0.19183782034928362
1705471200,60.6,62,60.3,60.3,61.104999999999976,62.35955171276773,59.85044828723222,6247,0.17916826711590475
1705474800,60.2,60.3,60.2,60.3,61.064999999999976,62.36772790712737,59.762272092872585,2383,0.2063853488458463
1705478400,60.3,60.3,60.2,60.2,60.95499999999997,62.155791405704704,59.754208594295235,2612,0.185623999133778
1705550400,62.3,62.3,61,61.2,60.95499999999997,62.155791405704704,59.754208594295235,3904,0.6020160532612425
1705554000,62,62,62,62,61.02499999999998,62.29602320986455,59.753976790135404,444,0.8835492508842181
1705557600,61.9,62,61.5,62,61.05499999999997,62.38687837283087,59.72312162716907,804,0.8547621236582724
1705561200,61.6,61.6,61.6,61.6,61.114999999999974,62.43147255953633,59.798527440463616,200,0.6842043711761214
1705564800,62,62,61.6,61.6,61.14499999999997,62.47687837283087,59.81312162716907,1201,0.670811392872509
1705636800,61.6,63,61.6,63,61.26999999999997,62.7919724044851,59.748027595514834,123,1.0683414478810056
1705651200,62.8,62.9,62.8,62.9,61.314999999999976,62.96820900070503,59.66179099929492,1340,0.9793707266667607
1705896000,62.9,62.9,62.9,62.9,61.42999999999997,63.18510683435891,59.67489316564103,1,0.9187779259992883
1705899600,61.8,62,61.7,61.7,61.464999999999975,63.21231222167414,59.71768777832581,507,0.5672461386937664
1705903200,61.7,61.7,61.5,61.5,61.489999999999974,63.22424335086327,59.75575664913668,8253,0.5028831017270582
1705906800,62.8,62.8,62,62,61.51499999999997,63.26345646214438,59.76654353785556,1010,0.6386937594674778
1705910400,62,62,62,62,61.514999999999986,63.26345646214335,59.76654353785662,970,0.6386937594675565
1705982400,62,62,61,61,61.51499999999997,63.26345646214438,59.76654353785556,1030,0.3527272451015607
1705986000,61,61.3,61,61.3,61.56999999999997,63.21572172617846,59.924278273821486,528,0.41796912087107857
1705989600,61.3,61.3,60.9,60.9,61.51499999999997,63.17304101276638,59.85695898723356,1080,0.3145401726300312
1705993200,60.9,60.9,60.9,60.9,61.48499999999997,63.164613050680266,59.805386949319676,270,0.32585274633254685
1705996800,60.9,60.9,60.8,60.9,61.50999999999997,63.13837342155155,59.88162657844839,1176,0.3126965252789687
1706068800,61.5,61.5,61,61,61.54499999999997,63.09609638643522,59.993903613564726,10306,0.3243178164922103
1706072400,61.5,62,61.5,62,61.629999999999974,63.082033057479,60.177966942520946,4119,0.627407567649461
1706076000,62,62.9,61,61,61.66999999999998,63.001315139255425,60.338684860744536,33891,0.24836912003618966
1706083200,62.5,62.5,62.5,62.5,61.73499999999998,63.094816164049504,60.37518383595045,400,0.7812880226845721
1706241600,62.5,62.5,62,62,61.73499999999998,63.09481616405084,60.375183835949116,2518,0.5974396418448921
1706245200,62,62.5,62,62.4,61.75499999999998,63.14132607997189,60.36867392002807,871,0.7326292527127121
1706248800,62.4,62.5,62.4,62.5,61.79999999999999,63.221267040357255,60.378732959642726,1374,0.7462591406552461
1706252400,62,62,62,62,61.81999999999999,63.240704050816454,60.39929594918353,600,0.5633488726580892
1706256000,62,62,62,62,61.769999999999996,63.08772531280362,60.45227468719637,100,0.5872716027252487
1706500800,61.9,62,61.1,61.1,61.67999999999999,62.92032253869833,60.439677461301656,6384,0.2661898490497982
1706504400,61.2,61.7,61.2,61.5,61.60999999999999,62.71797111875969,60.50202888124029,1370,0.4503597169016779
1706508000,61.5,61.5,61.3,61.3,61.58999999999999,62.70516814875839,60.47483185124159,127,0.36997476554416
1706511600,61.2,61.3,60.7,61.3,61.579999999999984,62.70178429299391,60.458215707006055,12810,0.37519882309428
1706515200,61.3,61.3,61,61,61.52999999999999,62.661547612787494,60.39845238721248,100081,0.2658074684571336
1706587200,60.9,61.5,60.9,61.5,61.50499999999998,62.615810514898165,60.3941894851018,3942,0.4977493911279551
1706590800,61.4,61.5,61,61.5,61.52999999999999,62.61646214844545,60.443537851554524,107716,0.4861937205806426
1706594400,61.5,61.5,61.1,61.1,61.51999999999998,62.6183624174234,60.421637582576565,1205,0.30880627680923683
1706598000,61.1,61.5,60.9,61,61.52499999999999,62.61288786186774,60.43711213813224,17947,0.25870674800128707
1706601600,61,61,60.7,60.7,61.514999999999986,62.62904667765974,60.400953322340236,2878,0.13421640387993744
1706673600,62,62.5,61.5,62.5,61.594999999999985,62.74994588618041,60.440054113819556,85,0.8917932479905964
1706677200,61.5,61.5,61.5,61.5,61.61999999999998,62.74356575241729,60.49643424758268,45,0.44659858591194684
1706680800,61.5,61.5,61.1,61.1,61.57499999999999,62.70614985744779,60.443850142552186,200,0.29003666186559796
1706684400,61.1,61.1,60.4,60.4,61.54499999999998,62.763974979236686,60.326025020763275,5000,0.030343108142812308
1706688000,62,62.5,62,62.5,61.54499999999998,62.763974979236686,60.326025020763275,5500,0.8917225604573192
1706760000,61,62.4,60.7,62,61.54499999999998,62.763974979236686,60.326025020763275,261438,0.686632214668151
1706763600,62,62,61.5,61.5,61.49999999999998,62.654123043704345,60.34587695629561,200,0.5000000000000092
1706767200,61.6,61.6,60.5,60.5,61.39999999999999,62.53666177907118,60.2633382209288,126190,0.10410386951894517
1706770800,62,62,60.5,61,61.34999999999999,62.46445053726374,60.23554946273624,57260,0.34297194523351243
1706774400,61,61,61,61,61.29999999999999,62.38258948822068,60.2174105117793,188420,0.3614433248871369
1706846400,61,61,60.4,61,61.294999999999995,62.38215224324986,60.20784775675013,250769,0.3643244302572843
1706850000,61,62.4,60.9,61,61.269999999999996,62.36013760599418,60.17986239400581,334778,0.3761624227458144
1706853600,61,62.4,61,61,61.25499999999998,62.351311999392,60.15868800060796,577693,0.3837009901645719
1706857200,61.1,61.8,61,61.8,61.27999999999999,62.401784292994726,60.15821570700525,73705,0.7317736142533281
1706860800,61.3,61.8,61,61,61.279999999999994,62.40178429299149,60.158215707008495,81199,0.37519882309400643
1707192000,61,62.4,61,62.3,61.31999999999999,62.524325537387355,60.11567446261263,27454,0.9068667356028981
1707195600,62.3,62.4,61.4,61.5,61.31999999999999,62.524325537387355,60.11567446261263,40293,0.5747306249066573
1707199200,62,62,62,62,61.364999999999995,62.59994939167813,60.13005060832186,401,0.7570955556069884
1707202800,61.6,62,61,61.9,61.410000000000004,62.65402572320594,60.16597427679407,214443,0.6969412653048815
1707206400,61.5,61.5,61,61.5,61.45,62.65083304418111,60.24916695581889,112553,0.5208188807937468
1707278400,61.2,61.8,61,61.5,61.39999999999999,62.50090871556326,60.29909128443672,251535,0.545417026219492
1707282000,61.5,61.5,61.5,61.5,61.39999999999999,62.50090871556326,60.29909128443672,467,0.545417026219492
1707285600,61.2,61.9,61,61.9,61.43999999999998,62.55247471881648,60.32752528118349,19950,0.7067462712722975
1707292800,61.1,61.9,60.9,61.9,61.514999999999986,62.53534307955902,60.49465692044095,32774,0.6886620332478756
1707364800,61.9,61.9,61.5,61.5,61.46499999999999,62.379931691440646,60.55006830855933,1801,0.51912711097858
1707368400,61.3,61.3,61.3,61.3,61.429999999999986,62.31340251301616,60.54659748698381,353,0.4264208568095796
1707372000,61.5,61.9,61,61,61.40499999999997,62.3071640649073,60.50283593509265,18543,0.27553971846485786
1707375600,61,61,61,61,61.42999999999997,62.2548636250971,60.60513637490284,569181,0.23935085333085362
1707379200,61,61,60.9,60.9,61.424999999999976,62.26136116600895,60.588638833991,36360,0.18614037730540564
1707451200,62,62.2,60.9,61,61.424999999999976,62.26136116600895,60.588638833991,255643,0.2459231625805699
1707454800,61,61,60.9,61,61.424999999999976,62.26136116600895,60.588638833991,11558,0.2459231625805699
1707458400,61,61,60,61,61.42499999999999,62.26136116600462,60.58863883399536,97140,0.24592316257924038
1707462000,61,61,60.5,60.5,61.39999999999998,62.31214034008346,60.487859659916495,16754,0.00665486414206493
1707465600,60.5,60.5,60.1,60.5,61.33499999999998,62.30716253785375,60.36283746214621,15959,0.07054506448921695
1707710400,62.2,62.2,62,62,61.38499999999998,62.38554984883558,60.38445015116437,327,0.8073310143995991
1707714000,62.2,62.4,62.2,62.4,61.38999999999997,62.40960776772783,60.37039223227212,550,0.995288498169625
1707717600,62.3,62.4,62,62,61.414999999999985,62.46813816757502,60.36186183242495,16240,0.7777413344286254
1707721200,62,62,61,62,61.414999999999985,62.46813816757502,60.36186183242495,4862,0.7777413344286254
1707796800,62.5,62.5,61.6,62,61.419999999999995,62.48320270880016,60.35679729119983,3486,0.7727607798585008
1707800400,62,62,62,62,61.44499999999999,62.53765731132876,60.35234268867123,100,0.7539680072817522
1707804000,62,62,62,62,61.46999999999999,62.58910678668275,60.350893213317235,2,0.7367959904751485
1707807600,61.7,61.7,61.5,61.5,61.46999999999999,62.58910678668275,60.350893213317235,1743,0.5134035466306722
1707811200,61.6,62,61.6,62,61.47499999999999,62.60260808794658,60.347391912053396,2182,0.7327936477274005
1707883200,62.5,62.5,62.4,62.4,61.499999999999986,62.684905059488834,60.31509494051114,4,0.8797772626560733
1707886800,62,62.3,62,62,61.52499999999999,62.729782137981466,60.32021786201852,665,0.6971310766591529
1707890400,62,62,62,62,61.55999999999999,62.77720992437588,60.342790075624094,80,0.6807412144727687
1707894000,62,62,61.5,62,61.60999999999998,62.81316249941764,60.40683750058231,1032,0.6620728705344388
1707969600,62,62,62,62,61.65999999999998,62.84050836507117,60.47949163492879,47,0.6440057563588353
1707973200,61.7,61.7,61.7,61.7,61.699999999999974,62.82782977439331,60.57217022560664,5,0.5000000000000125
1707976800,61.7,62,61.7,61.7,61.73499999999998,62.81624927745936,60.65375072254059,1973,0.4838150180862017
1707980400,61.6,61.6,61.4,61.5,61.75999999999998,62.79421467791255,60.725785322087404,2816,0.3743007590432033
1707984000,61.5,61.5,61,61.4,61.77999999999999,62.76914104151115,60.790858958488826,148619,0.3079141477036262
1708056000,62,62,61.3,61.3,61.81999999999998,62.65090312311769,60.989096876882265,1355,0.1870874681221332
1708059600,61.3,61.8,61.3,61.8,61.88499999999998,62.45517541161391,61.314824588386045,534,0.42546153493415334
1708063200,61.5,61.8,61.5,61.5,61.85999999999997,62.45126981997107,61.268730180028875,15472,0.19557045883250943
1708066800,61.5,61.5,61.5,61.5,61.814999999999976,62.370967624960315,61.25903237503964,1070,0.21671012316369337
1708070400,61.9,61.9,61.9,61.9,61.80999999999998,62.36099909256087,61.259000907439095,500,0.5816698259716939
1708315200,61.8,61.8,61.6,61.6,61.78999999999998,62.340999092560864,61.23900090743909,500,0.3275859229487014
1708318800,61.8,61.8,61.8,61.8,61.77999999999999,62.32258639864896,61.237413601351015,2135,0.5184302445194072
1708322400,61.8,62,61.7,61.8,61.76999999999998,62.30329166504105,61.23670833495891,15165,0.5281271975230524
1708326000,61.8,61.8,61.6,61.8,61.75999999999998,62.283067873232234,61.23693212676772,15817,0.5382359556445739
1708329600,61.8,61.8,61.8,61.8,61.77499999999998,62.28441142508345,61.26558857491651,60,0.5245381225950355
1708401600,62,62,61.9,61.9,61.76999999999998,62.27239426748622,61.26760573251374,11250,0.6293804571561694
1708405200,61.6,61.9,61.1,61.5,61.72499999999998,62.14867440329079,61.30132559670917,42761,0.23446590323567432
1708408800,61.9,61.9,61.5,61.5,61.699999999999974,62.11472882707588,61.28527117292407,801,0.2588785889202611
1708412400,61.6,61.6,61.6,61.6,61.67999999999997,62.0729376540986,61.28706234590134,150,0.3982026802909946
1708416000,61.7,61.7,61.2,61.2,61.63999999999997,62.05665333312879,61.22334666687115,34483,-0.028016896799827475
1708488000,61.4,62.4,61.4,62.4,61.65999999999997,62.171468474110455,61.14853152588948,30,1.2234072454680527
1708491600,61.6,61.6,61.4,61.4,61.64499999999997,62.168354564333974,61.12164543566596,1220,0.2659330626916925
1708495200,61.5,61.5,61.5,61.5,61.63499999999997,62.16140288753805,61.10859711246189,100,0.37177122010923347
1708498800,61.5,62,61,61,61.60999999999997,62.20295868322102,61.01704131677892,166910,-0.014369733727779173
1708502400,61.5,61.5,61,61,61.589999999999975,62.23467045845445,60.9453295415455,52464,0.042401864190867875
1708574400,62.4,62.8,61.1,62.8,61.664999999999964,62.48298532994904,60.84701467005089,2012,1.1937777234163207
1708578000,62.7,62.7,60.9,61,61.62499999999998,62.48958082329132,60.76041917670864,10058,0.13855316752186966
1708581600,62.7,62.7,61.2,61.2,61.60999999999997,62.49294960218977,60.727050397810174,15,0.2678236679742931
1708585200,62.5,62.5,62.5,62.5,61.65999999999997,62.622081077666564,60.69791892233337,5,0.9365536437102285
1708588800,62.4,62.4,62.4,62.4,61.68499999999997,62.695494928244145,60.67450507175579,2000,0.8537870305011852
1708920000,62.5,62.5,61.2,61.2,61.66499999999998,62.697036821048435,60.63296317895152,594,0.2747173402555655
1708923600,62,62,61.5,61.5,61.64999999999996,62.68247275993418,60.61752724006575,6049,0.4273588583540352
1708927200,62.2,62.4,62.2,62.4,61.67999999999997,62.761850266905945,60.598149733094,101,0.8327632399903101
1708930800,62.2,62.2,62.2,62.2,61.699999999999974,62.80453610171923,60.59546389828072,100,0.7263393651062009
1708934400,62,62.9,62,62.9,61.754999999999974,62.9772520198393,60.53274798016065,13813,0.9683976714354479
1709006400,62.1,62.5,61,62.3,61.77499999999996,63.01898553046559,60.531014469534334,4273616,0.7110153161522402
1709010000,61.5,62.3,61.5,62.3,61.814999999999976,63.07241798937321,60.557582010626746,33623,0.6928555198425993
1709013600,62.3,62.3,61.8,61.8,61.829999999999984,63.07915971756882,60.58084028243115,10521,0.4879919278623657
1709017200,62.1,62.1,62,62.1,61.85499999999998,63.104759976953616,60.60524002304635,4398,0.5980188214209025
1709020800,62,62.1,61.8,61.9,61.889999999999986,63.10309521472696,60.67690478527301,34125,0.504121688008745
1709092800,61.9,62.5,61.9,62,61.86999999999998,63.06180535323323,60.678194646766734,105184,0.554539107265855
1709096400,62.4,62.4,62.4,62.4,61.91999999999998,63.11264412126904,60.72735587873092,3000,0.7012335412718349
1709100000,62.4,62.4,62.2,62.2,61.954999999999984,63.1373282116208,60.77267178837917,72687,0.6036091322155617
1709103600,62.4,62.4,62.3,62.4,62.02499999999998,63.13653047641394,60.913469523586016,25304,0.6686863329244255
1709107200,62.4,62.9,62.4,62.8,62.114999999999974,63.170035544424266,61.05996445557568,286077,0.8246336124029886
1709179200,62.5,62.9,62.5,62.5,62.09999999999998,63.123718711362336,61.076281288637624,13766,0.6953661662917655
1709182800,62.5,62.5,62.5,62.5,62.174999999999976,63.07805038618845,61.2719496138115,13585,0.6799456624849909
1709186400,62.5,62.5,62.4,62.5,62.239999999999974,63.03347337699405,61.446526623005894,6701,0.6638366248562657
1709190000,62.5,62.9,62.5,62.9,62.25999999999998,63.097615663651794,61.42238433634816,21869,0.8820367907219909
1709193600,62.6,62.6,62,62,62.239999999999974,63.08237758754508,61.397622412454865,60823,0.357546067494868
1709265600,62,62.6,62,62.6,62.30999999999997,63.01682388188486,61.60317611811507,1061,0.7051430401776245
1709269200,62.6,63.3,62.6,63.3,62.39999999999996,63.129383301155606,61.67061669884432,98177,1.116959559242763
1709272800,63,63,62.8,63,62.429999999999964,63.20485482511549,61.65514517488444,16450,0.8678108347038122
1709276400,63,63,63,63,62.46999999999997,63.27523288556676,61.66476711443318,2820,0.8290973391051787
1709280000,63,63,62.8,63,62.474999999999966,63.29200673191922,61.65799326808071,12224,0.8212947822147926
1709524800,62.2,62.2,62.2,62.2,62.46999999999997,63.29243540779933,61.64756459220061,500,0.335853370708818
1709528400,62.2,63,62.2,62.4,62.474999999999966,63.29445103575856,61.65554896424137,862,0.4542376562313226
1709532000,63,63,63,63,62.53499999999997,63.32309897855667,61.746901021443264,2525,0.7950137055447123
1709535600,63,63,62.9,63,62.57999999999996,63.36638413005654,61.79361586994339,12512,0.7670450635682469
1709539200,62.5,63.5,62.5,63.5,62.65999999999997,63.47829090182089,61.841709098179045,177136,1.0132649025736447
1709611200,63.5,63.5,63.1,63.1,62.71499999999996,63.49544858895706,61.93455141104286,269,0.7466530181792689
1709614800,63.1,64,63,64,62.79499999999996,63.74046284961818,61.849537150381735,24871,1.1372540182232531
1709618400,63.9,63.9,63.2,63.2,62.844999999999956,63.76472822073015,61.925271779269764,210,0.692991794748999
1709622000,63.2,63.5,63.2,63.5,62.899999999999956,63.838083151969066,61.961916848030846,4020,0.819801074531931
1709625600,63.5,63.5,63.2,63.2,62.91999999999996,63.865727233407306,61.97427276659261,7809,0.6480342270525699
1709697600,64.5,64.5,63.4,64,62.99499999999996,64.02935970533395,61.96064029466598,6482,0.9858077875701541
1709701200,63.9,63.9,63.5,63.5,63.04499999999996,64.07548532256433,62.01451467743558,1853,0.7207697625754487
1709704800,63.9,63.9,63.5,63.9,63.11499999999995,64.17759117256912,62.052408827430774,5860,0.8693800683954707
1709708400,63.6,64,63.6,63.9,63.16499999999995,64.27545035910141,62.054549640898486,26945,0.8309468063906904
1709712000,63.9,64,63.7,64,63.26499999999995,64.2950970828143,62.2349029171856,72351,0.8567624897994788
1709784000,64,64,63.9,63.9,63.32999999999996,64.34803732741838,62.311962672581544,1603,0.7799504422128928
1709787600,63.7,63.7,63.7,63.7,63.34999999999995,64.38053384225043,62.31946615774947,10,0.6698148986721894
1709791200,63.7,63.9,63.5,63.9,63.394999999999946,64.43898275849087,62.35101724150902,16408,0.7418622318677146
1709794800,63.9,64,63.9,64,63.445000000000014,64.50419780966203,62.385802190338,233,0.7619907230440188
1709798400,64,64.5,63.9,64.5,63.52000000000002,64.65243101334659,62.38756898665345,109044,0.9326974396011459
1710129600,65,65.4,64,64.1,63.61500000000002,64.59739503255399,62.632604967446056,39133,0.7468457107010708
1710133200,64.1,65,64,64.2,63.70500000000002,64.54517855244366,62.86482144755638,39101,0.7945802404502517
1710136800,65,65,64.1,64.1,63.760000000000026,64.55094879731955,62.969051202680504,34714,0.7149317384084831
1710140400,64.4,64.4,64.1,64.4,63.83000000000002,64.58657121276732,63.073428787232714,5910,0.876699503219995
1710144000,64.3,64.3,64.1,64.3,63.870000000000026,64.63707235641913,63.10292764358092,6563,0.7802864660690739
1710216000,64.9,64.9,64.2,64.5,63.94000000000003,64.66773621593384,63.212263784066224,19467,0.884754796957158
1710219600,64.1,64.4,64.1,64.1,63.94500000000003,64.67568461047433,63.21431538952572,8720,0.606064913492123
1710223200,64.1,64.2,64.1,64.2,63.995000000000026,64.64761014394941,63.342389856050644,8475,0.6570616101363247
1710226800,64.4,64.4,64.1,64.2,64.03000000000003,64.64676575779113,63.41323424220892,3831,0.6378156924671191
1710230400,64.1,64.2,64,64.1,64.07500000000003,64.56028342232591,63.58971657767416,9461,0.52575814343723
1710302400,64.5,64.5,64,64,64.07500000000003,64.56028342232591,63.58971657767416,26306,0.4227255696881489
1710306000,64.1,64.4,63.9,64.4,64.12000000000003,64.54708313006175,63.69291686993831,13399,0.8278050340685563
1710309600,64.3,64.4,63.9,64.4,64.14500000000004,64.57616122272562,63.71383877727447,2431,0.7957130495038349
1710313200,64,64.3,63.9,63.9,64.14500000000002,64.57616122273403,63.71383877726601,8749,0.21588354067827725
1710316800,64.4,64.4,63.9,64,64.14500000000001,64.57616122274246,63.713838777257564,4692,0.3318494424455398
1710388800,64,64.5,64,64.2,64.16000000000001,64.57665333311792,63.743346666882104,4100,0.5480015360739627
1710392400,64.2,64.3,64,64.3,64.19000000000001,64.55276714294018,63.82723285705983,13593,0.6516124077672177
1710396000,64.3,64.3,63.9,64.3,64.21000000000001,64.54999999999612,63.87000000000389,10732,0.6323529411779729
1710399600,64.1,64.2,64,64,64.21000000000001,64.55000000000148,63.86999999999854,39703,0.1911764705895562
1710403200,64,64,63.9,63.9,64.18000000000002,64.5182306904929,63.841769309507136,24233,0.08608132279185998
1710475200,64.2,64.2,63.8,63.9,64.17000000000002,64.52832945733522,63.81167054266481,1037,0.12325173876587332
1710478800,64.2,64.4,64,64,64.16,64.52551333765632,63.79448666234368,1399,0.2811297379379867
1710482400,64,64,63.8,64,64.155,64.52634889255951,63.78365110744049,87547,0.29130138381231097
1710486000,64,64,63.9,64,64.135,64.49430488446713,63.77569511553289,8120,0.3121372602543019
1710489600,64,64,63.9,64,64.12,64.47552777669405,63.76447222330596,227776,0.33123681486176537
1710734400,64,64.5,64,64.5,64.12,64.47552777669405,63.76447222330596,222313,1.0344167529377162
1710738000,64.5,64.5,64.3,64.3,64.13000000000001,64.49386810797628,63.766131892023736,3605,0.733601126717971
1710741600,64.2,64.2,64,64.2,64.13000000000001,64.49386810797628,63.766131892023736,64415,0.5961886992368093
1710745200,64,64.2,64,64.2,64.13,64.49386810798127,63.76613189201872,104366,0.5961886992355064
1710748800,64.2,64.2,63.9,64,64.125,64.49310324639643,63.75689675360356,44225,0.33021067971596196
1710820800,63.5,63.5,61.6,61.7,64.01,65.13053558622833,62.889464413771684,19494,-0.5307570899088389
1710824400,61.7,62,61.6,61.8,63.879999999999995,65.34095858942337,62.419041410576625,10053,-0.2118613816497561
1710828000,62.8,62.8,62.8,62.8,63.79999999999999,65.31261363209887,62.28738636790111,75,0.16944632165835846
1710831600,62.4,62.4,62.2,62.2,63.714999999999996,65.37906129695105,62.050938703048935,4311,0.0447884032950536
1710835200,62.1,62.1,62,62,63.614999999999995,65.43189295227084,61.79810704772914,2493,0.05555994700142448
1710907200,62,62,62,62,63.504999999999995,65.43007142724885,61.57992857275114,483,0.10910541325970098
1710910800,61.9,62.7,61.9,62.7,63.42499999999999,65.34424464308584,61.505755356914136,1862,0.3111236098504104
1710914400,62.5,62.5,62,62,63.30999999999999,65.280685160043,61.33931483995698,1774,0.1676282882316428
1710918000,62.1,62.5,62,62.5,63.23499999999999,65.20910739323236,61.26089260676763,11100,0.31383991506244313
1710921600,62.5,62.5,62.4,62.5,63.165,65.13910739323099,61.19089260676901,383,0.33156944696113894
1710993600,62.1,62.1,62,62,63.06999999999999,65.0760907257686,61.06390927423139,38200,0.23331216124583798
1710997200,62,62,62,62,62.96999999999999,64.98007462548394,60.95992537451605,77,0.2587154258597601
1711000800,62.2,62.2,62,62,62.86999999999999,64.86409127173656,60.87590872826343,5595,0.2818555217780098
1711004400,61.9,62,61.8,61.9,62.765,64.73098575783452,60.799014242165484,13216,0.28000857927048833
1711008000,61.9,62,61.8,61.9,62.660000000000004,64.57457567100539,60.745424328994616,1385,0.30152260067085473
1711080000,61.8,62,61.7,62,62.535000000000004,64.27082833252761,60.79917166747239,3066,0.3458948992896756
1711083600,62,62,61.9,62,62.419999999999995,63.967384890714044,60.872615109285945,2623,0.36428715876688467
1711087200,62,62,62,62,62.31,63.63196822957515,60.988031770424854,3277,0.38275058618480207
1711090800,62,62,61.9,61.9,62.19500000000001,63.2019260151588,61.18807398484122,16200,0.3535145603753777
1711094400,62,62.3,61.9,62.3,62.11,62.68930993432655,61.53069006567345,40201,0.6639882114406278
1711339200,62.4,62.4,62.3,62.3,62.14000000000001,62.692810998446426,61.58718900155359,130,0.6447149210576875
1711342800,62.3,62.3,62.3,62.3,62.165,62.69894756297452,61.63105243702548,110,0.6264169081023043
1711346400,62.3,62.7,62.3,62.7,62.160000000000004,62.671468474105154,61.64853152589485,5000,1.0278917737254154
1711350000,62.6,62.7,62.5,62.5,62.175,62.707447180485374,61.64255281951462,52450,0.8051945919816251
1711353600,62.7,62.8,62.5,62.8,62.214999999999996,62.80584684987767,61.624153150122325,6395,0.9950521443256565
1711425600,62.2,62.5,62.2,62.5,62.24000000000001,62.83464274989306,61.64535725010696,11,0.718618658048681
1711429200,62.5,62.5,62.5,62.5,62.230000000000004,62.799561234638695,61.66043876536131,86773,0.7370245581858063
1711432800,62.6,62.6,62.5,62.6,62.260000000000005,62.841033561855575,61.678966438144435,1801,0.7925820660980266
1711436400,62.8,63,62.8,63,62.285000000000004,62.94310333535383,61.626896664646175,38993,1.043227758916901
1711440000,63,63,62.6,62.9,62.30500000000001,63.01062029449423,61.59937970550578,16892,0.9216148576242956
1711512000,63,63,62.9,63,62.355,63.10726325179878,61.60273674820122,107484,0.9287063062416689
1711515600,63,63,63,63,62.404999999999994,63.1885177088051,61.62148229119489,26271,0.8796978634391064
1711519200,63,63,62.9,63,62.455,63.256186619964176,61.65381338003582,49266,0.84012050776907
1711522800,63,63,62.9,63,62.50999999999999,63.302212092821435,61.71778790717855,32480,0.8092606162163506
1711526400,62.8,62.9,62.8,62.9,62.55999999999999,63.31736384915867,61.80263615084131,2506,0.7244627865310055
1711598400,63,63,62.9,62.9,62.605,63.33018963037803,61.879810369621964,11129,0.703395076020476
1711602000,62.9,63,62.9,62.9,62.65,63.329705818722324,61.97029418127767,72634,0.6839030894791636
1711605600,62.8,63,62.7,62.7,62.685,63.295819122165085,62.07418087783492,29404,0.5122785939860823
1711609200,62.8,62.8,62.7,62.8,62.73,63.22436828377927,62.23563171622072,912,0.5707974219794953
1711612800,62.8,62.8,62.8,62.8,62.754999999999995,63.20876205218847,62.30123794781152,457,0.5495854598053856
1711944000,62.5,62.9,62.5,62.9,62.785000000000004,63.19132499307841,62.3786750069216,1090,0.6415123385946921
1711947600,62.9,63,62.9,63,62.81999999999999,63.16985711369879,62.4701428863012,171799,0.7572478777078332
1711951200,63,63.1,62.9,63,62.834999999999994,63.18869478368325,62.481305216316734,169778,0.7332519556575746
1711954800,63.1,63.5,63.1,63.5,62.88499999999999,63.310558456625216,62.459441543374766,614,1.2225799304719474
1711958400,63.2,63.5,63.1,63.5,62.919999999999995,63.42039984013049,62.419600159869496,257099,1.0795365560556018
1712030400,63.5,64.7,63.5,64.6,63.025,63.88261296632029,62.16738703367971,57070,1.4182463779423473
1712034000,64.9,64.9,64,64.1,63.105,64.0462226091638,62.16377739083619,53856,1.0285678384223924
1712037600,64.3,64.5,64.1,64.5,63.2,64.28995412747514,62.11004587252486,18643,1.0963553727767543
1712041200,64.4,64.4,64.3,64.4,63.27,64.47349491066464,62.06650508933537,16030,0.9694660484172519
1712044800,64.4,64.7,64.4,64.5,63.35,64.65307329033968,62.04692670966032,35795,0.9412645123361502
1712116800,64.8,64.8,64.5,64.6,63.42999999999999,64.83014284985559,62.029857150144394,2325,0.9178145108981802
1712120400,64.5,64.6,64.5,64.5,63.504999999999995,64.964417692095,62.04558230790499,587,0.8408893853313771
1712124000,64.6,64.7,64.5,64.7,63.58999999999999,65.11826699238188,62.0617330076181,16981,0.8631564397887107
1712127600,64.5,64.7,64.5,64.7,63.67499999999999,65.25091243411678,62.099087565883195,53,0.825208424595769
1712131200,64.7,64.8,64.5,64.8,63.76999999999998,65.37636235015832,62.163637649841654,196977,0.8206001435163398
1712203200,64.8,64.8,64.2,64.3,63.83999999999999,65.41022291411224,62.26977708588774,31014,0.6464760181073004
1712206800,64.3,64.8,64,64,63.894999999999996,65.40559590890601,62.384404091093984,28445,0.5347544963484132
1712210400,64.5,64.5,64.4,64.4,63.98,65.40070405081454,62.55929594918546,3666,0.6478140362024043
1712214000,64.4,64.5,64.2,64.5,64.065,65.39357066052224,62.736429339477745,139899,0.6637097720602272
1712217600,64.5,64.8,64.5,64.6,64.155,65.36739432529193,62.94260567470808,117804,0.683521149314536
1712289600,64.6,64.8,64.1,64.5,64.235,65.30882493917579,63.161175060824206,28865,0.6233906898285485
1712293200,64.5,64.5,64.1,64.1,64.28999999999999,65.20629689511605,63.37370310488393,632,0.39632181391603893
1712296800,64.4,65.4,64.4,65.4,64.41,65.24402637847918,63.57597362152081,51731,1.0935064079179613
1712300400,65.4,65.6,65.4,65.6,64.515,65.39198346620545,63.63801653379456,1157,1.1185977511609204
1712304000,65.3,65.8,65.1,65.1,64.595,65.37339578621355,63.81660421378645,21409,0.8243851064871065
1712548800,65.5,67.5,65.5,67.3,64.72999999999999,66.14294019689439,63.317059803105586,68691,1.409451088463897
1712552400,67.3,67.3,66.8,67,64.875,66.5671879328242,63.1828120671758,21118,1.1278853426325575
1712556000,67,67.1,67,67,65,66.91728975379296,63.082710246207036,9945,1.021569573937225
1712559600,67,67.1,67,67,65.13,67.2124024586992,63.04759754130079,14594,0.9490006223792394
1712563200,67.1,67.3,66.9,67.3,65.27,67.53283008641829,63.00716991358171,141399,0.9485533430424677
1712635200,67.5,67.5,67,67.1,65.395,67.76942624648446,63.02057375351554,96858,0.8590341040334257
1712638800,67.2,67.2,67,67,65.52000000000001,67.95524126114572,63.0847587388543,21810,0.8038713296323866
1712642400,67.1,67.2,67,67.2,65.645,68.15456171472114,63.13543828527885,41715,0.8098150547321357
1712646000,67.1,67.5,67.1,67.5,65.785,68.37905088616179,63.190949113838194,16358,0.8305640627847416
1712649600,67.4,68,67.4,67.5,65.91999999999999,68.57525893276105,63.26474106723894,16087,0.7975227727333274
1712721600,66.5,68.4,66.5,68.2,66.115,68.83770086495038,63.39229913504961,18962,0.8828918605860148
1712725200,68.4,68.9,68.1,68.9,66.36,69.15814224084498,63.561857759155025,243164,0.9538725663983718
1712728800,68.9,68.9,68.5,68.5,66.565,69.35947669519689,63.7705233048031,12832,0.8462186682976914
1713153600,68,68,66.9,67.5,66.715,69.36850711323684,64.06149288676316,278459,0.6479174478342411
1713157200,67.5,68.5,67.5,68.5,66.91,69.48518931342933,64.33481068657066,33333,0.8087151674069796
1713160800,68.6,68.6,68,68,67.08500000000001,69.4482816167348,64.72171838326521,7947,0.6935867468186446
1713164400,68.5,68.6,68,68.5,67.305,69.30747347048526,65.30252652951475,106841,0.79838098172417
1713168000,68.5,69.4,68.5,69.2,67.49500000000002,69.45915376179876,65.53084623820128,122326,0.9340291562608042
1713240000,67.6,68.9,67.4,68.9,67.66000000000001,69.51083764820113,65.80916235179889,42278,0.8349834603821638
1713243600,68.8,69,67.2,67.4,67.775,69.21565957116962,66.33434042883039,47984,0.3698512794054631
1713247200,67.4,68.8,67.4,68.7,67.845,69.32212558707892,66.36787441292108,8553,0.7894134417137834
1713250800,68,68.6,68,68,67.89500000000001,69.32114865985105,66.46885134014897,1141,0.5368124316054671
1713254400,67.6,68,66.9,67.5,67.92,69.2992751719663,66.5407248280337,152657,0.3477461174765988
1713326400,66.8,67.5,65.1,67,67.92,69.29927517196498,66.54072482803502,19466,0.16649149542461186
1713330000,67,67.2,65.1,66.5,67.88000000000001,69.37077161228511,66.38922838771491,23249,0.03715244218908136
1713333600,66.5,66.8,66.5,66.7,67.86000000000001,69.4019468213893,66.31805317861073,38447,0.12385213811885708
1713337200,66.6,67.5,66.6,67,67.86000000000001,69.4019468213893,66.31805317861073,12342,0.22113175757087497
1713340800,67,67.5,67,67.5,67.87500000000001,69.39667670679081,66.35332329320921,12217,0.3767806596741284
1713412800,67.3,67.3,65,67,67.85000000000001,69.41140961954083,66.28859038045918,18430,0.22781005401709575
1713416400,65.2,67,65.2,65.5,67.75000000000001,69.61493967730647,65.88506032269356,3106,-0.10323666963043748
1713420000,66.9,66.9,66,66,67.64000000000001,69.64039996000609,65.63960003999394,10155,0.0900819754078
1713423600,65.5,66,65.5,66,67.49500000000002,69.52918288263054,65.4608171173695,8448,0.13253058199301399
1713427200,66.9,66.9,65.1,65.1,67.32500000000002,69.55378890880039,65.09621109119965,23810,0.0008499927439033879
1713499200,65.3,65.3,64.7,65,67.20000000000002,69.64540385212594,64.7545961478741,255317,0.05017654893946473
1713502800,65.2,65.2,65,65,67.025,69.57205712538915,64.47794287461086,26421,0.1024824139563376
1713506400,65,65,65,65,66.875,69.52594322836234,64.22405677163766,22200,0.14635229077344072
1713510000,65.2,65.3,65,65,66.7,69.36082693912967,64.03917306087034,16962,0.18055043809875504
1713513600,65,65.3,64.7,65,66.49,68.98631728752632,63.99368271247367,43717,0.20156037306530036
1713758400,64.7,65.3,64.7,65,66.295,68.61057768170275,63.97942231829725,119683,0.22037215373233995
1713762000,65.3,65.3,65.3,65.3,66.19,68.4859965156768,63.89400348432319,866,0.30618437486224803
1713765600,65.3,66,65.3,66,66.055,68.0414289566947,64.06857104330531,407,0.48615606165661124
1713769200,66,66.8,65.1,66.8,65.995,67.80770516080221,64.1822948391978,80623,0.7220438318947967
1713772800,66.7,66.7,65.4,66.7,65.955,67.66552623481734,64.24447376518266,2230,0.717769241077896
1713931200,66.8,67,65.5,66.8,65.945,67.63316468391002,64.25683531608996,5013,0.7532335879754638
1713934800,66.8,66.8,66.8,66.8,65.96,67.67277552528168,64.24722447471831,40,0.7452160214812317
1713942000,66.8,66.8,66.5,66.8,65.965,67.68694657292194,64.24305342707807,120,0.7424581613421081
1713945600,66.7,66.8,66.5,66.5,65.93999999999998,67.61499253729887,64.26500746270109,18525,0.6671649238817141
1714017600,66.5,66.5,66.5,66.5,65.88999999999999,67.4300000000007,64.34999999999927,5300,0.6980519480518603
1714021200,66.5,66.9,66.4,66.9,65.88499999999999,67.41113891897253,64.35886108102746,27487,0.8325385347892701
1714024800,67,67,66.4,67,65.95999999999998,67.54921364202805,64.37078635797191,12385,0.8272058496404635
1714028400,67,67.2,66.5,67,66.00999999999998,67.66275527529226,64.3572447247077,12413,0.7994998759949347
1714032000,67,67,66.8,67,66.05999999999997,67.76809835782706,64.35190164217289,6475,0.775159798524666
1714104000,67,67.9,67,67.9,66.19999999999999,68.02537667345732,64.37462332654266,13888,0.9656573146571873
1714107600,67.8,68.4,67.8,68.2,66.35999999999999,68.29432158650127,64.4256784134987,115741,0.9756189490001321
1714111200,68,68.2,67.8,68.1,66.515,68.48505076076701,64.54494923923299,126508,0.9022738986133785
1714114800,68.1,68.2,68,68,66.66499999999999,68.60744691047198,64.722553089528,15233,0.8436387354534242
1714118400,68,68,67.7,68,66.81499999999998,68.68184225364695,64.94815774635302,11378,0.8173808600284954
1714363200,68,68.9,68,68.8,67.00499999999998,68.86776675942095,65.14223324057902,44320,0.9818101866274409
1714366800,68.8,69,68.5,69,67.20499999999998,69.02211309499596,65.38788690500401,51589,0.9939153223162459
1714370400,69,69.4,69,69,67.38999999999999,69.1460182231416,65.63398177685838,71841,0.9584234886582323
1714374000,69.4,69.9,69,69.9,67.585,69.53566655274585,65.63433344725414,53626,1.0933869109359822
1714377600,69.9,70.5,69.9,70.2,67.755,69.97623839332927,65.53376160667072,80244,1.0503686608656517
1714449600,71,72.6,71,72.5,68.04499999999999,71.02458050738802,65.06541949261195,875095,1.2475884590051505
1714453200,72.5,72.7,72.1,72.3,68.32,71.76766587708255,64.87233412291744,30172,1.0772021045391895
1714456800,72.3,72.3,71.9,72,68.58,72.30322440903018,64.85677559096982,322310,0.959279326771877
1714460400,71.9,72,71.7,71.8,68.82999999999998,72.70974225948163,64.95025774051834,123756,0.8827573845584296
1714464000,71.7,71.8,71.1,71.5,69.07999999999998,72.97132368224636,65.1886763177536,68009,0.8109481756864544
1714622400,71.5,72,71.5,71.8,69.34499999999997,73.21926121989925,65.47073878010069,31826,0.816834598992766
1714626000,71.2,71.8,71.2,71.2,69.55999999999997,73.34386046254521,65.77613953745474,14537,0.7167098940663464
1714629600,71.2,71.2,71,71.2,69.76999999999997,73.42628226481727,66.11371773518266,114944,0.6955538298779961
1714633200,71.2,71.9,71,71.8,70.00999999999996,73.53528013071595,66.48471986928398,144125,0.7538805334083458
1714636800,71.8,71.8,71.5,71.5,70.23499999999997,73.53001138086226,66.93998861913768,53846,0.6919568483658748
1714708800,71,72.1,71,72,70.43999999999997,73.63712370733738,67.24287629266256,1037510,0.7439692897118471
1714712400,72,72.8,72,72.8,70.66999999999996,73.85125761296142,67.4887423870385,230198,0.834773265660998
1714716000,72.6,72.8,72.5,72.6,70.89499999999995,73.95145219167986,67.83854780832004,12698,0.7789181529881752
1714719600,72.6,73.5,72.5,73,71.14499999999995,74.02630178912653,68.26369821087337,59197,0.8219031076509272
1714723200,73,73.5,72.5,72.5,71.36999999999993,73.91723379375314,68.82276620624673,62256,0.7218092431820077
1714968000,72,73.1,71.5,72.8,71.56999999999994,73.8973160507405,69.24268394925937,508639,0.7642528932863821
1714971600,72.9,72.9,72.1,72.3,71.73499999999993,73.75814112212707,69.71185887787279,13802,0.6396343522012998
1714975200,72.3,72.5,72.3,72.5,71.90999999999994,73.51984471301809,70.30015528698179,19194,0.6832474881673289
1714978800,72.3,72.5,72.3,72.3,72.02999999999993,73.35529242057814,70.70470757942172,2703,0.601864311531439
1714982400,72.5,72.5,72.2,72.2,72.12999999999992,73.15586548827824,71.10413451172161,8784,0.5341175333413145
1715054400,72.4,72.8,72.4,72.5,72.12999999999994,73.15586548827648,71.1041345117234,1133,0.6803355333756596
1715058000,72.3,72.3,71.7,72,72.11499999999994,73.13925582743414,71.09074417256573,540,0.4438616813691863
1715061600,72,72,71.9,72,72.11499999999994,73.13925582743414,71.09074417256573,4194,0.4438616813691863
1715065200,71.9,72.3,71.9,72,72.12499999999994,73.14062788462782,71.10937211537207,200351,0.43846171324562294
1715068800,71.8,72,71.8,71.9,72.14499999999995,73.12576500754638,71.16423499245353,10889,0.37509750138166975
1715140800,72,72.3,72,72.3,72.16999999999994,73.13974223380862,71.20025776619127,150925,0.5670281212201493
1715144400,72.5,72.5,71.7,71.8,72.19999999999996,73.08090862183303,71.31909137816689,11221,0.27296169540967374
1715148000,71.8,72,71.8,72,72.23999999999995,73.00000000001945,71.47999999998045,15656,0.3421052631619779
1715151600,71.9,72,71.7,71.7,72.23499999999994,73.00772245990092,71.46227754009897,3100,0.15382137328550033
1715155200,71.7,71.7,71.4,71.5,72.23499999999996,73.00772245989388,71.46227754010603,77716,0.024408802546744084
1715227200,71.5,71.7,70.9,71.7,72.21999999999996,73.0214985963968,71.41850140360312,8140,0.1756076664777528
1715230800,71.7,71.7,70.9,70.9,72.12499999999996,73.06707218408663,71.18292781591329,4911,-0.1501624932210363
1715234400,71,71.1,71,71.1,72.04999999999995,73.06488915652473,71.03511084347518,503473,0.0319685928791523
1715238000,71.6,71.6,71.1,71.1,71.95499999999996,72.95194533452275,70.95805466547716,1018,0.07119012929168055
1715241600,71,71.7,71,71.6,71.90999999999994,72.88549987187933,70.93450012812055,51942,0.34110710368280156
1715313600,71.2,71.6,71.2,71.6,71.84999999999994,72.74330845738679,70.95669154261309,150,0.3600707303660512
1715317200,71.7,71.7,71.3,71.7,71.81999999999995,72.69086164230114,70.94913835769876,12809,0.43110271817526846
1715320800,71.7,72,71.2,71.3,71.75999999999995,72.60000000002012,70.91999999997978,1333,0.22619047619707952
1715324400,71.3,72,71.3,72,71.74499999999995,72.55611035009485,70.93388964990504,221548,0.6571919283055722
1715328000,72.1,72.4,72,72.4,71.75499999999995,72.59279472427643,70.91720527572348,61171,0.8849391630850129
1715572800,72,72.5,72,72,71.72999999999996,72.5048548251284,70.95514517487152,5349,0.67422618485681
1715576400,72.1,72.1,71.3,71.3,71.69499999999996,72.48106615499366,70.90893384500627,374749,0.2487488823360306
1715580000,71.3,72,71,71.5,71.66999999999996,72.44743166903952,70.8925683309604,4299,0.390665632254229
1715583600,71.5,71.5,71,71.3,71.63499999999996,72.41288173910054,70.85711826089938,8960,0.28467163891306463
1715587200,71.5,72,71.5,71.8,71.62999999999995,72.40226938307252,70.85773061692738,4211,0.6100652205864218
1715659200,72,72,71,71,71.56499999999996,72.31938716852135,70.81061283147856,23764,0.12552385328387586
1715662800,71,71.2,71,71.2,71.53499999999994,72.29729915390415,70.77270084609573,8352,0.28026999093191096
1715666400,71.2,71.5,71,71,71.48499999999996,72.24991829630966,70.72008170369025,2210,0.18297267672913076
1715670000,71,71.1,71,71.1,71.45499999999996,72.23082214458397,70.67917785541594,3435,0.27121044914855535
1715673600,71.1,71.5,70.7,71,71.42999999999996,72.23024996096345,70.62975003903648,22688,0.23133394503246626
1715745600,71,71.8,71,71.8,71.43499999999997,72.24314602642178,70.62685397357816,755,0.7258255241420395
1715749200,71.9,71.9,71.7,71.7,71.47499999999997,72.25185262439079,70.69814737560914,3621,0.6448151122463363
1715752800,71.5,71.5,70.9,71,71.46999999999997,72.25765474671661,70.68234525328333,26056,0.20164592928616384
1715756400,71,71,70.5,70.5,71.43999999999997,72.321816307415,70.55818369258493,12095,-0.032990823653223894
1715760000,70.5,70.5,70.1,70.4,71.37999999999997,72.36711701435269,70.39288298564725,4682,0.0036049496915140098
1715832000,70.5,71.9,70.5,71,71.34999999999997,72.34498743712018,70.35501256287975,271518,0.3241183823320583
1715835600,71,71,70.6,70.6,71.29499999999997,72.32742433137714,70.2625756686228,17016,0.1634135893170474
1715839200,70.6,70.8,70.5,70.5,71.25499999999997,72.34399035809588,70.16600964190405,35700,0.15334862958746673
1715842800,70.5,70.5,67,70,71.15499999999996,72.31685196992994,69.99314803006997,30030,0.0029487275949785
1715846400,70,70.7,70,70.7,71.06999999999996,72.09586548827119,70.04413451172874,8261,0.31966446662345466
1715918400,70.1,70.1,70.1,70.1,70.97499999999998,71.99062788462248,69.95937211537748,1880,0.06923199271689326
1715922000,70.1,70.4,70.1,70.4,70.92999999999998,71.96363436476439,69.89636563523557,2160,0.24362307501223007
1715925600,70.2,70.2,70,70,70.85499999999999,71.92919737479295,69.78080262520703,20000,0.10202844464929804
1715932800,70.5,70.9,70.1,70.6,70.81999999999998,71.8794338110623,69.76056618893766,32539,0.3961709557960089
1716177600,70.1,70.7,70,70.5,70.75499999999998,71.72138501644953,69.78861498355043,1777,0.36806500739382403
1716181200,70,70.5,69.8,69.8,70.69499999999998,71.73898275848654,69.65101724151342,12155,0.07135307421291075
1716184800,70,70,69.2,69.8,70.62499999999999,71.71104788108669,69.53895211891329,6550,0.12018249178181088
1716188400,70,70,69.5,70,70.57499999999999,71.67930973916295,69.47069026083703,5002,0.23965637555826225
1716192000,70,70.4,70,70,70.51999999999998,71.62381157812936,69.4161884218706,76211,0.2644525522729066
1716264000,69.6,69.7,68.5,68.6,70.39999999999998,71.7608820669026,69.03911793309736,9276,-0.1613357776463324
1716267600,68.9,70,68.9,68.9,70.25499999999998,71.60625867250425,68.90374132749571,3693,-0.0013843861178590836
1716271200,68.9,68.9,68.7,68.7,70.10499999999999,71.44734868793822,68.76265131206176,5365,-0.02333645222911089
1716274800,68.5,70,68.5,70,70.05499999999998,71.33324097885149,68.77675902114846,1074,0.47848605978451914
1716278400,70,70,68.8,70,70.02999999999999,71.29190332435265,68.76809667564733,5698,0.48811319400581793
1716350400,70.9,70.9,70.9,70.9,70.05499999999998,71.36416003606013,68.74583996393983,3473,0.8227260139039273
1716354000,70.9,70.9,70.1,70.1,70.00999999999998,71.24596116444481,68.77403883555515,909,0.5364089109710999
1716357600,70.7,70.7,70.7,70.7,70.01499999999997,71.26123432789308,68.76876567210687,10,0.7748279294946471
1716361200,70.8,70.8,70.7,70.8,70.02999999999997,71.30608777128502,68.75391222871492,6072,0.801703384879481
1716364800,70.8,71,70.5,71,70.07999999999997,71.4240238093215,68.73597619067844,26697,0.8422558416076174
1716782400,70.8,71,70.3,70.9,70.08999999999996,71.45513735573736,68.72486264426256,303227,0.796673443370286
1716786000,70.9,70.9,70.9,70.9,70.12999999999997,71.5401063789742,68.71989362102573,5,0.7730290464185285
1716789600,70.5,70.5,70.4,70.5,70.13499999999996,71.54960241765193,68.720397582348,4000,0.6290115142761756
1716793200,70.9,71,70.9,71,70.18499999999997,71.64688234821344,68.72311765178651,519,0.7787502020925352
1716796800,70.6,70.6,70.6,70.6,70.18499999999997,71.64688234821344,68.72311765178651,1600,0.6419402869550971
1716868800,71,72,71,71.5,70.23499999999997,71.80123752988509,68.66876247011486,29131,0.9038340212971459
1716872400,71.5,71.5,71.3,71.5,70.31999999999996,71.96511397782174,68.67488602217819,1534,0.8586377648928677
1716876000,71.4,71.4,71.2,71.2,70.38999999999997,72.05961073308272,68.72038926691722,2892,0.7425715120147967
1716879600,71.2,71.3,71,71.3,70.45499999999997,72.15967005605873,68.75032994394121,36538,0.7478485490481627
1716883200,71.3,71.3,71.1,71.1,70.50999999999998,72.22335927348074,68.79664072651921,15262,0.6721763815482223
1716955200,71.5,71.8,70.7,71.5,70.65499999999997,72.17746510633904,69.1325348936609,56229,0.7775104652585176
1716958800,71,71.5,71,71.5,70.78499999999997,72.1180791424447,69.45192085755524,10374,0.768176125945829
1716962400,71,71.2,71,71.1,70.90499999999997,71.8376842981522,69.97231570184775,860,0.6045369801905871
1716966000,71.3,71.4,71.1,71.1,70.95999999999997,71.79761566367024,70.12238433632969,6137,0.5835705479686082
1716969600,71.2,71.2,71.2,71.2,71.01999999999997,71.73721684309938,70.30278315690056,1067,0.6254850619668778
1717041600,71.2,71.5,71.2,71.2,71.03499999999997,71.75409665554967,70.31590334445026,8611,0.6147272753437452
1717045200,71.1,71.2,71,71,71.07999999999996,71.65827329182007,70.50172670817985,1897,0.4308285536167888
1717048800,71,71,70.6,70.6,71.07499999999996,71.66787435433633,70.48212564566359,145,0.09940922007694948
1717052400,71,71,71,71,71.08499999999997,71.66560313469911,70.50439686530082,2854,0.4268002574219564
1717056000,71,71,70.7,70.7,71.06999999999996,71.67365553093134,70.46634446906859,4342,0.19353382762095223
1717128000,71,71,70.7,70.7,71.05999999999997,71.68096698786617,70.43903301213378,53571,0.21012951812702313
1717131600,71,71,70.7,71,71.06499999999997,71.68233297337862,70.44766702662132,2951,0.4473541809663709
1717135200,71,71,71,71,71.08999999999997,71.65178287622523,70.52821712377472,80,0.41989787887029795
1717138800,70.9,70.9,70.7,70.7,71.07499999999996,71.66108873050767,70.48891126949225,5140,0.1800825707098088
1717142400,70.9,70.9,70.9,70.9,71.08999999999996,71.64099909258395,70.53900090741597,265,0.3275859229559512
1717387200,70.7,70.7,70.4,70.4,71.03499999999995,71.6292221806945,70.44077781930541,6653,-0.03431192963694317
1717390800,70.4,70.5,70.4,70.4,70.97999999999995,71.5951422599969,70.36485774000299,1006,0.028564335668622542
1717394400,70.3,70.4,70,70,70.91999999999994,71.65918874452711,70.18081125547278,3109,-0.12230384784094196
1717398000,70,70,69.9,70,70.85499999999995,71.67347419020827,70.03652580979163,4280,-0.022313354671776597
1717401600,70.1,70.4,70,70.4,70.81999999999994,71.6533066662663,69.98669333373357,10041,0.24799193562092695
1717473600,70,70,70,70,70.74499999999993,71.58992603229062,69.90007396770925,16637,0.05913300600991235
1717477200,70,70,69.5,70,70.66999999999993,71.49969874053335,69.84030125946651,22176,0.09623899177598778
1717480800,70,70,70,70,70.61499999999994,71.46887352695627,69.7611264730436,686,0.13987640992212896
1717484400,70,70,70,70,70.55999999999993,71.42348132582329,69.69651867417657,6117,0.17573126178151402
1717488000,70,70.9,70,70.9,70.54499999999993,71.37319079930145,69.7168092006984,7100,0.7143225934769339
1717560000,70.8,70.8,70.8,70.8,70.52499999999993,71.30698465460814,69.74301534539173,275,0.6758346524957344
1717563600,70.4,70.8,70.4,70.8,70.51499999999993,71.27729915390653,69.75270084609333,420,0.6869344853260774
1717567200,70.8,70.8,70.8,70.8,70.52499999999992,71.2966864648661,69.75331353513374,30,0.6781811736504707
1717570800,70.8,70.8,70.8,70.8,70.51499999999993,71.26673133501737,69.76326866498249,108,0.6895624052930134
1717574400,70.8,70.9,70.8,70.9,70.52499999999993,71.29148548586716,69.75851451413271,1564,0.7446230273856956
1717646400,70.9,70.9,70.5,70.9,70.53499999999993,71.31544858898732,69.75455141101253,2645,0.7338398743686974
1717650000,70.9,71.9,70.9,71.2,70.54499999999993,71.35364083501165,69.73635916498822,25614,0.9050005711068145
1717653600,71.8,71.9,71.5,71.5,70.56999999999994,71.46016852339635,69.67983147660352,429,1.022372997672214
1717657200,71.8,71.9,71.8,71.9,70.62999999999994,71.69226173801232,69.56773826198756,501,1.0977811091908425
1717660800,71.8,71.9,71.8,71.9,70.67999999999992,71.87431989016805,69.48568010983179,380,1.0107509345039618
1717732800,72,72,71.4,71.5,70.73499999999993,71.97318415433409,69.49681584566576,44208,0.8089201219876102
1717736400,71.5,71.5,71.5,71.5,70.78999999999994,72.06106254765092,69.51893745234895,1589,0.7792938873512543
1717740000,71.5,71.5,71.5,71.5,70.86499999999992,72.11763721805292,69.61236278194693,465,0.7534652455030323
1717743600,71.5,71.5,71.4,71.5,70.93999999999994,72.15556571193754,69.72443428806234,1059,0.7303454245626196
1717747200,71.5,71.5,71.5,71.5,70.99499999999993,72.20739432530986,69.78260567469,8485,0.7082655739381538
1717992000,71.9,72,71.1,71.1,71.04999999999994,72.17338773361591,69.92661226638397,34810,0.5222541151660582
1717995600,71.3,71.5,71.3,71.5,71.12499999999994,72.15432016401084,70.09567983598905,28718,0.6821590663000393
1717999200,72,72,72,72,71.22499999999994,72.18390562624268,70.2660943737572,40782,0.9041065037008541
1718002800,71.6,72,71.2,72,71.32499999999995,72.16136116602524,70.48863883397465,20866,0.9035338005995106
1718006400,71.9,72,71.9,72,71.37999999999994,72.24162636916421,70.51837363083567,40445,0.8597847177085742
1718082000,71.5,71.9,70.4,71.9,71.43499999999995,72.28181757187384,70.58818242812605,168179,0.7745573636191055
1718085600,71.9,71.9,71,71.5,71.46999999999994,72.26523581410477,70.67476418589511,40201,0.5188623295555596
1718089200,71.5,71.5,71.4,71.5,71.50499999999994,72.23841666195666,70.77158333804321,72260,0.4965912964217374
1718092800,71.5,71.5,71.4,71.5,71.53999999999994,72.19848310535396,70.88151689464591,969,0.46962716303979446
1718164800,71.6,71.6,71.5,71.5,71.56999999999994,72.1602541825679,70.97974581743198,1100,0.4407035120908468
1718168400,71.5,71.5,71.2,71.2,71.58499999999995,72.11894756299661,71.05105243700329,1515,0.13947770653805044
1718172000,71.3,71.3,71.3,71.3,71.58999999999995,72.1111525688632,71.06884743113669,31270,0.2217705358025004
1718175600,71.3,71.3,71,71.3,71.57999999999996,72.11516352643834,71.04483647356157,1321,0.23839771755054617
1718179200,71.3,71.3,71.1,71.3,71.54999999999994,72.07725705309497,71.02274294690491,46335,0.26292398695054947
1718251200,72,72,71.5,72,71.55499999999995,72.09712544676788,71.01287455323202,270294,0.9104216124266772
1718254800,72,72,71.6,71.6,71.55999999999996,72.10184868739003,71.01815131260989,44355,0.5369106735246542
1718258400,71.5,71.5,71.4,71.4,71.55499999999995,72.10080216198769,71.00919783801221,101128,0.3580071582755779
1718262000,71.5,71.5,71.4,71.5,71.55499999999995,72.10080216198769,71.00919783801221,15,0.44961544325910374
1718265600,71.5,71.5,71.4,71.5,71.55499999999995,72.10080216198769,71.00919783801221,9035,0.44961544325910374
1718337600,71.5,72,71.5,72,71.57999999999996,72.15827329181693,71.00172670818299,114228,0.8631500935140708
1718341200,71.6,71.6,71.6,71.6,71.60499999999995,72.13969617543798,71.07030382456192,2019,0.49532444757449706
1718344800,72,72,72,72,71.62999999999995,72.18892754452102,71.07107245547888,1534,0.8309910234582293
1718348400,71.7,71.7,71.7,71.7,71.61499999999994,72.14894756300001,71.08105243699987,20,0.5795958310236298
1718352000,72,72,71.7,71.8,71.60499999999993,72.11676166331374,71.09323833668613,789,0.6905183740585241
1718683200,72,72,71.9,72,71.60499999999993,72.11676166331374,71.09323833668613,12349,0.8859218346313079
1718686800,71.8,71.8,71.7,71.8,71.59999999999994,72.1019960159534,71.09800398404647,4021,0.6992047682093548
1718690400,71.7,71.7,71.1,71.1,71.57999999999994,72.12626001137951,71.03373998862037,370159,0.060648784460981355
1718694000,71.1,71.9,71.1,71.9,71.59999999999994,72.16213877293352,71.03786122706636,1708,0.7668380250969766
1718697600,71.9,71.9,71.9,71.9,71.61999999999993,72.19480431455864,71.04519568544123,8868,0.7435611502107782
1718769600,72,72,71.5,71.5,71.61999999999992,72.19480431456812,71.04519568543172,1326,0.3956166499114875
1718773200,71.5,71.5,71.3,71.3,71.62499999999993,72.18669386683544,71.06330613316442,513,0.21069650285579333
1718776800,71.4,71.4,71.4,71.4,71.62999999999992,72.18172456900236,71.0782754309975,1123,0.2915626628556891
1718780400,71.4,71.4,71.4,71.4,71.63499999999992,72.17638710738484,71.093612892615,3728,0.28296490921713846
1718784000,71.4,71.9,71.4,71.9,71.66499999999992,72.1951886457137,71.13481135428614,91233,0.7216192310981223
1718856000,72,72,71.3,71.4,71.63499999999992,72.15374849401701,71.11625150598283,1406,0.2734933183322431
1718859600,72,72,72,72,71.65499999999993,72.19712544677121,71.11287455322865,255,0.8181920365985179
1718863200,72,72,71.4,71.6,71.66499999999992,72.1951886457137,71.13481135428614,1641,0.4387010637389085
1718866800,71.6,71.6,71.6,71.6,71.66999999999993,72.19573757715722,71.14426242284264,3537,0.43342686252480467
1718870400,71.6,71.6,71.5,71.6,71.67499999999993,72.19605661884181,71.15394338115804,6062,0.42803085376150746
1719201600,71.5,72,71.4,71.5,71.64999999999992,72.153984126771,71.14601587322885,92774,0.3511857893611244
1719205200,71.9,72,71.9,72,71.66999999999993,72.19573757715722,71.14426242284264,1380,0.8138447909548437
1719208800,72,72,71.8,71.8,71.65999999999993,72.16754310165814,71.15245689834171,2680,0.6379193210809802
1719212400,71.8,71.8,71.8,71.8,71.66499999999994,72.17597945167334,71.15402054832653,1940,0.6320992454373169
1719216000,71.9,71.9,71.7,71.8,71.66499999999992,72.17597945168401,71.15402054831583,2081,0.6320992454345681
1719288000,71.5,72,71.5,72,71.66499999999992,72.17597945168401,71.15402054831583,204775,0.8278018312634502
1719291600,72.1,72.1,71.8,72,71.67499999999993,72.20367759555374,71.14632240444611,112187,0.8073706950448886
1719295200,72,72,72,72,71.71999999999993,72.1958150901725,71.24418490982735,125989,0.7942319461731642
1719298800,72,72.2,72,72.2,71.73499999999993,72.24987862651001,71.22012137348985,6905,0.9515627334852759
1719302400,72.2,72.6,72.2,72.6,71.76999999999992,72.40592452385434,71.13407547614551,397309,1.1525931685802442
1719374400,73,73.8,73,73.4,71.86499999999992,72.8057975340313,70.92420246596855,97111,1.3157972063460415
1719378000,73.4,73.4,72.6,73,71.94999999999992,72.9746950766186,70.92530492338123,206720,1.012347538286658
1719381600,73,73.3,73,73.2,72.03999999999992,73.16676528169778,70.91323471830206,32291,1.0147478444899125
1719385200,73.2,73.2,73,73,72.11999999999992,73.2803447763685,70.95965522363134,24108,0.8791976393232606
1719388800,72.7,73,72.7,73,72.17499999999993,73.39134698998167,70.95865301001818,11600,0.839130201659173
1719460800,72.8,73,72.5,72.5,72.22999999999993,73.39978630528485,71.06021369471502,760,0.615405693663983
1719464400,72.9,72.9,72.5,72.5,72.25499999999994,73.42542727242254,71.08457272757734,3721,0.6046626329429893
1719468000,72.5,72.5,72.3,72.3,72.28999999999994,73.42119405940548,71.15880594059439,8480,0.504420108078236
1719471600,72.3,72.3,72,72,72.30999999999995,73.40526252561898,71.21473747438091,17249,0.3584814175830878
1719475200,72.3,72.3,72.3,72.3,72.34499999999994,73.39089674443935,71.29910325556054,4287,0.47848736013416665
1719547200,72.5,73.7,72.5,72.6,72.39999999999995,73.3757048734219,71.424295126578,114960,0.6024900077103309
1719550800,72.6,72.6,72.5,72.5,72.42499999999994,73.3839056262332,71.46609437376668,5040,0.539107081003723
1719554400,72.5,72.5,72.5,72.5,72.45999999999994,73.37520489510706,71.54479510489281,2401,0.5218530299684319
1719558000,72.5,72.5,72.5,72.5,72.49499999999993,73.35865502374173,71.63134497625813,1250,0.5028946742985434
1719561600,72.5,72.7,72.4,72.7,72.53999999999994,73.34597766720279,71.73402233279708,36111,0.5992583333948618
1719806400,71.5,71.5,69.1,69.9,72.43499999999992,73.82823364876226,71.04176635123757,10613,-0.4097540826163043
1719810000,69.9,69.9,69.5,69.5,72.30999999999993,74.19774998345486,70.42225001654501,2743,-0.24427228834009118
1719813600,69.5,69.8,69.4,69.8,72.19999999999993,74.38082553177232,70.01917446822755,9804,-0.050250344430217656
1719817200,69.6,69.8,69.5,69.8,72.07999999999993,74.49876001290649,69.66123998709337,2428,0.028684121650391792
1719820800,69.5,69.5,69.5,69.5,71.92499999999993,74.5766975694889,69.27330243051095,3008,0.042745743726109765
1719892800,69.5,69.5,69.4,69.5,71.72999999999993,74.49050719977909,68.96949280022078,1478,0.09608871873648145
1719896400,69.5,69.5,69.3,69.3,71.54499999999993,74.43323475500725,68.65676524499261,6983,0.11135430627517577
1719900000,69.4,69.4,69.2,69.4,71.35499999999993,74.28243915394171,68.42756084605816,14340,0.1660904126107056
1719903600,69.4,69.4,69.3,69.3,71.16999999999993,74.1257401780316,68.21425982196826,210,0.1836663767169772
1719907200,69.4,69.4,69.4,69.4,70.98999999999992,73.91636293033535,68.0636370696645,1650,0.22833171451196807
1719979200,69.4,69.5,69.3,69.4,70.83499999999992,73.75340709977901,67.91659290022083,5434,0.2541467055592517
1719982800,69.3,69.5,69.1,69.1,70.66499999999994,73.57173356192658,67.75826643807329,7849,0.2307974799447001
1719986400,69.2,69.2,69.2,69.2,70.50999999999992,73.38186350651314,67.6381364934867,9,0.2719250937537748
1719990000,69.5,69.5,69,69.5,70.38499999999993,73.20370537659345,67.56629462340642,15702,0.3430130358162012
1719993600,69.1,69.5,68.1,68.5,70.19499999999994,72.98388866755798,67.4061113324419,4621,0.19611551373184014
1720065600,68,68.5,68,68.4,69.98499999999993,72.6475363847342,67.32246361526566,213,0.2023514853942338
1720069200,68.1,68.1,67.7,67.7,69.74499999999993,72.32141223410197,67.1685877658979,22099,0.1031302807579084
1720072800,67.7,67.9,67.3,67.3,69.48499999999993,71.94367850684782,67.02632149315204,2857,0.055655610541539044
1720076400,67.5,67.8,67.1,67.8,69.24999999999993,71.38869118856205,67.11130881143781,3414,0.1610076275259748
1720080000,67.8,67.8,67,67,68.96499999999993,70.66238033452471,67.26761966547515,14085,-0.07883314659412449
1720152000,67.5,67.5,66.9,66.9,68.81499999999993,70.67755201270681,66.95244798729304,14537,-0.014079603397709129
1720155600,66.6,67,66.6,66.7,68.67499999999993,70.72231531524504,66.62768468475481,3730,0.01766101066765416
1720159200,66.9,66.9,66.7,66.7,68.51999999999992,70.6699767440687,66.37002325593114,1709,0.0767396077606833
1720162800,66.6,66.7,66,66.7,68.36499999999992,70.56979023946367,66.16020976053618,16376,0.12241305993696597
1720166400,66.5,67,66.2,67,68.23999999999992,70.45666416040768,66.02333583959216,5908,0.22030043563932947
1720411200,69.6,69.6,68.9,69.4,68.23499999999993,70.44069716870543,66.02930283129443,2118,0.7640888369738907
1720414800,69.2,69.3,66.6,69,68.21999999999994,70.40045866735117,66.03954133264871,1418,0.6788614505010505
1720418400,68,68,68,68,68.14999999999993,70.26329127193323,66.03670872806664,37,0.46451033466325947
1720422000,67.9,68,67.9,68,68.08499999999994,70.1317290978604,66.03827090213947,1125,0.47923516109464825
1720425600,67,67,66.5,67,67.96499999999993,69.97026806188954,65.95973193811032,12787,0.25938379054155203
1720497600,68,68,66.6,66.6,67.82499999999993,69.8007277140418,65.84927228595807,2725,0.18998764574348143
1720501200,66.6,68,66.6,68,67.76999999999994,69.66007936342096,65.87992063657892,2284,0.5608440059320481
1720508400,66.7,66.7,66.6,66.7,67.64499999999992,69.46980135906361,65.82019864093624,1500,0.2410677070942103
1720512000,66.7,68,66.7,68,67.56999999999994,69.1961611236386,65.94383887636127,5059,0.6322132209869535
1720584000,67,68.4,67,68.4,67.56499999999993,69.18027087512827,65.94972912487158,146146,0.7584705800300312
1720587600,68.4,68.5,68.1,68.5,67.56999999999992,69.19616112364083,65.94383887635901,300085,0.7859495244597422
1720591200,68.2,68.2,68.2,68.2,67.59499999999993,69.24360547131076,65.9463945286891,50,0.6834884120331806
1720594800,68.4,68.4,68.4,68.4,67.64999999999993,69.32868996543003,65.97131003456984,163,0.7233884801378182
1720598400,68.4,68.5,68.4,68.5,67.68499999999993,69.40345861167354,65.96654138832632,23615,0.7371311111200805
1720670400,68,68.5,68,68.5,67.75999999999993,69.48325273829363,66.03674726170624,356,0.7147102347659079
1720677600,67.8,68.5,67.7,67.7,67.79999999999993,69.47809415708376,66.12190584291609,163,0.47020429408630393
1720681200,67.8,67.9,67.5,67.5,67.83999999999993,69.44798009939126,66.2320199006086,3044,0.39427729854099763
1720684800,67.5,68,67.5,68,67.90499999999994,69.4261508801015,66.38384911989839,3595,0.531226356715421
1720756800,67.5,67.5,67.5,67.5,67.94499999999994,69.37674718439897,66.51325281560091,200,0.3445954687919559
1720760400,67.9,68,67.9,68,67.99499999999993,69.35951456571182,66.63048543428805,3873,0.5018321533993512
1720764000,68,68,67.5,67.5,67.89999999999993,69.11655250607585,66.68344749392402,50,0.3356010126968682
1720767600,68,68.5,68,68.5,67.87499999999993,69.0184596626215,66.73154033737836,2758,0.7732934183997174
1720771200,67.6,68.5,67.6,68.3,67.88999999999993,69.04741090371536,66.7325890962845,3663,0.677119464955755
1721016000,68,69,68,69,67.93999999999993,69.1944321424611,66.68556785753876,2011,0.9225019290084419
1721019600,69,69.5,69,69.5,68.06499999999993,69.41448138188004,66.71551861811982,134,1.0316857347082542
1721030400,69.4,69.4,68.4,69.4,68.20499999999993,69.49724610660687,66.91275389339299,950,0.9623732251505094
1721102400,69.4,69.4,68.5,68.5,68.22999999999993,69.52475866478525,66.93524133521461,988,0.6042665352793121
1721106000,69.4,69.4,69.4,69.4,68.36499999999992,69.55205517986343,67.17794482013642,104,0.9359527752193842
1721109600,68.5,68.5,68.5,68.5,68.38999999999993,69.56626527621998,67.21373472377988,1340,0.5467581600102817
1721113200,68.2,69.4,68,68.3,68.38499999999993,69.56190271477116,67.2080972852287,31451,0.46388826411346185
1721116800,68,68,67.8,68,68.35999999999993,69.54726576639038,67.17273423360948,74851,0.348391147883255
1721188800,68.1,68.1,68.1,68.1,68.35499999999993,69.54575606235711,67.16424393764275,3000,0.3929251724760699
1721192400,68,68,68,68,68.33499999999992,69.53545824585592,67.13454175414392,3260,0.36046994922299536
1721196000,67.9,68,67.9,68,68.30999999999992,69.51648249056845,67.10351750943138,103,0.3715273522727068
1721199600,68,68,68,68,68.28499999999993,69.49541315262383,67.07458684737603,12616,0.38227160313727987
1721203200,68,68,68,68,68.29999999999993,69.4882760622179,67.11172393778195,32000,0.3737667072750922
1721275200,68,68,67,67,68.27499999999993,69.5475957724433,67.00240422755657,16189,-0.0009446155678922212
1721278800,66.6,67.4,66.6,67,68.22499999999994,69.6104602123626,66.83953978763728,54503,0.05790863242802367
1721282400,67,67,66.8,66.8,68.18999999999993,69.67848916692039,66.70151083307947,31833,0.033083602188484273
1721286000,66.8,66.8,66.7,66.7,68.12499999999993,69.74842231105775,66.5015776889421,7000,0.06111235188353564
1721289600,67.4,67.4,66.6,66.6,68.07999999999994,69.81620275314623,66.34379724685365,2868,0.0737824982370458
1721361600,66.6,66.9,66,66,67.95499999999993,69.89971077542177,66.01028922457809,98158,-0.002645438259541704
1721365200,66,66.7,66,66.7,67.87499999999993,69.88683995388308,65.86316004611677,23509,0.20797875901311155
1721368800,66.7,66.7,66.7,66.7,67.75999999999993,69.76439517062853,65.75560482937134,262,0.23558108312855675
1721372400,66.6,66.6,66.6,66.6,67.61499999999994,69.51160222504129,65.71839777495859,1000,0.23241621606296092
1721376000,66.7,66.7,66.7,66.7,67.47999999999993,69.22768418200688,65.73231581799298,2200,0.27684755402883526
1721620800,67,67,66.8,66.8,67.39499999999992,69.10084290016358,65.68915709983627,731,0.32559941482804683
1721624400,66.8,66.8,66.5,66.5,67.24999999999993,68.72715943622781,65.77284056377205,2084,0.24613437737122248
1721628000,66.3,66.5,65.6,65.9,67.11999999999992,68.59186955945208,65.64813044054776,53128,0.08556110079007044
1721631600,65.9,66,65.9,66,67.00499999999992,68.44926451872156,65.56073548127829,18273,0.15207204533090662
1721635200,66,66,65,66,66.90499999999993,68.33674718439896,65.4732528156009,36672,0.1839525825993502
1721707200,65.5,65.5,65.5,65.5,66.77499999999993,68.22120192228859,65.32879807771128,1150,0.059190186256212786
1721710800,65.5,66.8,65.5,66.8,66.71499999999993,68.04807914244876,65.38192085755111,11,0.531881077909569
1721714400,66,66.8,65.6,66,66.61499999999992,67.84345431336925,65.3865456866306,6973,0.249685440758012
1721718000,66,66.5,66,66,66.51499999999992,67.59254350262282,65.43745649737701,12835,0.2610305297436584
1721721600,66,66.5,66,66,66.41499999999992,67.2712125904477,65.55878740955214,15497,0.2576536454673692
1721793600,66.5,66.5,66,66,66.36499999999992,67.19512047321044,65.53487952678941,13300,0.28015239246643536
1721797200,66,66.5,66,66.5,66.33999999999993,67.12076885186082,65.55923114813905,38677,0.6024631039127161
1721800800,66.5,66.5,66.5,66.5,66.32499999999993,67.08097619012645,65.56902380987341,4613,0.6157443860571725
1721804400,66.5,66.5,66,66,66.28999999999992,67.03806416839761,65.54193583160223,68070,0.30616636095464633
1721808000,66.5,66.5,66.1,66.1,66.26499999999992,67.0033088784828,65.52669112151703,455,0.3882581499365334
1721880000,66.8,66.9,66.8,66.8,66.30499999999992,67.06782370180858,65.54217629819127,900,0.824452425132065
1721883600,66.3,66.3,65.9,65.9,66.2649999999999,67.02467098144486,65.50532901855495,377976,0.25976441846861387
1721887200,66,66.1,65.9,66,66.2299999999999,66.97054034329702,65.48945965670279,47415,0.34470798783502193
1721890800,66,66,65.9,66,66.1999999999999,66.92663608501726,65.47336391498254,11164,0.36237952936570383
1721894400,66,66.5,66,66.5,66.18999999999991,66.89398863630427,65.48601136369555,11771,0.7201740085091825
1721966400,67,67,66.7,66.7,66.1849999999999,66.87282265159973,65.49717734840007,27159,0.8743697585433131
1721970000,66.8,66.9,66.7,66.7,66.19499999999991,66.90626647611656,65.48373352388326,14580,0.8550005637530387
1721973600,66.9,66.9,66.9,66.9,66.2449999999999,67.00519734283344,65.48480265716637,18,0.9308091880186494
1721977200,66.9,67.1,66.9,67,66.29499999999992,67.1134741902149,65.47652580978493,27177,0.9306794327961058
1721980800,67,67,67,67,66.34499999999991,67.20633617133595,65.48366382866388,2073,0.8802232054089308
1722225600,67,67,66.7,66.7,66.40499999999992,67.18596094655896,65.62403905344087,197031,0.6888698796654757
1722229200,66.7,66.7,66.7,66.7,66.39999999999992,67.17201036265618,65.62798963734366,1136,0.6942979100486881
1722232800,66.3,66.3,66.1,66.1,66.40499999999992,67.16782370181096,65.64217629818887,500,0.3000848693637787
1722236400,66.7,66.7,66.7,66.7,66.43999999999991,67.18939975983989,65.69060024015994,764,0.673472166614792
1722240000,66.7,66.7,66.5,66.7,66.47499999999992,67.20404046529977,65.74595953470008,2101,0.6543124220872566
1722312000,66.6,66.6,66.1,66.2,66.48499999999991,67.19288417135043,65.7771158286494,5292,0.29869588024818866
1722315600,66.2,66.2,66,66.1,66.46499999999992,67.19239260378649,65.73760739621335,10410,0.24910385526340756
1722319200,66.1,66.1,66,66.1,66.44499999999991,67.18924458348702,65.70075541651279,6225,0.26822135649047296
1722322800,66.1,66.2,66.1,66.2,66.45499999999991,67.18018963040554,65.72981036959429,6759,0.32418391734498464
1722326400,66.2,66.2,66.1,66.2,66.45999999999991,67.17665891471854,65.74334108528127,2172,0.31860268904770195
1722398400,66,66,65.9,66,66.41999999999992,67.14553428591788,65.69446571408196,188713,0.21055813064125234
1722402000,65.9,66,65.9,66,66.42499999999993,67.137390342464,65.71260965753585,687,0.20170847731462765
1722405600,66,66,65.7,66,66.42499999999993,67.13739034246656,65.71260965753329,101248,0.20170847731569871
1722409200,66,66,65.8,66,66.42499999999993,67.137390342464,65.71260965753585,3016,0.20170847731462765
1722412800,65.9,66,65.8,65.9,66.39499999999992,67.1419270379651,65.64807296203475,12002,0.1686423339631496
1722484800,65.9,65.9,65.9,65.9,66.35499999999993,67.1178237018062,65.59217629819366,12,0.20176595265554456
1722488400,65.9,65.9,65.9,65.9,66.31499999999993,67.08512985920673,65.54487014079312,1000,0.23056492029321488
1722492000,65.9,66.5,65.9,65.9,66.26499999999993,67.00601282042652,65.52398717957334,103362,0.25371546217662017
1722495600,66.1,66.1,66,66,66.21499999999995,66.88215815218722,65.54784184781268,993,0.33886879048463114
1722499200,66,66.1,65.8,65.8,66.15499999999994,66.7397221562661,65.57027784373379,53909,0.1964370203902803
1722571200,66,67.5,66,67.5,66.19499999999994,66.9936864215912,65.39631357840867,42000,1.3169664368401524
1722578400,66.2,66.2,66,66,66.15999999999994,66.92785415283893,65.39214584716095,42000,0.3958135477887496
1722582000,66.1,66.5,66,66,66.15499999999994,66.92564907709597,65.38435092290392,6538,0.39943542099341867
1722585600,66,66,66,66,66.11999999999995,66.85102667531756,65.38897332468234,7154,0.4179236517273385
1722830400,66.1,66.1,66,66,66.08499999999995,66.76698240448465,65.40301759551525,610,0.43768167665251095
1722834000,66,66,65.8,65.9,66.06999999999995,66.75439754530778,65.38560245469212,102500,0.37580317816344483
1722837600,65.9,65.9,65.7,65.7,66.04999999999994,66.75285133565717,65.34714866434271,312,0.25101420297319627
1722841200,65.7,65.8,64.5,64.5,65.96999999999994,66.94385830593065,64.99614169406924,23781,-0.2547299186379484
1722844800,64.5,65.6,64.5,65,65.90999999999994,66.96432442826506,64.85567557173482,15058,0.06844403126590907
1722916800,65.1,66,65.1,66,65.89999999999995,66.9469001862787,64.8530998137212,24280,0.5477600449931648
1722920400,66,66,65.8,65.8,65.88999999999994,66.93670912866448,64.84329087133541,63529,0.4570081135554941
1722924000,65.8,65.9,65.8,65.9,65.88499999999993,66.93051422756196,64.83948577243791,978,0.5071735035280435
1722927600,65.9,65.9,65.8,65.8,65.87499999999994,66.91974877364255,64.83025122635733,2106,0.46410620338014286
1722931200,65.8,65.9,65.8,65.9,65.86999999999993,66.91326410847374,64.82673589152613,59293,0.5143779507779479
1723003200,65.5,66,65.5,66,65.87499999999993,66.91974877364602,64.83025122635384,2100,0.5598229943663063
1723006800,66,66,65.8,65.8,65.86999999999992,66.91517941045429,64.82482058954555,1400,0.4665129262499099
1723010400,65.8,65.8,65.8,65.8,65.86499999999992,66.91051422756368,64.81948577243617,107058,0.46891481804538004
1723014000,66,66,65.6,65.6,65.84999999999994,66.90166534602619,64.79833465397368,1430,0.38114089670037393
1723017600,65.7,65.9,65.7,65.9,65.84499999999994,66.89471424684552,64.79528575315436,1425,0.5261976057604916
1723089600,66.7,66.7,66.7,66.7,65.88999999999993,67.00337325279396,64.7766267472059,930,0.863759412204021
1723093200,65.7,65.7,65.6,65.6,65.79499999999993,66.63279472428074,64.95720527571912,200,0.3836230437191341
1723096800,65.6,65.6,65.6,65.6,65.77499999999992,66.61136116602957,64.93863883397027,13,0.39538012577109377
1723100400,66,66,65.6,65.6,65.75499999999991,66.58800660264441,64.92199339735541,1800,0.4069635225532154
1723104000,65.6,66.4,65.6,65.7,65.73999999999992,66.5655906976461,64.91440930235375,292,0.47577492084518147
1723176000,66,66,66,66,65.73999999999992,66.5655906976461,64.91440930235375,2310,0.6574630145066775
1723179600,65.7,66,65.7,65.7,65.72999999999993,66.5524354078181,64.90756459218177,3730,0.48176148563477034
1723183200,65.7,65.8,65.5,65.6,65.72499999999994,66.54931789986085,64.90068210013902,81455,0.42417973695522443
1723190400,65.6,65.8,65.5,65.5,65.77499999999992,66.39103571328508,65.15896428671476,2950,0.27679865463203635
1723435200,66.5,66.5,66.2,66.2,65.83499999999992,66.36518864571026,65.30481135428958,150,0.8442171036226721
1723438800,66,66.4,65.8,66.4,65.85499999999992,66.43629166520964,65.2737083347902,3300,0.9687836009169869
1723442400,66,66,66,66,65.86499999999992,66.44903767005027,65.28096232994957,118,0.6155747368045951
1723446000,66,66,66,66,65.86999999999992,66.45685603008037,65.28314396991946,852,0.6107597036893857
1723449600,66.1,66.1,66,66,65.87999999999992,66.46855755881826,65.29144244118159,591,0.6019441498984422
1723521600,66,66,66,66,65.88499999999992,66.4758468499053,65.29415315009454,2467,0.5973179428971294
1723525200,65.8,65.8,65.8,65.8,65.87499999999991,66.4644913061613,65.28550869383852,54,0.4363858302777209
1723528800,65.9,66,65.8,66,65.88499999999992,66.4758468499053,65.29415315009454,1605,0.5973179428971294
1723532400,66,66.3,66,66.3,65.90999999999993,66.52611687206254,65.2938831279373,2728,0.8164983931493713
1723536000,66.3,66.6,66.3,66.6,65.95999999999992,66.62753277076037,65.29246722923948,145,0.9793772141485964
1723608000,66.6,66.6,66.5,66.5,65.98999999999992,66.69682388191312,65.28317611808673,62275,0.8607687947806985
1723611600,66.5,66.5,66.5,66.5,65.97999999999992,66.65111846945338,65.30888153054646,858,0.8874129707855857
1723615200,66.5,66.6,66.5,66.6,66.02999999999992,66.72885620841623,65.3311437915836,1042,0.9078092124929104
1723618800,66.6,66.8,66.6,66.8,66.08999999999992,66.83538580617235,65.34461419382748,3689,0.9762634290327692
1723622400,66.5,66.8,66.5,66.8,66.14999999999992,66.92071395474642,65.37928604525342,321,0.921686928072993
1723694400,67,67,66.5,67,66.21499999999992,67.04028782860155,65.38971217139829,44107,0.9755916498430535
1723698000,67,67,67,67,66.26499999999993,67.1510586888201,65.37894131117976,1953,0.9147580793879229
1723701600,67,67,66.7,67,66.32999999999993,67.231332347159,65.42866765284086,20639,0.8716720042900166
1723705200,67,67,66.7,66.7,66.38499999999992,67.23417607128246,65.53582392871738,5001,0.6854739026762299
1723708800,67,67,67,67,66.45999999999992,67.2458753081995,65.67412469180034,5041,0.8435659540170592
1723780800,67,67,66.7,66.8,66.48999999999992,67.27968348091831,65.70031651908154,2893,0.6962811730844047
1723784400,66.8,67,66.7,66.7,66.50499999999992,67.29866239676336,65.71133760323649,1555,0.622848203968898
1723788000,66.5,66.5,66.2,66.2,66.51499999999992,67.28772245990561,65.74227754009422,3441,0.29617520109461015
1723791600,66.2,66.2,66.2,66.2,66.52499999999992,67.27566637066016,65.77433362933968,1113,0.2835256695234215
1723795200,66.2,67,66.2,66.9,66.56999999999991,67.29691127384736,65.84308872615246,3200,0.7269878125933098
1724126400,66.1,66.1,66,66.1,66.5749999999999,67.2873903424742,65.86260965752561,53500,0.166615357003489
1724130000,66.1,66.1,65.9,66,66.58499999999991,67.25812703113871,65.9118729688611,570,0.06546092123933991
1724133600,66,66,65.7,66,66.58499999999991,67.25812703113871,65.9118729688611,1120,0.06546092123933991
1724137200,66,66,66,66,66.56999999999991,67.2802112362195,65.85978876378032,880,0.09871093913271474
1724140800,66.1,66.1,66.1,66.1,66.54499999999992,67.28385045851276,65.80614954148707,1995,0.19885651766690557
1724212800,65.8,66.9,65.8,66.9,66.56499999999991,67.31938716853335,65.81061283146647,8,0.7220345294653849
1724216400,66.9,66.9,66.9,66.9,66.58499999999991,67.35252850113325,65.81747149886657,72,0.7052041061243749
1724227200,66,66.9,66,66.9,66.59999999999991,67.3797435476174,65.82025645238242,322,0.692370941007944
1724299200,67,67,66,66.9,66.6049999999999,67.39106615501211,65.8189338449877,3415,0.6876432397700165
1724302800,66.9,66.9,66.9,66.9,66.60999999999991,67.40221209284547,65.81778790715435,11,0.6830317932653841
1724306400,66,66,66,66,66.55999999999992,67.37338797633517,65.74661202366467,100,0.15576083228878165
1724313600,66,66,66,66,66.5099999999999,67.33194890355367,65.68805109644615,1978,0.18976173713786793
1724385600,66.5,66.5,65.7,66.5,66.48499999999991,67.2756326580939,65.69436734190593,12702,0.5094860741246429
1724389200,66.3,66.3,65.7,66.2,66.4599999999999,67.2534733770318,65.666526622968,6255,0.3361633751516289
1724392800,66,66.2,66,66.2,66.4199999999999,67.18052613370806,65.65947386629175,1097,0.35536328717119237
1724396400,66,66.3,66,66.3,66.3949999999999,67.13655242569885,65.65344757430094,1073,0.43594518964026285
1724400000,66,66.3,65.7,65.7,66.3449999999999,67.13106615501442,65.55893384498538,16466,0.08972918762290487
1724644800,66.2,66.4,65.7,65.7,66.31999999999991,67.15330666627283,65.48669333372699,1448,0.12798809544333614
1724648400,66,66,65.9,65.9,66.30499999999991,67.15699765261161,65.4530023473882,1425,0.2623232888268994
1724655600,65.9,66,65,65,66.2099999999999,67.18959175173129,65.2304082482685,36116,-0.11760422025872792
1724659200,66,66,65,65,66.1549999999999,67.26760954519457,65.04239045480523,8380,-0.019050013991122175
1724731200,66,66,64.8,64.8,66.0949999999999,67.35432521616134,64.83567478383846,18362,-0.01416424581221353
1724734800,65.5,65.9,64.7,64.7,66.0299999999999,67.42871369481287,64.63128630518693,6001,0.024563173674458857
1724738400,64.8,64.8,64.7,64.7,65.9649999999999,67.47929851748486,64.45070148251494,2110,0.08231485225882315
1724742000,64.7,64.7,64,64,65.85999999999991,67.59712406006408,64.12287593993575,30043,-0.0353676351507141
1724745600,63.9,64,63.8,64,65.7149999999999,67.56137482653305,63.868625173466754,24300,0.035576423769793974
1724817600,63.6,63.6,63.6,63.6,65.54999999999991,67.52838317826644,63.571616821733386,280,0.007173326830317337
1724821200,63.7,65.5,63.7,65.4,65.47499999999991,67.35422856514357,63.59577143485625,2317,0.4800450032021056
1724824800,63.9,64,63.6,63.6,65.3099999999999,67.23862645425561,63.3813735457442,26006,0.05667931541988961
1724832000,63.8,63.8,63.7,63.8,65.15499999999992,67.04547613051581,63.26452386948402,11315,0.14162467377195812
1724907600,63.9,64,63.8,64,65.05499999999992,66.96756372444135,63.142436275558495,613,0.22419219644353564
1724911200,64,64,64,64,64.95499999999991,66.86860915550949,63.04139084449034,84,0.2504715115805334
1724914800,63.8,63.8,63.8,63.8,64.81999999999991,66.65804243695624,62.98195756304358,2329,0.22253088952370426
1724918400,63.7,63.8,63.6,63.6,64.68999999999991,66.48655225363721,62.89344774636261,6456,0.1966411642653043
1724990400,63.7,64,63,64,64.58000000000001,66.25880910171362,62.9011908982864,9997,0.32725850145558866
1724994000,64,64,63.3,63.9,64.46000000000001,65.96386169576915,62.95613830423087,10065,0.3138126658935868
1724997600,63.9,63.9,63.9,63.9,64.37,65.77868733223436,62.96131266776565,10,0.33317802707343025
1725001200,63.3,63.9,63,63.9,64.28,65.56156154748689,62.998438452513106,37385,0.35174336700989156
1725004800,63.7,63.7,63.7,63.7,64.16999999999999,65.23602063770034,63.10397936229964,162,0.2795539863966034
1725249600,63.9,63.9,63.9,63.9,64.115,65.11554984883378,63.11445015116621,3,0.3925590762666174
1725253200,63.9,63.9,63.7,63.7,64.05,64.97843955107534,63.121560448924654,245,0.311511692067289
1725256800,63.6,63.6,63.5,63.5,63.985,64.8755616205513,63.0944383794487,248,0.22769992058508076
1725260400,63.3,63.3,62.7,63,63.9,64.8252026804975,62.97479731950249,12278,0.013620086186928981
1725264000,63.5,63.5,62.8,63,63.815,64.74295474027468,62.88704525972531,4593,0.060862203387878615
1725336000,62.8,62.8,62.7,62.7,63.75,64.79211323760872,62.707886762391276,768,-0.0037840237061809875
1725339600,62.8,62.8,62.7,62.7,63.685,64.81508849210834,62.55491150789167,3042,0.06419342074603945
1725343200,62.7,62.7,62,62.5,63.629999999999995,64.87273891063201,62.387261089367975,7385,0.04535904914037404
1725346800,62.5,63.6,62.5,63,63.50999999999999,64.47932966528592,62.54067033471406,25926,0.23693160424964954
1725350400,63,63.6,63,63.6,63.50999999999999,64.47932966528592,62.54067033471406,2480,0.5464238345441879
1725422400,63,63.6,63,63.6,63.499999999999986,64.46124918725911,62.53875081274085,5092,0.5520156486608615
1725426000,63.6,64.5,63.6,64.5,63.52499999999999,64.56013284171821,62.48986715828176,26,0.9709540460437911
1725429600,64.5,64.5,64.5,64.5,63.54999999999999,64.65181668166959,62.44818331833039,18,0.9311061975211988
1725433200,64.5,65,64.2,64.2,63.56999999999999,64.70331372532237,62.43668627467761,19483,0.7779459852658189
1725436800,64.3,64.3,64.3,64.3,63.605,64.78224254085602,62.42775745914398,1750,0.7951813139094668
1725508800,64.3,65.5,64.3,65.4,63.675,65.08194704946672,62.26805295053328,6262,1.1130294671195475
1725512400,65,65,64.6,64.6,63.71,65.17136922097102,62.248630779028986,30,0.8045089451824597
1725516000,64.6,64.6,64.4,64.4,63.735,65.22533553269199,62.24466446730801,1982,0.7231041216600465
1725519600,64.3,64.3,63.6,63.6,63.720000000000006,65.20942942095218,62.230570579047836,1188,0.4597161173561046
1725523200,64,64,64,64,63.735,65.22935604860403,62.24064395139597,10,0.5886669546550011
1725595200,63.6,63.6,63.6,63.6,63.71999999999999,65.21345237620889,62.22654762379109,42,0.45982463119962086
1725598800,63.7,63.7,63.6,63.6,63.71499999999999,65.20935604860647,62.22064395139352,451,0.46152188760261253
1725609600,64.5,64.5,64.5,64.5,63.764999999999986,65.29375766555981,62.23624233444016,1980,0.7403912721284248
1725854400,63.7,65.8,63.7,65.8,63.904999999999994,65.62833978077559,62.1816602192244,320,1.0498045194393268
1725858000,63.9,63.9,63.6,63.6,63.93499999999999,65.61461305067758,62.2553869493224,1822,0.4002746496090748
1725861600,63.6,65.5,63.5,65.5,64.075,65.78599386322628,62.36400613677373,1413,0.9164246379332399
1725865200,65.3,65.3,64,64,64.14,65.7317286200865,62.5482713799135,1313,0.4560226541656352
1725868800,63.5,63.5,63.5,63.5,64.19,65.62791515744097,62.75208484255903,8487,0.26006929323007555
1725940800,64,64,63.7,63.7,64.225,65.5768505834607,62.873149416539285,102,0.30582173561814796
1725944400,64,64,63.7,63.7,64.22999999999999,65.57327956881824,62.88672043118174,2798,0.30272163282202835
1725948000,63.7,63.7,63.6,63.6,64.22999999999999,65.57327956881824,62.88672043118174,1500,0.26549929939222094
1725951600,63.5,63.5,63,63,64.155,65.59371470417,62.716285295830005,11528,0.09860005717174895
1725955200,63,63.6,63,63.6,64.11,65.55899965493236,62.66100034506764,428,0.32401652123795427
1726030800,63.2,63.2,63,63,64.05,65.57643375224676,62.523566247753244,1500,0.15606106440764078
1726034400,63.1,63.1,63,63,63.985,65.5727972162699,62.39720278373009,2746,0.18982185196357082
1726038000,63,63,63,63,63.864999999999995,65.36736480256802,62.36263519743197,414,0.21212051875768398
1726041600,63,63,62.5,62.5,63.75999999999999,65.33403938959555,62.185960610404436,16690,0.09975588656528334
1726113600,62.6,63.5,62.6,63.5,63.714999999999996,65.26454832128447,62.165451678715534,7500,0.43062494500920756
1726117200,63.5,63.5,63.5,63.5,63.71,65.2616442891317,62.15835571086831,5290,0.4323298511550229
1726120800,63.5,63.5,63,63,63.660000000000004,65.23530949339923,62.084690506600786,3141,0.29051735460063416
1726124400,63.5,64,63.5,63.5,63.65500000000001,65.23167371386486,62.07832628613515,57506,0.4508458856651891
1726128000,63.5,63.5,63.5,63.5,63.65,65.22797338380472,62.072026616195274,639,0.4524706812106277
1726200000,63.7,63.7,63.5,63.5,63.6,65.12970585407729,62.070294145922716,2947,0.46731397747695713
1726203600,63.4,63.6,63.4,63.4,63.48,64.6299565209176,62.33004347908239,1264,0.46521607619731464
1726207200,63.5,63.7,63.4,63.4,63.470000000000006,64.61908659377492,62.32091340622509,100510,0.46954102485433796
1726210800,63.4,63.4,63.4,63.4,63.364999999999995,64.03812703110097,62.69187296889902,1107,0.5259980645427039
1726214400,63.4,63.5,63.4,63.5,63.339999999999996,63.95122827159661,62.72877172840338,99066,0.6308839982009182
1726632000,63.7,65.9,63.7,64,63.364999999999995,64.03812703110097,62.69187296889902,24029,0.9716791709890116
1726635600,64,64,63.9,63.9,63.375,64.07321200218402,62.67678799781598,9799,0.8759603088730842
1726639200,63.9,63.9,63.9,63.9,63.38499999999999,64.1068725649309,62.66312743506908,4313,0.8567111599879839
1726642800,63.9,63.9,63.9,63.9,63.4,64.15099933421732,62.64900066578269,1542,0.8328897758085844
1726646400,63.9,64,63.9,64,63.45,64.22071395471464,62.67928604528537,6285,0.8568120160764691
1726718400,64,64,63.8,64,63.470000000000006,64.27523288556115,62.66476711443887,93652,0.8290973391074616
1726722000,64,64,64,64,63.52,64.326473806142,62.713526193858,8067,0.797591810387627
1726725600,63.9,64,63.7,64,63.57000000000001,64.36523581407624,62.774764185923765,1688,0.7703600569722153
1726729200,63.8,63.8,63.5,63.5,63.595000000000006,64.34726325178791,62.842736748212104,16426,0.43685721070767464
1726732800,63.5,63.7,63.5,63.5,63.645,64.20882621435075,63.081173785649256,1924,0.3714142795160985
1726804800,65,65,63.8,64.5,63.69500000000001,64.36574585349959,63.024254146500425,10059,1.1000782530372317
1726808400,64.5,64.5,64.5,64.5,63.745000000000005,64.49459989326954,62.99540010673047,2093,1.0036019927290203
1726812000,64.5,64.5,63.7,63.8,63.785000000000004,64.45215815215455,63.117841847845455,25229,0.5112417122923192
1726815600,63.8,63.8,63.8,63.8,63.80000000000001,64.45421708933925,63.14578291066077,3450,0.4999999999999891
1726819200,63.8,63.8,63.7,63.7,63.81,64.45156059728347,63.16843940271654,41479,0.41427154312018927
1727064000,63.6,65,62.7,65,63.88500000000001,64.6931460263982,63.07685397360183,126056,1.1898505737690859
1727067600,65,65,64,64,63.91500000000002,64.69288173906904,63.13711826093101,11109,0.5546355543078476
1727071200,64,64,64,64,63.94500000000001,64.68655242564991,63.20344757435011,8440,0.5370843638949669
1727074800,64.8,64.8,64,64,63.975,64.67321200218142,63.27678799781859,2130,0.5179028718511651
1727078400,64,64,64,64,64.00000000000001,64.6633249580701,63.33667504192992,104362,0.4999999999999893
1727150400,63.8,65,63.7,64,64.00000000000001,64.6633249580701,63.33667504192992,34806,0.4999999999999893
1727154000,63.9,64,63.9,64,64.00500000000001,64.66674013026325,63.34325986973677,9831,0.4962220819235939
1727157600,64,65,63.9,64,64.01000000000002,64.66999999999504,63.350000000005,188267,0.49242424242417066
1727161200,64,65.8,64,65.8,64.10499999999999,65.12377377273557,63.0862262272644,105800,1.3318824283474802
1727164800,65,66,65,65,64.155,65.2439903580859,63.06600964191411,9192,0.8879740503328448
1727236800,65.5,66,65.2,66,64.255,65.60477775948719,62.9052222405128,51033,1.1464027087922088
1727240400,65.8,66.2,65.8,66.2,64.365,65.95153710955911,62.77846289044087,185668,1.0783035231082416
1727244000,66.2,67.8,66.1,67.8,64.55499999999999,66.7243086456307,62.38569135436929,9599,1.2479341417220395
1727247600,67.7,67.7,67,67.5,64.755,67.21628015471767,62.29371984528232,3028,1.0576366417976664
1727251200,67.5,67.5,67.5,67.5,64.955,67.61768661317969,62.29231338682031,9115,0.9779007764944692
1727323200,67.8,69.1,67.5,67.5,65.10499999999999,67.97796014591407,62.23203985408592,68612,0.9168174771596078
1727326800,67.5,68.2,67.5,67.5,65.255,68.29439138644685,62.21560861355314,38859,0.8693173590625465
1727330400,67.5,67.5,67.1,67.5,65.44,68.55216966118623,62.327830338813776,1525,0.8309588204157892
1727334000,67.5,67.5,66,66,65.55,68.5768795813523,62.523120418647686,23152,0.5743339779309888
1727337600,66,66.7,66,66.7,65.7,68.64142822451983,62.75857177548018,1401,0.6699854498681921
1727409600,66.7,67.5,66.6,66.6,65.78,68.72794843917094,62.83205156082906,11038,0.6390797730896887
1727413200,66.6,66.6,66,66,65.88,68.71309018564706,63.04690981435293,18355,0.5211782880417901
1727416800,66.7,66.7,66.7,66.7,66.015,68.73181799169653,63.29818200830347,1683,0.6260665974116747
1727420400,66.8,66.8,66.8,66.8,66.155,68.72675037669117,63.583249623308824,62,0.6254009731749043
1727424000,66.8,67.3,66.8,67,66.30499999999999,68.7003914085199,63.90960859148008,841,0.6450702372748011
1727668800,67.5,69.1,67.5,69,66.55499999999999,68.97943807922867,64.13056192077131,31173,1.0042405539138104
1727672400,68.5,69,68.3,69,66.80499999999999,69.15402107270528,64.45597892729471,25910,0.9672159022975694
1727676000,68.9,68.9,68.9,68.9,67.05000000000001,69.1905606742165,64.90943932578352,773,0.9321297738213266
1727679600,68.3,69,68,68,67.16,69.25799904671292,65.06200095328707,4800,0.7001907487317705
1727683200,69,69,68.9,68.9,67.355,69.33537875165547,65.37462124834454,110,0.8900768978430224
1727755200,68,68.5,68,68.4,67.47500000000001,69.40256322853547,65.54743677146455,896,0.7399402484718492
1727758800,68.5,69,68,68,67.56500000000003,69.4124577126394,65.71754228736066,4140,0.6177293523483446
1727762400,68.5,69,68.5,69,67.62500000000003,69.57423061744726,65.6757693825528,2550,0.8527032634549713
1727766000,68.4,69.6,68.4,69.6,67.73000000000002,69.85894339990439,65.60105660009565,328419,0.9391849966711122
1727769600,69.7,70,68.9,69,67.80500000000002,70.00088251051723,65.60911748948281,110812,0.77210016799089
1727841600,70,70.2,68,70,67.93000000000002,70.3183885780993,65.54161142190074,168008,0.9333465707760416
1727845200,70,70,69.8,69.9,68.05000000000001,70.57705362032519,65.52294637967483,1205,0.8660389287192766
1727848800,69.6,69.6,68.6,68.6,68.105,70.62965839273474,65.58034160726527,2395,0.5980330648741355
1727852400,68.2,68.6,68.1,68.6,68.23500000000001,70.57361069868384,65.89638930131619,3935,0.578037785469254
1727856000,69,69.5,69,69.5,68.37500000000001,70.66399541283859,66.08600458716144,5005,0.7457409904996004
1727928000,69.9,69.9,68.6,68.7,68.48000000000002,70.62158819570732,66.33841180429272,449,0.5513637496790846
1727931600,68.7,68.7,68.5,68.7,68.61500000000001,70.42969005618012,66.8003099438199,15496,0.5234199773428299
1727935200,68.5,68.5,68.5,68.5,68.70500000000001,70.29556593701783,67.1144340629822,3126,0.43555752854095087
1727938800,68.7,68.7,68.7,68.7,68.80000000000001,70.1296616110876,67.47033838891242,6,0.4623964476502355
1727942400,68.7,69,68.7,69,68.9,69.94307238483405,67.85692761516596,22153,0.5479353118028834
1728014400,69,69.3,68.6,68.6,68.88,69.92995237987589,67.8300476201241,5473,0.36666061939252015
1728018000,68.5,68.6,68.1,68.6,68.85999999999999,69.91527247666899,67.80472752333098,2822,0.3768090679192695
1728021600,68.6,68.6,68.1,68.1,68.82,69.92562199689118,67.7143780031088,316,0.17439142761969695
1728025200,68.5,68.6,68.5,68.6,68.85,69.89594454920336,67.80405545079662,1883,0.3804907964813195
1728028800,68.6,68.7,68.5,68.6,68.83499999999998,69.88623736616198,67.78376263383798,9127,0.3882269563638347
1728273600,69.3,70,69.2,69.2,68.87499999999999,69.91783268073662,67.83216731926335,36958,0.6558255729818724
1728277200,69.8,69.9,69.5,69.9,68.97,70.02280577506234,67.91719422493766,1230,0.9416769085185439
1728280800,69.9,70,69.9,70,69.02,70.16472704170444,67.87527295829555,64685,0.9280496416599158
1728284400,69.9,70,69.9,69.9,69.035,70.2169898476745,67.8530101523255,250,0.8659083881734891
1728288000,69.8,69.9,69.7,69.7,69.07,70.28671689394504,67.85328310605495,3130,0.7588934217709906
1728360000,69.8,69.8,69.2,69.2,69.03,70.17210332282353,67.88789667717647,14510,0.5744240895734917
1728363600,69.2,69.2,69.2,69.2,68.99499999999999,70.06919737479295,67.92080262520703,2000,0.5954200805226899
1728367200,69.2,69.8,68.5,69.5,69.03999999999999,70.11962956610475,67.96037043389524,1480,0.7130360331181288
1728370800,69.8,69.8,68.6,68.6,69.03999999999999,70.11962956610475,67.96037043389524,3992,0.29622640310440307
1728374400,69.4,69.5,69.4,69.5,69.03999999999999,70.11962956610475,67.96037043389524,1124,0.7130360331181288
1728446400,69,69,68.9,68.9,69.05,70.1205138952895,67.97948610471049,8033,0.4299401900993421
1728450000,68.9,68.9,68.7,68.9,69.05999999999999,70.12094297679654,67.99905702320343,12554,0.42459538189173385
1728453600,68.9,68.9,68.9,68.9,69.08,70.11266645147566,68.04733354852434,500,0.4128469799019927
1728457200,68.8,68.8,68.8,68.8,69.08500000000001,70.11120660687847,68.05879339312155,160000,0.3611390737061562
1728460800,68.8,69,68.8,68.8,69.075,70.10819891598909,68.04180108401091,132685,0.36691817241370894
1728532800,68.8,68.8,68.8,68.8,69.08500000000001,70.10338106816721,68.0666189318328,100,0.3600720256352907
1728536400,68.8,68.8,68.2,68.2,69.06500000000001,70.13509345386183,67.9949065461382,3826,0.09582969278134229
1728540000,68.2,68.4,68.1,68.1,69.065,70.13509345386521,67.99490654613479,14946,0.04910480177483924
1728543600,68.4,68.4,68.4,68.4,69.05499999999999,70.14582537557965,67.96417462442034,3,0.19976862719574814
1728547200,68.4,69.8,68.4,69.8,69.115,70.23084049039608,67.99915950960391,104253,0.8069435129374329
1728619200,68.1,70.1,68.1,70,69.155,70.33563542213776,67.97436457786225,212641,0.8578581432318764
1728622800,70,70.3,70,70.3,69.175,70.41737675445376,67.93262324554624,1872,0.9527612078892421
1728626400,70.2,70.3,70,70,69.175,70.41737675445376,67.93262324554624,60806,0.8320248857854454
1728630000,70.2,70.4,70,70,69.17999999999999,70.43475097131207,67.92524902868792,9915,0.8267580654440712
1728633600,70.2,70.2,70,70.2,69.205,70.51873513312422,67.89126486687577,8077,0.8786912502042061
1728878400,70.1,70.1,70,70,69.24499999999999,70.60363902491235,67.88636097508763,17715,0.7778515802049442
1728882000,70.1,70.2,70,70,69.285,70.68253354163902,67.88746645836098,28907,0.7558078138008246
1728885600,69.9,70,69.6,70,69.30999999999999,70.73954538228479,67.88045461771519,30,0.7413354652991867
1728889200,69.6,69.6,69.6,69.6,69.35999999999999,70.75628077406174,67.96371922593823,1060,0.5859425999621316
1728892800,70,70,69.5,69.6,69.365,70.76396390232577,67.96603609767422,15265,0.5839907304288954
1728964800,70,70,69.9,70,69.41999999999999,70.82797727254798,68.01202272745199,26008,0.7059692337754838
1728968400,69.9,70,69.5,69.6,69.455,70.84420840769356,68.06579159230644,929,0.5521879939672741
1728972000,70,70.5,70,70,69.51,70.89405202214378,68.12594797785623,2249,0.6770164676473024
1728979200,70.4,70.4,70.1,70.1,69.57500000000002,70.94156503686911,68.20843496313093,15112,0.6920874549823088
1729051200,70.4,70.4,70,70,69.635,70.96507518584392,68.3049248141561,50785,0.637210288517791
1729054800,70.4,70.4,70.4,70.4,69.715,71.0269070089006,68.40309299109941,464,0.7610703332449031
1729058400,70.4,70.4,70,70,69.805,70.92119890700616,68.68880109299386,9530,0.5873500228212097
1729062000,70.4,70.4,70.4,70.4,69.92000000000002,70.74607505711906,69.09392494288097,500,0.790530500747718
1729065600,70.4,71.1,70.4,71.1,70.055,70.70761014396193,69.40238985603808,54651,1.3006311345820571
1729224000,71.3,72.5,71.3,72.5,70.19000000000001,71.42919328597249,68.95080671402754,1251659,1.4320579873006574
1729227600,72.5,73.5,72,73.5,70.36500000000001,72.26160222503368,68.46839777496633,87784,1.3264779927547348
1729231200,73.5,73.5,72.6,72.6,70.48,72.61129068876166,68.34870931123835,13499,0.9973512086311835
1729234800,72.7,73.3,72.6,73,70.63000000000001,73.01251967463027,68.24748032536975,34469,0.9973725978501705
1729238400,73,73.7,72.9,73.2,70.78999999999999,73.40067041198475,68.17932958801524,197584,0.9615672642813257
1729483200,73.5,73.7,73.2,73.2,70.94,73.73599713876924,68.14400286123076,7707,0.9041491975551214
1729486800,73.2,73.3,73.2,73.2,71.1,74.02574776766701,68.17425223233298,689,0.8588826116877705
1729490400,73,73,71,72,71.19999999999999,74.10516780926906,68.29483219073092,21360,0.6376856781641965
1729494000,72,72,71.2,71.2,71.25999999999999,74.11264789275093,68.40735210724905,11259,0.48948345497660994
1729497600,72,72.1,72,72,71.38,74.14376554722189,68.6162344527781,39339,0.6121658095461863
1729569600,71.8,72,71.8,71.9,71.49499999999999,74.14186607141696,68.84813392858302,311,0.5765055709417144
1729573200,71.9,72,71.9,71.9,71.59,74.15039059520359,69.02960940479642,6063,0.5605376383940657
1729576800,71.9,72,71.9,72,71.71,74.1057462303039,69.3142537696961,8320,0.5605239395416308
1729580400,71.9,72,71.9,72,71.80999999999999,74.07530351167757,69.5446964883224,2504,0.5419369852694278
1729584000,72,72.3,72,72.1,71.91,74.03687564281859,69.7831243571814,39997,0.5446664572612729
1729656000,72,72.4,72,72,72.00999999999999,73.94793704748501,70.07206295251497,5200,0.4974199368310316
1729659600,72,72,71.7,71.7,72.07499999999999,73.87486110575728,70.2751388942427,9469,0.3958252948517921
1729663200,71.7,72,71.7,72,72.17499999999998,73.70454241524058,70.64545758475938,62510,0.4427933484366776
1729666800,72,72.3,72,72.3,72.26999999999998,73.56475866477969,70.97524133522028,147,0.5115851705866435
1729670400,72,72.4,72,72.4,72.335,73.51360086544109,71.1563991345589,27500,0.5275750688404957
1729742400,72.4,73,72.4,73,72.36,73.57227059685998,71.14772940314002,29050,0.7639674680132169
1729746000,73,73,72.5,72.9,72.33,73.45445542375613,71.20554457624387,9998,0.7534560232258826
1729749600,72.5,72.9,72.5,72.5,72.325,73.44549096382516,71.20450903617484,236,0.5780907680873112
1729753200,72.9,72.9,72.1,72.8,72.31500000000001,73.41459083299532,71.21540916700471,4205,0.720536578446565
1729756800,72.5,72.5,72,72.1,72.26,73.28449987799384,71.23550012200617,72793,0.42191311905604056
1729828800,72.6,72.6,72.1,72.1,72.205,73.13553747910098,71.27446252089902,801,0.4435809935880025
1729832400,72.5,73.1,72.1,73.1,72.2,73.10994505329292,71.29005494670709,73263,0.9945353550431784
1729836000,73.1,73.3,73,73.1,72.255,73.23983501157026,71.27016498842973,27649,0.9290058690402822
1729839600,73.2,73.2,73.1,73.2,72.35499999999999,73.29622260917347,71.41377739082651,389,0.9488842446857695
1729843200,73.1,73.2,73,73,72.405,73.37138501644766,71.43861498355234,11872,0.8078483160817014
1730088000,73,73.2,72.9,73,72.46000000000001,73.4303607576614,71.48963924233861,13111,0.778247031187355
1730091600,73,73.2,72.9,72.9,72.51000000000002,73.46268042910638,71.55731957089365,2267,0.704685636486631
1730095200,72.9,73.2,72.9,73.2,72.57000000000001,73.53767763227721,71.6023223677228,12886,0.82552162982079
1730098800,73.2,73.2,73,73.1,72.625,73.58181764198498,71.66818235801502,26373,0.7482186673599446
1730102400,73.1,73.5,73.1,73.5,72.69500000000001,73.69194533451368,71.69805466548634,54015,0.9037332700858112
1730174400,73.4,73.6,73.4,73.6,72.775,73.79259520439567,71.75740479560434,298,0.9053674763974282
1730178000,73.5,73.5,73.4,73.5,72.865,73.80153617122676,71.92846382877323,141742,0.8390152027808081
1730181600,73.5,73.7,73.4,73.5,72.94,73.8263407922542,72.0536592077458,103839,0.8159055776817922
1730185200,73.4,73.7,73.4,73.7,73.00999999999999,73.90420355625363,72.11579644374635,219000,0.8858181927227158
1730188800,73.7,74.8,73.6,74.5,73.115,74.17570731119004,72.05429268880995,292862,1.1528662456592889
1730260800,74.2,75.5,74.2,75.4,73.235,74.68727407882123,71.78272592117877,254470,1.245382717894845
1730264400,75.4,75.5,75,75.4,73.36,75.08092998114778,71.63907001885222,31725,1.0927027892905399
1730268000,75.2,75.4,75.1,75.2,73.495,75.3437563387336,71.64624366126641,24487,0.9611207989604327
1730271600,75.3,75.3,75,75.3,73.62,75.59747313509226,71.64252686490775,112073,0.9247845318823046
1730275200,74.9,74.9,73.6,74.4,73.73500000000001,75.61039329208693,71.8596067079131,59111,0.6772961444423183
1730433600,73.8,74.2,72.2,72.5,73.75500000000001,75.56770516080422,71.9422948391958,11596,0.1538322869221534
1730437200,74,74.5,73,74,73.80000000000001,75.58997206682363,72.01002793317639,31835,0.5558667935960857
1730440800,73,74.3,73,74.3,73.86000000000001,75.63245592329015,72.08754407670988,1853,0.6241215632553585
1730444400,74.2,74.3,74,74.3,73.91500000000002,75.67030624108818,72.15969375891186,7340,0.6096674731132113
1730448000,74,75.3,74,75,74.01500000000001,75.77826401880296,72.25173598119707,458666,0.7793115465115341
1730692800,74,75.2,74,75,74.11500000000002,75.86345646213975,72.3665435378603,103835,0.7530803652145076
1730696400,75.2,75.3,73.7,74,74.17000000000003,75.82903586458944,72.51096413541062,32553,0.44876542345210163
1730700000,74,75,74,74.8,74.25000000000003,75.86802348561294,72.63197651438712,25057,0.6699604501697416
1730703600,74.8,75,74.8,75,74.34500000000003,75.9038136514668,72.78618634853325,35010,0.7100956709558084
1730707200,75,75.1,75,75,74.42000000000003,75.95310143173758,72.88689856826248,41955,0.6891590432286739
1730779200,75.3,75.5,74.5,74.9,74.48500000000004,75.98336577643421,72.98663422356587,31913,0.6384842094390283
1730782800,74.9,74.9,74,74.3,74.52500000000003,75.95730583326126,73.09269416673881,118894,0.42145532232884464
1730786400,74.2,75,74.2,75,74.60000000000005,75.96528385326398,73.23471614673612,39720,0.646489683827903
1730790000,74.9,75.5,74.9,75,74.66500000000005,75.9753816237979,73.3546183762022,299177,0.6278253578636991
1730793600,75,76,75,76,74.74000000000004,76.17024473430044,73.30975526569964,354955,0.9404840548552295
1730865600,76,76,73.8,75,74.72000000000004,76.12370937162748,73.3162906283726,4518,0.5997357450407736
1730869200,75,75,73.8,74.9,74.69500000000005,76.06682360381703,73.32317639618307,7147,0.5747180612104797
1730872800,74.9,74.9,74.5,74.5,74.66000000000005,76.0141048703802,73.30589512961991,1583,0.44092038087303526
1730876400,74,74.6,73.9,74,74.59500000000006,75.94477775947917,73.24522224052095,20447,0.2795933457113448
1730880000,74.6,74.6,73.8,74.6,74.60500000000005,75.9518110483621,73.25818895163799,3022,0.4981437633712119
1730952000,74,75,74,75,74.73000000000005,75.67678403027669,73.7832159697234,1150,0.6425879563690257
1730955600,74.9,74.9,74.9,74.9,74.77500000000005,75.66241196746007,73.88758803254002,100,0.5704295212277426
1730959200,75,75.4,74.6,74.6,74.79000000000005,75.65463865284173,73.92536134715837,265135,0.39012751201001117
1730966400,75.2,75.3,74.5,74.5,74.80000000000004,75.64616783204819,73.95383216795189,206,0.32273020278146913
1731038400,75,75.3,75,75.3,74.81500000000004,75.68511493493408,73.944885065066,299118,0.7786988135289992
1731042000,75.3,75.3,75,75,74.81500000000004,75.68511493493617,73.94488506506391,100352,0.6063077948509987
1731045600,75.2,76.2,75.2,76.2,74.92500000000004,75.9045407086965,73.94545929130358,33426,1.1508152181325308
1731049200,76.2,76.2,76,76.1,74.99000000000004,76.09254251618519,73.88745748381488,2650,1.0033819484080337
1731052800,76.1,76.2,76,76.2,75.05000000000004,76.27229292724586,73.82770707275422,164448,0.9704273314381556
1731297600,75.1,76.8,75.1,76.5,75.12500000000004,76.50031814501023,73.74968185498986,58656,0.9998843376671135
1731301200,76.8,77,76.5,76.8,75.22000000000004,76.77125755437204,73.66874244562804,14404,1.009264240340667
1731304800,76.8,76.8,76.7,76.7,75.34000000000005,76.95789987328965,73.72210012671044,6351,0.920297949969775
1731308400,76.7,76.7,76.5,76.5,75.41500000000005,77.1005562879924,73.7294437120077,2795,0.8218522002882149
1731312000,76.4,76.5,76.3,76.3,75.48000000000005,77.19650808328817,73.76349191671193,5009,0.7388570167491347
1731384000,76.2,76.9,76.2,76.5,75.50500000000005,77.26508522520642,73.74491477479368,13201,0.7826567673401399
1731387600,76.5,77,76.5,77,75.60500000000005,77.46346711028022,73.74653288971987,549644,0.8753093052557841
1731391200,77,77.1,76.9,77,75.71000000000005,77.63343442830505,73.78656557169505,14787,0.8353376598173777
1731394800,76.6,76.9,76.6,76.9,75.83000000000006,77.73588562090906,73.92411437909105,11599,0.7807093952179613
1731398400,76.8,76.9,76.7,76.7,75.96500000000006,77.70887499551446,74.22112500448566,2059,0.7107375820774168
1731470400,75.5,77.4,75.5,77.4,76.10500000000005,77.83759920350674,74.37240079649335,182268,0.8737159746405699
1731474000,77,77.3,77,77.3,76.22000000000006,77.94927730569393,74.49072269430619,72617,0.8122691763905943
1731477600,77.2,77.2,77,77,76.32500000000005,77.97409065851217,74.67590934148792,6662,0.7046582449896864
1731481200,77,77.1,77,77.1,76.45000000000005,77.92715943621192,74.97284056378817,16148,0.7200168729473274
1731484800,77.1,77.1,76.9,76.9,76.57000000000006,77.75507383735267,75.38492616264746,31686,0.6392318307934065
1731556800,77,77.2,76.4,76.4,76.62500000000006,77.66206316103742,75.58793683896269,54157,0.39152058984768806
1731560400,76.5,77.2,76.5,77.2,76.73500000000006,77.48673133497635,75.98326866502376,59509,0.8092860297054183
1731564000,77.2,77.3,77,77.2,76.78500000000005,77.5205949972533,76.04940500274681,96071,0.7820845720468357
1731902400,77.3,78.5,77.3,77.9,76.87500000000006,77.68955509327748,76.06044490672264,262467,1.1291778226293994
1731906000,78,78.1,77.9,77.9,76.96000000000006,77.82810137655592,76.09189862344421,93368,1.0414114211691143
1731909600,77.9,78.4,77.9,78.2,77.04500000000004,78.03993718394162,76.05006281605847,200453,1.0804386541390862
1731913200,78.2,78.4,78.2,78.4,77.12500000000006,78.27369491162074,75.97630508837938,12407,1.054977647720693
1731916800,78.2,78.4,77.7,78.4,77.21000000000006,78.4668213874595,75.95317861254063,159328,0.9734165140225007
1731988800,77.9,78.5,77.5,78,77.28500000000005,78.5424179893675,76.02758201063261,57657,0.784312776676448
1731992400,78,78.4,78,78.4,77.39000000000006,78.65158630302555,76.12841369697456,102485,0.9002896978105258
1731996000,78.4,81.9,78.4,80.5,77.59000000000006,79.38097738678631,75.79902261321381,521622,1.3124055673370818
1731999600,80.5,80.5,80,80.1,77.74500000000005,79.81910221541462,75.67089778458548,52278,1.0677155114385797
1732003200,80.3,80.3,80,80.1,77.90000000000006,80.18122773961224,75.61877226038789,148343,0.9821964860847137
1732075200,80.1,80.2,80,80,78.05500000000005,80.46122110371881,75.64877889628129,254759,0.9041606976586637
1732078800,80.1,80.1,79,79.5,78.19500000000005,80.59539580069274,75.79460419930736,79228,0.7718301705958994
1732082400,79.5,79.5,79.4,79.4,78.29500000000004,80.7210873850689,75.86891261493119,830,0.7277329346833483
1732086000,79.5,79.5,79.1,79.3,78.39500000000005,80.81365665194122,75.97634334805889,10110,0.687087323716165
1732089600,79.2,79.3,79.2,79.2,78.50500000000004,80.85912404090979,76.15087595909029,5332,0.6476132922314879
1732161600,78.2,78.2,78.2,78.2,78.56000000000004,80.8301541797824,76.28984582021769,1500,0.4207102312243487
1732165200,78.1,78.8,78,78.5,78.64000000000004,80.77953265924738,76.5004673407527,267712,0.4672825746793476
1732168800,78,78,78,78,78.72000000000006,80.62536085820514,76.81463914179497,9499,0.3110594124730997
1732172400,78,78,77.8,78,78.76000000000005,80.56709711968793,76.95290288031217,286996,0.2897179980754677
1732176000,78.1,78.8,77.9,78.8,78.84000000000006,80.49939748100772,77.1806025189924,16116,0.48794743258987794
1732248000,77.8,78.8,77.7,78.8,78.88500000000005,80.4878412273156,77.2821587726845,12543,0.4734845852004914
1732251600,78,78.3,78,78.3,78.90500000000006,80.46765799200476,77.34234200799536,191978,0.3064195738621224
1732255200,78.8,78.8,78.8,78.8,78.93500000000004,80.46506535807573,77.40493464192436,1100,0.45588423746491696
1732258800,78.9,78.9,78.9,78.9,78.96000000000005,80.47049660707344,77.44950339292666,201,0.480138982199935
1732262400,78.8,78.9,78.8,78.8,78.98000000000005,80.47077161228148,77.48922838771861,5370,0.43962857941580247
1732507200,79,79,78.6,78.6,79.01000000000006,80.4437363774329,77.57626362256723,4598,0.3570169500985288
1732510800,78.6,78.6,78,78,78.99000000000005,80.46770091695927,77.51229908304083,107,0.16502017132220154
1732514400,77.5,78,77.5,77.6,78.84500000000006,80.26974559131787,77.42025440868224,1132,0.0630798903372984
1732518000,77.6,78,77.6,78,78.74000000000005,80.08669966955638,77.39330033044372,10993,0.22525425797280962
1732521600,78,78,78,78,78.63500000000006,79.86345431334568,77.40654568665444,2277,0.2415451298833096
1732593600,78,78,77.6,78,78.53500000000005,79.61994239477788,77.45005760522223,235,0.2534431309094478
1732597200,77.8,77.8,77.7,77.7,78.44500000000005,79.49280723417345,77.39719276582665,179,0.14449567835453841
1732600800,77.6,78,77.5,78,78.37500000000004,79.34221248957631,77.40778751042377,117036,0.3061439424937905
1732604400,78,78,78,78,78.31000000000003,79.19068155425268,77.42931844574738,3000,0.32399994725499887
1732608000,78,78.3,78,78,78.25000000000004,79.03866976612257,77.46133023387752,21809,0.34150527208037806
1732680000,78,78,77.6,77.6,78.22000000000006,79.05809307358281,77.3819069264173,139,0.13011268107154836
1732683600,77.6,78.3,77.6,77.7,78.18000000000005,79.0369714114174,77.3230285885827,217332,0.21994398319182376
1732687200,78.5,78.5,78.5,78.5,78.20500000000006,79.06865502371448,77.34134497628563,10,0.6707857836171678
1732690800,78.3,78.5,78.3,78.5,78.23000000000005,79.09740993768251,77.36259006231758,2274,0.655635754370843
1732694400,78.5,78.6,78.4,78.6,78.22000000000004,79.0652218643608,77.37477813563929,29625,0.7247930490341431
1732766400,78.3,79.4,78.3,79.4,78.25000000000004,79.21020831072818,77.28979168927191,206445,1.0988283933555563
1732770000,79,79.1,79,79.1,78.29000000000005,79.3193687385916,77.26063126140849,210302,0.893445016169927
1732773600,79.1,80,79.1,79.9,78.34500000000004,79.57540643691055,77.11459356308953,124067,1.1319050166481932
1732777200,79.7,79.7,79.5,79.5,78.37500000000003,79.68477097234536,77.0652290276547,150850,0.9294643963537752
1732780800,79.9,79.9,79.5,79.9,78.43000000000004,79.89027394690005,76.96972605310002,455500,1.0033302152382437
1732852800,79.8,79.9,79.8,79.8,78.49000000000004,80.06721273137039,76.91278726862969,467,0.9152895718961683
1732856400,79.7,79.8,79.7,79.7,78.57500000000003,80.21923234367887,76.9307676563212,1227,0.842104935572206
1732860000,79.7,80.2,79.6,80.2,78.70500000000003,80.42949992751656,76.9805000724835,86821,0.933458991834502
1732863600,80.2,80.2,80,80,78.80500000000004,80.5854212984554,77.02457870154467,13226,0.835594727224592
1732867200,80,80.2,80,80.2,78.91500000000003,80.75377676730994,77.07622323269013,116267,0.8494170752113361
1733112000,79.9,80.4,79,79,78.96500000000003,80.75527930781745,77.17472069218262,840,0.5097750110407738
1733115600,79,80.5,79,80.5,79.10500000000003,80.91549716928733,77.29450283071273,17833,0.8852532949690017
1733119200,80,80,80,80,79.20500000000003,80.98092229559776,77.42907770440229,1050,0.7238273605693973
1733122800,80.1,80.4,80.1,80.4,79.32500000000002,81.08326619145384,77.56673380854619,2850,0.8056988768893752
1733126400,80.4,80.4,80.1,80.1,79.43000000000004,81.10821333566271,77.75178666433736,10137,0.6996170527793465
1733198400,80,80.3,80,80.3,79.56500000000003,81.05667690871708,78.07332309128297,9850,0.7463670234836988
1733202000,80.4,80.5,80.4,80.5,79.70500000000003,80.98010783857647,78.42989216142358,77788,0.8117383392794159
1733205600,80.5,80.5,80,80,79.78000000000003,80.93342966842326,78.6265703315768,94768,0.5953677567097423
1733209200,80,80,79.5,80,79.85500000000003,80.84993718394526,78.8600628160548,20516,0.5728689219479158
1733212800,80,81,80,80,79.92500000000004,80.73709605342863,79.11290394657145,57585,0.5461768036449122
1733284800,81,81,80,80,79.95500000000003,80.73082214456528,79.17917785543477,5199,0.5290014923621379
1733288400,80.5,80.5,80,80.5,80.02500000000002,80.72891760881836,79.32108239118168,1698,0.8373974411560435
1733292000,80.5,81,80.5,81,80.08000000000001,80.89877957962223,79.2612204203778,64689,1.061811764055275
1733295600,81,81.5,80.2,81.5,80.18000000000002,81.16305645819803,79.19694354180201,66227,1.1713754784845252
1733299200,81,81.7,81,81.4,80.25500000000002,81.36220368496556,79.14779631503448,15230,1.0170683658064315
1733371200,81.7,82.5,81.5,82,80.36500000000004,81.68602233137555,79.04397766862452,205159,1.1188388951371913
1733374800,82,82,81.5,81.5,80.45500000000003,81.82682360381966,79.08317639618039,148773,0.8808798729990973
1733378400,81.7,81.7,81,81.5,80.52000000000002,81.95888845988733,79.08111154011272,269570,0.8405406420719808
1733382000,81.2,81.2,80.9,80.9,80.56500000000003,81.99227012159373,79.13772987840632,8609,0.6173569021489479
1733385600,81,81.2,80.9,81,80.60500000000002,82.03395066394897,79.17604933605107,14608,0.6382133092364386
1733457600,81,82,81,81.8,80.74500000000002,82.06177636673922,79.42822363326081,1989,0.9005995348369307
1733461200,81.1,81.1,80.5,80.5,80.74500000000002,82.06177636673922,79.42822363326081,28023,0.4069697762700876
1733464800,80.5,81,80,80.5,80.77000000000001,82.04765410029849,79.49234589970153,111081,0.39433759891001224
1733468400,80,80.7,80,80.3,80.76500000000001,82.04917288556085,79.48082711443918,216802,0.3189496113691348
1733472000,80.4,80.5,80,80,80.76000000000002,82.05522198869645,79.4647780113036,119971,0.20661399874591374
1733716800,80,80.1,80,80,80.745,82.06783785855012,79.42216214144989,38027,0.21840842202061153
1733720400,80,80.4,79.5,80.4,80.74000000000001,82.0672528018477,79.41274719815232,26257,0.3719158853811861
1733724000,80.3,80.4,80,80,80.74000000000002,82.06725280184361,79.41274719815644,128059,0.2212286917111246
1733727600,80,80.1,80,80.1,80.74500000000002,82.06177636673922,79.42822363326081,49203,0.2550836967110565
1733731200,80.1,80.4,80.1,80.1,80.75000000000003,82.05613934937844,79.44386065062162,36493,0.2511750946369669
1733803200,80,80.9,80,80.9,80.79500000000003,82.05591236808584,79.53408763191422,1876,0.5416365175953408
1733806800,80.9,80.9,80,80,80.77000000000002,82.07245921241349,79.46754078758656,68582,0.2044053308305876
1733810400,80,80.9,80,80.9,80.76500000000001,82.06465380005866,79.46534619994137,1765,0.551936908118877
1733814000,80.9,80.9,80,80,80.69000000000003,81.98444969002226,79.39555030997779,47310,0.23347747489971016
1733817600,80.8,81,80.1,81,80.67000000000002,81.93190332434979,79.40809667565024,17447,0.6307548659363523
1733889600,80.7,81,80.7,80.9,80.61500000000002,81.72724997190477,79.50275002809528,6087,0.6281186815909356
1733893200,80.3,81.1,80.2,80.6,80.57000000000002,81.6055674772822,79.53443252271785,10955,0.5144848117858564
1733896800,81.5,81.8,80.7,81.6,80.57500000000002,81.62927700345136,79.52072299654867,10223,0.9861151275445038
1733900400,81.6,81.6,81,81,80.58000000000001,81.64131993291593,79.51868006708409,16187,0.6978668198787426
1733904000,81.6,82,81,82,80.63000000000002,81.84835955284196,79.41164044715809,15514,1.0622314023821333
1733976000,82,82,81.6,82,80.64000000000001,81.8992060990981,79.38079390090193,3130,1.0400227972903324
1733979600,81.9,82.5,81.9,82.4,80.73500000000001,82.20642787795029,79.26357212204974,202448,1.065776965677504
1733983200,82.3,82.5,82,82.2,80.82000000000002,82.41824904191972,79.22175095808032,244846,0.9317224549505831
1733986800,82.2,82.3,82.2,82.2,80.91500000000002,82.60174242254185,79.2282575774582,6412,0.8809117452751202
1733990400,82.3,82.3,82,82,81.01500000000001,82.71002212374964,79.31997787625039,37034,0.7905566795261141
1734062400,82,83.1,82,82.5,81.14000000000001,82.88516474867026,79.39483525132977,319419,0.8896480263643463
1734066000,82.3,83.3,82,83.3,81.28500000000001,83.23053334589986,79.33946665410016,126789,1.0178528561966154
1734069600,83.4,84.5,83.3,84.5,81.51000000000002,83.8164258063078,79.20357419369223,107938,1.1481890706873608
1734073200,84.5,84.5,84,84.1,81.71000000000002,84.18054649824663,79.23945350175342,29939,0.9836986475859089
1734076800,84.2,84.4,84,84.2,81.91500000000002,84.49513565534846,79.33486434465158,501512,0.942806174796146
1734321600,84.4,85.5,83.7,83.8,82.06000000000002,84.72037591328755,79.39962408671248,135168,0.8270214542443721
1734325200,83.8,83.9,83.7,83.7,82.24500000000002,84.81985921945329,79.67014078054675,19105,0.7825397188722667
1734328800,83.7,83.7,83.5,83.7,82.38500000000002,84.95659483589512,79.81340516410492,64776,0.7556779127187565
1734332400,83.7,83.9,83.5,83.7,82.57000000000002,84.95419797835557,80.18580202164448,158231,0.7369769646351637
1734336000,83.9,83.9,83.4,83.4,82.69000000000003,84.98599651567604,80.39400348432402,61304,0.654616959379604
1734408000,83.9,85,83.9,84.5,82.87000000000002,85.14077079424665,80.59922920575339,215252,0.8589089669749702
1734411600,84.5,84.5,82.5,82.5,82.96500000000002,84.99406382354019,80.93593617645985,50096,0.38541513711759007
1734415200,82.5,83.5,82.5,83.5,83.06000000000002,85.00051539545619,81.11948460454384,2678,0.6133719425855286
1734418800,83.5,83.5,83.5,83.5,83.18500000000002,84.88591152033291,81.48408847966712,954,0.5925974091639796
1734422400,83.1,83.7,83,83.7,83.27000000000002,84.89369947958231,81.64630052041774,163052,0.6324136656466136
1734494400,82,82.1,81.8,81.8,83.26000000000002,84.91698521417617,81.60301478582387,14799,0.05944084850330571
1734498000,82,82,82,82,83.24000000000001,84.94692706346919,81.53307293653083,10265,0.13677416963563246
1734501600,82.1,82.3,82,82.3,83.245,84.94025809244776,81.54974190755225,16582,0.22128137768228096
1734505200,82.7,83,82.7,83,83.28500000000001,84.91628783481175,81.65371216518827,133262,0.4126457042349915
1734508800,83.1,84.5,83,83.5,83.36000000000001,84.88236657871951,81.83763342128051,218400,0.5459810409519578
1734580800,84.3,84.5,84,84,83.43500000000002,84.92801707960777,81.94198292039226,108730,0.6892141783630569
1734584400,84,84,84,84,83.47000000000001,84.98142317039289,81.95857682960714,2782,0.6753314393950374
1734588000,83.9,83.9,83.4,83.6,83.42500000000003,84.86288038445143,81.98711961554862,24669,0.5608534624619477
1734591600,83.3,84,82.7,83.5,83.39500000000001,84.79995551531292,81.9900444846871,5171,0.5373677311685575
1734595200,83.5,84,82.9,84,83.38500000000002,84.76959380325019,82.00040619674985,56554,0.7220867948983815
1734667200,83.2,83.5,83,83,83.34500000000001,84.72554337128597,81.96445662871406,78559,0.3750491990415877
1734670800,82.9,83.1,82.4,82.4,83.28000000000002,84.70912560679673,81.8508743932033,50960,0.19211943449377172
1734674400,82.9,82.9,82.4,82.5,83.22000000000001,84.6740976583455,81.76590234165452,50637,0.252423781213138
1734678000,82.5,82.7,82.5,82.6,83.16500000000002,84.62551360828962,81.70448639171042,34062,0.3065748936561797
1734681600,82.6,82.7,82.3,82.5,83.12000000000002,84.6040485167278,81.63595148327224,150016,0.2911119505152455
1734926400,82.7,82.9,82.5,82.7,83.03000000000002,84.38070352039276,81.67929647960727,108780,0.377841437807144
1734930000,82.9,82.9,82.6,82.9,83.05000000000001,84.38041346956655,81.71958653043347,126554,0.4436265478998505
1734933600,82.9,82.9,82.6,82.8,83.01500000000001,84.33299089526527,81.69700910473476,33032,0.41843646235630955
1734937200,82.8,83,82.7,82.7,82.97500000000001,84.28018197965007,81.66981802034995,212954,0.39465070607481956
1734940800,82.9,82.9,82.4,82.9,82.93500000000002,84.19718065268087,81.67281934731916,38210,0.4861351067592142
1735012800,83,83.5,82.7,83.5,83.02000000000001,84.19064085013598,81.84935914986404,75512,0.7050159107057637
1735016400,83.1,83.5,82.8,83,83.07000000000001,84.14349895202682,81.9965010479732,44557,0.46739633519537
1735020000,83,83.4,83,83.2,83.115,84.12944566143993,82.10055433856006,12060,0.5418948018760099
1735023600,83.4,83.4,83.1,83.4,83.135,84.15534307955993,82.11465692044008,1758,0.6298582826250442
1735027200,83.4,83.5,83.3,83.5,83.135,84.15534307955993,82.11465692044008,47628,0.6788614081439259
1735185600,83.9,83.9,83,83.9,83.13,84.13419121685911,82.12580878314088,186573,0.8833931163072704
1735189200,83.9,84.2,83.7,84.2,83.14,84.18192130221502,82.09807869778498,25736,1.0086756541720343
1735192800,84.1,84.2,83.5,83.8,83.14999999999999,84.21301458127907,82.08698541872091,26910,0.8057342822230577
1735196400,83.8,83.8,83.2,83.5,83.15,84.21301458127908,82.08698541872093,13925,0.6646261519662577
1735200000,83.5,83.8,83.3,83.5,83.12499999999999,84.12874299500676,82.12125700499321,7426,0.6868008055176928
1735272000,84,84.2,83.9,84,83.17499999999998,84.24621426429289,82.10378573570708,127567,0.8850770231035847
1735275600,84,84,82,82,83.155,84.29600832600357,82.01399167399643,65835,-0.006131276029087187
1735279200,82,83.3,82,83.3,83.195,84.29677130113893,82.09322869886105,51513,0.547650542309217
1735282800,82.3,83.3,82.2,83.3,83.22999999999999,84.29789512594391,82.16210487405607,9590,0.5327747539526102
1735286400,83.3,83.3,83,83,83.255,84.27573502928936,82.23426497071063,15601,0.3750900122544412
1735531200,83,83,82.8,83,83.27000000000001,84.26619275243623,82.2738072475638,526717,0.3644840572571331
1735534800,82.9,84.5,82.9,84,83.325,84.35432016399676,82.29567983600325,1137899,0.8278863193445238
1735538400,84.5,85.5,84.2,85.5,83.46000000000001,84.83025545063944,82.08974454936057,348450,1.244386748853296
1735542000,85.2,85.5,84.9,85,83.57500000000002,85.05266708023375,82.09733291976629,122380,0.982178976259857
1735545600,85,85.8,85,85.8,83.72,85.45158886575739,81.98841113424261,236920,1.1006044625062361
1735617600,85.4,89.5,85.4,88,83.94500000000001,86.48466533228506,81.40533466771495,340950,1.2983335340392117
1735621200,88.1,88.8,87.5,88,84.19500000000001,87.24621287359817,81.14378712640185,30008,1.1235225396635347
1735624800,88,88.5,87.8,87.8,84.425,87.81609126978562,81.03390873021438,12181,0.9976274201274099
1735628400,88,88,87.2,87.7,84.64000000000001,88.2800000000009,80.99999999999913,35368,0.9203296703295669
1735632000,87.3,91.5,87.3,89.5,84.94000000000001,89.1057652358243,80.77423476417573,606614,1.047318408726614
1735790400,89.5,90,87.6,89.7,85.22999999999999,89.84870111611667,80.61129888388331,30554,0.9839022798425097
1735794000,89,90,88.5,89.9,85.515,90.53068539683375,80.49931460316625,183417,0.9371286925978378
1735797600,89.9,90,89.8,89.8,85.815,91.09525567562841,80.53474432437159,210152,0.8773491517080505
1735801200,89.9,89.9,88.6,89.2,86.1,91.46432661198146,80.73567338801853,65357,0.7889458662971804
1735804800,88.8,89.9,88.3,88.5,86.35,91.67221758292648,81.02778241707351,202491,0.7019834746043775
1735876800,88.8,90,87.5,88.5,86.57499999999999,91.86116117802094,81.28883882197904,130307,0.6820792003092782
1735880400,88.5,88.5,87.9,88,86.875,91.75388306890177,81.99611693109823,27188,0.6152927815764639
1735884000,87.9,89,87.9,89,87.16,91.83178766640937,82.48821233359062,231117,0.6969267581690185
1735887600,88.1,88.5,87.5,87.5,87.36999999999999,91.69347082793693,83.04652917206305,149521,0.5150342173191027
1735891200,87.4,87.4,85,87.4,87.59,91.42139661220476,83.75860338779525,253309,0.47520486401815454
1736136000,86,88.5,85.7,87,87.78999999999999,91.01111781840169,84.5688821815983,136163,0.3773717627640229
1736139600,87,87,85.2,85.5,87.865,90.78546229217594,84.94453770782405,43307,0.09509835029612541
1736143200,85.5,87,85,85,87.83999999999999,90.84825530831807,84.8317446916819,258586,0.027965596512512503
1736146800,85,85.5,84.1,85.5,87.865,90.78546229217719,84.9445377078228,84125,0.0950983502962988
1736150400,86,88,85.5,88,87.975,90.73751696827819,85.2124830317218,90602,0.5045248590845014
1736222400,85.3,85.9,82.6,85,87.82499999999999,90.87647505315465,84.77352494684533,42715,0.03710911103804357
1736226000,84.5,85.9,84.1,84.6,87.65499999999999,91.01206717240336,84.29793282759661,35953,0.04498974207107222
1736229600,84.4,84.6,84,84.6,87.49499999999998,91.10469527800306,83.88530472199689,13316,0.09899662200828221
1736233200,84.6,85,84.6,85,87.35999999999999,91.12743944875398,83.592560551246,12691,0.18678992295675634
1736236800,85,85.5,84.6,85.5,87.16,90.87612701613149,83.4438729838685,52881,0.2766491843801313
1736308800,85,88.3,85,88.2,87.085,90.6505434368447,83.51945656315529,621162,0.656357652031119
1736312400,88.4,91,88,91,87.13999999999999,90.90584651838502,83.37415348161495,775361,1.0125009717145028
1736316000,91.1,92.5,91,91.3,87.21499999999999,91.24055586224166,83.18944413775831,207685,1.0073833452810703
1736319600,91.5,91.8,91,91.2,87.31499999999998,91.62233096012294,83.00766903987703,72476,0.9509753297305393
1736323200,91.3,91.9,91.2,91.8,87.47999999999999,92.19024415503394,82.76975584496604,91057,0.9585749546956205
1736395200,92,93.6,91.5,91.6,87.63499999999999,92.66263363820642,82.60736636179357,1486111,0.8943206969048854
1736398800,91.5,92,91,91,87.785,93.02189793675853,82.54810206324146,688970,0.8069565264422529
1736402400,91.1,91.5,91,91,87.885,93.2847314748064,82.4852685251936,160840,0.7884402691627993
1736406000,91.1,91.6,90.9,91.6,88.09,93.72201562497965,82.45798437502036,45864,0.8116113513989653
1736409600,91.4,91.6,91.3,91.5,88.29499999999999,94.10721988572585,82.48278011427412,194893,0.7757122117722283
1736481600,91.5,91.5,89,91,88.49499999999999,94.38990457938276,82.60009542061722,47731,0.7124716325995474
1736485200,90.5,91.5,90.1,90.2,88.72999999999999,94.50203603592571,82.95796396407427,39684,0.627338082337895
1736488800,90.1,91.3,90,91,89.02999999999999,94.61608986680457,83.4439101331954,42503,0.6763308545845964
1736492400,90.6,91,90.5,91,89.30499999999999,94.70739761587494,83.90260238412505,22167,0.6568747915758042
1736496000,91,92,90.5,91.5,89.47999999999999,94.92852273556908,84.0314772644309,27606,0.6853713472473035
1736913600,91.4,92,90,91.1,89.78499999999998,94.86684021787543,84.70315978212453,10865,0.6293822654414122
1736917200,91.3,92.7,91,92.5,90.17999999999998,94.79501895987629,85.56498104012367,107964,0.7513532468848407
1736920800,92.5,92.7,92,92.7,90.585,94.54544189453682,86.62455810546317,11112,0.7670156583937658
1736924400,92.3,92.3,92,92.3,90.95,94.03253142725268,87.86746857274733,20859,0.7189758696480169
1736928000,92.3,92.8,92,92.3,91.28999999999999,93.15107495819022,89.42892504180976,53031,0.7713485546498788
1737000000,92.3,93.5,92.3,93,91.53,92.91144851514642,90.14855148485358,62816,1.0320502298430558
1737003600,93,93.5,93,93,91.63,93.12813217040527,90.13186782959473,46304,0.9572360259874121
1737007200,92.5,93.1,92.5,92.5,91.68999999999998,93.22609895515163,90.15390104484834,16479,0.763654889316702
1737010800,92.5,93,92.5,93,91.77999999999999,93.39938259840207,90.1606174015979,1142,0.8766867697614638
1737014400,93,95.2,93,95,91.93999999999997,94.0832685319441,89.79673146805584,326857,1.213862951467016
1737086400,94,95,93.5,94,92.05999999999997,94.37551290214896,89.74448709785099,139726,0.918913666643695
1737090000,93.7,94,93.7,94,92.20999999999997,94.61823586885393,89.801764131146,1710,0.8716413377838823
1737093600,94,94.5,94,94.4,92.37999999999997,94.9000000000049,89.85999999999504,153623,0.9007936507928748
1737097200,94.4,94.5,94.2,94.2,92.50999999999998,95.122202136133,89.89779786386696,4922,0.8234818578208922
1737100800,94.5,94.5,93.5,94,92.63499999999998,95.28095918336163,89.98904081663832,119071,0.7579404868721009
1737345600,94,94.4,93,94,92.78499999999998,95.38290300050163,90.18709699949834,118551,0.7338424490378213
1737349200,94,94,93,93,92.92499999999998,95.236601176676,90.61339882332396,2120,0.5162225215916925
1737352800,93,94,92.5,93,93.02499999999998,95.16123500580133,90.88876499419862,50353,0.49414858385615695
1737356400,92.8,93,92.5,93,93.12499999999997,95.04944797279906,91.20055202720089,17030,0.46752315423259777
1737360000,93,93.5,92.5,93.1,93.20499999999997,94.979795762903,91.43020423709694,39512,0.4704191315432747
1737432000,93.5,93.7,92.5,93,93.29999999999998,94.79532605140052,91.80467394859944,7333,0.39968742946764035
1737435600,93.6,95,93.6,95,93.42499999999998,95.04472219840362,91.80527780159635,437725,0.986194484940783
1737439200,94.1,95,94.1,94.5,93.51499999999997,95.16336282414062,91.86663717585932,11890,0.7987813076024524
1737442800,94.4,94.9,94,94,93.59999999999997,95.16204993518437,92.03795006481556,175071,0.628036879932655
1737446400,94.5,94.8,94,94,93.68499999999997,95.13589627472396,92.23410372527599,83847,0.6085535904556479
1737518400,94.1,95,94.1,94.8,93.77499999999998,95.26748115566508,92.28251884433487,52534,0.8433879202123804
1737522000,94.6,94.9,94.3,94.9,93.86999999999998,95.39459830775591,92.34540169224404,20100,0.837793894549211
1737525600,94.8,94.8,94.5,94.5,93.96999999999998,95.38010637896647,92.5598936210335,14447,0.6879290838994959
1737529200,94.5,94.8,94.5,94.5,94.04499999999999,95.39921564014195,92.69078435985803,54804,0.6679939244950368
1737532800,94.5,94.5,94.1,94.5,94.01999999999998,95.3201538370514,92.71984616294857,120817,0.6845935405184816
1737604800,94.4,95,92.9,93,93.96999999999998,95.34419067090275,92.59580932909722,180763,0.14706498867338721
1737608400,93.4,94,92.9,92.9,93.91499999999998,95.36589627472397,92.46410372527599,273908,0.15021620853183962
1737612000,92.9,93.9,92.9,93.9,93.88999999999999,95.3237363774417,92.45626362255827,263652,0.5034873914609961
1737615600,93.9,93.9,92.9,93.8,93.86999999999998,95.29702487715237,92.44297512284759,149506,0.4754734478982374
1737619200,93.8,93.8,93,93,93.81999999999998,95.29458468729452,92.34541531270544,250407,0.22195560992008667
1737691200,93.9,94,91.6,92.8,93.75999999999999,95.29674981698275,92.22325018301723,55620,0.18765247622256206
1737694800,93.3,93.3,91.5,91.5,93.68499999999999,95.48641610962247,91.88358389037751,19557,-0.10646731988476986
1737698400,91.6,92,91,91,93.585,95.71879942825107,91.45120057174891,57503,-0.1057270345504613
1737702000,91.9,91.9,91,91.9,93.52999999999999,95.77508351737703,91.28491648262295,43004,0.13698455149135583
1737705600,92,92,91.3,91.8,93.46499999999999,95.82828161673478,91.1017183832652,31818,0.1477355918545961
1737950400,91.9,92.8,91.9,92.4,93.43499999999999,95.8360622649146,91.03393773508537,50934,0.28447039564032534
1737954000,92.2,92.2,90.2,91,93.235,95.74519919528106,90.72480080471894,290563,0.05481620657802974
1737957600,90.6,92,90.5,92,93.11,95.60471441251103,90.61528558748897,208457,0.2775296453908045
1737961200,92,92,91.2,91.3,92.975,95.55327461686916,90.39672538313083,18139,0.17517036605783046
1737964800,91.8,92.8,91.2,92.8,92.91499999999999,95.45056699773322,90.37943300226677,161245,0.4773226264376363
1738036800,92.8,94,92.8,93,92.82500000000002,95.20984800353628,90.44015199646375,66931,0.5366899692853574
1738040400,92.8,93.8,91.5,93,92.73,94.92006849207615,90.53993150792385,50330,0.5616419077706652
1738044000,92.9,93,92.5,93,92.655,94.6950735280829,90.6149264719171,552,0.58455577587054
1738047600,92.5,93,92.5,93,92.58000000000001,94.44611896726308,90.71388103273695,3565,0.6125330183573395
1738051200,92.9,93,92,93,92.50500000000002,94.1656926265772,90.84430737342285,32189,0.6490342017776681
1738123200,93,93.5,92.2,93.5,92.53,94.23423003141738,90.82576996858262,100556,0.7845859954695391
1738126800,92.5,93.4,92.5,92.6,92.51500000000001,94.21120163894983,90.8187983610502,2809,0.5250559833359807
1738130400,93,93.3,92.5,93.3,92.48500000000001,94.1015085833303,90.86849141666973,18100,0.7520865055726901
1738134000,92.6,93.5,92.5,93.5,92.47000000000001,94.04238672087506,90.89761327912497,18887,0.8275275688625711
1738137600,93.4,93.4,92.8,93.4,92.49000000000001,94.09860187740072,90.8813981225993,505,0.7828543261028745
1738209600,93.2,93.5,92.9,93,92.50000000000001,94.1186414056157,90.88135859438432,47983,0.6544505158045795
1738213200,93,93,92.8,92.8,92.56500000000003,94.1209884318218,91.00901156817825,14515,0.5755147002361802
1738216800,92.9,92.9,92.3,92.3,92.63000000000002,94.01866842693568,91.24133157306437,7829,0.38118113957259353
1738220400,92.7,92.7,92.7,92.7,92.67000000000003,94.0177388470943,91.32226115290577,5505,0.5111297526463131
1738224000,92.6,93.3,92.6,93.3,92.74500000000002,94.05721187312683,91.4327881268732,102223,0.7114749955270153
1738296000,93.3,93.3,91.7,92,92.72500000000002,94.06943296596505,91.380567034035,69754,0.2303695987997357
1738299600,92,92,91.7,91.7,92.76000000000002,93.950630085276,91.56936991472404,18015,0.054857544291637826
1738303200,91.9,91.9,91,91.2,92.72000000000001,94.05506554145279,91.38493445854724,31905,-0.06926044183044087
1738306800,91.9,92.7,91.9,92.7,92.79000000000002,93.95601886776087,91.62398113223917,93545,0.4614071425049718
1738310400,92.7,93,92,92,92.75000000000001,93.96573023322652,91.5342697667735,21305,0.1915434117281355
1738555200,93,93,89.8,91,92.65000000000002,94.07758537396687,91.22241462603317,47623,-0.07789888790158464
1738558800,91,91.9,90.5,90.5,92.52500000000002,94.22072993131736,90.82927006868267,3132,-0.09708800399214455
1738562400,90.8,91,90.5,91,92.42500000000003,94.22930041843252,90.62069958156754,2350,0.10511010654256421
1738566000,90.8,91,90.2,90.2,92.28500000000003,94.3101172805454,90.25988271945465,17936,-0.014785000362675797
1738569600,90.5,90.5,90.3,90.5,92.16000000000003,94.29859767136313,90.02140232863692,13576,0.11189521006492703
1738728000,91,91,89.8,89.8,91.97500000000002,94.25348633964843,89.69651366035161,22785,0.0227094492180175
1738731600,89.8,90,80.6,89.9,91.84000000000002,94.26932089275344,89.4106791072466,54845,0.10071145689584245
1738735200,89.9,89.9,89.3,89.3,91.64000000000001,94.21013618315573,89.0698638168443,4934,0.04477120408326442
1738738800,89.2,89.2,88,88,91.36500000000002,94.2392129357386,88.49078706426144,39109,-0.0853776451561552
1738742400,88.9,88.9,85,87.5,91.07000000000002,94.24370446008577,87.89629553991428,55972,-0.062434222357233976
1738814400,84,89,83.7,88,90.82000000000002,94.13095152485924,87.5090484751408,36412,0.07414054859653581
1738818000,88.8,88.8,88,88.5,90.60500000000002,93.93214592405762,87.27785407594241,50242,0.1836628076966224
1738821600,88,88.5,88,88,90.39000000000001,93.80578687859352,86.9742131214065,20480,0.15015381741496026
1738825200,88,88,87.9,87.9,90.15000000000002,93.55734500747546,86.74265499252458,1867,0.1698309101274314
1738828800,88,91,85,88.5,89.91000000000003,93.06271311729463,86.75728688270542,1572987,0.2763830790271893
1738900800,90.5,90.5,86,86.5,89.63500000000002,92.96503002989043,86.30496997010961,61945,0.029283524193445213
1738904400,87,89,86,89,89.50000000000003,92.70062493897149,86.29937506102857,157317,0.42189025432003496
1738908000,89,91.4,89,91,89.49000000000002,92.67050310485182,86.30949689514823,35224,0.737383827372547
1738911600,90.5,91,90,91,89.40500000000002,92.31737016877551,86.49262983122452,26082,0.7738319491630079
1738915200,91.2,91.3,90,90,89.30500000000002,91.98191987178889,86.62808012821115,17790,0.629813373818982
1739160000,90.1,90.1,89.6,89.6,89.23500000000003,91.80192422949641,86.66807577050365,5325,0.5710967616039796
1739163600,89.6,89.9,89.6,89.9,89.20500000000001,91.72569434878316,86.68430565121686,1217,0.6378588404293245
1739167200,89.8,89.8,89.6,89.6,89.13500000000002,91.52688210411475,86.74311789588529,730,0.5972037875947231
1739170800,89.8,89.8,89.2,89.2,89.08500000000002,91.42702903482855,86.7429709651715,4608,0.5245513608691023
1739174400,89.2,89.3,89.1,89.1,89.01500000000001,91.26557770360975,86.76442229639028,1539,0.5188840402763358
1739246400,89.2,90,88.5,88.5,88.95000000000002,91.18114320472368,86.71885679527635,14887,0.3991548370702294
1739250000,88.2,88.7,88.2,88.5,88.88000000000002,91.07508541974529,86.68491458025476,28826,0.4134430039528663
1739253600,88.5,88.7,88.5,88.5,88.84000000000002,91.03216787677896,86.64783212322108,11538,0.4224511946366999
1739257200,88.5,88.5,88.1,88.5,88.86500000000002,91.02950918223524,86.7004908177648,82372,0.4156852733645835
1739260800,88.1,88.1,87.7,88,88.89000000000001,91.00177650332222,86.77822349667781,98368,0.2892769432276842
1739419200,87.6,89.5,87.6,89.5,88.96500000000002,91.05140839721808,86.87859160278195,26366,0.6282107569911362
1739422800,89.5,90,89.5,90,89.04000000000002,91.16169743365492,86.91830256634512,1699,0.7262339541850352
1739426400,90,90,89.5,89.5,89.11500000000002,91.18987349011532,87.04012650988473,1075,0.5927767408071186
1739430000,89.8,90.9,89.8,90.9,89.26500000000001,91.39973651769573,87.1302634823043,12192,0.8829512416279011
1739433600,90,91.5,89.5,91.3,89.40500000000002,91.68313520230541,87.12686479769462,6370,0.9159103459009607
1739505600,91.5,92,90.2,91.6,89.66000000000003,91.71075595817148,87.60924404182857,15777,0.9729963095486417
1739509200,92,92.1,92,92,89.81000000000003,92.07353705513678,87.54646294486328,16264,0.9837561627343584
1739512800,92,92,91.8,91.9,89.85500000000003,92.24370257670809,87.46629742329198,12007,0.9280566404416598
1739516400,91.9,92,91.8,91.8,89.89500000000002,92.38375470867996,87.40624529132009,2811,0.8827215260218247
1739520000,91.8,91.9,91.6,91.9,89.99000000000002,92.62810538075723,87.35189461924281,11145,0.8620022183214984
1739764800,92,93,92,92.5,90.13500000000002,92.98194573182957,87.28805426817047,65103,0.9153574080388506
1739768400,92.5,92.5,92,92.5,90.26500000000003,93.28908663896598,87.24091336103407,19170,0.8695330635044568
1739772000,92.4,92.4,92,92.4,90.40500000000003,93.54982113958435,87.2601788604157,1775,0.8171881502080706
1739775600,92,92,91,92,90.54500000000003,93.71200173665447,87.37799826334559,10532,0.7297125358600218
1739779200,91.6,92,90,92,90.69000000000003,93.84461566596926,87.5353843340308,58546,0.7076322662902719
1739851200,91.7,93,91.5,92.9,90.91000000000003,94.03659559264896,87.78340440735109,20280,0.81823751122127
1739854800,92.8,92.8,91.5,91.5,91.06000000000003,93.9914842656859,88.12851573431416,58402,0.5750473071185024
1739858400,92,92,91.5,92,91.23500000000003,93.94370817918211,88.52629182081795,6450,0.6412112249446839
1739862000,92,92.1,92,92.1,91.41500000000003,93.83597087962102,88.99402912037905,11878,0.6414721684110469
1739865600,92,92.1,91.9,92.1,91.62000000000003,93.47860162487106,89.761398375129,88943,0.6291293393852675
1739937600,92.1,92.1,90.2,90.2,91.65500000000003,93.37369136262781,89.93630863737225,21346,0.07671283173977915
1739941200,90.2,91,90,90,91.65500000000003,93.37369136262781,89.93630863737225,11611,0.018529028542498174
1739944800,90.5,91.5,90,91.5,91.75500000000002,93.16563815345093,90.34436184654912,2971,0.4096153753617799
1739948400,91.5,91.5,90,91,91.76000000000003,93.1591425945816,90.36085740541847,15331,0.2284050950406078
1739952000,90,90.1,90,90,91.69500000000002,93.28178921094451,90.10821078905553,97482,-0.03409740509614516
1740024000,91.5,92,88.7,91.7,91.70000000000003,93.28619040470146,90.1138095952986,21172,0.49999999999999106
1740027600,91.7,91.7,88.4,91,91.65000000000003,93.2581044742054,90.04189552579467,5868,0.2978987029679061
1740031200,91,91,88.5,89.7,91.54000000000003,93.35262240965235,89.72737759034771,3509,-0.007551928686836354
1740034800,89,89.7,89,89,91.40000000000003,93.51754574920474,89.28245425079533,15071,-0.0666937776672375
1740038400,89.7,90,88.9,88.9,91.25000000000003,93.61516384209966,88.8848361579004,66647,0.003205664197485217
1740110400,90,90,90,90,91.12500000000003,93.47691411407297,88.77308588592709,980,0.26083310328628384
1740114000,90,90,90,90,91.00000000000004,93.31170932428115,88.68829067571893,141,0.2837098311849783
1740117600,89.8,89.9,89.5,89.9,90.87500000000004,93.14028143946271,88.60971856053737,16830,0.2847949524030644
1740121200,89.6,90,89.5,89.5,90.75000000000004,93.0290348834483,88.47096511655178,20739,0.22576110855557685
1740124800,89.5,90,89.5,90,90.65000000000005,92.875758297744,88.4242417022561,9355,0.3539823482498315
1740369600,88.2,88.5,87.9,88,90.40500000000004,92.66462386249867,88.14537613750142,15223,-0.03216821611643419
1740373200,88.1,88.4,88,88,90.23000000000005,92.65907389759268,87.80092610240742,52818,0.04097732427775845
1740376800,88.3,88.3,88,88,90.03000000000004,92.50151775230697,87.55848224769312,23623,0.08932117762349978
1740380400,87.9,88,87.5,87.5,89.80000000000004,92.31396101799022,87.28603898200986,66122,0.04255456159801507
1740384000,87.5,88,87.5,87.7,89.58000000000006,92.0193441741512,87.14065582584891,3427,0.11465052371007388
1740456000,88.5,88.5,87,87.1,89.42500000000004,92.07216829838568,86.7778317016144,14859,0.06085149527177101
1740459600,87,87.1,85,85,89.17500000000004,92.43191571889368,85.9180842811064,48395,-0.14094381929819672
1740463200,85,85,84.7,85,88.85000000000004,92.39823899983901,85.30176100016106,10265,-0.042522642946932206
1740466800,85.2,85.2,84.9,85,88.55000000000004,92.32756535350154,84.77243464649854,18675,0.03012063752788901
1740470400,85.8,86.2,85,86.2,88.36000000000004,92.20832431065462,84.51167568934547,13677,0.21935837189971175
1740628800,86.2,86.5,86.2,86.4,88.09500000000004,91.70967840892934,84.48032159107075,1510,0.2655393083084654
1740632400,86.3,87,86,86,87.84500000000004,91.30995310213264,84.38004689786744,26502,0.23376263031316535
1740636000,85.1,85.7,85,85.7,87.64500000000004,91.12032732271058,84.1696726772895,1770,0.2201702430602917
1740639600,85.5,87.1,85.5,86.2,87.50500000000004,90.97629658772918,84.0337034122709,79692,0.31202989041427
1740643200,87.5,87.5,87,87,87.41000000000004,90.82695771117776,83.99304228882232,24306,0.44000511059021485
1740715200,87.4,88.5,87.4,88.5,87.33500000000004,90.5829378072836,84.08706219271647,65025,0.6793445670953779
1740718800,88.5,89.5,88.5,89.5,87.31000000000003,90.48231776466093,84.13768223533913,15481,0.8451734918229517
1740722400,88.5,89.3,88,88,87.21500000000005,90.17829208819768,84.25170791180241,34615,0.6324540370364596
1740726000,89.3,89.3,89.3,89.3,87.20500000000004,90.13858142889832,84.27141857110176,10,0.8570720722735731
1740729600,89.3,89.3,88.5,88.5,87.13000000000004,89.84226842328987,84.41773157671021,5929,0.7525561239138399
1740974400,87.9,88.2,87.1,88,87.13000000000004,89.84226842328987,84.41773157671021,1157,0.660382356062071
1740978000,88.2,88.2,87.7,87.7,87.11500000000004,89.81112685161068,84.4188731483894,289,0.6084889606827089
1740981600,87.7,87.7,87.2,87.3,87.08000000000004,89.74728326204205,84.41271673795804,1979,0.5412404642451679
1740985200,87.8,88,86,86.1,87.01000000000005,89.70287949971298,84.31712050028712,3438,0.3310358855461111
1740988800,86.1,87.8,86.1,87.6,87.00500000000004,89.69310342062572,84.31689657937436,1432,0.6106728252035527
1741060800,87,87,85,85.2,86.91000000000005,89.70992857051091,84.1100714294892,33785,0.19463506712100614
1741064400,85.2,85.8,85.2,85.4,86.93000000000004,89.68034543284615,84.17965456715392,5619,0.22185312038845387
1741068000,85.4,85.5,85.4,85.4,86.95000000000005,89.64925915761552,84.25074084238457,2322,0.2128841823826003
1741071600,85.5,85.8,84.9,85,86.95000000000005,89.64925915761552,84.25074084238457,76358,0.1387897778361754
1741075200,84.9,85.9,84.9,85,86.89000000000004,89.70417838808633,84.07582161191375,5341,0.16420039184415577
1741147200,84.9,85.5,84.5,85.5,86.84500000000004,89.71726391544608,83.972736084554,22272,0.2658641337296519
1741150800,85,85.5,85,85,86.79500000000004,89.75775209897354,83.83224790102655,9233,0.19707219165890433
1741154400,85,85.3,85,85.3,86.77500000000005,89.77224873842157,83.77775126157853,30459,0.2539410091174398
1741158000,85.3,85.6,85,85.6,86.74500000000003,89.77648478471848,83.71351521528159,32287,0.3111486480532702
1741161600,85.9,87.8,85.9,87.7,86.78000000000003,89.83849636259096,83.7215036374091,1125,0.6504007020006095
1741233600,87.6,87.9,87.6,87.8,86.74500000000003,89.73931127306118,83.75068872693889,480,0.6761673893912534
1741237200,87.8,87.8,87,87,86.62000000000003,89.33999999999703,83.90000000000303,1524,0.5698529411765416
1741240800,86.5,86.7,86,86.7,86.55500000000004,89.2011103529485,83.90888964705157,2843,0.5273987061496508
1741244400,86,86,85.7,85.7,86.37500000000003,88.72265840785795,84.02734159214211,5756,0.3562397328033942
1741248000,85.6,86,85.6,86,86.25000000000003,88.38869118855109,84.11130881144896,8374,0.4415530392283048
1741320000,86,86.2,85.8,86.2,86.16000000000004,88.14232187093171,84.17767812906837,10089,0.5100891789034149
1741323600,86.2,89,86.2,89,86.22500000000002,88.47255422626172,83.97744577373832,76690,1.1173377192806526
1741327200,88.9,89,88,88,86.26000000000002,88.59358093924087,83.92641906075917,13453,0.8728175806419709
1741330800,87.8,87.8,87.8,87.8,86.34500000000001,88.77108738506887,83.91891261493116,10,0.7998655384292125
1741334400,87.5,87.8,87.2,87.8,86.35500000000002,88.80324426885686,83.90675573114318,1668,0.7951094419746552
1741579200,86.1,88.9,86.1,88.5,86.52000000000002,89.07702952661474,83.96297047338531,1205,0.8871679969650811
1741582800,88,88,86.3,87.9,86.64500000000002,89.21519454516202,84.07480545483803,1308,0.7441449427169491
1741586400,87.7,87.7,87.7,87.7,86.76000000000002,89.30275441204712,84.21724558795292,2,0.6848389281218895
1741590000,87,87.7,87,87.7,86.89500000000002,89.33424168543864,84.45575831456141,3540,0.6650102990625191
1741593600,87,87,87,87,86.99500000000003,89.27401294423113,84.71598705576893,370,0.5010969661257572
1741665600,87.7,87.7,86.4,87.2,87.08000000000003,89.25402851866626,84.9059714813338,797,0.5275985340048795
1741669200,87,87,86.5,86.5,87.15500000000003,89.13133499184035,85.17866500815971,488,0.3342892265976355
1741672800,86.5,86.5,86,86.5,87.21500000000002,89.02858760471915,85.40141239528089,59756,0.3028769059350875
1741676400,86,86.5,86,86,87.23500000000001,88.98459995427395,85.48540004572608,30572,0.1470621764183439
1741680000,85.9,86,85.9,86,87.15,88.96493801546997,85.33506198453004,22948,0.1831847726484965
1741752000,86.7,86.7,85.8,85.8,87.05000000000001,88.92989361400916,85.17010638599086,873,0.16753437782731595
1741755600,86.7,87,85.6,87,87.05,88.92989361401204,85.17010638598795,567,0.48670137511311407
1741759200,87,87,86.9,86.9,87.06000000000002,88.93445992221622,85.18554007778381,280,0.4573210400223334
1741762800,86.9,87,86.9,87,87.12500000000001,88.89347391838238,85.35652608161764,2870,0.4646587945966565
1741766400,87,87.4,87,87.4,87.19500000000002,88.88907792028309,85.50092207971696,49824,0.5605048910518031
1741924800,87.4,87.4,87.1,87.4,87.25500000000002,88.88775840221166,85.62224159778839,5757,0.5444033850334421
1741928400,87.4,87.4,87,87,87.155,88.5797455913293,85.7302544086707,1820,0.4456043236970521
1741932000,87,87.2,87,87.2,87.11500000000001,88.4865319901491,85.74346800985091,702,0.5309872466010631
1741935600,87.2,87.2,86.8,86.8,87.06500000000001,88.40555958465241,85.72444041534762,525,0.4011606783339181
1741939200,86.7,86.9,86.5,86.6,87.00500000000001,88.31568684284359,85.69431315715643,6770,0.3455008523922641
1742184000,86.6,88,86,86,86.88000000000001,88.0676026271461,85.69239737285392,3261,0.12950570338719977
1742187600,85.9,86,85.9,85.9,86.78,87.94378692208129,85.61621307791872,554,0.12192391781382689
1742191200,85.9,86,85.8,85.8,86.685,87.84305872044933,85.52694127955067,1409,0.11789502364067488
1742194800,85.8,86,85.8,86,86.6,87.69544511501398,85.504554884986,568,0.22613872124833334
1742198400,86,86,85.8,85.8,86.54,87.6720777358461,85.40792226415391,356,0.17316732033116722
1742270400,86,86,85.8,86,86.48,87.59283421945875,85.36716578054126,300,0.28433445359297854
1742274000,86,86,85.5,85.5,86.43,87.62180535323326,85.23819464676676,10825,0.1098356172520079
1742277600,85.5,85.9,84.6,84.6,86.33500000000001,87.76786426432993,84.90213573567009,9845,-0.10543068983976141
1742281200,85.9,86,84.1,85,86.285,87.82678468016825,84.74321531983175,22125,0.08327514323862338
1742284800,85,85,84,84.3,86.2,87.96635217326632,84.43364782673369,54054,-0.037831591218458235
1742356800,85,85,84.9,84.9,86.155,88.00375633873163,84.30624366126837,256,0.16058263771498218
1742360400,84.9,84.9,84.3,84.9,86.05,87.93308257917855,84.16691742082145,14405,0.19464960997577374
1742364000,84.9,84.9,84.3,84.5,85.92999999999999,87.88560732254841,83.97439267745158,6187,0.1343846784802094
1742367600,84.3,84.5,84,84.1,85.785,87.82977382612573,83.74022617387426,189586,0.08797399045531631
1742371200,84.1,84.1,84,84,85.615,87.65977382612662,83.57022617387337,4984,0.10509079797366778
1742443200,84.5,86.7,84,86.7,85.58,87.52278151113535,83.63721848886465,277,0.7882465150045315
1742446800,85.9,86,85.9,86,85.53,87.37293244586043,83.68706755413957,2948,0.6275141693488839
1742450400,86.7,86.8,86.7,86.8,85.50999999999998,87.2875263711203,83.73247362887966,3346,0.8628638148380819
1742454000,86.8,86.8,86.7,86.8,85.50999999999999,87.28752637111621,83.73247362888377,20485,0.8628638148389134
1742457600,86,86,86,86,85.47999999999999,87.20232401133343,83.75767598866655,4,0.6509588197627869
1742529600,85.1,86.9,85.1,86.9,85.52499999999999,87.34365334795203,83.70634665204796,3990,0.8780269619684217
1742533200,86.9,86.9,86.4,86.9,85.57499999999999,87.4848429254839,83.66515707451607,16251,0.8468871660386127
1742536800,86.4,86.4,86.4,86.4,85.60499999999999,87.54662303241837,83.66337696758161,50,0.7047256307548557
1742540400,86.6,86.6,86.5,86.5,85.62999999999997,87.60393008995517,83.65606991004476,33,0.7203725462282651
1742544000,86.5,86.9,86.5,86.9,85.68499999999997,87.73465850814895,83.635341491851,27029,0.7963908366124078
1742788800,86.9,86.9,86.9,86.9,85.72999999999999,87.84385903030747,83.61614096969251,591,0.7767450391026852
1742792400,87,87,86.9,86.9,85.79999999999998,87.97071416819848,83.62928583180148,5350,0.7533728337234111
1742796000,87,87,86.9,86.9,85.91499999999999,88.06281284101048,83.7671871589895,11490,0.7293030335773102
1742799600,86.9,86.9,86.9,86.9,86.00999999999999,88.15560014914462,83.86439985085536,1110,0.7074011787226118
1742803200,86.9,87,86.6,87,86.145,88.18016584090799,84.109834159092,2284,0.71005659165804
1742875200,87,87,86.8,86.8,86.23999999999998,88.21017765696686,84.2698223430331,1154,0.6421191632185457
1742878800,86.8,86.9,86.8,86.9,86.33999999999999,88.22933850858172,84.45066149141826,3003,0.6482000174813543
1742882400,86.9,86.9,86.9,86.9,86.45999999999998,88.16223382647951,84.75776617352045,715,0.6292419387852288
1742886000,86.9,86.9,86.8,86.8,86.59499999999998,87.91177636674195,85.27822363325802,10180,0.5778416157738441
1742889600,86.8,86.8,86,86.5,86.71999999999998,87.29131427429131,86.14868572570866,11000,0.30746148844882343
1742961600,86.4,87,86.4,87,86.73499999999999,87.31903767002854,86.15096232997143,50372,0.726868927809965
1742965200,86.9,86.9,86.7,86.7,86.76999999999998,87.24791212582531,86.29208787417465,26,0.42676477932099655
1742968800,86.7,86.7,86.4,86.7,86.76499999999999,87.24364391776285,86.28635608223712,70,0.43209983707326005
1742972400,86.7,86.7,86.7,86.7,86.75999999999998,87.2391659420461,86.28083405795385,31,0.4373912096676119
1742976000,86.6,86.6,86.4,86.4,86.77999999999999,87.15202150476429,86.40797849523568,580,-0.010723164028825232
1743048000,86,87.9,86,87,86.78499999999998,87.16591993911594,86.40408006088403,65,0.7822115330835567
1743051600,86.9,86.9,86.9,86.9,86.78499999999998,87.16591993911594,86.40408006088403,50,0.6509503549051765
1743058800,86.9,86.9,86,86.2,86.77499999999998,87.20336899983658,86.34663100016337,5003,-0.17115034026656548
1743062400,86.8,86.8,86.3,86.3,86.76499999999996,87.2266275555397,86.30337244446022,372,-0.003652776377574127
1743134400,86.4,86.4,85.5,85.5,86.69499999999996,87.40907282543613,85.9809271745638,4333,-0.33674938846051755
1743138000,85.5,85.5,85.4,85.5,86.62499999999997,87.50107077340604,85.7489292265939,157,-0.14207141372042978
1743141600,85.5,86.4,85.5,85.7,86.56499999999997,87.51846735655653,85.61153264344341,701,0.04639244120327895
1743145200,85.7,87.8,85.7,87.5,86.59499999999997,87.62354265833827,85.56645734166167,12486,0.9399428612237335
1743148800,86,86.5,85.7,86.5,86.57499999999997,87.59455872808637,85.55544127191358,30104,0.46321938210428465
1743480000,85.7,87,85.6,86.5,86.54999999999998,87.55099950050501,85.54900049949495,668,0.47502496256254045
1743483600,86.5,87.3,86,86,86.50999999999998,87.5315674231373,85.48843257686265,10061,0.2503835828898498
1743487200,85.6,86.9,85.6,85.7,86.44999999999996,87.51301458128759,85.38698541871233,3426,0.1472296743608726
1743490800,85.8,86.9,85.8,86.9,86.44999999999997,87.51301458128076,85.38698541871919,2187,0.7116621953848671
1743494400,86.9,86.9,86.1,86.1,86.41499999999998,87.47570731119002,85.35429268880993,1472,0.3515141751749715
1743566400,87,87.5,87,87,86.43999999999997,87.53068785636388,85.34931214363606,8343,0.7567187287969509
1743570000,87,87,86.8,86.8,86.42999999999998,87.50349895203018,85.35650104796977,15608,0.6723336568239181
1743573600,86.8,88,86.8,87.7,86.47999999999998,87.68432553739262,85.27567446260733,286612,1.006507568809557
1743577200,87.5,87.7,87.5,87.7,86.52999999999997,87.84468627437046,85.21531372562949,23964,0.9449730794368651
1743580800,87.7,90.9,87.7,89.8,86.68499999999997,88.62538655942959,84.74461344057036,102337,1.3026751125599674
1743652800,87,88,86.8,87.5,86.73999999999998,88.7071298889531,84.77287011104686,46517,0.6931748392081215
1743656400,87.5,87.5,87,87,86.73999999999998,88.7071298889531,84.77287011104686,72739,0.5660861292027817
1743660000,87.1,87.2,87,87,86.74499999999998,88.71423843147902,84.77576156852093,51668,0.5647458418248775
1743663600,86.8,87.9,86.8,87.9,86.82999999999998,88.84405064484608,84.81594935515389,160,0.7656338366510607
1743667200,87,87,86.2,86.2,86.82499999999997,88.84477721544182,84.80522278455813,6720,0.34527996572551545
1743739200,87,87,85.1,85.1,86.80499999999998,88.88391798780363,84.72608201219633,5074,0.08993091358036322
1743742800,85.8,85.8,84.9,85,86.77999999999999,88.9318364250113,84.62816357498868,28704,0.08639978873147142
1743746400,85.7,85.7,85.7,85.7,86.77999999999999,88.9318364250113,84.62816357498868,3168,0.2490515572078609
1743750000,85.7,85.7,85.3,85.3,86.66999999999999,88.88729565011279,84.45270434988718,3807,0.19106510448205385
1743753600,85.3,85.8,85.1,85.8,86.63499999999998,88.88379967983283,84.38620032016712,4134,0.3143454022409765
1743998400,84.6,84.6,78,78.1,86.21499999999999,90.56437926605777,81.86562073394221,42358,-0.4328917419698055
1744002000,80,81,77,81,85.96499999999999,90.87387970926295,81.05612029073703,68343,-0.005716201461519761
1744005600,81,83,80,82.9,85.825,90.91258292315676,80.73741707684324,24910,0.21253539802894417
1744009200,82.9,83,82,82,85.58,90.9033823834104,80.2566176165896,746,0.1637476192620898
1744012800,81.8,81.8,80.3,81.1,85.33,90.99113062912377,79.66886937087622,89119,0.12639971790805332
1744084800,81,85,80.2,84.8,85.22,90.83234353902218,79.60765646097782,17919,0.46258247583386736
1744088400,84.5,84.8,84.5,84.8,85.11999999999999,90.68726144527152,79.55273855472846,3286,0.4712605557377065
1744092000,84.8,85,84.8,84.8,84.975,90.41554225238693,79.53445774761306,3745,0.48391704430535215
1744095600,84.8,85.7,84.8,85.7,84.87499999999999,90.18343668136076,79.56656331863921,23655,0.5777064934104607
1744099200,85.3,85.8,85.2,85.2,84.645,89.45518710654885,79.83481289345114,1187,0.5576900635782337
1744171200,89.9,89.9,85,86.5,84.595,89.30519107892667,79.88480892107333,13544,0.7022210955010876
1744174800,86,86,85.1,85.5,84.52,89.12113029591711,79.91886970408288,4009,0.6064955714109663
1744178400,85.1,85.1,84.5,85,84.41999999999999,88.88613927234827,79.9538607276517,4150,0.5649330399962035
1744182000,84.7,84.7,84.5,84.6,84.255,88.4289549590288,80.08104504097119,6600,0.5413277099760887
1744185600,85,85,84.5,85,84.195,88.28912994420075,80.10087005579923,55484,0.5983114863196112
1744257600,87,89,87,87,84.28999999999999,88.54859131638722,80.03140868361277,32163,0.8181803322582074
1744261200,87,87.5,87,87.5,84.41499999999999,88.8908351176066,79.93916488239338,4245,0.8446284234046663
1744264800,87.5,87.7,87,87.7,84.51499999999999,89.18630602722709,79.84369397277288,10916,0.8409110836922237
1744268400,87.6,87.6,87.1,87.1,84.60499999999999,89.40102960791633,79.80897039208365,2150,0.7601109880432922
1744272000,87.1,87.5,87.1,87.5,84.68999999999998,89.62594975663397,79.754050243366,221,0.7846463333853161
1744344000,87.2,87.2,87,87,85.13499999999998,89.12913319758168,81.14086680241827,178,0.7334674268160624
1744347600,87,87,87,87,85.43499999999997,89.0223527844384,81.84764721556155,14021,0.7181274179095013
1744351200,86.9,87.5,86.9,87.5,85.66499999999998,89.16144104769712,82.16855895230283,22565,0.7624096867311125
1744354800,87.5,89,87.5,88.9,86.00999999999998,89.35000000000298,82.66999999999697,6248,0.9326347305385376
1744358400,88.5,88.5,87.5,88.5,86.37999999999997,89.03073574692533,83.7292642530746,2845,0.8998889746854358
1744776000,87.6,88.5,87.6,88.4,86.55999999999997,89.24581458779656,83.87418541220339,263,0.8425403987975113
1744779600,88,89.6,88,89,86.76999999999998,89.52833282981273,84.01166717018724,106231,0.9042296810409581
1744783200,89,89.6,89,89.5,87.00499999999997,89.85138367055931,84.15861632944062,2946,0.9382754204582926
1744786800,89.5,90,89.5,90,87.21999999999998,90.28111090946047,84.1588890905395,60273,0.9540835144862472
1744790400,90,90,89.4,90,87.46,90.60159195313719,84.3184080468628,28220,0.904253645586207
1744862400,88.5,90.8,88,89.8,87.62499999999999,90.89172618993672,84.35827381006325,21661,0.8329020973199677
1744866000,90,90,89.5,89.5,87.82499999999999,91.03615244110495,84.61384755889503,6841,0.7608097919237438
1744869600,89.5,90.5,89.5,90.3,88.08999999999999,91.19798970397599,84.98201029602399,4336,0.8555352833332732
1744873200,90.3,90.4,90.2,90.2,88.36999999999999,91.16291961932703,85.57708038067295,2704,0.8276141546173386
1744876800,90.1,92,90,92,88.72,91.49027074489183,85.94972925510817,79947,1.0919998985745476
1745208000,91,93.2,90.8,93,89.02,92.24279381903445,85.79720618096555,130422,1.11747667140438
1745211600,92.5,92.9,92,92,89.24499999999999,92.6358553493196,85.85414465068038,20196,0.9062396823492949
1745215200,92.8,92.8,92.1,92.1,89.465,92.99446171533276,85.93553828466725,2150,0.8732863836648194
1745218800,92,92,91.5,92,89.71,93.22903395834774,86.19096604165225,872,0.8253733875695822
1745222400,91.5,92,91.2,92,89.93499999999999,93.43544282913018,86.4345571708698,14889,0.7949626805522108
1745294400,92,92,92,92,90.18499999999999,93.52163003643155,86.84836996356843,271,0.7719810078106695
1745298000,91.7,92,91.7,92,90.43499999999999,93.51933137000728,87.3506686299927,163,0.753701663708772
1745301600,91.5,92,91.5,91.6,90.63999999999999,93.4495551249282,87.83044487507178,14370,0.6708455533550953
1745305200,91.7,92.4,91.6,92.4,90.815,93.60517920571569,88.02482079428431,11701,0.7840319354314469
1745308800,92.3,92.4,92.3,92.4,91.00999999999999,93.66774340371701,88.35225659628297,8417,0.7615000375988165
1745380800,93,94,93,93.4,91.25999999999999,93.82780061531409,88.69219938468589,349963,0.9166990200168337
1745384400,93.3,93.5,92.9,93,91.46,93.91307969703523,89.00692030296476,160826,0.8138911470877267
1745388000,93,93,91.7,92.1,91.58999999999999,93.8842536912917,89.29574630870827,24630,0.6111472549735474
1745391600,92.9,92.9,92.1,92.1,91.69499999999998,93.87809413448441,89.51190586551554,620,0.5927582538935412
1745395200,92.9,93,92.5,93,91.845,93.95258155239554,89.73741844760445,27322,0.7740107491183892
1745467200,93,93.7,93,93.5,92.02999999999999,94.03409580609684,90.02590419390313,520859,0.8667489337405881
1745470800,93.5,93.8,93.2,93.2,92.21499999999999,93.91002212375284,90.51997787624714,6136,0.7905566795255694
1745474400,93.2,93.5,93.1,93.5,92.37499999999999,93.91366825534772,90.83633174465226,3620,0.8655758790402064
1745478000,93.2,93.2,92.7,92.7,92.49999999999999,93.67473401245213,91.32526598754784,12096,0.5851256530755143
1745481600,92.3,93,92,93,92.54999999999998,93.72046999107928,91.37953000892068,129285,0.6922304729850732
1745553600,93,93.4,92.8,93,92.54999999999998,93.72046999107928,91.37953000892068,152143,0.6922304729850732
1745557200,93,93.4,93,93.4,92.61999999999998,93.81766439373476,91.4223356062652,110247,0.8256337936071082
1745560800,93.3,93.8,93,93.8,92.70499999999998,93.98167536986568,91.42832463013428,33255,0.92884825142166
1745564400,93.8,93.8,93,93.5,92.77999999999997,94.0584365451693,91.50156345483065,5406,0.7815939526762605
1745568000,93.5,93.7,93.2,93.5,92.85499999999998,94.1174975247586,91.59250247524135,21393,0.7554460453787182
1745812800,93.8,93.8,93,93.1,92.90999999999997,94.11316249942746,91.70683750057248,77945,0.5789585779520368
1745816400,93.1,93.8,93,93,92.95999999999997,94.08853887838633,91.8314611216136,4485,0.5177220301250182
1745820000,93,93.8,93,93.8,93.06999999999996,94.06819837709378,92.07180162290615,892,0.8656587792325294
1745823600,93.8,94.2,93.3,93.6,93.12999999999997,94.10385830593067,92.15614169406926,129289,0.7413082052788234
1745827200,93.6,94.9,93.6,94.9,93.25499999999997,94.44070654043357,92.06929345956637,106080,1.1936792300219918
1745899200,94.9,95.2,94.9,95.1,93.33999999999996,94.77303872942623,91.90696127057369,64548,1.114079704846729
1745902800,95.2,95.4,95.1,95.4,93.45999999999995,95.13976188790151,91.78023811209839,43930,1.0774627981420608
1745906400,95.1,95.2,95,95,93.60499999999996,95.29079358168066,91.91920641831926,43641,0.9137517235678566
1745910000,95,95.3,94.9,94.9,93.74499999999996,95.37162226716575,92.11837773283418,36247,0.8550301822722822
1745913600,95,95,94.9,95,93.84499999999996,95.5212756336702,92.16872436632971,11942,0.8445137472621805
1745985600,95,95,94.2,94.2,93.87999999999997,95.5552313273188,92.20476867268114,5161,0.5955091976796391
1745989200,94.3,94.9,94.3,94.9,93.96499999999996,95.66591152034141,92.26408847965851,1457,0.7748526271996642
1745992800,94.9,94.9,94.4,94.4,94.00999999999996,95.70693841963592,92.313061580364,153,0.6149128322769986
1745996400,94.8,94.8,94.2,94.3,94.08999999999996,95.67984275953238,92.50015724046754,15862,0.5660442671896052
1746000000,94.2,95,94.2,95,94.18999999999997,95.7442200616457,92.63577993835423,31455,0.7605808598115559
1746158400,95.2,95.2,94.2,94.7,94.27499999999996,95.74316211639919,92.80683788360074,2295,0.6447387843797464
1746162000,94.5,94.5,92.6,92.8,94.24499999999998,95.80509615089115,92.6849038491088,16806,0.036887518383224155
1746165600,93,94.6,93,94.1,94.25999999999996,95.80841854807828,92.71158145192165,2071,0.4483343827808902
1746169200,94.2,94.5,94.2,94.5,94.30999999999997,95.8211584959947,92.79884150400525,330,0.5628656757393798
1746172800,94.2,94.2,93,93.4,94.30499999999998,95.82746510633785,92.7825348936621,29013,0.20278464963415424
1746417600,93.4,94.6,93.4,94,94.34999999999998,95.77758537398212,92.92241462601784,26242,0.37741538741613684
1746421200,94.2,94.4,94.2,94.4,94.41999999999999,95.70623481526768,93.1337651847323,3207,0.4922253698303838
1746424800,94.5,94.5,94.4,94.4,94.44999999999997,95.70459156701386,93.19540843298608,4271,0.480073196204014
1746428400,94.4,94.4,94,94,94.46999999999997,95.68177555678722,93.25822444321273,4576,0.3060696977392119
1746432000,94,94.4,94,94,94.42499999999998,95.63640414396708,93.21359585603288,19757,0.3245837270259805
1746504000,94.4,94.4,94.2,94.2,94.37999999999997,95.5540528097281,93.20594719027183,10458,0.4233424601906772
1746507600,93.6,94.2,93.6,94,94.30999999999997,95.39609391860229,93.22390608139766,5084,0.3572867434894995
1746511200,94,94,94,94,94.25999999999998,95.3057533170026,93.21424668299736,1189,0.3756877000662074
1746590400,93.4,94,93.4,94,94.21499999999997,95.22351375797574,93.20648624202421,4608,0.3934075027238538
1746594000,93.7,93.7,93.5,93.5,94.13999999999996,95.12671171070436,93.15328828929556,2322,0.17569048129414017
1746597600,93.3,93.5,93.3,93.4,94.09999999999997,95.13730419840564,93.06269580159429,9954,0.16258692431986194
1746601200,93.4,93.4,93.2,93.2,94.01499999999996,95.05475958761598,92.97524041238394,1193,0.1080824790139211
1746604800,93.2,93.5,93.2,93.5,93.96999999999997,95.01709120903158,92.92290879096836,655,0.2755687394058794
1746676800,93.5,94,93.2,94,93.95499999999997,94.99129146480712,92.91870853519282,20308,0.521712038325243
1746680400,94,94.3,94,94.3,93.91999999999997,94.85509357821685,92.9849064217831,268024,0.7031882203301204
1746684000,94.4,95.5,94.4,95.5,93.95999999999997,95.0760645142782,92.84393548572173,175290,1.1899242742235023
1746687600,95.5,95.5,94.5,94.5,94.04499999999997,95.04794566155178,93.04205433844817,79473,0.7268318301990703
1746691200,94.5,95,94.5,95,94.08999999999997,95.17609391860229,93.00390608139766,548,0.918932462659903
1746763200,95,96,94.6,94.6,94.09499999999997,95.18948618083351,93.00051381916643,2456,0.7307018621356299
1746766800,94.6,95.5,94.5,95.5,94.19999999999997,95.40498962651935,92.9950103734806,7728,1.0394237308727237
1746770400,95.1,95.5,95.1,95.1,94.25499999999997,95.51749752476437,92.99250247523557,1166,0.8346541214636112
1746774000,95.2,95.2,95.1,95.1,94.28999999999998,95.60438198406224,92.97561801593771,5904,0.8081296038068811
1746777600,95.1,95.2,95.1,95.1,94.32499999999997,95.6856983501225,92.96430164987746,8989,0.7847802380043446
1747195200,95.3,96.1,95.3,95.6,94.40499999999997,95.86441769210495,92.945582307895,59246,0.9094098647921776
1747198800,95.6,96,95.3,96,94.50499999999997,96.106842688915,92.90315731108494,23812,0.9666500681826121
1747202400,95.8,96.8,95.7,96,94.59499999999998,96.31601714111643,92.87398285888354,61452,0.9081888455476312
1747206000,95.8,98,95.8,98,94.79499999999997,97.04219825561233,92.54780174438761,142991,1.2131102011127775
1747209600,97.9,99.5,97.5,99.5,95.06999999999998,98.07805585054888,92.06194414945108,188277,1.2363560086810972
1747281600,98.6,99,98.6,98.8,95.30999999999997,98.68218030360589,91.93781969639406,33518,1.0174693648895525
1747285200,98.8,98.9,98.5,98.5,95.55999999999997,99.09576017286696,92.02423982713299,20205,0.915752180049038
1747288800,98.9,98.9,98.5,98.6,95.81999999999998,99.44579646423055,92.1942035357694,3724,0.8833640453105184
1747292400,98.7,100,98.7,99.2,96.11999999999998,99.82113496106668,92.41886503893328,540158,0.9160885826103925
1747296000,99.1,100,99,100,96.44499999999998,100.30685188737492,92.58314811262504,789450,0.9602714065267404
1747368000,100,101,100,100.25,96.75749999999998,100.78531268184427,92.72968731815568,88867,0.9335479670818306
1747371600,100.75,101,99.5,99.5,97.01749999999998,101.04853894796659,92.98646105203338,194437,0.8079230977478242
1747375200,99.5,99.5,99.2,99.2,97.20249999999999,101.27735889326422,93.12764110673575,450,0.7451005117381972
1747378800,99.4,99.5,99.2,99.2,97.43749999999999,101.4024558635662,93.47254413643377,3512,0.7222597250319407
1747382400,99.4,99.4,99.1,99.3,97.6525,101.53083404956467,93.77416595043533,8956,0.7123978980336827
1747627200,99.2,99.7,99.2,99.2,97.88250000000001,101.54927992249407,94.21572007750595,16771,0.679653541778949
1747630800,99.2,99.5,98.5,98.5,98.0325,101.53910448297322,94.52589551702678,24435,0.566659927327135
1747634400,98.6,98.7,97.1,98,98.17750000000001,101.4167090083856,94.93829099161442,17239,0.4726013357673893
1747638000,98.9,99,98,98,98.3225,101.24148526889262,95.40351473110739,5712,0.44475820014632117
1747641600,98.1,98.1,98,98.1,98.47250000000001,100.99509291206456,95.94990708793546,147,0.42616723883221547
1747713600,98,99,98,98.1,98.59750000000001,100.76047827081103,96.43452172918899,18199,0.3849965330873446
1747717200,98.1,98.4,97.5,97.5,98.67250000000001,100.55597418352349,96.78902581647654,6215,0.18874009257547122
1747720800,98,98,97.5,98,98.77250000000001,100.24541377887836,97.29958622112166,2632,0.23776469095554248
1747728000,97.8,98,97.5,98,98.77250000000001,100.24541377887836,97.29958622112166,8304,0.23776469095554248
1747800000,97.5,98,97.5,97.6,98.67750000000002,100.19489085274587,97.16010914725418,2950,0.14494975106440078
1747803600,97.6,98,97.5,98,98.63750000000002,100.18180405037225,97.09319594962778,1485,0.2935963452772281
1747807200,97.9,98.6,97.9,98.6,98.64250000000001,100.18563803660173,97.0993619633983,455012,0.48622935894522723
1747810800,98.6,99,98.3,99,98.66250000000002,100.21326593978362,97.11173406021642,32693,0.6088171952135707
1747814400,98.9,100.5,98.6,100,98.70250000000001,100.34520356424933,97.0597964357507,111795,0.8949282232771307
1747886400,100,101.25,100,100.75,98.74000000000002,100.52734439882059,96.95265560117946,507141,1.0622867090769799
1747890000,100.75,101,100.25,101,98.77750000000002,100.715146768635,96.83985323136504,57112,1.0735049432063608
1747893600,101,101,100,100.25,98.81500000000003,100.83443061281928,96.79556938718078,88612,0.8552981694173254
1747897200,100.25,101,100,101,98.90500000000002,101.13455152441031,96.67544847558972,60422,0.9698254283569651
1747900800,100.25,101,100.25,100.25,98.95750000000002,101.26060117016058,96.65439882983947,46200,0.7805999182202382
1747972800,101,101,100.5,100.5,99.01750000000003,101.413804446432,96.62119555356806,2885,0.8093304780632892
1747976400,100.75,101,100.5,101,99.10750000000003,101.65490554289762,96.56009445710244,38770,0.8714563637651724
1747980000,101,101,100.5,100.5,99.20750000000002,101.8081297314286,96.60687026857146,408,0.7484975051196512
1747983600,100.5,100.5,100,100,99.30750000000003,101.8682176728394,96.74678232716066,24370,0.635215999667802
1747987200,100,101,100,101,99.45750000000002,102.04560258683617,96.86939741316388,2889,0.7979982338887159
1748232000,100.5,101,100.5,100.5,99.57750000000003,102.12494479822331,97.03005520177675,5669,0.6810637860815217
1748235600,101,101,100.5,100.5,99.69750000000002,102.18053745440976,97.21446254559028,1068,0.6615964347567098
1748239200,100.5,101,100.5,100.75,99.86000000000003,102.1655585006663,97.55444149933376,221781,0.6930118016399883
1748242800,100.75,101,100.75,101,100.01000000000002,102.19942914934403,97.82057085065601,12937,0.7260863294655144
1748246400,101,101,100.75,101,100.16000000000001,102.18277037747913,98.13722962252089,4288,0.7076360246699975
1748318400,101,101,100.25,100.25,100.29250000000002,101.93939860039958,98.64560139960045,22364,0.48709695909945305
1748322000,100.25,101,100.25,100.5,100.41750000000002,101.6852834988652,99.14971650113483,2400,0.532537101198205
1748325600,100.5,100.75,100.5,100.75,100.52500000000002,101.48546863561525,99.56453136438479,1200,0.6171303214164074
1748329200,100.5,100.5,100.25,100.25,100.58750000000002,101.26342529173239,99.91157470826765,4780,0.2503422315097716
1748332800,100.25,100.5,100,100.25,100.60000000000004,101.24031242373468,99.9596875762654,6001,0.2266959166912214
1748404800,101,102,100.75,101,100.61250000000004,101.2734652033087,99.95153479669138,158151,0.7931319213630389
1748408400,101,101,100.75,101,100.61250000000004,101.2734652033087,99.95153479669138,250005,0.7931319213630389
1748412000,100.75,101,100.5,101,100.65000000000003,101.3095452979064,99.99045470209367,15727,0.7653343152555205
1748415600,101,101,100.75,101,100.65000000000003,101.3095452979064,99.99045470209367,124260,0.7653343152555205
1748419200,101,101,100.5,100.75,100.67500000000004,101.30942887701403,100.04057112298605,38366,0.559108280468692
1748491200,100,100.5,100,100.5,100.67500000000004,101.30942887701403,100.04057112298605,84793,0.3620806789062809
1748494800,100.5,101,100.25,100.5,100.65000000000003,101.27048368229535,100.02951631770472,117800,0.37912655539534196
1748498400,100.75,100.75,100.5,100.5,100.65000000000003,101.27048368230122,100.02951631769885,3600,0.37912655539648527
1748502000,100.5,100.75,100.5,100.75,100.68750000000003,101.23236236793593,100.14263763206412,8293,0.5573539334683173
1748505600,100.75,101.25,100.25,101.25,100.70000000000002,101.2830951894878,100.11690481051224,286342,0.9716211091392573
1748577600,101,105,100.25,104.5,100.90000000000003,102.6492855684488,99.15071443155126,110418,1.528991510857879
1748581200,104.5,104.5,103,104.25,101.08750000000003,103.35286420912504,98.82213579087502,112788,1.1980113809649775
1748584800,104,104.75,104,104.75,101.28750000000004,104.05008484032474,98.52491515967533,51588,1.1266775864145029
1748588400,104.5,104.75,104,104.5,101.46250000000005,104.55391957682559,98.3710804231745,20506,0.991279155823785
1748592000,104.5,106,104.5,106,101.71250000000003,105.37062451947608,98.05437548052399,454240,1.0860243380416783
1748836800,106,107.5,105.5,107,102.05000000000004,106.30323406362527,97.79676593637481,86587,1.0819101330836287
1748840400,107,107.5,106.25,107,102.37500000000003,107.07473403502735,97.67526596497271,21847,0.9920491208150981
1748844000,106.25,107,106,106.5,102.66250000000002,107.62555097696965,97.6994490230304,33802,0.8866069498185071
1748847600,106.5,107.25,106.5,107,103.00000000000003,108.17445649319687,97.82554350680319,323048,0.8865140237683903
1748851200,107,110,107,109,103.43750000000003,109.06749777974976,97.8075022202503,281172,0.9940055234131231
1748923200,109,111,109,109.5,103.86250000000004,109.95650319986645,97.76849680013363,740931,0.9625448834785274
1748926800,109.5,110,109.5,109.5,104.28750000000005,110.70091367759505,97.87408632240505,63790,0.9063748466912094
1748930400,109.75,110,109.25,109.25,104.70000000000005,111.27381167968538,98.12618832031471,29131,0.8460701509035126
1748934000,109.5,109.5,109,109.5,105.12500000000004,111.78551799787127,98.46448200212882,9536,0.8284279091654926
1748937600,109,109.5,109,109.5,105.56250000000004,112.165292969643,98.95970703035708,82407,0.79816927610051
1749009600,110,110,108.75,109.5,106.01250000000005,112.39700272143163,99.62799727856846,59072,0.7731222894065866
1749013200,109,109.5,109,109,106.43750000000004,112.4163690402089,100.45863095979118,28325,0.7142963813696812
1749016800,109,109,108.25,108.75,106.85000000000005,112.24305108449413,101.45694891550598,3512,0.676152605476218
1749020400,108.75,109,107.75,108,107.21250000000006,111.83655395729289,102.58844604270723,138749,0.585152553070659
1749024000,108,108,107,107,107.50000000000004,111.23496987939238,103.7650301206077,205027,0.43306505592470934
1749096000,106.75,108,106.75,108,107.67500000000004,111.15026977369679,104.19973022630329,374518,0.5467589599028808
1749099600,108,109,108,109,107.91250000000005,111.05206605281074,104.77293394718936,65593,0.6731927249987886
1749103200,109.5,111,109.25,110,108.17500000000004,111.08231835201751,105.26768164798257,835415,0.813863116974022
1749106800,110.5,113.5,110.5,113.5,108.62500000000004,111.88268322584729,105.3673167741528,290104,1.2482311296139126
1749110400,113.5,113.5,112,112.5,108.95000000000005,112.38729544845454,105.51270455154555,177655,1.0163943648772087
1749182400,112.5,113,112.5,112.75,109.23750000000004,112.92692746235423,105.54807253764585,24875,0.9760223687605267
1749186000,112.75,113,112.25,113,109.53750000000005,113.42103897881304,105.65396102118706,90726,0.9457918433276888
1749189600,113,113.25,112.5,113,109.86250000000007,113.76274037720026,105.96225962279988,148444,0.902218798915697
1749193200,113,113,111.5,111.5,110.08750000000005,113.81669227178719,106.3583077282129,158127,0.6893841745149599
1749196800,111.5,111.5,110.75,110.75,110.17500000000007,113.88006410200092,106.46993589799922,21243,0.5775964982210988
1749441600,111.25,112.5,110.5,111.25,110.26250000000005,113.98229502122965,106.54270497877044,52284,0.6327358086082833
1749445200,112,112,111.5,112,110.38750000000007,114.16398977225397,106.61101022774618,22517,0.7134919061408643
1749448800,112,112,111.25,112,110.52500000000006,114.32598671399303,106.7240132860071,8735,0.6940285656050659
1749452400,112,112.25,112,112.25,110.66250000000007,114.50396781841803,106.8210321815821,26920,0.706626747253829
1749456000,112.25,113,111.75,113,110.83750000000006,114.76902324168871,106.90597675831141,26915,0.775020630308052
1749614400,113,115,111,114,111.06250000000004,115.17308085919196,106.95191914080813,63290,0.8573095993758693
1749618000,113.5,114.5,112.5,114.5,111.33750000000006,115.59271738574424,107.08228261425589,51650,0.8716026366355503
1749621600,114.5,114.5,113,113.75,111.58750000000006,115.79248216404592,107.3825178359542,1017,0.7571354545198915
1749625200,113.25,113.75,113,113.75,111.87500000000007,115.83889959508771,107.91110040491243,68557,0.7365095223808859
1749628800,113.5,115,113.25,115,112.27500000000006,115.77821281111126,108.77178718888887,510276,0.8889286987300644
1749700800,114.5,115.5,114.25,115.25,112.63750000000007,115.77786224024076,109.49713775975938,240898,0.9159551988180339
1749704400,115,115,114.25,114.25,112.90000000000005,115.63130005674142,110.16869994325867,315068,0.747135058754876
1749708000,114.5,116,114,116,113.20000000000005,115.9092434368215,110.49075656317859,417027,1.0167494293692891
1749711600,116.5,121,116,119.75,113.51250000000005,117.45101177476474,109.57398822523535,285466,1.2918600167664367
1749715200,119.5,120,119.25,119.75,113.87500000000003,118.62499999999696,109.1250000000031,104294,1.1184210526319756
1749787200,118,119,115.5,116,114.03750000000002,118.84446109823902,109.23053890176102,72922,0.7041310466106047
1749790800,117.5,118.25,116,117.75,114.27500000000002,119.31707298638105,109.23292701361899,28795,0.8446003270268185
1749794400,117.5,117.75,117.25,117.5,114.50000000000003,119.69374623946624,109.30625376053382,43636,0.7888088733719401
1749798000,117.5,120,117.25,118,114.82500000000002,120.04060159521268,109.60939840478736,98468,0.8043752424374475
1749801600,117.5,118.75,117,117.5,115.16250000000002,120.1481669563844,110.17683304361564,100873,0.734421996139022
1750046400,116,117,113,116,115.40000000000002,120.05939910288629,110.74060089711375,492492,0.5643859848395805
1750050000,116,116.75,116,116.25,115.61250000000003,120.01271306302101,111.21228693697904,33149,0.5724396740418629
1750053600,116,117,116,117,115.86250000000003,119.97186430606757,111.75313569393248,44270,0.6384034019958313
1750057200,117,117,116.5,116.5,116.07500000000002,119.84030211271165,112.30969788728838,5735,0.5564363744631786
1750060800,116.5,116.75,116,116,116.22500000000005,119.71749194701312,112.73250805298699,118301,0.46778804312025957
1750132800,116.5,118.5,116.5,117.5,116.40000000000002,119.77786915080821,113.02213084919183,101223,0.6628245427648954
1750136400,117.5,121.75,117.5,121.25,116.73750000000004,120.60232535180613,112.87267464819395,539781,1.083790933514137
1750140000,121.25,122,120.25,121,117.10000000000005,121.13236903072517,113.06763096927493,670993,0.9835866918780783
1750143600,121,121.5,120,120,117.41250000000005,121.3249001584643,113.5000998415358,368908,0.8306793649931287
1750147200,118.25,120.75,117.5,120,117.66250000000007,121.5653034795439,113.75969652045623,103549,0.7994642200474241
1750219200,120,120,116.75,119.5,117.87500000000007,121.69108438060992,114.05891561939022,115268,0.7129145791766057
1750222800,119.5,119.75,119.25,119.75,118.15000000000005,121.6621218657609,114.6378781342392,95171,0.7277825287895209
1750226400,119.25,120,118.5,120,118.35000000000005,121.80470693401728,114.89529306598283,948234,0.7388046267764434
1750230000,120,120,118.75,118.75,118.30000000000004,121.70073521462142,114.89926478537866,128961,0.5661621637087763
1750233600,118.75,119.25,118,119.25,118.27500000000005,121.63989227167103,114.91010772832907,453875,0.6448783380390026
1750305600,118,119.5,117,119,118.42500000000004,121.63475076913487,115.21524923086521,13799,0.5895708173870067
1750309200,119,119.75,118.5,119,118.48750000000004,121.69091614530097,115.2840838546991,193543,0.5799927291294549
1750312800,119,119.5,118,118,118.51250000000005,121.69241745175346,115.33258254824663,44871,0.4194161471522709
1750316400,118.75,119,117,117,118.46250000000005,121.70393101113737,115.22106898886273,74891,0.2744051940369849
1750320000,117,117,115,115.5,118.36250000000004,121.83191998033703,114.89308001966305,137649,0.08746706708566349
1750392000,115.5,118.25,115.5,117.75,118.45000000000005,121.76134413795481,115.13865586204528,10645,0.394302740694237
1750395600,117.5,117.75,116.5,117.75,118.52500000000005,121.69872021450631,115.35127978549379,10273,0.3779035410150961
1750399200,117.75,118,117.75,117.75,118.56250000000004,121.68049214238374,115.44450785761634,485,0.3697078179005788
1750402800,117.75,118.5,117.75,118.5,118.66250000000002,121.63434706874055,115.69065293125949,24019,0.47266010056350405
1750406400,118.25,119,118.25,119,118.81250000000004,121.52301194425827,116.10198805574181,45668,0.5345875620281152
1750651200,113,118,112.75,117.25,118.80000000000003,121.53678643667912,116.06321356332093,82496,0.21682116309359445
1750654800,117,117.25,116,116.25,118.55000000000004,121.25924343682418,115.8407565631759,4550,0.07552725444706196
1750658400,116,116,115.25,116,118.30000000000004,120.98141753555478,115.6185824644453,9152,0.07112236913819434
1750662000,116,116,115,115,118.05000000000004,120.97232783923445,115.12767216076563,14553,-0.021844257008322928
1750665600,114.75,115,114,114,117.75000000000004,121.02108544675215,114.47891455324793,39000,-0.0732042254847624
1750737600,117,120,117,119.5,117.75000000000004,121.02108544675215,114.47891455324793,76269,0.7674953052262129
1750741200,119.5,119.5,118,119.5,117.73750000000004,120.9797021836967,114.49529781630338,59430,0.7718059979205878
1750744800,119,119.5,119,119.25,117.70000000000002,120.85277655408382,114.54722344591622,48590,0.7458150733822642
1750748400,119.25,120.5,119.25,120.5,117.78750000000002,121.14262667420515,114.4323733257949,72762,0.9042321294236388
1750752000,120.25,120.25,118.25,119,117.77500000000002,121.11004122912577,114.43995877087427,85222,0.6836559004581035
1750824000,119.5,122.5,119.5,122.5,117.95000000000002,121.84422649572055,114.05577350427949,79085,1.0841981719604779
1750827600,122.25,122.5,120,122.5,118.12500000000003,122.47959527395578,113.77040472604428,587769,1.0023428958101177
1750831200,122.5,123,122.25,122.5,118.35000000000002,123.10236783087865,113.5976321691214,92527,0.9366244520294968
1750834800,122.75,123,122.25,122.75,118.63750000000002,123.71311572619344,113.5618842738066,61842,0.905123262068172
1750838400,123,123,122.5,123,119.01250000000005,124.21219951054292,113.81280048945717,97722,0.8834356189155671
1750910400,123.5,126,123.25,124,119.32500000000005,124.91986371594115,113.73013628405894,121642,0.9177939121805383
1750914000,124.25,125.5,124,125,119.68750000000004,125.74735767159261,113.62764232840748,26809,0.9383353774878181
1750917600,125,126,125,126,120.10000000000005,126.67723346095903,113.52276653904107,73762,0.9485168448878286
1750921200,125.75,126,125.75,126,120.47500000000005,127.48552779753109,113.46447220246901,53248,0.8940502170140269
1750924800,126,126,125,125.5,120.80000000000004,128.1034238546014,113.49657614539868,36031,0.8217668927320183
1750996800,125.5,126,125,125.5,121.21250000000005,128.5987625867191,113.82623741328099,114539,0.7902347398066476
1751000400,125,125.5,124.5,125,121.65000000000005,128.8427046373367,114.45729536266339,6744,0.7328748481211375
1751004000,125.5,125.5,124,124,122.05000000000004,128.8186778620334,115.28132213796668,11580,0.6440458564986395
1751007600,124,125.5,124,125,122.55000000000004,128.6010329696653,116.49896703033477,6434,0.7024447736677502
1751011200,125.5,125.5,125,125,123.10000000000007,127.78881648179399,118.41118351820614,5346,0.7026097638260522
1751256000,125.25,127.25,125,127.25,123.48750000000004,128.20309911357757,118.7719008864225,292893,0.8989418851537522
1751259600,127.25,127.25,126,127.25,123.87500000000007,128.48883788184423,119.2611621181559,71345,0.8657475713744557
1751263200,127.25,130,127,129.5,124.38750000000005,129.10839769005528,119.6666023099448,374575,1.0414754073965256
1751266800,129.5,130,129.25,130,124.86250000000004,129.82857239173669,119.8964276082634,66108,1.0172598781029214
1751270400,130,130,129,130,125.41250000000007,130.08763368792245,120.73736631207768,114367,0.9906276810705072
1751342400,127,127,125,125.5,125.56250000000007,130.04266461750422,121.08233538249594,129589,0.49302480987463176
1751346000,125.5,128,125.5,128,125.83750000000005,130.20578055417235,121.46921944582775,172193,0.7475230211501034
1751349600,127.25,128,127,127.25,126.07500000000005,130.20143914288826,121.94856085711181,14584,0.6423745703393001
1751353200,127,127.25,126.75,126.75,126.27500000000005,130.11524738786045,122.43475261213966,39783,0.561844974037544
1751356800,126.75,128,126.75,128,126.52500000000005,130.12326347005768,122.92673652994243,51522,0.7049599775383212
1751428800,128,129.5,127,127.5,126.70000000000005,130.12636833979573,123.27363166020434,86917,0.6167416810837775
1751432400,127.5,128.5,127.5,128,126.85000000000007,130.22786915080073,123.47213084919942,9904,0.6702256583454903
1751436000,128,129,128,128.75,126.98750000000004,130.4388584282079,123.53614157179216,57800,0.7553342454372595
1751439600,129,129.25,128.5,128.75,127.12500000000004,130.626785258972,123.62321474102806,29694,0.7320245074760838
1751443200,128.5,129,128.5,129,127.30000000000004,130.80927342906747,123.7907265709326,69991,0.7422153808134186
1751515200,128.75,129,128.5,128.5,127.45000000000005,130.8945609299234,124.0054390700767,79389,0.6524142004396657
1751518800,128.75,128.75,128,128,127.60000000000005,130.8611347718166,124.33886522818348,45172,0.561328345497531
1751522400,128,128,127,127,127.75000000000003,130.5828430948395,124.91715690516057,34137,0.3676241544464129
1751526000,126.75,126.75,126,126.5,127.82500000000002,130.43316027114582,125.2168397288542,56823,0.24598953625309367
1751529600,126.5,126.75,125,126.5,127.90000000000002,130.25265807119985,125.5473419288002,57151,0.2024642005699457
1751601600,126.75,126.75,123,123.75,127.72500000000002,130.68684064392016,124.76315935607988,14092,-0.17103542659521953
1751605200,123,125.75,123,125.5,127.63750000000002,130.74987449545804,124.52512550454199,12248,0.15661265970413765
1751608800,125.5,126.75,125.5,125.75,127.45000000000002,130.5427334188353,124.35726658116475,23715,0.22516221578511508
1751612400,126,126,125.75,126,127.25,130.16976026413153,124.33023973586846,188861,0.28594132960916246
1751616000,126,126,125.5,125.75,127.03750000000002,129.73599495089135,124.33900504910869,7662,0.2614410952344467
1751860800,125.75,129.75,123,129.5,127.23750000000003,130.0414035290062,124.43359647099386,44851,0.9034553929182255
1751864400,129,129.5,126,126.75,127.17500000000003,129.96381695347236,124.38618304652769,25607,0.4238028154786456
1751868000,126.5,128,126.25,128,127.2125,130.0244166061604,124.40058339383961,15062,0.6400290460738995
1751871600,127.5,129.5,127.5,129,127.325,130.23231835201997,124.41768164798003,59231,0.7880661484553673
1751875200,127.5,128,127.5,127.75,127.3125,130.2102361853693,124.41476381463072,19625,0.5754899638912846
1751947200,126.5,126.75,125.5,125.75,127.225,130.19947474354896,124.25052525645101,13773,0.2520570643272464
1751950800,126,126,125,125,127.075,130.17782129681925,123.97217870318076,4169,0.1656268921888731
1751954400,125,126,125,126,126.9375,129.97425402362504,123.90074597637495,31576,0.34564110350945093
1751958000,125.75,133.5,125.75,133,127.15,131.11673669405798,123.18326330594202,598774,1.237381940268821
1751961600,133.5,134,130,130,127.20000000000002,131.2822787753866,123.11772122461343,175338,0.842945711704222
1752033600,131.5,134.5,131.5,134,127.47500000000002,132.50217614570676,122.44782385429329,264650,1.1489726847518964
1752037200,134,135,134,134.5,127.80000000000003,133.68769904121785,121.91230095878221,72800,1.0689828872956564
1752040800,134.5,136,134,135.75,128.2375,135.05012614561934,121.42487385438068,350239,1.0513659372627315
1752044400,136,137,135.75,137,128.76250000000002,136.51245967731256,121.01254032268747,273072,1.031454378021777
1752048000,136.75,137,135.75,136,129.2375,137.5207285372295,120.9542714627705,38710,0.9082043595444402
1752206400,136,141,135,139.5,130.02500000000003,139.03457823651823,121.01542176348184,525680,1.0258292758697236
1752210000,140,140,139,140,130.75000000000003,140.49037986938612,121.00962013061394,467591,0.9748274771640387
1752213600,139.75,140,138.25,139.25,131.425,141.54935183110302,121.30064816889701,45489,0.8864444919802575
1752217200,138.5,139.5,138.25,138.5,132.05,142.30012195049204,121.79987804950798,56313,0.8146304029919553
1752220800,138.5,138.75,137.75,138.5,132.68750000000003,142.87680198786703,122.49819801213302,67419,0.7852256222713421
1752465600,138.5,138.5,137.5,138,133.1125,143.44264399705784,122.78235600294218,64416,0.73656495017843
1752469200,138,138.5,137,137,133.62500000000003,143.65433198173918,123.59566801826087,49298,0.6682564704281895
1752472800,137,137,136.5,137,134.07500000000002,143.8590431315459,124.29095686845415,24428,0.6494780818457939
1752476400,137.25,137.25,136,137,134.475,144.04827007871276,124.90172992128723,17972,0.6318776123121516
1752480000,137,138,135.75,136,134.8875,143.9642215997838,125.81077840021618,182948,0.5612831399404444
1752552000,137,137,133,133,135.25,143.36634154037128,127.13365845962872,54833,0.3613907516823723
1752555600,133.5,135,133.5,134,135.7,142.36070566831785,129.03929433168213,61167,0.37238589387861976
1752559200,134.5,135,134,134.75,136.1375,141.13368604537143,131.14131395462854,27951,0.3611440819657433
1752562800,134.75,135,133.75,134.25,136.2,141.06723740945094,131.33276259054904,16979,0.29968102683736164
1752566400,134.25,135,133.5,134.5,136.425,140.47191240329516,132.37808759670486,32301,0.2621643603611729
1752638400,134,134,132,132,136.325,140.6927797563471,131.95722024365287,14780,0.004897197058180873
1752642000,132,132,130.5,132,136.2,140.89999999999498,131.500000000005,16619,0.05319148936122672
1752645600,132,132,130,130.75,135.95,141.21687763290183,130.68312236709815,147053,0.006348888047452414
1752649200,130.25,133,130,132.75,135.7375,141.15846624227856,130.31653375772146,18173,0.22444949235246495
1752652800,132.75,134,130,130.25,135.45,141.37157073756268,129.5284292624373,75404,0.060927308778523356
1752724800,131.75,132.75,127.5,127.5,134.85,141.406294685258,128.293705314742,282352,-0.060530021364557214
1752728400,127.5,129,127.25,128.5,134.27500000000003,140.94002063011806,127.60997936988203,41987,0.06676803265215207
1752732000,128.5,128.5,128.25,128.5,133.7375,140.44472558141067,127.03027441858936,10931,0.1095628560253025
1752735600,128.5,129,128.25,129,133.26250000000002,139.89852855629275,126.62647144370729,62434,0.17883652369473096
1752739200,130,131,129.25,131,132.88750000000002,139.13344868694293,126.64155131305712,41574,0.3489020567887609
1752811200,130.75,132.75,130.75,132.75,132.62500000000003,138.41399818620718,126.83600181379288,19233,0.5107963412648665
1752814800,132.5,134.75,132.5,133,132.425,137.86122111396625,126.98877888603376,21433,0.5528860018701923
1752818400,134.25,134.25,132,132.25,132.18750000000003,137.20216599086308,127.17283400913698,19193,0.5062317211269753
1752822000,132,132,131.75,131.75,131.925,136.42805451887253,127.42194548112748,78226,0.4805687451410403
1752825600,131.75,134,131.75,133,131.775,135.90991233280045,127.64008766719955,99620,0.6481288962625172
1753070400,134.75,138,134.5,138,132.025,136.95424943575875,127.09575056424127,118698,1.1060760444232092
1753074000,138,139,136,137,132.175,137.50205359461773,126.84794640538229,60793,0.9528769904694602
1753077600,137.75,137.75,136,136.5,132.2625,137.808838882538,126.716161117462,116988,0.8820087529578544
1753081200,136,137.5,136,136.5,132.37499999999997,138.16399818621215,126.58600181378779,30842,0.8562792617403694
1753084800,137,137,123,130,132.14999999999998,137.94094120156296,126.35905879843699,89119,0.3143652365681344
1753156800,135,135,126,134,132.24999999999994,138.09593876122705,126.40406123877284,33705,0.6496765593583399
1753160400,134,137,133,134,132.34999999999997,138.24364064055365,126.45635935944628,28335,0.6399813884686583
1753164000,136.75,136.75,134,135,132.56249999999994,138.51622782380988,126.60877217619,28306,0.7047036807974402
1753167600,134.25,135,133,134,132.62499999999994,138.61144301735246,126.63855698264743,81539,0.6148428203537922
1753171200,134,135.5,133,135,132.86249999999995,138.83006860035994,126.89493139963997,234651,0.6790930396569806
1753243200,136,136,134,136,133.28749999999997,138.8648537632091,127.71014623679083,17848,0.7431708759351934
1753246800,135.75,136,134.25,134.25,133.57499999999996,138.7109030364695,128.43909696353043,2419,0.5657138574469702
1753250400,134.25,134.25,134,134,133.84999999999997,138.4282092569045,129.27179074309544,53082,0.5163819510623957
1753254000,134,134.5,134,134.5,134.12499999999994,138.1296847566344,130.1203152433655,210691,0.5468201647306701
1753257600,134.25,134.5,134,134,134.27499999999992,138.01632329531154,130.5336767046883,31279,0.46324829768861026
1753329600,135,136.75,135,136.25,134.44999999999993,138.2169616403735,130.68303835962635,121553,0.7389193429404762
1753333200,136.5,137,134,135,134.54999999999993,138.26348892553233,130.83651107446752,104435,0.5605899208297164
1753336800,135,135,134,134.25,134.64999999999992,138.21510869400416,131.08489130599568,170273,0.44390072865483227
1753340400,134.25,134.25,133.75,134.25,134.77499999999992,138.09124787976862,131.45875212023122,54441,0.4208442765688947
1753344000,134.25,134.75,134,134.75,134.8624999999999,138.07760108707024,131.64739891292956,6994,0.48250443812601707
1753416000,135,135,133.75,134,134.6624999999999,137.55332600653688,131.77167399346294,109906,0.38541337346111276
1753419600,134.5,134.5,134,134.25,134.52499999999992,137.21247093008674,131.8375290699131,118116,0.44883665588318816
1753423200,134.25,135,134,134.5,134.4249999999999,136.95531618579247,131.89468381420733,76780,0.514820282228209
1753426800,134.5,134.5,134,134.25,134.31249999999991,136.65704153302292,131.9679584669769,38397,0.4866711680898806
1753430400,134.25,137,134.25,136,134.6124999999999,136.0220655359379,133.20293446406188,569863,0.9921729301067125
1753675200,136,139.75,136,138,134.81249999999991,136.8241846174469,132.80081538255294,534527,1.2922464516444274
1753678800,138.5,141,138.5,140.5,135.13749999999987,138.29374381189473,131.98125618810502,513591,1.3495066160273506
1753682400,140,141,139.5,140.5,135.41249999999988,139.33765923245363,131.48734076754613,231868,1.1480628808553772
1753686000,140.5,140.5,139.5,139.5,135.6874999999999,139.9356613670035,131.43933863299628,38776,0.9487235383303272
1753689600,139.75,140,139.5,140,135.9374999999999,140.5658771454043,131.30912285459547,96799,0.9388687300508594
1753761600,140.5,140.5,139,139.75,136.12499999999991,141.04307889323383,131.206921106766,12878,0.8685382116365813
1753765200,139.75,141.5,139.75,140.5,136.43749999999991,141.62612939513625,131.24887060486358,85461,0.8914810338745868
1753768800,141,141,140.75,140.75,136.77499999999992,142.1599326829668,131.39006731703304,123814,0.869085393822418
1753772400,140.75,140.75,140.5,140.75,137.08749999999992,142.63113373610523,131.5438662638946,1559,0.8303338725416208
1753776000,140.75,141,139.75,140,137.3874999999999,142.8794827931364,131.89551720686342,89722,0.7378467029489809
1753848000,143,143,140,140,137.5749999999999,143.15420245197313,131.99579754802667,10152,0.7173249690143824
1753851600,140.5,140.5,139.75,140,137.8249999999999,143.36823912528536,132.28176087471445,6617,0.6961849336499707
1753855200,140,140,139.5,139.75,138.0999999999999,143.448831648136,132.7511683518638,4875,0.6542392907968102
1753858800,140,140,138.5,140,138.3874999999999,143.49013412367634,133.28486587632347,7987,0.658006625687508
1753862400,140,140,139,140,138.64999999999992,143.51158410398256,133.78841589601728,694,0.638843633178551
1753934400,141,141,138.5,139,138.89999999999992,143.2686382317712,134.53136176822863,10899,0.5114452141256308
1753938000,139,139,138.5,139,139.1374999999999,142.95022540318686,135.32477459681294,1233,0.48196827918882246
1753941600,139,139,139,139,139.3624999999999,142.53060274456283,136.19439725543697,3243,0.4427891029383411
1753945200,138.75,139,138.25,139,139.5999999999999,141.74709105537877,137.45290894462104,3371,0.36027607015156704
1753948800,138.75,138.75,138.25,138.5,139.7249999999999,141.20739670806495,138.24260329193487,5081,0.0868177548778788
1754020800,138,139.5,137,139,139.77499999999992,141.07788142211095,138.4721185778889,65356,0.20258229688155113
1754024400,139,139,137,137,139.5999999999999,141.33493515731752,137.8650648426823,57494,-0.24930754300344637
1754028000,137,138.75,136,136.75,139.4124999999999,141.49381568967226,137.33118431032756,52186,-0.13961945158330355
1754031600,138.5,138.5,137,138,139.33749999999992,141.5070333599789,137.16796664002095,21110,0.19175399081835623
1754035200,138,138,137.75,138,139.2374999999999,141.45940796391318,137.01559203608662,19070,0.2215231188468354
1754280000,138,139.5,137.5,137.5,139.12499999999991,141.45684476328773,136.7931552367121,24654,0.15156342618006827
1754283600,137.5,138,137,137,138.9499999999999,141.36660919473616,136.53339080526365,57308,0.09654212930926036
1754287200,136.75,138,136,136,138.71249999999992,141.30226350272505,136.1227364972748,40478,-0.023696468257745216
1754290800,138,138,136,136,138.47499999999994,141.14380122902145,135.80619877097843,10468,0.03630866677407614
1754294400,136,136,135,136,138.27499999999992,141.05393864632907,135.49606135367077,13118,0.09067106375214708
1754366400,135.25,138,134.5,136.5,138.09999999999994,140.8631503759365,135.33684962406338,59753,0.21047540265382367
1754370000,136.5,137.75,136.5,137.75,137.98749999999993,140.6117856170851,135.36321438291475,16584,0.4547495900496304
1754373600,137.75,137.75,135.75,135.75,137.78749999999994,140.45337227751838,135.1216277224815,22724,0.11785491053296729
1754377200,136,136.75,136,136.75,137.62499999999994,140.1224987487548,135.1275012512451,1091,0.32482473706219434
1754380800,136.25,137.75,136,137,137.47499999999994,139.73276438098551,135.21723561901436,26547,0.39480744669366546
1754452800,137.75,137.75,136.75,136.75,137.36249999999993,139.52741916709547,135.19758083290438,452,0.3585397530519222
1754456400,137,137.75,135,137.75,137.29999999999993,139.34083316321204,135.2591668367878,3831,0.6102490904478955
1754460000,137.5,137.5,136,136,137.14999999999995,139.10831560276563,135.19168439723427,12609,0.20638032031817732
1754463600,136,137,136,136,136.99999999999994,138.82345825289215,135.17654174710773,22012,0.2257957514481532
1754467200,137,137,135.5,135.5,136.84999999999997,138.64861057486468,135.05138942513526,739,0.12471031281979665
1754539200,136.5,137,135.25,136,136.7,138.23785564991994,135.16214435008004,29283,0.2724103689327321
1754542800,136,136.5,136,136,136.64999999999998,138.21044865343663,135.08955134656333,1318,0.2917265657641311
1754546400,136,136.5,135.5,135.75,136.59999999999997,138.20779351908783,134.9922064809121,15063,0.2356625742333538
1754550000,135.75,135.75,135.25,135.25,136.4625,138.03789677540885,134.88710322459116,883,0.1151763102075231
1754553600,135.75,136,135,136,136.3625,137.78090579523382,134.9440942047662,520872,0.3722156941200818
1754884800,136.5,137,135.25,136,136.2875,137.61297161417806,134.96202838582192,4564,0.39154803583693715
1754888400,135.5,135.5,135,135.5,136.2125,137.5379716141726,134.88702838582742,49474,0.23122774098607232
1754892000,135.25,136,135,136,136.2125,137.5379716141726,134.88702838582742,2040,0.419839852574792
1754895600,135.5,135.5,135.25,135.25,136.175,137.5633443376829,134.78665566231712,3380,0.16686938719258632
1754899200,135.5,135.75,135,135,136.125,137.60401994576506,134.64598005423494,273360,0.11968058536963626
1754971200,137,137,135,135,136.05,137.59596248335973,134.5040375166403,8378,0.1604057306364477
1754974800,135,136,135,135.75,135.95,137.28790881602356,134.61209118397642,73147,0.4252564907246769
1754978400,135.25,135.75,135.25,135.75,135.95,137.28790881601813,134.61209118398185,1325,0.42525649072437366
1754982000,135.75,135.75,135,135.75,135.89999999999998,137.18840987267384,134.6115901273261,15132,0.44178871057209507
1754985600,135,135.75,134.75,135.5,135.825,137.01978031453095,134.63021968546903,11192,0.36399173302098825
1755057600,137,137,135.25,136,135.78749999999997,136.90860436623527,134.66639563376467,2808,0.5947726217112217
1755061200,136.75,137,136.75,136.75,135.73749999999998,136.55105700475792,134.92394299524204,2860,1.1222673974156674
1755064800,136.75,136.75,136,136,135.73749999999998,136.55105700476685,134.92394299523312,5663,0.661328584513411
1755068400,136,136,136,136,135.73749999999998,136.55105700476685,134.92394299523312,436,0.661328584513411
1755072000,135.25,136,135.25,136,135.76249999999996,136.57605700477578,134.94894299522414,13806,0.6459639574153044
1755144000,136.5,136.5,135.5,135.5,135.73749999999998,136.55105700476685,134.92394299523312,6150,0.35403604258312427
1755147600,135.75,136,135.5,135.5,135.71249999999998,136.5229782538727,134.90202174612725,10741,0.36890456407400035
1755151200,135.5,135.5,135,135.25,135.68749999999997,136.5222903928584,134.85270960714155,2943,0.23795817264863411
1755154800,135,135.5,133.5,135.5,135.7,136.51547532150215,134.88452467849783,20022,0.3773721321010827
1755158400,135.5,135.5,134.25,135,135.64999999999995,136.50732140999136,134.79267859000853,3488,0.1209123017198074
1755230400,136.5,136.5,135,136,135.64999999999995,136.50732140999136,134.79267859000853,103276,0.704124145227842
1755234000,136,137,135.75,137,135.72499999999997,136.76061575886487,134.68938424113506,298220,1.115575800718553
1755237600,137.5,138.5,137.25,137.25,135.78749999999997,137.01504836972165,134.55995163027828,28912,1.0956995406753764
1755241200,137,137.25,137,137,135.87499999999994,137.1836252328391,134.5663747671608,6605,0.9298404049413351
1755244800,137.25,138,137,138,136.02499999999995,137.5652921800836,134.4847078199163,35835,1.1411121297430746
1755489600,138,138.25,137,138,136.17499999999995,137.86393457541212,134.4860654245878,13879,1.0402814373536875
1755493200,138,138,137,137.25,136.24999999999994,137.98925271310344,134.51074728689645,17945,0.7874797872862511
1755496800,137.25,138,136.75,136.75,136.29999999999998,138.03637553541836,134.5636244645816,26393,0.6295802638372208
1755500400,137.5,138,137.25,137.5,136.38749999999996,138.17967047180858,134.59532952819134,75004,0.8103778400269396
1755504000,137.5,139,137.25,139,136.56249999999994,138.6353904939791,134.4896095060208,74504,1.0879471219246617
1755576000,139,139,138,139,136.71249999999995,139.02158531675042,134.40341468324948,85021,0.9953260027696174
1755579600,139,140.5,138.5,139,136.82499999999996,139.3404522456238,134.30954775437613,185794,0.9323278256989208
1755583200,139,140,139,139.5,136.99999999999994,139.73861278753108,134.2613872124688,13755,0.9564354645867641
1755586800,139.75,139.75,138.75,139,137.14999999999995,139.98019433962114,134.31980566037876,10342,0.826832679668151
1755590400,139,139.75,138.75,139,137.29999999999995,140.18790581564312,134.4120941843568,16938,0.7943309284519444
1755662400,139,145,138.75,143,137.67499999999995,141.36654439226066,133.98345560773924,484429,1.2212428504400301
1755666000,142.75,142.75,140.5,140.5,137.92499999999995,141.67033042601386,134.17966957398605,52939,0.8437613918006929
1755669600,140.5,143,140.5,142.5,138.28749999999997,142.3194815227777,134.25551847722224,292777,1.0223858264481758
1755673200,142.25,142.25,142,142,138.61249999999998,142.74007495389304,134.48492504610692,6499,0.9103499073717588
1755676800,142,142.25,140,142,138.96249999999995,142.99138011735778,134.93361988264212,158085,0.8769657958936822
1755748800,142,143,141.5,143,139.31249999999994,143.46543570863315,135.15956429136673,421753,0.9439630491190131
1755752400,143,143,142,142,139.56249999999994,143.73045813319186,135.39454186680803,95916,0.7924093671417669
1755756000,141.5,142.75,139,142.5,139.82499999999996,144.03837157156187,135.61162842843805,40421,0.8174417393014795
1755759600,142,142.5,139.5,142.5,140.09999999999997,144.25752330119963,135.9424766988003,12573,0.7886333793135338
1755763200,142.5,142.75,140,142.25,140.31249999999994,144.45337852997997,136.17162147001991,26931,0.733947939546225
1755835200,142,145,141.5,143.75,140.59999999999997,144.8555845661941,136.34441543380584,91952,0.8701019156126362
1755838800,144,144,142,142,140.83749999999992,144.84148239257956,136.83351760742028,13762,0.6451679710373447
1755842400,142,142.75,141.75,142,141.09999999999994,144.66160076371145,137.53839923628843,24476,0.6263476818022384
1755846000,141.75,142,141.5,142,141.32499999999993,144.49556777250976,138.1544322274901,39917,0.606447811312
1755849600,142,143,142,142,141.47499999999994,144.4704131601627,138.47958683983717,79377,0.587633987688619
1756094400,141.5,142,140,142,141.62499999999994,144.40213881540913,138.84786118459076,41895,0.5675155303579601
1756098000,141,142,141,142,141.77499999999992,144.27949595729226,139.27050404270759,53984,0.5449192180456406
1756101600,142,142,141,141.5,141.87499999999991,144.15809001138712,139.5919099886127,55612,0.41787446002357453
1756105200,141.5,141.5,140.25,141.5,141.99999999999991,143.87749833557734,140.1225016644225,13831,0.3668440896790093
1756108800,141,141.25,140,140,142.0499999999999,143.6358751527518,140.464124847248,47337,-0.14633082763249902
1756180800,140.5,141.5,140.5,141,141.9499999999999,143.5358751527518,140.364124847248,1913,0.2004808359751989
1756184400,141.5,143,141.25,141.25,141.9874999999999,143.4663086421561,140.5086913578437,56010,0.2506438700126284
1756188000,142,142,142,142,141.96249999999992,143.4225941750769,140.50240582492293,123345,0.5128416374231828
1756191600,142,142,141.25,141.25,141.92499999999993,143.41748115568697,140.43251884431288,9728,0.2738664915708104
1756195200,141.5,141.75,141.25,141.75,141.9124999999999,143.40644611686608,140.41855388313374,39617,0.44561383500872737
1756267200,141.5,144.25,141.5,141.75,141.8499999999999,143.2589002803968,140.44109971960302,20845,0.46451132795156425
1756270800,142,142,140.75,142,141.8499999999999,143.2589002803968,140.44109971960302,94256,0.5532330080727343
1756274400,142,142,141,142,141.82499999999993,143.20431142244368,140.44568857755618,563,0.5634374504381389
1756278000,141.25,142,141.25,141.25,141.76249999999993,143.1270054049323,140.39799459506756,3268,0.31220301577869825
1756281600,141.5,141.75,140.75,140.75,141.68749999999994,143.1006082761309,140.27439172386897,10890,0.168284442234399
1756353600,142.5,142.5,140.25,140.5,141.52499999999995,142.67500000002298,140.37499999997692,24698,0.05434782609590238
1756357200,140.5,140.75,139.75,140.5,141.44999999999996,142.66037184370757,140.23962815629235,12272,0.10755861723868071
1756360800,140.75,140.75,139,139.5,141.32499999999993,142.77500000003286,139.874999999967,52747,-0.12931034481327108
1756364400,139.5,139.5,139.5,139.5,141.19999999999996,142.8170961628992,139.58290383710073,4503,-0.025633551981254745
1756368000,139.25,139.5,139,139.5,141.07499999999996,142.80777234513377,139.34222765486615,55466,0.04552598775509263
1756440000,139.5,140,139.25,139.75,140.96249999999995,142.73221042830454,139.19278957169536,2494,0.1574298312855789
1756443600,139.75,140,139.25,139.25,140.82499999999996,142.67635085817054,138.97364914182938,67664,0.07463492318352179
1756447200,139.5,140,139.5,140,140.74999999999994,142.6074175621155,138.89258243788439,5359,0.2981067867298213
1756450800,140,140,139.5,140,140.67499999999995,142.52635085817053,138.82364914182938,23131,0.3177006813643742
1756454400,139.75,140,139,139,140.62499999999994,142.59667441532702,138.65332558467287,49168,0.08791370741340704
1756699200,142,142,139.5,140,140.57499999999996,142.55679211827294,138.59320788172698,37050,0.3549292847876898
1756702800,140,140,139.75,139.75,140.49999999999994,142.48746069144903,138.51253930855086,18267,0.31131702296634933
1756706400,140,140,139.75,140,140.39999999999992,142.27349939954135,138.5265006004585,17947,0.39324789746454497
1756710000,139.75,140,139.75,139.75,140.32499999999993,142.17635085817443,138.47364914182543,71134,0.3447079878292483
1756713600,140,140.25,139.5,139.75,140.22499999999994,141.9707090250264,138.47929097497348,134267,0.3639521268463573
1756785600,142,142,140,140,140.13749999999993,141.73808583026886,138.536914169731,114892,0.4570469769881602
1756789200,139.75,140,139.75,139.75,140.02499999999992,141.38422772192945,138.6657722780704,10763,0.39883961474478435
1756792800,139.75,139.75,139.75,139.75,139.9124999999999,140.9283124827315,138.8966875172683,276,0.4200147651449739
1756796400,139.5,139.5,139,139.5,139.8249999999999,140.648103881705,139.0018961182948,51785,0.3025765597614167
1756800000,139.5,139.5,138.75,139,139.73749999999993,140.5197243923967,138.95527560760314,5361,0.028587955599172894
1756872000,139.25,141,139.25,140,139.71249999999992,140.4244515433402,139.00054845665963,12916,0.7019098088131143
1756875600,140,140,139,140,139.68749999999994,140.31748015843382,139.05751984156606,30949,0.748023684410098
1756879200,139,139.25,138,138,139.61249999999993,140.58042303416,138.64457696583986,6800,-0.3329691220744657
1756882800,138,139.5,138,139.5,139.61249999999993,140.58042303416,138.64457696583986,1393,0.4418858752041426
1756886400,139.5,139.75,139,139.75,139.62499999999994,140.59324583656684,138.65675416343305,3574,0.564549722435817
1756958400,138,139,138,138,139.53749999999994,140.7341097943995,138.34089020560037,12578,-0.14244000308029667
1756962000,138.25,139,138,139,139.52499999999992,140.7384661099765,138.31153389002333,26000,0.28367751860410545
1756965600,138.5,139,137.5,139,139.47499999999997,140.68846610995857,138.26153389004136,22564,0.30427965968651133
1756969200,137.75,139,137.75,138.75,139.41249999999997,140.64004836972165,138.18495163027828,431,0.23015319952314023
1756972800,138.25,138.75,138.25,138.75,139.39999999999995,140.64899959969034,138.15100040030956,533,0.23979175006898582
1757304000,139.5,139.75,138,138,139.29999999999995,140.6564659966291,137.94353400337081,2389,0.020813642498044682
1757307600,138,138.5,137,137,139.16249999999997,140.83039538041223,137.4946046195877,7804,-0.14827207551394825
1757311200,137.25,138,136.75,138,139.06249999999994,140.75716073302019,137.3678392669797,6943,0.18651542479940977
1757314800,138.25,138.25,137.25,137.25,138.93749999999994,140.77376659285642,137.10123340714347,1060,0.040507896139719134
1757318400,137.25,137.5,137.25,137.5,138.82499999999993,140.72302528962382,136.92697471037604,279,0.1509530175273657
1757390400,138,138,137,137,138.67499999999995,140.6504746265166,136.6995253734833,1610,0.07605124927534906
1757394000,137.25,137.25,136,136,138.48749999999993,140.71502665529212,136.25997334470773,11636,-0.05835471016476554
1757397600,135.5,135.5,135,135.25,138.26249999999993,140.8192313116622,135.70576868833766,31180,-0.08913112736146982
1757401200,135.25,136,135,135,138.03749999999994,140.8935243346379,135.18147566536197,47826,-0.031770679115200304
1757404800,134.75,135,134,134,137.78749999999994,141.10139121729136,134.4736087827085,43278,-0.0714581064455714
1757476800,134,135,133,135,137.53749999999997,140.90006970188114,134.1749302981188,67994,0.1226844013701224
1757480400,135,137,135,135,137.28749999999997,140.6239464629312,133.95105353706873,170117,0.15719515876926696
1757484000,136,136.5,135,136.5,137.21249999999995,140.54894646293556,133.87605353706434,11129,0.39322472158401617
1757487600,136.5,136.5,136,136,137.03749999999997,140.24013563335046,133.83486436664947,8560,0.3380240341430027
1757491200,136.5,136.5,135,135,136.79999999999993,139.86431068921823,133.73568931078162,51595,0.20629610007673518
1757563200,136,137.5,135,137.5,136.77499999999992,139.8077380368352,133.74226196316465,59661,0.6195289522527692
1757566800,137,137,135.5,137,136.6749999999999,139.53463284358185,133.81536715641795,747,0.5568254768666404
1757570400,137,137,135.5,135.75,136.51249999999993,139.1886679693264,133.83633203067347,23441,0.35753883748338877
1757574000,135.5,136,135,136,136.37499999999994,138.85239782837567,133.89760217162421,26955,0.42431574862447374
1757577600,135,136,135,136,136.23749999999995,138.46502665528888,134.00997334471103,8588,0.4466897512907317
1757649600,135.5,136.75,135,135,136.08749999999995,138.22218381734584,133.95281618265406,38763,0.24527843628100668
1757653200,135,136,134.75,136,136.03749999999997,138.13079286054443,133.9442071394555,11651,0.49104282045126446
1757656800,135,136,135,136,135.93749999999994,137.82744047526307,134.0475595247368,6559,0.5165349122943556
1757660400,136,136,135,135,135.82499999999996,137.65598334236623,133.9940166576337,20740,0.274711221858039
1757664000,135,135,135,135,135.69999999999996,137.39263108798687,134.00736891201305,161775,0.29322133305713766
1757908800,135,136.5,134.5,135,135.59999999999997,137.20779351908783,133.9922064809121,2265,0.31340887592942934
1757912400,135,136.5,134.5,135,135.54999999999995,137.1670961628902,133.9329038371097,9683,0.3299420861227773
1757916000,135,136.25,135,136,135.58749999999995,137.20980545830164,133.96519454169825,35,0.6271338877303276
1757919600,135.5,136,134.5,134.5,135.56249999999994,137.2348860200411,133.89011397995878,7058,0.1823400855820973
1757923200,134.25,134.5,134,134,135.56249999999994,137.2348860200411,133.89011397995878,25863,0.03285306703248803
1757995200,135,136,134.5,135.5,135.58749999999995,137.2403384676146,133.9346615323853,14053,0.47353038372641854
1757998800,135,135.5,135,135.25,135.59999999999997,137.2385969608211,133.96140303917883,77062,0.39320131540321723
1758002400,135.5,135.5,135.5,135.5,135.54999999999998,137.13587515271516,133.9641248472848,52309,0.48423583347201765
1758006000,135.5,135.5,135,135.5,135.52499999999998,137.09741851935271,133.95258148064724,1303,0.4920504624906516
1758009600,135.5,135.5,135,135.5,135.54999999999998,137.10402702678994,133.99597297321003,33665,0.48391276369778957
1758081600,135.75,137,135.75,136,135.47499999999997,136.76825171564357,134.18174828435636,166807,0.702976726668698
1758085200,136.75,137,136,137,135.47499999999997,136.76825171564357,134.18174828435636,16635,1.0895990631804786
1758088800,137,137,136.75,137,135.53749999999997,136.98900783670868,134.08599216329125,15834,1.0037864636391645
1758092400,137,137,136.5,136.75,135.575,137.10878616501094,134.04121383498904,13085,0.8830390529020131
1758096000,137,137.5,136.75,137.5,135.64999999999998,137.3921251390236,133.90787486097636,9416,1.0309607095839477
1758168000,138,138.5,137.5,138.25,135.81249999999997,137.86112758939325,133.7638724106067,13665,1.094910468994006
1758171600,138.25,138.25,136.75,138.25,135.92499999999998,138.23313777751662,133.61686222248335,220452,1.003652776417343
1758175200,137,138.25,137,138.25,136.03749999999997,138.55878439491195,133.51621560508798,7215,0.9387644655368733
1758178800,138.25,138.25,137.5,138,136.18749999999994,138.7993719340833,133.5756280659166,17115,0.8469733673286245
1758182400,138.25,138.25,137.75,138,136.33749999999995,139.0033722775184,133.6716277224815,5984,0.8118116374179047
1758254400,138.75,140,138.75,139.25,136.54999999999995,139.42489130229794,133.67510869770197,5864,0.9695829713356221
1758258000,139.5,142.25,139.5,140.75,136.83749999999995,140.15139121729138,133.52360878270852,75294,1.090318109958644
1758261600,140.75,141.5,140,141,137.08749999999995,140.83674992498814,133.33825007501176,18772,1.021771031309999
1758265200,141,141,140,140,137.36249999999995,141.1190775647564,133.6059224352435,862,0.8510509172956541
1758268800,140.25,140.5,140,140,137.66249999999997,141.2516329036441,134.07336709635584,271539,0.8256357541993942
1758517200,142,142,141,141,137.93749999999994,141.66199661028713,134.21300338971275,27806,0.9111293847793182
1758520800,141.25,141.25,138.5,140,138.17499999999995,141.78782437990674,134.56217562009317,77604,0.752572476280612
1758524400,140,142.5,140,142.25,138.51249999999996,142.3186627658353,134.7063372341646,206575,0.9909800539204945
1758528000,142.25,142.25,140,142,138.83749999999992,142.6691934898399,135.00580651015994,12353,0.9126765369393044
1758600000,142.5,142.5,142,142.25,139.17499999999993,142.9601684242694,135.38983157573045,11368,0.906190644025773
1758603600,141.75,141.75,141.5,141.5,139.4499999999999,143.06801050304063,135.83198949695918,2333,0.7833048713204666
1758607200,142,142,141,141.5,139.6749999999999,143.21442085659677,136.13557914340302,1955,0.7578105393427026
1758610800,141.5,141.5,141.5,141.5,139.89999999999992,143.30000000001243,136.4999999999874,500,0.7352941176462047
1758614400,141.25,142,141.25,142,140.16249999999994,143.353405044038,136.97159495596188,1233041,0.7879277155917375
1758686400,142,144,142,143,140.43749999999994,143.61112174810611,137.26387825189377,168183,0.903718559328818
1758690000,143,144,143,143.25,140.68749999999994,143.91966258874024,137.45533741125965,113220,0.8964064197956649
1758693600,143.25,143.5,143,143,140.92499999999993,144.10344301507521,137.74655698492464,33261,0.8264176815752858
1758697200,143.5,147.75,143.5,147.25,141.37499999999991,145.35777541421677,137.39222458578305,424333,1.2375510026285648
1758700800,147,151,147,151,142.02499999999992,147.54065952539426,136.50934047460558,750408,1.313592640977818
1758772800,150.25,153.25,150.25,151.75,142.71249999999992,149.36132508418407,136.06367491581577,213659,1.1796313548312445
1758776400,152,152,149.5,150,143.24999999999991,150.41065639450008,136.08934360549975,235900,0.9713255062192699
1758780000,150.5,153,150.25,152.75,143.8499999999999,152.01302639957203,135.6869736004278,272546,1.0451409541237429
1758783600,153,154,152,154,144.49999999999991,153.66105889076712,135.3389411092327,254391,1.0184990137752783
1758787200,153.5,154.5,153,153,145.14999999999992,154.774707787777,135.52529221222284,385979,0.9078045886218594
1758859200,154,154.5,152.5,154,145.8499999999999,155.90161678537854,135.79838321462128,26350,0.9054074172353704
1758862800,154,154,152.75,152.75,146.43749999999991,156.6586484188472,136.21635158115262,26692,0.8087960247382842
1759118400,159,159,154,155.25,147.1999999999999,157.6589674442618,136.741032555738,326590,0.8848372242719125
1759122000,155.25,156,153.5,154.5,147.81249999999994,158.47302883304002,137.15197116695987,83745,0.8136570476350832
1759125600,154.5,154.5,152.75,154,148.4124999999999,159.0476716018185,137.7773283981813,46306,0.7626896964711241
1759129200,153.75,153.75,152.5,153,148.94999999999993,159.3694529606927,138.53054703930715,40280,0.6943480149715454
1759132800,153.5,154,152.75,154,149.5749999999999,159.6250000000058,139.524999999994,344194,0.720149253731219
1759204800,154.25,155,152,152.25,150.1124999999999,159.5059485147972,140.71905148520258,115205,0.6137761066467199
1759208400,153,153,151,151,150.5874999999999,159.11140022232368,142.0635997776761,36125,0.5241966699070331
1759212000,151.25,151.5,150.25,151,151.0374999999999,158.59606302481637,143.47893697518344,30766,0.49751936976136946
1759215600,151.25,152,151,152,151.4874999999999,158.08953567092286,144.88546432907694,18583,0.5388137860461193
1759219200,152,152.25,151,151.5,151.89999999999992,157.31617946527743,146.4838205347224,35657,0.463073601736771
1759291200,151,151.5,150.25,151,152.2999999999999,155.90763080152746,148.69236919847233,49169,0.3198263525955255
1759294800,151,151,149.5,149.5,152.41249999999988,155.4836357834097,149.34136421659005,134470,0.02582689184029144
1759298400,150,153,149.5,150,152.3624999999999,155.55418842466102,149.17081157533877,101468,0.12989808438918415
1759302000,150,153,149.75,152.75,152.41249999999988,155.59556063406538,149.22943936593438,155441,0.5530150127189148
1759305600,151.25,152.25,151,151,152.4624999999999,155.52140094643943,149.40359905356036,14871,0.26094355037841355
1759377600,152.25,152.25,151.25,151.25,152.38749999999987,155.48780240463114,149.2871975953686,13264,0.31655015357523425
1759381200,151.5,152.25,151.5,151.5,152.26249999999987,155.29348581325593,149.23151418674382,42310,0.37421584148215536
1759384800,151.25,151.5,151.25,151.5,152.18749999999991,155.21601035991316,149.15898964008667,6778,0.3864953527813572
1759388400,152,152,150.25,152,152.0874999999999,154.99986587676455,149.17513412323524,84056,0.48497784898903296
1759392000,152,152,150.25,150.5,151.9749999999999,154.9494747435648,149.00052525643503,8160,0.25205706432858566
1759464000,151.5,151.5,150,151,151.76249999999987,154.35322866200863,149.17177133799112,20961,0.3528406291285132
1759467600,150.25,150.75,150,150.75,151.5749999999999,153.87228100155968,149.27771899844012,25491,0.32043990277206963
1759471200,150.5,150.5,149.75,150,151.3749999999999,153.4815374433285,149.26846255667127,61843,0.173635044002067
1759474800,150,151.5,149.5,150,151.2249999999999,153.27378012488538,149.17621987511444,37642,0.20104161370942877
1759478400,150,151,149,149,150.97499999999988,152.81823085915778,149.13176914084198,37328,-0.03574406867899937
1759809600,149,152,149,151.5,150.9374999999999,152.70438284844872,149.17061715155106,34576,0.6591786349881488
1759813200,151,152,151,152,150.9874999999999,152.81421152625114,149.16078847374865,29074,0.7771373545986056
1759816800,151.5,153,151.25,152.25,151.0499999999999,152.95787840287178,149.142121597128,210516,0.8144854510103392
1759820400,153,153,151.5,152,151.0499999999999,152.95787840287178,149.142121597128,33629,0.7489676487165242
1759824000,152,153,151.5,152,151.0749999999999,153.01857917259036,149.13142082740944,40250,0.7379630356830869
1759896000,152.5,153.25,151,153,151.1749999999999,153.29101039698264,149.05898960301715,375859,0.9312360663733981
1759899600,153,153.5,151,153.25,151.3624999999999,153.51584042829776,149.20915957170203,115292,0.9382725497547313
1759903200,153.25,153.25,152.25,152.25,151.4749999999999,153.5660523666668,149.383947633333,19039,0.6853133886922753
1759906800,152.5,153,151,153,151.4874999999999,153.6116174638286,149.3633825361712,160846,0.8560302162559879
1759910400,152,153,151.5,152.5,151.56249999999991,153.71816115150824,149.4068388484916,45299,0.7174506877725454
1759982400,151.75,157,151.75,157,151.8499999999999,155.0453090617555,148.65469093824433,76824,1.3058688377972671
1759986000,156,157,155,157,152.12499999999991,156.0221143170467,148.22788568295314,107976,1.1254627916194095
1759989600,157,157,155,156.75,152.3874999999999,156.7592130509827,148.0157869490171,57529,0.9989462882312647
1759993200,156.25,156.75,156,156,152.58749999999992,157.22774514440033,147.9472548555995,33609,0.8677068661036255
1759996800,156,156.75,156,156,152.8624999999999,157.62557411239254,148.09942588760725,86474,0.8293566220014196
1760068800,158.5,158.5,158.5,158.5,153.2374999999999,158.50882573458853,147.96617426541127,1043,0.9991628543716606
1760072400,158.5,161,156.25,160.5,153.7249999999999,159.73727910198136,147.71272089801846,263304,1.0634302637220614
1760076000,160.5,160.75,159.75,160,154.2249999999999,160.5690917395737,147.8809082604261,463532,0.9551478948496464
1760079600,160,163,160,163,154.87499999999991,161.97341531611897,147.77658468388086,73713,1.0723108354585749
1760083200,163.5,167,163,166,155.7249999999999,163.80878005639275,147.64121994360707,50201,1.1355318878248293
1760328000,165.5,167,160,164,156.3499999999999,164.9470925317876,147.75290746821221,16067,0.9449178586664192
1760331600,164,164,161,163,156.89999999999992,165.71816307402565,148.0818369259742,25686,0.845877023864975
1760335200,162.75,165,162.5,165,157.53749999999988,166.75334911986775,148.321650880132,49552,0.9048731648564095
1760338800,164,164,161,162,158.03749999999988,167.0808331797606,148.99416682023917,32828,0.7190840435287915
1760342400,161.5,162,161.25,162,158.5374999999999,167.29146338809494,149.78353661190488,59815,0.6977675623311907
1760414400,161.5,165,161.5,165,159.1374999999999,167.93590184352362,150.33909815647618,78132,0.8331570951328697
1760418000,165,165,164,164.25,159.68749999999991,168.3186572225338,151.05634277746603,5852,0.7643040720014049
1760421600,164.25,165,163.75,165,160.3249999999999,168.53794709590554,152.11205290409427,59368,0.7846115983342146
1760425200,165.5,165.5,164.5,165,160.9249999999999,168.64850309122266,153.20149690877713,34788,0.7638051640473259
1760428800,165.5,165.5,164.75,165,161.5499999999999,168.42131719542482,154.67868280457498,25015,0.7510435700957881
1760500800,165,166,164,165,161.9499999999999,168.64440064532423,155.25559935467558,380201,0.7278023202966166
1760504400,164.5,165.25,164.25,165,162.3499999999999,168.76365730298548,155.93634269701434,367208,0.7065903956831706
1760508000,165,166,164.5,165.5,162.78749999999988,168.7943190417372,156.78068095826256,54889,0.72578506037495
1760511600,165.5,165.5,165,165.5,163.26249999999987,168.50052205037238,158.02447794962737,4302,0.7135825296727228
1760515200,165,165.75,165,165,163.7124999999999,167.79684511276514,159.62815488723464,48969,0.6576140071974016
1760587200,166,173,165.75,168.5,164.2124999999999,168.06371734003383,160.36128265996595,359709,1.0566421758947422
1760590800,168.75,169,168,168,164.5874999999999,168.37984426182086,160.79515573817892,20429,0.9499195964821936
1760594400,168,168.5,167.5,168,164.9874999999999,168.43160728638745,161.54339271361235,55301,0.9373411960635886
1760598000,169,169,168,168.5,165.26249999999987,168.90075164058103,161.62424835941871,18108,0.9449252442971454
1760601600,168.25,169,168,169,165.41249999999988,169.39142887598877,161.433571124011,10863,0.9508122803663481
1760673600,170,172,170,172,165.8124999999999,170.657278116711,160.96772188328876,76549,1.1385741360019697
1760677200,172,172,170,170,166.1624999999999,171.15317881155912,161.1718211884407,94888,0.8844667373816795
1760680800,171.25,172,170,171,166.4624999999999,171.84365926173555,161.08134073826423,27973,0.9216098966132963
1760684400,171.5,172,170.75,171,166.91249999999988,172.2305706087992,161.59442939120055,24408,0.8843029080167629
1760688000,170.75,171,170,170.75,167.34999999999988,172.4131018160988,162.28689818390097,26586,0.8357625546052915
1761019200,171.25,173,171.25,172,167.6999999999999,173.02588020895604,162.37411979104377,34852,0.9036891397565708
1761022800,172,173,171.75,172,168.08749999999992,173.48026135204717,162.69473864795268,135366,0.8627547878152242
1761026400,171.75,172.5,171.75,172,168.43749999999991,173.89156958152734,162.9834304184725,9188,0.8265909929042747
1761030000,172,172,171.5,172,168.78749999999988,174.21261520616684,163.36238479383292,11302,0.7960766617774615
1761033600,172,173,171.5,172.75,169.1749999999999,174.56967329874266,163.78032670125714,42464,0.8313453662553824
1761105600,173,174,172.25,172.25,169.5374999999999,174.73190805098542,164.3430919490144,33548,0.7610980859970616
1761109200,172.5,172.75,171.5,171.5,169.8624999999999,174.68037038017346,165.04462961982634,30963,0.6699402298927263
1761112800,171.25,171.5,169,170,170.08749999999992,174.47006488829535,165.7049351117045,13958,0.4900172613263973
1761116400,170.75,170.75,169.25,170.5,170.3374999999999,174.1822204059801,166.49277959401968,55788,0.5211328761055485
1761120000,170.5,171.25,169,171,170.6374999999999,173.60598025092958,167.66901974907023,76619,0.5610581794988476
1761192000,171.25,172.5,169,170,170.71249999999992,173.53329332814715,167.8917066718527,9918,0.37370574212398816
1761195600,170,170,169.25,169.25,170.77499999999992,173.40130919735708,168.14869080264276,6841,0.20966860993851757
1761199200,170,170,169,169.5,170.8499999999999,173.22907545070223,168.4709245492976,6876,0.21627633759967946
1761202800,169.5,169.75,169,169.75,170.9124999999999,173.09924987141778,168.72575012858204,26328,0.2341945653697119
1761206400,169.75,169.75,166,168.75,170.89999999999992,173.13271135620272,168.66728864379712,52045,0.01852262630659674
1761278400,168.75,169.75,166.75,169.5,170.77499999999992,173.02722112593565,168.5227788740642,37686,0.21694608817102842
1761282000,167,167,166,166,170.57499999999993,173.63318573669014,167.51681426330973,7139,-0.24799250174898377
1761285600,167,167,165,165.5,170.2999999999999,174.06364185333015,166.53635814666964,14122,-0.13768022929076273
1761289200,167.5,167.5,166,166.25,170.06249999999991,174.20035874579025,165.92464125420958,2507,0.03931486860461695
1761292800,166.25,167.25,165.5,167,169.87499999999991,174.20657015412573,165.5434298458741,17293,0.16813419871989355
1761537600,167.5,168,166.5,166.5,169.5999999999999,174.05365018834237,165.14634981165744,24146,0.15197087008379861
1761541200,167,168,166.5,166.5,169.3249999999999,173.83082955737734,164.81917044262246,10768,0.18651721464091964
1761544800,166.5,166.5,165,165,168.9749999999999,173.6784561760596,164.27154382394022,210013,0.07743839304462728
1761548400,165.25,166,165,166,168.6749999999999,173.33359420857238,164.01640579142742,322337,0.21289622145265258
1761552000,165.5,165.5,165,165,168.2874999999999,172.81319055505492,163.7618094449449,24834,0.13679575967385696
1761624000,165,166,164.75,165.5,167.9499999999999,172.24418211073558,163.65581788926423,20791,0.21473030989128553
1761627600,164.75,165,162,165,167.62499999999991,171.77680683559979,163.47319316440004,30735,0.1838725759720173
1761631200,163.25,165,163,164,167.32499999999993,171.6118986458882,163.03810135411166,6400,0.11219050476163386
1761634800,164.75,165,164,165,167.0499999999999,171.19004830891606,162.90995169108373,20978,0.25241834792302537
1761638400,165.5,165.75,165,165,166.74999999999994,170.55788655294526,162.94211344705462,98602,0.27021374249629954
1761710400,165,166,164,164.5,166.47499999999994,170.09404683585402,162.85595316414586,4556,0.22713809884504485
1761714000,164.25,164.25,163,163.75,166.19999999999993,169.76931365953396,162.6306863404659,56600,0.15679676351002236
1761717600,163.5,165,163.5,165,165.97499999999994,169.23805071981846,162.71194928018141,6407,0.3505999318248165
1761721200,164.75,165,163.75,163.75,165.67499999999993,168.57801567342233,162.77198432657752,7139,0.16844822478506996
1761724800,163.75,164,163,163.5,165.41249999999994,168.09706234796383,162.72793765203605,9086,0.1437966878566863
1761796800,163.5,165,162.5,164.75,165.1749999999999,167.10567345767046,163.24432654232933,9782,0.38993477941301447
1761800400,164.75,164.75,162,162.25,164.98749999999993,167.259476012224,162.71552398777584,55804,-0.10244914234814641
1761804000,163,163,160.25,162,164.81249999999994,167.4147826518449,162.210217348155,42363,-0.04039095215232675
1761807600,162,162,161.5,162,164.5999999999999,167.3856776554619,161.8143223445379,126825,0.03332719690270346
1761811200,162,162,161.25,162,164.34999999999994,167.12668867540765,161.57331132459223,24941,0.07683408644023122
1761883200,166,166,160.25,163.75,164.21249999999992,166.81670333310316,161.60829666689668,7480,0.4112012502785656
1761886800,164.5,164.5,163.5,164.5,164.11249999999993,166.5024529284358,161.72254707156407,4165,0.5810685422690895
1761890400,164.5,165,164.5,165,164.11249999999993,166.5024529284358,161.72254707156407,44175,0.6856731129388626
1761894000,165.5,165.5,164.75,165.5,164.08749999999992,166.40738685072174,161.7676131492781,13530,0.8044329510209929
1761897600,164.75,165.25,163,163,163.98749999999993,166.31384369776293,161.66115630223692,38029,0.2877570711177592
1762142400,163,170,163,170,164.21249999999992,167.67398450814503,160.75101549185482,28935,1.3359852523363465
1762146000,169.75,170,168,169,164.41249999999994,168.4475805444416,160.37741945555828,5311,1.0684520977306597
1762149600,168.25,169,167.25,167.5,164.58749999999992,168.83389553034806,160.34110446965178,19812,0.8429379080663854
1762153200,167.5,168,167.25,168,164.73749999999993,169.2360414303008,160.23895856969907,5114,0.8626175339883309
1762156800,167.75,168,167.25,167.25,164.84999999999994,169.47979481188185,160.22020518811803,12607,0.7591907522381662
1762228800,168.25,170.75,168,168,165.02499999999992,169.84915795762555,160.2008420423743,40538,0.808343966566999
1762232400,168,168.75,167,167.75,165.22499999999994,170.1517129001127,160.29828709988718,21184,0.7562560525845002
1762236000,167.75,167.75,166,166.75,165.31249999999994,170.28209505393502,160.34290494606486,19654,0.6446294903708301
1762239600,166.5,166.5,165.5,166,165.42499999999993,170.34968273090948,160.50031726909037,605,0.5583793953254198
1762243200,166,166,165.5,166,165.54999999999993,170.3992267424936,160.70077325750626,3804,0.5463991502043752
1762401600,166,169,166,166,165.61249999999993,170.45108192036892,160.77391807963093,15192,0.5400427239196689
1762405200,166,167,165,165,165.74999999999994,170.34891291503715,161.15108708496274,15183,0.41845899086851096
1762408800,165,165,164,165,165.89999999999992,170.184857057141,161.61514294285885,4235,0.394978993698285
1762412400,165,166,165,166,166.09999999999994,169.99358446679983,162.20641553320004,30750,0.4871583625766148
1762416000,165,168,165,168,166.39999999999992,169.88711915485175,162.9128808451481,54684,0.7294157338693044
1762488000,166,168,166,166.75,166.54999999999993,169.81955654487246,163.2804434551274,2663,0.5305851875101721
1762491600,166.75,166.75,165,165,166.57499999999993,169.78864279286225,163.36135720713762,4798,0.254950985296484
1762495200,165.25,166,165,165,166.57499999999996,169.78864279285773,163.3613572071422,3785,0.25495098529613286
1762498800,165,167,165,167,166.64999999999995,169.82962261913298,163.47037738086692,8581,0.5550379780754428
1762502400,167,167.5,166.5,166.5,166.82499999999996,169.53193553674112,164.1180644632588,2622,0.43996901743895545
1762747200,168,168,167,168,166.72499999999997,169.0803131426783,164.36968685732162,10951,0.7706646468567169
1762750800,168,168,167.75,167.75,166.66249999999997,168.8320333599823,164.49296664001764,5052,0.7506299326987289
1762754400,167.75,167.75,167.5,167.5,166.66249999999997,168.8320333599823,164.49296664001764,2465,0.6930138562162642
1762758000,167.5,167.5,164,166,166.56249999999997,168.65937267139995,164.4656273286,16236,0.36587168413415916
1762761600,165.75,167.75,165.75,167.5,166.575,168.69101039695866,164.45898960304132,71503,0.7185717048766651
1762833600,167.75,168,166.5,166.5,166.49999999999997,168.5124611797722,164.48753882022774,13582,0.5000000000000071
1762837200,166.5,167.5,166.5,166.5,166.43749999999997,168.36671616208787,164.50828383791207,6272,0.5161982885143331
1762840800,166.5,167.25,166.25,167,166.45,168.39036079120805,164.50963920879192,3959,0.6417262198071892
1762844400,167,167.25,166.25,166.25,166.46249999999998,168.3943061497096,164.53069385029036,123852,0.44499965743666364
1762848000,167,167,166.25,166.5,166.48749999999998,168.40762369395102,164.56737630604894,23911,0.5032549986335244
1762920000,167.25,167.25,164,165,166.43749999999997,168.45538874818877,164.41961125181118,14555,0.14381088866018152
1762923600,165,165,162.5,163,166.33749999999998,168.78328719435487,163.89171280564508,41439,-0.18229566490969498
1762927200,163,163,161.5,162.5,166.21249999999998,169.12915476189153,163.29584523810843,62757,-0.13643116910969166
1762930800,162.5,165,162.5,165,166.16249999999997,169.125922852056,163.19907714794394,49874,0.30385856861544047
1762934400,164.75,165,164.75,164.75,165.99999999999997,168.89827534925442,163.10172465074552,3117,0.28435451270675133
1763006400,164,164,161.5,161.5,165.73749999999995,169.2105210192426,162.2644789807573,47510,-0.11005965361591886
1763010000,162.5,162.5,162,162.5,165.61249999999995,169.3524030736242,161.8725969263757,74683,0.08387959009540488
1763013600,162.25,163,162.25,163,165.5125,169.41594399217672,161.60905600782326,33640,0.17816881643037133
1763017200,162.5,162.5,162,162.5,165.28749999999997,169.33804008745594,161.236959912544,22916,0.15591008361668687
1763020800,162.5,163,162.25,162.5,165.08749999999998,169.27162177165997,160.90337822834,182140,0.19079532800339308
1763092800,163,163,160,162.25,164.79999999999995,168.93400532172896,160.66599467827095,15487,0.19158239993103798
1763096400,162,162,161,161.75,164.49999999999994,168.6048751503696,160.3951248496303,1878,0.1650324432215312
1763100000,161.75,162,161,162,164.22499999999994,168.2246874878044,160.22531251219547,13383,0.2218532689386066
1763103600,162,162.5,162,162.25,164.03749999999997,168.0383592827122,160.03664071728772,50633,0.27661048868629623
1763107200,162.25,166.75,162.25,163.5,163.83749999999995,167.512670064103,160.1623299358969,23293,0.45408375747064667
1763352000,165,167,161,162,163.61249999999995,167.15677355040302,160.0682264495969,3082,0.2725203801189982
1763355600,162.25,165,162,162.5,163.41249999999997,166.7263912172958,160.09860878270413,20854,0.3623219743548832
1763359200,165,165,163,163,163.21249999999995,166.09032469933493,160.33467530066497,65,0.46307975255597494
1763362800,163,164.5,163,164.5,163.12499999999994,165.7206694705008,160.52933052949908,2890,0.7648642316802251
1763366400,163,163,162,162.25,162.91249999999997,165.01770189057186,160.80729810942807,2846,0.34265167085233955
1763438400,164.75,164.75,163,164.5,162.88749999999996,164.9029093877106,160.87209061228933,1080,0.9000427927528235
1763442000,164.5,164.5,163.5,163.5,162.91249999999997,164.94520140455478,160.87979859544515,587,0.644512125264336
1763445600,163.5,163.5,162,162,162.88749999999996,164.9519309143367,160.8230690856632,90387,0.2850497214906583
1763449200,161.5,162,161,162,162.73749999999998,164.5913810641657,160.88361893583428,8567,0.3010929572950039
1763452800,162,162,159.25,160.75,162.53749999999997,164.3421814123493,160.73281858765063,31753,0.004760234197515892
1763524800,160.5,160.5,158,158.25,162.37499999999997,164.94647817414227,159.80352182585767,20353,-0.30206786148901293
1763528400,158.25,159,158,159,162.19999999999996,165.16057426863455,159.23942573136537,31271,-0.04043569078842857
1763532000,159,159,159,159,161.99999999999997,165.24422563951643,158.7557743604835,6692,0.03764005137954696
1763535600,159,159,157.75,157.75,161.7625,165.48565390496557,158.0393460950344,13571,-0.038857659718082235
1763539200,157.75,159,157.75,159,161.5875,165.48068314493804,157.69431685506197,8743,0.1676883794480225
1763611200,158,158,157.5,158,161.37499999999997,165.55381562169185,157.1961843783081,11347,0.09617744529327532
1763614800,159,159,158.5,159,161.23749999999998,165.537136612561,156.93786338743897,358,0.23980359253345734
1763618400,159,159,158.25,159,161.08749999999998,165.478613184612,156.69638681538797,2942,0.26230400900217005
1763622000,158.75,159.75,158.5,159,160.92499999999998,165.37219012411984,156.47780987588013,3750,0.28357120493235494
1763625600,159.75,160,158.5,158.5,160.67499999999998,165.07698818717864,156.27301181282132,9697,0.2529525401345985
1763697600,158,160,158,160,160.575,164.94277975636044,156.20722024363954,2376,0.4341770840021567
1763701200,160,160,159.5,159.5,160.42499999999998,164.72354626589808,156.1264537341019,3630,0.39240548515921087
1763704800,159.5,159.5,159,159,160.22499999999997,164.39603104760602,156.05396895239392,5188,0.3531538142465937
1763708400,158.75,159,158,159,159.95,163.65675059857867,156.2432494014213,4883,0.37185541962760355
1763712000,159,159,157.75,158,159.7375,163.37918573603292,156.0958142639671,8636,0.26144289678702953
1763956800,159,159,157.5,158,159.4125,162.3969388082258,156.4280611917742,4260,0.26335584497379916
1763960400,158,158,157.25,157.75,159.125,161.5307223447481,156.7192776552519,3271,0.2142230476011215
1763964000,157.25,158,157.25,157.25,158.8875,161.03502764826112,156.73997235173886,5678,0.11874763257975196
1763967600,157.5,157.5,157,157.5,158.6625,160.35272927439644,156.97227072560355,17303,0.15611174246904874
1763971200,157.25,157.5,153,157,158.475,160.02338625673167,156.92661374326832,81430,0.02369765825956885
1764043200,156.25,157,156,156,158.3625,160.24979303501058,156.47520696498944,10368,-0.12589644431840377
1764046800,156.25,157,156,156.5,158.2375,160.26527587519354,156.20972412480648,5767,0.071574940491343
1764050400,156.5,157,156.5,157,158.1375,160.20193091433322,156.07306908566676,2172,0.2245003472621948
1764054000,157,157,156.75,156.75,158.0875,160.23386320319776,155.94113679680225,31224,0.1884264513090477
1764057600,156.75,156.75,156,156,157.93750000000003,160.22264222752173,155.65235777247833,118456,0.07606577466705475
1764129600,157,157.5,156.5,157.5,157.9125,160.2052876046529,155.61971239534708,1558,0.4100440007694391
1764133200,157.5,157.75,157.25,157.25,157.825,160.07833086786152,155.57166913213845,10505,0.3724111030028898
1764136800,157.25,160,157.25,158,157.775,159.96531961139107,155.58468038860894,5663,0.55136236712438
1764140400,159.75,159.75,157.75,157.75,157.7125,159.82954392964373,155.59545607035628,7585,0.5088566891491725
1764144000,158,158,157,157,157.6375,159.7438890903766,155.53111090962338,208071,0.3486746814934349
1764216000,159,159,156,156,157.4375,159.360225929521,155.514774070479,40260,0.1261817719496499
1764219600,157,157,155,155,157.2125,159.1700175605974,155.25498243940262,26143,-0.06512902988334134
1764223200,155.25,156,155.25,156,157.0625,158.9055613120701,155.2194386879299,6425,0.2117567405268194
1764226800,156,156,155,155.5,156.8875,158.6229754391966,155.15202456080337,22131,0.10025363405825974
1764230400,155,155.5,155,155,156.7375,158.5778464347889,154.8971535652111,100214,0.027942139818007788
1764302400,155,155,154.25,155,156.5875,158.48008421214146,154.69491578785855,5622,0.08059990413748863
1764306000,155,155,154.5,154.5,156.425,158.44428205063795,154.40571794936207,6307,0.023345438693951438
1764309600,155,155,154.25,155,156.3125,158.38539049398264,154.23960950601736,61137,0.18341308819495425
1764561600,152,154,149,153.25,156.1,158.48956062907712,153.71043937092287,144474,-0.09634393982727638
1764565200,153,153.25,150.75,152.75,155.8875,158.64646266739157,153.1285373326084,17018,-0.06860138723194184
1764568800,152.75,153,150,150,155.5875,159.3533830305818,151.82161696941822,22454,-0.24185787962946828
1764572400,150.5,153,150,150,155.2625,159.71636068484992,150.80863931515006,43866,-0.09077959239954393
1764576000,150,150.75,149,150,154.9125,159.84016425398784,149.98483574601215,28358,0.0015386857957678396
1764648000,150,153,149.5,152.75,154.7125,159.6503006237646,149.77469937623542,188692,0.3012779221426125
1764651600,152.75,153,152,152.75,154.55,159.52141830869624,149.57858169130378,132128,0.3189651435233915
1764655200,152.5,152.5,151.75,151.75,154.2625,159.18305637098607,149.3419436290139,32023,0.24469350510697585
1764658800,152,152,150,150,153.9,158.95321679725228,148.84678320274773,34874,0.11410719582418671
1764662400,151,151,149.5,149.75,153.48749999999998,158.48118351020287,148.4938164897971,9966,0.12577724515743946
1764734400,150,150,145,145.5,152.87499999999997,158.581356105263,147.16864389473693,30718,-0.14620923264830255
1764738000,146,149,145.75,149,152.47499999999997,158.08949018167218,146.86050981832776,8624,0.1905328990204968
1764741600,148,148.75,148,148.75,152.11249999999995,157.70596717162906,146.51903282837085,4203,0.1994261433181323
1764745200,148.25,148.25,146.5,146.5,151.68749999999994,157.62019542452032,145.75480457547957,1050,0.06280411947666072
1764748800,148,148,146,147.5,151.26249999999996,157.11586441716074,145.40913558283918,38562,0.1786036429776063
1764907200,148.25,148.25,145.5,145.5,150.76249999999996,156.78843353764262,144.7365664623573,7260,0.06334566527109028
1764910800,145.5,146,144,144.25,150.22499999999997,156.553309410899,143.89669058910093,15599,0.027914991821558162
1764914400,144.25,145,143,145,149.72499999999997,156.04540346813928,143.40459653186065,17582,0.12621057153879986
1764918000,145,145,140.25,140.5,149.02499999999998,156.12764035412553,141.92235964587442,52699,-0.1001289362094934
1764921600,140.5,149.75,140.25,146,148.575,155.23289005617076,141.91710994382922,76567,0.30662041740886165
1765166400,145,145,140,143,148.06249999999997,154.77978181633426,141.34521818366568,37152,0.12317346968459905
1765170000,143,143,140,141,147.47499999999997,154.49799793536076,140.45200206463917,49107,0.039014530575443886
1765173600,140.5,141,140,140,146.97499999999997,154.6053669636575,139.34463303634243,16295,0.04294465566197535
1765177200,140,141,140,140.25,146.48749999999995,154.5178720337285,138.4571279662714,65291,0.11163069570116525
1765180800,140.25,140.75,139.5,139.75,145.97499999999997,154.34443845189585,137.60556154810408,128562,0.12811125048719088
1765252800,140,140,136.5,139.25,145.29999999999993,153.55166649835814,137.0483335016417,60041,0.13340738496862084
1765256400,139.25,145,139.25,141.25,144.72499999999994,152.4027275283843,137.04727247161557,13433,0.2736960586870953
1765260000,141.25,144,141.25,144,144.33749999999992,151.30756994227087,137.36743005772897,1186,0.47578933907441123
1765263600,144,144,143,144,144.03749999999994,150.50525656623833,137.56974343376154,18909,0.4971010040640918
1765267200,144,144.25,142.75,143,143.69999999999993,149.62157073757612,137.77842926242374,103757,0.4408940607972493
1765339200,144,145,143.75,143.75,143.61249999999993,149.47653231574836,137.7484676842515,77502,0.5117240145173487
1765346400,143.75,148,143.75,148,143.56249999999994,149.25652098697535,137.86847901302454,147319,0.8896631229627066
1765350000,148,148,147.75,148,143.52499999999992,149.09029424201117,137.95970575798867,2595,0.9020452293626486
1765353600,148,149,147.75,148.75,143.63749999999993,149.52068578664205,137.75431421335782,8556,0.9345009817306889
1765425600,149.5,149.75,144.75,149.75,143.74999999999991,149.99899992000132,137.5010000799985,20296,0.9800768184358315
1765429200,150,151.75,149.75,150,143.9749999999999,150.76083082607974,137.18916917392008,116145,0.9439397440357888
1765432800,150,152,149.75,150,144.2624999999999,151.53999098248713,136.98500901751268,16198,0.8941949233470019
1765436400,150.75,153.5,150.75,153.5,144.68749999999991,153.00596590424985,136.36903409574998,2600,1.0296950243853105
1765440000,153.5,153.5,152.25,152.25,145.27499999999992,153.978303970342,136.57169602965783,1225,0.9007098926895185
1765512000,153,155,153,154,145.6749999999999,155.17381571566662,136.17618428433317,21326,0.9382125229711212
1765515600,154,154,153.5,153.5,146.1999999999999,156.1969995498737,136.2030004501261,465,0.8651095492993318
1765519200,153.5,153.75,153.25,153.25,146.81249999999991,156.96000585120186,136.66499414879797,107,0.8171961708816153
1765522800,153.25,153.75,153,153.25,147.4749999999999,157.4861188186032,137.46388118139663,108174,0.7884293006925774
1765526400,153.25,153.5,153,153.5,148.1374999999999,157.898999628653,138.3760003713468,67697,0.7746760336014078
1765771200,153.75,157.5,153.75,156.75,148.9874999999999,158.6395399398369,139.3354600601629,138583,0.9021170679144115
1765774800,157,157,154.5,154.5,149.74999999999991,158.57892971997086,140.92107028002897,68831,0.7690020280292659
1765778400,154,154.25,153.75,154,150.3874999999999,158.47989612229838,142.29510387770142,72826,0.7232033593885687
1765782000,154,156,154,156,150.9874999999999,158.8733655200429,143.10163447995689,14483,0.8178154628214331
1765785600,155.5,155.75,154.25,154.25,151.49999999999991,158.81436941917676,144.18563058082307,3144,0.6879861299314555
1765857600,154.5,154.75,154,154.75,152.08749999999992,158.39478745184283,145.780212548157,5979,0.7110653763863363
1765861200,155,155,154,154,152.5999999999999,157.65568986392563,147.5443101360742,15441,0.6384578601220801
1765864800,154,154,153.5,154,152.89999999999992,157.52168800333698,148.27831199666286,31986,0.619004138661657
1765868400,154,154,153.25,153.5,153.1749999999999,157.2157301320698,149.13426986793,1257,0.5402155042996669
1765872000,153.5,154,153.25,153.25,153.39999999999992,156.89428104195915,149.9057189580407,1886,0.478536357236478
1765944000,154.5,155,153,155,153.66249999999988,156.79009891933615,150.53490108066362,3819,0.7138221738936976
1765947600,155,155,154.25,155,153.91249999999988,156.59706234798816,151.2279376520116,749,0.7025469814130144
1765951200,154.75,155,154.75,154.75,154.1499999999999,156.16494416801808,152.1350558319817,2224,0.6488875000914397
1765954800,154.5,154.5,154.25,154.25,154.1874999999999,156.18045634679257,152.1945436532072,4246,0.515680223026635
1765958400,154.25,154.75,154,154,154.2749999999999,156.06315547428423,152.48684452571555,1615,0.4231051203447638
1766030400,155.25,155.25,154,155,154.32499999999987,156.13538669908638,152.51461330091337,5531,0.6864242596183234
1766034000,155,155,153.75,154,154.3499999999999,156.12763888351722,152.5723611164826,1287,0.4015548086719998
1766037600,153.75,155,153.25,153.25,154.3499999999999,156.12763888351722,152.5723611164826,912,0.1906008272548016
1766041200,154.75,154.75,153,153,154.33749999999992,156.1490946014975,152.52590539850235,7331,0.1308500812228461
1766044800,153,154,150.5,153.75,154.3499999999999,156.1416472867714,152.55835271322843,2549,0.3325563283493427
1766116800,153.75,153.75,153.25,153.25,154.1749999999999,155.65063545640808,152.6993645435917,2032,0.1865757067631656
1766120400,153.5,153.5,153.5,153.5,154.12499999999991,155.6208275302244,152.62917246977543,100,0.29108554048804114
1766124000,153.25,153.25,153,153,154.0749999999999,155.64900762392767,152.50099237607213,1151,0.15851499584310957
1766127600,152.5,153,152,153,153.9249999999999,155.29521896067425,152.55478103932555,898,0.16246270612666863
1766131200,151,151,149,150,153.71249999999992,155.89352613468537,151.53147386531447,51974,-0.3510902141333891
1766376000,150,150,149.75,149.75,153.46249999999992,156.18864654781598,150.73635345218386,2095,-0.18090616826414568
1766379600,150,150,149.75,149.75,153.24999999999991,156.40436205914463,150.0956379408552,634,-0.05478729682491101
1766383200,149.5,149.75,148,148,152.9499999999999,156.8216921365462,149.0783078634536,3008,-0.13925537277035344
1766386800,148.25,149.75,148,148,152.6749999999999,157.09399309800312,148.25600690199667,2975,-0.02896665556146151
1766390400,149,149.25,148.5,149.25,152.4749999999999,157.12768739549463,147.82231260450519,585,0.15342610346842434
1766462400,149,149.5,148,148,152.12499999999991,157.0124840153381,147.23751598466174,879,0.07800373494270156
1766466000,148.75,148.75,148,148,151.77499999999992,156.7897283077132,146.76027169228664,6110,0.12360872131462289
1766469600,148,149,145,148.75,151.47499999999988,156.45972667257044,146.49027332742932,62304,0.22666505317184893
1766473200,148.75,148.75,148.5,148.5,151.18749999999991,156.16212310132136,146.21287689867847,60,0.22987903352054784
1766476800,148.5,150,148.5,150,150.9874999999999,155.8131476249523,146.1618523750475,55205,0.39768212717255375
1766548800,148.5,150,148.5,149,150.68749999999991,155.2148474574176,146.16015254258224,966,0.313632594375423
1766552400,149,149,148.5,149,150.43749999999991,154.7528070574625,146.12219294253734,1984,0.33344174807746213
1766556000,149.75,149.75,149,149.5,150.24999999999991,154.38219070230133,146.1178092976985,223,0.40924910609979787
1766559600,149.5,149.5,149,149,150.04999999999993,154.01421492860447,146.08578507139538,765,0.36756520283203475
1766563200,149,149.5,147.75,148,149.76249999999993,153.4349480935967,146.09005190640318,65166,0.2600374525275103
1766721600,150,152,150,152,149.69999999999993,153.16987031460366,146.2301296853962,1017,0.8314244901776305
1766725200,152,152,150,152,149.62499999999994,152.81678633372596,146.43321366627393,3817,0.8720487137413643
1766728800,152,152,152,152,149.57499999999996,152.57957983753832,146.5704201624616,277,0.9035506012692334
1766732400,150.5,150.5,150,150,149.42499999999995,151.99939313239705,146.85060686760286,2329,0.6116768050621403
1766736000,150,150,149.5,149.5,149.39999999999998,151.9612496949954,146.83875030500457,9135,0.5195217202359105
1766980800,152.75,152.75,150,152,149.5125,152.31194190868385,146.71305809131613,3152,0.9442849827109814
1766984400,152,152,147,150,149.52499999999998,152.33079756933995,146.71920243066,2996,0.5846461635704817
1766988000,150,150,147.5,149.5,149.59999999999997,152.31753564836333,146.8824643516366,21831,0.4816009773302899
1766991600,149.5,149.5,149,149.5,149.67499999999998,152.2927280225599,147.05727197744005,8108,0.46657406757084585
1766995200,149.5,149.5,148,148,149.61249999999998,152.32577753835074,146.89922246164923,5127,0.20285015498633244
1767067200,152.75,152.75,150,150,149.71249999999998,152.3262855688866,147.09871443111336,234,0.5549968603817964
1767070800,150,151.5,149,149,149.7625,152.2798150379115,147.24518496208847,158,0.3485489522533908
1767074400,148.5,148.5,148,148.25,149.73749999999998,152.3039907948617,147.17100920513826,2894,0.21020741570979856
1767078000,151.25,152.75,151.25,152.25,149.925,152.64575357209796,147.20424642790206,22908,0.9272713309730588
1767081600,152.25,154,152.25,153,150.075,153.1085622624402,147.0414377375598,3470,0.9821064720206434
1767153600,154,154,153,153,150.275,153.51884031667618,147.03115968332384,858,0.9200268407157892
1767157200,153,155,153,154,150.525,154.0918613654151,146.9581386345849,3264,0.987122941431674
1767160800,154,154,153.5,154,150.74999999999997,154.58731677088588,146.91268322911407,1153,0.9234729882945935
1767164400,154.75,155.75,154.75,154.75,151.0375,155.15840706035692,146.91659293964307,2597,0.9504469459787395
1767168000,154.75,157,154.75,157,151.4875,156.117497300223,146.85750269977703,13434,1.0953027229340397
1767326400,157.25,159.75,157.25,159.75,151.875,157.7433472971602,146.0066527028398,5037,1.1709725584757789
1767330000,159.75,160,159.5,160,152.275,159.1304722667432,145.4195277332568,26325,1.0634185143943327
1767333600,159.75,160,159.5,160,152.675,160.30897013355985,145.04102986644017,9184,0.9797634698489595
1767337200,160,160,159.5,159.5,153.15,161.22836617145427,145.07163382854574,3225,0.8930250167687602
1767340800,160,160,159.75,159.75,153.6625,162.04443742520746,145.28056257479253,10255,0.8631320356611544
1767585600,159.75,160,159,159,154.0125,162.6676646431542,145.35733535684577,15643,0.7881227686376169
1767589200,158.75,158.75,155,155,154.2625,162.72635698131165,145.79864301868832,20923,0.5435676076302106
1767592800,155.5,157,155,157,154.6375,162.88594682349998,146.3890531765,10124,0.6432087792133909
1767596400,157,157.5,157,157.25,155.02499999999998,162.99510037578716,147.0548996242128,50251,0.639584189350957
1767600000,157.5,157.5,155,155.25,155.3875,162.6770044413261,148.0979955586739,26546,0.4905686318523612
1767672000,155.5,157.75,155.5,157.5,155.7625,162.66625803458678,148.8587419654132,611,0.625837260756779
1767675600,157.5,157.5,156.5,156.5,156.1375,162.306930686873,149.968069313127,480,0.5293787237752197
1767679200,156.5,157,156.25,157,156.575,161.57524999376363,151.57475000623634,26984,0.5424978751592495
1767682800,157,158,157,158,156.8625,161.48168553427934,152.2433144657207,5575,0.6231277669578885
1767686400,157.25,160.75,156.5,160.75,157.25,161.80796007004346,152.69203992995654,41172,0.8839436882085964
1767758400,162.25,162.5,160.5,161.75,157.6875,162.2093220885071,153.1656779114929,3297,0.9492105085608596
1767844800,162,162.5,158.25,159,157.9375,162.15909626209046,153.71590373790954,10701,0.6258410248205343
1767848400,160,162.25,159,161,158.2875,162.3008371400992,154.2741628599008,56802,0.8379357259695558
1767852000,162,162.25,161,162,158.65,162.62932155022426,154.67067844977575,9213,0.9209260244137853
1767855600,162,162.25,161.5,161.5,158.875,162.96309246471947,154.78690753528053,56302,0.8210543820441857
1767859200,161.25,162,160.75,161,158.9375,163.11444565443412,154.76055434556588,83991,0.7468909306744884
1767931200,161.5,164.75,161,164.25,159.15,163.91287728165287,154.38712271834714,17016,1.0353906576226273
1767934800,164.5,164.5,162.5,163.5,159.325,164.44383775872177,154.2061622412782,2128,0.9078074161352738
1767938400,163.5,164,163,163.25,159.5125,164.91035837162278,154.1146416283772,4468,0.8462021178295926
1767942000,163.5,164.5,163.5,164.25,159.7375,165.51780059772656,153.95719940227346,3396,0.8903343713452203
1767945600,164.25,164.25,163.25,163.25,159.95,165.9157354953181,153.98426450468187,10120,0.7765794764610197
1768190400,164.75,164.75,163.25,163.5,160.375,166.07478069754228,154.67521930245772,1301,0.7741333540558399
1768194000,164,164,163.25,163.25,160.6875,166.29747994649497,155.07752005350503,9812,0.7283876256635292
1768197600,163.75,164,162.5,162.5,160.95,166.38046959296136,155.51953040703862,6907,0.642713256511833
1768201200,162.5,163.5,162.5,162.5,161.3125,166.1027896572198,156.5222103427802,1583,0.6239486633350272
1768204800,163.5,164,162.5,164,161.6375,166.22682184533534,157.04817815466464,6868,0.7573909696921005
1768276800,164.5,164.5,161.5,161.5,161.8875,165.82918428467804,157.94581571532194,4162,0.45084588566539147
1768280400,162,162,161,161,162.08749999999998,165.3672675222656,158.80773247773436,24523,0.3342108102758533
1768284000,162,163,161.25,163,162.33749999999998,165.04524352554026,159.6297564744597,105303,0.6223343336898632
1768287600,163,164,163,163.25,162.46249999999998,165.095345418952,159.82965458104795,7705,0.6495530262299783
1768291200,164,164.25,162,164,162.575,165.26804660191837,159.8819533980816,42093,0.7645702452725692
1768363200,164,164,161,162.5,162.74999999999994,164.88892496365403,160.61107503634585,7024,0.44155942722440134
1768366800,163,163.5,162.75,163,162.84999999999997,164.83368344251645,160.8663165574835,949,0.537808451889316
1768370400,163,163.5,162.5,162.5,162.87499999999994,164.82756241901387,160.922437580986,1137,0.40397234005217536
1768374000,162,162,162,162,162.89999999999995,164.79340962291238,161.00659037708752,5823,0.2623335201456367
1768377600,162,164,161,164,163.04999999999995,164.78637553545605,161.31362446454386,4012,0.7735583347615269
1768536000,163.75,163.75,161,162.75,162.97499999999997,164.6250000000363,161.32499999996364,2999,0.43181818181969334
1768539600,162.5,163,162,162,162.89999999999995,164.58374582408902,161.21625417591088,6111,0.23273875809406683
1768543200,162.25,163,162.25,163,162.88749999999996,164.5643646338079,161.210635366192,11524,0.533544747063025
1768546800,162.5,163,162.5,162.75,162.81249999999994,164.36873744979528,161.2562625502046,2306,0.4799195167780589
1768550400,162.5,164.5,162.5,163,162.79999999999995,164.34596248341614,161.25403751658376,162401,0.5646846227335658
1768795200,162.5,164.25,160.25,161,162.67499999999995,164.37131954540797,160.97868045459194,6218,0.0062840593524299436
1768798800,160.75,163,160,160.5,162.53749999999994,164.45632125278897,160.6186787472109,180441,-0.03092490950848247
1768802400,160.5,160.75,160,160.75,162.44999999999993,164.52123151776135,160.3787684822385,53868,0.08961613286058742
1768806000,162,162,160.5,160.5,162.34999999999997,164.58830292858474,160.1116970714152,3203,0.08674047726648013
1768809600,160.75,161,160.5,160.75,162.18749999999994,164.39473243002234,159.98026756997754,52881,0.17436596607423124
1768881600,162,163,161,161,162.16249999999994,164.41124965261912,159.91375034738076,3355,0.2415230284425078
1768885200,160.75,161,160.5,161,162.16249999999994,164.41124965261912,159.91375034738076,2746,0.2415230284425078
1768888800,161,161,160,161,162.06249999999994,164.3311725193682,159.79382748063168,48431,0.2658322232651263
1768892400,160.25,161,160.25,161,161.94999999999993,164.19499443210177,159.7050055678981,9512,0.28841818348954384
1768896000,161,161,160.5,161,161.79999999999993,163.87123151776134,159.7287684822385,7110,0.3068781801696983
1768968000,164,165,160.75,163,161.82499999999993,163.94101039698955,159.7089896030103,5526,0.7776451386230666
1768971600,162,163.5,162,163.5,161.84999999999994,164.03174242296257,159.6682575770373,320,0.8781381300180012
1768975200,163,163.25,162,162,161.82499999999993,163.98775287542637,159.6622471245735,5803,0.5404576967596363
1768978800,162.5,163.5,162.25,163.25,161.88749999999993,164.13736110685952,159.63763889314035,110934,0.8027964694900394
1768982400,163.5,163.5,161.5,163,161.83749999999992,163.93675582056125,159.7382441794386,19129,0.7768838339315015
1769054400,163.5,166,163.25,165,161.9499999999999,164.43797106096332,159.4620289390365,19707,1.1129492516723738
1769058000,165,165,163,163,161.99999999999991,164.52982212817085,159.47017787182898,24732,0.69764235375771
1769061600,164.75,164.75,163,164.75,162.08749999999992,164.85911956267154,159.3158804373283,850,0.9803148375518111
1769065200,164.75,164.75,162,162.75,162.08749999999992,164.85911956267154,159.3158804373283,16225,0.6195149595786305
1769068800,163,163,161.5,162,162.03749999999994,164.77736769756345,159.29763230243643,3549,0.49315660386936105
1769140800,163.5,164.5,163.5,164,162.18749999999994,165.0109509027286,159.36404909727128,9882,0.8209724663971318
1769144400,164.5,164.5,163.25,163.5,162.33749999999992,165.10460588885675,159.5703941111431,3039,0.7100570138427807
1769148000,163.5,166,163,166,162.59999999999994,165.6919249667688,159.50807503323108,61572,1.0498192932464903
1769151600,166,170,166,167.5,162.94999999999996,166.5541642582008,159.3458357417991,31159,1.131214294638077
1769155200,167.25,167.5,166,166.5,163.23749999999993,167.00736405592278,159.46763594407707,5084,0.9327079108959305
1769400000,167,169.75,166.5,167,163.53749999999994,167.49753472208582,159.57746527791406,21177,0.93718051014667
1769403600,167,167,166.5,166.5,163.81249999999994,167.7933133591163,159.8316866408836,6406,0.8375566445291244
1769407200,166.5,167,166.5,166.75,164.09999999999994,168.0572717874988,160.14272821250108,4685,0.834826635912587
1769410800,166.5,167,165.5,165.5,164.32499999999993,168.0569565914056,160.59304340859427,73887,0.6574241247481255
1769414400,166.5,166.75,165.75,166,164.57499999999993,168.04306862679027,161.1069313732096,758,0.705445761510044
1769486400,166.75,169.25,166,166,164.72499999999997,168.1670197559123,161.28298024408764,18835,0.6852110229480783
1769490000,166,167.5,165.5,167,164.89999999999995,168.42987251895985,161.37012748104004,1293,0.7974611673255025
1769493600,166.75,166.75,165.75,166.5,165.12499999999994,168.45478978317323,161.79521021682666,577,0.7064694904988393
1769497200,166.75,166.75,166,166,165.26249999999996,168.49698218422907,162.02801781577085,2853,0.6140058837850443
1769500800,166.75,168,166.75,168,165.51249999999996,168.78157861638428,162.24342138361564,25951,0.8804588833582833
1769572800,167.25,168.5,167,168,165.66249999999997,169.0949735978719,162.23002640212803,19824,0.8404978848852965
1769576400,167.25,168,167.25,167.5,165.88749999999996,169.1794409168597,162.59555908314022,15145,0.7449163032880675
1769580000,167.5,167.5,167,167.5,166.02499999999992,169.3450150602296,162.70498493977024,17874,0.7221375465534845
1769583600,167.5,168,167.25,167.5,166.26249999999996,169.27694439326882,163.2480556067311,11614,0.7052617063965967
1769587200,167.5,168,167.25,168,166.56249999999994,168.94931272833142,164.17568727166847,20722,0.8011338055426229
1769659200,167.25,167.5,166.25,166.25,166.67499999999995,168.76126460452534,164.58873539547457,8435,0.39814331339417025
1769662800,166,166.25,166,166.25,166.81249999999994,168.3280444566611,165.29695554333878,5210,0.3144231277651974
1769666400,166.25,167,166.25,167,166.86249999999993,168.33283159530444,165.3921684046954,32270,0.5467581600093402
1769670000,167.5,168,166.5,166.5,166.81249999999994,168.2605590457986,165.36444095420129,11402,0.3920969414518633
1769673600,166.5,168,165.25,168,166.88749999999993,168.4161840746665,165.35881592533337,10270,0.8638750538572632
1769745600,168,169,166.25,167,166.88749999999993,168.41618407465697,165.3588159253429,1421,0.536796353761096
1769749200,167,168,166.25,168,166.96249999999995,168.5536866641291,165.3713133358708,428,0.826014547315188
1769752800,167,168,167,167.75,167.01249999999993,168.6363457439402,165.38865425605965,2605,0.7270843775500857
1769756400,167.75,167.75,167,167,167.08749999999992,168.55613031431716,165.61886968568268,8481,0.470210338453827
1769760000,166.75,167,166,167,167.1374999999999,168.52020568096216,165.75479431903764,8524,0.4502786450171328
1770004800,166,166.75,165,165,167.08749999999992,168.68652313933399,165.48847686066586,13156,-0.1527422739077085
1770008400,165,167,164,167,167.08749999999992,168.6865231393294,165.48847686067043,5953,0.47263954540501163
1770012000,165,167,163.5,165,167.01249999999993,168.8392115262392,165.18578847376065,2919,-0.05085326037854
1770015600,165.5,166.75,163,165.5,166.9874999999999,168.8814046966885,165.0935953033113,4807,0.10729280554593808
1770019200,166.5,166.75,165.5,166,166.8874999999999,168.76815812952165,165.00684187047815,718,0.2640453663352428
1770091200,167,167,163.25,165.5,166.76249999999993,168.66299335702323,164.86200664297664,2672,0.1678494046468646
1770094800,165.5,165.5,164,164,166.58749999999992,168.8026467220259,164.37235327797393,4836,-0.08404709138936207
1770098400,165.25,165.5,164.5,164.5,166.43749999999994,168.78736701753374,164.08763298246615,640,0.0877426285098115
1770102000,165.25,165.5,165.25,165.5,166.33749999999992,168.66813832460667,164.00686167539317,845,0.3203281926763065
1770105600,165.5,165.5,165.25,165.25,166.19999999999993,168.4449944320888,163.95500556791106,588,0.2884181834883224
1770264000,165,167,165,167,166.23749999999993,168.509476012224,163.96552398777584,7049,0.6678054688732488
1770267600,167,167,166,166,166.22499999999997,168.49931308312173,163.9506869168782,1898,0.45053451486742396
1770271200,166,166,165.5,166,166.17499999999993,168.4227766793259,163.92722332067396,22896,0.4610726453367238
1770274800,165.75,166,164.5,164.5,166.07499999999996,168.43137433360923,163.7186256663907,10173,0.16580012828701818
1770278400,164,166,163.75,165.25,165.93749999999994,168.14473243001575,163.73026756998414,3517,0.34426198377417383
1770350400,166.5,166.5,163.5,164,165.78749999999994,168.09116555735102,163.48383444264886,2524,0.11203135709175333
1770354000,164.25,165,164.25,164.25,165.59999999999994,167.75870331452336,163.44129668547652,601,0.18731228814137021
1770357600,164.25,165,164,164,165.41249999999994,167.43904262233204,163.38595737766784,1487,0.15150005126108254
1770361200,164,165,164,164.5,165.28749999999994,167.21282464798387,163.362175352016,283,0.29548903588167447
1770364800,165,165,164.25,164.5,165.1624999999999,166.94628109648272,163.3787189035171,10851,0.314298962662459
1770609600,164.5,165,163.75,164,165.11249999999993,166.96638106419311,163.25861893580674,11472,0.19995378304268743
1770613200,164,164,163.75,163.75,164.94999999999993,166.67916164661838,163.22083835338148,1906,0.15301104082818043
1770616800,164,164,163,163.5,164.87499999999994,166.71551623196137,163.0344837680385,114234,0.1264634953709125
1770620400,163.5,163.75,163,163,164.74999999999994,166.73746069146367,162.76253930853622,9229,0.059739720258038406
1770624000,163,164,163,163.75,164.6374999999999,166.58348946558428,162.69151053441553,2066,0.2719669053466871
1770696000,164,166.5,164,165,164.61249999999993,166.52610262336148,162.69889737663837,7921,0.6012488160471287
1770699600,164.25,164.25,163,163.25,164.5749999999999,166.56308953524345,162.58691046475636,39126,0.1667655111826773
1770703200,163.25,163.75,163.25,163.5,164.52499999999992,166.56766982161724,162.4823301783826,5814,0.2491028679347804
1770706800,163.5,163.75,163.25,163.75,164.43749999999994,166.45538874820315,162.41961125179674,14975,0.3296486858821836
1770710400,163.75,164,163.75,163.75,164.3624999999999,166.36546654993805,162.35953345006175,4233,0.34710179008760506
1770782400,164,165.75,163.75,164.75,164.24999999999991,165.86245154971107,162.63754845028876,22372,0.6550434182315905
1770786000,164.75,164.75,162.75,163.75,164.1374999999999,165.54706553596372,162.72793446403608,6275,0.36254629880158723
1770789600,163.75,164.75,162.75,164.75,164.0749999999999,165.2379703350398,162.91202966496002,1129,0.7902051667452661
1770796800,164,165,164,165,164.0999999999999,165.31860576076718,162.88139423923263,13996,0.8692744729162534
1770868800,165,165.5,163.75,164,164.0374999999999,165.13607862721034,162.93892137278948,133259,0.48293249155268425
1770872400,164,165,163.75,165,164.08749999999992,165.26303179461542,162.91196820538443,9631,0.8881222116576395
1770876000,165,165,162.5,163,164.02499999999992,165.28892246604107,162.76107753395877,251302,0.09451626680455416
1770879600,162.75,163,162.5,163,163.9749999999999,165.31570876783903,162.6342912321608,1269,0.1363863564600381
1770883200,163,165,162.5,163,163.89999999999992,165.28202749616236,162.51797250383748,205334,0.1743914276311406
1770955200,163,163.25,162,163,163.82499999999987,165.23123611112808,162.41876388887167,37969,0.20666376952232227
1770958800,163,163,159.75,163,163.77499999999992,165.2232748358524,162.32672516414743,29493,0.23244028660356517
1770962400,163,163,159.75,160.25,163.5999999999999,165.7118712082405,161.48812879175932,19445,-0.29313548736497425
1770966000,162,162,162,162,163.52499999999992,165.74929764199152,161.30070235800832,2406,0.15719515877505005
1770969600,162,164,162,164,163.57499999999993,165.79479728807948,161.35520271192038,155447,0.5957294619383368
1771214400,164,165.5,163,163.25,163.5499999999999,165.77261107713227,161.32738892286753,2975,0.43251180940145406
1771218000,163.25,164.75,163,164.75,163.53749999999994,165.72995866555212,161.34504133444776,2536,0.7765160454449637
1771221600,164.5,164.5,163.75,164,163.5749999999999,165.7721572543181,161.3778427456817,3197,0.5967158812062313
1771225200,164.25,164.25,164,164,163.5999999999999,165.8045407685478,161.395459231452,5100,0.5907218423235523
1771228800,163.75,164.5,163.75,164.25,163.62499999999994,165.8470486043616,161.4029513956383,6538,0.6406359876136931
1771300800,164.5,165.25,164,164,163.6374999999999,165.86502665532802,161.40997334467178,10880,0.5813682743443309
1771304400,164.5,164.5,164,164.5,163.62499999999991,165.83010770716348,161.41989229283635,3067,0.6984030070634509
1771308000,164.5,164.5,163.5,164.5,163.6624999999999,165.90010474619191,161.4248952538079,1452,0.6871420771307719
1771311600,164.5,164.5,164,164.5,163.64999999999992,165.86585198065615,161.4341480193437,85,0.6917998150193119
1771315200,164.5,164.5,164.25,164.5,163.62499999999991,165.7900635095047,161.45993649049512,3571,0.7020725942123106
1771387200,163.75,164,159.25,161,163.4749999999999,165.91374967969205,161.03625032030777,18825,-0.007432152756314943
1771390800,162.5,162.75,161.75,161.75,163.31249999999991,165.75624200769877,160.86875799230106,2414,0.18030585980898256
1771394400,161.75,161.75,161.25,161.25,163.2249999999999,165.8274027359721,160.62259726402772,708,0.12054297501687428
1771398000,161.25,161.75,161,161.75,163.1624999999999,165.8424020504858,160.48259794951403,9502,0.23646424880644124
1771401600,162.25,164.5,161.5,164.5,163.2374999999999,165.978279998504,160.4967200014958,31245,0.7303176469269993
1771473600,164.5,164.5,162.5,163.5,163.2624999999999,166.003279998504,160.5217200014958,9975,0.5433270820951922
1771477200,164,164.5,163.5,163.5,163.2874999999999,166.02736769757138,160.54763230242844,8370,0.538779244740256
1771480800,164,164,163,163,163.4249999999999,165.7919600757505,161.0580399242493,2121,0.41022239784396786
1771484400,163,164,162,164,163.52499999999992,165.81027897644418,161.23972102355566,6411,0.6039260424867574
1771488000,164,164.25,164,164,163.52499999999992,165.81027897644418,161.23972102355566,9926,0.6039260424867574
1771560000,162.5,164,160.25,163,163.5124999999999,165.8063777212833,161.2186222787165,2988,0.38828959903905286
1771563600,162.75,162.75,160.5,162,163.37499999999991,165.68530301046917,161.06469698953066,2290,0.2024199869521373
1771567200,162,162,161.75,161.75,163.2624999999999,165.6576774464965,160.8673225535033,818,0.18426138902313513
1771570800,161.75,162.75,161.75,161.75,163.1499999999999,165.6066236993497,160.69337630065007,7569,0.21505607465025636
1771574400,162.75,164.5,161.75,164,163.1374999999999,165.5740703355747,160.7009296644251,15339,0.6769905812705851
1771819200,164.5,164.5,160,164,163.1374999999999,165.5740703355747,160.7009296644251,10721,0.6769905812705851
1771822800,161,161,160,160.5,162.9374999999999,165.54458170186854,160.33041829813124,6106,0.032523281059280866
1771826400,161,162,161,162,162.8124999999999,165.34664186663213,160.27835813336765,987,0.3396893223109758
1771830000,162,163.75,160,163.5,162.76249999999987,165.19907033558067,160.32592966441908,71516,0.6513397723904264
1771833600,163.5,163.5,160.75,160.75,162.57499999999987,165.02500000004787,160.12499999995188,153,0.12755102041548466
1771905600,163.5,163.5,160.25,162.5,162.64999999999986,164.99200768577887,160.30799231422085,1156,0.4679761939060482
1771909200,163,163.25,161.5,161.5,162.63749999999987,165.00115712408248,160.27384287591727,2376,0.25937711345477693
1771912800,161,161,160,160,162.57499999999987,165.13966372069157,160.01033627930818,11182,-0.002015133450983084
1771916400,160,162,159.5,161,162.53749999999985,165.17034541898502,159.90465458101468,6256,0.20801552022137298
1771920000,161,162.25,159.5,162.25,162.42499999999984,164.90037875895348,159.9496212410462,84141,0.46465187410879
1771992000,161,161,160,160,162.24999999999983,164.88628526534177,159.6137147346579,2553,0.07326317648936351
1771995600,160,161,160,160.25,162.08749999999984,164.79524352557237,159.3797564744273,2406,0.16069533863785995
1771999200,161,161,160,160,161.93749999999983,164.75652021991147,159.1184797800882,13356,0.15635223431271417
1772002800,159.75,160,159.75,160,161.73749999999987,164.51002141564624,158.9649785843535,1059,0.18665706418090902
1772006400,160,161,160,160,161.53749999999985,164.2033722775565,158.8716277224432,41003,0.2116328466026476
1772078400,162,162,159.75,162,161.48749999999987,164.07822866202267,158.89677133797707,2924,0.598910396814767
1772082000,162,162,160,161.75,161.47499999999985,164.05811827066574,158.89188172933396,3801,0.5532302378723946
1772085600,161.75,161.75,160,161,161.43749999999986,164.02533210433768,158.84966789566204,6642,0.4154697866089334
1772089200,161.75,161.75,160,161.75,161.43749999999983,164.02533210434328,158.84966789565638,1610,0.5603787238506831
1772092800,161.75,161.75,160,161.5,161.31249999999983,163.61941894098382,159.00558105901584,2155,0.5406386190405534
1772164800,161.5,161.5,160.5,160.75,161.14999999999986,163.10831560281383,159.1916843971859,1310,0.39787141576539287
1772168400,160.75,161,160.5,161,161.17499999999987,163.11213706283786,159.23786293716188,137563,0.45483024837089053
1772172000,161.5,161.5,160.75,160.75,161.11249999999987,163.01955925451054,159.2054407454892,15779,0.4049583805163719
1772175600,160.5,160.75,160,160.25,160.94999999999987,162.54373774511726,159.3562622548825,17605,0.28039046821084124
1772179200,160.25,162,160,161.5,160.98749999999987,162.59587651071243,159.3791234892873,11856,0.6593221477019325
1772510400,155,155,150,154,160.56249999999983,163.90493548931707,157.2200645106826,49310,-0.48169433949798596
1772514000,154,157.5,153.75,153.75,160.17499999999984,164.61093282188048,155.7390671781192,89980,-0.22419942523790548
1772517600,154.5,156,151,154.5,159.89999999999984,164.98035431837616,154.8196456816235,22334,-0.031458994943257344
1772521200,152.25,154.25,151,152,159.44999999999987,165.55245852097275,153.347541479027,90371,-0.11040972047542663
1772524800,151,154,150.25,153,158.98749999999987,165.55536685311134,152.4196331468884,130830,0.04418229435000309
1772596800,153.5,155,153.5,154.75,158.72499999999985,165.52555144824402,151.9244485517557,72044,0.20774428880865548
1772600400,154.5,154.5,153,153,158.36249999999984,165.56054661003455,151.16445338996513,146269,0.12750310670925322
1772604000,153,153.75,152.5,153.5,158.03749999999982,165.49282527796396,150.5821747220357,38551,0.19568732209368453
1772607600,153.5,154,153,154,157.73749999999984,165.334333221825,150.14066677817468,4801,0.2540093423887293
1772611200,154,154,152.5,152.5,157.36249999999984,165.21182321924843,149.51317678075125,45627,0.19025992023900087
1772683200,155,157,155,155.75,157.04999999999984,164.62891812861488,149.4710818713848,5024,0.4142357802301923
1772686800,156,156,152,152,156.56249999999986,164.1237085674326,149.00129143256711,35954,0.19829558599591948
1772690400,153.75,153.75,152,153.5,156.18749999999986,163.57308562337488,148.80191437662484,6364,0.3180577589206975
1772694000,153.5,153.5,152.5,153.5,155.77499999999986,162.7837445380895,148.76625546191022,1535,0.3377027449326927
1772697600,153.5,153.5,153,153,155.34999999999985,161.9367290820415,148.7632709179582,10888,0.32161100215833993
1772769600,153.75,153.75,151.5,152.5,154.93749999999986,161.1420849982262,148.7329150017735,11123,0.30357268046963304
1772773200,152.75,152.75,152,152,154.48749999999987,160.1498206373537,148.82517936264603,3075,0.28034624323549917
1772776800,152.75,152.75,152,152.25,154.0624999999999,159.01193178558762,149.11306821441215,2379,0.3168981735158255
1772780400,152.25,152.75,152,152.5,153.6749999999999,157.7649266497295,149.5850733502703,2034,0.35635439206744896
1772784000,152.5,152.5,152,152,153.1999999999999,155.23469899498025,151.16530100501956,41545,0.20511608769642736
1773028800,150,150,147,147.25,152.8624999999999,156.12392223579997,149.60107776419983,30377,-0.360437501528084
1773032400,147.25,147.5,147,147.25,152.53749999999988,156.58186336154233,148.49313663845743,14528,-0.15368755565811942
1773036000,147.25,148,147.25,147.75,152.19999999999987,156.64015765488108,147.75984234511867,20447,-0.0011083328435253237
1773039600,148,152,148,150,152.09999999999988,156.64257636151527,147.5574236384845,82177,0.26885363801574835
1773043200,150,150,149,150,151.94999999999987,156.56139892008943,147.33860107991032,6123,0.2885674137294107
1773115200,149,151,149,150,151.7124999999999,156.21048566029125,147.21451433970853,19820,0.30963700983775894
1773118800,150.5,150.5,150,150.5,151.5874999999999,156.07435580336386,147.10064419663593,3576,0.37881268669426016
1773122400,150.5,150.5,150.25,150.5,151.4374999999999,155.85868479597647,147.0163152040233,1463,0.3939763837904898
1773126000,150.5,150.5,150.5,150.5,151.2624999999999,155.53881558706377,146.98618441293604,861,0.4108461496262675
1773129600,151,151,150.5,150.5,151.16249999999988,155.41183818378786,146.9131618162119,10278,0.42204668452519956
1773201600,150.75,153.75,150.75,153.75,151.0624999999999,154.9543986369354,147.17060136306438,3972,0.8452684988368888
1773205200,153,153,152.5,152.5,151.0874999999999,155.00947335536523,147.16552664463455,1466,0.6800751652312705
1773208800,152.5,152.5,150.75,151,150.9624999999999,154.72506229186632,147.19993770813346,9456,0.5049833062008265
1773212400,151,151,151,151,150.8374999999999,154.4161694455039,147.2588305544959,528,0.5227039689575496
1773216000,150.75,151,150,150.5,150.7124999999999,154.15224926414373,147.27275073585605,19727,0.46911112065419924
1773288000,149.75,149.75,149,149,150.53749999999988,153.9517166012409,147.12328339875887,40878,0.27483853844524303
1773291600,149.75,149.75,148,149.5,150.41249999999988,153.7862034546911,147.03879654530866,101373,0.36476286190313717
1773295200,149.5,149.5,147.25,147.5,150.1749999999999,153.6646274873085,146.6853725126913,23080,0.11672126756672775
1773298800,147.5,147.5,147,147.5,149.9249999999999,153.4289263691158,146.421073630884,11314,0.15395962349919973
1773302400,147.5,147.5,146.75,146.75,149.66249999999988,153.28974068683118,146.03525931316858,39031,0.09852402260295076
1773374400,147,149.5,146,146,149.59999999999988,153.42883794384227,145.7711620561575,52198,0.02988347211332468
1773378000,148,148,145.75,145.75,149.5249999999999,153.58671146195616,145.46328853804363,318036,0.03529441525350028
1773381600,146,146,145.75,145.75,149.4249999999999,153.7467473318299,145.1032526681699,102232,0.07482475052009263
1773385200,145.75,148,145.5,148,149.32499999999987,153.6813172520175,144.96868274798226,138470,0.3479220034553034
1773388800,148,148,147,147,149.1749999999999,153.63341900231356,144.71658099768624,4381,0.2560794534036394
1773633600,146,146,135,136.75,148.51249999999987,155.5026269659584,141.52237303404135,257353,-0.341365261123475
1773637200,136.5,140.5,136.25,140.5,148.01249999999987,155.75277615787752,140.27222384212223,21874,0.014713697110532121
1773640800,140.75,145,140,144.75,147.72499999999988,155.50140662518493,139.94859337481483,10451,0.30871627839232957
1773644400,142,145,142,144,147.3999999999999,155.2284736698919,139.57152633010787,944,0.2828440036097874
1773648000,144.75,144.75,140,144.25,147.0874999999999,154.89498839257485,139.28001160742494,15021,0.3182834314106442
1773720000,140,144,140,142,146.4999999999999,153.97495819387655,139.02504180612323,3169,0.19899497205976358
1773723600,141.75,143.5,141.75,142,145.97499999999988,153.15987995725845,138.7901200427413,25480,0.22337742428221713
1773727200,142,142,141,141.25,145.4874999999999,152.56470813599412,138.41029186400567,257,0.2006234719558236
1773730800,140.5,140.5,136.75,137,144.7874999999999,152.30127900927104,137.27372099072878,16380,-0.018214602158982605
1773734400,137,139,135,139,144.21249999999992,151.6493592161042,136.77564078389565,16401,0.1495496385952535
1773806400,136.5,136.5,135.5,136,143.56249999999991,151.46957752587292,135.6554224741269,10576,0.021789183471743415
1773810000,135.75,136,134.75,135.75,142.87499999999991,150.9859493895699,134.76405061042993,64268,0.060778913923314394
1773813600,136,139,135.75,138,142.39999999999992,150.48455317257205,134.3154468274278,15384,0.2278761172028976
1773817200,136,137.75,135.75,137,141.87499999999994,149.93027777299534,133.81972222700455,2967,0.19740335855686142
1773820800,136,137.5,136,137.5,141.41249999999994,149.3564835724995,133.46851642750036,39577,0.253744455518249
1773892800,136,136,134.25,135,140.8624999999999,148.98111287414162,132.74388712585818,91163,0.13894694260688786
1773896400,135,137.75,134,137.75,140.46249999999992,148.36388437238398,132.56111562761586,28321,0.32835286374117456
1773900000,136,136,134.25,134.5,139.89999999999992,147.81738593224787,131.98261406775197,38856,0.15897835180640746
1773903600,134.5,134.5,133.5,134.5,139.2249999999999,146.544323739265,131.90567626073482,9614,0.1772242786138646
1773907200,134.5,134.5,134,134.25,138.58749999999992,145.2812937673754,131.89370623262445,9274,0.17600585327708812
1773979200,135,137,135,137,138.5999999999999,145.28094304721782,131.919056952782,12278,0.38025642572524365
1773982800,136.75,137,136.75,136.75,138.4124999999999,145.08009889316705,131.74490110683277,11198,0.37532993311103224
1773986400,137.75,138,136.25,137,138.02499999999992,144.04351310542296,132.00648689457688,10872,0.4148460772581575
1773990000,137,137.75,136.25,137.75,137.7124999999999,143.07037971124694,132.35462028875284,6105,0.5034995186548692
1773993600,137,138,137,137.75,137.38749999999987,141.8301202853952,132.94487971460455,12298,0.5407979949571436
1774238400,136,136,130,136,137.08749999999992,141.02537696610315,133.1496230338967,27832,0.36191798152138976
1774242000,135.5,140,134,140,136.9874999999999,140.49988878830092,133.47511121169887,18588,0.9288392005512119
1774245600,140.25,141,137.75,137.75,136.81249999999991,139.76154645608852,133.8634535439113,1412,0.6589496832212528
1774249200,137.75,137.75,135.75,135.75,136.74999999999991,139.73328677806347,133.76671322193636,29411,0.33239961921310635
1774252800,135.5,136,135,136,136.5999999999999,139.41247222211405,133.78752777788577,3417,0.39333227982090285
1774324800,145.25,145.25,138.25,140,136.79999999999993,139.9606961258819,133.63930387411796,22756,1.00621759773049
1774328400,142.5,142.5,141.25,141.5,137.08749999999992,140.8099823706999,133.36501762929993,1187,1.0926824576432221
1774332000,141.5,141.5,141,141.25,137.24999999999991,141.37916456443216,133.12083543556767,1070,0.9843594796941789
1774335600,141.25,141.5,140,140,137.39999999999992,141.69651021180746,133.10348978819238,12927,0.8025711416738678
1774339200,141,142,140.25,142,137.62499999999994,142.36709869152185,132.88290130847804,3689,0.961293647032467
1774411200,145,145.5,143.5,144,138.0749999999999,143.4067445550395,132.7432554449603,24872,1.0556342711880071
1774414800,144,145,143.75,144,138.3874999999999,144.30669546899688,132.46830453100293,43191,0.9740931457152192
1774418400,144,144,143,143.5,138.83749999999992,144.87338228846193,132.80161771153792,8286,0.8862318528736687
1774422000,143.5,143.5,143,143,139.2624999999999,145.2132877629935,133.3117122370063,2971,0.8140340530410644
1774425600,143,143.25,142.75,143.25,139.71249999999992,145.43586221116274,133.9891377888371,2769,0.8090403743013638
1774497600,144,144,140,141.5,139.93749999999991,145.56971759169303,134.3052824083068,13984,0.6387109051241731
1774501200,141.75,142.75,141.5,142.75,140.23749999999993,145.79734487195142,134.67765512804843,6424,0.7259505487891599
1774504800,143,144,142,142,140.48749999999993,145.88998785284693,135.08501214715292,252654,0.6399818047904556
1774508400,142,142.75,142,142.5,140.7249999999999,146.04218910705598,135.40781089294384,15544,0.6669114981865714
1774512000,142.5,142.5,142,142.5,140.96249999999992,146.14968372531374,135.7753162746861,26835,0.6482018067431247
1774584000,144,144,142,142,141.26249999999993,145.9354942221399,136.58950577785996,8674,0.5789108615313389
1774587600,142.75,143,142.5,143,141.41249999999994,146.1063124163797,136.71868758362018,9930,0.6691056074652925
1774591200,142.5,143,142.5,143,141.67499999999993,146.0996468785835,137.25035312141634,2245,0.6497294627525431
1774594800,143,143.75,143,143.75,142.07499999999993,145.64956291036688,138.50043708963298,3160,0.7342943797607019
1774598400,143.5,143.5,143,143,142.42499999999993,144.67833086788406,140.1716691321158,3345,0.6275888969958496
1774843200,145,145,141.75,144,142.62499999999994,144.68351888505634,140.56648111494354,5257,0.8339779901903556
1774846800,143.5,144,142,143.5,142.72499999999997,144.7492282480329,140.70077175196704,5951,0.6914309813513253
1774850400,143.5,143.75,143,143,142.81249999999994,144.72217929248254,140.90282070751735,1087,0.549092012658394
1774854000,142,144,140,144,143.01249999999993,144.49130864217088,141.53369135782899,1986,0.833883631674745
1774857600,143.5,143.5,143,143.5,143.08749999999995,144.50414215669915,141.67085784330075,115,0.6455907541821232
1774929600,142,142.5,141.75,141.75,142.97499999999994,144.44043508902706,141.5095649109728,795,0.08203539372965593
1774933200,141,141.75,140.25,141.75,142.86249999999993,144.34130864217087,141.38369135782898,546,0.12385261748040152
1774936800,141.75,141.75,141.75,141.75,142.77499999999992,144.2989750654731,141.25102493452675,89,0.1637084086143901
1774940400,141.75,141.75,140.5,141.75,142.71249999999995,144.29581140340483,141.12918859659507,866,0.19604842170336392
1774944000,141.25,141.75,141.25,141.75,142.63749999999996,144.2536296359306,141.02137036406933,2450,0.22542425425887896
1775102400,142,144,141.5,141.5,142.63749999999996,144.2536296359306,141.02137036406933,13445,0.14807897376841886
1775106000,142.25,143,142,143,142.64999999999995,144.27326830812243,141.02673169187747,3387,0.607807193132746
1775109600,142.5,143,141.75,141.75,142.63749999999996,144.28427715557524,140.99072284442468,1274,0.23053427508534868
1775113200,141.75,141.75,141,141,142.56249999999994,144.35745821682113,140.76754178317876,3616,0.06475309972198659
1775116800,141,141,140,141,142.48749999999995,144.40762369396995,140.56737630602996,8681,0.11265516261495687
1775448000,144,144,140.5,142,142.48749999999995,144.40762369396995,140.56737630602996,1051,0.3730550532939854
1775451600,140.75,140.75,140,140,142.33749999999995,144.52424987141782,140.15075012858208,829,-0.03446899221362016
1775455200,140,140.5,139,139,142.13749999999996,144.737860551948,139.53713944805193,4131,-0.1032817252302839
1775458800,139.75,140.25,139,140,141.94999999999993,144.59858452765985,139.30141547234,6447,0.1318788432773189
1775462400,140,140.25,139.75,140,141.79999999999993,144.53221521849144,139.0677847815084,54905,0.17059695959937538
1775534400,143,143,139.75,140,141.59999999999994,144.24291505730807,138.9570849426918,8154,0.197303930450649
1775538000,140,140,139.25,140,141.42499999999993,144.00424407534172,138.84575592465814,1111,0.22375627153256308
1775541600,140,140,140,140,141.27499999999992,143.81911084667664,138.7308891533232,54,0.24942129552542713
1775545200,140,140,138.5,139,141.02499999999992,143.42760275538438,138.62239724461546,15743,0.0785820199652855
1775548800,139,140,138.25,140,140.84999999999997,143.00290501419363,138.6970949858063,3388,0.30259231262036895
1775620800,142,145,140,141.75,140.84999999999994,143.00290501419698,138.6970949858029,58350,0.7090199042840097
1775624400,141.75,141.75,140,140,140.76249999999993,142.90419909187855,138.6208009081213,100586,0.32198713094398934
1775628000,140.75,140.75,139.5,140,140.67499999999993,142.7910103969861,138.55898960301374,49481,0.34050172887587815
1775631600,139.75,140,139.5,140,140.58749999999992,142.6628011830019,138.51219881699794,37688,0.35845428007946184
1775635200,140,140.75,139.75,140.75,140.53749999999994,142.54545293773182,138.52954706226805,26384,0.5529145867930787
1775707200,145,145,140,143,140.61249999999993,142.85679833136115,138.3682016686387,16057,1.0319034387357935
1775710800,143,145,143,145,140.71249999999992,143.48862589775086,137.93637410224898,53270,1.2722092149123285
1775714400,144,144,142,144,140.82499999999993,143.92379008649397,137.7262099135059,1392,1.0122967208779634
1775718000,141.25,144,141.25,144,140.97499999999994,144.3694808145189,137.58051918548097,472,0.9455762405640128
1775721600,143,143.75,142,142,141.02499999999992,144.44881366317782,137.60118633682202,1426,0.642385085158973
1775793600,144,144,142,142.25,141.03749999999994,144.47724926413744,137.59775073586243,5142,0.676248311561757
1775797200,142.75,145,142.75,145,141.28749999999994,145.09628917769635,137.47871082230353,12806,0.9873596078433271
1775800800,145,150,145,150,141.83749999999992,147.07504474922825,136.5999552507716,18211,1.2792296191075685
1775804400,150,155,150,153,142.48749999999993,149.55763967331347,135.41736032668638,7025,1.243443587096293
1775808000,152.75,152.75,152,152,143.08749999999992,151.1749517000202,135.00004829997965,10291,1.051007927501919
1776225600,151.75,153,151.75,152,143.68749999999994,152.5162527431744,134.8587472568255,12270,0.9707629855432576
1776229200,152,153,152,153,144.33749999999992,153.87069857131647,134.80430142868337,94291,0.9543333454767101
1776232800,152.5,153,152,152,144.93749999999991,154.80775202313288,135.06724797686695,51500,0.8577669538451331
1776236400,151.75,152,150,151.5,145.56249999999991,155.43275202313288,135.69224797686695,13470,0.800777527568918
1776240000,150.25,151.5,150.25,151.5,146.13749999999993,155.984422107956,136.29057789204387,4161,0.772293207014774
1776312000,152,154,152,153.25,146.71249999999992,156.80739351108565,136.6176064889142,28259,0.8238023260384525
1776315600,153.5,155,153,155,147.46249999999992,157.67924483385804,137.2457551661418,57095,0.8688797225815474
1776319200,156,161.75,154.5,155,148.21249999999992,158.3296574565261,138.09534254347375,61531,0.83544501156408
1776322800,157,157,155,157,149.06249999999991,159.13334281478757,138.99165718521226,21335,0.8940832036592287
1776326400,157.5,159,157,157,149.87499999999991,159.75237313257722,139.9976268674226,14214,0.8606728177809032
1776398400,157,159.75,157,159,150.6749999999999,160.78452521141185,140.56547478858795,5179,0.9117404045148718
1776402000,159.75,159.75,158,158,151.3249999999999,161.5623092167888,141.087690783211,481,0.8260134015026762
1776405600,159,159,154.75,159,152.0749999999999,162.25353132824927,141.89646867175054,9729,0.8401767787844078
1776409200,155,159,155,158,152.77499999999992,162.5536757794776,142.99632422052224,346,0.7671629634641168
1776412800,155.5,162,155.5,160,153.6749999999999,162.59702331313736,144.75297668686244,66103,0.8544599570081092
1776657600,160,160,154.75,157.75,154.44999999999987,161.82665235728112,147.07334764271863,14774,0.7236786986947275
1776661200,155,158,155,156,154.9999999999999,160.9853989006736,149.01460109932617,840,0.5835366210836469
1776664800,158,158,156,156,155.2999999999999,160.83759875760077,149.76240124239902,297,0.5632042904010774
1776668400,156.75,156.75,155,156,155.44999999999987,160.8919665563294,150.00803344367034,958,0.5505332028695051
1776672000,155,155,154.5,154.5,155.57499999999987,160.80496175896116,150.3450382410386,9293,0.39722678199721867
1776744000,153.75,155.75,153,155.75,155.76249999999987,160.72857239176068,150.79642760823907,3660,0.4987414601506199
1776747600,152.5,155.5,151.75,151.75,155.69999999999987,160.83225096816193,150.56774903183782,6368,0.1151786005298922
1776751200,153.5,153.5,153,153,155.7499999999999,160.75499750251595,150.74500249748382,6274,0.22527458818736334
1776754800,153,153.5,153,153.5,155.84999999999985,160.58392015144267,151.11607984855704,2623,0.2517913352125708
1776758400,153.5,160,153.5,154,155.97499999999985,160.36219728303038,151.58780271696932,25003,0.2749132449959502
1776830400,160,160,156,156,156.11249999999987,160.3180766548955,151.90692334510425,129,0.4866249019776027
1776834000,156,156,152.5,155,156.11249999999987,160.31807665489723,151.9069233451025,3944,0.3677351417784321
1776837600,155,155,154.75,154.75,156.09999999999985,160.320189569229,151.8798104307707,701,0.3400545783721227
1776841200,154.75,154.75,154,154.5,155.97499999999985,160.22911565430877,151.72088434569093,560,0.32663846967749327
1776844800,154.5,154.5,154,154.5,155.84999999999982,160.12317212387586,151.5768278761238,1379,0.34203772269588706
1776916800,153.25,155,151.5,153,155.5499999999998,159.73807831830644,151.3619216816932,6133,0.1955644323969017
1776920400,153,155,153,155,155.3999999999998,159.43856410129547,151.36143589870414,3112,0.45047744817626173
1776924000,155,155,152,154,155.1499999999998,158.87290209383428,151.42709790616533,334,0.3455505985633722
1776927600,154,154,152.25,152.25,154.8624999999998,158.54853784574755,151.17646215425208,3,0.14562219525043266
1776931200,152.5,154,152.5,154,154.56249999999983,157.4080008346949,151.71699916530477,86,0.4011597548766647
1777003200,154,155,152.25,155,154.4249999999998,156.88009673949657,151.96990326050306,4603,0.6171033285063242
1777006800,155,155,153,154.75,154.3624999999998,156.7155565229677,152.00944347703194,3454,0.5823397135210844
1777014000,154.75,155,152.75,152.75,154.19999999999982,156.52701525570188,151.87298474429775,456,0.1884420941274942
1777017600,154.75,154.75,153.5,153.5,154.07499999999982,156.2664607001419,151.88353929985774,474,0.36880896381976175
1777262400,153.5,155,152,154,154.0499999999998,156.23288799536064,151.86711200463898,9428,0.4885472822916076
1777266000,154,154,152.5,154,153.9624999999998,156.00134158293156,151.92365841706805,700,0.5091963986594461
1777269600,153.75,154,153,153,154.0249999999998,155.8546174464335,152.1953825535661,179,0.21988679874097686
1777273200,153.75,153.75,152.75,153.5,154.0499999999998,155.83605711002704,152.26394288997258,1124,0.3460295594939214
1777276800,152.75,153.5,152.75,153.5,154.0499999999998,155.8360571100311,152.26394288996852,50,0.3460295594942718
1777348800,155,155,153.75,153.75,154.03749999999982,155.8282749719826,152.24672502801704,13421,0.41972749103102064
1777352400,154,154,153.75,154,153.93749999999983,155.48568442062071,152.38931557937894,4652,0.5201849337739446
1777356000,154,154,153.75,154,153.88749999999982,155.35783159534392,152.4171684046557,3602,0.5382566763702895
1777359600,153.75,155,153.5,155,153.8999999999998,155.40332963793216,152.39667036206745,5570,0.8658545578576863
1777363200,154,155,153.5,153.5,153.84999999999985,155.33660687480727,152.36339312519243,10175,0.3822822610566791
1777435200,155,155,153.5,155,153.87499999999983,155.42015371411517,152.32984628588449,674,0.8640414509323668
1777438800,154.5,155,152.5,152.5,153.84999999999982,155.46554944222143,152.23445055777822,1207,0.08218548912270217
1777442400,153,154,152.5,154,153.7999999999998,155.32970585417164,152.270294145828,405,0.5653720450421061
1777449600,154.5,155.25,154.5,154.5,153.82499999999985,155.38304364515986,152.26695635483983,2268,0.7166178085244943
1777521600,152.5,153.25,152.5,153.25,153.87499999999983,155.28478721807576,152.4652127819239,3259,0.27833534309779584
1777525200,153,153.25,152.5,153,153.82499999999985,155.28359521465694,152.36640478534275,17638,0.21719364231090044
1777528800,153,155,153,155,153.82499999999985,155.28359521465694,152.36640478534275,189,0.9027848124664208
1777867200,152.75,155,152.75,155,153.83749999999984,155.33144611691472,152.34355388308495,1666,0.8890702572328439
1777870800,154.75,155,154.75,155,153.94999999999985,155.43828760668572,152.46171239331397,5057,0.8527543988417331
1777874400,154.75,155,153.25,153.25,153.93749999999983,155.44477402957244,152.43022597042722,1037,0.27193928027978775
1777878000,155,155,153.25,155,153.98749999999984,155.56448287886542,152.41051712113426,21152,0.8210244110983985
1777881600,155,155.25,154,155.25,154.04999999999984,155.72032930892098,152.3796706910787,5906,0.8592106040380849
1777953600,154,154.75,152,154.75,154.13749999999985,155.76134574397148,152.51365425602822,151588,0.6885954999956125
1777957200,154,154.75,153.5,154,154.16249999999985,155.76152313935665,152.56347686064305,39534,0.4491877271816039
1777960800,154,154.75,154,154.75,154.22499999999985,155.81323801749286,152.63676198250684,100916,0.6652774943735591
1777964400,154.75,155,154.5,154.5,154.26249999999985,155.83948287886082,152.68551712113887,38006,0.5753020223566712
1777968000,155,156,154.25,155.25,154.32499999999985,155.9536497475605,152.6963502524392,91046,0.7839775714163215
1778040000,155.5,159.75,155.5,158.25,154.53749999999982,156.88949383508157,152.18550616491808,2201,1.2892240074411483
1778043600,158.25,158.25,157.75,158,154.68749999999983,157.4797884880052,151.89521151199446,2697,1.0931514623631184
1778047200,158,158,157.5,157.5,154.88749999999982,157.87696065373768,151.89803934626195,1315,0.9369517285222753
1778050800,157.5,157.75,156.25,157.75,155.0249999999998,158.2649845679066,151.78501543209302,4247,0.9205266943232226
1778054400,157.75,157.75,157.25,157.5,155.2749999999998,158.46835247040943,152.08164752959019,2154,0.8483799581501859
1778126400,157.75,165,157.75,160,155.5749999999998,159.31364948882387,151.8363505111757,44672,1.0917912354752475
1778130000,161.75,161.75,160,160,155.8499999999998,160.01653333123298,151.6834666687666,2865,0.998015936761019
1778133600,160,161.75,160,161.75,156.2749999999998,160.99172555914294,151.55827444085668,4141,1.0803814459150787
1778137200,161.25,161.5,160,160,156.62499999999983,161.35654308870346,151.8934569112962,15231,0.85664897653134
1778140800,160,165,160,165,157.12499999999983,163.03156414510644,151.21843585489322,126203,1.166631209492945
1778212800,165.75,166.75,163,163,157.5249999999998,163.8690917395851,151.18090826041453,4166,0.9315038483631779
1778216400,163.25,164,163.25,163.5,157.9499999999998,164.68721010510302,151.21278989489656,2952,0.9118915629331684
1778220000,163.5,166,163.5,165,158.5374999999998,165.57538853281216,151.49961146718744,74395,0.9591220768750774
1778223600,165.25,165.5,163.5,164.75,159.0249999999998,166.35967790705828,151.69032209294133,4061,0.8902693528294391
1778227200,164.75,170,164.5,169,159.71249999999978,168.01652763725738,151.40847236274217,156984,1.0592165877633932
1778472000,169,169,160.5,163,160.12499999999977,168.218979243878,152.03102075612153,23766,0.6776011473080248
1778475600,163,168,163,167.25,160.7874999999998,168.9365413546811,152.63845864531848,20419,0.8965190332656578
1778479200,168,168,167,167,161.3999999999998,169.4830068662778,153.3169931337218,2255,0.846405743100577
1778482800,163.25,167.75,163.25,167.75,162.0624999999998,169.9442431447808,154.1807568552188,10,0.8608021661912596
1778486400,167.5,167.5,166.75,167,162.6499999999998,170.15566452756147,155.14433547243814,1220,0.7897811369017689
1778558400,167,175.25,166.75,170,163.2374999999998,171.10432114963118,155.37067885036845,136999,0.9298114747604931
1778562000,170.25,170.5,168.5,168.5,163.76249999999982,171.56229967693284,155.9627003230668,2247,0.8036936970324234
1778565600,168.75,169,168.5,168.5,164.31249999999983,171.81395819159616,156.8110418084035,3484,0.7791124000858466
1778569200,169,169,168,168.25,164.8374999999998,171.8842634414878,157.7907365585118,1095,0.7421324362833733
1778572800,168.25,168.25,167.75,168.25,165.37499999999983,171.70449445060774,159.04550554939192,32509,0.7271113453400725
1778644800,170,170,168.25,168.5,165.7999999999998,171.75944628302733,159.8405537169723,2610,0.7265311131077545
1778648400,168.5,168.5,163,167.75,166.18749999999983,171.56773001369675,160.8072699863029,4072,0.6452075465196079
1778652000,165,167.5,165,167.5,166.47499999999982,171.47724949400578,161.47275050599387,5614,0.6024539061104812
1778655600,167.5,167.5,166,167.5,166.84999999999982,170.88546775483073,162.81453224516892,377,0.5805358931714983
1778659200,166,166,165.25,166,166.8999999999998,170.86673669409814,162.93326330590148,745,0.38655662457520595
1778731200,165,167.75,165,165.25,167.01249999999985,170.64387370704884,163.38112629295085,7748,0.25732324153548386
1778734800,165,165.25,165,165,167.08749999999984,170.47967850359723,163.69532149640244,1871,0.1923068762764033
1778738400,165,165.25,165,165,167.08749999999984,170.47967850359723,163.69532149640244,540,0.1923068762764033
1778742000,165,165.25,165,165.25,167.11249999999984,170.44219593210167,163.782804067898,1486,0.22031980727679215
1778745600,165,165.25,165,165.25,166.92499999999984,170.23067693525118,163.6193230647485,1890,0.24664795852585558
1778817600,165.25,165.25,164.75,165,167.0249999999998,169.94861078126092,164.1013892187387,1183,0.15368167114120607
1778821200,165,165,164.25,164.75,166.89999999999984,169.9838287890633,163.81617121093637,985,0.15140736612476194
1778824800,165,165,164,164,166.74999999999983,170.08166624983375,163.4183337501659,537,0.08729359518875612
1778828400,165,165.25,164.75,164.75,166.59999999999982,170.00734500752066,163.192654992479,5015,0.22852763721953193
1778832000,164.5,164.5,164,164,166.44999999999982,170.0332945734737,162.86670542652593,7741,0.15813583703995912
1779076800,163,163.25,157,158,165.84999999999985,170.6624837662308,161.0375162337689,47362,-0.3155871667643926
1779080400,159,161,159,160.25,165.43749999999983,170.66692396448,160.20807603551967,3068,0.004008468692258742
1779084000,160,161,160,161,165.06249999999983,170.43342869067007,159.6915713093296,22770,0.12180655953813561
1779087600,161,161.75,161,161,164.69999999999985,170.13966910760593,159.26033089239377,65350,0.1599057840828701
1779091200,161.25,161.5,161,161,164.33749999999984,169.74877295562337,158.9262270443763,24593,0.19161599984238262
1779163200,160,162,160,162,164.01249999999985,169.1590400999345,158.8659599000652,3075,0.30448029540997795
1779166800,161.5,161.5,161,161,163.67499999999984,168.68024724666535,158.66975275333434,5696,0.23278043339598004
1779170400,161,161.25,160.25,160.25,163.31249999999983,168.20605443417858,158.41894556582108,2817,0.18708838930962207
1779174000,160.5,161.25,159,159,162.88749999999982,167.7286646326333,158.04633536736634,82376,0.09849537301470472
1779177600,160,160,157,160,162.5874999999998,167.36315440544743,157.81184559455218,1208,0.2290947187208285
1779249600,159,159.5,156.25,156.25,162.13749999999982,167.48650691720084,156.7884930827988,2316,-0.050335799816143424
1779253200,156,156.25,154,154,161.58749999999984,167.83304841469004,155.34195158530963,7634,-0.10743264611905136
1779256800,154,155,154,154.75,161.07499999999985,167.78152667184918,154.36847332815051,10569,0.028444431112974237
1779260400,154.75,154.75,154,154.75,160.54999999999984,167.50629211579096,153.59370788420873,15208,0.08311123918778768
1779264000,154.75,159,154.75,159,160.23749999999984,166.8754119458016,153.59958805419808,11217,0.40678544622887663
1779336000,156.75,158,155,155,159.73749999999984,166.37164463214566,153.10335536785402,6542,0.14294568006218664
1779339600,155,155,153,153,159.14999999999986,165.98264224149045,152.31735775850927,14520,0.04995448447054959
1779343200,153,155.25,153,155.25,158.71249999999984,165.3650840844169,152.05991591558276,36584,0.23976277818792616
1779346800,155.25,156,155,155,158.22499999999985,164.4517567802343,151.9982432197654,6380,0.24103693834349266
1779350400,156,161,155,159.75,158.01249999999982,163.7034467578112,152.32155324218843,59082,0.6526547404098704
1779422400,158.25,166.25,158.25,160,158.11249999999984,163.86896375826453,152.35603624173515,13747,0.6639461377039186
1779426000,160.25,162,158.5,162,158.19999999999985,164.1342227797929,152.2657772202068,10386,0.8201767224631115
1779429600,162,163.5,162,163.5,158.32499999999985,164.58618998276012,152.06381001723958,33966,0.9132601002564319
1779433200,163.5,165.75,163,163.5,158.44999999999985,165.01239285628375,151.88760714371594,11019,0.8847681867418573
1779436800,163.5,165,163.5,163.5,158.57499999999985,165.41623526859053,151.73376473140917,25357,0.8599496148459985
1779681600,163,165,162,164,158.67499999999984,165.76742553716437,151.5825744628353,9365,0.8754004869065592
1779685200,164,166,164,166,158.92499999999984,166.65173928641505,151.19826071358463,27707,0.9578257229695256
1779688800,166,166.5,165,166,159.21249999999984,167.5210422909335,150.90395770906616,16483,0.9084651532319167
1779692400,166.5,166.5,166,166.25,159.57499999999985,168.42951862046868,150.720481379531,2840,0.8769261936255728
1779696000,166,167,166,167,159.92499999999984,169.35381222637358,150.4961877736261,13104,0.8751798121618316
1779768000,167,167,161,162,160.21249999999984,169.52549495330194,150.89950504669773,23710,0.5959680537229525
1779771600,161.25,163,160.75,163,160.66249999999985,169.5931704675633,151.7318295324364,15407,0.6308692336420898
1779775200,165.5,165.5,164,165.5,161.19999999999985,169.93441469133504,152.46558530866466,277,0.7461527275700504
1779778800,164,164,163.25,163.25,161.62499999999983,169.8765150124228,153.37348498757686,195,0.5984667662576916
1779782400,164,164,163,163.25,161.83749999999984,170.02632622847983,153.64867377151984,659,0.586245571745534
1779854400,162,165,162,162.75,162.22499999999985,169.7928596710181,154.6571403289816,669,0.5346861611355374
1779858000,165,166,162.75,163,162.72499999999985,168.99975099109233,156.45024900890738,5715,0.5219132201732414
1779861600,164,164,164,164,163.16249999999985,168.43097938215791,157.8940206178418,12,0.5794821369934917
1779865200,163.25,163.25,162.75,163,163.56249999999986,167.27691448955514,159.84808551044458,3174,0.4242814713353107
1779868800,163,163.25,163,163,163.72499999999985,167.01855431110621,160.4314456888935,8272,0.38993653489255625
1780027200,165,166,164.75,165.75,164.01249999999985,166.93856818106084,161.08643181893885,15190,0.7969001220214446
1780030800,165.75,165.75,164.5,165,164.16249999999985,166.9655117731139,161.35948822688582,26157,0.6493928794793676
1780034400,165,165,164,164.5,164.21249999999986,167.00210122601842,161.4228987739813,2766,0.5515306627554198
1780038000,164,165.5,164,165.5,164.31249999999986,167.13595090274399,161.48904909725573,8333,0.7102923055694017
1780041600,165.5,166,164,166,164.43749999999986,167.32659587937226,161.54840412062745,2232,0.7704133170442862
1780286400,166,166.5,163.75,164,164.43749999999986,167.32659587937226,161.54840412062745,3339,0.42428427122763135
1780290000,163.75,164,163.75,164,164.33749999999986,167.1405117731113,161.5344882268884,2675,0.4397968993142641
1780293600,165.25,165.25,164.5,165,164.28749999999985,167.00446061808213,161.57053938191757,298,0.6311207816665103
1780297200,164.75,164.75,164.5,164.75,164.21249999999986,166.78774270704625,161.63725729295348,2167,0.6043590956552226
1780300800,164.75,165.25,164.5,165,164.11249999999987,166.38447601223996,161.84052398775978,7354,0.6953145621297927
1780372800,166,166,164.5,166,164.31249999999986,166.508376818087,162.11662318191273,4378,0.8842428651052832
1780376400,165.5,166,165.5,165.75,164.44999999999987,166.64431082579267,162.25568917420708,2829,0.7962205683714929
1780380000,165,165.75,165,165.75,164.46249999999986,166.68328251978843,162.2417174802113,37,0.7898753003789656
1780383600,165.75,165.75,165,165.75,164.58749999999986,166.80264672204885,162.37235327795088,183,0.7623979685925358
1780387200,165.5,165.5,165,165.25,164.68749999999986,166.83153241584776,162.54346758415195,21498,0.6311780539889108
1780459200,166,166,164,165.25,164.81249999999986,166.7738452016935,162.85115479830623,1666,0.6115305963535533
1780462800,165.25,165.5,165,165,164.91249999999985,166.6892596911846,163.13574030881512,1026,0.5246234762174853
1780466400,165.25,165.25,165,165,164.9624999999999,166.68931064397847,163.2356893560213,1343,0.5108581679557256
1780470000,164.5,164.75,164.5,164.75,165.0499999999999,166.52986485874965,163.57013514125015,162,0.39863939324387027
1780473600,164.75,164.75,164.5,164.5,165.1249999999999,166.30292189901175,163.94707810098802,4514,0.23470227503020913
1780545600,164.5,164.5,164.25,164.25,165.04999999999987,166.25000000008572,163.84999999991402,4161,0.16666666669056854
1780549200,164.5,164.5,164,164,164.9999999999999,166.2845232579321,163.71547674206766,9433,0.11075052793919445
1780552800,164,164,163.5,163.5,164.94999999999987,166.37828568577243,163.52171431422732,1819,-0.00760153043737159
1780556400,163.25,163.5,163,163.5,164.84999999999988,166.38622914963537,163.3137708503644,6750,0.06061242545742467
1780560000,163.5,163.5,161.5,162,164.6499999999999,166.53679622645302,162.76320377354676,17183,-0.20224859548862437
1780632000,162.25,162.25,161.5,161.5,164.52499999999992,166.84825203113041,162.20174796886943,1149,-0.15102708605573803
1780635600,161.25,161.5,159.25,161,164.37499999999991,167.15663620916945,161.59336379083038,4546,-0.10665733155083054
1780639200,161.5,162,159.5,162,164.2249999999999,167.17415242064035,161.27584757935946,3592,0.1227729729349284
1780642800,162,162,162,162,164.08749999999992,167.17891957685134,160.9960804231485,24,0.1623719381815494
1780646400,162,162.5,162,162.5,163.96249999999992,167.09808208314638,160.82691791685346,2253,0.2667897122099341
1780891200,161.5,161.5,158.5,159.25,163.62499999999991,167.228817420481,160.02118257951884,10633,-0.10699523443336507
1780894800,159.75,160,158.75,159.75,163.32499999999987,167.16264250552294,159.4873574944768,827,0.034219251160731996
1780898400,159.5,159.75,158.5,159.75,163.0249999999999,166.99331198372633,159.05668801627345,10590,0.08735603281316248
1780902000,159.75,159.75,158.5,158.5,162.66249999999988,166.88528048212214,158.43971951787762,4415,0.007137534425195185
1780905600,159.5,160,159.5,160,162.39999999999992,166.59940471973758,158.20059528026226,4050,0.21424521328943835
1780977600,160,163.75,160,163.75,162.3249999999999,166.36882244913986,158.28117755085995,1213,0.6761946794057647
1780981200,163.25,163.25,163.25,163.25,162.2374999999999,166.1184631536756,158.3565368463242,11,0.6304444231892734
1780984800,163,163,162.5,162.5,162.1124999999999,165.7849480936006,158.4400519063992,24,0.5527577232031307
1780988400,162.5,166,161,166,162.1749999999999,166.06119351038802,158.28880648961177,5083,0.9921268060604229
1780992000,164.75,164.75,161.75,161.75,162.03749999999994,165.77673454735432,158.29826545264555,16,0.4615563029867501
1781064000,165.75,165.75,165.25,165.25,162.08749999999992,165.96781893021105,158.2071810697888,141,0.9075051634773749
1781067600,164.75,164.75,164,164,162.08749999999992,165.96781893021105,158.2071810697888,17020,0.7464359289013415
1781071200,164,164.5,162,162,162.01249999999993,165.8383169062491,158.18668309375076,786,0.4983663619684055
1781074800,164,164.75,164,164.75,162.07499999999993,166.034482289408,158.11551771059186,4736,0.8377966871017335
1781078400,164.25,164.75,162,164.75,162.21249999999992,166.33946922694432,158.08553077305552,9715,0.8074289945552662
1781150400,163.5,164,163.5,163.5,162.31249999999994,166.4624246981263,158.16257530187357,30431,0.6430748852546886
1781154000,163.5,163.5,163,163,162.41249999999994,166.52733596272557,158.2976640372743,1990,0.5713880219432741
1781157600,163,163,162,163,162.46249999999992,166.58037263039404,158.3446273696058,3093,0.5652642818567019
1781161200,162.75,162.75,162,162,162.46249999999992,166.58037263039404,158.3446273696058,476,0.44384236212332107
1781164800,162,162.75,162,162.75,162.4749999999999,166.59476941103912,158.3552305889607,2270,0.5333756543828896
1781236800,163.75,165,163.25,164,162.71249999999992,166.60247107960345,158.8225289203964,7085,0.6654896622176564
1781240400,164,164,163.5,164,162.9249999999999,166.60297498634375,159.24702501365604,1377,0.6461401999730185
1781244000,163.5,163.5,163,163,163.0874999999999,166.46490654943835,159.71009345056143,686,0.4870462737134148
1781247600,163,163,163,163,163.3124999999999,165.9576606756841,160.66733932431566,1010,0.4409298643230714
1781251200,163,163,162.5,162.5,163.4374999999999,165.64473243003218,161.2302675699676,546,0.2876299778754676
1781496000,164.5,168,164.5,166,163.5499999999999,166.0228526038119,161.07714739618788,35660,0.9953793032838503
1781499600,166,166,165,166,163.68749999999991,166.37485464726234,161.0001453527375,1212,0.930255828413976
1781503200,166,166,164.75,164.75,163.7999999999999,166.46739573370343,161.13260426629637,46440,0.6780763139110747
1781506800,165,165,164.5,164.75,163.7374999999999,166.24984452258713,161.22515547741267,3248,0.7015050067570796
1781510400,164.75,168,163,168,164.0499999999999,167.0105742686468,161.089425731353,32623,1.167100305814219
1781582400,168,168,166.5,167.5,164.16249999999988,167.4498811765899,160.87511882340985,3093,1.0076229102616685
1781586000,167.5,167.5,166.75,167,164.3124999999999,167.82275283992436,160.8022471600754,15878,0.8828071826384358
1781589600,167,167,166.75,166.75,164.5499999999999,168.0449964234867,161.0550035765131,1643,0.8147356582707537
1781593200,166.75,167,166.5,167,164.6624999999999,168.31720587054363,161.0077941294562,1132,0.8197931766328892
1781596800,167,167,166.5,166.5,164.74999999999991,168.49165738679915,161.00834261320068,2909,0.733853586671802
1781668800,167,167.5,166.75,166.75,164.9124999999999,168.7048442618228,161.120155738177,2463,0.7422643981056775
1781672400,167,167.75,167,167.75,165.14999999999992,169.02749919409115,161.2725008059087,47786,0.8352676389929519
1781676000,167.75,167.75,167,167.5,165.37499999999991,169.24959675323583,161.500403246764,62599,0.7742220849466933
1781679600,167.5,167.5,167,167,165.62499999999991,169.23228429711128,162.01771570288855,3246,0.690586586299998
1781683200,167,167,166.5,166.5,165.81249999999991,169.1847210781895,162.44027892181032,5935,0.6019357841700543
1781755200,167,167,166.75,166.75,165.94999999999993,169.2386167305057,162.66138326949417,558,0.6216316867482813
1781758800,167,167,167,167,166.09999999999994,169.29139467946897,162.9086053205309,1189,0.6410041831851712
1781762400,167.5,167.5,167.25,167.25,166.31249999999994,169.20159587935723,163.42340412064266,5,0.662247990227416
1781766000,167.5,171,167.25,171,166.71249999999992,169.86001886414914,163.5649811358507,275443,1.1810920259820268
1781769600,170.75,170.75,170,170.25,167.09999999999994,169.97402157266686,164.22597842733302,14388,1.0480125879982614
1781841600,170.25,171,170,170.75,167.33749999999992,170.57120917062397,164.10379082937587,19152,1.0276448530066054
1781845200,170.75,171,170,170.5,167.56249999999994,171.01168468628984,164.11331531371005,3388,0.9258252699074471
1781848800,171,172.5,171,172.5,167.94999999999993,171.76968585097728,164.13031414902258,10203,1.095598719045946
1781852400,172.5,174.5,170,174.5,168.43749999999994,172.92881105582157,163.94618894417832,31588,1.1749142872371152
1781856000,174.5,174.5,172.75,172.75,168.6749999999999,173.5358126892738,163.814187310726,1425,0.9191685897496309
1782100800,173.25,173.25,170.5,173,168.9499999999999,174.12590571786197,163.77409428213784,7421,0.8912358745275765
1782104400,173,173,172,173,169.24999999999991,174.63052042094307,163.86947957905676,1485,0.8484793018723219
1782108000,173,173,171.25,173,169.56249999999991,175.0508399129596,164.07416008704024,1328,0.8131639124503824
1782111600,172.75,173,172.5,172.5,169.83749999999992,175.33585202585024,164.3391479741496,308,0.742118000764813
1782115200,172.5,173,171.25,171.25,170.07499999999993,175.38324829865414,164.76675170134573,3833,0.610676812188492
1782187200,172.25,173,171.25,171.25,170.29999999999993,175.40294032888565,165.1970596711142,3720,0.5930835889479739
1782190800,172,173.25,172,173.25,170.57499999999993,175.69139521539967,165.4586047846002,75833,0.7614145201243094
1782194400,173.5,179,173,179,171.14999999999992,177.2459002616658,165.05409973833403,52442,1.1438753640184092
1782198000,178.75,179,174,174,171.49999999999994,177.4033888572697,165.59661114273018,16204,0.7117427854105712
1782201600,175,177.5,175,176.5,171.99999999999994,177.81807528312723,166.18192471687266,13726,0.886725831225516
1782273600,178,179,177,177.5,172.53749999999994,178.30220944629102,166.77279055370886,18400,0.9304206522665991
1782277200,177,177.5,176.5,177.5,173.06249999999994,178.62324410489683,167.50175589510306,175555,0.8990023561857774
1782280800,177.5,177.75,175.25,176.75,173.53749999999997,178.63474190127502,168.4402580987249,24772,0.815121399201835
1782284400,176.75,177,175.5,175.5,173.76249999999996,178.7886192783426,168.73638072165733,115756,0.6728470718439636
1782288000,175.5,176.75,175,176.75,174.08749999999995,179.0024643945959,169.172535605404,8461,0.7708564891057494
1782360000,177,178.5,175.5,177.75,174.43749999999994,179.3489025491851,169.52609745081477,5559,0.8372254632792847
1782363600,177.75,177.75,177,177,174.76249999999996,179.44351217688552,170.0814878231144,651,0.7389974556196013
1782367200,177,177,176,177,174.98749999999995,179.64441689856545,170.33058310143446,20825,0.716076434670755
1782370800,177,177,176.5,176.5,175.08749999999998,179.78397474177447,170.39102525822548,16487,0.6503787497711879
1782374400,176.5,177,175.5,177,175.29999999999995,179.93842645733923,170.66157354266068,4749,0.6832518005443606
1782446400,177,177,176,176,175.44999999999996,179.97382581452428,170.92617418547565,5644,0.5607892547757029
1782450000,176,176,175.25,176,175.59999999999997,179.98577245193263,171.2142275480673,1238,0.5456020010595588
1782453600,175.5,176.5,175.5,176,175.74999999999994,179.9719663665372,171.52803363346268,1485,0.529607057268566
1782457200,175.5,176,175.5,175.5,175.89999999999995,179.85411178397302,171.94588821602687,542,0.44941974053171174
1782460800,175.75,176,174.75,175,176.08749999999995,179.4537850444018,172.7212149555981,34348,0.33847178927873806
1782792000,175,175,174,174.5,176.24999999999994,178.90518360950372,173.59481639049616,17131,0.17045593499897435
1782795600,174,174.5,172,172.75,176.22499999999997,178.99943687982628,173.45056312017365,19017,-0.12625320930305547
1782799200,174,174,172.5,172.5,175.89999999999995,178.81719042918695,172.98280957081295,5717,-0.08275249465759113
1782802800,173.75,174,172.5,173.75,175.88749999999996,178.83908855535867,172.93591144464125,11839,0.13790684915767562
1782806400,174,174,173,173,175.71249999999995,178.9034050440494,172.5215949559505,25990,0.07496384841373772
1782882000,172.5,172.5,169.5,169.75,175.325,179.33155712552283,171.31844287447714,6519,-0.19573449539577753
1782885600,169.75,170,169,169.75,174.93749999999994,179.48962862297935,170.38537137702053,15439,-0.06978838139734689
1782889200,170,170,169,169.5,174.575,179.62004707610214,169.52995292389784,3506,-0.0029685475126408427
1782892800,169.5,169.75,168,169,174.24999999999997,179.82449549287765,168.6755045071223,8368,0.029105368664509447
1782964800,168,169,167.5,169,173.86249999999998,179.75629970817548,167.9687002918245,31030,0.08749022356027458
1782968400,168.75,169,168,168,173.37499999999997,179.5099409125201,167.24005908747984,9424,0.061935471209615366
1782972000,168,169,167.5,168.75,172.96249999999998,179.1759430873791,166.74905691262086,5606,0.16101725397980235
1782975600,168.5,168.5,167.25,167.5,172.48749999999995,178.84453350629215,166.13046649370776,4212,0.10771797135697626
1782979200,167.5,168.75,167,168,172.06249999999997,178.42621550276354,165.6987844972364,17104,0.18080754095341384
1783051200,167.75,167.75,166.75,166.75,171.54999999999995,177.89152978390285,165.20847021609706,563,0.12154242244638716
1783054800,166.75,167,166.5,166.75,171.08749999999998,177.41259881346593,164.76240118653402,2189,0.15711998121155338
1783058400,166.75,167,166.75,167,170.6375,176.7784995114856,164.49650048851439,951,0.2038348567528203
1783062000,166.75,166.75,166,166.75,170.17499999999995,176.0168746991102,164.33312530088972,4888,0.20685780024333544
1783065600,166.75,167.75,166,167.5,169.77499999999995,175.18309578318593,164.36690421681396,7299,0.28966718682451714
1783310400,169,169,166.5,168,169.42499999999998,174.31657438868748,164.53342561131248,1266,0.3543413749062563
1783314000,168,168.25,167,167.25,169.06249999999997,173.44392385533467,164.68107614466527,2619,0.2931608468108922
1783317600,167,168.75,167,168.5,168.84999999999997,172.89474968324396,164.80525031675597,6009,0.45673403456215156
1783321200,168.5,168.5,167,167.25,168.58749999999998,172.32004269902995,164.85495730097,4541,0.32083259217000115
1783324800,167,167,166.5,166.5,168.22499999999997,171.21623720224045,165.23376279775948,1601,0.21165777178956025
1783396800,167,167,167,167,167.92499999999995,170.00526440628877,165.84473559371114,718,0.27767249268804495
1783400400,167,167,166.75,167,167.78749999999997,169.72576597763683,165.8492340223631,1629,0.29685450575774736
1783404000,167,167.5,166.5,167,167.64999999999995,169.39212513904863,165.90787486095127,13945,0.3134462371759089
1783407600,167,167,165.75,165.75,167.46249999999995,169.17477188264493,165.75022811735496,1038,-0.00006661248055197112
1783411200,166.25,166.5,166,166.5,167.33749999999995,168.94432139645033,165.73067860354956,725,0.23939231769938388
1783483200,166,168,165.75,166,167.18749999999994,168.70304445665633,165.67195554334356,327,0.10822660305860597
1783486800,167.25,167.25,165.5,165.5,167.06249999999994,168.6970871038633,165.42791289613658,778,0.022050554446760753
1783490400,165.5,165.5,165.25,165.5,166.89999999999995,168.47638827707127,165.32361172292863,806,0.055946964220981686
1783494000,165.5,165.5,164.5,164.5,166.74999999999994,168.61413518825566,164.88586481174423,2974,-0.10349700337594171
1783497600,164.5,165,164.25,165,166.59999999999997,168.51963538205976,164.68036461794017,7098,0.08325419114666867
1783569600,164.5,164.75,163,164,166.46249999999992,168.68890405140982,164.23609594859002,2361,-0.05302181076263057
1783573200,163,164,161,163,166.27499999999995,168.9578156850772,163.5921843149227,4793,-0.11036619440847587
1783576800,162,163,162,163,166.07499999999996,169.08788897904367,163.06211102095625,886,-0.01030755221786594
1783580400,163,163,162,163,165.88749999999996,169.16421710711282,162.6107828928871,916,0.05939131978589399
1783584000,163,163,162,162,165.61249999999993,169.20928676044338,162.01571323955648,2917,-0.002184344055267063
1783656000,162,163,161.5,162.75,165.34999999999994,168.97767142945787,161.722328570542,2462,0.1416433998284619
1783659600,162.75,162.75,160.5,162.75,165.12499999999994,168.81112262412628,161.4388773758736,5738,0.17784576882289027
1783663200,162.75,162.75,162.75,162.75,164.83749999999995,168.31699349763505,161.35800650236484,98,0.2000281791848795
1783666800,162.75,162.75,162.75,162.75,164.61249999999995,168.02012013729794,161.20487986270197,1455,0.22671543115765333
1783670400,162.75,162.75,162.75,162.75,164.42499999999998,167.8091542518099,161.04084574819007,2885,0.2525231009927876
1783915200,162.75,162.75,158,158,163.97499999999997,168.16695658375266,159.78304341624727,8162,-0.21267436585078625
1783918800,159.5,160,159.5,160,163.62499999999997,167.91597890929904,159.3340210907009,2895,0.07760221191670766
1783922400,160,160.5,159.75,160.5,163.29999999999995,167.5029751367431,159.09702486325682,4121,0.16690262148806556
1783926000,160.5,162.5,160.5,162.5,163.13749999999996,167.19790330509917,159.07709669490075,36606,0.4214979458814642
1783929600,160.25,162,159.75,160,162.81249999999994,166.7838820012784,158.84111799872147,52878,0.14590412114793533
1784001600,159.5,161.75,159.5,160,162.51249999999996,166.38055829842978,158.64444170157014,2281,0.17522464681829192
1784005200,160,161.75,157.75,157.75,162.12499999999994,166.26172575838547,157.98827424161442,12974,-0.02879985954246736
1784008800,158.5,160,158.5,160,161.84999999999997,165.7787402561197,157.92125974388023,5536,0.2645555726013893
1784012400,160,160.75,159.25,160.75,161.66249999999997,165.42173861972933,157.9032613802706,233,0.37863233857902057
1784016000,160.75,160.75,160.75,160.75,161.44999999999996,164.89818792992375,158.00181207007617,530,0.3984974116513088
1784088000,161.25,161.25,160.75,160.75,161.28749999999997,164.54047940357168,158.03452059642825,197,0.4173834301856015
1784091600,160.75,161,160.75,161,161.18749999999994,164.34532757605444,158.02967242394544,302,0.4703118686052181
1784095200,161,161,160,161,161.08749999999998,164.1341169762614,158.04088302373856,2042,0.48563980955240543
1784098800,159.75,161,159.75,161,160.98749999999998,163.90501178232847,158.0699882176715,175,0.502142236421414
1784102400,160.25,161,160,161,160.93749999999997,163.8179296554608,158.05707034453914,113,0.5108490759150356
1784174400,159.75,160.75,159,160.5,160.825,163.58679289593397,158.063207104066,1779,0.4411614099524866
1784178000,160,160,160,160,160.68749999999997,163.32319250863074,158.0518074913692,2085,0.3695788682198886
1784181600,160,160,158.5,158.5,160.47499999999997,163.09654534579428,157.85345465420565,25794,0.12331378261901677
1784185200,158.75,158.75,158.5,158.5,160.2625,162.79959972212927,157.7254002778707,3049,0.1526545676098229
1784188800,160.25,160.25,159.75,160.25,160.1375,162.40396751576668,157.8710324842333,521,0.5248183570285928
1784260800,161.25,161.5,160,161.5,160.31249999999997,162.42718082699173,158.1978191730082,22731,0.7807752320924259
1784264400,161,161.5,161,161,160.36249999999998,162.49249413145537,158.2325058685446,1657,0.6496482996327374
1784268000,161.5,161.75,161,161,160.3875,162.53502764825436,158.23997235174562,7960,0.6426058473561181
1784271600,161,161.5,160,161.5,160.33749999999998,162.32668953346143,158.34831046653852,5974,0.7922044331233528
1784275200,161.5,161.5,161.5,161.5,160.41249999999997,162.457463324871,158.36753667512895,1660,0.7658971891509656
1784520000,160,160.25,159.5,159.5,160.3875,162.46400547796387,158.3109945220361,2212,0.28629962467755465
1784523600,159.5,160,159.5,160,160.5,162.20293863659947,158.79706136340053,1143,0.3531949451219129
1784527200,159.5,160,159.5,159.5,160.475,162.2207090250181,158.7292909749819,1160,0.22074383931483524
1784530800,159.5,159.75,159,159.25,160.4,162.2193405398694,158.58065946013062,3323,0.1839514167912276
1784534400,159.25,162,159,162,160.4625,162.40720434771333,158.51779565228668,50875,0.8953043046897741
1784606400,161,161.75,161,161.5,160.5,162.4937402037428,158.5062597962572,860,0.7507849312871181
1784610000,161.25,161.25,161,161.25,160.5125,162.52169760104235,158.50330239895763,203,0.6835309776443593
1784613600,161,161,160.25,160.5,160.4875,162.48421605392878,158.49078394607125,915,0.503130139604826
1784617200,160.25,160.5,159,160.5,160.46249999999998,162.44539560997367,158.47960439002628,1809,0.509455868430845
1784620800,160.25,160.25,160,160.25,160.42499999999998,162.39413686676318,158.4558631332368,1005,0.455564287339853
1784692800,160.25,160.25,160,160.25,160.41249999999997,162.38274744640844,158.4422525535915,419,0.4587615250317457
1784696400,160.25,162.5,160.25,162.5,160.53749999999997,162.69547937897312,158.3795206210268,869,0.9547077741154935
1784700000,162.5,162.5,162,162,160.71249999999998,162.74520140454766,158.6797985954523,2245,0.8166967851548563
1784707200,161,162,161,161,160.83749999999998,162.6001329737272,159.07486702627276,8,0.5460958130314572
1784779200,162.5,162.5,162,162,160.92499999999998,162.7353866990423,159.11461330095767,3744,0.7968978949548979
1784782800,162.5,163,162,162,160.95,162.80472369911152,159.09527630088846,20007,0.7830610296571379
1784786400,162,162,162,162,160.99999999999997,162.91049731747557,159.08950268252437,155,0.7617119612921934
1784790000,161.5,162,161.5,162,161.04999999999998,163.0095917942405,159.09040820575947,6716,0.7423974224611953
1784793600,162,162.5,161.25,162.5,161.1,163.15182845287697,159.04817154712302,3907,0.8411591251785676
1784865600,162.5,163,161.5,162,161.125,163.20766655997144,159.04233344002856,4374,0.710067232272649
1784869200,161.75,161.75,161.75,161.75,161.23749999999998,163.1962942720081,159.27870572799188,2299,0.6308202722776535
1784872800,161.5,161.75,161.5,161.5,161.3125,163.18916592658906,159.43583407341094,3413,0.5499556147270153
1784876400,161.5,161.5,161,161.5,161.4125,163.09531757776432,159.72968242223567,7718,0.5259980645425193
1784880000,161,161.75,160.5,161.75,161.5375,162.9001720075063,160.17482799249368,1811,0.5779718079000093
1785124800,161.5,162.5,160.5,162.5,161.5625,162.97560827611554,160.14939172388446,5579,0.8317155577692439
1785128400,162.25,162.25,161,161,161.53750000000002,162.97168095092454,160.1033190490755,1791,0.3126108146766505
1785132000,160.5,162,160,160,161.475,163.0553480629364,159.8946519370636,6896,0.03333065209086168
1785135600,160.25,160.25,160,160,161.45000000000002,163.10529453572627,159.79470546427376,1124,0.062011482336032236
1785139200,161,161,160,160,161.425,163.1505433926719,159.69945660732813,917,0.0870865936922338
1785211200,161,161,159.5,161,161.4625,163.11533846760585,159.80966153239416,15752,0.36008917112452565
1785214800,161,161,159.5,160.75,161.4875,163.08025704362132,159.8947429563787,3711,0.2684832087374652
1785218400,160.5,160.75,160,160,161.36249999999998,163.00927715554874,159.71572284445122,11207,0.08631318287083231
1785222000,160,160.75,160,160.75,161.29999999999998,162.94012194669523,159.65987805330474,3849,0.33232954076731847
1785225600,160,160.75,160,160,161.24999999999997,162.98205080758567,159.51794919241428,22482,0.13915608175999547